Date,Open,High,Low,Close,Volume
2016-08-26,171.5,173.5,170.0,171.0,6820000.0
2016-08-29,170.5,171.0,166.0,166.5,13230000.0
2016-08-30,167.0,168.5,165.5,166.0,6630000.0
2016-08-31,166.5,167.5,164.5,165.5,10040000.0
2016-09-01,165.0,166.0,164.0,164.5,5340000.0
2016-09-02,165.0,165.0,163.5,164.0,6050000.0
2016-09-05,165.5,167.0,160.5,163.0,11140000.0
2016-09-06,162.0,163.5,162.0,162.5,7610000.0
2016-09-07,163.0,164.0,160.0,160.0,7830000.0
2016-09-08,160.0,161.0,156.0,158.0,16850000.0
2016-09-09,158.5,159.0,155.5,156.5,8510000.0
2016-09-12,154.0,156.0,153.0,153.0,9520000.0
2016-09-13,155.0,158.0,155.0,158.0,7270000.0
2016-09-14,157.5,159.0,156.5,158.0,5800000.0
2016-09-15,158.0,162.0,157.5,160.5,8350000.0
2016-09-16,162.0,165.5,162.0,165.0,13780000.0
2016-09-19,166.0,168.0,165.0,166.0,11110000.0
2016-09-20,166.0,166.0,162.0,163.0,8540000.0
2016-09-21,163.5,165.0,162.0,163.0,8470000.0
2016-09-22,165.0,165.5,163.0,163.0,8690000.0
2016-09-23,163.5,163.5,161.0,162.5,6890000.0
2016-09-26,161.0,162.5,160.5,161.5,5510000.0
2016-09-27,162.5,163.5,161.5,162.0,4750000.0
2016-09-28,162.5,163.0,160.0,160.0,5750000.0
2016-09-29,161.5,162.5,160.5,162.0,5340000.0
2016-09-30,161.5,161.5,160.0,160.0,4220000.0
2016-10-03,160.5,161.5,160.5,161.0,2310000.0
2016-10-04,161.0,163.0,161.0,163.0,4440000.0
2016-10-05,164.0,164.0,162.0,163.5,5080000.0
2016-10-06,163.5,163.5,161.0,161.5,6290000.0
2016-10-07,161.5,162.0,159.5,160.0,5750000.0
2016-10-10,155.0,158.0,155.0,156.0,12180000.0
2016-10-11,156.0,156.5,152.5,153.0,12670000.0
2016-10-12,152.0,153.0,141.0,150.0,23560000.0
2016-10-13,147.0,151.0,144.0,150.5,20200000.0
2016-10-14,158.0,158.5,155.0,157.0,14130000.0
2016-10-17,156.0,158.0,155.0,157.0,6270000.0
2016-10-18,156.5,157.0,155.0,155.5,6010000.0
2016-10-19,155.0,157.0,154.0,156.0,6710000.0
2016-10-20,156.5,157.0,156.0,156.5,5500000.0
2016-10-21,156.5,156.5,155.5,156.5,4270000.0
2016-10-25,156.5,158.0,156.0,156.5,5270000.0
2016-10-26,157.0,157.0,156.0,156.5,2120000.0
2016-10-27,156.0,157.0,155.5,156.0,3040000.0
2016-10-28,156.0,156.5,155.0,155.0,3560000.0
2016-10-31,154.5,155.0,153.0,153.5,4480000.0
2016-11-01,154.0,157.0,153.5,154.0,5260000.0
2016-11-02,154.5,155.5,154.0,154.0,1730000.0
2016-11-03,154.0,155.5,153.5,153.5,3330000.0
2016-11-04,153.0,154.5,152.0,153.0,5140000.0
2016-11-07,154.0,154.0,151.0,151.0,10210000.0
2016-11-08,152.0,154.5,151.5,153.0,9030000.0
2016-11-09,151.5,153.5,150.5,152.5,11010000.0
2016-11-10,153.0,153.5,150.5,150.5,9310000.0
2016-11-11,150.0,150.0,148.5,149.0,9500000.0
2016-11-14,148.0,148.5,146.0,146.0,10090000.0
2016-11-15,146.5,147.5,146.0,146.5,6680000.0
2016-11-16,147.0,147.5,143.5,144.0,11700000.0
2016-11-17,144.0,145.0,143.5,143.5,6040000.0
2016-11-18,143.5,144.5,143.0,143.5,6570000.0
2016-11-21,143.5,145.0,143.5,143.5,5120000.0
2016-11-22,144.0,144.0,142.0,142.0,7980000.0
2016-11-23,142.0,144.0,141.0,144.0,9740000.0
2016-11-24,144.0,146.0,143.0,143.5,5020000.0
2016-11-25,143.5,145.0,143.5,144.5,4150000.0
2016-11-28,145.0,145.5,144.5,144.5,2820000.0
2016-11-29,145.0,147.0,145.0,145.0,7920000.0
2016-11-30,145.0,145.5,144.0,144.5,6880000.0
2016-12-01,144.5,145.0,142.5,143.0,6520000.0
2016-12-02,142.5,143.5,141.5,142.0,4940000.0
2016-12-06,142.5,144.0,142.0,144.0,2720000.0
2016-12-07,144.5,146.0,143.5,145.5,5500000.0
2016-12-08,146.5,148.5,146.0,147.0,9190000.0
2016-12-09,148.5,148.5,147.0,147.0,3450000.0
2016-12-13,147.0,148.0,145.0,147.5,6090000.0
2016-12-14,147.5,147.5,146.5,146.5,2750000.0
2016-12-15,146.0,148.0,145.5,147.5,3720000.0
2016-12-16,147.0,147.5,146.5,146.5,3380000.0
2016-12-19,146.0,147.5,145.5,146.5,1960000.0
2016-12-20,146.5,147.0,145.0,145.0,3150000.0
2016-12-21,146.0,146.0,145.0,145.0,1870000.0
2016-12-22,145.5,145.5,144.5,145.0,2350000.0
2016-12-23,145.0,145.5,144.0,144.5,3360000.0
2016-12-26,145.0,145.5,144.5,145.0,2070000.0
2016-12-27,145.5,145.5,144.0,144.0,2080000.0
2016-12-28,144.5,145.0,144.0,144.5,2410000.0
2016-12-29,145.0,147.5,144.5,147.0,5940000.0
2016-12-30,147.0,148.0,147.0,147.0,3420000.0
2017-01-04,147.0,150.0,147.0,149.5,7240000.0
2017-01-05,150.5,154.0,150.0,153.5,15750000.0
2017-01-06,154.0,154.0,152.5,152.5,6740000.0
2017-01-09,153.0,153.0,150.5,151.0,5730000.0
2017-01-10,151.0,153.5,151.0,153.0,4840000.0
2017-01-11,153.5,156.5,153.0,155.0,12040000.0
2017-01-12,155.5,156.0,153.5,154.0,7290000.0
2017-01-13,154.5,155.5,153.0,155.0,4880000.0
2017-01-16,154.5,156.5,154.0,155.5,4750000.0
2017-01-17,155.0,156.5,154.5,156.5,5450000.0
2017-01-18,156.5,157.0,155.0,155.0,4460000.0
2017-01-19,155.0,156.0,154.5,155.0,3780000.0
2017-01-20,155.0,156.5,154.5,155.5,3760000.0
2017-01-23,155.5,156.5,155.0,155.0,1850000.0
2017-01-24,155.5,156.0,155.0,155.0,5030000.0
2017-01-25,155.5,162.0,155.0,161.5,17180000.0
2017-01-26,163.5,164.0,161.5,162.5,9660000.0
2017-01-27,162.0,164.5,161.0,163.0,7120000.0
2017-01-30,162.0,163.0,162.0,162.0,3390000.0
2017-01-31,161.0,161.0,158.5,159.0,8640000.0
2017-02-01,158.0,161.0,157.0,160.5,7200000.0
2017-02-02,160.5,161.5,160.0,160.5,2840000.0
2017-02-03,160.0,160.5,159.0,160.5,4850000.0
2017-02-06,160.5,162.0,158.5,161.5,9700000.0
2017-02-07,161.5,164.5,161.0,163.5,11260000.0
2017-02-08,164.0,171.0,163.5,170.5,28110000.0
2017-02-09,169.5,171.5,169.5,170.0,11460000.0
2017-02-10,170.5,171.0,168.5,169.0,13560000.0
2017-02-14,170.0,170.5,169.0,169.5,18110000.0
2017-02-15,168.5,170.5,168.0,169.0,19780000.0
2017-02-16,168.5,170.5,168.5,169.5,7250000.0
2017-02-17,170.5,174.0,170.5,171.5,14110000.0
2017-02-20,172.0,172.5,170.0,170.0,5760000.0
2017-02-21,170.0,170.5,168.0,168.0,6090000.0
2017-02-22,168.0,169.5,166.5,169.5,5840000.0
2017-02-23,168.5,170.5,168.0,169.0,6660000.0
2017-02-24,169.0,170.5,169.0,170.5,4160000.0
2017-02-27,169.0,170.5,169.0,169.0,6310000.0
2017-02-28,169.0,170.0,167.0,167.0,6190000.0
2017-03-01,167.5,170.5,167.0,170.0,5970000.0
2017-03-02,170.0,171.0,169.5,169.5,8770000.0
2017-03-03,170.0,171.0,169.5,169.5,5420000.0
2017-03-06,168.5,170.0,168.0,169.5,6450000.0
2017-03-07,169.0,171.5,168.5,169.5,7020000.0
2017-03-08,168.5,170.5,168.5,169.5,5640000.0
2017-03-09,170.0,171.0,168.5,169.0,8670000.0
2017-03-10,169.0,169.5,167.5,169.5,5650000.0
2017-03-13,170.0,170.5,169.5,170.5,5060000.0
2017-03-14,170.5,171.0,169.5,170.0,3290000.0
2017-03-15,170.0,171.0,169.5,171.0,5510000.0
2017-03-16,172.0,176.0,171.5,175.0,15800000.0
2017-03-17,175.5,176.5,174.5,176.0,9360000.0
2017-03-20,176.0,179.5,176.0,177.0,7830000.0
2017-03-21,177.5,178.5,177.0,177.0,3690000.0
2017-03-22,176.0,177.0,175.5,176.5,3740000.0
2017-03-23,177.5,178.0,176.5,176.5,6400000.0
2017-03-24,176.5,179.5,176.5,178.5,9180000.0
2017-03-27,179.5,179.5,178.0,178.0,3810000.0
2017-03-28,178.5,180.5,178.5,180.5,8550000.0
2017-03-29,180.0,181.0,178.5,179.0,4520000.0
2017-03-30,179.0,180.5,178.0,179.5,8580000.0
2017-03-31,179.5,180.0,178.0,178.0,3170000.0
2017-04-03,178.5,179.0,175.5,176.0,5460000.0
2017-04-04,175.0,175.5,173.5,174.0,8280000.0
2017-04-05,169.0,171.0,168.5,171.0,6940000.0
2017-04-07,171.5,175.0,171.0,174.5,6640000.0
2017-04-10,173.0,174.5,173.0,173.5,3500000.0
2017-04-11,173.5,175.5,173.5,174.0,2730000.0
2017-04-12,174.5,177.0,174.0,176.0,7200000.0
2017-04-17,175.5,175.5,174.0,175.0,2420000.0
2017-04-18,175.5,176.0,173.5,173.5,2620000.0
2017-04-19,173.5,173.5,172.0,172.0,3860000.0
2017-04-20,172.0,176.0,172.0,173.5,8650000.0
2017-04-21,174.5,175.5,174.0,174.0,6230000.0
2017-04-24,173.0,174.5,173.0,174.5,4000000.0
2017-04-25,175.0,175.5,173.0,175.5,3830000.0
2017-04-26,175.5,175.5,172.0,175.5,6260000.0
2017-04-27,174.5,175.0,173.0,175.0,5530000.0
2017-04-28,175.0,175.5,173.5,175.0,5930000.0
2017-05-02,175.5,176.0,174.5,175.5,3760000.0
2017-05-03,175.0,177.0,175.0,177.0,7150000.0
2017-05-04,177.0,178.0,176.0,177.5,3290000.0
2017-05-05,177.5,178.5,177.0,177.0,3320000.0
2017-05-08,177.5,179.5,177.0,179.0,4120000.0
2017-05-09,179.0,179.5,178.0,179.5,3090000.0
2017-05-11,179.0,182.5,178.0,180.5,10680000.0
2017-05-12,181.0,181.5,178.0,179.5,6240000.0
2017-05-15,178.5,179.5,177.5,179.5,3400000.0
2017-05-16,178.5,181.0,178.5,180.5,5430000.0
2017-05-17,180.5,181.0,179.0,180.0,5310000.0
2017-05-18,179.0,180.0,178.5,179.5,4290000.0
2017-05-19,179.5,180.0,179.0,179.5,4150000.0
2017-05-22,178.0,178.5,177.0,178.5,5310000.0
2017-05-23,178.0,179.0,177.5,177.5,3990000.0
2017-05-24,177.5,179.0,177.0,178.0,8100000.0
2017-05-25,178.0,178.5,177.0,177.5,3830000.0
2017-05-26,177.5,178.0,177.0,178.0,3970000.0
2017-05-29,177.5,178.5,177.5,178.0,3060000.0
2017-05-30,178.0,178.0,177.0,177.0,2770000.0
2017-05-31,177.5,178.0,173.0,173.0,14730000.0
2017-06-01,173.5,174.0,172.0,173.5,4860000.0
2017-06-02,173.5,175.0,173.0,174.5,5940000.0
2017-06-05,174.0,174.5,170.0,171.0,17780000.0
2017-06-06,171.0,173.5,169.5,172.5,12260000.0
2017-06-07,172.5,174.0,172.0,172.5,3900000.0
2017-06-08,173.0,173.5,171.5,173.0,7070000.0
2017-06-09,174.0,174.5,173.0,173.5,6490000.0
2017-06-12,174.0,174.0,171.5,172.5,2360000.0
2017-06-13,172.0,173.0,172.0,173.0,4710000.0
2017-06-14,173.0,174.5,172.5,174.5,3260000.0
2017-06-15,173.5,174.5,173.5,173.5,2160000.0
2017-06-16,173.5,174.0,172.5,173.5,4320000.0
2017-06-19,174.0,175.5,173.5,175.5,3660000.0
2017-06-20,175.5,176.0,175.0,175.5,1960000.0
2017-06-21,174.5,177.5,174.5,177.5,7940000.0
2017-06-22,178.0,179.5,178.0,179.0,8480000.0
2017-06-23,179.5,180.5,179.0,179.5,5070000.0
2017-06-26,179.5,180.0,178.0,178.5,1980000.0
2017-06-27,178.5,179.0,178.0,178.5,1960000.0
2017-06-28,178.5,179.0,176.0,177.0,3640000.0
2017-06-29,177.5,178.0,176.0,176.0,3700000.0
2017-06-30,176.5,179.0,176.5,177.5,4920000.0
2017-07-03,177.5,180.0,177.5,180.0,4410000.0
2017-07-04,179.5,180.0,177.0,178.0,3980000.0
2017-07-05,178.0,179.0,177.5,179.0,1810000.0
2017-07-06,179.0,180.5,179.0,179.5,6890000.0
2017-07-07,179.5,180.0,178.0,180.0,3910000.0
2017-07-11,180.0,183.5,179.5,183.5,8290000.0
2017-07-12,184.5,188.0,183.5,187.5,12840000.0
2017-07-13,189.5,190.5,186.5,187.0,8890000.0
2017-07-14,188.0,189.5,188.0,189.5,7400000.0
2017-07-17,189.5,190.0,187.0,187.5,2900000.0
2017-07-18,187.5,188.0,184.5,185.5,9090000.0
2017-07-19,186.0,189.0,185.5,187.5,5190000.0
2017-07-20,187.5,188.0,186.0,187.0,5040000.0
2017-07-21,186.0,186.5,184.0,185.0,5320000.0
2017-07-24,185.5,189.0,185.0,188.5,6570000.0
2017-07-25,189.0,191.0,188.0,191.0,9740000.0
2017-07-26,190.5,191.0,187.5,188.5,6930000.0
2017-07-27,188.5,188.5,186.5,188.0,4630000.0
2017-07-31,187.0,187.0,183.0,185.5,19660000.0
2017-08-01,185.0,186.5,184.5,185.5,6500000.0
2017-08-02,186.0,186.0,184.0,184.5,7630000.0
2017-08-03,185.0,188.5,185.0,188.0,9160000.0
2017-08-04,188.5,189.5,187.0,188.0,5250000.0
2017-08-07,184.0,184.5,182.5,182.5,5790000.0
2017-08-08,183.5,184.5,183.0,184.0,2950000.0
2017-08-09,184.5,184.5,183.0,184.0,2130000.0
2017-08-10,184.0,184.5,182.5,182.5,2430000.0
2017-08-11,182.0,182.5,178.0,178.5,7920000.0
2017-08-15,179.0,180.0,178.0,178.5,2910000.0
2017-08-16,178.5,180.5,177.0,180.0,4840000.0
2017-08-17,180.5,180.5,179.5,180.0,2030000.0
2017-08-18,180.0,180.5,179.0,180.0,3700000.0
2017-08-21,180.0,182.0,179.5,181.0,2990000.0
2017-08-22,181.5,181.5,179.0,181.5,3460000.0
2017-08-23,180.5,181.5,180.0,180.0,3140000.0
2017-08-24,180.5,180.5,179.5,180.0,2000000.0
2017-08-25,180.0,185.0,179.5,182.5,7720000.0
2017-08-28,183.5,185.0,183.0,185.0,5970000.0
2017-08-29,186.0,189.5,185.0,188.0,15210000.0
2017-08-30,188.5,190.0,187.5,188.0,6120000.0
2017-08-31,188.0,188.5,186.0,187.5,5870000.0
2017-09-01,188.5,191.0,188.0,190.5,6570000.0
2017-09-04,190.5,192.0,189.5,192.0,4820000.0
2017-09-05,191.5,191.5,189.0,191.0,5340000.0
2017-09-06,189.5,190.5,189.0,190.0,3760000.0
2017-09-07,190.0,191.0,189.0,190.0,6320000.0
2017-09-08,191.5,194.5,191.0,192.0,17800000.0
2017-09-11,192.0,192.0,190.0,191.0,5130000.0
2017-09-12,191.5,192.5,190.0,191.0,5670000.0
2017-09-13,192.0,193.5,191.0,191.0,7800000.0
2017-09-14,191.5,195.0,191.5,195.0,7960000.0
2017-09-15,194.5,198.0,193.5,194.5,10630000.0
2017-09-18,194.5,196.5,193.5,194.0,8980000.0
2017-09-19,194.5,195.0,193.0,193.0,6020000.0
2017-09-20,193.0,193.0,190.5,190.5,5670000.0
2017-09-21,191.0,195.0,191.0,192.5,7130000.0
2017-09-22,192.0,194.0,191.5,191.5,5110000.0
2017-09-25,191.5,194.0,191.5,194.0,3030000.0
2017-09-26,194.5,194.5,192.5,193.0,4440000.0
2017-09-27,193.0,194.5,192.5,193.0,5000000.0
2017-09-28,193.5,195.0,193.0,193.5,6500000.0
2017-09-29,193.0,193.5,190.0,191.0,7670000.0
2017-10-02,191.0,192.5,190.0,191.0,8040000.0
2017-10-03,192.0,192.5,190.0,191.0,5770000.0
2017-10-04,191.5,192.0,189.5,190.0,5850000.0
2017-10-05,190.0,192.5,189.5,192.0,5380000.0
2017-10-06,192.0,193.0,191.5,191.5,4550000.0
2017-10-09,191.0,192.0,191.0,191.0,3010000.0
2017-10-10,191.5,194.5,191.5,194.0,6670000.0
2017-10-11,194.5,195.0,193.0,194.0,4620000.0
2017-10-12,194.0,195.0,193.5,195.0,4700000.0
2017-10-16,195.5,198.0,195.0,197.0,8450000.0
2017-10-17,198.0,199.5,197.0,199.5,9500000.0
2017-10-18,199.5,201.0,195.0,195.0,9410000.0
2017-10-19,194.5,195.5,192.0,192.5,6340000.0
2017-10-20,192.5,195.5,192.5,193.0,9440000.0
2017-10-24,193.5,195.5,193.5,195.0,4040000.0
2017-10-25,196.0,197.5,195.0,195.5,5530000.0
2017-10-27,196.0,197.5,193.0,193.5,5800000.0
2017-10-30,193.5,194.5,192.5,194.0,7410000.0
2017-10-31,194.5,195.0,193.5,194.5,5170000.0
2017-11-01,195.0,195.5,193.0,193.0,5100000.0
2017-11-02,193.0,193.0,185.5,187.5,13240000.0
2017-11-03,189.0,189.0,184.0,184.5,13520000.0
2017-11-06,185.0,187.5,183.5,186.5,10990000.0
2017-11-07,187.0,188.5,186.5,186.5,5380000.0
2017-11-08,187.0,187.5,184.5,184.5,7650000.0
2017-11-09,184.5,185.0,180.5,180.5,15130000.0
2017-11-10,180.0,182.0,180.0,180.5,9400000.0
2017-11-13,180.5,181.0,178.0,178.0,9470000.0
2017-11-14,179.0,181.5,178.5,180.5,5610000.0
2017-11-15,180.5,182.0,180.0,181.0,4440000.0
2017-11-16,182.0,183.0,181.0,182.0,3910000.0
2017-11-17,183.0,183.5,181.5,182.5,4090000.0
2017-11-20,183.0,183.0,179.5,179.5,3980000.0
2017-11-21,180.0,181.0,179.0,179.0,6050000.0
2017-11-22,180.0,180.0,178.5,178.5,3830000.0
2017-11-23,179.0,179.0,175.0,175.0,10060000.0
2017-11-24,175.0,177.5,174.0,177.5,7830000.0
2017-11-27,177.5,178.5,177.0,178.0,3110000.0
2017-11-28,178.0,178.5,176.0,176.0,4070000.0
2017-11-29,176.5,177.5,175.5,176.0,3670000.0
2017-11-30,175.5,177.5,174.5,174.5,8960000.0
2017-12-01,175.0,176.5,174.0,175.0,5500000.0
2017-12-04,175.5,176.5,175.0,176.0,4090000.0
2017-12-06,175.0,178.0,174.5,178.0,5990000.0
2017-12-07,177.5,178.0,177.0,178.0,3700000.0
2017-12-08,178.5,179.0,177.0,177.5,4000000.0
2017-12-12,177.5,179.5,176.5,179.0,4870000.0
2017-12-13,179.5,186.0,179.0,186.0,12880000.0
2017-12-14,185.5,187.0,185.0,187.0,7160000.0
2017-12-15,186.5,187.5,184.5,185.5,6620000.0
2017-12-18,185.5,188.0,185.5,187.0,6700000.0
2017-12-19,187.0,187.5,183.0,183.5,7770000.0
2017-12-20,184.0,186.0,184.0,184.5,4010000.0
2017-12-21,185.0,186.0,184.5,185.5,2190000.0
2017-12-22,186.0,186.0,185.0,186.0,1880000.0
2017-12-25,186.5,187.0,186.0,187.0,2000000.0
2017-12-26,187.0,187.0,186.0,186.5,1560000.0
2017-12-27,187.0,187.5,185.5,186.5,2970000.0
2017-12-28,188.0,191.0,188.0,189.0,15190000.0
2017-12-29,189.5,191.0,189.0,191.0,4870000.0
2018-01-03,191.5,197.5,191.0,196.5,15410000.0
2018-01-04,196.5,197.0,194.0,194.0,8360000.0
2018-01-05,195.0,197.0,194.5,195.0,10290000.0
2018-01-08,195.0,197.0,194.5,196.0,8140000.0
2018-01-09,195.5,196.0,193.0,194.5,6360000.0
2018-01-10,196.0,196.5,193.5,194.0,6950000.0
2018-01-11,194.5,194.5,190.5,192.0,10100000.0
2018-01-12,192.0,193.5,191.5,192.0,9140000.0
2018-01-15,192.0,195.5,191.5,194.5,8690000.0
2018-01-16,195.5,195.5,193.5,193.5,4060000.0
2018-01-17,193.0,193.5,192.0,192.5,6110000.0
2018-01-18,192.5,194.0,192.0,192.0,7740000.0
2018-01-19,191.0,194.0,190.5,193.0,7730000.0
2018-01-22,193.0,195.0,192.5,195.0,6250000.0
2018-01-23,195.0,197.5,195.0,196.5,10600000.0
2018-01-24,196.5,198.0,195.5,198.0,5370000.0
2018-01-25,198.0,198.5,192.5,193.0,11350000.0
2018-01-26,193.5,194.5,193.0,194.0,6130000.0
2018-01-29,195.0,195.5,193.5,194.0,4020000.0
2018-01-30,193.5,194.0,192.5,193.5,3250000.0
2018-01-31,193.0,194.5,192.5,192.5,4260000.0
2018-02-01,193.5,195.0,193.0,194.0,3890000.0
2018-02-02,194.5,195.5,193.5,194.5,4950000.0
2018-02-05,192.0,194.5,192.0,194.5,6540000.0
2018-02-06,191.5,192.5,190.5,192.0,10930000.0
2018-02-07,194.0,195.5,192.0,193.0,10780000.0
2018-02-08,193.0,194.0,192.0,192.0,3680000.0
2018-02-09,191.0,192.5,190.5,192.5,5160000.0
2018-02-12,193.5,194.0,193.0,193.5,3320000.0
2018-02-13,194.0,196.0,194.0,195.5,6600000.0
2018-02-14,196.5,196.5,195.0,195.0,3180000.0
2018-02-15,195.5,196.0,194.5,196.0,2320000.0
2018-02-16,196.5,197.0,195.0,195.0,1880000.0
2018-02-19,195.0,195.5,193.5,194.0,2920000.0
2018-02-20,194.0,194.5,193.5,193.5,1810000.0
2018-02-21,194.0,194.5,192.5,192.5,3020000.0
2018-02-22,193.0,194.5,192.0,192.5,3620000.0
2018-02-23,193.0,195.0,192.5,194.5,2640000.0
2018-02-26,195.0,196.0,194.5,196.0,4480000.0
2018-02-27,197.0,200.0,195.0,196.0,14390000.0
2018-02-28,196.0,199.5,196.0,198.0,7230000.0
2018-03-02,197.5,199.5,196.0,197.0,5790000.0
2018-03-05,197.0,198.0,194.0,196.5,6530000.0
2018-03-06,196.5,203.0,196.5,200.0,14480000.0
2018-03-07,200.0,201.0,197.5,197.5,7440000.0
2018-03-08,197.5,202.0,197.5,201.0,8080000.0
2018-03-09,203.0,206.0,202.0,204.0,10750000.0
2018-03-12,206.0,208.0,205.0,208.0,7330000.0
2018-03-13,207.0,210.0,207.0,207.0,8420000.0
2018-03-14,207.0,208.0,206.0,207.0,5380000.0
2018-03-15,206.0,209.0,203.0,207.0,7950000.0
2018-03-16,208.0,215.0,207.0,212.0,14270000.0
2018-03-19,213.0,213.0,208.0,210.0,6160000.0
2018-03-20,209.0,210.0,207.0,210.0,4090000.0
2018-03-21,212.0,215.0,209.0,210.0,8370000.0
2018-03-22,212.0,213.0,208.0,209.0,3840000.0
2018-03-23,204.0,209.0,204.0,209.0,3500000.0
2018-03-26,209.0,213.0,209.0,212.0,3240000.0
2018-03-27,213.0,213.0,206.0,206.0,10850000.0
2018-03-28,206.0,209.0,205.0,208.0,3840000.0
2018-03-29,207.0,209.0,206.0,206.0,5620000.0
2018-03-30,208.0,209.0,206.0,208.0,4150000.0
2018-04-02,208.0,209.0,207.0,209.0,3300000.0
2018-04-03,208.0,213.0,206.0,207.0,7550000.0
2018-04-04,208.0,211.0,202.0,202.0,7830000.0
2018-04-05,200.0,200.0,196.0,197.0,9000000.0
2018-04-09,197.0,201.0,197.0,201.0,5720000.0
2018-04-10,201.0,202.0,199.5,199.5,2480000.0
2018-04-11,199.0,201.0,197.5,200.0,2590000.0
2018-04-12,201.0,201.0,200.0,201.0,1560000.0
2018-04-17,202.0,205.0,201.0,204.0,5580000.0
2018-04-18,204.0,205.0,201.0,203.0,3210000.0
2018-04-19,201.0,203.0,199.0,203.0,5230000.0
2018-04-20,202.0,207.0,202.0,207.0,7640000.0
2018-04-23,206.0,206.0,204.0,204.0,4590000.0
2018-04-24,206.0,209.0,206.0,208.0,7890000.0
2018-04-25,207.0,209.0,206.0,207.0,3420000.0
2018-04-26,207.0,208.0,204.0,206.0,2580000.0
2018-04-27,207.0,209.0,205.0,209.0,5240000.0
2018-04-30,209.0,209.0,207.0,208.0,2170000.0
2018-05-02,207.0,209.0,206.0,209.0,4280000.0
2018-05-03,207.0,209.0,206.0,207.0,6840000.0
2018-05-04,207.0,208.0,206.0,206.0,2440000.0
2018-05-07,207.0,209.0,206.0,209.0,2480000.0
2018-05-08,209.0,209.0,203.0,204.0,4780000.0
2018-05-09,201.0,201.0,195.0,195.0,14610000.0
2018-05-10,193.5,197.5,193.5,194.0,8950000.0
2018-05-11,195.0,197.5,193.5,197.0,7380000.0
2018-05-14,197.5,199.5,196.0,198.5,5810000.0
2018-05-15,197.5,198.0,194.0,196.0,7070000.0
2018-05-16,194.5,195.0,190.5,191.5,8920000.0
2018-05-17,192.0,192.0,187.0,188.5,12350000.0
2018-05-18,188.5,192.5,185.5,192.0,11760000.0
2018-05-21,193.5,194.0,191.0,193.0,4070000.0
2018-05-22,193.0,195.0,193.0,194.5,5500000.0
2018-05-23,194.5,195.5,193.0,195.0,2740000.0
2018-05-24,193.5,194.5,192.0,193.5,2710000.0
2018-05-25,194.0,194.5,193.0,194.5,2870000.0
2018-05-28,194.5,195.0,193.0,193.5,1400000.0
2018-05-30,192.0,193.5,189.0,191.5,5510000.0
2018-05-31,191.0,192.5,189.0,190.5,7580000.0
2018-06-01,190.5,191.0,188.5,190.5,3810000.0
2018-06-04,189.0,195.0,189.0,194.5,3900000.0
2018-06-05,194.5,194.5,190.0,193.5,4990000.0
2018-06-06,193.0,196.0,193.0,195.5,5830000.0
2018-06-07,196.0,196.5,192.5,192.5,3040000.0
2018-06-08,193.0,195.5,192.5,193.0,3640000.0
2018-06-11,192.5,193.0,191.0,191.0,4660000.0
2018-06-12,191.5,192.5,190.5,191.0,4730000.0
2018-06-13,190.0,191.0,188.5,189.5,6700000.0
2018-06-14,188.5,189.0,186.5,189.0,7210000.0
2018-06-15,190.5,194.5,190.0,190.5,15720000.0
2018-06-18,190.0,194.5,190.0,193.0,7960000.0
2018-06-19,190.5,192.5,189.0,189.0,8200000.0
2018-06-20,189.5,192.0,188.5,191.5,6210000.0
2018-06-21,191.5,192.0,184.5,186.0,8970000.0
2018-06-22,187.5,188.5,186.0,187.5,2900000.0
2018-06-25,187.5,188.5,186.0,187.5,2860000.0
2018-06-26,187.5,188.0,185.0,186.0,3230000.0
2018-06-27,187.0,189.0,186.0,187.0,3510000.0
2018-06-28,187.5,189.0,185.5,185.5,4860000.0
2018-06-29,186.0,188.0,184.5,185.0,5440000.0
2018-07-02,186.0,191.5,185.0,191.5,5740000.0
2018-07-03,191.0,191.5,188.5,191.5,4280000.0
2018-07-04,191.0,193.5,190.5,193.5,5010000.0
2018-07-05,193.5,194.0,191.5,193.0,3040000.0
2018-07-06,194.0,196.5,192.5,196.5,6070000.0
2018-07-09,197.0,198.5,196.0,197.5,5120000.0
2018-07-10,197.5,198.0,194.5,197.0,3170000.0
2018-07-11,194.0,199.5,194.0,197.0,5060000.0
2018-07-12,197.5,198.0,196.0,197.0,1570000.0
2018-07-13,198.0,198.5,196.0,197.0,1880000.0
2018-07-16,195.0,197.5,194.5,197.5,2470000.0
2018-07-17,197.0,198.5,196.0,196.5,2380000.0
2018-07-18,196.5,197.0,195.0,197.0,1960000.0
2018-07-19,197.5,198.0,195.5,196.5,2530000.0
2018-07-20,196.5,199.5,196.5,198.0,4740000.0
2018-07-23,197.5,198.5,196.5,197.5,1600000.0
2018-07-24,199.0,199.5,196.5,197.5,4110000.0
2018-07-25,197.5,199.0,197.0,197.5,3690000.0
2018-07-26,198.0,201.0,198.0,199.5,5080000.0
2018-07-31,201.0,203.0,200.0,202.0,6000000.0
2018-08-01,204.0,206.0,202.0,204.0,5660000.0
2018-08-02,204.0,204.0,199.5,202.0,3440000.0
2018-08-03,199.0,200.0,198.5,198.5,6390000.0
2018-08-06,199.5,202.0,199.0,199.5,2660000.0
2018-08-07,199.5,201.0,198.5,199.5,2840000.0
2018-08-08,199.5,204.0,199.5,204.0,4270000.0
2018-08-09,204.0,205.0,203.0,204.0,2780000.0
2018-08-10,204.0,204.0,201.0,202.0,2240000.0
2018-08-14,201.0,201.0,198.0,200.0,6770000.0
2018-08-15,196.0,196.5,193.5,193.5,5490000.0
2018-08-16,193.0,195.0,193.0,194.5,4920000.0
2018-08-17,196.0,197.0,195.0,197.0,4070000.0
2018-08-20,197.5,201.0,197.5,200.0,7810000.0
2018-08-21,200.0,201.0,197.0,198.0,5090000.0
2018-08-22,198.5,201.0,197.0,198.0,7410000.0
2018-08-23,199.0,199.5,198.0,199.5,3330000.0
2018-08-24,198.5,199.5,198.0,199.0,2450000.0
2018-08-27,199.5,202.0,199.0,200.0,3440000.0
2018-08-28,202.0,202.0,200.0,202.0,2660000.0
2018-08-29,203.0,204.0,201.0,203.0,2880000.0
2018-08-30,203.0,204.0,200.0,201.0,2120000.0
2018-08-31,200.0,203.0,200.0,202.0,2460000.0
2018-09-03,201.0,203.0,201.0,201.0,1000000.0
2018-09-04,201.0,203.0,200.0,201.0,2410000.0
2018-09-05,200.0,201.0,197.5,198.5,4280000.0
2018-09-06,198.5,199.5,195.0,198.0,6010000.0
2018-09-07,196.5,197.0,195.5,196.5,2470000.0
2018-09-10,195.5,199.0,195.5,199.0,2080000.0
2018-09-11,199.0,202.0,199.0,199.5,6380000.0
2018-09-12,198.0,201.0,198.0,200.0,3090000.0
2018-09-13,201.0,203.0,199.5,201.0,5270000.0
2018-09-14,202.0,203.0,199.5,200.0,3920000.0
2018-09-17,200.0,202.0,199.5,201.0,2070000.0
2018-09-18,201.0,204.0,201.0,204.0,4330000.0
2018-09-19,205.0,205.0,200.0,201.0,10220000.0
2018-09-20,201.0,203.0,201.0,201.0,3130000.0
2018-09-21,201.0,202.0,200.0,202.0,5830000.0
2018-09-24,201.0,202.0,199.5,200.0,3540000.0
2018-09-25,200.0,201.0,199.0,199.5,4490000.0
2018-09-26,200.0,202.0,200.0,202.0,3830000.0
2018-09-27,202.0,203.0,199.0,202.0,5630000.0
2018-09-28,202.0,203.0,201.0,201.0,2840000.0
2018-10-01,202.0,202.0,199.0,200.0,2840000.0
2018-10-02,199.0,200.0,197.5,199.5,6540000.0
2018-10-03,199.0,200.0,198.5,199.0,1950000.0
2018-10-04,198.5,199.5,198.0,199.0,3570000.0
2018-10-05,199.5,201.0,198.5,198.5,2660000.0
2018-10-08,199.5,201.0,197.0,197.0,4520000.0
2018-10-09,196.5,197.5,195.0,195.5,4430000.0
2018-10-10,197.5,198.5,197.0,198.5,2320000.0
2018-10-11,195.0,197.0,194.5,196.0,7010000.0
2018-10-12,197.5,197.5,195.5,196.0,1770000.0
2018-10-16,196.5,197.5,195.5,197.5,3300000.0
2018-10-17,198.0,198.5,196.0,196.0,1930000.0
2018-10-18,196.0,198.0,195.5,196.5,2200000.0
2018-10-19,197.0,197.5,195.5,197.0,5020000.0
2018-10-22,197.0,197.0,195.0,195.0,2320000.0
2018-10-24,194.0,195.5,190.5,191.0,5100000.0
2018-10-25,189.5,192.5,186.5,192.5,7840000.0
2018-10-26,191.5,194.0,190.0,193.0,3680000.0
2018-10-29,192.5,194.5,191.5,194.5,1940000.0
2018-10-30,194.5,194.5,192.0,192.0,2210000.0
2018-10-31,194.0,196.0,193.0,196.0,3020000.0
2018-11-01,196.0,197.5,195.0,196.5,2440000.0
2018-11-02,191.0,191.5,187.5,189.0,21540000.0
2018-11-05,188.0,189.0,184.0,184.5,14000000.0
2018-11-06,185.5,186.5,181.0,181.5,16820000.0
2018-11-07,182.0,184.0,179.5,184.0,19420000.0
2018-11-08,184.0,184.0,181.5,183.0,10440000.0
2018-11-09,182.0,183.0,180.5,182.0,5190000.0
2018-11-12,183.0,183.0,181.0,181.5,3490000.0
2018-11-13,180.5,182.5,179.5,181.5,7330000.0
2018-11-14,180.5,181.5,180.0,181.0,3760000.0
2018-11-15,181.0,181.0,177.0,177.5,12310000.0
2018-11-16,177.5,177.5,175.5,176.5,5840000.0
2018-11-19,177.0,181.0,176.5,180.5,8830000.0
2018-11-20,180.5,180.5,176.5,177.5,6330000.0
2018-11-21,176.5,178.0,176.5,177.5,8190000.0
2018-11-22,177.5,178.0,177.0,177.0,2320000.0
2018-11-23,177.0,178.5,175.0,177.5,7080000.0
2018-11-26,178.0,179.0,177.0,178.0,4830000.0
2018-11-27,178.0,178.5,176.5,178.0,4630000.0
2018-11-28,178.5,182.0,178.0,181.5,8060000.0
2018-11-29,181.0,182.0,176.0,176.5,13180000.0
2018-11-30,176.0,178.5,175.5,178.5,10690000.0
2018-12-03,180.0,180.5,179.0,179.0,5400000.0
2018-12-04,179.0,179.5,176.0,176.5,9710000.0
2018-12-06,175.5,177.0,174.0,177.0,9190000.0
2018-12-07,175.5,176.0,174.5,175.0,4190000.0
2018-12-11,174.0,175.0,172.5,173.0,6480000.0
2018-12-12,173.5,174.0,172.0,172.5,3890000.0
2018-12-13,172.5,172.5,166.5,166.5,11530000.0
2018-12-14,165.0,170.5,165.0,170.0,10660000.0
2018-12-17,171.0,171.5,169.0,171.0,5920000.0
2018-12-18,171.0,171.0,167.0,168.0,5310000.0
2018-12-19,168.5,172.5,167.5,172.5,5360000.0
2018-12-20,172.0,173.5,170.5,173.5,4620000.0
2018-12-21,172.0,174.5,171.0,173.0,4760000.0
2018-12-24,171.5,173.5,171.5,172.5,1740000.0
2018-12-25,171.0,172.5,170.5,171.0,2550000.0
2018-12-26,171.0,172.5,169.5,170.5,3090000.0
2018-12-27,173.0,174.0,169.5,169.5,5430000.0
2018-12-28,169.5,172.5,169.5,172.5,2420000.0
2019-01-02,173.0,174.5,171.5,173.5,3190000.0
2019-01-03,174.0,176.0,172.5,172.5,5720000.0
2019-01-04,172.5,178.0,172.5,177.0,7430000.0
2019-01-07,178.0,178.0,176.5,177.0,3660000.0
2019-01-08,177.0,178.0,176.5,177.5,2420000.0
2019-01-09,178.0,179.0,177.0,178.5,4440000.0
2019-01-10,178.5,178.5,172.5,174.0,8210000.0
2019-01-11,173.5,174.0,167.5,169.0,19110000.0
2019-01-14,167.0,171.0,166.0,169.0,7810000.0
2019-01-15,170.0,172.5,169.5,172.0,5210000.0
2019-01-16,172.5,172.5,169.0,171.5,7530000.0
2019-01-17,170.0,171.5,169.5,171.0,4140000.0
2019-01-18,170.5,172.5,170.0,172.0,3980000.0
2019-01-21,172.5,173.5,171.5,172.0,2810000.0
2019-01-22,170.5,171.5,169.5,171.5,4450000.0
2019-01-23,171.0,175.5,171.0,175.0,10410000.0
2019-01-24,174.5,177.0,173.5,177.0,8870000.0
2019-01-25,177.5,177.5,175.0,177.0,3420000.0
2019-01-28,177.5,179.0,176.0,177.5,4650000.0
2019-01-29,177.0,179.5,177.0,179.5,7940000.0
2019-01-30,179.5,180.5,178.0,179.0,6640000.0
2019-01-31,180.0,180.5,178.5,178.5,5030000.0
2019-02-01,179.5,180.5,179.0,180.0,3860000.0
2019-02-04,180.0,180.5,178.5,180.0,1940000.0
2019-02-05,179.5,180.5,178.5,179.5,2050000.0
2019-02-06,180.0,180.0,179.0,180.0,2950000.0
2019-02-07,180.0,185.0,179.0,183.5,16660000.0
2019-02-08,184.0,188.0,182.0,188.0,16230000.0
2019-02-11,183.5,184.0,181.0,181.0,11950000.0
2019-02-12,180.5,183.5,180.5,181.0,6320000.0
2019-02-13,182.0,182.5,181.0,182.0,4220000.0
2019-02-14,183.5,185.5,182.5,184.5,9030000.0
2019-02-15,184.0,184.0,182.5,183.5,3520000.0
2019-02-18,184.5,184.5,182.5,183.5,3240000.0
2019-02-20,179.0,179.5,177.0,177.5,9730000.0
2019-02-21,177.5,180.0,177.0,178.0,6350000.0
2019-02-22,178.0,178.5,177.0,178.5,6770000.0
2019-02-25,179.5,181.0,179.0,179.5,7660000.0
2019-02-26,179.5,184.0,178.5,183.5,10750000.0
2019-02-27,183.5,184.0,182.0,182.5,4960000.0
2019-02-28,183.0,185.0,181.5,182.0,6910000.0
2019-03-01,183.0,183.5,182.0,182.5,4810000.0
2019-03-04,183.0,183.0,179.0,181.0,6020000.0
2019-03-05,180.5,182.0,180.5,181.0,2790000.0
2019-03-06,181.0,182.5,178.5,179.0,5250000.0
2019-03-07,178.5,181.0,178.5,180.0,4060000.0
2019-03-08,179.5,180.0,178.5,179.5,2100000.0
2019-03-11,180.0,181.0,179.0,179.0,1950000.0
2019-03-12,179.5,180.0,178.5,179.5,3080000.0
2019-03-13,179.0,181.0,178.5,181.0,4310000.0
2019-03-14,181.5,182.0,180.5,180.5,2280000.0
2019-03-15,181.0,181.0,179.0,180.5,3890000.0
2019-03-18,181.0,181.0,179.5,180.5,2020000.0
2019-03-19,181.0,182.5,180.5,182.0,2870000.0
2019-03-20,182.0,184.0,181.5,182.5,5560000.0
2019-03-21,183.0,184.5,182.5,184.5,4370000.0
2019-03-22,184.5,186.0,183.0,186.0,6100000.0
2019-03-25,182.0,183.5,180.0,181.5,5850000.0
2019-03-26,181.0,183.0,180.5,182.0,3390000.0
2019-03-27,182.0,184.5,182.0,182.5,3810000.0
2019-03-28,182.0,185.0,181.5,184.5,4390000.0
2019-03-29,185.0,185.5,184.0,184.0,3380000.0
2019-04-01,185.0,186.0,184.5,185.0,3060000.0
2019-04-02,185.5,186.5,185.0,186.5,3610000.0
2019-04-03,187.0,187.0,184.5,186.5,2120000.0
2019-04-04,186.5,186.5,184.0,185.5,3060000.0
2019-04-05,185.5,187.0,185.0,186.0,2740000.0
2019-04-09,186.0,188.0,186.0,187.5,4900000.0
2019-04-10,188.0,191.5,188.0,191.0,7230000.0
2019-04-11,190.0,192.0,189.5,190.5,6160000.0
2019-04-12,190.0,191.5,189.5,191.0,2730000.0
2019-04-17,192.0,193.5,191.0,192.5,4310000.0
2019-04-18,193.0,193.0,190.0,191.5,3950000.0
2019-04-19,191.5,192.5,190.0,190.0,1760000.0
2019-04-22,190.5,191.0,188.0,188.0,3290000.0
2019-04-23,188.0,190.5,188.0,189.0,3400000.0
2019-04-24,188.5,192.0,188.0,192.0,6740000.0
2019-04-25,190.5,192.0,190.0,190.0,2820000.0
2019-04-26,190.0,190.0,187.0,188.5,7490000.0
2019-04-29,188.0,190.0,188.0,189.0,2940000.0
2019-04-30,189.5,191.5,189.0,190.0,3540000.0
2019-05-02,190.0,192.0,190.0,190.5,2430000.0
2019-05-03,189.5,191.0,189.5,190.0,1860000.0
2019-05-07,189.0,190.5,188.0,188.5,5680000.0
2019-05-08,188.0,190.5,187.5,189.0,4150000.0
2019-05-09,190.0,191.0,188.5,189.0,2540000.0
2019-05-10,191.0,191.0,188.0,190.0,5290000.0
2019-05-13,189.0,189.5,188.0,188.5,2130000.0
2019-05-14,188.5,190.0,187.5,187.5,5500000.0
2019-05-15,187.5,188.5,186.5,186.5,2800000.0
2019-05-16,186.5,188.0,185.5,186.5,6210000.0
2019-05-17,187.5,187.5,185.5,186.0,3310000.0
2019-05-21,189.0,191.0,189.0,190.0,6960000.0
2019-05-22,191.0,191.0,188.5,190.0,3920000.0
2019-05-23,189.0,191.0,188.5,189.0,3970000.0
2019-05-24,189.0,191.0,187.0,190.5,5010000.0
2019-05-27,191.0,191.0,189.0,189.5,2670000.0
2019-05-28,189.5,192.0,188.5,192.0,18490000.0
2019-05-29,191.5,192.0,190.0,192.0,3640000.0
2019-05-30,192.0,192.5,191.0,192.0,3010000.0
2019-05-31,192.5,193.5,191.0,193.0,5630000.0
2019-06-04,194.5,196.5,193.5,193.5,8970000.0
2019-06-05,194.5,196.0,194.0,195.0,4790000.0
2019-06-06,194.0,194.5,193.0,194.5,3460000.0
2019-06-07,195.0,195.0,193.5,194.5,1820000.0
2019-06-10,196.0,196.0,194.5,195.5,2920000.0
2019-06-11,195.5,196.5,195.0,196.0,3900000.0
2019-06-12,196.0,197.5,195.0,197.5,3750000.0
2019-06-13,197.5,199.0,196.5,199.0,6500000.0
2019-06-14,198.0,198.5,196.5,198.5,3540000.0
2019-06-17,198.0,199.0,196.5,196.5,2660000.0
2019-06-18,196.0,199.5,196.0,199.0,4480000.0
2019-06-19,200.0,203.0,200.0,203.0,5910000.0
2019-06-20,203.0,205.0,201.0,204.0,7580000.0
2019-06-21,205.0,206.0,203.0,206.0,6070000.0
2019-06-24,206.0,207.0,204.0,205.0,2190000.0
2019-06-25,203.0,207.0,201.0,207.0,6290000.0
2019-06-26,205.0,208.0,205.0,206.0,6280000.0
2019-06-27,208.0,214.0,207.0,214.0,13300000.0
2019-06-28,215.0,218.0,213.0,218.0,10030000.0
2019-07-01,219.0,220.0,213.0,213.0,8500000.0
2019-07-02,213.0,214.0,211.0,212.0,5420000.0
2019-07-03,211.0,214.0,211.0,213.0,4490000.0
2019-07-04,213.0,215.0,210.0,212.0,5610000.0
2019-07-05,211.0,212.0,207.0,211.0,7220000.0
2019-07-08,210.0,214.0,208.0,212.0,6420000.0
2019-07-09,211.0,213.0,211.0,212.0,4560000.0
2019-07-10,213.0,217.0,212.0,217.0,7440000.0
2019-07-11,217.0,218.0,214.0,216.0,4530000.0
2019-07-12,216.0,217.0,211.0,212.0,6590000.0
2019-07-15,211.0,217.0,210.0,215.0,3800000.0
2019-07-17,213.0,218.0,213.0,216.0,4960000.0
2019-07-18,215.0,217.0,214.0,215.0,4310000.0
2019-07-19,217.0,218.0,215.0,218.0,3770000.0
2019-07-22,218.0,220.0,216.0,216.0,8590000.0
2019-07-23,215.0,217.0,211.0,213.0,6050000.0
2019-07-24,213.0,216.0,211.0,216.0,4140000.0
2019-07-25,216.0,216.0,213.0,215.0,2180000.0
2019-07-26,214.0,215.0,212.0,213.0,3070000.0
2019-07-30,214.0,216.0,213.0,214.0,3420000.0
2019-07-31,214.0,216.0,213.0,213.0,3790000.0
2019-08-01,212.0,214.0,210.0,212.0,4900000.0
2019-08-02,210.0,212.0,209.0,212.0,6550000.0
2019-08-05,210.0,211.0,205.0,206.0,6840000.0
2019-08-06,205.0,216.0,205.0,215.0,11670000.0
2019-08-07,217.0,220.0,215.0,220.0,11000000.0
2019-08-08,220.0,222.0,217.0,219.0,7410000.0
2019-08-09,220.0,222.0,218.0,221.0,8540000.0
2019-08-13,220.0,226.0,220.0,223.0,10460000.0
2019-08-14,225.0,226.0,220.0,224.0,6980000.0
2019-08-15,219.0,219.0,215.0,216.0,11490000.0
2019-08-16,214.0,219.0,212.0,218.0,5960000.0
2019-08-19,218.0,220.0,217.0,218.0,5300000.0
2019-08-20,223.0,224.0,220.0,224.0,6790000.0
2019-08-21,225.0,229.0,221.0,228.0,8630000.0
2019-08-22,225.0,230.0,224.0,230.0,8340000.0
2019-08-23,231.0,233.0,229.0,232.0,5860000.0
2019-08-26,227.0,232.0,225.0,232.0,6340000.0
2019-08-27,232.0,232.0,226.0,229.0,9500000.0
2019-08-28,231.0,232.0,228.0,230.0,4050000.0
2019-08-29,230.0,231.0,227.0,231.0,4100000.0
2019-08-30,231.0,232.0,228.0,232.0,4900000.0
2019-09-02,230.0,232.0,228.0,228.0,2910000.0
2019-09-03,231.0,235.0,230.0,230.0,6990000.0
2019-09-04,233.0,236.0,232.0,234.0,7330000.0
2019-09-05,237.0,238.0,234.0,237.0,6500000.0
2019-09-06,238.0,238.0,235.0,235.0,4320000.0
2019-09-09,236.0,238.0,234.0,235.0,3090000.0
2019-09-10,235.0,236.0,227.0,228.0,7840000.0
2019-09-11,228.0,230.0,224.0,229.0,9750000.0
2019-09-12,229.0,229.0,220.0,221.0,12390000.0
2019-09-13,222.0,226.0,222.0,223.0,7320000.0
2019-09-16,222.0,224.0,221.0,223.0,7210000.0
2019-09-17,223.0,228.0,222.0,225.0,13220000.0
2019-09-18,227.0,229.0,226.0,229.0,9220000.0
2019-09-19,230.0,233.0,223.0,224.0,10700000.0
2019-09-20,224.0,226.0,222.0,222.0,7500000.0
2019-09-23,221.0,221.0,211.0,211.0,13880000.0
2019-09-24,212.0,218.0,212.0,218.0,10150000.0
2019-09-25,219.0,219.0,215.0,215.0,5790000.0
2019-09-26,219.0,221.0,218.0,220.0,6960000.0
2019-09-27,221.0,222.0,217.0,221.0,6610000.0
2019-09-30,222.0,222.0,219.0,220.0,3540000.0
2019-10-01,222.0,224.0,218.0,219.0,7210000.0
2019-10-02,217.0,221.0,217.0,220.0,5960000.0
2019-10-03,221.0,222.0,219.0,221.0,3240000.0
2019-10-04,222.0,225.0,220.0,224.0,7840000.0
2019-10-07,227.0,228.0,221.0,222.0,5690000.0
2019-10-08,224.0,226.0,223.0,226.0,3650000.0
2019-10-09,225.0,228.0,224.0,228.0,3580000.0
2019-10-10,229.0,229.0,225.0,226.0,2840000.0
2019-10-11,228.0,230.0,226.0,229.0,4060000.0
2019-10-15,230.0,235.0,229.0,234.0,5550000.0
2019-10-16,235.0,237.0,232.0,236.0,5110000.0
2019-10-17,238.0,238.0,228.0,230.0,10310000.0
2019-10-18,230.0,232.0,229.0,231.0,4180000.0
2019-10-21,231.0,233.0,229.0,233.0,3110000.0
2019-10-22,232.0,233.0,229.0,231.0,3600000.0
2019-10-24,233.0,235.0,231.0,233.0,5180000.0
2019-10-25,233.0,234.0,230.0,232.0,6380000.0
2019-10-28,232.0,235.0,232.0,232.0,3980000.0
2019-10-29,232.0,238.0,232.0,238.0,8080000.0
2019-10-30,239.0,239.0,234.0,238.0,5120000.0
2019-10-31,239.0,240.0,227.0,229.0,11910000.0
2019-11-01,230.0,231.0,224.0,225.0,10020000.0
2019-11-04,227.0,232.0,225.0,231.0,6470000.0
2019-11-05,233.0,234.0,230.0,232.0,5310000.0
2019-11-06,232.0,232.0,226.0,229.0,7830000.0
2019-11-07,230.0,234.0,229.0,232.0,7770000.0
2019-11-08,232.0,232.0,229.0,230.0,4280000.0
2019-11-11,229.0,230.0,228.0,228.0,3700000.0
2019-11-12,230.0,236.0,229.0,233.0,8770000.0
2019-11-13,233.0,235.0,230.0,233.0,4800000.0
2019-11-14,235.0,235.0,231.0,232.0,5900000.0
2019-11-15,232.0,232.0,229.0,231.0,4870000.0
2019-11-18,231.0,232.0,230.0,230.0,3550000.0
2019-11-19,230.0,232.0,226.0,227.0,10380000.0
2019-11-20,225.0,229.0,224.0,227.0,8320000.0
2019-11-21,226.0,227.0,217.0,220.0,13170000.0
2019-11-22,220.0,222.0,217.0,220.0,9300000.0
2019-11-25,222.0,225.0,221.0,224.0,4450000.0
2019-11-26,227.0,227.0,221.0,221.0,9990000.0
2019-11-27,222.0,223.0,217.0,219.0,9710000.0
2019-11-28,220.0,221.0,217.0,219.0,6960000.0
2019-11-29,218.0,218.0,210.0,212.0,12960000.0
2019-12-02,212.0,212.0,205.0,207.0,16600000.0
2019-12-03,204.0,212.0,202.0,211.0,11710000.0
2019-12-04,212.0,215.0,209.0,214.0,7870000.0
2019-12-06,217.0,217.0,211.0,212.0,5960000.0
2019-12-09,212.0,215.0,210.0,214.0,4690000.0
2019-12-11,216.0,216.0,210.0,212.0,7030000.0
2019-12-12,214.0,215.0,211.0,213.0,5720000.0
2019-12-13,213.0,214.0,207.0,209.0,8940000.0
2019-12-16,209.0,212.0,208.0,208.0,5100000.0
2019-12-17,208.0,211.0,208.0,210.0,6350000.0
2019-12-18,212.0,218.0,211.0,218.0,10640000.0
2019-12-19,216.0,220.0,215.0,220.0,7110000.0
2019-12-20,221.0,221.0,215.0,216.0,7740000.0
2019-12-23,218.0,221.0,217.0,220.0,6130000.0
2019-12-24,220.0,221.0,214.0,215.0,6880000.0
2019-12-25,213.0,216.0,212.0,215.0,2420000.0
2019-12-26,216.0,216.0,214.0,215.0,1690000.0
2019-12-27,216.0,216.0,213.0,214.0,4000000.0
2019-12-30,215.0,216.0,213.0,213.0,2620000.0
2020-01-02,214.0,219.0,212.0,218.0,5920000.0
2020-01-03,216.0,217.0,215.0,216.0,4430000.0
2020-01-06,216.0,220.0,216.0,217.0,5150000.0
2020-01-07,218.0,224.0,217.0,223.0,7220000.0
2020-01-08,221.0,223.0,219.0,220.0,6770000.0
2020-01-09,222.0,223.0,217.0,218.0,8960000.0
2020-01-10,219.0,220.0,211.0,214.0,10180000.0
2020-01-13,215.0,215.0,209.0,213.0,8900000.0
2020-01-14,214.0,216.0,212.0,213.0,5860000.0
2020-01-15,212.0,214.0,210.0,213.0,5290000.0
2020-01-16,213.0,214.0,211.0,213.0,4050000.0
2020-01-17,215.0,219.0,214.0,217.0,9180000.0
2020-01-20,217.0,218.0,214.0,217.0,3720000.0
2020-01-21,219.0,220.0,217.0,219.0,4150000.0
2020-01-22,219.0,220.0,215.0,219.0,6310000.0
2020-01-23,218.0,219.0,216.0,218.0,4140000.0
2020-01-24,219.0,223.0,218.0,223.0,4790000.0
2020-01-27,221.0,223.0,216.0,216.0,6310000.0
2020-01-28,217.0,218.0,214.0,216.0,4920000.0
2020-01-29,217.0,218.0,211.0,214.0,8110000.0
2020-01-30,204.0,208.0,201.0,203.0,20980000.0
2020-01-31,204.0,207.0,204.0,204.0,8810000.0
2020-02-03,205.0,208.0,204.0,205.0,4790000.0
2020-02-04,207.0,208.0,205.0,208.0,6380000.0
2020-02-05,209.0,210.0,206.0,210.0,6670000.0
2020-02-06,209.0,210.0,203.0,204.0,7940000.0
2020-02-07,205.0,205.0,197.0,199.5,20780000.0
2020-02-11,201.0,202.0,195.5,196.5,10060000.0
2020-02-12,200.0,201.0,197.5,200.0,9710000.0
2020-02-13,200.0,201.0,197.5,198.0,5220000.0
2020-02-14,199.5,204.0,199.0,204.0,8610000.0
2020-02-17,210.0,215.0,208.0,214.0,14670000.0
2020-02-18,213.0,215.0,212.0,213.0,5730000.0
2020-02-19,210.0,211.0,208.0,210.0,7120000.0
2020-02-20,211.0,211.0,204.0,206.0,8440000.0
2020-02-21,204.0,211.0,204.0,211.0,6540000.0
2020-02-24,207.0,211.0,206.0,206.0,8290000.0
2020-02-25,207.0,210.0,204.0,207.0,9130000.0
2020-02-26,206.0,207.0,197.0,197.0,12850000.0
2020-02-27,199.0,205.0,197.5,204.0,8710000.0
2020-02-28,198.0,202.0,197.0,200.0,13860000.0
2020-03-02,202.0,202.0,193.5,197.5,12780000.0
2020-03-03,196.0,201.0,195.0,201.0,11240000.0
2020-03-04,199.0,202.0,198.5,199.5,8280000.0
2020-03-05,200.0,202.0,199.5,199.5,7200000.0
2020-03-06,198.0,198.5,195.5,196.0,10180000.0
2020-03-09,193.5,198.5,187.0,188.5,11620000.0
2020-03-10,188.5,192.5,188.0,191.5,6880000.0
2020-03-11,190.0,190.5,170.0,185.0,14720000.0
2020-03-12,175.0,178.0,168.0,173.5,18790000.0
2020-03-13,161.5,185.0,156.5,177.5,21570000.0
2020-03-16,166.0,182.0,165.5,171.5,14230000.0
2020-03-17,171.5,179.0,171.0,172.5,13610000.0
2020-03-18,174.0,184.5,172.5,180.0,17520000.0
2020-03-19,177.0,192.0,176.0,190.0,18090000.0
2020-03-20,194.5,201.0,193.0,197.5,20130000.0
2020-03-23,192.0,196.5,188.0,188.0,11400000.0
2020-03-24,193.0,195.5,191.5,194.0,16060000.0
2020-03-25,201.0,208.0,197.0,202.0,18400000.0
2020-03-26,202.0,203.0,198.5,202.0,11640000.0
2020-03-27,204.0,206.0,195.5,199.0,15260000.0
2020-03-30,195.0,201.0,195.0,198.0,8980000.0
2020-03-31,202.0,203.0,200.0,201.0,6030000.0
2020-04-01,200.0,202.0,194.5,195.5,11900000.0
2020-04-02,197.0,200.0,196.0,199.0,8380000.0
2020-04-03,200.0,200.0,195.0,195.0,8750000.0
2020-04-07,199.0,199.5,195.0,195.0,16960000.0
2020-04-08,193.0,193.5,186.5,187.5,24230000.0
2020-04-09,189.0,192.5,188.0,191.0,14720000.0
2020-04-10,191.0,194.0,191.0,192.5,6620000.0
2020-04-13,193.0,195.0,192.0,194.5,5380000.0
2020-04-14,196.0,196.5,189.5,191.5,12480000.0
2020-04-15,190.0,192.0,189.5,190.0,5380000.0
2020-04-16,189.0,190.5,188.0,188.5,6530000.0
2020-04-17,191.0,195.0,190.0,195.0,10170000.0
2020-04-20,194.0,195.5,192.5,194.5,10960000.0
2020-04-21,193.0,196.5,193.0,195.5,7030000.0
2020-04-22,195.0,202.0,194.5,202.0,14230000.0
2020-04-23,201.0,202.0,198.0,199.5,8060000.0
2020-04-24,199.0,200.0,197.0,198.5,7020000.0
2020-04-27,199.0,201.0,197.5,200.0,5400000.0
2020-04-28,199.0,201.0,198.0,199.5,5260000.0
2020-04-29,199.5,201.0,199.0,201.0,3030000.0
2020-04-30,202.0,202.0,198.0,198.0,7330000.0
2020-05-05,197.5,199.0,197.0,198.5,4140000.0
2020-05-07,197.5,199.5,197.0,197.5,6330000.0
2020-05-08,197.0,198.5,193.0,193.5,11340000.0
2020-05-11,194.0,195.5,193.0,193.5,8990000.0
2020-05-12,192.0,192.5,189.5,190.5,13200000.0
2020-05-13,190.0,192.0,189.0,191.0,8060000.0
2020-05-14,190.0,191.0,189.5,190.0,5750000.0
2020-05-15,190.0,191.0,189.0,189.0,4960000.0
2020-05-18,189.5,190.5,188.0,188.5,6400000.0
2020-05-19,190.5,191.0,189.5,189.5,7610000.0
2020-05-20,190.0,193.5,189.0,191.5,10130000.0
2020-05-21,192.5,192.5,191.0,192.0,4990000.0
2020-05-22,190.0,190.5,188.0,188.5,5510000.0
2020-05-25,190.0,191.0,189.0,189.5,3730000.0
2020-05-26,190.5,192.5,190.5,191.0,6910000.0
2020-05-27,191.5,192.0,189.0,191.0,7620000.0
2020-05-28,192.0,192.0,189.5,189.5,7440000.0
2020-05-29,189.0,193.0,189.0,192.5,14200000.0
2020-06-01,193.5,194.0,191.0,191.5,6950000.0
2020-06-02,193.0,193.5,192.0,193.5,5970000.0
2020-06-04,195.0,199.0,194.0,197.0,17560000.0
2020-06-05,197.5,203.0,197.5,201.0,20700000.0
2020-06-08,203.0,204.0,199.5,199.5,8910000.0
2020-06-09,200.0,202.0,195.0,195.0,10650000.0
2020-06-10,196.5,197.0,195.0,196.0,5570000.0
2020-06-11,196.0,196.0,192.0,194.0,6960000.0
2020-06-12,191.0,193.0,190.5,192.5,8290000.0
2020-06-15,194.0,195.5,191.0,191.5,11280000.0
2020-06-16,194.5,194.5,192.5,193.0,5290000.0
2020-06-17,193.0,194.0,191.0,191.0,8480000.0
2020-06-18,190.5,192.0,190.0,191.0,4560000.0
2020-06-19,192.0,192.0,190.0,190.0,8450000.0
2020-06-22,190.0,191.0,190.0,190.5,3320000.0
2020-06-23,191.0,191.5,190.0,190.0,3770000.0
2020-06-24,189.5,190.0,188.0,188.0,9420000.0
2020-06-25,187.5,188.0,186.0,187.5,7520000.0
2020-06-26,188.0,189.5,185.0,186.0,8320000.0
2020-06-29,185.0,187.0,183.5,187.0,6200000.0
2020-06-30,188.5,190.0,183.5,185.0,10920000.0
2020-07-01,185.0,186.5,184.0,185.5,7110000.0
2020-07-02,186.0,189.5,186.0,189.5,6270000.0
2020-07-03,190.0,190.0,187.0,188.0,4220000.0
2020-07-07,189.0,189.5,187.5,188.0,8130000.0
2020-07-08,188.5,191.5,187.5,189.5,7550000.0
2020-07-09,190.0,192.0,190.0,190.5,6020000.0
2020-07-10,190.5,191.5,189.0,189.5,5340000.0
2020-07-13,191.0,191.0,188.0,188.0,3850000.0
2020-07-14,187.0,187.5,185.0,187.5,5590000.0
2020-07-15,188.0,188.5,186.5,186.5,3670000.0
2020-07-16,187.0,188.5,186.0,186.5,6780000.0
2020-07-17,187.5,190.0,186.5,189.5,3740000.0
2020-07-20,189.5,191.0,188.5,191.0,5080000.0
2020-07-21,191.0,191.5,187.5,187.5,9050000.0
2020-07-22,187.5,188.5,185.5,186.0,4810000.0
2020-07-23,185.5,188.0,185.0,187.0,4020000.0
2020-07-24,185.5,186.0,185.0,185.0,4500000.0
2020-07-29,185.5,187.0,185.0,186.0,3820000.0
2020-07-30,187.0,187.0,183.0,184.5,4270000.0
2020-07-31,183.0,185.5,182.5,185.0,5550000.0
2020-08-03,184.5,185.0,183.0,183.0,3290000.0
2020-08-04,184.0,186.0,183.0,184.5,4200000.0
2020-08-05,185.0,186.0,184.0,185.0,3050000.0
2020-08-06,184.0,191.5,184.0,190.0,10300000.0
2020-08-07,191.0,191.0,188.0,189.5,9230000.0
2020-08-10,190.5,191.0,189.5,190.5,3390000.0
2020-08-11,191.5,194.0,190.5,192.5,9840000.0
2020-08-13,190.0,193.0,189.0,193.0,6300000.0
2020-08-14,193.0,193.5,190.0,191.5,7780000.0
2020-08-17,192.0,192.5,191.0,191.5,3790000.0
2020-08-18,191.5,193.0,191.5,192.0,5900000.0
2020-08-19,189.5,190.0,187.0,187.0,5440000.0
2020-08-20,186.5,187.5,185.0,185.5,5170000.0
2020-08-21,186.5,187.5,185.0,185.0,2140000.0
2020-08-24,185.0,187.0,184.5,186.0,2310000.0
2020-08-25,187.0,188.5,187.0,187.5,2980000.0
2020-08-26,186.5,187.0,185.5,187.0,2890000.0
2020-08-27,186.0,186.0,184.5,184.5,4710000.0
2020-08-28,185.5,186.5,183.5,184.0,3880000.0
2020-08-31,185.0,186.0,182.5,183.0,6700000.0
2020-09-01,183.5,184.0,182.5,182.5,3100000.0
2020-09-02,182.5,184.0,182.0,183.5,2850000.0
2020-09-03,183.5,184.0,182.5,183.5,2650000.0
2020-09-08,182.5,183.5,181.5,181.5,4260000.0
2020-09-09,180.0,181.5,180.0,180.5,2470000.0
2020-09-10,180.5,182.5,180.5,182.0,3660000.0
2020-09-11,182.0,182.5,181.0,181.0,2110000.0
2020-09-14,181.5,182.0,181.0,181.5,2530000.0
2020-09-15,181.5,182.0,181.0,181.0,2210000.0
2020-09-16,181.0,182.0,180.0,181.5,3030000.0
2020-09-17,180.5,180.5,177.5,177.5,5640000.0
2020-09-18,178.0,180.5,177.5,179.0,6120000.0
2020-09-21,180.0,180.0,176.5,177.5,3300000.0
2020-09-22,177.0,177.5,175.5,176.0,3380000.0
2020-09-23,177.0,178.5,176.0,176.0,4220000.0
2020-09-24,175.0,176.5,171.0,171.0,7190000.0
2020-09-25,171.0,172.5,170.0,170.0,4710000.0
2020-09-28,171.0,175.5,170.5,174.5,6230000.0
2020-09-29,175.0,176.5,173.5,174.0,4360000.0
2020-09-30,175.0,175.0,171.0,171.0,4580000.0
2020-10-01,171.5,172.5,170.0,170.5,3490000.0
2020-10-02,170.5,171.5,169.0,170.0,3960000.0
2020-10-05,170.5,174.5,170.5,174.0,5650000.0
2020-10-06,173.0,173.5,171.0,171.5,4880000.0
2020-10-07,171.0,173.5,171.0,173.5,5130000.0
2020-10-08,173.5,177.0,173.0,176.5,6240000.0
2020-10-09,177.5,178.0,176.5,177.0,4310000.0
2020-10-12,178.0,179.0,177.0,178.5,2220000.0
2020-10-14,177.5,178.0,174.5,176.0,4430000.0
2020-10-15,174.5,176.0,173.5,175.5,4750000.0
2020-10-16,175.0,176.0,172.5,173.5,5110000.0
2020-10-19,172.5,175.5,172.5,173.5,5950000.0
2020-10-20,173.5,174.0,172.0,172.0,5880000.0
2020-10-21,172.5,172.5,171.0,171.5,4670000.0
2020-10-22,171.0,174.0,171.0,171.0,5650000.0
2020-10-26,171.0,173.0,169.5,172.5,4050000.0
2020-10-27,171.0,172.5,170.0,172.0,3600000.0
2020-10-28,171.5,173.0,171.0,173.0,3680000.0
2020-10-29,173.0,174.5,172.0,174.5,4030000.0
2020-10-30,175.0,175.0,171.5,172.5,4410000.0
2020-11-02,173.5,173.5,171.0,171.0,2980000.0
2020-11-03,171.5,172.0,170.0,170.5,6580000.0
2020-11-04,170.5,173.0,170.5,172.0,5860000.0
2020-11-05,174.0,179.5,173.0,179.0,8690000.0
2020-11-06,177.0,178.0,174.0,174.0,8090000.0
2020-11-09,178.0,181.0,178.0,179.0,11230000.0
2020-11-10,178.0,183.5,176.5,181.5,16310000.0
2020-11-11,183.5,184.5,181.0,182.0,9220000.0
2020-11-12,182.0,182.0,175.5,176.0,14060000.0
2020-11-13,174.5,176.0,173.0,174.5,12900000.0
2020-11-16,176.0,177.0,174.5,174.5,8480000.0
2020-11-17,176.0,176.0,173.5,174.5,12500000.0
2020-11-18,174.0,175.5,173.5,175.5,5830000.0
2020-11-19,175.5,180.0,175.5,176.5,20520000.0
2020-11-20,176.0,176.5,172.5,175.5,28570000.0
2020-11-23,176.5,180.0,176.0,179.5,20350000.0
2020-11-24,182.0,182.5,178.0,178.0,26040000.0
2020-11-25,178.5,179.5,175.5,177.0,15610000.0
2020-11-26,177.5,179.5,177.0,178.5,12650000.0
2020-11-27,178.0,180.5,178.0,179.5,10350000.0
2020-11-30,179.0,180.0,175.5,175.5,20140000.0
2020-12-01,176.5,179.5,176.5,178.0,12450000.0
2020-12-02,179.5,183.0,178.5,180.0,18800000.0
2020-12-03,181.5,182.0,179.5,180.5,10020000.0
2020-12-04,181.0,182.5,179.5,181.5,9510000.0
2020-12-08,182.0,186.5,182.0,185.0,18420000.0
2020-12-09,188.0,190.0,187.0,189.0,21200000.0
2020-12-14,190.5,195.0,190.5,191.0,21060000.0
2020-12-15,189.5,190.0,186.5,187.5,14870000.0
2020-12-16,189.0,189.5,188.0,188.0,8170000.0
2020-12-17,188.0,191.0,188.0,189.0,8690000.0
2020-12-18,189.5,190.5,187.0,187.5,12680000.0
2020-12-21,182.5,184.5,177.5,177.5,18270000.0
2020-12-22,178.5,180.0,175.5,178.5,12600000.0
2020-12-23,179.0,180.5,177.5,177.5,9970000.0
2020-12-24,177.5,179.5,176.5,178.5,7360000.0
2020-12-25,179.0,180.0,178.5,179.0,5200000.0
2020-12-28,180.0,180.0,176.5,177.0,7820000.0
2020-12-29,177.0,178.5,177.0,178.5,5910000.0
2020-12-30,179.0,179.0,176.0,176.0,7340000.0
2021-01-04,175.0,176.5,174.5,176.0,7460000.0
2021-01-05,176.0,179.0,175.0,178.5,9820000.0
2021-01-06,179.0,182.5,178.0,179.5,14580000.0
2021-01-07,181.5,181.5,179.5,180.5,7760000.0
2021-01-08,181.5,185.0,180.5,184.5,14310000.0
2021-01-11,185.0,185.0,181.5,182.0,12170000.0
2021-01-12,182.0,182.5,179.5,180.5,7750000.0
2021-01-13,181.5,181.5,180.0,181.5,7680000.0
2021-01-14,182.0,182.0,180.5,180.5,5480000.0
2021-01-15,181.0,183.0,180.0,180.0,7790000.0
2021-01-18,180.0,180.5,178.5,179.0,5330000.0
2021-01-19,179.5,181.0,179.0,179.0,4260000.0
2021-01-20,179.5,179.5,177.5,177.5,6910000.0
2021-01-21,178.0,179.5,176.5,177.5,7710000.0
2021-01-22,176.5,177.5,176.0,177.0,5160000.0
2021-01-25,177.5,178.0,175.0,176.0,9290000.0
2021-01-26,175.5,177.5,175.0,176.5,5660000.0
2021-01-27,176.0,177.0,175.5,175.5,4340000.0
2021-01-28,175.0,175.5,174.0,174.0,5660000.0
2021-01-29,174.5,175.0,172.0,172.0,8280000.0
2021-02-01,172.0,174.0,171.0,172.0,3930000.0
2021-02-02,173.0,174.5,172.5,173.0,5040000.0
2021-02-03,173.5,173.5,170.5,171.0,10450000.0
2021-02-04,171.0,171.5,170.0,170.0,7160000.0
2021-02-05,171.0,171.0,169.5,170.0,7130000.0
2021-02-08,172.0,173.5,172.0,173.5,6640000.0
2021-02-09,174.5,176.0,174.5,175.0,8260000.0
2021-02-10,176.0,176.0,173.5,173.5,5850000.0
2021-02-11,173.5,174.5,173.0,173.0,4990000.0
2021-02-15,173.5,174.5,173.0,173.0,4600000.0
2021-02-16,173.5,174.5,173.0,173.5,2760000.0
2021-02-17,173.5,174.0,173.0,173.5,4670000.0
2021-02-18,173.5,174.0,173.0,173.5,4900000.0
2021-02-19,170.0,171.0,169.0,170.0,5290000.0
2021-02-22,170.0,170.0,168.0,168.0,5410000.0
2021-02-23,167.5,168.0,165.0,166.0,9640000.0
2021-02-24,166.0,167.5,164.0,164.0,9280000.0
2021-02-25,165.5,168.0,164.5,165.5,7110000.0
2021-03-01,164.5,169.0,164.0,167.5,6620000.0
2021-03-02,167.5,167.5,165.5,165.5,5520000.0
2021-03-03,166.5,170.5,166.0,170.0,8300000.0
2021-03-04,168.5,169.5,168.0,168.5,4440000.0
2021-03-05,167.5,169.0,166.0,167.0,7620000.0
2021-03-08,168.5,168.5,165.5,165.5,8030000.0
2021-03-09,165.5,168.5,165.5,168.5,5030000.0
2021-03-10,169.0,173.0,169.0,172.5,13700000.0
2021-03-11,173.5,174.0,171.0,171.0,9110000.0
2021-03-12,172.0,172.5,170.5,170.5,3800000.0
2021-03-15,171.5,172.0,170.5,171.5,4050000.0
2021-03-16,172.0,172.5,171.5,172.0,6170000.0
2021-03-17,172.0,173.0,171.0,171.0,6240000.0
2021-03-18,172.5,172.5,171.0,171.5,4660000.0
2021-03-19,171.0,172.5,170.0,172.5,7020000.0
2021-03-22,171.5,172.0,170.5,170.5,4790000.0
2021-03-23,171.0,171.5,170.0,170.0,4350000.0
2021-03-24,171.0,171.0,169.0,171.0,4670000.0
2021-03-25,170.5,175.5,170.0,173.5,15350000.0
2021-03-26,175.0,175.0,172.5,173.5,6520000.0
2021-03-29,174.0,174.5,173.0,173.0,4650000.0
2021-03-30,173.5,174.0,173.0,173.0,3980000.0
2021-03-31,173.5,175.0,172.5,173.5,7130000.0
2021-04-01,173.5,174.0,173.5,173.5,1840000.0
2021-04-02,173.5,174.5,173.0,174.0,4420000.0
2021-04-05,173.5,174.0,172.0,172.0,3090000.0
2021-04-07,171.5,171.5,169.5,170.0,7340000.0
2021-04-08,170.0,171.0,169.5,170.0,3340000.0
2021-04-09,170.0,171.0,169.5,169.5,3120000.0
2021-04-12,169.0,170.0,167.0,167.0,6210000.0
2021-04-16,169.0,170.0,167.0,168.0,5630000.0
2021-04-19,167.0,169.5,166.0,169.5,11090000.0
2021-04-20,170.5,176.5,170.0,175.0,22870000.0
2021-04-21,174.5,179.0,174.0,179.0,18850000.0
2021-04-22,178.5,178.5,174.5,175.5,14250000.0
2021-04-23,174.5,175.5,173.0,174.0,8860000.0
2021-04-26,174.0,174.5,172.5,172.5,6190000.0
2021-04-27,173.5,174.5,172.5,173.0,4230000.0
2021-04-28,173.5,174.0,171.0,171.5,7430000.0
2021-04-29,172.5,173.0,171.0,172.0,5320000.0
2021-04-30,173.5,173.5,170.5,171.0,4930000.0
2021-05-05,171.0,172.5,169.0,169.0,11750000.0
2021-05-06,169.0,170.5,169.0,169.0,6170000.0
2021-05-07,170.0,171.5,169.5,170.0,3420000.0
2021-05-10,170.5,171.0,169.5,170.0,3090000.0
2021-05-11,169.0,171.0,169.0,171.0,3780000.0
2021-05-12,170.5,170.5,169.0,169.5,2390000.0
2021-05-13,168.5,169.0,167.0,169.0,8170000.0
2021-05-14,169.0,169.5,168.0,169.5,2620000.0
2021-05-17,169.0,169.5,168.0,168.5,4880000.0
2021-05-18,169.0,171.0,169.0,171.0,3930000.0
2021-05-19,170.0,170.5,169.5,169.5,2910000.0
2021-05-20,170.0,171.0,168.5,170.0,4540000.0
2021-05-21,170.0,170.5,169.0,170.0,3080000.0
2021-05-24,170.0,170.5,169.0,169.5,3530000.0
2021-05-25,170.0,170.5,168.5,168.5,4690000.0
2021-05-27,168.5,169.5,168.0,168.0,9870000.0
2021-05-28,169.5,170.5,169.0,169.0,4390000.0
2021-05-31,169.5,169.5,168.0,168.5,4280000.0
2021-06-01,168.5,170.0,168.0,169.5,5070000.0
2021-06-02,170.0,172.5,169.5,171.0,11350000.0
2021-06-04,171.0,171.5,169.5,169.5,5040000.0
2021-06-07,170.5,171.0,169.5,169.5,4400000.0
2021-06-08,170.5,173.0,170.0,172.5,11670000.0
2021-06-09,173.0,175.0,173.0,173.5,12000000.0
2021-06-10,175.0,175.5,173.5,173.5,5250000.0
2021-06-11,174.0,174.5,173.5,174.5,3080000.0
2021-06-14,175.0,176.0,174.0,174.5,4730000.0
2021-06-15,174.5,175.5,173.5,173.5,4870000.0
2021-06-16,173.5,174.0,173.0,173.5,2720000.0
2021-06-17,173.5,173.5,172.5,172.5,3130000.0
2021-06-18,172.5,173.5,172.0,173.5,5640000.0
2021-06-21,172.0,172.5,171.0,172.0,3990000.0
2021-06-22,172.5,173.5,171.0,171.5,4130000.0
2021-06-23,171.5,172.0,170.5,170.5,3740000.0
2021-06-24,170.5,171.5,170.0,171.5,4070000.0
2021-06-25,172.0,172.0,170.5,171.5,2560000.0
2021-06-28,170.5,171.5,170.0,170.0,3650000.0
2021-06-29,170.0,171.5,169.0,170.5,5300000.0
2021-06-30,171.0,172.0,171.0,171.0,4340000.0
2021-07-01,171.0,172.5,170.5,172.5,3170000.0
2021-07-02,172.5,173.0,171.5,171.5,3960000.0
2021-07-05,171.5,171.5,170.5,171.0,2450000.0
2021-07-06,171.5,172.0,170.5,171.5,3340000.0
2021-07-07,170.5,172.0,170.0,170.5,4550000.0
2021-07-08,169.0,170.5,169.0,169.0,4510000.0
2021-07-09,169.0,170.5,169.0,169.5,4330000.0
2021-07-12,170.5,171.0,169.0,170.0,2120000.0
2021-07-13,171.0,171.5,170.5,170.5,2210000.0
2021-07-14,171.0,171.0,170.0,170.5,4350000.0
2021-07-15,171.0,172.0,170.0,170.5,4090000.0
2021-07-16,171.5,171.5,170.0,170.5,3940000.0
2021-07-19,169.5,172.0,169.5,171.5,3980000.0
2021-07-20,171.5,174.5,171.0,174.5,12190000.0
2021-07-21,175.0,177.0,174.0,177.0,10850000.0
2021-07-22,176.5,177.0,175.0,176.5,5870000.0
2021-07-23,176.0,177.0,175.5,176.5,4260000.0
2021-07-27,177.0,177.0,174.0,176.0,6250000.0
2021-07-29,176.5,179.0,175.5,178.5,11740000.0
2021-07-30,178.0,180.0,177.0,179.5,10070000.0
2021-08-02,179.5,180.5,178.5,180.5,6490000.0
2021-08-03,180.0,180.0,174.5,177.0,14070000.0
2021-08-04,177.5,179.0,176.0,179.0,6990000.0
2021-08-05,179.0,179.0,175.0,175.5,7640000.0
2021-08-06,176.0,176.5,174.0,176.0,4280000.0
2021-08-09,176.5,178.0,175.5,177.5,4460000.0
2021-08-10,177.5,183.0,177.5,182.0,14390000.0
2021-08-11,182.5,186.5,182.0,185.5,22430000.0
2021-08-13,185.5,186.0,182.5,184.5,7590000.0
2021-08-16,181.0,181.0,178.5,181.0,6050000.0
2021-08-17,181.5,184.0,180.0,183.5,6880000.0
2021-08-18,183.5,184.0,182.0,182.5,4290000.0
2021-08-19,181.5,184.5,181.0,182.5,3910000.0
2021-08-20,182.5,184.5,182.0,183.5,9840000.0
2021-08-23,183.5,184.0,180.0,181.0,10200000.0
2021-08-24,181.5,183.0,180.5,181.0,5460000.0
2021-08-25,181.0,184.0,180.5,183.5,7120000.0
2021-08-26,183.5,185.0,182.0,184.0,9410000.0
2021-08-27,183.5,185.5,183.0,184.5,9640000.0
2021-08-30,185.5,186.5,183.5,184.0,8230000.0
2021-08-31,183.5,189.5,183.5,188.0,17960000.0
2021-09-01,188.5,189.5,186.0,186.0,9290000.0
2021-09-02,187.0,190.5,186.5,188.5,16100000.0
2021-09-03,189.0,190.0,188.0,190.0,6700000.0
2021-09-06,190.5,192.0,189.0,191.5,7260000.0
2021-09-07,193.0,198.0,192.5,197.5,20580000.0
2021-09-08,197.0,201.0,192.0,194.0,23190000.0
2021-09-09,195.0,197.0,190.5,191.0,20910000.0
2021-09-10,191.0,192.0,187.0,190.0,21820000.0
2021-09-13,190.0,193.5,190.0,193.5,8600000.0
2021-09-14,193.0,193.5,189.5,190.0,7610000.0
2021-09-15,189.0,193.0,189.0,192.5,6290000.0
2021-09-16,193.0,194.0,191.5,193.5,4480000.0
2021-09-17,193.0,194.0,191.5,194.0,4810000.0
2021-09-20,192.0,192.5,188.5,189.0,7530000.0
2021-09-21,189.5,193.0,189.0,193.0,7410000.0
2021-09-22,196.5,198.5,195.0,196.5,14180000.0
2021-09-23,198.5,199.5,194.0,196.5,12580000.0
2021-09-27,197.5,197.5,194.5,195.5,5830000.0
2021-09-28,195.0,196.0,193.5,195.5,3820000.0
2021-09-29,192.0,196.0,192.0,194.5,6050000.0
2021-09-30,195.0,197.0,194.0,196.0,7140000.0
2021-10-01,195.0,197.0,193.5,195.5,6230000.0
2021-10-04,194.5,195.5,193.5,194.5,4110000.0
2021-10-05,194.0,197.0,193.5,196.0,3680000.0
2021-10-06,196.5,198.0,194.5,195.5,6700000.0
2021-10-07,197.0,198.0,195.5,196.0,4070000.0
2021-10-08,196.5,196.5,193.0,193.5,7540000.0
2021-10-11,193.5,194.0,192.0,193.0,4580000.0
2021-10-12,193.0,194.0,191.5,193.0,5030000.0
2021-10-14,193.5,194.0,191.5,191.5,4660000.0
2021-10-15,191.5,193.0,190.5,190.5,4160000.0
2021-10-18,190.5,191.0,189.0,190.0,6080000.0
2021-10-19,190.0,190.5,187.0,187.0,9320000.0
2021-10-20,187.0,189.5,187.0,188.0,5590000.0
2021-10-21,189.0,189.0,187.5,188.0,2560000.0
2021-10-25,188.5,189.5,187.5,188.5,4430000.0
2021-10-26,188.5,189.5,187.5,189.0,5510000.0
2021-10-27,189.0,189.5,188.0,188.0,3820000.0
2021-10-28,188.0,191.0,187.5,189.5,4870000.0
2021-10-29,190.0,190.5,189.0,189.0,3490000.0
2021-11-01,189.5,191.5,188.5,188.5,4470000.0
2021-11-02,189.5,192.0,189.0,192.0,5550000.0
2021-11-03,192.5,192.5,189.0,189.5,5000000.0
2021-11-04,190.0,192.0,189.5,191.0,5280000.0
2021-11-05,191.5,192.5,190.0,192.0,3500000.0
2021-11-08,192.5,193.0,191.5,193.0,5340000.0
2021-11-09,193.5,195.0,193.5,194.0,5800000.0
2021-11-10,193.0,194.5,192.0,194.0,3520000.0
2021-11-11,194.0,194.5,193.0,193.5,2570000.0
2021-11-12,193.5,194.5,192.5,193.0,3460000.0
2021-11-15,192.5,195.0,192.5,194.0,3160000.0
2021-11-16,193.5,195.5,193.5,195.5,4340000.0
2021-11-17,195.0,197.0,194.0,197.0,5180000.0
2021-11-18,196.0,197.5,196.0,197.5,6250000.0
2021-11-19,197.5,198.5,195.5,196.0,7150000.0
2021-11-22,205.0,212.0,201.0,209.0,35130000.0
2021-11-23,209.0,215.0,207.0,215.0,16610000.0
2021-11-24,216.0,219.0,212.0,214.0,16550000.0
2021-11-25,214.0,215.0,209.0,210.0,6640000.0
2021-11-26,209.0,210.0,205.0,205.0,8130000.0
2021-11-29,207.0,214.0,206.0,211.0,10640000.0
2021-11-30,212.0,215.0,205.0,206.0,17450000.0
2021-12-01,209.0,211.0,204.0,211.0,11580000.0
2021-12-02,209.0,214.0,208.0,212.0,9270000.0
2021-12-03,212.0,213.0,210.0,212.0,5810000.0
2021-12-07,213.0,215.0,211.0,211.0,6110000.0
2021-12-08,212.0,220.0,212.0,220.0,7830000.0
2021-12-09,219.0,219.0,214.0,216.0,6900000.0
2021-12-13,218.0,219.0,214.0,217.0,5780000.0
2021-12-14,216.0,219.0,215.0,219.0,4160000.0
2021-12-15,218.0,221.0,217.0,218.0,4950000.0
2021-12-16,219.0,220.0,216.0,220.0,4820000.0
2021-12-17,220.0,220.0,218.0,218.0,5090000.0
2021-12-20,216.0,217.0,209.0,212.0,7620000.0
2021-12-21,214.0,219.0,213.0,218.0,6390000.0
2021-12-22,218.0,219.0,216.0,216.0,1870000.0
2021-12-23,218.0,230.0,218.0,226.0,13940000.0
2021-12-24,225.0,226.0,222.0,224.0,2760000.0
2021-12-27,224.0,226.0,222.0,223.0,2880000.0
2021-12-28,224.0,229.0,223.0,225.0,5460000.0
2021-12-29,225.0,229.0,224.0,229.0,3420000.0
2021-12-30,230.0,231.0,228.0,230.0,5030000.0
2022-01-04,230.0,232.0,227.0,228.0,5140000.0
2022-01-05,227.0,227.0,224.0,226.0,5790000.0
2022-01-06,223.0,224.0,221.0,221.0,8500000.0
2022-01-07,221.0,222.0,215.0,221.0,12070000.0
2022-01-10,221.0,221.0,218.0,219.0,6140000.0
2022-01-11,221.0,226.0,221.0,224.0,8140000.0
2022-01-12,225.0,226.0,221.0,222.0,3210000.0
2022-01-13,223.0,224.0,218.0,220.0,4650000.0
2022-01-14,220.0,222.0,219.0,220.0,6090000.0
2022-01-17,219.0,220.0,217.0,218.0,5100000.0
2022-01-18,219.0,223.0,219.0,222.0,6070000.0
2022-01-19,221.0,222.0,219.0,222.0,2200000.0
2022-01-20,222.0,223.0,221.0,221.0,2440000.0
2022-01-21,220.0,222.0,220.0,222.0,2850000.0
2022-01-24,222.0,225.0,221.0,223.0,3710000.0
2022-01-25,222.0,223.0,219.0,222.0,3300000.0
2022-01-26,223.0,224.0,221.0,221.0,2820000.0
2022-01-27,220.0,225.0,220.0,224.0,3660000.0
2022-01-28,223.0,224.0,221.0,222.0,2520000.0
2022-01-31,223.0,224.0,220.0,220.0,2590000.0
2022-02-01,221.0,222.0,220.0,221.0,2660000.0
2022-02-02,221.0,224.0,220.0,223.0,2560000.0
2022-02-03,222.0,224.0,222.0,223.0,2160000.0
2022-02-04,223.0,224.0,219.0,220.0,5450000.0
2022-02-07,219.0,220.0,218.0,219.0,2760000.0
2022-02-08,220.0,222.0,219.0,222.0,5940000.0
2022-02-09,223.0,227.0,223.0,226.0,12700000.0
2022-02-10,226.0,230.0,225.0,229.0,6590000.0
2022-02-11,228.0,237.0,226.0,237.0,13660000.0
2022-02-14,236.0,236.0,230.0,234.0,10760000.0
2022-02-15,234.0,237.0,232.0,237.0,6930000.0
2022-02-17,239.0,242.0,238.0,240.0,11550000.0
2022-02-18,236.0,239.0,235.0,238.0,6700000.0
2022-02-21,236.0,237.0,227.0,228.0,8390000.0
2022-02-22,225.0,231.0,225.0,230.0,6370000.0
2022-02-23,230.0,233.0,229.0,233.0,4540000.0
2022-02-24,230.0,233.0,226.0,227.0,6720000.0
2022-02-25,229.0,231.0,227.0,228.0,2600000.0
2022-02-28,227.0,230.0,225.0,229.0,7650000.0
2022-03-01,232.0,237.0,231.0,237.0,7480000.0
2022-03-02,241.0,242.0,236.0,236.0,8600000.0
2022-03-03,237.0,239.0,235.0,238.0,4610000.0
2022-03-04,236.0,237.0,232.0,232.0,5880000.0
2022-03-07,230.0,232.0,222.0,226.0,10330000.0
2022-03-08,225.0,227.0,221.0,226.0,9180000.0
2022-03-09,227.0,232.0,224.0,232.0,8920000.0
2022-03-10,235.0,235.0,229.0,231.0,5650000.0
2022-03-11,231.0,235.0,231.0,234.0,4620000.0
2022-03-14,236.0,237.0,233.0,235.0,3920000.0
2022-03-15,234.0,235.0,230.0,232.0,7050000.0
2022-03-16,233.0,235.0,232.0,235.0,4270000.0
2022-03-17,236.0,240.0,233.0,234.0,8910000.0
2022-03-18,234.0,235.0,231.0,232.0,5150000.0
2022-03-21,232.0,233.0,229.0,230.0,4190000.0
2022-03-22,230.0,232.0,229.0,230.0,3240000.0
2022-03-23,230.0,231.0,226.0,226.0,4670000.0
2022-03-24,227.0,233.0,227.0,231.0,6830000.0
2022-03-25,231.0,232.0,229.0,231.0,2820000.0
2022-03-28,232.0,234.0,231.0,232.0,2670000.0
2022-03-29,233.0,237.0,232.0,237.0,5520000.0
2022-03-30,237.0,237.0,232.0,235.0,5680000.0
2022-03-31,235.0,235.0,232.0,233.0,3650000.0
2022-04-01,233.0,236.0,233.0,236.0,4150000.0
2022-04-04,235.0,236.0,233.0,233.0,1640000.0
2022-04-05,235.0,236.0,233.0,234.0,3090000.0
2022-04-07,234.0,235.0,227.0,227.0,8730000.0
2022-04-08,228.0,229.0,225.0,226.0,4390000.0
2022-04-11,225.0,226.0,223.0,224.0,3500000.0
2022-04-12,222.0,225.0,221.0,223.0,2650000.0
2022-04-18,223.0,223.0,219.0,221.0,5390000.0
2022-04-19,222.0,223.0,214.0,215.0,9310000.0
2022-04-20,215.0,220.0,215.0,216.0,7280000.0
2022-04-21,218.0,221.0,218.0,219.0,7440000.0
2022-04-22,218.0,220.0,216.0,218.0,3600000.0
2022-04-25,217.0,217.0,215.0,216.0,4640000.0
2022-04-26,217.0,220.0,217.0,217.0,3810000.0
2022-04-27,218.0,220.0,217.0,219.0,5410000.0
2022-04-28,220.0,221.0,218.0,220.0,5940000.0
2022-04-29,218.0,219.0,214.0,215.0,8740000.0
2022-05-03,215.0,217.0,211.0,212.0,5930000.0
2022-05-05,210.0,212.0,207.0,209.0,11390000.0
2022-05-06,207.0,210.0,207.0,208.0,5580000.0
2022-05-09,207.0,207.0,204.0,205.0,6400000.0
2022-05-10,211.0,215.0,207.0,213.0,17220000.0
2022-05-11,214.0,217.0,212.0,214.0,8220000.0
2022-05-12,212.0,218.0,212.0,216.0,9040000.0
2022-05-13,215.0,216.0,212.0,215.0,5010000.0
2022-05-17,218.0,219.0,215.0,218.0,5210000.0
2022-05-18,219.0,220.0,216.0,219.0,6390000.0
2022-05-19,216.0,219.0,215.0,217.0,4320000.0
2022-05-20,218.0,220.0,216.0,218.0,4580000.0
2022-05-23,219.0,220.0,217.0,220.0,4710000.0
2022-05-24,221.0,225.0,221.0,224.0,10320000.0
2022-05-25,224.0,225.0,220.0,220.0,6620000.0
2022-05-26,221.0,223.0,220.0,222.0,3040000.0
2022-05-27,222.0,223.0,216.0,218.0,8360000.0
2022-05-30,218.0,219.0,216.0,217.0,3380000.0
2022-05-31,217.0,219.0,216.0,217.0,15000000.0
2022-06-01,218.0,221.0,217.0,220.0,4630000.0
2022-06-02,219.0,219.0,216.0,217.0,4500000.0
2022-06-06,217.0,217.0,211.0,214.0,6310000.0
2022-06-07,213.0,214.0,211.0,212.0,3960000.0
2022-06-08,212.0,213.0,209.0,211.0,8320000.0
2022-06-09,211.0,213.0,210.0,212.0,5270000.0
2022-06-10,211.0,211.0,207.0,208.0,6370000.0
2022-06-13,206.0,208.0,205.0,207.0,5290000.0
2022-06-14,206.0,210.0,205.0,209.0,4000000.0
2022-06-15,208.0,208.0,206.0,206.0,3920000.0
2022-06-16,207.0,208.0,198.5,199.5,14880000.0
2022-06-17,199.0,203.0,197.5,202.0,10880000.0
2022-06-20,202.0,204.0,201.0,203.0,2740000.0
2022-06-21,202.0,203.0,200.0,201.0,4070000.0
2022-06-22,200.0,202.0,197.5,198.0,8420000.0
2022-06-23,198.0,199.5,196.0,197.0,8710000.0
2022-06-24,197.5,203.0,197.0,202.0,9720000.0
2022-06-27,204.0,204.0,200.0,202.0,4340000.0
2022-06-28,202.0,204.0,200.0,204.0,4740000.0
2022-06-29,201.0,202.0,198.0,199.0,10650000.0
2022-06-30,198.5,199.5,194.5,194.5,13220000.0
2022-07-01,195.0,197.5,194.5,197.5,6110000.0
2022-07-04,201.0,203.0,199.5,200.0,11300000.0
2022-07-05,201.0,206.0,200.0,203.0,12770000.0
2022-07-06,203.0,204.0,201.0,203.0,6940000.0
2022-07-07,203.0,207.0,202.0,205.0,6660000.0
2022-07-08,206.0,206.0,203.0,204.0,5120000.0
2022-07-11,204.0,205.0,203.0,204.0,2120000.0
2022-07-12,204.0,206.0,202.0,203.0,3130000.0
2022-07-14,206.0,207.0,202.0,204.0,6400000.0
2022-07-15,205.0,205.0,203.0,205.0,3980000.0
2022-07-18,205.0,206.0,204.0,205.0,3060000.0
2022-07-19,203.0,204.0,200.0,202.0,5120000.0
2022-07-20,203.0,204.0,200.0,202.0,5680000.0
2022-07-21,202.0,204.0,200.0,202.0,3590000.0
2022-07-22,203.0,204.0,200.0,202.0,4700000.0
2022-07-25,200.0,201.0,198.0,200.0,5290000.0
2022-07-26,200.0,200.0,198.0,198.0,4160000.0
2022-07-27,200.0,201.0,198.5,201.0,4890000.0
2022-08-01,201.0,203.0,200.0,202.0,6400000.0
2022-08-02,203.0,205.0,201.0,202.0,6200000.0
2022-08-03,203.0,203.0,201.0,202.0,2980000.0
2022-08-04,202.0,203.0,201.0,202.0,2360000.0
2022-08-05,203.0,203.0,201.0,202.0,2600000.0
2022-08-08,203.0,203.0,201.0,203.0,4580000.0
2022-08-09,203.0,205.0,202.0,205.0,4120000.0
2022-08-10,204.0,205.0,201.0,202.0,6110000.0
2022-08-11,202.0,203.0,198.5,199.5,9790000.0
2022-08-15,201.0,203.0,200.0,201.0,4680000.0
2022-08-16,202.0,202.0,200.0,201.0,5280000.0
2022-08-17,200.0,201.0,199.0,200.0,6690000.0
2022-08-18,199.5,201.0,199.5,200.0,3980000.0
2022-08-19,197.0,198.5,196.0,196.0,7740000.0
2022-08-22,196.0,196.5,193.5,194.0,7220000.0
2022-08-23,194.0,195.5,192.5,193.5,8810000.0
2022-08-24,193.5,193.5,192.0,193.0,6080000.0
2022-08-25,194.0,194.5,192.0,192.5,5430000.0
2022-08-26,193.0,193.5,192.0,192.5,3800000.0
2022-08-29,190.5,191.5,189.5,191.5,6650000.0
2022-08-30,191.0,194.0,191.0,193.5,5950000.0
2022-08-31,192.0,193.5,192.0,192.0,9150000.0
2022-09-01,192.0,192.5,190.5,190.5,5710000.0
2022-09-02,190.5,192.0,190.0,191.5,3910000.0
2022-09-05,191.5,192.0,189.0,191.5,9130000.0
2022-09-06,191.0,194.0,190.5,193.5,9510000.0
2022-09-07,193.5,194.0,192.5,193.5,7090000.0
2022-09-08,193.0,193.5,192.5,193.0,5720000.0
2022-09-09,193.0,193.5,191.5,192.5,4920000.0
2022-09-12,192.0,193.0,191.5,192.0,3620000.0
2022-09-13,192.5,196.5,192.0,196.0,11940000.0
2022-09-14,194.5,196.0,194.5,195.0,8700000.0
2022-09-15,195.0,195.5,193.0,194.0,6660000.0
2022-09-16,193.0,194.0,192.5,193.0,5720000.0
2022-09-19,193.0,193.0,190.0,191.0,5470000.0
2022-09-20,191.0,192.5,190.0,191.0,5580000.0
2022-09-21,192.0,196.0,191.5,193.5,16740000.0
2022-09-22,193.5,194.5,192.5,194.0,4760000.0
2022-09-23,193.0,193.5,192.5,193.0,3050000.0
2022-09-26,192.5,200.0,192.0,198.5,19160000.0
2022-09-27,199.0,201.0,197.0,197.5,8650000.0
2022-09-28,196.5,200.0,196.0,197.5,8790000.0
2022-09-29,197.5,198.5,194.5,195.5,6700000.0
2022-09-30,195.5,197.0,194.5,195.0,5220000.0
2022-10-03,194.5,195.0,191.5,192.0,8460000.0
2022-10-04,192.0,194.0,190.0,193.0,7970000.0
2022-10-05,192.5,193.0,190.0,190.0,9980000.0
2022-10-06,190.0,190.5,185.0,186.5,20090000.0
2022-10-07,186.0,188.0,186.0,186.5,3660000.0
2022-10-10,186.0,186.0,184.0,184.5,6270000.0
2022-10-11,186.5,186.5,184.5,185.0,4580000.0
2022-10-12,185.0,185.0,183.5,184.5,3340000.0
2022-10-17,184.5,185.0,181.5,185.0,4850000.0
2022-10-18,185.0,187.5,184.0,185.0,8030000.0
2022-10-19,184.0,185.5,184.0,185.5,3700000.0
2022-10-20,185.5,190.0,184.5,189.0,14220000.0
2022-10-21,190.0,191.0,186.0,187.0,11680000.0
2022-10-25,187.0,187.5,185.0,185.5,4830000.0
2022-10-26,185.5,188.0,185.5,187.5,4480000.0
2022-10-27,188.0,188.5,187.0,188.0,5040000.0
2022-10-28,188.0,189.0,188.0,189.0,4210000.0
2022-10-31,189.5,191.5,189.0,191.0,7130000.0
2022-11-01,191.0,193.5,191.0,193.5,5180000.0
2022-11-02,193.5,194.0,192.5,192.5,5760000.0
2022-11-03,192.0,193.0,191.5,191.5,4460000.0
2022-11-04,192.0,192.0,186.5,187.0,14440000.0
2022-11-07,187.5,187.5,184.5,185.0,9740000.0
2022-11-08,185.0,188.5,185.0,187.5,6050000.0
2022-11-09,188.0,188.0,186.5,188.0,4490000.0
2022-11-10,186.0,187.0,185.0,186.5,6010000.0
2022-11-11,188.5,189.5,187.5,189.0,7630000.0
2022-11-14,188.0,190.0,188.0,188.5,4690000.0
2022-11-15,189.0,189.0,187.0,187.5,5070000.0
2022-11-16,187.0,189.0,187.0,187.5,5620000.0
2022-11-17,187.5,187.5,186.0,187.0,5790000.0
2022-11-18,188.0,190.0,187.5,190.0,7920000.0
2022-11-21,189.5,191.0,188.5,190.5,5000000.0
2022-11-22,190.5,191.5,189.5,190.0,7790000.0
2022-11-23,190.0,191.0,189.5,190.0,4280000.0
2022-11-24,190.5,191.0,188.0,189.0,4730000.0
2022-11-25,188.5,189.0,187.0,188.5,3170000.0
2022-11-28,188.0,189.0,187.0,188.5,2290000.0
2022-11-29,189.0,190.5,189.0,190.0,3560000.0
2022-11-30,189.0,190.0,188.5,189.0,8370000.0
2022-12-01,190.0,190.5,189.0,190.0,2910000.0
2022-12-02,190.0,190.0,188.5,188.5,3420000.0
2022-12-06,188.0,188.5,183.0,185.0,11190000.0
2022-12-07,185.0,187.5,185.0,186.5,3790000.0
2022-12-08,187.0,187.0,185.5,186.5,2850000.0
2022-12-09,186.0,187.5,186.0,187.0,2850000.0
2022-12-13,188.0,188.0,186.0,186.5,3710000.0
2022-12-14,187.0,187.0,185.5,186.5,3840000.0
2022-12-15,186.0,186.5,185.0,185.5,2780000.0
2022-12-16,185.0,186.0,184.5,185.0,4990000.0
2022-12-19,186.0,186.5,184.5,186.0,2960000.0
2022-12-20,186.0,187.0,185.0,186.0,2000000.0
2022-12-21,186.5,188.5,186.0,188.0,4690000.0
2022-12-22,189.0,189.5,188.0,188.5,4640000.0
2022-12-23,188.0,190.0,188.0,190.0,4750000.0
2022-12-26,190.5,193.0,190.0,192.0,7570000.0
2022-12-27,192.5,194.0,192.0,193.5,5130000.0
2022-12-28,194.0,195.0,193.5,194.0,3690000.0
2022-12-29,194.0,196.0,193.5,196.0,4650000.0
2022-12-30,196.0,197.0,194.5,195.0,6030000.0
2023-01-03,196.0,196.5,194.5,194.5,2990000.0
2023-01-04,194.5,197.5,194.0,197.0,5080000.0
2023-01-05,197.0,202.0,196.5,201.0,13620000.0
2023-01-06,201.0,202.0,199.5,201.0,4260000.0
2023-01-09,202.0,203.0,201.0,203.0,4560000.0
2023-01-10,204.0,204.0,202.0,203.0,4850000.0
2023-01-11,203.0,204.0,199.0,199.0,6660000.0
2023-01-12,200.0,203.0,199.5,201.0,7080000.0
2023-01-13,202.0,203.0,200.0,202.0,3940000.0
2023-01-16,203.0,203.0,201.0,202.0,3680000.0
2023-01-17,201.0,202.0,200.0,201.0,4210000.0
2023-01-18,200.0,202.0,200.0,202.0,3820000.0
2023-01-19,201.0,202.0,200.0,202.0,3120000.0
2023-01-20,202.0,202.0,200.0,200.0,4370000.0
2023-01-23,200.0,202.0,200.0,201.0,2550000.0
2023-01-24,201.0,202.0,200.0,200.0,2340000.0
2023-01-25,200.0,201.0,199.0,201.0,2430000.0
2023-01-26,201.0,202.0,199.0,200.0,4410000.0
2023-01-27,200.0,201.0,199.0,200.0,1970000.0
2023-01-30,200.0,201.0,196.5,197.5,8720000.0
2023-01-31,196.5,197.5,195.0,195.0,8280000.0
2023-02-01,196.0,198.5,196.0,198.0,4760000.0
2023-02-02,198.5,200.0,197.0,197.5,5750000.0
2023-02-03,197.5,198.5,197.0,198.5,2400000.0
2023-02-06,198.5,198.5,197.0,197.0,2110000.0
2023-02-07,197.0,198.0,196.0,196.5,3220000.0
2023-02-08,196.0,196.5,195.0,195.5,3770000.0
2023-02-09,195.0,201.0,194.0,199.5,11700000.0
2023-02-10,202.0,206.0,201.0,206.0,16100000.0
2023-02-13,208.0,210.0,207.0,210.0,11100000.0
2023-02-14,211.0,211.0,206.0,208.0,8700000.0
2023-02-15,207.0,210.0,206.0,209.0,5610000.0
2023-02-16,209.0,212.0,208.0,211.0,6840000.0
2023-02-17,210.0,211.0,208.0,209.0,6410000.0
2023-02-20,208.0,210.0,207.0,209.0,5040000.0
2023-02-21,210.0,211.0,208.0,210.0,6670000.0
2023-02-22,206.0,208.0,206.0,208.0,5610000.0
2023-02-23,207.0,208.0,205.0,206.0,4640000.0
2023-02-24,205.0,206.0,201.0,201.0,9420000.0
2023-02-27,201.0,201.0,198.5,200.0,7380000.0
2023-02-28,201.0,203.0,200.0,202.0,5710000.0
2023-03-01,202.0,204.0,201.0,202.0,7670000.0
2023-03-02,202.0,203.0,200.0,202.0,5280000.0
2023-03-03,203.0,203.0,200.0,203.0,4210000.0
2023-03-07,204.0,205.0,202.0,204.0,7240000.0
2023-03-08,201.0,204.0,201.0,204.0,6520000.0
2023-03-09,205.0,208.0,203.0,207.0,9660000.0
2023-03-10,206.0,209.0,205.0,209.0,7460000.0
2023-03-13,210.0,210.0,201.0,202.0,11560000.0
2023-03-14,200.0,207.0,200.0,201.0,13590000.0
2023-03-15,203.0,207.0,201.0,205.0,8990000.0
2023-03-16,202.0,207.0,202.0,207.0,6960000.0
2023-03-17,208.0,208.0,204.0,206.0,8670000.0
2023-03-20,207.0,210.0,206.0,209.0,9320000.0
2023-03-21,210.0,215.0,208.0,214.0,13700000.0
2023-03-22,214.0,214.0,211.0,214.0,9120000.0
2023-03-23,214.0,215.0,211.0,213.0,6940000.0
2023-03-24,215.0,215.0,212.0,213.0,5700000.0
2023-03-27,213.0,213.0,210.0,212.0,4280000.0
2023-03-28,213.0,214.0,211.0,214.0,3290000.0
2023-03-29,214.0,214.0,211.0,212.0,4270000.0
2023-03-30,212.0,213.0,211.0,211.0,4400000.0
2023-03-31,212.0,213.0,211.0,212.0,3140000.0
2023-04-03,213.0,213.0,211.0,213.0,2610000.0
2023-04-04,213.0,214.0,211.0,213.0,4920000.0
2023-04-05,213.0,213.0,209.0,209.0,4480000.0
2023-04-07,207.0,210.0,206.0,210.0,3620000.0
2023-04-10,211.0,213.0,209.0,212.0,4220000.0
2023-04-11,212.0,213.0,211.0,213.0,3170000.0
2023-04-12,213.0,214.0,210.0,211.0,3790000.0
2023-04-17,213.0,215.0,211.0,213.0,4410000.0
2023-04-18,213.0,214.0,212.0,212.0,2890000.0
2023-04-19,212.0,214.0,211.0,212.0,4750000.0
2023-04-20,211.0,212.0,209.0,210.0,4690000.0
2023-04-21,210.0,211.0,207.0,209.0,4720000.0
2023-04-24,209.0,209.0,206.0,208.0,5810000.0
2023-04-25,207.0,210.0,206.0,208.0,6070000.0
2023-04-26,208.0,212.0,208.0,212.0,4220000.0
2023-04-27,213.0,216.0,212.0,214.0,11110000.0
2023-04-28,214.0,216.0,212.0,214.0,4330000.0
2023-05-02,215.0,215.0,213.0,214.0,2330000.0
2023-05-03,213.0,215.0,210.0,214.0,6270000.0
2023-05-08,213.0,220.0,213.0,219.0,10060000.0
2023-05-09,219.0,219.0,216.0,218.0,4790000.0
2023-05-10,218.0,221.0,217.0,220.0,3980000.0
2023-05-11,220.0,221.0,219.0,219.0,3080000.0
2023-05-12,219.0,221.0,218.0,221.0,4500000.0
2023-05-15,222.0,222.0,210.0,211.0,13440000.0
2023-05-16,212.0,215.0,211.0,213.0,7060000.0
2023-05-17,215.0,216.0,214.0,215.0,5090000.0
2023-05-18,215.0,215.0,211.0,211.0,4420000.0
2023-05-19,211.0,212.0,209.0,210.0,3590000.0
2023-05-22,209.0,212.0,206.0,212.0,5550000.0
2023-05-23,212.0,213.0,210.0,213.0,3310000.0
2023-05-24,212.0,213.0,211.0,211.0,2440000.0
2023-05-25,212.0,213.0,210.0,212.0,3730000.0
2023-05-26,211.0,213.0,210.0,212.0,2330000.0
2023-05-29,212.0,214.0,211.0,212.0,3850000.0
2023-05-30,212.0,213.0,211.0,212.0,3500000.0
2023-05-31,211.0,213.0,211.0,211.0,6550000.0
2023-06-01,211.0,213.0,208.0,210.0,4210000.0
2023-06-02,210.0,213.0,208.0,212.0,4180000.0
2023-06-06,214.0,214.0,211.0,214.0,4440000.0
2023-06-07,215.0,215.0,213.0,215.0,5340000.0
2023-06-08,215.0,218.0,214.0,217.0,5250000.0
2023-06-09,217.0,219.0,217.0,219.0,4730000.0
2023-06-12,218.0,219.0,216.0,218.0,3390000.0
2023-06-13,217.0,219.0,216.0,218.0,3610000.0
2023-06-14,217.0,218.0,215.0,218.0,2500000.0
2023-06-15,218.0,218.0,216.0,218.0,3520000.0
2023-06-16,218.0,219.0,216.0,218.0,5040000.0
2023-06-19,217.0,218.0,215.0,216.0,1550000.0
2023-06-20,217.0,219.0,216.0,219.0,3760000.0
2023-06-21,219.0,219.0,216.0,216.0,3260000.0
2023-06-22,216.0,216.0,211.0,212.0,5320000.0
2023-06-23,211.0,213.0,209.0,211.0,4420000.0
2023-06-26,211.0,213.0,210.0,210.0,2780000.0
2023-06-27,211.0,213.0,210.0,210.0,3280000.0
2023-06-28,211.0,212.0,210.0,212.0,3910000.0
2023-06-29,212.0,213.0,211.0,211.0,3420000.0
2023-06-30,213.0,216.0,211.0,214.0,6950000.0
2023-07-03,215.0,215.0,210.0,212.0,4510000.0
2023-07-04,211.0,215.0,209.0,214.0,7480000.0
2023-07-05,215.0,218.0,215.0,216.0,7110000.0
2023-07-06,218.0,219.0,215.0,216.0,4810000.0
2023-07-07,215.0,217.0,214.0,214.0,3860000.0
2023-07-10,215.0,216.0,213.0,214.0,3950000.0
2023-07-11,214.0,216.0,213.0,216.0,3820000.0
2023-07-12,217.0,218.0,215.0,217.0,5570000.0
2023-07-13,218.0,219.0,217.0,218.0,3740000.0
2023-07-14,219.0,222.0,218.0,222.0,6130000.0
2023-07-17,223.0,223.0,220.0,222.0,5300000.0
2023-07-18,222.0,225.0,221.0,225.0,3130000.0
2023-07-19,224.0,225.0,220.0,221.0,5920000.0
2023-07-20,221.0,222.0,219.0,220.0,3840000.0
2023-07-21,220.0,223.0,218.0,222.0,4480000.0
2023-07-24,222.0,223.0,221.0,222.0,2180000.0
2023-07-25,222.0,223.0,220.0,222.0,2080000.0
2023-07-26,222.0,223.0,221.0,223.0,2120000.0
2023-07-27,223.0,225.0,221.0,224.0,4950000.0
2023-07-31,225.0,227.0,223.0,226.0,7940000.0
2023-08-02,222.0,228.0,222.0,226.0,5650000.0
2023-08-03,226.0,227.0,222.0,222.0,5540000.0
2023-08-04,222.0,226.0,222.0,224.0,2890000.0
2023-08-07,224.0,226.0,222.0,224.0,4980000.0
2023-08-08,223.0,225.0,220.0,220.0,5830000.0
2023-08-09,220.0,222.0,218.0,222.0,3690000.0
2023-08-10,221.0,222.0,219.0,221.0,4640000.0
2023-08-11,221.0,222.0,220.0,221.0,2200000.0
2023-08-15,222.0,222.0,219.0,221.0,2560000.0
2023-08-16,220.0,222.0,218.0,222.0,5810000.0
2023-08-17,221.0,223.0,220.0,223.0,3620000.0
2023-08-18,220.0,223.0,219.0,222.0,6950000.0
2023-08-21,222.0,222.0,219.0,222.0,5710000.0
2023-08-22,222.0,223.0,219.0,221.0,6750000.0
2023-08-23,220.0,223.0,220.0,222.0,4640000.0
2023-08-24,223.0,223.0,220.0,220.0,4640000.0
2023-08-25,219.0,220.0,216.0,218.0,7530000.0
2023-08-28,218.0,219.0,216.0,219.0,3470000.0
2023-08-29,219.0,220.0,213.0,214.0,12840000.0
2023-08-30,217.0,219.0,215.0,217.0,8100000.0
2023-08-31,216.0,218.0,215.0,216.0,6570000.0
2023-09-01,216.0,217.0,214.0,215.0,3490000.0
2023-09-04,214.0,215.0,212.0,213.0,4370000.0
2023-09-05,213.0,215.0,212.0,214.0,2960000.0
2023-09-06,214.0,216.0,213.0,214.0,3510000.0
2023-09-07,214.0,217.0,214.0,216.0,3710000.0
2023-09-08,216.0,217.0,215.0,216.0,1860000.0
2023-09-11,217.0,218.0,215.0,218.0,4420000.0
2023-09-12,218.0,219.0,216.0,219.0,3380000.0
2023-09-13,218.0,220.0,217.0,219.0,2870000.0
2023-09-14,220.0,221.0,219.0,221.0,2990000.0
2023-09-15,221.0,223.0,219.0,222.0,6570000.0
2023-09-18,222.0,223.0,221.0,222.0,2940000.0
2023-09-19,223.0,225.0,222.0,225.0,7090000.0
2023-09-20,225.0,225.0,221.0,221.0,6500000.0
2023-09-21,221.0,224.0,220.0,222.0,3710000.0
2023-09-22,224.0,231.0,223.0,228.0,10980000.0
2023-09-25,229.0,229.0,226.0,226.0,2950000.0
2023-09-26,225.0,228.0,225.0,225.0,6090000.0
2023-09-27,224.0,228.0,224.0,226.0,3340000.0
2023-09-28,226.0,228.0,224.0,225.0,5340000.0
2023-09-29,227.0,228.0,226.0,228.0,5660000.0
2023-10-02,229.0,230.0,226.0,228.0,7620000.0
2023-10-03,227.0,228.0,224.0,226.0,8170000.0
2023-10-04,224.0,227.0,224.0,226.0,4080000.0
2023-10-05,226.0,226.0,222.0,225.0,3830000.0
2023-10-06,226.0,226.0,222.0,223.0,2880000.0
2023-10-09,223.0,224.0,220.0,223.0,2900000.0
2023-10-10,224.0,224.0,220.0,222.0,2170000.0
2023-10-11,222.0,224.0,221.0,222.0,3540000.0
2023-10-12,222.0,224.0,222.0,224.0,2470000.0
2023-10-16,224.0,224.0,221.0,223.0,4080000.0
2023-10-17,224.0,224.0,222.0,222.0,1710000.0
2023-10-18,222.0,225.0,222.0,225.0,2370000.0
2023-10-19,226.0,227.0,223.0,226.0,4340000.0
2023-10-20,225.0,225.0,220.0,220.0,4400000.0
2023-10-24,220.0,221.0,215.0,215.0,5920000.0
2023-10-25,216.0,219.0,215.0,216.0,3660000.0
2023-10-26,216.0,219.0,215.0,215.0,4130000.0
2023-10-27,216.0,218.0,215.0,217.0,2740000.0
2023-10-30,216.0,220.0,216.0,219.0,2880000.0
2023-10-31,223.0,224.0,219.0,220.0,7400000.0
2023-11-01,217.0,217.0,211.0,212.0,10390000.0
2023-11-02,214.0,217.0,212.0,215.0,7660000.0
2023-11-03,217.0,219.0,216.0,219.0,4330000.0
2023-11-06,220.0,223.0,220.0,222.0,6780000.0
2023-11-07,224.0,226.0,221.0,221.0,8350000.0
2023-11-08,222.0,224.0,221.0,224.0,3510000.0
2023-11-09,223.0,224.0,221.0,222.0,4880000.0
2023-11-10,222.0,223.0,221.0,222.0,3770000.0
2023-11-13,222.0,225.0,221.0,225.0,2990000.0
2023-11-14,225.0,227.0,222.0,223.0,4450000.0
2023-11-15,224.0,225.0,217.0,218.0,9680000.0
2023-11-16,217.0,220.0,217.0,218.0,4870000.0
2023-11-17,218.0,220.0,217.0,218.0,3070000.0
2023-11-20,217.0,218.0,215.0,216.0,3670000.0
2023-11-21,216.0,217.0,214.0,216.0,6110000.0
2023-11-22,217.0,219.0,215.0,218.0,3010000.0
2023-11-23,218.0,219.0,216.0,218.0,2730000.0
2023-11-24,218.0,218.0,215.0,217.0,3780000.0
2023-11-27,217.0,217.0,215.0,216.0,2360000.0
2023-11-28,217.0,219.0,216.0,217.0,3100000.0
2023-11-29,218.0,218.0,217.0,218.0,2620000.0
2023-11-30,218.0,218.0,217.0,218.0,6080000.0
2023-12-01,218.0,219.0,217.0,219.0,2300000.0
2023-12-04,219.0,222.0,218.0,221.0,6040000.0
2023-12-06,221.0,222.0,219.0,221.0,4530000.0
2023-12-07,219.0,220.0,217.0,220.0,3640000.0
2023-12-08,220.0,220.0,218.0,220.0,2060000.0
2023-12-12,220.0,220.0,218.0,220.0,2770000.0
2023-12-13,219.0,220.0,217.0,218.0,2550000.0
2023-12-14,219.0,220.0,218.0,218.0,3040000.0
2023-12-15,219.0,220.0,218.0,220.0,5890000.0
2023-12-18,220.0,220.0,218.0,218.0,1550000.0
2023-12-19,218.0,219.0,217.0,219.0,2250000.0
2023-12-20,219.0,221.0,219.0,220.0,3090000.0
2023-12-21,221.0,221.0,219.0,220.0,2440000.0
2023-12-22,220.0,222.0,220.0,221.0,2970000.0
2023-12-25,221.0,222.0,220.0,221.0,1350000.0
2023-12-26,220.0,222.0,218.0,219.0,4740000.0
2023-12-27,219.0,220.0,218.0,219.0,5370000.0
2023-12-28,219.0,219.0,216.0,217.0,6050000.0
2024-01-02,217.0,220.0,217.0,218.0,3420000.0
2024-01-03,218.0,220.0,218.0,219.0,3800000.0
2024-01-04,218.0,219.0,217.0,219.0,2940000.0
2024-01-05,218.0,219.0,213.0,214.0,9840000.0
2024-01-08,214.0,215.0,213.0,214.0,3090000.0
2024-01-09,216.0,217.0,215.0,217.0,5240000.0
2024-01-10,217.0,217.0,215.0,216.0,3890000.0
2024-01-11,217.0,218.0,216.0,217.0,3230000.0
2024-01-12,217.0,219.0,216.0,218.0,4330000.0
2024-01-15,218.0,218.0,216.0,217.0,3320000.0
2024-01-16,217.0,217.0,215.0,217.0,2600000.0
2024-01-17,216.0,216.0,213.0,213.0,4800000.0
2024-01-18,214.0,215.0,213.0,215.0,2660000.0
2024-01-19,215.0,218.0,215.0,218.0,3160000.0
2024-01-22,217.0,217.0,215.0,216.0,2480000.0
2024-01-23,215.0,216.0,214.0,215.0,3000000.0
2024-01-24,215.0,218.0,214.0,216.0,3220000.0
2024-01-25,216.0,218.0,216.0,218.0,2700000.0
2024-01-26,218.0,219.0,216.0,216.0,6720000.0
2024-01-29,217.0,218.0,217.0,218.0,2530000.0
2024-01-30,217.0,219.0,216.0,219.0,3000000.0
2024-01-31,218.0,219.0,217.0,219.0,4750000.0
2024-02-01,218.0,220.0,217.0,220.0,3030000.0
2024-02-02,220.0,221.0,219.0,221.0,2720000.0
2024-02-05,220.0,221.0,219.0,219.0,2940000.0
2024-02-06,220.0,221.0,217.0,218.0,5130000.0
2024-02-07,218.0,219.0,217.0,218.0,5230000.0
2024-02-08,219.0,219.0,214.0,214.0,6480000.0
2024-02-09,215.0,216.0,213.0,214.0,3840000.0
2024-02-12,215.0,216.0,215.0,215.0,1870000.0
2024-02-13,215.0,216.0,214.0,214.0,3550000.0
2024-02-14,214.0,214.0,212.0,213.0,4230000.0
2024-02-15,213.0,213.0,210.0,210.0,5480000.0
2024-02-16,211.0,214.0,211.0,213.0,7180000.0
2024-02-19,209.0,210.0,208.0,209.0,2990000.0
2024-02-20,210.0,210.0,207.0,207.0,4350000.0
2024-02-21,208.0,209.0,203.0,205.0,12360000.0
2024-02-22,205.0,211.0,204.0,209.0,8950000.0
2024-02-23,209.0,209.0,206.0,206.0,4200000.0
2024-02-27,207.0,208.0,205.0,205.0,3850000.0
2024-02-28,205.0,206.0,204.0,204.0,2710000.0
2024-02-29,205.0,205.0,200.0,201.0,10430000.0
2024-03-01,201.0,208.0,201.0,206.0,6040000.0
2024-03-04,206.0,209.0,206.0,208.0,4850000.0
2024-03-05,207.0,207.0,204.0,206.0,4800000.0
2024-03-06,205.0,207.0,204.0,206.0,2320000.0
2024-03-07,208.0,212.0,207.0,211.0,8100000.0
2024-03-08,211.0,212.0,211.0,211.0,2480000.0
2024-03-11,211.0,212.0,211.0,211.0,2290000.0
2024-03-12,210.0,210.0,206.0,210.0,6240000.0
2024-03-13,209.0,209.0,208.0,208.0,3350000.0
2024-03-14,209.0,210.0,208.0,209.0,3480000.0
2024-03-15,209.0,209.0,206.0,206.0,8690000.0
2024-03-18,207.0,210.0,207.0,209.0,3300000.0
2024-03-19,210.0,212.0,209.0,210.0,8110000.0
2024-03-20,210.0,211.0,208.0,208.0,4740000.0
2024-03-21,210.0,212.0,210.0,211.0,3870000.0
2024-03-22,210.0,211.0,208.0,209.0,2740000.0
2024-03-25,210.0,212.0,206.0,208.0,7480000.0
2024-03-26,207.0,207.0,204.0,205.0,5370000.0
2024-03-27,205.0,206.0,204.0,206.0,2940000.0
2024-03-28,205.0,206.0,204.0,204.0,3840000.0
2024-03-29,204.0,206.0,204.0,205.0,2500000.0
2024-04-01,205.0,207.0,204.0,205.0,3340000.0
2024-04-02,205.0,206.0,203.0,203.0,3180000.0
2024-04-03,202.0,205.0,202.0,204.0,7310000.0
2024-04-04,205.0,205.0,203.0,203.0,3740000.0
2024-04-05,203.0,205.0,203.0,204.0,2500000.0
2024-04-09,205.0,207.0,204.0,207.0,8290000.0
2024-04-10,207.0,208.0,204.0,204.0,9390000.0
2024-04-11,204.0,204.0,202.0,202.0,4700000.0
2024-04-17,202.0,202.0,198.5,199.5,8600000.0
2024-04-18,199.0,200.0,195.5,197.0,8760000.0
2024-04-19,194.0,197.0,193.0,195.5,7930000.0
2024-04-22,197.5,199.0,197.0,197.5,3590000.0
2024-04-23,198.0,199.5,196.0,198.5,3640000.0
2024-04-24,199.5,199.5,196.0,196.0,5680000.0
2024-04-25,196.5,198.0,196.5,197.5,2180000.0
2024-04-26,197.5,197.5,194.5,195.0,5060000.0
2024-04-29,196.0,198.0,196.0,197.0,4380000.0
2024-04-30,197.5,201.0,197.0,197.5,7210000.0
2024-05-02,207.0,209.0,205.0,207.0,16520000.0
2024-05-03,208.0,209.0,206.0,207.0,5680000.0
2024-05-07,209.0,211.0,209.0,209.0,7410000.0
2024-05-08,209.0,209.0,205.0,206.0,8740000.0
2024-05-09,207.0,209.0,206.0,206.0,5190000.0
2024-05-10,205.0,206.0,203.0,206.0,6480000.0
2024-05-13,205.0,206.0,204.0,205.0,4830000.0
2024-05-14,205.0,206.0,205.0,205.0,2430000.0
2024-05-15,206.0,207.0,205.0,206.0,3300000.0
2024-05-16,207.0,208.0,206.0,207.0,3810000.0
2024-05-17,207.0,209.0,206.0,208.0,2340000.0
2024-05-20,209.0,210.0,207.0,208.0,2460000.0
2024-05-21,207.0,208.0,206.0,206.0,3230000.0
2024-05-23,206.0,209.0,206.0,207.0,3570000.0
2024-05-24,207.0,208.0,206.0,207.0,1500000.0
2024-05-27,207.0,208.0,206.0,207.0,2150000.0
2024-05-28,207.0,208.0,207.0,207.0,2080000.0
2024-05-29,207.0,207.0,204.0,204.0,4770000.0
2024-05-30,203.0,206.0,203.0,205.0,2810000.0
2024-05-31,205.0,206.0,203.0,203.0,9180000.0
2024-06-04,203.0,208.0,202.0,207.0,6440000.0
2024-06-05,207.0,209.0,206.0,208.0,5290000.0
2024-06-06,209.0,210.0,208.0,208.0,5250000.0
2024-06-07,208.0,212.0,208.0,211.0,7970000.0
2024-06-10,211.0,212.0,208.0,209.0,7500000.0
2024-06-11,210.0,212.0,209.0,211.0,8580000.0
2024-06-12,211.0,212.0,209.0,210.0,4980000.0
2024-06-13,210.0,211.0,209.0,209.0,2560000.0
2024-06-14,210.0,211.0,209.0,211.0,1820000.0
2024-06-17,212.0,212.0,208.0,209.0,6770000.0
2024-06-18,209.0,210.0,206.0,207.0,3100000.0
2024-06-19,208.0,208.0,204.0,207.0,3420000.0
2024-06-20,206.0,208.0,204.0,208.0,4730000.0
2024-06-21,208.0,209.0,207.0,208.0,4250000.0
2024-06-24,208.0,209.0,207.0,207.0,2400000.0
2024-06-25,208.0,210.0,207.0,210.0,1970000.0
2024-06-26,210.0,212.0,210.0,211.0,3700000.0
2024-06-27,210.0,212.0,210.0,211.0,2200000.0
2024-06-28,212.0,212.0,208.0,209.0,7020000.0
2024-07-01,209.0,211.0,208.0,211.0,2180000.0
2024-07-02,210.0,212.0,209.0,210.0,3810000.0
2024-07-03,211.0,211.0,210.0,211.0,1710000.0
2024-07-04,210.0,211.0,208.0,210.0,2930000.0
2024-07-05,210.0,211.0,209.0,210.0,1760000.0
2024-07-08,210.0,214.0,210.0,213.0,3990000.0
2024-07-09,216.0,219.0,215.0,218.0,8890000.0
2024-07-10,219.0,222.0,218.0,221.0,7630000.0
2024-07-11,220.0,224.0,219.0,222.0,6380000.0
2024-07-12,221.0,222.0,219.0,221.0,4850000.0
2024-07-15,221.0,224.0,220.0,223.0,5090000.0
2024-07-16,222.0,223.0,220.0,220.0,3930000.0
2024-07-17,224.0,228.0,223.0,224.0,21310000.0
2024-07-18,225.0,230.0,225.0,228.0,8500000.0
2024-07-19,225.0,228.0,225.0,228.0,6260000.0
2024-07-23,228.0,228.0,224.0,224.0,3530000.0
2024-07-24,223.0,225.0,222.0,222.0,4760000.0
2024-07-25,221.0,224.0,221.0,223.0,3840000.0
2024-07-26,223.0,227.0,221.0,227.0,6610000.0
2024-07-30,226.0,234.0,224.0,230.0,10380000.0
2024-07-31,231.0,235.0,230.0,234.0,6810000.0
2024-08-01,233.0,235.0,233.0,233.0,4570000.0
2024-08-02,234.0,239.0,233.0,238.0,7720000.0
2024-08-05,237.0,246.0,237.0,240.0,17940000.0
2024-08-06,241.0,242.0,235.0,238.0,7480000.0
2024-08-07,239.0,241.0,235.0,239.0,8980000.0
2024-08-08,240.0,243.0,238.0,239.0,6570000.0
2024-08-09,241.0,247.0,240.0,245.0,6540000.0
2024-08-13,244.0,245.0,242.0,245.0,2640000.0
2024-08-14,246.0,247.0,240.0,245.0,5230000.0
2024-08-15,243.0,247.0,243.0,244.0,3040000.0
2024-08-16,245.0,245.0,240.0,241.0,3980000.0
2024-08-19,238.0,241.0,237.0,241.0,4940000.0
2024-08-20,241.0,246.0,241.0,244.0,6030000.0
2024-08-21,245.0,246.0,243.0,244.0,2800000.0
2024-08-22,244.0,246.0,241.0,243.0,4960000.0
2024-08-23,243.0,247.0,242.0,247.0,6220000.0
2024-08-26,246.0,249.0,245.0,248.0,4360000.0
2024-08-27,248.0,251.0,247.0,247.0,4010000.0
2024-08-28,247.0,252.0,247.0,250.0,8050000.0
2024-08-29,250.0,251.0,245.0,246.0,7400000.0
2024-08-30,248.0,248.0,245.0,247.0,7020000.0
2024-09-02,245.0,247.0,244.0,246.0,2820000.0
2024-09-03,245.0,249.0,245.0,248.0,4270000.0
2024-09-04,247.0,249.0,246.0,248.0,3030000.0
2024-09-05,249.0,268.0,249.0,267.0,17730000.0
2024-09-06,267.0,271.0,265.0,269.0,11170000.0
2024-09-09,268.0,269.0,259.0,260.0,11220000.0
2024-09-10,258.0,263.0,257.0,259.0,8000000.0
2024-09-11,258.0,261.0,257.0,259.0,6990000.0
2024-09-12,261.0,263.0,258.0,259.0,6700000.0
2024-09-13,258.0,260.0,256.0,260.0,4690000.0
2024-09-16,260.0,260.0,256.0,256.0,4820000.0
2024-09-17,256.0,259.0,253.0,259.0,6850000.0
2024-09-18,259.0,263.0,258.0,260.0,4760000.0
2024-09-19,260.0,262.0,258.0,262.0,3370000.0
2024-09-20,262.0,263.0,259.0,259.0,5550000.0
2024-09-23,260.0,261.0,254.0,258.0,5870000.0
2024-09-24,258.0,265.0,257.0,265.0,5900000.0
2024-09-25,264.0,268.0,264.0,265.0,5260000.0
2024-09-26,263.0,264.0,259.0,264.0,6530000.0
2024-09-27,263.0,263.0,260.0,260.0,3560000.0
2024-09-30,259.0,261.0,258.0,260.0,5410000.0
2024-10-01,260.0,268.0,259.0,266.0,8090000.0
2024-10-02,265.0,267.0,262.0,265.0,5030000.0
2024-10-03,263.0,270.0,262.0,270.0,7820000.0
2024-10-04,267.0,271.0,266.0,267.0,6260000.0
2024-10-07,267.0,269.0,266.0,269.0,3290000.0
2024-10-08,268.0,270.0,265.0,268.0,6990000.0
2024-10-09,268.0,271.0,267.0,270.0,4500000.0
2024-10-10,271.0,275.0,270.0,272.0,7140000.0
2024-10-11,272.0,278.0,272.0,278.0,4390000.0
2024-10-15,277.0,281.0,276.0,280.0,6270000.0
2024-10-16,280.0,289.0,276.0,287.0,9530000.0
2024-10-17,286.0,299.0,286.0,297.0,7890000.0
2024-10-18,295.0,296.0,280.0,282.0,17270000.0
2024-10-21,280.0,285.0,280.0,284.0,7410000.0
2024-10-22,282.0,284.0,272.0,275.0,9760000.0
2024-10-24,277.0,278.0,273.0,275.0,7290000.0
2024-10-25,276.0,276.0,273.0,274.0,4970000.0
2024-10-28,276.0,277.0,270.0,271.0,6490000.0
2024-10-29,271.0,274.0,265.0,266.0,11250000.0
2024-10-30,266.0,272.0,265.0,268.0,11440000.0
2024-10-31,267.0,276.0,266.0,275.0,8130000.0
2024-11-01,274.0,274.0,270.0,272.0,4630000.0
2024-11-04,274.0,275.0,269.0,272.0,4020000.0
2024-11-05,272.0,278.0,271.0,278.0,5140000.0
2024-11-06,277.0,281.0,274.0,274.0,8720000.0
2024-11-07,275.0,297.0,275.0,285.0,14820000.0
2024-11-08,286.0,288.0,280.0,283.0,4890000.0
2024-11-11,283.0,286.0,279.0,285.0,4430000.0
2024-11-12,285.0,288.0,283.0,286.0,4750000.0
2024-11-13,286.0,290.0,283.0,286.0,6740000.0
2024-11-14,285.0,287.0,279.0,285.0,13320000.0
2024-11-15,285.0,286.0,280.0,286.0,7280000.0
2024-11-18,287.0,288.0,283.0,286.0,3930000.0
2024-11-19,286.0,287.0,283.0,284.0,4230000.0
2024-11-20,285.0,286.0,282.0,282.0,4160000.0
2024-11-21,285.0,293.0,285.0,286.0,6260000.0
2024-11-22,286.0,292.0,283.0,289.0,9720000.0
2024-11-25,291.0,291.0,287.0,288.0,6520000.0
2024-11-26,288.0,288.0,282.0,283.0,6180000.0
2024-11-27,282.0,284.0,280.0,281.0,4330000.0
2024-11-28,281.0,286.0,280.0,286.0,4370000.0
2024-11-29,284.0,287.0,283.0,285.0,4720000.0
2024-12-02,286.0,288.0,285.0,286.0,2950000.0
2024-12-03,288.0,299.0,288.0,296.0,10420000.0
2024-12-04,296.0,296.0,288.0,289.0,7520000.0
2024-12-06,290.0,296.0,289.0,295.0,4130000.0
2024-12-09,292.0,297.0,290.0,295.0,4190000.0
2024-12-11,291.0,295.0,289.0,289.0,6510000.0
2024-12-12,290.0,292.0,285.0,287.0,6760000.0
2024-12-13,285.0,288.0,285.0,287.0,4640000.0
2024-12-16,285.0,286.0,283.0,286.0,3690000.0
2024-12-17,285.0,286.0,279.0,279.0,7860000.0
2024-12-18,280.0,284.0,279.0,282.0,5250000.0
2024-12-19,278.0,281.0,273.0,274.0,7400000.0
2024-12-20,271.0,276.0,268.0,274.0,8410000.0
2024-12-23,276.0,286.0,276.0,284.0,5400000.0
2024-12-24,284.0,286.0,283.0,284.0,3780000.0
2024-12-25,285.0,287.0,284.0,286.0,1680000.0
2024-12-26,286.0,288.0,285.0,287.0,2300000.0
2024-12-27,286.0,293.0,285.0,289.0,5170000.0
2024-12-30,289.0,292.0,287.0,287.0,3430000.0
2025-01-02,286.0,288.0,282.0,285.0,3020000.0
2025-01-03,285.0,286.0,283.0,285.0,3300000.0
2025-01-06,285.0,286.0,278.0,278.0,4810000.0
2025-01-07,279.0,284.0,279.0,281.0,5290000.0
2025-01-08,281.0,285.0,280.0,284.0,5080000.0
2025-01-09,282.0,282.0,272.0,276.0,9650000.0
2025-01-10,279.0,283.0,274.0,283.0,4630000.0
2025-01-13,280.0,284.0,280.0,282.0,3750000.0
2025-01-14,284.0,286.0,282.0,284.0,4850000.0
2025-01-15,284.0,287.0,278.0,287.0,7850000.0
2025-01-16,287.0,290.0,284.0,290.0,6270000.0
2025-01-17,289.0,291.0,284.0,284.0,6940000.0
2025-01-20,285.0,286.0,282.0,283.0,2400000.0
2025-01-21,283.0,288.0,282.0,288.0,3460000.0
2025-01-22,286.0,290.0,286.0,289.0,3960000.0
2025-01-23,287.0,288.0,283.0,283.0,5080000.0
2025-01-24,285.0,287.0,284.0,287.0,3360000.0
2025-01-27,285.0,289.0,285.0,287.0,2820000.0
2025-01-28,289.0,292.0,286.0,288.0,5880000.0
2025-01-29,288.0,290.0,284.0,285.0,5320000.0
2025-01-30,284.0,288.0,284.0,286.0,2160000.0
2025-01-31,286.0,288.0,280.0,284.0,4730000.0
2025-02-03,279.0,281.0,275.0,279.0,5340000.0
2025-02-04,281.0,283.0,279.0,279.0,4490000.0
2025-02-05,282.0,285.0,280.0,281.0,5960000.0
2025-02-06,282.0,283.0,275.0,275.0,4740000.0
2025-02-07,277.0,280.0,272.0,280.0,10410000.0
2025-02-10,281.0,285.0,280.0,283.0,9770000.0
2025-02-11,284.0,285.0,280.0,284.0,10930000.0
2025-02-13,287.0,307.0,286.0,304.0,28390000.0
2025-02-14,303.0,304.0,295.0,299.0,9540000.0
2025-02-17,305.0,305.0,295.0,296.0,7980000.0
2025-02-18,296.0,297.0,291.0,294.0,8010000.0
2025-02-19,295.0,298.0,292.0,295.0,8970000.0
2025-02-20,288.0,289.0,283.0,283.0,10150000.0
2025-02-21,282.0,289.0,280.0,286.0,8070000.0
2025-02-24,286.0,287.0,281.0,286.0,6040000.0
2025-02-25,284.0,285.0,275.0,277.0,9550000.0
2025-02-26,278.0,288.0,277.0,285.0,8230000.0
2025-02-27,285.0,286.0,277.0,281.0,10750000.0
2025-02-28,277.0,278.0,273.0,276.0,15020000.0
2025-03-03,278.0,280.0,270.0,271.0,8300000.0
2025-03-04,270.0,272.0,266.0,268.0,9760000.0
2025-03-05,270.0,277.0,268.0,272.0,8880000.0
2025-03-06,273.0,275.0,270.0,274.0,7850000.0
2025-03-07,274.0,276.0,271.0,274.0,6830000.0
2025-03-10,272.0,273.0,268.0,268.0,3710000.0
2025-03-11,267.0,273.0,264.0,270.0,8030000.0
2025-03-12,271.0,273.0,265.0,265.0,7320000.0
2025-03-13,267.0,271.0,267.0,269.0,3270000.0
2025-03-14,269.0,271.0,267.0,267.0,3700000.0
2025-03-17,268.0,269.0,259.0,259.0,8330000.0
2025-03-18,263.0,267.0,260.0,263.0,6370000.0
2025-03-19,264.0,268.0,262.0,266.0,6230000.0
2025-03-20,269.0,271.0,265.0,266.0,7070000.0
2025-03-21,266.0,268.0,261.0,268.0,9840000.0
2025-03-24,267.0,275.0,266.0,274.0,4040000.0
2025-03-25,273.0,275.0,271.0,275.0,5290000.0
2025-03-26,276.0,278.0,272.0,272.0,3710000.0
2025-03-27,272.0,276.0,272.0,275.0,1950000.0
2025-03-28,274.0,275.0,272.0,273.0,1420000.0
2025-03-31,270.0,275.0,270.0,275.0,4480000.0
2025-04-01,276.0,281.0,276.0,281.0,4860000.0
2025-04-02,282.0,282.0,277.0,277.0,3490000.0
2025-04-03,277.0,280.0,276.0,278.0,3760000.0
2025-04-04,277.0,278.0,270.0,272.0,4830000.0
2025-04-08,270.0,272.0,264.0,271.0,10800000.0
2025-04-09,273.0,275.0,269.0,270.0,7360000.0
2025-04-10,275.0,280.0,273.0,280.0,6480000.0
2025-04-11,281.0,285.0,278.0,284.0,5060000.0
2025-04-16,285.0,285.0,281.0,284.0,6010000.0
2025-04-17,284.0,284.0,279.0,280.0,2480000.0
2025-04-18,280.0,283.0,278.0,282.0,2270000.0
2025-04-21,282.0,283.0,279.0,281.0,1850000.0
2025-04-22,280.0,283.0,279.0,281.0,6550000.0
2025-04-23,284.0,285.0,281.0,283.0,3590000.0
2025-04-24,283.0,283.0,279.0,280.0,3780000.0
2025-04-25,281.0,282.0,276.0,277.0,3990000.0
2025-04-28,276.0,279.0,276.0,278.0,3060000.0
2025-04-29,279.0,284.0,278.0,284.0,4230000.0
2025-04-30,285.0,295.0,283.0,295.0,11710000.0
2025-05-02,300.0,300.0,292.0,295.0,5340000.0
2025-05-06,297.0,302.0,294.0,297.0,7640000.0
2025-05-07,305.0,309.0,300.0,304.0,13610000.0
2025-05-08,305.0,309.0,301.0,305.0,10320000.0
2025-05-09,306.0,309.0,300.0,303.0,7300000.0
2025-05-13,306.0,307.0,299.0,303.0,12400000.0
2025-05-14,301.0,303.0,298.0,302.0,9680000.0
2025-05-15,302.0,302.0,294.0,296.0,7330000.0
2025-05-16,297.0,297.0,286.0,289.0,12030000.0
2025-05-19,292.0,296.0,291.0,294.0,4420000.0
2025-05-20,295.0,299.0,293.0,294.0,5310000.0
2025-05-21,297.0,297.0,291.0,297.0,5940000.0
2025-05-22,296.0,298.0,294.0,297.0,4690000.0
2025-05-23,297.0,297.0,292.0,293.0,2790000.0
2025-05-26,294.0,295.0,291.0,294.0,1940000.0
2025-05-27,294.0,294.0,290.0,292.0,3390000.0
2025-05-28,292.0,294.0,287.0,288.0,5500000.0
2025-05-29,291.0,291.0,285.0,287.0,5930000.0
2025-05-30,287.0,291.0,284.0,286.0,27550000.0
2025-06-04,285.0,294.0,283.0,293.0,9940000.0
2025-06-05,295.0,295.0,291.0,293.0,3960000.0
2025-06-06,293.0,295.0,289.0,290.0,3480000.0
2025-06-09,291.0,292.0,288.0,289.0,2890000.0
2025-06-10,288.0,291.0,287.0,288.0,2260000.0
2025-06-11,288.0,293.0,288.0,292.0,3820000.0
2025-06-12,291.0,291.0,285.0,286.0,4360000.0
2025-06-13,284.0,286.0,282.0,284.0,3140000.0
2025-06-16,283.0,286.0,282.0,282.0,5020000.0
2025-06-17,284.0,285.0,280.0,282.0,6400000.0
2025-06-18,281.0,282.0,277.0,278.0,6280000.0
2025-06-19,275.0,277.0,267.0,269.0,10360000.0
2025-06-20,275.0,275.0,267.0,269.0,9300000.0
2025-06-23,267.0,276.0,267.0,274.0,8180000.0
2025-06-24,277.0,279.0,274.0,278.0,10720000.0
2025-06-25,276.0,280.0,276.0,279.0,7150000.0
2025-06-26,280.0,283.0,279.0,282.0,7500000.0
2025-06-27,280.0,281.0,269.0,270.0,12250000.0
2025-06-30,277.0,280.0,274.0,278.0,14950000.0
2025-07-01,279.0,284.0,275.0,283.0,8890000.0
2025-07-02,284.0,286.0,278.0,281.0,7900000.0
2025-07-03,281.0,282.0,278.0,280.0,5220000.0
2025-07-04,281.0,281.0,277.0,279.0,3040000.0
2025-07-07,281.0,287.0,280.0,287.0,6400000.0
2025-07-08,287.0,288.0,284.0,284.0,4500000.0
2025-07-09,284.0,285.0,282.0,284.0,4630000.0
2025-07-11,285.0,288.0,284.0,286.0,3310000.0
2025-07-14,287.0,290.0,286.0,288.0,4410000.0
2025-07-15,288.0,292.0,287.0,291.0,3440000.0
2025-07-16,290.0,291.0,288.0,289.0,3230000.0
2025-07-17,291.0,293.0,289.0,292.0,6120000.0
2025-07-18,292.0,296.0,292.0,294.0,4410000.0
2025-07-21,294.0,295.0,291.0,293.0,2740000.0
2025-07-22,294.0,296.0,291.0,292.0,4560000.0
2025-07-23,294.0,298.0,294.0,297.0,3000000.0
2025-07-24,295.0,297.0,294.0,294.0,2990000.0
2025-07-25,294.0,297.0,291.0,293.0,5410000.0
2025-07-29,294.0,295.0,288.0,292.0,5610000.0
2025-07-30,291.0,293.0,287.0,288.0,5390000.0
2025-07-31,285.0,291.0,285.0,291.0,6140000.0
2025-08-01,292.0,292.0,287.0,288.0,3930000.0
2025-08-04,289.0,290.0,287.0,290.0,3670000.0
2025-08-05,291.0,296.0,289.0,295.0,8270000.0
2025-08-06,297.0,297.0,293.0,296.0,3360000.0
2025-08-07,303.0,305.0,297.0,298.0,9720000.0
2025-08-08,301.0,302.0,295.0,297.0,7290000.0
2025-08-13,299.0,302.0,298.0,301.0,5600000.0
2025-08-14,302.0,303.0,299.0,300.0,3340000.0
2025-08-15,300.0,301.0,298.0,298.0,3500000.0
2025-08-18,299.0,299.0,294.0,294.0,5120000.0
2025-08-19,287.0,291.0,286.0,290.0,8790000.0
2025-08-20,290.0,293.0,288.0,292.0,3450000.0
2025-08-21,293.0,293.0,290.0,291.0,3200000.0
2025-08-22,292.0,294.0,291.0,291.0,2220000.0
2025-08-25,293.0,296.0,290.0,291.0,4500000.0
2025-08-26,291.0,304.0,291.0,298.0,14590000.0
2025-08-27,298.0,300.0,297.0,299.0,3610000.0
2025-08-28,299.0,301.0,297.0,299.0,4980000.0
2025-08-29,298.0,299.0,292.0,294.0,8880000.0
2025-09-01,294.0,299.0,292.0,299.0,4580000.0
2025-09-02,299.0,300.0,297.0,300.0,3290000.0
2025-09-03,300.0,302.0,296.0,298.0,5270000.0
2025-09-04,298.0,298.0,292.0,292.0,5350000.0
2025-09-05,292.0,294.0,290.0,293.0,5980000.0
2025-09-08,294.0,295.0,290.0,290.0,4450000.0
2025-09-09,291.0,293.0,290.0,290.0,4020000.0
2025-09-10,290.0,292.0,288.0,290.0,5140000.0
2025-09-11,291.0,293.0,290.0,293.0,4260000.0
2025-09-12,293.0,294.0,290.0,292.0,5860000.0
2025-09-15,292.0,295.0,290.0,295.0,3250000.0
2025-09-16,296.0,297.0,292.0,293.0,4130000.0
2025-09-17,293.0,298.0,292.0,297.0,5350000.0
2025-09-18,296.0,297.0,292.0,293.0,4790000.0
2025-09-19,293.0,295.0,292.0,294.0,5680000.0
2025-09-22,294.0,294.0,291.0,292.0,2390000.0
2025-09-23,292.0,292.0,288.0,288.0,5400000.0
2025-09-24,288.0,295.0,288.0,292.0,7260000.0
2025-09-25,293.0,294.0,291.0,291.0,4330000.0
2025-09-26,290.0,293.0,290.0,290.0,4020000.0
2025-09-29,291.0,295.0,291.0,293.0,4330000.0
2025-09-30,294.0,294.0,290.0,291.0,6710000.0
2025-10-01,291.0,295.0,290.0,292.0,5260000.0
2025-10-02,293.0,295.0,292.0,292.0,5270000.0
2025-10-03,292.0,293.0,291.0,291.0,2460000.0
2025-10-06,293.0,294.0,291.0,291.0,3010000.0
2025-10-07,293.0,294.0,291.0,292.0,4730000.0
2025-10-08,292.0,293.0,291.0,292.0,3100000.0
2025-10-09,292.0,298.0,292.0,298.0,6080000.0
2025-10-10,298.0,299.0,295.0,295.0,4810000.0
2025-10-14,295.0,299.0,294.0,296.0,5200000.0
2025-10-15,297.0,298.0,296.0,298.0,6040000.0
2025-10-16,299.0,300.0,296.0,297.0,2880000.0
2025-10-17,296.0,298.0,295.0,297.0,2150000.0
2025-10-20,298.0,300.0,297.0,299.0,2700000.0
2025-10-21,299.0,300.0,298.0,299.0,3470000.0
2025-10-22,299.0,306.0,297.0,303.0,7880000.0
2025-10-24,304.0,313.0,303.0,308.0,8740000.0
2025-10-27,311.0,316.0,309.0,310.0,8380000.0
2025-10-28,311.0,312.0,303.0,305.0,10850000.0
2025-10-29,305.0,310.0,304.0,308.0,4920000.0
2025-10-30,305.0,307.0,303.0,305.0,5450000.0
2025-10-31,305.0,305.0,301.0,302.0,5190000.0
2025-11-03,304.0,306.0,300.0,302.0,5140000.0
2025-11-04,301.0,305.0,298.0,303.0,11390000.0
2025-11-05,302.0,315.0,301.0,313.0,10750000.0
2025-11-06,314.0,320.0,313.0,314.0,7900000.0
2025-11-07,313.0,317.0,312.0,315.0,3580000.0
2025-11-10,316.0,319.0,312.0,316.0,5560000.0
2025-11-11,316.0,319.0,315.0,316.0,4430000.0
2025-11-12,318.0,319.0,314.0,315.0,6640000.0
2025-11-13,317.0,318.0,315.0,317.0,3190000.0
2025-11-14,315.0,316.0,308.0,309.0,7420000.0
2025-11-17,310.0,314.0,309.0,314.0,3850000.0
2025-11-18,313.0,319.0,312.0,316.0,4930000.0
2025-11-19,316.0,317.0,312.0,313.0,5090000.0
2025-11-20,314.0,317.0,313.0,315.0,4230000.0
2025-11-21,314.0,315.0,310.0,312.0,4350000.0
2025-11-24,313.0,314.0,310.0,311.0,8280000.0
2025-11-25,312.0,315.0,311.0,315.0,3880000.0
2025-11-26,315.0,315.0,308.0,309.0,4650000.0
2025-11-27,309.0,309.0,303.0,304.0,5960000.0
2025-11-28,307.0,309.0,305.0,307.0,4590000.0
2025-12-01,306.0,313.0,306.0,313.0,4910000.0
2025-12-02,313.0,313.0,309.0,312.0,4180000.0
2025-12-03,312.0,313.0,308.0,308.0,2860000.0
2025-12-04,308.0,310.0,305.0,306.0,4840000.0
2025-12-08,307.0,309.0,304.0,305.0,4090000.0
2025-12-09,305.0,310.0,304.0,310.0,3650000.0
2025-12-11,311.0,311.0,307.0,310.0,3860000.0
2025-12-12,308.0,309.0,304.0,305.0,5300000.0
2025-12-15,307.0,311.0,304.0,310.0,4290000.0
2025-12-16,310.0,314.0,309.0,310.0,3150000.0
2025-12-17,310.0,312.0,309.0,310.0,3260000.0
2025-12-18,312.0,314.0,309.0,310.0,3740000.0
2025-12-19,311.0,312.0,309.0,309.0,3850000.0
2025-12-22,310.0,313.0,309.0,313.0,2850000.0
2025-12-23,313.0,314.0,311.0,314.0,2930000.0
2025-12-24,315.0,318.0,312.0,314.0,3550000.0
2025-12-25,314.0,314.0,312.0,314.0,995800.0
2025-12-26,312.0,314.0,311.0,314.0,1180000.0
2025-12-29,313.0,314.0,310.0,312.0,3050000.0
2025-12-30,312.0,314.0,312.0,313.0,2730000.0
2026-01-05,315.0,325.0,315.0,321.0,8240000.0
2026-01-06,322.0,326.0,318.0,321.0,6540000.0
2026-01-07,320.0,322.0,317.0,320.0,4610000.0
2026-01-08,317.0,322.0,316.0,322.0,3170000.0
2026-01-09,321.0,323.0,319.0,320.0,2680000.0
2026-01-12,321.0,329.0,320.0,327.0,5340000.0
2026-01-13,328.0,332.0,326.0,332.0,5560000.0
2026-01-14,335.0,342.0,334.0,338.0,6790000.0
2026-01-15,335.0,343.0,335.0,339.0,6190000.0
2026-01-16,335.0,342.0,335.0,342.0,7940000.0
2026-01-19,343.0,343.0,339.0,340.0,3210000.0
2026-01-20,340.0,346.0,339.0,342.0,4760000.0
2026-01-21,348.0,354.0,347.0,349.0,5550000.0
2026-01-22,348.0,350.0,341.0,343.0,7510000.0
2026-01-23,343.0,352.0,343.0,351.0,8560000.0
2026-01-26,347.0,349.0,344.0,347.0,3930000.0
2026-01-27,349.0,354.0,347.0,351.0,7850000.0
2026-01-28,350.0,353.0,348.0,352.0,3590000.0
2026-01-29,351.0,351.0,346.0,348.0,5630000.0
2026-01-30,346.0,351.0,345.0,349.0,7620000.0
2026-02-02,353.0,359.0,352.0,359.0,7550000.0
2026-02-03,364.0,369.0,357.0,361.0,12370000.0
2026-02-04,376.0,381.0,370.0,374.0,13590000.0
2026-02-05,375.0,383.0,363.0,367.0,18620000.0
2026-02-06,365.0,373.0,363.0,365.0,10820000.0
2026-02-09,370.0,375.0,366.0,374.0,10440000.0
2026-02-10,377.0,391.0,375.0,391.0,13110000.0
2026-02-11,387.0,389.0,382.0,385.0,9270000.0
2026-02-12,387.0,396.0,386.0,395.0,12050000.0
2026-02-13,392.0,396.0,388.0,389.0,5260000.0
2026-02-16,392.0,393.0,388.0,390.0,2300000.0
2026-02-17,390.0,394.0,388.0,391.0,3610000.0
2026-02-18,391.0,391.0,386.0,389.0,4720000.0
2026-02-19,389.0,392.0,387.0,390.0,8260000.0
2026-02-20,390.0,393.0,385.0,386.0,8760000.0
2026-02-23,388.0,391.0,387.0,388.0,6630000.0
2026-02-24,389.0,395.0,387.0,394.0,8260000.0
2026-02-25,402.0,410.0,402.0,404.0,8910000.0
2026-02-26,404.0,404.0,396.0,404.0,10980000.0
2026-02-27,379.0,385.0,377.0,380.0,16200000.0
2026-03-02,377.0,378.0,365.0,365.0,12680000.0
2026-03-04,344.0,362.0,344.0,360.0,17790000.0
2026-03-05,365.0,367.0,352.0,360.0,9820000.0
2026-03-06,359.0,365.0,357.0,361.0,6540000.0
2026-03-09,348.0,357.0,342.0,356.0,11730000.0
2026-03-10,363.0,367.0,358.0,365.0,6770000.0
2026-03-11,367.0,368.0,360.0,360.0,5980000.0
2026-03-12,357.0,368.0,357.0,368.0,4860000.0
2026-03-13,366.0,367.0,360.0,363.0,6530000.0
2026-03-16,365.0,373.0,363.0,370.0,7360000.0
2026-03-17,374.0,381.0,372.0,379.0,8750000.0
2026-03-18,382.0,385.0,379.0,379.0,5410000.0
2026-03-19,377.0,382.0,375.0,376.0,6350000.0
2026-03-20,380.0,383.0,375.0,380.0,8650000.0
2026-03-23,374.0,375.0,366.0,366.0,7430000.0
2026-03-24,372.0,372.0,367.0,368.0,5550000.0
2026-03-25,372.0,373.0,369.0,371.0,5420000.0
2026-03-26,370.0,370.0,364.0,368.0,6640000.0
2026-03-27,369.0,369.0,364.0,367.0,6210000.0
2026-03-30,366.0,370.0,365.0,370.0,4600000.0
2026-03-31,370.0,374.0,368.0,373.0,8160000.0
2026-04-01,378.0,378.0,365.0,365.0,14200000.0
2026-04-02,365.0,365.0,360.0,364.0,7980000.0
2026-04-03,365.0,368.0,363.0,365.0,3360000.0
2026-04-07,367.0,367.0,362.0,364.0,5800000.0
2026-04-08,368.0,368.0,363.0,363.0,7590000.0
2026-04-09,363.0,367.0,362.0,362.0,6070000.0
2026-04-10,364.0,364.0,361.0,363.0,1800000.0
2026-04-16,364.0,372.0,361.0,368.0,15160000.0
2026-04-17,367.0,368.0,351.0,353.0,14590000.0
2026-04-20,353.0,358.0,352.0,353.0,6670000.0
2026-04-21,353.0,354.0,350.0,351.0,5100000.0
2026-04-22,349.0,353.0,349.0,349.0,5000000.0
2026-04-23,348.0,348.0,344.0,345.0,7060000.0
2026-04-24,347.0,350.0,346.0,349.0,5020000.0
2026-04-27,350.0,351.0,348.0,348.0,3400000.0
2026-04-28,351.0,352.0,348.0,349.0,7240000.0
2026-04-29,349.0,349.0,346.0,348.0,4090000.0
2026-04-30,346.0,347.0,337.0,340.0,11190000.0
2026-05-05,340.0,342.0,336.0,340.0,11980000.0
2026-05-06,343.0,348.0,342.0,348.0,10240000.0
2026-05-07,351.0,356.0,347.0,350.0,18280000.0
2026-05-08,353.0,355.0,349.0,350.0,12600000.0
2026-05-11,350.0,352.0,347.0,350.0,6590000.0
2026-05-12,353.0,357.0,351.0,352.0,9610000.0
2026-05-13,351.0,361.0,350.0,355.0,10760000.0
2026-05-14,357.0,363.0,356.0,363.0,9310000.0
2026-05-15,361.0,365.0,360.0,365.0,4250000.0
2026-05-18,363.0,365.0,360.0,365.0,4430000.0
2026-05-19,363.0,369.0,362.0,369.0,5240000.0
2026-05-20,369.0,372.0,367.0,368.0,6200000.0
2026-05-21,370.0,370.0,358.0,358.0,8430000.0
2026-05-22,359.0,361.0,355.0,355.0,7260000.0
2026-05-25,359.0,361.0,354.0,354.0,4860000.0
2026-05-26,355.0,357.0,353.0,353.0,3840000.0
2026-05-27,354.0,355.0,351.0,352.0,4730000.0
2026-05-28,351.0,353.0,349.0,353.0,4680000.0
2026-05-29,355.0,356.0,353.0,353.0,13180000.0
2026-06-02,357.0,368.0,355.0,364.0,15230000.0
2026-06-04,363.0,367.0,360.0,360.0,10540000.0
2026-06-05,362.0,364.0,359.0,361.0,5620000.0
2026-06-08,361.0,361.0,358.0,358.0,4310000.0
2026-06-09,361.0,362.0,356.0,359.0,5380000.0
2026-06-10,357.0,358.0,354.0,354.0,6330000.0
2026-06-11,354.0,362.0,354.0,359.0,6360000.0
2026-06-12,362.0,366.0,360.0,366.0,8530000.0
2026-06-15,368.0,370.0,359.0,360.0,12130000.0
2026-06-16,361.0,361.0,356.0,358.0,5150000.0
2026-06-17,359.0,359.0,355.0,358.0,3180000.0
2026-06-18,359.0,360.0,357.0,358.0,4500000.0
2026-06-19,357.0,359.0,355.0,357.0,11790000.0
2026-06-22,358.0,361.0,356.0,361.0,4640000.0
2026-06-23,360.0,363.0,358.0,358.0,7540000.0
2026-06-24,359.0,359.0,352.0,353.0,6800000.0
2026-06-25,351.0,356.0,349.0,353.0,8960000.0
2026-06-26,351.0,352.0,349.0,352.0,5460000.0
2026-06-29,354.0,358.0,352.0,357.0,6710000.0
2026-06-30,360.0,370.0,358.0,367.0,16880000.0
2026-07-01,367.0,369.0,362.0,363.0,6070000.0
2026-07-02,365.0,370.0,363.0,368.0,7380000.0
2026-07-03,370.0,376.0,368.0,375.0,7890000.0
2026-07-06,378.0,380.0,372.0,373.0,5500000.0
2026-07-07,373.0,376.0,369.0,376.0,8130000.0
2026-07-08,375.0,379.0,372.0,375.0,8320000.0
2026-07-09,376.0,380.0,375.0,378.0,7580000.0
2026-07-10,375.0,377.0,372.0,373.0,6850000.0
2026-07-13,373.0,376.0,372.0,376.0,4290000.0
2026-07-14,374.0,382.0,373.0,382.0,9200000.0
2026-07-15,384.0,384.0,374.0,374.0,10380000.0
2026-07-16,376.0,376.0,373.0,375.0,5680000.0
2026-07-17,374.0,379.0,374.0,379.0,9860000.0
2026-07-20,379.0,383.0,377.0,383.0,8010000.0
2026-07-21,384.0,387.0,383.0,384.0,8320000.0
2026-07-22,383.0,384.0,375.0,377.0,8320000.0
2026-07-23,377.0,378.0,373.0,375.0,6250000.0
2026-07-24,372.0,376.0,371.0,376.0,4960000.0
2026-07-27,376.0,376.0,370.0,373.0,5080000.0
2026-07-30,370.0,380.0,369.0,378.0,12780000.0
2026-07-31,378.0,382.0,377.0,380.0,8480000.0
2026-08-03,380.0,380.0,372.0,374.0,8970000.0
2026-08-04,374.0,376.0,372.0,374.0,6020000.0
2026-08-05,375.0,375.0,369.0,369.0,7670000.0
2026-08-06,371.0,378.0,371.0,375.0,14850000.0
2026-08-07,374.0,379.0,371.0,374.0,10070000.0
2026-08-10,373.0,376.0,371.0,371.0,4620000.0
2026-08-11,373.0,375.0,372.0,374.0,5240000.0
2026-08-13,374.0,375.0,369.0,370.0,6850000.0
2026-08-14,372.0,373.0,370.0,371.0,3310000.0
2026-08-17,373.0,373.0,371.0,372.0,3220000.0
2026-08-18,372.0,374.0,370.0,372.0,7170000.0
2026-08-19,364.0,366.0,362.0,362.0,7220000.0
2026-08-20,364.0,364.0,357.0,358.0,6260000.0
2026-08-21,361.0,361.0,359.0,360.0,3330000.0
2026-08-24,360.0,361.0,357.0,360.0,2890000.0
2026-08-25,360.0,362.0,359.0,361.0,2940000.0
2026-08-26,361.0,362.0,356.0,356.0,6100000.0
2026-08-27,356.0,358.0,353.0,355.0,5720000.0
2026-08-28,353.0,356.0,351.0,352.0,5650000.0
