Date,Adj Close,Close,High,Low,Open,Volume
2016-08-26,36.79107666015625,40.599998474121094,41.0,40.400001525878906,40.79999923706055,18367000
2016-08-29,36.79107666015625,40.599998474121094,40.79999923706055,40.0,40.79999923706055,14759000
2016-08-30,36.24737548828125,40.0,40.599998474121094,40.0,40.599998474121094,16814000
2016-08-31,36.42860412597656,40.20000076293945,40.400001525878906,39.79999923706055,40.20000076293945,29128000
2016-09-01,35.97551345825195,39.70000076293945,40.20000076293945,39.70000076293945,40.0,39729000
2016-09-02,36.42860412597656,40.20000076293945,40.20000076293945,39.70000076293945,39.79999923706055,41119000
2016-09-05,35.794273376464844,39.5,40.20000076293945,39.29999923706055,40.20000076293945,45969000
2016-09-06,35.97551345825195,39.70000076293945,40.20000076293945,39.5,39.599998474121094,24612000
2016-09-07,36.24737548828125,40.0,40.20000076293945,39.79999923706055,39.900001525878906,29804000
2016-09-08,35.794273376464844,39.5,40.0,39.29999923706055,39.900001525878906,65649000
2016-09-09,35.97551345825195,39.70000076293945,39.79999923706055,39.29999923706055,39.400001525878906,44768000
2016-09-12,35.341182708740234,39.0,39.5,39.0,39.29999923706055,32437000
2016-09-13,35.794273376464844,39.5,39.599998474121094,39.099998474121094,39.20000076293945,37395000
2016-09-14,36.066131591796875,39.79999923706055,39.79999923706055,39.20000076293945,39.5,17564000
2016-09-15,35.97551345825195,39.70000076293945,40.0,39.599998474121094,40.0,11530000
2016-09-16,36.42860412597656,40.20000076293945,40.400001525878906,39.599998474121094,39.599998474121094,24684000
2016-09-19,36.42860412597656,40.20000076293945,40.400001525878906,39.900001525878906,40.20000076293945,9145000
2016-09-20,35.794273376464844,39.5,40.20000076293945,39.5,40.0,19884000
2016-09-21,36.24737548828125,40.0,40.20000076293945,39.599998474121094,39.599998474121094,18615000
2016-09-22,36.609840393066406,40.400001525878906,40.400001525878906,39.900001525878906,40.0,15410000
2016-09-23,35.97551345825195,39.70000076293945,40.20000076293945,39.70000076293945,40.0,34720000
2016-09-26,35.97551345825195,39.70000076293945,39.900001525878906,39.5,39.599998474121094,14150000
2016-09-27,36.1567497253418,39.900001525878906,40.0,39.79999923706055,39.79999923706055,10712000
2016-09-28,36.1567497253418,39.900001525878906,39.900001525878906,39.5,39.79999923706055,13322000
2016-09-29,35.97551345825195,39.70000076293945,40.0,39.5,39.900001525878906,29295000
2016-09-30,36.1567497253418,39.900001525878906,39.900001525878906,39.5,39.599998474121094,18365000
2016-10-03,36.066131591796875,39.79999923706055,39.900001525878906,39.5,39.900001525878906,9651000
2016-10-04,36.066131591796875,39.79999923706055,39.900001525878906,39.599998474121094,39.70000076293945,21012000
2016-10-05,35.8848876953125,39.599998474121094,39.900001525878906,39.5,39.79999923706055,17009000
2016-10-06,35.8848876953125,39.599998474121094,39.79999923706055,39.400001525878906,39.599998474121094,24443000
2016-10-07,35.613037109375,39.29999923706055,39.5,39.20000076293945,39.400001525878906,25865000
2016-10-10,35.341182708740234,39.0,39.20000076293945,38.5,38.5,52390000
2016-10-11,34.43499755859375,38.0,39.0,37.79999923706055,38.900001525878906,72421000
2016-10-12,32.26015853881836,35.599998474121094,37.79999923706055,30.0,37.70000076293945,208246000
2016-10-13,32.80386734008789,36.20000076293945,36.400001525878906,34.0,35.70000076293945,194065000
2016-10-14,35.70365524291992,39.400001525878906,39.5,37.599998474121094,38.0,156883000
2016-10-17,35.43179702758789,39.099998474121094,39.29999923706055,38.599998474121094,38.599998474121094,43018000
2016-10-18,34.888092041015625,38.5,39.099998474121094,38.29999923706055,39.0,52499000
2016-10-19,34.616233825683594,38.20000076293945,38.599998474121094,38.20000076293945,38.29999923706055,40158000
2016-10-20,34.616233825683594,38.20000076293945,38.599998474121094,38.20000076293945,38.5,22973000
2016-10-21,34.888092041015625,38.5,38.599998474121094,38.20000076293945,38.29999923706055,14783000
2016-10-25,34.888092041015625,38.5,38.79999923706055,38.20000076293945,38.599998474121094,17733000
2016-10-26,34.616233825683594,38.20000076293945,38.599998474121094,38.20000076293945,38.5,15078000
2016-10-27,34.70684814453125,38.29999923706055,38.599998474121094,38.20000076293945,38.20000076293945,14594000
2016-10-28,34.70684814453125,38.29999923706055,38.29999923706055,37.900001525878906,38.29999923706055,24162000
2016-10-31,34.52561569213867,38.099998474121094,38.400001525878906,38.099998474121094,38.29999923706055,17554000
2016-11-01,34.43499755859375,38.0,38.29999923706055,38.0,38.20000076293945,28701000
2016-11-02,34.25375747680664,37.79999923706055,38.099998474121094,37.599998474121094,38.099998474121094,20774000
2016-11-03,33.710052490234375,37.20000076293945,37.900001525878906,37.20000076293945,37.900001525878906,44491000
2016-11-04,33.256961822509766,36.70000076293945,37.0,36.5,36.900001525878906,35405000
2016-11-07,34.25375747680664,37.79999923706055,37.79999923706055,36.900001525878906,37.0,21809000
2016-11-08,34.163143157958984,37.70000076293945,37.79999923706055,37.400001525878906,37.79999923706055,20614000
2016-11-09,33.80066680908203,37.29999923706055,37.5,37.0,37.400001525878906,42772000
2016-11-10,33.89128875732422,37.400001525878906,37.70000076293945,37.29999923706055,37.400001525878906,20422000
2016-11-11,33.43819808959961,36.900001525878906,37.29999923706055,36.79999923706055,37.20000076293945,46919000
2016-11-14,32.62262725830078,36.0,36.70000076293945,36.0,36.70000076293945,42578000
2016-11-15,33.075721740722656,36.5,36.599998474121094,35.900001525878906,36.0,45285000
2016-11-16,32.62262725830078,36.0,36.70000076293945,36.0,36.5,30071000
2016-11-17,32.62262725830078,36.0,36.20000076293945,35.599998474121094,36.099998474121094,34071000
2016-11-18,32.26015853881836,35.599998474121094,35.900001525878906,35.5,35.900001525878906,27026000
2016-11-21,32.89448165893555,36.29999923706055,36.5,35.70000076293945,35.79999923706055,18425000
2016-11-22,33.16633987426758,36.599998474121094,36.70000076293945,36.29999923706055,36.599998474121094,17645000
2016-11-23,33.710052490234375,37.20000076293945,37.29999923706055,36.79999923706055,36.900001525878906,27548000
2016-11-24,34.07252502441406,37.599998474121094,37.599998474121094,37.20000076293945,37.400001525878906,25862000
2016-11-25,34.70684814453125,38.29999923706055,38.400001525878906,37.400001525878906,37.599998474121094,44980000
2016-11-28,34.888092041015625,38.5,38.900001525878906,38.400001525878906,38.5,30662000
2016-11-29,35.25056457519531,38.900001525878906,39.099998474121094,38.599998474121094,38.70000076293945,45416000
2016-11-30,36.42860412597656,40.20000076293945,40.400001525878906,39.29999923706055,39.900001525878906,144408000
2016-12-01,36.42860412597656,40.20000076293945,40.79999923706055,39.900001525878906,40.400001525878906,73863000
2016-12-02,35.97551345825195,39.70000076293945,40.400001525878906,39.70000076293945,40.20000076293945,33992000
2016-12-06,36.1567497253418,39.900001525878906,40.0,39.5,39.900001525878906,32547000
2016-12-07,36.24737548828125,40.0,40.0,39.599998474121094,39.79999923706055,34184000
2016-12-08,36.508270263671875,39.599998474121094,39.79999923706055,39.5,39.599998474121094,19397000
2016-12-09,36.32388687133789,39.400001525878906,39.79999923706055,39.29999923706055,39.70000076293945,31045000
2016-12-13,36.508270263671875,39.599998474121094,39.70000076293945,39.29999923706055,39.599998474121094,31684000
2016-12-14,36.6004638671875,39.70000076293945,39.79999923706055,39.29999923706055,39.599998474121094,28101000
2016-12-15,36.692657470703125,39.79999923706055,40.0,39.5,39.599998474121094,30376000
2016-12-16,36.508270263671875,39.599998474121094,39.79999923706055,39.599998474121094,39.79999923706055,36161000
2016-12-19,36.32388687133789,39.400001525878906,39.70000076293945,39.29999923706055,39.599998474121094,33655000
2016-12-20,36.047306060791016,39.099998474121094,39.5,39.0,39.5,22212000
2016-12-21,35.86292266845703,38.900001525878906,39.099998474121094,38.70000076293945,39.0,37349000
2016-12-22,35.86292266845703,38.900001525878906,39.0,38.70000076293945,38.79999923706055,18931000
2016-12-23,35.77073669433594,38.79999923706055,39.0,38.70000076293945,38.900001525878906,15346000
2016-12-26,36.32388687133789,39.400001525878906,39.70000076293945,39.0,39.099998474121094,21080000
2016-12-27,36.231693267822266,39.29999923706055,39.5,39.20000076293945,39.5,20892000
2016-12-28,36.32388687133789,39.400001525878906,39.5,39.29999923706055,39.400001525878906,17582000
2016-12-29,36.508270263671875,39.599998474121094,39.79999923706055,39.400001525878906,39.5,30529000
2016-12-30,36.692657470703125,39.79999923706055,40.0,39.70000076293945,39.70000076293945,21980000
2017-01-04,36.692657470703125,39.79999923706055,40.20000076293945,39.70000076293945,39.900001525878906,32333000
2017-01-05,36.508270263671875,39.599998474121094,40.0,39.599998474121094,39.900001525878906,36294000
2017-01-06,36.32388687133789,39.400001525878906,39.70000076293945,39.400001525878906,39.599998474121094,37487000
2017-01-09,36.32388687133789,39.400001525878906,39.599998474121094,39.400001525878906,39.400001525878906,15158000
2017-01-10,36.231693267822266,39.29999923706055,39.5,39.20000076293945,39.20000076293945,17693000
2017-01-11,36.047306060791016,39.099998474121094,39.400001525878906,39.099998474121094,39.29999923706055,32612000
2017-01-12,36.139503479003906,39.20000076293945,39.5,39.099998474121094,39.20000076293945,18453000
2017-01-16,36.32388687133789,39.400001525878906,39.5,39.20000076293945,39.20000076293945,15862000
2017-01-17,36.32388687133789,39.400001525878906,39.5,39.400001525878906,39.400001525878906,10309000
2017-01-18,36.139503479003906,39.20000076293945,39.599998474121094,39.20000076293945,39.5,19958000
2017-01-19,36.32388687133789,39.400001525878906,39.5,39.099998474121094,39.29999923706055,25124000
2017-01-20,36.32388687133789,39.400001525878906,39.5,39.20000076293945,39.29999923706055,27335000
2017-01-23,36.231693267822266,39.29999923706055,39.5,39.20000076293945,39.400001525878906,15894000
2017-01-24,36.692657470703125,39.79999923706055,40.20000076293945,39.400001525878906,39.400001525878906,80050000
2017-01-25,36.692657470703125,39.79999923706055,40.0,39.70000076293945,39.900001525878906,41291000
2017-01-26,37.61458206176758,40.79999923706055,41.20000076293945,39.900001525878906,40.20000076293945,116653000
2017-01-27,37.43019104003906,40.599998474121094,41.0,40.400001525878906,40.79999923706055,31433000
2017-01-30,37.61458206176758,40.79999923706055,41.20000076293945,40.400001525878906,40.79999923706055,40466000
2017-01-31,38.16774368286133,41.400001525878906,41.79999923706055,40.599998474121094,40.79999923706055,101055000
2017-02-01,37.98335647583008,41.20000076293945,41.400001525878906,40.79999923706055,41.400001525878906,29567000
2017-02-02,38.35212707519531,41.599998474121094,41.79999923706055,41.0,41.20000076293945,55343000
2017-02-03,38.35212707519531,41.599998474121094,41.599998474121094,41.400001525878906,41.599998474121094,14785000
2017-02-06,38.16774368286133,41.400001525878906,42.20000076293945,41.0,41.599998474121094,62939000
2017-02-07,37.98335647583008,41.20000076293945,41.599998474121094,40.79999923706055,41.400001525878906,45049000
2017-02-08,38.720890045166016,42.0,42.20000076293945,41.20000076293945,41.20000076293945,96567000
2017-02-09,37.10752868652344,40.25,42.5,40.25,42.5,121386200
2017-02-10,37.33800506591797,40.5,41.0,40.25,40.75,43110100
2017-02-14,36.416080474853516,39.5,40.75,39.0,40.5,114175200
2017-02-15,35.955108642578125,39.0,39.25,37.25,37.75,290182600
2017-02-16,36.64656066894531,39.75,40.25,39.25,39.5,132149400
2017-02-17,36.877044677734375,40.0,40.25,39.5,40.0,95819400
2017-02-20,37.10752868652344,40.25,40.25,39.75,40.0,26441200
2017-02-21,36.18559646606445,39.25,40.25,39.25,40.0,37411700
2017-02-22,36.64656066894531,39.75,40.0,39.25,39.5,24814400
2017-02-23,35.72463607788086,38.75,39.75,38.5,39.5,55933700
2017-02-24,35.72463607788086,38.75,39.25,38.75,39.0,16221600
2017-02-27,35.72463607788086,38.75,39.25,38.5,38.75,14764700
2017-02-28,35.72463607788086,38.75,39.0,38.75,39.0,10656900
2017-03-01,35.955108642578125,39.0,39.0,38.5,39.0,16205200
2017-03-02,35.72463607788086,38.75,39.25,38.75,39.0,13415500
2017-03-03,35.263668060302734,38.25,38.75,38.0,38.5,37660200
2017-03-06,35.4941520690918,38.5,38.75,37.75,38.0,45379400
2017-03-07,35.263668060302734,38.25,38.5,38.0,38.25,14192600
2017-03-08,35.955108642578125,39.0,39.0,38.0,38.5,33141300
2017-03-09,35.955108642578125,39.0,39.25,38.5,38.75,23994200
2017-03-10,35.4941520690918,38.5,39.0,38.25,39.0,17914600
2017-03-13,35.955108642578125,39.0,39.0,38.25,38.5,17247100
2017-03-14,35.4941520690918,38.5,39.0,38.5,38.75,13734600
2017-03-15,35.263668060302734,38.25,38.75,38.25,38.5,13722900
2017-03-16,36.18559646606445,39.25,39.25,38.25,38.5,27532300
2017-03-17,35.72463607788086,38.75,39.5,38.75,39.25,23274300
2017-03-20,35.955108642578125,39.0,39.5,38.75,39.0,21778000
2017-03-21,36.18559646606445,39.25,39.75,39.0,39.0,31453300
2017-03-22,36.416080474853516,39.5,39.75,39.0,39.0,20435600
2017-03-23,36.877044677734375,40.0,40.25,39.5,39.5,41723300
2017-03-24,36.64656066894531,39.75,40.25,39.75,39.75,14783400
2017-03-27,36.64656066894531,39.75,40.25,39.75,40.0,16639000
2017-03-28,37.10752868652344,40.25,40.25,40.0,40.0,15390200
2017-03-29,36.877044677734375,40.0,40.5,39.75,40.25,18844900
2017-03-30,36.877044677734375,40.0,40.25,39.75,39.75,29835900
2017-03-31,36.18559646606445,39.25,40.0,39.25,40.0,20990700
2017-04-03,36.18559646606445,39.25,39.75,39.25,39.25,15748000
2017-04-04,36.64656066894531,39.75,39.75,39.25,39.5,12182900
2017-04-05,36.416080474853516,39.5,40.0,39.25,39.75,19754400
2017-04-07,36.64656066894531,39.75,39.75,39.25,39.5,17041300
2017-04-10,36.18559646606445,39.25,39.5,39.0,39.5,18236500
2017-04-11,36.18559646606445,39.25,39.5,39.25,39.25,5621300
2017-04-12,36.64656066894531,39.75,39.75,39.25,39.5,17955900
2017-04-17,36.64656066894531,39.75,40.0,39.25,39.5,15018100
2017-04-18,36.877044677734375,40.0,40.25,39.75,40.0,23357400
2017-04-19,37.10752868652344,40.25,40.5,39.75,40.0,32770300
2017-04-20,38.02945327758789,41.25,41.5,40.25,40.25,73789100
2017-04-21,38.02945327758789,41.25,42.0,41.0,41.5,42710700
2017-04-24,37.79896926879883,41.0,41.5,40.75,41.0,35314600
2017-04-25,38.02945327758789,41.25,41.5,40.75,41.0,39140700
2017-04-26,38.25993347167969,41.5,41.75,41.0,41.5,39840000
2017-04-27,37.56848907470703,40.75,41.5,40.75,41.5,23371400
2017-04-28,37.10752868652344,40.25,41.0,40.25,40.75,24434600
2017-05-02,37.33800506591797,40.5,41.0,40.25,40.5,28157300
2017-05-03,37.56848907470703,40.75,41.25,40.5,40.75,16466400
2017-05-04,37.79896926879883,41.0,41.25,41.0,41.25,9779500
2017-05-08,38.25993347167969,41.5,41.5,41.0,41.25,15628400
2017-05-09,38.25993347167969,41.5,41.75,41.0,41.75,34734400
2017-05-11,38.49041748046875,41.75,42.0,41.25,41.75,49253800
2017-05-12,38.25993347167969,41.5,41.75,40.75,41.75,21278900
2017-05-15,38.02945327758789,41.25,41.25,41.25,41.25,1258600
2017-05-16,38.02945327758789,41.25,42.0,40.75,41.25,50337700
2017-05-17,38.720890045166016,42.0,42.0,41.0,41.5,90540500
2017-05-18,38.720890045166016,42.0,42.25,41.5,41.75,30453400
2017-05-19,38.49041748046875,41.75,42.25,41.75,42.0,18597400
2017-05-22,38.720890045166016,42.0,42.25,41.75,42.0,20609500
2017-05-23,38.720890045166016,42.0,42.25,42.0,42.0,32204600
2017-05-24,38.720890045166016,42.0,42.25,42.0,42.0,11853600
2017-05-25,38.95137405395508,42.25,42.25,42.0,42.0,7695500
2017-05-26,38.95137405395508,42.25,42.25,42.0,42.0,4083500
2017-05-29,39.41233444213867,42.75,43.0,42.0,42.25,82666100
2017-05-30,39.642818450927734,43.0,43.25,42.75,42.75,19192700
2017-05-31,39.18185806274414,42.5,43.25,42.5,43.25,34270600
2017-06-01,40.56474304199219,44.0,44.0,42.5,42.5,72555700
2017-06-02,41.02571105957031,44.5,44.75,44.0,44.25,70959300
2017-06-05,41.48666763305664,45.0,45.0,44.25,44.75,35842400
2017-06-06,41.48666763305664,45.0,45.0,44.5,45.0,21220100
2017-06-07,40.56474304199219,44.0,45.0,43.75,45.0,44914300
2017-06-08,41.25619125366211,44.75,44.75,43.75,44.0,13376900
2017-06-09,41.02571105957031,44.5,44.75,44.0,44.75,13472100
2017-06-12,40.56474304199219,44.0,44.5,44.0,44.25,10634900
2017-06-13,40.795230865478516,44.25,44.25,43.5,44.0,24874700
2017-06-14,40.795230865478516,44.25,44.5,44.0,44.0,11370400
2017-06-15,41.02571105957031,44.5,44.5,44.0,44.25,9404700
2017-06-16,41.7171516418457,45.25,45.5,44.75,45.0,81361600
2017-06-19,42.86956024169922,46.5,47.0,45.25,45.5,73876500
2017-06-20,42.40860366821289,46.0,46.5,45.75,46.5,27788900
2017-06-21,42.40860366821289,46.0,46.0,45.5,46.0,19045000
2017-06-22,42.86956024169922,46.5,46.5,46.0,46.0,33006700
2017-06-23,42.63908004760742,46.25,46.75,46.25,46.75,13884800
2017-06-26,42.40860366821289,46.0,46.75,45.75,46.5,16529700
2017-06-27,43.330528259277344,47.0,47.25,46.0,46.25,37346900
2017-06-28,43.100040435791016,46.75,47.5,46.75,47.0,31468800
2017-06-29,43.56100845336914,47.25,48.0,47.0,47.25,48579500
2017-06-30,43.56100845336914,47.25,47.5,47.0,47.25,17965500
2017-07-03,43.56100845336914,47.25,47.5,46.75,47.5,14724600
2017-07-04,42.86956024169922,46.5,47.25,46.5,47.0,15809300
2017-07-05,43.56100845336914,47.25,47.75,46.75,46.75,37055000
2017-07-06,45.86581802368164,49.75,50.0,47.25,47.5,94469100
2017-07-07,44.71341323852539,48.5,49.75,48.25,49.5,59996700
2017-07-11,45.17437744140625,49.0,49.25,48.25,48.5,37131500
2017-07-12,45.63533401489258,49.5,50.25,49.0,49.25,55374200
2017-07-13,45.17437744140625,49.0,50.0,48.75,49.75,28083500
2017-07-14,44.94389343261719,48.75,49.0,48.5,49.0,21740000
2017-07-17,43.79148864746094,47.5,49.0,47.5,49.0,45591800
2017-07-18,44.482933044433594,48.25,48.5,47.5,47.5,30903100
2017-07-19,45.17437744140625,49.0,49.25,48.25,48.5,23642200
2017-07-20,46.55726623535156,50.5,50.75,49.25,49.75,67337800
2017-07-21,47.248714447021484,51.25,51.75,50.0,50.75,42381100
2017-07-24,47.70967483520508,51.75,52.0,51.25,51.25,33240600
2017-07-25,47.94015884399414,52.0,52.25,51.5,52.0,43146000
2017-07-26,47.94015884399414,52.0,52.25,51.25,51.75,27414500
2017-07-27,47.94015884399414,52.0,52.25,51.5,52.0,16303300
2017-07-31,47.47919464111328,51.5,51.75,51.0,51.75,40336800
2017-08-01,47.94015884399414,52.0,52.0,51.25,51.5,16173800
2017-08-02,48.17063903808594,52.25,53.0,52.0,52.25,42332500
2017-08-03,48.40111541748047,52.5,52.75,52.25,52.25,17820400
2017-08-04,49.09256362915039,53.25,53.5,52.5,52.75,21811000
2017-08-07,49.78400802612305,54.0,54.25,53.25,53.5,32575800
2017-08-08,50.014488220214844,54.25,54.5,54.0,54.25,18697200
2017-08-09,48.86207962036133,53.0,54.0,52.75,54.0,66640100
2017-08-10,49.32304382324219,53.5,53.5,52.75,53.25,20997400
2017-08-11,48.40111541748047,52.5,53.25,52.0,53.0,56276300
2017-08-15,47.70967483520508,51.75,53.0,51.75,52.75,27051100
2017-08-16,48.6316032409668,52.75,53.0,52.0,52.0,19372800
2017-08-17,48.6316032409668,52.75,53.0,52.25,53.0,23155700
2017-08-18,48.6316032409668,52.75,52.75,52.25,52.5,15285400
2017-08-21,47.248714447021484,51.25,52.75,50.75,52.75,56150000
2017-08-22,47.47919464111328,51.5,51.75,51.25,51.25,13866000
2017-08-23,47.94015884399414,52.0,52.25,51.5,51.75,18821700
2017-08-24,48.6316032409668,52.75,53.0,52.0,52.25,23935000
2017-08-25,48.17063903808594,52.25,52.75,52.0,52.5,22694400
2017-08-28,48.17063903808594,52.25,52.25,52.25,52.25,4063400
2017-08-29,50.014488220214844,54.25,54.5,52.0,52.25,85814200
2017-08-30,50.4754524230957,54.75,55.25,54.25,54.5,58396000
2017-08-31,50.244972229003906,54.5,55.0,53.75,54.75,30605700
2017-09-01,50.705936431884766,55.0,55.0,54.25,54.5,22029200
2017-09-04,50.014488220214844,54.25,55.0,54.0,54.75,29514200
2017-09-05,50.014488220214844,54.25,54.5,54.0,54.5,13720600
2017-09-06,50.244972229003906,54.5,54.5,54.0,54.0,17253000
2017-09-07,50.4754524230957,54.75,54.75,54.25,54.25,23293500
2017-09-08,50.9364128112793,55.25,55.75,54.75,55.0,52543200
2017-09-11,52.31930160522461,56.75,57.5,55.5,55.5,69834200
2017-09-12,52.31930160522461,56.75,57.25,56.5,57.0,23739600
2017-09-13,52.54978942871094,57.0,57.25,56.25,56.5,24580800
2017-09-14,53.010746002197266,57.5,57.75,56.75,57.0,29472500
2017-09-15,53.24123001098633,57.75,58.0,57.25,57.5,41737800
2017-09-18,54.62411880493164,59.25,59.25,57.75,58.0,48344700
2017-09-19,56.237483978271484,61.0,61.0,57.5,58.5,95973500
2017-09-20,54.62411880493164,59.25,60.75,59.0,60.0,127724800
2017-09-21,54.62411880493164,59.25,60.0,59.0,59.75,42473500
2017-09-22,53.47171401977539,58.0,59.25,58.0,59.25,79232900
2017-09-25,54.16315841674805,58.75,58.75,58.0,58.0,32487200
2017-09-26,53.70219421386719,58.25,59.0,58.25,58.75,29952100
2017-09-27,53.47171401977539,58.0,58.5,58.0,58.25,23894700
2017-09-28,54.393638610839844,59.0,60.0,57.75,58.0,69078000
2017-09-29,54.393638610839844,59.0,59.5,58.75,59.0,26688300
2017-10-02,54.8546028137207,59.5,59.75,59.0,59.25,35919500
2017-10-03,54.393638610839844,59.0,59.75,59.0,59.5,19870500
2017-10-04,53.70219421386719,58.25,59.5,58.0,59.25,47829300
2017-10-05,53.932674407958984,58.5,58.75,58.0,58.25,24468600
2017-10-06,53.70219421386719,58.25,59.0,58.25,58.75,13331600
2017-10-09,54.8546028137207,59.5,59.75,58.75,58.75,51310900
2017-10-10,54.62411880493164,59.25,59.75,59.0,59.5,38716600
2017-10-11,54.62411880493164,59.25,59.75,59.0,59.5,34461800
2017-10-12,53.932674407958984,58.5,59.5,58.5,59.25,38895900
2017-10-16,54.62411880493164,59.25,59.25,59.25,59.25,4727200
2017-10-17,54.62411880493164,59.25,59.5,58.75,59.25,33832500
2017-10-18,54.16315841674805,58.75,59.25,58.75,59.25,23305400
2017-10-19,53.010746002197266,57.5,59.0,57.0,58.75,64375300
2017-10-20,53.70219421386719,58.25,58.5,57.5,57.5,30555100
2017-10-24,53.70219421386719,58.25,59.0,58.25,58.5,17852000
2017-10-25,53.70219421386719,58.25,58.75,58.25,58.75,15942700
2017-10-27,53.932674407958984,58.5,59.0,58.25,58.25,24981900
2017-10-30,53.932674407958984,58.5,59.0,58.0,58.5,31966500
2017-10-31,54.8546028137207,59.5,59.75,58.5,58.75,63616200
2017-11-01,53.70219421386719,58.25,59.75,58.0,59.5,50944300
2017-11-02,53.70219421386719,58.25,58.75,58.0,58.25,19639300
2017-11-03,53.932674407958984,58.5,58.75,58.0,58.5,13535900
2017-11-06,53.47171401977539,58.0,58.75,57.75,58.5,42154200
2017-11-07,53.932674407958984,58.5,58.5,58.0,58.0,22220400
2017-11-08,53.932674407958984,58.5,58.75,58.25,58.75,13506600
2017-11-09,53.47171401977539,58.0,58.75,57.75,58.75,45615800
2017-11-10,53.24123001098633,57.75,58.25,57.25,58.0,40827500
2017-11-13,52.54978942871094,57.0,57.75,56.75,57.5,38387600
2017-11-14,53.010746002197266,57.5,57.75,56.75,57.0,34765900
2017-11-15,52.54978942871094,57.0,57.5,57.0,57.5,20180900
2017-11-16,52.78026580810547,57.25,57.25,56.75,57.25,26107900
2017-11-17,53.70219421386719,58.25,58.5,57.5,57.5,27728100
2017-11-20,53.47171401977539,58.0,58.5,58.0,58.5,7341300
2017-11-21,54.393638610839844,59.0,59.0,59.0,59.0,41498000
2017-11-22,54.16315841674805,58.75,59.25,58.75,59.25,18118600
2017-11-23,54.16315841674805,58.75,59.0,58.5,59.0,12234500
2017-11-24,53.47171401977539,58.0,58.75,57.5,58.75,25102600
2017-11-27,53.932674407958984,58.5,58.5,57.75,57.75,14335900
2017-11-28,56.69845199584961,61.5,61.5,59.0,59.0,137027500
2017-11-29,57.15941619873047,62.0,63.0,61.5,61.75,122388700
2017-11-30,57.38990020751953,62.25,62.25,61.0,61.5,59005100
2017-12-01,56.92893600463867,61.75,62.5,61.75,62.5,28130300
2017-12-04,56.46796798706055,61.25,62.25,61.0,62.0,35927700
2017-12-06,56.69845199584961,61.5,61.5,60.75,61.0,21854800
2017-12-07,58.08134460449219,63.0,63.0,61.25,61.75,29125600
2017-12-08,57.620384216308594,62.5,63.5,62.5,63.0,35463800
2017-12-12,58.19060134887695,62.25,63.25,62.0,62.25,38825700
2017-12-13,58.65799331665039,62.75,63.0,62.25,62.5,15767700
2017-12-14,59.35908508300781,63.5,63.75,62.75,63.0,33005400
2017-12-15,59.82647705078125,64.0,64.0,63.25,63.5,27020600
2017-12-18,59.5927848815918,63.75,64.25,63.5,64.0,18613500
2017-12-19,60.29386901855469,64.5,64.5,63.5,63.5,28275400
2017-12-20,60.52756881713867,64.75,65.0,64.25,64.5,18484300
2017-12-21,60.29386901855469,64.5,64.75,64.25,64.75,9746500
2017-12-22,60.52756881713867,64.75,64.75,64.25,64.5,7953000
2017-12-25,62.16344451904297,66.5,66.75,64.75,65.0,30096100
2017-12-26,64.03302764892578,68.5,69.0,66.25,66.5,35599600
2017-12-27,63.09823226928711,67.5,70.0,67.25,68.75,55436900
2017-12-28,62.39714813232422,66.75,68.0,66.25,67.5,36446400
2017-12-29,63.565635681152344,68.0,68.75,67.25,67.25,25642800
2018-01-03,65.90260314941406,70.5,71.0,68.75,69.0,61069900
2018-01-04,65.90260314941406,70.5,71.25,70.0,71.25,37773200
2018-01-05,67.30479431152344,72.0,72.25,70.5,70.75,48929600
2018-01-08,69.4080581665039,74.25,77.75,72.5,72.75,127056900
2018-01-09,68.47327423095703,73.25,74.0,72.25,74.0,89764400
2018-01-10,66.60369873046875,71.25,73.0,71.0,72.75,101608200
2018-01-11,65.2015151977539,69.75,71.0,69.0,70.75,177499800
2018-01-12,64.96781158447266,69.5,70.75,69.5,69.75,90278500
2018-01-15,66.60369873046875,71.25,71.5,69.75,70.0,84101800
2018-01-16,66.13630676269531,70.75,71.75,70.5,71.5,49091200
2018-01-17,65.90260314941406,70.5,71.25,70.0,71.0,44505400
2018-01-18,65.66890716552734,70.25,71.25,70.0,70.5,61537000
2018-01-19,65.66890716552734,70.25,70.5,69.75,70.0,31284200
2018-01-22,65.90260314941406,70.5,71.5,70.25,70.5,37154300
2018-01-23,65.2015151977539,69.75,70.75,69.0,70.75,76034900
2018-01-24,65.66890716552734,70.25,70.75,69.5,69.75,32295000
2018-01-25,65.43521118164062,70.0,70.75,70.0,70.25,22599400
2018-01-26,65.90260314941406,70.5,70.5,69.75,70.0,23602100
2018-01-29,65.90260314941406,70.5,71.0,70.25,70.75,27606200
2018-01-30,65.2015151977539,69.75,70.75,69.75,70.5,38779500
2018-01-31,65.43521118164062,70.0,70.25,69.75,69.75,24446000
2018-02-01,65.43521118164062,70.0,70.5,70.0,70.0,19114900
2018-02-02,65.43521118164062,70.0,70.25,69.75,70.0,13921600
2018-02-05,65.2015151977539,69.75,69.75,69.25,69.25,26726500
2018-02-06,64.73411560058594,69.25,69.25,67.25,68.5,89197600
2018-02-07,64.50042724609375,69.0,69.75,68.75,69.5,35689400
2018-02-08,64.26673126220703,68.75,69.25,68.5,69.0,24638600
2018-02-09,63.331932067871094,67.75,68.25,67.25,68.0,74647700
2018-02-12,63.09823226928711,67.5,68.25,67.25,67.75,60287400
2018-02-13,64.26673126220703,68.75,69.0,67.25,67.75,52994400
2018-02-14,64.73411560058594,69.25,70.0,69.25,69.25,43254600
2018-02-15,64.73411560058594,69.25,69.75,69.25,69.75,24987500
2018-02-16,64.26673126220703,68.75,69.5,68.75,69.5,20776300
2018-02-19,64.73411560058594,69.25,69.5,68.75,69.0,26699700
2018-02-20,64.03302764892578,68.5,69.5,68.5,69.25,23135000
2018-02-21,63.565635681152344,68.0,69.0,67.75,68.75,31132000
2018-02-22,63.331932067871094,67.75,68.0,67.0,67.75,46962700
2018-02-23,64.26673126220703,68.75,69.0,67.75,67.75,27669400
2018-02-26,66.60369873046875,71.25,71.5,68.75,69.0,65017400
2018-02-27,66.13630676269531,70.75,72.25,70.75,72.0,93106200
2018-02-28,66.13630676269531,70.75,71.5,70.25,70.5,44256900
2018-03-02,64.96781158447266,69.5,70.5,69.0,70.25,39297800
2018-03-05,64.50042724609375,69.0,69.5,68.5,69.0,35993800
2018-03-06,64.26673126220703,68.75,68.75,68.75,68.75,2799800
2018-03-07,63.7993278503418,68.25,68.75,68.0,68.5,22358900
2018-03-08,63.565635681152344,68.0,69.25,68.0,68.0,33334200
2018-03-09,63.09823226928711,67.5,68.25,67.0,68.0,42433000
2018-03-12,64.03302764892578,68.5,68.5,67.75,68.0,23495900
2018-03-13,64.03302764892578,68.5,68.75,67.75,68.25,19493000
2018-03-14,63.565635681152344,68.0,69.0,67.75,68.25,25482000
2018-03-15,63.331932067871094,67.75,68.25,67.75,68.0,19164200
2018-03-16,63.565635681152344,68.0,68.0,67.5,67.5,18893100
2018-03-19,63.331932067871094,67.75,68.25,67.5,68.0,20205300
2018-03-20,63.331932067871094,67.75,68.0,67.5,67.75,15022100
2018-03-21,64.03302764892578,68.5,69.0,67.75,68.0,33520600
2018-03-22,63.565635681152344,68.0,69.0,68.0,68.75,19540800
2018-03-23,63.565635681152344,68.0,68.0,67.5,67.75,23326300
2018-03-26,63.331932067871094,67.75,68.0,67.5,67.75,12771500
2018-03-27,63.331932067871094,67.75,68.25,67.5,68.0,11238200
2018-03-28,63.331932067871094,67.75,68.0,67.5,67.75,12780200
2018-03-29,61.69605255126953,66.0,67.5,65.5,67.5,99647000
2018-03-30,63.09823226928711,67.5,67.5,66.0,66.5,32113200
2018-04-02,63.09823226928711,67.5,67.5,66.75,67.25,9723300
2018-04-03,64.96781158447266,69.5,69.75,67.25,67.5,60402400
2018-04-04,64.03302764892578,68.5,70.75,68.5,69.75,56665700
2018-04-05,65.2015151977539,69.75,69.75,68.75,69.0,27810400
2018-04-09,65.90260314941406,70.5,70.75,69.75,70.0,38962400
2018-04-10,67.30479431152344,72.0,72.0,70.25,71.0,46229500
2018-04-11,66.60369873046875,71.25,72.0,71.0,71.75,19067000
2018-04-12,66.37001037597656,71.0,71.5,70.5,71.5,9819600
2018-04-17,65.43521118164062,70.0,71.25,69.25,70.75,24110400
2018-04-18,65.66890716552734,70.25,70.25,69.75,70.0,15774600
2018-04-19,65.66890716552734,70.25,70.75,69.5,70.5,22515800
2018-04-20,65.43521118164062,70.0,70.5,69.75,70.25,14645500
2018-04-23,66.37001037597656,71.0,72.0,70.0,70.0,49030600
2018-04-24,65.90260314941406,70.5,71.5,70.25,71.0,28212800
2018-04-25,66.13630676269531,70.75,71.25,70.25,70.25,22353800
2018-04-26,66.37001037597656,71.0,71.25,70.75,71.0,15442700
2018-04-27,67.07109069824219,71.75,71.75,70.75,71.0,29858300
2018-04-30,66.60369873046875,71.25,72.25,71.0,71.75,69177800
2018-05-02,66.83740234375,71.5,71.75,70.5,71.0,31751900
2018-05-03,66.83740234375,71.5,72.25,71.5,71.75,30945400
2018-05-04,66.37001037597656,71.0,71.75,71.0,71.5,19825400
2018-05-07,66.37001037597656,71.0,71.5,71.0,71.25,10469500
2018-05-08,65.2015151977539,69.75,71.25,69.5,70.75,27200700
2018-05-09,65.66890716552734,70.25,70.5,69.5,69.75,14540900
2018-05-10,65.66890716552734,70.25,70.75,69.75,70.25,11093200
2018-05-11,66.60369873046875,71.25,71.25,70.25,70.25,15495800
2018-05-14,66.83740234375,71.5,71.75,71.0,71.25,13777500
2018-05-15,66.37001037597656,71.0,71.5,70.5,71.5,9189200
2018-05-16,65.43521118164062,70.0,71.0,70.0,71.0,13855400
2018-05-17,65.90260314941406,70.5,71.0,70.25,70.25,15574200
2018-05-18,65.2015151977539,69.75,70.25,69.25,70.25,38975200
2018-05-21,64.96781158447266,69.5,70.25,69.25,70.0,22197000
2018-05-22,64.50042724609375,69.0,69.75,68.75,69.5,19517000
2018-05-23,64.26673126220703,68.75,69.25,68.5,68.75,11752000
2018-05-24,64.50042724609375,69.0,69.0,68.5,68.5,11994400
2018-05-25,64.50042724609375,69.0,69.0,68.0,68.75,31610000
2018-05-28,63.7993278503418,68.25,69.25,68.0,69.0,14943500
2018-05-30,63.09823226928711,67.5,67.75,67.0,67.5,31339800
2018-05-31,64.03302764892578,68.5,69.0,67.0,67.5,40154000
2018-06-01,64.03302764892578,68.5,68.75,68.0,68.5,10417800
2018-06-04,65.2015151977539,69.75,70.25,68.25,68.5,26688000
2018-06-05,65.2015151977539,69.75,69.75,69.0,69.75,21112900
2018-06-06,65.2015151977539,69.75,70.0,69.5,70.0,9214700
2018-06-07,64.50042724609375,69.0,70.0,68.75,69.75,18146000
2018-06-08,64.03302764892578,68.5,69.0,68.25,69.0,15685500
2018-06-11,63.7993278503418,68.25,68.5,68.0,68.25,11550000
2018-06-12,63.7993278503418,68.25,69.0,68.25,68.5,13457100
2018-06-13,63.09823226928711,67.5,68.25,67.25,68.25,26211000
2018-06-14,62.864532470703125,67.25,68.0,67.0,67.5,29935100
2018-06-15,62.864532470703125,67.25,67.5,66.0,67.0,42578000
2018-06-18,62.39714813232422,66.75,67.25,66.5,67.0,21854300
2018-06-19,60.76126480102539,65.0,67.0,64.5,66.75,67552100
2018-06-20,60.99496078491211,65.25,65.75,64.75,65.25,36763700
2018-06-21,60.060176849365234,64.25,65.75,63.75,65.5,35863600
2018-06-22,60.76126480102539,65.0,65.5,64.0,64.25,26237800
2018-06-25,59.82647705078125,64.0,65.0,64.0,64.75,19320200
2018-06-26,59.82647705078125,64.0,64.0,62.25,63.5,33721600
2018-06-27,58.891693115234375,63.0,64.5,62.75,64.5,28356900
2018-06-28,58.891693115234375,63.0,64.0,62.75,63.0,39774900
2018-06-29,58.891693115234375,63.0,63.75,61.75,63.0,46993600
2018-07-02,60.52756881713867,64.75,65.25,63.0,63.0,23534000
2018-07-03,61.92974853515625,66.25,66.75,64.25,64.5,25814600
2018-07-04,62.63084411621094,67.0,68.0,66.25,66.5,35240800
2018-07-05,62.16344451904297,66.5,67.0,65.5,67.0,24245400
2018-07-06,62.16344451904297,66.5,67.25,65.25,66.25,26213800
2018-07-09,62.16344451904297,66.5,68.0,66.5,67.0,20269000
2018-07-10,61.22865676879883,65.5,67.0,64.25,66.75,43425900
2018-07-11,60.52756881713867,64.75,65.25,64.25,64.5,26411400
2018-07-12,60.52756881713867,64.75,65.5,64.5,64.75,16706100
2018-07-13,60.76126480102539,65.0,65.75,64.75,65.0,17757400
2018-07-16,59.125389099121094,63.25,65.0,62.75,65.0,42095300
2018-07-17,57.489505767822266,61.5,63.0,60.0,63.0,75425100
2018-07-18,57.02210998535156,61.0,62.25,60.75,62.0,43382400
2018-07-19,58.891693115234375,63.0,63.5,60.75,61.25,43009000
2018-07-20,60.060176849365234,64.25,65.0,62.75,63.25,35959300
2018-07-23,59.82647705078125,64.0,64.75,63.5,64.25,15420400
2018-07-24,61.46235656738281,65.75,65.75,64.25,64.75,38017600
2018-07-25,61.46235656738281,65.75,66.5,65.5,65.75,34889600
2018-07-26,61.69605255126953,66.0,66.75,65.75,66.25,22460900
2018-07-31,61.92974853515625,66.25,66.75,65.75,66.25,26064800
2018-08-01,62.63084411621094,67.0,67.0,66.0,66.25,31997400
2018-08-02,61.69605255126953,66.0,66.75,65.25,66.5,28708700
2018-08-03,61.92974853515625,66.25,66.5,65.75,66.0,13137700
2018-08-06,60.99496078491211,65.25,66.5,65.25,66.5,20081300
2018-08-07,61.22865676879883,65.5,66.25,65.25,65.5,13441800
2018-08-08,61.92974853515625,66.25,66.25,65.25,65.25,14584700
2018-08-09,61.22865676879883,65.5,66.5,65.5,66.25,16403500
2018-08-10,61.22865676879883,65.5,66.0,65.25,65.5,16363600
2018-08-14,61.22865676879883,65.5,65.5,64.5,65.25,22802000
2018-08-15,60.52756881713867,64.75,65.25,64.75,65.0,15651000
2018-08-16,60.52756881713867,64.75,65.0,64.0,64.75,20924500
2018-08-17,60.29386901855469,64.5,65.5,64.5,65.0,18551900
2018-08-20,60.76126480102539,65.0,65.5,64.75,65.0,16737500
2018-08-21,61.22865676879883,65.5,66.5,65.0,65.0,39608300
2018-08-22,61.22865676879883,65.5,66.25,65.25,65.75,14677900
2018-08-23,61.69605255126953,66.0,66.5,65.75,66.0,19237200
2018-08-24,61.46235656738281,65.75,66.25,65.5,65.75,12803800
2018-08-27,61.92974853515625,66.25,66.5,66.0,66.25,13689900
2018-08-28,61.69605255126953,66.0,66.5,66.0,66.25,32377500
2018-08-29,61.92974853515625,66.25,66.5,66.0,66.25,12411900
2018-08-30,62.16344451904297,66.5,67.0,66.25,66.25,30282000
2018-08-31,62.39714813232422,66.75,66.75,66.0,66.0,15581100
2018-09-03,62.16344451904297,66.5,67.0,66.25,66.75,11078500
2018-09-04,61.22865676879883,65.5,66.75,65.25,66.75,25136300
2018-09-05,60.76126480102539,65.0,65.5,64.5,65.0,19137900
2018-09-06,61.22865676879883,65.5,65.75,64.5,65.0,23418700
2018-09-07,60.52756881713867,64.75,65.5,64.5,65.25,14212900
2018-09-10,60.060176849365234,64.25,64.75,64.0,64.5,17119800
2018-09-11,57.95690155029297,62.0,65.0,62.0,64.5,66091000
2018-09-12,58.19060134887695,62.25,62.5,60.75,61.5,43421400
2018-09-13,60.29386901855469,64.5,65.25,62.75,63.0,43116300
2018-09-14,60.29386901855469,64.5,65.25,64.5,64.75,19510800
2018-09-17,60.29386901855469,64.5,64.75,64.0,64.5,16742200
2018-09-18,61.69605255126953,66.0,66.5,64.25,64.25,33327200
2018-09-19,61.69605255126953,66.0,66.75,66.0,66.25,29301700
2018-09-20,61.92974853515625,66.25,66.75,66.25,66.25,15907800
2018-09-21,62.16344451904297,66.5,67.25,66.0,66.5,56163900
2018-09-24,61.69605255126953,66.0,66.5,66.0,66.25,8575300
2018-09-25,62.16344451904297,66.5,66.75,66.0,66.25,11714100
2018-09-26,60.76126480102539,65.0,66.5,64.5,66.25,50786800
2018-09-27,60.99496078491211,65.25,65.5,64.25,64.75,33308300
2018-09-28,61.22865676879883,65.5,65.5,64.75,65.25,18841400
2018-10-01,60.76126480102539,65.0,65.75,64.75,65.5,15439700
2018-10-02,60.29386901855469,64.5,65.0,64.0,64.75,33194600
2018-10-03,60.060176849365234,64.25,64.75,64.25,64.75,11223600
2018-10-04,59.35908508300781,63.5,64.5,63.25,64.25,23775600
2018-10-05,58.891693115234375,63.0,63.5,62.75,63.0,21689400
2018-10-08,58.19060134887695,62.25,63.5,62.0,63.0,21429700
2018-10-09,58.19060134887695,62.25,62.75,62.0,62.5,16787000
2018-10-10,58.891693115234375,63.0,63.25,62.5,62.5,12740800
2018-10-11,58.42429733276367,62.5,62.5,61.25,61.75,38048400
2018-10-12,59.35908508300781,63.5,64.0,62.5,62.75,19551100
2018-10-16,59.35908508300781,63.5,63.75,63.0,63.5,16600700
2018-10-17,58.65799331665039,62.75,64.0,62.75,64.0,18094800
2018-10-18,57.95690155029297,62.0,63.0,61.75,62.75,30296500
2018-10-19,57.02210998535156,61.0,62.0,60.0,61.75,59532500
2018-10-22,57.489505767822266,61.5,61.5,60.75,61.0,17431700
2018-10-24,57.02210998535156,61.0,61.5,60.5,61.0,31480400
2018-10-25,57.72320556640625,61.75,62.0,60.0,60.5,42985000
2018-10-26,57.02210998535156,61.0,61.75,60.5,61.25,23661100
2018-10-29,58.19060134887695,62.25,62.5,61.25,61.25,28607500
2018-10-30,58.42429733276367,62.5,62.75,61.75,62.25,11630400
2018-10-31,59.82647705078125,64.0,64.0,62.5,62.75,45015200
2018-11-01,59.5927848815918,63.75,64.25,63.5,64.0,26293200
2018-11-02,60.060176849365234,64.25,64.75,63.75,64.0,25101600
2018-11-05,60.29386901855469,64.5,64.5,63.5,63.75,13146000
2018-11-06,60.99496078491211,65.25,65.5,64.5,64.75,56852800
2018-11-07,60.76126480102539,65.0,65.25,64.5,65.25,27463100
2018-11-08,61.22865676879883,65.5,66.0,65.25,65.5,31688800
2018-11-09,60.76126480102539,65.0,65.5,64.5,65.25,11943500
2018-11-12,60.52756881713867,64.75,65.25,64.25,65.0,10642200
2018-11-13,60.99496078491211,65.25,65.25,64.0,64.25,16249200
2018-11-14,61.22865676879883,65.5,65.5,64.75,65.25,13778100
2018-11-15,60.52756881713867,64.75,65.5,64.75,65.5,10939900
2018-11-16,60.29386901855469,64.5,65.25,64.5,64.75,9957900
2018-11-19,60.99496078491211,65.25,65.5,64.5,64.5,15614400
2018-11-20,59.82647705078125,64.0,65.0,64.0,64.75,15931200
2018-11-21,58.891693115234375,63.0,63.75,62.5,63.5,35533900
2018-11-22,57.489505767822266,61.5,62.0,61.0,61.5,44512700
2018-11-23,58.891693115234375,63.0,63.25,61.25,61.5,24218700
2018-11-26,59.5927848815918,63.75,63.75,62.25,63.0,13162200
2018-11-27,59.125389099121094,63.25,64.0,63.25,63.5,10519100
2018-11-28,60.060176849365234,64.25,64.25,63.5,63.5,15794900
2018-11-29,60.52756881713867,64.75,65.0,64.25,64.25,13864500
2018-11-30,59.5927848815918,63.75,65.0,63.5,64.75,28329400
2018-12-03,61.46235656738281,65.75,65.75,65.0,65.25,32879600
2018-12-04,61.69605255126953,66.0,66.0,65.25,65.75,24073700
2018-12-06,60.99496078491211,65.25,65.5,64.75,65.0,26664700
2018-12-07,60.99496078491211,65.25,65.75,65.0,65.5,8359400
2018-12-11,59.35908508300781,63.5,65.5,63.25,65.5,28981600
2018-12-12,60.29386901855469,64.5,64.75,63.5,63.5,19827600
2018-12-13,60.10382080078125,63.25,64.5,63.25,64.25,12932400
2018-12-14,59.86625671386719,63.0,63.75,62.5,63.5,14137100
2018-12-17,60.10382080078125,63.25,63.75,63.0,63.0,14612400
2018-12-18,59.62868881225586,62.75,63.5,62.0,63.0,28948300
2018-12-19,60.57895278930664,63.75,64.0,62.25,62.75,22566400
2018-12-20,61.29164123535156,64.5,64.5,63.25,63.25,15332500
2018-12-21,61.29164123535156,64.5,65.25,63.75,63.75,23184100
2018-12-24,61.76676940917969,65.0,65.75,64.25,64.25,23454000
2018-12-25,59.62868881225586,62.75,64.25,62.5,64.0,20588900
2018-12-26,60.81651306152344,64.0,64.0,62.75,62.75,12024100
2018-12-27,60.10382080078125,63.25,65.0,63.0,64.75,23784700
2018-12-28,61.0540771484375,64.25,64.25,63.25,63.25,13762400
2019-01-02,61.0540771484375,64.25,64.75,64.25,64.75,10022000
2019-01-03,60.34138488769531,63.5,64.75,63.0,64.75,17587200
2019-01-04,61.29164123535156,64.5,64.5,63.25,63.5,13012700
2019-01-07,61.0540771484375,64.25,65.0,63.75,64.5,23352600
2019-01-08,61.529205322265625,64.75,65.25,64.25,64.5,21696800
2019-01-09,62.71702575683594,66.0,66.0,65.5,65.5,33902300
2019-01-10,62.71702575683594,66.0,66.25,65.5,65.75,41617000
2019-01-11,65.0926742553711,68.5,68.75,66.25,66.25,58713700
2019-01-14,64.85511016845703,68.25,69.25,67.75,68.5,32633000
2019-01-15,63.19215774536133,66.5,68.5,66.25,68.25,36927400
2019-01-16,64.37997436523438,67.75,68.25,66.25,66.75,30224000
2019-01-17,64.37997436523438,67.75,69.0,67.75,68.25,35445200
2019-01-18,65.0926742553711,68.5,68.5,67.5,68.0,16159900
2019-01-21,65.0926742553711,68.5,69.0,68.25,68.75,12596500
2019-01-22,65.0926742553711,68.5,68.75,68.25,68.5,17083200
2019-01-23,65.80535888671875,69.25,69.75,68.25,68.5,43969700
2019-01-24,64.85511016845703,68.25,69.75,67.75,69.25,37019300
2019-01-25,65.0926742553711,68.5,68.75,68.0,68.25,12127200
2019-01-28,65.0926742553711,68.5,69.25,68.5,68.75,20607600
2019-01-29,65.33023834228516,68.75,69.0,68.25,68.5,14596600
2019-01-30,66.2804946899414,69.75,69.75,68.75,69.25,20005300
2019-01-31,65.56780242919922,69.0,70.0,68.75,70.0,30244500
2019-02-01,66.2804946899414,69.75,70.0,68.75,69.0,24703000
2019-02-04,65.80535888671875,69.25,70.0,69.0,69.75,12622500
2019-02-05,66.51805877685547,70.0,70.0,69.0,69.0,10037700
2019-02-06,66.04293060302734,69.5,70.5,69.5,70.0,17886800
2019-02-07,65.56780242919922,69.0,70.25,68.75,69.75,22696500
2019-02-08,65.56780242919922,69.0,69.25,68.0,68.75,34891400
2019-02-11,64.61753845214844,68.0,68.75,68.0,68.5,15419700
2019-02-12,64.61753845214844,68.0,68.5,67.5,67.75,19992500
2019-02-13,65.56780242919922,69.0,69.25,68.25,68.5,15452100
2019-02-14,65.33023834228516,68.75,69.25,68.5,69.0,9254700
2019-02-15,63.90484619140625,67.25,68.5,67.0,68.5,34020200
2019-02-18,63.66728973388672,67.0,67.75,67.0,67.5,19685600
2019-02-20,65.0926742553711,68.5,68.75,67.25,67.75,28011300
2019-02-21,65.0926742553711,68.5,69.0,68.25,68.75,16464400
2019-02-22,65.33023834228516,68.75,69.5,68.25,68.25,25714300
2019-02-25,65.56780242919922,69.0,69.5,68.5,69.0,20400000
2019-02-26,65.56780242919922,69.0,69.25,68.5,68.75,17087500
2019-02-27,65.33023834228516,68.75,69.0,68.5,68.75,12274100
2019-02-28,64.14241027832031,67.5,68.5,67.25,68.5,38502600
2019-03-01,64.14241027832031,67.5,68.25,67.25,67.75,14089000
2019-03-04,63.42972183227539,66.75,67.75,66.5,67.5,25415200
2019-03-05,63.90484619140625,67.25,67.75,66.0,66.75,24827700
2019-03-06,64.37997436523438,67.75,68.25,67.25,67.75,24975000
2019-03-07,64.37997436523438,67.75,68.0,67.25,67.5,12072400
2019-03-08,64.37997436523438,67.75,68.25,67.25,67.75,10710200
2019-03-11,64.37997436523438,67.75,68.0,67.25,67.75,12831500
2019-03-12,63.66728973388672,67.0,68.0,67.0,67.75,10680500
2019-03-13,65.33023834228516,68.75,68.75,67.0,67.0,27688300
2019-03-14,65.56780242919922,69.0,69.25,68.5,69.0,18796100
2019-03-15,64.61753845214844,68.0,69.25,68.0,69.0,23432700
2019-03-18,63.66728973388672,67.0,68.0,66.75,67.75,25104200
2019-03-19,64.37997436523438,67.75,68.5,67.0,67.0,19145000
2019-03-20,64.14241027832031,67.5,68.25,67.5,67.75,13943100
2019-03-21,64.37997436523438,67.75,68.25,67.5,67.75,12581200
2019-03-22,64.85511016845703,68.25,68.5,67.75,67.75,17857800
2019-03-25,64.37997436523438,67.75,68.0,67.0,67.75,21995900
2019-03-26,64.37997436523438,67.75,67.75,67.25,67.5,18307500
2019-03-27,64.14241027832031,67.5,68.0,67.25,68.0,15359800
2019-03-28,64.37997436523438,67.75,68.25,67.25,67.5,18095600
2019-03-29,64.61753845214844,68.0,68.25,67.5,68.0,14567500
2019-04-01,63.90484619140625,67.25,68.25,67.25,68.25,15614000
2019-04-02,64.14241027832031,67.5,68.25,67.25,68.25,17979100
2019-04-03,64.14241027832031,67.5,68.0,67.25,67.75,13177000
2019-04-04,63.90484619140625,67.25,67.75,67.0,67.5,11838600
2019-04-05,63.90484619140625,67.25,67.75,67.0,67.25,8153900
2019-04-09,64.61753845214844,68.0,68.25,67.25,67.25,17679900
2019-04-10,64.85511016845703,68.25,68.5,67.75,68.0,16305500
2019-04-11,64.61753845214844,68.0,68.5,68.0,68.5,8495400
2019-04-12,64.85511016845703,68.25,68.5,67.75,68.25,13816300
2019-04-17,65.0926742553711,68.5,68.5,68.0,68.25,12884400
2019-04-18,65.33023834228516,68.75,68.75,68.0,68.5,26834800
2019-04-19,65.56780242919922,69.0,69.5,68.5,68.75,31310100
2019-04-22,65.0926742553711,68.5,69.5,68.5,69.25,18660100
2019-04-23,65.0926742553711,68.5,69.0,68.5,68.5,11369500
2019-04-24,64.85511016845703,68.25,68.75,68.0,68.5,8078700
2019-04-25,64.61753845214844,68.0,68.75,68.0,68.25,13982300
2019-04-26,64.61753845214844,68.0,68.5,67.75,68.0,13382000
2019-04-29,64.61753845214844,68.0,68.5,68.0,68.0,8716300
2019-04-30,65.0926742553711,68.5,68.75,68.0,68.25,16952800
2019-05-02,65.33023834228516,68.75,69.0,68.5,68.75,17593200
2019-05-03,65.80535888671875,69.25,69.25,68.75,68.75,11423600
2019-05-07,65.0926742553711,68.5,69.0,68.5,68.75,13581500
2019-05-08,64.85511016845703,68.25,68.75,68.0,68.25,13137200
2019-05-09,64.37997436523438,67.75,68.5,67.5,68.25,16735500
2019-05-10,64.37997436523438,67.75,68.25,67.5,68.0,13658400
2019-05-13,64.85511016845703,68.25,68.25,67.5,67.75,12200000
2019-05-14,64.61753845214844,68.0,68.0,67.5,67.75,15978200
2019-05-15,64.14241027832031,67.5,68.25,67.5,68.0,11098500
2019-05-16,64.61753845214844,68.0,68.0,67.25,67.5,15938800
2019-05-17,63.90484619140625,67.25,68.25,67.25,68.25,21730000
2019-05-21,63.42972183227539,66.75,67.5,66.25,67.0,28503100
2019-05-22,63.42972183227539,66.75,67.5,66.5,67.0,14422200
2019-05-23,63.42972183227539,66.75,67.25,66.25,66.75,25425900
2019-05-24,62.479461669921875,65.75,66.5,65.25,66.25,42533100
2019-05-27,63.19215774536133,66.5,66.5,64.5,65.75,45920500
2019-05-28,63.66728973388672,67.0,67.0,66.0,66.25,41696900
2019-05-29,63.19215774536133,66.5,67.0,66.25,66.75,13208400
2019-05-30,63.19215774536133,66.5,67.25,66.25,67.0,16350900
2019-05-31,60.57895278930664,63.75,67.0,62.75,66.5,153207900
2019-06-04,61.76676940917969,65.0,65.25,63.75,64.0,54809300
2019-06-05,61.529205322265625,64.75,65.75,64.5,65.75,28534400
2019-06-06,61.76676940917969,65.0,65.5,64.5,64.75,24613100
2019-06-07,62.71702575683594,66.0,66.0,65.0,65.25,20259300
2019-06-10,62.71702575683594,66.0,66.75,65.75,66.25,35110100
2019-06-11,62.95458984375,66.25,66.75,65.5,66.0,25413900
2019-06-12,63.19215774536133,66.5,66.75,66.0,66.25,9432500
2019-06-13,63.19215774536133,66.5,67.0,66.0,66.25,15980500
2019-06-14,63.42972183227539,66.75,66.75,66.25,66.5,11464500
2019-06-17,63.19215774536133,66.5,67.0,66.25,66.75,14447000
2019-06-18,64.61753845214844,68.0,68.0,66.25,66.25,46459400
2019-06-19,70.08153533935547,73.75,74.75,68.25,68.75,316825600
2019-06-20,70.55665588378906,74.25,75.0,73.5,74.25,76366100
2019-06-21,70.79421997070312,74.5,75.0,74.0,74.5,53254900
2019-06-24,71.74447631835938,75.5,76.25,75.0,75.0,55190700
2019-06-25,71.26935577392578,75.0,75.75,74.75,75.5,42381600
2019-06-26,70.319091796875,74.0,74.75,73.5,74.5,55651700
2019-06-27,70.319091796875,74.0,74.5,73.75,74.0,24223200
2019-06-28,69.84396362304688,73.5,74.25,73.5,73.75,25800300
2019-07-01,70.55665588378906,74.25,74.5,74.0,74.25,25945300
2019-07-02,70.319091796875,74.0,74.5,73.5,74.0,14556800
2019-07-03,71.26935577392578,75.0,75.0,74.25,74.25,21896800
2019-07-04,70.55665588378906,74.25,75.25,74.0,75.0,28336000
2019-07-05,71.03178405761719,74.75,75.0,74.5,74.75,14766200
2019-07-08,70.319091796875,74.0,74.5,73.75,74.25,18316900
2019-07-09,69.84396362304688,73.5,74.25,73.5,73.5,16444800
2019-07-10,70.55665588378906,74.25,74.5,73.25,73.75,26014100
2019-07-11,70.08153533935547,73.75,74.5,73.75,74.5,10931900
2019-07-12,70.319091796875,74.0,74.25,73.25,74.0,14659800
2019-07-15,70.08153533935547,73.75,74.25,73.75,74.0,8628100
2019-07-17,69.84396362304688,73.5,74.0,73.5,73.75,11195000
2019-07-18,69.36883544921875,73.0,73.75,72.5,73.5,24234200
2019-07-19,69.13127136230469,72.75,74.0,72.75,73.5,13484900
2019-07-22,67.9434585571289,71.5,72.75,71.25,72.5,32674300
2019-07-23,68.65614318847656,72.25,72.75,71.5,71.5,23599000
2019-07-24,68.65614318847656,72.25,72.75,72.0,72.25,19738400
2019-07-25,68.4185791015625,72.0,72.25,71.5,72.25,19122400
2019-07-26,68.18101501464844,71.75,72.0,71.25,71.75,11825200
2019-07-30,68.4185791015625,72.0,72.0,71.25,72.0,13190800
2019-07-31,68.4185791015625,72.0,72.25,71.5,71.75,12864000
2019-08-01,68.18101501464844,71.75,72.0,71.25,71.5,13525400
2019-08-02,67.23075866699219,70.75,71.0,69.25,70.5,66051300
2019-08-05,66.04293060302734,69.5,70.5,69.25,69.5,35613200
2019-08-06,65.80535888671875,69.25,69.75,69.0,69.0,41961800
2019-08-07,66.04293060302734,69.5,70.25,68.5,69.25,28198800
2019-08-08,67.46833038330078,71.0,71.25,69.5,69.5,26483200
2019-08-09,66.2804946899414,69.75,71.5,69.5,71.5,18692100
2019-08-13,63.90484619140625,67.25,70.0,67.25,69.25,45881200
2019-08-14,65.33023834228516,68.75,69.0,68.0,68.0,28349900
2019-08-15,66.04293060302734,69.5,70.25,67.75,68.5,45594100
2019-08-16,66.99319458007812,70.5,70.75,69.25,69.25,28443600
2019-08-19,67.9434585571289,71.5,71.75,70.75,71.0,27436400
2019-08-20,66.75563049316406,70.25,72.0,70.0,71.75,33899200
2019-08-21,66.75563049316406,70.25,71.0,70.25,70.25,20258000
2019-08-22,66.75563049316406,70.25,70.25,69.5,69.75,19688000
2019-08-23,67.46833038330078,71.0,71.0,70.25,70.5,14251500
2019-08-26,66.99319458007812,70.5,70.75,69.5,69.75,16142000
2019-08-27,67.46833038330078,71.0,71.5,70.0,70.25,32556400
2019-08-28,67.70589447021484,71.25,71.5,70.5,71.0,17674100
2019-08-29,67.70589447021484,71.25,71.75,71.0,71.25,11072300
2019-08-30,68.4185791015625,72.0,72.5,71.0,71.75,31340200
2019-09-02,68.89370727539062,72.5,73.0,72.0,72.0,26939200
2019-09-03,68.4185791015625,72.0,72.75,72.0,72.5,16358500
2019-09-04,70.55665588378906,74.25,74.5,72.25,72.25,50565600
2019-09-05,70.79421997070312,74.5,75.25,74.0,74.75,40885300
2019-09-06,70.55665588378906,74.25,74.75,73.75,74.5,17310000
2019-09-09,70.55665588378906,74.25,74.25,73.75,74.0,9358000
2019-09-10,70.55665588378906,74.25,74.75,73.75,74.5,16014100
2019-09-11,70.55665588378906,74.25,74.5,74.0,74.5,11774100
2019-09-12,69.36883544921875,73.0,74.25,73.0,74.25,17554900
2019-09-13,68.4185791015625,72.0,73.0,72.0,72.75,22107400
2019-09-16,69.84396362304688,73.5,73.5,71.75,72.0,17273500
2019-09-17,69.84396362304688,73.5,74.25,73.0,73.25,20878100
2019-09-18,70.319091796875,74.0,74.0,73.0,73.5,18641600
2019-09-19,70.319091796875,74.0,74.75,73.75,74.25,19309700
2019-09-20,70.08153533935547,73.75,74.25,73.25,74.0,19224800
2019-09-23,68.89370727539062,72.5,74.0,72.0,74.0,20848300
2019-09-24,69.36883544921875,73.0,73.75,72.75,72.75,12067500
2019-09-25,70.08153533935547,73.75,74.25,72.75,72.75,20912000
2019-09-26,70.08153533935547,73.75,74.25,73.5,74.25,13333900
2019-09-27,70.55665588378906,74.25,74.5,73.5,73.5,20748600
2019-09-30,71.03178405761719,74.75,75.25,73.75,74.0,30101800
2019-10-01,70.55665588378906,74.25,75.25,74.25,75.0,18968900
2019-10-02,69.36883544921875,73.0,74.0,72.5,74.0,26127000
2019-10-03,69.60639953613281,73.25,73.75,72.75,72.75,14772600
2019-10-04,69.60639953613281,73.25,73.5,73.0,73.5,10641600
2019-10-07,70.319091796875,74.0,74.0,73.0,73.5,11424200
2019-10-08,70.08153533935547,73.75,74.5,73.5,74.5,8944300
2019-10-09,70.79421997070312,74.5,74.5,73.5,73.75,10744300
2019-10-10,70.08153533935547,73.75,74.5,73.5,74.25,9596700
2019-10-11,71.26935577392578,75.0,75.0,74.0,74.0,23816000
2019-10-15,71.74447631835938,75.5,75.5,74.75,75.25,17764900
2019-10-16,73.16986846923828,77.0,77.25,75.5,75.75,52013700
2019-10-17,73.16986846923828,77.0,77.75,76.5,77.5,27176500
2019-10-18,73.40743255615234,77.25,77.5,76.0,77.0,18200000
2019-10-21,73.16986846923828,77.0,77.75,76.5,77.25,10042900
2019-10-22,73.16986846923828,77.0,77.75,76.5,77.25,8359600
2019-10-24,74.12012481689453,78.0,78.25,76.75,77.25,34292300
2019-10-25,72.45716857910156,76.25,78.25,76.0,78.0,32608700
2019-10-28,73.6449966430664,77.5,77.5,75.75,76.25,16444900
2019-10-29,74.3576889038086,78.25,78.75,77.25,77.5,29714200
2019-10-30,74.83280944824219,78.75,79.0,78.0,78.5,19591500
2019-10-31,74.3576889038086,78.25,79.5,78.25,78.75,21721000
2019-11-01,74.12012481689453,78.0,78.75,77.5,78.0,16253300
2019-11-04,76.02064514160156,80.0,80.25,78.25,78.25,31148500
2019-11-05,75.30794525146484,79.25,80.25,78.5,80.0,26693100
2019-11-06,76.02064514160156,80.0,80.5,79.0,79.25,25905700
2019-11-07,76.02064514160156,80.0,80.5,79.25,80.0,19693600
2019-11-08,76.25820922851562,80.25,80.75,79.5,79.75,11348400
2019-11-11,76.02064514160156,80.0,80.25,79.25,80.0,16446500
2019-11-12,75.5455093383789,79.5,80.5,79.0,80.25,16357700
2019-11-13,74.3576889038086,78.25,79.5,78.0,79.0,21827800
2019-11-14,75.07037353515625,79.0,79.25,78.0,78.25,16115900
2019-11-15,76.02064514160156,80.0,80.0,79.0,79.25,11046000
2019-11-18,76.73334503173828,80.75,81.5,79.5,80.0,27237500
2019-11-19,76.97089385986328,81.0,81.75,80.25,80.5,22166800
2019-11-20,76.25820922851562,80.25,80.75,79.75,80.5,17375300
2019-11-21,76.02064514160156,80.0,80.5,79.25,80.0,14100500
2019-11-22,76.25820922851562,80.25,80.25,79.5,80.0,8920700
2019-11-25,76.49577331542969,80.5,80.5,79.75,80.0,11687500
2019-11-26,75.30794525146484,79.25,80.5,78.25,80.5,42820000
2019-11-27,74.3576889038086,78.25,78.75,77.75,78.75,29480100
2019-11-28,71.74447631835938,75.5,77.5,75.5,77.5,65932300
2019-11-29,71.74447631835938,75.5,75.5,74.75,75.0,47477400
2019-12-02,71.03178405761719,74.75,75.5,74.0,75.5,44998000
2019-12-03,70.55665588378906,74.25,75.75,74.0,74.75,42865500
2019-12-04,71.03178405761719,74.75,75.0,73.5,74.0,23514700
2019-12-06,71.50691223144531,75.25,76.0,75.0,75.5,27212300
2019-12-09,69.36883544921875,73.0,73.5,72.5,73.25,41112600
2019-12-11,70.79421997070312,74.5,74.75,73.25,73.5,25949100
2019-12-12,72.77009582519531,75.5,76.0,74.5,75.25,28637500
2019-12-13,72.77009582519531,75.5,76.5,75.25,76.25,14829400
2019-12-16,71.56529235839844,74.25,75.25,74.0,75.0,16472500
2019-12-17,71.0833740234375,73.75,74.5,73.25,74.0,25186600
2019-12-18,72.28817749023438,75.0,75.25,73.75,73.75,18556500
2019-12-19,72.28817749023438,75.0,75.5,74.0,74.25,18416000
2019-12-20,72.52913665771484,75.25,75.5,74.5,74.75,15689100
2019-12-23,72.28817749023438,75.0,75.5,75.0,75.0,9969500
2019-12-24,70.60145568847656,73.25,74.5,73.25,74.5,35224900
2019-12-25,71.32433319091797,74.0,74.0,73.0,73.25,7225200
2019-12-26,72.0472183227539,74.75,75.0,73.75,73.75,15169700
2019-12-27,71.56529235839844,74.25,75.25,73.75,75.25,22607400
2019-12-30,71.56529235839844,74.25,74.75,74.25,74.75,9372600
2020-01-02,72.52913665771484,75.25,75.5,74.25,74.5,11500200
2020-01-03,71.32433319091797,74.0,74.75,73.75,74.75,22661500
2020-01-06,69.63760375976562,72.25,73.25,71.75,73.0,41290900
2020-01-07,71.0833740234375,73.75,73.75,72.75,73.0,14769400
2020-01-08,70.36048889160156,73.0,73.0,72.0,72.25,21980500
2020-01-09,71.56529235839844,74.25,74.5,73.75,74.0,18048300
2020-01-10,71.32433319091797,74.0,74.75,73.75,74.25,7232600
2020-01-13,72.0472183227539,74.75,75.0,74.0,74.25,14862400
2020-01-14,72.77009582519531,75.5,76.75,75.0,76.25,31872700
2020-01-15,72.0472183227539,74.75,75.5,74.5,75.25,12519900
2020-01-16,72.28817749023438,75.0,75.25,74.5,74.75,6227000
2020-01-17,72.28817749023438,75.0,75.25,74.5,74.75,8544300
2020-01-20,71.56529235839844,74.25,75.5,74.0,75.25,14928900
2020-01-21,69.39665222167969,72.0,72.0,71.0,72.0,59497200
2020-01-22,68.43281555175781,71.0,71.75,70.75,71.5,51754100
2020-01-23,68.67377471923828,71.25,72.0,70.75,70.75,25763400
2020-01-24,68.91473388671875,71.5,72.0,71.0,71.0,17997100
2020-01-27,66.26416015625,68.75,69.25,67.25,67.5,98120100
2020-01-28,65.54127502441406,68.0,68.75,67.75,68.0,87751400
2020-01-29,66.9870376586914,69.5,70.25,68.25,68.5,66506800
2020-01-30,66.9870376586914,69.5,70.0,68.75,69.0,32592900
2020-01-31,67.95088958740234,70.5,71.5,70.25,71.5,42526500
2020-02-03,67.70992279052734,70.25,71.25,69.75,69.75,36925300
2020-02-04,68.19184875488281,70.75,71.75,69.75,70.0,42736100
2020-02-05,70.36048889160156,73.0,73.25,70.5,71.0,45555300
2020-02-06,70.36048889160156,73.0,73.5,72.5,73.5,27948100
2020-02-07,68.91473388671875,71.5,72.75,71.0,72.5,32966400
2020-02-11,67.95088958740234,70.5,71.75,70.25,71.25,28902400
2020-02-12,68.19184875488281,70.75,71.25,70.5,70.75,20896400
2020-02-13,67.95088958740234,70.5,71.0,70.25,71.0,18113200
2020-02-14,67.46896362304688,70.0,70.75,70.0,70.5,17041900
2020-02-17,67.46896362304688,70.0,70.75,69.25,70.25,24478600
2020-02-18,66.74607849121094,69.25,69.75,69.0,69.25,38447400
2020-02-19,65.3003158569336,67.75,69.75,67.75,69.25,63493300
2020-02-20,62.16783142089844,64.5,65.0,62.25,63.75,184600300
2020-02-21,62.89071273803711,65.25,65.5,63.75,64.0,50594600
2020-02-24,60.96302795410156,63.25,64.25,63.25,63.5,57504500
2020-02-25,62.408790588378906,64.75,65.25,62.5,63.25,69176800
2020-02-26,60.240150451660156,62.5,65.25,62.5,64.25,83153400
2020-02-27,60.481109619140625,62.75,63.0,61.25,62.5,62881300
2020-02-28,57.589576721191406,59.75,61.5,59.75,60.75,46169600
2020-03-02,59.03533935546875,61.25,62.0,59.5,60.75,47579600
2020-03-03,60.240150451660156,62.5,62.75,61.75,62.25,40120400
2020-03-04,60.96302795410156,63.25,63.75,61.75,62.0,34917300
2020-03-05,61.92687225341797,64.25,65.0,63.25,63.5,47174200
2020-03-06,61.2039909362793,63.5,64.0,62.75,63.5,24235600
2020-03-09,58.07149887084961,60.25,63.25,60.0,62.25,38558300
2020-03-10,59.03533935546875,61.25,62.5,60.25,60.5,36199600
2020-03-11,58.312461853027344,60.5,62.0,60.25,60.5,36412600
2020-03-12,50.84268569946289,52.75,56.25,50.0,55.25,133008400
2020-03-13,54.457096099853516,56.5,59.0,46.75,48.0,134202700
2020-03-16,48.192115783691406,50.0,54.25,50.0,53.0,66908700
2020-03-17,47.7101936340332,49.5,51.25,49.5,50.0,50698800
2020-03-18,47.228275299072266,49.0,51.25,48.5,50.0,50344400
2020-03-19,45.30059051513672,47.0,48.0,45.25,46.75,53845000
2020-03-20,51.80652618408203,53.75,53.75,49.0,49.5,68263200
2020-03-23,45.54154968261719,47.25,50.0,47.0,48.25,53805200
2020-03-24,46.26443099975586,48.0,50.75,46.5,50.0,65675600
2020-03-25,48.43307876586914,50.25,51.5,49.0,49.75,51101100
2020-03-26,48.915000915527344,50.75,51.0,49.75,49.75,32934700
2020-03-27,48.67403793334961,50.5,52.5,50.0,52.5,36509500
2020-03-30,47.95115280151367,49.75,50.25,49.0,50.0,32353800
2020-03-31,48.915000915527344,50.75,51.5,50.25,51.0,36759400
2020-04-01,47.7101936340332,49.5,51.0,49.25,50.0,41862500
2020-04-02,48.43307876586914,50.25,50.75,49.25,49.75,36141200
2020-04-03,48.192115783691406,50.0,50.75,50.0,50.5,14389100
2020-04-07,55.42093276977539,57.5,57.5,52.5,53.5,75766900
2020-04-08,54.69805145263672,56.75,57.25,55.0,57.25,51460200
2020-04-09,54.69805145263672,56.75,60.0,56.25,56.75,57493200
2020-04-10,55.17997741699219,57.25,57.25,56.25,56.25,23715200
2020-04-13,53.73420715332031,55.75,56.5,52.75,56.5,56568400
2020-04-14,54.21613693237305,56.25,57.0,55.25,56.0,41546600
2020-04-15,52.77037048339844,54.75,56.25,54.75,55.5,31083200
2020-04-16,52.0474853515625,54.0,55.25,54.0,54.5,26129900
2020-04-17,56.3847770690918,58.5,58.5,55.5,55.75,51936400
2020-04-20,59.75822448730469,62.0,63.25,58.25,58.5,72231800
2020-04-21,58.312461853027344,60.5,61.25,60.0,60.5,43351300
2020-04-22,59.03533935546875,61.25,61.25,58.25,60.25,46722900
2020-04-23,58.07149887084961,60.25,61.0,59.5,60.5,35754500
2020-04-24,56.625736236572266,58.75,60.0,58.75,59.75,33376500
2020-04-27,56.625736236572266,58.75,59.75,58.75,59.5,13851500
2020-04-28,57.3486213684082,59.5,61.0,58.5,58.75,30584500
2020-04-29,57.83053970336914,60.0,60.5,59.5,60.25,12386600
2020-04-30,59.99918746948242,62.25,62.5,61.0,61.25,52315000
2020-05-05,58.312461853027344,60.5,61.75,60.25,61.75,27189300
2020-05-07,57.3486213684082,59.5,60.25,59.0,60.0,22432800
2020-05-08,57.589576721191406,59.75,60.75,59.5,60.0,23722300
2020-05-11,57.83053970336914,60.0,61.0,60.0,60.25,20542200
2020-05-12,58.79438400268555,61.0,61.25,59.5,59.75,20076600
2020-05-13,58.07149887084961,60.25,61.0,60.0,61.0,12675800
2020-05-14,57.589576721191406,59.75,60.25,59.25,59.5,19842200
2020-05-15,56.86669921875,59.0,60.25,59.0,60.0,18701400
2020-05-18,56.3847770690918,58.5,59.5,58.5,59.25,18312300
2020-05-19,57.83053970336914,60.0,60.75,59.75,60.5,29824400
2020-05-20,57.3486213684082,59.5,60.25,59.0,60.0,17100500
2020-05-21,56.625736236572266,58.75,59.5,58.25,59.25,29165000
2020-05-22,55.17997741699219,57.25,58.5,57.0,58.25,31839400
2020-05-25,55.90285873413086,58.0,58.25,57.0,57.0,11576600
2020-05-26,57.10765838623047,59.25,60.0,58.5,59.0,24640600
2020-05-27,59.27630615234375,61.5,61.75,59.25,59.25,58719600
2020-05-28,59.03533935546875,61.25,62.5,61.25,62.0,42225600
2020-05-29,59.75822448730469,62.0,62.0,60.5,60.75,31922800
2020-06-01,59.517269134521484,61.75,63.0,61.75,62.5,29840800
2020-06-02,61.2039909362793,63.5,64.75,62.0,62.25,79200000
2020-06-04,65.05935668945312,67.5,67.5,66.0,66.5,92895000
2020-06-05,64.57743835449219,67.0,67.25,65.75,67.0,33012900
2020-06-08,64.57743835449219,67.0,67.5,66.25,67.0,24364900
2020-06-09,63.37263107299805,65.75,67.75,65.0,66.75,34428700
2020-06-10,64.09551239013672,66.5,67.0,65.5,66.0,25560400
2020-06-11,61.685909271240234,64.0,66.25,63.75,66.0,34928000
2020-06-12,62.64975357055664,65.0,65.0,62.0,62.0,36512700
2020-06-15,60.240150451660156,62.5,64.5,62.0,64.5,32977900
2020-06-16,60.96302795410156,63.25,64.75,63.25,64.5,17259500
2020-06-17,60.96302795410156,63.25,64.25,62.75,63.25,20369400
2020-06-18,59.517269134521484,61.75,62.5,61.0,61.5,48304100
2020-06-19,59.27630615234375,61.5,62.5,61.5,61.75,19888600
2020-06-22,57.83053970336914,60.0,61.75,60.0,61.25,28840200
2020-06-23,58.07149887084961,60.25,60.75,59.5,60.5,20043500
2020-06-24,57.589576721191406,59.75,61.0,59.5,60.25,23526800
2020-06-25,56.86669921875,59.0,60.0,58.75,59.5,36899600
2020-06-26,56.86669921875,59.0,59.75,58.5,59.25,22266200
2020-06-29,57.10765838623047,59.25,59.25,58.0,58.5,22826300
2020-06-30,58.312461853027344,60.5,61.0,60.25,60.75,26500400
2020-07-01,57.83053970336914,60.0,61.25,59.25,61.0,21746400
2020-07-02,59.517269134521484,61.75,62.0,60.5,60.75,24418500
2020-07-03,58.07149887084961,60.25,61.75,60.0,61.75,25636800
2020-07-07,57.3486213684082,59.5,60.75,59.25,60.5,29775500
2020-07-08,55.42093276977539,57.5,59.0,57.5,58.75,64743600
2020-07-09,54.21613693237305,56.25,57.5,55.5,57.5,83304900
2020-07-10,53.011329650878906,55.0,55.75,54.5,55.25,47952300
2020-07-13,52.5294075012207,54.5,55.75,54.25,55.5,33293000
2020-07-14,52.28844451904297,54.25,55.25,54.0,54.0,32195000
2020-07-15,53.25228500366211,55.25,56.0,54.5,54.75,33918800
2020-07-16,53.011329650878906,55.0,56.0,54.5,55.5,17802600
2020-07-17,53.73420715332031,55.75,55.75,54.75,55.0,9732700
2020-07-20,53.493247985839844,55.5,56.25,55.25,55.75,16477400
2020-07-21,54.457096099853516,56.5,57.0,55.75,56.0,30049100
2020-07-22,54.457096099853516,56.5,57.25,56.5,57.0,18693900
2020-07-23,54.21613693237305,56.25,56.75,55.75,56.25,18988500
2020-07-24,53.25228500366211,55.25,55.75,54.5,55.25,20283700
2020-07-29,52.5294075012207,54.5,55.75,54.5,55.5,20430900
2020-07-30,50.36075973510742,52.25,55.0,52.0,54.25,48981200
2020-07-31,49.637882232666016,51.5,52.5,50.75,51.5,46680700
2020-08-03,47.95115280151367,49.75,50.25,49.0,50.0,54156600
2020-08-04,49.39692306518555,51.25,51.75,50.25,50.5,29667700
2020-08-05,47.7101936340332,49.5,50.75,49.25,50.5,47163900
2020-08-06,47.95115280151367,49.75,50.75,49.0,49.25,31796900
2020-08-07,47.228275299072266,49.0,49.5,48.5,49.25,33104900
2020-08-10,47.228275299072266,49.0,49.5,48.5,49.0,20207300
2020-08-11,51.32460403442383,53.25,53.75,50.0,50.25,99620800
2020-08-13,54.21613693237305,56.25,56.75,55.5,56.75,68703400
2020-08-14,52.0474853515625,54.0,56.0,54.0,55.75,34937100
2020-08-17,52.28844451904297,54.25,54.5,53.25,54.0,21380200
2020-08-18,53.25228500366211,55.25,55.75,54.0,54.5,26335300
2020-08-19,51.32460403442383,53.25,55.25,52.5,55.25,34581100
2020-08-20,50.84268569946289,52.75,53.0,52.0,52.25,23899700
2020-08-21,52.0474853515625,54.0,54.5,53.25,53.25,22805300
2020-08-24,54.69805145263672,56.75,56.75,53.75,54.5,60348000
2020-08-25,54.93901443481445,57.0,57.5,56.5,57.25,39129300
2020-08-26,54.93901443481445,57.0,57.25,56.0,57.0,24502600
2020-08-27,54.69805145263672,56.75,57.25,56.5,56.75,18142900
2020-08-28,54.69805145263672,56.75,58.0,56.5,57.5,29740600
2020-08-31,53.97517013549805,56.0,57.5,56.0,57.0,16533200
2020-09-01,54.21613693237305,56.25,57.0,55.5,56.25,17038700
2020-09-02,54.93901443481445,57.0,57.0,55.5,55.75,12376400
2020-09-03,56.14381790161133,58.25,59.0,56.75,57.25,47007500
2020-09-08,56.14381790161133,58.25,59.0,57.5,58.25,46527200
2020-09-09,55.90285873413086,58.0,58.5,56.75,57.0,21440900
2020-09-10,55.90285873413086,58.0,58.5,57.5,58.0,21269800
2020-09-11,56.14381790161133,58.25,58.25,57.5,57.75,14282000
2020-09-14,55.90285873413086,58.0,58.25,57.25,58.25,17124600
2020-09-15,57.3486213684082,59.5,60.0,58.0,58.25,49724600
2020-09-16,59.27630615234375,61.5,61.5,59.5,59.75,60555200
2020-09-17,58.07149887084961,60.25,61.0,59.5,61.0,23804300
2020-09-18,58.07149887084961,60.25,60.25,59.25,59.75,26227400
2020-09-21,57.3486213684082,59.5,61.5,59.5,60.25,27299800
2020-09-22,56.86669921875,59.0,60.0,58.75,59.25,25739400
2020-09-23,56.86669921875,59.0,59.75,59.0,59.0,21724500
2020-09-24,54.457096099853516,56.5,57.25,56.0,57.0,49131300
2020-09-25,55.42093276977539,57.5,58.0,56.5,57.0,30380700
2020-09-28,56.625736236572266,58.75,59.0,57.5,58.0,20559300
2020-09-29,55.90285873413086,58.0,59.0,57.75,58.75,17331000
2020-09-30,54.457096099853516,56.5,58.25,56.5,58.25,24524800
2020-10-01,54.457096099853516,56.5,57.0,56.0,56.75,22234100
2020-10-02,53.97517013549805,56.0,56.5,55.75,56.25,18663600
2020-10-05,54.21613693237305,56.25,57.25,55.5,57.0,19584400
2020-10-06,53.493247985839844,55.5,57.0,55.5,56.75,21667700
2020-10-07,55.17997741699219,57.25,57.75,54.25,55.0,30795400
2020-10-08,55.17997741699219,57.25,57.75,56.75,57.25,23317700
2020-10-09,55.42093276977539,57.5,58.5,57.0,57.5,18364200
2020-10-12,55.42093276977539,57.5,58.0,57.0,57.5,12017000
2020-10-14,55.17997741699219,57.25,57.25,56.5,57.0,17876700
2020-10-15,53.73420715332031,55.75,56.75,55.5,56.5,18417500
2020-10-16,53.97517013549805,56.0,56.25,55.0,56.0,14897900
2020-10-19,51.56556701660156,53.5,55.75,52.75,55.5,45064100
2020-10-20,52.28844451904297,54.25,55.0,52.75,53.0,24191600
2020-10-21,53.011329650878906,55.0,55.75,54.25,54.5,23032500
2020-10-22,52.0474853515625,54.0,55.5,53.5,54.75,26987500
2020-10-26,51.80652618408203,53.75,54.5,53.5,54.0,10972900
2020-10-27,52.28844451904297,54.25,54.5,52.25,52.5,33519700
2020-10-28,51.08364486694336,53.0,53.75,52.75,53.75,30797900
2020-10-29,49.39692306518555,51.25,53.25,51.25,52.75,32311500
2020-10-30,49.87884521484375,51.75,52.0,50.5,51.5,41447200
2020-11-02,50.84268569946289,52.75,53.25,51.5,51.75,24684900
2020-11-03,51.08364486694336,53.0,53.75,52.75,53.25,17421700
2020-11-04,52.5294075012207,54.5,54.75,53.0,53.0,21571100
2020-11-05,54.69805145263672,56.75,57.25,54.5,55.0,38763400
2020-11-06,53.73420715332031,55.75,57.0,55.0,57.0,30347100
2020-11-09,55.17997741699219,57.25,57.75,56.5,57.25,34816200
2020-11-10,65.3003158569336,67.75,69.0,63.0,68.0,322032000
2020-11-11,65.3003158569336,67.75,68.75,67.0,68.25,108332300
2020-11-12,63.13166809082031,65.5,66.75,64.5,66.75,59557600
2020-11-13,63.13166809082031,65.5,66.5,64.0,64.5,36679400
2020-11-16,63.37263107299805,65.75,66.5,65.25,66.25,21799600
2020-11-17,63.61359405517578,66.0,67.5,66.0,66.75,45547800
2020-11-18,64.33647155761719,66.75,66.75,65.25,65.75,25682200
2020-11-19,64.57743835449219,67.0,67.5,66.25,66.5,29886400
2020-11-20,65.3003158569336,67.75,68.0,66.25,66.5,23158700
2020-11-23,65.78224182128906,68.25,68.75,67.25,67.75,37533400
2020-11-24,64.81838989257812,67.25,69.25,67.0,69.0,33648500
2020-11-25,64.57743835449219,67.0,68.25,64.25,67.5,66044000
2020-11-26,64.81838989257812,67.25,67.75,67.0,67.25,22466000
2020-11-27,63.85455322265625,66.25,67.5,66.0,67.0,28175900
2020-11-30,61.685909271240234,64.0,66.0,64.0,65.5,49764800
2020-12-01,63.13166809082031,65.5,66.0,64.75,65.0,23560700
2020-12-02,61.92687225341797,64.25,65.5,64.25,64.75,28534200
2020-12-03,62.408790588378906,64.75,65.5,64.25,64.75,22826300
2020-12-04,63.85455322265625,66.25,66.5,64.0,64.0,28317900
2020-12-08,65.2464828491211,67.5,68.5,65.25,66.5,50930600
2020-12-09,65.72978973388672,68.0,68.5,67.5,67.75,34221800
2020-12-14,62.58829116821289,64.75,67.5,64.75,67.5,59425900
2020-12-15,63.79655838012695,66.0,66.25,64.75,65.0,35095100
2020-12-16,64.76317596435547,67.0,67.0,65.75,66.5,33868200
2020-12-17,63.79655838012695,66.0,67.5,66.0,67.25,27251100
2020-12-18,62.8299446105957,65.0,66.25,65.0,66.0,38097500
2020-12-21,60.1717529296875,62.25,63.75,61.75,62.0,57178400
2020-12-22,60.1717529296875,62.25,63.0,61.0,62.25,25428700
2020-12-23,59.20513916015625,61.25,62.75,61.0,61.5,27012900
2020-12-24,59.688446044921875,61.75,62.0,60.25,61.0,23879900
2020-12-25,60.41341018676758,62.5,62.5,61.5,62.5,7923700
2020-12-28,59.44679260253906,61.5,63.0,61.5,63.0,13364300
2020-12-29,60.41341018676758,62.5,63.25,61.25,61.5,16118900
2020-12-30,60.1717529296875,62.25,63.25,61.5,62.75,21500800
2021-01-04,59.688446044921875,61.75,61.75,60.25,61.0,26513500
2021-01-05,62.346641540527344,64.5,64.5,60.75,61.0,30353300
2021-01-06,61.13836669921875,63.25,65.0,63.25,63.75,18784500
2021-01-07,62.58829116821289,64.75,65.0,63.25,63.5,23080800
2021-01-08,63.07159423828125,65.25,65.25,64.25,65.0,18593800
2021-01-11,61.38002395629883,63.5,65.25,63.5,65.0,16840100
2021-01-12,59.688446044921875,61.75,63.5,61.5,63.0,38881400
2021-01-13,59.688446044921875,61.75,62.75,61.25,61.75,30499100
2021-01-14,59.20513916015625,61.25,62.25,61.0,62.0,14484900
2021-01-15,58.721832275390625,60.75,61.5,60.75,61.25,18154800
2021-01-18,58.48018264770508,60.5,61.0,60.0,60.5,14244000
2021-01-19,58.721832275390625,60.75,61.25,60.25,61.0,15487800
2021-01-20,59.20513916015625,61.25,61.75,60.25,60.75,17013000
2021-01-21,58.48018264770508,60.5,61.75,60.25,61.5,19784700
2021-01-22,57.75522232055664,59.75,60.75,59.5,60.5,27812300
2021-01-25,57.75522232055664,59.75,60.5,59.5,59.75,10446500
2021-01-26,58.238529205322266,60.25,60.75,59.5,59.75,15439500
2021-01-27,58.238529205322266,60.25,60.75,60.0,60.25,12355000
2021-01-28,57.99687194824219,60.0,60.5,59.5,59.5,19675400
2021-01-29,57.51356506347656,59.5,60.5,59.5,60.25,23994200
2021-02-01,58.721832275390625,60.75,61.25,59.5,60.0,18080100
2021-02-02,59.93009948730469,62.0,63.75,61.25,61.5,38540200
2021-02-03,59.688446044921875,61.75,63.25,61.75,63.0,16749200
2021-02-04,59.44679260253906,61.5,62.25,61.25,62.25,14302100
2021-02-05,61.86333084106445,64.0,64.0,61.75,62.0,36509300
2021-02-08,62.58829116821289,64.75,65.0,64.0,64.75,19890800
2021-02-09,61.86333084106445,64.0,65.0,63.75,65.0,15277400
2021-02-10,61.62167739868164,63.75,64.5,63.0,64.0,16001900
2021-02-11,61.13836669921875,63.25,64.25,62.75,64.25,16081800
2021-02-15,60.655059814453125,62.75,63.5,62.5,63.25,11782100
2021-02-16,61.13836669921875,63.25,64.0,63.0,63.25,12234400
2021-02-17,60.1717529296875,62.25,63.5,62.25,63.0,12993800
2021-02-18,59.688446044921875,61.75,62.5,61.5,62.25,17407900
2021-02-19,58.96348571777344,61.0,61.5,60.5,61.25,14732600
2021-02-22,59.20513916015625,61.25,62.0,60.75,61.5,12632600
2021-02-23,61.86333084106445,64.0,64.25,61.5,61.75,41115900
2021-02-24,61.38002395629883,63.5,65.0,63.25,64.5,34312900
2021-02-25,61.86333084106445,64.0,66.0,63.75,65.0,39159600
2021-03-01,61.86333084106445,64.0,65.25,63.5,64.0,28857800
2021-03-02,63.07159423828125,65.25,65.25,64.0,64.75,28164900
2021-03-03,65.72978973388672,68.0,68.0,65.25,65.5,82916600
2021-03-04,64.27986907958984,66.5,68.25,65.75,67.75,49981800
2021-03-05,64.76317596435547,67.0,67.25,65.5,66.0,34826500
2021-03-08,64.27986907958984,66.5,67.5,66.25,67.0,17747000
2021-03-09,65.72978973388672,68.0,68.5,67.0,67.75,28860200
2021-03-10,66.21310424804688,68.5,69.25,67.75,68.25,44118000
2021-03-11,67.1797103881836,69.5,70.0,68.75,69.25,46672200
2021-03-12,66.69640350341797,69.0,69.5,68.25,69.25,28133500
2021-03-15,65.97144317626953,68.25,69.25,67.5,69.25,19935700
2021-03-16,66.21310424804688,68.5,68.75,67.75,68.5,12605200
2021-03-17,66.21310424804688,68.5,69.0,67.75,68.0,10905200
2021-03-18,65.97144317626953,68.25,69.25,68.25,69.25,12085600
2021-03-19,65.00482940673828,67.25,68.0,67.0,67.75,23188200
2021-03-22,65.00482940673828,67.25,67.75,66.5,67.0,16681000
2021-03-23,65.00482940673828,67.25,67.5,66.75,67.25,10643500
2021-03-24,64.76317596435547,67.0,67.0,66.25,66.5,12579100
2021-03-25,64.76317596435547,67.0,67.5,66.5,67.0,8531900
2021-03-26,65.48812866210938,67.75,68.75,66.75,67.25,20107500
2021-03-29,65.97144317626953,68.25,68.75,68.0,68.0,12389700
2021-03-30,66.69640350341797,69.0,69.5,68.25,68.5,19710400
2021-03-31,66.69640350341797,69.0,69.5,68.75,69.25,14512000
2021-04-01,65.97144317626953,68.25,69.0,68.0,69.0,11209300
2021-04-02,67.4213638305664,69.75,69.75,68.5,68.5,14328900
2021-04-05,65.97144317626953,68.25,69.75,68.0,69.75,13283800
2021-04-07,63.55490493774414,65.75,67.25,65.5,67.0,30246900
2021-04-08,64.0382080078125,66.25,66.5,65.25,65.25,19952100
2021-04-09,64.52151489257812,66.75,67.25,65.75,67.0,15876900
2021-04-12,63.55490493774414,65.75,66.0,65.0,65.75,20929500
2021-04-16,63.31325149536133,65.5,66.0,65.0,66.0,24094600
2021-04-19,64.27986907958984,66.5,66.75,65.5,65.75,10780600
2021-04-20,63.55490493774414,65.75,66.5,65.25,66.0,13456000
2021-04-21,62.58829116821289,64.75,65.5,64.75,65.25,14733900
2021-04-22,61.62167739868164,63.75,65.0,63.5,64.75,26556100
2021-04-23,60.8967170715332,63.0,63.75,62.75,63.5,18257200
2021-04-26,61.38002395629883,63.5,63.5,62.25,63.0,16157700
2021-04-27,58.721832275390625,60.75,62.5,60.5,62.5,75612800
2021-04-28,60.655059814453125,62.75,62.75,61.0,61.0,32625500
2021-04-29,60.8967170715332,63.0,63.5,62.5,63.0,20294100
2021-04-30,59.93009948730469,62.0,62.75,61.75,62.5,13678600
2021-05-05,57.99687194824219,60.0,61.25,59.75,61.0,59790100
2021-05-06,58.96348571777344,61.0,61.25,60.0,60.25,23591100
2021-05-07,59.44679260253906,61.5,61.5,60.75,61.5,12930900
2021-05-10,58.721832275390625,60.75,62.0,60.5,62.0,13405100
2021-05-11,58.721832275390625,60.75,61.0,60.0,60.5,11580400
2021-05-12,57.99687194824219,60.0,60.5,59.5,60.5,27463300
2021-05-13,57.99687194824219,60.0,60.25,59.0,59.5,31135200
2021-05-14,57.75522232055664,59.75,60.25,59.5,59.75,23341800
2021-05-17,58.48018264770508,60.5,60.75,59.5,59.5,22887300
2021-05-18,58.721832275390625,60.75,61.5,60.5,61.0,22326300
2021-05-19,58.721832275390625,60.75,61.0,60.25,60.25,13932700
2021-05-20,58.238529205322266,60.25,61.0,60.25,60.75,10812200
2021-05-21,58.721832275390625,60.75,61.25,60.25,60.5,15415800
2021-05-24,58.721832275390625,60.75,61.25,60.5,60.75,13707300
2021-05-25,58.96348571777344,61.0,61.75,60.75,61.25,17715000
2021-05-27,60.8967170715332,63.0,63.0,61.0,61.25,66153400
2021-05-28,60.1717529296875,62.25,63.5,62.25,63.0,26031200
2021-05-31,60.8967170715332,63.0,63.0,62.0,62.25,12385900
2021-06-01,62.58829116821289,64.75,65.0,62.5,63.25,36781300
2021-06-02,62.346641540527344,64.5,65.25,64.0,65.25,19827900
2021-06-04,61.86333084106445,64.0,64.75,64.0,64.75,12678800
2021-06-07,62.346641540527344,64.5,65.0,64.25,64.5,11967800
2021-06-08,62.58829116821289,64.75,64.75,63.5,64.5,17415200
2021-06-09,62.58829116821289,64.75,66.25,64.5,65.0,31284100
2021-06-10,62.8299446105957,65.0,66.0,64.75,65.5,36784900
2021-06-11,66.21310424804688,68.5,68.75,65.25,65.5,91203900
2021-06-14,65.00482940673828,67.25,68.75,66.75,68.75,32550200
2021-06-15,65.2464828491211,67.5,68.0,66.75,67.0,14451800
2021-06-16,65.00482940673828,67.25,67.5,66.75,67.5,11388900
2021-06-17,65.2464828491211,67.5,68.25,67.25,67.5,22965100
2021-06-18,63.79655838012695,66.0,67.75,66.0,67.75,36698700
2021-06-21,63.55490493774414,65.75,66.0,64.75,65.75,34072200
2021-06-22,63.79655838012695,66.0,66.5,65.5,66.0,29049600
2021-06-23,63.55490493774414,65.75,66.5,65.5,66.25,13794000
2021-06-24,61.86333084106445,64.0,65.5,63.0,65.25,45120300
2021-06-25,61.38002395629883,63.5,64.5,63.25,64.0,16152200
2021-06-28,59.93009948730469,62.0,62.75,61.5,62.75,43112400
2021-06-29,60.655059814453125,62.75,63.25,62.0,62.5,16261000
2021-06-30,59.93009948730469,62.0,63.25,62.0,62.75,15568900
2021-07-01,60.41341018676758,62.5,63.0,62.0,62.25,20485400
2021-07-02,60.1717529296875,62.25,62.5,61.75,62.0,14926300
2021-07-05,59.688446044921875,61.75,62.25,61.5,62.0,10027900
2021-07-06,60.1717529296875,62.25,63.0,62.0,62.0,11082700
2021-07-07,59.688446044921875,61.75,62.25,61.5,61.75,19215700
2021-07-08,58.48018264770508,60.5,61.5,60.5,61.0,28468800
2021-07-09,58.238529205322266,60.25,61.0,59.5,60.0,24231100
2021-07-12,59.20513916015625,61.25,61.5,60.25,60.5,10484600
2021-07-13,60.1717529296875,62.25,62.5,61.5,61.75,13752200
2021-07-14,59.688446044921875,61.75,62.75,61.5,62.25,12514300
2021-07-15,58.238529205322266,60.25,62.0,60.25,61.75,29801500
2021-07-16,58.48018264770508,60.5,60.75,59.75,60.0,16701600
2021-07-19,57.75522232055664,59.75,60.25,59.5,59.75,25864000
2021-07-20,56.06364440917969,58.0,59.75,58.0,59.5,43816900
2021-07-21,56.3052978515625,58.25,58.5,56.75,58.0,36701800
2021-07-22,56.3052978515625,58.25,59.0,58.0,58.75,8649800
2021-07-23,56.3052978515625,58.25,58.75,57.75,58.25,7064200
2021-07-27,56.788604736328125,58.75,59.5,58.25,58.75,18468100
2021-07-29,55.33868408203125,57.25,58.75,57.0,58.5,30451600
2021-07-30,54.61371994018555,56.5,57.25,56.5,57.25,11893500
2021-08-02,55.09702682495117,57.0,57.25,55.5,56.25,21348600
2021-08-03,55.5803337097168,57.5,57.75,56.5,57.0,16238200
2021-08-04,55.5803337097168,57.5,57.75,56.75,57.25,6646900
2021-08-05,54.61371994018555,56.5,57.5,56.0,57.5,18415300
2021-08-06,53.88875961303711,55.75,56.25,55.5,56.0,16341800
2021-08-09,56.3052978515625,58.25,58.5,56.0,56.0,29428300
2021-08-10,55.821990966796875,57.75,58.25,57.25,57.75,17783300
2021-08-11,54.85537338256836,56.75,58.5,56.75,58.25,20853100
2021-08-13,54.13041687011719,56.0,56.75,55.5,56.5,29371300
2021-08-16,54.372066497802734,56.25,57.0,55.5,56.25,25221900
2021-08-17,55.33868408203125,57.25,57.5,56.25,56.5,21982000
2021-08-18,56.788604736328125,58.75,59.0,57.25,57.25,30305100
2021-08-19,56.54695129394531,58.5,59.0,57.75,58.25,13431800
2021-08-20,57.51356506347656,59.5,60.0,58.25,58.75,34043000
2021-08-23,59.44679260253906,61.5,61.5,59.75,60.25,41857400
2021-08-24,59.688446044921875,61.75,62.75,61.25,62.0,24110400
2021-08-25,59.93009948730469,62.0,62.5,61.5,62.0,17423700
2021-08-26,60.41341018676758,62.5,63.25,62.0,62.5,22311700
2021-08-27,60.655059814453125,62.75,63.25,61.75,62.5,19207300
2021-08-30,61.62167739868164,63.75,64.0,62.75,63.0,39591400
2021-08-31,61.62167739868164,63.75,63.75,63.25,63.75,27142200
2021-09-01,60.41341018676758,62.5,63.75,62.25,63.75,33520800
2021-09-02,60.655059814453125,62.75,63.25,61.5,62.0,25815900
2021-09-03,61.38002395629883,63.5,63.5,62.5,63.0,11296400
2021-09-06,60.8967170715332,63.0,63.5,62.5,63.25,14060600
2021-09-07,61.13836669921875,63.25,64.25,63.0,63.75,19734100
2021-09-08,61.13836669921875,63.25,63.25,62.0,63.25,20858100
2021-09-09,59.688446044921875,61.75,63.0,61.5,62.5,28785100
2021-09-10,58.721832275390625,60.75,62.0,60.5,61.75,41827600
2021-09-13,59.93009948730469,62.0,62.0,60.5,60.75,33802400
2021-09-14,60.1717529296875,62.25,63.0,62.0,62.5,29130700
2021-09-15,59.688446044921875,61.75,62.75,61.0,62.25,31843700
2021-09-16,60.1717529296875,62.25,62.75,61.75,62.0,19309900
2021-09-17,59.688446044921875,61.75,62.5,61.5,62.25,30570900
2021-09-20,58.96348571777344,61.0,61.75,60.75,61.25,15462300
2021-09-21,60.1717529296875,62.25,62.5,61.0,61.25,34042400
2021-09-22,60.1717529296875,62.25,62.5,61.75,62.0,16831700
2021-09-23,60.41341018676758,62.5,63.0,62.25,62.25,28959300
2021-09-27,60.1717529296875,62.25,63.25,62.0,62.5,27715000
2021-09-28,59.93009948730469,62.0,62.75,61.5,62.25,21923600
2021-09-29,59.93009948730469,62.0,62.75,61.75,62.0,15257500
2021-09-30,58.96348571777344,61.0,62.0,60.5,61.75,33314600
2021-10-01,59.20513916015625,61.25,61.5,60.5,60.5,17608100
2021-10-04,60.655059814453125,62.75,63.5,61.75,61.75,47238500
2021-10-05,62.104984283447266,64.25,64.75,62.25,62.5,63227700
2021-10-06,61.62167739868164,63.75,64.75,63.5,64.0,29331800
2021-10-07,61.62167739868164,63.75,64.5,63.5,64.25,20200900
2021-10-08,62.104984283447266,64.25,64.75,63.75,64.25,30093400
2021-10-11,62.104984283447266,64.25,64.75,63.75,64.5,20324300
2021-10-12,65.48812866210938,67.75,68.0,66.25,66.5,112127300
2021-10-14,65.2464828491211,67.5,69.0,67.0,68.0,68304600
2021-10-15,65.2464828491211,67.5,68.0,67.0,68.0,27176400
2021-10-18,64.76317596435547,67.0,67.5,66.5,67.25,19809700
2021-10-19,63.79655838012695,66.0,67.5,65.0,67.5,40954500
2021-10-20,63.31325149536133,65.5,66.25,65.25,66.0,22074200
2021-10-21,63.55490493774414,65.75,66.25,65.0,66.0,18229300
2021-10-25,62.8299446105957,65.0,65.75,64.5,65.5,24802900
2021-10-26,61.86333084106445,64.0,65.25,64.0,65.0,28623900
2021-10-27,61.86333084106445,64.0,64.25,63.25,64.0,24424800
2021-10-28,62.104984283447266,64.25,64.75,64.0,64.25,13298700
2021-10-29,62.346641540527344,64.5,64.75,64.0,64.25,12104700
2021-11-01,62.346641540527344,64.5,65.5,64.0,64.75,27638700
2021-11-02,62.8299446105957,65.0,65.0,64.25,64.5,14210700
2021-11-03,62.58829116821289,64.75,65.0,64.25,65.0,11414200
2021-11-04,62.8299446105957,65.0,65.25,64.5,65.0,25895900
2021-11-05,63.31325149536133,65.5,65.75,64.75,65.5,25352500
2021-11-08,65.48812866210938,67.75,68.0,66.75,67.0,70000500
2021-11-09,64.76317596435547,67.0,67.5,66.25,67.5,26859200
2021-11-10,64.52151489257812,66.75,66.75,66.25,66.5,16401800
2021-11-11,64.0382080078125,66.25,66.5,65.75,66.25,11151000
2021-11-12,64.27986907958984,66.5,66.75,66.25,66.5,15293900
2021-11-15,64.27986907958984,66.5,67.0,66.25,66.5,14316000
2021-11-16,64.27986907958984,66.5,66.75,66.25,66.5,15620900
2021-11-17,64.52151489257812,66.75,67.0,66.25,66.75,22067800
2021-11-18,64.52151489257812,66.75,67.0,66.5,66.5,8597600
2021-11-19,64.27986907958984,66.5,67.25,66.5,66.75,21624200
2021-11-22,64.27986907958984,66.5,66.75,66.0,66.25,16786600
2021-11-23,64.52151489257812,66.75,66.75,66.25,66.75,18660500
2021-11-24,64.52151489257812,66.75,67.25,66.75,66.75,28925000
2021-11-25,64.52151489257812,66.75,67.0,66.0,66.75,19403700
2021-11-26,60.8967170715332,63.0,64.25,63.0,64.0,77290600
2021-11-29,57.75522232055664,59.75,62.75,59.25,62.5,97606300
2021-11-30,57.75522232055664,59.75,61.0,58.5,60.0,122928300
2021-12-01,57.99687194824219,60.0,60.25,58.75,59.5,41791800
2021-12-02,57.51356506347656,59.5,59.75,58.75,59.5,32979200
2021-12-03,57.271915435791016,59.25,59.75,59.0,59.5,13247200
2021-12-07,59.44679260253906,61.5,61.75,60.0,60.0,32032700
2021-12-08,59.93009948730469,62.0,62.5,61.5,61.75,25989800
2021-12-09,59.688446044921875,61.75,62.25,60.75,62.0,28116000
2021-12-13,59.44679260253906,61.5,62.0,60.75,62.0,20439300
2021-12-14,59.688446044921875,61.75,61.75,60.5,61.0,16159800
2021-12-15,58.721832275390625,60.75,61.25,60.5,61.0,20783300
2021-12-16,58.48018264770508,60.5,61.25,60.25,61.0,36111500
2021-12-17,57.51356506347656,59.5,60.25,59.5,60.25,58187900
2021-12-20,57.51356506347656,59.5,60.0,59.0,59.25,23391600
2021-12-21,57.271915435791016,59.25,60.25,59.0,59.5,21415800
2021-12-22,57.271915435791016,59.25,59.75,58.75,59.5,21695600
2021-12-23,57.99687194824219,60.0,60.25,59.25,59.5,11789800
2021-12-24,58.238529205322266,60.25,60.25,59.5,60.0,10171900
2021-12-27,57.75522232055664,59.75,60.25,59.5,60.25,12072100
2021-12-28,57.99687194824219,60.0,60.5,59.75,60.0,14914400
2021-12-29,58.96348571777344,61.0,61.25,60.25,60.25,28331200
2021-12-30,58.96348571777344,61.0,61.25,60.75,61.25,13890600
2022-01-04,59.688446044921875,61.75,62.0,60.75,61.0,20003300
2022-01-05,59.688446044921875,61.75,62.0,61.25,61.75,13326300
2022-01-06,58.48018264770508,60.5,61.75,60.25,61.75,27338300
2022-01-07,59.20513916015625,61.25,61.75,60.5,61.25,21964700
2022-01-10,58.721832275390625,60.75,61.25,60.5,61.0,14882400
2022-01-11,58.238529205322266,60.25,61.0,59.75,60.75,28853700
2022-01-12,58.48018264770508,60.5,61.0,60.0,60.25,21894000
2022-01-13,58.721832275390625,60.75,61.0,60.25,60.25,8129600
2022-01-14,58.48018264770508,60.5,61.25,60.25,61.0,14315700
2022-01-17,59.44679260253906,61.5,63.0,60.75,61.0,38465200
2022-01-18,59.20513916015625,61.25,62.25,60.75,62.0,25225500
2022-01-19,59.20513916015625,61.25,61.5,60.5,60.75,25890700
2022-01-20,60.41341018676758,62.5,63.0,61.0,61.25,63003300
2022-01-21,60.8967170715332,63.0,63.5,62.5,62.75,53432500
2022-01-24,59.93009948730469,62.0,62.75,61.5,62.5,28526200
2022-01-25,59.93009948730469,62.0,62.25,61.25,61.75,19733900
2022-01-26,60.655059814453125,62.75,63.25,62.5,62.5,21583600
2022-01-27,60.8967170715332,63.0,63.0,62.0,62.0,22570100
2022-01-28,61.86333084106445,64.0,64.0,62.75,63.25,31565900
2022-01-31,61.62167739868164,63.75,64.75,63.75,64.5,30331300
2022-02-01,62.104984283447266,64.25,64.5,63.75,64.5,8408600
2022-02-02,61.86333084106445,64.0,64.25,63.25,64.0,9564200
2022-02-03,61.86333084106445,64.0,64.5,63.5,63.5,12821600
2022-02-04,62.104984283447266,64.25,64.5,63.75,64.0,15024700
2022-02-07,61.86333084106445,64.0,64.5,63.25,64.0,20561800
2022-02-08,61.38002395629883,63.5,64.25,62.5,64.0,28970100
2022-02-09,63.31325149536133,65.5,66.0,64.0,64.5,80752100
2022-02-10,63.31325149536133,65.5,66.0,65.0,65.75,41902500
2022-02-11,62.8299446105957,65.0,65.25,63.75,64.5,25093700
2022-02-14,61.62167739868164,63.75,64.75,63.25,64.5,37363300
2022-02-15,62.346641540527344,64.5,64.75,63.5,63.75,21153400
2022-02-17,62.8299446105957,65.0,65.75,65.0,65.5,37816200
2022-02-18,63.31325149536133,65.5,66.0,65.0,65.0,25438800
2022-02-21,62.8299446105957,65.0,65.5,64.5,65.25,15906500
2022-02-22,61.38002395629883,63.5,64.0,62.75,63.75,37323500
2022-02-23,62.104984283447266,64.25,64.75,63.25,63.75,24567700
2022-02-24,60.655059814453125,62.75,63.75,62.5,63.5,38628300
2022-02-25,61.13836669921875,63.25,63.5,62.5,63.25,21442300
2022-02-28,62.104984283447266,64.25,65.0,62.5,63.5,47624500
2022-03-01,60.8967170715332,63.0,64.5,63.0,64.25,33032900
2022-03-02,60.655059814453125,62.75,63.25,62.25,62.75,31840300
2022-03-03,62.58829116821289,64.75,65.25,63.75,64.0,66298100
2022-03-04,61.86333084106445,64.0,64.5,63.75,64.5,26718600
2022-03-07,60.41341018676758,62.5,63.25,61.5,63.0,51567100
2022-03-08,60.655059814453125,62.75,63.25,61.25,61.5,53026900
2022-03-09,62.104984283447266,64.25,64.75,63.0,63.5,50014700
2022-03-10,62.104984283447266,64.25,64.75,64.0,64.5,24343900
2022-03-11,62.104984283447266,64.25,64.5,63.5,64.0,19354700
2022-03-14,61.86333084106445,64.0,64.25,63.5,64.0,13192000
2022-03-15,61.13836669921875,63.25,63.75,63.0,63.5,14520700
2022-03-16,61.86333084106445,64.0,64.0,63.25,63.75,14477800
2022-03-17,62.8299446105957,65.0,65.25,64.25,64.5,46140000
2022-03-18,62.8299446105957,65.0,66.0,64.75,65.5,44780200
2022-03-21,62.8299446105957,65.0,65.25,64.25,65.25,17902300
2022-03-22,62.346641540527344,64.5,65.0,64.0,65.0,27250900
2022-03-23,62.346641540527344,64.5,65.0,64.0,64.75,16421500
2022-03-24,62.8299446105957,65.0,65.0,63.75,64.0,16031800
2022-03-25,62.8299446105957,65.0,65.0,64.5,65.0,13051500
2022-03-28,63.31325149536133,65.5,65.75,65.0,65.25,21984100
2022-03-29,63.79655838012695,66.0,66.25,65.5,65.75,38923100
2022-03-30,63.79655838012695,66.0,66.75,65.75,66.0,42707800
2022-03-31,64.0382080078125,66.25,66.25,65.5,65.5,15910300
2022-04-01,64.27986907958984,66.5,66.5,65.5,66.0,17020600
2022-04-04,64.76317596435547,67.0,67.75,66.5,66.75,56763900
2022-04-05,65.2464828491211,67.5,68.25,67.0,67.0,49612000
2022-04-07,64.76317596435547,67.0,67.5,66.5,67.5,28585000
2022-04-08,64.52151489257812,66.75,67.0,66.0,67.0,20264100
2022-04-11,64.76317596435547,67.0,67.0,66.0,66.25,15843700
2022-04-12,65.72978973388672,68.0,68.0,66.5,66.75,27433000
2022-04-18,65.00482940673828,67.25,68.25,67.0,67.75,20654900
2022-04-19,65.00482940673828,67.25,68.25,67.0,67.75,28094900
2022-04-20,64.76317596435547,67.0,67.75,67.0,67.5,12952700
2022-04-21,65.72978973388672,68.0,68.0,67.25,67.25,22745700
2022-04-22,65.48812866210938,67.75,68.25,67.5,68.0,24680700
2022-04-25,65.48812866210938,67.75,68.25,67.25,67.25,22083000
2022-04-26,65.72978973388672,68.0,69.0,67.75,68.0,32746200
2022-04-27,65.72978973388672,68.0,68.5,67.5,68.0,28392600
2022-04-28,64.76317596435547,67.0,68.5,66.5,68.25,41434300
2022-04-29,64.52151489257812,66.75,67.5,66.5,67.25,23253400
2022-05-03,65.00482940673828,67.25,67.5,66.5,67.0,17881500
2022-05-05,65.00482940673828,67.25,68.0,67.0,68.0,24039900
2022-05-06,64.27986907958984,66.5,67.0,66.0,66.5,26710700
2022-05-09,64.0382080078125,66.25,66.75,66.0,66.5,22699300
2022-05-10,64.76317596435547,67.0,67.25,66.0,66.5,25902400
2022-05-11,64.27986907958984,66.5,67.0,65.75,66.75,45768800
2022-05-12,63.79655838012695,66.0,66.75,65.75,66.25,27195100
2022-05-13,64.76317596435547,67.0,67.0,65.5,67.0,24538500
2022-05-17,65.2464828491211,67.5,67.75,66.75,67.25,30790800
2022-05-18,65.72978973388672,68.0,68.25,67.5,67.75,36113300
2022-05-19,65.72978973388672,68.0,68.0,67.25,67.5,22803100
2022-05-20,66.69640350341797,69.0,69.0,68.0,68.0,33530400
2022-05-23,67.1797103881836,69.5,69.5,68.5,69.5,29734900
2022-05-24,66.69640350341797,69.0,69.25,68.5,69.25,31203900
2022-05-25,66.93805694580078,69.25,70.0,69.0,69.5,40165800
2022-05-26,67.4213638305664,69.75,69.75,69.25,69.5,21362800
2022-05-27,66.69640350341797,69.0,70.0,68.25,69.75,36557600
2022-05-30,67.1797103881836,69.5,70.75,69.25,69.75,60639500
2022-05-31,67.4213638305664,69.75,70.0,68.75,69.5,48720500
2022-06-01,67.1797103881836,69.5,70.0,69.0,69.75,25350600
2022-06-02,66.93805694580078,69.25,69.75,69.25,69.75,12249700
2022-06-06,67.1797103881836,69.5,69.75,69.0,69.5,14781000
2022-06-07,66.21310424804688,68.5,69.5,68.25,69.25,31021500
2022-06-08,66.69640350341797,69.0,69.25,68.25,69.0,14066200
2022-06-09,66.21310424804688,68.5,69.0,68.25,68.75,17485300
2022-06-10,66.45475006103516,68.75,69.0,68.5,68.75,13150200
2022-06-13,65.97144317626953,68.25,68.75,68.0,68.25,23100400
2022-06-14,65.72978973388672,68.0,68.5,67.25,68.25,23042400
2022-06-15,65.97144317626953,68.25,68.25,67.5,67.75,17455000
2022-06-16,65.2464828491211,67.5,69.0,67.5,68.75,34738600
2022-06-17,65.48812866210938,67.75,68.5,67.25,67.25,34110300
2022-06-20,66.93805694580078,69.25,69.25,67.75,67.75,28079000
2022-06-21,67.4213638305664,69.75,70.0,69.0,69.5,25838500
2022-06-22,67.1797103881836,69.5,69.75,69.0,69.75,12746300
2022-06-23,66.69640350341797,69.0,70.5,69.0,69.75,30972900
2022-06-24,67.4213638305664,69.75,70.0,69.25,69.5,25638000
2022-06-27,67.90467071533203,70.25,70.5,70.0,70.25,19393500
2022-06-28,69.59624481201172,72.0,72.0,69.75,70.5,43784200
2022-06-29,68.62963104248047,71.0,72.0,70.75,71.75,40628800
2022-06-30,68.62963104248047,71.0,71.25,70.5,71.25,17502800
2022-07-01,68.14631652832031,70.5,71.0,70.25,71.0,20344900
2022-07-04,68.62963104248047,71.0,71.0,70.5,70.75,18524800
2022-07-05,67.90467071533203,70.25,71.25,70.0,71.0,28226400
2022-07-06,68.14631652832031,70.5,70.5,69.75,70.25,23700300
2022-07-07,68.87129211425781,71.25,71.25,70.25,70.5,22544800
2022-07-08,68.38797760009766,70.75,71.5,70.5,71.5,19498600
2022-07-11,68.38797760009766,70.75,70.75,70.0,70.5,14227300
2022-07-12,67.66302490234375,70.0,70.5,69.75,70.25,16738900
2022-07-14,67.4213638305664,69.75,70.5,69.5,70.0,18757200
2022-07-15,67.4213638305664,69.75,70.0,69.0,69.75,21725300
2022-07-18,67.66302490234375,70.0,70.25,69.75,70.0,15951700
2022-07-19,67.1797103881836,69.5,70.25,69.25,70.25,13543700
2022-07-20,67.66302490234375,70.0,70.0,69.0,69.75,26548200
2022-07-21,67.1797103881836,69.5,70.25,69.25,70.25,14111700
2022-07-22,67.66302490234375,70.0,70.0,69.25,69.5,12092200
2022-07-25,67.1797103881836,69.5,70.0,69.25,69.75,11685300
2022-07-26,66.93805694580078,69.25,69.5,68.75,69.25,25156700
2022-07-27,67.90467071533203,70.25,70.25,69.25,69.5,17453100
2022-08-01,68.62963104248047,71.0,71.0,69.75,70.0,26865000
2022-08-02,68.14631652832031,70.5,71.0,70.25,70.75,15956400
2022-08-03,68.38797760009766,70.75,70.75,70.0,70.5,11361200
2022-08-04,68.87129211425781,71.25,71.75,70.5,70.75,31152800
2022-08-05,69.3545913696289,71.75,71.75,71.0,71.75,21971500
2022-08-08,69.59624481201172,72.0,72.0,71.25,72.0,18320900
2022-08-09,69.3545913696289,71.75,73.0,71.5,72.0,38610100
2022-08-10,69.59624481201172,72.0,72.25,71.5,71.75,31351600
2022-08-11,70.07955169677734,72.5,72.5,72.0,72.0,17368300
2022-08-15,70.07955169677734,72.5,72.75,72.0,72.5,23870100
2022-08-16,69.11293029785156,71.5,72.5,70.75,72.25,65783700
2022-08-17,69.59624481201172,72.0,72.0,71.0,71.25,21930400
2022-08-18,69.59624481201172,72.0,72.25,71.25,72.0,19298100
2022-08-19,69.59624481201172,72.0,72.25,71.75,72.0,18628900
2022-08-22,68.87129211425781,71.25,72.0,71.0,71.75,11825700
2022-08-23,69.11293029785156,71.5,72.0,71.0,71.25,19197900
2022-08-24,69.11293029785156,71.5,72.0,71.0,71.25,20874700
2022-08-25,70.07955169677734,72.5,72.75,71.5,71.5,33070200
2022-08-26,69.83790588378906,72.25,72.75,71.75,72.5,26334800
2022-08-29,68.87129211425781,71.25,72.0,70.75,71.75,27342000
2022-08-30,70.07955169677734,72.5,72.5,71.25,71.25,16616800
2022-08-31,70.32120513916016,72.75,72.75,71.75,72.0,30906800
2022-09-01,69.59624481201172,72.0,72.5,71.75,72.25,13542200
2022-09-02,69.83790588378906,72.25,72.75,72.0,72.0,10779000
2022-09-05,69.83790588378906,72.25,72.5,71.5,72.25,17588500
2022-09-06,69.59624481201172,72.0,72.5,71.75,72.5,13694100
2022-09-07,69.83790588378906,72.25,72.5,71.5,72.25,21476600
2022-09-08,69.59624481201172,72.0,72.5,71.75,72.5,10802300
2022-09-09,70.07955169677734,72.5,72.5,72.0,72.0,14429800
2022-09-12,70.32120513916016,72.75,73.5,72.5,72.75,27594100
2022-09-13,70.80451965332031,73.25,73.5,72.5,72.75,17204100
2022-09-14,70.80451965332031,73.25,73.25,72.75,72.75,12823100
2022-09-15,70.07955169677734,72.5,73.25,72.5,73.0,22780300
2022-09-16,70.56285858154297,73.0,73.0,72.0,72.25,24388100
2022-09-19,70.56285858154297,73.0,73.25,72.5,73.0,15995000
2022-09-20,70.80451965332031,73.25,73.25,72.5,73.0,22486000
2022-09-21,70.56285858154297,73.0,73.5,72.75,73.0,12900500
2022-09-22,70.56285858154297,73.0,73.25,72.5,72.75,20208900
2022-09-23,71.28782653808594,73.75,75.25,73.5,73.5,61251900
2022-09-26,70.80451965332031,73.25,73.75,72.75,73.5,31686900
2022-09-27,71.0461654663086,73.5,73.75,72.75,73.25,21283600
2022-09-28,70.56285858154297,73.0,73.75,73.0,73.25,25140300
2022-09-29,70.56285858154297,73.0,74.25,73.0,73.0,37129400
2022-09-30,70.07955169677734,72.5,73.25,72.5,73.0,34664900
2022-10-03,69.3545913696289,71.75,73.0,71.5,72.75,43994900
2022-10-04,69.83790588378906,72.25,72.75,72.0,72.5,31385300
2022-10-05,69.83790588378906,72.25,72.75,72.0,72.5,16578700
2022-10-06,70.07955169677734,72.5,73.0,72.5,72.75,17490300
2022-10-07,70.56285858154297,73.0,73.0,72.25,72.5,12381800
2022-10-10,70.07955169677734,72.5,73.0,72.25,72.5,12887300
2022-10-11,69.11293029785156,71.5,72.5,71.5,72.25,23327100
2022-10-12,68.62963104248047,71.0,71.75,71.0,71.75,25566100
2022-10-17,67.90467071533203,70.25,71.25,70.0,71.0,41593700
2022-10-18,69.59624481201172,72.0,72.25,70.0,70.25,32746500
2022-10-19,69.59624481201172,72.0,72.5,71.5,72.5,12558900
2022-10-20,70.56285858154297,73.0,73.0,71.0,71.5,26005400
2022-10-21,71.0461654663086,73.5,73.5,72.5,72.75,16758900
2022-10-25,71.28782653808594,73.75,74.25,73.5,73.75,22432100
2022-10-26,71.28782653808594,73.75,74.0,73.5,74.0,17061100
2022-10-27,71.28782653808594,73.75,74.0,73.25,73.75,18140800
2022-10-28,71.0461654663086,73.5,74.0,73.0,73.5,17924800
2022-10-31,71.52947998046875,74.0,74.0,73.5,73.75,10779400
2022-11-01,71.77112579345703,74.25,74.5,73.5,74.0,18686800
2022-11-02,72.25444030761719,74.75,75.0,74.25,74.5,29162600
2022-11-03,72.01277923583984,74.5,74.75,74.0,74.75,13795000
2022-11-04,72.01277923583984,74.5,75.0,74.25,74.75,20808800
2022-11-07,71.52947998046875,74.0,74.75,74.0,74.5,19712900
2022-11-08,71.77112579345703,74.25,74.5,74.0,74.25,15014500
2022-11-09,72.25444030761719,74.75,74.75,74.25,74.5,26517400
2022-11-10,72.25444030761719,74.75,74.75,74.25,74.75,12120300
2022-11-11,73.22105407714844,75.75,76.25,75.0,75.0,43289500
2022-11-14,72.73774719238281,75.25,76.0,75.0,76.0,31974800
2022-11-15,73.22105407714844,75.75,76.0,74.75,75.0,23257400
2022-11-16,72.01277923583984,74.5,75.75,74.5,75.5,20390800
2022-11-17,72.01277923583984,74.5,74.75,74.0,74.75,34892300
2022-11-18,71.52947998046875,74.0,74.5,73.5,74.5,25499600
2022-11-21,72.25444030761719,74.75,74.75,73.5,73.75,19208500
2022-11-22,72.01277923583984,74.5,74.75,73.5,74.0,28638000
2022-11-23,72.25444030761719,74.75,75.25,74.5,74.5,20729800
2022-11-24,72.01277923583984,74.5,75.0,74.5,74.75,9723700
2022-11-25,71.77112579345703,74.25,74.75,74.0,74.5,14998500
2022-11-28,71.52947998046875,74.0,74.25,73.75,74.0,8018400
2022-11-29,72.01277923583984,74.5,74.5,74.0,74.0,12245700
2022-11-30,72.49609375,75.0,75.0,74.5,74.75,24737600
2022-12-01,71.52947998046875,74.0,75.25,73.75,75.0,29702900
2022-12-02,71.28782653808594,73.75,74.5,73.75,74.5,18449400
2022-12-06,71.77112579345703,74.25,74.25,73.0,73.5,21036400
2022-12-07,71.52947998046875,74.0,74.5,73.5,74.0,16385200
2022-12-08,71.52947998046875,74.0,74.25,73.5,74.0,12053500
2022-12-09,71.0461654663086,73.5,74.5,73.5,74.25,18125900
2022-12-13,71.77112579345703,74.25,74.25,73.5,73.75,18780200
2022-12-14,71.77112579345703,74.25,74.25,73.5,74.0,13408700
2022-12-15,70.80451965332031,73.25,74.25,73.25,74.0,20551000
2022-12-16,71.0461654663086,73.5,73.75,73.0,73.0,24567700
2022-12-19,71.28782653808594,73.75,73.75,73.25,73.75,10608800
2022-12-20,71.28782653808594,73.75,73.75,73.0,73.75,14342100
2022-12-21,70.80451965332031,73.25,73.75,72.75,73.75,16257300
2022-12-22,70.56285858154297,73.0,73.5,72.5,73.5,12782900
2022-12-23,70.56285858154297,73.0,73.25,72.5,72.75,13560600
2022-12-26,71.28782653808594,73.75,73.75,73.25,73.5,5807600
2022-12-27,72.9793930053711,75.5,75.5,74.25,74.25,64980600
2022-12-28,72.9793930053711,75.5,75.5,75.0,75.5,26582800
2022-12-29,73.70436096191406,76.25,76.25,75.25,75.25,25313000
2022-12-30,72.49609375,75.0,76.5,75.0,76.0,38721200
2023-01-03,72.49609375,75.0,75.75,75.0,75.25,21950400
2023-01-04,72.01277923583984,74.5,75.25,74.5,75.25,17672700
2023-01-05,72.49609375,75.0,75.5,74.0,74.25,35034500
2023-01-06,72.9793930053711,75.5,75.75,75.25,75.5,22225400
2023-01-09,72.73774719238281,75.25,76.0,75.0,76.0,22078800
2023-01-10,72.73774719238281,75.25,75.75,74.75,75.5,29745000
2023-01-11,71.77112579345703,74.25,75.25,74.0,75.0,42854900
2023-01-12,71.52947998046875,74.0,74.5,74.0,74.0,32435200
2023-01-13,71.0461654663086,73.5,74.5,73.25,74.0,40830200
2023-01-16,70.80451965332031,73.25,74.25,72.5,73.75,50826800
2023-01-17,70.80451965332031,73.25,73.75,73.0,73.25,24929900
2023-01-18,72.49609375,75.0,75.0,73.25,73.5,57110300
2023-01-19,72.01277923583984,74.5,75.25,74.5,75.25,23253000
2023-01-20,72.25444030761719,74.75,75.0,74.25,74.75,12765000
2023-01-23,72.25444030761719,74.75,75.25,74.75,74.75,11512700
2023-01-24,72.73774719238281,75.25,75.5,74.75,75.0,21934200
2023-01-25,72.49609375,75.0,75.5,74.75,75.25,14172300
2023-01-26,72.73774719238281,75.25,75.25,74.75,75.0,16930000
2023-01-27,72.9793930053711,75.5,75.5,75.0,75.25,9846700
2023-01-30,72.73774719238281,75.25,75.5,74.75,75.5,18015800
2023-01-31,71.77112579345703,74.25,75.25,74.25,75.25,24997200
2023-02-01,72.25444030761719,74.75,74.75,74.0,74.75,16638400
2023-02-02,72.01277923583984,74.5,74.75,74.5,74.5,15623800
2023-02-03,71.28782653808594,73.75,74.25,73.75,74.0,26205400
2023-02-06,71.28782653808594,73.75,74.25,73.75,74.0,9964300
2023-02-07,71.0461654663086,73.5,74.0,73.25,73.5,19880400
2023-02-08,71.52947998046875,74.0,74.25,73.25,73.5,20053500
2023-02-09,71.0461654663086,73.5,73.75,73.25,73.75,13509100
2023-02-10,70.56285858154297,73.0,73.5,73.0,73.25,14626200
2023-02-13,70.32120513916016,72.75,73.0,72.5,72.75,21881600
2023-02-14,69.3545913696289,71.75,72.75,71.5,72.5,44070700
2023-02-15,70.56285858154297,73.0,73.0,71.75,72.0,18113100
2023-02-16,70.32120513916016,72.75,73.25,72.75,73.0,8971400
2023-02-17,70.07955169677734,72.5,72.75,72.0,72.5,12606800
2023-02-20,70.56285858154297,73.0,73.0,72.5,72.5,8521800
2023-02-21,70.56285858154297,73.0,73.25,72.5,73.0,11168200
2023-02-22,69.59624481201172,72.0,73.0,72.0,72.75,14872200
2023-02-23,70.07955169677734,72.5,72.5,71.75,72.0,14467600
2023-02-24,70.07955169677734,72.5,72.75,72.25,72.5,6831300
2023-02-27,69.83790588378906,72.25,72.75,72.0,72.25,12633100
2023-02-28,70.32120513916016,72.75,72.75,72.25,72.5,19706700
2023-03-01,70.07955169677734,72.5,73.5,72.5,73.0,13911200
2023-03-02,69.3545913696289,71.75,72.5,71.25,72.5,34597500
2023-03-03,68.14631652832031,70.5,71.5,70.25,71.5,24689500
2023-03-07,67.4213638305664,69.75,71.0,69.75,70.75,26158600
2023-03-08,67.4213638305664,69.75,70.0,69.0,69.25,32810000
2023-03-09,67.1797103881836,69.5,70.25,69.5,70.25,21351800
2023-03-10,66.21310424804688,68.5,69.25,68.5,69.0,19356000
2023-03-13,65.48812866210938,67.75,69.0,67.5,68.75,37910700
2023-03-14,64.0382080078125,66.25,67.5,66.0,66.0,44347800
2023-03-15,68.38797760009766,70.75,71.25,67.5,67.75,52371400
2023-03-16,68.14631652832031,70.5,70.75,69.5,70.0,30128100
2023-03-17,68.14631652832031,70.5,71.25,70.0,71.0,19454900
2023-03-20,67.66302490234375,70.0,70.75,69.5,70.5,16487500
2023-03-21,67.90467071533203,70.25,70.75,70.0,70.25,20082500
2023-03-22,68.87129211425781,71.25,71.5,70.25,70.5,16096000
2023-03-23,69.3545913696289,71.75,72.5,71.0,71.25,13160300
2023-03-24,69.59624481201172,72.0,72.75,71.75,72.0,17539700
2023-03-27,69.3545913696289,71.75,72.25,71.5,72.0,6787100
2023-03-28,69.3545913696289,71.75,72.0,71.25,72.0,12680500
2023-03-29,69.3545913696289,71.75,72.25,71.75,72.0,9489400
2023-03-30,68.62963104248047,71.0,72.25,71.0,72.0,16098400
2023-03-31,68.62963104248047,71.0,71.5,70.75,71.0,12874900
2023-04-03,69.11293029785156,71.5,72.0,71.0,71.25,14131700
2023-04-04,69.3545913696289,71.75,72.5,71.75,72.25,18295200
2023-04-05,69.3545913696289,71.75,72.0,71.25,71.75,12287200
2023-04-07,69.59624481201172,72.0,72.5,71.75,71.75,11882300
2023-04-10,70.07955169677734,72.5,72.75,71.5,72.0,9797700
2023-04-11,70.32120513916016,72.75,72.75,71.75,72.75,16371000
2023-04-12,70.07955169677734,72.5,72.75,71.75,72.5,21954300
2023-04-17,70.32120513916016,72.75,72.75,71.5,72.5,19218000
2023-04-18,70.07955169677734,72.5,73.0,72.25,72.75,15652200
2023-04-19,70.07955169677734,72.5,73.25,72.25,72.5,27120600
2023-04-20,69.83790588378906,72.25,72.75,72.0,72.25,17550500
2023-04-21,69.83790588378906,72.25,72.5,71.5,72.25,15865400
2023-04-24,70.32120513916016,72.75,72.75,72.0,72.0,12549200
2023-04-25,69.83790588378906,72.25,72.75,72.25,72.5,15140200
2023-04-26,70.56285858154297,73.0,73.0,72.5,72.5,10854000
2023-04-27,70.56285858154297,73.0,73.5,72.75,73.25,12731500
2023-04-28,70.80451965332031,73.25,73.25,72.75,73.0,15294300
2023-05-02,71.0461654663086,73.5,73.75,73.0,73.25,12686700
2023-05-03,70.80451965332031,73.25,73.75,73.0,73.5,16659300
2023-05-08,71.28782653808594,73.75,73.75,73.5,73.5,19353000
2023-05-09,70.80451965332031,73.25,74.25,73.25,73.75,37315700
2023-05-10,71.28782653808594,73.75,73.75,73.0,73.5,17519200
2023-05-11,71.0461654663086,73.5,74.0,73.25,73.5,15648900
2023-05-12,70.80451965332031,73.25,73.75,73.0,73.5,20157500
2023-05-15,70.80451965332031,73.25,73.75,73.0,73.75,36085500
2023-05-16,69.59624481201172,72.0,73.5,72.0,73.25,28372800
2023-05-17,69.59624481201172,72.0,72.25,71.0,72.0,37799300
2023-05-18,69.11293029785156,71.5,72.5,71.5,72.0,21507100
2023-05-19,67.90467071533203,70.25,71.5,70.25,71.5,26330400
2023-05-22,69.59624481201172,72.0,72.25,69.0,69.75,29892700
2023-05-23,68.14631652832031,70.5,71.75,70.25,71.5,36209500
2023-05-24,68.38797760009766,70.75,71.0,70.25,70.5,15298200
2023-05-25,67.90467071533203,70.25,70.75,70.0,70.5,15063700
2023-05-26,67.66302490234375,70.0,70.5,70.0,70.0,13727600
2023-05-29,68.14631652832031,70.5,70.5,70.0,70.0,8012700
2023-05-30,68.38797760009766,70.75,71.0,70.25,70.5,17126200
2023-05-31,68.38797760009766,70.75,71.0,70.0,70.5,13470100
2023-06-01,68.38797760009766,70.75,71.25,70.5,70.75,14582600
2023-06-02,68.38797760009766,70.75,71.25,70.75,71.0,14868100
2023-06-06,67.90467071533203,70.25,70.5,69.75,70.0,11121100
2023-06-07,68.14631652832031,70.5,70.5,69.75,70.25,11699900
2023-06-08,68.87129211425781,71.25,71.25,70.25,70.25,10477800
2023-06-09,69.83790588378906,72.25,72.25,71.0,71.25,16264400
2023-06-12,69.3545913696289,71.75,72.5,71.5,72.0,11177000
2023-06-13,69.3545913696289,71.75,72.5,71.75,72.0,11328100
2023-06-14,69.11293029785156,71.5,72.25,71.5,72.0,8914200
2023-06-15,69.11293029785156,71.5,72.0,71.25,71.5,9459500
2023-06-16,68.87129211425781,71.25,72.0,70.75,71.75,14676300
2023-06-19,69.11293029785156,71.5,72.0,71.25,71.5,9560900
2023-06-20,69.83790588378906,72.25,72.75,72.0,72.25,15638100
2023-06-21,70.07955169677734,72.5,73.0,72.0,72.5,15778600
2023-06-22,69.83790588378906,72.25,72.75,72.0,72.75,14106400
2023-06-23,69.3545913696289,71.75,72.25,71.5,72.25,12849700
2023-06-26,69.3545913696289,71.75,72.0,71.25,71.75,14035700
2023-06-27,69.3545913696289,71.75,72.0,71.5,71.75,16896900
2023-06-28,68.87129211425781,71.25,72.0,71.25,71.75,7279500
2023-06-29,68.87129211425781,71.25,72.0,71.0,71.5,15424000
2023-06-30,69.59624481201172,72.0,72.25,71.25,71.25,11584000
2023-07-03,69.3545913696289,71.75,72.25,71.5,72.0,5650600
2023-07-04,69.3545913696289,71.75,72.0,71.25,71.5,11613700
2023-07-05,69.3545913696289,71.75,72.25,71.75,71.75,9552800
2023-07-06,68.62963104248047,71.0,71.75,70.75,71.5,16543900
2023-07-07,68.87129211425781,71.25,71.25,70.25,70.5,9363200
2023-07-10,68.38797760009766,70.75,71.25,70.25,71.25,12311900
2023-07-11,68.38797760009766,70.75,71.25,70.5,71.0,8796000
2023-07-12,68.87129211425781,71.25,71.5,70.5,70.75,23836900
2023-07-13,66.93805694580078,69.25,70.75,69.25,70.5,46426100
2023-07-14,67.90467071533203,70.25,70.25,69.25,69.5,17346900
2023-07-17,68.62963104248047,71.0,71.0,70.0,70.25,7645600
2023-07-18,69.11293029785156,71.5,71.5,70.75,71.0,7790300
2023-07-19,69.3545913696289,71.75,72.0,71.0,71.5,22363200
2023-07-20,68.14631652832031,70.5,71.75,70.5,71.5,23528600
2023-07-21,69.3545913696289,71.75,72.0,70.5,70.5,15440400
2023-07-24,68.62963104248047,71.0,71.75,70.75,71.5,13374100
2023-07-25,68.38797760009766,70.75,71.25,70.75,71.25,10912500
2023-07-26,68.62963104248047,71.0,71.5,71.0,71.25,7374300
2023-07-27,68.87129211425781,71.25,71.5,70.75,71.25,26149600
2023-07-31,69.11293029785156,71.5,71.75,71.25,71.5,8051500
2023-08-02,69.11293029785156,71.5,71.75,71.0,71.5,10852100
2023-08-03,68.14631652832031,70.5,71.25,70.5,71.0,9617100
2023-08-04,68.38797760009766,70.75,71.0,70.5,70.75,5967500
2023-08-07,68.38797760009766,70.75,71.5,70.25,70.75,18218600
2023-08-08,67.66302490234375,70.0,71.0,70.25,70.75,9482000
2023-08-09,67.66302490234375,70.0,70.5,70.0,70.25,11420500
2023-08-10,68.62963104248047,71.0,71.0,69.5,70.0,16801800
2023-08-11,68.87129211425781,71.25,71.25,70.5,71.0,11101800
2023-08-15,68.38797760009766,70.75,71.5,70.5,71.5,13263000
2023-08-16,67.90467071533203,70.25,71.0,70.0,70.5,22938900
2023-08-17,68.38797760009766,70.75,71.0,69.75,70.0,10473500
2023-08-18,68.38797760009766,70.75,70.75,70.0,70.5,15299600
2023-08-21,68.14631652832031,70.5,71.0,70.25,70.75,7236900
2023-08-22,68.38797760009766,70.75,71.25,70.5,70.5,13392600
2023-08-23,69.3545913696289,71.75,72.0,71.0,71.0,15546900
2023-08-24,69.59624481201172,72.0,72.5,71.75,72.0,19616500
2023-08-25,69.11293029785156,71.5,72.0,71.25,71.75,15779700
2023-08-28,69.59624481201172,72.0,72.5,71.75,72.0,14594100
2023-08-29,70.80451965332031,73.25,73.5,72.0,72.0,44268300
2023-08-30,70.80451965332031,73.25,73.25,72.75,73.0,19602000
2023-08-31,70.07955169677734,72.5,73.25,72.5,72.75,14566400
2023-09-01,70.32120513916016,72.75,73.0,72.25,72.75,12652300
2023-09-04,69.59624481201172,72.0,73.0,72.0,72.75,16304300
2023-09-05,69.59624481201172,72.0,72.25,71.75,72.0,8726900
2023-09-06,69.3545913696289,71.75,72.25,71.25,72.0,16864600
2023-09-07,69.3545913696289,71.75,72.25,71.5,71.75,9328300
2023-09-08,68.62963104248047,71.0,72.0,71.0,71.75,14717400
2023-09-11,68.87129211425781,71.25,71.5,70.5,71.0,15233000
2023-09-12,68.87129211425781,71.25,71.75,71.25,71.5,5985300
2023-09-13,68.87129211425781,71.25,71.5,71.0,71.5,11557500
2023-09-14,69.11293029785156,71.5,71.5,70.75,71.25,8476900
2023-09-15,68.87129211425781,71.25,71.75,71.0,71.75,12213400
2023-09-18,68.38797760009766,70.75,71.25,70.5,71.25,14167800
2023-09-19,67.90467071533203,70.25,71.25,70.25,71.0,11984200
2023-09-20,67.4213638305664,69.75,70.5,69.5,70.5,30243700
2023-09-21,67.66302490234375,70.0,70.5,69.25,69.5,15172300
2023-09-22,67.90467071533203,70.25,70.75,69.75,70.0,13858700
2023-09-25,67.1797103881836,69.5,70.5,69.5,70.5,18452600
2023-09-26,66.69640350341797,69.0,69.75,69.0,69.5,19287300
2023-09-27,67.1797103881836,69.5,69.5,69.0,69.0,12432900
2023-09-28,66.93805694580078,69.25,70.5,69.25,69.5,26114400
2023-09-29,67.4213638305664,69.75,71.0,69.75,70.0,29888300
2023-10-02,67.90467071533203,70.25,70.75,69.75,69.75,14393300
2023-10-03,67.66302490234375,70.0,70.25,69.5,69.75,18055800
2023-10-04,66.21310424804688,68.5,69.0,67.5,68.0,57739700
2023-10-05,66.93805694580078,69.25,69.25,68.0,68.5,19660300
2023-10-06,66.45475006103516,68.75,69.25,68.75,69.0,15338900
2023-10-09,66.45475006103516,68.75,69.0,68.5,68.75,11276700
2023-10-10,66.21310424804688,68.5,69.25,68.5,69.0,7721800
2023-10-11,66.45475006103516,68.75,69.25,67.75,68.5,24971100
2023-10-12,66.21310424804688,68.5,69.0,68.25,68.75,12184500
2023-10-16,64.52151489257812,66.75,68.5,66.5,68.25,40261800
2023-10-17,65.97144317626953,68.25,68.75,67.25,67.25,19838000
2023-10-18,66.45475006103516,68.75,68.75,68.0,68.0,9043700
2023-10-19,65.72978973388672,68.0,68.25,67.5,68.0,13827000
2023-10-20,64.52151489257812,66.75,67.75,66.75,67.5,12787600
2023-10-24,63.55490493774414,65.75,67.0,65.5,66.5,26330900
2023-10-25,64.52151489257812,66.75,67.0,66.0,66.25,15355400
2023-10-26,63.79655838012695,66.0,66.75,66.0,66.25,12249600
2023-10-27,64.76317596435547,67.0,67.25,66.25,66.5,11316100
2023-10-30,65.00482940673828,67.25,67.25,66.5,66.75,10175800
2023-10-31,64.52151489257812,66.75,67.25,66.25,67.0,8770600
2023-11-01,64.52151489257812,66.75,67.0,66.0,66.5,15374600
2023-11-02,66.21310424804688,68.5,68.5,67.0,67.25,13129100
2023-11-03,66.45475006103516,68.75,69.0,68.5,68.75,8117800
2023-11-06,66.21310424804688,68.5,69.25,68.5,69.25,13880800
2023-11-07,66.21310424804688,68.5,69.25,68.25,68.5,11647000
2023-11-08,66.45475006103516,68.75,69.0,68.5,68.75,7122200
2023-11-09,66.69640350341797,69.0,69.25,68.25,69.0,10480800
2023-11-10,65.2464828491211,67.5,68.75,67.5,68.5,21472600
2023-11-13,65.48812866210938,67.75,67.75,67.0,67.5,13508700
2023-11-14,65.97144317626953,68.25,68.5,67.75,68.0,9534900
2023-11-15,66.21310424804688,68.5,68.75,68.0,68.5,11714800
2023-11-16,66.45475006103516,68.75,68.75,68.0,68.5,7091500
2023-11-17,66.69640350341797,69.0,69.25,68.25,68.25,14364700
2023-11-20,66.69640350341797,69.0,69.25,68.5,69.0,10867800
2023-11-21,65.00482940673828,67.25,69.0,67.0,69.0,55210400
2023-11-22,63.79655838012695,66.0,67.5,65.75,67.25,50862200
2023-11-23,60.41341018676758,62.5,66.0,61.5,66.0,177132800
2023-11-24,60.41341018676758,62.5,63.5,62.0,62.75,62490100
2023-11-27,58.96348571777344,61.0,62.0,60.5,61.75,64818700
2023-11-28,58.48018264770508,60.5,61.75,60.25,61.5,56604800
2023-11-29,57.03025817871094,59.0,60.75,59.0,60.25,108747800
2023-11-30,57.51356506347656,59.5,60.0,59.0,59.5,58997200
2023-12-01,56.54695129394531,58.5,59.5,58.0,59.25,55331800
2023-12-04,57.99687194824219,60.0,60.5,59.5,59.75,25844400
2023-12-06,57.99687194824219,60.0,60.5,59.5,60.25,28942300
2023-12-07,57.99687194824219,60.0,60.25,59.0,60.0,29301600
2023-12-08,58.346954345703125,60.0,60.25,59.75,60.0,20024600
2023-12-12,57.8607292175293,59.5,60.0,59.25,60.0,14888100
2023-12-13,57.37450408935547,59.0,59.75,58.75,59.75,21963800
2023-12-14,58.103843688964844,59.75,59.75,59.0,59.25,17740500
2023-12-15,59.319400787353516,61.0,61.75,60.0,60.0,46822100
2023-12-18,59.076290130615234,60.75,60.75,60.0,60.5,30313400
2023-12-19,58.59006881713867,60.25,60.75,60.0,60.5,15026900
2023-12-20,57.8607292175293,59.5,60.5,59.25,60.5,49093400
2023-12-21,58.83317947387695,60.5,61.0,59.0,59.25,24752700
2023-12-22,58.59006881713867,60.25,61.0,60.0,60.75,21702000
2023-12-25,58.83317947387695,60.5,60.75,60.25,60.25,7279200
2023-12-26,58.346954345703125,60.0,60.75,59.75,60.25,21680400
2023-12-27,58.59006881713867,60.25,60.75,59.5,59.75,31032900
2023-12-28,58.103843688964844,59.75,60.5,59.5,60.0,34308800
2024-01-03,60.778076171875,62.5,63.0,62.0,62.25,40506100
2024-01-04,62.236751556396484,64.0,64.0,62.75,62.75,37899200
2024-01-05,61.750526428222656,63.5,64.25,63.0,64.0,41945900
2024-01-08,61.26430130004883,63.0,63.75,62.75,63.75,22082100
2024-01-09,61.02118682861328,62.75,63.75,62.75,63.5,13944500
2024-01-10,61.26430130004883,63.0,63.25,62.5,62.75,18662100
2024-01-11,60.778076171875,62.5,63.25,62.25,63.25,20132700
2024-01-12,61.26430130004883,63.0,63.25,62.75,62.75,15129100
2024-01-15,60.778076171875,62.5,63.5,62.25,63.0,28531500
2024-01-16,61.26430130004883,63.0,63.25,62.5,62.75,22854800
2024-01-17,59.5625114440918,61.25,63.0,61.25,63.0,35750600
2024-01-18,59.805625915527344,61.5,61.75,60.5,61.25,36515400
2024-01-19,59.076290130615234,60.75,62.0,60.75,61.75,16237100
2024-01-22,58.346954345703125,60.0,61.25,60.0,61.0,23858200
2024-01-23,57.617618560791016,59.25,60.25,58.75,59.5,41484000
2024-01-24,58.59006881713867,60.25,60.5,58.75,59.25,32972200
2024-01-25,58.103843688964844,59.75,60.0,59.0,59.75,27933100
2024-01-26,57.8607292175293,59.5,60.0,59.0,59.5,21500400
2024-01-29,59.076290130615234,60.75,61.0,59.75,60.0,38428500
2024-01-30,58.83317947387695,60.5,60.75,60.0,60.75,21472600
2024-01-31,58.103843688964844,59.75,61.25,59.5,60.5,37112100
2024-02-01,60.048736572265625,61.75,62.0,59.75,60.0,49753000
2024-02-02,61.02118682861328,62.75,63.0,62.25,62.25,32395000
2024-02-05,61.99363708496094,63.75,64.0,62.25,62.75,36587200
2024-02-06,62.72297668457031,64.5,65.25,64.25,64.25,53272400
2024-02-07,62.72297668457031,64.5,65.0,63.75,64.75,18344400
2024-02-08,62.479862213134766,64.25,64.75,64.25,64.5,13460000
2024-02-09,62.72297668457031,64.5,65.0,64.0,64.25,13538600
2024-02-12,63.452308654785156,65.25,65.25,64.5,64.75,27807000
2024-02-13,61.50741195678711,63.25,64.25,63.25,64.0,32585300
2024-02-14,61.50741195678711,63.25,63.75,62.75,63.25,18228100
2024-02-15,61.750526428222656,63.5,64.0,63.0,63.25,21626200
2024-02-16,61.50741195678711,63.25,64.0,62.75,63.75,18614900
2024-02-19,61.50741195678711,63.25,63.25,63.0,63.25,13014500
2024-02-20,61.50741195678711,63.25,63.25,62.5,63.25,12281800
2024-02-21,61.750526428222656,63.5,63.75,62.75,63.0,20235600
2024-02-22,62.479862213134766,64.25,65.0,63.75,64.0,25137100
2024-02-23,62.72297668457031,64.5,64.75,64.0,64.25,14190200
2024-02-27,62.72297668457031,64.5,64.5,64.0,64.25,17140000
2024-02-28,61.99363708496094,63.75,64.75,63.5,64.5,17604000
2024-02-29,61.750526428222656,63.5,64.25,63.0,64.0,31263300
2024-03-01,63.6954231262207,65.5,65.75,63.5,63.5,46735000
2024-03-04,62.966087341308594,64.75,67.0,64.75,66.75,28186500
2024-03-05,62.479862213134766,64.25,64.75,64.0,64.5,12842200
2024-03-06,62.966087341308594,64.75,65.25,64.25,64.25,11716900
2024-03-07,63.209197998046875,65.0,65.25,64.25,65.0,9615500
2024-03-08,64.66787719726562,66.5,66.5,65.0,65.0,29017400
2024-03-11,63.6954231262207,65.5,66.0,65.25,66.0,11405600
2024-03-12,63.6954231262207,65.5,65.5,65.5,65.5,0
2024-03-13,64.18164825439453,66.0,66.5,65.5,65.5,18396600
2024-03-14,64.66787719726562,66.5,67.0,66.0,66.0,20093700
2024-03-15,64.66787719726562,66.5,66.5,66.5,66.5,0
2024-03-18,64.18164825439453,66.0,66.75,66.0,66.5,15512000
2024-03-19,63.209197998046875,65.0,66.25,64.75,66.0,20387200
2024-03-20,63.209197998046875,65.0,65.0,65.0,65.0,0
2024-03-21,63.938533782958984,65.75,66.25,65.5,66.25,16645100
2024-03-22,63.938533782958984,65.75,65.75,65.75,65.75,0
2024-03-25,63.209197998046875,65.0,65.75,65.0,65.25,5381000
2024-03-26,63.209197998046875,65.0,65.0,65.0,65.0,0
2024-03-27,63.6954231262207,65.5,65.75,64.25,64.5,13562800
2024-03-28,63.6954231262207,65.5,65.5,65.5,65.5,0
2024-03-29,63.6954231262207,65.5,65.5,65.0,65.25,6138400
2024-04-01,63.6954231262207,65.5,65.75,65.25,65.5,3571700
2024-04-02,63.6954231262207,65.5,65.75,65.25,65.5,6263700
2024-04-03,63.452308654785156,65.25,65.75,65.0,65.5,11974100
2024-04-04,63.452308654785156,65.25,65.25,65.25,65.25,0
2024-04-05,63.6954231262207,65.5,66.0,65.5,65.5,6648700
2024-04-09,63.6954231262207,65.5,65.5,65.5,65.5,0
2024-04-10,65.39720916748047,67.25,67.5,66.75,67.0,16131400
2024-04-11,64.91098022460938,66.75,67.25,66.5,67.25,15838400
2024-04-17,64.91098022460938,66.75,66.75,66.75,66.75,0
2024-04-18,64.91098022460938,66.75,66.75,66.75,66.75,0
2024-04-19,64.91098022460938,66.75,66.75,66.75,66.75,0
2024-04-22,63.209197998046875,65.0,65.0,63.75,63.75,13912500
2024-04-23,63.209197998046875,65.0,65.25,64.5,65.0,13363000
2024-04-24,63.209197998046875,65.0,65.0,65.0,65.0,0
2024-04-25,62.479862213134766,64.25,64.5,64.0,64.25,11022500
2024-04-26,62.236751556396484,64.0,64.5,63.5,64.25,17290100
2024-04-29,62.479862213134766,64.25,64.75,64.0,64.25,11997100
2024-04-30,62.479862213134766,64.25,64.25,64.25,64.25,0
2024-05-02,63.6954231262207,65.5,65.75,64.5,65.0,12906100
2024-05-03,63.938533782958984,65.75,66.0,65.5,65.5,28811000
2024-05-07,63.938533782958984,65.75,65.75,65.75,65.75,0
2024-05-08,63.452308654785156,65.25,65.75,65.0,65.75,17090300
2024-05-09,63.938533782958984,65.75,66.0,65.25,65.25,15298200
2024-05-10,64.66787719726562,66.5,66.5,65.75,66.0,14049600
2024-05-13,64.91098022460938,66.75,67.0,66.5,66.5,14303700
2024-05-14,65.15409851074219,67.0,67.5,66.75,67.0,17949800
2024-05-15,65.15409851074219,67.0,67.5,67.0,67.0,25206300
2024-05-16,65.15409851074219,67.0,67.0,67.0,67.0,0
2024-05-17,65.15409851074219,67.0,67.25,66.0,66.25,14917700
2024-05-20,65.15409851074219,67.0,67.0,67.0,67.0,0
2024-05-21,65.15409851074219,67.0,67.0,67.0,67.0,0
2024-05-23,63.6954231262207,65.5,66.25,65.25,66.0,9982400
2024-05-24,63.6954231262207,65.5,65.5,65.5,65.5,0
2024-05-27,63.6954231262207,65.5,65.5,65.5,65.5,0
2024-05-28,62.966087341308594,64.75,65.75,64.25,65.5,19471700
2024-05-29,61.750526428222656,63.5,64.75,63.5,64.75,25321300
2024-05-30,61.750526428222656,63.5,63.5,63.5,63.5,0
2024-05-31,61.750526428222656,63.5,63.5,63.5,63.5,0
2024-06-04,62.236751556396484,64.0,65.0,63.75,65.0,17523200
2024-06-05,61.50741195678711,63.25,64.5,63.25,64.0,19043600
2024-06-06,60.048736572265625,61.75,63.5,61.5,63.25,47858400
2024-06-07,60.048736572265625,61.75,61.75,61.75,61.75,0
2024-06-10,59.076290130615234,60.75,61.5,60.25,61.5,22458200
2024-06-11,58.59006881713867,60.25,60.75,60.0,60.5,25911400
2024-06-12,57.8607292175293,59.5,60.25,59.0,60.0,52791900
2024-06-13,58.346954345703125,60.0,60.5,59.5,59.75,26252500
2024-06-14,58.346954345703125,60.0,60.75,60.0,60.0,19688800
2024-06-17,58.346954345703125,60.0,60.0,60.0,60.0,0
2024-06-18,58.346954345703125,60.0,60.0,60.0,60.0,0
2024-06-19,58.346954345703125,60.0,60.0,60.0,60.0,0
2024-06-20,59.076290130615234,60.75,61.5,60.0,61.5,23349000
2024-06-21,58.59006881713867,60.25,61.0,60.25,61.0,26418900
2024-06-24,56.88827896118164,58.5,58.75,56.75,58.75,77448900
2024-06-25,56.88827896118164,58.5,58.5,58.5,58.5,0
2024-06-26,56.88827896118164,58.5,58.5,58.5,58.5,0
2024-06-27,56.64516830444336,58.25,58.5,58.0,58.5,13904500
2024-06-28,56.15894317626953,57.75,58.25,56.5,58.0,49385600
2024-07-01,56.15894317626953,57.75,57.75,57.75,57.75,0
2024-07-02,56.15894317626953,57.75,57.75,57.75,57.75,0
2024-07-03,54.70026779174805,56.25,56.5,55.75,56.0,12574900
2024-07-04,55.186492919921875,56.75,57.25,56.75,56.75,34120600
2024-07-05,54.94337844848633,56.5,57.0,56.25,56.75,9307100
2024-07-08,55.6727180480957,57.25,57.25,56.25,56.5,19204200
2024-07-09,55.6727180480957,57.25,57.25,57.25,57.25,0
2024-07-10,56.64516830444336,58.25,58.5,56.75,57.25,42367300
2024-07-11,56.64516830444336,58.25,58.25,58.25,58.25,0
2024-07-12,56.64516830444336,58.25,58.25,58.25,58.25,0
2024-07-15,56.64516830444336,58.25,58.25,58.25,58.25,0
2024-07-16,56.64516830444336,58.25,58.75,58.25,58.5,7549200
2024-07-17,56.64516830444336,58.25,58.25,58.25,58.25,0
2024-07-18,56.88827896118164,58.5,58.75,57.75,58.0,13758100
2024-07-19,56.64516830444336,58.25,59.0,58.25,58.75,13341600
2024-07-23,56.15894317626953,57.75,58.25,57.5,58.0,15416300
2024-07-24,55.915828704833984,57.5,58.0,57.25,57.5,7848000
2024-07-25,55.429603576660156,57.0,57.5,56.75,57.0,10829400
2024-07-26,56.15894317626953,57.75,57.75,56.75,56.75,14632200
2024-07-30,56.15894317626953,57.75,57.75,57.75,57.75,0
2024-07-31,54.94337844848633,56.5,56.75,55.5,56.5,37879200
2024-08-01,54.94337844848633,56.5,57.0,56.0,56.0,23186800
2024-08-02,54.94337844848633,56.5,56.5,56.5,56.5,0
2024-08-05,53.48470687866211,55.0,56.0,55.0,55.5,24356300
2024-08-06,54.21404266357422,55.75,56.25,55.0,55.5,15681900
2024-08-07,54.70026779174805,56.25,57.0,55.75,55.75,16679500
2024-08-08,54.70026779174805,56.25,56.25,56.25,56.25,0
2024-08-09,54.94337844848633,56.5,57.5,56.25,56.75,12150000
2024-08-13,54.21404266357422,55.75,57.0,55.75,57.0,15995000
2024-08-14,54.21404266357422,55.75,56.75,55.0,56.0,29594800
2024-08-15,54.21404266357422,55.75,55.75,55.75,55.75,0
2024-08-16,54.94337844848633,56.5,57.0,56.0,56.0,10432500
2024-08-19,54.94337844848633,56.5,56.5,56.5,56.5,0
2024-08-20,56.64516830444336,58.25,58.75,57.75,58.25,18745500
2024-08-21,57.617618560791016,59.25,59.75,58.0,58.25,24796600
2024-08-22,57.617618560791016,59.25,59.25,59.25,59.25,0
2024-08-23,58.103843688964844,59.75,60.25,59.5,59.5,16700500
2024-08-26,59.076290130615234,60.75,61.0,59.75,60.0,20871000
2024-08-27,58.59006881713867,60.25,61.0,59.75,60.75,13590600
2024-08-28,58.59006881713867,60.25,60.25,60.25,60.25,0
2024-08-29,58.103843688964844,59.75,60.25,59.5,60.0,9571900
2024-08-30,58.103843688964844,59.75,60.25,59.75,60.0,23329700
2024-09-02,58.103843688964844,59.75,59.75,59.75,59.75,0
2024-09-03,58.103843688964844,59.75,59.75,59.75,59.75,0
2024-09-04,58.103843688964844,59.75,59.75,59.75,59.75,0
2024-09-05,60.778076171875,62.5,62.75,60.75,61.0,35715700
2024-09-06,61.50741195678711,63.25,63.75,62.75,62.75,43774000
2024-09-09,61.50741195678711,63.25,63.25,63.25,63.25,0
2024-09-10,60.53496170043945,62.25,62.5,61.75,62.25,21197100
2024-09-11,60.29185104370117,62.0,63.0,61.75,62.25,29012300
2024-09-12,60.29185104370117,62.0,62.75,62.0,62.25,17243700
2024-09-13,60.53496170043945,62.25,62.5,62.0,62.25,9114800
2024-09-16,60.53496170043945,62.25,62.25,62.25,62.25,0
2024-09-17,60.53496170043945,62.25,62.25,62.25,62.25,0
2024-09-18,60.53496170043945,62.25,62.25,62.25,62.25,0
2024-09-19,60.53496170043945,62.25,62.25,62.25,62.25,0
2024-09-20,60.53496170043945,62.25,62.25,62.25,62.25,0
2024-09-23,61.50741195678711,63.25,64.0,63.0,63.75,10175700
2024-09-24,61.50741195678711,63.25,63.75,63.0,63.5,16397200
2024-09-25,61.50741195678711,63.25,64.0,63.25,63.25,11639800
2024-09-26,61.750526428222656,63.5,63.5,63.0,63.25,12443100
2024-09-27,61.750526428222656,63.5,63.5,63.5,63.5,0
2024-09-30,62.236751556396484,64.0,64.25,63.5,63.75,22421900
2024-10-01,62.236751556396484,64.0,64.0,64.0,64.0,0
2024-10-02,62.72297668457031,64.5,64.5,63.75,64.25,33315800
2024-10-03,62.966087341308594,64.75,65.0,64.0,64.25,34186300
2024-10-04,62.966087341308594,64.75,64.75,64.75,64.75,0
2024-10-07,61.99363708496094,63.75,64.25,63.75,63.75,10741000
2024-10-08,62.479862213134766,64.25,64.25,63.75,63.75,21206200
2024-10-09,61.99363708496094,63.75,64.5,63.75,64.25,9231600
2024-10-10,62.479862213134766,64.25,64.5,63.75,64.0,21976800
2024-10-11,62.479862213134766,64.25,64.25,64.25,64.25,0
2024-10-15,61.750526428222656,63.5,64.25,63.5,64.0,13510500
2024-10-16,61.750526428222656,63.5,63.5,63.5,63.5,0
2024-10-17,61.50741195678711,63.25,64.0,63.25,64.0,15140000
2024-10-18,61.99363708496094,63.75,64.0,63.0,63.25,17748600
2024-10-21,61.750526428222656,63.5,64.0,63.25,63.75,12160900
2024-10-22,61.750526428222656,63.5,63.5,63.5,63.5,0
2024-10-24,59.805625915527344,61.5,63.25,61.25,63.0,30094900
2024-10-25,59.805625915527344,61.5,61.5,61.5,61.5,0
2024-10-28,60.048736572265625,61.75,62.25,61.25,61.75,11948900
2024-10-29,60.048736572265625,61.75,61.75,61.75,61.75,0
2024-10-30,59.805625915527344,61.5,62.25,61.0,62.0,14535400
2024-10-31,59.5625114440918,61.25,61.75,61.0,61.0,19214200
2024-11-01,60.048736572265625,61.75,62.0,61.25,61.25,10836000
2024-11-04,60.53496170043945,62.25,62.25,61.75,61.75,6274800
2024-11-05,61.02118682861328,62.75,62.75,62.25,62.25,9756600
2024-11-06,60.048736572265625,61.75,63.0,61.5,62.75,17369700
2024-11-07,59.805625915527344,61.5,62.0,61.25,62.0,11316500
2024-11-08,59.319400787353516,61.0,62.0,61.0,61.5,10112600
2024-11-11,59.076290130615234,60.75,61.5,60.5,61.0,8991400
2024-11-12,58.346954345703125,60.0,61.0,59.75,60.75,13346300
2024-11-13,58.103843688964844,59.75,60.25,59.5,60.0,12500900
2024-11-14,56.88827896118164,58.5,59.75,58.25,59.5,32002400
2024-11-15,57.617618560791016,59.25,59.75,58.5,58.5,18685100
2024-11-18,59.076290130615234,60.75,60.75,59.5,59.5,13431200
2024-11-19,59.5625114440918,61.25,62.25,61.0,61.25,24684600
2024-11-20,58.59006881713867,60.25,61.25,60.0,61.25,15657800
2024-11-21,59.805625915527344,61.5,61.5,60.5,61.0,14301200
2024-11-22,59.5625114440918,61.25,62.0,61.0,61.5,21166400
2024-11-25,59.805625915527344,61.5,62.0,61.25,61.75,20099400
2024-11-26,59.5625114440918,61.25,61.75,61.0,61.0,13470600
2024-11-27,59.805625915527344,61.5,61.5,61.0,61.25,7683400
2024-11-28,59.5625114440918,61.25,61.75,61.0,61.5,13431700
2024-11-29,59.076290130615234,60.75,61.5,60.75,61.25,12501400
2024-12-02,60.048736572265625,61.75,61.75,60.75,60.75,26890700
2024-12-03,60.29185104370117,62.0,62.0,61.25,61.75,12605100
2024-12-04,60.57749938964844,61.5,61.75,61.25,61.5,9605100
2024-12-06,60.084999084472656,61.0,61.5,60.75,61.25,8092900
2024-12-09,59.59250259399414,60.5,61.25,60.25,61.0,11914400
2024-12-11,60.57749938964844,61.5,62.0,60.5,60.75,12968800
2024-12-12,60.57749938964844,61.5,62.0,61.25,61.75,14524800
2024-12-13,60.33124923706055,61.25,61.75,60.75,61.25,7242200
2024-12-16,60.33124923706055,61.25,61.5,61.0,61.25,4096800
2024-12-17,58.36125183105469,59.25,61.0,59.0,60.75,19274700
2024-12-18,58.85375213623047,59.75,60.0,59.0,59.25,16316800
2024-12-19,57.868751525878906,58.75,59.5,58.75,59.25,11730500
2024-12-20,57.376251220703125,58.25,58.75,56.75,58.5,37434000
2024-12-23,58.85375213623047,59.75,60.5,59.25,59.75,26134900
2024-12-24,59.10000228881836,60.0,60.25,59.5,60.0,12586500
2024-12-25,59.10000228881836,60.0,60.25,59.75,60.0,7175800
2024-12-26,58.85375213623047,59.75,60.25,59.75,60.0,5889700
2024-12-27,58.85375213623047,59.75,60.25,59.5,60.0,9771000
2024-12-30,58.60750198364258,59.5,60.75,59.5,60.0,17878900
2025-01-02,58.85375213623047,59.75,60.0,59.25,59.5,9931100
2025-01-03,58.36125183105469,59.25,60.25,59.25,60.0,7741400
2025-01-06,58.1150016784668,59.0,60.0,58.75,59.75,12331900
2025-01-07,59.10000228881836,60.0,60.0,58.75,59.0,13989300
2025-01-08,58.60750198364258,59.5,59.75,58.75,59.5,12180100
2025-01-09,58.1150016784668,59.0,59.5,58.75,59.25,10316100
2025-01-10,57.376251220703125,58.25,59.0,58.0,59.0,19084300
2025-01-13,55.65250015258789,56.5,57.75,55.75,57.75,37410000
2025-01-14,56.14500045776367,57.0,58.5,56.5,57.25,25279600
2025-01-15,56.63750076293945,57.5,57.5,56.5,57.0,18142600
2025-01-16,56.39125061035156,57.25,58.0,56.75,57.75,12118900
2025-01-17,56.39125061035156,57.25,58.0,57.0,57.5,12636500
2025-01-20,56.63750076293945,57.5,57.5,56.75,57.5,9806400
2025-01-21,56.883750915527344,57.75,58.5,57.25,57.75,13671600
2025-01-22,57.376251220703125,58.25,58.5,57.75,57.75,11939500
2025-01-23,56.14500045776367,57.0,58.0,57.0,57.75,14173100
2025-01-24,55.40625,56.25,57.5,56.0,57.25,17712800
2025-01-27,54.66749954223633,55.5,56.25,55.25,56.0,16334600
2025-01-28,55.15999984741211,56.0,56.0,55.25,55.5,19474600
2025-01-29,55.15999984741211,56.0,56.5,55.5,56.5,8420800
2025-01-30,55.40625,56.25,56.25,55.75,55.75,5487000
2025-01-31,54.42124938964844,55.25,56.5,55.25,56.5,18478200
2025-02-03,54.17499923706055,55.0,55.0,53.5,53.75,26729400
2025-02-04,55.15999984741211,56.0,56.5,55.25,55.25,16523000
2025-02-05,55.89875030517578,56.75,57.75,56.5,57.0,24754100
2025-02-06,54.91374969482422,55.75,57.25,55.5,57.0,19703400
2025-02-07,55.15999984741211,56.0,56.5,55.5,56.25,23598200
2025-02-10,53.43625259399414,54.25,55.75,53.75,55.75,41874100
2025-02-11,53.928749084472656,54.75,55.5,54.0,54.25,23479000
2025-02-13,53.682498931884766,54.5,55.25,54.0,54.75,26827400
2025-02-14,46.29500198364258,47.0,54.25,46.5,54.25,174946100
2025-02-17,42.60124969482422,43.25,45.0,41.5,43.75,144230400
2025-02-18,42.84749984741211,43.5,44.5,42.75,44.0,65281200
2025-02-19,42.60124969482422,43.25,44.0,42.75,43.25,58628000
2025-02-20,43.09375,43.75,44.25,42.75,43.0,39546700
2025-02-21,42.84749984741211,43.5,44.25,43.5,43.75,19304700
2025-02-24,41.369998931884766,42.0,43.5,42.0,43.5,39241000
2025-02-25,41.616249084472656,42.25,43.0,41.5,42.0,40372200
2025-02-26,42.60124969482422,43.25,43.25,41.75,42.0,63117200
2025-02-27,42.84749984741211,43.5,44.25,42.75,42.75,39452400
2025-02-28,42.60124969482422,43.25,43.25,42.0,42.75,42453200
2025-03-03,41.616249084472656,42.25,43.5,41.75,43.25,25985100
2025-03-04,39.153751373291016,39.75,43.25,39.5,42.25,74421400
2025-03-05,41.123748779296875,41.75,42.0,40.0,40.25,67767100
2025-03-06,39.89250183105469,40.5,41.75,40.5,41.75,36716000
2025-03-07,39.6462516784668,40.25,40.5,39.75,40.5,36754900
2025-03-10,38.16875076293945,38.75,40.25,38.5,40.0,42165700
2025-03-11,40.13875198364258,40.75,41.25,37.75,38.25,80030600
2025-03-12,39.153751373291016,39.75,41.25,39.0,41.25,58717200
2025-03-13,38.661251068115234,39.25,40.0,39.0,39.75,27378500
2025-03-14,39.400001525878906,40.0,40.25,39.25,39.5,35667300
2025-03-17,38.661251068115234,39.25,40.25,38.75,40.25,22886400
2025-03-18,38.907501220703125,39.5,39.75,38.75,39.5,19444100
2025-03-19,40.38500213623047,41.0,41.5,39.5,40.0,59900800
2025-03-20,39.89250183105469,40.5,41.5,40.25,41.25,29830900
2025-03-21,39.400001525878906,40.0,40.75,40.0,40.25,22857000
2025-03-24,40.13875198364258,40.75,40.75,39.75,40.0,12499000
2025-03-25,39.400001525878906,40.0,40.5,39.75,40.5,20344800
2025-03-26,39.400001525878906,40.0,40.5,39.5,40.0,13591100
2025-03-27,38.907501220703125,39.5,40.25,39.25,40.0,23908900
2025-03-28,37.92250061035156,38.5,39.25,38.25,39.25,21802700
2025-03-31,37.18375015258789,37.75,38.5,37.0,37.0,32351100
2025-04-01,37.92250061035156,38.5,39.25,37.75,37.75,20886200
2025-04-02,38.661251068115234,39.25,39.75,38.5,38.75,24175800
2025-04-03,38.16875076293945,38.75,39.0,38.25,38.75,20367100
2025-04-04,36.69124984741211,37.25,39.0,37.0,38.75,33525600
2025-04-08,35.459999084472656,36.0,36.25,34.0,34.75,55854500
2025-04-09,35.70624923706055,36.25,36.75,35.5,36.5,31802800
2025-04-10,38.16875076293945,38.75,39.75,38.0,38.0,53852100
2025-04-11,37.18375015258789,37.75,38.75,37.75,38.25,28593700
2025-04-16,37.67625045776367,38.25,38.25,37.0,37.75,28442600
2025-04-17,37.18375015258789,37.75,38.5,37.0,38.25,32688700
2025-04-18,37.43000030517578,38.0,38.0,37.5,38.0,28761900
2025-04-21,36.69124984741211,37.25,38.25,37.0,38.0,27567200
2025-04-22,36.9375,37.5,37.5,36.5,37.0,40078000
2025-04-23,37.67625045776367,38.25,39.25,37.75,38.0,55260700
2025-04-24,36.44499969482422,37.0,38.25,36.75,38.0,53226000
2025-04-25,36.44499969482422,37.0,37.75,36.5,37.5,21765100
2025-04-28,36.19874954223633,36.75,37.5,36.0,37.0,23154800
2025-04-29,36.9375,37.5,37.5,36.0,36.75,28632000
2025-04-30,37.67625045776367,38.25,38.75,36.75,37.0,47948300
2025-05-02,37.92250061035156,38.5,42.75,38.25,41.0,103394700
2025-05-06,36.44499969482422,37.0,39.0,37.0,38.75,42197000
2025-05-07,38.661251068115234,39.25,39.5,37.25,37.25,57883100
2025-05-08,37.92250061035156,38.5,39.25,38.5,39.0,33152400
2025-05-09,38.415000915527344,39.0,39.25,38.25,39.0,27095000
2025-05-13,36.9375,37.5,39.75,37.5,39.75,47054500
2025-05-14,36.9375,37.5,38.0,37.25,37.5,16624800
2025-05-15,34.47500228881836,35.0,35.75,33.75,34.5,140690000
2025-05-16,34.22875213623047,34.75,35.5,34.5,35.25,32448500
2025-05-19,34.721248626708984,35.25,35.75,34.5,34.5,31262200
2025-05-20,34.22875213623047,34.75,35.5,34.5,35.5,15507600
2025-05-21,33.4900016784668,34.0,35.0,33.25,34.75,35482900
2025-05-22,33.73625183105469,34.25,34.75,34.0,34.0,21165500
2025-05-23,33.4900016784668,34.0,34.5,33.75,34.5,10206300
2025-05-26,33.4900016784668,34.0,34.5,33.75,34.0,14212800
2025-05-27,32.505001068115234,33.0,34.0,33.0,34.0,19686300
2025-05-28,33.243751525878906,33.75,34.0,33.0,33.25,18287100
2025-05-29,32.997501373291016,33.5,34.5,33.5,34.25,16412800
2025-05-30,32.751251220703125,33.25,33.5,32.5,33.25,61603000
2025-06-04,32.258750915527344,32.75,33.5,32.5,33.5,25428800
2025-06-05,31.27375030517578,31.75,33.25,31.5,33.0,37337800
2025-06-06,31.27375030517578,31.75,31.75,31.25,31.5,23607600
2025-06-09,31.27375030517578,31.75,32.25,31.25,31.75,25327900
2025-06-10,31.27375030517578,31.75,32.5,31.5,31.75,15376000
2025-06-11,32.01250076293945,32.5,33.0,32.0,32.0,35338400
2025-06-12,31.520000457763672,32.0,32.5,32.0,32.5,12568000
2025-06-13,29.30375099182129,29.75,31.75,28.5,31.75,138139600
2025-06-16,26.841249465942383,27.25,29.75,26.75,29.5,148937100
2025-06-17,28.072500228881836,28.5,28.75,27.25,27.5,61699800
2025-06-18,27.579999923706055,28.0,29.25,27.75,28.5,51266400
2025-06-19,27.333749771118164,27.75,28.5,27.0,27.5,53315700
2025-06-20,27.826250076293945,28.25,28.5,27.75,28.25,50087100
2025-06-23,28.565000534057617,29.0,29.25,27.75,28.0,48560200
2025-06-24,30.042499542236328,30.5,30.75,29.0,29.75,79499700
2025-06-25,31.520000457763672,32.0,32.75,30.0,30.25,77590000
2025-06-26,30.78125,31.25,32.0,31.0,31.75,42087200
2025-06-27,30.042499542236328,30.5,31.25,30.0,31.25,49365500
2025-06-30,29.79625129699707,30.25,30.5,29.5,30.5,35697900
2025-07-01,30.28874969482422,30.75,30.75,29.75,30.25,23866500
2025-07-02,29.79625129699707,30.25,30.5,29.75,30.25,16710000
2025-07-03,30.78125,31.25,31.25,30.25,30.25,18508400
2025-07-04,29.79625129699707,30.25,31.25,30.25,31.25,14008800
2025-07-07,30.042499542236328,30.5,30.75,30.0,30.25,9725800
2025-07-08,29.79625129699707,30.25,30.5,29.75,30.25,10984300
2025-07-09,30.042499542236328,30.5,30.75,30.0,30.25,10804700
2025-07-11,31.27375030517578,31.75,32.25,30.75,30.75,37173100
2025-07-14,32.997501373291016,33.5,33.5,31.5,31.5,58755200
2025-07-15,35.213748931884766,35.75,36.0,33.75,34.25,103970500
2025-07-16,35.70624923706055,36.25,37.25,35.75,36.0,86463200
2025-07-17,39.6462516784668,40.25,40.5,36.25,36.75,166751500
2025-07-18,38.415000915527344,39.0,40.25,38.25,40.0,63229000
2025-07-21,37.92250061035156,38.5,39.75,38.5,39.25,28813900
2025-07-22,36.9375,37.5,39.25,37.25,39.0,39090200
2025-07-23,38.16875076293945,38.75,39.25,37.75,38.0,33884200
2025-07-24,38.415000915527344,39.0,39.25,38.25,38.5,32444900
2025-07-25,41.369998931884766,42.0,42.25,38.75,39.0,111372700
2025-07-29,41.369998931884766,42.0,42.25,41.0,42.0,48770700
2025-07-30,41.616249084472656,42.25,42.75,41.5,42.0,28135700
2025-07-31,40.38500213623047,41.0,42.25,40.5,42.0,39327900
2025-08-01,38.907501220703125,39.5,41.5,39.25,41.25,36539400
2025-08-04,39.153751373291016,39.75,40.0,39.0,39.5,28727800
2025-08-05,38.907501220703125,39.5,40.25,39.25,39.75,33204700
2025-08-06,39.400001525878906,40.0,41.25,40.0,41.25,29916100
2025-08-07,39.89250183105469,40.5,41.0,39.75,40.0,28832200
2025-08-08,39.153751373291016,39.75,40.5,39.5,40.25,14492300
2025-08-13,39.400001525878906,40.0,40.75,39.5,40.0,24391800
2025-08-14,37.92250061035156,38.5,40.0,38.25,39.75,50716600
2025-08-15,38.415000915527344,39.0,39.5,38.5,38.5,16936400
2025-08-18,37.18375015258789,37.75,39.0,37.5,38.75,28512300
2025-08-19,37.43000030517578,38.0,38.75,37.75,37.75,14033800
2025-08-20,37.43000030517578,38.0,38.25,37.0,37.75,21213800
2025-08-21,37.18375015258789,37.75,38.25,37.25,38.25,20286500
2025-08-22,36.9375,37.5,38.0,37.5,37.75,8121500
2025-08-25,37.43000030517578,38.0,38.75,37.5,38.0,16364500
2025-08-26,36.44499969482422,37.0,38.0,37.0,37.5,50882500
2025-08-27,36.19874954223633,36.75,37.5,36.5,37.0,22223900
2025-08-28,36.19874954223633,36.75,37.25,36.5,36.75,19351700
2025-08-29,35.459999084472656,36.0,36.75,35.75,36.5,26174800
2025-09-01,35.70624923706055,36.25,36.5,35.0,35.5,24439000
2025-09-02,35.70624923706055,36.25,36.5,36.0,36.25,7168000
2025-09-03,36.19874954223633,36.75,37.0,35.75,36.0,18635700
2025-09-04,36.69124984741211,37.25,38.75,37.0,37.0,34440300
2025-09-05,37.92250061035156,38.5,38.75,37.0,37.5,30077700
2025-09-08,37.18375015258789,37.75,39.0,37.75,38.75,28026500
2025-09-09,37.92250061035156,38.5,38.75,37.75,38.0,18836400
2025-09-10,37.43000030517578,38.0,38.5,37.5,38.5,20167400
2025-09-11,37.18375015258789,37.75,38.0,37.0,38.0,24898100
2025-09-12,37.92250061035156,38.5,39.0,38.0,38.25,21981700
2025-09-15,37.92250061035156,38.5,38.75,37.75,38.5,14449200
2025-09-16,39.400001525878906,40.0,40.0,38.5,38.75,42178600
2025-09-17,38.907501220703125,39.5,40.25,39.25,39.75,31891100
2025-09-18,39.153751373291016,39.75,40.0,39.0,39.75,22677200
2025-09-19,38.415000915527344,39.0,40.0,38.75,40.0,29052500
2025-09-22,38.16875076293945,38.75,39.5,38.5,39.0,16124600
2025-09-23,38.415000915527344,39.0,39.75,38.75,39.0,21395900
2025-09-24,39.153751373291016,39.75,40.0,39.0,39.0,17324900
2025-09-25,39.400001525878906,40.0,40.0,39.25,39.75,18377600
2025-09-26,38.661251068115234,39.25,39.75,39.0,39.75,14118600
2025-09-29,39.153751373291016,39.75,40.0,39.25,39.75,14662600
2025-09-30,39.89250183105469,40.5,40.75,39.75,40.0,37277400
2025-10-01,41.123748779296875,41.75,41.75,40.25,40.5,45817300
2025-10-02,41.123748779296875,41.75,42.0,41.25,41.75,11565200
2025-10-03,42.84749984741211,43.5,44.0,41.75,42.0,64089500
2025-10-06,40.87750244140625,41.5,43.5,41.0,43.5,58610900
2025-10-07,40.87750244140625,41.5,41.5,41.5,41.5,0
2025-10-08,41.616249084472656,42.25,42.75,42.0,42.5,13168800
2025-10-09,42.35499954223633,43.0,43.0,41.75,42.0,23732100
2025-10-10,40.38500213623047,41.0,43.25,40.75,43.25,32693600
2025-10-14,39.153751373291016,39.75,41.0,39.25,41.0,33248700
2025-10-15,40.13875198364258,40.75,41.0,39.75,40.75,19525100
2025-10-16,39.6462516784668,40.25,41.5,40.0,41.0,22625700
2025-10-17,39.6462516784668,40.25,41.5,39.75,40.0,38935800
2025-10-20,39.6462516784668,40.25,41.5,40.0,40.75,20755000
2025-10-21,39.153751373291016,39.75,40.5,39.5,40.25,16695000
2025-10-22,38.907501220703125,39.5,40.5,39.0,39.75,37579400
2025-10-24,39.153751373291016,39.75,40.25,39.5,39.75,23424900
2025-10-27,38.661251068115234,39.25,40.0,39.25,40.0,20048700
2025-10-28,39.153751373291016,39.75,40.0,39.5,39.5,18600800
2025-10-29,41.123748779296875,41.75,41.75,40.0,40.0,46075600
2025-10-30,40.63125228881836,41.25,41.75,40.75,41.5,35262000
2025-10-31,40.63125228881836,41.25,42.0,40.75,41.25,17946000
2025-11-03,40.38500213623047,41.0,41.5,40.75,41.5,13227600
2025-11-04,39.400001525878906,40.0,41.0,39.5,40.75,24835700
2025-11-05,39.400001525878906,40.0,40.25,39.25,39.5,16353300
2025-11-06,39.6462516784668,40.25,40.25,39.5,40.0,14557300
2025-11-07,40.38500213623047,41.0,41.25,39.5,40.0,28952200
2025-11-10,41.123748779296875,41.75,42.0,40.75,41.25,24210500
2025-11-11,41.86249923706055,42.5,42.75,41.75,42.0,28864700
2025-11-12,41.123748779296875,41.75,42.75,41.75,42.75,14301800
2025-11-13,40.87750244140625,41.5,42.0,41.25,42.0,7970100
2025-11-14,40.38500213623047,41.0,41.5,41.0,41.25,6301000
2025-11-17,40.63125228881836,41.25,41.5,41.0,41.25,10103900
2025-11-18,40.38500213623047,41.0,41.25,40.5,41.0,14740900
2025-11-19,39.400001525878906,40.0,41.0,39.75,41.0,17715700
2025-11-20,41.616249084472656,42.25,42.5,40.0,40.25,41987600
2025-11-21,40.38500213623047,41.0,42.25,40.75,41.75,23293000
2025-11-24,40.63125228881836,41.25,41.75,40.75,41.25,29280100
2025-11-25,43.09375,43.75,44.0,41.75,41.75,84003400
2025-11-26,43.09375,43.75,45.0,43.5,43.75,31884700
2025-11-27,43.09375,43.75,44.25,43.25,44.0,17849500
2025-11-28,42.84749984741211,43.5,44.25,43.0,44.0,24333100
2025-12-01,43.83250045776367,44.5,44.5,43.5,43.5,31066300
2025-12-02,44.571250915527344,45.25,45.25,44.25,44.75,18787700
2025-12-03,46.78750228881836,47.5,48.75,45.25,45.25,86409800
2025-12-04,52.20500183105469,53.0,53.0,50.75,51.25,122946400
2025-12-08,52.20500183105469,53.0,55.75,52.75,53.5,76437500
2025-12-09,53.19000244140625,54.0,54.5,53.0,53.5,45830700
2025-12-11,52.5,52.5,54.0,52.0,53.5,37857500
2025-12-12,50.0,50.0,52.0,50.0,52.0,67339200
2025-12-15,53.5,53.5,53.5,50.5,50.5,45832500
2025-12-16,54.5,54.5,54.5,53.25,53.5,35763000
2025-12-17,53.75,53.75,54.75,53.5,54.5,25047800
2025-12-18,55.0,55.0,55.0,53.75,54.0,24350700
2025-12-19,54.25,54.25,55.0,53.5,55.0,28223900
2025-12-22,53.5,53.5,54.5,53.0,54.5,30969400
2025-12-23,55.0,55.0,55.0,54.25,55.0,17223500
2025-12-24,54.25,54.25,54.75,53.5,54.75,20220100
2025-12-25,54.25,54.25,54.25,53.75,54.0,6480000
2025-12-26,53.75,53.75,54.25,53.5,54.25,8834900
2025-12-29,53.5,53.5,54.0,53.0,53.75,15615100
2025-12-30,53.0,53.0,53.5,53.0,53.0,15000900
2026-01-05,54.5,54.5,55.0,53.0,53.5,32172700
2026-01-06,51.5,51.5,53.75,51.0,53.5,60655100
2026-01-07,51.25,51.25,51.75,50.75,51.5,27778000
2026-01-08,51.5,51.5,52.0,50.75,50.75,24964900
2026-01-09,51.75,51.75,52.5,51.25,51.25,19175000
2026-01-12,51.0,51.0,52.0,50.75,51.75,14705800
2026-01-13,50.75,50.75,51.5,50.5,51.25,13863900
2026-01-14,51.0,51.0,51.75,50.0,50.75,20573600
2026-01-15,51.25,51.25,51.5,50.5,51.0,20192000
2026-01-16,52.25,52.25,52.25,50.75,51.5,33450200
2026-01-19,51.75,51.75,52.25,51.25,52.0,18198600
2026-01-20,53.0,53.0,53.25,51.75,52.0,26856400
2026-01-21,53.0,53.0,53.5,52.75,53.25,25778300
2026-01-22,52.0,52.0,53.0,52.0,53.0,30643900
2026-01-23,51.75,51.75,52.75,51.5,52.0,20085400
2026-01-26,51.25,51.25,51.75,50.25,51.75,22864200
2026-01-27,51.25,51.25,51.75,50.75,50.75,31535500
2026-01-28,52.25,52.25,52.5,51.25,51.5,20450400
2026-01-29,51.75,51.75,52.25,51.5,52.25,17879900
2026-01-30,50.25,50.25,51.75,50.0,51.5,37775600
2026-02-02,51.0,51.0,51.0,49.75,50.0,26456100
2026-02-03,51.75,51.75,53.0,51.0,51.25,44307600
2026-02-04,52.25,52.25,52.25,51.25,51.5,15188900
2026-02-05,51.75,51.75,52.5,51.25,52.25,19810400
2026-02-06,53.0,53.0,53.25,51.75,52.0,33160600
2026-02-09,58.25,58.25,59.0,56.5,56.75,143953600
2026-02-10,57.5,57.5,58.25,56.25,58.0,62897500
2026-02-11,56.5,56.5,57.5,56.25,57.25,22492000
2026-02-12,57.0,57.0,57.25,56.0,56.0,37908700
2026-02-13,57.5,57.5,57.75,56.25,56.75,52878200
2026-02-16,56.25,56.25,58.25,56.25,58.0,52599200
2026-02-17,56.25,56.25,57.0,56.0,56.25,40123600
2026-02-18,56.75,56.75,56.75,56.0,56.5,23933800
2026-02-19,56.25,56.25,57.0,56.25,56.75,38812400
2026-02-20,56.5,56.5,56.5,56.0,56.25,18682500
2026-02-23,53.5,53.5,57.25,52.75,56.5,90680700
2026-02-24,52.25,52.25,53.25,51.0,53.25,105325000
2026-02-25,53.25,53.25,53.5,51.75,52.75,66151600
2026-02-26,54.5,54.5,54.5,52.75,53.0,43456200
2026-02-27,54.5,54.5,55.5,53.75,54.25,56838100
2026-03-02,51.5,51.5,52.75,51.25,51.25,55423300
2026-03-04,48.5,48.5,50.25,45.0,50.0,130389300
2026-03-05,51.0,51.0,51.0,49.5,50.5,76181200
2026-03-06,50.5,50.5,51.0,49.5,50.0,39000500
2026-03-09,49.5,49.5,49.5,46.5,46.75,46869100
2026-03-10,49.75,49.75,51.0,49.5,51.0,26285800
2026-03-11,51.0,51.0,52.5,50.0,50.0,57330900
2026-03-12,50.5,50.5,50.75,49.5,50.25,38813700
2026-03-13,49.0,49.0,50.0,48.75,49.75,42049400
2026-03-16,48.25,48.25,49.0,48.0,49.0,38807400
2026-03-17,49.5,49.5,50.25,48.75,48.75,36985800
2026-03-18,49.5,49.5,50.25,49.5,50.0,22546000
2026-03-19,48.0,48.0,49.25,48.0,48.75,31998800
2026-03-20,48.75,48.75,49.0,48.0,49.0,26583600
2026-03-23,47.75,47.75,48.0,47.25,47.5,41734600
2026-03-24,48.75,48.75,49.5,48.25,48.5,36693000
2026-03-25,51.0,51.0,51.25,50.0,50.25,45510200
2026-03-26,50.75,50.75,50.75,49.5,50.0,28161700
2026-03-27,52.25,52.25,52.5,50.75,51.25,52932000
2026-03-30,51.5,51.5,52.0,51.0,51.0,27585100
2026-03-31,52.0,52.0,52.0,50.75,51.75,34980000
2026-04-01,53.75,53.75,54.25,53.25,53.5,40174300
2026-04-02,53.5,53.5,53.75,52.75,53.0,20492200
2026-04-03,53.0,53.0,54.0,52.75,53.5,19956000
2026-04-07,52.75,52.75,53.0,51.75,52.5,26604000
2026-04-08,54.5,54.5,54.75,54.0,54.5,36286400
2026-04-09,54.75,54.75,54.75,53.75,54.25,25959100
2026-04-10,54.0,54.0,55.0,53.75,55.0,10328900
2026-04-16,55.25,55.25,55.75,54.5,54.5,46225100
2026-04-17,54.75,54.75,55.25,54.0,55.0,21118800
2026-04-20,54.5,54.5,55.25,54.25,54.75,12453800
2026-04-21,54.75,54.75,55.0,54.5,55.0,8952100
2026-04-22,54.75,54.75,55.5,54.25,54.25,12785000
2026-04-23,55.25,55.25,55.25,54.25,54.5,29589400
2026-04-24,54.5,54.5,54.75,53.75,54.75,31794600
2026-04-27,54.0,54.0,54.75,53.75,54.5,15852400
2026-04-28,52.5,52.5,53.75,52.25,53.5,34695400
2026-04-29,51.0,51.0,51.75,50.5,51.5,56158900
2026-04-30,51.25,51.25,51.25,50.5,50.5,18816900
2026-05-01,51.25,51.25,51.25,51.25,51.25,0
2026-05-04,51.25,51.25,51.25,51.25,51.25,0
2026-05-05,51.25,51.25,51.25,50.5,51.0,16932100
2026-05-06,53.25,53.25,53.25,51.0,51.25,48326900
2026-05-07,52.75,52.75,53.5,52.5,53.5,28922500
2026-05-08,51.25,51.25,52.25,51.25,52.0,23344200
2026-05-11,50.75,50.75,51.5,50.25,51.25,34672000
2026-05-12,51.75,51.75,52.0,50.75,50.75,21091400
2026-05-13,51.75,51.75,52.5,51.25,52.0,25151800
2026-05-14,53.25,53.25,53.5,52.25,52.5,50609800
2026-05-15,53.0,53.0,53.25,52.5,53.25,13337800
2026-05-18,52.5,52.5,52.75,52.0,52.75,14046700
2026-05-19,52.75,52.75,53.25,52.0,52.25,18833700
2026-05-20,52.5,52.5,53.0,52.25,52.25,21469000
2026-05-21,52.75,52.75,53.5,52.5,53.25,28394500
2026-05-22,52.75,52.75,53.0,52.25,53.0,15520000
2026-05-25,54.25,54.25,54.25,53.25,53.25,28403300
2026-05-26,54.0,54.0,55.0,54.0,54.0,24118100
2026-05-27,54.5,54.5,55.0,54.25,54.25,20363100
2026-05-28,55.0,55.0,55.5,54.25,54.75,52183200
2026-05-29,55.25,55.25,55.5,54.75,55.25,48985600
2026-06-01,55.25,55.25,55.25,55.25,55.25,0
2026-06-02,56.25,56.25,56.5,54.5,55.25,55720500
2026-06-03,56.25,56.25,56.25,56.25,56.25,0
2026-06-04,58.5,58.5,59.0,55.75,56.25,107606000
2026-06-05,58.0,58.0,58.5,57.5,58.5,24387700
2026-06-08,57.25,57.25,58.25,57.0,57.25,26267400
2026-06-09,56.5,56.5,57.75,56.25,57.75,22349600
2026-06-10,56.5,56.5,57.0,56.0,56.25,17711300
2026-06-11,55.75,55.75,57.0,55.75,56.25,27139600
2026-06-12,58.0,58.0,58.25,56.5,56.5,39920800
2026-06-15,59.0,59.0,60.0,58.75,59.5,33365500
2026-06-16,60.0,60.0,60.0,58.5,59.25,21851900
2026-06-17,59.75,59.75,60.5,59.0,59.75,32399200
2026-06-18,59.5,59.5,60.25,59.0,59.75,18867400
2026-06-19,59.75,59.75,60.25,59.5,59.5,24758200
2026-06-22,59.5,59.5,60.25,59.25,59.75,12609800
2026-06-23,58.0,58.0,59.5,57.75,59.5,40843800
2026-06-24,60.75,60.75,61.0,58.25,58.5,66909900
2026-06-25,61.5,61.5,62.5,60.75,61.25,49734500
2026-06-26,62.25,62.25,62.5,61.0,61.0,45057600
2026-06-29,63.25,63.25,63.75,62.5,62.75,41842900
2026-06-30,64.25,64.25,64.25,62.75,62.75,49059300
2026-07-01,64.75,64.75,64.75,63.5,64.5,42640100
2026-07-02,64.0,64.0,65.0,63.5,64.75,41334400
2026-07-03,64.25,64.25,65.0,64.0,64.0,28086000
2026-07-06,64.25,64.25,64.5,63.75,64.25,15675200
2026-07-07,64.25,64.25,64.5,63.5,64.0,23677200
2026-07-08,62.5,62.5,64.75,62.25,64.0,44815600
2026-07-09,63.0,63.0,63.5,62.75,62.75,23016300
2026-07-10,63.5,63.5,63.5,63.0,63.0,21404700
2026-07-13,64.0,64.0,64.0,62.75,63.25,18635500
2026-07-14,63.0,63.0,63.75,62.5,62.75,23514300
2026-07-15,63.5,63.5,64.25,63.25,63.5,25537300
2026-07-16,64.25,64.25,64.5,63.75,64.0,25598200
2026-07-17,64.0,64.0,64.25,63.5,63.75,28920300
2026-07-20,64.0,64.0,64.0,63.25,64.0,36203800
2026-07-21,64.0,64.0,64.75,63.5,64.0,20911100
2026-07-22,63.5,63.5,63.75,63.0,63.5,22812100
2026-07-23,61.25,61.25,63.0,60.75,62.75,44505400
2026-07-24,63.5,63.5,63.75,60.5,60.5,52173300
2026-07-27,64.0,64.0,65.0,63.5,63.75,49007500
2026-07-28,64.0,64.0,64.0,64.0,64.0,0
2026-07-29,64.0,64.0,64.0,64.0,64.0,0
2026-07-30,63.5,63.5,64.5,63.0,63.0,37890900
2026-07-31,63.75,63.75,64.0,63.25,63.5,20820500
2026-08-03,64.0,64.0,64.75,63.5,64.0,20839500
2026-08-04,64.0,64.0,64.25,63.75,64.0,11549200
2026-08-05,63.0,63.0,64.5,63.0,64.25,23671500
2026-08-06,63.25,63.25,64.0,63.25,63.5,13961600
2026-08-07,63.0,63.0,63.5,62.75,63.25,10886700
2026-08-10,63.25,63.25,63.5,63.0,63.25,9549500
2026-08-11,63.0,63.0,63.25,62.5,63.0,16382100
2026-08-12,63.0,63.0,63.0,63.0,63.0,0
2026-08-13,63.5,63.5,64.25,62.75,63.0,24004600
2026-08-14,65.0,65.0,65.0,63.75,64.25,58928200
2026-08-17,66.0,66.0,66.25,64.75,65.0,49774300
2026-08-18,66.5,66.5,67.25,65.75,66.25,57070800
2026-08-19,66.25,66.25,67.0,65.5,66.0,40106400
2026-08-20,66.75,66.75,67.0,66.0,66.25,24651500
2026-08-21,67.0,67.0,67.0,65.75,66.25,32976300
2026-08-24,66.0,66.0,66.75,65.75,66.5,22520900
2026-08-25,66.25,66.25,66.75,66.0,66.5,15809600
2026-08-26,66.25,66.25,66.75,66.25,66.25,12348200
2026-08-27,65.0,65.0,66.5,65.0,66.25,18353000
