Date,Adj Close,Close,High,Low,Open,Volume
2016-10-28,18.243024826049805,27.25,27.25,24.700000762939453,24.899999618530273,388183300
2016-10-31,18.912494659423828,28.25,28.75,26.75,27.5,134347200
2016-11-01,18.745128631591797,28.0,28.75,27.75,28.25,81274200
2016-11-02,19.07986068725586,28.5,29.0,28.0,28.25,86056600
2016-11-03,18.745128631591797,28.0,29.25,27.75,29.0,104735600
2016-11-04,18.577760696411133,27.75,28.25,27.25,28.0,71164000
2016-11-07,18.745128631591797,28.0,28.5,28.0,28.0,31950600
2016-11-08,17.908287048339844,26.75,28.25,26.5,28.25,53920500
2016-11-09,18.745128631591797,28.0,28.25,26.25,26.5,66479700
2016-11-10,18.410390853881836,27.5,28.25,27.25,28.0,26467500
2016-11-11,18.410390853881836,27.5,28.25,27.0,27.0,46983200
2016-11-14,17.573558807373047,26.25,27.0,26.0,27.0,46235700
2016-11-15,17.071453094482422,25.5,26.75,25.0,26.75,50659600
2016-11-16,16.736717224121094,25.0,26.0,25.0,26.0,31264400
2016-11-17,16.201147079467773,24.200000762939453,25.25,24.200000762939453,25.0,61971600
2016-11-18,17.238821029663086,25.75,25.75,24.0,24.0,68721700
2016-11-21,16.736717224121094,25.0,25.75,25.0,25.75,11381400
2016-11-22,17.071453094482422,25.5,25.75,25.25,25.5,8737400
2016-11-23,17.238821029663086,25.75,26.5,25.75,26.0,24157600
2016-11-24,16.904085159301758,25.25,25.75,25.0,25.75,6907300
2016-11-25,17.071453094482422,25.5,25.75,25.25,25.25,6332900
2016-11-28,17.071453094482422,25.5,25.75,25.0,25.5,5197000
2016-11-29,16.669769287109375,24.899999618530273,25.75,24.899999618530273,25.75,8690700
2016-11-30,16.904085159301758,25.25,25.25,24.799999237060547,24.899999618530273,8379700
2016-12-01,16.602825164794922,24.799999237060547,25.5,24.799999237060547,25.5,9262200
2016-12-02,16.335037231445312,24.399999618530273,25.0,24.299999237060547,25.0,10012400
2016-12-06,16.40198516845703,24.5,24.600000381469727,24.100000381469727,24.5,8430100
2016-12-07,16.268091201782227,24.299999237060547,24.799999237060547,24.299999237060547,24.600000381469727,7348000
2016-12-08,16.268091201782227,24.299999237060547,24.799999237060547,24.299999237060547,24.399999618530273,7627100
2016-12-09,16.268091201782227,24.299999237060547,24.5,24.200000762939453,24.5,5318300
2016-12-13,16.602825164794922,24.799999237060547,25.25,24.299999237060547,24.399999618530273,24757100
2016-12-14,16.535877227783203,24.700000762939453,24.899999618530273,24.600000381469727,24.899999618530273,11232000
2016-12-15,16.40198516845703,24.5,25.25,24.5,24.600000381469727,11449800
2016-12-16,16.669769287109375,24.899999618530273,24.899999618530273,24.5,24.700000762939453,4527100
2016-12-19,16.602825164794922,24.799999237060547,25.0,24.799999237060547,24.899999618530273,3515300
2016-12-20,16.40198516845703,24.5,24.899999618530273,24.399999618530273,24.799999237060547,6248600
2016-12-21,16.268091201782227,24.299999237060547,24.700000762939453,24.299999237060547,24.5,3581500
2016-12-22,16.134199142456055,24.100000381469727,24.399999618530273,24.100000381469727,24.299999237060547,4573800
2016-12-23,16.335037231445312,24.399999618530273,24.399999618530273,24.100000381469727,24.200000762939453,7136100
2016-12-26,16.268091201782227,24.299999237060547,24.399999618530273,24.200000762939453,24.399999618530273,3884500
2016-12-27,16.268091201782227,24.299999237060547,24.600000381469727,24.200000762939453,24.200000762939453,7828200
2016-12-28,16.468935012817383,24.600000381469727,24.899999618530273,24.299999237060547,24.399999618530273,15050600
2016-12-29,16.468935012817383,24.600000381469727,24.799999237060547,24.5,24.600000381469727,5902800
2016-12-30,16.335037231445312,24.399999618530273,24.700000762939453,24.200000762939453,24.600000381469727,9138600
2017-01-04,16.904085159301758,25.25,25.25,24.399999618530273,24.5,26885200
2017-01-05,16.669769287109375,24.899999618530273,25.25,24.799999237060547,25.25,11503800
2017-01-06,16.736717224121094,25.0,25.25,24.899999618530273,24.899999618530273,9450600
2017-01-09,16.468935012817383,24.600000381469727,25.25,24.5,25.25,9087600
2017-01-10,16.669769287109375,24.899999618530273,25.0,24.600000381469727,24.700000762939453,13239500
2017-01-11,16.468935012817383,24.600000381469727,25.0,24.600000381469727,24.799999237060547,7009100
2017-01-12,16.468935012817383,24.600000381469727,24.799999237060547,24.600000381469727,24.799999237060547,2518800
2017-01-16,16.40198516845703,24.5,24.700000762939453,24.399999618530273,24.700000762939453,4973800
2017-01-17,16.335037231445312,24.399999618530273,24.600000381469727,24.299999237060547,24.5,5211700
2017-01-18,16.268091201782227,24.299999237060547,24.600000381469727,24.299999237060547,24.5,2646700
2017-01-19,16.335037231445312,24.399999618530273,24.600000381469727,24.299999237060547,24.299999237060547,6672000
2017-01-20,16.468935012817383,24.600000381469727,24.700000762939453,24.399999618530273,24.399999618530273,3039100
2017-01-23,16.736717224121094,25.0,25.25,24.600000381469727,24.700000762939453,18866300
2017-01-24,16.736717224121094,25.0,25.5,25.0,25.0,12560500
2017-01-25,16.736717224121094,25.0,25.25,24.899999618530273,25.0,8904300
2017-01-26,16.468935012817383,24.600000381469727,25.0,24.600000381469727,25.0,6204600
2017-01-27,16.602825164794922,24.799999237060547,24.799999237060547,24.600000381469727,24.600000381469727,2071200
2017-01-30,16.468935012817383,24.600000381469727,24.899999618530273,24.600000381469727,24.899999618530273,2253500
2017-01-31,16.602825164794922,24.799999237060547,25.25,24.600000381469727,24.600000381469727,9260500
2017-02-01,16.602825164794922,24.799999237060547,24.899999618530273,24.600000381469727,24.799999237060547,4939400
2017-02-02,16.468935012817383,24.600000381469727,24.899999618530273,24.600000381469727,24.799999237060547,3884600
2017-02-03,16.40198516845703,24.5,24.700000762939453,24.299999237060547,24.700000762939453,5776200
2017-02-06,16.468935012817383,24.600000381469727,24.600000381469727,24.200000762939453,24.5,11906500
2017-02-07,16.335037231445312,24.399999618530273,24.600000381469727,24.299999237060547,24.600000381469727,4581000
2017-02-08,16.40198516845703,24.5,24.5,24.399999618530273,24.5,2076000
2017-02-09,16.669769287109375,24.899999618530273,25.0,24.5,24.600000381469727,12651200
2017-02-10,16.40198516845703,24.5,25.0,24.5,24.899999618530273,5920100
2017-02-14,16.468935012817383,24.600000381469727,24.700000762939453,24.5,24.600000381469727,3122900
2017-02-15,16.468935012817383,24.600000381469727,24.799999237060547,24.5,24.600000381469727,2567100
2017-02-16,17.406187057495117,26.0,26.0,24.700000762939453,24.799999237060547,50982600
2017-02-17,17.573558807373047,26.25,26.25,25.75,26.0,17724800
2017-02-20,17.238821029663086,25.75,26.25,25.5,26.0,8871800
2017-02-21,16.904085159301758,25.25,25.75,25.0,25.75,11977000
2017-02-22,17.071453094482422,25.5,25.75,25.0,25.25,8228500
2017-02-23,17.406187057495117,26.0,26.0,25.25,25.5,4739600
2017-02-24,16.736717224121094,25.0,25.75,25.0,25.5,8243900
2017-02-27,16.736717224121094,25.0,25.25,24.799999237060547,25.0,7860500
2017-02-28,16.468935012817383,24.600000381469727,25.0,24.600000381469727,25.0,7431100
2017-03-01,16.736717224121094,25.0,25.0,24.700000762939453,24.700000762939453,10352500
2017-03-02,16.904085159301758,25.25,25.5,25.0,25.0,4844300
2017-03-03,16.904085159301758,25.25,25.25,24.899999618530273,25.0,4841400
2017-03-06,16.669769287109375,24.899999618530273,25.25,24.799999237060547,25.0,4242900
2017-03-07,16.669769287109375,24.899999618530273,25.0,24.700000762939453,24.899999618530273,2080100
2017-03-08,16.602825164794922,24.799999237060547,24.899999618530273,24.5,24.799999237060547,5075700
2017-03-09,16.335037231445312,24.399999618530273,24.700000762939453,24.399999618530273,24.700000762939453,6251500
2017-03-10,16.335037231445312,24.399999618530273,24.700000762939453,24.399999618530273,24.399999618530273,4236600
2017-03-13,16.535877227783203,24.700000762939453,24.799999237060547,24.399999618530273,24.399999618530273,3650800
2017-03-14,16.535877227783203,24.700000762939453,24.899999618530273,24.5,24.600000381469727,4321100
2017-03-15,16.602825164794922,24.799999237060547,24.899999618530273,24.600000381469727,24.700000762939453,3944700
2017-03-16,16.602825164794922,24.799999237060547,25.25,24.600000381469727,24.799999237060547,8486400
2017-03-17,16.602825164794922,24.799999237060547,24.799999237060547,24.600000381469727,24.799999237060547,2728000
2017-03-20,16.602825164794922,24.799999237060547,24.899999618530273,24.700000762939453,24.799999237060547,1364200
2017-03-21,16.736717224121094,25.0,25.25,24.700000762939453,24.899999618530273,6120700
2017-03-22,16.669769287109375,24.899999618530273,25.0,24.799999237060547,24.799999237060547,2991700
2017-03-23,16.669769287109375,24.899999618530273,25.0,24.799999237060547,24.899999618530273,2946100
2017-03-24,16.669769287109375,24.899999618530273,25.25,24.799999237060547,24.899999618530273,3121800
2017-03-27,16.736717224121094,25.0,25.25,24.799999237060547,25.0,2638200
2017-03-28,16.904085159301758,25.25,25.25,24.899999618530273,25.0,2558000
2017-03-29,16.736717224121094,25.0,25.25,24.899999618530273,25.25,3615400
2017-03-30,16.736717224121094,25.0,25.25,24.899999618530273,25.25,5931700
2017-03-31,16.736717224121094,25.0,25.25,25.0,25.0,2327500
2017-04-03,16.736717224121094,25.0,25.25,24.899999618530273,25.0,3916800
2017-04-04,16.736717224121094,25.0,25.5,25.0,25.0,10080500
2017-04-05,16.669769287109375,24.899999618530273,25.25,24.799999237060547,25.25,8955700
2017-04-07,16.635961532592773,24.600000381469727,24.799999237060547,24.600000381469727,24.700000762939453,3430200
2017-04-10,16.838834762573242,24.899999618530273,24.899999618530273,24.600000381469727,24.700000762939453,1876700
2017-04-11,16.90645980834961,25.0,25.5,24.700000762939453,24.799999237060547,7989900
2017-04-12,16.90645980834961,25.0,25.25,24.799999237060547,25.0,2840200
2017-04-17,16.771209716796875,24.799999237060547,25.0,24.700000762939453,24.899999618530273,3625900
2017-04-18,16.838834762573242,24.899999618530273,25.0,24.799999237060547,24.799999237060547,1350800
2017-04-19,16.838834762573242,24.899999618530273,25.0,24.799999237060547,24.799999237060547,1927900
2017-04-20,16.771209716796875,24.799999237060547,25.0,24.700000762939453,24.899999618530273,3455000
2017-04-21,16.771209716796875,24.799999237060547,24.899999618530273,24.700000762939453,24.799999237060547,1598400
2017-04-24,16.771209716796875,24.799999237060547,25.0,24.700000762939453,24.899999618530273,2530400
2017-04-25,16.50070571899414,24.399999618530273,24.899999618530273,24.200000762939453,24.799999237060547,7791500
2017-04-26,16.771209716796875,24.799999237060547,24.799999237060547,24.399999618530273,24.5,2833400
2017-04-27,16.771209716796875,24.799999237060547,24.899999618530273,24.700000762939453,24.799999237060547,1772700
2017-04-28,16.70358657836914,24.700000762939453,24.799999237060547,24.600000381469727,24.799999237060547,1795000
2017-05-02,16.635961532592773,24.600000381469727,24.700000762939453,24.600000381469727,24.700000762939453,2087200
2017-05-03,16.50070571899414,24.399999618530273,24.700000762939453,24.200000762939453,24.600000381469727,7854700
2017-05-04,16.568328857421875,24.5,24.700000762939453,24.399999618530273,24.399999618530273,4067000
2017-05-08,16.568328857421875,24.5,24.700000762939453,24.399999618530273,24.700000762939453,3226800
2017-05-09,16.50070571899414,24.399999618530273,24.600000381469727,24.399999618530273,24.600000381469727,2111100
2017-05-11,16.027332305908203,23.700000762939453,24.5,23.700000762939453,24.399999618530273,14171000
2017-05-12,16.027332305908203,23.700000762939453,23.899999618530273,23.5,23.700000762939453,5067900
2017-05-15,16.027332305908203,23.700000762939453,23.700000762939453,23.700000762939453,23.700000762939453,219700
2017-05-16,16.094953536987305,23.799999237060547,24.100000381469727,23.600000381469727,23.700000762939453,2904800
2017-05-17,16.027332305908203,23.700000762939453,23.899999618530273,23.600000381469727,23.899999618530273,1746600
2017-05-18,16.027332305908203,23.700000762939453,23.799999237060547,23.600000381469727,23.700000762939453,1003300
2017-05-19,16.027332305908203,23.700000762939453,24.0,23.600000381469727,23.700000762939453,2826200
2017-05-22,16.094953536987305,23.799999237060547,24.200000762939453,23.700000762939453,23.799999237060547,4091800
2017-05-23,16.433080673217773,24.299999237060547,24.299999237060547,23.799999237060547,23.899999618530273,7013200
2017-05-24,16.230205535888672,24.0,24.299999237060547,23.899999618530273,24.299999237060547,2668500
2017-05-25,16.36545753479004,24.200000762939453,24.399999618530273,23.899999618530273,24.0,3314900
2017-05-26,16.36545753479004,24.200000762939453,24.200000762939453,24.100000381469727,24.200000762939453,1311600
2017-05-29,16.36545753479004,24.200000762939453,24.600000381469727,24.100000381469727,24.299999237060547,4484900
2017-05-30,16.36545753479004,24.200000762939453,24.399999618530273,24.100000381469727,24.299999237060547,1226200
2017-05-31,16.36545753479004,24.200000762939453,24.299999237060547,23.899999618530273,24.200000762939453,5343100
2017-06-01,16.433080673217773,24.299999237060547,24.299999237060547,24.0,24.100000381469727,2422900
2017-06-02,17.075529098510742,25.25,25.25,24.5,24.5,21945900
2017-06-05,17.075529098510742,25.25,25.5,24.899999618530273,25.0,9501700
2017-06-06,17.244592666625977,25.5,25.5,25.0,25.25,5353000
2017-06-07,17.41365623474121,25.75,25.75,25.0,25.5,8119400
2017-06-08,17.582721710205078,26.0,26.0,25.5,25.75,6146900
2017-06-09,17.92085075378418,26.5,26.5,25.75,26.0,13429700
2017-06-12,17.92085075378418,26.5,26.75,26.0,26.25,8149800
2017-06-13,18.25898551940918,27.0,27.5,26.25,26.25,17680200
2017-06-14,18.42804527282715,27.25,27.25,26.5,27.0,7765600
2017-06-15,18.42804527282715,27.25,27.25,26.25,27.0,10365600
2017-06-16,17.92085075378418,26.5,27.5,26.5,26.75,15505600
2017-06-19,18.089914321899414,26.75,26.75,26.0,26.5,5261700
2017-06-20,18.25898551940918,27.0,27.0,26.5,26.75,4295100
2017-06-21,17.751787185668945,26.25,27.0,26.25,26.75,2849300
2017-06-22,18.25898551940918,27.0,27.25,26.5,26.5,7136300
2017-06-23,18.25898551940918,27.0,27.25,26.5,27.0,1804400
2017-06-26,18.42804527282715,27.25,27.25,26.75,27.0,7125000
2017-06-27,18.089914321899414,26.75,27.25,26.75,27.25,4370300
2017-06-28,18.42804527282715,27.25,27.25,26.5,26.75,4244100
2017-06-29,18.42804527282715,27.25,27.25,26.75,27.25,4243300
2017-06-30,17.92085075378418,26.5,27.25,26.0,27.0,8348700
2017-07-03,18.089914321899414,26.75,27.0,26.5,26.75,2551300
2017-07-04,17.751787185668945,26.25,27.0,26.25,26.75,1821100
2017-07-05,17.244592666625977,25.5,26.25,25.5,26.25,5207800
2017-07-06,17.244592666625977,25.5,25.75,25.0,25.5,3986100
2017-07-07,17.41365623474121,25.75,25.75,25.25,25.25,1779300
2017-07-11,17.244592666625977,25.5,25.75,25.5,25.75,1194300
2017-07-12,16.90645980834961,25.0,26.0,25.0,25.75,6467400
2017-07-13,17.075529098510742,25.25,25.25,25.0,25.0,3704300
2017-07-14,17.244592666625977,25.5,25.5,25.0,25.0,4455600
2017-07-17,17.075529098510742,25.25,25.75,25.25,25.5,1921600
2017-07-18,17.244592666625977,25.5,25.75,25.25,25.5,2221700
2017-07-19,17.41365623474121,25.75,26.0,25.25,25.75,5193200
2017-07-20,17.751787185668945,26.25,26.5,25.25,25.75,11383100
2017-07-21,17.92085075378418,26.5,26.75,26.0,26.25,4251900
2017-07-24,17.92085075378418,26.5,27.0,26.25,26.5,5053000
2017-07-25,18.25898551940918,27.0,27.25,26.25,26.5,5721400
2017-07-26,17.92085075378418,26.5,27.0,26.5,26.75,1543500
2017-07-27,18.089914321899414,26.75,26.75,26.5,26.5,2631200
2017-07-31,18.089914321899414,26.75,27.0,26.5,26.75,2151900
2017-08-01,18.089914321899414,26.75,27.0,26.5,26.5,1551900
2017-08-02,18.25898551940918,27.0,27.0,26.0,27.0,4901700
2017-08-03,17.92085075378418,26.5,26.75,26.5,26.75,1101000
2017-08-04,17.751787185668945,26.25,26.75,26.0,26.5,3848600
2017-08-07,17.751787185668945,26.25,26.25,26.0,26.25,1075100
2017-08-08,17.41365623474121,25.75,26.25,25.75,26.25,1742800
2017-08-09,17.582721710205078,26.0,26.25,25.75,25.75,766700
2017-08-10,17.92085075378418,26.5,26.5,25.75,26.0,4453500
2017-08-11,17.751787185668945,26.25,26.5,26.25,26.5,2989400
2017-08-15,17.751787185668945,26.25,26.25,25.5,26.25,3946900
2017-08-16,17.582721710205078,26.0,26.25,25.75,26.25,4715300
2017-08-17,17.41365623474121,25.75,26.0,25.75,26.0,1559100
2017-08-18,17.41365623474121,25.75,25.75,25.5,25.75,1430700
2017-08-21,17.582721710205078,26.0,26.0,25.5,25.75,2143500
2017-08-22,17.41365623474121,25.75,26.25,25.75,26.0,2368100
2017-08-23,17.582721710205078,26.0,26.0,25.5,25.75,1391100
2017-08-24,18.25898551940918,27.0,27.0,25.75,26.0,16815900
2017-08-25,18.089914321899414,26.75,27.0,26.5,27.0,4961900
2017-08-28,18.089914321899414,26.75,26.75,26.75,26.75,290100
2017-08-29,18.42804527282715,27.25,27.5,26.75,26.75,17063000
2017-08-30,18.25898551940918,27.0,27.5,26.75,27.25,4832100
2017-08-31,18.766172409057617,27.75,27.75,27.0,27.0,7581600
2017-09-01,18.766172409057617,27.75,28.25,27.75,27.75,10980000
2017-09-04,18.59710693359375,27.5,27.75,27.25,27.5,6125200
2017-09-05,18.766172409057617,27.75,27.75,27.25,27.75,3178500
2017-09-06,18.59710693359375,27.5,27.75,27.25,27.5,1131800
2017-09-07,18.59710693359375,27.5,27.75,27.25,27.5,4296200
2017-09-08,18.59710693359375,27.5,28.0,27.5,27.5,12981800
2017-09-11,18.25898551940918,27.0,27.75,26.5,27.75,6291300
2017-09-12,18.46413803100586,27.0,27.25,26.75,26.75,2032600
2017-09-13,18.122209548950195,26.5,27.25,26.25,27.25,5363400
2017-09-14,18.293176651000977,26.75,27.25,26.5,26.5,6382500
2017-09-15,18.293176651000977,26.75,27.25,26.5,27.0,3716300
2017-09-18,18.46413803100586,27.0,27.25,26.75,27.0,2802800
2017-09-19,18.293176651000977,26.75,27.25,26.25,27.25,5814500
2017-09-20,18.293176651000977,26.75,27.0,26.25,26.75,4654000
2017-09-21,17.780282974243164,26.0,26.75,26.0,26.75,9737100
2017-09-22,17.951248168945312,26.25,26.5,25.75,26.0,5638400
2017-09-25,18.293176651000977,26.75,27.25,26.25,26.5,9349100
2017-09-26,18.293176651000977,26.75,27.25,26.75,27.0,4552400
2017-09-27,17.951248168945312,26.25,27.0,26.25,27.0,3279900
2017-09-28,18.122209548950195,26.5,26.5,26.25,26.5,1768000
2017-09-29,18.122209548950195,26.5,26.5,26.25,26.5,2662600
2017-10-02,18.293176651000977,26.75,27.0,26.5,26.75,3013300
2017-10-03,18.46413803100586,27.0,27.0,26.5,26.75,3068100
2017-10-04,18.806068420410156,27.5,27.5,26.75,27.25,13289800
2017-10-05,18.806068420410156,27.5,27.75,27.25,27.5,7611800
2017-10-06,20.17378044128418,29.5,29.5,27.25,27.5,52094300
2017-10-09,20.344743728637695,29.75,30.5,29.25,29.5,30649000
2017-10-10,20.344743728637695,29.75,30.0,28.75,29.75,20443400
2017-10-11,20.344743728637695,29.75,31.0,29.25,30.0,22831300
2017-10-12,20.344743728637695,29.75,30.0,29.25,29.75,10417300
2017-10-16,20.515708923339844,30.0,30.0,30.0,30.0,1327100
2017-10-17,21.712461471557617,31.75,31.75,30.0,30.25,31403300
2017-10-18,21.028602600097656,30.75,31.5,30.5,31.5,20891200
2017-10-19,20.344743728637695,29.75,31.0,29.25,30.5,20049300
2017-10-20,19.831851959228516,29.0,30.0,28.5,29.75,29323500
2017-10-24,20.515708923339844,30.0,30.25,29.0,29.25,20073100
2017-10-25,20.344743728637695,29.75,30.5,29.5,30.25,10634800
2017-10-27,20.344743728637695,29.75,30.0,29.5,30.0,4443100
2017-10-30,21.199565887451172,31.0,31.25,29.75,30.0,26339800
2017-10-31,21.028602600097656,30.75,31.5,30.75,31.0,13381100
2017-11-01,20.515708923339844,30.0,31.5,30.0,30.75,13964400
2017-11-02,20.00281524658203,29.25,30.25,29.25,30.0,8944400
2017-11-03,19.831851959228516,29.0,29.75,28.5,29.25,17624600
2017-11-06,19.831851959228516,29.0,29.25,28.75,28.75,12392100
2017-11-07,19.660886764526367,28.75,29.5,28.75,29.0,16248100
2017-11-08,20.00281524658203,29.25,29.5,28.75,29.0,4681600
2017-11-09,19.489919662475586,28.5,29.5,28.5,29.5,6052300
2017-11-10,19.147993087768555,28.0,29.0,28.0,28.5,7570800
2017-11-13,18.977027893066406,27.75,28.25,27.25,28.0,7171000
2017-11-14,19.147993087768555,28.0,28.0,27.25,27.75,11305800
2017-11-15,18.46413803100586,27.0,28.0,27.0,28.0,9499700
2017-11-16,18.46413803100586,27.0,27.5,27.0,27.0,4999800
2017-11-17,18.63510513305664,27.25,27.75,27.25,27.25,3869300
2017-11-20,18.806068420410156,27.5,27.75,27.25,27.5,2522400
2017-11-21,18.63510513305664,27.25,27.25,27.25,27.25,4639400
2017-11-22,19.318958282470703,28.25,28.25,27.25,27.25,9006900
2017-11-23,18.806068420410156,27.5,28.25,27.5,28.0,5443000
2017-11-24,18.806068420410156,27.5,28.25,27.25,27.5,5275500
2017-11-27,18.63510513305664,27.25,27.75,27.0,27.25,5577900
2017-11-28,19.147993087768555,28.0,28.25,27.5,27.5,4279900
2017-11-29,18.46413803100586,27.0,28.25,27.0,28.0,4267800
2017-11-30,18.806068420410156,27.5,27.5,27.0,27.0,2420300
2017-12-01,18.806068420410156,27.5,27.75,27.25,27.75,1045200
2017-12-04,18.63510513305664,27.25,27.75,27.25,27.75,2305500
2017-12-06,17.780282974243164,26.0,27.25,26.0,27.0,9190200
2017-12-07,17.780282974243164,26.0,26.25,25.75,25.75,3768600
2017-12-08,17.780282974243164,26.0,26.25,25.5,26.25,11003300
2017-12-12,17.4383487701416,25.5,26.25,25.5,26.0,4445000
2017-12-13,17.780282974243164,26.0,26.0,25.5,25.5,2283900
2017-12-14,17.780282974243164,26.0,26.25,25.75,26.0,2964000
2017-12-15,17.609315872192383,25.75,26.25,25.5,25.75,5874700
2017-12-18,17.951248168945312,26.25,26.5,25.75,25.75,5634600
2017-12-19,17.780282974243164,26.0,26.25,25.5,26.25,26557800
2017-12-20,17.609315872192383,25.75,26.0,25.5,26.0,5319700
2017-12-21,17.609315872192383,25.75,26.0,25.5,25.75,4814900
2017-12-22,17.951248168945312,26.25,26.75,25.75,25.75,14716200
2017-12-25,18.122209548950195,26.5,26.75,26.25,26.25,8114800
2017-12-26,17.780282974243164,26.0,26.5,26.0,26.5,8028300
2017-12-27,17.609315872192383,25.75,26.5,25.75,26.0,11118600
2017-12-28,17.4383487701416,25.5,25.75,25.5,25.75,7952200
2017-12-29,17.4383487701416,25.5,26.0,25.5,25.5,4042300
2018-01-03,18.122209548950195,26.5,26.75,25.5,25.75,15185000
2018-01-04,18.806068420410156,27.5,27.75,26.5,26.75,19188400
2018-01-05,19.147993087768555,28.0,28.25,27.5,27.5,15527600
2018-01-08,18.46413803100586,27.0,28.25,27.0,28.0,8447300
2018-01-09,18.806068420410156,27.5,27.5,27.5,27.5,665100
2018-01-10,18.46413803100586,27.0,27.75,26.75,27.75,13345100
2018-01-11,18.46413803100586,27.0,27.25,26.5,27.0,9844100
2018-01-12,18.46413803100586,27.0,27.5,26.75,27.25,12154600
2018-01-15,18.293176651000977,26.75,27.25,26.75,27.25,12276200
2018-01-16,18.293176651000977,26.75,27.25,26.75,26.75,7814500
2018-01-17,18.122209548950195,26.5,26.75,26.25,26.75,8545700
2018-01-18,18.293176651000977,26.75,27.25,26.5,26.75,14125200
2018-01-19,17.951248168945312,26.25,26.75,26.0,26.5,11003500
2018-01-22,17.951248168945312,26.25,26.25,25.75,26.0,4548800
2018-01-23,17.951248168945312,26.25,26.75,26.25,26.25,4446300
2018-01-24,18.293176651000977,26.75,26.75,26.25,26.25,2464600
2018-01-25,17.951248168945312,26.25,26.75,26.25,26.75,2246400
2018-01-26,18.122209548950195,26.5,26.5,26.0,26.0,2915500
2018-01-29,18.122209548950195,26.5,26.5,26.25,26.5,1542300
2018-01-30,17.951248168945312,26.25,26.75,26.25,26.5,1299900
2018-01-31,18.122209548950195,26.5,26.75,26.0,26.25,3624000
2018-02-01,17.951248168945312,26.25,26.5,26.0,26.5,1951200
2018-02-02,17.780282974243164,26.0,26.25,26.0,26.25,1983200
2018-02-05,17.4383487701416,25.5,26.0,25.5,25.75,2716400
2018-02-06,17.26738929748535,25.25,25.5,25.0,25.25,6458800
2018-02-07,16.82288360595703,24.600000381469727,25.5,24.399999618530273,25.5,4812300
2018-02-08,17.028038024902344,24.899999618530273,24.899999618530273,24.399999618530273,24.399999618530273,3212800
2018-02-09,16.82288360595703,24.600000381469727,24.799999237060547,24.399999618530273,24.600000381469727,3987400
2018-02-12,17.096424102783203,25.0,25.5,24.600000381469727,24.700000762939453,8594600
2018-02-13,16.95965003967285,24.799999237060547,25.0,24.700000762939453,25.0,3691100
2018-02-14,16.95965003967285,24.799999237060547,24.899999618530273,24.700000762939453,24.700000762939453,1597100
2018-02-15,17.26738929748535,25.25,25.25,24.700000762939453,24.700000762939453,2483400
2018-02-16,17.028038024902344,24.899999618530273,25.0,24.799999237060547,25.0,2582200
2018-02-19,16.95965003967285,24.799999237060547,25.0,24.700000762939453,24.899999618530273,1680200
2018-02-20,16.891267776489258,24.700000762939453,24.899999618530273,24.600000381469727,24.899999618530273,2420200
2018-02-21,16.95965003967285,24.799999237060547,24.799999237060547,24.600000381469727,24.600000381469727,1955700
2018-02-22,16.61772346496582,24.299999237060547,24.799999237060547,24.299999237060547,24.600000381469727,2990400
2018-02-23,16.95965003967285,24.799999237060547,24.799999237060547,24.299999237060547,24.299999237060547,1465200
2018-02-26,17.609315872192383,25.75,25.75,24.799999237060547,24.899999618530273,10285600
2018-02-27,17.609315872192383,25.75,26.0,25.5,26.0,3668500
2018-02-28,17.609315872192383,25.75,26.0,25.5,25.75,2159800
2018-03-02,17.26738929748535,25.25,26.0,25.25,25.75,1669700
2018-03-05,17.4383487701416,25.5,26.0,25.25,25.25,3719100
2018-03-06,17.4383487701416,25.5,25.5,25.5,25.5,802900
2018-03-07,16.82288360595703,24.600000381469727,25.5,24.5,25.5,7412400
2018-03-08,16.61772346496582,24.299999237060547,24.700000762939453,23.100000381469727,24.700000762939453,10434000
2018-03-09,16.344181060791016,23.899999618530273,24.399999618530273,23.799999237060547,24.399999618530273,4918400
2018-03-12,16.480953216552734,24.100000381469727,24.100000381469727,23.700000762939453,24.100000381469727,3804900
2018-03-13,16.891267776489258,24.700000762939453,24.799999237060547,24.0,24.100000381469727,4601900
2018-03-14,17.028038024902344,24.899999618530273,25.25,24.5,24.600000381469727,7195400
2018-03-15,16.891267776489258,24.700000762939453,25.0,24.600000381469727,25.0,3741000
2018-03-16,16.754491806030273,24.5,24.799999237060547,24.5,24.700000762939453,1704200
2018-03-19,16.754491806030273,24.5,24.600000381469727,24.399999618530273,24.5,1720900
2018-03-20,16.754491806030273,24.5,24.600000381469727,24.299999237060547,24.399999618530273,1421300
2018-03-21,16.891267776489258,24.700000762939453,24.700000762939453,24.5,24.600000381469727,721000
2018-03-22,16.891267776489258,24.700000762939453,24.799999237060547,24.700000762939453,24.700000762939453,579300
2018-03-23,16.891267776489258,24.700000762939453,24.700000762939453,24.299999237060547,24.600000381469727,1704800
2018-03-26,16.754491806030273,24.5,24.700000762939453,24.299999237060547,24.700000762939453,1055700
2018-03-27,16.95965003967285,24.799999237060547,25.25,24.5,24.600000381469727,3481500
2018-03-28,16.754491806030273,24.5,24.799999237060547,24.5,24.700000762939453,1295800
2018-03-29,16.82288360595703,24.600000381469727,24.700000762939453,24.200000762939453,24.700000762939453,3649700
2018-03-30,16.61772346496582,24.299999237060547,24.700000762939453,24.200000762939453,24.700000762939453,2277100
2018-04-02,16.754491806030273,24.5,24.5,23.799999237060547,23.799999237060547,2625700
2018-04-03,16.412567138671875,24.0,24.600000381469727,24.0,24.299999237060547,3875200
2018-04-04,16.412567138671875,24.0,24.299999237060547,23.899999618530273,24.0,2852100
2018-04-05,16.480953216552734,24.100000381469727,24.299999237060547,23.799999237060547,23.899999618530273,2529900
2018-04-09,16.61772346496582,24.299999237060547,24.5,23.899999618530273,24.100000381469727,4939400
2018-04-10,16.54848289489746,23.899999618530273,24.0,23.700000762939453,23.899999618530273,2437000
2018-04-11,16.47924041748047,23.799999237060547,24.100000381469727,23.600000381469727,23.799999237060547,2477600
2018-04-12,16.54848289489746,23.899999618530273,24.200000762939453,23.5,23.700000762939453,3238300
2018-04-17,16.54848289489746,23.899999618530273,24.100000381469727,23.799999237060547,23.899999618530273,908600
2018-04-18,16.61772346496582,24.0,24.100000381469727,23.799999237060547,23.899999618530273,1322500
2018-04-19,16.825443267822266,24.299999237060547,24.399999618530273,23.899999618530273,24.100000381469727,2780100
2018-04-20,16.68696403503418,24.100000381469727,24.299999237060547,24.0,24.100000381469727,1209000
2018-04-23,16.68696403503418,24.100000381469727,24.399999618530273,24.0,24.0,1582500
2018-04-24,16.54848289489746,23.899999618530273,24.299999237060547,23.899999618530273,24.0,2680300
2018-04-25,16.54848289489746,23.899999618530273,24.399999618530273,23.899999618530273,23.899999618530273,2928400
2018-04-26,16.89468765258789,24.399999618530273,24.399999618530273,23.899999618530273,24.0,5220800
2018-04-27,17.171646118164062,24.799999237060547,24.899999618530273,24.399999618530273,24.600000381469727,6516800
2018-04-30,17.10240936279297,24.700000762939453,25.0,24.600000381469727,24.799999237060547,2713400
2018-05-02,17.240888595581055,24.899999618530273,24.899999618530273,24.5,24.600000381469727,1854400
2018-05-03,17.310129165649414,25.0,25.25,24.700000762939453,24.899999618530273,2617600
2018-05-04,17.03316879272461,24.600000381469727,25.0,24.600000381469727,25.0,2624000
2018-05-07,17.10240936279297,24.700000762939453,24.700000762939453,24.399999618530273,24.600000381469727,1489600
2018-05-08,16.825443267822266,24.299999237060547,24.799999237060547,24.100000381469727,24.700000762939453,1889200
2018-05-09,17.03316879272461,24.600000381469727,24.600000381469727,24.100000381469727,24.299999237060547,1895000
2018-05-10,16.68696403503418,24.100000381469727,24.700000762939453,24.100000381469727,24.600000381469727,1970100
2018-05-11,16.963924407958984,24.5,24.600000381469727,24.100000381469727,24.100000381469727,1759100
2018-05-14,17.10240936279297,24.700000762939453,24.799999237060547,24.399999618530273,24.5,1903200
2018-05-15,17.171646118164062,24.799999237060547,25.0,24.600000381469727,24.700000762939453,3886500
2018-05-16,17.03316879272461,24.600000381469727,24.799999237060547,24.600000381469727,24.799999237060547,2089800
2018-05-17,17.171646118164062,24.799999237060547,25.0,24.600000381469727,24.700000762939453,3626100
2018-05-18,17.82943344116211,25.75,26.0,24.799999237060547,24.799999237060547,10298600
2018-05-21,18.002534866333008,26.0,26.25,25.75,26.0,2964100
2018-05-22,17.656330108642578,25.5,26.0,25.25,26.0,3959700
2018-05-23,17.82943344116211,25.75,25.75,25.25,25.5,1445400
2018-05-24,17.310129165649414,25.0,25.5,24.899999618530273,25.5,4670500
2018-05-25,17.240888595581055,24.899999618530273,25.25,24.600000381469727,25.0,3239700
2018-05-28,17.10240936279297,24.700000762939453,24.899999618530273,24.5,24.899999618530273,2369800
2018-05-30,17.310129165649414,25.0,25.0,24.5,24.5,2423800
2018-05-31,17.483230590820312,25.25,25.25,24.899999618530273,24.899999618530273,3816800
2018-06-01,17.171646118164062,24.799999237060547,25.5,24.799999237060547,25.25,2388700
2018-06-04,17.240888595581055,24.899999618530273,24.899999618530273,24.600000381469727,24.799999237060547,2630300
2018-06-05,17.10240936279297,24.700000762939453,24.799999237060547,24.299999237060547,24.700000762939453,5295000
2018-06-06,17.310129165649414,25.0,25.0,24.700000762939453,24.799999237060547,2543100
2018-06-07,17.171646118164062,24.799999237060547,25.25,24.799999237060547,25.0,1398300
2018-06-08,17.03316879272461,24.600000381469727,24.899999618530273,24.5,24.700000762939453,1212700
2018-06-11,17.03316879272461,24.600000381469727,24.700000762939453,24.5,24.700000762939453,643500
2018-06-12,17.03316879272461,24.600000381469727,24.700000762939453,24.600000381469727,24.600000381469727,592100
2018-06-13,17.03316879272461,24.600000381469727,24.700000762939453,24.5,24.600000381469727,1066600
2018-06-14,16.825443267822266,24.299999237060547,24.700000762939453,24.100000381469727,24.399999618530273,3237000
2018-06-15,16.825443267822266,24.299999237060547,24.399999618530273,24.200000762939453,24.200000762939453,1634200
2018-06-18,16.54848289489746,23.899999618530273,24.299999237060547,23.799999237060547,24.299999237060547,2177700
2018-06-19,16.202280044555664,23.399999618530273,23.799999237060547,23.299999237060547,23.600000381469727,3207800
2018-06-20,16.47924041748047,23.799999237060547,23.799999237060547,23.299999237060547,23.299999237060547,2466100
2018-06-21,16.133041381835938,23.299999237060547,23.700000762939453,23.200000762939453,23.700000762939453,2565800
2018-06-22,16.202280044555664,23.399999618530273,23.5,23.299999237060547,23.5,1060100
2018-06-25,15.786836624145508,22.799999237060547,23.399999618530273,22.700000762939453,23.399999618530273,3505700
2018-06-26,15.856081008911133,22.899999618530273,22.899999618530273,22.200000762939453,22.5,3853200
2018-06-27,15.856081008911133,22.899999618530273,23.0,22.600000381469727,23.0,1680100
2018-06-28,15.994559288024902,23.100000381469727,23.700000762939453,22.700000762939453,22.899999618530273,5146100
2018-06-29,15.994559288024902,23.100000381469727,23.100000381469727,22.700000762939453,23.100000381469727,2935900
2018-07-02,15.717599868774414,22.700000762939453,23.100000381469727,22.399999618530273,23.100000381469727,2984900
2018-07-03,15.856081008911133,22.899999618530273,22.899999618530273,22.5,22.799999237060547,1995300
2018-07-04,15.786836624145508,22.799999237060547,23.0,22.700000762939453,22.799999237060547,2022900
2018-07-05,15.648356437683105,22.600000381469727,22.799999237060547,22.5,22.799999237060547,938800
2018-07-06,15.92531967163086,23.0,23.100000381469727,22.600000381469727,22.600000381469727,1794500
2018-07-09,16.063798904418945,23.200000762939453,23.200000762939453,23.0,23.100000381469727,808800
2018-07-10,16.133041381835938,23.299999237060547,23.399999618530273,23.100000381469727,23.299999237060547,1833300
2018-07-11,16.27151870727539,23.5,23.600000381469727,23.299999237060547,23.299999237060547,1800200
2018-07-12,16.410003662109375,23.700000762939453,23.700000762939453,23.5,23.5,475200
2018-07-13,16.825443267822266,24.299999237060547,24.299999237060547,23.600000381469727,23.799999237060547,3175900
2018-07-16,16.61772346496582,24.0,24.200000762939453,23.899999618530273,24.100000381469727,1102100
2018-07-17,16.68696403503418,24.100000381469727,24.200000762939453,23.799999237060547,23.899999618530273,1741400
2018-07-18,16.54848289489746,23.899999618530273,24.100000381469727,23.799999237060547,24.100000381469727,1031100
2018-07-19,16.963924407958984,24.5,24.5,23.899999618530273,23.899999618530273,3086600
2018-07-20,16.68696403503418,24.100000381469727,24.399999618530273,24.100000381469727,24.399999618530273,2737800
2018-07-23,16.75620460510254,24.200000762939453,24.299999237060547,24.0,24.100000381469727,666700
2018-07-24,16.61772346496582,24.0,24.299999237060547,24.0,24.200000762939453,1120900
2018-07-25,16.61772346496582,24.0,24.100000381469727,23.700000762939453,23.899999618530273,1349700
2018-07-26,16.75620460510254,24.200000762939453,24.200000762939453,24.0,24.0,974000
2018-07-31,16.89468765258789,24.399999618530273,24.5,24.0,24.200000762939453,2013500
2018-08-01,17.03316879272461,24.600000381469727,24.799999237060547,24.299999237060547,24.5,3946600
2018-08-02,16.75620460510254,24.200000762939453,24.600000381469727,24.200000762939453,24.600000381469727,1093200
2018-08-03,17.171646118164062,24.799999237060547,24.899999618530273,24.200000762939453,24.200000762939453,3534000
2018-08-06,17.240888595581055,24.899999618530273,25.25,24.600000381469727,25.0,3070500
2018-08-07,17.171646118164062,24.799999237060547,25.25,24.799999237060547,25.0,2434400
2018-08-08,17.82943344116211,25.75,25.75,24.799999237060547,24.799999237060547,4034700
2018-08-09,17.82943344116211,25.75,25.75,25.25,25.75,1808900
2018-08-10,17.483230590820312,25.25,25.75,25.0,25.5,1499600
2018-08-14,17.240888595581055,24.899999618530273,25.25,24.700000762939453,25.0,2277400
2018-08-15,16.89468765258789,24.399999618530273,24.899999618530273,24.399999618530273,24.700000762939453,2677400
2018-08-16,16.89468765258789,24.399999618530273,24.600000381469727,24.299999237060547,24.399999618530273,1390500
2018-08-17,16.963924407958984,24.5,24.799999237060547,24.399999618530273,24.399999618530273,3259800
2018-08-20,17.10240936279297,24.700000762939453,24.899999618530273,24.600000381469727,24.600000381469727,1241300
2018-08-21,17.03316879272461,24.600000381469727,24.799999237060547,24.200000762939453,24.700000762939453,3568800
2018-08-22,16.963924407958984,24.5,24.799999237060547,24.5,24.600000381469727,713300
2018-08-23,16.89468765258789,24.399999618530273,24.799999237060547,24.399999618530273,24.799999237060547,957100
2018-08-24,16.89468765258789,24.399999618530273,24.5,24.200000762939453,24.399999618530273,1655800
2018-08-27,17.03316879272461,24.600000381469727,24.700000762939453,24.399999618530273,24.399999618530273,999300
2018-08-28,17.10240936279297,24.700000762939453,24.899999618530273,24.5,24.600000381469727,1820800
2018-08-29,17.240888595581055,24.899999618530273,25.25,24.700000762939453,24.799999237060547,3474700
2018-08-30,17.171646118164062,24.799999237060547,25.25,24.799999237060547,25.0,1693600
2018-08-31,17.240888595581055,24.899999618530273,24.899999618530273,24.700000762939453,24.799999237060547,1286900
2018-09-03,17.171646118164062,24.799999237060547,25.25,24.700000762939453,24.799999237060547,1630400
2018-09-04,17.310129165649414,25.0,25.5,24.799999237060547,24.799999237060547,3202600
2018-09-05,17.171646118164062,24.799999237060547,25.25,24.799999237060547,25.0,2356100
2018-09-06,17.483230590820312,25.25,25.25,24.799999237060547,24.799999237060547,1903700
2018-09-07,17.240888595581055,24.899999618530273,25.0,24.700000762939453,25.0,1699200
2018-09-10,17.171646118164062,24.799999237060547,24.899999618530273,24.700000762939453,24.799999237060547,662300
2018-09-11,16.963924407958984,24.5,25.25,24.399999618530273,24.799999237060547,2484600
2018-09-12,16.825443267822266,24.299999237060547,24.5,23.899999618530273,24.299999237060547,1515600
2018-09-13,17.31618881225586,24.700000762939453,25.0,24.0,24.0,2786200
2018-09-14,17.246082305908203,24.600000381469727,25.0,24.5,24.700000762939453,1985400
2018-09-17,17.526506423950195,25.0,25.25,24.600000381469727,24.600000381469727,3177800
2018-09-18,17.701770782470703,25.25,25.5,24.799999237060547,25.0,5419200
2018-09-19,17.526506423950195,25.0,25.5,25.0,25.25,2542800
2018-09-20,18.05230140686035,25.75,25.75,25.0,25.0,4213600
2018-09-21,18.05230140686035,25.75,26.5,25.75,26.0,12042300
2018-09-24,17.87703514099121,25.5,26.0,25.5,25.75,1732100
2018-09-25,18.05230140686035,25.75,26.25,25.5,25.5,2534200
2018-09-26,18.05230140686035,25.75,26.0,25.75,26.0,1399900
2018-09-27,18.402830123901367,26.25,26.25,25.5,26.0,4213800
2018-09-28,18.402830123901367,26.25,26.25,25.5,26.25,3648000
2018-10-01,18.227567672729492,26.0,26.5,25.75,26.25,2722400
2018-10-02,17.87703514099121,25.5,26.25,25.5,26.0,2179300
2018-10-03,18.05230140686035,25.75,26.0,25.25,25.5,3736100
2018-10-04,17.701770782470703,25.25,25.75,25.0,25.5,1905300
2018-10-05,17.526506423950195,25.0,25.5,24.899999618530273,25.25,3291500
2018-10-08,17.701770782470703,25.25,25.25,24.600000381469727,25.0,5260500
2018-10-09,17.38629150390625,24.799999237060547,25.25,24.700000762939453,25.0,2192000
2018-10-10,17.38629150390625,24.799999237060547,25.0,24.700000762939453,25.0,1339400
2018-10-11,17.246082305908203,24.600000381469727,24.799999237060547,24.299999237060547,24.399999618530273,5210900
2018-10-12,17.456398010253906,24.899999618530273,24.899999618530273,24.5,24.700000762939453,2089800
2018-10-16,17.38629150390625,24.799999237060547,24.899999618530273,24.700000762939453,24.700000762939453,643500
2018-10-17,17.035762786865234,24.299999237060547,24.899999618530273,24.299999237060547,24.799999237060547,2207100
2018-10-18,16.895551681518555,24.100000381469727,24.299999237060547,24.0,24.299999237060547,1333800
2018-10-19,16.474912643432617,23.5,24.100000381469727,22.899999618530273,24.0,5281600
2018-10-22,16.334707260131836,23.299999237060547,23.600000381469727,23.299999237060547,23.399999618530273,1069700
2018-10-24,16.474912643432617,23.5,23.5,22.899999618530273,23.299999237060547,2332400
2018-10-25,16.334707260131836,23.299999237060547,23.299999237060547,22.700000762939453,23.0,3475100
2018-10-26,16.264596939086914,23.200000762939453,23.299999237060547,23.0,23.200000762939453,1419900
2018-10-29,16.404808044433594,23.399999618530273,23.700000762939453,23.100000381469727,23.200000762939453,1640600
2018-10-30,16.404808044433594,23.399999618530273,23.5,23.299999237060547,23.399999618530273,599500
2018-10-31,16.75533676147461,23.899999618530273,23.899999618530273,23.5,23.600000381469727,1507600
2018-11-01,16.615127563476562,23.700000762939453,24.0,23.700000762939453,23.899999618530273,620400
2018-11-02,16.895551681518555,24.100000381469727,24.399999618530273,23.899999618530273,24.200000762939453,1298600
2018-11-05,16.545019149780273,23.600000381469727,24.399999618530273,23.600000381469727,23.799999237060547,1259100
2018-11-06,16.685232162475586,23.799999237060547,24.0,23.5,23.899999618530273,2145100
2018-11-07,17.105867385864258,24.399999618530273,24.399999618530273,23.799999237060547,24.0,1896400
2018-11-08,17.035762786865234,24.299999237060547,24.600000381469727,24.200000762939453,24.5,1544900
2018-11-09,16.825443267822266,24.0,24.299999237060547,24.0,24.100000381469727,527500
2018-11-12,16.474912643432617,23.5,24.0,23.5,24.0,1154700
2018-11-13,16.474912643432617,23.5,23.700000762939453,22.899999618530273,22.899999618530273,2558500
2018-11-14,16.334707260131836,23.299999237060547,23.299999237060547,23.100000381469727,23.200000762939453,2422000
2018-11-15,16.404808044433594,23.399999618530273,23.700000762939453,23.200000762939453,23.299999237060547,1713600
2018-11-16,16.334707260131836,23.299999237060547,23.5,23.299999237060547,23.5,549300
2018-11-19,16.334707260131836,23.299999237060547,23.399999618530273,23.200000762939453,23.299999237060547,673800
2018-11-20,16.404808044433594,23.399999618530273,23.399999618530273,23.100000381469727,23.200000762939453,729300
2018-11-21,16.404808044433594,23.399999618530273,23.399999618530273,23.100000381469727,23.399999618530273,953300
2018-11-22,16.404808044433594,23.399999618530273,23.5,23.100000381469727,23.399999618530273,589300
2018-11-23,16.545019149780273,23.600000381469727,23.799999237060547,23.200000762939453,23.399999618530273,1213400
2018-11-26,16.615127563476562,23.700000762939453,23.799999237060547,23.399999618530273,23.5,366300
2018-11-27,16.545019149780273,23.600000381469727,23.700000762939453,23.399999618530273,23.600000381469727,1018800
2018-11-28,16.545019149780273,23.600000381469727,23.899999618530273,23.600000381469727,23.600000381469727,1297000
2018-11-29,16.264596939086914,23.200000762939453,23.700000762939453,23.200000762939453,23.600000381469727,823100
2018-11-30,16.474912643432617,23.5,23.600000381469727,23.200000762939453,23.299999237060547,1141600
2018-12-03,17.035762786865234,24.299999237060547,24.299999237060547,23.700000762939453,23.799999237060547,2361700
2018-12-04,17.105867385864258,24.399999618530273,24.700000762939453,24.100000381469727,24.299999237060547,3744400
2018-12-06,16.75533676147461,23.899999618530273,24.299999237060547,23.899999618530273,24.0,1705500
2018-12-07,16.75533676147461,23.899999618530273,24.100000381469727,23.899999618530273,23.899999618530273,763100
2018-12-11,16.615127563476562,23.700000762939453,24.0,23.700000762939453,23.799999237060547,677600
2018-12-12,16.75533676147461,23.899999618530273,23.899999618530273,23.600000381469727,23.899999618530273,539900
2018-12-13,16.545019149780273,23.600000381469727,23.899999618530273,23.5,23.799999237060547,894900
2018-12-14,16.474912643432617,23.5,23.600000381469727,23.399999618530273,23.600000381469727,501500
2018-12-17,16.334707260131836,23.299999237060547,23.600000381469727,23.100000381469727,23.5,982400
2018-12-18,16.264596939086914,23.200000762939453,23.5,23.0,23.299999237060547,1364000
2018-12-19,16.404808044433594,23.399999618530273,23.399999618530273,22.899999618530273,23.100000381469727,2755700
2018-12-20,16.685232162475586,23.799999237060547,23.799999237060547,23.0,23.100000381469727,2016900
2018-12-21,16.545019149780273,23.600000381469727,24.0,23.399999618530273,23.5,1671900
2018-12-24,16.05428123474121,22.899999618530273,23.5,22.899999618530273,23.299999237060547,2756700
2018-12-25,15.914069175720215,22.700000762939453,23.0,22.600000381469727,22.799999237060547,1473500
2018-12-26,15.633641242980957,22.299999237060547,22.700000762939453,22.299999237060547,22.600000381469727,1658300
2018-12-27,15.28311538696289,21.799999237060547,22.799999237060547,21.600000381469727,22.799999237060547,3348900
2018-12-28,15.633641242980957,22.299999237060547,22.5,21.799999237060547,21.799999237060547,2775500
2019-01-02,15.563539505004883,22.200000762939453,22.600000381469727,22.200000762939453,22.299999237060547,2042200
2019-01-03,15.28311538696289,21.799999237060547,22.399999618530273,21.700000762939453,22.200000762939453,2094800
2019-01-04,15.493431091308594,22.100000381469727,22.100000381469727,21.600000381469727,22.0,1252700
2019-01-07,15.703749656677246,22.399999618530273,22.5,22.100000381469727,22.100000381469727,2252200
2019-01-08,15.633641242980957,22.299999237060547,22.399999618530273,22.100000381469727,22.399999618530273,1630800
2019-01-09,15.493431091308594,22.100000381469727,22.399999618530273,22.100000381469727,22.399999618530273,1311400
2019-01-10,15.563539505004883,22.200000762939453,22.399999618530273,22.0,22.100000381469727,1083300
2019-01-11,15.493431091308594,22.100000381469727,22.299999237060547,22.100000381469727,22.200000762939453,832000
2019-01-14,15.423324584960938,22.0,22.200000762939453,22.0,22.100000381469727,867700
2019-01-15,15.35322093963623,21.899999618530273,22.100000381469727,21.799999237060547,22.0,1665900
2019-01-16,15.493431091308594,22.100000381469727,22.399999618530273,21.799999237060547,22.0,1989900
2019-01-17,15.633641242980957,22.299999237060547,22.399999618530273,22.0,22.200000762939453,1884800
2019-01-18,15.633641242980957,22.299999237060547,22.5,22.299999237060547,22.399999618530273,1586600
2019-01-21,15.633641242980957,22.299999237060547,22.399999618530273,22.299999237060547,22.299999237060547,591500
2019-01-22,15.773855209350586,22.5,22.5,22.200000762939453,22.299999237060547,588700
2019-01-23,15.843960762023926,22.600000381469727,22.700000762939453,22.5,22.5,1166800
2019-01-24,15.773855209350586,22.5,22.799999237060547,22.5,22.600000381469727,1491200
2019-01-25,15.984170913696289,22.799999237060547,23.0,22.600000381469727,22.700000762939453,2183900
2019-01-28,15.914069175720215,22.700000762939453,23.0,22.700000762939453,22.799999237060547,2259300
2019-01-29,15.984170913696289,22.799999237060547,22.899999618530273,22.399999618530273,22.700000762939453,1624200
2019-01-30,16.05428123474121,22.899999618530273,23.100000381469727,22.799999237060547,22.899999618530273,1919700
2019-01-31,16.1243839263916,23.0,23.200000762939453,22.899999618530273,23.100000381469727,1884300
2019-02-01,16.194490432739258,23.100000381469727,23.200000762939453,23.0,23.100000381469727,905400
2019-02-04,16.194490432739258,23.100000381469727,23.200000762939453,22.799999237060547,23.200000762939453,917500
2019-02-05,16.05428123474121,22.899999618530273,23.100000381469727,22.799999237060547,23.100000381469727,464300
2019-02-06,16.05428123474121,22.899999618530273,23.100000381469727,22.799999237060547,22.799999237060547,1005300
2019-02-07,16.05428123474121,22.899999618530273,23.200000762939453,22.799999237060547,22.799999237060547,1169100
2019-02-08,15.914069175720215,22.700000762939453,22.899999618530273,22.600000381469727,22.899999618530273,852100
2019-02-11,15.984170913696289,22.799999237060547,23.0,22.700000762939453,22.700000762939453,762200
2019-02-12,15.984170913696289,22.799999237060547,22.899999618530273,22.700000762939453,22.899999618530273,573000
2019-02-13,16.05428123474121,22.899999618530273,23.0,22.799999237060547,23.0,789100
2019-02-14,16.1243839263916,23.0,23.600000381469727,22.799999237060547,22.899999618530273,4779500
2019-02-15,15.984170913696289,22.799999237060547,23.200000762939453,22.799999237060547,23.0,2459300
2019-02-18,15.984170913696289,22.799999237060547,23.0,22.700000762939453,22.799999237060547,1325400
2019-02-20,16.1243839263916,23.0,23.100000381469727,22.799999237060547,23.0,1008800
2019-02-21,16.05428123474121,22.899999618530273,23.100000381469727,22.899999618530273,22.899999618530273,515600
2019-02-22,16.05428123474121,22.899999618530273,23.100000381469727,22.799999237060547,22.799999237060547,4458800
2019-02-25,16.05428123474121,22.899999618530273,23.100000381469727,22.899999618530273,23.0,1157000
2019-02-26,15.984170913696289,22.799999237060547,23.200000762939453,22.700000762939453,22.799999237060547,1611000
2019-02-27,15.984170913696289,22.799999237060547,22.899999618530273,22.700000762939453,22.700000762939453,1151900
2019-02-28,15.984170913696289,22.799999237060547,23.0,22.700000762939453,22.899999618530273,2303200
2019-03-01,15.843960762023926,22.600000381469727,23.0,22.600000381469727,22.799999237060547,2506100
2019-03-04,15.633641242980957,22.299999237060547,22.700000762939453,22.200000762939453,22.700000762939453,2407000
2019-03-05,15.633641242980957,22.299999237060547,22.299999237060547,22.0,22.299999237060547,2319200
2019-03-06,15.493431091308594,22.100000381469727,22.399999618530273,22.100000381469727,22.200000762939453,1487500
2019-03-07,15.703749656677246,22.399999618530273,22.399999618530273,22.100000381469727,22.100000381469727,943800
2019-03-08,15.563539505004883,22.200000762939453,22.299999237060547,22.100000381469727,22.200000762939453,794200
2019-03-11,15.563539505004883,22.200000762939453,22.299999237060547,22.100000381469727,22.299999237060547,784200
2019-03-12,15.633641242980957,22.299999237060547,22.299999237060547,22.100000381469727,22.200000762939453,758700
2019-03-13,15.703749656677246,22.399999618530273,22.399999618530273,22.200000762939453,22.299999237060547,422400
2019-03-14,15.633641242980957,22.299999237060547,22.5,22.299999237060547,22.399999618530273,676400
2019-03-15,15.703749656677246,22.399999618530273,22.399999618530273,22.200000762939453,22.299999237060547,586600
2019-03-18,15.703749656677246,22.399999618530273,22.399999618530273,22.200000762939453,22.399999618530273,1101800
2019-03-19,15.843960762023926,22.600000381469727,22.600000381469727,22.299999237060547,22.299999237060547,1189800
2019-03-20,15.703749656677246,22.399999618530273,22.700000762939453,22.399999618530273,22.600000381469727,986000
2019-03-21,15.773855209350586,22.5,22.899999618530273,22.5,22.600000381469727,4281100
2019-03-22,15.843960762023926,22.600000381469727,22.899999618530273,22.5,22.5,2379300
2019-03-25,15.633641242980957,22.299999237060547,22.700000762939453,22.200000762939453,22.5,2043100
2019-03-26,15.773855209350586,22.5,22.600000381469727,22.299999237060547,22.299999237060547,1290400
2019-03-27,15.914069175720215,22.700000762939453,22.700000762939453,22.399999618530273,22.5,898000
2019-03-28,15.843960762023926,22.600000381469727,22.799999237060547,22.5,22.5,1457100
2019-03-29,15.914069175720215,22.700000762939453,22.799999237060547,22.600000381469727,22.700000762939453,1931100
2019-04-01,15.984170913696289,22.799999237060547,23.100000381469727,22.700000762939453,22.799999237060547,2096300
2019-04-02,16.05428123474121,22.899999618530273,23.0,22.700000762939453,23.0,1627200
2019-04-03,16.1243839263916,23.0,23.299999237060547,22.799999237060547,22.899999618530273,5552900
2019-04-04,16.334707260131836,23.299999237060547,23.399999618530273,23.0,23.0,8500900
2019-04-05,16.264596939086914,23.200000762939453,23.5,23.200000762939453,23.299999237060547,4322700
2019-04-09,16.334707260131836,23.299999237060547,23.399999618530273,23.100000381469727,23.200000762939453,3580500
2019-04-10,16.334707260131836,23.0,23.200000762939453,22.899999618530273,23.200000762939453,4063500
2019-04-11,16.12164306640625,22.700000762939453,23.0,22.600000381469727,23.0,4249600
2019-04-12,16.334707260131836,23.0,23.0,22.700000762939453,22.700000762939453,4392900
2019-04-17,16.689804077148438,23.5,23.600000381469727,23.0,23.100000381469727,8411400
2019-04-18,16.547767639160156,23.299999237060547,23.5,23.299999237060547,23.5,5000900
2019-04-19,16.476743698120117,23.200000762939453,23.299999237060547,23.200000762939453,23.299999237060547,7001100
2019-04-22,16.476743698120117,23.200000762939453,23.200000762939453,23.100000381469727,23.200000762939453,2355000
2019-04-23,16.405723571777344,23.100000381469727,23.299999237060547,23.100000381469727,23.200000762939453,2511800
2019-04-24,16.405723571777344,23.100000381469727,23.299999237060547,23.0,23.299999237060547,3092100
2019-04-25,16.334707260131836,23.0,23.100000381469727,23.0,23.100000381469727,2467900
2019-04-26,16.19266128540039,22.799999237060547,23.0,22.700000762939453,23.0,4161900
2019-04-29,16.12164306640625,22.700000762939453,23.0,22.700000762939453,22.899999618530273,1004400
2019-04-30,16.19266128540039,22.799999237060547,23.0,22.700000762939453,22.700000762939453,6442600
2019-05-02,16.26367950439453,22.899999618530273,23.100000381469727,22.799999237060547,22.799999237060547,8689200
2019-05-03,16.12164306640625,22.700000762939453,23.0,22.700000762939453,22.899999618530273,3656700
2019-05-07,15.908584594726562,22.399999618530273,22.700000762939453,22.399999618530273,22.700000762939453,3535200
2019-05-08,15.695521354675293,22.100000381469727,22.399999618530273,22.0,22.299999237060547,9898900
2019-05-09,15.269399642944336,21.5,22.200000762939453,21.399999618530273,22.100000381469727,8978500
2019-05-10,15.198373794555664,21.399999618530273,21.700000762939453,21.200000762939453,21.700000762939453,5358700
2019-05-13,14.985316276550293,21.100000381469727,21.799999237060547,20.899999618530273,21.799999237060547,10853900
2019-05-14,14.701233863830566,20.700000762939453,21.299999237060547,20.700000762939453,21.0,6535700
2019-05-15,14.133068084716797,19.899999618530273,20.899999618530273,19.799999237060547,20.799999237060547,11904300
2019-05-16,14.204089164733887,20.0,20.200000762939453,19.700000762939453,20.0,7008500
2019-05-17,13.635926246643066,19.200000762939453,20.100000381469727,19.200000762939453,20.0,8149400
2019-05-21,13.777968406677246,19.399999618530273,19.5,18.899999618530273,19.299999237060547,4070800
2019-05-22,14.062047958374023,19.799999237060547,19.899999618530273,19.299999237060547,19.5,3878500
2019-05-23,13.848987579345703,19.5,19.899999618530273,19.5,19.700000762939453,3239600
2019-05-24,14.062047958374023,19.799999237060547,19.799999237060547,19.100000381469727,19.399999618530273,3113400
2019-05-27,14.275111198425293,20.100000381469727,20.100000381469727,19.600000381469727,19.700000762939453,3619900
2019-05-28,14.275111198425293,20.100000381469727,20.200000762939453,19.600000381469727,20.100000381469727,6249800
2019-05-29,13.991029739379883,19.700000762939453,20.0,19.700000762939453,20.0,2773500
2019-05-30,13.92000961303711,19.600000381469727,19.799999237060547,19.600000381469727,19.600000381469727,2993200
2019-05-31,13.706947326660156,19.299999237060547,19.700000762939453,19.299999237060547,19.700000762939453,3423300
2019-06-04,13.777968406677246,19.399999618530273,19.700000762939453,19.200000762939453,19.299999237060547,5660000
2019-06-05,13.92000961303711,19.600000381469727,19.799999237060547,19.399999618530273,19.700000762939453,6063400
2019-06-06,14.204089164733887,20.0,20.0,19.5,19.600000381469727,6112300
2019-06-07,14.204089164733887,20.0,20.200000762939453,19.899999618530273,20.0,3038200
2019-06-10,14.41715145111084,20.299999237060547,20.399999618530273,19.899999618530273,20.100000381469727,5822700
2019-06-11,14.701233863830566,20.700000762939453,20.700000762939453,20.399999618530273,20.399999618530273,6066600
2019-06-12,14.559191703796387,20.5,20.600000381469727,20.399999618530273,20.600000381469727,3087500
2019-06-13,14.630212783813477,20.600000381469727,20.799999237060547,20.299999237060547,20.399999618530273,3315700
2019-06-14,14.559191703796387,20.5,20.700000762939453,20.399999618530273,20.5,1576500
2019-06-17,14.914297103881836,21.0,21.200000762939453,20.5,20.5,7919100
2019-06-18,15.127355575561523,21.299999237060547,21.299999237060547,20.899999618530273,20.899999618530273,3803400
2019-06-19,15.340415000915527,21.600000381469727,21.799999237060547,21.299999237060547,21.5,7828100
2019-06-20,15.340415000915527,21.600000381469727,21.899999618530273,21.600000381469727,21.700000762939453,6284000
2019-06-21,15.411437034606934,21.700000762939453,21.899999618530273,21.600000381469727,21.600000381469727,4251000
2019-06-24,15.340415000915527,21.600000381469727,21.899999618530273,21.600000381469727,21.899999618530273,2389000
2019-06-25,15.340415000915527,21.600000381469727,21.600000381469727,21.200000762939453,21.600000381469727,4257000
2019-06-26,15.340415000915527,21.600000381469727,21.700000762939453,21.299999237060547,21.399999618530273,2973400
2019-06-27,15.411437034606934,21.700000762939453,21.899999618530273,21.5,21.600000381469727,7556900
2019-06-28,15.269399642944336,21.5,21.799999237060547,21.399999618530273,21.600000381469727,4034100
2019-07-01,15.411437034606934,21.700000762939453,21.899999618530273,21.299999237060547,21.600000381469727,6141800
2019-07-02,15.908584594726562,22.399999618530273,22.399999618530273,21.600000381469727,21.700000762939453,13535800
2019-07-03,16.405723571777344,23.100000381469727,23.100000381469727,22.399999618530273,22.399999618530273,15517700
2019-07-04,15.553478240966797,21.899999618530273,23.200000762939453,21.899999618530273,23.200000762939453,15341800
2019-07-05,15.695521354675293,22.100000381469727,22.299999237060547,21.899999618530273,22.0,8686200
2019-07-08,15.482452392578125,21.799999237060547,22.100000381469727,21.600000381469727,22.0,7819400
2019-07-09,15.127355575561523,21.299999237060547,21.799999237060547,21.100000381469727,21.799999237060547,8241800
2019-07-10,15.624497413635254,22.0,22.200000762939453,21.200000762939453,21.399999618530273,5744100
2019-07-11,15.411437034606934,21.700000762939453,22.299999237060547,21.700000762939453,22.200000762939453,3344900
2019-07-12,15.269399642944336,21.5,21.799999237060547,21.5,21.700000762939453,3939200
2019-07-15,15.340415000915527,21.600000381469727,21.700000762939453,21.5,21.5,1777600
2019-07-17,15.482452392578125,21.799999237060547,22.200000762939453,21.600000381469727,21.700000762939453,5513300
2019-07-18,15.695521354675293,22.100000381469727,22.100000381469727,21.799999237060547,22.0,5674000
2019-07-19,15.695521354675293,22.100000381469727,22.299999237060547,22.100000381469727,22.200000762939453,2925400
2019-07-22,15.482452392578125,21.799999237060547,22.100000381469727,21.799999237060547,22.0,3566500
2019-07-23,15.624497413635254,22.0,22.100000381469727,21.899999618530273,22.0,2206200
2019-07-24,15.624497413635254,22.0,22.100000381469727,21.899999618530273,22.0,2254100
2019-07-25,15.837555885314941,22.299999237060547,22.5,22.0,22.0,7610100
2019-07-26,16.12164306640625,22.700000762939453,22.700000762939453,22.100000381469727,22.299999237060547,7002400
2019-07-30,15.76654052734375,22.200000762939453,22.799999237060547,22.100000381469727,22.700000762939453,4220800
2019-07-31,15.695521354675293,22.100000381469727,22.299999237060547,22.100000381469727,22.200000762939453,747100
2019-08-01,15.624497413635254,22.0,22.200000762939453,22.0,22.100000381469727,1680400
2019-08-02,15.553478240966797,21.899999618530273,22.0,21.700000762939453,21.899999618530273,3111200
2019-08-05,15.553478240966797,21.899999618530273,22.100000381469727,21.799999237060547,21.799999237060547,2297400
2019-08-06,15.340415000915527,21.600000381469727,21.700000762939453,21.399999618530273,21.700000762939453,3412700
2019-08-07,14.985316276550293,21.100000381469727,21.600000381469727,21.100000381469727,21.399999618530273,3836600
2019-08-08,14.772255897521973,20.799999237060547,21.299999237060547,20.799999237060547,21.200000762939453,2652300
2019-08-09,14.772255897521973,20.799999237060547,21.0,20.700000762939453,20.899999618530273,2022600
2019-08-13,14.3461275100708,20.200000762939453,20.899999618530273,20.100000381469727,20.799999237060547,2854500
2019-08-14,14.062047958374023,19.799999237060547,20.5,19.600000381469727,20.299999237060547,3760000
2019-08-15,13.848987579345703,19.5,19.799999237060547,19.299999237060547,19.600000381469727,3542700
2019-08-16,13.92000961303711,19.600000381469727,19.799999237060547,19.399999618530273,19.399999618530273,2827000
2019-08-19,13.991029739379883,19.700000762939453,20.200000762939453,19.700000762939453,19.700000762939453,6821000
2019-08-20,13.777968406677246,19.399999618530273,19.899999618530273,19.399999618530273,19.700000762939453,2276700
2019-08-21,13.991029739379883,19.700000762939453,19.899999618530273,19.399999618530273,19.399999618530273,3713500
2019-08-22,13.777968406677246,19.399999618530273,19.700000762939453,19.399999618530273,19.600000381469727,3707200
2019-08-23,13.848987579345703,19.5,19.600000381469727,19.299999237060547,19.399999618530273,3192200
2019-08-26,13.777968406677246,19.399999618530273,19.399999618530273,18.899999618530273,19.299999237060547,4177800
2019-08-27,13.706947326660156,19.299999237060547,19.600000381469727,19.200000762939453,19.5,2739600
2019-08-28,13.635926246643066,19.200000762939453,19.399999618530273,19.100000381469727,19.299999237060547,3205600
2019-08-29,13.848987579345703,19.5,19.5,19.200000762939453,19.200000762939453,3798100
2019-08-30,14.062047958374023,19.799999237060547,20.100000381469727,19.700000762939453,19.799999237060547,10771900
2019-09-02,13.991029739379883,19.700000762939453,19.899999618530273,19.600000381469727,19.799999237060547,2809300
2019-09-03,14.062047958374023,19.799999237060547,20.200000762939453,19.700000762939453,19.799999237060547,7563700
2019-09-04,14.41715145111084,20.299999237060547,20.399999618530273,19.899999618530273,19.899999618530273,5412100
2019-09-05,14.41715145111084,20.299999237060547,20.399999618530273,20.200000762939453,20.399999618530273,2097700
2019-09-06,14.41715145111084,20.299999237060547,20.399999618530273,20.200000762939453,20.399999618530273,2262600
2019-09-09,14.488168716430664,20.399999618530273,20.399999618530273,20.200000762939453,20.399999618530273,2695100
2019-09-10,14.204089164733887,20.0,20.600000381469727,19.899999618530273,20.5,6938500
2019-09-11,14.275111198425293,20.100000381469727,20.200000762939453,19.899999618530273,20.100000381469727,5095200
2019-09-12,14.238972663879395,19.700000762939453,19.899999618530273,19.600000381469727,19.899999618530273,2646900
2019-09-13,14.166692733764648,19.600000381469727,19.799999237060547,19.5,19.799999237060547,2575600
2019-09-16,14.383528709411621,19.899999618530273,20.100000381469727,19.700000762939453,19.700000762939453,3067800
2019-09-17,14.238972663879395,19.700000762939453,20.0,19.700000762939453,19.899999618530273,2857600
2019-09-18,14.166692733764648,19.600000381469727,19.799999237060547,19.5,19.700000762939453,2634900
2019-09-19,13.94985580444336,19.299999237060547,19.700000762939453,19.200000762939453,19.700000762939453,4233700
2019-09-20,13.877575874328613,19.200000762939453,19.5,19.100000381469727,19.299999237060547,5897000
2019-09-23,13.94985580444336,19.299999237060547,19.299999237060547,19.100000381469727,19.200000762939453,2558800
2019-09-24,13.877575874328613,19.200000762939453,19.5,19.200000762939453,19.299999237060547,1177000
2019-09-25,13.660737991333008,18.899999618530273,19.200000762939453,18.700000762939453,19.100000381469727,6377000
2019-09-26,13.588459968566895,18.799999237060547,19.100000381469727,18.799999237060547,19.0,2770100
2019-09-27,13.877575874328613,19.200000762939453,19.399999618530273,18.700000762939453,18.799999237060547,3407800
2019-09-30,13.805295944213867,19.100000381469727,19.299999237060547,19.0,19.200000762939453,1458700
2019-10-01,13.660737991333008,18.899999618530273,19.100000381469727,18.799999237060547,19.100000381469727,1835000
2019-10-02,13.733016014099121,19.0,19.0,18.700000762939453,18.799999237060547,2989100
2019-10-03,13.588459968566895,18.799999237060547,18.899999618530273,18.700000762939453,18.799999237060547,1302200
2019-10-04,13.516181945800781,18.700000762939453,18.899999618530273,18.5,18.799999237060547,2312000
2019-10-07,13.443902969360352,18.600000381469727,19.100000381469727,18.600000381469727,18.700000762939453,7011700
2019-10-08,13.227065086364746,18.299999237060547,18.700000762939453,18.200000762939453,18.600000381469727,4638500
2019-10-09,13.443902969360352,18.600000381469727,18.700000762939453,18.0,18.200000762939453,5216900
2019-10-10,13.588459968566895,18.799999237060547,19.0,18.600000381469727,18.700000762939453,2670300
2019-10-11,13.371623039245605,18.5,19.0,18.5,18.799999237060547,3355600
2019-10-15,13.443902969360352,18.600000381469727,18.899999618530273,18.5,18.5,1478500
2019-10-16,13.660737991333008,18.899999618530273,19.0,18.600000381469727,18.600000381469727,3332000
2019-10-17,13.371623039245605,18.5,19.0,18.399999618530273,19.0,5094500
2019-10-18,13.443902969360352,18.600000381469727,18.600000381469727,18.299999237060547,18.5,3223400
2019-10-21,13.227065086364746,18.299999237060547,18.600000381469727,18.299999237060547,18.5,1782700
2019-10-22,13.299345016479492,18.399999618530273,18.5,18.299999237060547,18.399999618530273,1118400
2019-10-24,13.154786109924316,18.200000762939453,18.700000762939453,17.899999618530273,18.399999618530273,4050200
2019-10-25,12.937946319580078,17.899999618530273,18.200000762939453,17.700000762939453,18.200000762939453,2583000
2019-10-28,12.793390274047852,17.700000762939453,18.0,17.5,18.0,1701200
2019-10-29,12.648831367492676,17.5,17.899999618530273,17.399999618530273,17.700000762939453,1972200
2019-10-30,12.865670204162598,17.799999237060547,17.899999618530273,17.600000381469727,17.600000381469727,1713200
2019-10-31,12.576553344726562,17.399999618530273,17.799999237060547,17.399999618530273,17.700000762939453,2722900
2019-11-01,12.648831367492676,17.5,17.700000762939453,17.399999618530273,17.399999618530273,3535400
2019-11-04,12.865670204162598,17.799999237060547,17.899999618530273,17.600000381469727,17.600000381469727,2815000
2019-11-05,12.793390274047852,17.700000762939453,17.899999618530273,17.700000762939453,17.799999237060547,1523400
2019-11-06,12.865670204162598,17.799999237060547,18.0,17.700000762939453,17.799999237060547,1923900
2019-11-07,13.443902969360352,18.600000381469727,18.700000762939453,17.799999237060547,17.799999237060547,4404000
2019-11-08,13.443902969360352,18.600000381469727,18.799999237060547,18.5,18.600000381469727,2209800
2019-11-11,13.443902969360352,18.600000381469727,18.899999618530273,18.5,18.600000381469727,2492500
2019-11-12,13.227065086364746,18.299999237060547,18.700000762939453,18.200000762939453,18.5,1508800
2019-11-13,13.299345016479492,18.399999618530273,18.5,18.299999237060547,18.299999237060547,935200
2019-11-14,13.371623039245605,18.5,18.5,18.299999237060547,18.5,934300
2019-11-15,13.371623039245605,18.5,18.600000381469727,18.200000762939453,18.5,1463400
2019-11-18,13.443902969360352,18.600000381469727,18.799999237060547,18.399999618530273,18.5,1438600
2019-11-19,13.371623039245605,18.5,18.700000762939453,18.299999237060547,18.5,982000
2019-11-20,13.154786109924316,18.200000762939453,18.399999618530273,18.100000381469727,18.399999618530273,916900
2019-11-21,12.865670204162598,17.799999237060547,18.200000762939453,17.200000762939453,18.100000381469727,8360600
2019-11-22,12.937946319580078,17.899999618530273,17.899999618530273,17.600000381469727,17.799999237060547,768200
2019-11-25,13.08250617980957,18.100000381469727,18.100000381469727,17.799999237060547,17.899999618530273,1669100
2019-11-26,13.154786109924316,18.200000762939453,18.299999237060547,18.0,18.100000381469727,1558200
2019-11-27,13.227065086364746,18.299999237060547,18.399999618530273,18.100000381469727,18.299999237060547,1616400
2019-11-28,13.01022720336914,18.0,18.399999618530273,17.700000762939453,18.399999618530273,5322200
2019-11-29,12.721111297607422,17.600000381469727,18.100000381469727,17.299999237060547,17.899999618530273,4590400
2019-12-02,12.648831367492676,17.5,17.700000762939453,17.299999237060547,17.5,3285400
2019-12-03,12.721111297607422,17.600000381469727,17.600000381469727,17.299999237060547,17.399999618530273,1087200
2019-12-04,12.576553344726562,17.399999618530273,17.5,17.299999237060547,17.399999618530273,983800
2019-12-06,12.43199634552002,17.200000762939453,17.5,17.100000381469727,17.5,1292800
2019-12-09,12.43199634552002,17.200000762939453,17.299999237060547,17.100000381469727,17.299999237060547,1703100
2019-12-11,12.215157508850098,16.899999618530273,17.299999237060547,16.899999618530273,17.200000762939453,2251800
2019-12-12,12.504273414611816,17.299999237060547,17.399999618530273,16.899999618530273,16.899999618530273,2474900
2019-12-13,12.43199634552002,17.200000762939453,17.399999618530273,17.200000762939453,17.299999237060547,1113900
2019-12-16,12.35971736907959,17.100000381469727,17.399999618530273,17.100000381469727,17.200000762939453,1940500
2019-12-17,12.43199634552002,17.200000762939453,17.299999237060547,16.899999618530273,17.100000381469727,2922600
2019-12-18,12.648831367492676,17.5,17.5,17.299999237060547,17.299999237060547,1809100
2019-12-19,12.937946319580078,17.899999618530273,18.100000381469727,17.600000381469727,17.600000381469727,4471100
2019-12-20,12.576553344726562,17.399999618530273,18.0,17.399999618530273,17.899999618530273,5305800
2019-12-23,12.504273414611816,17.299999237060547,17.700000762939453,17.299999237060547,17.5,2008300
2019-12-24,12.648831367492676,17.5,17.600000381469727,17.299999237060547,17.399999618530273,1428300
2019-12-25,12.721111297607422,17.600000381469727,17.600000381469727,17.5,17.5,584300
2019-12-26,12.793390274047852,17.700000762939453,17.899999618530273,17.600000381469727,17.600000381469727,1838300
2019-12-27,12.721111297607422,17.600000381469727,17.799999237060547,17.299999237060547,17.700000762939453,3521700
2019-12-30,12.793390274047852,17.700000762939453,17.700000762939453,17.5,17.700000762939453,740600
2020-01-02,13.01022720336914,18.0,18.100000381469727,17.700000762939453,17.799999237060547,2444500
2020-01-03,12.793390274047852,17.700000762939453,18.100000381469727,17.700000762939453,18.0,2164300
2020-01-06,12.504273414611816,17.299999237060547,17.799999237060547,17.299999237060547,17.5,3235200
2020-01-07,12.43199634552002,17.200000762939453,17.5,17.100000381469727,17.299999237060547,2947100
2020-01-08,12.35971736907959,17.100000381469727,17.299999237060547,17.0,17.100000381469727,2800900
2020-01-09,12.504273414611816,17.299999237060547,17.600000381469727,17.299999237060547,17.299999237060547,4502600
2020-01-10,12.576553344726562,17.399999618530273,17.600000381469727,17.200000762939453,17.299999237060547,2296200
2020-01-13,12.793390274047852,17.700000762939453,17.899999618530273,17.399999618530273,17.399999618530273,3667100
2020-01-14,12.793390274047852,17.700000762939453,17.899999618530273,17.5,17.700000762939453,1604800
2020-01-15,12.648831367492676,17.5,17.700000762939453,17.399999618530273,17.5,2348200
2020-01-16,12.576553344726562,17.399999618530273,17.600000381469727,17.299999237060547,17.5,1469100
2020-01-17,12.576553344726562,17.399999618530273,17.600000381469727,17.299999237060547,17.399999618530273,3591200
2020-01-20,12.43199634552002,17.200000762939453,17.399999618530273,17.100000381469727,17.399999618530273,1726700
2020-01-21,12.28743839263916,17.0,17.299999237060547,17.0,17.100000381469727,4588300
2020-01-22,12.070600509643555,16.700000762939453,17.299999237060547,16.600000381469727,17.200000762939453,5076700
2020-01-23,11.781482696533203,16.299999237060547,16.799999237060547,16.200000762939453,16.600000381469727,4178200
2020-01-24,11.853761672973633,16.399999618530273,16.700000762939453,16.299999237060547,16.399999618530273,3436300
2020-01-27,11.058693885803223,15.300000190734863,16.200000762939453,15.300000190734863,16.0,6233200
2020-01-28,10.986413955688477,15.199999809265137,15.399999618530273,15.0,15.100000381469727,3872100
2020-01-29,10.91413688659668,15.100000381469727,15.399999618530273,15.100000381469727,15.399999618530273,2045900
2020-01-30,10.841856956481934,15.0,15.300000190734863,14.899999618530273,15.100000381469727,4192500
2020-01-31,10.697298049926758,14.800000190734863,15.199999809265137,14.800000190734863,15.100000381469727,2820700
2020-02-03,10.552740097045898,14.600000381469727,14.899999618530273,14.5,14.800000190734863,3419500
2020-02-04,10.841856956481934,15.0,15.100000381469727,14.600000381469727,14.699999809265137,3698800
2020-02-05,11.058693885803223,15.300000190734863,15.600000381469727,15.0,15.100000381469727,5333000
2020-02-06,11.130971908569336,15.399999618530273,15.5,15.300000190734863,15.300000190734863,1911000
2020-02-07,11.203250885009766,15.5,15.600000381469727,15.300000190734863,15.399999618530273,2737800
2020-02-11,11.347810745239258,15.699999809265137,15.899999618530273,15.5,15.5,2818100
2020-02-12,11.275530815124512,15.600000381469727,15.800000190734863,15.5,15.699999809265137,2028400
2020-02-13,11.347810745239258,15.699999809265137,15.699999809265137,15.5,15.600000381469727,1245900
2020-02-14,11.275530815124512,15.600000381469727,15.699999809265137,15.5,15.600000381469727,1639400
2020-02-17,11.058693885803223,15.300000190734863,15.600000381469727,15.199999809265137,15.5,4768000
2020-02-18,10.986413955688477,15.199999809265137,15.300000190734863,14.800000190734863,15.300000190734863,6241900
2020-02-19,10.697298049926758,14.800000190734863,15.100000381469727,14.800000190734863,15.100000381469727,3982900
2020-02-20,10.552740097045898,14.600000381469727,15.0,14.5,15.0,4822200
2020-02-21,10.046786308288574,13.899999618530273,14.399999618530273,13.800000190734863,14.300000190734863,6878900
2020-02-24,8.890321731567383,12.300000190734863,13.699999809265137,11.899999618530273,13.600000381469727,19606000
2020-02-25,8.67348575592041,12.0,12.300000190734863,11.800000190734863,12.100000381469727,12083500
2020-02-26,8.384369850158691,11.600000381469727,12.600000381469727,11.600000381469727,12.199999809265137,12259000
2020-02-27,8.528926849365234,11.800000190734863,11.899999618530273,11.199999809265137,11.600000381469727,7253500
2020-02-28,8.384369850158691,11.600000381469727,11.899999618530273,11.399999618530273,11.399999618530273,3807100
2020-03-02,8.16753101348877,11.300000190734863,11.800000190734863,11.199999809265137,11.699999809265137,4733000
2020-03-03,8.601204872131348,11.899999618530273,12.0,11.5,11.600000381469727,4024600
2020-03-04,9.034879684448242,12.5,12.800000190734863,11.699999809265137,11.800000190734863,8813300
2020-03-05,9.179436683654785,12.699999809265137,13.100000381469727,12.699999809265137,12.800000190734863,7382300
2020-03-06,9.39627456665039,13.0,13.0,12.5,12.5,3065500
2020-03-09,9.107158660888672,12.600000381469727,12.800000190734863,12.100000381469727,12.399999618530273,8318100
2020-03-10,9.685389518737793,13.399999618530273,13.399999618530273,12.5,12.699999809265137,5803300
2020-03-11,9.468555450439453,13.100000381469727,13.399999618530273,12.600000381469727,13.399999618530273,5736800
2020-03-12,8.67348575592041,12.0,12.600000381469727,11.600000381469727,12.5,6748900
2020-03-13,8.456648826599121,11.699999809265137,12.100000381469727,10.5,11.0,7445800
2020-03-16,7.372460842132568,10.199999809265137,11.399999618530273,10.0,11.300000190734863,6379700
2020-03-17,7.444741249084473,10.300000190734863,10.600000381469727,10.100000381469727,10.300000190734863,7439300
2020-03-18,7.806135177612305,10.800000190734863,10.800000190734863,10.300000190734863,10.399999618530273,8369300
2020-03-19,7.878413677215576,10.899999618530273,11.0,10.199999809265137,10.399999618530273,7555900
2020-03-20,8.528926849365234,11.800000190734863,11.899999618530273,11.100000381469727,11.199999809265137,9738700
2020-03-23,7.517021179199219,10.399999618530273,11.399999618530273,10.199999809265137,11.300000190734863,8871700
2020-03-24,7.589301109313965,10.5,10.800000190734863,10.199999809265137,10.699999809265137,5957300
2020-03-25,8.022974014282227,11.100000381469727,11.300000190734863,10.699999809265137,10.800000190734863,5491800
2020-03-26,8.2398099899292,11.399999618530273,11.699999809265137,10.899999618530273,10.899999618530273,3794600
2020-03-27,8.312089920043945,11.5,11.800000190734863,11.399999618530273,11.5,3027900
2020-03-30,8.2398099899292,11.399999618530273,11.399999618530273,11.399999618530273,11.399999618530273,56900
2020-03-31,8.67348575592041,12.0,12.100000381469727,11.5,11.600000381469727,4579100
2020-04-01,8.601204872131348,11.899999618530273,12.300000190734863,11.699999809265137,11.899999618530273,5779900
2020-04-02,8.890321731567383,12.300000190734863,12.300000190734863,11.800000190734863,12.0,5449700
2020-04-03,8.890321731567383,12.300000190734863,12.600000381469727,12.199999809265137,12.399999618530273,4466400
2020-04-07,9.757671356201172,13.5,13.5,12.600000381469727,12.600000381469727,6654000
2020-04-08,9.685389518737793,13.399999618530273,13.699999809265137,13.199999809265137,13.5,4347900
2020-04-09,9.68539047241211,13.100000381469727,13.5,13.0,13.199999809265137,3946500
2020-04-10,9.907193183898926,13.399999618530273,13.5,13.100000381469727,13.100000381469727,2959100
2020-04-13,10.055063247680664,13.600000381469727,13.600000381469727,13.300000190734863,13.5,2702400
2020-04-14,10.49866771697998,14.199999809265137,14.5,13.800000190734863,13.899999618530273,4877500
2020-04-15,10.20293140411377,13.800000190734863,14.199999809265137,13.600000381469727,14.199999809265137,4509000
2020-04-16,9.759325981140137,13.199999809265137,13.600000381469727,13.0,13.600000381469727,2679200
2020-04-17,9.981128692626953,13.5,13.600000381469727,13.300000190734863,13.399999618530273,1951300
2020-04-20,10.128997802734375,13.699999809265137,13.699999809265137,13.399999618530273,13.600000381469727,1983600
2020-04-21,10.055063247680664,13.600000381469727,13.600000381469727,13.300000190734863,13.399999618530273,1791700
2020-04-22,10.646536827087402,14.399999618530273,14.399999618530273,13.5,13.600000381469727,4495800
2020-04-23,10.646536827087402,14.399999618530273,15.100000381469727,14.100000381469727,14.600000381469727,7521800
2020-04-24,10.350799560546875,14.0,14.399999618530273,14.0,14.399999618530273,2345200
2020-04-27,10.868339538574219,14.699999809265137,14.699999809265137,14.100000381469727,14.199999809265137,4227400
2020-04-28,11.164077758789062,15.100000381469727,15.100000381469727,14.600000381469727,14.800000190734863,5313300
2020-04-29,11.607683181762695,15.699999809265137,15.699999809265137,15.100000381469727,15.399999618530273,4469400
2020-04-30,11.533748626708984,15.600000381469727,15.800000190734863,15.300000190734863,15.699999809265137,4471200
2020-05-05,11.164077758789062,15.100000381469727,15.399999618530273,15.0,15.300000190734863,1453300
2020-05-07,11.311945915222168,15.300000190734863,15.600000381469727,15.0,15.100000381469727,3558200
2020-05-08,11.311945915222168,15.300000190734863,15.5,15.100000381469727,15.399999618530273,2019200
2020-05-11,11.607683181762695,15.699999809265137,15.699999809265137,15.399999618530273,15.399999618530273,3691700
2020-05-12,12.125221252441406,16.399999618530273,16.799999237060547,15.699999809265137,15.699999809265137,21512200
2020-05-13,11.829485893249512,16.0,16.299999237060547,15.699999809265137,16.200000762939453,6799200
2020-05-14,11.903421401977539,16.100000381469727,16.100000381469727,15.699999809265137,15.800000190734863,1743800
2020-05-15,11.829485893249512,16.0,16.200000762939453,15.800000190734863,16.200000762939453,2057200
2020-05-18,12.051286697387695,16.299999237060547,16.5,16.0,16.0,4546500
2020-05-19,11.903421401977539,16.100000381469727,16.600000381469727,16.0,16.5,5689800
2020-05-20,12.051286697387695,16.299999237060547,16.299999237060547,16.100000381469727,16.200000762939453,4686800
2020-05-21,12.347025871276855,16.700000762939453,16.899999618530273,16.299999237060547,16.399999618530273,11751600
2020-05-22,12.494894981384277,16.899999618530273,17.5,16.399999618530273,16.799999237060547,14823900
2020-05-25,12.642762184143066,17.100000381469727,17.399999618530273,16.899999618530273,17.0,6084600
2020-05-26,12.568828582763672,17.0,17.299999237060547,16.799999237060547,17.299999237060547,3037400
2020-05-27,12.642762184143066,17.100000381469727,17.200000762939453,16.799999237060547,17.100000381469727,3576300
2020-05-28,12.790631294250488,17.299999237060547,17.399999618530273,17.0,17.200000762939453,7650200
2020-05-29,12.93850040435791,17.5,17.5,17.0,17.299999237060547,5864700
2020-06-01,12.790631294250488,17.299999237060547,17.700000762939453,17.299999237060547,17.600000381469727,2255400
2020-06-02,13.382105827331543,18.100000381469727,18.299999237060547,17.5,17.5,6963100
2020-06-04,13.234236717224121,17.899999618530273,18.299999237060547,17.899999618530273,18.299999237060547,3120200
2020-06-05,13.382105827331543,18.100000381469727,18.200000762939453,17.799999237060547,17.899999618530273,1737700
2020-06-08,13.382105827331543,18.100000381469727,18.5,18.0,18.100000381469727,3929900
2020-06-09,13.0863676071167,17.700000762939453,18.299999237060547,17.700000762939453,18.100000381469727,3392500
2020-06-10,12.8645658493042,17.399999618530273,17.799999237060547,17.299999237060547,17.799999237060547,5725500
2020-06-11,12.642762184143066,17.100000381469727,17.5,16.899999618530273,17.399999618530273,2857400
2020-06-12,12.642762184143066,17.100000381469727,17.100000381469727,16.600000381469727,16.700000762939453,3680000
2020-06-15,12.199156761169434,16.5,16.899999618530273,16.299999237060547,16.899999618530273,2932000
2020-06-16,12.42095947265625,16.799999237060547,17.100000381469727,16.600000381469727,16.899999618530273,5054500
2020-06-17,12.494894981384277,16.899999618530273,17.0,16.600000381469727,16.600000381469727,3039200
2020-06-18,12.790631294250488,17.299999237060547,17.299999237060547,16.799999237060547,16.899999618530273,2346100
2020-06-19,12.8645658493042,17.399999618530273,17.899999618530273,17.200000762939453,17.299999237060547,5446000
2020-06-22,12.8645658493042,17.399999618530273,17.5,17.100000381469727,17.399999618530273,1472700
2020-06-23,12.568828582763672,17.0,17.700000762939453,17.0,17.600000381469727,2584200
2020-06-24,12.347025871276855,16.700000762939453,17.200000762939453,16.700000762939453,17.0,2331400
2020-06-25,12.273093223571777,16.600000381469727,16.700000762939453,16.299999237060547,16.299999237060547,2242000
2020-06-26,12.199156761169434,16.5,16.799999237060547,16.5,16.600000381469727,1965000
2020-06-29,12.494894981384277,16.899999618530273,17.100000381469727,16.200000762939453,16.399999618530273,3698700
2020-06-30,12.347025871276855,16.700000762939453,17.5,16.700000762939453,16.899999618530273,18629900
2020-07-01,12.347025871276855,16.700000762939453,16.799999237060547,16.100000381469727,16.600000381469727,4750700
2020-07-02,12.42095947265625,16.799999237060547,17.200000762939453,16.600000381469727,16.700000762939453,8195600
2020-07-03,12.347025871276855,16.700000762939453,16.899999618530273,16.600000381469727,16.899999618530273,1596200
2020-07-07,11.977354049682617,16.200000762939453,17.0,16.200000762939453,16.899999618530273,6364500
2020-07-08,12.273093223571777,16.600000381469727,16.799999237060547,16.200000762939453,16.299999237060547,5687400
2020-07-09,12.051286697387695,16.299999237060547,16.700000762939453,16.200000762939453,16.700000762939453,3381200
2020-07-10,11.977354049682617,16.200000762939453,16.399999618530273,16.200000762939453,16.299999237060547,2318000
2020-07-13,11.68161678314209,15.800000190734863,16.399999618530273,15.600000381469727,16.399999618530273,6210100
2020-07-14,11.533748626708984,15.600000381469727,15.699999809265137,15.5,15.600000381469727,2049900
2020-07-15,11.607683181762695,15.699999809265137,15.800000190734863,15.600000381469727,15.699999809265137,2902800
2020-07-16,11.68161678314209,15.800000190734863,15.899999618530273,15.600000381469727,15.699999809265137,1836800
2020-07-17,11.829485893249512,16.0,16.0,15.800000190734863,15.899999618530273,1563200
2020-07-20,11.829485893249512,16.0,16.200000762939453,15.899999618530273,16.0,1298800
2020-07-21,12.273093223571777,16.600000381469727,16.600000381469727,16.100000381469727,16.200000762939453,3756500
2020-07-22,11.829485893249512,16.0,16.700000762939453,16.0,16.5,3842900
2020-07-23,11.903421401977539,16.100000381469727,16.100000381469727,15.899999618530273,16.0,983700
2020-07-24,11.7555513381958,15.899999618530273,16.200000762939453,15.699999809265137,15.899999618530273,1972700
2020-07-29,11.829485893249512,16.0,16.100000381469727,15.800000190734863,16.0,730400
2020-07-30,11.311945915222168,15.300000190734863,16.200000762939453,15.300000190734863,16.200000762939453,4428100
2020-07-31,11.164077758789062,15.100000381469727,15.399999618530273,14.899999618530273,15.399999618530273,3475300
2020-08-03,11.164077758789062,15.100000381469727,15.300000190734863,14.800000190734863,15.199999809265137,3599900
2020-08-04,11.238011360168457,15.199999809265137,15.399999618530273,15.100000381469727,15.199999809265137,2067500
2020-08-05,11.385878562927246,15.399999618530273,15.5,15.100000381469727,15.300000190734863,1901700
2020-08-06,11.090141296386719,15.0,15.399999618530273,15.0,15.300000190734863,1856900
2020-08-07,10.868339538574219,14.699999809265137,15.0,14.699999809265137,15.0,2811800
2020-08-10,10.942275047302246,14.800000190734863,14.899999618530273,14.699999809265137,14.699999809265137,695300
2020-08-11,11.090141296386719,15.0,15.0,14.699999809265137,14.800000190734863,1402200
2020-08-13,11.238011360168457,15.199999809265137,15.199999809265137,14.800000190734863,14.899999618530273,1784700
2020-08-14,10.942275047302246,14.800000190734863,15.199999809265137,14.699999809265137,15.100000381469727,1544500
2020-08-17,10.720470428466797,14.5,14.899999618530273,14.5,14.800000190734863,1450900
2020-08-18,10.572603225708008,14.300000190734863,14.699999809265137,14.199999809265137,14.5,1849400
2020-08-19,10.128997802734375,13.699999809265137,14.399999618530273,13.699999809265137,14.399999618530273,4658500
2020-08-20,10.055063247680664,13.600000381469727,14.0,13.600000381469727,13.699999809265137,3988200
2020-08-21,10.055063247680664,13.600000381469727,13.800000190734863,13.600000381469727,13.800000190734863,1396900
2020-08-24,10.276865005493164,13.899999618530273,14.0,13.600000381469727,13.699999809265137,1997600
2020-08-25,10.20293140411377,13.800000190734863,14.0,13.699999809265137,14.0,2476100
2020-08-26,10.276865005493164,13.899999618530273,13.899999618530273,13.600000381469727,13.800000190734863,2363700
2020-08-27,10.646536827087402,14.399999618530273,14.399999618530273,13.899999618530273,13.899999618530273,2469400
2020-08-28,10.646536827087402,14.399999618530273,14.699999809265137,14.300000190734863,14.5,3142600
2020-08-31,10.572603225708008,14.300000190734863,14.800000190734863,14.100000381469727,14.600000381469727,3427200
2020-09-01,10.350799560546875,14.0,14.600000381469727,14.0,14.300000190734863,4193700
2020-09-02,10.794404983520508,14.600000381469727,14.600000381469727,14.0,14.0,2583200
2020-09-03,10.572603225708008,14.300000190734863,14.699999809265137,14.199999809265137,14.699999809265137,2503000
2020-09-08,10.720470428466797,14.5,14.5,14.100000381469727,14.300000190734863,1175600
2020-09-09,10.646536827087402,14.399999618530273,14.5,14.300000190734863,14.300000190734863,1503300
2020-09-10,10.495521545410156,13.899999618530273,14.300000190734863,13.899999618530273,14.199999809265137,3006800
2020-09-11,10.495521545410156,13.899999618530273,14.199999809265137,13.899999618530273,14.0,1790200
2020-09-14,10.269001007080078,13.600000381469727,13.899999618530273,13.5,13.899999618530273,2552400
2020-09-15,10.344507217407227,13.699999809265137,13.800000190734863,13.5,13.699999809265137,1706300
2020-09-16,10.344507217407227,13.699999809265137,13.800000190734863,13.5,13.600000381469727,695200
2020-09-17,10.269001007080078,13.600000381469727,13.699999809265137,13.5,13.600000381469727,1191800
2020-09-18,10.646537780761719,14.100000381469727,14.100000381469727,13.600000381469727,13.600000381469727,4288100
2020-09-21,10.269001007080078,13.600000381469727,14.399999618530273,13.600000381469727,14.199999809265137,2450800
2020-09-22,10.344507217407227,13.699999809265137,13.800000190734863,13.399999618530273,13.5,1885700
2020-09-23,10.344507217407227,13.699999809265137,13.699999809265137,13.600000381469727,13.699999809265137,910100
2020-09-24,10.04247760772705,13.300000190734863,13.600000381469727,13.300000190734863,13.600000381469727,2556700
2020-09-25,9.966970443725586,13.199999809265137,13.5,13.199999809265137,13.300000190734863,2400500
2020-09-28,9.966970443725586,13.199999809265137,13.5,13.100000381469727,13.300000190734863,3715700
2020-09-29,10.193492889404297,13.5,13.5,13.100000381469727,13.300000190734863,2791800
2020-09-30,9.891462326049805,13.100000381469727,13.399999618530273,13.100000381469727,13.399999618530273,857000
2020-10-01,9.891462326049805,13.100000381469727,13.399999618530273,13.100000381469727,13.100000381469727,3318200
2020-10-02,9.891462326049805,13.100000381469727,13.300000190734863,13.0,13.0,1411600
2020-10-05,10.04247760772705,13.300000190734863,13.5,13.100000381469727,13.100000381469727,1459700
2020-10-06,10.04247760772705,13.300000190734863,13.600000381469727,13.199999809265137,13.399999618530273,2496800
2020-10-07,10.04247760772705,13.300000190734863,13.5,13.199999809265137,13.399999618530273,2079500
2020-10-08,10.04247760772705,13.300000190734863,13.600000381469727,13.300000190734863,13.399999618530273,2737200
2020-10-09,9.891462326049805,13.100000381469727,13.399999618530273,13.100000381469727,13.399999618530273,1296000
2020-10-12,10.495521545410156,13.899999618530273,13.899999618530273,13.300000190734863,13.300000190734863,5018500
2020-10-14,10.193492889404297,13.5,13.800000190734863,13.300000190734863,13.800000190734863,4708100
2020-10-15,10.04247760772705,13.300000190734863,13.5,13.100000381469727,13.399999618530273,2513000
2020-10-16,10.1179838180542,13.399999618530273,13.399999618530273,13.199999809265137,13.399999618530273,1086500
2020-10-19,10.04247760772705,13.300000190734863,13.300000190734863,13.0,13.300000190734863,1963700
2020-10-20,10.04247760772705,13.300000190734863,13.399999618530273,13.199999809265137,13.199999809265137,1354400
2020-10-21,10.04247760772705,13.300000190734863,13.699999809265137,13.300000190734863,13.399999618530273,2407300
2020-10-22,10.420015335083008,13.800000190734863,13.800000190734863,13.199999809265137,13.300000190734863,3028800
2020-10-26,10.193492889404297,13.5,13.800000190734863,13.399999618530273,13.699999809265137,2240100
2020-10-27,10.1179838180542,13.399999618530273,13.600000381469727,13.300000190734863,13.300000190734863,1900500
2020-10-28,10.1179838180542,13.399999618530273,13.800000190734863,13.399999618530273,13.5,3030500
2020-10-29,10.193492889404297,13.5,13.600000381469727,13.399999618530273,13.5,1339300
2020-10-30,10.04247760772705,13.300000190734863,13.699999809265137,13.100000381469727,13.5,2860200
2020-11-02,10.1179838180542,13.399999618530273,13.399999618530273,13.100000381469727,13.300000190734863,2020500
2020-11-03,10.269001007080078,13.600000381469727,13.600000381469727,13.300000190734863,13.399999618530273,2014600
2020-11-04,10.04247760772705,13.300000190734863,13.699999809265137,13.300000190734863,13.699999809265137,4675700
2020-11-05,10.420015335083008,13.800000190734863,14.199999809265137,13.399999618530273,13.399999618530273,13552300
2020-11-06,10.344507217407227,13.699999809265137,14.100000381469727,13.600000381469727,13.800000190734863,7569700
2020-11-09,10.646537780761719,14.100000381469727,14.300000190734863,13.800000190734863,14.0,8317600
2020-11-10,10.646537780761719,14.100000381469727,14.399999618530273,13.800000190734863,14.100000381469727,9269400
2020-11-11,10.722043991088867,14.199999809265137,14.5,14.0,14.199999809265137,9167900
2020-11-12,11.024073600769043,14.600000381469727,14.699999809265137,14.199999809265137,14.300000190734863,11179600
2020-11-13,10.948566436767578,14.5,14.699999809265137,14.300000190734863,14.5,5744800
2020-11-16,10.948566436767578,14.5,14.800000190734863,14.300000190734863,14.600000381469727,5762500
2020-11-17,10.873058319091797,14.399999618530273,14.699999809265137,14.399999618530273,14.399999618530273,4247500
2020-11-18,11.401611328125,15.100000381469727,15.100000381469727,14.399999618530273,14.399999618530273,10118400
2020-11-19,11.93016242980957,15.800000190734863,16.0,15.100000381469727,15.100000381469727,11233200
2020-11-20,12.005669593811035,15.899999618530273,16.200000762939453,15.699999809265137,15.699999809265137,6172000
2020-11-23,12.156683921813965,16.100000381469727,16.299999237060547,15.699999809265137,15.899999618530273,6308100
2020-11-24,11.854655265808105,15.699999809265137,16.299999237060547,15.699999809265137,16.100000381469727,6169700
2020-11-25,12.005669593811035,15.899999618530273,16.100000381469727,15.699999809265137,16.0,6995500
2020-11-26,12.156683921813965,16.100000381469727,16.299999237060547,15.800000190734863,16.0,5982800
2020-11-27,12.685234069824219,16.799999237060547,17.299999237060547,16.200000762939453,16.200000762939453,10181300
2020-11-30,12.156683921813965,16.100000381469727,16.700000762939453,16.0,16.5,15962200
2020-12-01,11.93016242980957,15.800000190734863,16.200000762939453,15.699999809265137,16.100000381469727,8068700
2020-12-02,12.0811767578125,16.0,16.200000762939453,15.699999809265137,15.800000190734863,8380600
2020-12-03,12.156683921813965,16.100000381469727,16.299999237060547,15.899999618530273,16.100000381469727,5608000
2020-12-04,12.383204460144043,16.399999618530273,16.399999618530273,16.0,16.200000762939453,7176300
2020-12-08,13.06277084350586,17.299999237060547,17.299999237060547,16.5,16.5,14354300
2020-12-09,12.987263679504395,17.200000762939453,17.600000381469727,16.899999618530273,17.299999237060547,10540400
2020-12-14,12.760743141174316,16.899999618530273,17.399999618530273,16.799999237060547,17.299999237060547,7290800
2020-12-15,12.836250305175781,17.0,17.0,16.700000762939453,16.899999618530273,2868600
2020-12-16,12.987263679504395,17.200000762939453,17.399999618530273,17.0,17.100000381469727,8605600
2020-12-17,12.987263679504395,17.200000762939453,17.399999618530273,17.0,17.200000762939453,3827800
2020-12-18,12.911757469177246,17.100000381469727,17.5,17.100000381469727,17.200000762939453,3879300
2020-12-21,11.854655265808105,15.699999809265137,16.899999618530273,15.600000381469727,16.600000381469727,10247400
2020-12-22,12.005669593811035,15.899999618530273,16.100000381469727,15.399999618530273,15.699999809265137,4229700
2020-12-23,12.005669593811035,15.899999618530273,16.0,15.699999809265137,15.899999618530273,3035400
2020-12-24,12.005669593811035,15.899999618530273,16.100000381469727,15.600000381469727,15.800000190734863,2104500
2020-12-25,12.0811767578125,16.0,16.200000762939453,15.899999618530273,16.0,3946800
2020-12-28,11.552626609802246,15.300000190734863,16.100000381469727,15.300000190734863,16.100000381469727,9446200
2020-12-29,11.477118492126465,15.199999809265137,15.5,15.0,15.300000190734863,6960400
2020-12-30,11.401611328125,15.100000381469727,15.699999809265137,14.800000190734863,15.300000190734863,17059100
2021-01-04,11.552626609802246,15.300000190734863,15.300000190734863,14.800000190734863,14.800000190734863,5701400
2021-01-05,12.307697296142578,16.299999237060547,16.299999237060547,15.199999809265137,15.199999809265137,7402300
2021-01-06,12.23219108581543,16.200000762939453,16.700000762939453,16.0,16.5,9640500
2021-01-07,12.458714485168457,16.5,16.5,16.200000762939453,16.5,3708800
2021-01-08,12.005669593811035,15.899999618530273,16.700000762939453,15.800000190734863,16.700000762939453,6792500
2021-01-11,12.0811767578125,16.0,16.100000381469727,15.800000190734863,15.899999618530273,2421700
2021-01-12,12.005669593811035,15.899999618530273,16.0,15.800000190734863,16.0,2161000
2021-01-13,12.156683921813965,16.100000381469727,16.399999618530273,16.0,16.0,5602700
2021-01-14,12.156683921813965,16.100000381469727,16.299999237060547,16.0,16.299999237060547,2994800
2021-01-15,12.005669593811035,15.899999618530273,16.100000381469727,15.899999618530273,16.100000381469727,1991400
2021-01-18,11.779147148132324,15.600000381469727,15.899999618530273,15.5,15.899999618530273,2746200
2021-01-19,12.0811767578125,16.0,16.100000381469727,15.699999809265137,15.699999809265137,2694500
2021-01-20,12.0811767578125,16.0,16.200000762939453,15.899999618530273,16.100000381469727,2102000
2021-01-21,11.93016242980957,15.800000190734863,16.100000381469727,15.699999809265137,16.100000381469727,3164300
2021-01-22,11.854655265808105,15.699999809265137,16.0,15.600000381469727,15.800000190734863,1814100
2021-01-25,11.779147148132324,15.600000381469727,15.699999809265137,15.5,15.699999809265137,1963000
2021-01-26,11.93016242980957,15.800000190734863,15.899999618530273,15.5,15.600000381469727,985300
2021-01-27,12.911757469177246,17.100000381469727,17.200000762939453,15.899999618530273,15.899999618530273,21846600
2021-01-28,13.213787078857422,17.5,18.299999237060547,16.799999237060547,16.899999618530273,38212900
2021-01-29,12.911757469177246,17.100000381469727,17.700000762939453,16.600000381469727,17.600000381469727,17826800
2021-02-01,13.893352508544922,18.399999618530273,18.700000762939453,17.100000381469727,17.200000762939453,42464900
2021-02-02,13.968860626220703,18.5,19.200000762939453,18.5,18.799999237060547,32666500
2021-02-03,13.817845344543457,18.299999237060547,18.700000762939453,18.0,18.600000381469727,13403100
2021-02-04,14.421905517578125,19.100000381469727,19.100000381469727,18.200000762939453,18.299999237060547,31255400
2021-02-05,14.421905517578125,19.100000381469727,19.200000762939453,18.700000762939453,19.0,16673800
2021-02-08,14.79944133758545,19.600000381469727,19.700000762939453,19.0,19.399999618530273,19325300
2021-02-09,14.723933219909668,19.5,19.700000762939453,19.399999618530273,19.600000381469727,9713400
2021-02-10,15.554513931274414,20.600000381469727,20.600000381469727,19.600000381469727,19.600000381469727,37551900
2021-02-11,15.630022048950195,20.700000762939453,21.0,20.200000762939453,20.399999618530273,17447600
2021-02-15,15.554513931274414,20.600000381469727,20.799999237060547,19.899999618530273,20.700000762939453,18770800
2021-02-16,16.00756072998047,21.200000762939453,21.600000381469727,21.0,21.200000762939453,25083100
2021-02-17,15.856546401977539,21.0,21.399999618530273,20.700000762939453,21.100000381469727,9915500
2021-02-18,15.856546401977539,21.0,21.299999237060547,20.600000381469727,21.100000381469727,10939000
2021-02-19,15.47900390625,20.5,21.100000381469727,20.299999237060547,20.899999618530273,10563800
2021-02-22,14.950454711914062,19.799999237060547,20.399999618530273,19.399999618530273,20.299999237060547,14733000
2021-02-23,14.79944133758545,19.600000381469727,19.799999237060547,19.299999237060547,19.600000381469727,7764300
2021-02-24,14.270889282226562,18.899999618530273,20.0,18.5,19.600000381469727,24072100
2021-02-25,14.270889282226562,18.899999618530273,19.299999237060547,18.700000762939453,19.0,11564300
2021-03-01,14.270889282226562,18.899999618530273,19.0,18.600000381469727,18.899999618530273,9350900
2021-03-02,14.119874954223633,18.700000762939453,19.100000381469727,18.600000381469727,18.799999237060547,10081200
2021-03-03,14.119874954223633,18.700000762939453,18.899999618530273,18.299999237060547,18.700000762939453,12692300
2021-03-04,14.723933219909668,19.5,19.600000381469727,18.700000762939453,18.799999237060547,23086900
2021-03-05,14.572919845581055,19.299999237060547,19.700000762939453,19.200000762939453,19.399999618530273,15419100
2021-03-08,14.195382118225098,18.799999237060547,19.600000381469727,18.700000762939453,19.399999618530273,14295300
2021-03-09,14.119874954223633,18.700000762939453,19.0,18.600000381469727,18.799999237060547,5809900
2021-03-10,14.421905517578125,19.100000381469727,19.100000381469727,18.700000762939453,18.700000762939453,8454800
2021-03-11,14.270889282226562,18.899999618530273,19.100000381469727,18.799999237060547,19.100000381469727,7218500
2021-03-12,14.723933219909668,19.5,19.5,18.899999618530273,18.899999618530273,17354000
2021-03-15,14.572919845581055,19.299999237060547,19.700000762939453,19.100000381469727,19.600000381469727,13527200
2021-03-16,14.497411727905273,19.200000762939453,19.5,19.0,19.299999237060547,5990900
2021-03-17,14.421905517578125,19.100000381469727,19.200000762939453,19.0,19.200000762939453,3347700
2021-03-18,14.270889282226562,18.899999618530273,19.399999618530273,18.799999237060547,19.100000381469727,8728300
2021-03-19,14.270889282226562,18.899999618530273,19.0,18.700000762939453,18.899999618530273,3108400
2021-03-22,14.648427963256836,19.399999618530273,19.5,18.899999618530273,19.0,7420900
2021-03-23,14.270889282226562,18.899999618530273,19.600000381469727,18.899999618530273,19.5,9507900
2021-03-24,14.346395492553711,19.0,19.100000381469727,18.799999237060547,18.899999618530273,3937800
2021-03-25,14.950454711914062,19.799999237060547,20.100000381469727,19.100000381469727,19.200000762939453,38524100
2021-03-26,15.101469039916992,20.0,20.600000381469727,19.899999618530273,20.0,32588700
2021-03-29,15.101469039916992,20.0,20.399999618530273,19.899999618530273,20.200000762939453,11923900
2021-03-30,15.025964736938477,19.899999618530273,20.100000381469727,19.700000762939453,20.0,10031600
2021-03-31,15.176980018615723,20.100000381469727,20.399999618530273,19.899999618530273,19.899999618530273,15932200
2021-04-01,15.252486228942871,20.200000762939453,20.600000381469727,20.100000381469727,20.299999237060547,15124000
2021-04-02,15.176980018615723,20.100000381469727,20.399999618530273,20.100000381469727,20.299999237060547,6940400
2021-04-05,15.101469039916992,20.0,20.200000762939453,19.799999237060547,20.100000381469727,6991700
2021-04-07,14.572919845581055,19.299999237060547,19.799999237060547,19.299999237060547,19.799999237060547,13778800
2021-04-08,14.723933219909668,19.5,19.600000381469727,19.200000762939453,19.299999237060547,7947900
2021-04-09,14.762377738952637,19.200000762939453,19.299999237060547,19.0,19.100000381469727,5643600
2021-04-12,14.147278785705566,18.399999618530273,19.200000762939453,18.299999237060547,19.100000381469727,10335900
2021-04-16,14.070391654968262,18.299999237060547,18.600000381469727,18.0,18.299999237060547,6805900
2021-04-19,14.301054000854492,18.600000381469727,18.700000762939453,18.299999237060547,18.299999237060547,3890800
2021-04-20,14.377941131591797,18.700000762939453,19.100000381469727,18.600000381469727,18.600000381469727,6969900
2021-04-21,14.377941131591797,18.700000762939453,18.899999618530273,18.700000762939453,18.899999618530273,2300600
2021-04-22,14.147278785705566,18.399999618530273,18.799999237060547,18.299999237060547,18.799999237060547,6810200
2021-04-23,13.839729309082031,18.0,18.399999618530273,17.899999618530273,18.299999237060547,8700400
2021-04-26,13.76284122467041,17.899999618530273,18.0,17.799999237060547,17.799999237060547,4116800
2021-04-27,13.76284122467041,17.899999618530273,18.399999618530273,17.799999237060547,17.899999618530273,7658800
2021-04-28,13.839729309082031,18.0,18.299999237060547,17.799999237060547,17.899999618530273,5401700
2021-04-29,14.070391654968262,18.299999237060547,18.5,18.0,18.100000381469727,5790000
2021-04-30,13.916617393493652,18.100000381469727,18.5,18.100000381469727,18.399999618530273,7063400
2021-05-05,13.685955047607422,17.799999237060547,18.200000762939453,17.700000762939453,18.100000381469727,7591700
2021-05-06,13.76284122467041,17.899999618530273,18.0,17.700000762939453,17.799999237060547,4249900
2021-05-07,13.993505477905273,18.200000762939453,18.299999237060547,17.899999618530273,18.0,4572100
2021-05-10,14.147278785705566,18.399999618530273,18.5,18.200000762939453,18.299999237060547,9834400
2021-05-11,13.76284122467041,17.899999618530273,18.399999618530273,17.899999618530273,18.399999618530273,9921500
2021-05-12,13.6090669631958,17.700000762939453,18.100000381469727,17.600000381469727,18.0,7685400
2021-05-13,13.37840461730957,17.399999618530273,17.700000762939453,17.0,17.5,9679100
2021-05-14,13.37840461730957,17.399999618530273,17.5,17.100000381469727,17.5,3068800
2021-05-17,13.224629402160645,17.200000762939453,17.399999618530273,17.100000381469727,17.299999237060547,2344500
2021-05-18,13.455292701721191,17.5,17.700000762939453,17.299999237060547,17.299999237060547,2135400
2021-05-19,13.685955047607422,17.799999237060547,17.799999237060547,17.5,17.5,2818500
2021-05-20,13.76284122467041,17.899999618530273,18.299999237060547,17.799999237060547,18.0,7272200
2021-05-21,13.76284122467041,17.899999618530273,18.100000381469727,17.799999237060547,17.899999618530273,3555500
2021-05-24,14.454828262329102,18.799999237060547,18.799999237060547,17.899999618530273,17.899999618530273,14415900
2021-05-25,14.531715393066406,18.899999618530273,19.200000762939453,18.899999618530273,19.200000762939453,17984000
2021-05-27,14.685491561889648,19.100000381469727,19.399999618530273,18.799999237060547,18.799999237060547,14364900
2021-05-28,14.608601570129395,19.0,19.299999237060547,18.899999618530273,19.200000762939453,6674900
2021-05-31,14.685491561889648,19.100000381469727,19.200000762939453,18.799999237060547,19.100000381469727,4305700
2021-06-01,14.916153907775879,19.399999618530273,19.600000381469727,19.200000762939453,19.200000762939453,9161700
2021-06-02,14.916153907775879,19.399999618530273,19.5,19.299999237060547,19.5,5614700
2021-06-04,14.916153907775879,19.399999618530273,19.600000381469727,19.299999237060547,19.399999618530273,6960300
2021-06-07,15.069927215576172,19.600000381469727,19.899999618530273,19.5,19.5,7738300
2021-06-08,15.454366683959961,20.100000381469727,20.200000762939453,19.700000762939453,19.700000762939453,10104200
2021-06-09,15.069927215576172,19.600000381469727,20.299999237060547,19.399999618530273,20.200000762939453,12730400
2021-06-10,15.223701477050781,19.799999237060547,19.899999618530273,19.600000381469727,19.600000381469727,5244200
2021-06-11,15.300591468811035,19.899999618530273,20.100000381469727,19.799999237060547,19.799999237060547,4970600
2021-06-14,15.223701477050781,19.799999237060547,20.100000381469727,19.600000381469727,19.899999618530273,4067400
2021-06-15,14.99303913116455,19.5,19.899999618530273,19.5,19.899999618530273,4096000
2021-06-16,14.99303913116455,19.5,19.600000381469727,19.399999618530273,19.600000381469727,2992200
2021-06-17,14.454828262329102,18.799999237060547,19.600000381469727,18.700000762939453,19.399999618530273,12875900
2021-06-18,14.531715393066406,18.899999618530273,19.100000381469727,18.600000381469727,18.899999618530273,8007400
2021-06-21,14.301054000854492,18.600000381469727,18.799999237060547,18.5,18.700000762939453,3126200
2021-06-22,14.147278785705566,18.399999618530273,18.799999237060547,18.399999618530273,18.799999237060547,4472000
2021-06-23,14.070391654968262,18.299999237060547,18.700000762939453,18.299999237060547,18.5,2695800
2021-06-24,13.916617393493652,18.100000381469727,18.399999618530273,18.0,18.299999237060547,3599400
2021-06-25,13.916617393493652,18.100000381469727,18.5,18.0,18.100000381469727,3297300
2021-06-28,13.916617393493652,18.100000381469727,18.5,18.0,18.100000381469727,6427000
2021-06-29,13.993505477905273,18.200000762939453,18.399999618530273,18.100000381469727,18.100000381469727,3153400
2021-06-30,13.685955047607422,17.799999237060547,18.299999237060547,17.799999237060547,18.200000762939453,10571900
2021-07-01,13.76284122467041,17.899999618530273,18.200000762939453,17.5,18.100000381469727,10110700
2021-07-02,13.685955047607422,17.799999237060547,18.0,17.700000762939453,17.899999618530273,4698900
2021-07-05,13.685955047607422,17.799999237060547,17.899999618530273,17.5,17.899999618530273,3084700
2021-07-06,13.532179832458496,17.600000381469727,17.899999618530273,17.600000381469727,17.799999237060547,3599200
2021-07-07,13.37840461730957,17.399999618530273,17.899999618530273,17.399999618530273,17.700000762939453,5935700
2021-07-08,13.224629402160645,17.200000762939453,17.5,16.899999618530273,17.299999237060547,6420200
2021-07-09,13.224629402160645,17.200000762939453,17.299999237060547,16.899999618530273,17.100000381469727,5640000
2021-07-12,13.224629402160645,17.200000762939453,17.5,17.100000381469727,17.399999618530273,1791200
2021-07-13,13.532179832458496,17.600000381469727,17.600000381469727,17.200000762939453,17.299999237060547,1759700
2021-07-14,13.455292701721191,17.5,17.600000381469727,17.399999618530273,17.600000381469727,1899000
2021-07-15,13.37840461730957,17.399999618530273,17.799999237060547,17.299999237060547,17.5,2983000
2021-07-16,13.76284122467041,17.899999618530273,18.0,17.399999618530273,17.399999618530273,6566500
2021-07-19,13.532179832458496,17.600000381469727,17.799999237060547,17.5,17.600000381469727,4838500
2021-07-20,13.993505477905273,18.200000762939453,18.299999237060547,17.899999618530273,18.0,12255600
2021-07-21,13.685955047607422,17.799999237060547,18.200000762939453,17.700000762939453,18.200000762939453,6576000
2021-07-22,13.76284122467041,17.899999618530273,18.100000381469727,17.799999237060547,18.0,3713400
2021-07-23,13.76284122467041,17.899999618530273,18.200000762939453,17.799999237060547,17.899999618530273,2067600
2021-07-27,13.685955047607422,17.799999237060547,18.100000381469727,17.600000381469727,18.0,3158000
2021-07-29,13.6090669631958,17.700000762939453,17.899999618530273,17.700000762939453,17.799999237060547,1897500
2021-07-30,13.37840461730957,17.399999618530273,17.799999237060547,17.299999237060547,17.700000762939453,2660900
2021-08-02,13.37840461730957,17.399999618530273,17.5,17.299999237060547,17.399999618530273,1167800
2021-08-03,13.685955047607422,17.799999237060547,17.799999237060547,17.399999618530273,17.5,1470600
2021-08-04,13.916617393493652,18.100000381469727,18.200000762939453,17.700000762939453,17.899999618530273,3726100
2021-08-05,13.6090669631958,17.700000762939453,18.200000762939453,17.700000762939453,18.100000381469727,3439200
2021-08-06,13.455292701721191,17.5,17.799999237060547,17.399999618530273,17.700000762939453,2772800
2021-08-09,14.301054000854492,18.600000381469727,18.799999237060547,17.700000762939453,17.799999237060547,16945100
2021-08-10,14.224166870117188,18.5,18.700000762939453,18.100000381469727,18.600000381469727,9917600
2021-08-11,14.301054000854492,18.600000381469727,18.899999618530273,18.399999618530273,18.700000762939453,11978900
2021-08-13,14.147278785705566,18.399999618530273,18.700000762939453,18.299999237060547,18.600000381469727,4207900
2021-08-16,13.993505477905273,18.200000762939453,18.399999618530273,18.0,18.399999618530273,3263900
2021-08-17,14.224166870117188,18.5,18.600000381469727,18.200000762939453,18.200000762939453,3731100
2021-08-18,13.993505477905273,18.200000762939453,18.799999237060547,18.200000762939453,18.700000762939453,4007700
2021-08-19,13.916617393493652,18.100000381469727,18.399999618530273,18.100000381469727,18.200000762939453,2056800
2021-08-20,13.916617393493652,18.100000381469727,18.200000762939453,17.899999618530273,18.100000381469727,4380000
2021-08-23,14.070391654968262,18.299999237060547,18.600000381469727,18.100000381469727,18.299999237060547,7493400
2021-08-24,14.070391654968262,18.299999237060547,18.5,18.200000762939453,18.399999618530273,3583500
2021-08-25,14.531715393066406,18.899999618530273,18.899999618530273,18.299999237060547,18.399999618530273,13734400
2021-08-26,14.454828262329102,18.799999237060547,19.100000381469727,18.700000762939453,19.0,12770100
2021-08-27,14.377941131591797,18.700000762939453,18.899999618530273,18.600000381469727,18.799999237060547,4663900
2021-08-30,14.685491561889648,19.100000381469727,19.200000762939453,18.799999237060547,18.799999237060547,11276000
2021-08-31,14.685491561889648,19.100000381469727,19.5,19.100000381469727,19.200000762939453,13312200
2021-09-01,14.454828262329102,18.799999237060547,19.200000762939453,18.700000762939453,19.100000381469727,5916600
2021-09-02,14.454828262329102,18.799999237060547,19.0,18.600000381469727,18.899999618530273,7513800
2021-09-03,14.531715393066406,18.899999618530273,19.0,18.700000762939453,18.799999237060547,5937800
2021-09-06,14.531715393066406,18.899999618530273,19.200000762939453,18.899999618530273,18.899999618530273,5966800
2021-09-07,14.301054000854492,18.600000381469727,19.0,18.600000381469727,18.899999618530273,5272900
2021-09-08,14.301054000854492,18.600000381469727,18.700000762939453,18.200000762939453,18.5,5739100
2021-09-09,14.144759178161621,18.100000381469727,18.399999618530273,18.100000381469727,18.200000762939453,3641500
2021-09-10,14.066608428955078,18.0,18.299999237060547,17.899999618530273,18.200000762939453,4518800
2021-09-13,13.91031551361084,17.799999237060547,18.100000381469727,17.799999237060547,18.0,3337600
2021-09-14,13.91031551361084,17.799999237060547,18.100000381469727,17.799999237060547,17.799999237060547,5941900
2021-09-15,13.988463401794434,17.899999618530273,18.0,17.799999237060547,17.799999237060547,2766800
2021-09-16,13.988463401794434,17.899999618530273,18.200000762939453,17.899999618530273,17.899999618530273,3279700
2021-09-17,13.75401782989502,17.600000381469727,18.0,17.5,17.899999618530273,9949300
2021-09-20,13.519574165344238,17.299999237060547,17.600000381469727,17.299999237060547,17.5,3679200
2021-09-21,13.75401782989502,17.600000381469727,17.700000762939453,17.200000762939453,17.299999237060547,3646200
2021-09-22,13.675871849060059,17.5,17.700000762939453,17.5,17.600000381469727,3135000
2021-09-23,13.675871849060059,17.5,17.700000762939453,17.299999237060547,17.600000381469727,5070100
2021-09-27,13.675871849060059,17.5,17.799999237060547,17.5,17.5,3216700
2021-09-28,13.675871849060059,17.5,17.700000762939453,17.5,17.600000381469727,2389200
2021-09-29,13.675871849060059,17.5,17.600000381469727,17.399999618530273,17.399999618530273,3175600
2021-09-30,13.83216667175293,17.700000762939453,18.299999237060547,17.600000381469727,17.600000381469727,9243000
2021-10-01,13.83216667175293,17.700000762939453,17.899999618530273,17.600000381469727,17.600000381469727,5506200
2021-10-04,13.91031551361084,17.799999237060547,18.0,17.799999237060547,17.799999237060547,3195200
2021-10-05,13.988463401794434,17.899999618530273,17.899999618530273,17.700000762939453,17.899999618530273,3237800
2021-10-06,13.988463401794434,17.899999618530273,18.200000762939453,17.899999618530273,17.899999618530273,4604500
2021-10-07,13.988463401794434,17.899999618530273,18.200000762939453,17.899999618530273,17.899999618530273,1567600
2021-10-08,13.91031551361084,17.799999237060547,18.0,17.799999237060547,17.899999618530273,3239000
2021-10-11,13.91031551361084,17.799999237060547,18.0,17.799999237060547,17.799999237060547,1986700
2021-10-12,13.75401782989502,17.600000381469727,17.899999618530273,17.5,17.799999237060547,5790500
2021-10-14,13.83216667175293,17.700000762939453,17.799999237060547,17.600000381469727,17.600000381469727,1566400
2021-10-15,13.988463401794434,17.899999618530273,18.0,17.700000762939453,17.799999237060547,2195400
2021-10-18,13.91031551361084,17.799999237060547,17.899999618530273,17.700000762939453,17.899999618530273,1399100
2021-10-19,13.75401782989502,17.600000381469727,17.799999237060547,17.600000381469727,17.799999237060547,2075600
2021-10-20,13.75401782989502,17.600000381469727,17.700000762939453,17.600000381469727,17.600000381469727,2557900
2021-10-21,13.675871849060059,17.5,17.799999237060547,17.5,17.600000381469727,2897900
2021-10-25,13.675871849060059,17.5,17.600000381469727,17.399999618530273,17.5,2149900
2021-10-26,13.75401782989502,17.600000381469727,17.700000762939453,17.5,17.5,1564200
2021-10-27,13.75401782989502,17.600000381469727,17.700000762939453,17.5,17.600000381469727,1466600
2021-10-28,13.675871849060059,17.5,17.600000381469727,17.399999618530273,17.5,1595000
2021-10-29,13.675871849060059,17.5,17.600000381469727,17.399999618530273,17.5,1305900
2021-11-01,13.675871849060059,17.5,17.600000381469727,17.299999237060547,17.5,2814400
2021-11-02,13.675871849060059,17.5,17.700000762939453,17.399999618530273,17.5,1430600
2021-11-03,13.675871849060059,17.5,18.200000762939453,17.5,17.700000762939453,6828500
2021-11-04,13.675871849060059,17.5,17.700000762939453,17.399999618530273,17.600000381469727,3223800
2021-11-05,13.75401782989502,17.600000381469727,17.600000381469727,17.399999618530273,17.5,2173000
2021-11-08,13.519574165344238,17.299999237060547,17.600000381469727,17.299999237060547,17.5,3653600
2021-11-09,13.597723960876465,17.399999618530273,17.5,17.200000762939453,17.399999618530273,2052700
2021-11-10,13.519574165344238,17.299999237060547,17.399999618530273,17.200000762939453,17.399999618530273,1815500
2021-11-11,13.519574165344238,17.299999237060547,17.399999618530273,17.100000381469727,17.200000762939453,2466800
2021-11-12,13.441426277160645,17.200000762939453,17.299999237060547,17.100000381469727,17.200000762939453,1367400
2021-11-15,13.363280296325684,17.100000381469727,17.299999237060547,17.100000381469727,17.200000762939453,2144300
2021-11-16,13.363280296325684,17.100000381469727,17.299999237060547,17.100000381469727,17.100000381469727,2266700
2021-11-17,13.597723960876465,17.399999618530273,17.399999618530273,17.200000762939453,17.200000762939453,1467000
2021-11-18,13.597723960876465,17.399999618530273,17.5,17.299999237060547,17.299999237060547,1205900
2021-11-19,13.597723960876465,17.399999618530273,17.5,17.299999237060547,17.399999618530273,1070700
2021-11-22,13.675871849060059,17.5,17.600000381469727,17.399999618530273,17.5,2216200
2021-11-23,13.597723960876465,17.399999618530273,17.600000381469727,17.399999618530273,17.5,1156200
2021-11-24,13.675871849060059,17.5,17.600000381469727,17.399999618530273,17.5,1387500
2021-11-25,13.519574165344238,17.299999237060547,17.5,17.299999237060547,17.5,1248500
2021-11-26,13.28513240814209,17.0,17.299999237060547,17.0,17.299999237060547,3657200
2021-11-29,13.128832817077637,16.799999237060547,17.0,16.600000381469727,17.0,3842400
2021-11-30,13.128832817077637,16.799999237060547,17.0,16.600000381469727,16.899999618530273,3189100
2021-12-01,13.206984519958496,16.899999618530273,17.0,16.700000762939453,16.799999237060547,1673100
2021-12-02,13.128832817077637,16.799999237060547,16.899999618530273,16.700000762939453,16.899999618530273,1410400
2021-12-03,13.206984519958496,16.899999618530273,17.0,16.799999237060547,16.899999618530273,1088300
2021-12-07,13.441426277160645,17.200000762939453,17.200000762939453,16.899999618530273,16.899999618530273,1334800
2021-12-08,13.519574165344238,17.299999237060547,17.5,17.100000381469727,17.200000762939453,1575000
2021-12-09,13.597723960876465,17.399999618530273,17.399999618530273,17.200000762939453,17.299999237060547,2150300
2021-12-13,13.597723960876465,17.399999618530273,17.5,17.299999237060547,17.399999618530273,935600
2021-12-14,13.519574165344238,17.299999237060547,17.399999618530273,17.200000762939453,17.299999237060547,1355100
2021-12-15,13.441426277160645,17.200000762939453,17.399999618530273,17.200000762939453,17.299999237060547,997100
2021-12-16,13.675871849060059,17.5,17.5,17.200000762939453,17.299999237060547,908000
2021-12-17,13.75401782989502,17.600000381469727,17.700000762939453,17.399999618530273,17.5,2905900
2021-12-20,13.597723960876465,17.399999618530273,17.799999237060547,17.299999237060547,17.700000762939453,3067000
2021-12-21,13.597723960876465,17.399999618530273,17.5,17.299999237060547,17.399999618530273,791500
2021-12-22,13.597723960876465,17.399999618530273,17.5,17.299999237060547,17.5,1586200
2021-12-23,13.519574165344238,17.299999237060547,17.5,17.200000762939453,17.399999618530273,1768500
2021-12-24,13.363280296325684,17.100000381469727,17.299999237060547,17.0,17.299999237060547,2317800
2021-12-27,13.28513240814209,17.0,17.200000762939453,17.0,17.0,658400
2021-12-28,13.28513240814209,17.0,17.200000762939453,17.0,17.0,1809400
2021-12-29,13.206984519958496,16.899999618530273,17.100000381469727,16.899999618530273,17.100000381469727,1090900
2021-12-30,13.441426277160645,17.200000762939453,17.299999237060547,16.899999618530273,16.899999618530273,3296100
2022-01-04,13.441426277160645,17.200000762939453,17.399999618530273,17.100000381469727,17.299999237060547,1390100
2022-01-05,13.363280296325684,17.100000381469727,17.200000762939453,17.0,17.200000762939453,1537300
2022-01-06,13.28513240814209,17.0,17.100000381469727,16.799999237060547,17.100000381469727,2854100
2022-01-07,13.28513240814209,17.0,17.0,16.799999237060547,17.0,2053800
2022-01-10,13.206984519958496,16.899999618530273,17.0,16.799999237060547,17.0,2039100
2022-01-11,13.363280296325684,17.100000381469727,17.200000762939453,16.899999618530273,16.899999618530273,3253100
2022-01-12,13.28513240814209,17.0,17.100000381469727,16.899999618530273,16.899999618530273,3852800
2022-01-13,13.363280296325684,17.100000381469727,17.100000381469727,16.899999618530273,17.0,949700
2022-01-14,13.363280296325684,17.100000381469727,17.200000762939453,17.0,17.100000381469727,1437900
2022-01-17,13.28513240814209,17.0,17.200000762939453,17.0,17.100000381469727,2499900
2022-01-18,13.206984519958496,16.899999618530273,17.100000381469727,16.899999618530273,17.100000381469727,2255000
2022-01-19,13.128832817077637,16.799999237060547,16.899999618530273,16.700000762939453,16.899999618530273,2970600
2022-01-20,13.050689697265625,16.700000762939453,16.899999618530273,16.700000762939453,16.899999618530273,1263100
2022-01-21,13.050689697265625,16.700000762939453,16.799999237060547,16.600000381469727,16.700000762939453,1634900
2022-01-24,13.050689697265625,16.700000762939453,16.799999237060547,16.600000381469727,16.600000381469727,1892100
2022-01-25,12.972539901733398,16.600000381469727,16.700000762939453,16.399999618530273,16.700000762939453,2191800
2022-01-26,12.972539901733398,16.600000381469727,16.799999237060547,16.600000381469727,16.700000762939453,1927900
2022-01-27,12.972539901733398,16.600000381469727,16.700000762939453,16.5,16.700000762939453,1315800
2022-01-28,13.050689697265625,16.700000762939453,16.899999618530273,16.700000762939453,16.700000762939453,1795500
2022-01-31,13.206984519958496,16.899999618530273,17.0,16.799999237060547,16.799999237060547,688300
2022-02-01,13.363280296325684,17.100000381469727,17.200000762939453,16.899999618530273,16.899999618530273,2161300
2022-02-02,13.363280296325684,17.100000381469727,17.200000762939453,16.899999618530273,17.100000381469727,1620600
2022-02-03,13.28513240814209,17.0,17.200000762939453,17.0,17.100000381469727,2006300
2022-02-04,13.28513240814209,17.0,17.0,16.899999618530273,17.0,822000
2022-02-07,13.206984519958496,16.899999618530273,17.100000381469727,16.899999618530273,17.0,1479700
2022-02-08,13.050689697265625,16.700000762939453,17.0,16.700000762939453,16.899999618530273,3654900
2022-02-09,13.128832817077637,16.799999237060547,16.899999618530273,16.700000762939453,16.799999237060547,1929200
2022-02-10,13.128832817077637,16.799999237060547,17.100000381469727,16.799999237060547,16.899999618530273,3509400
2022-02-11,13.050689697265625,16.700000762939453,16.899999618530273,16.600000381469727,16.799999237060547,3130000
2022-02-14,13.050689697265625,16.700000762939453,16.700000762939453,16.5,16.600000381469727,3389100
2022-02-15,12.972539901733398,16.600000381469727,16.799999237060547,16.600000381469727,16.700000762939453,979400
2022-02-17,13.128832817077637,16.799999237060547,17.0,16.600000381469727,16.600000381469727,1266800
2022-02-18,13.128832817077637,16.799999237060547,16.899999618530273,16.799999237060547,16.799999237060547,807400
2022-02-21,13.128832817077637,16.799999237060547,16.899999618530273,16.799999237060547,16.899999618530273,978400
2022-02-22,13.050689697265625,16.700000762939453,16.799999237060547,16.600000381469727,16.799999237060547,1863900
2022-02-23,13.128832817077637,16.799999237060547,16.899999618530273,16.700000762939453,16.700000762939453,1194700
2022-02-24,12.972539901733398,16.600000381469727,16.799999237060547,16.399999618530273,16.700000762939453,3153100
2022-02-25,13.050689697265625,16.700000762939453,16.700000762939453,16.600000381469727,16.700000762939453,800300
2022-02-28,13.050689697265625,16.700000762939453,16.799999237060547,16.600000381469727,16.700000762939453,1034000
2022-03-01,13.050689697265625,16.700000762939453,16.899999618530273,16.700000762939453,16.799999237060547,941100
2022-03-02,12.972539901733398,16.600000381469727,16.799999237060547,16.600000381469727,16.799999237060547,2060200
2022-03-03,13.050689697265625,16.700000762939453,16.799999237060547,16.600000381469727,16.600000381469727,1520000
2022-03-04,12.894392967224121,16.5,16.799999237060547,16.5,16.799999237060547,650400
2022-03-07,12.425503730773926,15.899999618530273,16.399999618530273,15.699999809265137,16.399999618530273,5657400
2022-03-08,12.191061973571777,15.600000381469727,16.0,15.300000190734863,15.800000190734863,4528400
2022-03-09,12.503654479980469,16.0,16.100000381469727,15.699999809265137,15.899999618530273,1586500
2022-03-10,12.659951210021973,16.200000762939453,16.399999618530273,16.100000381469727,16.399999618530273,1132700
2022-03-11,12.659951210021973,16.200000762939453,16.200000762939453,16.0,16.100000381469727,1139500
2022-03-14,12.659951210021973,16.200000762939453,16.299999237060547,16.0,16.200000762939453,1509300
2022-03-15,12.659951210021973,16.200000762939453,16.299999237060547,16.0,16.200000762939453,335900
2022-03-16,12.816245079040527,16.399999618530273,16.399999618530273,16.200000762939453,16.200000762939453,636200
2022-03-17,12.894392967224121,16.5,16.600000381469727,16.399999618530273,16.5,1827900
2022-03-18,13.206984519958496,16.899999618530273,17.0,16.600000381469727,16.700000762939453,3558300
2022-03-21,13.128832817077637,16.799999237060547,16.899999618530273,16.700000762939453,16.899999618530273,1035500
2022-03-22,13.050689697265625,16.700000762939453,16.799999237060547,16.600000381469727,16.700000762939453,1495500
2022-03-23,12.894392967224121,16.5,16.700000762939453,16.5,16.700000762939453,1192500
2022-03-24,12.894392967224121,16.5,16.600000381469727,16.5,16.5,1108300
2022-03-25,12.972539901733398,16.600000381469727,16.700000762939453,16.5,16.600000381469727,787600
2022-03-28,13.050689697265625,16.700000762939453,16.700000762939453,16.5,16.600000381469727,442800
2022-03-29,13.050689697265625,16.700000762939453,16.799999237060547,16.600000381469727,16.799999237060547,530500
2022-03-30,12.894392967224121,16.5,16.799999237060547,16.5,16.700000762939453,1333000
2022-03-31,12.972539901733398,16.600000381469727,16.700000762939453,16.5,16.600000381469727,713100
2022-04-01,12.894392967224121,16.5,16.700000762939453,16.5,16.600000381469727,506400
2022-04-04,13.050689697265625,16.700000762939453,16.700000762939453,16.600000381469727,16.600000381469727,298400
2022-04-05,12.894392967224121,16.5,16.700000762939453,16.5,16.700000762939453,1055900
2022-04-07,12.972539901733398,16.600000381469727,16.700000762939453,16.399999618530273,16.5,1860300
2022-04-08,13.01245403289795,16.299999237060547,16.399999618530273,16.200000762939453,16.299999237060547,812000
2022-04-11,12.77296257019043,16.0,16.399999618530273,16.0,16.200000762939453,1354900
2022-04-12,12.693131446838379,15.899999618530273,16.100000381469727,15.800000190734863,16.100000381469727,2082600
2022-04-18,12.77296257019043,16.0,16.299999237060547,15.800000190734863,15.800000190734863,1603200
2022-04-19,12.932626724243164,16.200000762939453,16.299999237060547,16.100000381469727,16.100000381469727,627200
2022-04-20,13.01245403289795,16.299999237060547,16.399999618530273,16.200000762939453,16.299999237060547,759000
2022-04-21,13.01245403289795,16.299999237060547,16.399999618530273,16.299999237060547,16.299999237060547,512800
2022-04-22,12.932626724243164,16.200000762939453,16.399999618530273,16.200000762939453,16.399999618530273,942600
2022-04-25,13.01245403289795,16.299999237060547,16.399999618530273,16.200000762939453,16.200000762939453,1008500
2022-04-26,12.85279369354248,16.100000381469727,16.399999618530273,16.100000381469727,16.399999618530273,559800
2022-04-27,12.932626724243164,16.200000762939453,16.200000762939453,16.0,16.100000381469727,1341100
2022-04-28,12.932626724243164,16.200000762939453,16.5,16.200000762939453,16.200000762939453,1390800
2022-04-29,13.01245403289795,16.299999237060547,16.399999618530273,16.200000762939453,16.399999618530273,1057100
2022-05-03,13.01245403289795,16.299999237060547,16.399999618530273,16.299999237060547,16.299999237060547,353700
2022-05-05,13.01245403289795,16.299999237060547,16.700000762939453,16.299999237060547,16.299999237060547,1596700
2022-05-06,12.85279369354248,16.100000381469727,16.299999237060547,16.0,16.299999237060547,1776500
2022-05-09,12.693131446838379,15.899999618530273,16.200000762939453,15.899999618530273,16.200000762939453,1040400
2022-05-10,12.85279369354248,16.100000381469727,16.100000381469727,15.800000190734863,15.899999618530273,721700
2022-05-11,12.932626724243164,16.200000762939453,16.5,16.100000381469727,16.299999237060547,3279700
2022-05-12,12.77296257019043,16.0,16.299999237060547,15.899999618530273,16.200000762939453,3477700
2022-05-13,12.77296257019043,16.0,16.100000381469727,15.800000190734863,16.0,2109800
2022-05-17,12.77296257019043,16.0,16.299999237060547,15.899999618530273,16.200000762939453,2518200
2022-05-18,12.85279369354248,16.100000381469727,16.200000762939453,16.0,16.100000381469727,1173300
2022-05-19,12.693131446838379,15.899999618530273,16.100000381469727,15.800000190734863,16.0,1316100
2022-05-20,12.85279369354248,16.100000381469727,16.100000381469727,16.0,16.0,1734200
2022-05-23,12.85279369354248,16.100000381469727,16.100000381469727,15.899999618530273,16.100000381469727,489900
2022-05-24,12.85279369354248,16.100000381469727,16.299999237060547,16.0,16.100000381469727,1464700
2022-05-25,12.77296257019043,16.0,16.200000762939453,15.899999618530273,16.100000381469727,2086700
2022-05-26,12.77296257019043,16.0,16.100000381469727,15.899999618530273,16.0,858300
2022-05-27,12.693131446838379,15.899999618530273,16.200000762939453,15.899999618530273,16.100000381469727,1457500
2022-05-30,12.85279369354248,16.100000381469727,16.100000381469727,15.899999618530273,16.0,1296000
2022-05-31,12.693131446838379,15.899999618530273,16.100000381469727,15.800000190734863,16.100000381469727,1612300
2022-06-01,12.693131446838379,15.899999618530273,16.0,15.899999618530273,16.0,687000
2022-06-02,12.693131446838379,15.899999618530273,15.899999618530273,15.800000190734863,15.899999618530273,1366300
2022-06-06,12.77296257019043,16.0,16.0,15.800000190734863,15.899999618530273,945300
2022-06-07,12.453639030456543,15.600000381469727,16.299999237060547,15.5,16.0,13269700
2022-06-08,12.533469200134277,15.699999809265137,15.800000190734863,15.600000381469727,15.699999809265137,1646300
2022-06-09,12.373806953430176,15.5,15.699999809265137,15.5,15.699999809265137,1694300
2022-06-10,12.453639030456543,15.600000381469727,15.600000381469727,15.399999618530273,15.5,1309200
2022-06-13,12.214146614074707,15.300000190734863,15.5,15.199999809265137,15.399999618530273,2198700
2022-06-14,12.214146614074707,15.300000190734863,15.399999618530273,15.199999809265137,15.199999809265137,1385600
2022-06-15,12.13431453704834,15.199999809265137,15.5,15.199999809265137,15.399999618530273,1547100
2022-06-16,11.655328750610352,14.600000381469727,15.399999618530273,14.600000381469727,15.300000190734863,5919200
2022-06-17,11.655328750610352,14.600000381469727,14.899999618530273,14.5,14.600000381469727,3754700
2022-06-20,11.655328750610352,14.600000381469727,14.699999809265137,14.5,14.5,2160500
2022-06-21,11.735158920288086,14.699999809265137,14.699999809265137,14.5,14.5,653700
2022-06-22,11.814990997314453,14.800000190734863,14.800000190734863,14.5,14.699999809265137,2222300
2022-06-23,11.4158353805542,14.300000190734863,14.699999809265137,14.199999809265137,14.600000381469727,5348100
2022-06-24,11.49566650390625,14.399999618530273,14.5,14.300000190734863,14.399999618530273,1734900
2022-06-27,11.735158920288086,14.699999809265137,14.699999809265137,14.5,14.5,1571100
2022-06-28,11.814990997314453,14.800000190734863,14.899999618530273,14.600000381469727,14.699999809265137,1266800
2022-06-29,11.735158920288086,14.699999809265137,14.899999618530273,14.600000381469727,14.699999809265137,1446800
2022-06-30,11.4158353805542,14.300000190734863,14.800000190734863,14.199999809265137,14.699999809265137,2863700
2022-07-01,11.49566650390625,14.399999618530273,14.5,14.300000190734863,14.300000190734863,831000
2022-07-04,11.49566650390625,14.399999618530273,14.5,14.300000190734863,14.399999618530273,1218800
2022-07-05,11.256173133850098,14.100000381469727,14.5,14.0,14.399999618530273,1484900
2022-07-06,11.256173133850098,14.100000381469727,14.199999809265137,14.0,14.100000381469727,1078400
2022-07-07,11.4158353805542,14.300000190734863,14.399999618530273,14.100000381469727,14.100000381469727,757300
2022-07-08,11.575496673583984,14.5,14.5,14.300000190734863,14.300000190734863,978300
2022-07-11,11.735158920288086,14.699999809265137,14.699999809265137,14.399999618530273,14.5,1353000
2022-07-12,11.575496673583984,14.5,14.699999809265137,14.399999618530273,14.699999809265137,502000
2022-07-14,11.575496673583984,14.5,14.600000381469727,14.399999618530273,14.5,749600
2022-07-15,11.49566650390625,14.399999618530273,14.600000381469727,14.300000190734863,14.5,855400
2022-07-18,11.655328750610352,14.600000381469727,14.600000381469727,14.5,14.5,569500
2022-07-19,11.655328750610352,14.600000381469727,14.600000381469727,14.300000190734863,14.600000381469727,389200
2022-07-20,11.575496673583984,14.5,14.600000381469727,14.399999618530273,14.600000381469727,550200
2022-07-21,11.735158920288086,14.699999809265137,15.0,14.399999618530273,14.5,1398200
2022-07-22,11.814990997314453,14.800000190734863,15.0,14.699999809265137,14.800000190734863,2115300
2022-07-25,12.054483413696289,15.100000381469727,15.199999809265137,14.899999618530273,14.899999618530273,2710600
2022-07-26,11.894820213317871,14.899999618530273,15.199999809265137,14.899999618530273,15.199999809265137,1198900
2022-07-27,12.054483413696289,15.100000381469727,15.100000381469727,14.800000190734863,14.899999618530273,944500
2022-08-01,12.13431453704834,15.199999809265137,15.399999618530273,15.100000381469727,15.100000381469727,1316100
2022-08-02,12.13431453704834,15.199999809265137,15.5,15.199999809265137,15.300000190734863,1633600
2022-08-03,12.293974876403809,15.399999618530273,15.399999618530273,15.199999809265137,15.199999809265137,479500
2022-08-04,12.214146614074707,15.300000190734863,15.399999618530273,15.199999809265137,15.300000190734863,916200
2022-08-05,12.214146614074707,15.300000190734863,15.399999618530273,15.100000381469727,15.399999618530273,1033700
2022-08-08,12.214146614074707,15.300000190734863,15.300000190734863,15.100000381469727,15.100000381469727,1106800
2022-08-09,12.293974876403809,15.399999618530273,15.399999618530273,15.100000381469727,15.100000381469727,749200
2022-08-10,12.214146614074707,15.300000190734863,15.399999618530273,15.199999809265137,15.399999618530273,1252800
2022-08-11,12.214146614074707,15.300000190734863,15.300000190734863,15.100000381469727,15.199999809265137,1066500
2022-08-15,12.214146614074707,15.300000190734863,15.300000190734863,15.199999809265137,15.199999809265137,299000
2022-08-16,12.293974876403809,15.399999618530273,15.5,15.300000190734863,15.300000190734863,893400
2022-08-17,12.373806953430176,15.5,15.600000381469727,15.399999618530273,15.5,1039400
2022-08-18,12.293974876403809,15.399999618530273,15.600000381469727,15.399999618530273,15.600000381469727,1120300
2022-08-19,12.214146614074707,15.300000190734863,15.5,15.300000190734863,15.399999618530273,953900
2022-08-22,12.214146614074707,15.300000190734863,15.399999618530273,15.199999809265137,15.300000190734863,454100
2022-08-23,12.373806953430176,15.5,15.5,15.199999809265137,15.199999809265137,1421200
2022-08-24,12.293974876403809,15.399999618530273,15.5,15.199999809265137,15.5,4332500
2022-08-25,12.613301277160645,15.800000190734863,15.800000190734863,15.300000190734863,15.399999618530273,4617400
2022-08-26,12.533469200134277,15.699999809265137,15.800000190734863,15.600000381469727,15.800000190734863,2424500
2022-08-29,12.613301277160645,15.800000190734863,15.899999618530273,15.5,15.600000381469727,2294800
2022-08-30,12.77296257019043,16.0,16.0,15.899999618530273,15.899999618530273,1606300
2022-08-31,12.613301277160645,15.800000190734863,16.0,15.800000190734863,15.899999618530273,951700
2022-09-01,12.453639030456543,15.600000381469727,15.899999618530273,15.600000381469727,15.800000190734863,3059600
2022-09-02,12.613301277160645,15.800000190734863,15.899999618530273,15.699999809265137,15.800000190734863,1559200
2022-09-05,12.613301277160645,15.800000190734863,15.800000190734863,15.600000381469727,15.800000190734863,1854700
2022-09-06,12.613301277160645,15.800000190734863,15.899999618530273,15.699999809265137,15.800000190734863,951200
2022-09-07,12.613301277160645,15.800000190734863,15.899999618530273,15.699999809265137,15.800000190734863,2399300
2022-09-08,12.613299369812012,15.399999618530273,15.5,15.300000190734863,15.5,1338000
2022-09-09,12.695205688476562,15.5,15.5,15.300000190734863,15.399999618530273,1217600
2022-09-12,12.613299369812012,15.399999618530273,15.5,15.300000190734863,15.399999618530273,1191100
2022-09-13,12.531396865844727,15.300000190734863,15.5,15.300000190734863,15.399999618530273,658700
2022-09-14,12.531396865844727,15.300000190734863,15.300000190734863,15.100000381469727,15.300000190734863,2150600
2022-09-15,12.449491500854492,15.199999809265137,15.300000190734863,15.100000381469727,15.300000190734863,1311400
2022-09-16,12.285682678222656,15.0,15.199999809265137,15.0,15.100000381469727,1179400
2022-09-19,12.203777313232422,14.899999618530273,15.0,14.800000190734863,15.0,1397400
2022-09-20,12.285682678222656,15.0,15.100000381469727,14.899999618530273,14.899999618530273,618700
2022-09-21,12.367587089538574,15.100000381469727,15.100000381469727,15.0,15.0,370600
2022-09-22,12.367587089538574,15.100000381469727,15.199999809265137,15.0,15.100000381469727,581600
2022-09-23,12.285682678222656,15.0,15.199999809265137,14.899999618530273,15.0,1132000
2022-09-26,12.12187385559082,14.800000190734863,15.0,14.699999809265137,15.0,1285400
2022-09-27,12.12187385559082,14.800000190734863,14.899999618530273,14.699999809265137,14.699999809265137,985000
2022-09-28,11.794255256652832,14.399999618530273,14.699999809265137,14.399999618530273,14.699999809265137,1723300
2022-09-29,11.712350845336914,14.300000190734863,14.600000381469727,14.300000190734863,14.600000381469727,1778700
2022-09-30,11.794255256652832,14.399999618530273,14.5,14.199999809265137,14.399999618530273,627100
2022-10-03,11.712350845336914,14.300000190734863,14.5,14.100000381469727,14.5,1088900
2022-10-04,11.712350845336914,14.300000190734863,14.300000190734863,14.100000381469727,14.300000190734863,708300
2022-10-05,11.712350845336914,14.300000190734863,14.399999618530273,14.199999809265137,14.300000190734863,630400
2022-10-06,11.794255256652832,14.399999618530273,14.5,14.300000190734863,14.300000190734863,477900
2022-10-07,11.712350845336914,14.300000190734863,14.399999618530273,14.100000381469727,14.399999618530273,1077700
2022-10-10,11.63044548034668,14.199999809265137,14.199999809265137,14.0,14.100000381469727,1034600
2022-10-11,11.63044548034668,14.199999809265137,14.300000190734863,14.100000381469727,14.199999809265137,695300
2022-10-12,11.63044548034668,14.199999809265137,14.199999809265137,14.100000381469727,14.100000381469727,113100
2022-10-17,11.548542022705078,14.100000381469727,14.199999809265137,13.899999618530273,14.199999809265137,776600
2022-10-18,11.794255256652832,14.399999618530273,14.5,14.199999809265137,14.199999809265137,694400
2022-10-19,11.794255256652832,14.399999618530273,14.5,14.300000190734863,14.5,447000
2022-10-20,12.285682678222656,15.0,15.0,14.300000190734863,14.399999618530273,2476200
2022-10-21,12.03996753692627,14.699999809265137,15.0,14.699999809265137,14.800000190734863,764400
2022-10-25,12.03996753692627,14.699999809265137,14.899999618530273,14.600000381469727,14.699999809265137,569500
2022-10-26,12.12187385559082,14.800000190734863,14.899999618530273,14.699999809265137,14.699999809265137,593800
2022-10-27,12.12187385559082,14.800000190734863,15.0,14.699999809265137,14.800000190734863,262200
2022-10-28,12.12187385559082,14.800000190734863,15.0,14.800000190734863,14.899999618530273,419900
2022-10-31,12.203777313232422,14.899999618530273,15.100000381469727,14.800000190734863,14.800000190734863,442400
2022-11-01,12.367587089538574,15.100000381469727,15.100000381469727,14.899999618530273,14.899999618530273,619000
2022-11-02,12.285682678222656,15.0,15.100000381469727,14.899999618530273,15.100000381469727,665000
2022-11-03,12.285682678222656,15.0,15.100000381469727,14.899999618530273,15.100000381469727,250600
2022-11-04,12.367587089538574,15.100000381469727,15.100000381469727,14.899999618530273,15.0,551800
2022-11-07,12.367587089538574,15.100000381469727,15.199999809265137,15.0,15.100000381469727,285300
2022-11-08,12.367587089538574,15.100000381469727,15.199999809265137,15.100000381469727,15.199999809265137,629100
2022-11-09,12.285682678222656,15.0,15.199999809265137,15.0,15.199999809265137,589300
2022-11-10,12.285682678222656,15.0,15.100000381469727,14.899999618530273,15.0,430300
2022-11-11,12.613299369812012,15.399999618530273,15.5,15.300000190734863,15.300000190734863,2175700
2022-11-14,12.449491500854492,15.199999809265137,15.5,15.199999809265137,15.399999618530273,701000
2022-11-15,12.695205688476562,15.5,15.5,15.199999809265137,15.199999809265137,525000
2022-11-16,12.449491500854492,15.199999809265137,15.5,15.199999809265137,15.399999618530273,635400
2022-11-17,12.367587089538574,15.100000381469727,15.300000190734863,15.100000381469727,15.199999809265137,742000
2022-11-18,12.449491500854492,15.199999809265137,15.300000190734863,15.100000381469727,15.199999809265137,500700
2022-11-21,12.695205688476562,15.5,15.600000381469727,15.199999809265137,15.199999809265137,1516800
2022-11-22,12.613299369812012,15.399999618530273,15.600000381469727,15.399999618530273,15.5,853200
2022-11-23,12.77711009979248,15.600000381469727,15.600000381469727,15.5,15.5,490100
2022-11-24,12.613299369812012,15.399999618530273,15.800000190734863,15.399999618530273,15.600000381469727,1451100
2022-11-25,12.695205688476562,15.5,15.5,15.399999618530273,15.399999618530273,190700
2022-11-28,12.77711009979248,15.600000381469727,15.600000381469727,15.399999618530273,15.5,799200
2022-11-29,12.695205688476562,15.5,15.600000381469727,15.5,15.600000381469727,623700
2022-11-30,12.77711009979248,15.600000381469727,15.600000381469727,15.5,15.5,422100
2022-12-01,12.859014511108398,15.699999809265137,15.699999809265137,15.600000381469727,15.600000381469727,834000
2022-12-02,12.859014511108398,15.699999809265137,15.800000190734863,15.600000381469727,15.800000190734863,744100
2022-12-06,12.859014511108398,15.699999809265137,15.800000190734863,15.600000381469727,15.800000190734863,719800
2022-12-07,12.77711009979248,15.600000381469727,15.800000190734863,15.600000381469727,15.699999809265137,509400
2022-12-08,12.859014511108398,15.699999809265137,15.699999809265137,15.5,15.600000381469727,758700
2022-12-09,12.859014511108398,15.699999809265137,15.800000190734863,15.600000381469727,15.699999809265137,408600
2022-12-13,12.859014511108398,15.699999809265137,15.800000190734863,15.600000381469727,15.699999809265137,379100
2022-12-14,12.859014511108398,15.699999809265137,15.800000190734863,15.699999809265137,15.699999809265137,878900
2022-12-15,12.859014511108398,15.699999809265137,15.800000190734863,15.600000381469727,15.600000381469727,1428700
2022-12-16,12.940918922424316,15.800000190734863,15.800000190734863,15.399999618530273,15.699999809265137,1864500
2022-12-19,12.940918922424316,15.800000190734863,16.0,15.699999809265137,15.899999618530273,1752800
2022-12-20,13.022823333740234,15.899999618530273,16.0,15.800000190734863,15.899999618530273,1282200
2022-12-21,13.022823333740234,15.899999618530273,15.899999618530273,15.699999809265137,15.899999618530273,464200
2022-12-22,13.022823333740234,15.899999618530273,15.899999618530273,15.800000190734863,15.800000190734863,454200
2022-12-23,12.940918922424316,15.800000190734863,15.899999618530273,15.699999809265137,15.800000190734863,226700
2022-12-26,12.940918922424316,15.800000190734863,15.899999618530273,15.699999809265137,15.899999618530273,447400
2022-12-27,12.859014511108398,15.699999809265137,15.899999618530273,15.699999809265137,15.800000190734863,439100
2022-12-28,12.940918922424316,15.800000190734863,15.899999618530273,15.699999809265137,15.699999809265137,338600
2022-12-29,13.432345390319824,16.399999618530273,16.5,15.800000190734863,15.800000190734863,3859100
2022-12-30,13.432345390319824,16.399999618530273,16.700000762939453,16.399999618530273,16.5,2417600
2023-01-03,13.268539428710938,16.200000762939453,16.600000381469727,16.200000762939453,16.399999618530273,1333700
2023-01-04,13.350440979003906,16.299999237060547,16.5,16.100000381469727,16.299999237060547,2180000
2023-01-05,13.678060531616211,16.700000762939453,16.799999237060547,16.299999237060547,16.399999618530273,5459900
2023-01-06,13.514250755310059,16.5,16.799999237060547,16.5,16.700000762939453,2029600
2023-01-09,13.514250755310059,16.5,16.700000762939453,16.399999618530273,16.700000762939453,733900
2023-01-10,13.432345390319824,16.399999618530273,16.600000381469727,16.299999237060547,16.600000381469727,811600
2023-01-11,13.514250755310059,16.5,16.5,16.299999237060547,16.399999618530273,647600
2023-01-12,13.596155166625977,16.600000381469727,16.600000381469727,16.399999618530273,16.5,559100
2023-01-13,13.514250755310059,16.5,16.600000381469727,16.399999618530273,16.600000381469727,548600
2023-01-16,13.432345390319824,16.399999618530273,16.5,16.399999618530273,16.5,945300
2023-01-17,13.596155166625977,16.600000381469727,16.600000381469727,16.299999237060547,16.399999618530273,882800
2023-01-18,13.514250755310059,16.5,16.600000381469727,16.399999618530273,16.600000381469727,100000
2023-01-19,13.923773765563965,17.0,17.0,16.399999618530273,16.5,4220800
2023-01-20,13.841869354248047,16.899999618530273,17.0,16.799999237060547,17.0,851500
2023-01-23,13.841869354248047,16.899999618530273,17.0,16.700000762939453,17.0,945300
2023-01-24,14.0875825881958,17.200000762939453,17.200000762939453,16.799999237060547,16.899999618530273,3583800
2023-01-25,14.169486999511719,17.299999237060547,17.299999237060547,17.100000381469727,17.299999237060547,2379800
2023-01-26,13.923773765563965,17.0,17.299999237060547,16.899999618530273,17.299999237060547,1654600
2023-01-27,14.251391410827637,17.399999618530273,17.399999618530273,17.0,17.0,3290100
2023-01-30,14.333297729492188,17.5,17.5,17.200000762939453,17.399999618530273,2058100
2023-01-31,14.169486999511719,17.299999237060547,17.5,17.299999237060547,17.5,1221700
2023-02-01,14.251391410827637,17.399999618530273,17.399999618530273,17.100000381469727,17.299999237060547,1265300
2023-02-02,14.0875825881958,17.200000762939453,17.399999618530273,17.200000762939453,17.399999618530273,780800
2023-02-03,13.678060531616211,16.700000762939453,17.200000762939453,16.5,17.100000381469727,3629400
2023-02-06,13.923773765563965,17.0,17.0,16.700000762939453,16.700000762939453,1047400
2023-02-07,14.0056791305542,17.100000381469727,17.100000381469727,16.799999237060547,17.100000381469727,551700
2023-02-08,14.0875825881958,17.200000762939453,17.299999237060547,17.0,17.100000381469727,1900300
2023-02-09,13.841869354248047,16.899999618530273,17.100000381469727,16.700000762939453,17.0,1351500
2023-02-10,13.678060531616211,16.700000762939453,16.899999618530273,16.600000381469727,16.799999237060547,1026300
2023-02-13,13.923773765563965,17.0,17.100000381469727,16.600000381469727,16.700000762939453,1340100
2023-02-14,13.841869354248047,16.899999618530273,17.0,16.799999237060547,17.0,511500
2023-02-15,13.678060531616211,16.700000762939453,16.799999237060547,16.700000762939453,16.799999237060547,369700
2023-02-16,13.596155166625977,16.600000381469727,16.799999237060547,16.600000381469727,16.700000762939453,383400
2023-02-17,13.514250755310059,16.5,16.600000381469727,16.299999237060547,16.5,1101700
2023-02-20,13.759963035583496,16.799999237060547,17.0,16.5,16.5,1176900
2023-02-21,13.841869354248047,16.899999618530273,16.899999618530273,16.600000381469727,16.899999618530273,496900
2023-02-22,13.678060531616211,16.700000762939453,16.899999618530273,16.600000381469727,16.899999618530273,244500
2023-02-23,13.18663215637207,16.100000381469727,16.5,16.0,16.399999618530273,3254400
2023-02-24,12.77711009979248,15.600000381469727,16.0,15.5,16.0,2555700
2023-02-27,12.940918922424316,15.800000190734863,15.800000190734863,15.5,15.600000381469727,1512600
2023-02-28,12.77711009979248,15.600000381469727,15.800000190734863,15.5,15.800000190734863,727100
2023-03-01,12.613299369812012,15.399999618530273,15.600000381469727,15.300000190734863,15.5,1244500
2023-03-02,12.531396865844727,15.300000190734863,15.399999618530273,15.199999809265137,15.399999618530273,1111000
2023-03-03,12.531396865844727,15.300000190734863,15.5,15.300000190734863,15.300000190734863,770100
2023-03-07,13.022823333740234,15.899999618530273,15.899999618530273,15.300000190734863,15.300000190734863,1340800
2023-03-08,12.77711009979248,15.600000381469727,15.699999809265137,15.399999618530273,15.699999809265137,740800
2023-03-09,12.859014511108398,15.699999809265137,15.699999809265137,15.5,15.699999809265137,485900
2023-03-10,12.695205688476562,15.5,15.699999809265137,15.300000190734863,15.699999809265137,558600
2023-03-13,12.613299369812012,15.399999618530273,15.5,15.100000381469727,15.199999809265137,909900
2023-03-14,12.12187385559082,14.800000190734863,15.300000190734863,14.600000381469727,15.300000190734863,2269800
2023-03-15,12.367587089538574,15.100000381469727,15.100000381469727,14.899999618530273,14.899999618530273,830700
2023-03-16,12.12187385559082,14.800000190734863,14.899999618530273,14.600000381469727,14.899999618530273,1504200
2023-03-17,12.367587089538574,15.100000381469727,15.5,14.800000190734863,14.899999618530273,1035000
2023-03-20,12.449491500854492,15.199999809265137,15.199999809265137,14.899999618530273,15.199999809265137,878900
2023-03-21,12.613299369812012,15.399999618530273,15.399999618530273,15.0,15.199999809265137,611500
2023-03-22,12.77711009979248,15.600000381469727,15.600000381469727,15.399999618530273,15.399999618530273,419000
2023-03-23,12.940918922424316,15.800000190734863,15.899999618530273,15.399999618530273,15.5,1005400
2023-03-24,12.77711009979248,15.600000381469727,15.899999618530273,15.5,15.899999618530273,779600
2023-03-27,12.613299369812012,15.399999618530273,15.600000381469727,15.399999618530273,15.600000381469727,375100
2023-03-28,13.18663215637207,16.100000381469727,16.200000762939453,15.399999618530273,15.399999618530273,3159100
2023-03-29,13.022823333740234,15.899999618530273,16.0,15.800000190734863,15.899999618530273,626000
2023-03-30,13.022823333740234,15.899999618530273,16.0,15.800000190734863,15.899999618530273,1555700
2023-03-31,13.104727745056152,16.0,16.100000381469727,15.899999618530273,15.899999618530273,413000
2023-04-03,13.022823333740234,15.899999618530273,16.0,15.800000190734863,16.0,353300
2023-04-04,12.77711009979248,15.600000381469727,15.899999618530273,15.600000381469727,15.800000190734863,806700
2023-04-05,12.613299369812012,15.399999618530273,15.699999809265137,15.399999618530273,15.600000381469727,1172500
2023-04-07,12.449491500854492,15.199999809265137,15.600000381469727,15.199999809265137,15.399999618530273,2057300
2023-04-10,12.533045768737793,15.0,15.0,14.800000190734863,14.899999618530273,764500
2023-04-11,12.449491500854492,14.899999618530273,15.0,14.699999809265137,15.0,392300
2023-04-12,12.365937232971191,14.800000190734863,15.0,14.800000190734863,14.899999618530273,522600
2023-04-17,12.365937232971191,14.800000190734863,15.100000381469727,14.699999809265137,14.899999618530273,1515300
2023-04-18,12.533045768737793,15.0,15.0,14.800000190734863,14.800000190734863,500900
2023-04-19,12.282383918762207,14.699999809265137,15.0,14.600000381469727,15.0,575200
2023-04-20,11.864615440368652,14.199999809265137,14.699999809265137,14.100000381469727,14.699999809265137,2113100
2023-04-21,11.7810640335083,14.100000381469727,14.399999618530273,14.100000381469727,14.199999809265137,1208300
2023-04-24,11.864615440368652,14.199999809265137,14.300000190734863,14.0,14.100000381469727,1096000
2023-04-25,11.613954544067383,13.899999618530273,14.199999809265137,13.699999809265137,14.199999809265137,1630500
2023-04-26,11.530402183532715,13.800000190734863,13.899999618530273,13.600000381469727,13.899999618530273,1631400
2023-04-27,11.446847915649414,13.699999809265137,13.800000190734863,13.600000381469727,13.800000190734863,1030400
2023-04-28,11.36329460144043,13.600000381469727,13.899999618530273,13.600000381469727,13.800000190734863,2159200
2023-05-02,11.279740333557129,13.5,13.800000190734863,13.300000190734863,13.600000381469727,1463800
2023-05-03,11.196186065673828,13.399999618530273,13.600000381469727,13.0,13.300000190734863,3718500
2023-05-08,11.697508811950684,14.0,14.199999809265137,13.399999618530273,13.5,963900
2023-05-09,11.697508811950684,14.0,14.100000381469727,13.800000190734863,14.0,711900
2023-05-10,11.864615440368652,14.199999809265137,14.199999809265137,13.899999618530273,14.100000381469727,274600
2023-05-11,11.948169708251953,14.300000190734863,14.399999618530273,13.899999618530273,14.300000190734863,975400
2023-05-12,11.697508811950684,14.0,14.300000190734863,13.800000190734863,14.300000190734863,1251600
2023-05-15,11.697508811950684,14.0,14.399999618530273,13.699999809265137,14.399999618530273,781100
2023-05-16,11.530402183532715,13.800000190734863,14.100000381469727,13.800000190734863,14.100000381469727,480700
2023-05-17,11.446847915649414,13.699999809265137,14.0,13.699999809265137,13.800000190734863,742600
2023-05-18,11.36329460144043,13.600000381469727,13.899999618530273,13.600000381469727,13.800000190734863,1374500
2023-05-19,11.446847915649414,13.699999809265137,13.699999809265137,13.399999618530273,13.600000381469727,654800
2023-05-22,11.697508811950684,14.0,14.0,13.399999618530273,13.5,1036400
2023-05-23,11.613954544067383,13.899999618530273,14.0,13.800000190734863,13.800000190734863,564600
2023-05-24,11.7810640335083,14.100000381469727,14.199999809265137,13.800000190734863,13.899999618530273,431000
2023-05-25,11.613954544067383,13.899999618530273,14.100000381469727,13.800000190734863,14.100000381469727,470600
2023-05-26,11.697508811950684,14.0,14.199999809265137,13.800000190734863,13.899999618530273,312800
2023-05-29,11.697508811950684,14.0,14.300000190734863,13.899999618530273,14.0,641400
2023-05-30,11.7810640335083,14.100000381469727,14.199999809265137,13.899999618530273,14.100000381469727,382400
2023-05-31,11.864615440368652,14.199999809265137,14.199999809265137,13.899999618530273,14.100000381469727,608700
2023-06-01,11.697508811950684,14.0,14.199999809265137,13.899999618530273,14.199999809265137,344600
2023-06-02,12.115276336669922,14.5,14.699999809265137,14.100000381469727,14.199999809265137,1714900
2023-06-06,11.948169708251953,14.300000190734863,14.600000381469727,14.300000190734863,14.5,1091700
2023-06-07,11.948169708251953,14.300000190734863,14.399999618530273,14.199999809265137,14.300000190734863,321100
2023-06-08,12.198830604553223,14.600000381469727,14.699999809265137,14.300000190734863,14.399999618530273,582200
2023-06-09,12.282383918762207,14.699999809265137,14.800000190734863,14.5,14.699999809265137,716500
2023-06-12,12.282383918762207,14.699999809265137,14.899999618530273,14.5,14.899999618530273,389200
2023-06-13,12.282383918762207,14.699999809265137,14.899999618530273,14.600000381469727,14.699999809265137,876200
2023-06-14,12.449491500854492,14.899999618530273,15.100000381469727,14.699999809265137,14.800000190734863,591600
2023-06-15,12.365937232971191,14.800000190734863,15.100000381469727,14.699999809265137,15.0,1222700
2023-06-16,12.282383918762207,14.699999809265137,15.0,14.600000381469727,14.800000190734863,1136700
2023-06-19,12.365937232971191,14.800000190734863,14.899999618530273,14.399999618530273,14.800000190734863,989500
2023-06-20,12.198830604553223,14.600000381469727,15.0,14.5,14.899999618530273,814700
2023-06-21,12.115276336669922,14.5,14.800000190734863,14.300000190734863,14.699999809265137,724900
2023-06-22,11.948169708251953,14.300000190734863,14.5,14.199999809265137,14.5,387800
2023-06-23,12.115276336669922,14.5,14.600000381469727,14.199999809265137,14.300000190734863,340500
2023-06-26,12.115276336669922,14.5,14.699999809265137,14.300000190734863,14.699999809265137,1730800
2023-06-27,11.948169708251953,14.300000190734863,14.5,14.199999809265137,14.199999809265137,303700
2023-06-28,11.864615440368652,14.199999809265137,14.399999618530273,14.100000381469727,14.300000190734863,770400
2023-06-29,11.864615440368652,14.199999809265137,14.399999618530273,14.100000381469727,14.199999809265137,217700
2023-06-30,11.948169708251953,14.300000190734863,14.5,14.199999809265137,14.300000190734863,589000
2023-07-03,12.115276336669922,14.5,14.800000190734863,14.399999618530273,14.399999618530273,1234500
2023-07-04,12.198830604553223,14.600000381469727,14.699999809265137,14.399999618530273,14.699999809265137,1159800
2023-07-05,12.031722068786621,14.399999618530273,14.600000381469727,14.399999618530273,14.5,448900
2023-07-06,12.115276336669922,14.5,14.399999618530273,14.199999809265137,14.399999618530273,534200
2023-07-07,11.948169708251953,14.300000190734863,14.5,14.199999809265137,14.5,117300
2023-07-10,11.864615440368652,14.199999809265137,14.5,14.100000381469727,14.300000190734863,1590700
2023-07-11,11.864615440368652,14.199999809265137,14.5,14.0,14.399999618530273,1306800
2023-07-12,12.031722068786621,14.399999618530273,14.5,14.300000190734863,14.399999618530273,1329000
2023-07-13,12.115276336669922,14.5,14.600000381469727,14.300000190734863,14.399999618530273,1732300
2023-07-14,12.282383918762207,14.699999809265137,14.699999809265137,14.5,14.5,807700
2023-07-17,12.198830604553223,14.600000381469727,14.800000190734863,14.5,14.699999809265137,1486100
2023-07-18,12.198830604553223,14.600000381469727,14.800000190734863,14.5,14.699999809265137,836700
2023-07-19,12.198830604553223,14.600000381469727,14.800000190734863,14.399999618530273,14.600000381469727,1463900
2023-07-20,11.864615440368652,14.199999809265137,14.600000381469727,14.100000381469727,14.600000381469727,1926500
2023-07-21,11.948169708251953,14.300000190734863,14.5,14.199999809265137,14.300000190734863,458600
2023-07-24,12.031722068786621,14.399999618530273,14.5,14.300000190734863,14.300000190734863,478000
2023-07-25,12.115276336669922,14.5,14.399999618530273,14.199999809265137,14.300000190734863,607000
2023-07-26,12.031722068786621,14.399999618530273,14.5,14.199999809265137,14.5,419400
2023-07-27,12.031722068786621,14.399999618530273,14.600000381469727,14.199999809265137,14.399999618530273,1142400
2023-07-31,12.115276336669922,14.5,14.600000381469727,14.5,14.5,186300
2023-08-02,12.031722068786621,14.399999618530273,14.600000381469727,14.399999618530273,14.5,871800
2023-08-03,12.115276336669922,14.5,14.699999809265137,14.399999618530273,14.399999618530273,1079800
2023-08-04,12.115276336669922,14.5,14.600000381469727,14.399999618530273,14.600000381469727,392100
2023-08-07,12.031722068786621,14.399999618530273,14.5,14.300000190734863,14.5,252500
2023-08-08,12.031722068786621,14.399999618530273,14.399999618530273,14.300000190734863,14.399999618530273,520600
2023-08-09,12.031722068786621,14.399999618530273,14.5,14.300000190734863,14.399999618530273,403100
2023-08-10,12.115276336669922,14.5,14.600000381469727,14.300000190734863,14.399999618530273,560700
2023-08-11,12.282383918762207,14.699999809265137,14.699999809265137,14.600000381469727,14.600000381469727,703900
2023-08-15,12.031722068786621,14.399999618530273,14.699999809265137,14.399999618530273,14.699999809265137,477600
2023-08-16,11.948169708251953,14.300000190734863,14.5,14.300000190734863,14.399999618530273,290400
2023-08-17,12.031722068786621,14.399999618530273,14.5,14.300000190734863,14.300000190734863,422700
2023-08-18,12.115276336669922,14.5,14.800000190734863,14.399999618530273,14.5,1798800
2023-08-21,12.365937232971191,14.800000190734863,14.800000190734863,14.5,14.5,1961500
2023-08-22,12.282383918762207,14.699999809265137,14.899999618530273,14.699999809265137,14.800000190734863,692000
2023-08-23,12.449491500854492,14.899999618530273,14.899999618530273,14.699999809265137,14.800000190734863,272100
2023-08-24,12.365937232971191,14.800000190734863,14.899999618530273,14.699999809265137,14.899999618530273,988400
2023-08-25,12.449491500854492,14.899999618530273,15.0,14.699999809265137,14.800000190734863,578300
2023-08-28,12.700153350830078,15.199999809265137,15.199999809265137,15.0,15.0,2049400
2023-08-29,12.700153350830078,15.199999809265137,15.5,15.199999809265137,15.300000190734863,2085400
2023-08-30,12.78370475769043,15.300000190734863,15.399999618530273,15.199999809265137,15.199999809265137,1630500
2023-08-31,12.533045768737793,15.0,15.399999618530273,14.899999618530273,15.300000190734863,2273200
2023-09-01,12.533045768737793,15.0,15.100000381469727,14.899999618530273,15.100000381469727,646400
2023-09-04,12.282383918762207,14.699999809265137,15.100000381469727,14.699999809265137,15.0,1064000
2023-09-05,12.365937232971191,14.800000190734863,14.899999618530273,14.699999809265137,14.800000190734863,1015400
2023-09-06,12.533045768737793,15.0,15.100000381469727,14.800000190734863,14.899999618530273,1340400
2023-09-07,12.700153350830078,15.199999809265137,15.199999809265137,15.0,15.0,1524200
2023-09-08,12.528529167175293,14.600000381469727,14.800000190734863,14.600000381469727,14.699999809265137,632700
2023-09-11,12.356904029846191,14.399999618530273,14.600000381469727,14.300000190734863,14.600000381469727,1731400
2023-09-12,12.356904029846191,14.399999618530273,14.5,14.300000190734863,14.399999618530273,339700
2023-09-13,12.099471092224121,14.100000381469727,14.399999618530273,14.0,14.399999618530273,1098300
2023-09-14,12.185280799865723,14.199999809265137,14.199999809265137,14.0,14.0,488000
2023-09-15,12.271093368530273,14.300000190734863,14.399999618530273,14.100000381469727,14.199999809265137,411200
2023-09-18,12.356904029846191,14.399999618530273,14.399999618530273,14.0,14.399999618530273,630700
2023-09-19,12.013657569885254,14.0,14.300000190734863,13.899999618530273,14.300000190734863,934300
2023-09-20,12.013657569885254,14.0,14.100000381469727,13.899999618530273,14.0,707000
2023-09-21,12.099471092224121,14.100000381469727,14.199999809265137,13.899999618530273,14.0,343600
2023-09-22,12.099471092224121,14.100000381469727,14.199999809265137,14.0,14.100000381469727,319400
2023-09-25,12.013657569885254,14.0,14.300000190734863,14.0,14.199999809265137,833000
2023-09-26,11.75622272491455,13.699999809265137,14.100000381469727,13.699999809265137,14.0,1854700
2023-09-27,11.927845001220703,13.899999618530273,13.899999618530273,13.699999809265137,13.699999809265137,448900
2023-09-28,11.670411109924316,13.600000381469727,14.0,13.600000381469727,13.899999618530273,1215400
2023-09-29,11.75622272491455,13.699999809265137,13.899999618530273,13.600000381469727,13.699999809265137,761200
2023-10-02,11.670411109924316,13.600000381469727,13.699999809265137,13.399999618530273,13.399999618530273,1125500
2023-10-03,11.584598541259766,13.5,13.699999809265137,13.399999618530273,13.699999809265137,597400
2023-10-04,11.75622272491455,13.699999809265137,13.699999809265137,13.300000190734863,13.399999618530273,498000
2023-10-05,11.927845001220703,13.899999618530273,14.0,13.600000381469727,13.699999809265137,679000
2023-10-06,11.927845001220703,13.899999618530273,14.100000381469727,13.899999618530273,14.0,725900
2023-10-09,12.013657569885254,14.0,14.0,13.800000190734863,13.899999618530273,452300
2023-10-10,12.185280799865723,14.199999809265137,14.100000381469727,13.899999618530273,14.0,702300
2023-10-11,12.356904029846191,14.399999618530273,14.600000381469727,14.199999809265137,14.199999809265137,1641200
2023-10-12,12.442716598510742,14.5,14.600000381469727,14.5,14.5,432600
2023-10-16,12.185280799865723,14.199999809265137,14.5,14.100000381469727,14.399999618530273,1239000
2023-10-17,12.185280799865723,14.199999809265137,14.5,14.199999809265137,14.199999809265137,321800
2023-10-18,12.442716598510742,14.5,14.699999809265137,14.199999809265137,14.199999809265137,717800
2023-10-19,12.785964012145996,14.899999618530273,15.0,14.699999809265137,14.899999618530273,2096300
2023-10-20,12.700152397155762,14.800000190734863,15.100000381469727,14.600000381469727,14.899999618530273,1747000
2023-10-24,12.356904029846191,14.399999618530273,14.800000190734863,14.399999618530273,14.800000190734863,854900
2023-10-25,12.528529167175293,14.600000381469727,14.699999809265137,14.399999618530273,14.5,743200
2023-10-26,12.356904029846191,14.399999618530273,14.699999809265137,14.399999618530273,14.5,1130300
2023-10-27,12.099471092224121,14.100000381469727,14.399999618530273,13.899999618530273,14.399999618530273,1905800
2023-10-30,12.013657569885254,14.0,14.199999809265137,14.0,14.0,700600
2023-10-31,12.099471092224121,14.100000381469727,14.100000381469727,13.899999618530273,14.0,464300
2023-11-01,12.099471092224121,14.100000381469727,14.300000190734863,14.100000381469727,14.100000381469727,503900
2023-11-02,12.271093368530273,14.300000190734863,14.5,14.199999809265137,14.199999809265137,594900
2023-11-03,12.528529167175293,14.600000381469727,14.800000190734863,14.5,14.5,590100
2023-11-06,12.700152397155762,14.800000190734863,14.899999618530273,14.5,14.800000190734863,415400
2023-11-07,12.442716598510742,14.5,14.800000190734863,14.399999618530273,14.800000190734863,586900
2023-11-08,12.528529167175293,14.600000381469727,14.600000381469727,14.399999618530273,14.399999618530273,158500
2023-11-09,12.442716598510742,14.5,14.600000381469727,14.300000190734863,14.600000381469727,167600
2023-11-10,12.356904029846191,14.399999618530273,14.5,14.300000190734863,14.399999618530273,385800
2023-11-13,12.356904029846191,14.399999618530273,14.5,14.399999618530273,14.399999618530273,936500
2023-11-14,12.442716598510742,14.5,14.600000381469727,14.399999618530273,14.5,606200
2023-11-15,12.614340782165527,14.699999809265137,14.699999809265137,14.600000381469727,14.699999809265137,471600
2023-11-16,12.614340782165527,14.699999809265137,14.800000190734863,14.5,14.699999809265137,370800
2023-11-17,12.700152397155762,14.800000190734863,14.800000190734863,14.600000381469727,14.699999809265137,320000
2023-11-20,12.785964012145996,14.899999618530273,15.0,14.699999809265137,15.0,337100
2023-11-21,12.785964012145996,14.899999618530273,15.0,14.800000190734863,14.899999618530273,287700
2023-11-22,12.700152397155762,14.800000190734863,14.899999618530273,14.699999809265137,14.899999618530273,344800
2023-11-23,12.700152397155762,14.800000190734863,14.899999618530273,14.699999809265137,14.800000190734863,140500
2023-11-24,12.614340782165527,14.699999809265137,14.800000190734863,14.600000381469727,14.699999809265137,171900
2023-11-27,12.614340782165527,14.699999809265137,14.699999809265137,14.5,14.699999809265137,104600
2023-11-28,12.700152397155762,14.800000190734863,14.899999618530273,14.699999809265137,14.699999809265137,285800
2023-11-29,12.700152397155762,14.800000190734863,14.899999618530273,14.600000381469727,14.899999618530273,325100
2023-11-30,12.528529167175293,14.600000381469727,14.800000190734863,14.399999618530273,14.800000190734863,488800
2023-12-01,12.528529167175293,14.600000381469727,14.699999809265137,14.399999618530273,14.600000381469727,263900
2023-12-04,12.528529167175293,14.600000381469727,14.600000381469727,14.399999618530273,14.399999618530273,268500
2023-12-06,12.700152397155762,14.800000190734863,14.800000190734863,14.399999618530273,14.5,561000
2023-12-07,12.442716598510742,14.5,14.699999809265137,14.399999618530273,14.600000381469727,653900
2023-12-08,12.185280799865723,14.199999809265137,14.5,14.100000381469727,14.5,970200
2023-12-12,12.099471092224121,14.100000381469727,14.199999809265137,14.0,14.100000381469727,570300
2023-12-13,11.927845001220703,13.899999618530273,14.100000381469727,13.699999809265137,14.0,855700
2023-12-14,12.013657569885254,14.0,14.100000381469727,13.800000190734863,13.899999618530273,409900
2023-12-15,12.271093368530273,14.300000190734863,14.399999618530273,14.100000381469727,14.100000381469727,638500
2023-12-18,12.185280799865723,14.199999809265137,14.399999618530273,14.199999809265137,14.300000190734863,410300
2023-12-19,12.271093368530273,14.300000190734863,14.399999618530273,14.100000381469727,14.300000190734863,683500
2023-12-20,12.356904029846191,14.399999618530273,14.399999618530273,14.100000381469727,14.100000381469727,501100
2023-12-21,12.442716598510742,14.5,14.5,14.199999809265137,14.300000190734863,313700
2023-12-22,12.356904029846191,14.399999618530273,14.5,14.199999809265137,14.5,281500
2023-12-25,12.185280799865723,14.199999809265137,14.399999618530273,14.199999809265137,14.300000190734863,503900
2023-12-26,12.442716598510742,14.5,14.600000381469727,14.199999809265137,14.199999809265137,368100
2023-12-27,12.442716598510742,14.5,14.5,14.300000190734863,14.399999618530273,256100
2023-12-28,12.442716598510742,14.5,14.5,14.300000190734863,14.5,371600
2024-01-03,12.614340782165527,14.699999809265137,14.800000190734863,14.600000381469727,14.800000190734863,208200
2024-01-04,12.528529167175293,14.600000381469727,14.699999809265137,14.5,14.699999809265137,232500
2024-01-05,12.614340782165527,14.699999809265137,14.699999809265137,14.5,14.699999809265137,232100
2024-01-08,12.442716598510742,14.5,14.699999809265137,14.399999618530273,14.699999809265137,354500
2024-01-09,12.356904029846191,14.399999618530273,14.600000381469727,14.399999618530273,14.5,341300
2024-01-10,12.356904029846191,14.399999618530273,14.5,14.300000190734863,14.5,169300
2024-01-11,12.442716598510742,14.5,14.600000381469727,14.399999618530273,14.5,397800
2024-01-12,12.614340782165527,14.699999809265137,14.699999809265137,14.5,14.5,307500
2024-01-15,12.442716598510742,14.5,14.699999809265137,14.5,14.600000381469727,292800
2024-01-16,12.528529167175293,14.600000381469727,14.699999809265137,14.5,14.5,341400
2024-01-17,12.356904029846191,14.399999618530273,14.600000381469727,14.199999809265137,14.600000381469727,637100
2024-01-18,12.356904029846191,14.399999618530273,14.5,14.199999809265137,14.399999618530273,192300
2024-01-19,12.271093368530273,14.300000190734863,14.5,14.300000190734863,14.399999618530273,569500
2024-01-22,12.099471092224121,14.100000381469727,14.300000190734863,14.0,14.300000190734863,620800
2024-01-23,11.927845001220703,13.899999618530273,14.100000381469727,13.899999618530273,14.100000381469727,503200
2024-01-24,12.185280799865723,14.199999809265137,14.199999809265137,13.800000190734863,13.899999618530273,1035700
2024-01-25,12.185280799865723,14.199999809265137,14.199999809265137,14.0,14.100000381469727,412200
2024-01-26,12.271093368530273,14.300000190734863,14.5,14.100000381469727,14.100000381469727,711600
2024-01-29,12.356904029846191,14.399999618530273,14.399999618530273,14.199999809265137,14.300000190734863,508600
2024-01-30,12.528529167175293,14.600000381469727,14.600000381469727,14.300000190734863,14.300000190734863,824300
2024-01-31,12.442716598510742,14.5,14.5,14.300000190734863,14.5,851400
2024-02-01,12.356904029846191,14.399999618530273,14.5,14.199999809265137,14.399999618530273,417000
2024-02-02,12.442716598510742,14.5,14.600000381469727,14.300000190734863,14.399999618530273,478100
2024-02-05,12.442716598510742,14.5,14.699999809265137,14.399999618530273,14.399999618530273,536000
2024-02-06,12.614340782165527,14.699999809265137,14.699999809265137,14.5,14.5,500600
2024-02-07,12.614340782165527,14.699999809265137,14.699999809265137,14.600000381469727,14.600000381469727,344400
2024-02-08,12.442716598510742,14.5,14.699999809265137,14.5,14.600000381469727,363600
2024-02-09,12.442716598510742,14.5,14.5,14.300000190734863,14.399999618530273,343800
2024-02-12,12.356904029846191,14.399999618530273,14.5,14.199999809265137,14.399999618530273,798500
2024-02-13,12.271093368530273,14.300000190734863,14.5,14.300000190734863,14.300000190734863,493400
2024-02-14,12.356904029846191,14.399999618530273,14.399999618530273,14.199999809265137,14.300000190734863,271600
2024-02-15,12.185280799865723,14.199999809265137,14.399999618530273,14.199999809265137,14.300000190734863,197700
2024-02-16,12.356904029846191,14.399999618530273,14.399999618530273,14.100000381469727,14.199999809265137,278000
2024-02-19,12.185280799865723,14.199999809265137,14.399999618530273,14.199999809265137,14.300000190734863,155400
2024-02-20,12.099471092224121,14.100000381469727,14.199999809265137,14.0,14.199999809265137,667700
2024-02-21,12.185280799865723,14.199999809265137,14.199999809265137,14.100000381469727,14.100000381469727,199200
2024-02-22,12.271093368530273,14.300000190734863,14.300000190734863,14.199999809265137,14.199999809265137,331600
2024-02-23,12.185280799865723,14.199999809265137,14.300000190734863,14.199999809265137,14.300000190734863,605400
2024-02-27,12.013657569885254,14.0,14.300000190734863,14.0,14.300000190734863,711300
2024-02-28,12.185280799865723,14.199999809265137,14.199999809265137,14.0,14.0,345400
2024-02-29,12.013657569885254,14.0,14.199999809265137,13.899999618530273,14.199999809265137,626800
2024-03-01,12.099471092224121,14.100000381469727,14.100000381469727,13.899999618530273,14.0,231500
2024-03-04,11.927845001220703,13.899999618530273,14.100000381469727,13.899999618530273,13.899999618530273,558100
2024-03-05,11.842035293579102,13.800000190734863,13.899999618530273,13.699999809265137,13.899999618530273,728300
2024-03-06,12.013657569885254,14.0,14.0,13.800000190734863,13.800000190734863,590200
2024-03-07,12.099471092224121,14.100000381469727,14.199999809265137,13.899999618530273,14.100000381469727,605300
2024-03-08,12.099471092224121,14.100000381469727,14.199999809265137,14.100000381469727,14.100000381469727,323500
2024-03-11,12.099471092224121,14.100000381469727,14.100000381469727,14.0,14.0,236500
2024-03-12,12.099471092224121,14.100000381469727,14.100000381469727,14.100000381469727,14.100000381469727,0
2024-03-13,12.185280799865723,14.199999809265137,14.199999809265137,14.0,14.0,341200
2024-03-14,12.356904029846191,14.399999618530273,14.399999618530273,14.100000381469727,14.100000381469727,504200
2024-03-15,12.356904029846191,14.399999618530273,14.399999618530273,14.399999618530273,14.399999618530273,0
2024-03-18,12.442716598510742,14.5,14.600000381469727,14.399999618530273,14.399999618530273,828300
2024-03-19,12.614340782165527,14.699999809265137,14.899999618530273,14.5,14.5,1336900
2024-03-20,12.871776580810547,15.0,15.199999809265137,14.699999809265137,14.800000190734863,2372900
2024-03-21,12.871776580810547,15.0,15.199999809265137,14.899999618530273,15.0,881200
2024-03-22,12.871776580810547,15.0,15.0,15.0,15.0,0
2024-03-25,12.785964012145996,14.899999618530273,15.100000381469727,14.800000190734863,14.899999618530273,577800
2024-03-26,12.785964012145996,14.899999618530273,15.0,14.800000190734863,14.800000190734863,431300
2024-03-27,12.700152397155762,14.800000190734863,15.0,14.800000190734863,14.899999618530273,350100
2024-03-28,12.700152397155762,14.800000190734863,14.800000190734863,14.800000190734863,14.800000190734863,0
2024-03-29,12.871776580810547,15.0,15.0,14.800000190734863,14.800000190734863,896800
2024-04-01,12.700152397155762,14.800000190734863,15.100000381469727,14.800000190734863,15.100000381469727,312800
2024-04-02,12.871776580810547,15.0,15.100000381469727,14.899999618530273,14.899999618530273,731300
2024-04-03,12.871776580810547,15.0,15.199999809265137,14.899999618530273,15.0,1412700
2024-04-04,12.785964012145996,14.899999618530273,15.100000381469727,14.899999618530273,15.0,1245200
2024-04-05,12.874143600463867,14.600000381469727,14.699999809265137,14.399999618530273,14.5,770600
2024-04-09,12.785964012145996,14.5,14.600000381469727,14.399999618530273,14.600000381469727,794800
2024-04-10,13.226860046386719,15.0,15.0,14.5,14.5,1308900
2024-04-11,13.050501823425293,14.800000190734863,15.0,14.699999809265137,15.0,942000
2024-04-17,12.874143600463867,14.600000381469727,14.699999809265137,14.399999618530273,14.699999809265137,853400
2024-04-18,12.874143600463867,14.600000381469727,14.600000381469727,14.600000381469727,14.600000381469727,0
2024-04-19,12.874143600463867,14.600000381469727,14.600000381469727,14.600000381469727,14.600000381469727,0
2024-04-22,12.5214262008667,14.199999809265137,14.300000190734863,14.100000381469727,14.199999809265137,272800
2024-04-23,12.5214262008667,14.199999809265137,14.399999618530273,14.100000381469727,14.199999809265137,415900
2024-04-24,12.60960578918457,14.300000190734863,14.300000190734863,14.0,14.199999809265137,589900
2024-04-25,12.60960578918457,14.300000190734863,14.300000190734863,14.199999809265137,14.199999809265137,198900
2024-04-26,12.433249473571777,14.100000381469727,14.300000190734863,14.100000381469727,14.199999809265137,395000
2024-04-29,12.5214262008667,14.199999809265137,14.199999809265137,13.899999618530273,13.899999618530273,885400
2024-04-30,12.60960578918457,14.300000190734863,14.300000190734863,14.100000381469727,14.199999809265137,530200
2024-05-02,12.60960578918457,14.300000190734863,14.300000190734863,14.300000190734863,14.300000190734863,0
2024-05-03,12.697784423828125,14.399999618530273,14.399999618530273,14.100000381469727,14.199999809265137,785700
2024-05-07,12.697784423828125,14.399999618530273,14.399999618530273,14.399999618530273,14.399999618530273,0
2024-05-08,12.5214262008667,14.199999809265137,14.399999618530273,14.100000381469727,14.300000190734863,1584500
2024-05-09,12.5214262008667,14.199999809265137,14.399999618530273,14.199999809265137,14.300000190734863,1602300
2024-05-10,12.5214262008667,14.199999809265137,14.300000190734863,14.100000381469727,14.199999809265137,341300
2024-05-13,12.16871166229248,13.800000190734863,14.100000381469727,13.699999809265137,14.100000381469727,1876800
2024-05-14,12.16871166229248,13.800000190734863,14.0,13.699999809265137,13.899999618530273,713200
2024-05-15,12.08053207397461,13.699999809265137,13.899999618530273,13.600000381469727,13.899999618530273,738700
2024-05-16,12.08053207397461,13.699999809265137,13.699999809265137,13.699999809265137,13.699999809265137,0
2024-05-17,12.08053207397461,13.699999809265137,13.699999809265137,13.600000381469727,13.699999809265137,286100
2024-05-20,12.08053207397461,13.699999809265137,13.699999809265137,13.699999809265137,13.699999809265137,0
2024-05-21,12.08053207397461,13.699999809265137,13.800000190734863,13.5,13.800000190734863,837400
2024-05-23,11.992353439331055,13.600000381469727,13.800000190734863,13.5,13.800000190734863,677600
2024-05-24,11.992353439331055,13.600000381469727,13.600000381469727,13.5,13.5,445200
2024-05-27,11.904173851013184,13.5,13.600000381469727,13.5,13.600000381469727,204300
2024-05-28,11.904173851013184,13.5,13.699999809265137,13.5,13.600000381469727,414400
2024-05-29,11.904173851013184,13.5,13.600000381469727,13.399999618530273,13.5,287900
2024-05-30,11.904173851013184,13.5,13.5,13.100000381469727,13.399999618530273,2195000
2024-05-31,11.639636039733887,13.199999809265137,13.399999618530273,13.100000381469727,13.399999618530273,872100
2024-06-04,11.639636039733887,13.199999809265137,13.300000190734863,13.100000381469727,13.199999809265137,430400
2024-06-05,11.463278770446777,13.0,13.199999809265137,13.0,13.199999809265137,450900
2024-06-06,11.463278770446777,13.0,13.199999809265137,12.899999618530273,13.100000381469727,578200
2024-06-07,11.463278770446777,13.0,13.100000381469727,12.899999618530273,13.0,446900
2024-06-10,11.19874095916748,12.699999809265137,13.0,12.5,13.0,863500
2024-06-11,11.286920547485352,12.800000190734863,12.800000190734863,12.699999809265137,12.699999809265137,181400
2024-06-12,11.110562324523926,12.600000381469727,12.800000190734863,12.600000381469727,12.800000190734863,272700
2024-06-13,11.110562324523926,12.600000381469727,12.699999809265137,12.600000381469727,12.600000381469727,181900
2024-06-14,10.934203147888184,12.399999618530273,12.600000381469727,12.300000190734863,12.600000381469727,489100
2024-06-17,10.846025466918945,12.300000190734863,12.5,12.199999809265137,12.300000190734863,330900
2024-06-18,10.846025466918945,12.300000190734863,12.300000190734863,12.300000190734863,12.300000190734863,0
2024-06-19,10.846025466918945,12.300000190734863,12.600000381469727,12.100000381469727,12.5,500100
2024-06-20,10.934203147888184,12.399999618530273,12.5,12.199999809265137,12.300000190734863,179200
2024-06-21,11.286920547485352,12.800000190734863,12.800000190734863,12.300000190734863,12.5,655100
2024-06-24,11.286920547485352,12.800000190734863,12.800000190734863,12.800000190734863,12.800000190734863,0
2024-06-25,11.19874095916748,12.699999809265137,13.0,12.699999809265137,12.899999618530273,231100
2024-06-26,11.19874095916748,12.699999809265137,12.699999809265137,12.699999809265137,12.699999809265137,0
2024-06-27,10.934203147888184,12.399999618530273,12.699999809265137,12.300000190734863,12.600000381469727,456200
2024-06-28,10.66966724395752,12.100000381469727,12.399999618530273,12.100000381469727,12.399999618530273,624500
2024-07-01,10.66966724395752,12.100000381469727,12.199999809265137,12.0,12.199999809265137,748500
2024-07-02,10.66966724395752,12.100000381469727,12.300000190734863,12.0,12.100000381469727,265900
2024-07-03,10.66966724395752,12.100000381469727,12.199999809265137,12.0,12.0,107300
2024-07-04,10.934203147888184,12.399999618530273,12.399999618530273,12.199999809265137,12.199999809265137,157700
2024-07-05,10.934203147888184,12.399999618530273,12.5,12.199999809265137,12.300000190734863,260200
2024-07-08,11.375099182128906,12.899999618530273,12.899999618530273,12.399999618530273,12.399999618530273,595200
2024-07-09,11.375099182128906,12.899999618530273,12.899999618530273,12.899999618530273,12.899999618530273,0
2024-07-10,11.19874095916748,12.699999809265137,12.800000190734863,12.600000381469727,12.800000190734863,188800
2024-07-11,11.286920547485352,12.800000190734863,12.800000190734863,12.600000381469727,12.800000190734863,157300
2024-07-12,11.286920547485352,12.800000190734863,12.800000190734863,12.800000190734863,12.800000190734863,0
2024-07-15,11.286920547485352,12.800000190734863,12.800000190734863,12.800000190734863,12.800000190734863,0
2024-07-16,11.19874095916748,12.699999809265137,12.899999618530273,12.699999809265137,12.899999618530273,98900
2024-07-17,10.581487655639648,12.0,12.699999809265137,11.899999618530273,12.699999809265137,1697500
2024-07-18,10.934203147888184,12.399999618530273,12.399999618530273,12.0,12.0,434700
2024-07-19,10.846025466918945,12.300000190734863,12.300000190734863,12.100000381469727,12.300000190734863,121500
2024-07-23,10.581487655639648,12.0,12.300000190734863,12.0,12.199999809265137,527000
2024-07-24,10.581487655639648,12.0,12.300000190734863,11.899999618530273,11.899999618530273,571900
2024-07-25,10.581487655639648,12.0,12.300000190734863,11.899999618530273,12.100000381469727,666900
2024-07-26,10.66966724395752,12.100000381469727,12.300000190734863,11.0,12.0,1383100
2024-07-30,10.66966724395752,12.100000381469727,12.100000381469727,12.100000381469727,12.100000381469727,0
2024-07-31,10.66966724395752,12.100000381469727,12.199999809265137,11.899999618530273,11.899999618530273,220800
2024-08-01,10.846025466918945,12.300000190734863,12.300000190734863,12.199999809265137,12.199999809265137,222800
2024-08-02,10.581487655639648,12.0,12.300000190734863,11.899999618530273,12.300000190734863,241800
2024-08-05,10.140592575073242,11.5,12.0,11.5,12.0,638000
2024-08-06,10.228772163391113,11.600000381469727,11.699999809265137,11.5,11.600000381469727,187900
2024-08-07,10.228772163391113,11.600000381469727,11.800000190734863,11.600000381469727,11.699999809265137,71800
2024-08-08,10.405129432678223,11.800000190734863,12.0,11.600000381469727,11.600000381469727,313400
2024-08-09,10.228772163391113,11.600000381469727,11.899999618530273,11.600000381469727,11.899999618530273,204100
2024-08-13,10.052412986755371,11.399999618530273,11.699999809265137,11.300000190734863,11.699999809265137,437700
2024-08-14,10.052412986755371,11.399999618530273,11.5,11.100000381469727,11.399999618530273,547200
2024-08-15,10.052412986755371,11.399999618530273,11.5,11.199999809265137,11.399999618530273,163500
2024-08-16,10.228772163391113,11.600000381469727,11.699999809265137,11.5,11.5,166000
2024-08-19,10.228772163391113,11.600000381469727,11.600000381469727,11.600000381469727,11.600000381469727,0
2024-08-20,10.228772163391113,11.600000381469727,11.899999618530273,11.600000381469727,11.800000190734863,228900
2024-08-21,10.316950798034668,11.699999809265137,11.899999618530273,11.600000381469727,11.699999809265137,226400
2024-08-22,10.66966724395752,12.100000381469727,12.199999809265137,11.699999809265137,11.699999809265137,677400
2024-08-23,10.757845878601074,12.199999809265137,12.300000190734863,12.0,12.100000381469727,433700
2024-08-26,10.66966724395752,12.100000381469727,12.399999618530273,12.100000381469727,12.300000190734863,611600
2024-08-27,10.581487655639648,12.0,12.300000190734863,12.0,12.199999809265137,434400
2024-08-28,10.493308067321777,11.899999618530273,12.100000381469727,11.899999618530273,12.100000381469727,215400
2024-08-29,10.581487655639648,12.0,12.100000381469727,12.0,12.0,200600
2024-08-30,10.846025466918945,12.300000190734863,12.399999618530273,12.0,12.0,755900
2024-09-02,10.846025466918945,12.300000190734863,12.399999618530273,12.199999809265137,12.399999618530273,404800
2024-09-03,10.846025466918945,12.300000190734863,12.399999618530273,12.199999809265137,12.300000190734863,494700
2024-09-04,10.934203147888184,12.399999618530273,12.5,12.199999809265137,12.399999618530273,2512900
2024-09-05,11.19874095916748,12.699999809265137,12.899999618530273,12.5,12.5,1404500
2024-09-06,11.639636039733887,13.199999809265137,13.199999809265137,12.899999618530273,12.899999618530273,1029500
2024-09-09,11.639636039733887,13.199999809265137,13.199999809265137,13.199999809265137,13.199999809265137,0
2024-09-10,11.639636039733887,13.199999809265137,13.5,13.100000381469727,13.5,629400
2024-09-11,11.551457405090332,13.100000381469727,13.199999809265137,12.899999618530273,13.199999809265137,1011800
2024-09-12,11.731948852539062,13.0,13.0,12.699999809265137,12.800000190734863,533100
2024-09-13,11.822195053100586,13.100000381469727,13.100000381469727,12.800000190734863,12.800000190734863,312300
2024-09-16,11.822195053100586,13.100000381469727,13.100000381469727,12.800000190734863,13.0,392100
2024-09-17,11.731948852539062,13.0,13.199999809265137,13.0,13.199999809265137,498600
2024-09-18,11.731948852539062,13.0,13.100000381469727,12.899999618530273,13.0,132600
2024-09-19,11.822195053100586,13.100000381469727,13.199999809265137,12.899999618530273,13.100000381469727,360400
2024-09-20,11.912440299987793,13.199999809265137,13.399999618530273,13.0,13.0,658900
2024-09-23,11.912440299987793,13.199999809265137,13.5,13.199999809265137,13.199999809265137,822000
2024-09-24,12.092931747436523,13.399999618530273,13.5,13.100000381469727,13.300000190734863,557700
2024-09-25,12.092931747436523,13.399999618530273,13.600000381469727,13.300000190734863,13.5,623400
2024-09-26,12.002686500549316,13.300000190734863,13.5,13.199999809265137,13.5,279700
2024-09-27,12.002686500549316,13.300000190734863,13.300000190734863,13.300000190734863,13.300000190734863,0
2024-09-30,11.912440299987793,13.199999809265137,13.399999618530273,13.199999809265137,13.399999618530273,108900
2024-10-01,12.002686500549316,13.300000190734863,13.399999618530273,13.199999809265137,13.199999809265137,322800
2024-10-02,11.912440299987793,13.199999809265137,13.399999618530273,13.100000381469727,13.300000190734863,599700
2024-10-03,11.731948852539062,13.0,13.199999809265137,12.899999618530273,13.199999809265137,212200
2024-10-04,11.641702651977539,12.899999618530273,13.0,12.699999809265137,12.899999618530273,480900
2024-10-07,11.641702651977539,12.899999618530273,12.899999618530273,12.899999618530273,12.899999618530273,0
2024-10-08,11.731948852539062,13.0,13.0,12.699999809265137,13.0,407600
2024-10-09,11.641702651977539,12.899999618530273,13.0,12.800000190734863,12.899999618530273,302800
2024-10-10,11.641702651977539,12.899999618530273,13.0,12.800000190734863,12.800000190734863,74700
2024-10-11,11.641702651977539,12.899999618530273,13.0,12.899999618530273,12.899999618530273,103300
2024-10-15,11.912440299987793,13.199999809265137,13.199999809265137,12.899999618530273,13.100000381469727,652900
2024-10-16,11.912440299987793,13.199999809265137,13.199999809265137,13.199999809265137,13.199999809265137,0
2024-10-17,11.280719757080078,12.5,12.699999809265137,12.399999618530273,12.600000381469727,2184700
2024-10-18,11.280719757080078,12.5,12.600000381469727,12.399999618530273,12.399999618530273,290200
2024-10-21,11.551457405090332,12.800000190734863,12.800000190734863,12.5,12.5,580300
2024-10-22,11.190473556518555,12.399999618530273,12.800000190734863,12.399999618530273,12.800000190734863,588600
2024-10-24,11.280719757080078,12.5,12.5,12.300000190734863,12.399999618530273,301700
2024-10-25,11.280719757080078,12.5,12.5,12.300000190734863,12.399999618530273,142300
2024-10-28,11.190473556518555,12.399999618530273,12.5,12.300000190734863,12.399999618530273,89600
2024-10-29,11.100229263305664,12.300000190734863,12.5,12.300000190734863,12.399999618530273,310300
2024-10-30,11.100229263305664,12.300000190734863,12.399999618530273,12.300000190734863,12.300000190734863,142100
2024-10-31,11.461211204528809,12.699999809265137,12.800000190734863,12.199999809265137,12.300000190734863,495000
2024-11-01,10.919737815856934,12.100000381469727,12.600000381469727,12.0,12.600000381469727,1322500
2024-11-04,10.919737815856934,12.100000381469727,12.300000190734863,12.100000381469727,12.199999809265137,378000
2024-11-05,10.919737815856934,12.100000381469727,12.300000190734863,12.100000381469727,12.100000381469727,269500
2024-11-06,10.558753967285156,11.699999809265137,12.199999809265137,11.699999809265137,12.199999809265137,932800
2024-11-07,10.648999214172363,11.800000190734863,12.0,11.699999809265137,11.800000190734863,415300
2024-11-08,10.648999214172363,11.800000190734863,11.899999618530273,11.699999809265137,11.899999618530273,327600
2024-11-11,10.648999214172363,11.800000190734863,11.800000190734863,11.5,11.800000190734863,414800
2024-11-12,10.558753967285156,11.699999809265137,11.899999618530273,11.5,11.899999618530273,256300
2024-11-13,10.378262519836426,11.5,11.899999618530273,11.399999618530273,11.899999618530273,472500
2024-11-14,10.378262519836426,11.5,11.5,11.300000190734863,11.5,264900
2024-11-15,10.197771072387695,11.300000190734863,11.600000381469727,11.300000190734863,11.600000381469727,247900
2024-11-18,10.288016319274902,11.399999618530273,11.399999618530273,11.199999809265137,11.300000190734863,474700
2024-11-19,10.46850872039795,11.600000381469727,11.600000381469727,11.300000190734863,11.399999618530273,344900
2024-11-20,10.82949161529541,12.0,12.0,11.5,11.600000381469727,400600
2024-11-21,10.82949161529541,12.0,12.0,11.800000190734863,11.800000190734863,188400
2024-11-22,10.82949161529541,12.0,12.0,11.899999618530273,12.0,100700
2024-11-25,10.558753967285156,11.699999809265137,12.100000381469727,11.699999809265137,12.0,816800
2024-11-26,10.739245414733887,11.899999618530273,11.899999618530273,11.600000381469727,11.800000190734863,212700
2024-11-27,10.648999214172363,11.800000190734863,11.800000190734863,11.600000381469727,11.800000190734863,119800
2024-11-28,10.378262519836426,11.5,11.800000190734863,11.399999618530273,11.800000190734863,272300
2024-11-29,10.46850872039795,11.600000381469727,11.600000381469727,11.399999618530273,11.5,131500
2024-12-02,10.739245414733887,11.899999618530273,11.899999618530273,11.5,11.600000381469727,139300
2024-12-03,11.370965957641602,12.600000381469727,12.600000381469727,11.800000190734863,11.899999618530273,1071100
2024-12-04,11.370965957641602,12.600000381469727,12.600000381469727,12.300000190734863,12.600000381469727,396000
2024-12-06,11.370965957641602,12.600000381469727,12.600000381469727,12.300000190734863,12.399999618530273,397900
2024-12-09,11.100229263305664,12.300000190734863,12.600000381469727,12.300000190734863,12.600000381469727,323400
2024-12-11,11.00998306274414,12.199999809265137,12.5,12.199999809265137,12.300000190734863,216200
2024-12-12,10.82949161529541,12.0,12.300000190734863,12.0,12.199999809265137,401900
2024-12-13,10.82949161529541,12.0,12.100000381469727,11.899999618530273,12.0,183400
2024-12-16,10.648999214172363,11.800000190734863,12.199999809265137,11.800000190734863,12.199999809265137,257100
2024-12-17,10.378262519836426,11.5,11.899999618530273,11.5,11.800000190734863,330500
2024-12-18,10.288016319274902,11.399999618530273,11.600000381469727,11.399999618530273,11.600000381469727,188700
2024-12-19,10.107524871826172,11.199999809265137,11.399999618530273,11.199999809265137,11.300000190734863,536300
2024-12-20,9.836788177490234,10.899999618530273,11.300000190734863,10.899999618530273,11.300000190734863,493000
2024-12-23,9.746541976928711,10.800000190734863,11.0,10.600000381469727,11.0,894400
2024-12-24,9.656296730041504,10.699999809265137,10.899999618530273,10.699999809265137,10.699999809265137,748200
2024-12-25,9.746541976928711,10.800000190734863,10.899999618530273,10.600000381469727,10.699999809265137,1286700
2024-12-26,9.746541976928711,10.800000190734863,10.899999618530273,10.699999809265137,10.800000190734863,722100
2024-12-27,9.746541976928711,10.800000190734863,10.899999618530273,10.699999809265137,10.800000190734863,262300
2024-12-30,9.746541976928711,10.800000190734863,10.899999618530273,10.699999809265137,10.899999618530273,174700
2025-01-02,9.38555908203125,10.399999618530273,10.899999618530273,10.399999618530273,10.899999618530273,1336300
2025-01-03,9.295313835144043,10.300000190734863,10.5,10.199999809265137,10.399999618530273,779400
2025-01-06,9.114822387695312,10.100000381469727,10.399999618530273,9.949999809265137,10.399999618530273,1544100
2025-01-07,9.114822387695312,10.100000381469727,10.199999809265137,10.0,10.199999809265137,503500
2025-01-08,8.934329986572266,9.899999618530273,10.399999618530273,9.850000381469727,10.100000381469727,1888200
2025-01-09,8.573346138000488,9.5,9.949999809265137,9.5,9.899999618530273,1587400
2025-01-10,8.528223991394043,9.449999809265137,9.699999809265137,9.449999809265137,9.550000190734863,739100
2025-01-13,8.483101844787598,9.399999618530273,9.550000190734863,9.399999618530273,9.5,541100
2025-01-14,8.21236515045166,9.100000381469727,9.5,9.100000381469727,9.449999809265137,1331400
2025-01-15,8.30260944366455,9.199999809265137,9.199999809265137,9.0,9.149999618530273,1024300
2025-01-16,8.21236515045166,9.100000381469727,9.199999809265137,9.0,9.199999809265137,834800
2025-01-17,8.031872749328613,8.899999618530273,9.100000381469727,8.850000381469727,9.100000381469727,1485800
2025-01-20,7.761135578155518,8.600000381469727,8.899999618530273,8.600000381469727,8.899999618530273,1709900
2025-01-21,8.031872749328613,8.899999618530273,8.949999809265137,8.649999618530273,8.649999618530273,1076800
2025-01-22,7.896503448486328,8.75,9.0,8.699999809265137,8.899999618530273,1291000
2025-01-23,7.851381301879883,8.699999809265137,8.800000190734863,8.649999618530273,8.75,678900
2025-01-24,8.031872749328613,8.899999618530273,8.899999618530273,8.600000381469727,8.699999809265137,2051600
2025-01-27,8.031872749328613,8.899999618530273,9.0,8.850000381469727,8.899999618530273,881700
2025-01-28,8.031872749328613,8.899999618530273,8.949999809265137,8.75,8.899999618530273,739100
2025-01-29,7.94162654876709,8.800000190734863,8.949999809265137,8.75,8.949999809265137,541200
2025-01-30,7.94162654876709,8.800000190734863,8.899999618530273,8.699999809265137,8.850000381469727,836500
2025-01-31,7.761135578155518,8.600000381469727,8.800000190734863,8.550000190734863,8.800000190734863,1123800
2025-02-03,7.670889854431152,8.5,8.550000190734863,8.300000190734863,8.550000190734863,1330100
2025-02-04,7.580643177032471,8.399999618530273,8.550000190734863,8.399999618530273,8.5,959000
2025-02-05,7.625766754150391,8.449999809265137,8.550000190734863,8.350000381469727,8.449999809265137,1617700
2025-02-06,7.580643177032471,8.399999618530273,8.550000190734863,8.399999618530273,8.449999809265137,1146000
2025-02-07,7.716012954711914,8.550000190734863,8.550000190734863,8.300000190734863,8.399999618530273,595300
2025-02-10,7.580643177032471,8.399999618530273,8.449999809265137,8.350000381469727,8.449999809265137,975500
2025-02-11,7.625766754150391,8.449999809265137,8.550000190734863,8.399999618530273,8.449999809265137,638900
2025-02-13,7.400152683258057,8.199999809265137,8.5,8.050000190734863,8.5,3446000
2025-02-14,7.535521984100342,8.350000381469727,8.399999618530273,8.199999809265137,8.199999809265137,909700
2025-02-17,7.625766754150391,8.449999809265137,8.5,8.25,8.300000190734863,759000
2025-02-18,7.670889854431152,8.5,8.600000381469727,8.399999618530273,8.449999809265137,926300
2025-02-19,7.580643177032471,8.399999618530273,8.550000190734863,8.399999618530273,8.550000190734863,1233000
2025-02-20,7.490397930145264,8.300000190734863,8.649999618530273,8.300000190734863,8.449999809265137,1561900
2025-02-21,7.535521984100342,8.350000381469727,8.350000381469727,8.149999618530273,8.300000190734863,1277200
2025-02-24,7.44527530670166,8.25,8.399999618530273,8.25,8.350000381469727,824500
2025-02-25,7.129415035247803,7.900000095367432,8.199999809265137,7.900000095367432,8.199999809265137,1941800
2025-02-26,7.084292411804199,7.849999904632568,7.900000095367432,7.650000095367432,7.900000095367432,1943300
2025-02-27,6.587940692901611,7.300000190734863,7.900000095367432,7.300000190734863,7.900000095367432,3324400
2025-02-28,6.362326622009277,7.050000190734863,7.300000190734863,6.900000095367432,7.25,4281400
2025-03-03,6.091588973999023,6.75,7.050000190734863,6.699999809265137,7.050000190734863,3437600
2025-03-04,6.091588973999023,6.75,6.900000095367432,6.5,6.650000095367432,2527400
2025-03-05,6.452571868896484,7.150000095367432,7.25,6.75,6.800000190734863,3969600
2025-03-06,6.272079944610596,6.949999809265137,7.199999809265137,6.949999809265137,7.199999809265137,1757500
2025-03-07,6.587940692901611,7.300000190734863,7.300000190734863,6.900000095367432,7.0,1209100
2025-03-10,6.362326622009277,7.050000190734863,7.300000190734863,7.050000190734863,7.300000190734863,1379300
2025-03-11,6.407448768615723,7.099999904632568,7.099999904632568,6.849999904632568,7.0,2335900
2025-03-12,6.22695779800415,6.900000095367432,7.199999809265137,6.849999904632568,7.099999904632568,1924800
2025-03-13,6.317203044891357,7.0,7.150000095367432,6.900000095367432,7.0,1727100
2025-03-14,6.452571868896484,7.150000095367432,7.199999809265137,7.0,7.0,1104300
2025-03-17,6.54281759262085,7.25,7.349999904632568,7.150000095367432,7.199999809265137,1312900
2025-03-18,6.452571868896484,7.150000095367432,7.25,7.050000190734863,7.25,1464300
2025-03-19,6.587940692901611,7.300000190734863,7.349999904632568,7.050000190734863,7.050000190734863,1393100
2025-03-20,6.587940692901611,7.300000190734863,7.449999809265137,7.25,7.400000095367432,1358100
2025-03-21,6.633063316345215,7.349999904632568,7.400000095367432,7.199999809265137,7.349999904632568,1297300
2025-03-24,6.587940692901611,7.300000190734863,7.400000095367432,7.199999809265137,7.400000095367432,1657800
2025-03-25,6.633063316345215,7.349999904632568,7.550000190734863,7.25,7.300000190734863,3094500
2025-03-26,6.678186416625977,7.400000095367432,7.449999809265137,7.25,7.400000095367432,2994400
2025-03-27,6.633063316345215,7.349999904632568,7.449999809265137,7.25,7.400000095367432,3120100
2025-03-28,6.452571868896484,7.150000095367432,7.300000190734863,7.150000095367432,7.300000190734863,1776400
2025-03-31,6.317203044891357,7.0,7.150000095367432,6.949999809265137,7.150000095367432,2589300
2025-04-01,6.22695779800415,6.900000095367432,7.099999904632568,6.900000095367432,7.099999904632568,2737600
2025-04-02,6.272079944610596,6.949999809265137,7.050000190734863,6.900000095367432,6.900000095367432,1496900
2025-04-03,6.136712074279785,6.800000190734863,7.0,6.800000190734863,6.949999809265137,3158500
2025-04-04,6.091588973999023,6.75,6.849999904632568,6.650000095367432,6.800000190734863,3247400
2025-04-08,5.865974426269531,6.5,6.650000095367432,6.349999904632568,6.650000095367432,3303600
2025-04-09,6.091588973999023,6.75,6.849999904632568,6.449999809265137,6.5,2739200
2025-04-10,6.272079944610596,6.949999809265137,7.099999904632568,6.849999904632568,6.900000095367432,5910700
2025-04-11,6.319238662719727,6.699999809265137,6.75,6.550000190734863,6.550000190734863,2535800
2025-04-16,6.507873058319092,6.900000095367432,7.0,6.699999809265137,6.699999809265137,3307400
2025-04-17,6.649348258972168,7.050000190734863,7.099999904632568,6.949999809265137,6.949999809265137,2584500
2025-04-18,6.649348258972168,7.050000190734863,7.099999904632568,7.0,7.050000190734863,838900
2025-04-21,6.460714340209961,6.849999904632568,7.150000095367432,6.849999904632568,7.050000190734863,2646100
2025-04-22,6.507873058319092,6.900000095367432,7.0,6.699999809265137,6.849999904632568,1357300
2025-04-23,6.555030822753906,6.949999809265137,7.099999904632568,6.949999809265137,6.949999809265137,1651700
2025-04-24,6.507873058319092,6.900000095367432,7.0,6.849999904632568,6.949999809265137,1249200
2025-04-25,6.602189540863037,7.0,7.0,6.849999904632568,6.900000095367432,1608300
2025-04-28,6.460714340209961,6.849999904632568,7.050000190734863,6.849999904632568,6.949999809265137,833500
2025-04-29,6.460714340209961,6.849999904632568,6.949999809265137,6.75,6.949999809265137,968800
2025-04-30,6.507873058319092,6.900000095367432,6.949999809265137,6.800000190734863,6.849999904632568,1318300
2025-05-02,6.555030822753906,6.949999809265137,7.050000190734863,6.900000095367432,6.949999809265137,1519200
2025-05-06,6.555030822753906,6.949999809265137,7.150000095367432,6.900000095367432,7.0,4374100
2025-05-07,6.696506500244141,7.099999904632568,7.199999809265137,6.949999809265137,7.050000190734863,9995000
2025-05-08,6.696506500244141,7.099999904632568,7.199999809265137,7.0,7.150000095367432,9052900
2025-05-09,6.885140895843506,7.300000190734863,7.349999904632568,7.0,7.099999904632568,7952100
2025-05-13,6.837982177734375,7.25,7.400000095367432,7.150000095367432,7.349999904632568,4835200
2025-05-14,6.696506500244141,7.099999904632568,7.25,7.050000190734863,7.25,3999200
2025-05-15,6.507873058319092,6.900000095367432,7.099999904632568,6.849999904632568,7.099999904632568,3570800
2025-05-16,6.507873058319092,6.900000095367432,6.949999809265137,6.800000190734863,6.900000095367432,2426800
2025-05-19,6.507873058319092,6.900000095367432,7.0,6.849999904632568,6.949999809265137,1884000
2025-05-20,6.460714340209961,6.849999904632568,6.949999809265137,6.75,6.949999809265137,2582900
2025-05-21,6.413556098937988,6.800000190734863,6.900000095367432,6.650000095367432,6.800000190734863,3296800
2025-05-22,6.460714340209961,6.849999904632568,6.849999904632568,6.650000095367432,6.75,2834200
2025-05-23,6.649348258972168,7.050000190734863,7.150000095367432,6.800000190734863,6.849999904632568,3790700
2025-05-26,6.837982177734375,7.25,7.300000190734863,7.050000190734863,7.050000190734863,3842200
2025-05-27,6.790823459625244,7.199999809265137,7.300000190734863,7.099999904632568,7.199999809265137,2587400
2025-05-28,6.7436652183532715,7.150000095367432,7.300000190734863,7.150000095367432,7.199999809265137,1734300
2025-05-29,6.837982177734375,7.25,7.300000190734863,7.150000095367432,7.199999809265137,1735300
2025-05-30,6.555030822753906,6.949999809265137,7.150000095367432,6.949999809265137,7.150000095367432,12905800
2025-06-04,6.507873058319092,6.900000095367432,6.949999809265137,6.800000190734863,6.949999809265137,2002600
2025-06-05,6.555030822753906,6.949999809265137,7.0,6.800000190734863,6.900000095367432,2350800
2025-06-06,6.555030822753906,6.949999809265137,7.050000190734863,6.849999904632568,6.900000095367432,1141200
2025-06-09,6.602189540863037,7.0,7.0,6.849999904632568,6.949999809265137,618000
2025-06-10,6.696506500244141,7.099999904632568,7.099999904632568,6.949999809265137,6.949999809265137,970600
2025-06-11,6.602189540863037,7.0,7.199999809265137,7.0,7.150000095367432,1274200
2025-06-12,6.507873058319092,6.900000095367432,7.050000190734863,6.900000095367432,7.050000190734863,1154900
2025-06-13,6.319238662719727,6.699999809265137,6.900000095367432,6.650000095367432,6.900000095367432,5169800
2025-06-16,6.319238662719727,6.699999809265137,6.699999809265137,6.550000190734863,6.650000095367432,1169900
2025-06-17,6.366397380828857,6.75,6.75,6.650000095367432,6.699999809265137,636200
2025-06-18,6.366397380828857,6.75,6.849999904632568,6.650000095367432,6.75,1589900
2025-06-19,6.17776346206665,6.550000190734863,6.699999809265137,6.5,6.699999809265137,1831900
2025-06-20,6.036287784576416,6.400000095367432,6.650000095367432,6.400000095367432,6.599999904632568,3056200
2025-06-23,5.989129066467285,6.349999904632568,6.400000095367432,6.199999809265137,6.25,1585400
2025-06-24,6.413556098937988,6.800000190734863,6.800000190734863,6.449999809265137,6.550000190734863,3095200
2025-06-25,6.460714340209961,6.849999904632568,6.849999904632568,6.699999809265137,6.75,1547900
2025-06-26,6.460714340209961,6.849999904632568,6.949999809265137,6.75,6.849999904632568,1129900
2025-06-27,6.319238662719727,6.699999809265137,6.849999904632568,6.650000095367432,6.849999904632568,760000
2025-06-30,6.366397380828857,6.75,6.800000190734863,6.699999809265137,6.800000190734863,281300
2025-07-01,6.507873058319092,6.900000095367432,6.900000095367432,6.699999809265137,6.800000190734863,370000
2025-07-02,6.460714340209961,6.849999904632568,6.949999809265137,6.849999904632568,6.900000095367432,1569400
2025-07-03,6.460714340209961,6.849999904632568,6.900000095367432,6.650000095367432,6.849999904632568,3260100
2025-07-04,6.366397380828857,6.75,6.849999904632568,6.75,6.800000190734863,928800
2025-07-07,6.319238662719727,6.699999809265137,6.800000190734863,6.699999809265137,6.75,561200
2025-07-08,6.319238662719727,6.699999809265137,6.75,6.699999809265137,6.75,422900
2025-07-09,6.224921703338623,6.599999904632568,6.699999809265137,6.550000190734863,6.699999809265137,1131600
2025-07-11,6.366397380828857,6.75,6.800000190734863,6.650000095367432,6.650000095367432,1094200
2025-07-14,6.507873058319092,6.900000095367432,7.0,6.75,6.75,1577800
2025-07-15,6.602189540863037,7.0,7.050000190734863,6.900000095367432,6.949999809265137,1106400
2025-07-16,6.602189540863037,7.0,7.099999904632568,6.949999809265137,7.0,1369700
2025-07-17,6.696506500244141,7.099999904632568,7.150000095367432,7.050000190734863,7.050000190734863,2108300
2025-07-18,6.696506500244141,7.099999904632568,7.199999809265137,7.050000190734863,7.099999904632568,5407300
2025-07-21,6.649348258972168,7.050000190734863,7.150000095367432,7.050000190734863,7.150000095367432,1541800
2025-07-22,6.555030822753906,6.949999809265137,7.099999904632568,6.949999809265137,7.099999904632568,1610800
2025-07-23,6.696506500244141,7.099999904632568,7.150000095367432,7.0,7.0,2112300
2025-07-24,6.649348258972168,7.050000190734863,7.150000095367432,7.0,7.050000190734863,1448000
2025-07-25,6.696506500244141,7.099999904632568,7.150000095367432,6.949999809265137,7.0,2912100
2025-07-29,6.9322991371154785,7.349999904632568,7.349999904632568,7.099999904632568,7.099999904632568,6693000
2025-07-30,7.4982008934021,7.949999809265137,7.949999809265137,7.349999904632568,7.349999904632568,8175700
2025-07-31,7.4982008934021,7.949999809265137,8.149999618530273,7.900000095367432,8.0,5601300
2025-08-01,7.120933532714844,7.550000190734863,7.949999809265137,7.5,7.949999809265137,6426300
2025-08-04,7.073774814605713,7.5,7.550000190734863,7.400000095367432,7.550000190734863,3887600
2025-08-05,7.309566974639893,7.75,7.800000190734863,7.5,7.550000190734863,7089400
2025-08-06,7.592518329620361,8.050000190734863,8.050000190734863,7.699999809265137,7.699999809265137,5574600
2025-08-07,7.7339935302734375,8.199999809265137,8.25,8.0,8.050000190734863,6729400
2025-08-08,7.7339935302734375,8.199999809265137,8.399999618530273,8.050000190734863,8.199999809265137,5538800
2025-08-13,7.87546968460083,8.350000381469727,8.449999809265137,8.100000381469727,8.300000190734863,4732600
2025-08-14,7.7339935302734375,8.199999809265137,8.350000381469727,8.149999618530273,8.350000381469727,2340100
2025-08-15,7.7339935302734375,8.199999809265137,8.399999618530273,8.100000381469727,8.199999809265137,3456900
2025-08-18,7.781152248382568,8.25,8.300000190734863,8.149999618530273,8.199999809265137,1106500
2025-08-19,7.7339935302734375,8.199999809265137,8.25,8.149999618530273,8.25,2769100
2025-08-20,7.781152248382568,8.25,8.25,8.100000381469727,8.199999809265137,1859500
2025-08-21,7.7339935302734375,8.199999809265137,8.350000381469727,8.100000381469727,8.25,2423700
2025-08-22,7.828310489654541,8.300000190734863,8.300000190734863,8.149999618530273,8.25,2194500
2025-08-25,8.111262321472168,8.600000381469727,8.649999618530273,8.350000381469727,8.350000381469727,4905700
2025-08-26,8.016944885253906,8.5,8.699999809265137,8.449999809265137,8.600000381469727,3167000
2025-08-27,7.969786167144775,8.449999809265137,8.550000190734863,8.449999809265137,8.5,1217100
2025-08-28,8.205578804016113,8.699999809265137,8.75,8.449999809265137,8.449999809265137,3811700
2025-08-29,8.064104080200195,8.550000190734863,8.699999809265137,8.5,8.699999809265137,4706800
2025-09-01,7.969786167144775,8.449999809265137,8.550000190734863,8.149999618530273,8.550000190734863,8780000
2025-09-02,8.064104080200195,8.550000190734863,8.600000381469727,8.449999809265137,8.5,1766600
2025-09-03,7.969786167144775,8.449999809265137,8.699999809265137,8.449999809265137,8.550000190734863,3464700
2025-09-04,8.016944885253906,8.5,8.649999618530273,8.449999809265137,8.449999809265137,2668000
2025-09-05,8.111262321472168,8.600000381469727,8.699999809265137,8.449999809265137,8.600000381469727,2957600
2025-09-08,8.111262321472168,8.600000381469727,8.75,8.5,8.600000381469727,4461900
2025-09-09,8.15842056274414,8.649999618530273,8.699999809265137,8.550000190734863,8.600000381469727,2563400
2025-09-10,8.205578804016113,8.699999809265137,8.75,8.550000190734863,8.649999618530273,6530300
2025-09-11,8.157024383544922,8.399999618530273,8.5,8.350000381469727,8.449999809265137,4840900
2025-09-12,8.157024383544922,8.399999618530273,8.449999809265137,8.350000381469727,8.449999809265137,2119600
2025-09-15,8.108471870422363,8.350000381469727,8.399999618530273,8.25,8.399999618530273,1602800
2025-09-16,8.205578804016113,8.449999809265137,8.5,8.300000190734863,8.350000381469727,2248800
2025-09-17,8.157024383544922,8.399999618530273,8.5,8.399999618530273,8.449999809265137,1568000
2025-09-18,8.011363983154297,8.25,8.449999809265137,8.149999618530273,8.350000381469727,4193600
2025-09-19,8.059917449951172,8.300000190734863,8.399999618530273,8.25,8.25,1562600
2025-09-22,8.108471870422363,8.350000381469727,8.399999618530273,8.25,8.399999618530273,1579600
2025-09-23,7.8171491622924805,8.050000190734863,8.300000190734863,8.050000190734863,8.300000190734863,3486700
2025-09-24,7.9142560958862305,8.149999618530273,8.149999618530273,8.0,8.050000190734863,3139400
2025-09-25,7.962810039520264,8.199999809265137,8.199999809265137,8.100000381469727,8.149999618530273,910300
2025-09-26,8.011363983154297,8.25,8.300000190734863,8.149999618530273,8.199999809265137,880200
2025-09-29,8.011363983154297,8.25,8.399999618530273,8.149999618530273,8.25,2953900
2025-09-30,7.9142560958862305,8.149999618530273,8.300000190734863,8.149999618530273,8.25,1223000
2025-10-01,7.865703105926514,8.100000381469727,8.199999809265137,8.100000381469727,8.149999618530273,937700
2025-10-02,8.011363983154297,8.25,8.300000190734863,8.100000381469727,8.100000381469727,1464800
2025-10-03,8.108471870422363,8.350000381469727,8.350000381469727,8.199999809265137,8.25,1656800
2025-10-06,7.962810039520264,8.199999809265137,8.350000381469727,8.199999809265137,8.350000381469727,1518700
2025-10-07,7.962810039520264,8.199999809265137,8.199999809265137,8.199999809265137,8.199999809265137,0
2025-10-08,9.03099250793457,9.300000190734863,9.350000381469727,8.5,8.5,16374400
2025-10-09,9.71074390411377,10.0,10.199999809265137,9.300000190734863,9.300000190734863,16393100
2025-10-10,9.904958724975586,10.199999809265137,10.600000381469727,9.899999618530273,10.0,13168500
2025-10-14,9.71074390411377,10.0,10.300000190734863,9.949999809265137,10.100000381469727,7520700
2025-10-15,10.002066612243652,10.300000190734863,10.300000190734863,10.0,10.199999809265137,14103000
2025-10-16,9.904958724975586,10.199999809265137,10.300000190734863,10.199999809265137,10.300000190734863,2330200
2025-10-17,10.196281433105469,10.5,10.899999618530273,10.100000381469727,10.100000381469727,13609100
2025-10-20,10.390496253967285,10.699999809265137,10.899999618530273,10.5,10.600000381469727,5557200
2025-10-21,10.196281433105469,10.5,10.899999618530273,10.100000381469727,10.800000190734863,8081700
2025-10-22,10.293389320373535,10.600000381469727,10.699999809265137,10.399999618530273,10.5,3019700
2025-10-24,10.099173545837402,10.399999618530273,10.699999809265137,10.399999618530273,10.5,2712500
2025-10-27,10.390496253967285,10.699999809265137,10.800000190734863,10.5,10.5,3006400
2025-10-28,9.662190437316895,9.949999809265137,10.699999809265137,9.949999809265137,10.699999809265137,7430500
2025-10-29,9.904958724975586,10.199999809265137,10.300000190734863,9.25,9.899999618530273,10191200
2025-10-30,12.429752349853516,12.800000190734863,12.899999618530273,12.600000381469727,12.699999809265137,82837800
2025-10-31,12.429752349853516,12.800000190734863,12.899999618530273,12.800000190734863,12.800000190734863,19432200
2025-11-03,12.429752349853516,12.800000190734863,12.899999618530273,12.800000190734863,12.800000190734863,9471600
2025-11-04,12.429752349853516,12.800000190734863,12.899999618530273,12.800000190734863,12.800000190734863,12496800
2025-11-05,12.429752349853516,12.800000190734863,12.899999618530273,12.800000190734863,12.800000190734863,26937300
2025-11-06,12.429752349853516,12.800000190734863,12.899999618530273,12.800000190734863,12.800000190734863,5480000
2025-11-07,12.429752349853516,12.800000190734863,12.899999618530273,12.800000190734863,12.800000190734863,3715800
2025-11-10,12.429752349853516,12.800000190734863,12.899999618530273,12.800000190734863,12.800000190734863,5394800
2025-11-11,12.526859283447266,12.899999618530273,12.899999618530273,12.800000190734863,12.899999618530273,2248400
2025-11-12,12.429752349853516,12.800000190734863,12.899999618530273,12.800000190734863,12.800000190734863,8363600
2025-11-13,12.429752349853516,12.800000190734863,12.899999618530273,12.800000190734863,12.800000190734863,2403000
2025-11-14,12.429752349853516,12.800000190734863,12.899999618530273,12.800000190734863,12.800000190734863,6828800
2025-11-17,12.429752349853516,12.800000190734863,12.899999618530273,12.800000190734863,12.800000190734863,1863800
2025-11-18,12.429752349853516,12.800000190734863,12.899999618530273,12.800000190734863,12.800000190734863,5078500
2025-11-19,12.526859283447266,12.899999618530273,12.899999618530273,12.800000190734863,12.899999618530273,2289400
2025-11-20,12.526859283447266,12.899999618530273,12.899999618530273,12.800000190734863,12.800000190734863,1379600
2025-11-21,12.526859283447266,12.899999618530273,12.899999618530273,12.800000190734863,12.800000190734863,2084000
2025-11-24,12.429752349853516,12.800000190734863,12.899999618530273,12.800000190734863,12.899999618530273,1312300
2025-11-25,12.429752349853516,12.800000190734863,12.899999618530273,12.800000190734863,12.899999618530273,4512100
2025-11-26,12.526859283447266,12.899999618530273,12.899999618530273,12.800000190734863,12.800000190734863,2285900
2025-11-27,12.429752349853516,12.800000190734863,12.899999618530273,12.800000190734863,12.800000190734863,936300
2025-11-28,12.429752349853516,12.800000190734863,12.899999618530273,12.800000190734863,12.800000190734863,2241300
2025-12-01,12.526859283447266,12.899999618530273,12.899999618530273,12.800000190734863,12.899999618530273,3095800
2025-12-02,12.526859283447266,12.899999618530273,13.0,12.800000190734863,12.899999618530273,21366900
2025-12-03,12.526859283447266,12.899999618530273,13.0,12.899999618530273,12.899999618530273,4865900
2025-12-04,12.526859283447266,12.899999618530273,13.0,12.899999618530273,12.899999618530273,1941500
2025-12-08,12.526859283447266,12.899999618530273,13.0,12.899999618530273,12.899999618530273,4442000
2025-12-09,12.623967170715332,13.0,13.0,12.899999618530273,12.899999618530273,1736400
2025-12-11,12.526859283447266,12.899999618530273,13.0,12.899999618530273,12.899999618530273,3364300
2025-12-12,12.526859283447266,12.899999618530273,13.0,12.899999618530273,12.899999618530273,4232700
2025-12-15,12.526859283447266,12.899999618530273,13.0,12.899999618530273,12.899999618530273,3460200
2025-12-16,12.623967170715332,13.0,13.0,12.899999618530273,12.899999618530273,3345200
2025-12-17,12.526859283447266,12.899999618530273,12.899999618530273,12.800000190734863,12.899999618530273,7023000
2025-12-18,12.526859283447266,12.899999618530273,13.0,12.800000190734863,12.800000190734863,10656700
2025-12-19,12.526859283447266,12.899999618530273,12.899999618530273,12.800000190734863,12.800000190734863,3063200
2025-12-22,11.65289306640625,12.0,12.899999618530273,11.600000381469727,12.899999618530273,2253600
2025-12-23,11.750000953674316,12.100000381469727,12.5,11.399999618530273,11.600000381469727,926100
2025-12-24,11.458678245544434,11.800000190734863,12.0,11.600000381469727,11.699999809265137,378865306
2025-12-25,11.264463424682617,11.600000381469727,11.699999809265137,11.600000381469727,11.600000381469727,181000
2025-12-26,10.973140716552734,11.300000190734863,11.5,11.199999809265137,11.5,261900
2025-12-29,10.973140716552734,11.300000190734863,11.399999618530273,10.899999618530273,11.199999809265137,821100
2025-12-30,12.2355375289917,12.600000381469727,12.600000381469727,11.0,11.300000190734863,996300
2026-01-05,11.16735553741455,11.5,12.100000381469727,11.5,11.699999809265137,277500
2026-01-06,11.070247650146484,11.399999618530273,11.5,11.300000190734863,11.5,156000
2026-01-07,10.778925895690918,11.100000381469727,11.399999618530273,11.100000381469727,11.399999618530273,174900
2026-01-08,10.487604141235352,10.800000190734863,11.100000381469727,10.800000190734863,11.100000381469727,270800
2026-01-09,10.390496253967285,10.699999809265137,11.0,10.600000381469727,10.899999618530273,227700
2026-01-12,10.099173545837402,10.399999618530273,10.600000381469727,10.300000190734863,10.600000381469727,329800
2026-01-13,10.487604141235352,10.800000190734863,11.0,10.399999618530273,10.5,1055200
2026-01-14,10.390496253967285,10.699999809265137,10.899999618530273,10.600000381469727,10.800000190734863,367400
2026-01-15,10.487604141235352,10.800000190734863,11.0,10.600000381469727,10.600000381469727,330400
2026-01-16,10.584711074829102,10.899999618530273,11.0,10.699999809265137,10.899999618530273,251400
2026-01-19,10.681818008422852,11.0,11.0,10.800000190734863,10.800000190734863,52900
2026-01-20,11.16735553741455,11.5,11.5,10.899999618530273,11.0,235200
2026-01-21,11.555785179138184,11.899999618530273,11.899999618530273,11.399999618530273,11.5,217200
2026-01-22,11.16735553741455,11.5,12.0,11.399999618530273,12.0,450100
2026-01-23,11.070247650146484,11.399999618530273,11.699999809265137,11.300000190734863,11.5,189100
2026-01-26,11.264463424682617,11.600000381469727,11.600000381469727,11.399999618530273,11.600000381469727,134900
2026-01-27,11.16735553741455,11.5,11.699999809265137,11.399999618530273,11.600000381469727,77300
2026-01-28,11.16735553741455,11.5,11.600000381469727,11.399999618530273,11.5,55900
2026-01-29,10.973140716552734,11.300000190734863,11.399999618530273,11.300000190734863,11.399999618530273,143400
2026-01-30,10.973140716552734,11.300000190734863,11.5,11.199999809265137,11.300000190734863,121600
2026-02-02,10.973140716552734,11.300000190734863,11.300000190734863,11.100000381469727,11.300000190734863,31800
2026-02-03,10.973140716552734,11.300000190734863,11.399999618530273,11.100000381469727,11.199999809265137,97500
2026-02-04,10.778925895690918,11.100000381469727,11.399999618530273,11.100000381469727,11.300000190734863,464600
2026-02-05,10.778925895690918,11.100000381469727,11.199999809265137,11.0,11.199999809265137,229700
2026-02-06,10.778925895690918,11.100000381469727,11.300000190734863,11.100000381469727,11.100000381469727,114500
2026-02-09,10.973140716552734,11.300000190734863,11.399999618530273,11.199999809265137,11.199999809265137,104300
2026-02-10,11.070247650146484,11.399999618530273,11.600000381469727,11.300000190734863,11.300000190734863,277100
2026-02-11,11.16735553741455,11.5,11.5,11.300000190734863,11.5,82600
2026-02-12,11.65289306640625,12.0,12.100000381469727,11.399999618530273,11.5,1081200
2026-02-13,11.750000953674316,12.100000381469727,12.199999809265137,11.899999618530273,11.899999618530273,229400
2026-02-16,11.750000953674316,12.100000381469727,12.300000190734863,11.899999618530273,12.300000190734863,100200
2026-02-17,11.847107887268066,12.199999809265137,12.199999809265137,11.899999618530273,12.0,108300
2026-02-18,11.944215774536133,12.300000190734863,12.300000190734863,12.100000381469727,12.199999809265137,227300
2026-02-19,12.33264446258545,12.699999809265137,12.800000190734863,12.199999809265137,12.300000190734863,420400
2026-02-20,12.138429641723633,12.5,12.699999809265137,12.399999618530273,12.600000381469727,400800
2026-02-23,12.041321754455566,12.399999618530273,12.600000381469727,12.199999809265137,12.5,499500
2026-02-24,12.041321754455566,12.399999618530273,12.399999618530273,12.100000381469727,12.199999809265137,60100
2026-02-25,12.138429641723633,12.5,12.600000381469727,12.399999618530273,12.399999618530273,126100
2026-02-26,11.847107887268066,12.199999809265137,12.5,12.199999809265137,12.5,195500
2026-02-27,11.555785179138184,11.899999618530273,12.300000190734863,11.899999618530273,12.300000190734863,252100
2026-03-02,11.361570358276367,11.699999809265137,11.899999618530273,11.699999809265137,11.899999618530273,130000
2026-03-04,11.361570358276367,11.699999809265137,12.100000381469727,11.5,11.600000381469727,354400
2026-03-05,12.138429641723633,12.5,12.5,11.899999618530273,12.100000381469727,781300
2026-03-06,12.2355375289917,12.600000381469727,12.600000381469727,12.300000190734863,12.5,294800
2026-03-09,12.138429641723633,12.5,12.699999809265137,11.899999618530273,12.699999809265137,251900
2026-03-10,12.041321754455566,12.399999618530273,12.600000381469727,12.199999809265137,12.600000381469727,56300
2026-03-11,11.65289306640625,12.0,12.399999618530273,12.0,12.300000190734863,211400
2026-03-12,12.138429641723633,12.5,12.600000381469727,12.0,12.0,371700
2026-03-13,12.2355375289917,12.600000381469727,12.699999809265137,12.399999618530273,12.699999809265137,311000
2026-03-16,11.944215774536133,12.300000190734863,12.699999809265137,12.100000381469727,12.699999809265137,112100
2026-03-17,11.847107887268066,12.199999809265137,12.5,12.100000381469727,12.5,98400
2026-03-18,11.847107887268066,12.199999809265137,12.199999809265137,11.899999618530273,12.199999809265137,197300
2026-03-19,11.944215774536133,12.300000190734863,12.399999618530273,12.100000381469727,12.199999809265137,143600
2026-03-20,12.623967170715332,13.0,13.0,12.199999809265137,12.399999618530273,1180800
2026-03-23,12.429752349853516,12.800000190734863,13.199999809265137,12.699999809265137,13.0,1433900
2026-03-24,12.041321754455566,12.399999618530273,12.800000190734863,12.399999618530273,12.600000381469727,242800
2026-03-25,11.847107887268066,12.199999809265137,12.5,12.0,12.5,367500
2026-03-26,11.750000953674316,12.100000381469727,12.300000190734863,12.0,12.300000190734863,277600
2026-03-27,12.041321754455566,12.399999618530273,12.5,12.100000381469727,12.100000381469727,234100
2026-03-30,12.2355375289917,12.600000381469727,12.600000381469727,12.399999618530273,12.5,328800
2026-03-31,12.138429641723633,12.5,12.699999809265137,12.5,12.5,115000
2026-04-01,11.944215774536133,12.300000190734863,12.600000381469727,12.199999809265137,12.600000381469727,123000
2026-04-02,11.944215774536133,12.300000190734863,12.399999618530273,12.199999809265137,12.399999618530273,140300
2026-04-03,12.041321754455566,12.399999618530273,12.399999618530273,12.300000190734863,12.399999618530273,21800
2026-04-07,12.041321754455566,12.399999618530273,12.399999618530273,12.199999809265137,12.300000190734863,164800
2026-04-08,11.65289306640625,12.0,12.300000190734863,12.0,12.300000190734863,482500
2026-04-09,11.750000953674316,12.100000381469727,12.199999809265137,12.0,12.100000381469727,163900
2026-04-10,11.750000953674316,12.100000381469727,12.199999809265137,12.0,12.199999809265137,145400
2026-04-16,11.800000190734863,11.800000190734863,12.0,11.699999809265137,11.699999809265137,220800
2026-04-17,11.5,11.5,11.899999618530273,11.5,11.800000190734863,144200
2026-04-20,11.399999618530273,11.399999618530273,11.5,11.199999809265137,11.300000190734863,107600
2026-04-21,11.199999809265137,11.199999809265137,11.399999618530273,11.199999809265137,11.399999618530273,74700
2026-04-22,11.300000190734863,11.300000190734863,11.399999618530273,11.199999809265137,11.399999618530273,55500
2026-04-23,11.399999618530273,11.399999618530273,11.399999618530273,11.199999809265137,11.300000190734863,31600
2026-04-24,11.399999618530273,11.399999618530273,11.399999618530273,11.199999809265137,11.300000190734863,64500
2026-04-27,11.199999809265137,11.199999809265137,11.399999618530273,11.199999809265137,11.300000190734863,49800
2026-04-28,11.300000190734863,11.300000190734863,11.399999618530273,11.300000190734863,11.399999618530273,67100
2026-04-29,11.600000381469727,11.600000381469727,11.699999809265137,11.399999618530273,11.399999618530273,167600
2026-04-30,11.899999618530273,11.899999618530273,12.0,11.699999809265137,11.699999809265137,194900
2026-05-01,11.899999618530273,11.899999618530273,11.899999618530273,11.899999618530273,11.899999618530273,0
2026-05-04,11.899999618530273,11.899999618530273,11.899999618530273,11.899999618530273,11.899999618530273,0
2026-05-05,12.0,12.0,12.0,11.800000190734863,11.800000190734863,275000
2026-05-06,12.0,12.0,12.100000381469727,11.899999618530273,11.899999618530273,229500
2026-05-07,12.0,12.0,12.100000381469727,11.899999618530273,12.0,118300
2026-05-08,11.899999618530273,11.899999618530273,12.0,11.800000190734863,11.899999618530273,150600
2026-05-11,11.800000190734863,11.800000190734863,12.0,11.800000190734863,11.800000190734863,124800
2026-05-12,11.600000381469727,11.600000381469727,12.399999618530273,11.5,12.399999618530273,792200
2026-05-13,11.600000381469727,11.600000381469727,11.699999809265137,11.5,11.699999809265137,149200
2026-05-14,11.600000381469727,11.600000381469727,11.899999618530273,11.5,11.600000381469727,126200
2026-05-15,11.600000381469727,11.600000381469727,11.699999809265137,11.5,11.600000381469727,148100
2026-05-18,11.5,11.5,11.600000381469727,11.5,11.600000381469727,84000
2026-05-19,11.800000190734863,11.800000190734863,11.800000190734863,11.5,11.5,89700
2026-05-20,11.800000190734863,11.800000190734863,11.800000190734863,11.600000381469727,11.699999809265137,193000
2026-05-21,12.0,12.0,12.0,11.800000190734863,11.800000190734863,127000
2026-05-22,12.0,12.0,12.100000381469727,11.899999618530273,12.100000381469727,92300
2026-05-25,12.0,12.0,12.199999809265137,12.0,12.100000381469727,78100
2026-05-26,12.0,12.0,12.100000381469727,11.800000190734863,12.0,231700
2026-05-27,11.800000190734863,11.800000190734863,12.0,11.800000190734863,11.899999618530273,138600
2026-05-28,12.100000381469727,12.100000381469727,12.100000381469727,11.899999618530273,12.0,97600
2026-05-29,12.0,12.0,12.100000381469727,11.899999618530273,12.0,92300
2026-06-01,12.0,12.0,12.0,12.0,12.0,0
2026-06-02,12.0,12.0,12.0,11.800000190734863,11.800000190734863,168300
2026-06-03,12.0,12.0,12.0,12.0,12.0,0
2026-06-04,11.699999809265137,11.699999809265137,12.0,11.600000381469727,12.0,223200
2026-06-05,11.5,11.5,11.699999809265137,11.5,11.600000381469727,250200
2026-06-08,11.600000381469727,11.600000381469727,11.600000381469727,11.399999618530273,11.399999618530273,63600
2026-06-09,11.5,11.5,11.600000381469727,11.399999618530273,11.5,40600
2026-06-10,11.300000190734863,11.300000190734863,11.5,11.300000190734863,11.5,75200
2026-06-11,11.5,11.5,11.5,11.399999618530273,11.5,47400
2026-06-12,11.300000190734863,11.300000190734863,11.5,11.300000190734863,11.5,146800
2026-06-15,11.100000381469727,11.100000381469727,11.300000190734863,11.100000381469727,11.300000190734863,152700
2026-06-16,11.100000381469727,11.100000381469727,11.300000190734863,11.0,11.300000190734863,164100
2026-06-17,11.300000190734863,11.300000190734863,11.300000190734863,11.0,11.100000381469727,151200
2026-06-18,11.100000381469727,11.100000381469727,11.300000190734863,11.0,11.199999809265137,196800
2026-06-19,11.199999809265137,11.199999809265137,11.300000190734863,11.100000381469727,11.100000381469727,42200
2026-06-22,11.100000381469727,11.100000381469727,11.199999809265137,11.100000381469727,11.199999809265137,30500
2026-06-23,11.0,11.0,11.100000381469727,10.899999618530273,11.100000381469727,126300
2026-06-24,10.899999618530273,10.899999618530273,11.100000381469727,10.899999618530273,10.899999618530273,70700
2026-06-25,10.899999618530273,10.899999618530273,11.0,10.800000190734863,11.0,76700
2026-06-26,11.0,11.0,11.0,10.800000190734863,11.0,49700
2026-06-29,11.0,11.0,11.199999809265137,10.899999618530273,10.899999618530273,136600
2026-06-30,11.300000190734863,11.300000190734863,11.300000190734863,11.0,11.0,57200
2026-07-01,11.300000190734863,11.300000190734863,11.300000190734863,11.0,11.199999809265137,140100
2026-07-02,11.199999809265137,11.199999809265137,11.399999618530273,11.100000381469727,11.199999809265137,19600
2026-07-03,11.399999618530273,11.399999618530273,11.5,11.199999809265137,11.199999809265137,259100
2026-07-06,11.5,11.5,11.5,11.300000190734863,11.399999618530273,165400
2026-07-07,11.399999618530273,11.399999618530273,11.5,11.300000190734863,11.399999618530273,141500
2026-07-08,11.5,11.5,11.600000381469727,11.399999618530273,11.399999618530273,194800
2026-07-09,11.600000381469727,11.600000381469727,11.699999809265137,11.399999618530273,11.5,93500
2026-07-10,11.699999809265137,11.699999809265137,11.699999809265137,11.5,11.600000381469727,74800
2026-07-13,11.800000190734863,11.800000190734863,11.800000190734863,11.5,11.699999809265137,489300
2026-07-14,12.0,12.0,12.100000381469727,11.699999809265137,11.699999809265137,400500
2026-07-15,11.899999618530273,11.899999618530273,12.199999809265137,11.800000190734863,12.100000381469727,390300
2026-07-16,12.0,12.0,12.100000381469727,11.600000381469727,12.0,3519400
2026-07-17,12.0,12.0,12.0,12.0,12.0,0
2026-07-20,12.0,12.0,12.0,12.0,12.0,0
2026-07-21,12.0,12.0,12.0,12.0,12.0,0
2026-07-22,12.0,12.0,12.0,12.0,12.0,0
2026-07-23,12.0,12.0,12.0,12.0,12.0,0
2026-07-24,12.0,12.0,12.0,12.0,12.0,0
2026-07-27,12.0,12.0,12.0,12.0,12.0,0
2026-07-28,12.0,12.0,12.0,12.0,12.0,0
2026-07-29,12.0,12.0,12.0,12.0,12.0,0
2026-07-30,12.0,12.0,12.0,12.0,12.0,0
2026-07-31,12.0,12.0,12.0,12.0,12.0,0
2026-08-03,12.0,12.0,12.0,12.0,12.0,0
2026-08-04,12.0,12.0,12.0,12.0,12.0,0
2026-08-05,15.100000381469727,15.100000381469727,15.300000190734863,15.100000381469727,15.199999809265137,16417200
2026-08-06,15.0,15.0,15.100000381469727,14.899999618530273,15.0,26156300
2026-08-07,15.0,15.0,15.100000381469727,14.800000190734863,14.899999618530273,18212700
2026-08-10,14.699999809265137,14.699999809265137,14.899999618530273,14.699999809265137,14.800000190734863,17636700
2026-08-11,14.600000381469727,14.600000381469727,15.0,14.600000381469727,14.800000190734863,24904200
