Date,Adj Close,Close,High,Low,Open,Volume
2016-08-26,17.956254959106445,23.200000762939453,23.5,23.100000381469727,23.100000381469727,51541200
2016-08-29,18.111053466796875,23.399999618530273,23.5,23.200000762939453,23.399999618530273,23320300
2016-08-30,18.111053466796875,23.399999618530273,23.5,23.200000762939453,23.399999618530273,28028700
2016-08-31,18.188453674316406,23.5,23.5,23.0,23.399999618530273,31793400
2016-09-01,18.188453674316406,23.5,23.5,23.200000762939453,23.5,22334700
2016-09-02,17.491870880126953,22.600000381469727,23.399999618530273,22.600000381469727,23.299999237060547,84039000
2016-09-05,17.569272994995117,22.700000762939453,22.899999618530273,22.399999618530273,22.799999237060547,56424900
2016-09-06,17.569272994995117,22.700000762939453,22.899999618530273,22.600000381469727,22.799999237060547,27989000
2016-09-07,17.491870880126953,22.600000381469727,23.0,22.5,22.700000762939453,34834100
2016-09-08,17.491870880126953,22.600000381469727,22.799999237060547,22.299999237060547,22.600000381469727,56283600
2016-09-09,17.337072372436523,22.399999618530273,22.600000381469727,22.0,22.5,48881100
2016-09-12,16.87268829345703,21.799999237060547,22.399999618530273,21.299999237060547,22.200000762939453,50204600
2016-09-13,17.105953216552734,22.0,22.100000381469727,21.600000381469727,22.0,69314900
2016-09-14,17.261463165283203,22.200000762939453,22.299999237060547,21.899999618530273,21.899999618530273,30526300
2016-09-15,17.261463165283203,22.200000762939453,22.299999237060547,22.100000381469727,22.299999237060547,14558100
2016-09-16,17.650238037109375,22.700000762939453,22.700000762939453,22.200000762939453,22.399999618530273,139287800
2016-09-19,17.416967391967773,22.399999618530273,22.700000762939453,22.299999237060547,22.700000762939453,37431800
2016-09-20,17.339216232299805,22.299999237060547,22.5,22.200000762939453,22.299999237060547,21522200
2016-09-21,17.650238037109375,22.700000762939453,22.700000762939453,22.399999618530273,22.399999618530273,29887100
2016-09-22,17.650238037109375,22.700000762939453,23.0,22.600000381469727,22.799999237060547,27125600
2016-09-23,17.494722366333008,22.5,22.799999237060547,22.299999237060547,22.600000381469727,29681300
2016-09-26,17.261463165283203,22.200000762939453,22.600000381469727,22.100000381469727,22.399999618530273,42634700
2016-09-27,17.105953216552734,22.0,22.399999618530273,22.0,22.299999237060547,35499200
2016-09-28,17.105953216552734,22.0,22.299999237060547,22.0,22.0,25606100
2016-09-29,16.794937133789062,21.600000381469727,21.799999237060547,20.899999618530273,21.399999618530273,211638100
2016-09-30,16.9504451751709,21.799999237060547,22.100000381469727,21.5,21.600000381469727,78130400
2016-10-03,17.028200149536133,21.899999618530273,22.0,21.700000762939453,21.799999237060547,23559100
2016-10-04,17.416967391967773,22.399999618530273,22.399999618530273,21.899999618530273,22.0,30455700
2016-10-05,17.494722366333008,22.5,22.600000381469727,22.299999237060547,22.399999618530273,31402100
2016-10-06,17.416967391967773,22.399999618530273,22.799999237060547,22.399999618530273,22.5,37136900
2016-10-07,17.261463165283203,22.200000762939453,22.5,22.200000762939453,22.299999237060547,42475000
2016-10-10,16.9504451751709,21.799999237060547,22.0,21.600000381469727,21.600000381469727,40991300
2016-10-11,16.794937133789062,21.600000381469727,22.100000381469727,21.600000381469727,22.0,40526000
2016-10-12,16.328411102294922,21.0,21.600000381469727,20.299999237060547,21.5,164896700
2016-10-13,16.172901153564453,20.799999237060547,20.899999618530273,20.100000381469727,20.700000762939453,96610400
2016-10-14,16.9504451751709,21.799999237060547,22.0,21.299999237060547,21.600000381469727,60513300
2016-10-17,16.794937133789062,21.600000381469727,21.799999237060547,21.5,21.600000381469727,24854800
2016-10-18,16.717182159423828,21.5,21.799999237060547,21.5,21.600000381469727,21383400
2016-10-19,16.717182159423828,21.5,21.700000762939453,21.200000762939453,21.5,28154500
2016-10-20,16.717182159423828,21.5,21.700000762939453,21.399999618530273,21.700000762939453,20509600
2016-10-21,16.872690200805664,21.700000762939453,21.799999237060547,21.5,21.5,22644800
2016-10-25,16.794937133789062,21.600000381469727,21.799999237060547,21.5,21.700000762939453,27033700
2016-10-26,16.794937133789062,21.600000381469727,21.799999237060547,21.5,21.600000381469727,15263700
2016-10-27,17.028200149536133,21.899999618530273,22.0,21.600000381469727,21.600000381469727,41035900
2016-10-28,17.494722366333008,22.5,22.600000381469727,21.799999237060547,21.899999618530273,50215300
2016-10-31,17.72798728942871,22.799999237060547,23.0,22.600000381469727,22.700000762939453,36321400
2016-11-01,17.72798728942871,22.799999237060547,22.799999237060547,22.5,22.799999237060547,20787200
2016-11-02,17.572479248046875,22.600000381469727,22.700000762939453,22.5,22.700000762939453,18592000
2016-11-03,17.72798728942871,22.799999237060547,22.799999237060547,22.600000381469727,22.600000381469727,21576100
2016-11-04,17.72798728942871,22.799999237060547,22.799999237060547,22.5,22.600000381469727,24623800
2016-11-07,17.72798728942871,22.799999237060547,22.899999618530273,22.600000381469727,22.799999237060547,12135700
2016-11-08,17.88349723815918,23.0,23.100000381469727,22.700000762939453,22.799999237060547,37389900
2016-11-09,17.88349723815918,23.0,23.0,22.700000762939453,22.799999237060547,25654000
2016-11-10,17.96125030517578,23.100000381469727,23.100000381469727,22.799999237060547,23.100000381469727,21574900
2016-11-11,17.72798728942871,22.799999237060547,23.0,22.600000381469727,23.0,22268100
2016-11-14,17.261463165283203,22.200000762939453,22.700000762939453,22.100000381469727,22.700000762939453,27268500
2016-11-15,17.105953216552734,22.0,22.399999618530273,22.0,22.299999237060547,30481000
2016-11-16,17.105953216552734,22.0,22.299999237060547,21.899999618530273,22.100000381469727,27649300
2016-11-17,17.105953216552734,22.0,22.100000381469727,21.899999618530273,21.899999618530273,11260200
2016-11-18,17.028200149536133,21.899999618530273,22.0,21.799999237060547,22.0,10016500
2016-11-21,17.416967391967773,22.399999618530273,22.700000762939453,22.100000381469727,22.100000381469727,34313600
2016-11-22,17.80574607849121,22.899999618530273,22.899999618530273,22.5,22.600000381469727,22757000
2016-11-23,17.72798728942871,22.799999237060547,22.899999618530273,22.600000381469727,22.899999618530273,14201900
2016-11-24,17.650238037109375,22.700000762939453,22.799999237060547,22.600000381469727,22.700000762939453,4607900
2016-11-25,17.72798728942871,22.799999237060547,22.899999618530273,22.700000762939453,22.799999237060547,6674900
2016-11-28,17.80574607849121,22.899999618530273,22.899999618530273,22.700000762939453,22.799999237060547,6480300
2016-11-29,17.88349723815918,23.0,23.0,22.700000762939453,23.0,16747800
2016-11-30,18.11676025390625,23.299999237060547,23.299999237060547,22.700000762939453,22.899999618530273,30770600
2016-12-01,18.039003372192383,23.200000762939453,23.399999618530273,23.100000381469727,23.399999618530273,13017900
2016-12-02,17.80574607849121,22.899999618530273,23.200000762939453,22.799999237060547,23.100000381469727,13138200
2016-12-06,18.11676025390625,23.299999237060547,23.299999237060547,22.899999618530273,23.0,22077800
2016-12-07,17.96125030517578,23.100000381469727,23.299999237060547,22.899999618530273,23.200000762939453,15370500
2016-12-08,17.80574607849121,22.899999618530273,23.299999237060547,22.899999618530273,23.100000381469727,17642200
2016-12-09,17.80574607849121,22.899999618530273,23.0,22.799999237060547,22.899999618530273,10490300
2016-12-13,17.72798728942871,22.799999237060547,22.899999618530273,22.700000762939453,22.799999237060547,12501700
2016-12-14,17.572479248046875,22.600000381469727,22.899999618530273,22.5,22.899999618530273,16826300
2016-12-15,17.572479248046875,22.600000381469727,22.600000381469727,22.299999237060547,22.600000381469727,23854600
2016-12-16,17.494722366333008,22.5,22.700000762939453,22.399999618530273,22.600000381469727,17724700
2016-12-19,17.494722366333008,22.5,22.5,22.299999237060547,22.5,13866800
2016-12-20,17.494722366333008,22.5,22.600000381469727,22.399999618530273,22.600000381469727,9672900
2016-12-21,17.261463165283203,22.200000762939453,22.600000381469727,22.200000762939453,22.5,16413100
2016-12-22,17.339216232299805,22.299999237060547,22.399999618530273,22.100000381469727,22.200000762939453,13903800
2016-12-23,17.416967391967773,22.399999618530273,22.5,22.200000762939453,22.200000762939453,11365700
2016-12-26,17.572479248046875,22.600000381469727,22.700000762939453,22.399999618530273,22.5,5977300
2016-12-27,17.572479248046875,22.600000381469727,22.799999237060547,22.399999618530273,22.600000381469727,8263400
2016-12-28,17.650238037109375,22.700000762939453,22.799999237060547,22.5,22.700000762939453,5416200
2016-12-29,17.96125030517578,23.100000381469727,23.200000762939453,22.600000381469727,22.600000381469727,28106600
2016-12-30,17.96125030517578,23.100000381469727,23.299999237060547,22.899999618530273,23.200000762939453,17930100
2017-01-04,18.11676025390625,23.299999237060547,23.399999618530273,22.899999618530273,23.200000762939453,29363700
2017-01-05,17.88349723815918,23.0,23.299999237060547,22.799999237060547,23.299999237060547,24443000
2017-01-06,17.650238037109375,22.700000762939453,23.100000381469727,22.700000762939453,23.0,29606000
2017-01-09,17.650238037109375,22.700000762939453,22.799999237060547,22.399999618530273,22.799999237060547,21020400
2017-01-10,17.494722366333008,22.5,22.700000762939453,22.399999618530273,22.600000381469727,18681200
2017-01-11,17.650238037109375,22.700000762939453,22.799999237060547,22.5,22.5,17250800
2017-01-12,17.72798728942871,22.799999237060547,22.899999618530273,22.700000762939453,22.799999237060547,6144300
2017-01-16,17.494722366333008,22.5,22.700000762939453,22.5,22.5,13450300
2017-01-17,17.494722366333008,22.5,22.600000381469727,22.399999618530273,22.5,15813700
2017-01-18,17.339216232299805,22.299999237060547,22.5,22.299999237060547,22.5,14085700
2017-01-19,17.494722366333008,22.5,22.5,22.299999237060547,22.299999237060547,19204500
2017-01-20,17.339216232299805,22.299999237060547,22.5,22.200000762939453,22.399999618530273,25638600
2017-01-23,17.494722366333008,22.5,22.5,22.299999237060547,22.399999618530273,12411700
2017-01-24,17.416967391967773,22.399999618530273,22.5,22.299999237060547,22.5,19041400
2017-01-25,17.416967391967773,22.399999618530273,22.600000381469727,22.299999237060547,22.5,19250900
2017-01-26,17.494722366333008,22.5,22.600000381469727,22.299999237060547,22.399999618530273,35738000
2017-01-27,17.494722366333008,22.5,22.5,22.399999618530273,22.5,10348200
2017-01-30,17.261463165283203,22.200000762939453,22.399999618530273,22.200000762939453,22.399999618530273,13199500
2017-01-31,17.261463165283203,22.200000762939453,22.399999618530273,22.100000381469727,22.100000381469727,17153900
2017-02-01,17.1837100982666,22.100000381469727,22.399999618530273,22.0,22.200000762939453,28553100
2017-02-02,17.105953216552734,22.0,22.299999237060547,22.0,22.100000381469727,19649000
2017-02-03,16.872690200805664,21.700000762939453,22.100000381469727,21.600000381469727,21.899999618530273,40382900
2017-02-06,16.483922958374023,21.200000762939453,21.600000381469727,21.200000762939453,21.600000381469727,71461800
2017-02-07,16.56167221069336,21.299999237060547,21.399999618530273,21.0,21.200000762939453,59335000
2017-02-08,16.406169891357422,21.100000381469727,21.399999618530273,21.100000381469727,21.200000762939453,29556600
2017-02-09,16.56167221069336,21.299999237060547,21.399999618530273,21.100000381469727,21.200000762939453,22807300
2017-02-10,16.639427185058594,21.399999618530273,21.5,21.200000762939453,21.399999618530273,22997300
2017-02-14,16.56167221069336,21.299999237060547,21.5,21.200000762939453,21.399999618530273,25696800
2017-02-15,16.328411102294922,21.0,21.399999618530273,21.0,21.399999618530273,30009700
2017-02-16,16.250659942626953,20.899999618530273,21.100000381469727,20.899999618530273,21.0,26619400
2017-02-17,16.172901153564453,20.799999237060547,21.100000381469727,20.799999237060547,21.0,37624200
2017-02-20,16.328411102294922,21.0,21.200000762939453,20.799999237060547,20.899999618530273,25630700
2017-02-21,16.172901153564453,20.799999237060547,21.100000381469727,20.700000762939453,21.0,19548700
2017-02-22,16.172901153564453,20.799999237060547,20.899999618530273,20.5,20.799999237060547,30188700
2017-02-23,16.172901153564453,20.799999237060547,20.899999618530273,20.700000762939453,20.799999237060547,18108500
2017-02-24,15.939641952514648,20.5,20.799999237060547,20.299999237060547,20.700000762939453,34357600
2017-02-27,15.861886024475098,20.399999618530273,20.5,20.100000381469727,20.5,25247600
2017-02-28,15.628620147705078,20.100000381469727,20.5,20.100000381469727,20.399999618530273,22492100
2017-03-01,15.628620147705078,20.100000381469727,20.399999618530273,20.0,20.100000381469727,48181100
2017-03-02,15.628620147705078,20.100000381469727,20.200000762939453,19.899999618530273,20.100000381469727,43330200
2017-03-03,15.550867080688477,20.0,20.200000762939453,19.799999237060547,20.100000381469727,27576100
2017-03-06,15.628620147705078,20.100000381469727,20.200000762939453,19.899999618530273,20.0,34449100
2017-03-07,15.706377983093262,20.200000762939453,20.299999237060547,19.799999237060547,20.0,44339700
2017-03-08,15.784132957458496,20.299999237060547,20.299999237060547,20.0,20.200000762939453,23076800
2017-03-09,15.939641952514648,20.5,20.799999237060547,20.399999618530273,20.399999618530273,42085600
2017-03-10,15.861886024475098,20.399999618530273,20.600000381469727,20.299999237060547,20.600000381469727,18635500
2017-03-13,15.77554988861084,20.100000381469727,20.299999237060547,20.100000381469727,20.200000762939453,13028700
2017-03-14,15.618582725524902,19.899999618530273,20.200000762939453,19.899999618530273,20.100000381469727,35044500
2017-03-15,15.618582725524902,19.899999618530273,20.0,19.799999237060547,20.0,30455100
2017-03-16,15.540092468261719,19.799999237060547,20.299999237060547,19.799999237060547,20.0,30983200
2017-03-17,16.011005401611328,20.399999618530273,20.399999618530273,19.899999618530273,19.899999618530273,26468500
2017-03-20,16.16797637939453,20.600000381469727,20.799999237060547,20.399999618530273,20.5,33803100
2017-03-21,16.16797637939453,20.600000381469727,20.799999237060547,20.600000381469727,20.600000381469727,17537400
2017-03-22,16.2464599609375,20.700000762939453,20.799999237060547,20.399999618530273,20.5,21406900
2017-03-23,16.3249454498291,20.799999237060547,20.799999237060547,20.600000381469727,20.700000762939453,11846300
2017-03-24,16.403438568115234,20.899999618530273,20.899999618530273,20.700000762939453,20.700000762939453,15364800
2017-03-27,16.481918334960938,21.0,21.100000381469727,20.799999237060547,20.899999618530273,17594200
2017-03-28,16.63888931274414,21.200000762939453,21.200000762939453,20.899999618530273,21.100000381469727,15393500
2017-03-29,16.560407638549805,21.100000381469727,21.299999237060547,21.0,21.100000381469727,19597100
2017-03-30,16.717370986938477,21.299999237060547,21.299999237060547,21.0,21.100000381469727,26765200
2017-03-31,16.63888931274414,21.200000762939453,21.299999237060547,21.0,21.299999237060547,19169600
2017-04-03,16.3249454498291,20.799999237060547,21.200000762939453,20.799999237060547,21.100000381469727,22630000
2017-04-04,16.560407638549805,21.100000381469727,21.200000762939453,20.799999237060547,20.799999237060547,18115900
2017-04-05,16.560407638549805,21.100000381469727,21.200000762939453,20.899999618530273,21.100000381469727,14376400
2017-04-07,16.403438568115234,20.899999618530273,21.0,20.700000762939453,21.0,34118700
2017-04-10,16.3249454498291,20.799999237060547,20.899999618530273,20.700000762939453,20.799999237060547,9948300
2017-04-11,15.932520866394043,20.299999237060547,20.799999237060547,20.299999237060547,20.799999237060547,32812300
2017-04-12,16.089492797851562,20.5,20.5,20.299999237060547,20.299999237060547,10458800
2017-04-17,15.932520866394043,20.299999237060547,20.5,20.200000762939453,20.399999618530273,17299700
2017-04-18,15.854033470153809,20.200000762939453,20.399999618530273,20.200000762939453,20.299999237060547,11031000
2017-04-19,15.932520866394043,20.299999237060547,20.299999237060547,20.100000381469727,20.200000762939453,11189200
2017-04-20,15.697063446044922,20.0,20.299999237060547,19.899999618530273,20.299999237060547,30201300
2017-04-21,15.618582725524902,19.899999618530273,20.0,19.899999618530273,20.0,27374900
2017-04-24,15.932520866394043,20.299999237060547,20.5,19.899999618530273,20.0,35317800
2017-04-25,15.854033470153809,20.200000762939453,20.5,20.100000381469727,20.399999618530273,21726500
2017-04-26,15.932520866394043,20.299999237060547,20.299999237060547,20.100000381469727,20.200000762939453,17622700
2017-04-27,16.011005401611328,20.399999618530273,20.399999618530273,20.200000762939453,20.299999237060547,11320000
2017-04-28,15.932520866394043,20.299999237060547,20.399999618530273,20.0,20.399999618530273,25411000
2017-05-02,15.854033470153809,20.200000762939453,20.399999618530273,20.100000381469727,20.299999237060547,12045100
2017-05-03,15.854033470153809,20.200000762939453,20.299999237060547,20.100000381469727,20.200000762939453,12060600
2017-05-04,16.089492797851562,20.5,20.700000762939453,20.200000762939453,20.299999237060547,52886600
2017-05-08,16.089492797851562,20.5,20.600000381469727,20.399999618530273,20.600000381469727,16264700
2017-05-09,16.089492797851562,20.5,20.600000381469727,20.299999237060547,20.399999618530273,12506300
2017-05-11,16.011005401611328,20.399999618530273,20.5,20.0,20.399999618530273,29662700
2017-05-12,16.2464599609375,20.700000762939453,20.700000762939453,20.200000762939453,20.399999618530273,24320100
2017-05-15,16.16797637939453,20.600000381469727,20.600000381469727,20.600000381469727,20.600000381469727,2481900
2017-05-16,15.147665977478027,19.299999237060547,20.600000381469727,19.200000762939453,20.600000381469727,216277400
2017-05-17,14.755239486694336,18.799999237060547,19.399999618530273,18.600000381469727,19.299999237060547,104992700
2017-05-18,14.598271369934082,18.600000381469727,19.0,18.600000381469727,18.700000762939453,63408500
2017-05-19,14.284332275390625,18.200000762939453,18.600000381469727,18.200000762939453,18.600000381469727,113672300
2017-05-22,14.362812995910645,18.299999237060547,18.600000381469727,18.299999237060547,18.299999237060547,75756000
2017-05-23,14.441298484802246,18.399999618530273,18.5,18.299999237060547,18.399999618530273,48596900
2017-05-24,14.284332275390625,18.200000762939453,18.399999618530273,18.100000381469727,18.299999237060547,50755800
2017-05-25,14.598271369934082,18.600000381469727,18.799999237060547,18.299999237060547,18.299999237060547,60467800
2017-05-26,14.598271369934082,18.600000381469727,18.899999618530273,18.600000381469727,18.700000762939453,29486600
2017-05-29,14.598271369934082,18.600000381469727,18.799999237060547,18.5,18.700000762939453,17267600
2017-05-30,14.598271369934082,18.600000381469727,18.600000381469727,18.5,18.600000381469727,25356400
2017-05-31,14.598271369934082,18.600000381469727,18.799999237060547,18.600000381469727,18.600000381469727,31085300
2017-06-01,14.519783020019531,18.5,18.700000762939453,18.5,18.600000381469727,15320400
2017-06-02,14.598271369934082,18.600000381469727,18.700000762939453,18.299999237060547,18.5,31966900
2017-06-05,14.755239486694336,18.799999237060547,18.799999237060547,18.5,18.600000381469727,27063200
2017-06-06,14.990697860717773,19.100000381469727,19.100000381469727,18.600000381469727,18.700000762939453,39168400
2017-06-07,15.226149559020996,19.399999618530273,19.5,19.0,19.100000381469727,43057700
2017-06-08,15.069182395935059,19.200000762939453,19.399999618530273,19.100000381469727,19.299999237060547,20406800
2017-06-09,15.069182395935059,19.200000762939453,19.299999237060547,19.100000381469727,19.200000762939453,11499400
2017-06-12,14.833724975585938,18.899999618530273,19.200000762939453,18.899999618530273,19.100000381469727,18342100
2017-06-13,14.755239486694336,18.799999237060547,19.0,18.799999237060547,18.799999237060547,13289400
2017-06-14,15.069182395935059,19.200000762939453,19.200000762939453,18.899999618530273,19.0,20925800
2017-06-15,15.069182395935059,19.200000762939453,19.399999618530273,19.100000381469727,19.200000762939453,22930600
2017-06-16,14.912214279174805,19.0,19.200000762939453,18.899999618530273,19.100000381469727,20309600
2017-06-19,14.755239486694336,18.799999237060547,19.0,18.799999237060547,19.0,15700000
2017-06-20,14.67675495147705,18.700000762939453,18.899999618530273,18.5,18.899999618530273,45621000
2017-06-21,14.912214279174805,19.0,19.0,18.600000381469727,18.700000762939453,19645100
2017-06-22,14.912214279174805,19.0,19.200000762939453,18.899999618530273,19.0,19505300
2017-06-23,14.833724975585938,18.899999618530273,19.100000381469727,18.799999237060547,19.0,12021700
2017-06-26,15.147665977478027,19.299999237060547,19.399999618530273,18.899999618530273,19.0,37234900
2017-06-27,15.069182395935059,19.200000762939453,19.5,19.200000762939453,19.399999618530273,25980300
2017-06-28,15.147665977478027,19.299999237060547,19.399999618530273,19.200000762939453,19.200000762939453,17722700
2017-06-29,15.147665977478027,19.299999237060547,19.5,19.299999237060547,19.399999618530273,31639500
2017-06-30,15.069182395935059,19.200000762939453,19.399999618530273,19.200000762939453,19.299999237060547,13926600
2017-07-03,15.304633140563965,19.5,19.700000762939453,19.299999237060547,19.299999237060547,53104600
2017-07-04,15.618582725524902,19.899999618530273,20.0,19.600000381469727,19.600000381469727,52497600
2017-07-05,15.77554988861084,20.100000381469727,20.200000762939453,19.899999618530273,20.0,57573100
2017-07-06,15.540092468261719,19.799999237060547,20.100000381469727,19.600000381469727,20.0,42576700
2017-07-07,15.540092468261719,19.799999237060547,19.899999618530273,19.700000762939453,19.700000762939453,8413800
2017-07-11,15.226149559020996,19.399999618530273,19.799999237060547,19.399999618530273,19.700000762939453,26640300
2017-07-12,15.069182395935059,19.200000762939453,19.5,19.100000381469727,19.399999618530273,24650300
2017-07-13,14.912214279174805,19.0,19.299999237060547,19.0,19.299999237060547,24765600
2017-07-14,14.912214279174805,19.0,19.100000381469727,18.799999237060547,18.899999618530273,28157400
2017-07-17,14.912214279174805,19.0,19.399999618530273,19.0,19.100000381469727,23852600
2017-07-18,15.147665977478027,19.299999237060547,19.299999237060547,19.0,19.100000381469727,18684100
2017-07-19,15.147665977478027,19.299999237060547,19.399999618530273,19.200000762939453,19.399999618530273,17741200
2017-07-20,15.147665977478027,19.299999237060547,19.600000381469727,19.200000762939453,19.299999237060547,19954000
2017-07-21,14.990697860717773,19.100000381469727,19.299999237060547,19.0,19.299999237060547,26353300
2017-07-24,14.833724975585938,18.899999618530273,19.100000381469727,18.799999237060547,19.0,19217300
2017-07-25,14.912214279174805,19.0,19.200000762939453,18.899999618530273,18.899999618530273,12368400
2017-07-26,14.990697860717773,19.100000381469727,19.299999237060547,19.0,19.0,9955900
2017-07-27,14.990697860717773,19.100000381469727,19.200000762939453,19.0,19.100000381469727,12696700
2017-07-31,14.990697860717773,19.100000381469727,19.200000762939453,18.899999618530273,19.100000381469727,29717600
2017-08-01,14.912214279174805,19.0,19.100000381469727,19.0,19.100000381469727,6508700
2017-08-02,15.383125305175781,19.600000381469727,19.700000762939453,19.100000381469727,19.100000381469727,83619000
2017-08-03,15.383125305175781,19.600000381469727,19.700000762939453,19.399999618530273,19.5,48823100
2017-08-04,15.383125305175781,19.600000381469727,19.700000762939453,19.399999618530273,19.600000381469727,24172700
2017-08-07,15.383125305175781,19.600000381469727,19.700000762939453,19.5,19.700000762939453,19994800
2017-08-08,15.304633140563965,19.5,19.700000762939453,19.399999618530273,19.600000381469727,18203800
2017-08-09,15.069182395935059,19.200000762939453,19.5,19.100000381469727,19.5,20629800
2017-08-10,14.990697860717773,19.100000381469727,19.200000762939453,19.0,19.100000381469727,17921500
2017-08-11,15.304633140563965,19.5,19.700000762939453,19.100000381469727,19.100000381469727,49739000
2017-08-15,15.540092468261719,19.799999237060547,19.899999618530273,19.5,19.700000762939453,45950500
2017-08-16,15.618582725524902,19.899999618530273,20.0,19.600000381469727,19.799999237060547,25175900
2017-08-17,15.697063446044922,20.0,20.200000762939453,19.799999237060547,19.899999618530273,40460900
2017-08-18,15.854033470153809,20.200000762939453,20.200000762939453,19.899999618530273,20.0,36226700
2017-08-21,15.618582725524902,19.899999618530273,20.200000762939453,19.799999237060547,20.200000762939453,28748700
2017-08-22,15.540092468261719,19.799999237060547,20.0,19.700000762939453,19.899999618530273,21556500
2017-08-23,15.540092468261719,19.799999237060547,19.899999618530273,19.600000381469727,19.799999237060547,29519500
2017-08-24,16.089492797851562,20.5,20.700000762939453,19.899999618530273,19.899999618530273,158898300
2017-08-25,16.011005401611328,20.399999618530273,20.899999618530273,20.399999618530273,20.700000762939453,63418800
2017-08-28,16.16797637939453,20.600000381469727,20.600000381469727,20.600000381469727,20.600000381469727,4799900
2017-08-29,16.403438568115234,20.899999618530273,21.100000381469727,20.5,20.600000381469727,108184000
2017-08-30,16.481918334960938,21.0,21.100000381469727,20.799999237060547,21.0,45696400
2017-08-31,16.403438568115234,20.899999618530273,21.100000381469727,20.799999237060547,21.0,45400800
2017-09-01,16.2464599609375,20.700000762939453,21.0,20.5,20.899999618530273,28788700
2017-09-04,16.403438568115234,20.899999618530273,21.0,20.700000762939453,20.799999237060547,10346200
2017-09-05,16.2464599609375,20.700000762939453,21.0,20.600000381469727,21.0,18925800
2017-09-06,16.2464599609375,20.700000762939453,20.799999237060547,20.600000381469727,20.700000762939453,12107100
2017-09-07,16.16797637939453,20.600000381469727,20.899999618530273,20.5,20.899999618530273,31425100
2017-09-08,16.403438568115234,20.899999618530273,20.899999618530273,20.700000762939453,20.700000762939453,33130500
2017-09-11,16.2464599609375,20.700000762939453,21.100000381469727,20.700000762939453,20.899999618530273,29462900
2017-09-12,16.349136352539062,20.700000762939453,20.899999618530273,20.700000762939453,20.700000762939453,13721800
2017-09-13,16.270156860351562,20.600000381469727,20.899999618530273,20.600000381469727,20.700000762939453,18898100
2017-09-14,16.19117546081543,20.5,20.700000762939453,20.299999237060547,20.600000381469727,38396400
2017-09-15,16.586082458496094,21.0,21.0,20.299999237060547,20.399999618530273,50415900
2017-09-18,16.50710678100586,20.899999618530273,21.100000381469727,20.799999237060547,21.0,26813500
2017-09-19,16.428117752075195,20.799999237060547,21.0,20.799999237060547,20.899999618530273,9551600
2017-09-20,16.50710678100586,20.899999618530273,21.0,20.700000762939453,20.899999618530273,14026600
2017-09-21,16.428117752075195,20.799999237060547,21.0,20.799999237060547,20.799999237060547,14504100
2017-09-22,16.349136352539062,20.700000762939453,20.899999618530273,20.700000762939453,20.799999237060547,6780900
2017-09-25,16.270156860351562,20.600000381469727,20.799999237060547,20.399999618530273,20.700000762939453,24519200
2017-09-26,16.349136352539062,20.700000762939453,20.799999237060547,20.5,20.600000381469727,14724300
2017-09-27,16.349136352539062,20.700000762939453,20.799999237060547,20.399999618530273,20.700000762939453,23291900
2017-09-28,16.112192153930664,20.399999618530273,20.700000762939453,20.299999237060547,20.600000381469727,36807500
2017-09-29,16.19117546081543,20.5,20.600000381469727,20.200000762939453,20.299999237060547,20165400
2017-10-02,16.270156860351562,20.600000381469727,20.700000762939453,20.399999618530273,20.600000381469727,17918000
2017-10-03,16.19117546081543,20.5,20.799999237060547,20.399999618530273,20.700000762939453,24762600
2017-10-04,16.19117546081543,20.5,20.600000381469727,20.399999618530273,20.5,18337900
2017-10-05,16.19117546081543,20.5,20.600000381469727,20.5,20.600000381469727,6539900
2017-10-06,16.349136352539062,20.700000762939453,20.799999237060547,20.5,20.600000381469727,27758300
2017-10-09,16.50710678100586,20.899999618530273,21.0,20.700000762939453,20.799999237060547,25607400
2017-10-10,16.586082458496094,21.0,21.0,20.799999237060547,21.0,25312100
2017-10-11,16.50710678100586,20.899999618530273,21.100000381469727,20.899999618530273,21.0,24294100
2017-10-12,16.665067672729492,21.100000381469727,21.200000762939453,20.799999237060547,20.899999618530273,32448700
2017-10-16,17.138954162597656,21.700000762939453,21.700000762939453,21.700000762939453,21.700000762939453,3578700
2017-10-17,17.138954162597656,21.700000762939453,21.899999618530273,21.700000762939453,21.700000762939453,34864700
2017-10-18,16.980987548828125,21.5,21.799999237060547,21.5,21.700000762939453,28348500
2017-10-19,16.586082458496094,21.0,21.600000381469727,20.799999237060547,21.5,46632500
2017-10-20,16.823022842407227,21.299999237060547,21.299999237060547,21.0,21.0,13809600
2017-10-24,16.74404525756836,21.200000762939453,21.399999618530273,21.200000762939453,21.299999237060547,22567000
2017-10-25,16.823022842407227,21.299999237060547,21.399999618530273,21.100000381469727,21.200000762939453,10006600
2017-10-27,16.980987548828125,21.5,21.700000762939453,21.399999618530273,21.5,25005100
2017-10-30,16.980987548828125,21.5,21.600000381469727,21.299999237060547,21.5,26709500
2017-10-31,16.74404525756836,21.200000762939453,21.5,21.100000381469727,21.5,27841600
2017-11-01,16.665067672729492,21.100000381469727,21.399999618530273,21.100000381469727,21.299999237060547,12143700
2017-11-02,16.74404525756836,21.200000762939453,21.5,21.100000381469727,21.200000762939453,21853300
2017-11-03,16.823022842407227,21.299999237060547,21.299999237060547,21.100000381469727,21.299999237060547,10911500
2017-11-06,16.665067672729492,21.100000381469727,21.299999237060547,20.899999618530273,21.299999237060547,15122600
2017-11-07,16.586082458496094,21.0,21.399999618530273,21.0,21.100000381469727,17800500
2017-11-08,16.665067672729492,21.100000381469727,21.200000762939453,20.899999618530273,21.100000381469727,14275400
2017-11-09,16.50710678100586,20.899999618530273,21.200000762939453,20.899999618530273,21.100000381469727,12442400
2017-11-10,16.586082458496094,21.0,21.100000381469727,20.899999618530273,20.899999618530273,14735200
2017-11-13,17.138954162597656,21.700000762939453,21.799999237060547,21.5,21.5,57163000
2017-11-14,17.217931747436523,21.799999237060547,21.799999237060547,21.299999237060547,21.799999237060547,40311200
2017-11-15,17.05997085571289,21.600000381469727,21.799999237060547,21.5,21.799999237060547,17849700
2017-11-16,17.05997085571289,21.600000381469727,21.700000762939453,21.5,21.700000762939453,12272400
2017-11-17,17.217931747436523,21.799999237060547,21.799999237060547,21.5,21.700000762939453,15449400
2017-11-20,17.217931747436523,21.799999237060547,21.899999618530273,21.600000381469727,21.799999237060547,20685900
2017-11-21,17.296913146972656,21.899999618530273,21.899999618530273,21.899999618530273,21.899999618530273,22143500
2017-11-22,17.217931747436523,21.799999237060547,21.899999618530273,21.799999237060547,21.899999618530273,10224200
2017-11-23,17.296913146972656,21.899999618530273,22.100000381469727,21.700000762939453,21.799999237060547,84897500
2017-11-24,17.05997085571289,21.600000381469727,22.0,21.600000381469727,22.0,25008000
2017-11-27,16.90200424194336,21.399999618530273,21.600000381469727,21.200000762939453,21.600000381469727,17037500
2017-11-28,17.05997085571289,21.600000381469727,21.700000762939453,21.299999237060547,21.399999618530273,26250800
2017-11-29,16.823022842407227,21.299999237060547,21.700000762939453,21.299999237060547,21.600000381469727,28852900
2017-11-30,16.823022842407227,21.299999237060547,21.5,21.200000762939453,21.299999237060547,22265700
2017-12-01,16.74404525756836,21.200000762939453,21.399999618530273,21.200000762939453,21.399999618530273,8886200
2017-12-04,17.138954162597656,21.700000762939453,21.700000762939453,21.399999618530273,21.5,25614000
2017-12-06,16.980987548828125,21.5,21.700000762939453,21.299999237060547,21.700000762939453,22742700
2017-12-07,16.823022842407227,21.299999237060547,21.399999618530273,21.200000762939453,21.399999618530273,21191400
2017-12-08,16.823022842407227,21.299999237060547,21.5,21.299999237060547,21.399999618530273,18728000
2017-12-12,17.05997085571289,21.600000381469727,21.799999237060547,21.299999237060547,21.399999618530273,32302800
2017-12-13,16.980987548828125,21.5,21.799999237060547,21.100000381469727,21.700000762939453,26745500
2017-12-14,16.823022842407227,21.299999237060547,21.399999618530273,21.0,21.299999237060547,44617900
2017-12-15,16.823022842407227,21.299999237060547,21.399999618530273,21.200000762939453,21.299999237060547,14448200
2017-12-18,16.665067672729492,21.100000381469727,21.399999618530273,21.100000381469727,21.399999618530273,20104200
2017-12-19,17.217931747436523,21.799999237060547,21.799999237060547,21.200000762939453,21.299999237060547,65866400
2017-12-20,17.05997085571289,21.600000381469727,21.799999237060547,21.5,21.799999237060547,22227300
2017-12-21,17.05997085571289,21.600000381469727,21.600000381469727,21.399999618530273,21.600000381469727,9440500
2017-12-22,16.90200424194336,21.399999618530273,21.700000762939453,21.200000762939453,21.700000762939453,33044200
2017-12-25,16.74404525756836,21.200000762939453,21.5,21.100000381469727,21.399999618530273,16810700
2017-12-26,16.74404525756836,21.200000762939453,21.5,21.100000381469727,21.299999237060547,24315300
2017-12-27,16.665067672729492,21.100000381469727,21.299999237060547,21.0,21.299999237060547,31394700
2017-12-28,16.586082458496094,21.0,21.200000762939453,21.0,21.100000381469727,31370400
2017-12-29,16.50710678100586,20.899999618530273,21.399999618530273,20.899999618530273,21.100000381469727,38109100
2018-01-03,16.586082458496094,21.0,21.200000762939453,20.700000762939453,20.899999618530273,79509600
2018-01-04,16.665067672729492,21.100000381469727,21.5,20.899999618530273,21.299999237060547,47094200
2018-01-05,16.50710678100586,20.899999618530273,21.299999237060547,20.899999618530273,21.200000762939453,46785800
2018-01-08,16.586082458496094,21.0,21.299999237060547,20.899999618530273,21.0,30176600
2018-01-09,16.586082458496094,21.0,21.0,21.0,21.0,2417900
2018-01-10,16.665067672729492,21.100000381469727,21.299999237060547,21.0,21.0,33334500
2018-01-11,16.586082458496094,21.0,21.200000762939453,20.700000762939453,21.100000381469727,41216700
2018-01-12,16.665067672729492,21.100000381469727,21.200000762939453,21.0,21.0,20132600
2018-01-15,16.428117752075195,20.799999237060547,21.100000381469727,20.600000381469727,21.0,41170500
2018-01-16,16.50710678100586,20.899999618530273,21.0,20.700000762939453,20.899999618530273,15305900
2018-01-17,16.428117752075195,20.799999237060547,20.899999618530273,20.700000762939453,20.899999618530273,21094800
2018-01-18,16.50710678100586,20.899999618530273,21.0,20.799999237060547,20.799999237060547,28063300
2018-01-19,16.74404525756836,21.200000762939453,21.200000762939453,20.700000762939453,21.0,35518800
2018-01-22,16.74404525756836,21.200000762939453,21.299999237060547,21.0,21.200000762939453,15082000
2018-01-23,16.665067672729492,21.100000381469727,21.200000762939453,21.0,21.200000762939453,15407400
2018-01-24,16.74404525756836,21.200000762939453,21.200000762939453,20.899999618530273,21.0,14640400
2018-01-25,16.586082458496094,21.0,21.200000762939453,20.899999618530273,21.200000762939453,16776500
2018-01-26,16.665067672729492,21.100000381469727,21.200000762939453,20.899999618530273,21.0,21466000
2018-01-29,16.90200424194336,21.399999618530273,21.5,21.0,21.0,35583500
2018-01-30,17.05997085571289,21.600000381469727,21.600000381469727,21.299999237060547,21.399999618530273,36324300
2018-01-31,17.05997085571289,21.600000381469727,21.700000762939453,21.399999618530273,21.5,45270200
2018-02-01,17.69182014465332,22.399999618530273,22.5,21.600000381469727,21.600000381469727,93738400
2018-02-02,17.53386116027832,22.200000762939453,22.5,21.899999618530273,22.299999237060547,46781000
2018-02-05,17.37589454650879,22.0,22.0,21.700000762939453,21.799999237060547,34412000
2018-02-06,17.217931747436523,21.799999237060547,21.899999618530273,21.399999618530273,21.5,55005100
2018-02-07,17.138954162597656,21.700000762939453,21.799999237060547,21.5,21.700000762939453,33566200
2018-02-08,17.138954162597656,21.700000762939453,22.100000381469727,21.600000381469727,21.799999237060547,38968300
2018-02-09,17.05997085571289,21.600000381469727,21.700000762939453,21.299999237060547,21.5,40559500
2018-02-12,17.61284065246582,22.299999237060547,22.299999237060547,21.600000381469727,21.600000381469727,29725700
2018-02-13,17.61284065246582,22.299999237060547,22.299999237060547,22.0,22.299999237060547,25264000
2018-02-14,17.454877853393555,22.100000381469727,22.399999618530273,21.899999618530273,22.299999237060547,21159900
2018-02-15,17.77079963684082,22.5,22.5,22.100000381469727,22.200000762939453,29072300
2018-02-16,17.92876625061035,22.700000762939453,22.700000762939453,22.299999237060547,22.5,25430200
2018-02-19,17.69182014465332,22.399999618530273,22.799999237060547,22.399999618530273,22.700000762939453,19579700
2018-02-20,17.61284065246582,22.299999237060547,22.600000381469727,22.100000381469727,22.5,11304500
2018-02-21,17.454877853393555,22.100000381469727,22.299999237060547,21.899999618530273,22.200000762939453,16973700
2018-02-22,17.296913146972656,21.899999618530273,22.399999618530273,21.899999618530273,22.200000762939453,24359300
2018-02-23,17.77079963684082,22.5,22.5,21.899999618530273,21.899999618530273,20580900
2018-02-26,17.849781036376953,22.600000381469727,22.600000381469727,22.299999237060547,22.600000381469727,10038900
2018-02-27,17.53386116027832,22.200000762939453,22.600000381469727,22.100000381469727,22.600000381469727,31055400
2018-02-28,17.454877853393555,22.100000381469727,22.399999618530273,22.100000381469727,22.100000381469727,21731000
2018-03-02,17.849781036376953,22.600000381469727,22.600000381469727,21.899999618530273,22.0,32048300
2018-03-05,17.77079963684082,22.5,22.600000381469727,22.299999237060547,22.600000381469727,15920200
2018-03-06,17.53386116027832,22.200000762939453,22.200000762939453,22.200000762939453,22.200000762939453,3612300
2018-03-07,17.69182014465332,22.399999618530273,22.399999618530273,22.100000381469727,22.299999237060547,14122000
2018-03-08,18.24468994140625,23.100000381469727,23.200000762939453,22.5,22.600000381469727,75360300
2018-03-09,18.24468994140625,23.100000381469727,23.200000762939453,22.799999237060547,23.200000762939453,32955600
2018-03-12,18.086729049682617,22.899999618530273,23.100000381469727,22.700000762939453,23.100000381469727,24361100
2018-03-13,18.165708541870117,23.0,23.100000381469727,22.799999237060547,23.0,23049300
2018-03-14,17.870525360107422,22.399999618530273,22.899999618530273,22.299999237060547,22.899999618530273,31869800
2018-03-15,18.109865188598633,22.700000762939453,22.899999618530273,22.399999618530273,22.5,27887700
2018-03-16,18.03008460998535,22.600000381469727,22.899999618530273,22.399999618530273,22.899999618530273,23988500
2018-03-19,18.109865188598633,22.700000762939453,23.0,22.600000381469727,22.700000762939453,16426500
2018-03-20,18.109865188598633,22.700000762939453,22.799999237060547,22.5,22.600000381469727,19021600
2018-03-21,18.109865188598633,22.700000762939453,22.799999237060547,22.600000381469727,22.799999237060547,9449200
2018-03-22,17.790748596191406,22.299999237060547,22.799999237060547,22.299999237060547,22.600000381469727,17472400
2018-03-23,18.18964195251465,22.799999237060547,22.799999237060547,22.100000381469727,22.299999237060547,25877100
2018-03-26,18.18964195251465,22.799999237060547,22.899999618530273,22.600000381469727,22.700000762939453,6090800
2018-03-27,18.269418716430664,22.899999618530273,23.0,22.700000762939453,22.899999618530273,12570700
2018-03-28,18.349199295043945,23.0,23.299999237060547,22.799999237060547,22.899999618530273,39381700
2018-03-29,18.748096466064453,23.5,23.5,23.0,23.0,57068900
2018-03-30,18.748096466064453,23.5,23.5,23.200000762939453,23.5,36928700
2018-04-02,18.987430572509766,23.799999237060547,23.799999237060547,23.399999618530273,23.600000381469727,47009800
2018-04-03,18.748096466064453,23.5,23.700000762939453,23.399999618530273,23.700000762939453,28305600
2018-04-04,18.748096466064453,23.5,23.600000381469727,23.100000381469727,23.5,33685600
2018-04-05,18.42898178100586,23.100000381469727,23.600000381469727,23.0,23.299999237060547,34924300
2018-04-09,19.06721305847168,23.899999618530273,24.0,23.100000381469727,23.100000381469727,46301000
2018-04-10,18.90765380859375,23.700000762939453,24.0,23.399999618530273,23.899999618530273,26270500
2018-04-11,18.82787322998047,23.600000381469727,24.100000381469727,23.600000381469727,23.799999237060547,47471600
2018-04-12,18.588537216186523,23.299999237060547,23.600000381469727,23.299999237060547,23.600000381469727,24271000
2018-04-17,18.42898178100586,23.100000381469727,23.5,23.100000381469727,23.399999618530273,26251200
2018-04-18,18.668317794799805,23.399999618530273,23.5,23.200000762939453,23.200000762939453,12629900
2018-04-19,18.90765380859375,23.700000762939453,23.700000762939453,23.299999237060547,23.5,18353900
2018-04-20,18.588537216186523,23.299999237060547,23.600000381469727,23.200000762939453,23.5,17041500
2018-04-23,18.668317794799805,23.399999618530273,23.799999237060547,23.299999237060547,23.399999618530273,28645900
2018-04-24,18.987430572509766,23.799999237060547,24.0,23.5,23.600000381469727,39957400
2018-04-25,18.90765380859375,23.700000762939453,23.799999237060547,23.299999237060547,23.600000381469727,33872900
2018-04-26,18.748096466064453,23.5,23.799999237060547,23.399999618530273,23.799999237060547,18402800
2018-04-27,18.349199295043945,23.0,23.700000762939453,22.799999237060547,23.5,38773000
2018-04-30,17.95030403137207,22.5,23.200000762939453,22.399999618530273,23.0,39036700
2018-05-02,18.18964195251465,22.799999237060547,22.899999618530273,22.5,22.600000381469727,30741200
2018-05-03,18.269418716430664,22.899999618530273,23.200000762939453,22.799999237060547,22.799999237060547,15323600
2018-05-04,18.18964195251465,22.799999237060547,23.0,22.700000762939453,22.700000762939453,12228500
2018-05-07,17.790748596191406,22.299999237060547,22.899999618530273,22.100000381469727,22.799999237060547,45948200
2018-05-08,17.71096420288086,22.200000762939453,22.399999618530273,22.100000381469727,22.299999237060547,10913800
2018-05-09,17.870525360107422,22.399999618530273,22.600000381469727,22.200000762939453,22.299999237060547,32668000
2018-05-10,18.349199295043945,23.0,23.100000381469727,22.600000381469727,22.700000762939453,30208900
2018-05-11,18.748096466064453,23.5,23.5,22.899999618530273,23.0,32274200
2018-05-14,18.82787322998047,23.600000381469727,23.799999237060547,23.399999618530273,23.799999237060547,19632300
2018-05-15,19.785228729248047,24.799999237060547,25.75,24.399999618530273,24.799999237060547,170133800
2018-05-16,19.545888900756836,24.5,24.799999237060547,24.299999237060547,24.600000381469727,61499700
2018-05-17,20.34367561340332,25.5,25.5,24.399999618530273,24.399999618530273,69260300
2018-05-18,20.94202423095703,26.25,26.25,25.5,25.5,107545600
2018-05-21,20.94202423095703,26.25,26.5,25.5,26.25,39578200
2018-05-22,20.94202423095703,26.25,26.5,25.75,26.25,45810500
2018-05-23,20.94202423095703,26.25,27.0,26.0,26.0,59766900
2018-05-24,21.340919494628906,26.75,27.0,26.25,26.25,58399800
2018-05-25,21.540363311767578,27.0,27.0,26.0,26.75,59588000
2018-05-28,21.739816665649414,27.25,27.25,26.75,27.0,18986900
2018-05-30,20.74257469177246,26.0,27.0,26.0,27.0,54766600
2018-05-31,21.340919494628906,26.75,27.0,26.25,26.5,48097700
2018-06-01,21.340919494628906,26.75,26.75,26.25,26.5,24479300
2018-06-04,21.340919494628906,26.75,27.25,26.5,26.5,43847200
2018-06-05,20.94202423095703,26.25,27.25,26.25,27.0,57544800
2018-06-06,20.144229888916016,25.25,26.5,25.25,26.25,80825200
2018-06-07,19.94478416442871,25.0,25.75,24.799999237060547,25.25,79135500
2018-06-08,19.94478416442871,25.0,25.25,24.700000762939453,25.0,36862000
2018-06-11,20.144229888916016,25.25,25.25,24.899999618530273,25.25,26234300
2018-06-12,20.34367561340332,25.5,26.25,25.0,25.25,52973800
2018-06-13,20.34367561340332,25.5,25.75,25.0,25.5,51008000
2018-06-14,19.94478416442871,25.0,25.5,25.0,25.5,20592600
2018-06-15,19.865001678466797,24.899999618530273,25.25,24.700000762939453,25.0,45483300
2018-06-18,19.62566375732422,24.600000381469727,25.0,24.600000381469727,24.799999237060547,29791900
2018-06-19,19.146991729736328,24.0,25.0,24.0,24.5,73240200
2018-06-20,20.34367561340332,25.5,25.5,24.0,24.0,58919700
2018-06-21,20.34367561340332,25.5,25.5,24.799999237060547,25.0,49804300
2018-06-22,19.94478416442871,25.0,25.75,25.0,25.5,32329900
2018-06-25,20.144229888916016,25.25,25.5,25.0,25.0,22122900
2018-06-26,19.785228729248047,24.799999237060547,25.25,24.700000762939453,25.0,24147100
2018-06-27,19.62566375732422,24.600000381469727,25.0,24.399999618530273,24.799999237060547,29611800
2018-06-28,19.865001678466797,24.899999618530273,25.25,24.5,24.600000381469727,38278400
2018-06-29,19.94478416442871,25.0,25.0,24.399999618530273,24.799999237060547,54232000
2018-07-02,19.7054443359375,24.700000762939453,25.25,24.600000381469727,25.0,29639300
2018-07-03,20.74257469177246,26.0,26.0,24.5,24.600000381469727,45455200
2018-07-04,20.74257469177246,26.0,26.0,25.5,25.75,26667700
2018-07-05,20.144229888916016,25.25,26.0,25.0,26.0,46873400
2018-07-06,20.543128967285156,25.75,26.0,24.899999618530273,25.25,36737100
2018-07-09,20.543128967285156,25.75,26.25,25.75,26.0,18942900
2018-07-10,20.74257469177246,26.0,26.0,25.5,26.0,12758400
2018-07-11,20.144229888916016,25.25,26.0,25.25,26.0,15797300
2018-07-12,20.543128967285156,25.75,26.0,25.25,25.25,31012300
2018-07-13,20.74257469177246,26.0,26.25,25.5,26.0,23905500
2018-07-16,20.74257469177246,26.0,26.0,25.5,25.75,9877700
2018-07-17,20.94202423095703,26.25,26.25,25.5,25.75,20549000
2018-07-18,20.94202423095703,26.25,26.5,26.0,26.25,15094100
2018-07-19,20.74257469177246,26.0,26.5,25.75,26.25,21116400
2018-07-20,20.74257469177246,26.0,26.5,26.0,26.25,27073300
2018-07-23,21.141469955444336,26.5,26.75,26.25,26.25,44969500
2018-07-24,21.340919494628906,26.75,27.25,26.5,26.75,50858900
2018-07-25,21.739816665649414,27.25,28.0,27.0,27.0,68163900
2018-07-26,21.540363311767578,27.0,27.75,26.75,27.25,32638300
2018-07-31,21.141469955444336,26.5,27.0,26.5,27.0,31773000
2018-08-01,21.739816665649414,27.25,27.25,26.75,27.0,48919800
2018-08-02,21.540363311767578,27.0,27.25,26.75,27.0,41129300
2018-08-03,21.540363311767578,27.0,27.5,26.75,27.0,32718500
2018-08-06,20.74257469177246,26.0,27.0,25.5,27.0,57008400
2018-08-07,20.74257469177246,26.0,26.0,25.5,25.75,41700900
2018-08-08,21.540363311767578,27.0,27.5,26.0,26.0,69825800
2018-08-09,21.540363311767578,27.0,27.5,26.75,27.25,36558500
2018-08-10,21.340919494628906,26.75,27.25,26.75,27.0,13763300
2018-08-14,20.94202423095703,26.25,26.75,26.0,26.75,42515900
2018-08-15,20.34367561340332,25.5,26.25,25.25,26.0,43090200
2018-08-16,20.34367561340332,25.5,25.75,25.0,25.5,32570400
2018-08-17,20.34367561340332,25.5,26.25,25.5,25.75,44439800
2018-08-20,21.141469955444336,26.5,26.75,25.5,25.75,40393400
2018-08-21,20.543128967285156,25.75,26.75,25.25,26.5,57209600
2018-08-22,20.74257469177246,26.0,26.25,25.75,25.75,18957200
2018-08-23,21.141469955444336,26.5,26.5,25.75,26.25,20376200
2018-08-24,21.141469955444336,26.5,26.5,26.0,26.25,11698500
2018-08-27,21.340919494628906,26.75,26.75,26.25,26.5,13302400
2018-08-28,21.540363311767578,27.0,27.25,26.5,27.0,27492100
2018-08-29,21.340919494628906,26.75,27.0,26.5,26.75,11096800
2018-08-30,20.94202423095703,26.25,27.0,26.25,27.0,12658900
2018-08-31,20.94202423095703,26.25,26.75,26.0,26.25,24094300
2018-09-03,20.94202423095703,26.25,26.5,26.0,26.25,13311200
2018-09-04,20.74257469177246,26.0,26.5,26.0,26.5,16954500
2018-09-05,20.94202423095703,26.25,26.5,26.0,26.0,30676900
2018-09-06,20.74257469177246,26.0,26.5,26.0,26.25,28185800
2018-09-07,20.94202423095703,26.25,26.5,26.0,26.0,15195900
2018-09-10,21.141469955444336,26.5,26.5,26.25,26.25,10252200
2018-09-11,20.74257469177246,26.0,26.75,26.0,26.5,24330300
2018-09-12,21.047260284423828,26.25,26.25,25.75,25.75,20613600
2018-09-13,21.047260284423828,26.25,26.75,26.0,26.0,39956800
2018-09-14,20.6463565826416,25.75,26.75,25.75,26.5,37659100
2018-09-17,20.6463565826416,25.75,26.0,25.5,25.75,29186800
2018-09-18,20.84680938720703,26.0,26.5,25.5,25.75,43076400
2018-09-19,20.84680938720703,26.0,26.25,25.75,26.0,24829100
2018-09-20,20.245460510253906,25.25,26.25,25.25,26.25,42014000
2018-09-21,20.245460510253906,25.25,25.75,25.25,25.5,54576300
2018-09-24,20.245460510253906,25.25,25.75,25.0,25.25,35380500
2018-09-25,20.245460510253906,25.25,25.5,25.0,25.25,22018600
2018-09-26,20.445905685424805,25.5,25.75,25.25,25.5,15323000
2018-09-27,20.445905685424805,25.5,25.5,25.0,25.25,39660700
2018-09-28,20.445905685424805,25.5,25.75,25.25,25.75,24818100
2018-10-01,20.245460510253906,25.25,25.75,25.0,25.5,23669900
2018-10-02,20.04500961303711,25.0,25.5,25.0,25.0,25457800
2018-10-03,20.04500961303711,25.0,25.25,25.0,25.0,7323100
2018-10-04,20.04500961303711,25.0,25.25,24.899999618530273,25.0,19032000
2018-10-05,20.04500961303711,25.0,25.25,24.899999618530273,25.0,16857100
2018-10-08,19.964824676513672,24.899999618530273,25.25,24.799999237060547,24.899999618530273,25201700
2018-10-09,19.8846492767334,24.799999237060547,25.0,24.700000762939453,24.799999237060547,17494300
2018-10-10,20.245460510253906,25.25,25.25,24.799999237060547,25.0,23717000
2018-10-11,19.8846492767334,24.799999237060547,25.25,24.600000381469727,24.700000762939453,48283900
2018-10-12,19.964824676513672,24.899999618530273,25.0,24.899999618530273,25.0,12431300
2018-10-16,20.04500961303711,25.0,25.25,25.0,25.25,19497800
2018-10-17,20.04500961303711,25.0,25.5,25.0,25.25,17261500
2018-10-18,20.04500961303711,25.0,25.25,24.799999237060547,25.0,18782700
2018-10-19,20.04500961303711,25.0,25.0,24.799999237060547,24.899999618530273,22144700
2018-10-22,20.04500961303711,25.0,25.0,24.799999237060547,25.0,13113600
2018-10-24,19.563928604125977,24.399999618530273,24.799999237060547,24.399999618530273,24.700000762939453,34817800
2018-10-25,19.804468154907227,24.700000762939453,24.799999237060547,24.0,24.299999237060547,48847600
2018-10-26,19.483749389648438,24.299999237060547,24.5,24.200000762939453,24.399999618530273,14654300
2018-10-29,19.563928604125977,24.399999618530273,24.799999237060547,24.200000762939453,24.399999618530273,16144900
2018-10-30,19.563928604125977,24.399999618530273,24.600000381469727,24.200000762939453,24.399999618530273,16135700
2018-10-31,19.64410972595215,24.5,24.700000762939453,24.200000762939453,24.399999618530273,25623100
2018-11-01,19.8846492767334,24.799999237060547,25.0,24.399999618530273,24.799999237060547,45398400
2018-11-02,19.8846492767334,24.799999237060547,25.25,24.799999237060547,24.899999618530273,44861700
2018-11-05,20.04500961303711,25.0,25.25,24.600000381469727,24.600000381469727,19971600
2018-11-06,19.8846492767334,24.799999237060547,25.0,24.799999237060547,25.0,13572700
2018-11-07,20.04500961303711,25.0,25.25,24.799999237060547,24.899999618530273,25255500
2018-11-08,20.04500961303711,25.0,25.0,24.799999237060547,25.0,24723600
2018-11-09,19.8846492767334,24.799999237060547,24.899999618530273,24.600000381469727,24.799999237060547,11304500
2018-11-12,19.724288940429688,24.600000381469727,24.899999618530273,24.600000381469727,24.700000762939453,7065200
2018-11-13,19.563928604125977,24.399999618530273,24.600000381469727,24.200000762939453,24.5,19400900
2018-11-14,19.724288940429688,24.600000381469727,24.700000762939453,24.399999618530273,24.399999618530273,16425200
2018-11-15,20.245460510253906,25.25,25.75,24.899999618530273,25.0,70211800
2018-11-16,20.04500961303711,25.0,25.75,25.0,25.5,36897400
2018-11-19,20.04500961303711,25.0,25.25,25.0,25.0,14683500
2018-11-20,20.245460510253906,25.25,25.5,24.899999618530273,25.0,22766300
2018-11-21,20.445905685424805,25.5,25.5,25.0,25.25,30040400
2018-11-22,20.6463565826416,25.75,26.0,25.5,25.75,35534000
2018-11-23,20.84680938720703,26.0,26.25,25.75,26.0,17928300
2018-11-26,20.84680938720703,26.0,26.25,25.75,26.0,18730700
2018-11-27,21.047260284423828,26.25,26.5,26.0,26.0,36595100
2018-11-28,21.047260284423828,26.25,26.75,26.0,26.25,20632400
2018-11-29,21.047260284423828,26.25,26.75,26.25,26.75,22957300
2018-11-30,21.448158264160156,26.75,26.75,26.25,26.25,24598400
2018-12-03,21.448158264160156,26.75,27.0,26.5,26.75,33691500
2018-12-04,21.448158264160156,26.75,27.0,26.5,26.75,35540700
2018-12-06,21.448158264160156,26.75,26.75,26.25,26.25,26046700
2018-12-07,21.448158264160156,26.75,27.0,26.5,26.75,16998400
2018-12-11,20.84680938720703,26.0,27.0,26.0,26.75,40196100
2018-12-12,20.6463565826416,25.75,26.25,25.75,26.25,42397000
2018-12-13,21.047260284423828,26.25,26.5,25.75,26.0,38487400
2018-12-14,20.84680938720703,26.0,26.5,26.0,26.25,18798000
2018-12-17,21.247709274291992,26.5,27.0,26.0,26.25,32197900
2018-12-18,21.247709274291992,26.5,26.75,26.25,26.5,37933900
2018-12-19,21.648609161376953,27.0,27.0,26.0,26.25,33755300
2018-12-20,21.448158264160156,26.75,27.0,26.5,26.75,30815600
2018-12-21,21.448158264160156,26.75,27.0,26.5,26.5,45752200
2018-12-24,21.247709274291992,26.5,26.75,26.25,26.5,16380100
2018-12-25,20.84680938720703,26.0,26.5,26.0,26.25,8042300
2018-12-26,21.047260284423828,26.25,26.5,26.0,26.25,17443600
2018-12-27,19.64410972595215,24.5,26.75,24.5,26.5,77238300
2018-12-28,19.8846492767334,24.799999237060547,24.799999237060547,24.299999237060547,24.399999618530273,41735400
2019-01-02,19.64410972595215,24.5,25.25,24.299999237060547,24.899999618530273,49934800
2019-01-03,19.724288940429688,24.600000381469727,24.799999237060547,24.5,24.5,28868500
2019-01-04,20.04500961303711,25.0,25.25,24.700000762939453,24.799999237060547,40687400
2019-01-07,20.245460510253906,25.25,25.5,25.0,25.25,25994400
2019-01-08,19.804468154907227,24.700000762939453,25.25,24.399999618530273,25.0,48434800
2019-01-09,18.200868606567383,22.700000762939453,24.899999618530273,22.299999237060547,24.700000762939453,259396400
2019-01-10,18.28104591369629,22.799999237060547,22.799999237060547,21.799999237060547,22.100000381469727,266225100
2019-01-11,18.361225128173828,22.899999618530273,23.100000381469727,22.700000762939453,23.0,115816500
2019-01-14,18.842308044433594,23.5,23.899999618530273,23.299999237060547,23.399999618530273,132246000
2019-01-15,18.842308044433594,23.5,23.799999237060547,23.299999237060547,23.700000762939453,45838600
2019-01-16,19.08284568786621,23.799999237060547,24.0,23.5,23.600000381469727,63282900
2019-01-17,18.9224853515625,23.600000381469727,23.799999237060547,23.299999237060547,23.700000762939453,41630000
2019-01-18,18.9224853515625,23.600000381469727,23.799999237060547,23.399999618530273,23.600000381469727,27309100
2019-01-21,17.318885803222656,21.600000381469727,22.700000762939453,21.5,21.799999237060547,308760700
2019-01-22,18.200868606567383,22.700000762939453,22.899999618530273,21.799999237060547,21.799999237060547,227112000
2019-01-23,18.441402435302734,23.0,23.399999618530273,22.799999237060547,22.899999618530273,91920900
2019-01-24,18.9224853515625,23.600000381469727,23.799999237060547,23.299999237060547,23.299999237060547,95417400
2019-01-25,19.323389053344727,24.100000381469727,24.200000762939453,23.799999237060547,23.899999618530273,62588500
2019-01-28,19.403568267822266,24.200000762939453,24.299999237060547,24.100000381469727,24.299999237060547,37746400
2019-01-29,19.403568267822266,24.200000762939453,24.299999237060547,24.0,24.0,27050800
2019-01-30,19.16303062438965,23.899999618530273,24.200000762939453,23.700000762939453,24.200000762939453,40370100
2019-01-31,18.9224853515625,23.600000381469727,24.0,23.399999618530273,24.0,68309900
2019-02-01,19.002666473388672,23.700000762939453,24.0,23.600000381469727,23.600000381469727,41019500
2019-02-04,19.08284568786621,23.799999237060547,24.0,23.700000762939453,23.700000762939453,17406600
2019-02-05,19.08284568786621,23.799999237060547,24.100000381469727,23.5,23.799999237060547,33518700
2019-02-06,18.9224853515625,23.600000381469727,23.799999237060547,23.399999618530273,23.799999237060547,58700500
2019-02-07,18.68194580078125,23.299999237060547,23.600000381469727,23.100000381469727,23.5,64199300
2019-02-08,19.16303062438965,23.899999618530273,24.0,23.200000762939453,23.200000762939453,61158300
2019-02-11,18.762126922607422,23.399999618530273,23.799999237060547,23.299999237060547,23.700000762939453,44209500
2019-02-12,18.9224853515625,23.600000381469727,23.799999237060547,23.399999618530273,23.5,45356200
2019-02-13,19.002666473388672,23.700000762939453,23.799999237060547,23.299999237060547,23.799999237060547,30599600
2019-02-14,19.002666473388672,23.700000762939453,23.799999237060547,23.600000381469727,23.799999237060547,24861000
2019-02-15,19.08284568786621,23.799999237060547,24.0,23.700000762939453,23.700000762939453,49279300
2019-02-18,19.002666473388672,23.700000762939453,23.899999618530273,23.5,23.899999618530273,24536200
2019-02-20,19.483749389648438,24.299999237060547,24.299999237060547,23.600000381469727,23.799999237060547,67947900
2019-02-21,19.323389053344727,24.100000381469727,24.399999618530273,24.0,24.200000762939453,34230100
2019-02-22,19.243207931518555,24.0,24.200000762939453,23.899999618530273,24.100000381469727,36008500
2019-02-25,19.483749389648438,24.299999237060547,24.600000381469727,24.100000381469727,24.200000762939453,28355500
2019-02-26,19.243207931518555,24.0,24.399999618530273,24.0,24.200000762939453,31656300
2019-02-27,19.323389053344727,24.100000381469727,24.200000762939453,23.899999618530273,24.0,23380500
2019-02-28,18.9224853515625,23.600000381469727,24.100000381469727,23.5,24.0,38245400
2019-03-01,18.9224853515625,23.600000381469727,24.0,23.600000381469727,23.600000381469727,36578600
2019-03-04,18.9224853515625,23.600000381469727,23.899999618530273,23.5,23.700000762939453,54762100
2019-03-05,18.842308044433594,23.5,23.700000762939453,23.399999618530273,23.600000381469727,30218100
2019-03-06,18.68194580078125,23.299999237060547,23.5,23.100000381469727,23.5,41785900
2019-03-07,18.762126922607422,23.399999618530273,23.5,23.100000381469727,23.299999237060547,35197700
2019-03-08,18.842308044433594,23.5,23.600000381469727,23.299999237060547,23.399999618530273,35887300
2019-03-11,18.842308044433594,23.5,23.700000762939453,23.399999618530273,23.600000381469727,28041500
2019-03-12,19.002666473388672,23.700000762939453,23.899999618530273,23.5,23.600000381469727,47622200
2019-03-13,19.08284568786621,23.799999237060547,24.0,23.600000381469727,23.700000762939453,44426300
2019-03-14,19.07476234436035,23.600000381469727,24.0,23.600000381469727,24.0,23986700
2019-03-15,18.993940353393555,23.5,23.799999237060547,23.5,23.600000381469727,37179900
2019-03-18,18.993940353393555,23.5,23.700000762939453,23.299999237060547,23.5,28064100
2019-03-19,18.913114547729492,23.399999618530273,23.5,23.299999237060547,23.399999618530273,31673200
2019-03-20,19.236413955688477,23.799999237060547,23.899999618530273,23.399999618530273,23.600000381469727,35322500
2019-03-21,19.478893280029297,24.100000381469727,24.100000381469727,23.799999237060547,24.0,52495900
2019-03-22,19.802194595336914,24.5,24.5,23.899999618530273,24.100000381469727,79505900
2019-03-25,19.559717178344727,24.200000762939453,24.399999618530273,24.100000381469727,24.299999237060547,49296100
2019-03-26,19.883018493652344,24.600000381469727,24.700000762939453,24.100000381469727,24.200000762939453,63725700
2019-03-27,19.72136878967285,24.399999618530273,24.700000762939453,24.299999237060547,24.399999618530273,52938600
2019-03-28,19.883018493652344,24.600000381469727,24.700000762939453,24.200000762939453,24.299999237060547,52916200
2019-03-29,20.04467010498047,24.799999237060547,24.899999618530273,24.600000381469727,24.700000762939453,40770200
2019-04-01,20.206321716308594,25.0,25.5,24.899999618530273,25.0,47615100
2019-04-02,20.408384323120117,25.25,25.5,24.799999237060547,25.25,63209300
2019-04-03,20.408384323120117,25.25,25.5,24.899999618530273,25.0,42169400
2019-04-04,20.206321716308594,25.0,25.5,25.0,25.25,21957800
2019-04-05,20.206321716308594,25.0,25.25,25.0,25.25,17129500
2019-04-09,20.125490188598633,24.899999618530273,25.25,24.799999237060547,25.0,45289000
2019-04-10,20.125490188598633,24.899999618530273,25.0,24.799999237060547,24.899999618530273,40317700
2019-04-11,20.206321716308594,25.0,25.25,24.799999237060547,24.899999618530273,25734300
2019-04-12,20.206321716308594,25.0,25.25,24.899999618530273,25.0,21723000
2019-04-17,20.408384323120117,25.25,25.75,25.0,25.0,56088000
2019-04-18,20.81250762939453,25.75,25.75,25.0,25.25,43941300
2019-04-19,20.81250762939453,25.75,26.0,25.5,25.75,22441400
2019-04-22,20.408384323120117,25.25,26.0,25.25,25.75,26851200
2019-04-23,20.206321716308594,25.0,25.25,25.0,25.25,31264800
2019-04-24,20.408384323120117,25.25,25.25,24.899999618530273,25.0,59462300
2019-04-25,20.408384323120117,25.25,25.5,25.0,25.0,29649100
2019-04-26,20.610443115234375,25.5,25.5,25.0,25.25,17937100
2019-04-29,20.81250762939453,25.75,26.0,25.25,25.25,34774800
2019-04-30,20.610443115234375,25.5,26.0,25.25,26.0,35039600
2019-05-02,20.610443115234375,25.5,25.75,25.25,25.75,27996000
2019-05-03,20.81250762939453,25.75,25.75,25.25,25.5,25147000
2019-05-07,20.610443115234375,25.5,25.75,25.25,25.5,34500300
2019-05-08,20.408384323120117,25.25,25.5,25.0,25.25,35713600
2019-05-09,19.963844299316406,24.700000762939453,25.25,24.5,25.0,67654800
2019-05-10,20.125490188598633,24.899999618530273,25.0,24.700000762939453,24.799999237060547,39185800
2019-05-13,19.883018493652344,24.600000381469727,24.799999237060547,24.5,24.700000762939453,31938200
2019-05-14,19.963844299316406,24.700000762939453,24.799999237060547,24.299999237060547,24.299999237060547,53714000
2019-05-15,20.206321716308594,25.0,25.25,24.700000762939453,24.799999237060547,64040700
2019-05-16,20.125490188598633,24.899999618530273,25.25,24.600000381469727,25.0,71310600
2019-05-17,20.408384323120117,25.25,25.5,25.0,25.25,46735100
2019-05-21,20.81250762939453,25.75,26.0,25.25,25.5,67053100
2019-05-22,21.216636657714844,26.25,26.5,26.0,26.25,51084500
2019-05-23,21.014572143554688,26.0,26.25,25.5,26.0,51799700
2019-05-24,20.81250762939453,25.75,26.0,25.5,26.0,51227600
2019-05-27,21.014572143554688,26.0,26.25,25.75,26.0,67041800
2019-05-28,21.418699264526367,26.5,26.5,25.75,26.5,582008300
2019-05-29,21.014572143554688,26.0,26.5,25.75,26.0,129637500
2019-05-30,21.014572143554688,26.0,26.25,25.75,26.0,60803200
2019-05-31,20.610443115234375,25.5,26.25,25.5,26.0,63537900
2019-06-04,21.216636657714844,26.25,26.25,25.5,25.75,50162600
2019-06-05,21.014572143554688,26.0,26.25,25.5,26.25,65128700
2019-06-06,21.014572143554688,26.0,26.25,25.75,26.0,32219600
2019-06-07,21.014572143554688,26.0,26.25,26.0,26.25,7786800
2019-06-10,21.014572143554688,26.0,26.25,25.75,26.25,25456600
2019-06-11,21.014572143554688,26.0,26.25,25.75,26.0,21194200
2019-06-12,21.014572143554688,26.0,26.25,25.75,25.75,35201900
2019-06-13,21.014572143554688,26.0,26.25,25.75,26.0,34180100
2019-06-14,21.014572143554688,26.0,26.0,25.5,26.0,48715500
2019-06-17,20.81250762939453,25.75,26.0,25.75,26.0,26036900
2019-06-18,21.014572143554688,26.0,26.0,25.5,25.75,40619000
2019-06-19,20.81250762939453,25.75,26.25,25.75,26.0,35710500
2019-06-20,20.81250762939453,25.75,26.0,25.5,26.0,28123800
2019-06-21,20.610443115234375,25.5,26.0,25.5,25.75,35077700
2019-06-24,20.610443115234375,25.5,25.75,25.5,25.75,13470500
2019-06-25,20.81250762939453,25.75,26.0,25.25,25.75,57084400
2019-06-26,20.81250762939453,25.75,25.75,25.25,25.5,34435000
2019-06-27,21.014572143554688,26.0,26.0,25.5,25.75,31388800
2019-06-28,21.014572143554688,26.0,26.0,25.75,26.0,25513700
2019-07-01,21.014572143554688,26.0,26.25,25.75,26.25,24230000
2019-07-02,20.81250762939453,25.75,26.0,25.5,26.0,26434300
2019-07-03,20.81250762939453,25.75,25.75,25.5,25.75,12075600
2019-07-04,20.81250762939453,25.75,26.0,25.25,25.75,35621800
2019-07-05,20.81250762939453,25.75,26.0,25.5,25.75,13496100
2019-07-08,20.610443115234375,25.5,25.75,25.25,25.75,14024400
2019-07-09,20.206321716308594,25.0,25.5,25.0,25.25,34310200
2019-07-10,20.610443115234375,25.5,25.5,25.0,25.25,29354500
2019-07-11,20.610443115234375,25.5,25.5,25.0,25.5,42956500
2019-07-12,20.04467010498047,24.799999237060547,25.5,24.700000762939453,25.5,49738400
2019-07-15,19.802194595336914,24.5,24.899999618530273,24.5,24.799999237060547,31653700
2019-07-17,20.04467010498047,24.799999237060547,25.25,24.5,24.600000381469727,33057900
2019-07-18,20.125490188598633,24.899999618530273,25.25,24.700000762939453,24.700000762939453,22001100
2019-07-19,20.206321716308594,25.0,25.25,24.899999618530273,25.25,26541100
2019-07-22,20.125490188598633,24.899999618530273,25.0,24.700000762939453,25.0,18381200
2019-07-23,20.04467010498047,24.799999237060547,25.0,24.799999237060547,25.0,14572800
2019-07-24,20.04467010498047,24.799999237060547,25.0,24.700000762939453,24.799999237060547,12504800
2019-07-25,20.610443115234375,25.5,25.5,24.899999618530273,24.899999618530273,20863500
2019-07-26,20.206321716308594,25.0,25.5,25.0,25.25,19411700
2019-07-30,20.04467010498047,24.799999237060547,25.25,24.799999237060547,25.0,31522200
2019-07-31,20.206321716308594,25.0,25.25,24.700000762939453,24.799999237060547,20374400
2019-08-01,19.883018493652344,24.600000381469727,24.899999618530273,24.5,24.799999237060547,36299200
2019-08-02,20.125490188598633,24.899999618530273,25.0,24.5,24.5,32095300
2019-08-05,19.963844299316406,24.700000762939453,25.0,24.700000762939453,24.799999237060547,21641000
2019-08-06,20.206321716308594,25.0,25.25,24.5,24.5,39092900
2019-08-07,20.125490188598633,24.899999618530273,25.0,24.700000762939453,25.0,20558400
2019-08-08,20.206321716308594,25.0,25.25,24.799999237060547,24.899999618530273,15522400
2019-08-09,19.963844299316406,24.700000762939453,25.25,24.5,25.25,31897900
2019-08-13,19.64054298400879,24.299999237060547,24.700000762939453,24.200000762939453,24.600000381469727,26950900
2019-08-14,19.155590057373047,23.700000762939453,24.100000381469727,23.5,24.0,62769700
2019-08-15,18.83228874206543,23.299999237060547,23.700000762939453,22.799999237060547,23.299999237060547,78479700
2019-08-16,18.75146484375,23.200000762939453,23.5,22.899999618530273,23.299999237060547,57686200
2019-08-19,18.670639038085938,23.100000381469727,23.5,23.100000381469727,23.399999618530273,47175100
2019-08-20,18.670639038085938,23.100000381469727,23.399999618530273,23.0,23.100000381469727,30779600
2019-08-21,18.670639038085938,23.100000381469727,23.399999618530273,23.100000381469727,23.100000381469727,37501700
2019-08-22,18.670639038085938,23.100000381469727,23.299999237060547,23.0,23.0,31382800
2019-08-23,19.155590057373047,23.700000762939453,23.700000762939453,23.100000381469727,23.200000762939453,50237300
2019-08-26,19.07476234436035,23.600000381469727,23.600000381469727,23.200000762939453,23.299999237060547,23221000
2019-08-27,18.993940353393555,23.5,23.700000762939453,23.299999237060547,23.600000381469727,38671000
2019-08-28,18.913114547729492,23.399999618530273,23.600000381469727,23.200000762939453,23.5,20591500
2019-08-29,18.913114547729492,23.399999618530273,23.600000381469727,23.299999237060547,23.5,22994300
2019-08-30,19.07476234436035,23.600000381469727,23.700000762939453,23.299999237060547,23.399999618530273,38707600
2019-09-02,19.07476234436035,23.600000381469727,23.700000762939453,23.399999618530273,23.5,34350400
2019-09-03,18.83228874206543,23.299999237060547,23.600000381469727,23.299999237060547,23.600000381469727,28593700
2019-09-04,19.155590057373047,23.700000762939453,23.700000762939453,23.299999237060547,23.399999618530273,43274000
2019-09-05,19.07476234436035,23.600000381469727,23.799999237060547,23.5,23.700000762939453,38783600
2019-09-06,19.155590057373047,23.700000762939453,23.899999618530273,23.700000762939453,23.799999237060547,20935000
2019-09-09,19.802194595336914,24.5,24.600000381469727,23.799999237060547,23.899999618530273,51324400
2019-09-10,19.802194595336914,24.5,24.600000381469727,24.200000762939453,24.600000381469727,24829000
2019-09-11,20.16965675354004,24.700000762939453,24.799999237060547,24.399999618530273,24.600000381469727,30739900
2019-09-12,19.8430233001709,24.299999237060547,24.799999237060547,24.0,24.600000381469727,28366500
2019-09-13,19.76136589050293,24.200000762939453,24.5,24.100000381469727,24.299999237060547,22637700
2019-09-16,19.51638412475586,23.899999618530273,24.200000762939453,23.600000381469727,24.200000762939453,33543800
2019-09-17,18.944780349731445,23.200000762939453,23.899999618530273,22.899999618530273,23.799999237060547,86708400
2019-09-18,19.108097076416016,23.399999618530273,23.5,23.100000381469727,23.5,58922200
2019-09-19,19.59804916381836,24.0,24.299999237060547,23.600000381469727,23.600000381469727,66515200
2019-09-20,19.434728622436523,23.799999237060547,24.0,23.399999618530273,24.0,65704600
2019-09-23,19.27141571044922,23.600000381469727,23.899999618530273,23.399999618530273,23.799999237060547,15659400
2019-09-24,19.353071212768555,23.700000762939453,24.0,23.5,23.600000381469727,19852400
2019-09-25,19.353071212768555,23.700000762939453,23.899999618530273,23.5,23.600000381469727,27553400
2019-09-26,19.59804916381836,24.0,24.299999237060547,23.700000762939453,23.799999237060547,43079500
2019-09-27,19.679706573486328,24.100000381469727,24.399999618530273,24.0,24.0,36060300
2019-09-30,19.76136589050293,24.200000762939453,24.399999618530273,24.100000381469727,24.200000762939453,35001200
2019-10-01,19.59804916381836,24.0,24.299999237060547,23.799999237060547,24.200000762939453,17798500
2019-10-02,19.434728622436523,23.799999237060547,23.899999618530273,23.600000381469727,23.799999237060547,21202600
2019-10-03,19.434728622436523,23.799999237060547,24.0,23.5,23.600000381469727,28015400
2019-10-04,19.27141571044922,23.600000381469727,23.899999618530273,23.100000381469727,23.899999618530273,37889400
2019-10-07,19.27141571044922,23.600000381469727,23.799999237060547,23.399999618530273,23.700000762939453,10376300
2019-10-08,19.18975067138672,23.5,23.899999618530273,23.399999618530273,23.799999237060547,10014000
2019-10-09,19.108097076416016,23.399999618530273,23.5,23.200000762939453,23.5,18327700
2019-10-10,19.02643585205078,23.299999237060547,23.399999618530273,23.200000762939453,23.299999237060547,25129900
2019-10-11,19.108097076416016,23.399999618530273,23.600000381469727,23.299999237060547,23.299999237060547,25636600
2019-10-15,19.27141571044922,23.600000381469727,23.799999237060547,23.5,23.600000381469727,18766200
2019-10-16,19.18975067138672,23.5,23.600000381469727,23.299999237060547,23.5,41686200
2019-10-17,19.18975067138672,23.5,23.700000762939453,23.299999237060547,23.600000381469727,28511500
2019-10-18,19.02643585205078,23.299999237060547,23.5,23.100000381469727,23.399999618530273,21174200
2019-10-21,18.944780349731445,23.200000762939453,23.399999618530273,23.100000381469727,23.299999237060547,12575600
2019-10-22,18.944780349731445,23.200000762939453,23.399999618530273,23.0,23.100000381469727,23346900
2019-10-24,19.434728622436523,23.799999237060547,23.799999237060547,23.5,23.5,45130500
2019-10-25,19.434728622436523,23.799999237060547,24.0,23.700000762939453,23.899999618530273,24650600
2019-10-28,19.59804916381836,24.0,24.100000381469727,23.600000381469727,23.700000762939453,17016300
2019-10-29,19.51638412475586,23.899999618530273,24.200000762939453,23.799999237060547,24.0,23337200
2019-10-30,19.434728622436523,23.799999237060547,24.100000381469727,23.700000762939453,24.0,14411200
2019-10-31,19.59804916381836,24.0,24.100000381469727,23.799999237060547,23.899999618530273,24543300
2019-11-01,19.59804916381836,24.0,24.100000381469727,23.799999237060547,24.0,9792400
2019-11-04,19.51638412475586,23.899999618530273,24.100000381469727,23.700000762939453,24.100000381469727,12806300
2019-11-05,19.51638412475586,23.899999618530273,24.100000381469727,23.799999237060547,23.899999618530273,17686300
2019-11-06,19.51638412475586,23.899999618530273,24.399999618530273,23.799999237060547,24.0,36846900
2019-11-07,19.434728622436523,23.799999237060547,24.0,23.700000762939453,23.799999237060547,30648800
2019-11-08,19.27141571044922,23.600000381469727,23.799999237060547,23.399999618530273,23.600000381469727,23936200
2019-11-11,19.27141571044922,23.600000381469727,23.700000762939453,23.399999618530273,23.600000381469727,15598100
2019-11-12,19.02643585205078,23.299999237060547,23.600000381469727,23.200000762939453,23.600000381469727,25596800
2019-11-13,19.59804916381836,24.0,24.200000762939453,23.600000381469727,23.700000762939453,66056900
2019-11-14,19.59804916381836,24.0,24.100000381469727,23.799999237060547,24.100000381469727,13761600
2019-11-15,19.51638412475586,23.899999618530273,24.100000381469727,23.799999237060547,24.0,12765800
2019-11-18,19.59804916381836,24.0,24.100000381469727,23.799999237060547,23.899999618530273,13001600
2019-11-19,19.679706573486328,24.100000381469727,24.200000762939453,23.899999618530273,24.0,35599400
2019-11-20,19.59804916381836,24.0,24.100000381469727,23.899999618530273,24.0,18753700
2019-11-21,19.59804916381836,24.0,24.0,23.799999237060547,23.899999618530273,16908600
2019-11-22,19.76136589050293,24.200000762939453,24.399999618530273,23.899999618530273,24.0,61948100
2019-11-25,19.76136589050293,24.200000762939453,24.299999237060547,23.899999618530273,24.200000762939453,27281400
2019-11-26,19.59804916381836,24.0,24.299999237060547,24.0,24.200000762939453,56557300
2019-11-27,20.006338119506836,24.5,24.600000381469727,23.899999618530273,24.0,49160200
2019-11-28,20.087995529174805,24.600000381469727,25.25,24.399999618530273,24.5,64131600
2019-11-29,20.087995529174805,24.600000381469727,25.0,24.5,24.5,37358400
2019-12-02,20.087995529174805,24.600000381469727,24.899999618530273,24.299999237060547,24.600000381469727,42362300
2019-12-03,20.16965675354004,24.700000762939453,24.799999237060547,24.5,24.600000381469727,22106900
2019-12-04,19.924680709838867,24.399999618530273,24.700000762939453,24.100000381469727,24.600000381469727,26269500
2019-12-06,19.76136589050293,24.200000762939453,24.600000381469727,24.100000381469727,24.5,22933300
2019-12-09,20.006338119506836,24.5,24.5,24.299999237060547,24.299999237060547,16897700
2019-12-11,20.16965675354004,24.700000762939453,24.799999237060547,24.399999618530273,24.600000381469727,40402800
2019-12-12,20.414630889892578,25.0,25.25,24.700000762939453,24.799999237060547,23058200
2019-12-13,20.822927474975586,25.5,25.5,25.0,25.5,24131900
2019-12-16,20.414630889892578,25.0,25.5,25.0,25.5,23322200
2019-12-17,20.33297348022461,24.899999618530273,24.899999618530273,24.399999618530273,24.899999618530273,41185000
2019-12-18,20.414630889892578,25.0,25.25,24.600000381469727,25.0,28447400
2019-12-19,20.618776321411133,25.25,25.25,24.899999618530273,24.899999618530273,19461500
2019-12-20,20.618776321411133,25.25,25.5,25.0,25.0,31340400
2019-12-23,20.822927474975586,25.5,25.75,25.25,25.25,26368600
2019-12-24,21.02707290649414,25.75,25.75,25.25,25.75,11581500
2019-12-25,21.23121452331543,26.0,26.0,25.5,25.5,16824200
2019-12-26,21.23121452331543,26.0,26.0,25.75,26.0,4621300
2019-12-27,21.23121452331543,26.0,26.0,25.25,26.0,30291000
2019-12-30,21.23121452331543,26.0,26.0,25.75,26.0,11650700
2020-01-02,21.43536376953125,26.25,26.25,25.75,26.0,17581200
2020-01-03,20.618776321411133,25.25,26.25,25.0,26.0,48716700
2020-01-06,20.618776321411133,25.25,25.25,24.299999237060547,25.25,47648800
2020-01-07,20.822927474975586,25.5,25.75,25.25,25.5,15871900
2020-01-08,20.618776321411133,25.25,25.5,24.899999618530273,25.25,24015500
2020-01-09,20.822927474975586,25.5,25.5,25.0,25.5,24969400
2020-01-10,20.822927474975586,25.5,25.75,25.0,25.25,32831000
2020-01-13,20.822927474975586,25.5,25.5,25.0,25.5,23762000
2020-01-14,20.822927474975586,25.5,25.75,25.25,25.5,19117400
2020-01-15,20.822927474975586,25.5,25.75,25.25,25.5,23464400
2020-01-16,21.02707290649414,25.75,25.75,25.25,25.5,19286700
2020-01-17,21.23121452331543,26.0,26.0,25.5,25.75,13030400
2020-01-20,20.822927474975586,25.5,26.0,25.25,26.0,37312000
2020-01-21,20.16965675354004,24.700000762939453,25.75,24.5,25.5,79040000
2020-01-22,20.414630889892578,25.0,25.5,24.799999237060547,25.0,86539300
2020-01-23,21.02707290649414,25.75,26.0,25.25,25.5,99091500
2020-01-24,21.23121452331543,26.0,26.0,25.5,25.75,37531200
2020-01-27,20.822927474975586,25.5,26.5,25.25,26.25,36278500
2020-01-28,20.618776321411133,25.25,25.75,24.799999237060547,25.5,51451300
2020-01-29,20.33297348022461,24.899999618530273,25.5,24.899999618530273,25.25,26909700
2020-01-30,20.618776321411133,25.25,25.5,24.899999618530273,24.899999618530273,14259300
2020-01-31,20.33297348022461,24.899999618530273,25.25,24.5,25.25,57339900
2020-02-03,19.924680709838867,24.399999618530273,25.0,24.399999618530273,24.899999618530273,38541500
2020-02-04,20.414630889892578,25.0,25.25,24.5,24.5,32587600
2020-02-05,20.822927474975586,25.5,25.5,25.0,25.0,28235000
2020-02-06,20.618776321411133,25.25,25.5,24.899999618530273,25.25,18616800
2020-02-07,20.618776321411133,25.25,25.25,24.899999618530273,25.0,21208700
2020-02-11,20.251314163208008,24.799999237060547,25.25,24.799999237060547,25.0,23786100
2020-02-12,20.33297348022461,24.899999618530273,25.25,24.799999237060547,25.0,28981200
2020-02-13,20.16965675354004,24.700000762939453,24.899999618530273,24.600000381469727,24.899999618530273,21862800
2020-02-14,20.251314163208008,24.799999237060547,25.0,24.700000762939453,24.799999237060547,13828600
2020-02-17,19.924680709838867,24.399999618530273,24.799999237060547,24.399999618530273,24.700000762939453,26428500
2020-02-18,19.76136589050293,24.200000762939453,24.399999618530273,24.0,24.299999237060547,31872400
2020-02-19,20.087995529174805,24.600000381469727,24.600000381469727,24.299999237060547,24.299999237060547,23770200
2020-02-20,19.924680709838867,24.399999618530273,24.899999618530273,24.399999618530273,24.700000762939453,26466500
2020-02-21,19.76136589050293,24.200000762939453,24.299999237060547,24.0,24.0,18655200
2020-02-24,19.02643585205078,23.299999237060547,24.299999237060547,23.299999237060547,24.100000381469727,32930600
2020-02-25,19.108097076416016,23.399999618530273,23.700000762939453,23.100000381469727,23.399999618530273,40701100
2020-02-26,17.88321876525879,21.899999618530273,23.299999237060547,21.200000762939453,23.100000381469727,81490900
2020-02-27,18.944780349731445,23.200000762939453,23.399999618530273,21.799999237060547,21.899999618530273,71629700
2020-02-28,18.12819480895996,22.200000762939453,22.600000381469727,21.799999237060547,22.399999618530273,59917300
2020-03-02,18.209850311279297,22.299999237060547,22.600000381469727,22.0,22.399999618530273,36332600
2020-03-03,18.536483764648438,22.700000762939453,23.0,22.299999237060547,22.399999618530273,40349300
2020-03-04,18.536483764648438,22.700000762939453,23.0,22.399999618530273,22.5,39665400
2020-03-05,18.699800491333008,22.899999618530273,23.200000762939453,22.799999237060547,22.799999237060547,24588800
2020-03-06,18.454824447631836,22.600000381469727,22.799999237060547,22.399999618530273,22.399999618530273,14006700
2020-03-09,17.71990394592285,21.700000762939453,22.399999618530273,20.799999237060547,20.799999237060547,42630700
2020-03-10,17.96487808227539,22.0,22.299999237060547,21.700000762939453,21.700000762939453,37243500
2020-03-11,17.63372802734375,21.299999237060547,21.899999618530273,21.0,21.700000762939453,44024800
2020-03-12,16.143552780151367,19.5,20.700000762939453,18.600000381469727,20.5,67809600
2020-03-13,16.474699020385742,19.899999618530273,20.399999618530273,15.600000381469727,17.0,95578900
2020-03-16,14.984528541564941,18.100000381469727,21.5,18.100000381469727,19.0,80742400
2020-03-17,15.067315101623535,18.200000762939453,19.100000381469727,18.0,19.100000381469727,64830400
2020-03-18,15.729616165161133,19.0,19.5,18.399999618530273,18.899999618530273,66587200
2020-03-19,15.067315101623535,18.200000762939453,18.700000762939453,18.0,18.299999237060547,81558300
2020-03-20,16.55748748779297,20.0,20.5,18.399999618530273,18.600000381469727,84201500
2020-03-23,14.736166954040527,17.799999237060547,18.899999618530273,17.799999237060547,18.600000381469727,58323400
2020-03-24,14.736166954040527,17.799999237060547,18.600000381469727,17.799999237060547,18.399999618530273,54239500
2020-03-25,15.398466110229492,18.600000381469727,18.899999618530273,18.0,18.200000762939453,45509100
2020-03-26,15.398466110229492,18.600000381469727,18.799999237060547,18.399999618530273,18.799999237060547,26793800
2020-03-27,15.729616165161133,19.0,19.299999237060547,18.700000762939453,19.0,40970000
2020-03-30,15.398466110229492,18.600000381469727,18.600000381469727,18.600000381469727,18.600000381469727,2995200
2020-03-31,15.646830558776855,18.899999618530273,19.299999237060547,18.700000762939453,18.899999618530273,37989600
2020-04-01,15.56403923034668,18.799999237060547,19.100000381469727,18.700000762939453,18.899999618530273,29790700
2020-04-02,16.143552780151367,19.5,19.600000381469727,18.799999237060547,19.100000381469727,38204300
2020-04-03,15.97797679901123,19.299999237060547,19.700000762939453,19.100000381469727,19.399999618530273,27529100
2020-04-07,16.723066329956055,20.200000762939453,20.700000762939453,19.600000381469727,20.0,56385800
2020-04-08,16.55748748779297,20.0,20.299999237060547,19.600000381469727,20.200000762939453,38615800
2020-04-09,16.723066329956055,20.200000762939453,20.5,20.0,20.200000762939453,31915500
2020-04-10,16.805850982666016,20.299999237060547,20.399999618530273,20.0,20.100000381469727,20442400
2020-04-13,16.805850982666016,20.299999237060547,20.399999618530273,20.0,20.200000762939453,16829200
2020-04-14,17.799299240112305,21.5,21.5,20.5,20.600000381469727,55910400
2020-04-15,17.13700294494629,20.700000762939453,21.600000381469727,20.5,21.600000381469727,49189500
2020-04-16,16.64027976989746,20.100000381469727,20.600000381469727,20.0,20.5,36291200
2020-04-17,17.13700294494629,20.700000762939453,20.799999237060547,20.299999237060547,20.5,27574100
2020-04-20,17.302574157714844,20.899999618530273,21.0,20.600000381469727,20.700000762939453,21748100
2020-04-21,17.38536262512207,21.0,21.200000762939453,20.5,20.700000762939453,27874600
2020-04-22,17.550935745239258,21.200000762939453,21.299999237060547,20.600000381469727,20.799999237060547,22964000
2020-04-23,17.21978759765625,20.799999237060547,21.299999237060547,20.600000381469727,21.100000381469727,37403000
2020-04-24,17.054214477539062,20.600000381469727,20.899999618530273,20.5,20.700000762939453,24036200
2020-04-27,16.971426010131836,20.5,20.799999237060547,20.5,20.700000762939453,19578200
2020-04-28,17.13700294494629,20.700000762939453,20.899999618530273,20.5,20.600000381469727,28469300
2020-04-29,17.13700294494629,20.700000762939453,21.0,20.600000381469727,20.899999618530273,18071700
2020-04-30,17.21978759765625,20.799999237060547,20.899999618530273,20.700000762939453,20.799999237060547,30219300
2020-05-05,17.054214477539062,20.600000381469727,20.799999237060547,20.5,20.5,24026900
2020-05-07,16.474699020385742,19.899999618530273,20.5,19.799999237060547,20.399999618530273,52012300
2020-05-08,15.97797679901123,19.299999237060547,19.799999237060547,19.299999237060547,19.600000381469727,57642300
2020-05-11,16.39191436767578,19.799999237060547,20.0,19.399999618530273,19.5,36194100
2020-05-12,16.55748748779297,20.0,20.200000762939453,19.600000381469727,19.700000762939453,23658700
2020-05-13,16.474699020385742,19.899999618530273,20.0,19.799999237060547,19.799999237060547,20441700
2020-05-14,16.309125900268555,19.700000762939453,19.899999618530273,19.399999618530273,19.700000762939453,29069600
2020-05-15,16.226341247558594,19.600000381469727,20.0,19.5,19.899999618530273,17689900
2020-05-18,16.309125900268555,19.700000762939453,19.899999618530273,19.700000762939453,19.799999237060547,20674200
2020-05-19,17.13700294494629,20.700000762939453,20.799999237060547,19.899999618530273,20.0,95267800
2020-05-20,17.302574157714844,20.899999618530273,20.899999618530273,20.600000381469727,20.799999237060547,40499300
2020-05-21,17.21978759765625,20.799999237060547,21.100000381469727,20.700000762939453,21.0,24641200
2020-05-22,17.21978759765625,20.799999237060547,20.799999237060547,20.399999618530273,20.799999237060547,20471800
2020-05-25,17.38536262512207,21.0,21.0,20.700000762939453,20.899999618530273,15843600
2020-05-26,17.550935745239258,21.200000762939453,21.399999618530273,21.0,21.200000762939453,44343200
2020-05-27,18.213241577148438,22.0,22.200000762939453,21.299999237060547,21.299999237060547,62132200
2020-05-28,18.04766082763672,21.799999237060547,22.399999618530273,21.799999237060547,22.200000762939453,53204100
2020-05-29,18.62717628479004,22.5,22.5,21.5,21.700000762939453,67437100
2020-06-01,18.461597442626953,22.299999237060547,22.600000381469727,22.200000762939453,22.600000381469727,29208300
2020-06-02,18.792749404907227,22.700000762939453,22.700000762939453,22.399999618530273,22.600000381469727,27730400
2020-06-04,19.37226104736328,23.399999618530273,23.399999618530273,22.799999237060547,22.899999618530273,54671500
2020-06-05,19.455047607421875,23.5,23.600000381469727,23.299999237060547,23.5,33328500
2020-06-08,19.37226104736328,23.399999618530273,23.600000381469727,23.100000381469727,23.5,31436700
2020-06-09,19.041112899780273,23.0,23.399999618530273,22.799999237060547,23.399999618530273,37761100
2020-06-10,19.206689834594727,23.200000762939453,23.299999237060547,22.899999618530273,23.100000381469727,23069000
2020-06-11,18.958324432373047,22.899999618530273,23.200000762939453,22.5,23.200000762939453,29278800
2020-06-12,18.62717628479004,22.5,22.600000381469727,22.200000762939453,22.399999618530273,33051700
2020-06-15,18.130451202392578,21.899999618530273,22.5,21.899999618530273,22.299999237060547,37136700
2020-06-16,18.54438591003418,22.399999618530273,22.700000762939453,22.299999237060547,22.399999618530273,17820400
2020-06-17,18.7099609375,22.600000381469727,22.799999237060547,22.299999237060547,22.299999237060547,14096400
2020-06-18,18.7099609375,22.600000381469727,22.700000762939453,22.299999237060547,22.5,11180400
2020-06-19,18.378814697265625,22.200000762939453,22.700000762939453,22.200000762939453,22.5,24690400
2020-06-22,18.54438591003418,22.399999618530273,22.5,22.200000762939453,22.399999618530273,7621500
2020-06-23,18.62717628479004,22.5,22.799999237060547,22.299999237060547,22.5,11447500
2020-06-24,18.461597442626953,22.299999237060547,22.600000381469727,22.0,22.5,18848200
2020-06-25,18.213241577148438,22.0,22.299999237060547,21.799999237060547,22.200000762939453,22149900
2020-06-26,18.213241577148438,22.0,22.200000762939453,21.799999237060547,22.0,15429000
2020-06-29,18.213241577148438,22.0,22.100000381469727,21.799999237060547,21.899999618530273,22646200
2020-06-30,18.62717628479004,22.5,22.600000381469727,22.100000381469727,22.200000762939453,30920100
2020-07-01,18.792749404907227,22.700000762939453,23.0,22.299999237060547,22.600000381469727,37672900
2020-07-02,18.958324432373047,22.899999618530273,22.899999618530273,22.5,22.799999237060547,24036700
2020-07-03,18.87553596496582,22.799999237060547,23.0,22.700000762939453,22.899999618530273,11573300
2020-07-07,18.62717628479004,22.5,23.200000762939453,22.5,23.200000762939453,23112700
2020-07-08,18.62717628479004,22.5,22.899999618530273,22.399999618530273,22.5,27229900
2020-07-09,18.958324432373047,22.899999618530273,23.100000381469727,22.5,22.600000381469727,28767400
2020-07-10,18.87553596496582,22.799999237060547,23.0,22.600000381469727,22.799999237060547,15005800
2020-07-13,18.54438591003418,22.399999618530273,23.100000381469727,22.100000381469727,22.899999618530273,27019900
2020-07-14,18.461597442626953,22.299999237060547,22.5,21.899999618530273,22.200000762939453,18347700
2020-07-15,18.378814697265625,22.200000762939453,22.5,22.0,22.399999618530273,16278800
2020-07-16,18.130451202392578,21.899999618530273,22.299999237060547,21.700000762939453,22.100000381469727,24629800
2020-07-17,18.378814697265625,22.200000762939453,22.200000762939453,21.799999237060547,22.0,16957100
2020-07-20,18.2960262298584,22.100000381469727,22.299999237060547,22.0,22.200000762939453,9539900
2020-07-21,18.378814697265625,22.200000762939453,22.399999618530273,22.100000381469727,22.299999237060547,24547500
2020-07-22,18.130451202392578,21.899999618530273,22.299999237060547,21.799999237060547,22.200000762939453,24420600
2020-07-23,18.213241577148438,22.0,22.100000381469727,21.799999237060547,21.899999618530273,14505800
2020-07-24,17.96487808227539,21.700000762939453,21.799999237060547,21.600000381469727,21.700000762939453,19889000
2020-07-29,17.96487808227539,21.700000762939453,22.200000762939453,21.700000762939453,21.899999618530273,17520200
2020-07-30,17.882089614868164,21.600000381469727,22.0,21.5,21.799999237060547,21078700
2020-07-31,18.2960262298584,22.100000381469727,22.100000381469727,21.5,21.5,22863700
2020-08-03,18.04766082763672,21.799999237060547,22.100000381469727,21.799999237060547,22.0,13639100
2020-08-04,17.882089614868164,21.600000381469727,22.0,21.600000381469727,21.899999618530273,16020700
2020-08-05,17.882089614868164,21.600000381469727,21.899999618530273,21.600000381469727,21.799999237060547,13677300
2020-08-06,17.550935745239258,21.200000762939453,21.600000381469727,20.799999237060547,21.5,60401900
2020-08-07,17.302574157714844,20.899999618530273,21.100000381469727,20.600000381469727,21.0,27635800
2020-08-10,17.13700294494629,20.700000762939453,21.100000381469727,20.700000762939453,21.100000381469727,11957200
2020-08-11,17.468149185180664,21.100000381469727,21.399999618530273,20.799999237060547,21.0,32794500
2020-08-13,17.550935745239258,21.200000762939453,21.5,21.100000381469727,21.399999618530273,14880600
2020-08-14,17.302574157714844,20.899999618530273,21.299999237060547,20.700000762939453,21.200000762939453,23563800
2020-08-17,16.888641357421875,20.399999618530273,21.100000381469727,20.299999237060547,20.799999237060547,30712700
2020-08-18,17.054214477539062,20.600000381469727,20.799999237060547,20.399999618530273,20.399999618530273,27682800
2020-08-19,16.474699020385742,19.899999618530273,20.600000381469727,19.799999237060547,20.5,65481700
2020-08-20,16.39191436767578,19.799999237060547,20.299999237060547,19.799999237060547,19.799999237060547,32365700
2020-08-21,16.64027976989746,20.100000381469727,20.100000381469727,19.799999237060547,20.0,15631600
2020-08-24,16.55748748779297,20.0,20.200000762939453,20.0,20.200000762939453,21021200
2020-08-25,16.888641357421875,20.399999618530273,20.600000381469727,20.200000762939453,20.299999237060547,27847500
2020-08-26,16.723066329956055,20.200000762939453,20.5,20.100000381469727,20.399999618530273,22472400
2020-08-27,16.723066329956055,20.200000762939453,20.5,20.200000762939453,20.299999237060547,24707400
2020-08-28,16.888641357421875,20.399999618530273,20.600000381469727,20.299999237060547,20.399999618530273,28543500
2020-08-31,17.21978759765625,20.799999237060547,20.899999618530273,20.399999618530273,20.5,49037600
2020-09-01,17.054214477539062,20.600000381469727,20.899999618530273,20.600000381469727,20.899999618530273,29778100
2020-09-02,16.971426010131836,20.5,20.700000762939453,20.299999237060547,20.600000381469727,21425200
2020-09-03,17.21978759765625,20.799999237060547,20.899999618530273,20.600000381469727,20.700000762939453,26598800
2020-09-08,17.21978759765625,20.799999237060547,20.799999237060547,20.5,20.799999237060547,22845900
2020-09-09,16.888641357421875,20.399999618530273,20.799999237060547,20.299999237060547,20.799999237060547,19154500
2020-09-10,17.054214477539062,20.600000381469727,20.700000762939453,20.399999618530273,20.5,29210000
2020-09-11,16.888641357421875,20.399999618530273,20.600000381469727,20.399999618530273,20.5,13454600
2020-09-14,16.888641357421875,20.399999618530273,20.600000381469727,20.299999237060547,20.399999618530273,12720000
2020-09-15,16.971426010131836,20.5,20.600000381469727,20.100000381469727,20.399999618530273,24698400
2020-09-16,17.21978759765625,20.799999237060547,20.899999618530273,20.399999618530273,20.600000381469727,54209400
2020-09-17,17.13700294494629,20.700000762939453,20.799999237060547,20.5,20.600000381469727,21592500
2020-09-18,16.805850982666016,20.299999237060547,20.899999618530273,20.200000762939453,20.700000762939453,55851100
2020-09-21,16.64027976989746,20.100000381469727,20.5,20.100000381469727,20.399999618530273,21528000
2020-09-22,16.64027976989746,20.100000381469727,20.299999237060547,20.0,20.200000762939453,26277400
2020-09-23,16.64027976989746,20.100000381469727,20.299999237060547,20.0,20.200000762939453,16773700
2020-09-24,16.55748748779297,20.0,20.200000762939453,19.799999237060547,20.0,25145400
2020-09-25,16.474699020385742,19.899999618530273,20.200000762939453,19.899999618530273,20.0,16281000
2020-09-28,16.64027976989746,20.100000381469727,20.399999618530273,19.899999618530273,20.0,21646000
2020-09-29,16.55748748779297,20.0,20.399999618530273,19.899999618530273,20.200000762939453,18140100
2020-09-30,16.060760498046875,19.399999618530273,20.100000381469727,19.299999237060547,20.100000381469727,40499500
2020-10-01,16.309125900268555,19.700000762939453,20.0,19.399999618530273,19.5,21325500
2020-10-02,16.143552780151367,19.5,19.899999618530273,19.5,19.600000381469727,18717100
2020-10-05,16.143552780151367,19.5,19.799999237060547,19.399999618530273,19.799999237060547,22141400
2020-10-06,15.97797679901123,19.299999237060547,19.700000762939453,19.299999237060547,19.600000381469727,28518400
2020-10-07,15.97797679901123,19.299999237060547,19.399999618530273,18.799999237060547,19.200000762939453,42852700
2020-10-08,15.97797679901123,19.299999237060547,19.5,19.200000762939453,19.299999237060547,29831700
2020-10-09,15.89518928527832,19.200000762939453,19.299999237060547,19.100000381469727,19.200000762939453,24963600
2020-10-12,15.646830558776855,18.899999618530273,19.299999237060547,18.899999618530273,19.200000762939453,22243700
2020-10-14,15.398466110229492,18.600000381469727,18.799999237060547,18.5,18.799999237060547,33136200
2020-10-15,15.398466110229492,18.600000381469727,18.700000762939453,18.399999618530273,18.5,16251000
2020-10-16,15.232890129089355,18.399999618530273,18.799999237060547,18.200000762939453,18.600000381469727,23328100
2020-10-19,15.067315101623535,18.200000762939453,18.299999237060547,18.0,18.200000762939453,21695700
2020-10-20,14.984528541564941,18.100000381469727,18.299999237060547,17.799999237060547,18.100000381469727,32117400
2020-10-21,14.818952560424805,17.899999618530273,18.100000381469727,17.799999237060547,18.100000381469727,34107700
2020-10-22,14.818952560424805,17.899999618530273,18.100000381469727,17.799999237060547,17.799999237060547,18956200
2020-10-26,14.736166954040527,17.799999237060547,18.0,17.600000381469727,18.0,22366100
2020-10-27,14.653379440307617,17.700000762939453,17.899999618530273,17.5,17.799999237060547,18580500
2020-10-28,14.653379440307617,17.700000762939453,18.0,17.600000381469727,17.700000762939453,25420600
2020-10-29,14.570587158203125,17.600000381469727,17.799999237060547,17.5,17.600000381469727,17051900
2020-10-30,14.487805366516113,17.5,17.799999237060547,17.5,17.700000762939453,24236500
2020-11-02,14.487805366516113,17.5,17.700000762939453,17.299999237060547,17.600000381469727,26396100
2020-11-03,14.570587158203125,17.600000381469727,17.700000762939453,17.5,17.600000381469727,25153100
2020-11-04,14.570587158203125,17.600000381469727,17.899999618530273,17.5,17.700000762939453,20298900
2020-11-05,15.150101661682129,18.299999237060547,18.299999237060547,17.5,17.700000762939453,66727200
2020-11-06,14.984528541564941,18.100000381469727,18.299999237060547,17.700000762939453,18.200000762939453,36930800
2020-11-09,15.315679550170898,18.5,18.799999237060547,18.200000762939453,18.399999618530273,45625100
2020-11-10,17.21978759765625,20.799999237060547,20.899999618530273,19.899999618530273,20.899999618530273,157979800
2020-11-11,17.468149185180664,21.100000381469727,21.299999237060547,20.700000762939453,21.100000381469727,76513400
2020-11-12,17.882089614868164,21.600000381469727,21.799999237060547,21.0,21.299999237060547,76726900
2020-11-13,17.716514587402344,21.399999618530273,21.600000381469727,21.200000762939453,21.399999618530273,44853100
2020-11-16,17.96487808227539,21.700000762939453,22.0,21.5,21.700000762939453,38897200
2020-11-17,18.54438591003418,22.399999618530273,23.0,22.100000381469727,22.200000762939453,115273400
2020-11-18,18.792749404907227,22.700000762939453,22.700000762939453,22.200000762939453,22.399999618530273,48259100
2020-11-19,18.7099609375,22.600000381469727,22.799999237060547,22.399999618530273,22.600000381469727,37901700
2020-11-20,19.289472579956055,23.299999237060547,23.299999237060547,22.700000762939453,22.700000762939453,59145800
2020-11-23,19.041112899780273,23.0,23.700000762939453,23.0,23.399999618530273,65796200
2020-11-24,18.62717628479004,22.5,23.299999237060547,22.200000762939453,23.200000762939453,70374300
2020-11-25,18.62717628479004,22.5,22.700000762939453,21.899999618530273,22.5,77732100
2020-11-26,18.62717628479004,22.5,22.799999237060547,22.299999237060547,22.600000381469727,31872400
2020-11-27,18.62717628479004,22.5,22.799999237060547,22.299999237060547,22.299999237060547,24656000
2020-11-30,17.799299240112305,21.5,22.399999618530273,21.5,22.200000762939453,88437600
2020-12-01,18.04766082763672,21.799999237060547,22.100000381469727,21.600000381469727,21.600000381469727,33659400
2020-12-02,17.882089614868164,21.600000381469727,21.899999618530273,21.5,21.5,26802500
2020-12-03,17.96487808227539,21.700000762939453,21.899999618530273,21.600000381469727,21.600000381469727,42536000
2020-12-04,18.2960262298584,22.100000381469727,22.299999237060547,21.700000762939453,21.700000762939453,65497100
2020-12-08,18.2960262298584,22.100000381469727,22.299999237060547,21.799999237060547,22.0,51087900
2020-12-09,18.2960262298584,22.100000381469727,22.5,22.0,22.299999237060547,42365100
2020-12-14,18.213241577148438,22.0,22.399999618530273,21.799999237060547,22.299999237060547,46976600
2020-12-15,18.378814697265625,22.200000762939453,22.200000762939453,21.899999618530273,22.0,36840100
2020-12-16,18.461597442626953,22.299999237060547,22.399999618530273,22.0,22.399999618530273,47119800
2020-12-17,18.2960262298584,22.100000381469727,22.700000762939453,22.0,22.5,50920700
2020-12-18,18.04766082763672,21.799999237060547,22.200000762939453,21.700000762939453,22.100000381469727,65749400
2020-12-21,17.054214477539062,20.600000381469727,21.299999237060547,20.600000381469727,21.100000381469727,62756400
2020-12-22,17.13700294494629,20.700000762939453,20.899999618530273,20.299999237060547,20.600000381469727,54161800
2020-12-23,16.971426010131836,20.5,21.299999237060547,20.5,20.899999618530273,28932100
2020-12-24,17.13700294494629,20.700000762939453,20.899999618530273,20.399999618530273,20.600000381469727,21706900
2020-12-25,17.13700294494629,20.700000762939453,21.0,20.600000381469727,20.899999618530273,18667100
2020-12-28,16.805850982666016,20.299999237060547,21.0,20.200000762939453,20.899999618530273,25966500
2020-12-29,17.468149185180664,21.100000381469727,21.200000762939453,20.299999237060547,20.5,24294600
2020-12-30,17.21978759765625,20.799999237060547,21.200000762939453,20.600000381469727,21.100000381469727,23978700
2021-01-04,17.21978759765625,20.799999237060547,20.799999237060547,20.399999618530273,20.5,31721300
2021-01-05,17.550935745239258,21.200000762939453,21.200000762939453,20.5,20.799999237060547,50000200
2021-01-06,17.302574157714844,20.899999618530273,21.399999618530273,20.899999618530273,21.399999618530273,35321600
2021-01-07,17.550935745239258,21.200000762939453,21.399999618530273,21.100000381469727,21.200000762939453,27892500
2021-01-08,17.96487808227539,21.700000762939453,22.0,21.299999237060547,21.5,67749600
2021-01-11,17.63372802734375,21.299999237060547,21.799999237060547,21.200000762939453,21.700000762939453,48276800
2021-01-12,17.468149185180664,21.100000381469727,21.399999618530273,20.899999618530273,21.299999237060547,41801700
2021-01-13,17.63372802734375,21.299999237060547,21.600000381469727,20.899999618530273,21.200000762939453,43347900
2021-01-14,17.716514587402344,21.399999618530273,21.700000762939453,21.299999237060547,21.399999618530273,31624800
2021-01-15,17.716514587402344,21.399999618530273,21.799999237060547,21.399999618530273,21.5,35093200
2021-01-18,17.468149185180664,21.100000381469727,21.5,21.100000381469727,21.399999618530273,24028300
2021-01-19,17.550935745239258,21.200000762939453,21.5,21.100000381469727,21.200000762939453,22929500
2021-01-20,17.550935745239258,21.200000762939453,21.399999618530273,21.200000762939453,21.399999618530273,26034500
2021-01-21,17.716514587402344,21.399999618530273,21.5,21.200000762939453,21.299999237060547,42807800
2021-01-22,17.468149185180664,21.100000381469727,21.399999618530273,21.100000381469727,21.399999618530273,35253300
2021-01-25,17.882089614868164,21.600000381469727,21.600000381469727,21.200000762939453,21.200000762939453,37876500
2021-01-26,17.799299240112305,21.5,21.700000762939453,21.399999618530273,21.600000381469727,27010900
2021-01-27,17.716514587402344,21.399999618530273,21.700000762939453,21.399999618530273,21.600000381469727,24596400
2021-01-28,17.550935745239258,21.200000762939453,21.5,21.0,21.299999237060547,31222800
2021-01-29,17.13700294494629,20.700000762939453,21.200000762939453,20.5,21.200000762939453,47972300
2021-02-01,17.21978759765625,20.799999237060547,20.899999618530273,20.600000381469727,20.799999237060547,16149300
2021-02-02,17.468149185180664,21.100000381469727,21.100000381469727,20.799999237060547,20.899999618530273,17222600
2021-02-03,17.21978759765625,20.799999237060547,21.399999618530273,20.700000762939453,21.299999237060547,31262000
2021-02-04,17.054214477539062,20.600000381469727,20.899999618530273,20.600000381469727,20.799999237060547,33290500
2021-02-05,17.21978759765625,20.799999237060547,20.899999618530273,20.600000381469727,20.700000762939453,22556000
2021-02-08,17.302574157714844,20.899999618530273,21.0,20.799999237060547,21.0,20344800
2021-02-09,17.302574157714844,20.899999618530273,21.200000762939453,20.899999618530273,21.100000381469727,28538300
2021-02-10,17.550935745239258,21.200000762939453,21.200000762939453,20.899999618530273,21.0,21583700
2021-02-11,17.21978759765625,20.799999237060547,21.299999237060547,20.700000762939453,21.200000762939453,36335800
2021-02-15,17.13700294494629,20.700000762939453,20.899999618530273,20.700000762939453,20.799999237060547,26917100
2021-02-16,17.13700294494629,20.700000762939453,20.899999618530273,20.700000762939453,20.799999237060547,18934100
2021-02-17,16.971426010131836,20.5,20.700000762939453,20.299999237060547,20.700000762939453,32923600
2021-02-18,16.64027976989746,20.100000381469727,20.600000381469727,20.100000381469727,20.5,40578600
2021-02-19,16.64027976989746,20.100000381469727,20.299999237060547,20.0,20.100000381469727,27059800
2021-02-22,16.55748748779297,20.0,20.299999237060547,20.0,20.100000381469727,18133000
2021-02-23,16.805850982666016,20.299999237060547,20.5,19.899999618530273,20.0,30838700
2021-02-24,16.64027976989746,20.100000381469727,20.600000381469727,20.100000381469727,20.299999237060547,35289300
2021-02-25,16.55748748779297,20.0,20.399999618530273,19.899999618530273,20.299999237060547,55073300
2021-03-01,16.55748748779297,20.0,20.5,20.0,20.200000762939453,23950800
2021-03-02,16.723066329956055,20.200000762939453,20.5,20.0,20.399999618530273,44638700
2021-03-03,17.302574157714844,20.899999618530273,20.899999618530273,20.100000381469727,20.299999237060547,76418900
2021-03-04,17.882089614868164,21.600000381469727,21.799999237060547,21.200000762939453,21.200000762939453,121779500
2021-03-05,17.799299240112305,21.5,21.700000762939453,21.200000762939453,21.399999618530273,56117900
2021-03-08,17.799299240112305,21.5,21.799999237060547,21.5,21.700000762939453,52716000
2021-03-09,18.2960262298584,22.100000381469727,22.200000762939453,21.600000381469727,21.700000762939453,105069800
2021-03-10,18.59317398071289,21.899999618530273,21.899999618530273,21.5,21.799999237060547,62964300
2021-03-11,18.338476181030273,21.600000381469727,21.899999618530273,21.5,21.899999618530273,46445100
2021-03-12,18.168672561645508,21.399999618530273,21.799999237060547,21.399999618530273,21.700000762939453,32535100
2021-03-15,18.423377990722656,21.700000762939453,21.700000762939453,21.399999618530273,21.5,28713600
2021-03-16,18.338476181030273,21.600000381469727,21.799999237060547,21.5,21.799999237060547,29011100
2021-03-17,18.423377990722656,21.700000762939453,21.700000762939453,21.5,21.600000381469727,20543800
2021-03-18,18.338476181030273,21.600000381469727,21.799999237060547,21.600000381469727,21.799999237060547,30938900
2021-03-19,18.253578186035156,21.5,21.700000762939453,21.299999237060547,21.600000381469727,39857500
2021-03-22,18.083772659301758,21.299999237060547,21.5,21.200000762939453,21.399999618530273,16689900
2021-03-23,18.083772659301758,21.299999237060547,21.600000381469727,21.299999237060547,21.299999237060547,21491900
2021-03-24,18.168672561645508,21.399999618530273,21.399999618530273,21.100000381469727,21.299999237060547,19692300
2021-03-25,18.083772659301758,21.299999237060547,21.5,21.200000762939453,21.399999618530273,23127600
2021-03-26,18.083772659301758,21.299999237060547,21.5,21.200000762939453,21.299999237060547,16887800
2021-03-29,18.253578186035156,21.5,21.700000762939453,21.299999237060547,21.399999618530273,22665400
2021-03-30,18.253578186035156,21.5,21.700000762939453,21.5,21.600000381469727,29095600
2021-03-31,18.338476181030273,21.600000381469727,21.600000381469727,21.399999618530273,21.600000381469727,31323400
2021-04-01,18.338476181030273,21.600000381469727,21.700000762939453,21.5,21.600000381469727,17467100
2021-04-02,18.338476181030273,21.600000381469727,21.700000762939453,21.399999618530273,21.600000381469727,18554800
2021-04-05,18.168672561645508,21.399999618530273,21.700000762939453,21.299999237060547,21.600000381469727,15476200
2021-04-07,18.253578186035156,21.5,21.5,21.100000381469727,21.200000762939453,36480300
2021-04-08,18.168672561645508,21.399999618530273,21.5,21.200000762939453,21.299999237060547,24174500
2021-04-09,18.932777404785156,22.299999237060547,22.399999618530273,21.5,21.600000381469727,150324000
2021-04-12,18.847877502441406,22.200000762939453,22.600000381469727,22.0,22.5,90848000
2021-04-16,18.59317398071289,21.899999618530273,22.299999237060547,21.700000762939453,22.200000762939453,53707700
2021-04-19,18.678081512451172,22.0,22.100000381469727,21.700000762939453,22.0,28569500
2021-04-20,18.678081512451172,22.0,22.0,21.700000762939453,21.899999618530273,29591800
2021-04-21,18.50827407836914,21.799999237060547,22.0,21.700000762939453,22.0,29703900
2021-04-22,18.253578186035156,21.5,21.899999618530273,21.5,21.799999237060547,29115000
2021-04-23,18.59317398071289,21.899999618530273,21.899999618530273,21.299999237060547,21.399999618530273,43960400
2021-04-26,18.932777404785156,22.299999237060547,22.399999618530273,21.600000381469727,21.799999237060547,79722400
2021-04-27,18.59317398071289,21.899999618530273,22.299999237060547,21.799999237060547,22.299999237060547,23313000
2021-04-28,18.678081512451172,22.0,22.200000762939453,21.799999237060547,21.899999618530273,27654500
2021-04-29,18.678081512451172,22.0,22.0,21.600000381469727,21.899999618530273,34517700
2021-04-30,18.423377990722656,21.700000762939453,22.100000381469727,21.600000381469727,21.899999618530273,21894400
2021-05-05,18.253578186035156,21.5,22.200000762939453,21.5,22.0,64802700
2021-05-06,18.423377990722656,21.700000762939453,21.700000762939453,21.299999237060547,21.600000381469727,29734700
2021-05-07,18.423377990722656,21.700000762939453,21.899999618530273,21.600000381469727,21.799999237060547,22785300
2021-05-10,18.168672561645508,21.399999618530273,21.899999618530273,21.399999618530273,21.899999618530273,18982000
2021-05-11,17.99887466430664,21.200000762939453,21.299999237060547,20.600000381469727,21.200000762939453,83700300
2021-05-12,17.74417495727539,20.899999618530273,21.100000381469727,20.799999237060547,21.0,31916500
2021-05-13,17.57437515258789,20.700000762939453,20.899999618530273,20.399999618530273,20.799999237060547,39867900
2021-05-14,17.913976669311523,21.100000381469727,21.299999237060547,20.700000762939453,20.799999237060547,40914200
2021-05-17,17.74417495727539,20.899999618530273,21.200000762939453,20.799999237060547,21.100000381469727,19720300
2021-05-18,17.74417495727539,20.899999618530273,21.200000762939453,20.899999618530273,21.0,21150300
2021-05-19,17.829076766967773,21.0,21.200000762939453,20.700000762939453,20.700000762939453,22293600
2021-05-20,17.913976669311523,21.100000381469727,21.399999618530273,20.899999618530273,21.100000381469727,26792200
2021-05-21,17.913976669311523,21.100000381469727,21.299999237060547,21.0,21.200000762939453,16762300
2021-05-24,17.829076766967773,21.0,21.200000762939453,20.799999237060547,21.100000381469727,18069300
2021-05-25,17.913976669311523,21.100000381469727,21.200000762939453,21.0,21.200000762939453,16264300
2021-05-27,18.253578186035156,21.5,21.5,21.100000381469727,21.200000762939453,49631300
2021-05-28,18.253578186035156,21.5,21.700000762939453,21.399999618530273,21.600000381469727,19658700
2021-05-31,18.338476181030273,21.600000381469727,21.700000762939453,21.299999237060547,21.5,23893800
2021-06-01,18.338476181030273,21.600000381469727,21.799999237060547,21.399999618530273,21.600000381469727,22971200
2021-06-02,18.50827407836914,21.799999237060547,21.899999618530273,21.600000381469727,21.600000381469727,23138100
2021-06-04,18.253578186035156,21.5,21.899999618530273,21.5,21.700000762939453,29080000
2021-06-07,18.338476181030273,21.600000381469727,21.799999237060547,21.5,21.5,14822900
2021-06-08,18.59317398071289,21.899999618530273,22.0,21.5,21.5,28053500
2021-06-09,18.678081512451172,22.0,22.200000762939453,21.899999618530273,22.0,34397200
2021-06-10,19.35727882385254,22.799999237060547,23.0,22.200000762939453,22.299999237060547,113686600
2021-06-11,19.35727882385254,22.799999237060547,22.899999618530273,22.5,22.799999237060547,38045400
2021-06-14,19.44217872619629,22.899999618530273,22.899999618530273,22.600000381469727,22.799999237060547,26944800
2021-06-15,19.44217872619629,22.899999618530273,23.0,22.700000762939453,23.0,25574000
2021-06-16,19.527082443237305,23.0,23.100000381469727,22.799999237060547,22.799999237060547,42645500
2021-06-17,19.35727882385254,22.799999237060547,23.100000381469727,22.700000762939453,22.899999618530273,25439300
2021-06-18,19.527082443237305,23.0,23.0,22.600000381469727,22.799999237060547,34498100
2021-06-21,19.272380828857422,22.700000762939453,22.899999618530273,22.5,22.700000762939453,20089100
2021-06-22,19.527082443237305,23.0,23.0,22.700000762939453,22.700000762939453,20587300
2021-06-23,19.35727882385254,22.799999237060547,23.100000381469727,22.700000762939453,23.0,23346500
2021-06-24,19.611982345581055,23.100000381469727,23.100000381469727,22.5,22.700000762939453,38184800
2021-06-25,20.121383666992188,23.700000762939453,23.899999618530273,22.899999618530273,23.200000762939453,86536700
2021-06-28,19.611982345581055,23.100000381469727,24.0,23.100000381469727,23.600000381469727,111962600
2021-06-29,19.696882247924805,23.200000762939453,23.5,23.0,23.100000381469727,32821200
2021-06-30,19.527082443237305,23.0,23.399999618530273,23.0,23.299999237060547,35894700
2021-07-01,20.121383666992188,23.700000762939453,23.700000762939453,23.100000381469727,23.100000381469727,35994500
2021-07-02,19.866680145263672,23.399999618530273,23.700000762939453,23.100000381469727,23.600000381469727,34967300
2021-07-05,20.03648567199707,23.600000381469727,23.700000762939453,23.399999618530273,23.399999618530273,23823000
2021-07-06,19.866680145263672,23.399999618530273,23.799999237060547,23.399999618530273,23.700000762939453,12255200
2021-07-07,19.951581954956055,23.5,23.799999237060547,23.299999237060547,23.299999237060547,30259600
2021-07-08,20.37608528137207,24.0,24.600000381469727,23.5,23.700000762939453,119688000
2021-07-09,20.37608528137207,24.0,24.200000762939453,23.700000762939453,24.200000762939453,56609200
2021-07-12,19.696882247924805,23.200000762939453,24.399999618530273,22.899999618530273,24.100000381469727,79836400
2021-07-13,19.781782150268555,23.299999237060547,23.5,23.100000381469727,23.399999618530273,24909900
2021-07-14,19.781782150268555,23.299999237060547,23.600000381469727,23.200000762939453,23.299999237060547,20516800
2021-07-15,19.527082443237305,23.0,23.5,22.799999237060547,23.299999237060547,32714100
2021-07-16,19.781782150268555,23.299999237060547,23.399999618530273,22.799999237060547,23.0,31009800
2021-07-19,19.527082443237305,23.0,23.5,22.899999618530273,23.100000381469727,32493800
2021-07-20,19.527082443237305,23.0,23.5,22.799999237060547,23.0,26752600
2021-07-21,19.272380828857422,22.700000762939453,23.100000381469727,22.5,23.0,27377100
2021-07-22,19.35727882385254,22.799999237060547,22.899999618530273,22.5,22.799999237060547,29468200
2021-07-23,19.272380828857422,22.700000762939453,22.899999618530273,22.600000381469727,22.700000762939453,13447300
2021-07-27,19.01767921447754,22.399999618530273,22.799999237060547,22.200000762939453,22.700000762939453,37429700
2021-07-29,19.35727882385254,22.799999237060547,22.899999618530273,22.399999618530273,22.5,27616700
2021-07-30,19.102581024169922,22.5,22.799999237060547,22.5,22.700000762939453,20949900
2021-08-02,19.187480926513672,22.600000381469727,22.700000762939453,22.299999237060547,22.5,20027600
2021-08-03,19.187480926513672,22.600000381469727,22.700000762939453,22.399999618530273,22.600000381469727,12718500
2021-08-04,19.35727882385254,22.799999237060547,23.100000381469727,22.600000381469727,22.700000762939453,25270800
2021-08-05,19.187480926513672,22.600000381469727,22.899999618530273,22.5,22.799999237060547,16772400
2021-08-06,19.01767921447754,22.399999618530273,22.600000381469727,22.100000381469727,22.5,33128700
2021-08-09,19.01767921447754,22.399999618530273,22.600000381469727,22.299999237060547,22.5,14428400
2021-08-10,19.102581024169922,22.5,22.700000762939453,22.399999618530273,22.399999618530273,17057500
2021-08-11,19.102581024169922,22.5,22.799999237060547,22.399999618530273,22.700000762939453,29650300
2021-08-13,19.527082443237305,23.0,23.0,22.5,22.700000762939453,25845600
2021-08-16,19.611982345581055,23.100000381469727,23.100000381469727,22.700000762939453,23.0,32348700
2021-08-17,19.527082443237305,23.0,23.299999237060547,22.700000762939453,23.299999237060547,31307400
2021-08-18,19.44217872619629,22.899999618530273,23.0,22.5,22.899999618530273,31501300
2021-08-19,19.102581024169922,22.5,22.799999237060547,22.399999618530273,22.700000762939453,28173300
2021-08-20,19.102581024169922,22.5,22.600000381469727,22.299999237060547,22.5,24215100
2021-08-23,19.102581024169922,22.5,22.700000762939453,22.399999618530273,22.600000381469727,33849700
2021-08-24,19.527082443237305,23.0,23.299999237060547,22.5,22.600000381469727,55054800
2021-08-25,19.696882247924805,23.200000762939453,23.200000762939453,22.899999618530273,23.100000381469727,25417400
2021-08-26,19.696882247924805,23.200000762939453,23.299999237060547,23.0,23.100000381469727,23219000
2021-08-27,19.611982345581055,23.100000381469727,23.299999237060547,23.0,23.100000381469727,19849600
2021-08-30,19.951581954956055,23.5,23.700000762939453,23.200000762939453,23.299999237060547,32527500
2021-08-31,19.866680145263672,23.399999618530273,23.700000762939453,23.299999237060547,23.399999618530273,43257900
2021-09-01,19.696882247924805,23.200000762939453,23.600000381469727,23.100000381469727,23.399999618530273,31176200
2021-09-02,19.781782150268555,23.299999237060547,23.5,23.0,23.100000381469727,25085000
2021-09-03,19.866680145263672,23.399999618530273,23.399999618530273,23.200000762939453,23.399999618530273,17825100
2021-09-06,19.696882247924805,23.200000762939453,23.399999618530273,23.100000381469727,23.399999618530273,14042900
2021-09-07,19.44217872619629,22.899999618530273,23.5,22.899999618530273,23.200000762939453,21957700
2021-09-08,19.44217872619629,22.899999618530273,23.0,22.600000381469727,22.799999237060547,26808700
2021-09-09,19.102581024169922,22.5,22.799999237060547,22.399999618530273,22.700000762939453,32308400
2021-09-10,19.102581024169922,22.5,22.700000762939453,22.399999618530273,22.5,27415500
2021-09-13,19.102581024169922,22.5,22.700000762939453,22.399999618530273,22.5,20986900
2021-09-14,18.932777404785156,22.299999237060547,22.5,22.299999237060547,22.5,24997700
2021-09-15,19.01767921447754,22.399999618530273,22.5,22.200000762939453,22.299999237060547,29508900
2021-09-16,19.272380828857422,22.700000762939453,22.799999237060547,22.399999618530273,22.399999618530273,51219600
2021-09-17,19.35727882385254,22.799999237060547,22.899999618530273,22.600000381469727,22.799999237060547,46033000
2021-09-20,19.187480926513672,22.600000381469727,22.600000381469727,22.399999618530273,22.600000381469727,17217400
2021-09-21,19.44217872619629,22.899999618530273,23.0,22.5,22.600000381469727,23593500
2021-09-22,19.44217872619629,22.899999618530273,23.0,22.700000762939453,23.0,11162800
2021-09-23,19.44217872619629,22.899999618530273,23.100000381469727,22.700000762939453,22.700000762939453,19614600
2021-09-27,19.35727882385254,22.799999237060547,23.100000381469727,22.700000762939453,22.899999618530273,11284100
2021-09-28,19.272380828857422,22.700000762939453,22.799999237060547,22.399999618530273,22.799999237060547,26350100
2021-09-29,19.102581024169922,22.5,22.799999237060547,22.5,22.5,30850900
2021-09-30,19.35727882385254,22.799999237060547,22.799999237060547,22.5,22.5,28266300
2021-10-01,19.187480926513672,22.600000381469727,22.799999237060547,22.5,22.600000381469727,24964700
2021-10-04,19.44217872619629,22.899999618530273,23.0,22.5,22.600000381469727,22868600
2021-10-05,19.35727882385254,22.799999237060547,23.0,22.600000381469727,22.799999237060547,24443900
2021-10-06,19.01767921447754,22.399999618530273,22.799999237060547,22.299999237060547,22.799999237060547,42841800
2021-10-07,19.102581024169922,22.5,22.700000762939453,22.399999618530273,22.5,26774400
2021-10-08,19.01767921447754,22.399999618530273,22.600000381469727,22.399999618530273,22.600000381469727,21998500
2021-10-11,18.932777404785156,22.299999237060547,22.600000381469727,22.299999237060547,22.399999618530273,28689800
2021-10-12,19.490888595581055,22.700000762939453,22.700000762939453,22.399999618530273,22.5,36403000
2021-10-14,19.405027389526367,22.600000381469727,22.799999237060547,22.5,22.799999237060547,24735200
2021-10-15,19.66261100769043,22.899999618530273,23.0,22.600000381469727,22.700000762939453,39002200
2021-10-18,19.748476028442383,23.0,23.0,22.799999237060547,23.0,31268200
2021-10-19,19.92020606994629,23.200000762939453,23.399999618530273,23.0,23.100000381469727,40785700
2021-10-20,19.92020606994629,23.200000762939453,23.399999618530273,23.0,23.299999237060547,23290400
2021-10-21,20.17778968811035,23.5,23.600000381469727,23.0,23.399999618530273,38610100
2021-10-25,20.607105255126953,24.0,24.0,23.299999237060547,23.600000381469727,47449600
2021-10-26,20.349519729614258,23.700000762939453,24.100000381469727,23.600000381469727,24.0,31212500
2021-10-27,20.17778968811035,23.5,23.799999237060547,23.399999618530273,23.600000381469727,24666100
2021-10-28,20.77882957458496,24.200000762939453,24.200000762939453,23.600000381469727,23.700000762939453,41869900
2021-10-29,20.17778968811035,23.5,24.100000381469727,23.5,24.0,48926000
2021-11-01,20.349519729614258,23.700000762939453,23.799999237060547,23.5,23.600000381469727,21922200
2021-11-02,20.521242141723633,23.899999618530273,24.0,23.700000762939453,23.799999237060547,27205600
2021-11-03,20.263652801513672,23.600000381469727,23.899999618530273,23.5,23.899999618530273,19846600
2021-11-04,20.521242141723633,23.899999618530273,23.899999618530273,23.600000381469727,23.799999237060547,18461100
2021-11-05,20.521242141723633,23.899999618530273,23.899999618530273,23.700000762939453,23.799999237060547,11264100
2021-11-08,20.435380935668945,23.799999237060547,23.899999618530273,23.600000381469727,23.799999237060547,15986500
2021-11-09,20.607105255126953,24.0,24.100000381469727,23.799999237060547,23.799999237060547,22877800
2021-11-10,20.69297218322754,24.100000381469727,24.200000762939453,23.700000762939453,23.799999237060547,19573300
2021-11-11,21.036420822143555,24.5,24.600000381469727,24.100000381469727,24.200000762939453,55942300
2021-11-12,20.9505558013916,24.399999618530273,24.600000381469727,24.200000762939453,24.5,31068300
2021-11-15,21.036420822143555,24.5,24.600000381469727,24.200000762939453,24.399999618530273,20868700
2021-11-16,21.29401206970215,24.799999237060547,25.25,24.399999618530273,24.5,55442500
2021-11-17,20.9505558013916,24.399999618530273,24.899999618530273,24.299999237060547,24.799999237060547,34817900
2021-11-18,21.122282028198242,24.600000381469727,24.799999237060547,24.399999618530273,24.399999618530273,26050000
2021-11-19,20.69297218322754,24.100000381469727,24.700000762939453,24.100000381469727,24.600000381469727,27288900
2021-11-22,20.607105255126953,24.0,24.200000762939453,24.0,24.100000381469727,16916000
2021-11-23,20.521242141723633,23.899999618530273,24.100000381469727,23.600000381469727,23.899999618530273,24575200
2021-11-24,20.17778968811035,23.5,23.899999618530273,23.399999618530273,23.799999237060547,33104900
2021-11-25,20.17778968811035,23.5,23.600000381469727,23.299999237060547,23.5,15447700
2021-11-26,19.92020606994629,23.200000762939453,23.799999237060547,23.100000381469727,23.5,40770000
2021-11-29,19.490888595581055,22.700000762939453,23.600000381469727,22.700000762939453,23.299999237060547,48272600
2021-11-30,19.147436141967773,22.299999237060547,23.0,22.299999237060547,22.700000762939453,75409900
2021-12-01,19.31916046142578,22.5,22.700000762939453,22.200000762939453,22.299999237060547,46014900
2021-12-02,19.748476028442383,23.0,23.0,22.5,22.600000381469727,36243800
2021-12-03,19.490888595581055,22.700000762939453,23.0,22.600000381469727,22.899999618530273,28555700
2021-12-07,19.576745986938477,22.799999237060547,22.899999618530273,22.5,22.799999237060547,23537000
2021-12-08,19.490888595581055,22.700000762939453,22.899999618530273,22.600000381469727,22.799999237060547,15862300
2021-12-09,19.490888595581055,22.700000762939453,22.899999618530273,22.600000381469727,22.700000762939453,19644000
2021-12-13,19.490888595581055,22.700000762939453,22.899999618530273,22.600000381469727,22.799999237060547,28658100
2021-12-14,19.490888595581055,22.700000762939453,22.700000762939453,22.5,22.5,17648800
2021-12-15,19.31916046142578,22.5,22.700000762939453,22.399999618530273,22.600000381469727,18474100
2021-12-16,19.66261100769043,22.899999618530273,22.899999618530273,22.5,22.600000381469727,27719900
2021-12-17,19.748476028442383,23.0,23.200000762939453,22.799999237060547,22.899999618530273,34804200
2021-12-20,19.490888595581055,22.700000762939453,22.899999618530273,22.600000381469727,22.799999237060547,12066800
2021-12-21,19.490888595581055,22.700000762939453,23.0,22.600000381469727,22.799999237060547,10720400
2021-12-22,19.576745986938477,22.799999237060547,22.899999618530273,22.700000762939453,22.700000762939453,9612000
2021-12-23,19.490888595581055,22.700000762939453,22.899999618530273,22.700000762939453,22.899999618530273,9570100
2021-12-24,19.490888595581055,22.700000762939453,23.0,22.700000762939453,22.700000762939453,16094200
2021-12-27,19.576745986938477,22.799999237060547,23.100000381469727,22.700000762939453,22.700000762939453,15941000
2021-12-28,19.83433723449707,23.100000381469727,23.299999237060547,22.899999618530273,22.899999618530273,23204800
2021-12-29,19.92020606994629,23.200000762939453,23.299999237060547,23.100000381469727,23.100000381469727,15849100
2021-12-30,19.748476028442383,23.0,23.299999237060547,23.0,23.299999237060547,25005300
2022-01-04,19.233299255371094,22.399999618530273,23.100000381469727,22.299999237060547,23.0,72220800
2022-01-05,19.490888595581055,22.700000762939453,22.700000762939453,22.299999237060547,22.399999618530273,27046600
2022-01-06,19.233299255371094,22.399999618530273,22.799999237060547,22.299999237060547,22.700000762939453,38953600
2022-01-07,19.405027389526367,22.600000381469727,22.799999237060547,22.5,22.600000381469727,25742700
2022-01-10,19.490888595581055,22.700000762939453,22.799999237060547,22.5,22.600000381469727,9308500
2022-01-11,19.405027389526367,22.600000381469727,22.700000762939453,22.299999237060547,22.600000381469727,25856700
2022-01-12,19.405027389526367,22.600000381469727,22.700000762939453,22.5,22.700000762939453,18667300
2022-01-13,19.233299255371094,22.399999618530273,22.600000381469727,22.299999237060547,22.600000381469727,25081800
2022-01-14,19.147436141967773,22.299999237060547,22.5,22.299999237060547,22.399999618530273,27390500
2022-01-17,19.147436141967773,22.299999237060547,22.399999618530273,22.200000762939453,22.399999618530273,20447000
2022-01-18,18.803983688354492,21.899999618530273,22.399999618530273,21.799999237060547,22.299999237060547,59158300
2022-01-19,18.803983688354492,21.899999618530273,21.899999618530273,21.600000381469727,21.899999618530273,45424200
2022-01-20,18.54639434814453,21.600000381469727,21.899999618530273,21.5,21.899999618530273,47512300
2022-01-21,18.803983688354492,21.899999618530273,22.0,21.5,21.5,42850400
2022-01-24,18.71811866760254,21.799999237060547,22.0,21.700000762939453,21.899999618530273,15657100
2022-01-25,18.975711822509766,22.100000381469727,22.100000381469727,21.799999237060547,21.799999237060547,27698600
2022-01-26,19.31916046142578,22.5,22.5,22.0,22.299999237060547,37191000
2022-01-27,19.233299255371094,22.399999618530273,22.5,22.100000381469727,22.5,26893700
2022-01-28,19.31916046142578,22.5,22.5,22.200000762939453,22.5,16856000
2022-01-31,19.233299255371094,22.399999618530273,22.600000381469727,22.399999618530273,22.600000381469727,14886400
2022-02-01,19.31916046142578,22.5,22.700000762939453,22.399999618530273,22.5,18291600
2022-02-02,19.490888595581055,22.700000762939453,22.700000762939453,22.5,22.600000381469727,10165000
2022-02-03,19.490888595581055,22.700000762939453,22.700000762939453,22.399999618530273,22.600000381469727,14538000
2022-02-04,19.147436141967773,22.299999237060547,22.700000762939453,22.299999237060547,22.700000762939453,22766600
2022-02-07,19.405027389526367,22.600000381469727,22.700000762939453,22.100000381469727,22.200000762939453,45342600
2022-02-08,19.233299255371094,22.399999618530273,22.700000762939453,22.200000762939453,22.600000381469727,37061600
2022-02-09,19.748476028442383,23.0,23.0,22.399999618530273,22.399999618530273,67540700
2022-02-10,19.83433723449707,23.100000381469727,23.100000381469727,22.799999237060547,23.0,29491900
2022-02-11,19.66261100769043,22.899999618530273,23.100000381469727,22.5,23.100000381469727,30762600
2022-02-14,19.66261100769043,22.899999618530273,23.0,22.700000762939453,22.799999237060547,22648000
2022-02-15,19.83433723449707,23.100000381469727,23.100000381469727,22.799999237060547,23.0,27414900
2022-02-17,20.00606346130371,23.299999237060547,23.399999618530273,23.0,23.200000762939453,49215000
2022-02-18,19.92020606994629,23.200000762939453,23.399999618530273,23.100000381469727,23.299999237060547,29330900
2022-02-21,19.748476028442383,23.0,23.5,22.899999618530273,23.200000762939453,27158100
2022-02-22,19.83433723449707,23.100000381469727,23.100000381469727,22.5,22.799999237060547,43787100
2022-02-23,19.92020606994629,23.200000762939453,23.200000762939453,22.899999618530273,23.200000762939453,19156900
2022-02-24,20.435380935668945,23.799999237060547,24.0,23.200000762939453,23.399999618530273,131269100
2022-02-25,20.349519729614258,23.700000762939453,24.200000762939453,23.600000381469727,24.0,58548700
2022-02-28,20.349519729614258,23.700000762939453,23.899999618530273,23.5,23.700000762939453,48484700
2022-03-01,20.435380935668945,23.799999237060547,24.0,23.700000762939453,23.899999618530273,30404000
2022-03-02,20.607105255126953,24.0,24.0,23.700000762939453,23.700000762939453,27719000
2022-03-03,21.122282028198242,24.600000381469727,24.700000762939453,24.0,24.100000381469727,63073300
2022-03-04,20.9505558013916,24.399999618530273,24.799999237060547,24.399999618530273,24.600000381469727,49890200
2022-03-07,20.607105255126953,24.0,24.399999618530273,24.0,24.100000381469727,62589600
2022-03-08,21.036420822143555,24.5,24.600000381469727,24.0,24.0,67087000
2022-03-09,21.29612922668457,24.600000381469727,24.600000381469727,23.799999237060547,24.299999237060547,61842000
2022-03-10,21.64240837097168,25.0,25.0,24.200000762939453,24.600000381469727,80851000
2022-03-11,22.075254440307617,25.5,25.5,24.600000381469727,25.25,76043600
2022-03-14,22.075254440307617,25.5,25.5,25.0,25.5,61346600
2022-03-15,22.50810432434082,26.0,26.0,25.25,25.5,79647500
2022-03-16,21.85883140563965,25.25,26.25,25.25,26.25,65267400
2022-03-17,21.85883140563965,25.25,25.5,25.25,25.25,76673800
2022-03-18,22.075254440307617,25.5,25.75,25.0,25.25,86542900
2022-03-21,22.29167938232422,25.75,25.75,25.5,25.75,58605300
2022-03-22,22.075254440307617,25.5,26.0,25.25,25.75,55662400
2022-03-23,21.85883140563965,25.25,25.75,25.25,25.5,31058300
2022-03-24,21.85883140563965,25.25,25.5,25.0,25.25,56199400
2022-03-25,22.075254440307617,25.5,25.5,25.25,25.25,22385300
2022-03-28,22.075254440307617,25.5,25.75,25.25,25.5,23973800
2022-03-29,22.075254440307617,25.5,25.75,25.0,25.75,45533300
2022-03-30,21.64240837097168,25.0,25.5,24.700000762939453,25.25,72993900
2022-03-31,21.64240837097168,25.0,25.25,24.899999618530273,25.0,40237800
2022-04-01,21.64240837097168,25.0,25.25,24.799999237060547,25.0,26172100
2022-04-04,21.64240837097168,25.0,25.25,24.899999618530273,25.0,10425300
2022-04-05,21.64240837097168,25.0,25.25,24.899999618530273,25.0,12253900
2022-04-07,21.64240837097168,25.0,25.5,24.799999237060547,25.25,57694400
2022-04-08,21.64240837097168,25.0,25.5,25.0,25.25,45637900
2022-04-11,22.29167938232422,25.75,25.75,25.0,25.0,71698000
2022-04-12,22.29167938232422,25.75,25.75,25.5,25.75,34174000
2022-04-18,22.29167938232422,25.75,26.25,25.5,25.75,44780000
2022-04-19,22.724531173706055,26.25,26.5,25.75,26.0,47437600
2022-04-20,22.94095230102539,26.5,26.5,26.0,26.5,51989500
2022-04-21,23.157377243041992,26.75,26.75,26.25,26.5,47272200
2022-04-22,23.373802185058594,27.0,27.0,26.25,26.5,55248800
2022-04-25,23.157377243041992,26.75,27.0,26.25,26.75,55764700
2022-04-26,22.724531173706055,26.25,27.0,26.25,26.5,38913800
2022-04-27,23.157377243041992,26.75,26.75,26.0,26.5,39397100
2022-04-28,22.724531173706055,26.25,26.75,26.25,26.75,29649800
2022-04-29,22.29167938232422,25.75,26.5,25.5,26.25,39360300
2022-05-03,21.85883140563965,25.25,25.5,24.899999618530273,25.25,90507600
2022-05-05,21.555835723876953,24.899999618530273,25.75,24.899999618530273,25.5,75230100
2022-05-06,21.469268798828125,24.799999237060547,25.25,24.5,24.5,38851800
2022-05-09,21.382699966430664,24.700000762939453,25.25,24.5,24.700000762939453,41425000
2022-05-10,21.85883140563965,25.25,25.25,24.600000381469727,24.799999237060547,59851400
2022-05-11,21.64240837097168,25.0,25.25,24.899999618530273,25.25,45428300
2022-05-12,22.50810432434082,26.0,26.0,25.0,25.0,70821300
2022-05-13,23.373802185058594,27.0,27.5,26.0,26.25,132647800
2022-05-17,23.157377243041992,26.75,27.25,26.25,27.0,80051000
2022-05-18,23.157377243041992,26.75,27.0,26.0,26.5,103532800
2022-05-19,23.157377243041992,26.75,27.0,26.25,26.25,81298400
2022-05-20,23.373802185058594,27.0,27.75,26.75,27.25,111726900
2022-05-23,23.373802185058594,27.0,27.0,26.5,27.0,80182000
2022-05-24,22.94095230102539,26.5,27.25,26.25,27.0,102004900
2022-05-25,23.373802185058594,27.0,27.0,26.5,26.75,62042000
2022-05-26,22.50810432434082,26.0,27.0,25.5,26.75,102470200
2022-05-27,22.075254440307617,25.5,26.0,25.25,26.0,65001800
2022-05-30,22.075254440307617,25.5,25.75,25.25,25.5,58498400
2022-05-31,22.29167938232422,25.75,26.25,25.5,25.5,132354600
2022-06-01,22.724531173706055,26.25,26.5,25.5,25.5,87657800
2022-06-02,22.29167938232422,25.75,26.5,25.5,26.5,92839500
2022-06-06,22.50810432434082,26.0,26.0,25.75,25.75,17270900
2022-06-07,21.64240837097168,25.0,25.75,25.0,25.75,72255000
2022-06-08,21.64240837097168,25.0,25.5,24.899999618530273,25.25,47678900
2022-06-09,21.64240837097168,25.0,25.25,25.0,25.0,51161900
2022-06-10,21.469268798828125,24.799999237060547,25.25,24.799999237060547,25.0,47969300
2022-06-13,21.469268798828125,24.799999237060547,25.0,24.5,24.700000762939453,53243300
2022-06-14,21.29612922668457,24.600000381469727,24.899999618530273,24.600000381469727,24.700000762939453,42578900
2022-06-15,21.29612922668457,24.600000381469727,24.899999618530273,24.5,24.700000762939453,28951000
2022-06-16,20.863285064697266,24.100000381469727,25.0,24.0,24.799999237060547,98530900
2022-06-17,20.949848175048828,24.200000762939453,24.5,24.0,24.0,71888000
2022-06-20,21.122987747192383,24.399999618530273,24.5,24.200000762939453,24.200000762939453,35994600
2022-06-21,21.469268798828125,24.799999237060547,25.25,24.5,24.799999237060547,69726900
2022-06-22,21.209562301635742,24.5,24.799999237060547,24.100000381469727,24.700000762939453,40174400
2022-06-23,21.382699966430664,24.700000762939453,25.0,24.5,24.700000762939453,45462600
2022-06-24,21.555835723876953,24.899999618530273,25.0,24.600000381469727,24.700000762939453,44326900
2022-06-27,21.469268798828125,24.799999237060547,25.25,24.799999237060547,25.0,28790500
2022-06-28,21.555835723876953,24.899999618530273,25.25,24.600000381469727,24.799999237060547,35887600
2022-06-29,21.64240837097168,25.0,25.25,24.899999618530273,25.0,36108500
2022-06-30,21.64240837097168,25.0,25.25,25.0,25.0,32081000
2022-07-01,21.64240837097168,25.0,25.25,25.0,25.0,31880100
2022-07-04,21.64240837097168,25.0,25.25,25.0,25.25,15347700
2022-07-05,22.29167938232422,25.75,26.0,25.0,25.25,97062700
2022-07-06,22.94095230102539,26.5,26.5,25.75,25.75,88023300
2022-07-07,23.157377243041992,26.75,26.75,26.25,26.5,43890500
2022-07-08,23.157377243041992,26.75,27.0,26.5,26.75,44484700
2022-07-11,22.94095230102539,26.5,26.75,26.0,26.75,31656900
2022-07-12,23.373802185058594,27.0,27.25,26.25,26.5,54881700
2022-07-14,23.373802185058594,27.0,27.5,26.5,27.0,77800300
2022-07-15,23.373802185058594,27.0,27.0,26.25,27.0,55215600
2022-07-18,22.94095230102539,26.5,27.25,26.25,27.0,58594800
2022-07-19,22.94095230102539,26.5,26.75,26.0,26.5,34888500
2022-07-20,22.94095230102539,26.5,27.0,26.25,26.5,43264800
2022-07-21,23.157377243041992,26.75,26.75,26.0,26.25,37198100
2022-07-22,23.373802185058594,27.0,27.0,26.25,26.75,20506000
2022-07-25,23.373802185058594,27.0,27.0,26.5,27.0,41368400
2022-07-26,22.724531173706055,26.25,27.0,26.25,27.0,33895900
2022-07-27,23.157377243041992,26.75,27.0,26.25,26.5,23756200
2022-08-01,23.373802185058594,27.0,27.0,26.5,26.75,34241300
2022-08-02,23.373802185058594,27.0,27.5,26.75,27.25,39417800
2022-08-03,24.0230712890625,27.75,27.75,27.0,27.25,44247400
2022-08-04,23.59022331237793,27.25,27.75,26.75,27.75,57240200
2022-08-05,23.373802185058594,27.0,27.25,26.75,27.25,52557700
2022-08-08,22.94095230102539,26.5,27.0,26.25,26.75,74553500
2022-08-09,23.373802185058594,27.0,27.25,26.5,26.75,46779200
2022-08-10,23.373802185058594,27.0,27.0,26.5,26.75,34371800
2022-08-11,24.455921173095703,28.25,28.5,27.25,27.5,106152400
2022-08-15,24.0230712890625,27.75,28.5,27.5,28.25,109488900
2022-08-16,24.455921173095703,28.25,28.5,27.75,28.0,40208800
2022-08-17,24.0230712890625,27.75,28.5,27.75,28.25,63083600
2022-08-18,23.59022331237793,27.25,28.0,26.5,27.75,127059500
2022-08-19,23.59022331237793,27.25,27.75,26.75,27.0,28570500
2022-08-22,23.59022331237793,27.25,27.75,27.25,27.25,25652900
2022-08-23,24.455921173095703,28.25,28.25,27.25,27.5,49645000
2022-08-24,24.2394962310791,28.0,28.25,27.5,28.25,30978000
2022-08-25,24.672344207763672,28.5,28.5,27.75,28.0,28398600
2022-08-26,24.2394962310791,28.0,28.25,27.5,28.25,39360500
2022-08-29,24.0230712890625,27.75,27.75,27.5,27.75,22189800
2022-08-30,24.455921173095703,28.25,28.5,27.5,27.5,35051600
2022-08-31,25.321619033813477,29.25,29.5,28.0,28.0,112721400
2022-09-01,25.105194091796875,29.0,31.0,28.75,29.25,126185400
2022-09-02,25.321619033813477,29.25,29.75,28.5,29.0,48392200
2022-09-05,25.321619033813477,29.25,29.5,28.75,29.25,31719400
2022-09-06,25.105194091796875,29.0,29.25,28.75,29.0,23969400
2022-09-07,25.321619033813477,29.25,29.5,28.75,28.75,38802900
2022-09-08,25.538040161132812,29.5,30.0,28.75,29.75,47373400
2022-09-09,25.754465103149414,29.75,30.0,29.5,29.75,30732900
2022-09-12,25.970890045166016,30.0,30.25,29.75,30.25,32193200
2022-09-13,25.970890045166016,30.0,30.0,29.5,30.0,18670200
2022-09-14,25.79599952697754,29.5,29.75,29.25,29.5,32960700
2022-09-15,25.577388763427734,29.25,29.75,29.0,29.75,27405200
2022-09-16,24.921560287475586,28.5,29.5,28.25,29.0,83997200
2022-09-19,25.577388763427734,29.25,29.75,28.25,28.5,49737900
2022-09-20,25.577388763427734,29.25,29.75,29.25,29.75,38106300
2022-09-21,25.577388763427734,29.25,29.5,29.25,29.5,19364600
2022-09-22,25.79599952697754,29.5,29.75,29.25,29.25,33124400
2022-09-23,25.577388763427734,29.25,29.75,29.25,29.75,28967800
2022-09-26,25.577388763427734,29.25,29.75,29.0,29.25,31342700
2022-09-27,25.79599952697754,29.5,30.25,29.25,29.25,54598900
2022-09-28,26.23322105407715,30.0,30.0,29.25,29.5,52897600
2022-09-29,26.23322105407715,30.0,30.25,29.5,30.0,42050400
2022-09-30,25.79599952697754,29.5,30.0,29.0,29.75,35133300
2022-10-03,25.140172958374023,28.75,29.75,28.5,29.25,60632900
2022-10-04,25.577388763427734,29.25,29.25,28.5,29.0,51295900
2022-10-05,25.358781814575195,29.0,29.5,28.75,29.5,34796600
2022-10-06,25.577388763427734,29.25,29.5,29.0,29.0,34694300
2022-10-07,25.79599952697754,29.5,29.75,29.0,29.25,39636400
2022-10-10,25.358781814575195,29.0,29.5,28.75,29.25,26043200
2022-10-11,25.358781814575195,29.0,29.5,28.75,29.25,29407600
2022-10-12,25.577388763427734,29.25,29.25,28.5,28.75,37986800
2022-10-17,25.577388763427734,29.25,29.5,28.75,29.25,68908500
2022-10-18,25.140172958374023,28.75,29.5,28.75,29.25,31283000
2022-10-19,24.484336853027344,28.0,29.0,27.75,28.75,79423900
2022-10-20,24.921560287475586,28.5,28.5,27.75,27.75,52967600
2022-10-21,25.140172958374023,28.75,28.75,28.25,28.5,29547300
2022-10-25,25.577388763427734,29.25,29.25,28.5,28.75,42815200
2022-10-26,25.577388763427734,29.25,29.5,29.0,29.5,26927200
2022-10-27,25.79599952697754,29.5,29.75,29.25,29.5,31121200
2022-10-28,26.01460838317871,29.75,29.75,29.25,29.75,27998100
2022-10-31,25.79599952697754,29.5,30.0,29.25,30.0,28969800
2022-11-01,25.79599952697754,29.5,29.75,29.5,29.75,27417400
2022-11-02,26.23322105407715,30.0,30.0,29.5,29.75,25215200
2022-11-03,26.23322105407715,30.0,30.0,29.75,30.0,14340400
2022-11-04,26.451833724975586,30.25,30.5,29.75,29.75,47511900
2022-11-07,26.01460838317871,29.75,30.25,29.5,30.25,48193600
2022-11-08,26.451833724975586,30.25,30.25,29.75,30.0,38187600
2022-11-09,26.670442581176758,30.5,30.5,30.0,30.5,24249200
2022-11-10,27.32627296447754,31.25,31.5,30.0,30.5,49423000
2022-11-11,27.32627296447754,31.25,32.0,31.0,32.0,52969300
2022-11-14,26.670442581176758,30.5,31.25,30.25,31.25,22011800
2022-11-15,27.32627296447754,31.25,32.0,31.0,31.5,41090000
2022-11-16,26.451833724975586,30.25,31.25,30.0,31.25,60875800
2022-11-17,25.358781814575195,29.0,30.0,28.75,29.75,114383900
2022-11-18,25.577388763427734,29.25,29.5,28.75,29.0,42958700
2022-11-21,25.79599952697754,29.5,29.5,29.0,29.25,31196400
2022-11-22,25.79599952697754,29.5,30.0,29.5,29.5,29944900
2022-11-23,26.01460838317871,29.75,29.75,29.25,29.75,53516800
2022-11-24,25.79599952697754,29.5,29.75,29.0,29.75,43265800
2022-11-25,25.358781814575195,29.0,29.5,28.75,29.5,28070700
2022-11-28,25.358781814575195,29.0,29.25,28.5,28.75,32953200
2022-11-29,26.01460838317871,29.75,29.75,29.0,29.0,46479700
2022-11-30,26.451833724975586,30.25,30.25,29.5,29.5,73000300
2022-12-01,25.577388763427734,29.25,30.25,29.0,30.25,82817500
2022-12-02,25.358781814575195,29.0,29.25,28.5,29.0,48578600
2022-12-06,24.921560287475586,28.5,29.0,28.25,28.75,80694800
2022-12-07,24.921560287475586,28.5,29.0,28.5,28.75,27924800
2022-12-08,24.70294952392578,28.25,28.75,27.75,28.5,75397400
2022-12-09,24.70294952392578,28.25,28.5,28.0,28.25,30556500
2022-12-13,24.484336853027344,28.0,28.5,27.75,28.25,59211900
2022-12-14,24.70294952392578,28.25,28.25,27.75,28.0,83373000
2022-12-15,24.70294952392578,28.25,28.5,27.75,28.25,43748800
2022-12-16,24.484336853027344,28.0,28.25,27.75,28.0,32929400
2022-12-19,24.70294952392578,28.25,28.25,27.75,28.25,63679700
2022-12-20,24.484336853027344,28.0,28.25,27.75,28.0,30135700
2022-12-21,24.921560287475586,28.5,28.75,28.0,28.25,47785600
2022-12-22,24.921560287475586,28.5,28.75,28.25,28.5,20969800
2022-12-23,24.921560287475586,28.5,28.5,28.25,28.25,8722600
2022-12-26,24.70294952392578,28.25,28.5,28.25,28.25,18583100
2022-12-27,24.921560287475586,28.5,28.75,28.25,28.5,31181100
2022-12-28,25.358781814575195,29.0,29.25,28.5,28.5,42229000
2022-12-29,26.01460838317871,29.75,29.75,28.75,29.0,40474100
2022-12-30,25.358781814575195,29.0,30.0,29.0,29.75,67241000
2023-01-03,25.577388763427734,29.25,29.75,29.25,29.5,38910800
2023-01-04,25.79599952697754,29.5,29.5,29.0,29.25,20312300
2023-01-05,25.79599952697754,29.5,29.75,29.0,29.5,42753500
2023-01-06,26.451833724975586,30.25,30.5,29.5,29.75,57805900
2023-01-09,26.451833724975586,30.25,30.5,30.25,30.25,20747300
2023-01-10,26.88905143737793,30.75,31.0,30.25,30.5,43697700
2023-01-11,26.451833724975586,30.25,30.75,30.0,30.5,39121500
2023-01-12,26.23322105407715,30.0,30.5,29.75,30.25,38793500
2023-01-13,26.451833724975586,30.25,30.5,29.75,30.25,47007800
2023-01-16,26.23322105407715,30.0,30.25,29.75,30.25,33719800
2023-01-17,26.01460838317871,29.75,30.0,29.5,29.75,31766100
2023-01-18,26.451833724975586,30.25,30.25,29.5,29.5,33410700
2023-01-19,26.451833724975586,30.25,30.25,30.0,30.25,25126600
2023-01-20,26.23322105407715,30.0,30.5,30.0,30.0,21064600
2023-01-23,26.23322105407715,30.0,30.25,29.75,30.0,15963500
2023-01-24,25.79599952697754,29.5,30.0,29.5,30.0,17414100
2023-01-25,25.358781814575195,29.0,29.75,28.75,29.5,58759600
2023-01-26,26.23322105407715,30.0,30.0,29.0,29.25,44433500
2023-01-27,26.451833724975586,30.25,30.25,29.75,30.0,26701900
2023-01-30,26.23322105407715,30.0,30.25,29.75,30.0,25514500
2023-01-31,26.01460838317871,29.75,30.25,29.25,30.0,48284700
2023-02-01,26.451833724975586,30.25,30.25,29.5,29.5,37863600
2023-02-02,26.23322105407715,30.0,30.5,29.75,30.0,25571200
2023-02-03,26.23322105407715,30.0,30.0,29.75,29.75,23771100
2023-02-06,26.01460838317871,29.75,30.0,29.5,30.0,21264400
2023-02-07,25.79599952697754,29.5,30.0,29.5,30.0,21779700
2023-02-08,25.79599952697754,29.5,30.0,29.25,29.75,26965500
2023-02-09,25.358781814575195,29.0,29.5,28.5,29.5,52426500
2023-02-10,25.140172958374023,28.75,29.0,28.75,28.75,17939500
2023-02-13,25.140172958374023,28.75,29.0,28.5,28.75,35912400
2023-02-14,25.358781814575195,29.0,29.25,28.75,29.0,36206400
2023-02-15,25.577388763427734,29.25,29.25,29.0,29.25,14149400
2023-02-16,26.01460838317871,29.75,30.0,29.25,29.25,45361600
2023-02-17,26.23322105407715,30.0,30.25,29.5,29.75,33832500
2023-02-20,26.23322105407715,30.0,30.25,29.75,30.0,12769500
2023-02-21,26.23322105407715,30.0,30.0,29.5,29.75,9099600
2023-02-22,26.23322105407715,30.0,30.0,29.5,30.0,10375400
2023-02-23,25.79599952697754,29.5,30.0,29.5,29.75,23906400
2023-02-24,25.577388763427734,29.25,29.75,29.25,29.75,18993000
2023-02-27,24.921560287475586,28.5,29.5,28.5,29.5,53825100
2023-02-28,24.484336853027344,28.0,28.75,27.75,28.5,75264600
2023-03-01,24.265729904174805,27.75,28.5,27.75,28.0,57252300
2023-03-02,24.047119140625,27.5,28.0,27.5,27.75,29449800
2023-03-03,24.484336853027344,28.0,28.25,27.5,27.75,30759300
2023-03-07,24.70294952392578,28.25,28.5,28.0,28.25,48637300
2023-03-08,24.74713897705078,28.0,28.25,27.5,27.75,39156100
2023-03-09,24.74713897705078,28.0,28.5,27.75,28.25,67317200
2023-03-10,24.74713897705078,28.0,28.0,27.5,27.75,31187500
2023-03-13,24.74713897705078,28.0,28.5,27.75,28.0,52735000
2023-03-14,24.305227279663086,27.5,28.25,27.0,28.0,74857900
2023-03-15,24.74713897705078,28.0,28.25,27.25,28.0,60560200
2023-03-16,24.968097686767578,28.25,28.25,27.5,28.0,60574400
2023-03-17,25.189054489135742,28.5,28.75,28.25,28.5,29273600
2023-03-20,24.968097686767578,28.25,28.5,27.75,28.5,51096900
2023-03-21,25.189054489135742,28.5,28.75,28.0,28.5,36962600
2023-03-22,25.63096809387207,29.0,29.0,28.5,28.75,37749100
2023-03-23,25.63096809387207,29.0,29.25,28.5,29.0,32587800
2023-03-24,25.8519229888916,29.25,29.5,29.0,29.25,31769400
2023-03-27,25.8519229888916,29.25,29.5,29.0,29.25,20356000
2023-03-28,26.072879791259766,29.5,29.5,29.25,29.5,34296800
2023-03-29,26.293834686279297,29.75,29.75,29.25,29.75,35020700
2023-03-30,26.072879791259766,29.5,29.75,29.25,29.5,44565500
2023-03-31,26.072879791259766,29.5,29.75,29.25,29.75,34295100
2023-04-03,26.293834686279297,29.75,29.75,29.5,29.75,13541500
2023-04-04,26.956708908081055,30.5,30.5,29.75,30.0,53213500
2023-04-05,26.73575210571289,30.25,30.75,30.25,30.5,45547200
2023-04-07,26.514793395996094,30.0,30.5,29.75,30.25,20889800
2023-04-10,26.956708908081055,30.5,30.75,29.75,30.0,45416800
2023-04-11,26.956708908081055,30.5,30.75,30.5,30.75,32580100
2023-04-12,26.072879791259766,29.5,30.5,29.25,30.5,66721800
2023-04-17,26.73575210571289,30.25,30.25,29.75,30.0,33063000
2023-04-18,26.514793395996094,30.0,30.25,29.5,30.25,24413100
2023-04-19,26.072879791259766,29.5,30.0,29.25,29.75,98279700
2023-04-20,26.072879791259766,29.5,29.75,29.0,29.75,57221200
2023-04-21,25.8519229888916,29.25,29.5,29.0,29.25,28754800
2023-04-24,25.8519229888916,29.25,29.5,29.0,29.0,20874400
2023-04-25,26.072879791259766,29.5,29.75,29.25,29.25,19716200
2023-04-26,26.072879791259766,29.5,29.75,29.25,29.5,15226900
2023-04-27,26.072879791259766,29.5,29.75,29.25,29.5,28478400
2023-04-28,25.8519229888916,29.25,29.75,29.0,29.75,44145200
2023-05-02,25.8519229888916,29.25,29.5,29.0,29.25,19328200
2023-05-03,26.072879791259766,29.5,29.5,29.0,29.5,29182700
2023-05-08,26.293834686279297,29.75,30.0,29.5,29.5,46549100
2023-05-09,26.293834686279297,29.75,30.0,29.5,30.0,20830500
2023-05-10,26.293834686279297,29.75,30.0,29.5,29.75,22164900
2023-05-11,26.293834686279297,29.75,30.0,29.5,29.75,28441500
2023-05-12,26.293834686279297,29.75,29.75,29.5,29.5,32829200
2023-05-15,26.072879791259766,29.5,30.0,29.5,29.75,18323700
2023-05-16,26.072879791259766,29.5,29.75,29.25,29.75,26460200
2023-05-17,25.8519229888916,29.25,29.5,29.0,29.5,37664400
2023-05-18,25.41001319885254,28.75,29.5,28.5,29.25,53419400
2023-05-19,24.74713897705078,28.0,28.75,27.75,28.5,49335200
2023-05-22,24.968097686767578,28.25,28.5,27.5,27.75,35562800
2023-05-23,24.968097686767578,28.25,28.5,28.0,28.25,28915700
2023-05-24,24.968097686767578,28.25,28.5,28.0,28.25,57029100
2023-05-25,24.74713897705078,28.0,28.25,27.5,28.25,66543400
2023-05-26,24.52618408203125,27.75,28.0,27.5,27.75,37246400
2023-05-29,24.968097686767578,28.25,28.5,27.75,28.0,31705400
2023-05-30,25.189054489135742,28.5,28.5,28.25,28.5,18925300
2023-05-31,24.968097686767578,28.25,28.5,28.0,28.25,48284500
2023-06-01,24.968097686767578,28.25,28.5,28.0,28.25,30624700
2023-06-02,25.189054489135742,28.5,28.5,28.0,28.0,30981300
2023-06-06,25.41001319885254,28.75,29.0,28.5,28.5,43157400
2023-06-07,25.189054489135742,28.5,29.0,28.25,28.75,32437800
2023-06-08,25.189054489135742,28.5,28.75,28.25,28.5,37985500
2023-06-09,25.41001319885254,28.75,29.0,28.25,28.5,53390000
2023-06-12,25.63096809387207,29.0,29.0,28.5,28.75,17829200
2023-06-13,25.41001319885254,28.75,29.0,28.75,29.0,21083800
2023-06-14,25.189054489135742,28.5,29.0,28.25,29.0,46152900
2023-06-15,25.41001319885254,28.75,28.75,28.5,28.5,21804700
2023-06-16,25.41001319885254,28.75,29.0,28.5,28.75,29776300
2023-06-19,25.189054489135742,28.5,28.75,28.5,28.5,11429300
2023-06-20,25.189054489135742,28.5,28.75,28.5,28.75,10688600
2023-06-21,25.41001319885254,28.75,28.75,28.25,28.75,19899700
2023-06-22,24.968097686767578,28.25,28.75,28.25,28.5,33852700
2023-06-23,24.968097686767578,28.25,28.75,28.25,28.5,35495300
2023-06-26,24.968097686767578,28.25,28.5,28.25,28.25,12165200
2023-06-27,24.968097686767578,28.25,28.5,28.0,28.25,22287400
2023-06-28,24.52618408203125,27.75,28.0,27.25,28.0,61956700
2023-06-29,24.52618408203125,27.75,28.0,27.25,27.75,84534100
2023-06-30,24.52618408203125,27.75,27.75,27.25,27.5,61683100
2023-07-03,24.305227279663086,27.5,28.0,27.5,27.75,13062500
2023-07-04,24.305227279663086,27.5,27.75,27.25,27.75,37420500
2023-07-05,24.52618408203125,27.75,28.0,27.5,27.75,40357300
2023-07-06,24.084270477294922,27.25,27.75,27.0,27.5,52679400
2023-07-07,23.642358779907227,26.75,27.25,26.75,27.0,46772200
2023-07-10,24.52618408203125,27.75,28.25,27.25,27.25,44611300
2023-07-11,24.52618408203125,27.75,28.0,27.5,27.75,31908400
2023-07-12,24.74713897705078,28.0,28.25,27.75,28.0,24529400
2023-07-13,24.305227279663086,27.5,28.25,27.25,28.0,60180700
2023-07-14,24.52618408203125,27.75,28.0,27.5,27.5,25713200
2023-07-17,25.189054489135742,28.5,28.5,27.75,28.0,25530000
2023-07-18,25.41001319885254,28.75,29.0,28.25,28.5,31617100
2023-07-19,25.41001319885254,28.75,29.25,28.5,28.75,44678900
2023-07-20,24.968097686767578,28.25,29.0,28.0,28.5,39450000
2023-07-21,25.189054489135742,28.5,29.0,28.25,28.5,35678500
2023-07-24,25.41001319885254,28.75,29.0,28.5,28.75,26577200
2023-07-25,25.41001319885254,28.75,29.25,28.5,29.0,29524200
2023-07-26,24.968097686767578,28.25,28.75,28.0,28.5,28106800
2023-07-27,25.41001319885254,28.75,29.0,28.0,28.25,40648300
2023-07-31,25.41001319885254,28.75,28.75,28.5,28.5,8625000
2023-08-02,24.968097686767578,28.25,28.75,28.0,28.5,43057500
2023-08-03,24.968097686767578,28.25,28.5,27.75,28.0,33705100
2023-08-04,24.968097686767578,28.25,28.75,28.25,28.25,43433700
2023-08-07,24.968097686767578,28.25,28.5,28.0,28.25,17462300
2023-08-08,24.74713897705078,28.0,28.5,28.0,28.25,27353800
2023-08-09,25.189054489135742,28.5,28.5,28.0,28.25,20865000
2023-08-10,25.8519229888916,29.25,29.5,28.5,28.75,47023000
2023-08-11,25.41001319885254,28.75,29.25,28.75,29.25,32031800
2023-08-15,24.74713897705078,28.0,28.75,28.0,28.75,35280300
2023-08-16,24.968097686767578,28.25,28.5,28.0,28.0,30955300
2023-08-17,24.968097686767578,28.25,28.5,28.0,28.25,48628800
2023-08-18,24.74713897705078,28.0,28.25,27.75,28.25,46508900
2023-08-21,24.74713897705078,28.0,28.5,27.75,28.25,66588400
2023-08-22,24.968097686767578,28.25,28.25,28.0,28.25,24381100
2023-08-23,24.968097686767578,28.25,28.5,28.0,28.25,55231100
2023-08-24,24.305227279663086,27.5,28.25,27.25,28.0,83267300
2023-08-25,24.52618408203125,27.75,27.75,27.5,27.5,10202200
2023-08-28,24.52618408203125,27.75,28.0,27.5,27.75,23391100
2023-08-29,24.74713897705078,28.0,28.0,27.5,28.0,26801900
2023-08-30,25.189054489135742,28.5,28.75,27.75,28.0,115686300
2023-08-31,24.74713897705078,28.0,28.5,28.0,28.5,26798200
2023-09-01,24.52618408203125,27.75,28.25,27.5,28.0,34053100
2023-09-04,24.084270477294922,27.25,27.75,27.25,27.75,25862800
2023-09-05,23.863317489624023,27.0,27.5,27.0,27.5,38921300
2023-09-06,24.305227279663086,27.5,27.5,27.0,27.0,78600300
2023-09-07,24.305227279663086,27.5,27.75,27.25,27.5,30155500
2023-09-08,24.084270477294922,27.25,27.5,27.0,27.5,21444600
2023-09-11,24.084270477294922,27.25,27.75,26.75,27.25,68106600
2023-09-12,24.173803329467773,27.0,27.25,26.75,27.0,36672100
2023-09-13,24.397634506225586,27.25,27.5,27.0,27.25,35366300
2023-09-14,24.397634506225586,27.25,27.25,27.0,27.25,10231000
2023-09-15,23.94997215270996,26.75,27.25,26.75,27.25,28872100
2023-09-18,23.94997215270996,26.75,26.75,26.5,26.75,12075100
2023-09-19,23.502309799194336,26.25,26.75,26.0,26.5,63258200
2023-09-20,23.726139068603516,26.5,26.5,25.75,26.0,121030100
2023-09-21,23.726139068603516,26.5,26.5,26.0,26.0,119292100
2023-09-22,23.502309799194336,26.25,26.5,26.0,26.5,62037200
2023-09-25,23.94997215270996,26.75,27.0,26.25,26.5,72574200
2023-09-26,24.397634506225586,27.25,27.5,26.5,26.75,65902000
2023-09-27,24.173803329467773,27.0,27.25,26.75,26.75,9742700
2023-09-28,23.726139068603516,26.5,27.25,26.25,27.0,56593600
2023-09-29,23.94997215270996,26.75,27.0,26.5,26.75,27762600
2023-10-02,24.173803329467773,27.0,27.25,26.5,26.75,30817200
2023-10-03,23.94997215270996,26.75,27.0,26.5,27.0,45865600
2023-10-04,24.6214656829834,27.5,27.5,26.5,26.75,51498000
2023-10-05,24.6214656829834,27.5,27.75,27.25,27.5,61999800
2023-10-06,24.173803329467773,27.0,27.75,26.75,27.5,29624000
2023-10-09,23.94997215270996,26.75,27.0,26.5,27.0,32400900
2023-10-10,23.94997215270996,26.75,27.0,26.5,27.0,28478200
2023-10-11,24.6214656829834,27.5,27.75,26.75,27.0,60895500
2023-10-12,24.6214656829834,27.5,27.75,27.25,27.5,43359500
2023-10-16,24.397634506225586,27.25,27.75,27.0,27.5,25195300
2023-10-17,24.397634506225586,27.25,27.5,27.0,27.25,27168800
2023-10-18,24.397634506225586,27.25,27.5,27.25,27.25,5362800
2023-10-19,24.173803329467773,27.0,27.25,27.0,27.25,15277300
2023-10-20,24.173803329467773,27.0,27.0,26.5,27.0,26072500
2023-10-24,23.94997215270996,26.75,27.25,26.5,26.75,36965700
2023-10-25,24.173803329467773,27.0,27.25,26.75,27.0,18716300
2023-10-26,23.94997215270996,26.75,27.0,26.25,27.0,54775200
2023-10-27,23.502309799194336,26.25,27.0,26.25,26.75,53092500
2023-10-30,23.726139068603516,26.5,26.75,26.0,26.25,43074100
2023-10-31,23.726139068603516,26.5,26.75,26.25,26.75,21021900
2023-11-01,23.726139068603516,26.5,26.75,26.0,26.25,50999700
2023-11-02,23.94997215270996,26.75,27.0,26.5,26.75,31193500
2023-11-03,24.173803329467773,27.0,27.0,26.5,27.0,36982200
2023-11-06,23.726139068603516,26.5,27.0,26.5,27.0,52707900
2023-11-07,23.726139068603516,26.5,26.75,26.25,26.5,24770600
2023-11-08,23.94997215270996,26.75,27.0,26.25,26.5,38807300
2023-11-09,23.94997215270996,26.75,27.0,26.25,26.75,67358400
2023-11-10,23.94997215270996,26.75,26.75,26.25,26.75,23777700
2023-11-13,22.606983184814453,25.25,26.75,25.0,26.5,126188800
2023-11-14,23.054643630981445,25.75,26.25,25.5,25.75,65215900
2023-11-15,23.726139068603516,26.5,26.75,26.0,26.0,67262000
2023-11-16,23.94997215270996,26.75,26.75,26.25,26.75,49161400
2023-11-17,23.726139068603516,26.5,27.0,26.25,26.5,32128900
2023-11-20,23.726139068603516,26.5,26.75,26.25,26.5,25543900
2023-11-21,23.94997215270996,26.75,27.0,26.25,26.75,50814100
2023-11-22,23.726139068603516,26.5,26.75,26.5,26.75,13918000
2023-11-23,23.502309799194336,26.25,26.75,26.0,26.5,30219000
2023-11-24,23.502309799194336,26.25,26.5,26.0,26.25,26002700
2023-11-27,23.502309799194336,26.25,26.5,26.0,26.25,27285700
2023-11-28,23.502309799194336,26.25,26.75,26.25,26.5,33149400
2023-11-29,23.502309799194336,26.25,26.5,26.0,26.5,36732600
2023-11-30,23.502309799194336,26.25,26.5,25.75,26.25,112167400
2023-12-01,23.054643630981445,25.75,26.25,25.5,26.0,41890000
2023-12-04,23.502309799194336,26.25,26.25,26.0,26.0,13721400
2023-12-06,23.054643630981445,25.75,26.25,25.5,26.25,61331600
2023-12-07,23.054643630981445,25.75,26.25,25.25,25.5,77555900
2023-12-08,23.054643630981445,25.75,26.0,25.5,25.75,26014900
2023-12-12,23.054643630981445,25.75,25.75,25.25,25.5,34176600
2023-12-13,23.054643630981445,25.75,26.0,25.25,25.75,58151400
2023-12-14,23.054643630981445,25.75,25.75,25.5,25.75,24039400
2023-12-15,23.054643630981445,25.75,26.0,25.5,25.5,128304800
2023-12-18,23.054643630981445,25.75,26.0,25.5,25.75,22358200
2023-12-19,23.054643630981445,25.75,25.75,25.25,25.5,23626600
2023-12-20,23.278478622436523,26.0,26.0,25.5,25.75,36363600
2023-12-21,23.278478622436523,26.0,26.5,25.5,25.75,50927200
2023-12-22,23.502309799194336,26.25,26.75,26.0,26.25,65617700
2023-12-25,23.94997215270996,26.75,26.75,26.25,26.25,15755500
2023-12-26,24.6214656829834,27.5,27.75,26.75,26.75,65852500
2023-12-27,24.84529685974121,27.75,27.75,27.25,27.5,39174500
2023-12-28,24.84529685974121,27.75,28.0,27.25,27.5,44815400
2024-01-03,24.6214656829834,27.5,27.75,27.25,27.5,35731700
2024-01-04,24.397634506225586,27.25,27.75,27.25,27.5,28864800
2024-01-05,24.6214656829834,27.5,27.75,27.0,27.5,34716000
2024-01-08,24.6214656829834,27.5,27.75,26.75,27.25,33749000
2024-01-09,24.6214656829834,27.5,28.0,27.25,27.75,29151700
2024-01-10,24.84529685974121,27.75,28.0,27.5,27.75,46179900
2024-01-11,24.84529685974121,27.75,28.25,27.75,28.0,28639900
2024-01-12,25.069129943847656,28.0,28.0,27.5,27.75,21659500
2024-01-15,24.84529685974121,27.75,28.0,27.25,28.0,20819500
2024-01-16,25.069129943847656,28.0,28.0,27.5,27.75,17571700
2024-01-17,24.397634506225586,27.25,27.75,27.0,27.75,47263800
2024-01-18,24.173803329467773,27.0,27.75,26.75,27.5,45016200
2024-01-19,24.397634506225586,27.25,27.25,27.0,27.25,27668900
2024-01-22,24.6214656829834,27.5,27.75,27.0,27.25,22492600
2024-01-23,24.397634506225586,27.25,27.5,27.25,27.5,15781100
2024-01-24,24.84529685974121,27.75,28.25,27.25,27.5,47300800
2024-01-25,24.84529685974121,27.75,28.0,27.5,27.75,19839600
2024-01-26,24.397634506225586,27.25,28.0,27.25,27.75,22544200
2024-01-29,24.397634506225586,27.25,27.5,27.0,27.25,27638700
2024-01-30,24.397634506225586,27.25,27.5,27.0,27.0,23120100
2024-01-31,24.6214656829834,27.5,27.5,27.0,27.25,28394100
2024-02-01,24.6214656829834,27.5,27.75,27.0,27.25,26899700
2024-02-02,25.069129943847656,28.0,28.25,27.75,28.0,31734800
2024-02-05,25.516794204711914,28.5,28.75,28.0,28.0,84550000
2024-02-06,25.74062728881836,28.75,28.75,28.0,28.25,44078000
2024-02-07,25.069129943847656,28.0,28.75,28.0,28.75,59418900
2024-02-08,25.069129943847656,28.0,28.5,28.0,28.0,25855000
2024-02-09,24.84529685974121,27.75,28.25,27.5,28.0,49969700
2024-02-12,24.84529685974121,27.75,28.0,27.5,27.75,14176200
2024-02-13,25.29296112060547,28.25,28.5,28.0,28.0,22769800
2024-02-14,25.069129943847656,28.0,28.25,27.75,28.0,23370500
2024-02-15,25.069129943847656,28.0,28.25,27.75,28.0,25598300
2024-02-16,24.84529685974121,27.75,28.0,27.25,27.75,48567600
2024-02-19,25.069129943847656,28.0,28.0,27.75,27.75,11211100
2024-02-20,24.84529685974121,27.75,28.0,27.75,28.0,19872100
2024-02-21,25.516794204711914,28.5,28.5,27.75,27.75,50155900
2024-02-22,26.85978126525879,30.0,30.0,28.75,29.0,118986800
2024-02-23,26.412118911743164,29.5,30.0,29.25,30.0,21845200
2024-02-27,26.18828773498535,29.25,29.5,29.0,29.5,23948500
2024-02-28,25.964454650878906,29.0,29.25,28.75,29.0,38351100
2024-02-29,25.516794204711914,28.5,29.0,28.25,29.0,103677100
2024-03-01,25.069129943847656,28.0,28.5,28.0,28.25,88260900
2024-03-04,24.84529685974121,27.75,28.5,27.75,28.0,58533600
2024-03-05,25.29296112060547,28.25,28.75,27.75,28.0,74223800
2024-03-06,26.516815185546875,29.25,29.75,28.5,28.75,55664500
2024-03-07,26.516815185546875,29.25,29.75,29.0,29.25,70026800
2024-03-08,26.290172576904297,29.0,29.25,28.75,29.0,34691400
2024-03-11,26.516815185546875,29.25,29.25,28.75,29.0,28275000
2024-03-12,26.516815185546875,29.25,29.25,29.25,29.25,0
2024-03-13,26.290172576904297,29.0,29.5,29.0,29.25,40388800
2024-03-14,26.290172576904297,29.0,29.25,28.75,29.0,30478000
2024-03-15,26.290172576904297,29.0,29.0,29.0,29.0,0
2024-03-18,26.290172576904297,29.0,29.25,28.75,29.25,35083400
2024-03-19,26.063535690307617,28.75,29.0,28.75,29.0,11404300
2024-03-20,26.063535690307617,28.75,28.75,28.75,28.75,0
2024-03-21,26.063535690307617,28.75,29.0,28.5,28.75,32116300
2024-03-22,26.063535690307617,28.75,28.75,28.75,28.75,0
2024-03-25,25.836896896362305,28.5,28.75,28.5,28.75,18330900
2024-03-26,25.836896896362305,28.5,28.5,28.5,28.5,0
2024-03-27,25.836896896362305,28.5,28.75,28.0,28.25,21267000
2024-03-28,25.836896896362305,28.5,28.5,28.5,28.5,0
2024-03-29,25.836896896362305,28.5,28.5,28.25,28.25,10864200
2024-04-01,25.836896896362305,28.5,28.75,28.25,28.5,21468100
2024-04-02,25.836896896362305,28.5,28.5,28.25,28.25,5653700
2024-04-03,25.610258102416992,28.25,28.5,28.25,28.25,22852100
2024-04-04,25.610258102416992,28.25,28.25,28.25,28.25,0
2024-04-05,25.610258102416992,28.25,28.5,28.0,28.25,26323900
2024-04-09,25.610258102416992,28.25,28.25,28.25,28.25,0
2024-04-10,25.610258102416992,28.25,28.25,28.25,28.25,0
2024-04-11,25.1569766998291,27.75,28.25,27.75,28.25,40665500
2024-04-17,25.1569766998291,27.75,28.0,27.25,28.0,59146200
2024-04-18,25.1569766998291,27.75,27.75,27.75,27.75,0
2024-04-19,25.1569766998291,27.75,27.75,27.75,27.75,0
2024-04-22,25.610258102416992,28.25,28.25,27.5,28.0,49869400
2024-04-23,25.38361358642578,28.0,28.25,28.0,28.0,28016800
2024-04-24,25.38361358642578,28.0,28.0,28.0,28.0,0
2024-04-25,26.063535690307617,28.75,28.75,28.25,28.25,86255300
2024-04-26,26.290172576904297,29.0,29.0,28.5,28.75,48279500
2024-04-29,26.063535690307617,28.75,29.0,28.5,29.0,38891500
2024-04-30,26.063535690307617,28.75,28.75,28.75,28.75,0
2024-05-02,26.063535690307617,28.75,29.0,28.75,28.75,18236900
2024-05-03,26.290172576904297,29.0,29.25,28.75,29.0,29999800
2024-05-07,26.290172576904297,29.0,29.0,29.0,29.0,0
2024-05-08,26.290172576904297,29.0,29.5,29.0,29.0,40749300
2024-05-09,26.516815185546875,29.25,29.25,28.75,29.0,43186200
2024-05-10,26.290172576904297,29.0,29.25,28.75,29.0,12434100
2024-05-13,26.516815185546875,29.25,29.5,28.75,29.0,45630700
2024-05-14,26.743453979492188,29.5,29.5,29.25,29.25,10410600
2024-05-15,26.743453979492188,29.5,29.5,29.5,29.5,0
2024-05-16,26.743453979492188,29.5,29.5,29.5,29.5,0
2024-05-17,26.516815185546875,29.25,29.25,29.0,29.0,12428100
2024-05-20,26.516815185546875,29.25,29.25,29.25,29.25,0
2024-05-21,26.063535690307617,28.75,29.0,28.5,29.0,21323200
2024-05-23,26.063535690307617,28.75,29.0,28.75,29.0,19299400
2024-05-24,26.063535690307617,28.75,28.75,28.75,28.75,0
2024-05-27,26.063535690307617,28.75,28.75,28.75,28.75,0
2024-05-28,25.610258102416992,28.25,28.75,28.25,28.5,27910900
2024-05-29,25.1569766998291,27.75,28.25,27.5,28.0,43268700
2024-05-30,25.1569766998291,27.75,27.75,27.75,27.75,0
2024-05-31,25.1569766998291,27.75,27.75,27.75,27.75,0
2024-06-04,24.703699111938477,27.25,27.5,26.75,27.0,39983100
2024-06-05,24.703699111938477,27.25,27.25,27.25,27.25,0
2024-06-06,24.930335998535156,27.5,27.75,27.25,27.5,55505100
2024-06-07,24.930335998535156,27.5,27.5,27.5,27.5,0
2024-06-10,24.250417709350586,26.75,27.25,26.75,27.0,23758600
2024-06-11,24.250417709350586,26.75,26.75,26.75,26.75,0
2024-06-12,24.703699111938477,27.25,27.75,27.0,27.25,44404700
2024-06-13,24.930335998535156,27.5,27.5,27.25,27.25,14430500
2024-06-14,24.703699111938477,27.25,27.25,27.0,27.25,12733000
2024-06-17,24.477060317993164,27.0,27.25,26.0,27.0,111397600
2024-06-18,24.477060317993164,27.0,27.0,27.0,27.0,0
2024-06-19,24.477060317993164,27.0,27.0,27.0,27.0,0
2024-06-20,23.57050132751465,26.0,26.5,25.75,26.0,47049900
2024-06-21,23.343860626220703,25.75,26.25,25.5,26.0,60221700
2024-06-24,23.343860626220703,25.75,25.75,25.75,25.75,0
2024-06-25,23.343860626220703,25.75,25.75,25.75,25.75,0
2024-06-26,23.343860626220703,25.75,25.75,25.75,25.75,0
2024-06-27,24.477060317993164,27.0,27.25,26.5,26.75,27434700
2024-06-28,24.250417709350586,26.75,27.25,26.5,27.0,39998100
2024-07-01,24.250417709350586,26.75,26.75,26.75,26.75,0
2024-07-02,24.250417709350586,26.75,26.75,26.75,26.75,0
2024-07-03,23.57050132751465,26.0,26.25,25.75,26.0,24927500
2024-07-04,24.023780822753906,26.5,26.5,26.0,26.0,36355700
2024-07-05,24.250417709350586,26.75,27.0,26.5,26.75,28685700
2024-07-08,24.023780822753906,26.5,26.75,26.25,26.5,28793000
2024-07-09,24.023780822753906,26.5,26.5,26.5,26.5,0
2024-07-10,24.023780822753906,26.5,26.5,26.5,26.5,0
2024-07-11,24.023780822753906,26.5,26.5,26.5,26.5,0
2024-07-12,24.023780822753906,26.5,26.5,26.5,26.5,0
2024-07-15,24.023780822753906,26.5,26.5,26.5,26.5,0
2024-07-16,24.023780822753906,26.5,26.75,26.25,26.5,29403400
2024-07-17,24.023780822753906,26.5,26.5,26.5,26.5,0
2024-07-18,24.250417709350586,26.75,27.0,26.25,26.5,43073000
2024-07-19,24.250417709350586,26.75,27.25,26.5,26.75,54680700
2024-07-23,24.250417709350586,26.75,27.25,26.75,27.0,52538500
2024-07-24,24.023780822753906,26.5,26.75,26.25,26.75,38587200
2024-07-25,23.797142028808594,26.25,26.5,26.0,26.25,37979200
2024-07-26,24.023780822753906,26.5,26.75,26.25,26.25,32787100
2024-07-30,24.023780822753906,26.5,26.5,26.5,26.5,0
2024-07-31,23.797142028808594,26.25,26.5,26.0,26.0,23736200
2024-08-01,23.57050132751465,26.0,26.25,26.0,26.25,17385300
2024-08-02,23.57050132751465,26.0,26.0,26.0,26.0,0
2024-08-05,23.57050132751465,26.0,26.25,25.5,25.75,59612300
2024-08-06,23.797142028808594,26.25,26.75,26.0,26.25,54246900
2024-08-07,24.477060317993164,27.0,27.25,26.75,26.75,45435200
2024-08-08,24.477060317993164,27.0,27.0,27.0,27.0,0
2024-08-09,25.1569766998291,27.75,28.25,27.5,27.5,69811100
2024-08-13,25.1569766998291,27.75,28.0,27.5,27.75,38664600
2024-08-14,24.477060317993164,27.0,27.75,26.75,27.5,59194800
2024-08-15,24.477060317993164,27.0,27.0,27.0,27.0,0
2024-08-16,23.797142028808594,26.25,26.5,25.75,26.25,63983400
2024-08-19,23.797142028808594,26.25,26.25,26.25,26.25,0
2024-08-20,24.703699111938477,27.25,27.25,26.25,26.5,51660600
2024-08-21,25.38361358642578,28.0,28.25,27.25,27.5,83731100
2024-08-22,25.38361358642578,28.0,28.0,28.0,28.0,0
2024-08-23,24.930335998535156,27.5,27.75,27.25,27.5,22868500
2024-08-26,24.930335998535156,27.5,27.75,27.5,27.5,11417800
2024-08-27,25.1569766998291,27.75,28.0,27.5,27.5,38805300
2024-08-28,25.1569766998291,27.75,27.75,27.75,27.75,0
2024-08-29,25.1569766998291,27.75,28.0,27.75,27.75,14683300
2024-08-30,25.1569766998291,27.75,28.0,27.75,27.75,75234500
2024-09-02,25.1569766998291,27.75,27.75,27.75,27.75,0
2024-09-03,25.1569766998291,27.75,27.75,27.75,27.75,0
2024-09-04,25.1569766998291,27.75,27.75,27.75,27.75,0
2024-09-05,25.836896896362305,28.5,28.75,27.75,28.0,114499200
2024-09-06,26.290172576904297,29.0,29.5,28.5,28.5,72350500
2024-09-09,26.290172576904297,29.0,29.0,29.0,29.0,0
2024-09-10,27.299570083618164,29.75,30.0,29.0,29.25,97644500
2024-09-11,26.611345291137695,29.0,29.5,28.5,29.25,85322600
2024-09-12,27.070161819458008,29.5,29.75,29.0,29.0,47806200
2024-09-13,26.840755462646484,29.25,30.25,29.25,29.75,56032300
2024-09-16,26.840755462646484,29.25,29.25,29.25,29.25,0
2024-09-17,26.840755462646484,29.25,29.25,29.25,29.25,0
2024-09-18,26.840755462646484,29.25,29.25,29.25,29.25,0
2024-09-19,26.840755462646484,29.25,29.25,29.25,29.25,0
2024-09-20,27.987794876098633,30.5,31.0,30.0,30.25,108390600
2024-09-23,28.446611404418945,31.0,31.25,30.5,30.75,85510100
2024-09-24,28.446611404418945,31.0,31.25,30.75,31.0,56130700
2024-09-25,28.446611404418945,31.0,31.0,30.5,30.75,37567400
2024-09-26,27.987794876098633,30.5,31.0,30.25,30.75,51159200
2024-09-27,27.987794876098633,30.5,30.5,30.5,30.5,0
2024-09-30,27.528980255126953,30.0,30.5,30.0,30.25,68290500
2024-10-01,27.528980255126953,30.0,30.0,30.0,30.0,0
2024-10-02,27.758386611938477,30.25,30.75,30.0,30.5,52825700
2024-10-03,27.070161819458008,29.5,30.0,29.5,30.0,88466400
2024-10-04,27.070161819458008,29.5,29.5,29.5,29.5,0
2024-10-07,27.299570083618164,29.75,30.25,29.25,29.5,53088400
2024-10-08,27.299570083618164,29.75,30.25,29.75,29.75,47216700
2024-10-09,27.528980255126953,30.0,30.25,29.5,29.75,52991400
2024-10-10,27.299570083618164,29.75,30.25,29.75,30.0,31526900
2024-10-11,27.299570083618164,29.75,29.75,29.75,29.75,0
2024-10-15,26.611345291137695,29.0,29.25,28.5,28.75,66428600
2024-10-16,26.611345291137695,29.0,29.0,29.0,29.0,0
2024-10-17,26.611345291137695,29.0,29.0,29.0,29.0,0
2024-10-18,26.611345291137695,29.0,29.5,29.0,29.25,38889300
2024-10-21,27.070161819458008,29.5,29.5,28.75,29.0,46964500
2024-10-22,27.070161819458008,29.5,29.5,29.5,29.5,0
2024-10-24,25.923120498657227,28.25,28.75,28.25,28.5,60932900
2024-10-25,25.923120498657227,28.25,28.25,28.25,28.25,0
2024-10-28,25.923120498657227,28.25,28.5,28.0,28.5,39973541
2024-10-29,25.923120498657227,28.25,28.25,28.25,28.25,0
2024-10-30,25.464305877685547,27.75,28.25,27.5,28.0,57250200
2024-10-31,25.464305877685547,27.75,27.75,27.75,27.75,0
2024-11-01,25.464305877685547,27.75,28.0,27.5,27.5,31475600
2024-11-04,25.234899520874023,27.5,28.0,27.5,28.0,25818500
2024-11-05,25.0054874420166,27.25,28.0,27.25,27.5,60559900
2024-11-06,25.0054874420166,27.25,27.75,27.25,27.5,45930425
2024-11-07,24.546672821044922,26.75,27.25,26.5,27.25,56155100
2024-11-08,24.317264556884766,26.5,27.0,26.0,26.5,57317200
2024-11-11,24.317264556884766,26.5,27.0,26.25,26.75,30762000
2024-11-12,23.629037857055664,25.75,26.75,25.75,26.5,47671600
2024-11-13,24.77608299255371,27.0,27.75,26.75,26.75,106357100
2024-11-14,24.77608299255371,27.0,28.0,26.5,27.0,83357900
2024-11-15,24.77608299255371,27.0,27.25,26.5,27.0,52997900
2024-11-18,24.77608299255371,27.0,27.5,26.75,27.0,17327500
2024-11-19,24.546672821044922,26.75,27.5,26.75,27.0,37743100
2024-11-20,24.317264556884766,26.5,26.75,26.25,26.75,28135600
2024-11-21,24.08785629272461,26.25,26.75,26.0,26.75,57676400
2024-11-22,24.317264556884766,26.5,27.0,26.25,26.25,52525300
2024-11-25,24.08785629272461,26.25,26.75,26.25,26.5,88455600
2024-11-26,23.629037857055664,25.75,26.5,25.75,26.0,55619000
2024-11-27,23.629037857055664,25.75,26.0,24.100000381469727,25.25,108565200
2024-11-28,23.629037857055664,25.75,25.75,24.899999618530273,25.25,95597200
2024-11-29,23.170223236083984,25.25,25.75,25.25,25.5,65340900
2024-12-02,23.170223236083984,25.25,25.5,25.0,25.25,55751500
2024-12-03,23.858449935913086,26.0,26.25,25.0,25.25,46230000
2024-12-04,23.629037857055664,25.75,26.0,25.25,26.0,52660500
2024-12-06,23.399633407592773,25.5,25.75,25.0,25.5,42863000
2024-12-09,23.170223236083984,25.25,25.5,25.25,25.5,19426300
2024-12-11,23.170223236083984,25.25,25.5,25.0,25.25,34939300
2024-12-12,22.849050521850586,24.899999618530273,25.25,24.399999618530273,25.0,75853100
2024-12-13,22.48200035095215,24.5,24.899999618530273,24.5,24.899999618530273,45907600
2024-12-16,22.114946365356445,24.100000381469727,24.5,24.0,24.5,79169100
2024-12-17,21.656129837036133,23.600000381469727,24.200000762939453,23.5,23.899999618530273,103439500
2024-12-18,21.931419372558594,23.899999618530273,24.399999618530273,23.700000762939453,23.700000762939453,114990300
2024-12-19,21.38083839416504,23.299999237060547,24.200000762939453,23.200000762939453,23.5,115903100
2024-12-20,21.564367294311523,23.5,23.799999237060547,23.299999237060547,23.5,159645800
2024-12-23,22.298473358154297,24.299999237060547,24.399999618530273,23.600000381469727,23.700000762939453,88129100
2024-12-24,22.573762893676758,24.600000381469727,24.899999618530273,24.399999618530273,24.5,45576900
2024-12-25,22.48200035095215,24.5,24.799999237060547,24.399999618530273,24.700000762939453,36847600
2024-12-26,22.48200035095215,24.5,24.600000381469727,24.299999237060547,24.5,36538100
2024-12-27,22.48200035095215,24.5,24.899999618530273,24.399999618530273,24.5,43207500
2024-12-30,22.48200035095215,24.5,24.700000762939453,24.399999618530273,24.600000381469727,32777800
2025-01-02,22.573762893676758,24.600000381469727,24.700000762939453,24.299999237060547,24.299999237060547,24044100
2025-01-03,22.573762893676758,24.600000381469727,24.799999237060547,24.600000381469727,24.700000762939453,11835500
2025-01-06,22.114946365356445,24.100000381469727,24.799999237060547,24.100000381469727,24.700000762939453,24294100
2025-01-07,22.298473358154297,24.299999237060547,24.5,24.200000762939453,24.200000762939453,24314000
2025-01-08,22.023183822631836,24.0,24.399999618530273,23.799999237060547,24.299999237060547,35488100
2025-01-09,21.747896194458008,23.700000762939453,24.100000381469727,23.700000762939453,24.100000381469727,34097000
2025-01-10,21.747896194458008,23.700000762939453,24.0,23.399999618530273,23.600000381469727,30795500
2025-01-13,21.931419372558594,23.899999618530273,24.0,23.399999618530273,23.600000381469727,41050000
2025-01-14,21.47260284423828,23.399999618530273,24.0,23.399999618530273,23.700000762939453,35322600
2025-01-15,21.839656829833984,23.799999237060547,23.899999618530273,23.100000381469727,23.399999618530273,41018900
2025-01-16,21.839656829833984,23.799999237060547,24.100000381469727,23.700000762939453,23.899999618530273,26618300
2025-01-17,21.656129837036133,23.600000381469727,23.899999618530273,23.5,23.700000762939453,25603600
2025-01-20,21.47260284423828,23.399999618530273,23.700000762939453,23.399999618530273,23.600000381469727,17779700
2025-01-21,21.839656829833984,23.799999237060547,24.100000381469727,23.399999618530273,23.5,32770200
2025-01-22,22.114946365356445,24.100000381469727,24.299999237060547,23.600000381469727,23.799999237060547,46689300
2025-01-23,21.747896194458008,23.700000762939453,24.0,23.600000381469727,24.0,29572000
2025-01-24,21.656129837036133,23.600000381469727,23.700000762939453,23.299999237060547,23.600000381469727,28292800
2025-01-27,21.47260284423828,23.399999618530273,23.600000381469727,23.399999618530273,23.600000381469727,22327700
2025-01-28,21.931419372558594,23.899999618530273,24.100000381469727,23.5,23.5,28633100
2025-01-29,21.931419372558594,23.899999618530273,24.100000381469727,23.799999237060547,23.899999618530273,12412600
2025-01-30,21.931419372558594,23.899999618530273,24.399999618530273,23.799999237060547,23.799999237060547,49012300
2025-01-31,21.564367294311523,23.5,24.0,23.399999618530273,23.899999618530273,46344100
2025-02-03,21.47260284423828,23.399999618530273,23.399999618530273,22.700000762939453,23.100000381469727,47356000
2025-02-04,21.19731330871582,23.100000381469727,23.399999618530273,22.899999618530273,23.399999618530273,54002000
2025-02-05,21.10555076599121,23.0,23.399999618530273,22.899999618530273,23.299999237060547,40375700
2025-02-06,20.6467342376709,22.5,22.899999618530273,22.200000762939453,22.899999618530273,78161800
2025-02-07,21.19731330871582,23.100000381469727,23.100000381469727,22.5,22.600000381469727,45151500
2025-02-10,20.73849868774414,22.600000381469727,22.899999618530273,22.5,22.700000762939453,33862400
2025-02-11,21.01378631591797,22.899999618530273,23.0,22.5,22.5,20228400
2025-02-13,20.73849868774414,22.600000381469727,23.0,22.5,22.600000381469727,41755300
2025-02-14,20.554969787597656,22.399999618530273,22.700000762939453,22.200000762939453,22.399999618530273,46639900
2025-02-17,21.38083839416504,23.299999237060547,23.299999237060547,22.600000381469727,22.899999618530273,48214100
2025-02-18,21.47260284423828,23.399999618530273,23.700000762939453,23.100000381469727,23.200000762939453,53579600
2025-02-19,21.38083839416504,23.299999237060547,23.5,23.0,23.200000762939453,51837700
2025-02-20,21.289077758789062,23.200000762939453,23.399999618530273,23.0,23.0,46835900
2025-02-21,21.38083839416504,23.299999237060547,23.5,22.899999618530273,22.899999618530273,32937000
2025-02-24,21.47260284423828,23.399999618530273,23.5,23.100000381469727,23.299999237060547,35968900
2025-02-25,21.01378631591797,22.899999618530273,23.399999618530273,22.799999237060547,23.399999618530273,47397300
2025-02-26,21.289077758789062,23.200000762939453,23.399999618530273,22.799999237060547,22.899999618530273,35642800
2025-02-27,22.48200035095215,24.5,24.600000381469727,23.799999237060547,24.0,113668200
2025-02-28,22.206710815429688,24.200000762939453,24.5,24.0,24.200000762939453,109612600
2025-03-03,22.023183822631836,24.0,24.5,23.899999618530273,24.299999237060547,43127400
2025-03-04,21.839656829833984,23.799999237060547,24.100000381469727,23.600000381469727,23.899999618530273,43641400
2025-03-05,21.839656829833984,23.799999237060547,24.100000381469727,23.600000381469727,23.799999237060547,28257900
2025-03-06,21.38083839416504,23.299999237060547,24.100000381469727,23.200000762939453,24.0,52214400
2025-03-07,21.564367294311523,23.5,23.600000381469727,23.200000762939453,23.200000762939453,28884100
2025-03-10,20.92202377319336,22.799999237060547,23.399999618530273,22.799999237060547,23.299999237060547,35389700
2025-03-11,21.47260284423828,23.399999618530273,23.5,22.5,22.600000381469727,64623800
2025-03-12,22.12611961364746,23.700000762939453,23.899999618530273,23.0,23.200000762939453,71971200
2025-03-13,22.032758712768555,23.600000381469727,24.0,23.5,23.700000762939453,38268500
2025-03-14,22.40619659423828,24.0,24.200000762939453,23.600000381469727,23.700000762939453,46968000
2025-03-17,22.2194766998291,23.799999237060547,24.200000762939453,23.700000762939453,24.100000381469727,37290000
2025-03-18,22.312837600708008,23.899999618530273,24.200000762939453,23.700000762939453,23.799999237060547,29714700
2025-03-19,22.032758712768555,23.600000381469727,24.0,23.600000381469727,23.799999237060547,54289600
2025-03-20,21.846038818359375,23.399999618530273,23.799999237060547,23.399999618530273,23.700000762939453,34508900
2025-03-21,21.285884857177734,22.799999237060547,23.399999618530273,22.600000381469727,23.299999237060547,80143500
2025-03-24,21.379243850708008,22.899999618530273,23.100000381469727,22.799999237060547,22.799999237060547,19750200
2025-03-25,21.099166870117188,22.600000381469727,22.899999618530273,22.600000381469727,22.899999618530273,22886100
2025-03-26,20.912450790405273,22.399999618530273,22.799999237060547,22.299999237060547,22.700000762939453,53804200
2025-03-27,20.725732803344727,22.200000762939453,22.700000762939453,22.200000762939453,22.5,40828800
2025-03-28,20.725732803344727,22.200000762939453,22.299999237060547,22.0,22.299999237060547,18422400
2025-03-31,20.352293014526367,21.799999237060547,22.299999237060547,21.799999237060547,21.899999618530273,38175700
2025-04-01,20.63237190246582,22.100000381469727,22.299999237060547,22.0,22.0,18260200
2025-04-02,21.005807876586914,22.5,22.5,22.100000381469727,22.100000381469727,14430000
2025-04-03,21.19252586364746,22.700000762939453,22.799999237060547,22.200000762939453,22.299999237060547,25736900
2025-04-04,21.005807876586914,22.5,22.799999237060547,22.299999237060547,22.700000762939453,47568400
2025-04-08,20.63237190246582,22.100000381469727,22.399999618530273,21.600000381469727,22.299999237060547,53902400
2025-04-09,21.19252586364746,22.700000762939453,23.0,22.0,22.0,50521600
2025-04-10,21.565961837768555,23.100000381469727,23.299999237060547,22.899999618530273,23.200000762939453,29500800
2025-04-11,21.65932273864746,23.200000762939453,23.399999618530273,22.899999618530273,23.200000762939453,40059400
2025-04-16,21.7526798248291,23.299999237060547,23.299999237060547,23.0,23.0,31672900
2025-04-17,21.565961837768555,23.100000381469727,23.399999618530273,23.100000381469727,23.299999237060547,19398600
2025-04-18,21.93939971923828,23.5,23.5,23.100000381469727,23.100000381469727,23339000
2025-04-21,22.032758712768555,23.600000381469727,23.600000381469727,23.299999237060547,23.399999618530273,17804100
2025-04-22,22.2194766998291,23.799999237060547,23.899999618530273,23.5,23.600000381469727,34643800
2025-04-23,21.846038818359375,23.399999618530273,23.899999618530273,23.299999237060547,23.899999618530273,26450000
2025-04-24,21.47260284423828,23.0,23.399999618530273,22.600000381469727,23.200000762939453,40568700
2025-04-25,21.93939971923828,23.5,23.600000381469727,23.100000381469727,23.100000381469727,27061600
2025-04-28,21.565961837768555,23.100000381469727,23.299999237060547,22.799999237060547,23.299999237060547,36156600
2025-04-29,21.846038818359375,23.399999618530273,23.399999618530273,22.700000762939453,23.0,46773100
2025-04-30,22.40619659423828,24.0,24.0,23.299999237060547,23.399999618530273,50521500
2025-05-02,22.40619659423828,24.0,24.200000762939453,23.799999237060547,24.0,28163800
2025-05-06,22.2194766998291,23.799999237060547,24.100000381469727,23.799999237060547,24.100000381469727,22332600
2025-05-07,23.059709548950195,24.700000762939453,24.899999618530273,23.899999618530273,24.0,59123100
2025-05-08,22.592912673950195,24.200000762939453,24.700000762939453,24.200000762939453,24.600000381469727,26371100
2025-05-09,22.592912673950195,24.200000762939453,24.5,23.899999618530273,24.299999237060547,28662000
2025-05-13,22.499553680419922,24.100000381469727,24.600000381469727,24.100000381469727,24.299999237060547,31016800
2025-05-14,22.592912673950195,24.200000762939453,24.399999618530273,24.0,24.100000381469727,19836500
2025-05-15,22.032758712768555,23.600000381469727,24.100000381469727,23.5,24.100000381469727,39954800
2025-05-16,21.93939971923828,23.5,23.799999237060547,23.299999237060547,23.600000381469727,23026800
2025-05-19,21.47260284423828,23.0,23.5,22.899999618530273,23.299999237060547,41008300
2025-05-20,21.47260284423828,23.0,23.299999237060547,22.899999618530273,23.100000381469727,30657400
2025-05-21,21.099166870117188,22.600000381469727,23.200000762939453,22.399999618530273,23.0,50595900
2025-05-22,20.63237190246582,22.100000381469727,22.5,22.0,22.5,43758900
2025-05-23,20.258935928344727,21.700000762939453,22.100000381469727,21.600000381469727,22.0,39597800
2025-05-26,20.258935928344727,21.700000762939453,22.0,21.5,21.700000762939453,35691100
2025-05-27,20.16557502746582,21.600000381469727,21.899999618530273,21.299999237060547,21.600000381469727,38109000
2025-05-28,20.16557502746582,21.600000381469727,21.799999237060547,21.5,21.700000762939453,25918400
2025-05-29,20.16557502746582,21.600000381469727,22.0,21.600000381469727,21.799999237060547,33539200
2025-05-30,20.072216033935547,21.5,21.700000762939453,21.5,21.5,72695600
2025-06-04,19.885498046875,21.299999237060547,21.799999237060547,21.200000762939453,21.600000381469727,50020000
2025-06-05,19.698780059814453,21.100000381469727,21.399999618530273,21.100000381469727,21.299999237060547,25453500
2025-06-06,19.978857040405273,21.399999618530273,21.399999618530273,21.0,21.200000762939453,24328300
2025-06-09,19.60542106628418,21.0,21.399999618530273,21.0,21.399999618530273,24962000
2025-06-10,19.885498046875,21.299999237060547,21.5,21.100000381469727,21.100000381469727,25455600
2025-06-11,19.978857040405273,21.399999618530273,21.600000381469727,21.100000381469727,21.299999237060547,32117500
2025-06-12,19.885498046875,21.299999237060547,21.600000381469727,21.200000762939453,21.399999618530273,17795400
2025-06-13,19.60542106628418,21.0,21.100000381469727,20.799999237060547,21.100000381469727,47066000
2025-06-16,19.698780059814453,21.100000381469727,21.399999618530273,20.799999237060547,21.0,32537200
2025-06-17,19.885498046875,21.299999237060547,21.600000381469727,21.200000762939453,21.200000762939453,30501400
2025-06-18,19.60542106628418,21.0,21.5,20.899999618530273,21.299999237060547,20206900
2025-06-19,18.765188217163086,20.100000381469727,20.899999618530273,20.0,20.799999237060547,55899300
2025-06-20,18.951906204223633,20.299999237060547,20.5,20.200000762939453,20.200000762939453,64109100
2025-06-23,18.951906204223633,20.299999237060547,20.5,19.799999237060547,20.100000381469727,40302700
2025-06-24,19.325345993041992,20.700000762939453,20.700000762939453,20.200000762939453,20.600000381469727,56969200
2025-06-25,19.418701171875,20.799999237060547,20.899999618530273,20.5,20.700000762939453,47093800
2025-06-26,19.23198699951172,20.600000381469727,21.0,20.5,20.5,34519900
2025-06-27,19.045265197753906,20.399999618530273,20.600000381469727,20.100000381469727,20.600000381469727,44818000
2025-06-30,19.418701171875,20.799999237060547,21.0,20.5,20.600000381469727,37622500
2025-07-01,19.60542106628418,21.0,21.100000381469727,20.5,21.0,40627200
2025-07-02,19.23198699951172,20.600000381469727,21.0,20.600000381469727,21.0,39195200
2025-07-03,18.951906204223633,20.299999237060547,20.700000762939453,20.200000762939453,20.600000381469727,73824000
2025-07-04,18.951906204223633,20.299999237060547,20.700000762939453,20.200000762939453,20.299999237060547,30293700
2025-07-07,18.765188217163086,20.100000381469727,20.399999618530273,19.899999618530273,20.299999237060547,42881000
2025-07-08,18.765188217163086,20.100000381469727,20.299999237060547,19.799999237060547,19.899999618530273,39912300
2025-07-09,18.671829223632812,20.0,20.200000762939453,19.899999618530273,20.100000381469727,26683600
2025-07-11,18.671829223632812,20.0,20.399999618530273,20.0,20.100000381469727,39683900
2025-07-14,19.23198699951172,20.600000381469727,20.700000762939453,20.0,20.100000381469727,33048400
2025-07-15,19.512060165405273,20.899999618530273,21.0,20.5,20.600000381469727,34230600
2025-07-16,19.698780059814453,21.100000381469727,21.399999618530273,20.700000762939453,20.899999618530273,60330700
2025-07-17,20.072216033935547,21.5,21.600000381469727,21.0,21.200000762939453,68736300
2025-07-18,19.978857040405273,21.399999618530273,21.700000762939453,21.200000762939453,21.5,74688100
2025-07-21,19.698780059814453,21.100000381469727,21.5,21.100000381469727,21.399999618530273,42922400
2025-07-22,19.325345993041992,20.700000762939453,21.299999237060547,20.600000381469727,21.200000762939453,53384800
2025-07-23,19.698780059814453,21.100000381469727,21.399999618530273,20.799999237060547,20.899999618530273,48524400
2025-07-24,19.698780059814453,21.100000381469727,21.200000762939453,20.799999237060547,20.799999237060547,31993200
2025-07-25,19.60542106628418,21.0,21.200000762939453,20.899999618530273,20.899999618530273,33403000
2025-07-29,19.885498046875,21.299999237060547,21.399999618530273,20.799999237060547,21.0,49907300
2025-07-30,20.258935928344727,21.700000762939453,21.700000762939453,21.299999237060547,21.399999618530273,103283900
2025-07-31,20.072216033935547,21.5,21.600000381469727,21.299999237060547,21.600000381469727,104301100
2025-08-01,19.512060165405273,20.899999618530273,21.700000762939453,20.899999618530273,21.600000381469727,91017200
2025-08-04,19.792139053344727,21.200000762939453,21.399999618530273,20.899999618530273,21.0,68754800
2025-08-05,20.819089889526367,22.299999237060547,22.600000381469727,21.5,21.5,193548000
2025-08-06,20.912450790405273,22.399999618530273,22.799999237060547,22.200000762939453,22.799999237060547,78462100
2025-08-07,20.725732803344727,22.200000762939453,22.5,22.0,22.299999237060547,46493700
2025-08-08,20.63237190246582,22.100000381469727,22.5,22.0,22.200000762939453,46498200
2025-08-13,21.379243850708008,22.899999618530273,22.899999618530273,22.200000762939453,22.299999237060547,94618700
2025-08-14,20.258935928344727,21.700000762939453,22.600000381469727,21.600000381469727,22.600000381469727,124198200
2025-08-15,19.512060165405273,20.899999618530273,21.600000381469727,20.799999237060547,21.5,130304800
2025-08-18,19.698780059814453,21.100000381469727,21.299999237060547,20.899999618530273,21.0,49535400
2025-08-19,19.60542106628418,21.0,21.200000762939453,21.0,21.100000381469727,40039800
2025-08-20,19.885498046875,21.299999237060547,21.299999237060547,20.899999618530273,21.0,37378000
2025-08-21,19.698780059814453,21.100000381469727,21.299999237060547,21.0,21.299999237060547,37897300
2025-08-22,19.60542106628418,21.0,21.299999237060547,20.899999618530273,21.100000381469727,48901100
2025-08-25,19.512060165405273,20.899999618530273,21.200000762939453,20.799999237060547,21.200000762939453,59978800
2025-08-26,19.325345993041992,20.700000762939453,20.899999618530273,20.600000381469727,20.899999618530273,64259600
2025-08-27,19.418701171875,20.799999237060547,21.0,20.700000762939453,20.799999237060547,31909200
2025-08-28,19.418701171875,20.799999237060547,21.100000381469727,20.700000762939453,20.899999618530273,42460200
2025-08-29,19.325345993041992,20.700000762939453,21.0,20.700000762939453,20.799999237060547,36778800
2025-09-01,19.325345993041992,20.700000762939453,20.899999618530273,20.5,20.700000762939453,52940500
2025-09-02,19.325345993041992,20.700000762939453,20.899999618530273,20.600000381469727,20.700000762939453,57590300
2025-09-03,19.23198699951172,20.600000381469727,20.899999618530273,20.5,20.799999237060547,72993500
2025-09-04,19.325345993041992,20.700000762939453,20.899999618530273,20.600000381469727,20.700000762939453,34862500
2025-09-05,19.60542106628418,21.0,21.100000381469727,20.700000762939453,20.799999237060547,55278200
2025-09-08,19.418701171875,20.799999237060547,21.100000381469727,20.700000762939453,21.0,58750700
2025-09-09,19.656097412109375,20.700000762939453,20.700000762939453,20.5,20.600000381469727,37286900
2025-09-10,20.03592300415039,21.100000381469727,21.200000762939453,20.899999618530273,20.899999618530273,62318800
2025-09-11,19.84600830078125,20.899999618530273,21.100000381469727,20.799999237060547,21.0,51000300
2025-09-12,19.94096565246582,21.0,21.100000381469727,20.899999618530273,21.0,15475100
2025-09-15,19.94096565246582,21.0,21.0,20.799999237060547,21.0,31139800
2025-09-16,20.03592300415039,21.100000381469727,21.200000762939453,20.899999618530273,21.100000381469727,42058900
2025-09-17,19.94096565246582,21.0,21.200000762939453,21.0,21.100000381469727,21342000
2025-09-18,20.03592300415039,21.100000381469727,21.299999237060547,20.899999618530273,21.200000762939453,51535900
2025-09-19,19.656097412109375,20.700000762939453,21.0,20.700000762939453,21.0,84504500
2025-09-22,19.656097412109375,20.700000762939453,20.899999618530273,20.700000762939453,20.799999237060547,27552400
2025-09-23,19.561140060424805,20.600000381469727,20.799999237060547,20.600000381469727,20.700000762939453,31075800
2025-09-24,19.4661808013916,20.5,20.700000762939453,20.299999237060547,20.600000381469727,39993900
2025-09-25,19.561140060424805,20.600000381469727,20.700000762939453,20.399999618530273,20.5,19784500
2025-09-26,19.4661808013916,20.5,20.600000381469727,20.5,20.600000381469727,13417900
2025-09-29,19.4661808013916,20.5,20.700000762939453,20.399999618530273,20.600000381469727,29499500
2025-09-30,19.4661808013916,20.5,20.5,20.299999237060547,20.5,38956800
2025-10-01,19.27626609802246,20.299999237060547,20.399999618530273,20.200000762939453,20.299999237060547,23788100
2025-10-02,19.27626609802246,20.299999237060547,20.399999618530273,20.200000762939453,20.299999237060547,25250200
2025-10-03,19.181310653686523,20.200000762939453,20.299999237060547,20.100000381469727,20.299999237060547,27755600
2025-10-06,18.896438598632812,19.899999618530273,20.299999237060547,19.899999618530273,20.200000762939453,73175700
2025-10-07,18.896438598632812,19.899999618530273,19.899999618530273,19.899999618530273,19.899999618530273,0
2025-10-08,18.991395950317383,20.0,20.299999237060547,20.0,20.299999237060547,36383700
2025-10-09,19.086353302001953,20.100000381469727,20.200000762939453,19.899999618530273,20.0,43447900
2025-10-10,19.181310653686523,20.200000762939453,20.399999618530273,19.899999618530273,20.100000381469727,58830900
2025-10-14,18.991395950317383,20.0,20.299999237060547,19.899999618530273,20.200000762939453,43391900
2025-10-15,18.896438598632812,19.899999618530273,20.200000762939453,19.899999618530273,20.100000381469727,48091200
2025-10-16,19.086353302001953,20.100000381469727,20.299999237060547,19.799999237060547,19.899999618530273,53355300
2025-10-17,18.801481246948242,19.799999237060547,20.0,19.600000381469727,20.0,94147600
2025-10-20,18.801481246948242,19.799999237060547,20.0,19.799999237060547,19.899999618530273,18889900
2025-10-21,18.991395950317383,20.0,20.100000381469727,19.899999618530273,19.899999618530273,17516700
2025-10-22,19.086353302001953,20.100000381469727,20.299999237060547,19.799999237060547,19.899999618530273,29497000
2025-10-24,18.706525802612305,19.700000762939453,20.100000381469727,19.700000762939453,20.0,62631900
2025-10-27,18.231740951538086,19.200000762939453,19.899999618530273,19.100000381469727,19.799999237060547,107135400
2025-10-28,17.946868896484375,18.899999618530273,19.5,18.799999237060547,19.200000762939453,118012800
2025-10-29,18.041826248168945,19.0,19.200000762939453,18.799999237060547,18.799999237060547,49638700
2025-10-30,18.041826248168945,19.0,19.299999237060547,18.700000762939453,18.799999237060547,65620700
2025-10-31,17.946868896484375,18.899999618530273,19.100000381469727,18.600000381469727,18.600000381469727,55581700
2025-11-03,17.946868896484375,18.899999618530273,19.200000762939453,18.799999237060547,19.0,55545000
2025-11-04,17.756956100463867,18.700000762939453,18.899999618530273,18.5,18.799999237060547,80314000
2025-11-05,17.851911544799805,18.799999237060547,18.899999618530273,18.5,18.5,60640600
2025-11-06,17.661998748779297,18.600000381469727,18.799999237060547,18.399999618530273,18.799999237060547,70757000
2025-11-07,17.567041397094727,18.5,18.799999237060547,18.399999618530273,18.600000381469727,89374500
2025-11-10,17.661998748779297,18.600000381469727,18.700000762939453,18.399999618530273,18.5,84576000
2025-11-11,17.567041397094727,18.5,18.799999237060547,18.299999237060547,18.600000381469727,82298100
2025-11-12,17.851911544799805,18.799999237060547,19.200000762939453,18.5,18.600000381469727,117781900
2025-11-13,18.706525802612305,19.700000762939453,19.899999618530273,19.0,19.200000762939453,198640600
2025-11-14,18.611568450927734,19.600000381469727,19.899999618530273,19.5,19.600000381469727,70399400
2025-11-17,18.326696395874023,19.299999237060547,19.799999237060547,19.200000762939453,19.700000762939453,73392600
2025-11-18,18.136783599853516,19.100000381469727,19.299999237060547,18.899999618530273,19.200000762939453,74934500
2025-11-19,18.231740951538086,19.200000762939453,19.200000762939453,18.899999618530273,19.0,57623000
2025-11-20,17.946868896484375,18.899999618530273,19.200000762939453,18.899999618530273,19.200000762939453,45164300
2025-11-21,17.851911544799805,18.799999237060547,19.0,18.700000762939453,18.899999618530273,62188200
2025-11-24,17.661998748779297,18.600000381469727,19.0,18.600000381469727,18.799999237060547,74694700
2025-11-25,17.661998748779297,18.600000381469727,18.899999618530273,18.399999618530273,18.600000381469727,112038500
2025-11-26,17.472084045410156,18.399999618530273,18.700000762939453,18.299999237060547,18.600000381469727,79349600
2025-11-27,17.946868896484375,18.899999618530273,19.200000762939453,18.600000381469727,18.700000762939453,96796300
2025-11-28,18.041826248168945,19.0,19.100000381469727,18.799999237060547,19.0,48498100
2025-12-01,18.041826248168945,19.0,19.299999237060547,18.899999618530273,18.899999618530273,69947500
2025-12-02,18.136783599853516,19.100000381469727,19.200000762939453,18.899999618530273,19.100000381469727,44887600
2025-12-03,18.041826248168945,19.0,19.100000381469727,18.700000762939453,19.100000381469727,49483400
2025-12-04,17.851911544799805,18.799999237060547,18.899999618530273,18.600000381469727,18.799999237060547,44122500
2025-12-08,17.946868896484375,18.899999618530273,18.899999618530273,18.600000381469727,18.799999237060547,27889000
2025-12-09,18.231740951538086,19.200000762939453,19.299999237060547,18.700000762939453,18.899999618530273,51190800
2025-12-11,18.516611099243164,19.5,19.600000381469727,19.100000381469727,19.200000762939453,73442200
2025-12-12,19.086353302001953,20.100000381469727,20.299999237060547,19.600000381469727,19.600000381469727,124198200
2025-12-15,19.086353302001953,20.100000381469727,20.100000381469727,19.700000762939453,20.0,67520800
2025-12-16,18.706525802612305,19.700000762939453,20.100000381469727,19.600000381469727,19.899999618530273,54886400
2025-12-17,18.801481246948242,19.799999237060547,20.0,19.700000762939453,19.799999237060547,40975400
2025-12-18,18.421653747558594,19.399999618530273,19.899999618530273,19.299999237060547,19.799999237060547,61724400
2025-12-19,18.706525802612305,19.700000762939453,19.700000762939453,19.399999618530273,19.5,33687300
2025-12-22,18.516611099243164,19.5,19.700000762939453,19.399999618530273,19.600000381469727,33552700
2025-12-23,18.421653747558594,19.399999618530273,19.600000381469727,19.299999237060547,19.5,25536300
2025-12-24,18.801481246948242,19.799999237060547,19.799999237060547,19.399999618530273,19.399999618530273,52425000
2025-12-25,18.611568450927734,19.600000381469727,19.799999237060547,19.5,19.799999237060547,17683200
2025-12-26,18.611568450927734,19.600000381469727,19.600000381469727,19.5,19.600000381469727,11470900
2025-12-29,18.421653747558594,19.399999618530273,19.700000762939453,19.399999618530273,19.600000381469727,26617000
2025-12-30,18.326696395874023,19.299999237060547,19.600000381469727,19.200000762939453,19.5,36787500
2026-01-05,18.421653747558594,19.399999618530273,19.700000762939453,19.399999618530273,19.399999618530273,37946300
2026-01-06,18.326696395874023,19.299999237060547,19.399999618530273,19.100000381469727,19.399999618530273,43789200
2026-01-07,18.516611099243164,19.5,19.700000762939453,19.200000762939453,19.299999237060547,58310500
2026-01-08,18.421653747558594,19.399999618530273,19.600000381469727,19.299999237060547,19.399999618530273,42078900
2026-01-09,17.946868896484375,18.899999618530273,19.399999618530273,18.799999237060547,19.299999237060547,60233600
2026-01-12,17.187213897705078,18.100000381469727,18.700000762939453,18.100000381469727,18.700000762939453,132430400
2026-01-13,16.71242904663086,17.600000381469727,18.299999237060547,17.399999618530273,18.200000762939453,175695400
2026-01-14,17.092256546020508,18.0,18.200000762939453,17.700000762939453,17.899999618530273,91458700
2026-01-15,17.567041397094727,18.5,18.600000381469727,17.899999618530273,18.0,58983200
2026-01-16,17.946868896484375,18.899999618530273,18.899999618530273,18.399999618530273,18.600000381469727,54794400
2026-01-19,18.516611099243164,19.5,19.600000381469727,18.899999618530273,18.899999618530273,90579400
2026-01-20,19.086353302001953,20.100000381469727,20.299999237060547,19.5,19.700000762939453,157361500
2026-01-21,19.37122344970703,20.399999618530273,20.600000381469727,20.200000762939453,20.299999237060547,94381200
2026-01-22,19.086353302001953,20.100000381469727,20.5,19.799999237060547,20.299999237060547,202659100
2026-01-23,18.991395950317383,20.0,20.200000762939453,19.799999237060547,19.899999618530273,66853800
2026-01-26,19.181310653686523,20.200000762939453,20.200000762939453,19.5,19.899999618530273,75148200
2026-01-27,18.991395950317383,20.0,20.200000762939453,20.0,20.100000381469727,70283300
2026-01-28,18.991395950317383,20.0,20.200000762939453,19.799999237060547,20.200000762939453,39552400
2026-01-29,19.086353302001953,20.100000381469727,20.399999618530273,20.100000381469727,20.100000381469727,65783200
2026-01-30,19.086353302001953,20.100000381469727,20.200000762939453,19.899999618530273,20.0,33413900
2026-02-02,18.896438598632812,19.899999618530273,20.200000762939453,19.799999237060547,20.100000381469727,38505700
2026-02-03,18.706525802612305,19.700000762939453,20.299999237060547,19.600000381469727,20.0,74652900
2026-02-04,18.896438598632812,19.899999618530273,20.0,19.700000762939453,19.700000762939453,44375300
2026-02-05,19.37122344970703,20.399999618530273,20.5,20.0,20.0,93675100
2026-02-06,19.84600830078125,20.899999618530273,20.899999618530273,20.399999618530273,20.399999618530273,83353500
2026-02-09,19.94096565246582,21.0,21.399999618530273,20.899999618530273,21.299999237060547,112808200
2026-02-10,19.84600830078125,20.899999618530273,21.200000762939453,20.899999618530273,21.200000762939453,43026800
2026-02-11,19.84600830078125,20.899999618530273,21.200000762939453,20.799999237060547,20.899999618530273,80403000
2026-02-12,20.03592300415039,21.100000381469727,21.299999237060547,20.799999237060547,20.899999618530273,62892400
2026-02-13,20.2258358001709,21.299999237060547,21.700000762939453,21.0,21.100000381469727,128713500
2026-02-16,20.60566520690918,21.700000762939453,21.799999237060547,21.399999618530273,21.399999618530273,68472600
2026-02-17,20.700620651245117,21.799999237060547,21.799999237060547,21.399999618530273,21.799999237060547,37889300
2026-02-18,20.60566520690918,21.700000762939453,21.799999237060547,21.5,21.799999237060547,25624100
2026-02-19,21.17540740966797,22.299999237060547,22.399999618530273,21.700000762939453,21.799999237060547,93756300
2026-02-20,20.890535354614258,22.0,22.399999618530273,21.700000762939453,22.299999237060547,73067000
2026-02-23,20.32079315185547,21.399999618530273,22.100000381469727,21.200000762939453,22.0,98922600
2026-02-24,20.2258358001709,21.299999237060547,21.399999618530273,20.799999237060547,21.299999237060547,130834100
2026-02-25,20.32079315185547,21.399999618530273,21.600000381469727,21.200000762939453,21.5,64096500
2026-02-26,20.700620651245117,21.799999237060547,22.0,21.200000762939453,21.299999237060547,98776600
2026-02-27,20.60566520690918,21.700000762939453,21.799999237060547,21.5,21.700000762939453,82480700
2026-03-02,19.656097412109375,20.700000762939453,21.299999237060547,20.700000762939453,20.799999237060547,112491500
2026-03-04,18.516611099243164,19.5,19.700000762939453,18.799999237060547,18.899999618530273,241107700
2026-03-05,18.421653747558594,19.399999618530273,20.0,19.100000381469727,20.0,154424600
2026-03-06,18.231740951538086,19.200000762939453,19.299999237060547,19.0,19.100000381469727,119005000
2026-03-09,18.231740951538086,19.200000762939453,19.200000762939453,18.399999618530273,18.5,120689300
2026-03-10,18.379167556762695,18.700000762939453,18.899999618530273,18.600000381469727,18.899999618530273,144956400
2026-03-11,18.379167556762695,18.700000762939453,19.0,18.700000762939453,18.899999618530273,80758800
2026-03-12,18.379167556762695,18.700000762939453,18.799999237060547,18.399999618530273,18.5,123636100
2026-03-13,18.47745132446289,18.799999237060547,19.100000381469727,18.700000762939453,18.899999618530273,95396400
2026-03-16,18.47745132446289,18.799999237060547,19.0,18.700000762939453,18.799999237060547,38461600
2026-03-17,18.575735092163086,18.899999618530273,19.100000381469727,18.799999237060547,19.0,75960000
2026-03-18,18.379167556762695,18.700000762939453,19.0,18.700000762939453,18.899999618530273,61456900
2026-03-19,18.084314346313477,18.399999618530273,18.799999237060547,18.399999618530273,18.600000381469727,91424700
2026-03-20,18.575735092163086,18.899999618530273,18.899999618530273,18.5,18.600000381469727,91178500
2026-03-23,17.98602867126465,18.299999237060547,18.700000762939453,18.200000762939453,18.5,100267000
2026-03-24,17.98602867126465,18.299999237060547,18.5,18.200000762939453,18.299999237060547,46647100
2026-03-25,18.2808837890625,18.600000381469727,18.700000762939453,18.399999618530273,18.600000381469727,75149000
2026-03-26,17.98602867126465,18.299999237060547,18.5,18.299999237060547,18.399999618530273,37477300
2026-03-27,18.084314346313477,18.399999618530273,18.5,18.299999237060547,18.399999618530273,81337300
2026-03-30,18.084314346313477,18.399999618530273,18.5,18.200000762939453,18.200000762939453,75851300
2026-03-31,18.47745132446289,18.799999237060547,18.899999618530273,18.5,18.600000381469727,89218300
2026-04-01,18.77230453491211,19.100000381469727,19.200000762939453,18.899999618530273,19.200000762939453,75865700
2026-04-02,18.674020767211914,19.0,19.100000381469727,18.799999237060547,18.899999618530273,57961900
2026-04-03,18.674020767211914,19.0,19.100000381469727,18.799999237060547,19.100000381469727,39288200
2026-04-07,18.575735092163086,18.899999618530273,19.0,18.700000762939453,19.0,30140400
2026-04-08,18.77230453491211,19.100000381469727,19.299999237060547,19.0,19.299999237060547,55799900
2026-04-09,18.47745132446289,18.799999237060547,19.100000381469727,18.700000762939453,19.100000381469727,48411300
2026-04-10,18.2808837890625,18.600000381469727,18.799999237060547,18.5,18.700000762939453,48906200
2026-04-16,18.2808837890625,18.600000381469727,18.799999237060547,18.399999618530273,18.600000381469727,121179700
2026-04-17,18.379167556762695,18.700000762939453,18.799999237060547,18.5,18.600000381469727,42549000
2026-04-20,18.2808837890625,18.600000381469727,18.700000762939453,18.5,18.700000762939453,35758000
2026-04-21,18.2808837890625,18.600000381469727,18.799999237060547,18.600000381469727,18.600000381469727,22860900
2026-04-22,18.2808837890625,18.600000381469727,18.700000762939453,18.5,18.600000381469727,19940000
2026-04-23,18.182598114013672,18.5,18.600000381469727,18.399999618530273,18.600000381469727,40843300
2026-04-24,18.182598114013672,18.5,18.5,18.299999237060547,18.5,36228000
2026-04-27,17.98602867126465,18.299999237060547,18.5,18.299999237060547,18.5,36090700
2026-04-28,17.887746810913086,18.200000762939453,18.399999618530273,18.200000762939453,18.299999237060547,43778800
2026-04-29,18.084314346313477,18.399999618530273,18.399999618530273,18.100000381469727,18.200000762939453,51356400
2026-04-30,17.98602867126465,18.299999237060547,18.399999618530273,18.200000762939453,18.299999237060547,39341500
2026-05-01,17.98602867126465,18.299999237060547,18.299999237060547,18.299999237060547,18.299999237060547,0
2026-05-04,17.98602867126465,18.299999237060547,18.299999237060547,18.299999237060547,18.299999237060547,0
2026-05-05,18.182598114013672,18.5,18.700000762939453,18.299999237060547,18.299999237060547,82244700
2026-05-06,18.084314346313477,18.399999618530273,18.5,18.299999237060547,18.5,70979700
2026-05-07,18.084314346313477,18.399999618530273,18.899999618530273,18.399999618530273,18.5,148126800
2026-05-08,18.084314346313477,18.399999618530273,18.600000381469727,18.299999237060547,18.5,34198800
2026-05-11,18.084314346313477,18.399999618530273,18.5,18.299999237060547,18.399999618530273,23855900
2026-05-12,17.98602867126465,18.299999237060547,18.5,18.299999237060547,18.399999618530273,26904000
2026-05-13,17.887746810913086,18.200000762939453,18.399999618530273,18.200000762939453,18.299999237060547,59955700
2026-05-14,18.182598114013672,18.5,18.5,18.200000762939453,18.299999237060547,102031900
2026-05-15,17.98602867126465,18.299999237060547,18.5,18.100000381469727,18.5,62191900
2026-05-18,17.98602867126465,18.299999237060547,18.399999618530273,18.200000762939453,18.200000762939453,38574700
2026-05-19,17.98602867126465,18.299999237060547,18.399999618530273,18.200000762939453,18.299999237060547,30787300
2026-05-20,17.789461135864258,18.100000381469727,18.399999618530273,18.0,18.299999237060547,109798500
2026-05-21,17.887746810913086,18.200000762939453,18.200000762939453,18.0,18.200000762939453,27851000
2026-05-22,17.789461135864258,18.100000381469727,18.200000762939453,18.100000381469727,18.100000381469727,32456700
2026-05-25,17.887746810913086,18.200000762939453,18.399999618530273,18.200000762939453,18.299999237060547,35269800
2026-05-26,17.98602867126465,18.299999237060547,18.5,18.299999237060547,18.299999237060547,47629447
2026-05-27,17.98602867126465,18.299999237060547,18.399999618530273,18.299999237060547,18.399999618530273,16857100
2026-05-28,17.789461135864258,18.100000381469727,18.399999618530273,18.100000381469727,18.399999618530273,42670400
2026-05-29,17.887746810913086,18.200000762939453,18.399999618530273,18.200000762939453,18.200000762939453,73161800
2026-06-01,17.887746810913086,18.200000762939453,18.200000762939453,18.200000762939453,18.200000762939453,0
2026-06-02,17.887746810913086,18.200000762939453,18.299999237060547,18.100000381469727,18.200000762939453,63520100
2026-06-03,17.887746810913086,18.200000762939453,18.200000762939453,18.200000762939453,18.200000762939453,0
2026-06-04,17.887746810913086,18.200000762939453,18.399999618530273,18.200000762939453,18.200000762939453,39033700
2026-06-05,18.084314346313477,18.399999618530273,18.600000381469727,18.200000762939453,18.299999237060547,96389800
2026-06-08,17.887746810913086,18.200000762939453,18.399999618530273,18.200000762939453,18.299999237060547,28690400
2026-06-09,17.789461135864258,18.100000381469727,18.299999237060547,18.100000381469727,18.299999237060547,59922700
2026-06-10,17.691177368164062,18.0,18.100000381469727,18.0,18.100000381469727,49176400
2026-06-11,17.592891693115234,17.899999618530273,18.100000381469727,17.799999237060547,18.0,62525200
2026-06-12,17.691177368164062,18.0,18.100000381469727,17.899999618530273,17.899999618530273,28045700
2026-06-15,17.887746810913086,18.200000762939453,18.299999237060547,18.100000381469727,18.200000762939453,35956600
2026-06-16,17.98602867126465,18.299999237060547,18.399999618530273,18.200000762939453,18.299999237060547,42038800
2026-06-17,18.2808837890625,18.600000381469727,18.600000381469727,18.299999237060547,18.299999237060547,83318200
2026-06-18,17.98602867126465,18.299999237060547,18.700000762939453,18.200000762939453,18.600000381469727,93809200
2026-06-19,17.98602867126465,18.299999237060547,18.399999618530273,18.200000762939453,18.299999237060547,89921700
2026-06-22,18.182598114013672,18.5,18.5,18.200000762939453,18.299999237060547,46694100
2026-06-23,17.887746810913086,18.200000762939453,18.5,18.200000762939453,18.399999618530273,58225500
2026-06-24,18.084314346313477,18.399999618530273,18.5,18.200000762939453,18.299999237060547,49905300
2026-06-25,18.084314346313477,18.399999618530273,18.600000381469727,18.299999237060547,18.399999618530273,69495600
2026-06-26,18.575735092163086,18.899999618530273,18.899999618530273,18.399999618530273,18.600000381469727,167303900
2026-06-29,19.067157745361328,19.399999618530273,19.399999618530273,19.0,19.0,136407900
2026-06-30,18.9688720703125,19.299999237060547,19.5,19.100000381469727,19.5,113639200
2026-07-01,18.9688720703125,19.299999237060547,19.399999618530273,19.100000381469727,19.200000762939453,65975800
2026-07-02,19.362010955810547,19.700000762939453,19.799999237060547,19.299999237060547,19.299999237060547,93531400
2026-07-03,19.75514793395996,20.100000381469727,20.100000381469727,19.799999237060547,19.899999618530273,94603100
2026-07-06,19.362010955810547,19.700000762939453,20.100000381469727,19.600000381469727,20.100000381469727,87099900
2026-07-07,19.362010955810547,19.700000762939453,19.799999237060547,19.399999618530273,19.700000762939453,84414600
2026-07-08,18.870590209960938,19.200000762939453,19.799999237060547,19.200000762939453,19.700000762939453,123412900
2026-07-09,19.165441513061523,19.5,19.600000381469727,19.299999237060547,19.299999237060547,43215100
2026-07-10,19.26372718811035,19.600000381469727,19.700000762939453,19.399999618530273,19.5,53010400
2026-07-13,19.067157745361328,19.399999618530273,19.600000381469727,19.299999237060547,19.5,54103600
2026-07-14,18.9688720703125,19.299999237060547,19.5,19.200000762939453,19.299999237060547,53732100
2026-07-15,19.067157745361328,19.399999618530273,19.600000381469727,19.399999618530273,19.5,32680200
2026-07-16,19.26372718811035,19.600000381469727,19.600000381469727,19.5,19.5,27953700
2026-07-17,19.362010955810547,19.700000762939453,19.799999237060547,19.5,19.5,55949800
2026-07-20,19.26372718811035,19.600000381469727,19.799999237060547,19.299999237060547,19.799999237060547,74164900
2026-07-21,19.165441513061523,19.5,19.600000381469727,19.399999618530273,19.600000381469727,47802300
2026-07-22,19.165441513061523,19.5,19.600000381469727,19.399999618530273,19.600000381469727,41591000
2026-07-23,18.870590209960938,19.200000762939453,19.600000381469727,19.100000381469727,19.5,64052800
2026-07-24,18.575735092163086,18.899999618530273,19.100000381469727,18.700000762939453,19.0,105466300
2026-07-27,18.674020767211914,19.0,19.100000381469727,18.899999618530273,19.0,31327800
2026-07-28,18.674020767211914,19.0,19.0,19.0,19.0,0
2026-07-29,18.674020767211914,19.0,19.0,19.0,19.0,0
2026-07-30,18.674020767211914,19.0,19.100000381469727,18.799999237060547,19.0,56731800
2026-07-31,18.870590209960938,19.200000762939453,19.299999237060547,19.0,19.100000381469727,53997900
2026-08-03,19.26372718811035,19.600000381469727,19.600000381469727,19.100000381469727,19.299999237060547,68054400
2026-08-04,19.165441513061523,19.5,19.899999618530273,19.5,19.700000762939453,73840200
2026-08-05,19.26372718811035,19.600000381469727,19.799999237060547,19.5,19.700000762939453,66846400
2026-08-06,19.558578491210938,19.899999618530273,20.100000381469727,19.5,19.600000381469727,145868100
2026-08-07,19.75514793395996,20.100000381469727,20.200000762939453,19.899999618530273,20.0,67622400
2026-08-10,19.558578491210938,19.899999618530273,20.200000762939453,19.899999618530273,20.100000381469727,41187200
2026-08-11,19.362010955810547,19.700000762939453,19.899999618530273,19.5,19.899999618530273,84296700
2026-08-12,19.362010955810547,19.700000762939453,19.700000762939453,19.700000762939453,19.700000762939453,0
2026-08-13,19.26372718811035,19.600000381469727,19.899999618530273,19.600000381469727,19.700000762939453,50416600
2026-08-14,19.165441513061523,19.5,19.899999618530273,19.399999618530273,19.600000381469727,68157200
2026-08-17,19.165441513061523,19.5,19.5,19.299999237060547,19.5,29322300
2026-08-18,19.067157745361328,19.399999618530273,19.5,19.200000762939453,19.399999618530273,115827200
2026-08-19,19.067157745361328,19.399999618530273,19.600000381469727,19.299999237060547,19.299999237060547,54441500
2026-08-20,19.460294723510742,19.799999237060547,20.0,19.5,19.600000381469727,164487000
2026-08-21,19.558578491210938,19.899999618530273,20.100000381469727,19.799999237060547,19.899999618530273,118901000
2026-08-24,19.460294723510742,19.799999237060547,20.200000762939453,19.700000762939453,20.100000381469727,120163000
2026-08-25,19.362010955810547,19.700000762939453,20.0,19.600000381469727,19.899999618530273,85874800
2026-08-26,19.362010955810547,19.700000762939453,19.899999618530273,19.5,19.700000762939453,58023900
2026-08-27,19.26372718811035,19.600000381469727,19.899999618530273,19.600000381469727,19.899999618530273,57435200
