Date,Adj Close,Close,High,Low,Open,Volume
2016-08-26,6.721007347106934,7.949999809265137,8.050000190734863,7.949999809265137,8.0,41106400
2016-08-29,6.42511510848999,7.599999904632568,7.900000095367432,7.599999904632568,7.900000095367432,382956700
2016-08-30,6.42511510848999,7.599999904632568,7.699999809265137,7.599999904632568,7.599999904632568,138413000
2016-08-31,6.509655475616455,7.699999809265137,7.75,7.599999904632568,7.650000095367432,123703500
2016-09-01,6.5941972732543945,7.800000190734863,7.900000095367432,7.699999809265137,7.75,155459100
2016-09-02,6.509655475616455,7.699999809265137,7.800000190734863,7.599999904632568,7.800000190734863,188820400
2016-09-05,6.256032943725586,7.400000095367432,7.75,7.300000190734863,7.699999809265137,267059100
2016-09-06,6.340573310852051,7.5,7.599999904632568,7.349999904632568,7.400000095367432,167268400
2016-09-07,6.129220485687256,7.25,7.650000095367432,7.25,7.599999904632568,147733600
2016-09-08,5.917868614196777,7.0,7.300000190734863,6.949999809265137,7.25,290910300
2016-09-09,5.875598430633545,6.949999809265137,7.050000190734863,6.849999904632568,7.0,196396000
2016-09-12,5.662714958190918,6.650000095367432,6.849999904632568,6.599999904632568,6.650000095367432,112698700
2016-09-13,5.875598430633545,6.900000095367432,6.949999809265137,6.800000190734863,6.849999904632568,121132200
2016-09-14,5.960752010345459,7.0,7.099999904632568,6.900000095367432,6.900000095367432,141314300
2016-09-15,6.258789539337158,7.349999904632568,7.349999904632568,7.050000190734863,7.099999904632568,174407600
2016-09-16,6.343943119049072,7.449999809265137,7.550000190734863,7.300000190734863,7.5,347036100
2016-09-19,6.386519432067871,7.5,7.550000190734863,7.400000095367432,7.5,141110200
2016-09-20,6.216212749481201,7.300000190734863,7.5,7.199999809265137,7.449999809265137,178862400
2016-09-21,6.216212749481201,7.300000190734863,7.400000095367432,7.25,7.349999904632568,85711300
2016-09-22,6.258789539337158,7.349999904632568,7.449999809265137,7.300000190734863,7.400000095367432,66657200
2016-09-23,6.1736345291137695,7.25,7.349999904632568,7.150000095367432,7.349999904632568,81336200
2016-09-26,6.131058692932129,7.199999809265137,7.300000190734863,7.150000095367432,7.199999809265137,71540700
2016-09-27,6.131058692932129,7.199999809265137,7.300000190734863,7.199999809265137,7.199999809265137,32637000
2016-09-28,6.003329277038574,7.050000190734863,7.25,7.0,7.199999809265137,58341200
2016-09-29,6.003329277038574,7.050000190734863,7.150000095367432,7.050000190734863,7.099999904632568,56327600
2016-09-30,5.875598430633545,6.900000095367432,7.050000190734863,6.900000095367432,7.0,78464000
2016-10-03,5.918175220489502,6.949999809265137,7.0,6.900000095367432,6.949999809265137,44113500
2016-10-04,6.258789539337158,7.349999904632568,7.349999904632568,6.949999809265137,6.949999809265137,104908900
2016-10-05,6.1736345291137695,7.25,7.400000095367432,7.199999809265137,7.349999904632568,66689200
2016-10-06,6.1736345291137695,7.25,7.349999904632568,7.199999809265137,7.300000190734863,48714000
2016-10-07,6.045905590057373,7.099999904632568,7.300000190734863,7.050000190734863,7.25,84140500
2016-10-10,5.747868537902832,6.75,6.949999809265137,6.699999809265137,6.75,212696200
2016-10-11,5.747868537902832,6.75,6.900000095367432,6.599999904632568,6.849999904632568,114055200
2016-10-12,5.5775604248046875,6.550000190734863,6.75,6.099999904632568,6.699999809265137,400744200
2016-10-13,5.747868537902832,6.75,6.849999904632568,6.150000095367432,6.400000095367432,414968700
2016-10-14,6.003329277038574,7.050000190734863,7.150000095367432,6.800000190734863,7.050000190734863,405067000
2016-10-17,5.960752010345459,7.0,7.050000190734863,6.849999904632568,7.0,147145900
2016-10-18,5.875598430633545,6.900000095367432,7.050000190734863,6.849999904632568,7.0,117039200
2016-10-19,6.131058692932129,7.199999809265137,7.300000190734863,6.849999904632568,6.900000095367432,221181700
2016-10-20,6.258789539337158,7.349999904632568,7.449999809265137,7.300000190734863,7.300000190734863,263539500
2016-10-21,6.514250755310059,7.650000095367432,7.75,7.300000190734863,7.349999904632568,414938800
2016-10-25,6.5994038581848145,7.75,7.75,7.650000095367432,7.699999809265137,167650000
2016-10-26,6.386519432067871,7.5,7.75,7.5,7.699999809265137,152764800
2016-10-27,6.343943119049072,7.449999809265137,7.599999904632568,7.400000095367432,7.5,141727000
2016-10-28,6.386519432067871,7.5,7.599999904632568,7.449999809265137,7.5,91820600
2016-10-31,6.343943119049072,7.449999809265137,7.550000190734863,7.449999809265137,7.5,57578800
2016-11-01,6.471673965454102,7.599999904632568,7.699999809265137,7.5,7.5,119924500
2016-11-02,6.386519432067871,7.5,7.599999904632568,7.5,7.599999904632568,64151800
2016-11-03,6.514250755310059,7.650000095367432,7.75,7.550000190734863,7.550000190734863,207951800
2016-11-04,6.429096698760986,7.550000190734863,7.699999809265137,7.550000190734863,7.599999904632568,114466000
2016-11-07,6.769710540771484,7.949999809265137,7.949999809265137,7.650000095367432,7.699999809265137,293216600
2016-11-08,6.6419806480407715,7.800000190734863,8.100000381469727,7.800000190734863,7.949999809265137,337391800
2016-11-09,6.727134704589844,7.900000095367432,7.949999809265137,7.599999904632568,7.699999809265137,390671500
2016-11-10,6.5994038581848145,7.75,8.0,7.699999809265137,7.949999809265137,258487900
2016-11-11,6.514250755310059,7.650000095367432,7.849999904632568,7.650000095367432,7.699999809265137,244366400
2016-11-14,6.301366329193115,7.400000095367432,7.599999904632568,7.400000095367432,7.550000190734863,135780300
2016-11-15,6.429096698760986,7.550000190734863,7.599999904632568,7.349999904632568,7.449999809265137,85067600
2016-11-16,6.386519432067871,7.5,7.650000095367432,7.5,7.650000095367432,55776100
2016-11-17,6.386519432067871,7.5,7.650000095367432,7.449999809265137,7.550000190734863,80834600
2016-11-18,6.343943119049072,7.449999809265137,7.5,7.400000095367432,7.5,75373400
2016-11-21,6.386519432067871,7.5,7.550000190734863,7.400000095367432,7.449999809265137,81059100
2016-11-22,6.301366329193115,7.400000095367432,7.550000190734863,7.400000095367432,7.5,91041100
2016-11-23,6.343943119049072,7.449999809265137,7.5,7.349999904632568,7.400000095367432,68506100
2016-11-24,6.301366329193115,7.400000095367432,7.449999809265137,7.400000095367432,7.449999809265137,15225400
2016-11-25,6.429096698760986,7.550000190734863,7.550000190734863,7.400000095367432,7.449999809265137,85959400
2016-11-28,6.556827068328857,7.699999809265137,7.75,7.550000190734863,7.599999904632568,165829100
2016-11-29,6.471673965454102,7.599999904632568,7.800000190734863,7.599999904632568,7.75,84230500
2016-11-30,6.5994038581848145,7.75,7.75,7.599999904632568,7.650000095367432,102592100
2016-12-01,6.514250755310059,7.650000095367432,7.800000190734863,7.599999904632568,7.800000190734863,76995000
2016-12-02,6.429096698760986,7.550000190734863,7.699999809265137,7.5,7.599999904632568,36898900
2016-12-06,6.429096698760986,7.550000190734863,7.599999904632568,7.5,7.550000190734863,29257900
2016-12-07,6.343943119049072,7.449999809265137,7.5,7.349999904632568,7.5,124736700
2016-12-08,6.429096698760986,7.550000190734863,7.650000095367432,7.5,7.5,86171800
2016-12-09,6.471673965454102,7.599999904632568,7.699999809265137,7.5,7.650000095367432,82585400
2016-12-13,6.471673965454102,7.599999904632568,7.599999904632568,7.449999809265137,7.599999904632568,64357600
2016-12-14,6.343943119049072,7.449999809265137,7.550000190734863,7.400000095367432,7.550000190734863,76412600
2016-12-15,6.429096698760986,7.550000190734863,7.550000190734863,7.400000095367432,7.400000095367432,90611800
2016-12-16,6.343943119049072,7.449999809265137,7.599999904632568,7.449999809265137,7.550000190734863,89146300
2016-12-19,6.343943119049072,7.449999809265137,7.550000190734863,7.400000095367432,7.5,46850100
2016-12-20,6.301366329193115,7.400000095367432,7.5,7.400000095367432,7.449999809265137,40436400
2016-12-21,6.343943119049072,7.449999809265137,7.5,7.349999904632568,7.449999809265137,47204800
2016-12-22,6.258789539337158,7.349999904632568,7.5,7.349999904632568,7.449999809265137,46436500
2016-12-23,6.258789539337158,7.349999904632568,7.400000095367432,7.300000190734863,7.349999904632568,45440800
2016-12-26,6.1736345291137695,7.25,7.349999904632568,7.25,7.349999904632568,43822900
2016-12-27,6.258789539337158,7.349999904632568,7.400000095367432,7.300000190734863,7.300000190734863,50480900
2016-12-28,6.301366329193115,7.400000095367432,7.449999809265137,7.349999904632568,7.400000095367432,39603200
2016-12-29,6.343943119049072,7.449999809265137,7.449999809265137,7.349999904632568,7.449999809265137,32473500
2016-12-30,6.343943119049072,7.449999809265137,7.5,7.400000095367432,7.449999809265137,24661200
2017-01-04,6.386519432067871,7.5,7.550000190734863,7.449999809265137,7.5,84200000
2017-01-05,6.386519432067871,7.5,7.550000190734863,7.449999809265137,7.550000190734863,72730800
2017-01-06,6.429096698760986,7.550000190734863,7.699999809265137,7.5,7.550000190734863,238239000
2017-01-09,6.386519432067871,7.5,7.599999904632568,7.5,7.599999904632568,59529400
2017-01-10,6.514250755310059,7.650000095367432,7.650000095367432,7.5,7.5,41913500
2017-01-11,6.471673965454102,7.599999904632568,7.699999809265137,7.550000190734863,7.650000095367432,54236700
2017-01-12,6.429096698760986,7.550000190734863,7.650000095367432,7.5,7.599999904632568,30603800
2017-01-16,6.386519432067871,7.5,7.650000095367432,7.449999809265137,7.599999904632568,79086900
2017-01-17,6.386519432067871,7.5,7.550000190734863,7.449999809265137,7.5,20448200
2017-01-18,6.343943119049072,7.449999809265137,7.550000190734863,7.400000095367432,7.5,34391900
2017-01-19,6.258789539337158,7.349999904632568,7.449999809265137,7.300000190734863,7.449999809265137,81948400
2017-01-20,6.301366329193115,7.400000095367432,7.449999809265137,7.300000190734863,7.349999904632568,36632000
2017-01-23,6.258789539337158,7.349999904632568,7.400000095367432,7.300000190734863,7.400000095367432,46771200
2017-01-24,6.216212749481201,7.300000190734863,7.349999904632568,7.25,7.349999904632568,79085600
2017-01-25,6.131058692932129,7.199999809265137,7.349999904632568,7.199999809265137,7.300000190734863,87807200
2017-01-26,6.003329277038574,7.050000190734863,7.25,7.050000190734863,7.199999809265137,146714900
2017-01-27,6.131058692932129,7.199999809265137,7.199999809265137,7.050000190734863,7.099999904632568,58227600
2017-01-30,6.045905590057373,7.099999904632568,7.199999809265137,7.050000190734863,7.199999809265137,53190000
2017-01-31,6.003329277038574,7.050000190734863,7.099999904632568,7.0,7.099999904632568,75179300
2017-02-01,5.960752010345459,7.0,7.099999904632568,7.0,7.0,43854800
2017-02-02,5.960752010345459,7.0,7.099999904632568,7.0,7.0,49981100
2017-02-03,6.088481426239014,7.150000095367432,7.150000095367432,6.949999809265137,7.0,108805400
2017-02-06,5.960752010345459,7.0,7.199999809265137,7.0,7.150000095367432,84089700
2017-02-07,6.003329277038574,7.050000190734863,7.099999904632568,6.949999809265137,7.0,59700200
2017-02-08,6.045905590057373,7.099999904632568,7.199999809265137,7.0,7.099999904632568,84776600
2017-02-09,6.045905590057373,7.099999904632568,7.150000095367432,7.050000190734863,7.099999904632568,54800100
2017-02-10,6.131058692932129,7.199999809265137,7.25,7.099999904632568,7.150000095367432,74520200
2017-02-14,6.003329277038574,7.050000190734863,7.25,7.0,7.25,94792100
2017-02-15,6.045905590057373,7.099999904632568,7.150000095367432,7.050000190734863,7.099999904632568,43116500
2017-02-16,6.088481426239014,7.150000095367432,7.199999809265137,7.050000190734863,7.150000095367432,56322100
2017-02-17,6.088481426239014,7.150000095367432,7.199999809265137,7.099999904632568,7.150000095367432,35052400
2017-02-20,6.131058692932129,7.199999809265137,7.199999809265137,7.099999904632568,7.150000095367432,19376200
2017-02-21,6.045905590057373,7.099999904632568,7.199999809265137,7.099999904632568,7.199999809265137,22305400
2017-02-22,6.088481426239014,7.150000095367432,7.150000095367432,7.050000190734863,7.099999904632568,34832200
2017-02-23,6.045905590057373,7.099999904632568,7.150000095367432,7.050000190734863,7.099999904632568,31227500
2017-02-24,6.045905590057373,7.099999904632568,7.150000095367432,7.050000190734863,7.099999904632568,24725000
2017-02-27,6.003329277038574,7.050000190734863,7.099999904632568,7.0,7.099999904632568,23749300
2017-02-28,6.003329277038574,7.050000190734863,7.099999904632568,7.0,7.050000190734863,24359400
2017-03-01,6.003329277038574,7.050000190734863,7.099999904632568,7.050000190734863,7.099999904632568,12708400
2017-03-02,6.045905590057373,7.099999904632568,7.150000095367432,7.050000190734863,7.050000190734863,35526600
2017-03-03,6.003329277038574,7.050000190734863,7.099999904632568,7.050000190734863,7.099999904632568,15080700
2017-03-06,6.003329277038574,7.050000190734863,7.099999904632568,7.0,7.050000190734863,28687600
2017-03-07,6.045905590057373,7.099999904632568,7.199999809265137,7.050000190734863,7.050000190734863,33625000
2017-03-08,5.960752010345459,7.0,7.150000095367432,6.949999809265137,7.099999904632568,96103000
2017-03-09,6.003329277038574,7.050000190734863,7.050000190734863,6.949999809265137,7.0,32434800
2017-03-10,5.960752010345459,7.0,7.099999904632568,7.0,7.050000190734863,31394900
2017-03-13,6.003329277038574,7.050000190734863,7.099999904632568,6.949999809265137,7.0,31776700
2017-03-14,6.045905590057373,7.099999904632568,7.099999904632568,7.0,7.050000190734863,18985600
2017-03-15,6.003329277038574,7.050000190734863,7.099999904632568,7.0,7.050000190734863,32822000
2017-03-16,6.045905590057373,7.099999904632568,7.199999809265137,7.050000190734863,7.099999904632568,74525300
2017-03-17,6.343943119049072,7.449999809265137,7.449999809265137,7.099999904632568,7.150000095367432,223899000
2017-03-20,6.258789539337158,7.349999904632568,7.5,7.300000190734863,7.449999809265137,79685200
2017-03-21,6.1736345291137695,7.25,7.400000095367432,7.199999809265137,7.349999904632568,151351400
2017-03-22,6.1736345291137695,7.25,7.300000190734863,7.199999809265137,7.199999809265137,43064800
2017-03-23,6.258789539337158,7.349999904632568,7.400000095367432,7.300000190734863,7.300000190734863,47442200
2017-03-24,6.386519432067871,7.5,7.5,7.400000095367432,7.400000095367432,125055400
2017-03-27,6.343943119049072,7.449999809265137,7.5,7.400000095367432,7.449999809265137,49419300
2017-03-28,6.471673965454102,7.599999904632568,7.599999904632568,7.449999809265137,7.5,181300000
2017-03-29,6.429096698760986,7.550000190734863,7.599999904632568,7.449999809265137,7.550000190734863,77773300
2017-03-30,6.471673965454102,7.599999904632568,7.650000095367432,7.5,7.550000190734863,122168900
2017-03-31,6.471673965454102,7.599999904632568,7.650000095367432,7.5,7.650000095367432,49048000
2017-04-03,6.429096698760986,7.550000190734863,7.650000095367432,7.550000190734863,7.650000095367432,38532600
2017-04-04,6.471673965454102,7.599999904632568,7.650000095367432,7.5,7.550000190734863,29022100
2017-04-05,6.386519432067871,7.5,7.599999904632568,7.5,7.599999904632568,30970500
2017-04-07,6.343943119049072,7.449999809265137,7.5,7.349999904632568,7.449999809265137,98300400
2017-04-10,6.258789539337158,7.349999904632568,7.400000095367432,7.300000190734863,7.400000095367432,44215500
2017-04-11,6.301366329193115,7.400000095367432,7.5,7.300000190734863,7.349999904632568,45685300
2017-04-12,6.343943119049072,7.449999809265137,7.449999809265137,7.349999904632568,7.400000095367432,12348300
2017-04-17,6.258789539337158,7.349999904632568,7.449999809265137,7.349999904632568,7.400000095367432,23299300
2017-04-18,6.301366329193115,7.400000095367432,7.400000095367432,7.349999904632568,7.400000095367432,30717200
2017-04-19,6.3099517822265625,7.349999904632568,7.400000095367432,7.300000190734863,7.349999904632568,36796100
2017-04-20,6.267026424407959,7.300000190734863,7.349999904632568,7.300000190734863,7.300000190734863,17175400
2017-04-21,6.267026424407959,7.300000190734863,7.400000095367432,7.300000190734863,7.349999904632568,25444000
2017-04-24,6.138250350952148,7.150000095367432,7.300000190734863,7.150000095367432,7.300000190734863,40412500
2017-04-25,6.18117618560791,7.199999809265137,7.25,7.099999904632568,7.199999809265137,38026000
2017-04-26,6.138250350952148,7.150000095367432,7.25,7.099999904632568,7.199999809265137,39056800
2017-04-27,6.138250350952148,7.150000095367432,7.25,7.099999904632568,7.150000095367432,24737300
2017-04-28,6.18117618560791,7.199999809265137,7.300000190734863,7.150000095367432,7.199999809265137,26986100
2017-05-02,6.3099517822265625,7.349999904632568,7.400000095367432,7.199999809265137,7.25,35330200
2017-05-03,6.2241010665893555,7.25,7.400000095367432,7.25,7.349999904632568,23095100
2017-05-04,6.3099517822265625,7.349999904632568,7.400000095367432,7.25,7.25,36808200
2017-05-08,6.395801067352295,7.449999809265137,7.5,7.300000190734863,7.300000190734863,64799200
2017-05-09,6.3099517822265625,7.349999904632568,7.449999809265137,7.349999904632568,7.449999809265137,36094600
2017-05-11,6.2241010665893555,7.25,7.400000095367432,7.199999809265137,7.349999904632568,39582400
2017-05-12,6.138250350952148,7.150000095367432,7.300000190734863,7.099999904632568,7.25,50479700
2017-05-15,6.138250350952148,7.150000095367432,7.150000095367432,7.150000095367432,7.150000095367432,1972800
2017-05-16,6.18117618560791,7.199999809265137,7.300000190734863,7.150000095367432,7.150000095367432,31139300
2017-05-17,6.18117618560791,7.199999809265137,7.25,7.150000095367432,7.25,21631300
2017-05-18,6.2241010665893555,7.25,7.25,7.150000095367432,7.150000095367432,20967000
2017-05-19,6.2241010665893555,7.25,7.25,7.199999809265137,7.25,10161000
2017-05-22,6.138250350952148,7.150000095367432,7.25,7.150000095367432,7.25,20881500
2017-05-23,6.138250350952148,7.150000095367432,7.199999809265137,7.150000095367432,7.150000095367432,22701000
2017-05-24,6.138250350952148,7.150000095367432,7.25,7.150000095367432,7.150000095367432,14874800
2017-05-25,6.267026424407959,7.300000190734863,7.300000190734863,7.150000095367432,7.199999809265137,25878500
2017-05-26,6.267026424407959,7.300000190734863,7.300000190734863,7.25,7.300000190734863,10059400
2017-05-29,6.2241010665893555,7.25,7.300000190734863,7.199999809265137,7.25,16087400
2017-05-30,6.2241010665893555,7.25,7.300000190734863,7.199999809265137,7.25,14697200
2017-05-31,6.2241010665893555,7.25,7.349999904632568,7.199999809265137,7.300000190734863,68879600
2017-06-01,6.18117618560791,7.199999809265137,7.300000190734863,7.199999809265137,7.25,19944600
2017-06-02,6.18117618560791,7.199999809265137,7.25,7.199999809265137,7.199999809265137,6448700
2017-06-05,6.2241010665893555,7.25,7.25,7.199999809265137,7.25,16846400
2017-06-06,6.18117618560791,7.199999809265137,7.300000190734863,7.150000095367432,7.25,32974600
2017-06-07,6.2241010665893555,7.25,7.25,7.150000095367432,7.199999809265137,25077000
2017-06-08,6.18117618560791,7.199999809265137,7.25,7.150000095367432,7.25,50763500
2017-06-09,6.18117618560791,7.199999809265137,7.199999809265137,7.099999904632568,7.199999809265137,32010300
2017-06-12,6.095326900482178,7.099999904632568,7.199999809265137,7.099999904632568,7.150000095367432,17753900
2017-06-13,6.18117618560791,7.199999809265137,7.25,7.099999904632568,7.150000095367432,44054000
2017-06-14,6.138250350952148,7.150000095367432,7.199999809265137,7.099999904632568,7.199999809265137,33265400
2017-06-15,6.138250350952148,7.150000095367432,7.199999809265137,7.150000095367432,7.150000095367432,26178000
2017-06-16,6.2241010665893555,7.25,7.25,7.099999904632568,7.150000095367432,39290000
2017-06-19,6.2241010665893555,7.25,7.25,7.199999809265137,7.25,6105900
2017-06-20,6.138250350952148,7.150000095367432,7.25,7.150000095367432,7.199999809265137,22382000
2017-06-21,6.138250350952148,7.150000095367432,7.199999809265137,7.099999904632568,7.150000095367432,25597700
2017-06-22,6.138250350952148,7.150000095367432,7.25,7.150000095367432,7.199999809265137,42335700
2017-06-23,6.352875709533691,7.400000095367432,7.400000095367432,7.199999809265137,7.199999809265137,198133800
2017-06-26,6.438724994659424,7.5,7.5,7.349999904632568,7.400000095367432,129021700
2017-06-27,6.352875709533691,7.400000095367432,7.5,7.349999904632568,7.5,39363800
2017-06-28,6.438724994659424,7.5,7.5,7.400000095367432,7.400000095367432,77201600
2017-06-29,6.395801067352295,7.449999809265137,7.550000190734863,7.400000095367432,7.5,61426400
2017-06-30,6.395801067352295,7.449999809265137,7.449999809265137,7.349999904632568,7.449999809265137,27845800
2017-07-03,6.567500114440918,7.650000095367432,7.650000095367432,7.449999809265137,7.5,139266800
2017-07-04,6.524575710296631,7.599999904632568,7.650000095367432,7.550000190734863,7.650000095367432,76345500
2017-07-05,6.524575710296631,7.599999904632568,7.699999809265137,7.550000190734863,7.599999904632568,96927200
2017-07-06,6.352875709533691,7.400000095367432,7.599999904632568,7.400000095367432,7.599999904632568,87052500
2017-07-07,6.395801067352295,7.449999809265137,7.449999809265137,7.400000095367432,7.449999809265137,9011200
2017-07-11,6.352875709533691,7.400000095367432,7.449999809265137,7.400000095367432,7.400000095367432,20379100
2017-07-12,6.395801067352295,7.449999809265137,7.5,7.400000095367432,7.449999809265137,48609800
2017-07-13,6.4816508293151855,7.550000190734863,7.550000190734863,7.5,7.5,56026900
2017-07-14,6.438724994659424,7.5,7.550000190734863,7.449999809265137,7.550000190734863,30867900
2017-07-17,6.4816508293151855,7.550000190734863,7.550000190734863,7.449999809265137,7.5,39921900
2017-07-18,6.438724994659424,7.5,7.550000190734863,7.449999809265137,7.550000190734863,27886100
2017-07-19,6.438724994659424,7.5,7.550000190734863,7.449999809265137,7.5,11016200
2017-07-20,6.395801067352295,7.449999809265137,7.550000190734863,7.449999809265137,7.5,15420400
2017-07-21,6.352875709533691,7.400000095367432,7.5,7.400000095367432,7.449999809265137,28896300
2017-07-24,6.352875709533691,7.400000095367432,7.449999809265137,7.400000095367432,7.400000095367432,10333800
2017-07-25,6.352875709533691,7.400000095367432,7.449999809265137,7.300000190734863,7.400000095367432,51603200
2017-07-26,6.3099517822265625,7.349999904632568,7.449999809265137,7.349999904632568,7.400000095367432,10548900
2017-07-27,6.395801067352295,7.449999809265137,7.449999809265137,7.349999904632568,7.400000095367432,30375100
2017-07-31,6.438724994659424,7.5,7.5,7.400000095367432,7.449999809265137,28664200
2017-08-01,6.352875709533691,7.400000095367432,7.5,7.400000095367432,7.5,25903100
2017-08-02,6.395801067352295,7.449999809265137,7.449999809265137,7.349999904632568,7.400000095367432,23984200
2017-08-03,6.352875709533691,7.400000095367432,7.449999809265137,7.300000190734863,7.400000095367432,31637300
2017-08-04,6.3099517822265625,7.349999904632568,7.400000095367432,7.349999904632568,7.349999904632568,15201200
2017-08-07,6.3099517822265625,7.349999904632568,7.400000095367432,7.349999904632568,7.400000095367432,19624300
2017-08-08,6.3099517822265625,7.349999904632568,7.400000095367432,7.300000190734863,7.400000095367432,29255400
2017-08-09,6.352875709533691,7.400000095367432,7.400000095367432,7.300000190734863,7.349999904632568,28489400
2017-08-10,6.352875709533691,7.400000095367432,7.449999809265137,7.349999904632568,7.400000095367432,17596600
2017-08-11,6.3099517822265625,7.349999904632568,7.449999809265137,7.349999904632568,7.449999809265137,32942900
2017-08-15,6.524575710296631,7.599999904632568,7.599999904632568,7.400000095367432,7.400000095367432,117059900
2017-08-16,6.524575710296631,7.599999904632568,7.650000095367432,7.5,7.599999904632568,58696100
2017-08-17,6.567500114440918,7.650000095367432,7.650000095367432,7.550000190734863,7.599999904632568,62541300
2017-08-18,6.524575710296631,7.599999904632568,7.650000095367432,7.550000190734863,7.599999904632568,30446800
2017-08-21,6.524575710296631,7.599999904632568,7.599999904632568,7.5,7.599999904632568,30516800
2017-08-22,6.524575710296631,7.599999904632568,7.599999904632568,7.550000190734863,7.599999904632568,14391200
2017-08-23,6.524575710296631,7.599999904632568,7.599999904632568,7.550000190734863,7.599999904632568,22856500
2017-08-24,6.610424518585205,7.699999809265137,7.800000190734863,7.599999904632568,7.599999904632568,127594100
2017-08-25,6.610424518585205,7.699999809265137,7.800000190734863,7.650000095367432,7.75,53401800
2017-08-28,6.739199638366699,7.849999904632568,7.849999904632568,7.699999809265137,7.75,121768100
2017-08-29,6.739199638366699,7.849999904632568,7.949999809265137,7.800000190734863,7.849999904632568,90057300
2017-08-30,6.739199638366699,7.849999904632568,7.900000095367432,7.75,7.900000095367432,43160700
2017-08-31,6.696274757385254,7.800000190734863,7.849999904632568,7.75,7.849999904632568,57815600
2017-09-01,6.696274757385254,7.800000190734863,7.849999904632568,7.75,7.800000190734863,30361300
2017-09-04,6.610424518585205,7.699999809265137,7.849999904632568,7.699999809265137,7.849999904632568,44113600
2017-09-05,6.748863697052002,7.800000190734863,7.849999904632568,7.699999809265137,7.699999809265137,53170000
2017-09-06,6.7921247482299805,7.849999904632568,7.949999809265137,7.699999809265137,7.800000190734863,89236800
2017-09-07,6.7921247482299805,7.849999904632568,7.949999809265137,7.75,7.849999904632568,72963600
2017-09-08,6.748863697052002,7.800000190734863,7.949999809265137,7.800000190734863,7.900000095367432,33420500
2017-09-11,6.748863697052002,7.800000190734863,7.900000095367432,7.75,7.800000190734863,34295800
2017-09-12,6.835387229919434,7.900000095367432,7.949999809265137,7.800000190734863,7.900000095367432,60898700
2017-09-13,6.835387229919434,7.900000095367432,7.949999809265137,7.849999904632568,7.900000095367432,44574100
2017-09-14,7.00843620300293,8.100000381469727,8.100000381469727,7.849999904632568,7.849999904632568,231713600
2017-09-15,7.051697254180908,8.149999618530273,8.149999618530273,8.050000190734863,8.149999618530273,59400600
2017-09-18,6.921910762786865,8.0,8.199999809265137,7.949999809265137,8.149999618530273,134626500
2017-09-19,6.921910762786865,8.0,8.050000190734863,7.949999809265137,8.050000190734863,38288900
2017-09-20,6.921910762786865,8.0,8.0,7.900000095367432,8.0,54338700
2017-09-21,6.921910762786865,8.0,8.050000190734863,7.949999809265137,7.949999809265137,29470100
2017-09-22,6.921910762786865,8.0,8.050000190734863,7.900000095367432,8.0,41928100
2017-09-25,6.921910762786865,8.0,8.0,7.900000095367432,7.949999809265137,32401900
2017-09-26,6.965172290802002,8.050000190734863,8.100000381469727,7.949999809265137,8.0,74867700
2017-09-27,7.00843620300293,8.100000381469727,8.149999618530273,8.0,8.050000190734863,65635700
2017-09-28,7.00843620300293,8.100000381469727,8.149999618530273,8.100000381469727,8.149999618530273,37295100
2017-09-29,6.965172290802002,8.050000190734863,8.149999618530273,8.050000190734863,8.149999618530273,74734000
2017-10-02,6.965172290802002,8.050000190734863,8.100000381469727,8.0,8.100000381469727,34828500
2017-10-03,6.921910762786865,8.0,8.100000381469727,8.0,8.050000190734863,32439900
2017-10-04,6.835387229919434,7.900000095367432,8.0,7.849999904632568,8.0,85013200
2017-10-05,6.835387229919434,7.900000095367432,7.900000095367432,7.849999904632568,7.900000095367432,43119600
2017-10-06,6.835387229919434,7.900000095367432,7.949999809265137,7.849999904632568,7.900000095367432,44299100
2017-10-09,6.7921247482299805,7.849999904632568,7.900000095367432,7.800000190734863,7.900000095367432,43589300
2017-10-10,6.7921247482299805,7.849999904632568,7.900000095367432,7.75,7.849999904632568,64958000
2017-10-11,6.7921247482299805,7.849999904632568,8.0,7.800000190734863,7.849999904632568,92033200
2017-10-12,6.878649711608887,7.949999809265137,8.050000190734863,7.900000095367432,7.900000095367432,80845100
2017-10-16,6.965172290802002,8.050000190734863,8.050000190734863,8.050000190734863,8.050000190734863,6011700
2017-10-17,6.965172290802002,8.050000190734863,8.100000381469727,8.0,8.050000190734863,42585500
2017-10-18,6.7921247482299805,7.849999904632568,8.050000190734863,7.849999904632568,8.0,62466100
2017-10-19,6.835387229919434,7.900000095367432,7.949999809265137,7.800000190734863,7.900000095367432,78065700
2017-10-20,6.835387229919434,7.900000095367432,7.949999809265137,7.849999904632568,7.900000095367432,30982500
2017-10-24,6.878649711608887,7.949999809265137,8.0,7.900000095367432,7.949999809265137,20674400
2017-10-25,6.921910762786865,8.0,8.0,7.900000095367432,8.0,26627300
2017-10-27,6.921910762786865,8.0,8.050000190734863,7.949999809265137,8.050000190734863,15749700
2017-10-30,6.7921247482299805,7.849999904632568,8.0,7.800000190734863,8.0,76056100
2017-10-31,6.748863697052002,7.800000190734863,7.900000095367432,7.800000190734863,7.849999904632568,25538900
2017-11-01,7.00843620300293,8.100000381469727,8.100000381469727,7.800000190734863,7.800000190734863,157809900
2017-11-02,6.965172290802002,8.050000190734863,8.25,8.050000190734863,8.100000381469727,143524900
2017-11-03,7.00843620300293,8.100000381469727,8.149999618530273,8.0,8.100000381469727,84431900
2017-11-06,7.051697254180908,8.149999618530273,8.149999618530273,8.050000190734863,8.100000381469727,22168500
2017-11-07,7.051697254180908,8.149999618530273,8.199999809265137,8.100000381469727,8.149999618530273,37833500
2017-11-08,7.00843620300293,8.100000381469727,8.149999618530273,8.050000190734863,8.100000381469727,20398500
2017-11-09,7.00843620300293,8.100000381469727,8.149999618530273,7.900000095367432,8.100000381469727,132037500
2017-11-10,6.921910762786865,8.0,8.149999618530273,7.949999809265137,8.100000381469727,77970700
2017-11-13,6.835387229919434,7.900000095367432,8.050000190734863,7.900000095367432,8.0,37339100
2017-11-14,6.878649711608887,7.949999809265137,8.050000190734863,7.900000095367432,7.949999809265137,43157600
2017-11-15,6.878649711608887,7.949999809265137,8.0,7.849999904632568,7.949999809265137,51773100
2017-11-16,6.921910762786865,8.0,8.100000381469727,7.900000095367432,7.949999809265137,44203500
2017-11-17,6.921910762786865,8.0,8.050000190734863,7.949999809265137,8.050000190734863,31852200
2017-11-20,6.965172290802002,8.050000190734863,8.050000190734863,7.949999809265137,8.0,19056400
2017-11-21,6.965172290802002,8.050000190734863,8.050000190734863,8.050000190734863,8.050000190734863,29053300
2017-11-22,6.921910762786865,8.0,8.100000381469727,8.0,8.050000190734863,15618800
2017-11-23,6.835387229919434,7.900000095367432,8.0,7.900000095367432,8.0,41221700
2017-11-24,6.835387229919434,7.900000095367432,8.0,7.900000095367432,7.900000095367432,22432200
2017-11-27,6.921910762786865,8.0,8.0,7.900000095367432,7.900000095367432,25172400
2017-11-28,6.921910762786865,8.0,8.0,7.900000095367432,8.0,17458000
2017-11-29,6.921910762786865,8.0,8.0,7.900000095367432,8.0,32574800
2017-11-30,6.878649711608887,7.949999809265137,8.0,7.900000095367432,8.0,56468300
2017-12-01,6.878649711608887,7.949999809265137,8.0,7.900000095367432,7.949999809265137,16890200
2017-12-04,6.7921247482299805,7.849999904632568,8.0,7.800000190734863,8.0,65516500
2017-12-06,6.7921247482299805,7.849999904632568,7.900000095367432,7.800000190734863,7.849999904632568,21325000
2017-12-07,6.619077205657959,7.650000095367432,7.849999904632568,7.650000095367432,7.849999904632568,108231000
2017-12-08,6.66234016418457,7.699999809265137,7.75,7.650000095367432,7.650000095367432,49869300
2017-12-12,6.619077205657959,7.650000095367432,7.75,7.650000095367432,7.699999809265137,22752500
2017-12-13,6.5758161544799805,7.599999904632568,7.699999809265137,7.550000190734863,7.650000095367432,53709800
2017-12-14,6.705601692199707,7.75,7.75,7.599999904632568,7.650000095367432,45733700
2017-12-15,6.705601692199707,7.75,7.75,7.699999809265137,7.75,23498900
2017-12-18,6.5758161544799805,7.599999904632568,7.800000190734863,7.599999904632568,7.75,32550600
2017-12-19,6.66234016418457,7.699999809265137,7.75,7.599999904632568,7.650000095367432,24743900
2017-12-20,6.66234016418457,7.699999809265137,7.75,7.650000095367432,7.699999809265137,29537700
2017-12-21,6.5758161544799805,7.599999904632568,7.75,7.599999904632568,7.699999809265137,27581100
2017-12-22,6.705601692199707,7.75,7.800000190734863,7.650000095367432,7.650000095367432,58723400
2017-12-25,6.748863697052002,7.800000190734863,7.849999904632568,7.75,7.75,25552800
2017-12-26,6.748863697052002,7.800000190734863,7.849999904632568,7.75,7.800000190734863,19633300
2017-12-27,6.66234016418457,7.699999809265137,7.849999904632568,7.699999809265137,7.800000190734863,19895000
2017-12-28,6.619077205657959,7.650000095367432,7.75,7.650000095367432,7.75,32582400
2017-12-29,6.66234016418457,7.699999809265137,7.800000190734863,7.650000095367432,7.699999809265137,36046600
2018-01-03,6.705601692199707,7.75,7.800000190734863,7.699999809265137,7.699999809265137,35838900
2018-01-04,6.66234016418457,7.699999809265137,7.849999904632568,7.699999809265137,7.75,36938200
2018-01-05,6.835387229919434,7.900000095367432,8.0,7.699999809265137,7.75,142901500
2018-01-08,6.748863697052002,7.800000190734863,7.949999809265137,7.800000190734863,7.900000095367432,45704900
2018-01-09,6.7921247482299805,7.849999904632568,7.849999904632568,7.849999904632568,7.849999904632568,3150100
2018-01-10,6.66234016418457,7.699999809265137,7.849999904632568,7.650000095367432,7.800000190734863,69118100
2018-01-11,6.705601692199707,7.75,7.800000190734863,7.650000095367432,7.699999809265137,37602500
2018-01-12,6.66234016418457,7.699999809265137,7.75,7.650000095367432,7.75,56920600
2018-01-15,6.66234016418457,7.699999809265137,7.75,7.650000095367432,7.699999809265137,29965700
2018-01-16,6.748863697052002,7.800000190734863,7.849999904632568,7.650000095367432,7.699999809265137,72983100
2018-01-17,6.66234016418457,7.699999809265137,7.849999904632568,7.650000095367432,7.800000190734863,72173200
2018-01-18,6.705601692199707,7.75,7.800000190734863,7.699999809265137,7.75,40128000
2018-01-19,6.705601692199707,7.75,7.800000190734863,7.650000095367432,7.75,54347300
2018-01-22,6.748863697052002,7.800000190734863,7.900000095367432,7.699999809265137,7.75,84381700
2018-01-23,6.705601692199707,7.75,7.800000190734863,7.699999809265137,7.75,36649500
2018-01-24,6.66234016418457,7.699999809265137,7.75,7.650000095367432,7.75,52613200
2018-01-25,6.66234016418457,7.699999809265137,7.75,7.650000095367432,7.699999809265137,68985800
2018-01-26,6.5758161544799805,7.599999904632568,7.75,7.599999904632568,7.699999809265137,35649600
2018-01-29,6.705601692199707,7.75,7.75,7.599999904632568,7.650000095367432,34604000
2018-01-30,6.619077205657959,7.650000095367432,7.75,7.650000095367432,7.75,15491900
2018-01-31,6.705601692199707,7.75,7.800000190734863,7.599999904632568,7.650000095367432,57802100
2018-02-01,6.748863697052002,7.800000190734863,7.849999904632568,7.699999809265137,7.75,33012000
2018-02-02,6.619077205657959,7.650000095367432,7.800000190734863,7.650000095367432,7.75,24162000
2018-02-05,6.5758161544799805,7.599999904632568,7.699999809265137,7.599999904632568,7.650000095367432,42715600
2018-02-06,6.532553672790527,7.550000190734863,7.550000190734863,7.349999904632568,7.5,102162000
2018-02-07,6.402768135070801,7.400000095367432,7.599999904632568,7.400000095367432,7.599999904632568,51237900
2018-02-08,6.489291667938232,7.5,7.550000190734863,7.400000095367432,7.449999809265137,43717400
2018-02-09,6.4460296630859375,7.449999809265137,7.5,7.400000095367432,7.400000095367432,36738300
2018-02-12,6.489291667938232,7.5,7.550000190734863,7.449999809265137,7.5,19807900
2018-02-13,6.402768135070801,7.400000095367432,7.550000190734863,7.400000095367432,7.5,23693700
2018-02-14,6.402768135070801,7.400000095367432,7.5,7.400000095367432,7.449999809265137,29984600
2018-02-15,6.489291667938232,7.5,7.5,7.400000095367432,7.449999809265137,19190600
2018-02-16,6.532553672790527,7.550000190734863,7.550000190734863,7.449999809265137,7.5,12582900
2018-02-19,6.4460296630859375,7.449999809265137,7.550000190734863,7.400000095367432,7.550000190734863,20029900
2018-02-20,6.402768135070801,7.400000095367432,7.5,7.400000095367432,7.5,14812300
2018-02-21,6.402768135070801,7.400000095367432,7.449999809265137,7.300000190734863,7.449999809265137,34272500
2018-02-22,6.316244125366211,7.300000190734863,7.400000095367432,7.199999809265137,7.349999904632568,51045400
2018-02-23,6.359505653381348,7.349999904632568,7.400000095367432,7.25,7.25,28179300
2018-02-26,6.359505653381348,7.349999904632568,7.400000095367432,7.300000190734863,7.349999904632568,11946100
2018-02-27,6.402768135070801,7.400000095367432,7.5,7.349999904632568,7.449999809265137,28399500
2018-02-28,6.316244125366211,7.300000190734863,7.449999809265137,7.25,7.449999809265137,36021900
2018-03-02,6.1431965827941895,7.099999904632568,7.25,7.0,7.25,89239200
2018-03-05,6.1431965827941895,7.099999904632568,7.150000095367432,7.0,7.099999904632568,51247500
2018-03-06,6.1431965827941895,7.099999904632568,7.099999904632568,7.099999904632568,7.099999904632568,2099700
2018-03-07,6.229719161987305,7.199999809265137,7.349999904632568,7.099999904632568,7.150000095367432,41392000
2018-03-08,6.1431965827941895,7.099999904632568,7.25,7.050000190734863,7.199999809265137,38070800
2018-03-09,6.186457633972168,7.150000095367432,7.199999809265137,7.050000190734863,7.099999904632568,43829000
2018-03-12,6.272981643676758,7.25,7.300000190734863,7.150000095367432,7.199999809265137,23797400
2018-03-13,6.272981643676758,7.25,7.25,7.199999809265137,7.199999809265137,4950300
2018-03-14,6.316244125366211,7.300000190734863,7.300000190734863,7.199999809265137,7.25,14565200
2018-03-15,6.229719161987305,7.199999809265137,7.300000190734863,7.150000095367432,7.300000190734863,36880000
2018-03-16,6.229719161987305,7.199999809265137,7.25,7.150000095367432,7.199999809265137,19985600
2018-03-19,6.186457633972168,7.150000095367432,7.25,7.150000095367432,7.150000095367432,7095000
2018-03-20,6.186457633972168,7.150000095367432,7.199999809265137,7.150000095367432,7.150000095367432,10888900
2018-03-21,6.316244125366211,7.300000190734863,7.300000190734863,7.150000095367432,7.199999809265137,30149400
2018-03-22,6.272981643676758,7.25,7.300000190734863,7.199999809265137,7.300000190734863,13672500
2018-03-23,6.272981643676758,7.25,7.300000190734863,7.150000095367432,7.150000095367432,17845400
2018-03-26,6.316244125366211,7.300000190734863,7.300000190734863,7.199999809265137,7.199999809265137,13278600
2018-03-27,6.272981643676758,7.25,7.300000190734863,7.199999809265137,7.25,8952500
2018-03-28,6.229719161987305,7.199999809265137,7.300000190734863,7.199999809265137,7.25,16701400
2018-03-29,6.229719161987305,7.199999809265137,7.25,7.150000095367432,7.150000095367432,24817400
2018-03-30,6.186457633972168,7.150000095367432,7.25,7.050000190734863,7.25,52131100
2018-04-02,6.1431965827941895,7.099999904632568,7.150000095367432,7.099999904632568,7.099999904632568,17409400
2018-04-03,6.272981643676758,7.25,7.300000190734863,7.099999904632568,7.099999904632568,31802600
2018-04-04,6.186457633972168,7.150000095367432,7.300000190734863,7.150000095367432,7.300000190734863,26289900
2018-04-05,6.229719161987305,7.199999809265137,7.199999809265137,7.099999904632568,7.150000095367432,10812100
2018-04-09,6.359505653381348,7.349999904632568,7.349999904632568,7.150000095367432,7.199999809265137,20551800
2018-04-10,6.402768135070801,7.400000095367432,7.400000095367432,7.25,7.349999904632568,23004700
2018-04-11,6.359505653381348,7.349999904632568,7.400000095367432,7.300000190734863,7.349999904632568,20487100
2018-04-12,6.402768135070801,7.400000095367432,7.449999809265137,7.300000190734863,7.300000190734863,18328600
2018-04-17,6.402768135070801,7.400000095367432,7.5,7.349999904632568,7.400000095367432,35503400
2018-04-18,6.489291667938232,7.5,7.5,7.349999904632568,7.449999809265137,31825400
2018-04-19,6.66234016418457,7.699999809265137,7.75,7.5,7.550000190734863,77025300
2018-04-20,6.66234016418457,7.699999809265137,7.75,7.599999904632568,7.699999809265137,38876100
2018-04-23,6.5758161544799805,7.599999904632568,7.75,7.599999904632568,7.75,17684400
2018-04-24,6.532553672790527,7.550000190734863,7.650000095367432,7.550000190734863,7.650000095367432,16292800
2018-04-25,6.5758161544799805,7.599999904632568,7.599999904632568,7.449999809265137,7.550000190734863,22586600
2018-04-26,6.66234016418457,7.699999809265137,7.849999904632568,7.599999904632568,7.599999904632568,103299300
2018-04-27,6.810779094696045,7.800000190734863,7.800000190734863,7.599999904632568,7.699999809265137,38220200
2018-04-30,6.767119884490967,7.75,7.849999904632568,7.699999809265137,7.849999904632568,22110500
2018-05-02,6.767119884490967,7.75,7.800000190734863,7.650000095367432,7.699999809265137,21479400
2018-05-03,6.810779094696045,7.800000190734863,7.900000095367432,7.699999809265137,7.75,71923200
2018-05-04,6.767119884490967,7.75,7.900000095367432,7.699999809265137,7.800000190734863,30812400
2018-05-07,6.810779094696045,7.800000190734863,7.849999904632568,7.699999809265137,7.75,18713100
2018-05-08,6.767119884490967,7.75,7.800000190734863,7.650000095367432,7.800000190734863,38839900
2018-05-09,6.767119884490967,7.75,7.75,7.650000095367432,7.75,35164600
2018-05-10,6.723461627960205,7.699999809265137,7.75,7.599999904632568,7.699999809265137,22241100
2018-05-11,6.767119884490967,7.75,7.75,7.650000095367432,7.699999809265137,19137900
2018-05-14,6.985415458679199,8.0,8.0,7.75,7.75,130758400
2018-05-15,7.072732448577881,8.100000381469727,8.100000381469727,7.849999904632568,8.0,101967800
2018-05-16,7.029073715209961,8.050000190734863,8.100000381469727,7.949999809265137,8.050000190734863,33137400
2018-05-17,6.898096561431885,7.900000095367432,8.050000190734863,7.900000095367432,8.0,29734600
2018-05-18,6.810779094696045,7.800000190734863,8.0,7.800000190734863,7.900000095367432,44945200
2018-05-21,6.898096561431885,7.900000095367432,7.900000095367432,7.800000190734863,7.849999904632568,19976500
2018-05-22,6.941756248474121,7.949999809265137,7.949999809265137,7.849999904632568,7.900000095367432,17854800
2018-05-23,6.854438304901123,7.849999904632568,7.949999809265137,7.849999904632568,7.900000095367432,17962500
2018-05-24,6.985415458679199,8.0,8.0,7.849999904632568,7.849999904632568,46148900
2018-05-25,6.985415458679199,8.0,8.0,7.900000095367432,7.949999809265137,24661600
2018-05-28,7.072732448577881,8.100000381469727,8.149999618530273,7.900000095367432,8.0,72789300
2018-05-30,6.941756248474121,7.949999809265137,8.050000190734863,7.900000095367432,8.0,33408600
2018-05-31,7.160050392150879,8.199999809265137,8.199999809265137,7.949999809265137,7.949999809265137,130711300
2018-06-01,7.029073715209961,8.050000190734863,8.199999809265137,8.050000190734863,8.149999618530273,30241800
2018-06-04,6.985415458679199,8.0,8.100000381469727,8.0,8.050000190734863,27051400
2018-06-05,6.985415458679199,8.0,8.0,7.800000190734863,7.949999809265137,44822300
2018-06-06,6.810779094696045,7.800000190734863,8.0,7.800000190734863,7.949999809265137,50259600
2018-06-07,6.810779094696045,7.800000190734863,7.949999809265137,7.75,7.800000190734863,40471000
2018-06-08,6.810779094696045,7.800000190734863,7.849999904632568,7.75,7.800000190734863,15398800
2018-06-11,6.810779094696045,7.800000190734863,7.849999904632568,7.75,7.849999904632568,7951700
2018-06-12,6.810779094696045,7.800000190734863,7.900000095367432,7.800000190734863,7.849999904632568,24863100
2018-06-13,6.854438304901123,7.849999904632568,7.949999809265137,7.800000190734863,7.849999904632568,27398900
2018-06-14,6.810779094696045,7.800000190734863,7.900000095367432,7.75,7.849999904632568,31919400
2018-06-15,6.767119884490967,7.75,7.849999904632568,7.699999809265137,7.800000190734863,30925700
2018-06-18,6.636144161224365,7.599999904632568,7.75,7.550000190734863,7.699999809265137,53281500
2018-06-19,6.461508750915527,7.400000095367432,7.599999904632568,7.300000190734863,7.550000190734863,54953100
2018-06-20,6.636144161224365,7.599999904632568,7.650000095367432,7.400000095367432,7.400000095367432,42686800
2018-06-21,6.723461627960205,7.699999809265137,7.75,7.5,7.650000095367432,45353300
2018-06-22,6.636144161224365,7.599999904632568,7.699999809265137,7.449999809265137,7.699999809265137,27394600
2018-06-25,6.548826217651367,7.5,7.650000095367432,7.5,7.550000190734863,17401100
2018-06-26,6.548826217651367,7.5,7.599999904632568,7.449999809265137,7.449999809265137,22354100
2018-06-27,6.505167007446289,7.449999809265137,7.650000095367432,7.449999809265137,7.550000190734863,21085300
2018-06-28,6.636144161224365,7.599999904632568,7.800000190734863,7.400000095367432,7.449999809265137,52602300
2018-06-29,6.505167007446289,7.449999809265137,7.699999809265137,7.449999809265137,7.699999809265137,35193500
2018-07-02,6.679803848266602,7.650000095367432,7.650000095367432,7.449999809265137,7.449999809265137,37858200
2018-07-03,6.898096561431885,7.900000095367432,7.949999809265137,7.599999904632568,7.599999904632568,49813900
2018-07-04,6.810779094696045,7.800000190734863,7.949999809265137,7.800000190734863,7.800000190734863,32249700
2018-07-05,6.810779094696045,7.800000190734863,7.849999904632568,7.75,7.800000190734863,21018600
2018-07-06,6.854438304901123,7.849999904632568,7.849999904632568,7.699999809265137,7.75,25714000
2018-07-09,6.767119884490967,7.75,7.900000095367432,7.75,7.849999904632568,8274200
2018-07-10,6.854438304901123,7.849999904632568,7.849999904632568,7.699999809265137,7.800000190734863,30939500
2018-07-11,6.767119884490967,7.75,7.849999904632568,7.75,7.800000190734863,15151200
2018-07-12,6.941756248474121,7.949999809265137,7.949999809265137,7.75,7.800000190734863,26845400
2018-07-13,6.898096561431885,7.900000095367432,8.0,7.849999904632568,7.949999809265137,14838200
2018-07-16,6.854438304901123,7.849999904632568,7.949999809265137,7.849999904632568,7.900000095367432,9519400
2018-07-17,6.854438304901123,7.849999904632568,7.900000095367432,7.800000190734863,7.849999904632568,13908500
2018-07-18,6.898096561431885,7.900000095367432,8.0,7.849999904632568,7.849999904632568,30513700
2018-07-19,6.985415458679199,8.0,8.0,7.900000095367432,7.949999809265137,21205100
2018-07-20,6.985415458679199,8.0,8.0,7.900000095367432,7.949999809265137,16423400
2018-07-23,6.985415458679199,8.0,8.0,7.949999809265137,7.949999809265137,11624900
2018-07-24,7.072732448577881,8.100000381469727,8.149999618530273,7.949999809265137,8.0,70374000
2018-07-25,7.247368335723877,8.300000190734863,8.350000381469727,8.100000381469727,8.100000381469727,139169300
2018-07-26,7.291027545928955,8.350000381469727,8.399999618530273,8.25,8.300000190734863,81528400
2018-07-31,7.291027545928955,8.350000381469727,8.350000381469727,8.25,8.350000381469727,33730100
2018-08-01,7.247368335723877,8.300000190734863,8.350000381469727,8.25,8.350000381469727,29341100
2018-08-02,7.247368335723877,8.300000190734863,8.350000381469727,8.199999809265137,8.300000190734863,22616900
2018-08-03,7.247368335723877,8.300000190734863,8.300000190734863,8.25,8.300000190734863,8045700
2018-08-06,7.160050392150879,8.199999809265137,8.399999618530273,8.199999809265137,8.350000381469727,67317600
2018-08-07,7.160050392150879,8.199999809265137,8.25,8.100000381469727,8.199999809265137,23691500
2018-08-08,7.116390705108643,8.149999618530273,8.25,8.100000381469727,8.199999809265137,28663100
2018-08-09,7.291027545928955,8.350000381469727,8.350000381469727,8.149999618530273,8.149999618530273,38717800
2018-08-10,7.203709125518799,8.25,8.350000381469727,8.149999618530273,8.300000190734863,24605400
2018-08-14,7.072732448577881,8.100000381469727,8.199999809265137,8.0,8.199999809265137,44804900
2018-08-15,7.116390705108643,8.149999618530273,8.149999618530273,8.0,8.050000190734863,30385400
2018-08-16,7.072732448577881,8.100000381469727,8.149999618530273,8.050000190734863,8.100000381469727,21910300
2018-08-17,7.203709125518799,8.25,8.25,8.100000381469727,8.100000381469727,31284500
2018-08-20,7.203709125518799,8.25,8.300000190734863,8.199999809265137,8.25,15669600
2018-08-21,7.072732448577881,8.100000381469727,8.25,8.100000381469727,8.199999809265137,17227700
2018-08-22,7.116390705108643,8.149999618530273,8.199999809265137,8.100000381469727,8.100000381469727,11309100
2018-08-23,7.203709125518799,8.25,8.300000190734863,8.199999809265137,8.199999809265137,22934000
2018-08-24,7.203709125518799,8.25,8.300000190734863,8.199999809265137,8.25,11558700
2018-08-27,7.422004222869873,8.5,8.5,8.25,8.300000190734863,84863800
2018-08-28,7.422004222869873,8.5,8.600000381469727,8.449999809265137,8.5,60511900
2018-08-29,7.334685802459717,8.399999618530273,8.5,8.399999618530273,8.5,25399400
2018-08-30,7.334685802459717,8.399999618530273,8.5,8.399999618530273,8.449999809265137,17350400
2018-08-31,7.334685802459717,8.399999618530273,8.399999618530273,8.300000190734863,8.399999618530273,38450600
2018-09-03,7.3783440589904785,8.449999809265137,8.5,8.399999618530273,8.399999618530273,19241600
2018-09-04,7.343167781829834,8.350000381469727,8.449999809265137,8.300000190734863,8.399999618530273,23049300
2018-09-05,7.167282581329346,8.149999618530273,8.350000381469727,8.100000381469727,8.300000190734863,46980300
2018-09-06,7.299196720123291,8.300000190734863,8.300000190734863,8.100000381469727,8.100000381469727,33550700
2018-09-07,7.211254119873047,8.199999809265137,8.300000190734863,8.199999809265137,8.300000190734863,20648300
2018-09-10,7.343167781829834,8.350000381469727,8.350000381469727,8.199999809265137,8.199999809265137,15247500
2018-09-11,7.25522518157959,8.25,8.350000381469727,8.25,8.300000190734863,19868300
2018-09-12,7.25522518157959,8.25,8.300000190734863,8.199999809265137,8.25,18799200
2018-09-13,7.387138843536377,8.399999618530273,8.5,8.300000190734863,8.300000190734863,41023900
2018-09-14,7.387138843536377,8.399999618530273,8.449999809265137,8.350000381469727,8.399999618530273,12220200
2018-09-17,7.519052982330322,8.550000190734863,8.600000381469727,8.399999618530273,8.399999618530273,54235400
2018-09-18,7.7389068603515625,8.800000190734863,8.800000190734863,8.550000190734863,8.600000381469727,79742500
2018-09-19,7.694936275482178,8.75,8.949999809265137,8.699999809265137,8.800000190734863,93360100
2018-09-20,7.7389068603515625,8.800000190734863,8.949999809265137,8.75,8.949999809265137,51961000
2018-09-21,7.958761215209961,9.050000190734863,9.050000190734863,8.699999809265137,8.850000381469727,91565500
2018-09-24,7.694936275482178,8.75,9.0,8.649999618530273,9.0,142960200
2018-09-25,7.563023567199707,8.600000381469727,8.800000190734863,8.550000190734863,8.75,92098900
2018-09-26,7.650964260101318,8.699999809265137,8.800000190734863,8.600000381469727,8.649999618530273,84209800
2018-09-27,7.606993675231934,8.649999618530273,8.75,8.550000190734863,8.75,60797700
2018-09-28,7.650964260101318,8.699999809265137,8.75,8.600000381469727,8.699999809265137,28117300
2018-10-01,7.606993675231934,8.649999618530273,8.75,8.649999618530273,8.699999809265137,24091700
2018-10-02,7.519052982330322,8.550000190734863,8.75,8.5,8.649999618530273,71586500
2018-10-03,7.519052982330322,8.550000190734863,8.649999618530273,8.550000190734863,8.600000381469727,29203100
2018-10-04,7.4311089515686035,8.449999809265137,8.550000190734863,8.399999618530273,8.5,50901800
2018-10-05,7.387138843536377,8.399999618530273,8.5,8.399999618530273,8.449999809265137,25158500
2018-10-08,7.25522518157959,8.25,8.449999809265137,8.25,8.399999618530273,47026600
2018-10-09,7.299196720123291,8.300000190734863,8.350000381469727,8.25,8.25,24311700
2018-10-10,7.343167781829834,8.350000381469727,8.399999618530273,8.25,8.350000381469727,19146400
2018-10-11,7.25522518157959,8.25,8.300000190734863,8.100000381469727,8.149999618530273,55377800
2018-10-12,7.299196720123291,8.300000190734863,8.399999618530273,8.25,8.25,22584500
2018-10-16,7.343167781829834,8.350000381469727,8.399999618530273,8.25,8.25,17012700
2018-10-17,7.387138843536377,8.399999618530273,8.5,8.350000381469727,8.350000381469727,23394400
2018-10-18,7.343167781829834,8.350000381469727,8.399999618530273,8.300000190734863,8.350000381469727,12250900
2018-10-19,7.299196720123291,8.300000190734863,8.399999618530273,8.199999809265137,8.399999618530273,30512500
2018-10-22,7.25522518157959,8.25,8.350000381469727,8.199999809265137,8.300000190734863,20763100
2018-10-24,7.167282581329346,8.149999618530273,8.199999809265137,8.100000381469727,8.149999618530273,27106300
2018-10-25,7.211254119873047,8.199999809265137,8.300000190734863,8.0,8.050000190734863,62422800
2018-10-26,7.211254119873047,8.199999809265137,8.25,8.149999618530273,8.149999618530273,19970000
2018-10-29,7.25522518157959,8.25,8.25,8.149999618530273,8.199999809265137,12200700
2018-10-30,7.211254119873047,8.199999809265137,8.25,8.149999618530273,8.199999809265137,12703800
2018-10-31,7.475080966949463,8.5,8.5,8.199999809265137,8.25,30815000
2018-11-01,7.563023567199707,8.600000381469727,8.600000381469727,8.449999809265137,8.5,61922200
2018-11-02,7.606993675231934,8.649999618530273,8.75,8.600000381469727,8.649999618530273,40397700
2018-11-05,7.563023567199707,8.600000381469727,8.600000381469727,8.5,8.5,13790000
2018-11-06,7.694936275482178,8.75,8.800000190734863,8.600000381469727,8.649999618530273,34387700
2018-11-07,7.694936275482178,8.75,8.75,8.600000381469727,8.75,19078600
2018-11-08,7.650964260101318,8.699999809265137,8.899999618530273,8.699999809265137,8.75,49922800
2018-11-09,7.650964260101318,8.699999809265137,8.75,8.649999618530273,8.699999809265137,17102400
2018-11-12,7.475080966949463,8.5,8.75,8.449999809265137,8.75,39968600
2018-11-13,7.519052982330322,8.550000190734863,8.600000381469727,8.399999618530273,8.399999618530273,24166000
2018-11-14,7.519052982330322,8.550000190734863,8.600000381469727,8.449999809265137,8.550000190734863,19121200
2018-11-15,7.519052982330322,8.550000190734863,8.649999618530273,8.5,8.550000190734863,17100900
2018-11-16,7.563023567199707,8.600000381469727,8.649999618530273,8.5,8.5,10950200
2018-11-19,7.606993675231934,8.649999618530273,8.699999809265137,8.600000381469727,8.600000381469727,10612300
2018-11-20,7.4311089515686035,8.449999809265137,8.649999618530273,8.449999809265137,8.649999618530273,18546800
2018-11-21,7.519052982330322,8.550000190734863,8.600000381469727,8.399999618530273,8.449999809265137,20608200
2018-11-22,7.475080966949463,8.5,8.600000381469727,8.5,8.550000190734863,7606800
2018-11-23,7.563023567199707,8.600000381469727,8.600000381469727,8.5,8.5,6624000
2018-11-26,7.519052982330322,8.550000190734863,8.649999618530273,8.449999809265137,8.600000381469727,22002500
2018-11-27,7.650964260101318,8.699999809265137,8.699999809265137,8.5,8.600000381469727,42499200
2018-11-28,7.7389068603515625,8.800000190734863,8.850000381469727,8.649999618530273,8.699999809265137,36436400
2018-11-29,7.826849937438965,8.899999618530273,8.899999618530273,8.75,8.800000190734863,30908700
2018-11-30,7.782878875732422,8.850000381469727,8.899999618530273,8.75,8.899999618530273,25942000
2018-12-03,7.870819568634033,8.949999809265137,9.0,8.850000381469727,8.899999618530273,47370000
2018-12-04,8.046703338623047,9.149999618530273,9.149999618530273,8.899999618530273,8.949999809265137,138968900
2018-12-06,8.222588539123535,9.350000381469727,9.449999809265137,9.050000190734863,9.100000381469727,91843200
2018-12-07,8.090676307678223,9.199999809265137,9.649999618530273,9.149999618530273,9.399999618530273,172364000
2018-12-11,8.002734184265137,9.100000381469727,9.399999618530273,8.949999809265137,9.300000190734863,110990000
2018-12-12,8.046703338623047,9.149999618530273,9.199999809265137,9.100000381469727,9.199999809265137,24002200
2018-12-13,8.178617477416992,9.300000190734863,9.399999618530273,9.199999809265137,9.199999809265137,66916400
2018-12-14,8.090676307678223,9.199999809265137,9.350000381469727,9.149999618530273,9.300000190734863,32369900
2018-12-17,7.958761215209961,9.050000190734863,9.199999809265137,8.949999809265137,9.199999809265137,41156900
2018-12-18,7.914791584014893,9.0,9.050000190734863,8.899999618530273,9.0,40911000
2018-12-19,8.178617477416992,9.300000190734863,9.300000190734863,9.0,9.0,49671800
2018-12-20,8.13464641571045,9.25,9.300000190734863,9.050000190734863,9.300000190734863,39402300
2018-12-21,8.574357032775879,9.75,9.949999809265137,9.5,9.5,161999300
2018-12-24,8.97009563446045,10.199999809265137,10.399999618530273,9.699999809265137,9.699999809265137,125657600
2018-12-25,8.750242233276367,9.949999809265137,10.100000381469727,9.850000381469727,10.100000381469727,95109100
2018-12-26,8.354501724243164,9.5,9.800000190734863,9.449999809265137,9.699999809265137,175776100
2018-12-27,8.486413955688477,9.649999618530273,10.0,9.600000381469727,9.649999618530273,106640900
2018-12-28,8.530385971069336,9.699999809265137,9.800000190734863,9.649999618530273,9.75,46139000
2019-01-02,8.750242233276367,9.949999809265137,10.0,9.699999809265137,9.75,74792200
2019-01-03,8.706270217895508,9.899999618530273,10.100000381469727,9.850000381469727,10.100000381469727,53059200
2019-01-04,8.574357032775879,9.75,9.949999809265137,9.699999809265137,9.899999618530273,77143900
2019-01-07,8.662300109863281,9.850000381469727,10.100000381469727,9.75,9.800000190734863,141370500
2019-01-08,8.662300109863281,9.850000381469727,9.949999809265137,9.800000190734863,9.850000381469727,49369600
2019-01-09,8.618327140808105,9.800000190734863,10.0,9.75,9.949999809265137,50831700
2019-01-10,8.618327140808105,9.800000190734863,9.850000381469727,9.699999809265137,9.800000190734863,43849600
2019-01-11,8.88215446472168,10.100000381469727,10.100000381469727,9.800000190734863,9.850000381469727,62403400
2019-01-14,8.97009563446045,10.199999809265137,10.300000190734863,10.0,10.100000381469727,76954900
2019-01-15,8.794212341308594,10.0,10.399999618530273,10.0,10.300000190734863,56381500
2019-01-16,8.706270217895508,9.899999618530273,10.0,9.699999809265137,10.0,100756500
2019-01-17,8.750242233276367,9.949999809265137,10.0,9.850000381469727,9.899999618530273,47078100
2019-01-18,8.794212341308594,10.0,10.100000381469727,9.899999618530273,9.949999809265137,45870300
2019-01-21,8.662300109863281,9.850000381469727,10.100000381469727,9.800000190734863,10.0,41148200
2019-01-22,8.750242233276367,9.949999809265137,10.100000381469727,9.899999618530273,9.899999618530273,55219000
2019-01-23,9.058037757873535,10.300000190734863,10.399999618530273,10.0,10.100000381469727,100479900
2019-01-24,9.233922958374023,10.5,10.600000381469727,10.0,10.0,118182000
2019-01-25,9.145981788635254,10.399999618530273,10.699999809265137,10.300000190734863,10.5,92817700
2019-01-28,9.145981788635254,10.399999618530273,10.5,10.199999809265137,10.399999618530273,39620300
2019-01-29,9.233922958374023,10.5,10.600000381469727,10.399999618530273,10.5,52407500
2019-01-30,9.321866989135742,10.600000381469727,10.699999809265137,10.399999618530273,10.5,36230300
2019-01-31,9.145981788635254,10.399999618530273,10.699999809265137,10.399999618530273,10.699999809265137,34773200
2019-02-01,9.058037757873535,10.300000190734863,10.600000381469727,10.300000190734863,10.399999618530273,44147300
2019-02-04,9.058037757873535,10.300000190734863,10.5,10.199999809265137,10.399999618530273,44158500
2019-02-05,8.97009563446045,10.199999809265137,10.300000190734863,10.199999809265137,10.300000190734863,13213000
2019-02-06,9.321866989135742,10.600000381469727,10.600000381469727,10.199999809265137,10.300000190734863,52373800
2019-02-07,9.321866989135742,10.600000381469727,10.800000190734863,10.5,10.699999809265137,68534800
2019-02-08,9.233922958374023,10.5,10.699999809265137,10.399999618530273,10.600000381469727,46318500
2019-02-11,9.145981788635254,10.399999618530273,10.600000381469727,10.399999618530273,10.5,46750800
2019-02-12,9.145981788635254,10.399999618530273,10.600000381469727,10.399999618530273,10.5,24868500
2019-02-13,9.145981788635254,10.399999618530273,10.600000381469727,10.399999618530273,10.399999618530273,46766500
2019-02-14,9.233922958374023,10.5,10.600000381469727,10.399999618530273,10.399999618530273,39035000
2019-02-15,9.233922958374023,10.5,10.600000381469727,10.399999618530273,10.5,37218100
2019-02-18,9.233922958374023,10.5,10.600000381469727,10.399999618530273,10.5,35639200
2019-02-20,9.233922958374023,10.5,10.600000381469727,10.399999618530273,10.5,27209600
2019-02-21,9.233922958374023,10.5,10.600000381469727,10.399999618530273,10.5,26589900
2019-02-22,9.321866989135742,10.600000381469727,10.600000381469727,10.399999618530273,10.5,26927600
2019-02-25,9.409807205200195,10.699999809265137,10.800000190734863,10.600000381469727,10.600000381469727,66179400
2019-02-26,9.409807205200195,10.699999809265137,10.800000190734863,10.600000381469727,10.699999809265137,31650900
2019-02-27,9.321866989135742,10.600000381469727,10.800000190734863,10.600000381469727,10.699999809265137,14626400
2019-02-28,9.321866989135742,10.600000381469727,10.600000381469727,10.199999809265137,10.5,84492800
2019-03-01,9.145981788635254,10.399999618530273,10.699999809265137,10.399999618530273,10.5,24626400
2019-03-04,9.058037757873535,10.300000190734863,10.5,10.100000381469727,10.399999618530273,72908800
2019-03-05,8.88215446472168,10.100000381469727,10.300000190734863,10.0,10.199999809265137,72820000
2019-03-06,8.794212341308594,10.0,10.199999809265137,10.0,10.100000381469727,56642400
2019-03-07,8.750242233276367,9.949999809265137,10.100000381469727,9.850000381469727,10.0,96487900
2019-03-08,8.88215446472168,10.100000381469727,10.199999809265137,9.850000381469727,9.949999809265137,80460800
2019-03-11,8.750242233276367,9.949999809265137,10.199999809265137,9.949999809265137,10.199999809265137,60550700
2019-03-12,8.794212341308594,10.0,10.199999809265137,9.949999809265137,10.0,73842900
2019-03-13,8.88215446472168,10.100000381469727,10.100000381469727,10.0,10.0,19245100
2019-03-14,8.88215446472168,10.100000381469727,10.199999809265137,10.0,10.199999809265137,65098500
2019-03-15,8.88215446472168,10.100000381469727,10.199999809265137,10.0,10.100000381469727,76092400
2019-03-18,8.88215446472168,10.100000381469727,10.100000381469727,9.949999809265137,10.100000381469727,60755500
2019-03-19,8.88215446472168,10.100000381469727,10.199999809265137,10.0,10.100000381469727,36153900
2019-03-20,8.794212341308594,10.0,10.199999809265137,10.0,10.100000381469727,55411800
2019-03-21,8.88215446472168,10.100000381469727,10.100000381469727,10.0,10.100000381469727,16747500
2019-03-22,8.88215446472168,10.100000381469727,10.199999809265137,10.0,10.0,52853900
2019-03-25,8.97009563446045,10.199999809265137,10.199999809265137,10.0,10.199999809265137,53822000
2019-03-26,8.97009563446045,10.199999809265137,10.199999809265137,10.0,10.100000381469727,27968200
2019-03-27,8.88215446472168,10.100000381469727,10.199999809265137,9.949999809265137,10.100000381469727,66157900
2019-03-28,8.88215446472168,10.100000381469727,10.100000381469727,9.949999809265137,10.0,19881800
2019-03-29,8.88215446472168,10.100000381469727,10.199999809265137,10.0,10.100000381469727,28122600
2019-04-01,8.88215446472168,10.100000381469727,10.199999809265137,10.0,10.100000381469727,27856200
2019-04-02,8.794212341308594,10.0,10.100000381469727,9.949999809265137,10.0,58805000
2019-04-03,8.662300109863281,9.850000381469727,10.0,9.800000190734863,9.949999809265137,122999900
2019-04-04,8.618327140808105,9.800000190734863,9.850000381469727,9.699999809265137,9.800000190734863,80415900
2019-04-05,8.794212341308594,10.0,10.100000381469727,9.850000381469727,9.850000381469727,68094900
2019-04-09,8.88215446472168,10.100000381469727,10.100000381469727,9.949999809265137,10.0,29280800
2019-04-10,8.88215446472168,10.100000381469727,10.100000381469727,10.0,10.0,12507000
2019-04-11,8.794212341308594,10.0,10.100000381469727,9.949999809265137,10.100000381469727,41061400
2019-04-12,8.88215446472168,10.100000381469727,10.199999809265137,9.949999809265137,10.0,58946700
2019-04-17,9.058037757873535,10.300000190734863,10.399999618530273,10.100000381469727,10.199999809265137,67549600
2019-04-18,9.145981788635254,10.399999618530273,10.5,10.199999809265137,10.399999618530273,55928600
2019-04-19,9.058037757873535,10.300000190734863,10.5,10.199999809265137,10.5,37474600
2019-04-22,9.058037757873535,10.300000190734863,10.5,10.199999809265137,10.199999809265137,44978500
2019-04-23,9.145981788635254,10.399999618530273,10.399999618530273,10.300000190734863,10.399999618530273,23981100
2019-04-24,9.233922958374023,10.5,10.5,10.300000190734863,10.5,28839400
2019-04-25,9.058037757873535,10.300000190734863,10.5,10.300000190734863,10.5,31281000
2019-04-26,9.233922958374023,10.5,10.5,10.399999618530273,10.399999618530273,42906400
2019-04-29,9.585691452026367,10.899999618530273,11.0,10.5,10.5,127820500
2019-04-30,9.585691452026367,10.899999618530273,11.0,10.800000190734863,11.0,51121700
2019-05-02,9.585691452026367,10.899999618530273,11.0,10.899999618530273,10.899999618530273,20439600
2019-05-03,9.849517822265625,11.199999809265137,11.199999809265137,10.899999618530273,11.0,60583300
2019-05-07,9.840653419494629,11.100000381469727,11.300000190734863,11.0,11.100000381469727,50490900
2019-05-08,9.663342475891113,10.899999618530273,11.199999809265137,10.800000190734863,11.100000381469727,63901900
2019-05-09,9.751997947692871,11.0,11.199999809265137,10.899999618530273,10.899999618530273,61052700
2019-05-10,9.751997947692871,11.0,11.199999809265137,10.899999618530273,11.0,45054000
2019-05-13,9.929306983947754,11.199999809265137,11.199999809265137,10.899999618530273,11.0,29597000
2019-05-14,9.840653419494629,11.100000381469727,11.399999618530273,11.0,11.199999809265137,89437200
2019-05-15,10.017961502075195,11.300000190734863,11.5,11.199999809265137,11.199999809265137,117419100
2019-05-16,9.751997947692871,11.0,11.399999618530273,10.899999618530273,11.399999618530273,111029800
2019-05-17,9.751997947692871,11.0,11.199999809265137,10.899999618530273,11.100000381469727,40858000
2019-05-21,9.840653419494629,11.100000381469727,11.100000381469727,10.899999618530273,10.899999618530273,54160400
2019-05-22,9.929306983947754,11.199999809265137,11.199999809265137,11.100000381469727,11.199999809265137,14485100
2019-05-23,9.929306983947754,11.199999809265137,11.300000190734863,11.100000381469727,11.199999809265137,29328000
2019-05-24,9.929306983947754,11.199999809265137,11.199999809265137,11.0,11.100000381469727,27326200
2019-05-27,10.017961502075195,11.300000190734863,11.300000190734863,11.199999809265137,11.300000190734863,18682500
2019-05-28,10.017961502075195,11.300000190734863,11.300000190734863,11.100000381469727,11.300000190734863,95092100
2019-05-29,9.929306983947754,11.199999809265137,11.399999618530273,11.100000381469727,11.199999809265137,49902800
2019-05-30,10.017961502075195,11.300000190734863,11.300000190734863,11.100000381469727,11.199999809265137,19870900
2019-05-31,10.017961502075195,11.300000190734863,11.300000190734863,11.199999809265137,11.199999809265137,26583700
2019-06-04,10.10661506652832,11.399999618530273,11.399999618530273,11.199999809265137,11.300000190734863,37287800
2019-06-05,10.195270538330078,11.5,11.5,11.300000190734863,11.399999618530273,30495000
2019-06-06,10.372580528259277,11.699999809265137,11.699999809265137,11.399999618530273,11.5,35568300
2019-06-07,10.372580528259277,11.699999809265137,11.800000190734863,11.600000381469727,11.699999809265137,28219900
2019-06-10,10.549887657165527,11.899999618530273,12.0,11.600000381469727,11.699999809265137,51454800
2019-06-11,10.638544082641602,12.0,12.0,11.800000190734863,11.899999618530273,24644300
2019-06-12,10.10661506652832,11.399999618530273,11.899999618530273,11.300000190734863,11.899999618530273,256847400
2019-06-13,10.017961502075195,11.300000190734863,11.5,11.0,11.300000190734863,257387900
2019-06-14,10.195270538330078,11.5,11.5,11.199999809265137,11.399999618530273,74640800
2019-06-17,10.28392505645752,11.600000381469727,11.600000381469727,11.399999618530273,11.5,60512000
2019-06-18,10.461233139038086,11.800000190734863,11.800000190734863,11.5,11.600000381469727,61267100
2019-06-19,10.461233139038086,11.800000190734863,11.899999618530273,11.699999809265137,11.800000190734863,74860100
2019-06-20,10.10661506652832,11.399999618530273,11.800000190734863,11.300000190734863,11.699999809265137,243063700
2019-06-21,10.017961502075195,11.300000190734863,11.399999618530273,11.199999809265137,11.300000190734863,230488600
2019-06-24,9.929306983947754,11.199999809265137,11.399999618530273,11.199999809265137,11.399999618530273,58915400
2019-06-25,10.10661506652832,11.399999618530273,11.5,11.100000381469727,11.199999809265137,123914400
2019-06-26,10.10661506652832,11.399999618530273,11.399999618530273,11.300000190734863,11.300000190734863,37278600
2019-06-27,10.195270538330078,11.5,11.600000381469727,11.300000190734863,11.399999618530273,73941900
2019-06-28,10.10661506652832,11.399999618530273,11.600000381469727,11.399999618530273,11.5,68001200
2019-07-01,10.10661506652832,11.399999618530273,11.5,11.300000190734863,11.5,48803600
2019-07-02,9.929306983947754,11.199999809265137,11.399999618530273,11.100000381469727,11.399999618530273,104809700
2019-07-03,10.017961502075195,11.300000190734863,11.399999618530273,11.100000381469727,11.199999809265137,73254700
2019-07-04,10.017961502075195,11.300000190734863,11.399999618530273,11.199999809265137,11.399999618530273,42598300
2019-07-05,10.017961502075195,11.300000190734863,11.399999618530273,11.300000190734863,11.399999618530273,14515400
2019-07-08,10.017961502075195,11.300000190734863,11.399999618530273,11.199999809265137,11.300000190734863,94415900
2019-07-09,9.929306983947754,11.199999809265137,11.399999618530273,11.199999809265137,11.199999809265137,36836100
2019-07-10,9.929306983947754,11.199999809265137,11.300000190734863,10.899999618530273,11.199999809265137,126243000
2019-07-11,9.751997947692871,11.0,11.199999809265137,11.0,11.199999809265137,97572900
2019-07-12,9.397380828857422,10.600000381469727,11.100000381469727,10.399999618530273,11.0,396901700
2019-07-15,9.131415367126465,10.300000190734863,10.600000381469727,10.199999809265137,10.5,165901600
2019-07-17,9.131415367126465,10.300000190734863,10.600000381469727,10.199999809265137,10.300000190734863,176864300
2019-07-18,9.397380828857422,10.600000381469727,10.699999809265137,10.300000190734863,10.399999618530273,123952100
2019-07-19,9.751997947692871,11.0,11.0,10.600000381469727,10.699999809265137,148651000
2019-07-22,9.486034393310547,10.699999809265137,10.899999618530273,10.5,10.899999618530273,100575800
2019-07-23,9.486034393310547,10.699999809265137,10.800000190734863,10.5,10.699999809265137,74470500
2019-07-24,9.308725357055664,10.5,10.699999809265137,10.5,10.699999809265137,53421500
2019-07-25,9.574687957763672,10.800000190734863,10.800000190734863,10.5,10.600000381469727,62901100
2019-07-26,9.397380828857422,10.600000381469727,10.800000190734863,10.5,10.800000190734863,56638900
2019-07-30,9.308725357055664,10.5,10.600000381469727,10.300000190734863,10.5,57793600
2019-07-31,9.308725357055664,10.5,10.5,10.300000190734863,10.5,41575900
2019-08-01,9.308725357055664,10.5,10.600000381469727,10.300000190734863,10.399999618530273,60936500
2019-08-02,9.308725357055664,10.5,10.5,10.300000190734863,10.300000190734863,61249900
2019-08-05,9.220071792602539,10.399999618530273,10.5,10.199999809265137,10.399999618530273,64351100
2019-08-06,9.220071792602539,10.399999618530273,10.5,10.199999809265137,10.300000190734863,54858200
2019-08-07,9.840653419494629,11.100000381469727,11.199999809265137,10.600000381469727,10.600000381469727,271926900
2019-08-08,9.751997947692871,11.0,11.199999809265137,10.899999618530273,11.100000381469727,64759500
2019-08-09,9.663342475891113,10.899999618530273,11.100000381469727,10.800000190734863,11.100000381469727,64677300
2019-08-13,9.663342475891113,10.899999618530273,11.100000381469727,10.800000190734863,10.899999618530273,93099800
2019-08-14,9.663342475891113,10.899999618530273,11.100000381469727,10.800000190734863,11.0,83331000
2019-08-15,9.574687957763672,10.800000190734863,11.0,10.699999809265137,10.899999618530273,79193300
2019-08-16,9.486034393310547,10.699999809265137,11.0,10.5,10.899999618530273,109830500
2019-08-19,9.929306983947754,11.199999809265137,11.199999809265137,10.699999809265137,10.800000190734863,110054500
2019-08-20,9.663342475891113,10.899999618530273,11.199999809265137,10.800000190734863,11.100000381469727,100974400
2019-08-21,9.751997947692871,11.0,11.100000381469727,10.800000190734863,10.899999618530273,45476700
2019-08-22,9.894623756408691,11.100000381469727,11.199999809265137,10.899999618530273,10.899999618530273,64403900
2019-08-23,10.072904586791992,11.300000190734863,11.399999618530273,11.100000381469727,11.199999809265137,119196200
2019-08-26,9.983763694763184,11.199999809265137,11.300000190734863,11.0,11.199999809265137,55618900
2019-08-27,9.894623756408691,11.100000381469727,11.399999618530273,11.100000381469727,11.199999809265137,113463100
2019-08-28,9.805481910705566,11.0,11.199999809265137,11.0,11.100000381469727,43467700
2019-08-29,9.716341018676758,10.899999618530273,11.100000381469727,10.899999618530273,10.899999618530273,56279600
2019-08-30,9.983763694763184,11.199999809265137,11.199999809265137,10.899999618530273,10.899999618530273,74919300
2019-09-02,9.983763694763184,11.199999809265137,11.300000190734863,11.100000381469727,11.100000381469727,40794700
2019-09-03,9.805481910705566,11.0,11.199999809265137,11.0,11.100000381469727,26750600
2019-09-04,9.983763694763184,11.199999809265137,11.199999809265137,11.0,11.0,45716600
2019-09-05,10.162044525146484,11.399999618530273,11.600000381469727,11.100000381469727,11.199999809265137,150003400
2019-09-06,10.072904586791992,11.300000190734863,11.600000381469727,11.300000190734863,11.600000381469727,113899900
2019-09-09,10.072904586791992,11.300000190734863,11.399999618530273,11.199999809265137,11.300000190734863,37299600
2019-09-10,10.162044525146484,11.399999618530273,11.399999618530273,11.199999809265137,11.300000190734863,50910400
2019-09-11,10.072904586791992,11.300000190734863,11.5,11.300000190734863,11.399999618530273,55265000
2019-09-12,9.894623756408691,11.100000381469727,11.399999618530273,11.0,11.399999618530273,69883300
2019-09-13,9.894623756408691,11.100000381469727,11.199999809265137,11.0,11.100000381469727,38127500
2019-09-16,9.805481910705566,11.0,11.100000381469727,10.899999618530273,11.100000381469727,55580600
2019-09-17,9.894623756408691,11.100000381469727,11.100000381469727,10.899999618530273,11.0,54486500
2019-09-18,9.894623756408691,11.100000381469727,11.199999809265137,10.899999618530273,11.100000381469727,69711400
2019-09-19,9.805481910705566,11.0,11.199999809265137,10.899999618530273,11.100000381469727,46712300
2019-09-20,9.716341018676758,10.899999618530273,11.100000381469727,10.800000190734863,10.899999618530273,118079000
2019-09-23,9.716341018676758,10.899999618530273,11.0,10.800000190734863,10.899999618530273,22133200
2019-09-24,9.805481910705566,11.0,11.0,10.800000190734863,10.899999618530273,19279700
2019-09-25,9.716341018676758,10.899999618530273,11.0,10.800000190734863,10.899999618530273,28600700
2019-09-26,9.716341018676758,10.899999618530273,10.899999618530273,10.800000190734863,10.899999618530273,36288900
2019-09-27,9.716341018676758,10.899999618530273,10.899999618530273,10.699999809265137,10.800000190734863,63326900
2019-09-30,9.62720012664795,10.800000190734863,10.899999618530273,10.699999809265137,10.800000190734863,45872300
2019-10-01,9.538060188293457,10.699999809265137,10.800000190734863,10.600000381469727,10.699999809265137,31365000
2019-10-02,9.538060188293457,10.699999809265137,10.800000190734863,10.699999809265137,10.699999809265137,14182500
2019-10-03,9.448920249938965,10.600000381469727,10.800000190734863,10.600000381469727,10.600000381469727,19998100
2019-10-04,9.448920249938965,10.600000381469727,10.699999809265137,10.600000381469727,10.699999809265137,14227000
2019-10-07,9.62720012664795,10.800000190734863,10.899999618530273,10.600000381469727,10.699999809265137,28704300
2019-10-08,9.716341018676758,10.899999618530273,11.0,10.800000190734863,10.899999618530273,39891300
2019-10-09,9.62720012664795,10.800000190734863,10.899999618530273,10.699999809265137,10.800000190734863,26408000
2019-10-10,9.62720012664795,10.800000190734863,10.899999618530273,10.800000190734863,10.899999618530273,7966600
2019-10-11,9.62720012664795,10.800000190734863,10.899999618530273,10.699999809265137,10.899999618530273,32793100
2019-10-15,9.62720012664795,10.800000190734863,10.899999618530273,10.699999809265137,10.800000190734863,23428500
2019-10-16,9.538060188293457,10.699999809265137,10.800000190734863,10.600000381469727,10.800000190734863,46208300
2019-10-17,9.538060188293457,10.699999809265137,10.800000190734863,10.600000381469727,10.699999809265137,20777900
2019-10-18,9.538060188293457,10.699999809265137,10.800000190734863,10.600000381469727,10.800000190734863,16502100
2019-10-21,9.448920249938965,10.600000381469727,10.699999809265137,10.600000381469727,10.699999809265137,11518100
2019-10-22,9.448920249938965,10.600000381469727,10.699999809265137,10.600000381469727,10.600000381469727,22781300
2019-10-24,9.448920249938965,10.600000381469727,10.699999809265137,10.600000381469727,10.699999809265137,37560100
2019-10-25,9.62720012664795,10.800000190734863,10.899999618530273,10.600000381469727,10.600000381469727,54144300
2019-10-28,9.62720012664795,10.800000190734863,10.899999618530273,10.699999809265137,10.800000190734863,24884200
2019-10-29,9.805481910705566,11.0,11.100000381469727,10.899999618530273,10.899999618530273,53164500
2019-10-30,9.716341018676758,10.899999618530273,11.0,10.800000190734863,11.0,30422600
2019-10-31,9.62720012664795,10.800000190734863,11.0,10.800000190734863,10.800000190734863,27922600
2019-11-01,9.62720012664795,10.800000190734863,10.800000190734863,10.699999809265137,10.800000190734863,23237900
2019-11-04,9.62720012664795,10.800000190734863,10.899999618530273,10.699999809265137,10.800000190734863,31922100
2019-11-05,9.716341018676758,10.899999618530273,10.899999618530273,10.800000190734863,10.899999618530273,18553900
2019-11-06,9.62720012664795,10.800000190734863,11.0,10.800000190734863,10.899999618530273,40326900
2019-11-07,9.62720012664795,10.800000190734863,10.899999618530273,10.699999809265137,10.899999618530273,46904100
2019-11-08,9.62720012664795,10.800000190734863,10.899999618530273,10.699999809265137,10.800000190734863,35134600
2019-11-11,9.62720012664795,10.800000190734863,10.800000190734863,10.699999809265137,10.800000190734863,13587700
2019-11-12,9.62720012664795,10.800000190734863,10.899999618530273,10.699999809265137,10.699999809265137,37678100
2019-11-13,9.62720012664795,10.800000190734863,10.800000190734863,10.699999809265137,10.800000190734863,17901500
2019-11-14,9.538060188293457,10.699999809265137,10.800000190734863,10.699999809265137,10.800000190734863,22844100
2019-11-15,9.62720012664795,10.800000190734863,10.800000190734863,10.699999809265137,10.800000190734863,22066200
2019-11-18,9.62720012664795,10.800000190734863,10.800000190734863,10.699999809265137,10.800000190734863,18261400
2019-11-19,9.62720012664795,10.800000190734863,10.899999618530273,10.699999809265137,10.800000190734863,51379000
2019-11-20,9.62720012664795,10.800000190734863,10.800000190734863,10.600000381469727,10.699999809265137,38585200
2019-11-21,9.62720012664795,10.800000190734863,10.800000190734863,10.699999809265137,10.800000190734863,27108100
2019-11-22,9.62720012664795,10.800000190734863,10.899999618530273,10.699999809265137,10.800000190734863,53753300
2019-11-25,9.538060188293457,10.699999809265137,10.800000190734863,10.699999809265137,10.800000190734863,19053800
2019-11-26,9.538060188293457,10.699999809265137,10.800000190734863,10.699999809265137,10.800000190734863,96346900
2019-11-27,9.448920249938965,10.600000381469727,10.800000190734863,10.600000381469727,10.699999809265137,58137400
2019-11-28,9.448920249938965,10.600000381469727,10.800000190734863,10.600000381469727,10.699999809265137,42574700
2019-11-29,9.62720012664795,10.800000190734863,10.800000190734863,10.600000381469727,10.699999809265137,37611900
2019-12-02,9.538060188293457,10.699999809265137,10.800000190734863,10.600000381469727,10.800000190734863,38048400
2019-12-03,9.716341018676758,10.899999618530273,10.899999618530273,10.600000381469727,10.699999809265137,50094600
2019-12-04,9.716341018676758,10.899999618530273,11.0,10.800000190734863,10.800000190734863,28633500
2019-12-06,9.716341018676758,10.899999618530273,11.0,10.800000190734863,11.0,23145400
2019-12-09,9.716341018676758,10.899999618530273,11.0,10.800000190734863,10.899999618530273,21073600
2019-12-11,10.072904586791992,11.300000190734863,11.399999618530273,10.899999618530273,11.0,121223600
2019-12-12,10.072904586791992,11.300000190734863,11.600000381469727,11.300000190734863,11.399999618530273,93529500
2019-12-13,10.162044525146484,11.399999618530273,11.399999618530273,11.300000190734863,11.399999618530273,22673800
2019-12-16,9.894623756408691,11.100000381469727,11.399999618530273,11.100000381469727,11.399999618530273,74240200
2019-12-17,9.894623756408691,11.100000381469727,11.199999809265137,11.0,11.199999809265137,43519400
2019-12-18,9.894623756408691,11.100000381469727,11.300000190734863,11.100000381469727,11.100000381469727,23460000
2019-12-19,10.162044525146484,11.399999618530273,11.399999618530273,11.100000381469727,11.199999809265137,61510100
2019-12-20,10.072904586791992,11.300000190734863,11.5,11.300000190734863,11.5,42940400
2019-12-23,9.894623756408691,11.100000381469727,11.5,11.0,11.399999618530273,105770300
2019-12-24,9.805481910705566,11.0,11.199999809265137,10.699999809265137,11.100000381469727,121595200
2019-12-25,9.805481910705566,11.0,11.0,10.800000190734863,10.899999618530273,32326700
2019-12-26,9.716341018676758,10.899999618530273,11.0,10.800000190734863,10.899999618530273,38232300
2019-12-27,9.805481910705566,11.0,11.0,10.800000190734863,10.899999618530273,32514500
2019-12-30,9.716341018676758,10.899999618530273,11.0,10.899999618530273,11.0,10144700
2020-01-02,9.716341018676758,10.899999618530273,11.100000381469727,10.899999618530273,10.899999618530273,33753400
2020-01-03,9.805481910705566,11.0,11.0,10.899999618530273,10.899999618530273,20042100
2020-01-06,9.716341018676758,10.899999618530273,11.0,10.800000190734863,10.899999618530273,37093300
2020-01-07,10.072904586791992,11.300000190734863,11.300000190734863,11.0,11.0,58996400
2020-01-08,9.983763694763184,11.199999809265137,11.300000190734863,11.0,11.199999809265137,61806000
2020-01-09,9.894623756408691,11.100000381469727,11.300000190734863,11.0,11.300000190734863,42908000
2020-01-10,9.983763694763184,11.199999809265137,11.199999809265137,11.100000381469727,11.199999809265137,14412200
2020-01-13,10.072904586791992,11.300000190734863,11.399999618530273,11.100000381469727,11.199999809265137,63083600
2020-01-14,10.162044525146484,11.399999618530273,11.399999618530273,11.199999809265137,11.399999618530273,33098100
2020-01-15,9.983763694763184,11.199999809265137,11.399999618530273,11.199999809265137,11.300000190734863,27443500
2020-01-16,9.983763694763184,11.199999809265137,11.399999618530273,11.199999809265137,11.199999809265137,24143100
2020-01-17,10.162044525146484,11.399999618530273,11.399999618530273,11.199999809265137,11.300000190734863,25762300
2020-01-20,10.072904586791992,11.300000190734863,11.399999618530273,11.199999809265137,11.399999618530273,35973500
2020-01-21,9.983763694763184,11.199999809265137,11.399999618530273,11.100000381469727,11.300000190734863,24717500
2020-01-22,10.072904586791992,11.300000190734863,11.300000190734863,11.0,11.199999809265137,52642900
2020-01-23,10.072904586791992,11.300000190734863,11.399999618530273,11.100000381469727,11.199999809265137,46481500
2020-01-24,9.894623756408691,11.100000381469727,11.300000190734863,11.100000381469727,11.300000190734863,19635900
2020-01-27,9.716341018676758,10.899999618530273,11.100000381469727,10.899999618530273,11.100000381469727,48877700
2020-01-28,9.716341018676758,10.899999618530273,11.100000381469727,10.899999618530273,11.0,37591500
2020-01-29,9.62720012664795,10.800000190734863,11.0,10.699999809265137,10.899999618530273,59581800
2020-01-30,9.805481910705566,11.0,11.199999809265137,10.800000190734863,10.800000190734863,45029800
2020-01-31,9.805481910705566,11.0,11.100000381469727,11.0,11.0,14692800
2020-02-03,9.62720012664795,10.800000190734863,11.0,10.800000190734863,11.0,27134700
2020-02-04,9.716341018676758,10.899999618530273,11.0,10.600000381469727,10.899999618530273,81654000
2020-02-05,9.716341018676758,10.899999618530273,10.899999618530273,10.600000381469727,10.800000190734863,67040600
2020-02-06,9.716341018676758,10.899999618530273,11.0,10.800000190734863,10.800000190734863,27778800
2020-02-07,9.805481910705566,11.0,11.0,10.899999618530273,10.899999618530273,8739900
2020-02-11,9.894623756408691,11.100000381469727,11.199999809265137,11.0,11.0,40086000
2020-02-12,10.072904586791992,11.300000190734863,11.399999618530273,11.100000381469727,11.199999809265137,89415700
2020-02-13,9.805481910705566,11.0,11.300000190734863,10.800000190734863,11.300000190734863,92378600
2020-02-14,9.805481910705566,11.0,11.100000381469727,10.899999618530273,11.0,28126200
2020-02-17,9.62720012664795,10.800000190734863,11.100000381469727,10.800000190734863,10.899999618530273,46178800
2020-02-18,9.805481910705566,11.0,11.100000381469727,10.600000381469727,10.699999809265137,131231700
2020-02-19,9.805481910705566,11.0,11.199999809265137,10.899999618530273,11.100000381469727,70207900
2020-02-20,9.538060188293457,10.699999809265137,11.100000381469727,10.600000381469727,11.0,89147900
2020-02-21,9.62720012664795,10.800000190734863,10.800000190734863,10.600000381469727,10.699999809265137,45971600
2020-02-24,9.270638465881348,10.399999618530273,10.699999809265137,10.300000190734863,10.600000381469727,99463500
2020-02-25,9.270638465881348,10.399999618530273,10.5,9.949999809265137,10.5,137151800
2020-02-26,8.824934959411621,9.899999618530273,10.399999618530273,9.899999618530273,10.300000190734863,110374700
2020-02-27,8.824934959411621,9.899999618530273,10.0,9.75,9.850000381469727,103099700
2020-02-28,8.245519638061523,9.25,9.600000381469727,9.199999809265137,9.600000381469727,108538000
2020-03-02,8.245519638061523,9.25,9.5,9.100000381469727,9.449999809265137,84631600
2020-03-03,8.557513236999512,9.600000381469727,9.649999618530273,9.399999618530273,9.399999618530273,60260000
2020-03-04,8.51294231414795,9.550000190734863,9.800000190734863,9.449999809265137,9.5,59736100
2020-03-05,8.51294231414795,9.550000190734863,9.75,9.550000190734863,9.649999618530273,66659400
2020-03-06,8.379230499267578,9.399999618530273,9.5,9.300000190734863,9.399999618530273,60564500
2020-03-09,8.156377792358398,9.149999618530273,9.350000381469727,9.0,9.199999809265137,93992000
2020-03-10,8.111809730529785,9.100000381469727,9.300000190734863,9.100000381469727,9.100000381469727,52987800
2020-03-11,7.755244731903076,8.699999809265137,9.149999618530273,8.649999618530273,9.100000381469727,107139000
2020-03-12,6.774697780609131,7.599999904632568,8.149999618530273,7.349999904632568,8.100000381469727,156252200
2020-03-13,6.863837718963623,7.699999809265137,8.0,6.099999904632568,6.650000095367432,224792500
2020-03-16,6.150712013244629,6.900000095367432,7.699999809265137,6.849999904632568,7.099999904632568,109178700
2020-03-17,5.7941484451293945,6.5,7.050000190734863,6.449999809265137,6.800000190734863,170209400
2020-03-18,5.927860260009766,6.650000095367432,6.949999809265137,6.5,6.699999809265137,88014800
2020-03-19,5.972430229187012,6.699999809265137,6.699999809265137,6.400000095367432,6.5,111475700
2020-03-20,6.774697780609131,7.599999904632568,7.699999809265137,6.800000190734863,6.949999809265137,159160300
2020-03-23,6.017000675201416,6.75,6.949999809265137,6.599999904632568,6.800000190734863,140693900
2020-03-24,5.972430229187012,6.699999809265137,7.050000190734863,6.650000095367432,7.050000190734863,118890200
2020-03-25,6.462704181671143,7.25,7.25,6.849999904632568,6.900000095367432,82546100
2020-03-26,6.730126857757568,7.550000190734863,7.800000190734863,7.099999904632568,7.150000095367432,131306300
2020-03-27,6.730126857757568,7.550000190734863,7.849999904632568,7.400000095367432,7.849999904632568,99286800
2020-03-30,6.774697780609131,7.599999904632568,7.599999904632568,7.599999904632568,7.599999904632568,2472200
2020-03-31,6.908408164978027,7.75,7.800000190734863,7.650000095367432,7.75,55236400
2020-04-01,6.819267749786377,7.650000095367432,7.75,7.550000190734863,7.699999809265137,39986000
2020-04-02,6.863837718963623,7.699999809265137,7.75,7.550000190734863,7.650000095367432,44966700
2020-04-03,6.774697780609131,7.599999904632568,7.800000190734863,7.550000190734863,7.75,30850200
2020-04-07,7.354111671447754,8.25,8.449999809265137,7.699999809265137,7.849999904632568,249793000
2020-04-08,7.220401287078857,8.100000381469727,8.25,7.949999809265137,8.149999618530273,88427100
2020-04-09,7.30954122543335,8.199999809265137,8.550000190734863,8.100000381469727,8.149999618530273,154508800
2020-04-10,7.532392978668213,8.449999809265137,8.449999809265137,8.199999809265137,8.199999809265137,57613300
2020-04-13,8.02266788482666,9.0,9.050000190734863,8.449999809265137,8.449999809265137,167879900
2020-04-14,8.29008960723877,9.300000190734863,9.399999618530273,8.949999809265137,9.050000190734863,130831900
2020-04-15,7.93352746963501,8.899999618530273,9.300000190734863,8.899999618530273,9.25,78978500
2020-04-16,7.576963901519775,8.5,8.850000381469727,8.449999809265137,8.75,87057700
2020-04-17,7.978095531463623,8.949999809265137,8.949999809265137,8.699999809265137,8.899999618530273,91458300
2020-04-20,8.200947761535645,9.199999809265137,9.300000190734863,9.0,9.050000190734863,81405000
2020-04-21,8.067238807678223,9.050000190734863,9.149999618530273,9.050000190734863,9.100000381469727,51038500
2020-04-22,8.283324241638184,9.199999809265137,9.300000190734863,8.850000381469727,8.899999618530273,62078700
2020-04-23,8.32834243774414,9.25,9.300000190734863,9.149999618530273,9.199999809265137,48197500
2020-04-24,8.193288803100586,9.100000381469727,9.300000190734863,9.100000381469727,9.25,34188400
2020-04-27,8.238304138183594,9.149999618530273,9.25,9.050000190734863,9.25,29162200
2020-04-28,8.418378829956055,9.350000381469727,9.399999618530273,9.100000381469727,9.149999618530273,60777000
2020-04-29,8.463396072387695,9.399999618530273,9.449999809265137,9.350000381469727,9.399999618530273,38260300
2020-04-30,8.508415222167969,9.449999809265137,9.550000190734863,9.399999618530273,9.5,44063600
2020-05-05,8.283324241638184,9.199999809265137,9.350000381469727,9.199999809265137,9.25,39209500
2020-05-07,8.32834243774414,9.25,9.399999618530273,9.100000381469727,9.149999618530273,48578200
2020-05-08,8.418378829956055,9.350000381469727,9.449999809265137,9.300000190734863,9.350000381469727,40415100
2020-05-11,8.733505249023438,9.699999809265137,9.75,9.399999618530273,9.449999809265137,72847200
2020-05-12,8.823541641235352,9.800000190734863,9.899999618530273,9.699999809265137,9.699999809265137,65437600
2020-05-13,8.823541641235352,9.800000190734863,9.850000381469727,9.75,9.800000190734863,19317700
2020-05-14,8.55343246459961,9.5,9.899999618530273,9.449999809265137,9.75,79678300
2020-05-15,8.55343246459961,9.5,9.649999618530273,9.5,9.5,42352800
2020-05-18,8.598450660705566,9.550000190734863,9.699999809265137,9.5,9.550000190734863,42936900
2020-05-19,8.823541641235352,9.800000190734863,9.850000381469727,9.649999618530273,9.699999809265137,73728700
2020-05-20,8.68848705291748,9.649999618530273,9.850000381469727,9.600000381469727,9.800000190734863,71274100
2020-05-21,8.55343246459961,9.5,9.699999809265137,9.5,9.649999618530273,55614400
2020-05-22,8.598450660705566,9.550000190734863,9.600000381469727,9.449999809265137,9.449999809265137,43230700
2020-05-25,8.733505249023438,9.699999809265137,9.699999809265137,9.5,9.550000190734863,22964700
2020-05-26,8.733505249023438,9.699999809265137,9.949999809265137,9.649999618530273,9.699999809265137,107783300
2020-05-27,8.823541641235352,9.800000190734863,9.800000190734863,9.649999618530273,9.75,43766200
2020-05-28,8.868559837341309,9.850000381469727,9.949999809265137,9.699999809265137,9.850000381469727,69536000
2020-05-29,8.868559837341309,9.850000381469727,9.850000381469727,9.699999809265137,9.75,49102100
2020-06-01,8.913578033447266,9.899999618530273,9.949999809265137,9.75,9.949999809265137,45468400
2020-06-02,8.95859432220459,9.949999809265137,9.949999809265137,9.75,9.899999618530273,55453000
2020-06-04,9.003613471984863,10.0,10.100000381469727,9.899999618530273,10.0,89461700
2020-06-05,9.093649864196777,10.100000381469727,10.100000381469727,9.949999809265137,10.0,41362500
2020-06-08,9.273721694946289,10.300000190734863,10.399999618530273,10.100000381469727,10.300000190734863,99033600
2020-06-09,9.003613471984863,10.0,10.300000190734863,9.899999618530273,10.199999809265137,55200900
2020-06-10,9.003613471984863,10.0,10.100000381469727,9.899999618530273,10.100000381469727,41938300
2020-06-11,9.003613471984863,10.0,10.100000381469727,9.899999618530273,10.0,40658400
2020-06-12,9.003613471984863,10.0,10.0,9.800000190734863,9.800000190734863,40131900
2020-06-15,8.733505249023438,9.699999809265137,10.0,9.649999618530273,10.0,53684800
2020-06-16,8.778523445129395,9.75,9.899999618530273,9.75,9.800000190734863,41196300
2020-06-17,8.778523445129395,9.75,9.899999618530273,9.699999809265137,9.75,44071900
2020-06-18,8.868559837341309,9.850000381469727,10.0,9.649999618530273,9.699999809265137,80190400
2020-06-19,8.913578033447266,9.899999618530273,9.949999809265137,9.800000190734863,9.850000381469727,33145600
2020-06-22,8.778523445129395,9.75,9.899999618530273,9.75,9.850000381469727,23636600
2020-06-23,8.823541641235352,9.800000190734863,9.850000381469727,9.75,9.75,11763500
2020-06-24,8.733505249023438,9.699999809265137,9.850000381469727,9.649999618530273,9.850000381469727,20772100
2020-06-25,8.598450660705566,9.550000190734863,9.649999618530273,9.399999618530273,9.600000381469727,48379600
2020-06-26,8.55343246459961,9.5,9.649999618530273,9.449999809265137,9.600000381469727,21043800
2020-06-29,8.55343246459961,9.5,9.5,9.350000381469727,9.449999809265137,29284500
2020-06-30,8.55343246459961,9.5,9.600000381469727,9.449999809265137,9.550000190734863,23170000
2020-07-01,8.508415222167969,9.449999809265137,9.600000381469727,9.350000381469727,9.550000190734863,38738500
2020-07-02,8.598450660705566,9.550000190734863,9.699999809265137,9.449999809265137,9.5,56663000
2020-07-03,8.643468856811523,9.600000381469727,9.649999618530273,9.5,9.600000381469727,35133300
2020-07-07,8.55343246459961,9.5,9.699999809265137,9.449999809265137,9.649999618530273,39970000
2020-07-08,8.508415222167969,9.449999809265137,9.600000381469727,9.399999618530273,9.550000190734863,32321000
2020-07-09,8.463396072387695,9.399999618530273,9.5,9.399999618530273,9.449999809265137,19322000
2020-07-10,8.508415222167969,9.449999809265137,9.5,9.350000381469727,9.399999618530273,33417700
2020-07-13,8.373360633850098,9.300000190734863,9.5,9.25,9.5,49966300
2020-07-14,8.193288803100586,9.100000381469727,9.199999809265137,9.0,9.149999618530273,60134500
2020-07-15,8.238304138183594,9.149999618530273,9.25,9.100000381469727,9.149999618530273,32653300
2020-07-16,8.238304138183594,9.149999618530273,9.300000190734863,9.100000381469727,9.149999618530273,27015900
2020-07-17,8.373360633850098,9.300000190734863,9.300000190734863,9.100000381469727,9.199999809265137,21764000
2020-07-20,8.148271560668945,9.050000190734863,9.300000190734863,9.050000190734863,9.25,33476700
2020-07-21,8.283324241638184,9.199999809265137,9.25,9.100000381469727,9.149999618530273,23269100
2020-07-22,8.148271560668945,9.050000190734863,9.25,9.050000190734863,9.25,22306700
2020-07-23,8.193288803100586,9.100000381469727,9.149999618530273,9.050000190734863,9.100000381469727,29779500
2020-07-24,8.058235168457031,8.949999809265137,9.050000190734863,8.899999618530273,9.0,51591600
2020-07-29,8.058235168457031,8.949999809265137,9.050000190734863,8.899999618530273,8.899999618530273,26216600
2020-07-30,7.7881245613098145,8.649999618530273,9.0,8.550000190734863,8.949999809265137,73151800
2020-07-31,7.968198776245117,8.850000381469727,8.850000381469727,8.600000381469727,8.649999618530273,28691300
2020-08-03,7.878161907196045,8.75,8.899999618530273,8.699999809265137,8.800000190734863,22460500
2020-08-04,7.968198776245117,8.850000381469727,8.949999809265137,8.75,8.800000190734863,28499100
2020-08-05,8.013216018676758,8.899999618530273,8.899999618530273,8.699999809265137,8.850000381469727,18072000
2020-08-06,7.968198776245117,8.850000381469727,8.899999618530273,8.800000190734863,8.899999618530273,20624100
2020-08-07,7.878161907196045,8.75,8.850000381469727,8.699999809265137,8.800000190734863,22638200
2020-08-10,7.833143711090088,8.699999809265137,8.800000190734863,8.649999618530273,8.75,19369000
2020-08-11,8.058235168457031,8.949999809265137,9.0,8.699999809265137,8.75,55294700
2020-08-13,8.238304138183594,9.149999618530273,9.149999618530273,9.0,9.100000381469727,53058500
2020-08-14,8.283324241638184,9.199999809265137,9.5,9.100000381469727,9.300000190734863,105595000
2020-08-17,8.148271560668945,9.050000190734863,9.25,9.0,9.199999809265137,36425600
2020-08-18,8.283324241638184,9.199999809265137,9.25,9.050000190734863,9.100000381469727,33484300
2020-08-19,8.193288803100586,9.100000381469727,9.300000190734863,8.899999618530273,9.25,79560700
2020-08-20,8.238304138183594,9.149999618530273,9.149999618530273,9.0,9.0,23968800
2020-08-21,8.193288803100586,9.100000381469727,9.199999809265137,9.0,9.199999809265137,30095100
2020-08-24,8.32834243774414,9.25,9.25,9.100000381469727,9.149999618530273,23209000
2020-08-25,8.32834243774414,9.25,9.300000190734863,9.199999809265137,9.300000190734863,26604700
2020-08-26,8.32834243774414,9.25,9.300000190734863,9.149999618530273,9.25,19379100
2020-08-27,8.373360633850098,9.300000190734863,9.350000381469727,9.199999809265137,9.25,21114400
2020-08-28,8.373360633850098,9.300000190734863,9.350000381469727,9.199999809265137,9.300000190734863,24291100
2020-08-31,8.148271560668945,9.050000190734863,9.300000190734863,9.050000190734863,9.300000190734863,41074100
2020-09-01,8.148271560668945,9.050000190734863,9.149999618530273,9.0,9.100000381469727,28812400
2020-09-02,8.148271560668945,9.050000190734863,9.100000381469727,9.0,9.050000190734863,19227000
2020-09-03,8.148271560668945,9.050000190734863,9.100000381469727,9.0,9.100000381469727,26054700
2020-09-08,8.103252410888672,9.0,9.050000190734863,8.949999809265137,9.050000190734863,29414700
2020-09-09,8.103252410888672,9.0,9.100000381469727,8.899999618530273,8.949999809265137,19224900
2020-09-10,8.193288803100586,9.100000381469727,9.100000381469727,9.0,9.050000190734863,13067300
2020-09-11,8.058235168457031,8.949999809265137,9.100000381469727,8.949999809265137,9.050000190734863,19339200
2020-09-14,8.103252410888672,9.0,9.050000190734863,8.949999809265137,9.0,8767200
2020-09-15,8.148271560668945,9.050000190734863,9.050000190734863,9.0,9.0,4636300
2020-09-16,8.058235168457031,8.949999809265137,9.050000190734863,8.949999809265137,9.0,10585200
2020-09-17,8.058235168457031,8.949999809265137,9.0,8.850000381469727,8.949999809265137,19547500
2020-09-18,7.968198776245117,8.850000381469727,9.0,8.850000381469727,8.949999809265137,29838400
2020-09-21,7.968198776245117,8.850000381469727,9.0,8.800000190734863,8.899999618530273,18002500
2020-09-22,7.878161907196045,8.75,8.899999618530273,8.75,8.850000381469727,20981900
2020-09-23,7.923179626464844,8.800000190734863,8.850000381469727,8.75,8.75,13163800
2020-09-24,7.923179626464844,8.800000190734863,8.800000190734863,8.649999618530273,8.75,25773300
2020-09-25,7.743107795715332,8.600000381469727,8.850000381469727,8.550000190734863,8.75,34131700
2020-09-28,7.833143711090088,8.699999809265137,8.75,8.649999618530273,8.649999618530273,13105000
2020-09-29,7.833143711090088,8.699999809265137,8.75,8.600000381469727,8.699999809265137,10781300
2020-09-30,7.698090076446533,8.550000190734863,8.75,8.5,8.699999809265137,23860600
2020-10-01,7.653071403503418,8.5,8.600000381469727,8.5,8.550000190734863,15985800
2020-10-02,7.653071403503418,8.5,8.649999618530273,8.5,8.5,30885300
2020-10-05,7.698090076446533,8.550000190734863,8.600000381469727,8.5,8.550000190734863,18270800
2020-10-06,7.653071403503418,8.5,8.600000381469727,8.5,8.550000190734863,30660200
2020-10-07,7.833143711090088,8.699999809265137,8.699999809265137,8.449999809265137,8.5,27650000
2020-10-08,7.878161907196045,8.75,8.899999618530273,8.649999618530273,8.699999809265137,40825900
2020-10-09,7.833143711090088,8.699999809265137,8.850000381469727,8.649999618530273,8.75,17849100
2020-10-12,7.878161907196045,8.75,8.800000190734863,8.649999618530273,8.699999809265137,7729700
2020-10-14,7.7881245613098145,8.649999618530273,8.75,8.649999618530273,8.75,17854200
2020-10-15,7.608053207397461,8.449999809265137,8.649999618530273,8.449999809265137,8.600000381469727,37928400
2020-10-16,7.653071403503418,8.5,8.550000190734863,8.449999809265137,8.5,17865800
2020-10-19,7.337944984436035,8.149999618530273,8.449999809265137,7.949999809265137,8.449999809265137,71725100
2020-10-20,7.337944984436035,8.149999618530273,8.300000190734863,8.100000381469727,8.100000381469727,40663500
2020-10-21,7.382962703704834,8.199999809265137,8.350000381469727,8.100000381469727,8.199999809265137,32197200
2020-10-22,7.518017768859863,8.350000381469727,8.399999618530273,8.149999618530273,8.25,24522200
2020-10-26,7.427980899810791,8.25,8.300000190734863,8.149999618530273,8.300000190734863,18811700
2020-10-27,7.382962703704834,8.199999809265137,8.25,8.149999618530273,8.199999809265137,18225100
2020-10-28,7.382962703704834,8.199999809265137,8.300000190734863,8.050000190734863,8.199999809265137,31392600
2020-10-29,7.382962703704834,8.199999809265137,8.199999809265137,8.100000381469727,8.199999809265137,19398100
2020-10-30,7.382962703704834,8.199999809265137,8.25,8.050000190734863,8.199999809265137,33080400
2020-11-02,7.4730000495910645,8.300000190734863,8.300000190734863,8.149999618530273,8.199999809265137,10779700
2020-11-03,7.563035011291504,8.399999618530273,8.399999618530273,8.300000190734863,8.350000381469727,16278500
2020-11-04,7.518017768859863,8.350000381469727,8.449999809265137,8.300000190734863,8.399999618530273,7098500
2020-11-05,7.833143711090088,8.699999809265137,8.75,8.350000381469727,8.449999809265137,40499900
2020-11-06,7.698090076446533,8.550000190734863,8.75,8.449999809265137,8.75,31894600
2020-11-09,7.968198776245117,8.850000381469727,8.899999618530273,8.699999809265137,8.75,46294800
2020-11-10,8.283324241638184,9.199999809265137,9.25,9.0,9.149999618530273,116684100
2020-11-11,8.283324241638184,9.199999809265137,9.25,9.050000190734863,9.199999809265137,37495000
2020-11-12,8.238304138183594,9.149999618530273,9.199999809265137,9.0,9.199999809265137,21671700
2020-11-13,8.238304138183594,9.149999618530273,9.199999809265137,9.0,9.050000190734863,27743100
2020-11-16,8.32834243774414,9.25,9.399999618530273,9.149999618530273,9.25,58328500
2020-11-17,8.148271560668945,9.050000190734863,9.25,9.050000190734863,9.25,35471300
2020-11-18,8.238304138183594,9.149999618530273,9.25,8.949999809265137,9.0,47830000
2020-11-19,8.238304138183594,9.149999618530273,9.25,9.100000381469727,9.100000381469727,20864500
2020-11-20,8.32834243774414,9.25,9.300000190734863,9.100000381469727,9.100000381469727,24203700
2020-11-23,8.508415222167969,9.449999809265137,9.5,9.25,9.300000190734863,68573400
2020-11-24,8.418378829956055,9.350000381469727,9.5,9.300000190734863,9.5,42921100
2020-11-25,8.373360633850098,9.300000190734863,9.449999809265137,9.149999618530273,9.399999618530273,41516900
2020-11-26,8.418378829956055,9.350000381469727,9.399999618530273,9.25,9.350000381469727,25585100
2020-11-27,8.373360633850098,9.300000190734863,9.399999618530273,9.25,9.300000190734863,17593300
2020-11-30,8.238304138183594,9.149999618530273,9.300000190734863,9.0,9.25,68336300
2020-12-01,8.193288803100586,9.100000381469727,9.199999809265137,9.050000190734863,9.149999618530273,17999500
2020-12-02,8.103252410888672,9.0,9.149999618530273,9.0,9.100000381469727,40410400
2020-12-03,8.103252410888672,9.0,9.100000381469727,8.899999618530273,9.050000190734863,65760300
2020-12-04,8.103252410888672,9.0,9.100000381469727,8.949999809265137,9.0,34073200
2020-12-08,8.148271560668945,9.050000190734863,9.149999618530273,8.949999809265137,9.0,49921900
2020-12-09,8.283324241638184,9.199999809265137,9.300000190734863,9.100000381469727,9.149999618530273,69707600
2020-12-14,8.238304138183594,9.149999618530273,9.350000381469727,9.100000381469727,9.25,39240300
2020-12-15,8.148271560668945,9.050000190734863,9.149999618530273,9.0,9.100000381469727,36784300
2020-12-16,8.193288803100586,9.100000381469727,9.149999618530273,9.050000190734863,9.100000381469727,28966400
2020-12-17,8.148271560668945,9.050000190734863,9.149999618530273,9.0,9.100000381469727,35155800
2020-12-18,8.193288803100586,9.100000381469727,9.100000381469727,9.0,9.050000190734863,43033400
2020-12-21,7.653071403503418,8.5,8.899999618530273,8.449999809265137,8.800000190734863,129206600
2020-12-22,7.608053207397461,8.449999809265137,8.600000381469727,8.350000381469727,8.399999618530273,57108500
2020-12-23,7.608053207397461,8.449999809265137,8.649999618530273,8.449999809265137,8.449999809265137,42104000
2020-12-24,7.653071403503418,8.5,8.550000190734863,8.449999809265137,8.5,30199900
2020-12-25,7.653071403503418,8.5,8.649999618530273,8.5,8.649999618530273,26019300
2020-12-28,7.608053207397461,8.449999809265137,8.600000381469727,8.399999618530273,8.550000190734863,24462100
2020-12-29,7.743107795715332,8.600000381469727,8.600000381469727,8.449999809265137,8.449999809265137,22788500
2020-12-30,7.4730000495910645,8.300000190734863,8.649999618530273,8.25,8.550000190734863,54016400
2021-01-04,7.518017768859863,8.350000381469727,8.350000381469727,8.149999618530273,8.199999809265137,38920200
2021-01-05,7.563035011291504,8.399999618530273,8.449999809265137,8.199999809265137,8.300000190734863,58694200
2021-01-06,7.4730000495910645,8.300000190734863,8.449999809265137,8.25,8.449999809265137,65438400
2021-01-07,7.653071403503418,8.5,8.600000381469727,8.350000381469727,8.350000381469727,72556700
2021-01-08,7.698090076446533,8.550000190734863,8.649999618530273,8.449999809265137,8.600000381469727,45175100
2021-01-11,7.518017768859863,8.350000381469727,8.550000190734863,8.300000190734863,8.5,62226100
2021-01-12,7.427980899810791,8.25,8.399999618530273,8.25,8.350000381469727,58490300
2021-01-13,7.427980899810791,8.25,8.350000381469727,8.199999809265137,8.300000190734863,65659500
2021-01-14,7.382962703704834,8.199999809265137,8.300000190734863,8.199999809265137,8.25,48533700
2021-01-15,7.427980899810791,8.25,8.25,8.199999809265137,8.199999809265137,23354000
2021-01-18,7.518017768859863,8.350000381469727,8.350000381469727,8.199999809265137,8.25,28989400
2021-01-19,7.4730000495910645,8.300000190734863,8.350000381469727,8.25,8.300000190734863,25248200
2021-01-20,7.4730000495910645,8.300000190734863,8.350000381469727,8.25,8.300000190734863,20104800
2021-01-21,7.427980899810791,8.25,8.399999618530273,8.25,8.350000381469727,51291900
2021-01-22,7.427980899810791,8.25,8.449999809265137,8.25,8.25,56881200
2021-01-25,7.337944984436035,8.149999618530273,8.300000190734863,8.149999618530273,8.25,57638600
2021-01-26,7.382962703704834,8.199999809265137,8.25,8.149999618530273,8.149999618530273,23984700
2021-01-27,7.337944984436035,8.149999618530273,8.25,8.149999618530273,8.199999809265137,18305100
2021-01-28,7.292927265167236,8.100000381469727,8.199999809265137,8.100000381469727,8.149999618530273,38468800
2021-01-29,7.337944984436035,8.149999618530273,8.199999809265137,8.100000381469727,8.149999618530273,21138500
2021-02-01,7.292927265167236,8.100000381469727,8.199999809265137,8.100000381469727,8.149999618530273,14540100
2021-02-02,7.382962703704834,8.199999809265137,8.300000190734863,8.100000381469727,8.149999618530273,27555000
2021-02-03,7.292927265167236,8.100000381469727,8.25,8.100000381469727,8.25,31016400
2021-02-04,7.292927265167236,8.100000381469727,8.149999618530273,8.100000381469727,8.149999618530273,19813300
2021-02-05,7.247908592224121,8.050000190734863,8.149999618530273,8.0,8.100000381469727,56087700
2021-02-08,7.247908592224121,8.050000190734863,8.100000381469727,8.0,8.050000190734863,31459300
2021-02-09,7.292927265167236,8.100000381469727,8.199999809265137,8.050000190734863,8.050000190734863,34632300
2021-02-10,7.247908592224121,8.050000190734863,8.199999809265137,8.050000190734863,8.100000381469727,29770400
2021-02-11,7.202890872955322,8.0,8.149999618530273,8.0,8.100000381469727,38658400
2021-02-15,7.202890872955322,8.0,8.100000381469727,8.0,8.050000190734863,23276100
2021-02-16,7.247908592224121,8.050000190734863,8.100000381469727,8.0,8.050000190734863,29456200
2021-02-17,7.202890872955322,8.0,8.050000190734863,8.0,8.050000190734863,16500700
2021-02-18,7.157872676849365,7.949999809265137,8.050000190734863,7.900000095367432,8.0,56195600
2021-02-19,7.202890872955322,8.0,8.0,7.900000095367432,7.949999809265137,25375900
2021-02-22,7.112855434417725,7.900000095367432,8.050000190734863,7.900000095367432,8.0,22703700
2021-02-23,7.202890872955322,8.0,8.050000190734863,7.900000095367432,7.949999809265137,27838800
2021-02-24,7.202890872955322,8.0,8.050000190734863,7.949999809265137,8.0,23717900
2021-02-25,7.157872676849365,7.949999809265137,8.100000381469727,7.949999809265137,8.050000190734863,41055400
2021-03-01,7.157872676849365,7.949999809265137,8.0,7.900000095367432,7.900000095367432,22099700
2021-03-02,7.157872676849365,7.949999809265137,8.0,7.949999809265137,7.949999809265137,20351600
2021-03-03,7.518017768859863,8.350000381469727,8.350000381469727,8.0,8.0,169816600
2021-03-04,7.698090076446533,8.550000190734863,8.600000381469727,8.399999618530273,8.399999618530273,168786300
2021-03-05,7.698090076446533,8.550000190734863,8.699999809265137,8.5,8.550000190734863,86988100
2021-03-08,7.653071403503418,8.5,8.649999618530273,8.399999618530273,8.550000190734863,55092200
2021-03-09,7.608053207397461,8.449999809265137,8.5,8.350000381469727,8.5,41283100
2021-03-10,7.923179626464844,8.800000190734863,8.800000190734863,8.5,8.550000190734863,129593400
2021-03-11,7.878161907196045,8.75,8.850000381469727,8.649999618530273,8.800000190734863,72045000
2021-03-12,7.833143711090088,8.699999809265137,8.75,8.600000381469727,8.649999618530273,49916000
2021-03-15,7.7881245613098145,8.649999618530273,8.75,8.600000381469727,8.699999809265137,41950000
2021-03-16,7.7881245613098145,8.649999618530273,8.699999809265137,8.550000190734863,8.649999618530273,40236800
2021-03-17,7.698090076446533,8.550000190734863,8.649999618530273,8.5,8.600000381469727,32007900
2021-03-18,7.608053207397461,8.449999809265137,8.600000381469727,8.449999809265137,8.550000190734863,36435100
2021-03-19,7.653071403503418,8.5,8.5,8.350000381469727,8.399999618530273,46118900
2021-03-22,7.833143711090088,8.699999809265137,8.75,8.399999618530273,8.5,86891100
2021-03-23,7.7881245613098145,8.649999618530273,8.800000190734863,8.600000381469727,8.75,56501100
2021-03-24,7.833143711090088,8.699999809265137,8.699999809265137,8.550000190734863,8.600000381469727,35732500
2021-03-25,7.7881245613098145,8.649999618530273,8.800000190734863,8.649999618530273,8.699999809265137,44693900
2021-03-26,7.743107795715332,8.600000381469727,8.699999809265137,8.550000190734863,8.699999809265137,30684700
2021-03-29,7.878161907196045,8.75,8.800000190734863,8.600000381469727,8.649999618530273,69306100
2021-03-30,7.878161907196045,8.75,8.850000381469727,8.75,8.800000190734863,49191500
2021-03-31,7.878161907196045,8.75,8.800000190734863,8.649999618530273,8.800000190734863,29628600
2021-04-01,7.7881245613098145,8.649999618530273,8.75,8.649999618530273,8.699999809265137,21840600
2021-04-02,7.743107795715332,8.600000381469727,8.75,8.600000381469727,8.649999618530273,49792000
2021-04-05,7.608053207397461,8.449999809265137,8.649999618530273,8.399999618530273,8.600000381469727,48577200
2021-04-07,7.382962703704834,8.199999809265137,8.350000381469727,8.149999618530273,8.300000190734863,86727500
2021-04-08,7.382962703704834,8.199999809265137,8.25,8.050000190734863,8.199999809265137,35664300
2021-04-09,7.382962703704834,8.199999809265137,8.25,8.149999618530273,8.149999618530273,23001200
2021-04-12,7.247908592224121,8.050000190734863,8.199999809265137,8.050000190734863,8.100000381469727,32336900
2021-04-16,7.202890872955322,8.0,8.050000190734863,7.949999809265137,8.0,42227900
2021-04-19,7.337944984436035,8.149999618530273,8.149999618530273,8.0,8.050000190734863,35800600
2021-04-20,7.247908592224121,8.050000190734863,8.199999809265137,8.050000190734863,8.149999618530273,48930000
2021-04-21,7.202890872955322,8.0,8.100000381469727,7.949999809265137,8.050000190734863,87295800
2021-04-22,7.202890872955322,8.0,8.050000190734863,8.0,8.050000190734863,13023400
2021-04-23,7.247908592224121,8.050000190734863,8.050000190734863,7.949999809265137,8.0,37794400
2021-04-26,7.202890872955322,8.0,8.0,7.900000095367432,7.949999809265137,45929000
2021-04-27,7.112855434417725,7.900000095367432,8.0,7.900000095367432,8.0,42701100
2021-04-28,7.157872676849365,7.949999809265137,7.949999809265137,7.849999904632568,7.949999809265137,32961800
2021-04-29,7.157872676849365,7.949999809265137,8.050000190734863,7.949999809265137,8.050000190734863,25730300
2021-04-30,7.202890872955322,8.0,8.100000381469727,7.949999809265137,8.0,33500700
2021-05-05,7.067836761474609,7.849999904632568,8.050000190734863,7.800000190734863,8.0,63184700
2021-05-06,7.112855434417725,7.900000095367432,8.0,7.849999904632568,7.900000095367432,32777000
2021-05-07,7.20404577255249,7.900000095367432,7.949999809265137,7.849999904632568,7.849999904632568,33062700
2021-05-10,7.20404577255249,7.900000095367432,7.949999809265137,7.849999904632568,7.949999809265137,24544800
2021-05-11,7.067259788513184,7.75,7.900000095367432,7.75,7.849999904632568,48653300
2021-05-12,7.021664142608643,7.699999809265137,7.800000190734863,7.650000095367432,7.75,41808900
2021-05-13,6.884879112243652,7.550000190734863,7.650000095367432,7.400000095367432,7.650000095367432,72049700
2021-05-14,6.884879112243652,7.550000190734863,7.599999904632568,7.449999809265137,7.550000190734863,47303600
2021-05-17,6.8392839431762695,7.5,7.550000190734863,7.400000095367432,7.5,42632100
2021-05-18,7.021664142608643,7.699999809265137,7.75,7.5,7.599999904632568,45471500
2021-05-19,6.930474281311035,7.599999904632568,7.699999809265137,7.550000190734863,7.650000095367432,52180600
2021-05-20,7.067259788513184,7.75,7.849999904632568,7.5,7.599999904632568,71398600
2021-05-21,6.97606897354126,7.650000095367432,7.800000190734863,7.599999904632568,7.800000190734863,46191200
2021-05-24,6.930474281311035,7.599999904632568,7.650000095367432,7.550000190734863,7.599999904632568,25621400
2021-05-25,6.930474281311035,7.599999904632568,7.650000095367432,7.550000190734863,7.650000095367432,28669400
2021-05-27,7.249640464782715,7.949999809265137,7.949999809265137,7.550000190734863,7.550000190734863,127357100
2021-05-28,7.3408308029174805,8.050000190734863,8.149999618530273,7.900000095367432,8.0,100835900
2021-05-31,7.477616310119629,8.199999809265137,8.199999809265137,8.050000190734863,8.149999618530273,76146300
2021-06-01,7.568808078765869,8.300000190734863,8.350000381469727,8.149999618530273,8.199999809265137,79736700
2021-06-02,7.477616310119629,8.199999809265137,8.399999618530273,8.100000381469727,8.350000381469727,87368100
2021-06-04,7.568808078765869,8.300000190734863,8.300000190734863,8.100000381469727,8.149999618530273,71855100
2021-06-07,7.52321195602417,8.25,8.399999618530273,8.199999809265137,8.399999618530273,42978200
2021-06-08,7.477616310119629,8.199999809265137,8.300000190734863,8.100000381469727,8.25,59980700
2021-06-09,7.614402770996094,8.350000381469727,8.350000381469727,8.199999809265137,8.25,39023400
2021-06-10,7.796783447265625,8.550000190734863,8.600000381469727,8.350000381469727,8.399999618530273,199204800
2021-06-11,7.842379093170166,8.600000381469727,8.699999809265137,8.5,8.649999618530273,91949200
2021-06-14,7.842379093170166,8.600000381469727,8.649999618530273,8.5,8.649999618530273,64947000
2021-06-15,7.887972831726074,8.649999618530273,8.699999809265137,8.550000190734863,8.550000190734863,68929700
2021-06-16,8.024759292602539,8.800000190734863,8.800000190734863,8.649999618530273,8.699999809265137,161249000
2021-06-17,8.024759292602539,8.800000190734863,8.850000381469727,8.699999809265137,8.800000190734863,83969200
2021-06-18,7.933568477630615,8.699999809265137,8.75,8.600000381469727,8.75,89723100
2021-06-21,7.796783447265625,8.550000190734863,8.600000381469727,8.5,8.550000190734863,40577800
2021-06-22,7.751187801361084,8.5,8.649999618530273,8.5,8.600000381469727,44778100
2021-06-23,7.614402770996094,8.350000381469727,8.550000190734863,8.350000381469727,8.5,71961300
2021-06-24,7.614402770996094,8.350000381469727,8.449999809265137,8.199999809265137,8.300000190734863,77461800
2021-06-25,7.659997463226318,8.399999618530273,8.399999618530273,8.149999618530273,8.350000381469727,65258400
2021-06-28,7.432021141052246,8.149999618530273,8.25,8.100000381469727,8.25,82122100
2021-06-29,7.432021141052246,8.149999618530273,8.25,8.149999618530273,8.149999618530273,39420400
2021-06-30,7.432021141052246,8.149999618530273,8.199999809265137,8.149999618530273,8.149999618530273,20975800
2021-07-01,7.477616310119629,8.199999809265137,8.25,8.149999618530273,8.149999618530273,14995700
2021-07-02,7.432021141052246,8.149999618530273,8.199999809265137,8.050000190734863,8.149999618530273,43964500
2021-07-05,7.3408308029174805,8.050000190734863,8.100000381469727,8.050000190734863,8.100000381469727,24335400
2021-07-06,7.3864264488220215,8.100000381469727,8.100000381469727,8.050000190734863,8.050000190734863,6466000
2021-07-07,7.3408308029174805,8.050000190734863,8.149999618530273,8.050000190734863,8.050000190734863,26335700
2021-07-08,7.20404577255249,7.900000095367432,8.0,7.849999904632568,8.0,56168200
2021-07-09,7.249640464782715,7.949999809265137,8.050000190734863,7.75,7.800000190734863,100177900
2021-07-12,7.158450126647949,7.849999904632568,8.0,7.849999904632568,7.949999809265137,23297800
2021-07-13,7.3864264488220215,8.100000381469727,8.100000381469727,7.900000095367432,7.900000095367432,37993000
2021-07-14,7.295236110687256,8.0,8.050000190734863,7.949999809265137,8.050000190734863,29469800
2021-07-15,7.3408308029174805,8.050000190734863,8.050000190734863,7.949999809265137,8.0,15616900
2021-07-16,7.3408308029174805,8.050000190734863,8.100000381469727,7.949999809265137,8.050000190734863,24830900
2021-07-19,7.249640464782715,7.949999809265137,8.100000381469727,7.949999809265137,8.0,29880100
2021-07-20,7.295236110687256,8.0,8.0,7.900000095367432,7.949999809265137,18379800
2021-07-21,7.249640464782715,7.949999809265137,8.0,7.849999904632568,8.0,16128800
2021-07-22,7.3408308029174805,8.050000190734863,8.050000190734863,7.949999809265137,8.0,13090600
2021-07-23,7.158450126647949,7.849999904632568,8.0,7.800000190734863,8.0,36937900
2021-07-27,7.158450126647949,7.849999904632568,7.949999809265137,7.75,7.849999904632568,35490200
2021-07-29,7.067259788513184,7.75,7.849999904632568,7.699999809265137,7.849999904632568,34310400
2021-07-30,6.97606897354126,7.650000095367432,7.800000190734863,7.599999904632568,7.699999809265137,39176400
2021-08-02,6.97606897354126,7.650000095367432,7.650000095367432,7.550000190734863,7.599999904632568,13597200
2021-08-03,7.158450126647949,7.849999904632568,7.849999904632568,7.599999904632568,7.650000095367432,29993200
2021-08-04,7.158450126647949,7.849999904632568,7.900000095367432,7.75,7.849999904632568,8601200
2021-08-05,7.112854957580566,7.800000190734863,7.849999904632568,7.699999809265137,7.849999904632568,24162700
2021-08-06,7.021664142608643,7.699999809265137,7.800000190734863,7.599999904632568,7.75,24627000
2021-08-09,7.067259788513184,7.75,7.849999904632568,7.699999809265137,7.699999809265137,18212000
2021-08-10,7.249640464782715,7.949999809265137,7.949999809265137,7.75,7.75,45489500
2021-08-11,7.067259788513184,7.75,7.949999809265137,7.75,7.900000095367432,23693700
2021-08-13,7.067259788513184,7.75,7.849999904632568,7.650000095367432,7.75,45069300
2021-08-16,7.112854957580566,7.800000190734863,7.800000190734863,7.699999809265137,7.75,19039000
2021-08-17,7.158450126647949,7.849999904632568,7.900000095367432,7.75,7.800000190734863,28431700
2021-08-18,7.52321195602417,8.25,8.300000190734863,7.849999904632568,7.849999904632568,117754800
2021-08-19,7.52321195602417,8.25,8.25,8.100000381469727,8.199999809265137,76155000
2021-08-20,7.477616310119629,8.199999809265137,8.300000190734863,8.149999618530273,8.25,57982600
2021-08-23,7.796783447265625,8.550000190734863,8.550000190734863,8.300000190734863,8.350000381469727,114477200
2021-08-24,7.796783447265625,8.550000190734863,8.600000381469727,8.449999809265137,8.600000381469727,65458900
2021-08-25,7.796783447265625,8.550000190734863,8.550000190734863,8.399999618530273,8.5,35241600
2021-08-26,7.796783447265625,8.550000190734863,8.600000381469727,8.449999809265137,8.5,38908000
2021-08-27,7.796783447265625,8.550000190734863,8.550000190734863,8.449999809265137,8.550000190734863,26691500
2021-08-30,7.887972831726074,8.649999618530273,8.699999809265137,8.5,8.600000381469727,71102300
2021-08-31,7.887972831726074,8.649999618530273,8.649999618530273,8.550000190734863,8.600000381469727,40924900
2021-09-01,7.705592632293701,8.449999809265137,8.649999618530273,8.449999809265137,8.600000381469727,45999700
2021-09-02,7.842379093170166,8.600000381469727,8.600000381469727,8.449999809265137,8.449999809265137,33039500
2021-09-03,7.796783447265625,8.550000190734863,8.600000381469727,8.449999809265137,8.550000190734863,17310100
2021-09-06,7.751187801361084,8.5,8.600000381469727,8.449999809265137,8.550000190734863,37106500
2021-09-07,7.751187801361084,8.5,8.600000381469727,8.449999809265137,8.550000190734863,27531000
2021-09-08,7.659997463226318,8.399999618530273,8.5,8.25,8.5,48724100
2021-09-09,7.568808078765869,8.300000190734863,8.449999809265137,8.25,8.350000381469727,31639100
2021-09-10,7.659997463226318,8.399999618530273,8.5,8.300000190734863,8.350000381469727,44350800
2021-09-13,7.979164123535156,8.75,8.75,8.399999618530273,8.399999618530273,108454200
2021-09-14,8.024759292602539,8.800000190734863,8.850000381469727,8.699999809265137,8.850000381469727,70126200
2021-09-15,8.024759292602539,8.800000190734863,8.800000190734863,8.649999618530273,8.75,25747300
2021-09-16,8.20713996887207,9.0,9.0,8.699999809265137,8.800000190734863,93634100
2021-09-17,8.115949630737305,8.899999618530273,9.0,8.75,8.949999809265137,100712900
2021-09-20,8.070355415344238,8.850000381469727,8.949999809265137,8.699999809265137,8.800000190734863,66963500
2021-09-21,8.115949630737305,8.899999618530273,8.949999809265137,8.699999809265137,8.800000190734863,57718300
2021-09-22,8.298331260681152,9.100000381469727,9.100000381469727,8.899999618530273,8.899999618530273,93416100
2021-09-23,8.161545753479004,8.949999809265137,9.100000381469727,8.850000381469727,9.100000381469727,52521900
2021-09-27,8.024759292602539,8.800000190734863,8.949999809265137,8.800000190734863,8.949999809265137,25331000
2021-09-28,8.070355415344238,8.850000381469727,8.850000381469727,8.75,8.800000190734863,18908500
2021-09-29,8.070355415344238,8.850000381469727,9.0,8.75,8.800000190734863,39145400
2021-09-30,7.979164123535156,8.75,8.850000381469727,8.699999809265137,8.850000381469727,40057000
2021-10-01,7.979164123535156,8.75,8.850000381469727,8.649999618530273,8.75,48001600
2021-10-04,8.024759292602539,8.800000190734863,8.850000381469727,8.75,8.75,24239600
2021-10-05,8.115949630737305,8.899999618530273,9.0,8.800000190734863,8.800000190734863,39067300
2021-10-06,8.070355415344238,8.850000381469727,9.0,8.800000190734863,8.899999618530273,32206700
2021-10-07,8.115949630737305,8.899999618530273,8.949999809265137,8.800000190734863,8.850000381469727,31824800
2021-10-08,8.25273609161377,9.050000190734863,9.050000190734863,8.850000381469727,8.899999618530273,48390800
2021-10-11,8.20713996887207,9.0,9.100000381469727,8.949999809265137,9.100000381469727,30851100
2021-10-12,8.298331260681152,9.100000381469727,9.25,9.050000190734863,9.100000381469727,88685400
2021-10-14,8.343924522399902,9.149999618530273,9.149999618530273,9.0,9.050000190734863,64930400
2021-10-15,8.20713996887207,9.0,9.149999618530273,8.949999809265137,9.149999618530273,52076600
2021-10-18,8.25273609161377,9.050000190734863,9.050000190734863,8.949999809265137,9.050000190734863,33532100
2021-10-19,8.115949630737305,8.899999618530273,9.050000190734863,8.850000381469727,9.050000190734863,43057400
2021-10-20,8.20713996887207,9.0,9.0,8.850000381469727,8.850000381469727,23507200
2021-10-21,8.161545753479004,8.949999809265137,9.050000190734863,8.899999618530273,9.0,23729300
2021-10-25,8.070355415344238,8.850000381469727,8.949999809265137,8.850000381469727,8.949999809265137,29249800
2021-10-26,8.024759292602539,8.800000190734863,8.899999618530273,8.75,8.850000381469727,42499700
2021-10-27,8.070355415344238,8.850000381469727,8.850000381469727,8.75,8.800000190734863,24771500
2021-10-28,8.115949630737305,8.899999618530273,8.949999809265137,8.800000190734863,8.850000381469727,35824600
2021-10-29,8.20713996887207,9.0,9.0,8.850000381469727,8.949999809265137,27934000
2021-11-01,8.20713996887207,9.0,9.100000381469727,8.899999618530273,9.050000190734863,54792000
2021-11-02,8.20713996887207,9.0,9.0,8.899999618530273,8.949999809265137,27146400
2021-11-03,8.115949630737305,8.899999618530273,9.0,8.850000381469727,9.0,19562600
2021-11-04,8.161545753479004,8.949999809265137,8.949999809265137,8.850000381469727,8.899999618530273,17106900
2021-11-05,8.161545753479004,8.949999809265137,9.0,8.899999618530273,8.949999809265137,15394300
2021-11-08,8.20713996887207,9.0,9.050000190734863,8.899999618530273,8.949999809265137,31034800
2021-11-09,8.298331260681152,9.100000381469727,9.100000381469727,8.949999809265137,8.949999809265137,30195500
2021-11-10,8.298331260681152,9.100000381469727,9.100000381469727,9.0,9.050000190734863,20648000
2021-11-11,8.20713996887207,9.0,9.100000381469727,9.0,9.050000190734863,13827500
2021-11-12,8.343924522399902,9.149999618530273,9.149999618530273,9.050000190734863,9.050000190734863,55343600
2021-11-15,8.298331260681152,9.100000381469727,9.149999618530273,9.050000190734863,9.149999618530273,48238800
2021-11-16,8.25273609161377,9.050000190734863,9.100000381469727,9.0,9.050000190734863,45881800
2021-11-17,8.20713996887207,9.0,9.100000381469727,8.949999809265137,9.050000190734863,36867200
2021-11-18,8.20713996887207,9.0,9.0,8.899999618530273,9.0,24127800
2021-11-19,8.070355415344238,8.850000381469727,9.050000190734863,8.850000381469727,8.949999809265137,43146600
2021-11-22,8.115949630737305,8.899999618530273,8.899999618530273,8.800000190734863,8.850000381469727,19189500
2021-11-23,8.161545753479004,8.949999809265137,8.949999809265137,8.850000381469727,8.949999809265137,34024600
2021-11-24,8.070355415344238,8.850000381469727,8.949999809265137,8.800000190734863,8.899999618530273,60020300
2021-11-25,8.024759292602539,8.800000190734863,9.0,8.75,8.850000381469727,48427400
2021-11-26,7.796783447265625,8.550000190734863,8.75,8.550000190734863,8.699999809265137,51227500
2021-11-29,7.659997463226318,8.399999618530273,8.600000381469727,8.300000190734863,8.5,88739400
2021-11-30,7.705592632293701,8.449999809265137,8.600000381469727,8.25,8.449999809265137,211447800
2021-12-01,7.659997463226318,8.399999618530273,8.449999809265137,8.149999618530273,8.449999809265137,70667300
2021-12-02,7.614402770996094,8.350000381469727,8.350000381469727,8.199999809265137,8.350000381469727,37376700
2021-12-03,7.614402770996094,8.350000381469727,8.399999618530273,8.300000190734863,8.350000381469727,32163200
2021-12-07,7.796783447265625,8.550000190734863,8.550000190734863,8.350000381469727,8.399999618530273,55921700
2021-12-08,7.796783447265625,8.550000190734863,8.600000381469727,8.449999809265137,8.600000381469727,23807400
2021-12-09,7.842379093170166,8.600000381469727,8.600000381469727,8.5,8.600000381469727,23775800
2021-12-13,7.842379093170166,8.600000381469727,8.600000381469727,8.5,8.600000381469727,19651600
2021-12-14,7.796783447265625,8.550000190734863,8.550000190734863,8.449999809265137,8.550000190734863,38355400
2021-12-15,7.751187801361084,8.5,8.550000190734863,8.449999809265137,8.5,17002500
2021-12-16,7.751187801361084,8.5,8.550000190734863,8.399999618530273,8.5,43753200
2021-12-17,7.796783447265625,8.550000190734863,8.550000190734863,8.399999618530273,8.5,29195200
2021-12-20,7.614402770996094,8.350000381469727,8.550000190734863,8.300000190734863,8.5,28836600
2021-12-21,7.659997463226318,8.399999618530273,8.449999809265137,8.350000381469727,8.399999618530273,12069600
2021-12-22,7.659997463226318,8.399999618530273,8.449999809265137,8.350000381469727,8.399999618530273,11358900
2021-12-23,7.659997463226318,8.399999618530273,8.550000190734863,8.399999618530273,8.449999809265137,56476900
2021-12-24,7.705592632293701,8.449999809265137,8.449999809265137,8.399999618530273,8.449999809265137,13348100
2021-12-27,7.705592632293701,8.449999809265137,8.449999809265137,8.350000381469727,8.399999618530273,12385800
2021-12-28,7.751187801361084,8.5,8.5,8.350000381469727,8.449999809265137,22980400
2021-12-29,7.705592632293701,8.449999809265137,8.5,8.399999618530273,8.5,22635100
2021-12-30,7.705592632293701,8.449999809265137,8.5,8.399999618530273,8.449999809265137,38400100
2022-01-04,7.796783447265625,8.550000190734863,8.600000381469727,8.449999809265137,8.449999809265137,32580200
2022-01-05,7.796783447265625,8.550000190734863,8.649999618530273,8.5,8.550000190734863,24433600
2022-01-06,7.659997463226318,8.399999618530273,8.550000190734863,8.350000381469727,8.550000190734863,39707200
2022-01-07,7.568808078765869,8.300000190734863,8.449999809265137,8.300000190734863,8.399999618530273,33996300
2022-01-10,7.477616310119629,8.199999809265137,8.350000381469727,8.199999809265137,8.300000190734863,29984500
2022-01-11,7.477616310119629,8.199999809265137,8.199999809265137,8.100000381469727,8.149999618530273,53167000
2022-01-12,7.614402770996094,8.350000381469727,8.350000381469727,8.199999809265137,8.199999809265137,47256600
2022-01-13,7.52321195602417,8.25,8.350000381469727,8.199999809265137,8.300000190734863,28184200
2022-01-14,7.52321195602417,8.25,8.25,8.149999618530273,8.199999809265137,32925500
2022-01-17,7.477616310119629,8.199999809265137,8.25,8.149999618530273,8.199999809265137,32039500
2022-01-18,7.3864264488220215,8.100000381469727,8.25,8.100000381469727,8.199999809265137,31580000
2022-01-19,7.432021141052246,8.149999618530273,8.149999618530273,8.100000381469727,8.100000381469727,10126300
2022-01-20,7.3864264488220215,8.100000381469727,8.199999809265137,8.100000381469727,8.149999618530273,22662700
2022-01-21,7.432021141052246,8.149999618530273,8.199999809265137,8.100000381469727,8.100000381469727,19242700
2022-01-24,7.3864264488220215,8.100000381469727,8.199999809265137,8.100000381469727,8.149999618530273,14900500
2022-01-25,7.432021141052246,8.149999618530273,8.199999809265137,8.050000190734863,8.100000381469727,31797200
2022-01-26,7.477616310119629,8.199999809265137,8.199999809265137,8.149999618530273,8.199999809265137,12900500
2022-01-27,7.3864264488220215,8.100000381469727,8.149999618530273,8.050000190734863,8.100000381469727,37772700
2022-01-28,7.477616310119629,8.199999809265137,8.25,8.050000190734863,8.050000190734863,48252200
2022-01-31,7.477616310119629,8.199999809265137,8.300000190734863,8.149999618530273,8.199999809265137,39074800
2022-02-01,7.614402770996094,8.350000381469727,8.399999618530273,8.199999809265137,8.199999809265137,40934500
2022-02-02,7.659997463226318,8.399999618530273,8.449999809265137,8.350000381469727,8.449999809265137,37735500
2022-02-03,7.614402770996094,8.350000381469727,8.399999618530273,8.300000190734863,8.350000381469727,19335000
2022-02-04,7.614402770996094,8.350000381469727,8.399999618530273,8.300000190734863,8.350000381469727,21437500
2022-02-07,7.751187801361084,8.5,8.550000190734863,8.300000190734863,8.350000381469727,70961600
2022-02-08,7.842379093170166,8.600000381469727,8.600000381469727,8.449999809265137,8.5,39458200
2022-02-09,7.842379093170166,8.600000381469727,8.699999809265137,8.5,8.600000381469727,94190800
2022-02-10,7.979164123535156,8.75,8.75,8.600000381469727,8.649999618530273,57119800
2022-02-11,7.979164123535156,8.75,8.75,8.649999618530273,8.699999809265137,34343900
2022-02-14,7.887972831726074,8.649999618530273,8.699999809265137,8.449999809265137,8.649999618530273,63247700
2022-02-15,7.933568477630615,8.699999809265137,8.699999809265137,8.550000190734863,8.600000381469727,31378500
2022-02-17,7.933568477630615,8.699999809265137,8.75,8.649999618530273,8.699999809265137,61066400
2022-02-18,8.115949630737305,8.899999618530273,9.050000190734863,8.649999618530273,8.699999809265137,176074300
2022-02-21,8.070355415344238,8.850000381469727,8.949999809265137,8.800000190734863,8.949999809265137,73515800
2022-02-22,7.933568477630615,8.699999809265137,8.75,8.600000381469727,8.699999809265137,57687800
2022-02-23,8.024759292602539,8.800000190734863,8.800000190734863,8.649999618530273,8.699999809265137,44366700
2022-02-24,7.933568477630615,8.699999809265137,8.800000190734863,8.600000381469727,8.699999809265137,130674400
2022-02-25,8.070355415344238,8.850000381469727,8.899999618530273,8.75,8.75,82584800
2022-02-28,8.115949630737305,8.899999618530273,8.899999618530273,8.75,8.850000381469727,30665600
2022-03-01,8.070355415344238,8.850000381469727,8.949999809265137,8.800000190734863,8.949999809265137,60000800
2022-03-02,8.115949630737305,8.899999618530273,8.899999618530273,8.75,8.850000381469727,52016700
2022-03-03,8.20713996887207,9.0,9.0,8.800000190734863,8.899999618530273,60861600
2022-03-04,8.024759292602539,8.800000190734863,9.0,8.800000190734863,8.949999809265137,45453200
2022-03-07,7.796783447265625,8.550000190734863,8.75,8.5,8.699999809265137,55626600
2022-03-08,7.778372287750244,8.449999809265137,8.550000190734863,8.25,8.5,74472400
2022-03-09,7.9164509773254395,8.600000381469727,8.600000381469727,8.399999618530273,8.449999809265137,36429300
2022-03-10,8.008502006530762,8.699999809265137,8.75,8.600000381469727,8.649999618530273,31156000
2022-03-11,7.9624762535095215,8.649999618530273,8.699999809265137,8.5,8.699999809265137,34577900
2022-03-14,8.100554466247559,8.800000190734863,8.800000190734863,8.600000381469727,8.649999618530273,37101500
2022-03-15,8.008502006530762,8.699999809265137,8.850000381469727,8.649999618530273,8.800000190734863,24777800
2022-03-16,8.100554466247559,8.800000190734863,8.850000381469727,8.699999809265137,8.699999809265137,31625500
2022-03-17,8.192605972290039,8.899999618530273,8.899999618530273,8.75,8.850000381469727,60021100
2022-03-18,8.05452823638916,8.75,8.899999618530273,8.75,8.850000381469727,31061600
2022-03-21,8.05452823638916,8.75,8.800000190734863,8.649999618530273,8.800000190734863,33779200
2022-03-22,7.9164509773254395,8.600000381469727,8.75,8.550000190734863,8.75,39797100
2022-03-23,7.870424747467041,8.550000190734863,8.649999618530273,8.5,8.600000381469727,26208700
2022-03-24,7.9164509773254395,8.600000381469727,8.600000381469727,8.449999809265137,8.449999809265137,30802800
2022-03-25,7.824398517608643,8.5,8.649999618530273,8.449999809265137,8.600000381469727,32078900
2022-03-28,7.9164509773254395,8.600000381469727,8.600000381469727,8.449999809265137,8.5,12279900
2022-03-29,7.9164509773254395,8.600000381469727,8.600000381469727,8.5,8.600000381469727,14903100
2022-03-30,7.9624762535095215,8.649999618530273,8.699999809265137,8.550000190734863,8.600000381469727,30910100
2022-03-31,8.008502006530762,8.699999809265137,8.699999809265137,8.600000381469727,8.649999618530273,16232600
2022-04-01,7.9624762535095215,8.649999618530273,8.699999809265137,8.5,8.649999618530273,22308100
2022-04-04,7.9164509773254395,8.600000381469727,8.649999618530273,8.550000190734863,8.649999618530273,18122800
2022-04-05,7.870424747467041,8.550000190734863,8.649999618530273,8.550000190734863,8.649999618530273,29201400
2022-04-07,7.732347011566162,8.399999618530273,8.550000190734863,8.399999618530273,8.5,54254100
2022-04-08,7.824398517608643,8.5,8.550000190734863,8.399999618530273,8.449999809265137,28750200
2022-04-11,7.870424747467041,8.550000190734863,8.550000190734863,8.449999809265137,8.5,18827300
2022-04-12,7.732347011566162,8.399999618530273,8.5,8.399999618530273,8.5,12747100
2022-04-18,7.68632173538208,8.350000381469727,8.399999618530273,8.199999809265137,8.399999618530273,40654900
2022-04-19,7.640295505523682,8.300000190734863,8.399999618530273,8.300000190734863,8.399999618530273,19319700
2022-04-20,7.68632173538208,8.350000381469727,8.449999809265137,8.300000190734863,8.350000381469727,39992500
2022-04-21,7.68632173538208,8.350000381469727,8.399999618530273,8.300000190734863,8.350000381469727,31634100
2022-04-22,7.68632173538208,8.350000381469727,8.350000381469727,8.300000190734863,8.350000381469727,7602400
2022-04-25,7.640295505523682,8.300000190734863,8.350000381469727,8.25,8.300000190734863,38151500
2022-04-26,7.732347011566162,8.399999618530273,8.449999809265137,8.300000190734863,8.350000381469727,27199400
2022-04-27,7.68632173538208,8.350000381469727,8.399999618530273,8.300000190734863,8.350000381469727,28400600
2022-04-28,7.640295505523682,8.300000190734863,8.350000381469727,8.199999809265137,8.300000190734863,66068200
2022-04-29,7.594269752502441,8.25,8.300000190734863,8.25,8.25,16716800
2022-05-03,7.548243522644043,8.199999809265137,8.300000190734863,8.149999618530273,8.25,32718300
2022-05-05,7.5022172927856445,8.149999618530273,8.25,8.149999618530273,8.25,22808900
2022-05-06,7.4561920166015625,8.100000381469727,8.149999618530273,8.050000190734863,8.100000381469727,35099900
2022-05-09,7.318113803863525,7.949999809265137,8.050000190734863,7.949999809265137,8.0,53406600
2022-05-10,7.548243522644043,8.199999809265137,8.199999809265137,7.900000095367432,7.949999809265137,52029300
2022-05-11,7.594269752502441,8.25,8.300000190734863,8.149999618530273,8.300000190734863,62577500
2022-05-12,7.5022172927856445,8.149999618530273,8.25,8.149999618530273,8.199999809265137,42879100
2022-05-13,7.5022172927856445,8.149999618530273,8.25,8.100000381469727,8.199999809265137,37550900
2022-05-17,7.778372287750244,8.449999809265137,8.5,8.199999809265137,8.300000190734863,90988500
2022-05-18,8.100554466247559,8.800000190734863,8.850000381469727,8.399999618530273,8.5,139418000
2022-05-19,8.146580696105957,8.850000381469727,8.899999618530273,8.600000381469727,8.649999618530273,112430600
2022-05-20,8.100554466247559,8.800000190734863,8.899999618530273,8.75,8.899999618530273,84457900
2022-05-23,8.330683708190918,9.050000190734863,9.149999618530273,8.899999618530273,9.0,151283100
2022-05-24,8.238631248474121,8.949999809265137,9.100000381469727,8.949999809265137,9.050000190734863,65050500
2022-05-25,8.28465747833252,9.0,9.050000190734863,8.949999809265137,9.0,54554600
2022-05-26,8.376709938049316,9.100000381469727,9.149999618530273,9.0,9.050000190734863,61735100
2022-05-27,8.376709938049316,9.100000381469727,9.149999618530273,9.0,9.149999618530273,34932800
2022-05-30,8.376709938049316,9.100000381469727,9.100000381469727,9.050000190734863,9.050000190734863,18130200
2022-05-31,8.422734260559082,9.149999618530273,9.149999618530273,9.050000190734863,9.100000381469727,80021700
2022-06-01,8.376709938049316,9.100000381469727,9.149999618530273,9.050000190734863,9.149999618530273,16157700
2022-06-02,8.28465747833252,9.0,9.100000381469727,9.0,9.050000190734863,18099100
2022-06-06,8.28465747833252,9.0,9.050000190734863,8.899999618530273,9.0,21566500
2022-06-07,8.146580696105957,8.850000381469727,8.949999809265137,8.800000190734863,8.949999809265137,31285100
2022-06-08,8.100554466247559,8.800000190734863,8.850000381469727,8.800000190734863,8.800000190734863,15626000
2022-06-09,8.192605972290039,8.899999618530273,8.949999809265137,8.800000190734863,8.800000190734863,35120300
2022-06-10,8.28465747833252,9.0,9.050000190734863,8.850000381469727,9.0,60107300
2022-06-13,8.100554466247559,8.800000190734863,8.949999809265137,8.800000190734863,8.899999618530273,34148800
2022-06-14,8.05452823638916,8.75,8.899999618530273,8.75,8.800000190734863,34799500
2022-06-15,8.238631248474121,8.949999809265137,8.949999809265137,8.800000190734863,8.800000190734863,33047200
2022-06-16,7.9624762535095215,8.649999618530273,8.949999809265137,8.649999618530273,8.949999809265137,66583900
2022-06-17,8.100554466247559,8.800000190734863,8.850000381469727,8.649999618530273,8.699999809265137,54442000
2022-06-20,8.146580696105957,8.850000381469727,8.850000381469727,8.800000190734863,8.800000190734863,19270600
2022-06-21,8.238631248474121,8.949999809265137,9.0,8.850000381469727,8.899999618530273,26589300
2022-06-22,8.05452823638916,8.75,8.949999809265137,8.649999618530273,8.949999809265137,45067500
2022-06-23,8.05452823638916,8.75,8.800000190734863,8.649999618530273,8.75,26005900
2022-06-24,8.100554466247559,8.800000190734863,8.850000381469727,8.699999809265137,8.800000190734863,20213400
2022-06-27,8.008502006530762,8.699999809265137,8.800000190734863,8.699999809265137,8.800000190734863,17129800
2022-06-28,8.146580696105957,8.850000381469727,8.850000381469727,8.699999809265137,8.699999809265137,37476200
2022-06-29,8.100554466247559,8.800000190734863,8.899999618530273,8.800000190734863,8.850000381469727,33393600
2022-06-30,8.05452823638916,8.75,8.850000381469727,8.699999809265137,8.800000190734863,30978800
2022-07-01,8.100554466247559,8.800000190734863,8.800000190734863,8.699999809265137,8.800000190734863,14721300
2022-07-04,8.05452823638916,8.75,8.800000190734863,8.699999809265137,8.800000190734863,13863700
2022-07-05,8.008502006530762,8.699999809265137,8.800000190734863,8.600000381469727,8.75,43519300
2022-07-06,7.9164509773254395,8.600000381469727,8.699999809265137,8.550000190734863,8.699999809265137,46034800
2022-07-07,7.824398517608643,8.5,8.699999809265137,8.350000381469727,8.399999618530273,99446300
2022-07-08,7.9624762535095215,8.649999618530273,8.649999618530273,8.449999809265137,8.5,63705800
2022-07-11,8.008502006530762,8.699999809265137,8.699999809265137,8.600000381469727,8.649999618530273,24343600
2022-07-12,7.9624762535095215,8.649999618530273,8.699999809265137,8.550000190734863,8.699999809265137,19637500
2022-07-14,7.870424747467041,8.550000190734863,8.649999618530273,8.449999809265137,8.600000381469727,23237500
2022-07-15,7.870424747467041,8.550000190734863,8.550000190734863,8.350000381469727,8.550000190734863,33792000
2022-07-18,7.9164509773254395,8.600000381469727,8.649999618530273,8.550000190734863,8.600000381469727,20730400
2022-07-19,7.9164509773254395,8.600000381469727,8.649999618530273,8.449999809265137,8.600000381469727,20868900
2022-07-20,7.9624762535095215,8.649999618530273,8.649999618530273,8.550000190734863,8.649999618530273,14387800
2022-07-21,7.9164509773254395,8.600000381469727,8.649999618530273,8.550000190734863,8.649999618530273,19732600
2022-07-22,8.008502006530762,8.699999809265137,8.75,8.600000381469727,8.649999618530273,29589800
2022-07-25,7.870424747467041,8.550000190734863,8.699999809265137,8.449999809265137,8.699999809265137,25693500
2022-07-26,7.9164509773254395,8.600000381469727,8.649999618530273,8.5,8.600000381469727,18509700
2022-07-27,8.008502006530762,8.699999809265137,8.699999809265137,8.550000190734863,8.600000381469727,31846900
2022-08-01,8.05452823638916,8.75,8.800000190734863,8.550000190734863,8.649999618530273,62780500
2022-08-02,8.05452823638916,8.75,8.800000190734863,8.699999809265137,8.699999809265137,24920200
2022-08-03,8.100554466247559,8.800000190734863,8.800000190734863,8.75,8.800000190734863,14057200
2022-08-04,8.192605972290039,8.899999618530273,8.899999618530273,8.800000190734863,8.850000381469727,18546600
2022-08-05,8.192605972290039,8.899999618530273,8.949999809265137,8.800000190734863,8.899999618530273,38909200
2022-08-08,8.192605972290039,8.899999618530273,8.899999618530273,8.800000190734863,8.899999618530273,26748800
2022-08-09,8.28465747833252,9.0,9.0,8.800000190734863,8.850000381469727,37590400
2022-08-10,8.28465747833252,9.0,9.0,8.899999618530273,9.0,21859000
2022-08-11,8.28465747833252,9.0,9.0,8.899999618530273,8.949999809265137,36475600
2022-08-15,8.28465747833252,9.0,9.0,8.949999809265137,9.0,13478900
2022-08-16,8.100554466247559,8.800000190734863,9.0,8.75,9.0,55345600
2022-08-17,8.146580696105957,8.850000381469727,8.850000381469727,8.75,8.800000190734863,39262400
2022-08-18,8.238631248474121,8.949999809265137,8.949999809265137,8.850000381469727,8.850000381469727,23073200
2022-08-19,8.238631248474121,8.949999809265137,9.0,8.850000381469727,9.0,25326300
2022-08-22,8.146580696105957,8.850000381469727,8.899999618530273,8.800000190734863,8.899999618530273,17475000
2022-08-23,8.146580696105957,8.850000381469727,8.899999618530273,8.75,8.800000190734863,23831400
2022-08-24,8.05452823638916,8.75,8.850000381469727,8.699999809265137,8.800000190734863,19574100
2022-08-25,8.100554466247559,8.800000190734863,8.850000381469727,8.75,8.75,10056800
2022-08-26,8.192605972290039,8.899999618530273,8.899999618530273,8.75,8.800000190734863,20496900
2022-08-29,8.008502006530762,8.699999809265137,8.850000381469727,8.699999809265137,8.800000190734863,24085200
2022-08-30,8.008502006530762,8.699999809265137,8.75,8.699999809265137,8.75,19251100
2022-08-31,8.05452823638916,8.75,8.800000190734863,8.699999809265137,8.75,48297400
2022-09-01,8.008502006530762,8.699999809265137,8.75,8.600000381469727,8.699999809265137,34605500
2022-09-02,8.05452823638916,8.75,8.800000190734863,8.600000381469727,8.649999618530273,30741700
2022-09-05,8.05452823638916,8.75,8.800000190734863,8.699999809265137,8.75,15697300
2022-09-06,8.192605972290039,8.899999618530273,8.949999809265137,8.75,8.75,39840100
2022-09-07,8.330683708190918,9.050000190734863,9.050000190734863,8.850000381469727,8.949999809265137,68430200
2022-09-08,8.422734260559082,9.149999618530273,9.149999618530273,8.949999809265137,9.100000381469727,123936500
2022-09-09,8.422734260559082,9.149999618530273,9.199999809265137,8.949999809265137,9.149999618530273,101319800
2022-09-12,8.422734260559082,9.149999618530273,9.149999618530273,9.050000190734863,9.149999618530273,31197900
2022-09-13,8.422734260559082,9.149999618530273,9.149999618530273,9.100000381469727,9.100000381469727,40334200
2022-09-14,8.376709938049316,9.100000381469727,9.100000381469727,8.949999809265137,9.0,63625600
2022-09-15,8.376709938049316,9.100000381469727,9.149999618530273,9.0,9.100000381469727,39117500
2022-09-16,8.836968421936035,9.600000381469727,9.649999618530273,9.0,9.050000190734863,267783500
2022-09-19,8.744916915893555,9.5,9.5,9.300000190734863,9.5,143237700
2022-09-20,8.744916915893555,9.5,9.5,9.350000381469727,9.5,86196300
2022-09-21,8.606839179992676,9.350000381469727,9.5,9.350000381469727,9.449999809265137,76120400
2022-09-22,8.606839179992676,9.350000381469727,9.399999618530273,9.25,9.350000381469727,41893700
2022-09-23,8.652863502502441,9.399999618530273,9.399999618530273,9.300000190734863,9.300000190734863,44166300
2022-09-26,8.560812950134277,9.300000190734863,9.399999618530273,9.300000190734863,9.350000381469727,54019300
2022-09-27,8.46876049041748,9.199999809265137,9.350000381469727,9.149999618530273,9.350000381469727,76469000
2022-09-28,8.560812950134277,9.300000190734863,9.350000381469727,9.100000381469727,9.149999618530273,64852600
2022-09-29,8.514786720275879,9.25,9.350000381469727,9.199999809265137,9.300000190734863,26702000
2022-09-30,8.46876049041748,9.199999809265137,9.25,9.149999618530273,9.199999809265137,56796800
2022-10-03,8.192605972290039,8.899999618530273,9.25,8.899999618530273,9.199999809265137,75664400
2022-10-04,8.238631248474121,8.949999809265137,9.050000190734863,8.850000381469727,9.0,48330200
2022-10-05,8.192605972290039,8.899999618530273,9.050000190734863,8.850000381469727,9.0,58120500
2022-10-06,8.146580696105957,8.850000381469727,8.949999809265137,8.850000381469727,8.899999618530273,36659800
2022-10-07,8.05452823638916,8.75,8.899999618530273,8.699999809265137,8.850000381469727,70804200
2022-10-10,8.192605972290039,8.899999618530273,9.0,8.699999809265137,8.699999809265137,53665800
2022-10-11,8.192605972290039,8.899999618530273,9.0,8.850000381469727,8.899999618530273,43154500
2022-10-12,8.238631248474121,8.949999809265137,8.949999809265137,8.899999618530273,8.949999809265137,25824000
2022-10-17,8.192605972290039,8.899999618530273,8.949999809265137,8.800000190734863,8.899999618530273,37692400
2022-10-18,8.28465747833252,9.0,9.050000190734863,8.899999618530273,8.949999809265137,20911800
2022-10-19,8.238631248474121,8.949999809265137,9.050000190734863,8.949999809265137,9.0,19765000
2022-10-20,8.422734260559082,9.149999618530273,9.149999618530273,8.949999809265137,8.949999809265137,52086500
2022-10-21,8.46876049041748,9.199999809265137,9.25,9.100000381469727,9.100000381469727,37311500
2022-10-25,8.422734260559082,9.149999618530273,9.199999809265137,9.100000381469727,9.199999809265137,23198800
2022-10-26,8.514786720275879,9.25,9.25,9.149999618530273,9.199999809265137,35186100
2022-10-27,8.560812950134277,9.300000190734863,9.300000190734863,9.199999809265137,9.25,38358400
2022-10-28,8.560812950134277,9.300000190734863,9.300000190734863,9.199999809265137,9.300000190734863,23022400
2022-10-31,8.652863502502441,9.399999618530273,9.449999809265137,9.300000190734863,9.350000381469727,36189400
2022-11-01,8.514786720275879,9.25,9.399999618530273,9.199999809265137,9.399999618530273,55354200
2022-11-02,8.652863502502441,9.399999618530273,9.399999618530273,9.25,9.25,28758500
2022-11-03,8.606839179992676,9.350000381469727,9.350000381469727,9.25,9.350000381469727,11839100
2022-11-04,8.514786720275879,9.25,9.350000381469727,9.25,9.300000190734863,23959700
2022-11-07,8.514786720275879,9.25,9.300000190734863,9.25,9.25,23011700
2022-11-08,8.606839179992676,9.350000381469727,9.449999809265137,9.25,9.300000190734863,46053500
2022-11-09,8.652863502502441,9.399999618530273,9.449999809265137,9.350000381469727,9.399999618530273,34600700
2022-11-10,8.652863502502441,9.399999618530273,9.449999809265137,9.350000381469727,9.399999618530273,20984100
2022-11-11,8.652863502502441,9.399999618530273,9.5,9.350000381469727,9.5,56307500
2022-11-14,8.744916915893555,9.5,9.550000190734863,9.350000381469727,9.350000381469727,71816900
2022-11-15,8.790943145751953,9.550000190734863,9.600000381469727,9.449999809265137,9.5,60022900
2022-11-16,8.698890686035156,9.449999809265137,9.550000190734863,9.350000381469727,9.550000190734863,58675200
2022-11-17,8.698890686035156,9.449999809265137,9.449999809265137,9.350000381469727,9.399999618530273,14187900
2022-11-18,8.698890686035156,9.449999809265137,9.5,9.350000381469727,9.449999809265137,32263900
2022-11-21,8.698890686035156,9.449999809265137,9.5,9.350000381469727,9.399999618530273,39001300
2022-11-22,8.698890686035156,9.449999809265137,9.550000190734863,9.399999618530273,9.5,26019900
2022-11-23,8.652863502502441,9.399999618530273,9.5,9.350000381469727,9.449999809265137,31830100
2022-11-24,8.560812950134277,9.300000190734863,9.449999809265137,9.25,9.449999809265137,25742400
2022-11-25,8.514786720275879,9.25,9.300000190734863,9.199999809265137,9.300000190734863,13036500
2022-11-28,8.514786720275879,9.25,9.25,9.149999618530273,9.199999809265137,17801400
2022-11-29,8.560812950134277,9.300000190734863,9.350000381469727,9.199999809265137,9.25,22511100
2022-11-30,8.606839179992676,9.350000381469727,9.399999618530273,9.25,9.350000381469727,70385400
2022-12-01,8.514786720275879,9.25,9.399999618530273,9.199999809265137,9.399999618530273,39899000
2022-12-02,8.46876049041748,9.199999809265137,9.300000190734863,9.199999809265137,9.25,14721300
2022-12-06,8.46876049041748,9.199999809265137,9.399999618530273,9.149999618530273,9.199999809265137,85471600
2022-12-07,8.698890686035156,9.449999809265137,9.5,9.199999809265137,9.25,106631200
2022-12-08,8.836968421936035,9.600000381469727,9.600000381469727,9.399999618530273,9.399999618530273,113536600
2022-12-09,8.836968421936035,9.600000381469727,9.600000381469727,9.5,9.550000190734863,70010800
2022-12-13,8.836968421936035,9.600000381469727,9.649999618530273,9.550000190734863,9.600000381469727,40062600
2022-12-14,8.836968421936035,9.600000381469727,9.649999618530273,9.550000190734863,9.649999618530273,75300500
2022-12-15,8.836968421936035,9.600000381469727,9.600000381469727,9.449999809265137,9.600000381469727,60160100
2022-12-16,8.882993698120117,9.649999618530273,9.649999618530273,9.449999809265137,9.600000381469727,148729400
2022-12-19,8.882993698120117,9.649999618530273,9.75,9.600000381469727,9.649999618530273,23948000
2022-12-20,8.836968421936035,9.600000381469727,9.699999809265137,9.550000190734863,9.699999809265137,43680800
2022-12-21,8.744916915893555,9.5,9.649999618530273,9.449999809265137,9.649999618530273,43904500
2022-12-22,8.790943145751953,9.550000190734863,9.550000190734863,9.449999809265137,9.5,36954700
2022-12-23,8.836968421936035,9.600000381469727,9.600000381469727,9.5,9.5,41038400
2022-12-26,8.882993698120117,9.649999618530273,9.699999809265137,9.550000190734863,9.600000381469727,22570400
2022-12-27,9.021072387695312,9.800000190734863,9.800000190734863,9.649999618530273,9.699999809265137,57830700
2022-12-28,8.975046157836914,9.75,9.800000190734863,9.699999809265137,9.800000190734863,38987800
2022-12-29,8.929019927978516,9.699999809265137,9.75,9.649999618530273,9.699999809265137,63523400
2022-12-30,9.021072387695312,9.800000190734863,9.850000381469727,9.600000381469727,9.699999809265137,70096400
2023-01-03,8.882993698120117,9.649999618530273,9.850000381469727,9.649999618530273,9.850000381469727,71820600
2023-01-04,8.929019927978516,9.699999809265137,9.699999809265137,9.550000190734863,9.649999618530273,50463600
2023-01-05,8.882993698120117,9.649999618530273,9.800000190734863,9.649999618530273,9.699999809265137,66018500
2023-01-06,8.975046157836914,9.75,9.75,9.600000381469727,9.649999618530273,48302100
2023-01-09,8.836968421936035,9.600000381469727,9.75,9.600000381469727,9.75,57834500
2023-01-10,8.836968421936035,9.600000381469727,9.649999618530273,9.449999809265137,9.600000381469727,104332100
2023-01-11,8.698890686035156,9.449999809265137,9.550000190734863,9.449999809265137,9.550000190734863,50725300
2023-01-12,8.744916915893555,9.5,9.600000381469727,9.449999809265137,9.5,49100300
2023-01-13,8.836968421936035,9.600000381469727,9.600000381469727,9.449999809265137,9.550000190734863,39193200
2023-01-16,8.698890686035156,9.449999809265137,9.600000381469727,9.449999809265137,9.600000381469727,39325700
2023-01-17,8.652863502502441,9.399999618530273,9.550000190734863,9.399999618530273,9.449999809265137,54277400
2023-01-18,8.836968421936035,9.600000381469727,9.600000381469727,9.399999618530273,9.5,32005500
2023-01-19,8.882993698120117,9.649999618530273,9.649999618530273,9.550000190734863,9.550000190734863,22502700
2023-01-20,8.975046157836914,9.75,9.75,9.550000190734863,9.649999618530273,55013700
2023-01-23,8.975046157836914,9.75,9.800000190734863,9.600000381469727,9.75,49683800
2023-01-24,8.975046157836914,9.75,9.800000190734863,9.600000381469727,9.800000190734863,96822100
2023-01-25,9.205175399780273,10.0,10.100000381469727,9.550000190734863,9.699999809265137,258768300
2023-01-26,9.205175399780273,10.0,10.100000381469727,9.850000381469727,10.0,123442100
2023-01-27,9.205175399780273,10.0,10.0,9.800000190734863,9.949999809265137,115040400
2023-01-30,9.021072387695312,9.800000190734863,9.899999618530273,9.800000190734863,9.899999618530273,95783400
2023-01-31,8.929019927978516,9.699999809265137,9.800000190734863,9.699999809265137,9.800000190734863,34246800
2023-02-01,9.021072387695312,9.800000190734863,9.800000190734863,9.649999618530273,9.75,51550400
2023-02-02,8.975046157836914,9.75,9.800000190734863,9.75,9.800000190734863,20839100
2023-02-03,8.975046157836914,9.75,9.75,9.649999618530273,9.699999809265137,25265600
2023-02-06,8.975046157836914,9.75,9.75,9.649999618530273,9.75,17749200
2023-02-07,8.836968421936035,9.600000381469727,9.75,9.550000190734863,9.699999809265137,58792900
2023-02-08,8.882993698120117,9.649999618530273,9.649999618530273,9.550000190734863,9.600000381469727,37282200
2023-02-09,8.790943145751953,9.550000190734863,9.649999618530273,9.449999809265137,9.600000381469727,76028900
2023-02-10,8.790943145751953,9.550000190734863,9.550000190734863,9.5,9.550000190734863,18499600
2023-02-13,8.836968421936035,9.600000381469727,9.600000381469727,9.5,9.5,29148000
2023-02-14,8.836968421936035,9.600000381469727,9.600000381469727,9.5,9.550000190734863,32935500
2023-02-15,8.744916915893555,9.5,9.600000381469727,9.5,9.550000190734863,22017500
2023-02-16,8.698890686035156,9.449999809265137,9.550000190734863,9.449999809265137,9.550000190734863,33855700
2023-02-17,8.422734260559082,9.149999618530273,9.449999809265137,9.0,9.449999809265137,129642900
2023-02-20,8.560812950134277,9.300000190734863,9.300000190734863,9.149999618530273,9.149999618530273,22531700
2023-02-21,8.606839179992676,9.350000381469727,9.399999618530273,9.25,9.300000190734863,21108300
2023-02-22,8.376709938049316,9.100000381469727,9.350000381469727,9.100000381469727,9.350000381469727,84739700
2023-02-23,8.422734260559082,9.149999618530273,9.149999618530273,9.050000190734863,9.149999618530273,98602300
2023-02-24,8.330683708190918,9.050000190734863,9.199999809265137,9.050000190734863,9.149999618530273,29440800
2023-02-27,8.330683708190918,9.050000190734863,9.149999618530273,9.0,9.050000190734863,27389500
2023-02-28,8.514786720275879,9.25,9.25,9.0,9.100000381469727,70848500
2023-03-01,8.606839179992676,9.350000381469727,9.449999809265137,9.199999809265137,9.25,85009000
2023-03-02,8.422734260559082,9.149999618530273,9.350000381469727,9.100000381469727,9.350000381469727,70147400
2023-03-03,8.514786720275879,9.25,9.25,9.0,9.199999809265137,85853100
2023-03-07,8.560812950134277,9.300000190734863,9.300000190734863,9.149999618530273,9.25,37110100
2023-03-08,8.532835960388184,9.149999618530273,9.25,9.0,9.25,66644900
2023-03-09,8.48620891571045,9.100000381469727,9.199999809265137,9.100000381469727,9.149999618530273,26739200
2023-03-10,8.439581871032715,9.050000190734863,9.149999618530273,8.949999809265137,9.100000381469727,35896700
2023-03-13,8.439581871032715,9.050000190734863,9.149999618530273,8.949999809265137,9.0,62399500
2023-03-14,8.019933700561523,8.600000381469727,9.100000381469727,8.550000190734863,9.0,148814100
2023-03-15,8.253071784973145,8.850000381469727,8.850000381469727,8.600000381469727,8.699999809265137,115003200
2023-03-16,8.299698829650879,8.899999618530273,8.899999618530273,8.600000381469727,8.75,66713800
2023-03-17,7.8800506591796875,8.449999809265137,8.949999809265137,8.399999618530273,8.899999618530273,132655600
2023-03-20,7.926678657531738,8.5,8.5,8.199999809265137,8.399999618530273,65492700
2023-03-21,8.019933700561523,8.600000381469727,8.649999618530273,8.399999618530273,8.5,41227800
2023-03-22,8.019933700561523,8.600000381469727,8.699999809265137,8.550000190734863,8.649999618530273,12368900
2023-03-23,8.066560745239258,8.649999618530273,8.699999809265137,8.550000190734863,8.600000381469727,30157200
2023-03-24,8.019933700561523,8.600000381469727,8.699999809265137,8.600000381469727,8.699999809265137,24222600
2023-03-27,8.113188743591309,8.699999809265137,8.699999809265137,8.600000381469727,8.649999618530273,17513500
2023-03-28,8.159815788269043,8.75,8.75,8.649999618530273,8.75,15314900
2023-03-29,8.206443786621094,8.800000190734863,8.800000190734863,8.699999809265137,8.75,19231500
2023-03-30,8.392953872680664,9.0,9.050000190734863,8.800000190734863,8.899999618530273,92767300
2023-03-31,8.253071784973145,8.850000381469727,9.0,8.850000381469727,9.0,21540300
2023-04-03,8.299698829650879,8.899999618530273,8.949999809265137,8.800000190734863,8.850000381469727,16147100
2023-04-04,8.346325874328613,8.949999809265137,9.0,8.899999618530273,8.949999809265137,17909700
2023-04-05,8.392953872680664,9.0,9.0,8.899999618530273,9.0,27171900
2023-04-07,8.346325874328613,8.949999809265137,9.149999618530273,8.899999618530273,9.0,70339500
2023-04-10,8.392953872680664,9.0,9.050000190734863,8.850000381469727,8.949999809265137,40629600
2023-04-11,8.299698829650879,8.899999618530273,9.050000190734863,8.800000190734863,9.0,48672100
2023-04-12,8.392953872680664,9.0,9.050000190734863,8.899999618530273,8.899999618530273,20472500
2023-04-17,8.439581871032715,9.050000190734863,9.100000381469727,9.0,9.050000190734863,18239200
2023-04-18,8.439581871032715,9.050000190734863,9.100000381469727,9.0,9.100000381469727,10530100
2023-04-19,8.439581871032715,9.050000190734863,9.100000381469727,8.949999809265137,9.0,19620000
2023-04-20,8.299698829650879,8.899999618530273,9.050000190734863,8.899999618530273,9.0,16639700
2023-04-21,8.392953872680664,9.0,9.050000190734863,8.899999618530273,8.949999809265137,24175200
2023-04-24,8.392953872680664,9.0,9.0,8.899999618530273,8.949999809265137,9707100
2023-04-25,8.299698829650879,8.899999618530273,9.0,8.899999618530273,8.949999809265137,8941400
2023-04-26,8.299698829650879,8.899999618530273,8.949999809265137,8.800000190734863,8.899999618530273,13724100
2023-04-27,8.392953872680664,9.0,9.050000190734863,8.850000381469727,8.899999618530273,14970400
2023-04-28,8.253071784973145,8.850000381469727,9.050000190734863,8.850000381469727,9.050000190734863,25239300
2023-05-02,8.066560745239258,8.649999618530273,9.0,8.5,8.850000381469727,55577100
2023-05-03,8.066560745239258,8.649999618530273,8.699999809265137,8.5,8.550000190734863,45987900
2023-05-08,8.299698829650879,8.899999618530273,8.949999809265137,8.600000381469727,8.75,26690600
2023-05-09,8.392953872680664,9.0,8.949999809265137,8.850000381469727,8.949999809265137,10496800
2023-05-10,8.439581871032715,9.050000190734863,9.0,8.899999618530273,8.899999618530273,13245200
2023-05-11,8.439581871032715,9.050000190734863,9.25,9.0,9.050000190734863,103896000
2023-05-12,8.392953872680664,9.0,9.100000381469727,8.899999618530273,9.100000381469727,31437000
2023-05-15,8.066560745239258,8.649999618530273,9.050000190734863,8.600000381469727,9.0,42073800
2023-05-16,8.066560745239258,8.649999618530273,8.699999809265137,8.600000381469727,8.649999618530273,30917600
2023-05-17,8.066560745239258,8.649999618530273,8.649999618530273,8.449999809265137,8.649999618530273,39690100
2023-05-18,7.7867960929870605,8.350000381469727,8.649999618530273,8.25,8.649999618530273,58383100
2023-05-19,7.740168571472168,8.300000190734863,8.350000381469727,8.100000381469727,8.300000190734863,36205900
2023-05-22,7.7867960929870605,8.350000381469727,8.399999618530273,8.100000381469727,8.25,18862700
2023-05-23,7.740168571472168,8.300000190734863,8.350000381469727,8.149999618530273,8.350000381469727,39509000
2023-05-24,7.693540573120117,8.25,8.300000190734863,8.149999618530273,8.25,28768800
2023-05-25,7.507030963897705,8.050000190734863,8.199999809265137,8.0,8.199999809265137,58151100
2023-05-26,7.507030963897705,8.050000190734863,8.100000381469727,7.949999809265137,8.050000190734863,40463000
2023-05-29,7.600285053253174,8.149999618530273,8.199999809265137,8.0,8.050000190734863,14752100
2023-05-30,7.600285053253174,8.149999618530273,8.199999809265137,8.050000190734863,8.149999618530273,30700700
2023-05-31,7.507030963897705,8.050000190734863,8.149999618530273,8.0,8.050000190734863,33850800
2023-06-01,7.507030963897705,8.050000190734863,8.100000381469727,7.949999809265137,8.050000190734863,32220200
2023-06-02,7.507030963897705,8.050000190734863,8.050000190734863,7.949999809265137,8.0,18398200
2023-06-06,7.553658485412598,8.100000381469727,8.100000381469727,8.0,8.100000381469727,20372900
2023-06-07,7.646913051605225,8.199999809265137,8.199999809265137,8.0,8.149999618530273,21683700
2023-06-08,7.833422660827637,8.399999618530273,8.449999809265137,8.199999809265137,8.25,31667500
2023-06-09,7.7867960929870605,8.350000381469727,8.399999618530273,8.300000190734863,8.399999618530273,13832200
2023-06-12,7.7867960929870605,8.350000381469727,8.399999618530273,8.300000190734863,8.350000381469727,8101400
2023-06-13,7.973306655883789,8.550000190734863,8.5,8.399999618530273,8.399999618530273,11993800
2023-06-14,7.833422660827637,8.399999618530273,8.550000190734863,8.350000381469727,8.550000190734863,22588300
2023-06-15,7.833422660827637,8.399999618530273,8.399999618530273,8.300000190734863,8.350000381469727,11492700
2023-06-16,7.7867960929870605,8.350000381469727,8.399999618530273,8.300000190734863,8.350000381469727,11421400
2023-06-19,7.740168571472168,8.300000190734863,8.350000381469727,8.25,8.350000381469727,7542900
2023-06-20,7.8800506591796875,8.449999809265137,8.550000190734863,8.350000381469727,8.350000381469727,26353700
2023-06-21,7.833422660827637,8.399999618530273,8.5,8.399999618530273,8.449999809265137,13608400
2023-06-22,7.740168571472168,8.300000190734863,8.399999618530273,8.300000190734863,8.399999618530273,20667900
2023-06-23,7.740168571472168,8.300000190734863,8.350000381469727,8.100000381469727,8.350000381469727,30980768
2023-06-26,7.646913051605225,8.199999809265137,8.300000190734863,8.149999618530273,8.25,23179300
2023-06-27,7.693540573120117,8.25,8.350000381469727,8.199999809265137,8.25,25761800
2023-06-28,7.833422660827637,8.399999618530273,8.5,8.199999809265137,8.25,47819800
2023-06-29,7.7867960929870605,8.350000381469727,8.449999809265137,8.300000190734863,8.350000381469727,16850800
2023-06-30,7.973306655883789,8.550000190734863,8.550000190734863,8.350000381469727,8.399999618530273,19247400
2023-07-03,8.066560745239258,8.649999618530273,8.699999809265137,8.5,8.550000190734863,30968600
2023-07-04,8.019933700561523,8.600000381469727,8.600000381469727,8.449999809265137,8.600000381469727,19178900
2023-07-05,7.926678657531738,8.5,8.600000381469727,8.5,8.550000190734863,11311900
2023-07-06,7.7867960929870605,8.350000381469727,8.550000190734863,8.350000381469727,8.5,21182200
2023-07-07,7.740168571472168,8.300000190734863,8.449999809265137,8.25,8.300000190734863,12627500
2023-07-10,7.740168571472168,8.300000190734863,8.399999618530273,8.25,8.350000381469727,10396500
2023-07-11,7.7867960929870605,8.350000381469727,8.399999618530273,8.300000190734863,8.300000190734863,10074500
2023-07-12,7.7867960929870605,8.350000381469727,8.449999809265137,8.300000190734863,8.399999618530273,15145600
2023-07-13,7.8800506591796875,8.449999809265137,8.449999809265137,8.300000190734863,8.350000381469727,6764900
2023-07-14,7.926678657531738,8.5,8.550000190734863,8.399999618530273,8.449999809265137,26934100
2023-07-17,8.159815788269043,8.75,8.75,8.449999809265137,8.5,34636300
2023-07-18,8.019933700561523,8.600000381469727,8.75,8.550000190734863,8.75,14249000
2023-07-19,8.206443786621094,8.800000190734863,8.800000190734863,8.550000190734863,8.600000381469727,18908600
2023-07-20,8.206443786621094,8.800000190734863,8.949999809265137,8.75,8.850000381469727,56487100
2023-07-21,8.253071784973145,8.850000381469727,8.850000381469727,8.699999809265137,8.800000190734863,14728500
2023-07-24,8.206443786621094,8.800000190734863,8.899999618530273,8.75,8.850000381469727,12299300
2023-07-25,8.392953872680664,9.0,9.0,8.75,8.850000381469727,30837800
2023-07-26,8.346325874328613,8.949999809265137,9.050000190734863,8.899999618530273,9.0,21303700
2023-07-27,8.392953872680664,9.0,9.100000381469727,8.899999618530273,8.949999809265137,34611700
2023-07-31,8.48620891571045,9.100000381469727,9.100000381469727,9.050000190734863,9.050000190734863,4747600
2023-08-02,8.392953872680664,9.0,9.100000381469727,8.899999618530273,9.100000381469727,25423700
2023-08-03,8.253071784973145,8.850000381469727,8.949999809265137,8.800000190734863,8.949999809265137,19461500
2023-08-04,8.299698829650879,8.899999618530273,8.949999809265137,8.850000381469727,8.850000381469727,11341900
2023-08-07,8.253071784973145,8.850000381469727,8.949999809265137,8.75,8.899999618530273,16353000
2023-08-08,8.159815788269043,8.75,8.899999618530273,8.75,8.850000381469727,9011400
2023-08-09,8.206443786621094,8.800000190734863,8.850000381469727,8.75,8.75,13315700
2023-08-10,8.206443786621094,8.800000190734863,8.850000381469727,8.649999618530273,8.850000381469727,29875100
2023-08-11,8.346325874328613,8.949999809265137,9.100000381469727,8.899999618530273,8.899999618530273,38619000
2023-08-15,8.253071784973145,8.850000381469727,8.949999809265137,8.800000190734863,8.949999809265137,14903300
2023-08-16,8.299698829650879,8.899999618530273,8.949999809265137,8.699999809265137,8.850000381469727,15278000
2023-08-17,8.253071784973145,8.850000381469727,8.949999809265137,8.75,8.850000381469727,19587100
2023-08-18,8.206443786621094,8.800000190734863,8.850000381469727,8.699999809265137,8.850000381469727,21542400
2023-08-21,8.253071784973145,8.850000381469727,8.899999618530273,8.75,8.800000190734863,12593600
2023-08-22,8.392953872680664,9.0,9.0,8.899999618530273,8.899999618530273,19448600
2023-08-23,8.439581871032715,9.050000190734863,9.100000381469727,8.949999809265137,9.0,24453900
2023-08-24,8.48620891571045,9.100000381469727,9.100000381469727,9.0,9.100000381469727,10359700
2023-08-25,8.439581871032715,9.050000190734863,9.100000381469727,8.949999809265137,9.050000190734863,11639900
2023-08-28,8.113188743591309,8.699999809265137,9.0,8.649999618530273,8.949999809265137,105194500
2023-08-29,8.159815788269043,8.75,8.850000381469727,8.699999809265137,8.75,56718900
2023-08-30,8.253071784973145,8.850000381469727,8.850000381469727,8.75,8.75,32931500
2023-08-31,8.066560745239258,8.649999618530273,8.850000381469727,8.699999809265137,8.800000190734863,28794600
2023-09-01,8.113188743591309,8.699999809265137,8.699999809265137,8.600000381469727,8.699999809265137,17718800
2023-09-04,8.019933700561523,8.600000381469727,8.699999809265137,8.5,8.649999618530273,31032700
2023-09-05,7.973306655883789,8.550000190734863,8.600000381469727,8.5,8.550000190734863,15383000
2023-09-06,8.066560745239258,8.649999618530273,8.699999809265137,8.600000381469727,8.600000381469727,14040000
2023-09-07,8.019933700561523,8.600000381469727,8.699999809265137,8.600000381469727,8.649999618530273,14584200
2023-09-08,8.019933700561523,8.600000381469727,8.649999618530273,8.550000190734863,8.600000381469727,15437500
2023-09-11,8.066560745239258,8.649999618530273,8.699999809265137,8.550000190734863,8.600000381469727,10693200
2023-09-12,8.066560745239258,8.649999618530273,8.699999809265137,8.600000381469727,8.649999618530273,5427000
2023-09-13,8.019933700561523,8.600000381469727,8.649999618530273,8.5,8.649999618530273,16513100
2023-09-14,8.019933700561523,8.600000381469727,8.649999618530273,8.550000190734863,8.649999618530273,15439168
2023-09-15,8.113188743591309,8.699999809265137,8.75,8.600000381469727,8.649999618530273,19474200
2023-09-18,8.113188743591309,8.699999809265137,8.75,8.649999618530273,8.699999809265137,7498500
2023-09-19,8.113188743591309,8.699999809265137,8.699999809265137,8.550000190734863,8.699999809265137,9543100
2023-09-20,8.019933700561523,8.600000381469727,8.699999809265137,8.550000190734863,8.699999809265137,16141600
2023-09-21,8.019933700561523,8.600000381469727,8.649999618530273,8.5,8.600000381469727,32767900
2023-09-22,8.113188743591309,8.699999809265137,8.699999809265137,8.550000190734863,8.600000381469727,25920300
2023-09-25,7.693540573120117,8.25,8.699999809265137,8.25,8.699999809265137,78958100
2023-09-26,7.740168571472168,8.300000190734863,8.350000381469727,8.199999809265137,8.25,41942400
2023-09-27,7.693540573120117,8.25,8.300000190734863,8.199999809265137,8.25,8050300
2023-09-28,7.693540573120117,8.25,8.350000381469727,8.149999618530273,8.25,24617700
2023-09-29,7.740168571472168,8.300000190734863,8.350000381469727,8.199999809265137,8.300000190734863,20734500
2023-10-02,7.553658485412598,8.100000381469727,8.300000190734863,8.0,8.300000190734863,41076700
2023-10-03,7.41377592086792,7.949999809265137,8.100000381469727,7.900000095367432,8.050000190734863,49245200
2023-10-04,7.507030963897705,8.050000190734863,8.100000381469727,7.699999809265137,7.75,48333200
2023-10-05,7.507030963897705,8.050000190734863,8.100000381469727,7.900000095367432,8.050000190734863,19890000
2023-10-06,7.4604034423828125,8.0,8.100000381469727,7.949999809265137,8.050000190734863,5640600
2023-10-09,7.4604034423828125,8.0,8.0,7.849999904632568,8.0,10571000
2023-10-10,7.4604034423828125,8.0,8.050000190734863,7.949999809265137,8.0,9970000
2023-10-11,7.600285053253174,8.149999618530273,8.199999809265137,7.949999809265137,8.0,61341900
2023-10-12,7.646913051605225,8.199999809265137,8.199999809265137,8.100000381469727,8.149999618530273,15713600
2023-10-16,7.553658485412598,8.100000381469727,8.25,7.949999809265137,8.199999809265137,30262000
2023-10-17,7.646913051605225,8.199999809265137,8.25,8.050000190734863,8.100000381469727,26217100
2023-10-18,7.693540573120117,8.25,8.300000190734863,8.100000381469727,8.199999809265137,15383000
2023-10-19,7.646913051605225,8.199999809265137,8.25,8.100000381469727,8.149999618530273,16005100
2023-10-20,7.4604034423828125,8.0,8.199999809265137,8.0,8.149999618530273,30658900
2023-10-24,7.507030963897705,8.050000190734863,8.050000190734863,7.949999809265137,8.0,16815400
2023-10-25,7.4604034423828125,8.0,8.050000190734863,7.849999904632568,8.050000190734863,31212700
2023-10-26,7.4604034423828125,8.0,8.0,7.900000095367432,8.0,18245500
2023-10-27,7.600285053253174,8.149999618530273,8.149999618530273,7.900000095367432,8.0,20088600
2023-10-30,7.553658485412598,8.100000381469727,8.100000381469727,7.900000095367432,8.100000381469727,25586900
2023-10-31,7.367148399353027,7.900000095367432,8.100000381469727,7.800000190734863,8.050000190734863,43725600
2023-11-01,7.367148399353027,7.900000095367432,7.949999809265137,7.800000190734863,7.900000095367432,19341700
2023-11-02,7.4604034423828125,8.0,8.0,7.849999904632568,7.949999809265137,25616600
2023-11-03,7.507030963897705,8.050000190734863,8.100000381469727,8.0,8.0,18457300
2023-11-06,7.4604034423828125,8.0,8.149999618530273,8.0,8.149999618530273,20630700
2023-11-07,7.4604034423828125,8.0,8.100000381469727,7.949999809265137,8.0,14268300
2023-11-08,7.4604034423828125,8.0,8.050000190734863,7.949999809265137,8.050000190734863,22891900
2023-11-09,7.4604034423828125,8.0,8.050000190734863,7.900000095367432,8.050000190734863,31707000
2023-11-10,7.367148399353027,7.900000095367432,8.050000190734863,7.900000095367432,7.949999809265137,14372700
2023-11-13,7.367148399353027,7.900000095367432,7.900000095367432,7.75,7.900000095367432,16160400
2023-11-14,7.367148399353027,7.900000095367432,7.949999809265137,7.75,7.900000095367432,29542200
2023-11-15,7.4604034423828125,8.0,8.0,7.900000095367432,7.900000095367432,18723100
2023-11-16,7.4604034423828125,8.0,8.050000190734863,7.949999809265137,8.0,12308200
2023-11-17,7.600285053253174,8.149999618530273,8.149999618530273,7.949999809265137,7.949999809265137,39131400
2023-11-20,7.600285053253174,8.149999618530273,8.149999618530273,8.0,8.149999618530273,18171200
2023-11-21,7.507030963897705,8.050000190734863,8.149999618530273,8.0,8.149999618530273,12869400
2023-11-22,7.4604034423828125,8.0,8.050000190734863,7.949999809265137,8.050000190734863,19157300
2023-11-23,7.41377592086792,7.949999809265137,8.0,7.900000095367432,8.0,20761800
2023-11-24,7.367148399353027,7.900000095367432,7.949999809265137,7.849999904632568,7.949999809265137,17448600
2023-11-27,7.320520877838135,7.849999904632568,7.949999809265137,7.800000190734863,7.900000095367432,16282900
2023-11-28,7.320520877838135,7.849999904632568,7.900000095367432,7.75,7.900000095367432,23722100
2023-11-29,7.22726583480835,7.75,7.849999904632568,7.75,7.849999904632568,25666000
2023-11-30,7.273893356323242,7.800000190734863,7.800000190734863,7.5,7.75,84048400
2023-12-01,7.320520877838135,7.849999904632568,7.900000095367432,7.699999809265137,7.800000190734863,18934600
2023-12-04,7.41377592086792,7.949999809265137,7.949999809265137,7.849999904632568,7.849999904632568,8783200
2023-12-06,7.553658485412598,8.100000381469727,8.100000381469727,7.900000095367432,7.949999809265137,26468000
2023-12-07,7.4604034423828125,8.0,8.100000381469727,8.0,8.050000190734863,13291900
2023-12-08,7.553658485412598,8.100000381469727,8.149999618530273,8.0,8.0,20541600
2023-12-12,7.4604034423828125,8.0,8.149999618530273,7.949999809265137,8.100000381469727,22373600
2023-12-13,7.507030963897705,8.050000190734863,8.050000190734863,7.949999809265137,8.0,14966300
2023-12-14,7.553658485412598,8.100000381469727,8.100000381469727,8.0,8.050000190734863,9501100
2023-12-15,7.507030963897705,8.050000190734863,8.100000381469727,8.0,8.100000381469727,39805300
2023-12-18,7.41377592086792,7.949999809265137,8.100000381469727,7.900000095367432,8.0,23484500
2023-12-19,7.507030963897705,8.050000190734863,8.050000190734863,7.900000095367432,7.949999809265137,21431800
2023-12-20,7.507030963897705,8.050000190734863,8.100000381469727,8.0,8.050000190734863,14097000
2023-12-21,7.4604034423828125,8.0,8.100000381469727,7.949999809265137,8.050000190734863,27722600
2023-12-22,7.320520877838135,7.849999904632568,8.0,7.800000190734863,8.0,58740700
2023-12-25,7.320520877838135,7.849999904632568,7.949999809265137,7.800000190734863,7.849999904632568,12196600
2023-12-26,7.41377592086792,7.949999809265137,7.949999809265137,7.849999904632568,7.900000095367432,11514600
2023-12-27,7.367148399353027,7.900000095367432,7.949999809265137,7.849999904632568,7.900000095367432,13563300
2023-12-28,7.41377592086792,7.949999809265137,7.949999809265137,7.849999904632568,7.849999904632568,15977900
2024-01-03,7.507030963897705,8.050000190734863,8.100000381469727,8.0,8.050000190734863,18469100
2024-01-04,7.600285053253174,8.149999618530273,8.149999618530273,8.0,8.0,20928000
2024-01-05,7.507030963897705,8.050000190734863,8.199999809265137,8.050000190734863,8.149999618530273,29784900
2024-01-08,7.4604034423828125,8.0,8.050000190734863,7.949999809265137,8.0,19620600
2024-01-09,7.41377592086792,7.949999809265137,8.050000190734863,7.949999809265137,8.050000190734863,6269700
2024-01-10,7.553658485412598,8.100000381469727,8.100000381469727,7.900000095367432,8.0,16409100
2024-01-11,7.4604034423828125,8.0,8.100000381469727,7.949999809265137,8.100000381469727,9077400
2024-01-12,7.367148399353027,7.900000095367432,7.949999809265137,7.849999904632568,7.949999809265137,32014500
2024-01-15,7.367148399353027,7.900000095367432,8.0,7.900000095367432,7.949999809265137,8435600
2024-01-16,7.367148399353027,7.900000095367432,7.949999809265137,7.849999904632568,7.949999809265137,21058600
2024-01-17,7.1340107917785645,7.650000095367432,7.900000095367432,7.650000095367432,7.900000095367432,70113700
2024-01-18,7.040755748748779,7.550000190734863,7.699999809265137,7.5,7.650000095367432,46572900
2024-01-19,6.947500228881836,7.449999809265137,7.599999904632568,7.400000095367432,7.599999904632568,37396800
2024-01-22,6.947500228881836,7.449999809265137,7.5,7.349999904632568,7.449999809265137,47541600
2024-01-23,6.854245185852051,7.349999904632568,7.5,7.199999809265137,7.449999809265137,35182100
2024-01-24,6.900873184204102,7.400000095367432,7.449999809265137,7.199999809265137,7.300000190734863,36245400
2024-01-25,6.900873184204102,7.400000095367432,7.400000095367432,7.25,7.349999904632568,40784400
2024-01-26,6.947500228881836,7.449999809265137,7.449999809265137,7.300000190734863,7.349999904632568,45201100
2024-01-29,6.900873184204102,7.400000095367432,7.5,7.349999904632568,7.449999809265137,19685500
2024-01-30,6.900873184204102,7.400000095367432,7.449999809265137,7.199999809265137,7.449999809265137,42398000
2024-01-31,6.854245185852051,7.349999904632568,7.400000095367432,7.150000095367432,7.349999904632568,44012400
2024-02-01,6.854245185852051,7.349999904632568,7.349999904632568,7.199999809265137,7.300000190734863,36131900
2024-02-02,6.807618141174316,7.300000190734863,7.400000095367432,7.25,7.400000095367432,43774800
2024-02-05,6.760990142822266,7.25,7.300000190734863,7.150000095367432,7.300000190734863,33171400
2024-02-06,7.087383270263672,7.599999904632568,7.599999904632568,7.25,7.300000190734863,66323500
2024-02-07,6.947500228881836,7.449999809265137,7.599999904632568,7.400000095367432,7.550000190734863,43556200
2024-02-08,6.854245185852051,7.349999904632568,7.5,7.300000190734863,7.449999809265137,32798300
2024-02-09,6.900873184204102,7.400000095367432,7.449999809265137,7.300000190734863,7.300000190734863,12802000
2024-02-12,6.900873184204102,7.400000095367432,7.400000095367432,7.300000190734863,7.400000095367432,12955500
2024-02-13,6.947500228881836,7.449999809265137,7.5,7.349999904632568,7.400000095367432,18613400
2024-02-14,7.087383270263672,7.599999904632568,7.599999904632568,7.349999904632568,7.400000095367432,48674200
2024-02-15,7.087383270263672,7.599999904632568,7.650000095367432,7.5,7.650000095367432,27514300
2024-02-16,7.1340107917785645,7.650000095367432,7.699999809265137,7.550000190734863,7.650000095367432,21094400
2024-02-19,7.22726583480835,7.75,7.800000190734863,7.650000095367432,7.699999809265137,73467100
2024-02-20,7.320520877838135,7.849999904632568,7.849999904632568,7.75,7.75,37591000
2024-02-21,7.273893356323242,7.800000190734863,7.900000095367432,7.75,7.800000190734863,28666500
2024-02-22,7.367148399353027,7.900000095367432,7.900000095367432,7.800000190734863,7.849999904632568,24047500
2024-02-23,7.367148399353027,7.900000095367432,7.900000095367432,7.800000190734863,7.849999904632568,11555900
2024-02-27,7.553658485412598,8.100000381469727,8.149999618530273,7.849999904632568,7.900000095367432,80846700
2024-02-28,7.553658485412598,8.100000381469727,8.100000381469727,7.949999809265137,8.050000190734863,34792100
2024-02-29,7.507030963897705,8.050000190734863,8.300000190734863,7.949999809265137,8.25,88931700
2024-03-01,7.507030963897705,8.050000190734863,8.050000190734863,7.949999809265137,8.050000190734863,36410900
2024-03-04,7.507030963897705,8.050000190734863,8.100000381469727,7.949999809265137,8.050000190734863,19933400
2024-03-05,7.646913051605225,8.199999809265137,8.199999809265137,7.949999809265137,8.050000190734863,37409600
2024-03-06,7.553658485412598,8.100000381469727,8.149999618530273,8.050000190734863,8.149999618530273,52477300
2024-03-07,7.553658485412598,8.100000381469727,8.100000381469727,8.0,8.100000381469727,20635800
2024-03-08,7.553658485412598,8.100000381469727,8.100000381469727,8.0,8.050000190734863,36531800
2024-03-11,7.600285053253174,8.149999618530273,8.199999809265137,8.0,8.100000381469727,46820900
2024-03-12,7.733124732971191,8.149999618530273,8.149999618530273,8.149999618530273,8.149999618530273,0
2024-03-13,7.733124732971191,8.149999618530273,8.149999618530273,8.0,8.100000381469727,44845400
2024-03-14,7.733124732971191,8.149999618530273,8.149999618530273,8.149999618530273,8.149999618530273,0
2024-03-15,7.9703369140625,8.399999618530273,8.399999618530273,8.199999809265137,8.25,92131900
2024-03-18,7.780567169189453,8.199999809265137,8.399999618530273,8.199999809265137,8.350000381469727,102552000
2024-03-19,7.780567169189453,8.199999809265137,8.25,8.100000381469727,8.149999618530273,33140700
2024-03-20,7.780567169189453,8.199999809265137,8.199999809265137,8.199999809265137,8.199999809265137,0
2024-03-21,7.828010082244873,8.25,8.25,8.149999618530273,8.199999809265137,39932500
2024-03-22,7.828010082244873,8.25,8.25,8.25,8.25,0
2024-03-25,7.685682773590088,8.100000381469727,8.149999618530273,8.050000190734863,8.100000381469727,16074800
2024-03-26,7.685682773590088,8.100000381469727,8.100000381469727,8.100000381469727,8.100000381469727,0
2024-03-27,7.685682773590088,8.100000381469727,8.149999618530273,8.050000190734863,8.100000381469727,14969600
2024-03-28,7.590797424316406,8.0,8.100000381469727,7.949999809265137,8.100000381469727,41690800
2024-03-29,7.685682773590088,8.100000381469727,8.100000381469727,7.949999809265137,8.0,12245600
2024-04-01,7.780567169189453,8.199999809265137,8.199999809265137,8.050000190734863,8.100000381469727,75822400
2024-04-02,7.780567169189453,8.199999809265137,8.199999809265137,8.050000190734863,8.149999618530273,91638100
2024-04-03,7.733124732971191,8.149999618530273,8.25,8.100000381469727,8.149999618530273,32213300
2024-04-04,7.733124732971191,8.149999618530273,8.199999809265137,8.050000190734863,8.199999809265137,18604800
2024-04-05,7.685682773590088,8.100000381469727,8.149999618530273,8.050000190734863,8.100000381469727,14851900
2024-04-09,7.780567169189453,8.199999809265137,8.199999809265137,8.100000381469727,8.100000381469727,23192100
2024-04-10,7.875452518463135,8.300000190734863,8.300000190734863,8.199999809265137,8.199999809265137,19456100
2024-04-11,7.922895431518555,8.350000381469727,8.350000381469727,8.199999809265137,8.300000190734863,53343400
2024-04-17,7.780567169189453,8.199999809265137,8.300000190734863,8.100000381469727,8.25,54958200
2024-04-18,7.780567169189453,8.199999809265137,8.199999809265137,8.199999809265137,8.199999809265137,0
2024-04-19,7.780567169189453,8.199999809265137,8.199999809265137,8.199999809265137,8.199999809265137,0
2024-04-22,7.733124732971191,8.149999618530273,8.199999809265137,8.100000381469727,8.149999618530273,30674300
2024-04-23,7.828010082244873,8.25,8.25,8.149999618530273,8.199999809265137,15283400
2024-04-24,7.828010082244873,8.25,8.25,8.25,8.25,0
2024-04-25,7.780567169189453,8.199999809265137,8.25,8.149999618530273,8.199999809265137,13892800
2024-04-26,7.685682773590088,8.100000381469727,8.25,8.100000381469727,8.149999618530273,22558800
2024-04-29,7.780567169189453,8.199999809265137,8.199999809265137,8.100000381469727,8.149999618530273,15828500
2024-04-30,7.780567169189453,8.199999809265137,8.199999809265137,8.199999809265137,8.199999809265137,0
2024-05-02,7.780567169189453,8.199999809265137,8.199999809265137,8.199999809265137,8.199999809265137,0
2024-05-03,7.9703369140625,8.399999618530273,8.399999618530273,8.199999809265137,8.300000190734863,36184200
2024-05-07,7.9703369140625,8.399999618530273,8.399999618530273,8.399999618530273,8.399999618530273,0
2024-05-08,7.733124732971191,8.149999618530273,8.300000190734863,8.149999618530273,8.300000190734863,29343600
2024-05-09,7.685682773590088,8.100000381469727,8.199999809265137,8.100000381469727,8.149999618530273,10838900
2024-05-10,7.780567169189453,8.199999809265137,8.199999809265137,8.100000381469727,8.100000381469727,20965500
2024-05-13,7.780567169189453,8.199999809265137,8.199999809265137,8.050000190734863,8.149999618530273,25034200
2024-05-14,7.780567169189453,8.199999809265137,8.25,8.149999618530273,8.149999618530273,16339700
2024-05-15,7.780567169189453,8.199999809265137,8.199999809265137,8.199999809265137,8.199999809265137,0
2024-05-16,7.780567169189453,8.199999809265137,8.199999809265137,8.199999809265137,8.199999809265137,0
2024-05-17,7.590797424316406,8.0,8.050000190734863,7.900000095367432,8.0,31220100
2024-05-20,7.590797424316406,8.0,8.0,8.0,8.0,0
2024-05-21,7.590797424316406,8.0,8.0,8.0,8.0,0
2024-05-23,7.638240337371826,8.050000190734863,8.050000190734863,7.800000190734863,7.900000095367432,23491600
2024-05-24,7.638240337371826,8.050000190734863,8.050000190734863,8.050000190734863,8.050000190734863,0
2024-05-27,7.638240337371826,8.050000190734863,8.050000190734863,8.050000190734863,8.050000190734863,0
2024-05-28,7.733124732971191,8.149999618530273,8.199999809265137,8.0,8.149999618530273,74837500
2024-05-29,7.495912551879883,7.900000095367432,8.100000381469727,7.900000095367432,8.100000381469727,52690300
2024-05-30,7.495912551879883,7.900000095367432,7.900000095367432,7.900000095367432,7.900000095367432,0
2024-05-31,7.495912551879883,7.900000095367432,7.900000095367432,7.900000095367432,7.900000095367432,0
2024-06-04,7.116372585296631,7.5,7.900000095367432,7.5,7.900000095367432,61522000
2024-06-05,7.353585243225098,7.75,7.800000190734863,7.650000095367432,7.650000095367432,39374700
2024-06-06,7.306142330169678,7.699999809265137,7.75,7.599999904632568,7.699999809265137,35785600
2024-06-07,7.306142330169678,7.699999809265137,7.75,7.650000095367432,7.699999809265137,23882800
2024-06-10,7.448470115661621,7.849999904632568,8.0,7.75,7.800000190734863,58074100
2024-06-11,7.495912551879883,7.900000095367432,8.0,7.849999904632568,7.900000095367432,45266900
2024-06-12,7.685682773590088,8.100000381469727,8.100000381469727,7.849999904632568,7.949999809265137,144975500
2024-06-13,7.401027679443359,7.800000190734863,8.100000381469727,7.699999809265137,8.100000381469727,79431900
2024-06-14,7.590797424316406,8.0,8.100000381469727,7.849999904632568,7.849999904632568,100430500
2024-06-17,7.590797424316406,8.0,8.0,7.849999904632568,7.949999809265137,56126100
2024-06-18,7.590797424316406,8.0,8.0,8.0,8.0,0
2024-06-19,7.590797424316406,8.0,8.0,8.0,8.0,0
2024-06-20,7.401027679443359,7.800000190734863,8.0,7.75,8.0,102327700
2024-06-21,7.401027679443359,7.800000190734863,7.900000095367432,7.650000095367432,7.75,56748600
2024-06-24,7.401027679443359,7.800000190734863,7.800000190734863,7.800000190734863,7.800000190734863,0
2024-06-25,7.401027679443359,7.800000190734863,7.800000190734863,7.800000190734863,7.800000190734863,0
2024-06-26,7.401027679443359,7.800000190734863,7.800000190734863,7.800000190734863,7.800000190734863,0
2024-06-27,7.258700370788574,7.650000095367432,7.699999809265137,7.599999904632568,7.650000095367432,89300600
2024-06-28,7.258700370788574,7.650000095367432,7.75,7.599999904632568,7.599999904632568,51606200
2024-07-01,7.258700370788574,7.650000095367432,7.650000095367432,7.650000095367432,7.650000095367432,0
2024-07-02,7.258700370788574,7.650000095367432,7.650000095367432,7.650000095367432,7.650000095367432,0
2024-07-03,7.353585243225098,7.75,7.800000190734863,7.699999809265137,7.699999809265137,21892200
2024-07-04,7.211257457733154,7.599999904632568,7.75,7.550000190734863,7.699999809265137,67368400
2024-07-05,7.258700370788574,7.650000095367432,7.699999809265137,7.550000190734863,7.599999904632568,57969600
2024-07-08,7.211257457733154,7.599999904632568,7.650000095367432,7.5,7.650000095367432,36144200
2024-07-09,7.211257457733154,7.599999904632568,7.599999904632568,7.599999904632568,7.599999904632568,0
2024-07-10,7.258700370788574,7.650000095367432,7.699999809265137,7.550000190734863,7.599999904632568,55281700
2024-07-11,7.258700370788574,7.650000095367432,7.650000095367432,7.650000095367432,7.650000095367432,0
2024-07-12,7.258700370788574,7.650000095367432,7.650000095367432,7.650000095367432,7.650000095367432,0
2024-07-15,7.258700370788574,7.650000095367432,7.650000095367432,7.650000095367432,7.650000095367432,0
2024-07-16,7.401027679443359,7.800000190734863,7.900000095367432,7.800000190734863,7.849999904632568,61892900
2024-07-17,7.401027679443359,7.800000190734863,7.800000190734863,7.800000190734863,7.800000190734863,0
2024-07-18,7.448470115661621,7.849999904632568,7.849999904632568,7.699999809265137,7.75,23019400
2024-07-19,7.448470115661621,7.849999904632568,7.849999904632568,7.849999904632568,7.849999904632568,0
2024-07-23,7.448470115661621,7.849999904632568,7.849999904632568,7.849999904632568,7.849999904632568,0
2024-07-24,7.5433549880981445,7.949999809265137,8.0,7.800000190734863,7.800000190734863,48750700
2024-07-25,7.638240337371826,8.050000190734863,8.050000190734863,7.900000095367432,7.949999809265137,56541200
2024-07-26,7.495912551879883,7.900000095367432,8.0,7.900000095367432,8.0,35937800
2024-07-30,7.495912551879883,7.900000095367432,7.900000095367432,7.900000095367432,7.900000095367432,0
2024-07-31,7.401027679443359,7.800000190734863,7.900000095367432,7.699999809265137,7.699999809265137,50571100
2024-08-01,7.353585243225098,7.75,7.849999904632568,7.699999809265137,7.75,24998800
2024-08-02,7.353585243225098,7.75,7.75,7.75,7.75,0
2024-08-05,6.974045276641846,7.349999904632568,7.599999904632568,7.25,7.550000190734863,59017200
2024-08-06,6.974045276641846,7.349999904632568,7.449999809265137,7.300000190734863,7.449999809265137,17089400
2024-08-07,7.021487712860107,7.400000095367432,7.449999809265137,7.349999904632568,7.400000095367432,28373500
2024-08-08,7.021487712860107,7.400000095367432,7.400000095367432,7.400000095367432,7.400000095367432,0
2024-08-09,7.306142330169678,7.699999809265137,7.800000190734863,7.550000190734863,7.550000190734863,58031100
2024-08-13,7.353585243225098,7.75,7.75,7.449999809265137,7.650000095367432,26713900
2024-08-14,7.401027679443359,7.800000190734863,7.800000190734863,7.599999904632568,7.75,59178300
2024-08-15,7.401027679443359,7.800000190734863,7.800000190734863,7.800000190734863,7.800000190734863,0
2024-08-16,7.495912551879883,7.900000095367432,7.900000095367432,7.75,7.800000190734863,126945400
2024-08-19,7.495912551879883,7.900000095367432,7.900000095367432,7.900000095367432,7.900000095367432,0
2024-08-20,7.5433549880981445,7.949999809265137,8.0,7.849999904632568,7.949999809265137,40342200
2024-08-21,7.448470115661621,7.849999904632568,7.900000095367432,7.849999904632568,7.900000095367432,47233200
2024-08-22,7.448470115661621,7.849999904632568,7.849999904632568,7.849999904632568,7.849999904632568,0
2024-08-23,7.211257457733154,7.599999904632568,7.849999904632568,7.599999904632568,7.75,152165900
2024-08-26,7.211257457733154,7.599999904632568,7.599999904632568,7.599999904632568,7.599999904632568,0
2024-08-27,7.448470115661621,7.849999904632568,7.949999809265137,7.849999904632568,7.949999809265137,40585600
2024-08-28,7.448470115661621,7.849999904632568,7.849999904632568,7.849999904632568,7.849999904632568,0
2024-08-29,7.448470115661621,7.849999904632568,7.849999904632568,7.75,7.849999904632568,31050900
2024-08-30,7.258700370788574,7.650000095367432,7.849999904632568,7.599999904632568,7.849999904632568,72011600
2024-09-02,7.258700370788574,7.650000095367432,7.650000095367432,7.650000095367432,7.650000095367432,0
2024-09-03,7.258700370788574,7.650000095367432,7.650000095367432,7.650000095367432,7.650000095367432,0
2024-09-04,7.258700370788574,7.650000095367432,7.650000095367432,7.650000095367432,7.650000095367432,0
2024-09-05,7.401027679443359,7.800000190734863,7.800000190734863,7.650000095367432,7.650000095367432,41106100
2024-09-06,7.448470115661621,7.849999904632568,7.900000095367432,7.800000190734863,7.800000190734863,53591100
2024-09-09,7.448470115661621,7.849999904632568,7.849999904632568,7.849999904632568,7.849999904632568,0
2024-09-10,7.638240337371826,8.050000190734863,8.149999618530273,7.949999809265137,8.050000190734863,62284100
2024-09-11,7.590797424316406,8.0,8.100000381469727,7.900000095367432,8.050000190734863,48764000
2024-09-12,7.685682773590088,8.100000381469727,8.100000381469727,8.0,8.0,20583700
2024-09-13,7.590797424316406,8.0,8.100000381469727,7.949999809265137,8.050000190734863,29535200
2024-09-16,7.590797424316406,8.0,8.0,8.0,8.0,0
2024-09-17,7.590797424316406,8.0,8.0,8.0,8.0,0
2024-09-18,7.590797424316406,8.0,8.0,8.0,8.0,0
2024-09-19,7.590797424316406,8.0,8.0,8.0,8.0,0
2024-09-20,7.590797424316406,8.0,8.0,8.0,8.0,0
2024-09-23,7.590797424316406,8.0,8.0,7.849999904632568,8.0,50590600
2024-09-24,7.638240337371826,8.050000190734863,8.100000381469727,7.949999809265137,8.0,25369300
2024-09-25,7.638240337371826,8.050000190734863,8.100000381469727,7.949999809265137,8.0,46323700
2024-09-26,7.638240337371826,8.050000190734863,8.050000190734863,7.949999809265137,8.050000190734863,32362400
2024-09-27,7.638240337371826,8.050000190734863,8.050000190734863,8.050000190734863,8.050000190734863,0
2024-09-30,7.733124732971191,8.149999618530273,8.149999618530273,8.050000190734863,8.050000190734863,52153500
2024-10-01,7.733124732971191,8.149999618530273,8.149999618530273,8.149999618530273,8.149999618530273,0
2024-10-02,7.733124732971191,8.149999618530273,8.149999618530273,8.050000190734863,8.149999618530273,43606200
2024-10-03,7.733124732971191,8.149999618530273,8.199999809265137,8.050000190734863,8.100000381469727,38492300
2024-10-04,7.733124732971191,8.149999618530273,8.149999618530273,8.149999618530273,8.149999618530273,0
2024-10-07,7.828010082244873,8.25,8.25,8.100000381469727,8.100000381469727,41595700
2024-10-08,7.733124732971191,8.149999618530273,8.25,8.149999618530273,8.199999809265137,66001900
2024-10-09,7.733124732971191,8.149999618530273,8.149999618530273,8.050000190734863,8.149999618530273,86621500
2024-10-10,7.733124732971191,8.149999618530273,8.149999618530273,8.050000190734863,8.149999618530273,50748600
2024-10-11,7.733124732971191,8.149999618530273,8.149999618530273,8.149999618530273,8.149999618530273,0
2024-10-15,7.733124732971191,8.149999618530273,8.199999809265137,8.050000190734863,8.199999809265137,36868000
2024-10-16,7.733124732971191,8.149999618530273,8.149999618530273,8.149999618530273,8.149999618530273,0
2024-10-17,7.875452518463135,8.300000190734863,8.300000190734863,8.199999809265137,8.25,27555600
2024-10-18,7.780567169189453,8.199999809265137,8.300000190734863,8.149999618530273,8.300000190734863,47816700
2024-10-21,7.828010082244873,8.25,8.300000190734863,8.149999618530273,8.199999809265137,33322000
2024-10-22,7.828010082244873,8.25,8.25,8.25,8.25,0
2024-10-24,7.448470115661621,7.849999904632568,8.050000190734863,7.800000190734863,8.050000190734863,87643600
2024-10-25,7.448470115661621,7.849999904632568,7.849999904632568,7.849999904632568,7.849999904632568,0
2024-10-28,7.590797424316406,8.0,8.050000190734863,7.900000095367432,7.949999809265137,28004200
2024-10-29,7.590797424316406,8.0,8.0,8.0,8.0,0
2024-10-30,7.495912551879883,7.900000095367432,8.050000190734863,7.900000095367432,8.0,42924200
2024-10-31,7.495912551879883,7.900000095367432,7.900000095367432,7.900000095367432,7.900000095367432,0
2024-11-01,7.590797424316406,8.0,8.0,7.800000190734863,7.849999904632568,21529300
2024-11-04,7.495912551879883,7.900000095367432,8.0,7.849999904632568,7.949999809265137,16110800
2024-11-05,7.448470115661621,7.849999904632568,7.949999809265137,7.849999904632568,7.900000095367432,19572200
2024-11-06,7.353585243225098,7.75,7.900000095367432,7.75,7.900000095367432,40871700
2024-11-07,7.306142330169678,7.699999809265137,7.849999904632568,7.699999809265137,7.800000190734863,24570400
2024-11-08,7.306142330169678,7.699999809265137,7.800000190734863,7.699999809265137,7.75,16544600
2024-11-11,7.306142330169678,7.699999809265137,7.75,7.599999904632568,7.75,12039700
2024-11-12,7.353585243225098,7.75,7.800000190734863,7.5,7.650000095367432,57253300
2024-11-13,7.306142330169678,7.699999809265137,7.75,7.650000095367432,7.699999809265137,9138500
2024-11-14,7.258700370788574,7.650000095367432,7.75,7.599999904632568,7.699999809265137,30441200
2024-11-15,7.306142330169678,7.699999809265137,7.699999809265137,7.550000190734863,7.650000095367432,15537900
2024-11-18,7.258700370788574,7.650000095367432,7.699999809265137,7.599999904632568,7.699999809265137,9542800
2024-11-19,7.211257457733154,7.599999904632568,7.75,7.599999904632568,7.650000095367432,30426300
2024-11-20,7.116372585296631,7.5,7.599999904632568,7.5,7.599999904632568,24273600
2024-11-21,7.258700370788574,7.650000095367432,7.650000095367432,7.5,7.550000190734863,25395800
2024-11-22,7.258700370788574,7.650000095367432,7.650000095367432,7.550000190734863,7.650000095367432,23662800
2024-11-25,7.211257457733154,7.599999904632568,7.650000095367432,7.449999809265137,7.650000095367432,95309600
2024-11-26,7.068930149078369,7.449999809265137,7.599999904632568,7.449999809265137,7.550000190734863,27252800
2024-11-27,7.021487712860107,7.400000095367432,7.5,7.349999904632568,7.449999809265137,15730000
2024-11-28,7.021487712860107,7.400000095367432,7.5,7.400000095367432,7.449999809265137,22176500
2024-11-29,6.926602840423584,7.300000190734863,7.400000095367432,7.300000190734863,7.400000095367432,23068600
2024-12-02,7.021487712860107,7.400000095367432,7.449999809265137,7.400000095367432,7.400000095367432,17850100
2024-12-03,7.021487712860107,7.400000095367432,7.5,7.349999904632568,7.449999809265137,55175300
2024-12-04,7.068930149078369,7.449999809265137,7.449999809265137,7.400000095367432,7.400000095367432,16923900
2024-12-06,7.068930149078369,7.449999809265137,7.5,7.349999904632568,7.449999809265137,20353800
2024-12-09,6.974045276641846,7.349999904632568,7.449999809265137,7.349999904632568,7.449999809265137,21275900
2024-12-11,7.021487712860107,7.400000095367432,7.449999809265137,7.300000190734863,7.400000095367432,21110100
2024-12-12,6.974045276641846,7.349999904632568,7.449999809265137,7.300000190734863,7.400000095367432,35808400
2024-12-13,7.211257457733154,7.599999904632568,7.800000190734863,7.199999809265137,7.300000190734863,169861600
2024-12-16,7.211257457733154,7.599999904632568,7.599999904632568,7.5,7.599999904632568,26545100
2024-12-17,7.021487712860107,7.400000095367432,7.599999904632568,7.349999904632568,7.550000190734863,29338200
2024-12-18,6.974045276641846,7.349999904632568,7.449999809265137,7.300000190734863,7.349999904632568,22565800
2024-12-19,6.736832618713379,7.099999904632568,7.300000190734863,7.050000190734863,7.300000190734863,37443600
2024-12-20,6.49962043762207,6.849999904632568,7.099999904632568,6.849999904632568,7.099999904632568,134410900
2024-12-23,6.594505310058594,6.949999809265137,6.949999809265137,6.699999809265137,6.900000095367432,64116200
2024-12-24,6.736832618713379,7.099999904632568,7.150000095367432,7.0,7.0,35874300
2024-12-25,6.736832618713379,7.099999904632568,7.199999809265137,7.050000190734863,7.099999904632568,17347900
2024-12-26,6.736832618713379,7.099999904632568,7.150000095367432,7.050000190734863,7.099999904632568,15186200
2024-12-27,6.736832618713379,7.099999904632568,7.199999809265137,7.050000190734863,7.099999904632568,22193800
2024-12-30,6.736832618713379,7.099999904632568,7.199999809265137,7.099999904632568,7.099999904632568,21835200
2025-01-02,6.736832618713379,7.099999904632568,7.150000095367432,7.050000190734863,7.050000190734863,13535400
2025-01-03,6.736832618713379,7.099999904632568,7.150000095367432,7.050000190734863,7.099999904632568,12533100
2025-01-06,6.689390659332275,7.050000190734863,7.150000095367432,7.0,7.099999904632568,21436700
2025-01-07,6.736832618713379,7.099999904632568,7.150000095367432,7.0,7.050000190734863,13664900
2025-01-08,6.6419477462768555,7.0,7.099999904632568,6.949999809265137,7.099999904632568,20405400
2025-01-09,6.6419477462768555,7.0,7.0,6.900000095367432,6.949999809265137,27377900
2025-01-10,6.6419477462768555,7.0,7.0,6.75,6.949999809265137,45151000
2025-01-13,6.49962043762207,6.849999904632568,6.949999809265137,6.800000190734863,6.949999809265137,30195000
2025-01-14,6.452178478240967,6.800000190734863,6.949999809265137,6.800000190734863,6.900000095367432,12460400
2025-01-15,6.547062873840332,6.900000095367432,6.900000095367432,6.699999809265137,6.800000190734863,16514200
2025-01-16,6.49962043762207,6.849999904632568,6.900000095367432,6.800000190734863,6.900000095367432,9526800
2025-01-17,6.404735565185547,6.75,6.900000095367432,6.75,6.849999904632568,18267400
2025-01-20,6.309850692749023,6.650000095367432,6.75,6.599999904632568,6.75,27910700
2025-01-21,6.357293128967285,6.699999809265137,6.75,6.650000095367432,6.699999809265137,27224300
2025-01-22,6.404735565185547,6.75,6.800000190734863,6.699999809265137,6.699999809265137,23170200
2025-01-23,6.309850692749023,6.650000095367432,6.75,6.650000095367432,6.75,17482800
2025-01-24,6.309850692749023,6.650000095367432,6.650000095367432,6.550000190734863,6.650000095367432,29445500
2025-01-27,6.452178478240967,6.800000190734863,6.849999904632568,6.550000190734863,6.599999904632568,45029500
2025-01-28,6.49962043762207,6.849999904632568,6.900000095367432,6.800000190734863,6.800000190734863,22083900
2025-01-29,6.689390659332275,7.050000190734863,7.099999904632568,6.75,6.849999904632568,50544100
2025-01-30,6.547062873840332,6.900000095367432,7.099999904632568,6.849999904632568,7.050000190734863,39798900
2025-01-31,6.404735565185547,6.75,6.949999809265137,6.699999809265137,6.949999809265137,41173400
2025-02-03,6.357293128967285,6.699999809265137,6.849999904632568,6.400000095367432,6.599999904632568,70341500
2025-02-04,6.357293128967285,6.699999809265137,6.800000190734863,6.599999904632568,6.699999809265137,21604900
2025-02-05,6.309850692749023,6.650000095367432,6.75,6.599999904632568,6.75,12326500
2025-02-06,6.2149658203125,6.550000190734863,6.650000095367432,6.550000190734863,6.650000095367432,18080400
2025-02-07,6.404735565185547,6.75,6.849999904632568,6.449999809265137,6.550000190734863,80269700
2025-02-10,6.2149658203125,6.550000190734863,6.699999809265137,6.550000190734863,6.699999809265137,24296000
2025-02-11,6.309850692749023,6.650000095367432,6.650000095367432,6.5,6.5,19626700
2025-02-13,6.167523384094238,6.5,6.650000095367432,6.5,6.650000095367432,15693700
2025-02-14,6.120080471038818,6.449999809265137,6.5,6.400000095367432,6.5,14014300
2025-02-17,6.167523384094238,6.5,6.550000190734863,6.449999809265137,6.550000190734863,15770100
2025-02-18,6.167523384094238,6.5,6.550000190734863,6.449999809265137,6.5,19331700
2025-02-19,6.167523384094238,6.5,6.599999904632568,6.449999809265137,6.5,15839300
2025-02-20,6.167523384094238,6.5,6.5,6.449999809265137,6.449999809265137,14021600
2025-02-21,6.167523384094238,6.5,6.5,6.449999809265137,6.449999809265137,11534300
2025-02-24,6.072638511657715,6.400000095367432,6.5,6.349999904632568,6.449999809265137,11782800
2025-02-25,5.835425853729248,6.150000095367432,6.400000095367432,6.150000095367432,6.400000095367432,19686400
2025-02-26,5.787983417510986,6.099999904632568,6.150000095367432,6.0,6.150000095367432,37550400
2025-02-27,6.072638511657715,6.400000095367432,6.5,6.050000190734863,6.099999904632568,95493600
2025-02-28,6.072638511657715,6.400000095367432,6.5,6.150000095367432,6.400000095367432,55637000
2025-03-03,5.88286828994751,6.199999809265137,6.449999809265137,6.199999809265137,6.449999809265137,21012500
2025-03-04,5.835425853729248,6.150000095367432,6.300000190734863,6.099999904632568,6.199999809265137,39750700
2025-03-05,5.9303107261657715,6.25,6.300000190734863,6.099999904632568,6.199999809265137,45038700
2025-03-06,5.835425853729248,6.150000095367432,6.300000190734863,6.099999904632568,6.25,17355300
2025-03-07,5.835425853729248,6.150000095367432,6.199999809265137,6.099999904632568,6.099999904632568,16123100
2025-03-10,5.740540981292725,6.050000190734863,6.199999809265137,6.050000190734863,6.150000095367432,25745500
2025-03-11,5.740540504455566,5.900000095367432,6.050000190734863,5.650000095367432,5.849999904632568,64523400
2025-03-12,5.351351261138916,5.5,5.849999904632568,5.449999809265137,5.849999904632568,86156100
2025-03-13,5.3027024269104,5.449999809265137,5.599999904632568,5.400000095367432,5.599999904632568,50515400
2025-03-14,5.400000095367432,5.550000190734863,5.599999904632568,5.449999809265137,5.5,49324600
2025-03-17,5.400000095367432,5.550000190734863,5.550000190734863,5.400000095367432,5.550000190734863,31060400
2025-03-18,5.254054069519043,5.400000095367432,5.550000190734863,5.25,5.550000190734863,119930800
2025-03-19,5.400000095367432,5.550000190734863,5.650000095367432,5.400000095367432,5.5,60465900
2025-03-20,5.351351261138916,5.5,5.650000095367432,5.5,5.550000190734863,45879000
2025-03-21,5.400000095367432,5.550000190734863,5.599999904632568,5.449999809265137,5.5,50982700
2025-03-24,5.400000095367432,5.550000190734863,5.550000190734863,5.349999904632568,5.550000190734863,78929100
2025-03-25,5.254054069519043,5.400000095367432,5.550000190734863,5.400000095367432,5.5,22882700
2025-03-26,5.351351261138916,5.5,5.550000190734863,5.400000095367432,5.400000095367432,34195900
2025-03-27,5.351351261138916,5.5,5.599999904632568,5.449999809265137,5.5,15257900
2025-03-28,5.3027024269104,5.449999809265137,5.5,5.400000095367432,5.5,12022800
2025-03-31,5.254054069519043,5.400000095367432,5.449999809265137,5.150000095367432,5.199999809265137,64587600
2025-04-01,5.254054069519043,5.400000095367432,5.449999809265137,5.25,5.400000095367432,29590500
2025-04-02,5.3027024269104,5.449999809265137,5.5,5.349999904632568,5.349999904632568,30734600
2025-04-03,5.205405235290527,5.349999904632568,5.400000095367432,5.300000190734863,5.400000095367432,12895100
2025-04-04,5.108108043670654,5.25,5.349999904632568,5.150000095367432,5.349999904632568,43231600
2025-04-08,5.059459209442139,5.199999809265137,5.199999809265137,5.0,5.099999904632568,55050900
2025-04-09,5.205405235290527,5.349999904632568,5.349999904632568,5.099999904632568,5.150000095367432,26925400
2025-04-10,5.351351261138916,5.5,5.599999904632568,5.400000095367432,5.449999809265137,27705400
2025-04-11,5.400000095367432,5.550000190734863,5.550000190734863,5.449999809265137,5.550000190734863,20796900
2025-04-16,5.594594478607178,5.75,5.800000190734863,5.449999809265137,5.5,29385400
2025-04-17,5.691891670227051,5.849999904632568,5.900000095367432,5.650000095367432,5.650000095367432,29726900
2025-04-18,5.837838172912598,6.0,6.050000190734863,5.800000190734863,5.849999904632568,37061600
2025-04-21,5.691891670227051,5.849999904632568,6.050000190734863,5.849999904632568,6.050000190734863,36438700
2025-04-22,5.789188861846924,5.949999809265137,6.0,5.800000190734863,5.849999904632568,44865800
2025-04-23,5.691891670227051,5.849999904632568,6.0,5.849999904632568,5.949999809265137,48209900
2025-04-24,5.691891670227051,5.849999904632568,5.849999904632568,5.650000095367432,5.800000190734863,49278300
2025-04-25,5.789188861846924,5.949999809265137,6.050000190734863,5.849999904632568,5.900000095367432,21871700
2025-04-28,5.837838172912598,6.0,6.050000190734863,5.900000095367432,5.949999809265137,15281800
2025-04-29,5.740540504455566,5.900000095367432,6.0,5.900000095367432,6.0,12068800
2025-04-30,5.740540504455566,5.900000095367432,5.949999809265137,5.849999904632568,5.900000095367432,13762000
2025-05-02,5.789188861846924,5.949999809265137,6.0,5.900000095367432,5.900000095367432,18027800
2025-05-06,5.789188861846924,5.949999809265137,6.050000190734863,5.900000095367432,5.949999809265137,25250300
2025-05-07,5.886487007141113,6.050000190734863,6.050000190734863,6.0,6.0,20531800
2025-05-08,5.837838172912598,6.0,6.099999904632568,5.849999904632568,6.050000190734863,42762400
2025-05-09,5.837838172912598,6.0,6.050000190734863,5.849999904632568,6.0,35301600
2025-05-13,5.983784198760986,6.150000095367432,6.150000095367432,6.0,6.050000190734863,17946500
2025-05-14,5.789188861846924,5.949999809265137,6.25,5.699999809265137,5.949999809265137,135642200
2025-05-15,5.789188861846924,5.949999809265137,6.050000190734863,5.800000190734863,6.0,63241200
2025-05-16,5.740540504455566,5.900000095367432,6.0,5.849999904632568,5.900000095367432,21379400
2025-05-19,5.594594478607178,5.75,5.849999904632568,5.699999809265137,5.800000190734863,30175100
2025-05-20,5.740540504455566,5.900000095367432,5.900000095367432,5.75,5.75,20387300
2025-05-21,5.691891670227051,5.849999904632568,5.949999809265137,5.699999809265137,5.900000095367432,32540600
2025-05-22,5.594594478607178,5.75,5.849999904632568,5.699999809265137,5.75,33919600
2025-05-23,5.643243312835693,5.800000190734863,5.900000095367432,5.75,5.849999904632568,13989500
2025-05-26,5.3027024269104,5.449999809265137,5.800000190734863,5.449999809265137,5.800000190734863,43225400
2025-05-27,5.205405235290527,5.349999904632568,5.449999809265137,5.300000190734863,5.400000095367432,30149400
2025-05-28,5.254054069519043,5.400000095367432,5.650000095367432,5.400000095367432,5.5,57785800
2025-05-29,5.15675687789917,5.300000190734863,5.550000190734863,5.25,5.449999809265137,62635800
2025-05-30,5.205405235290527,5.349999904632568,5.5,5.25,5.25,670459600
2025-06-04,5.205405235290527,5.349999904632568,5.400000095367432,5.099999904632568,5.25,92627000
2025-06-05,5.205405235290527,5.349999904632568,5.400000095367432,5.199999809265137,5.400000095367432,50978900
2025-06-06,5.254054069519043,5.400000095367432,5.449999809265137,5.25,5.300000190734863,40914700
2025-06-09,5.010810852050781,5.150000095367432,5.449999809265137,5.150000095367432,5.449999809265137,62064700
2025-06-10,5.010810852050781,5.150000095367432,5.300000190734863,5.0,5.150000095367432,65762100
2025-06-11,5.010810852050781,5.150000095367432,5.199999809265137,5.099999904632568,5.199999809265137,22044500
2025-06-12,5.108108043670654,5.25,5.25,4.980000019073486,5.150000095367432,79245000
2025-06-13,5.010810852050781,5.150000095367432,5.25,5.0,5.199999809265137,50261500
2025-06-16,4.913513660430908,5.050000190734863,5.25,5.050000190734863,5.099999904632568,53195500
2025-06-17,4.913513660430908,5.050000190734863,5.150000095367432,5.050000190734863,5.099999904632568,25274100
2025-06-18,4.845405578613281,4.980000019073486,5.099999904632568,4.900000095367432,5.050000190734863,75941700
2025-06-19,4.6702704429626465,4.800000190734863,4.920000076293945,4.739999771118164,4.920000076293945,63106400
2025-06-20,4.553513526916504,4.679999828338623,4.880000114440918,4.679999828338623,4.820000171661377,81046000
2025-06-23,4.572972774505615,4.699999809265137,4.760000228881836,4.559999942779541,4.599999904632568,36507754
2025-06-24,4.631351470947266,4.760000228881836,4.800000190734863,4.71999979019165,4.78000020980835,68833300
2025-06-25,4.825945854187012,4.960000038146973,5.050000190734863,4.760000228881836,4.78000020980835,77600500
2025-06-26,4.913513660430908,5.050000190734863,5.050000190734863,4.960000038146973,4.960000038146973,82017700
2025-06-27,4.592432498931885,4.71999979019165,5.050000190734863,4.71999979019165,5.0,80497800
2025-06-30,4.650811195373535,4.78000020980835,4.78000020980835,4.71999979019165,4.739999771118164,25196200
2025-07-01,4.689730167388916,4.820000171661377,4.840000152587891,4.699999809265137,4.78000020980835,26869900
2025-07-02,4.631351470947266,4.760000228881836,4.800000190734863,4.71999979019165,4.800000190734863,23694900
2025-07-03,4.6702704429626465,4.800000190734863,4.820000171661377,4.71999979019165,4.760000228881836,29110000
2025-07-04,4.611891746520996,4.739999771118164,4.820000171661377,4.739999771118164,4.820000171661377,13539200
2025-07-07,4.534053802490234,4.659999847412109,4.739999771118164,4.599999904632568,4.739999771118164,41622200
2025-07-08,4.709189414978027,4.840000152587891,4.880000114440918,4.579999923706055,4.599999904632568,59398200
2025-07-09,4.962162017822266,5.099999904632568,5.099999904632568,4.760000228881836,4.880000114440918,108061200
2025-07-11,4.962162017822266,5.099999904632568,5.150000095367432,5.0,5.099999904632568,31843800
2025-07-14,5.15675687789917,5.300000190734863,5.349999904632568,5.099999904632568,5.150000095367432,59572700
2025-07-15,5.15675687789917,5.300000190734863,5.349999904632568,5.199999809265137,5.25,30031600
2025-07-16,5.15675687789917,5.300000190734863,5.400000095367432,5.199999809265137,5.349999904632568,26848200
2025-07-17,5.254054069519043,5.400000095367432,5.400000095367432,5.300000190734863,5.300000190734863,33789400
2025-07-18,5.3027024269104,5.449999809265137,5.449999809265137,5.349999904632568,5.400000095367432,31042300
2025-07-21,5.351351261138916,5.5,5.5,5.349999904632568,5.400000095367432,16066100
2025-07-22,5.205405235290527,5.349999904632568,5.5,5.300000190734863,5.5,25731600
2025-07-23,5.351351261138916,5.5,5.599999904632568,5.349999904632568,5.349999904632568,48668300
2025-07-24,5.351351261138916,5.5,5.550000190734863,5.400000095367432,5.449999809265137,29076300
2025-07-25,5.205405235290527,5.349999904632568,5.449999809265137,5.349999904632568,5.449999809265137,20660500
2025-07-29,5.254054069519043,5.400000095367432,5.5,5.300000190734863,5.400000095367432,20791600
2025-07-30,5.448648452758789,5.599999904632568,5.699999809265137,5.400000095367432,5.400000095367432,60722900
2025-07-31,5.400000095367432,5.550000190734863,5.599999904632568,5.449999809265137,5.550000190734863,27331900
2025-08-01,5.254054069519043,5.400000095367432,5.599999904632568,5.349999904632568,5.550000190734863,37442100
2025-08-04,5.254054069519043,5.400000095367432,5.400000095367432,5.25,5.349999904632568,34939700
2025-08-05,5.3027024269104,5.449999809265137,5.550000190734863,5.349999904632568,5.400000095367432,29076700
2025-08-06,5.351351261138916,5.5,5.550000190734863,5.449999809265137,5.5,31335000
2025-08-07,5.400000095367432,5.550000190734863,5.650000095367432,5.449999809265137,5.550000190734863,31991900
2025-08-08,5.351351261138916,5.5,5.550000190734863,5.400000095367432,5.5,37103500
2025-08-13,5.3027024269104,5.449999809265137,5.550000190734863,5.400000095367432,5.5,17515400
2025-08-14,5.351351261138916,5.5,5.5,5.400000095367432,5.449999809265137,14607800
2025-08-15,5.3027024269104,5.449999809265137,5.550000190734863,5.400000095367432,5.5,15984600
2025-08-18,5.254054069519043,5.400000095367432,5.449999809265137,5.300000190734863,5.449999809265137,23226400
2025-08-19,5.205405235290527,5.349999904632568,5.400000095367432,5.349999904632568,5.349999904632568,12221000
2025-08-20,5.205405235290527,5.349999904632568,5.400000095367432,5.300000190734863,5.349999904632568,19409600
2025-08-21,5.254054069519043,5.400000095367432,5.449999809265137,5.300000190734863,5.349999904632568,13029600
2025-08-22,5.254054069519043,5.400000095367432,5.449999809265137,5.349999904632568,5.400000095367432,8459900
2025-08-25,5.254054069519043,5.400000095367432,5.449999809265137,5.349999904632568,5.449999809265137,9704900
2025-08-26,5.108108043670654,5.25,5.400000095367432,5.25,5.349999904632568,32850800
2025-08-27,4.962162017822266,5.099999904632568,5.25,5.099999904632568,5.199999809265137,17552800
2025-08-28,5.205405235290527,5.349999904632568,5.349999904632568,5.050000190734863,5.099999904632568,42959000
2025-08-29,5.15675687789917,5.300000190734863,5.400000095367432,5.199999809265137,5.349999904632568,36429600
2025-09-01,5.108108043670654,5.25,5.25,5.099999904632568,5.25,46470500
2025-09-02,5.059459209442139,5.199999809265137,5.300000190734863,5.150000095367432,5.199999809265137,21319800
2025-09-03,4.962162017822266,5.099999904632568,5.300000190734863,5.099999904632568,5.150000095367432,59133600
2025-09-04,4.962162017822266,5.099999904632568,5.300000190734863,5.099999904632568,5.150000095367432,69225300
2025-09-05,5.108108043670654,5.25,5.400000095367432,5.050000190734863,5.099999904632568,58626100
2025-09-08,5.351351261138916,5.5,5.5,5.25,5.300000190734863,53307700
2025-09-09,5.400000095367432,5.550000190734863,5.75,5.449999809265137,5.5,113968500
2025-09-10,5.254054069519043,5.400000095367432,5.599999904632568,5.400000095367432,5.550000190734863,36637400
2025-09-11,5.254054069519043,5.400000095367432,5.5,5.349999904632568,5.449999809265137,18762200
2025-09-12,5.205405235290527,5.349999904632568,5.5,5.300000190734863,5.400000095367432,37265700
2025-09-15,5.205405235290527,5.349999904632568,5.349999904632568,5.199999809265137,5.300000190734863,21179300
2025-09-16,5.205405235290527,5.349999904632568,5.400000095367432,5.25,5.349999904632568,16504000
2025-09-17,5.15675687789917,5.300000190734863,5.400000095367432,5.300000190734863,5.400000095367432,14390700
2025-09-18,5.108108043670654,5.25,5.349999904632568,5.199999809265137,5.349999904632568,26160800
2025-09-19,5.010810852050781,5.150000095367432,5.300000190734863,5.150000095367432,5.300000190734863,50137000
2025-09-22,4.962162017822266,5.099999904632568,5.199999809265137,5.099999904632568,5.150000095367432,15459300
2025-09-23,4.913513660430908,5.050000190734863,5.150000095367432,5.050000190734863,5.099999904632568,15500900
2025-09-24,4.913513660430908,5.050000190734863,5.099999904632568,5.0,5.050000190734863,10307600
2025-09-25,4.962162017822266,5.099999904632568,5.099999904632568,5.0,5.050000190734863,33866000
2025-09-26,4.962162017822266,5.099999904632568,5.150000095367432,5.050000190734863,5.099999904632568,11684400
2025-09-29,5.059459209442139,5.199999809265137,5.199999809265137,5.099999904632568,5.150000095367432,14220200
2025-09-30,5.010810852050781,5.150000095367432,5.199999809265137,5.050000190734863,5.150000095367432,20253500
2025-10-01,4.913513660430908,5.050000190734863,5.150000095367432,5.050000190734863,5.150000095367432,7768600
2025-10-02,5.108108043670654,5.25,5.300000190734863,5.099999904632568,5.150000095367432,34664900
2025-10-03,5.15675687789917,5.300000190734863,5.300000190734863,5.199999809265137,5.25,15993500
2025-10-06,5.108108043670654,5.25,5.300000190734863,5.199999809265137,5.300000190734863,12533400
2025-10-07,5.108108043670654,5.25,5.25,5.25,5.25,0
2025-10-08,4.962162017822266,5.099999904632568,5.400000095367432,5.050000190734863,5.349999904632568,56380900
2025-10-09,5.108108043670654,5.25,5.25,5.099999904632568,5.150000095367432,26493400
2025-10-10,5.108108043670654,5.25,5.300000190734863,5.199999809265137,5.300000190734863,14186100
2025-10-14,4.913513660430908,5.050000190734863,5.25,5.050000190734863,5.25,19790200
2025-10-15,4.962162017822266,5.099999904632568,5.150000095367432,5.050000190734863,5.050000190734863,13537800
2025-10-16,4.913513660430908,5.050000190734863,5.150000095367432,5.050000190734863,5.099999904632568,16989500
2025-10-17,4.864864826202393,5.0,5.099999904632568,5.0,5.050000190734863,13983400
2025-10-20,4.962162017822266,5.099999904632568,5.099999904632568,5.0,5.099999904632568,8208700
2025-10-21,4.913513660430908,5.050000190734863,5.150000095367432,5.050000190734863,5.099999904632568,9921900
2025-10-22,4.962162017822266,5.099999904632568,5.199999809265137,5.050000190734863,5.099999904632568,27596700
2025-10-24,4.962162017822266,5.099999904632568,5.150000095367432,5.099999904632568,5.099999904632568,10752600
2025-10-27,4.913513660430908,5.050000190734863,5.150000095367432,5.050000190734863,5.099999904632568,9843900
2025-10-28,5.059459209442139,5.199999809265137,5.199999809265137,4.840000152587891,5.099999904632568,142454700
2025-10-29,5.010810852050781,5.150000095367432,5.199999809265137,5.099999904632568,5.199999809265137,19893100
2025-10-30,5.010810852050781,5.150000095367432,5.199999809265137,5.099999904632568,5.099999904632568,9105300
2025-10-31,5.010810852050781,5.150000095367432,5.199999809265137,5.099999904632568,5.099999904632568,14704200
2025-11-03,5.010810852050781,5.150000095367432,5.150000095367432,5.050000190734863,5.099999904632568,8352200
2025-11-04,5.254054069519043,5.400000095367432,5.550000190734863,5.0,5.099999904632568,82569300
2025-11-05,5.254054069519043,5.400000095367432,5.449999809265137,5.300000190734863,5.349999904632568,26347900
2025-11-06,5.400000095367432,5.550000190734863,5.599999904632568,5.300000190734863,5.400000095367432,57290700
2025-11-07,5.448648452758789,5.599999904632568,5.699999809265137,5.5,5.550000190734863,37759300
2025-11-10,5.400000095367432,5.550000190734863,5.599999904632568,5.5,5.550000190734863,12096000
2025-11-11,5.400000095367432,5.550000190734863,5.650000095367432,5.449999809265137,5.599999904632568,17949200
2025-11-12,5.400000095367432,5.550000190734863,5.550000190734863,5.400000095367432,5.5,15052900
2025-11-13,5.545945644378662,5.699999809265137,5.75,5.449999809265137,5.5,69440200
2025-11-14,5.497297286987305,5.650000095367432,5.800000190734863,5.599999904632568,5.599999904632568,46628600
2025-11-17,5.594594478607178,5.75,5.800000190734863,5.599999904632568,5.599999904632568,17383300
2025-11-18,5.594594478607178,5.75,5.75,5.650000095367432,5.699999809265137,16697400
2025-11-19,5.545945644378662,5.699999809265137,5.75,5.5,5.650000095367432,43910100
2025-11-20,5.545945644378662,5.699999809265137,5.800000190734863,5.699999809265137,5.75,19066000
2025-11-21,5.448648452758789,5.599999904632568,5.650000095367432,5.449999809265137,5.650000095367432,29707000
2025-11-24,5.448648452758789,5.599999904632568,5.599999904632568,5.5,5.550000190734863,13596300
2025-11-25,5.448648452758789,5.599999904632568,5.599999904632568,5.5,5.599999904632568,10535700
2025-11-26,5.400000095367432,5.550000190734863,5.599999904632568,5.400000095367432,5.599999904632568,35566500
2025-11-27,5.351351261138916,5.5,5.599999904632568,5.5,5.550000190734863,4664300
2025-11-28,5.400000095367432,5.550000190734863,5.650000095367432,5.5,5.550000190734863,15221300
2025-12-01,5.497297286987305,5.650000095367432,5.699999809265137,5.5,5.550000190734863,21488300
2025-12-02,5.497297286987305,5.650000095367432,5.699999809265137,5.650000095367432,5.650000095367432,3503200
2025-12-03,5.400000095367432,5.550000190734863,5.650000095367432,5.550000190734863,5.599999904632568,9106000
2025-12-04,5.3027024269104,5.449999809265137,5.599999904632568,5.449999809265137,5.5,15336600
2025-12-08,5.3027024269104,5.449999809265137,5.5,5.349999904632568,5.449999809265137,11688100
2025-12-09,5.254054069519043,5.400000095367432,5.5,5.400000095367432,5.449999809265137,7185000
2025-12-11,5.205405235290527,5.349999904632568,5.5,5.349999904632568,5.449999809265137,13843800
2025-12-12,5.15675687789917,5.300000190734863,5.400000095367432,5.300000190734863,5.349999904632568,15469300
2025-12-15,5.205405235290527,5.349999904632568,5.349999904632568,5.25,5.25,9712900
2025-12-16,5.15675687789917,5.300000190734863,5.349999904632568,5.25,5.300000190734863,12319200
2025-12-17,5.254054069519043,5.400000095367432,5.400000095367432,5.150000095367432,5.300000190734863,45045400
2025-12-18,5.108108043670654,5.25,5.400000095367432,5.25,5.349999904632568,20641400
2025-12-19,5.108108043670654,5.25,5.349999904632568,5.25,5.300000190734863,16828600
2025-12-22,5.15675687789917,5.300000190734863,5.349999904632568,5.25,5.25,13859800
2025-12-23,5.15675687789917,5.300000190734863,5.400000095367432,5.25,5.349999904632568,15344900
2025-12-24,5.15675687789917,5.300000190734863,5.300000190734863,5.199999809265137,5.300000190734863,7514500
2025-12-25,5.108108043670654,5.25,5.349999904632568,5.199999809265137,5.349999904632568,10423700
2025-12-26,5.15675687789917,5.300000190734863,5.300000190734863,5.199999809265137,5.25,14045200
2025-12-29,5.108108043670654,5.25,5.349999904632568,5.150000095367432,5.25,27940100
2025-12-30,5.205405235290527,5.349999904632568,5.349999904632568,5.199999809265137,5.25,22375000
2026-01-05,5.15675687789917,5.300000190734863,5.400000095367432,5.25,5.349999904632568,15214900
2026-01-06,5.108108043670654,5.25,5.349999904632568,5.25,5.300000190734863,6020800
2026-01-07,5.108108043670654,5.25,5.300000190734863,5.25,5.300000190734863,4554500
2026-01-08,5.108108043670654,5.25,5.25,5.199999809265137,5.199999809265137,9438800
2026-01-09,5.059459209442139,5.199999809265137,5.25,5.150000095367432,5.25,8367200
2026-01-12,5.010810852050781,5.150000095367432,5.199999809265137,5.150000095367432,5.150000095367432,6841700
2026-01-13,4.962162017822266,5.099999904632568,5.199999809265137,5.099999904632568,5.199999809265137,11206200
2026-01-14,5.108108043670654,5.25,5.300000190734863,5.050000190734863,5.050000190734863,26733900
2026-01-15,5.15675687789917,5.300000190734863,5.300000190734863,5.150000095367432,5.199999809265137,19308400
2026-01-16,5.108108043670654,5.25,5.300000190734863,5.199999809265137,5.25,17318700
2026-01-19,5.059459209442139,5.199999809265137,5.25,5.150000095367432,5.199999809265137,31208800
2026-01-20,5.108108043670654,5.25,5.349999904632568,5.199999809265137,5.199999809265137,90034400
2026-01-21,5.108108043670654,5.25,5.300000190734863,5.199999809265137,5.25,20587900
2026-01-22,5.108108043670654,5.25,5.400000095367432,5.199999809265137,5.25,67468700
2026-01-23,5.059459209442139,5.199999809265137,5.300000190734863,5.199999809265137,5.25,15860100
2026-01-26,5.059459209442139,5.199999809265137,5.25,5.150000095367432,5.199999809265137,15960300
2026-01-27,5.15675687789917,5.300000190734863,5.300000190734863,5.150000095367432,5.199999809265137,20500900
2026-01-28,5.059459209442139,5.199999809265137,5.300000190734863,5.199999809265137,5.25,13206900
2026-01-29,5.059459209442139,5.199999809265137,5.25,5.150000095367432,5.199999809265137,12007500
2026-01-30,5.108108043670654,5.25,5.25,5.099999904632568,5.150000095367432,35281100
2026-02-02,5.010810852050781,5.150000095367432,5.25,5.099999904632568,5.199999809265137,45364300
2026-02-03,5.059459209442139,5.199999809265137,5.25,5.099999904632568,5.099999904632568,30179000
2026-02-04,5.059459209442139,5.199999809265137,5.199999809265137,5.099999904632568,5.199999809265137,16936900
2026-02-05,5.059459209442139,5.199999809265137,5.199999809265137,5.150000095367432,5.150000095367432,6303000
2026-02-06,5.059459209442139,5.199999809265137,5.25,5.150000095367432,5.199999809265137,31625900
2026-02-09,5.254054069519043,5.400000095367432,5.449999809265137,5.300000190734863,5.400000095367432,154686700
2026-02-10,5.351351261138916,5.5,5.550000190734863,5.449999809265137,5.5,58397300
2026-02-11,5.15675687789917,5.300000190734863,5.599999904632568,5.300000190734863,5.5,133465100
2026-02-12,5.3027024269104,5.449999809265137,5.5,5.25,5.300000190734863,63380500
2026-02-13,5.351351261138916,5.5,5.550000190734863,5.400000095367432,5.400000095367432,46961700
2026-02-16,5.448648452758789,5.599999904632568,5.650000095367432,5.449999809265137,5.5,44513300
2026-02-17,5.789188861846924,5.949999809265137,5.949999809265137,5.550000190734863,5.650000095367432,115556500
2026-02-18,5.789188861846924,5.949999809265137,6.0,5.900000095367432,5.949999809265137,50686900
2026-02-19,5.983784198760986,6.150000095367432,6.199999809265137,5.949999809265137,5.949999809265137,151004200
2026-02-20,5.837838172912598,6.0,6.099999904632568,5.900000095367432,6.050000190734863,77038300
2026-02-23,5.643243312835693,5.800000190734863,6.0,5.800000190734863,6.0,58575600
2026-02-24,5.691891670227051,5.849999904632568,5.900000095367432,5.75,5.800000190734863,52386300
2026-02-25,5.789188861846924,5.949999809265137,6.0,5.849999904632568,5.900000095367432,36729800
2026-02-26,6.032432556152344,6.199999809265137,6.25,5.949999809265137,6.050000190734863,83305600
2026-02-27,6.129730224609375,6.300000190734863,6.300000190734863,6.099999904632568,6.300000190734863,56019500
2026-03-02,5.789188861846924,5.949999809265137,6.199999809265137,5.949999809265137,6.0,105879200
2026-03-04,5.400000095367432,5.550000190734863,5.699999809265137,5.349999904632568,5.599999904632568,118994700
2026-03-05,5.545945644378662,5.699999809265137,5.699999809265137,5.449999809265137,5.699999809265137,67947600
2026-03-06,5.497297286987305,5.650000095367432,5.699999809265137,5.5,5.599999904632568,38414400
2026-03-09,5.400000095367432,5.550000190734863,5.599999904632568,5.349999904632568,5.349999904632568,43649200
2026-03-10,5.400000095367432,5.400000095367432,5.550000190734863,5.349999904632568,5.5,49337600
2026-03-11,5.300000190734863,5.300000190734863,5.449999809265137,5.300000190734863,5.400000095367432,31230200
2026-03-12,5.449999809265137,5.449999809265137,5.449999809265137,5.25,5.25,43900100
2026-03-13,5.25,5.25,5.400000095367432,5.25,5.349999904632568,40400400
2026-03-16,5.199999809265137,5.199999809265137,5.300000190734863,5.199999809265137,5.25,19236700
2026-03-17,5.25,5.25,5.349999904632568,5.199999809265137,5.300000190734863,46003400
2026-03-18,5.300000190734863,5.300000190734863,5.300000190734863,5.199999809265137,5.300000190734863,36962800
2026-03-19,5.150000095367432,5.150000095367432,5.25,5.150000095367432,5.25,34619500
2026-03-20,5.25,5.25,5.25,5.099999904632568,5.25,41020300
2026-03-23,5.099999904632568,5.099999904632568,5.150000095367432,5.0,5.150000095367432,36745800
2026-03-24,5.099999904632568,5.099999904632568,5.199999809265137,5.050000190734863,5.099999904632568,16115500
2026-03-25,5.199999809265137,5.199999809265137,5.25,5.150000095367432,5.150000095367432,44396100
2026-03-26,5.099999904632568,5.099999904632568,5.150000095367432,5.050000190734863,5.150000095367432,19377200
2026-03-27,5.099999904632568,5.099999904632568,5.199999809265137,5.099999904632568,5.099999904632568,25015400
2026-03-30,5.150000095367432,5.150000095367432,5.199999809265137,5.099999904632568,5.099999904632568,23813000
2026-03-31,5.25,5.25,5.25,5.150000095367432,5.199999809265137,33671400
2026-04-01,5.300000190734863,5.300000190734863,5.349999904632568,5.25,5.300000190734863,30761600
2026-04-02,5.300000190734863,5.300000190734863,5.300000190734863,5.199999809265137,5.25,17920900
2026-04-03,5.199999809265137,5.199999809265137,5.349999904632568,5.199999809265137,5.300000190734863,14041800
2026-04-07,5.300000190734863,5.300000190734863,5.300000190734863,5.199999809265137,5.25,13985600
2026-04-08,5.400000095367432,5.400000095367432,5.449999809265137,5.349999904632568,5.349999904632568,47153400
2026-04-09,5.25,5.25,5.400000095367432,5.25,5.400000095367432,22358500
2026-04-10,5.300000190734863,5.300000190734863,5.349999904632568,5.199999809265137,5.300000190734863,24656400
2026-04-16,5.25,5.25,5.349999904632568,5.25,5.300000190734863,20552400
2026-04-17,5.400000095367432,5.400000095367432,5.400000095367432,5.199999809265137,5.25,28590600
2026-04-20,5.400000095367432,5.400000095367432,5.400000095367432,5.25,5.349999904632568,14368500
2026-04-21,5.400000095367432,5.400000095367432,5.449999809265137,5.349999904632568,5.400000095367432,18546400
2026-04-22,5.400000095367432,5.400000095367432,5.5,5.400000095367432,5.5,17864500
2026-04-23,5.300000190734863,5.300000190734863,5.449999809265137,5.25,5.400000095367432,48448000
2026-04-24,5.300000190734863,5.300000190734863,5.300000190734863,5.25,5.300000190734863,11445300
2026-04-27,5.300000190734863,5.300000190734863,5.349999904632568,5.300000190734863,5.300000190734863,8555100
2026-04-28,5.300000190734863,5.300000190734863,5.349999904632568,5.25,5.349999904632568,16742200
2026-04-29,5.25,5.25,5.300000190734863,5.25,5.25,4982500
2026-04-30,5.300000190734863,5.300000190734863,5.300000190734863,5.199999809265137,5.25,19662100
2026-05-01,5.300000190734863,5.300000190734863,5.300000190734863,5.300000190734863,5.300000190734863,0
2026-05-04,5.300000190734863,5.300000190734863,5.300000190734863,5.300000190734863,5.300000190734863,0
2026-05-05,5.300000190734863,5.300000190734863,5.300000190734863,5.25,5.25,8910700
2026-05-06,5.400000095367432,5.400000095367432,5.449999809265137,5.300000190734863,5.300000190734863,43234700
2026-05-07,5.449999809265137,5.449999809265137,5.5,5.400000095367432,5.449999809265137,22700600
2026-05-08,5.400000095367432,5.400000095367432,5.449999809265137,5.349999904632568,5.400000095367432,21517200
2026-05-11,5.300000190734863,5.300000190734863,5.449999809265137,5.300000190734863,5.400000095367432,23107300
2026-05-12,5.25,5.25,5.349999904632568,5.25,5.300000190734863,10529400
2026-05-13,5.300000190734863,5.300000190734863,5.349999904632568,5.25,5.300000190734863,14052800
2026-05-14,5.400000095367432,5.400000095367432,5.400000095367432,5.25,5.300000190734863,27680000
2026-05-15,5.25,5.25,5.349999904632568,5.25,5.300000190734863,21301800
2026-05-18,5.199999809265137,5.199999809265137,5.300000190734863,5.150000095367432,5.25,34616900
2026-05-19,5.25,5.25,5.25,5.150000095367432,5.199999809265137,28515700
2026-05-20,5.150000095367432,5.150000095367432,5.25,5.150000095367432,5.199999809265137,21633400
2026-05-21,5.150000095367432,5.150000095367432,5.25,5.150000095367432,5.199999809265137,23434800
2026-05-22,5.150000095367432,5.150000095367432,5.25,5.150000095367432,5.199999809265137,17429300
2026-05-25,5.199999809265137,5.199999809265137,5.25,5.150000095367432,5.199999809265137,46313900
2026-05-26,5.199999809265137,5.199999809265137,5.199999809265137,5.150000095367432,5.199999809265137,12223600
2026-05-27,5.199999809265137,5.199999809265137,5.25,5.150000095367432,5.199999809265137,20174700
2026-05-28,5.150000095367432,5.150000095367432,5.199999809265137,5.150000095367432,5.199999809265137,31332000
2026-05-29,5.199999809265137,5.199999809265137,5.199999809265137,5.150000095367432,5.150000095367432,22136400
2026-06-01,5.199999809265137,5.199999809265137,5.199999809265137,5.199999809265137,5.199999809265137,0
2026-06-02,5.199999809265137,5.199999809265137,5.25,5.150000095367432,5.150000095367432,34698300
2026-06-03,5.199999809265137,5.199999809265137,5.199999809265137,5.199999809265137,5.199999809265137,0
2026-06-04,5.199999809265137,5.199999809265137,5.25,5.150000095367432,5.199999809265137,25180600
2026-06-05,5.199999809265137,5.199999809265137,5.25,5.150000095367432,5.199999809265137,19010500
2026-06-08,5.150000095367432,5.150000095367432,5.199999809265137,5.150000095367432,5.150000095367432,12807200
2026-06-09,5.25,5.25,5.400000095367432,5.199999809265137,5.25,115052400
2026-06-10,5.25,5.25,5.349999904632568,5.199999809265137,5.349999904632568,61410300
2026-06-11,5.199999809265137,5.199999809265137,5.300000190734863,5.199999809265137,5.199999809265137,25245300
2026-06-12,5.449999809265137,5.449999809265137,5.5,5.199999809265137,5.25,83595800
2026-06-15,5.699999809265137,5.699999809265137,5.75,5.599999904632568,5.599999904632568,155652900
2026-06-16,5.800000190734863,5.800000190734863,5.800000190734863,5.650000095367432,5.75,75342900
2026-06-17,5.900000095367432,5.900000095367432,5.900000095367432,5.699999809265137,5.75,75591400
2026-06-18,5.849999904632568,5.849999904632568,5.949999809265137,5.800000190734863,5.849999904632568,39124500
2026-06-19,5.75,5.75,5.849999904632568,5.75,5.800000190734863,51124600
2026-06-22,5.849999904632568,5.849999904632568,5.849999904632568,5.75,5.800000190734863,34245200
2026-06-23,6.0,6.0,6.099999904632568,5.849999904632568,5.900000095367432,109676900
2026-06-24,5.949999809265137,5.949999809265137,6.050000190734863,5.900000095367432,6.0,56433700
2026-06-25,6.099999904632568,6.099999904632568,6.199999809265137,5.949999809265137,6.0,99654700
2026-06-26,6.099999904632568,6.099999904632568,6.150000095367432,6.0,6.150000095367432,34491100
2026-06-29,6.300000190734863,6.300000190734863,6.300000190734863,6.050000190734863,6.099999904632568,77860300
2026-06-30,6.199999809265137,6.199999809265137,6.349999904632568,6.099999904632568,6.199999809265137,88279700
2026-07-01,6.199999809265137,6.199999809265137,6.25,6.099999904632568,6.25,28895200
2026-07-02,6.25,6.25,6.25,6.150000095367432,6.199999809265137,13686300
2026-07-03,6.050000190734863,6.050000190734863,6.25,6.0,6.199999809265137,143928200
2026-07-06,6.099999904632568,6.099999904632568,6.099999904632568,6.0,6.050000190734863,23685400
2026-07-07,6.0,6.0,6.099999904632568,5.949999809265137,6.050000190734863,30825800
2026-07-08,5.900000095367432,5.900000095367432,6.050000190734863,5.900000095367432,6.050000190734863,40875800
2026-07-09,6.0,6.0,6.050000190734863,5.949999809265137,5.949999809265137,39079200
2026-07-10,6.0,6.0,6.0,5.949999809265137,5.949999809265137,29123900
2026-07-13,6.050000190734863,6.050000190734863,6.099999904632568,5.900000095367432,6.0,29279200
2026-07-14,6.050000190734863,6.050000190734863,6.099999904632568,5.949999809265137,6.0,25626500
2026-07-15,6.449999809265137,6.449999809265137,6.5,6.099999904632568,6.150000095367432,115524600
2026-07-16,6.550000190734863,6.550000190734863,6.550000190734863,6.349999904632568,6.5,55354200
2026-07-17,6.650000095367432,6.650000095367432,6.650000095367432,6.449999809265137,6.5,55554900
2026-07-20,6.800000190734863,6.800000190734863,6.949999809265137,6.550000190734863,6.650000095367432,79287400
2026-07-21,6.699999809265137,6.699999809265137,6.900000095367432,6.699999809265137,6.800000190734863,45002700
2026-07-22,6.699999809265137,6.699999809265137,6.75,6.599999904632568,6.699999809265137,40199400
2026-07-23,6.75,6.75,6.75,6.599999904632568,6.699999809265137,41006500
2026-07-24,6.699999809265137,6.699999809265137,6.75,6.599999904632568,6.599999904632568,28076900
2026-07-27,6.699999809265137,6.699999809265137,6.800000190734863,6.650000095367432,6.699999809265137,25401500
2026-07-28,6.699999809265137,6.699999809265137,6.699999809265137,6.699999809265137,6.699999809265137,0
2026-07-29,6.699999809265137,6.699999809265137,6.699999809265137,6.699999809265137,6.699999809265137,0
2026-07-30,6.699999809265137,6.699999809265137,6.699999809265137,6.550000190734863,6.599999904632568,28093800
2026-07-31,6.75,6.75,6.849999904632568,6.699999809265137,6.75,41754600
2026-08-03,6.75,6.75,6.800000190734863,6.699999809265137,6.75,7284200
2026-08-04,6.75,6.75,6.800000190734863,6.650000095367432,6.75,18572700
2026-08-05,6.75,6.75,6.800000190734863,6.650000095367432,6.800000190734863,15958300
2026-08-06,6.949999809265137,6.949999809265137,7.0,6.699999809265137,6.75,43036800
2026-08-07,7.050000190734863,7.050000190734863,7.050000190734863,6.849999904632568,6.949999809265137,35391300
2026-08-10,7.099999904632568,7.099999904632568,7.150000095367432,7.0,7.050000190734863,20603900
2026-08-11,7.0,7.0,7.050000190734863,6.949999809265137,7.050000190734863,20732000
2026-08-12,7.0,7.0,7.0,7.0,7.0,0
2026-08-13,6.949999809265137,6.949999809265137,7.050000190734863,6.900000095367432,7.0,28368500
2026-08-14,7.0,7.0,7.050000190734863,6.800000190734863,6.949999809265137,43017900
2026-08-17,7.25,7.25,7.25,6.949999809265137,7.0,38683100
2026-08-18,7.300000190734863,7.300000190734863,7.349999904632568,7.199999809265137,7.25,36756300
2026-08-19,7.25,7.25,7.349999904632568,7.150000095367432,7.25,43964300
2026-08-20,7.25,7.25,7.349999904632568,7.199999809265137,7.300000190734863,36977400
2026-08-21,7.349999904632568,7.349999904632568,7.349999904632568,7.150000095367432,7.199999809265137,48137400
2026-08-24,7.099999904632568,7.099999904632568,7.300000190734863,7.099999904632568,7.25,41027000
2026-08-25,7.099999904632568,7.099999904632568,7.099999904632568,6.900000095367432,7.050000190734863,57626600
2026-08-26,7.099999904632568,7.099999904632568,7.099999904632568,7.0,7.099999904632568,17111600
2026-08-27,7.050000190734863,7.050000190734863,7.099999904632568,7.0,7.050000190734863,16355000
