Date,Adj Close,Close,High,Low,Open,Volume
2016-08-26,131.7681427001953,169.5,170.0,168.5,168.5,900900
2016-08-29,134.48904418945312,173.0,173.0,169.0,169.5,1699200
2016-08-30,134.48904418945312,173.0,175.0,172.0,173.0,724000
2016-08-31,132.15684509277344,170.0,172.5,170.0,172.5,1193800
2016-09-01,131.7681427001953,169.5,170.0,169.0,170.0,833200
2016-09-02,131.3794403076172,169.0,169.5,168.0,169.0,1197500
2016-09-05,128.26988220214844,165.0,169.0,164.0,168.5,1599600
2016-09-06,127.49248504638672,164.0,166.5,163.0,165.0,2298300
2016-09-07,125.16031646728516,161.0,164.5,161.0,163.0,1788400
2016-09-08,121.2733383178711,156.0,161.0,156.0,160.5,2308100
2016-09-09,118.55244445800781,152.5,157.0,152.0,155.0,1678300
2016-09-12,116.6089859008789,150.0,152.5,150.0,150.0,1517000
2016-09-13,122.82811737060547,158.0,159.0,150.5,151.5,2612800
2016-09-14,130.60206604003906,168.0,170.0,158.0,158.0,3889700
2016-09-15,132.93423461914062,171.0,172.0,168.0,170.0,2515200
2016-09-16,133.32293701171875,171.5,173.5,170.0,173.5,2392200
2016-09-19,132.15684509277344,170.0,171.5,168.0,171.5,1167900
2016-09-20,130.60206604003906,168.0,170.0,167.5,170.0,1284500
2016-09-21,133.7116241455078,172.0,173.0,170.5,170.5,1668600
2016-09-22,136.0437774658203,175.0,175.0,173.5,174.0,1269600
2016-09-23,135.65512084960938,174.5,175.0,172.0,175.0,1266700
2016-09-26,135.65512084960938,174.5,175.0,173.0,173.0,1003900
2016-09-27,137.98727416992188,177.5,179.5,173.0,175.0,2956800
2016-09-28,138.37599182128906,178.0,179.5,176.5,177.5,1930400
2016-09-29,137.2099151611328,176.5,179.5,175.0,179.0,2115800
2016-09-30,135.65512084960938,174.5,177.5,174.5,176.0,976400
2016-10-03,135.65512084960938,174.5,175.5,174.5,175.0,262600
2016-10-04,134.10032653808594,172.5,174.0,171.5,174.0,2154900
2016-10-05,133.7116241455078,172.0,173.0,170.5,172.0,1771800
2016-10-06,132.93423461914062,171.0,172.0,170.0,171.5,2044700
2016-10-07,133.32293701171875,171.5,171.5,169.5,170.0,1202000
2016-10-10,130.60206604003906,168.0,169.5,164.5,165.0,931300
2016-10-11,127.49248504638672,164.0,168.0,162.0,168.0,1634000
2016-10-12,126.71511840820312,163.0,163.5,148.0,163.0,3756600
2016-10-13,124.38290405273438,160.0,164.0,157.0,159.0,5554400
2016-10-14,131.7681427001953,169.5,170.5,165.0,165.0,2827300
2016-10-17,134.877685546875,173.5,174.5,168.0,169.0,1918100
2016-10-18,132.93423461914062,171.0,172.0,169.0,172.0,1633300
2016-10-19,132.15684509277344,170.0,171.0,169.5,171.0,1219800
2016-10-20,135.2664337158203,174.0,175.0,171.0,171.0,1369300
2016-10-21,136.0437774658203,175.0,175.0,172.5,173.5,542600
2016-10-25,137.98727416992188,177.5,179.0,174.5,175.5,2236900
2016-10-26,136.43252563476562,175.5,178.5,175.5,177.5,766300
2016-10-27,137.59860229492188,177.0,177.5,174.0,174.5,1106200
2016-10-28,140.70816040039062,181.0,181.5,177.0,178.0,3304400
2016-10-31,142.26296997070312,183.0,186.0,182.5,183.5,4017900
2016-11-01,140.3194580078125,180.5,184.0,180.0,184.0,1676700
2016-11-02,140.70816040039062,181.0,183.0,180.5,182.0,1418100
2016-11-03,141.87425231933594,182.5,185.0,180.5,181.0,1919700
2016-11-04,141.48558044433594,182.0,185.0,180.5,183.0,1372100
2016-11-07,141.87425231933594,182.5,184.5,182.5,184.5,1910200
2016-11-08,142.65162658691406,183.5,183.5,181.5,181.5,1348500
2016-11-09,145.37254333496094,187.0,187.5,180.5,182.5,2238400
2016-11-10,144.59512329101562,186.0,189.0,185.0,188.5,1157100
2016-11-11,147.70469665527344,190.0,190.0,185.0,186.0,3241600
2016-11-14,143.81773376464844,185.0,188.0,184.5,188.0,940600
2016-11-15,144.20645141601562,185.5,186.0,181.5,184.5,1584400
2016-11-16,143.42906188964844,184.5,188.0,183.5,186.5,1378900
2016-11-17,145.7611846923828,187.5,187.5,182.5,185.0,1053300
2016-11-18,144.98382568359375,186.5,187.5,185.0,187.5,931300
2016-11-21,143.81773376464844,185.0,187.5,185.0,187.5,601900
2016-11-22,146.5386199951172,188.5,189.0,186.0,188.0,1727700
2016-11-23,147.3160400390625,189.5,189.5,188.0,189.0,918000
2016-11-24,146.14990234375,188.0,190.0,187.5,190.0,414200
2016-11-25,147.3160400390625,189.5,189.5,187.5,188.0,553600
2016-11-28,148.48207092285156,191.0,191.0,189.5,190.0,955100
2016-11-29,146.5386199951172,188.5,192.0,187.0,191.5,1155500
2016-11-30,149.25946044921875,192.0,192.0,187.5,188.0,1337900
2016-12-01,151.98036193847656,195.5,197.0,193.5,195.5,1977800
2016-12-02,150.81427001953125,194.0,194.5,190.0,193.5,954200
2016-12-06,150.42556762695312,193.5,194.5,189.5,191.5,1186700
2016-12-07,150.42556762695312,193.5,195.0,192.5,194.0,826500
2016-12-08,148.0933837890625,190.5,193.5,190.5,193.0,1085600
2016-12-09,143.04034423828125,184.0,192.0,183.5,190.0,3009300
2016-12-13,141.87425231933594,182.5,183.5,179.0,182.5,3692200
2016-12-14,139.5420684814453,179.5,183.5,178.5,183.0,2984800
2016-12-15,140.3194580078125,180.5,182.0,178.5,179.5,1621900
2016-12-16,139.5420684814453,179.5,181.0,179.0,180.0,1556500
2016-12-19,139.93077087402344,180.0,180.5,178.5,179.0,1158900
2016-12-20,139.93077087402344,180.0,181.5,179.0,181.0,1721200
2016-12-21,139.93077087402344,180.0,180.0,179.0,179.5,470500
2016-12-22,137.59860229492188,177.0,180.0,176.0,180.0,867100
2016-12-23,135.2664337158203,174.0,177.5,173.5,177.0,1207600
2016-12-26,133.7116241455078,172.0,172.0,171.5,172.0,750900
2016-12-27,136.8211669921875,176.0,176.0,172.5,172.5,836600
2016-12-28,138.37599182128906,178.0,179.0,175.5,177.0,832200
2016-12-29,140.70816040039062,181.0,183.0,176.5,178.0,1251100
2016-12-30,140.70816040039062,181.0,182.0,179.5,181.0,593000
2017-01-04,143.81773376464844,185.0,185.0,179.5,180.5,1401100
2017-01-05,143.81773376464844,185.0,185.0,182.0,185.0,1149900
2017-01-06,143.81773376464844,185.0,186.0,182.5,185.0,1269900
2017-01-09,142.26296997070312,183.0,185.0,183.0,185.0,530500
2017-01-10,143.42906188964844,184.5,185.0,181.5,183.0,823200
2017-01-11,143.42906188964844,184.5,185.0,183.0,183.0,865500
2017-01-12,142.65162658691406,183.5,185.5,183.5,184.5,338800
2017-01-16,143.04034423828125,184.0,184.5,182.5,184.5,495300
2017-01-17,142.26296997070312,183.0,184.5,182.0,184.0,577000
2017-01-18,140.70816040039062,181.0,183.0,181.0,182.5,753100
2017-01-19,139.93077087402344,180.0,181.0,179.5,181.0,1049100
2017-01-20,139.5420684814453,179.5,180.5,178.5,179.5,1275700
2017-01-23,140.3194580078125,180.5,181.0,178.0,180.5,1172100
2017-01-24,141.0968475341797,181.5,182.0,178.5,180.5,632700
2017-01-25,141.48558044433594,182.0,182.5,181.0,182.0,315300
2017-01-26,142.26296997070312,183.0,184.0,181.0,181.5,939500
2017-01-27,140.70816040039062,181.0,183.5,181.0,182.0,477900
2017-01-30,140.3194580078125,180.5,183.0,180.0,180.5,567600
2017-01-31,139.1533660888672,179.0,181.5,179.0,179.5,1146500
2017-02-01,139.1533660888672,179.0,181.5,178.5,178.5,773600
2017-02-02,140.70816040039062,181.0,182.5,180.0,181.0,879900
2017-02-03,139.93077087402344,180.0,181.5,178.5,181.0,798200
2017-02-06,140.3194580078125,180.5,181.0,179.0,181.0,555400
2017-02-07,139.1533660888672,179.0,180.0,178.5,179.0,730100
2017-02-08,142.26296997070312,183.0,183.5,178.5,178.5,1436800
2017-02-09,142.65162658691406,183.5,184.5,181.5,183.0,826600
2017-02-10,144.59512329101562,186.0,187.0,183.5,183.5,1909600
2017-02-14,143.04034423828125,184.0,188.0,183.5,187.0,838000
2017-02-15,143.42906188964844,184.5,186.0,182.5,186.0,679500
2017-02-16,143.42906188964844,184.5,185.0,183.0,183.0,685700
2017-02-17,142.65162658691406,183.5,185.0,183.0,185.0,294000
2017-02-20,141.0968475341797,181.5,184.0,181.5,183.5,227700
2017-02-21,140.70816040039062,181.0,183.5,181.0,181.5,412300
2017-02-22,142.26296997070312,183.0,183.5,181.0,182.5,840900
2017-02-23,141.0968475341797,181.5,183.0,180.5,183.0,685000
2017-02-24,140.70816040039062,181.0,182.5,180.5,181.5,457700
2017-02-27,137.59860229492188,177.0,180.5,176.5,179.5,764600
2017-02-28,136.8211669921875,176.0,178.0,176.0,177.0,865600
2017-03-01,137.98727416992188,177.5,179.0,176.5,178.0,575800
2017-03-02,136.43252563476562,175.5,178.5,175.5,178.5,1084900
2017-03-03,135.65512084960938,174.5,178.0,174.5,176.0,863300
2017-03-06,137.59860229492188,177.0,177.0,174.5,175.0,856300
2017-03-07,137.2099151611328,176.5,178.5,175.5,176.5,576600
2017-03-08,138.37599182128906,178.0,178.5,175.5,176.0,1152900
2017-03-09,138.37599182128906,178.0,179.0,177.0,177.0,487000
2017-03-10,138.37599182128906,178.0,179.0,176.5,176.5,546200
2017-03-13,141.1599884033203,180.0,180.0,176.0,176.0,1030400
2017-03-14,138.8072967529297,177.0,181.5,177.0,180.0,1177000
2017-03-15,141.1599884033203,180.0,181.5,177.5,177.5,912100
2017-03-16,141.1599884033203,180.0,183.0,178.5,179.5,1142800
2017-03-17,141.55210876464844,180.5,181.0,178.0,180.0,731300
2017-03-20,141.1599884033203,180.0,182.0,180.0,182.0,359200
2017-03-21,142.7284393310547,182.0,182.0,180.0,180.0,439300
2017-03-22,139.59153747558594,178.0,180.5,178.0,180.0,1449000
2017-03-23,139.1994171142578,177.5,179.0,176.0,178.0,1014800
2017-03-24,139.1994171142578,177.5,178.5,176.5,176.5,548200
2017-03-27,138.8072967529297,177.0,178.0,176.0,177.0,674900
2017-03-28,140.37576293945312,179.0,179.0,176.5,176.5,668000
2017-03-29,141.55210876464844,180.5,180.5,178.5,179.5,617300
2017-03-30,142.33627319335938,181.5,182.0,179.0,179.0,981800
2017-03-31,143.51266479492188,183.0,183.0,180.0,181.0,607500
2017-04-03,141.1599884033203,180.0,183.0,180.0,183.0,498200
2017-04-04,143.51266479492188,183.0,183.0,179.5,180.5,511800
2017-04-05,141.55210876464844,180.5,183.0,180.0,183.0,587300
2017-04-07,140.76788330078125,179.5,180.5,178.5,180.5,1124600
2017-04-10,141.94418334960938,181.0,181.5,179.5,179.5,593800
2017-04-11,141.1599884033203,180.0,181.5,179.5,181.5,308000
2017-04-12,141.94418334960938,181.0,181.5,179.5,180.0,288400
2017-04-17,139.59153747558594,178.0,181.5,177.5,181.0,1198300
2017-04-18,137.6309814453125,175.5,178.0,175.0,177.5,1423800
2017-04-19,138.02308654785156,176.0,177.0,174.0,175.0,1198100
2017-04-20,138.02308654785156,176.0,177.5,175.5,177.0,860300
2017-04-21,136.06251525878906,173.5,176.0,173.5,176.0,989600
2017-04-24,138.41519165039062,176.5,177.0,173.5,173.5,469800
2017-04-25,138.02308654785156,176.0,178.0,174.5,178.0,874100
2017-04-26,138.8072967529297,177.0,177.0,175.0,175.0,788100
2017-04-27,139.1994171142578,177.5,178.0,176.5,177.0,684400
2017-04-28,137.6309814453125,175.5,178.5,175.5,178.5,728700
2017-05-02,137.2388458251953,175.0,176.5,174.0,175.5,1012100
2017-05-03,138.41519165039062,176.5,177.0,174.5,175.0,297800
2017-05-04,139.59153747558594,178.0,179.0,175.5,176.5,746000
2017-05-08,142.33627319335938,181.5,182.5,180.5,181.0,711900
2017-05-09,143.51266479492188,183.0,184.5,181.0,182.0,1140900
2017-05-11,143.51266479492188,183.0,184.0,182.0,183.0,1211400
2017-05-12,144.29685974121094,184.0,184.5,182.5,183.0,710000
2017-05-15,145.0811004638672,185.0,185.0,185.0,185.0,111500
2017-05-16,143.51266479492188,183.0,185.5,181.0,185.0,762400
2017-05-17,141.1599884033203,180.0,183.0,178.0,183.0,1033500
2017-05-18,140.37576293945312,179.0,180.5,178.5,179.0,386400
2017-05-19,140.37576293945312,179.0,179.5,178.0,179.0,433700
2017-05-22,141.55210876464844,180.5,181.0,178.5,180.0,309100
2017-05-23,140.76788330078125,179.5,180.0,178.0,179.5,540500
2017-05-24,139.1994171142578,177.5,179.5,177.5,179.0,529400
2017-05-25,139.59153747558594,178.0,179.0,177.0,177.0,343200
2017-05-26,138.8072967529297,177.0,179.0,176.0,179.0,545600
2017-05-29,138.02308654785156,176.0,176.5,175.5,176.5,395700
2017-05-30,138.41519165039062,176.5,177.0,175.5,176.0,335900
2017-05-31,136.06251525878906,173.5,177.5,173.5,176.5,1972800
2017-06-01,136.45468139648438,174.0,176.0,173.5,174.0,386100
2017-06-02,136.45468139648438,174.0,176.0,174.0,174.5,627400
2017-06-05,136.06251525878906,173.5,176.5,172.0,175.0,1308100
2017-06-06,136.8467559814453,174.5,175.5,173.0,173.0,504500
2017-06-07,138.02308654785156,176.0,176.0,174.0,174.5,420100
2017-06-08,138.02308654785156,176.0,176.5,174.0,176.0,774100
2017-06-09,138.02308654785156,176.0,176.5,175.0,175.5,806500
2017-06-12,137.2388458251953,175.0,176.0,174.5,176.0,150300
2017-06-13,136.8467559814453,174.5,175.5,173.5,175.5,521600
2017-06-14,135.67044067382812,173.0,174.5,172.5,174.0,1197700
2017-06-15,134.49407958984375,171.5,173.0,170.5,173.0,1224000
2017-06-16,133.70986938476562,170.5,171.5,169.0,171.0,894500
2017-06-19,134.49407958984375,171.5,172.5,171.0,171.5,393200
2017-06-20,133.3177490234375,170.0,172.5,169.5,172.0,512700
2017-06-21,134.1019744873047,171.0,171.0,169.0,170.0,775100
2017-06-22,134.49407958984375,171.5,172.0,170.5,172.0,464000
2017-06-23,134.88619995117188,172.0,172.5,171.0,171.0,380100
2017-06-26,136.45468139648438,174.0,174.5,172.0,172.0,913600
2017-06-27,136.45468139648438,174.0,174.5,173.0,174.5,285300
2017-06-28,136.06251525878906,173.5,174.0,172.0,173.0,412000
2017-06-29,134.88619995117188,172.0,175.0,171.0,173.0,813900
2017-06-30,134.49407958984375,171.5,172.5,171.0,172.0,90700
2017-07-03,135.67044067382812,173.0,174.0,171.5,172.0,423400
2017-07-04,135.67044067382812,173.0,173.5,171.5,172.0,245600
2017-07-05,136.45468139648438,174.0,174.0,172.5,173.0,537900
2017-07-06,136.45468139648438,174.0,174.5,172.5,174.5,408200
2017-07-07,134.1019744873047,171.0,173.5,171.0,173.5,483400
2017-07-11,134.1019744873047,171.0,171.5,170.0,171.0,543700
2017-07-12,134.88619995117188,172.0,172.5,171.0,172.0,393000
2017-07-13,134.1019744873047,171.0,172.5,170.5,171.0,571200
2017-07-14,133.3177490234375,170.0,170.5,169.0,170.0,814200
2017-07-17,133.3177490234375,170.0,170.5,169.0,170.0,708700
2017-07-18,134.1019744873047,171.0,173.0,169.0,169.5,664900
2017-07-19,136.45468139648438,174.0,174.5,172.0,172.5,2555600
2017-07-20,136.06251525878906,173.5,175.5,173.5,175.0,430000
2017-07-21,135.27830505371094,172.5,174.5,172.0,173.5,590700
2017-07-24,135.27830505371094,172.5,174.5,172.5,173.0,542100
2017-07-25,135.67044067382812,173.0,173.5,172.5,173.0,348200
2017-07-26,136.8467559814453,174.5,174.5,172.5,173.0,705200
2017-07-27,137.2388458251953,175.0,175.0,174.0,174.5,427400
2017-07-31,137.2388458251953,175.0,175.0,173.5,174.5,1200000
2017-08-01,138.8072967529297,177.0,177.5,174.5,174.5,1159200
2017-08-02,141.94418334960938,181.0,181.5,178.0,178.5,2523300
2017-08-03,147.8258514404297,188.5,189.0,181.5,181.5,5327200
2017-08-04,145.86529541015625,186.0,188.0,185.5,188.0,2399200
2017-08-07,146.2574462890625,186.5,187.5,185.5,186.5,1682800
2017-08-08,150.96275329589844,192.5,194.0,186.5,186.5,4164300
2017-08-09,147.0416259765625,187.5,192.0,187.5,192.0,1720700
2017-08-10,153.31541442871094,195.5,195.5,188.0,188.5,4969200
2017-08-11,154.49172973632812,197.0,197.0,192.5,193.5,3396700
2017-08-15,152.92330932617188,195.0,201.0,195.0,197.5,3332500
2017-08-16,154.09962463378906,196.5,197.5,193.5,196.0,2006800
2017-08-17,163.1182098388672,208.0,209.0,199.0,199.5,7824100
2017-08-18,158.41287231445312,202.0,206.0,202.0,206.0,1991000
2017-08-21,159.19708251953125,203.0,205.0,202.0,204.0,952400
2017-08-22,159.1970672607422,202.0,203.0,201.0,201.0,797100
2017-08-23,159.98519897460938,203.0,204.0,199.0,201.0,2371600
2017-08-24,167.86622619628906,213.0,213.0,202.0,202.0,7525500
2017-08-25,166.29000854492188,211.0,213.0,209.0,213.0,1809200
2017-08-28,166.29000854492188,211.0,211.0,211.0,211.0,184600
2017-08-29,170.23056030273438,216.0,220.0,213.0,214.0,5661500
2017-08-30,171.0186309814453,217.0,219.0,215.0,215.0,1924300
2017-08-31,171.8067626953125,218.0,220.0,216.0,218.0,2403600
2017-09-01,169.44244384765625,215.0,219.0,213.0,219.0,1092800
2017-09-04,169.44244384765625,215.0,215.0,213.0,214.0,636700
2017-09-05,168.65431213378906,214.0,215.0,213.0,215.0,339100
2017-09-06,168.65431213378906,214.0,214.0,211.0,212.0,1064500
2017-09-07,167.86622619628906,213.0,214.0,212.0,213.0,1018700
2017-09-08,169.44244384765625,215.0,218.0,214.0,214.0,2341800
2017-09-11,169.44244384765625,215.0,217.0,213.0,213.0,615200
2017-09-12,170.23056030273438,216.0,216.0,213.0,215.0,564000
2017-09-13,166.29000854492188,211.0,215.0,206.0,215.0,1521000
2017-09-14,168.65431213378906,214.0,214.0,211.0,213.0,1180000
2017-09-15,169.44244384765625,215.0,218.0,214.0,214.0,1949400
2017-09-18,166.29000854492188,211.0,215.0,210.0,214.0,1912400
2017-09-19,165.50192260742188,210.0,212.0,208.0,212.0,771800
2017-09-20,165.50192260742188,210.0,210.0,207.0,209.0,669400
2017-09-21,169.44244384765625,215.0,217.0,208.0,209.0,2116000
2017-09-22,167.86622619628906,213.0,215.0,212.0,215.0,578400
2017-09-25,166.29000854492188,211.0,213.0,209.0,213.0,608500
2017-09-26,167.86622619628906,213.0,213.0,211.0,211.0,540900
2017-09-27,168.65431213378906,214.0,215.0,209.0,214.0,1249600
2017-09-28,169.44244384765625,215.0,215.0,212.0,215.0,1209700
2017-09-29,169.44244384765625,215.0,215.0,213.0,214.0,658000
2017-10-02,171.0186309814453,217.0,217.0,215.0,215.0,846500
2017-10-03,169.44244384765625,215.0,219.0,213.0,217.0,1337100
2017-10-04,165.50192260742188,210.0,216.0,209.0,215.0,1688800
2017-10-05,165.50192260742188,210.0,212.0,210.0,210.0,517600
2017-10-06,164.7137908935547,209.0,214.0,209.0,212.0,1899600
2017-10-09,166.29000854492188,211.0,212.0,209.0,210.0,714900
2017-10-10,167.07809448242188,212.0,215.0,211.0,211.0,2047300
2017-10-11,167.86622619628906,213.0,214.0,211.0,212.0,835300
2017-10-12,171.8067626953125,218.0,219.0,213.0,214.0,1668200
2017-10-16,177.32345581054688,225.0,225.0,225.0,225.0,354300
2017-10-17,175.7472686767578,223.0,228.0,221.0,225.0,1732100
2017-10-18,174.1710662841797,221.0,225.0,220.0,224.0,1284000
2017-10-19,171.8067626953125,218.0,222.0,217.0,221.0,1148800
2017-10-20,171.0186309814453,217.0,220.0,217.0,218.0,896300
2017-10-24,174.1710662841797,221.0,223.0,219.0,220.0,1248300
2017-10-25,174.95912170410156,222.0,223.0,220.0,223.0,2400300
2017-10-27,178.11158752441406,226.0,230.0,222.0,223.0,2654900
2017-10-30,174.95912170410156,222.0,227.0,221.0,227.0,1158500
2017-10-31,173.3829803466797,220.0,224.0,218.0,222.0,1522100
2017-11-01,171.8067626953125,218.0,223.0,217.0,220.0,985400
2017-11-02,167.86622619628906,213.0,220.0,211.0,218.0,1718300
2017-11-03,167.86622619628906,213.0,216.0,212.0,215.0,1663900
2017-11-06,170.23056030273438,216.0,217.0,209.0,213.0,1275100
2017-11-07,169.44244384765625,215.0,217.0,214.0,216.0,1063500
2017-11-08,168.65431213378906,214.0,215.0,211.0,213.0,1036200
2017-11-09,168.65431213378906,214.0,215.0,213.0,215.0,969800
2017-11-10,166.29000854492188,211.0,214.0,210.0,213.0,489600
2017-11-13,157.226806640625,199.5,208.0,199.0,208.0,3018900
2017-11-14,159.98519897460938,203.0,204.0,197.5,200.0,2193300
2017-11-15,159.1970672607422,202.0,204.0,200.0,203.0,960600
2017-11-16,159.1970672607422,202.0,206.0,202.0,205.0,1342200
2017-11-17,159.98519897460938,203.0,205.0,201.0,203.0,1078900
2017-11-20,164.7137908935547,209.0,210.0,203.0,203.0,1718700
2017-11-21,163.13760375976562,207.0,210.0,205.0,209.0,765200
2017-11-22,163.92572021484375,208.0,211.0,207.0,209.0,534600
2017-11-23,163.13760375976562,207.0,209.0,206.0,208.0,339900
2017-11-24,161.5614013671875,205.0,207.0,204.0,207.0,628600
2017-11-27,159.98519897460938,203.0,205.0,202.0,203.0,394500
2017-11-28,163.92572021484375,208.0,208.0,204.0,206.0,862200
2017-11-29,162.34950256347656,206.0,210.0,206.0,208.0,1042100
2017-11-30,157.226806640625,199.5,207.0,199.5,205.0,2543500
2017-12-01,157.226806640625,199.5,201.0,199.0,200.0,1048200
2017-12-04,157.62088012695312,200.0,201.0,198.5,199.5,584500
2017-12-06,157.62088012695312,200.0,201.0,198.0,200.0,691400
2017-12-07,156.832763671875,199.0,202.0,199.0,199.0,1278500
2017-12-08,159.1970672607422,202.0,202.0,199.0,200.0,1218200
2017-12-12,157.62088012695312,200.0,204.0,199.5,204.0,653800
2017-12-13,153.6803436279297,195.0,200.0,194.0,199.5,1929500
2017-12-14,157.62088012695312,200.0,201.0,195.0,195.0,942400
2017-12-15,155.2565460205078,197.0,202.0,197.0,201.0,1410900
2017-12-18,154.0744171142578,195.5,198.0,194.5,197.0,1394200
2017-12-19,149.73980712890625,190.0,195.0,190.0,194.5,5048200
2017-12-20,150.13388061523438,190.5,192.0,188.5,190.5,1639600
2017-12-21,150.9219970703125,191.5,191.5,189.5,190.5,596600
2017-12-22,153.2863006591797,194.5,194.5,191.0,191.5,1347300
2017-12-25,152.49819946289062,193.5,194.0,192.0,193.5,633600
2017-12-26,151.7100830078125,192.5,194.5,192.5,193.0,429800
2017-12-27,152.49819946289062,193.5,194.0,192.0,192.5,570800
2017-12-28,149.73980712890625,190.0,193.0,188.5,193.0,1394800
2017-12-29,148.95172119140625,189.0,191.5,189.0,190.0,1617900
2018-01-03,151.3160400390625,192.0,192.0,189.0,189.5,1271100
2018-01-04,152.8922576904297,194.0,194.0,191.0,191.0,1417800
2018-01-05,151.7100830078125,192.5,195.0,191.0,195.0,944500
2018-01-08,149.73980712890625,190.0,193.5,190.0,191.0,1051100
2018-01-09,151.3160400390625,192.0,192.0,192.0,192.0,121800
2018-01-10,157.62088012695312,200.0,204.0,193.5,194.0,5534400
2018-01-11,154.46844482421875,196.0,202.0,195.5,199.5,4278100
2018-01-12,154.46844482421875,196.0,202.0,195.0,195.0,3030200
2018-01-15,153.6803436279297,195.0,201.0,194.5,196.5,3359100
2018-01-16,155.2565460205078,197.0,198.0,195.0,197.0,1246800
2018-01-17,153.6803436279297,195.0,199.0,194.5,196.5,2097100
2018-01-18,154.8625030517578,196.5,198.0,195.0,195.0,1315700
2018-01-19,155.2565460205078,197.0,198.0,196.0,197.0,1708100
2018-01-22,155.2565460205078,197.0,198.5,196.0,197.5,1484200
2018-01-23,155.6505889892578,197.5,198.5,196.5,197.5,884000
2018-01-24,156.438720703125,198.5,200.0,197.5,198.0,1573900
2018-01-25,152.10415649414062,193.0,199.0,192.5,198.5,1774900
2018-01-26,152.49819946289062,193.5,195.0,192.0,193.0,1429300
2018-01-29,155.6505889892578,197.5,198.5,194.0,196.0,2743900
2018-01-30,154.8625030517578,196.5,198.0,196.0,197.0,999900
2018-01-31,154.46844482421875,196.0,197.0,195.0,195.5,839400
2018-02-01,160.77328491210938,204.0,204.0,196.0,196.0,4198800
2018-02-02,159.1970672607422,202.0,207.0,200.0,205.0,2302800
2018-02-05,156.438720703125,198.5,199.5,196.0,198.0,1251500
2018-02-06,153.6803436279297,195.0,196.5,192.0,194.0,2108400
2018-02-07,155.2565460205078,197.0,198.0,195.5,196.0,1891500
2018-02-08,156.04466247558594,198.0,199.5,196.0,196.0,1460000
2018-02-09,154.46844482421875,196.0,197.0,195.0,196.5,1668900
2018-02-12,154.8625030517578,196.5,197.0,194.5,196.5,1951100
2018-02-13,156.832763671875,199.0,201.0,197.0,197.0,3515200
2018-02-14,157.226806640625,199.5,202.0,199.0,201.0,2107200
2018-02-15,158.4089813232422,201.0,201.0,198.5,201.0,744300
2018-02-16,162.34950256347656,206.0,206.0,200.0,201.0,1685200
2018-02-19,160.77328491210938,204.0,208.0,201.0,205.0,2132800
2018-02-20,156.04466247558594,198.0,204.0,197.0,204.0,2077400
2018-02-21,156.438720703125,198.5,201.0,198.0,198.5,1158200
2018-02-22,158.4089813232422,201.0,203.0,198.5,199.5,2406300
2018-02-23,163.13760375976562,207.0,207.0,201.0,202.0,2503100
2018-02-26,163.13760375976562,207.0,207.0,204.0,206.0,1466700
2018-02-27,160.77328491210938,204.0,208.0,203.0,208.0,1569200
2018-02-28,162.34950256347656,206.0,206.0,204.0,205.0,565400
2018-03-02,163.92572021484375,208.0,210.0,206.0,206.0,1898900
2018-03-05,163.13760375976562,207.0,209.0,204.0,207.0,2135700
2018-03-06,165.50192260742188,210.0,210.0,210.0,210.0,139400
2018-03-07,167.6471710205078,211.0,212.0,207.0,210.0,1498200
2018-03-08,172.41439819335938,217.0,220.0,211.0,212.0,3598400
2018-03-09,170.8253173828125,215.0,218.0,212.0,218.0,2327100
2018-03-12,170.8253173828125,215.0,217.0,213.0,216.0,849400
2018-03-13,170.03077697753906,214.0,216.0,213.0,213.0,751800
2018-03-14,165.26356506347656,208.0,212.0,208.0,212.0,2241400
2018-03-15,168.4416961669922,212.0,215.0,208.0,211.0,2215400
2018-03-16,166.05809020996094,209.0,214.0,208.0,211.0,1554900
2018-03-19,164.46900939941406,207.0,211.0,207.0,209.0,1111200
2018-03-20,166.05809020996094,209.0,209.0,204.0,207.0,1553100
2018-03-21,164.46900939941406,207.0,210.0,207.0,209.0,951400
2018-03-22,164.46900939941406,207.0,209.0,206.0,208.0,490900
2018-03-23,166.05809020996094,209.0,209.0,205.0,207.0,1022600
2018-03-26,167.6471710205078,211.0,211.0,208.0,209.0,1421600
2018-03-27,167.6471710205078,211.0,213.0,209.0,213.0,1983900
2018-03-28,164.46900939941406,207.0,210.0,206.0,210.0,1655800
2018-03-29,164.46900939941406,207.0,210.0,206.0,206.0,1422300
2018-03-30,169.23623657226562,213.0,213.0,207.0,209.0,2723400
2018-04-02,173.2089385986328,218.0,219.0,212.0,212.0,1369000
2018-04-03,170.8253173828125,215.0,218.0,214.0,217.0,1535500
2018-04-04,166.8526153564453,210.0,218.0,209.0,215.0,1491800
2018-04-05,169.23623657226562,213.0,214.0,209.0,210.0,1054800
2018-04-09,175.592529296875,221.0,222.0,212.0,213.0,2227900
2018-04-10,175.592529296875,221.0,223.0,220.0,222.0,1017500
2018-04-11,174.00344848632812,219.0,225.0,218.0,220.0,2225700
2018-04-12,173.2089385986328,218.0,222.0,216.0,219.0,1433600
2018-04-17,171.61984252929688,216.0,219.0,216.0,218.0,875700
2018-04-18,174.7980194091797,220.0,220.0,217.0,219.0,747600
2018-04-19,170.03077697753906,214.0,222.0,212.0,222.0,2941700
2018-04-20,172.41439819335938,217.0,217.0,213.0,215.0,961900
2018-04-23,172.41439819335938,217.0,218.0,215.0,217.0,1014400
2018-04-24,171.61984252929688,216.0,220.0,215.0,215.0,1488100
2018-04-25,174.7980194091797,220.0,220.0,214.0,214.0,1706500
2018-04-26,163.6744842529297,206.0,218.0,206.0,218.0,3421900
2018-04-27,154.93455505371094,195.0,202.0,195.0,202.0,6608500
2018-04-30,150.9619140625,190.0,195.5,190.0,195.0,4920100
2018-05-02,152.15371704101562,191.5,193.5,189.0,189.5,3639600
2018-05-03,153.34552001953125,193.0,194.0,190.5,190.5,2245100
2018-05-04,152.55099487304688,192.0,194.0,192.0,192.0,1734500
2018-05-07,150.9619140625,190.0,192.5,190.0,192.5,1523400
2018-05-08,147.7837677001953,186.0,190.5,185.0,190.0,3824000
2018-05-09,147.7837677001953,186.0,187.5,185.0,186.0,1799400
2018-05-10,147.38650512695312,185.5,188.5,185.5,186.5,1592500
2018-05-11,152.55099487304688,192.0,192.5,186.5,186.5,1833800
2018-05-14,150.9619140625,190.0,192.5,189.0,191.0,1161000
2018-05-15,150.9619140625,190.0,191.0,188.0,189.5,1168100
2018-05-16,154.14002990722656,194.0,194.5,188.5,190.0,2461400
2018-05-17,151.75640869140625,191.0,193.5,189.5,193.5,1495900
2018-05-18,152.55099487304688,192.0,193.0,190.0,191.0,980100
2018-05-21,152.15371704101562,191.5,194.0,191.0,193.0,912500
2018-05-22,150.56466674804688,189.5,191.5,188.5,191.0,1267500
2018-05-23,150.16737365722656,189.0,191.0,188.0,188.0,1239900
2018-05-24,152.55099487304688,192.0,192.0,188.5,189.5,1758800
2018-05-25,154.14002990722656,194.0,194.0,191.5,192.0,1563700
2018-05-28,153.74278259277344,193.5,195.0,192.0,195.0,978900
2018-05-30,152.15371704101562,191.5,193.5,191.5,192.0,1223600
2018-05-31,152.9482421875,192.5,193.5,191.0,192.0,1739900
2018-06-01,154.14002990722656,194.0,195.0,192.0,193.0,961800
2018-06-04,154.53732299804688,194.5,197.0,193.5,195.0,1622100
2018-06-05,153.74278259277344,193.5,195.5,193.0,195.0,1002000
2018-06-06,152.55099487304688,192.0,196.5,191.5,194.5,1040700
2018-06-07,151.35914611816406,190.5,192.5,190.5,192.0,1219200
2018-06-08,151.75640869140625,191.0,191.5,189.5,190.0,683800
2018-06-11,152.9482421875,192.5,192.5,190.5,191.0,535800
2018-06-12,152.15371704101562,191.5,192.5,190.5,191.0,1091200
2018-06-13,152.9482421875,192.5,193.5,190.0,191.0,827600
2018-06-14,153.34552001953125,193.0,193.0,191.0,192.0,1077000
2018-06-15,151.75640869140625,191.0,192.5,189.5,191.5,1756000
2018-06-18,148.1810302734375,186.5,191.0,186.5,190.0,1008500
2018-06-19,143.8110809326172,181.0,185.0,177.5,184.0,2608200
2018-06-20,145.79742431640625,183.5,184.0,179.5,180.5,1462400
2018-06-21,143.8110809326172,181.0,182.5,178.5,182.5,1610400
2018-06-22,139.83837890625,176.0,182.0,175.0,181.0,2041300
2018-06-25,139.0438690185547,175.0,179.0,175.0,176.0,2147200
2018-06-26,135.86570739746094,171.0,176.5,171.0,174.0,3997700
2018-06-27,133.48211669921875,168.0,171.0,166.0,171.0,4078600
2018-06-28,135.86570739746094,171.0,173.0,168.0,168.5,3334800
2018-06-29,132.290283203125,166.5,171.5,166.0,171.5,3685300
2018-07-02,133.48211669921875,168.0,168.5,166.0,167.5,1511100
2018-07-03,135.86570739746094,171.0,172.0,167.0,167.5,3511900
2018-07-04,136.6602783203125,172.0,173.0,169.5,170.0,2121200
2018-07-05,134.27664184570312,169.0,173.0,168.0,173.0,1418700
2018-07-06,135.0712127685547,170.0,172.0,169.0,169.0,1657800
2018-07-09,137.4547882080078,173.0,174.0,171.5,171.5,996100
2018-07-10,138.2493133544922,174.0,175.5,172.5,174.0,1881800
2018-07-11,136.26296997070312,171.5,174.0,171.5,173.0,1507600
2018-07-12,136.26296997070312,171.5,172.0,170.0,171.0,1240400
2018-07-13,137.4547882080078,173.0,173.5,171.5,172.0,2380900
2018-07-16,135.86570739746094,171.0,173.0,170.5,172.5,621800
2018-07-17,137.05751037597656,172.5,173.0,171.0,171.0,1519900
2018-07-18,137.4547882080078,173.0,173.5,171.5,173.0,1291800
2018-07-19,138.64659118652344,174.5,175.0,172.5,173.0,767800
2018-07-20,141.82472229003906,178.5,179.0,174.0,175.0,1914700
2018-07-23,140.2356719970703,176.5,178.5,175.0,178.5,1439700
2018-07-24,140.6329345703125,177.0,179.0,176.5,177.5,692800
2018-07-25,145.40013122558594,183.0,183.5,177.0,177.0,2255800
2018-07-26,144.2083282470703,181.5,185.0,179.0,184.5,2343200
2018-07-31,144.2083282470703,181.5,181.5,179.0,181.5,1836400
2018-08-01,145.79742431640625,183.5,184.0,181.5,182.5,1483200
2018-08-02,144.60562133789062,182.0,183.5,180.0,182.5,1194000
2018-08-03,146.19468688964844,184.0,186.0,181.5,182.5,1342700
2018-08-06,145.00289916992188,182.5,186.0,181.5,185.0,888500
2018-08-07,146.19468688964844,184.0,185.0,181.0,183.0,1208400
2018-08-08,147.7837677001953,186.0,186.0,183.5,184.0,1349400
2018-08-09,142.2220001220703,179.0,181.5,178.5,181.0,6912500
2018-08-10,141.42742919921875,178.0,179.5,177.0,179.5,2407700
2018-08-14,143.0165557861328,180.0,180.5,175.0,175.5,2677200
2018-08-15,141.82472229003906,178.5,179.5,177.5,179.5,1575300
2018-08-16,139.83837890625,176.0,178.0,175.5,178.0,3572900
2018-08-17,138.64659118652344,174.5,175.5,173.0,174.0,5723900
2018-08-20,140.6329345703125,177.0,179.0,175.0,175.0,2226200
2018-08-21,140.6329345703125,177.0,178.5,176.0,178.0,1795100
2018-08-22,142.31192016601562,178.0,179.5,176.0,176.0,1331500
2018-08-23,143.11138916015625,179.0,180.0,178.5,179.5,817400
2018-08-24,143.11138916015625,179.0,179.0,177.5,178.0,830200
2018-08-27,143.11138916015625,179.0,179.5,176.5,176.5,1060400
2018-08-28,143.11138916015625,179.0,180.0,178.5,179.5,1068500
2018-08-29,143.5111541748047,179.5,180.0,178.5,179.5,552300
2018-08-30,142.71165466308594,178.5,180.0,178.5,179.5,436000
2018-08-31,145.1101837158203,181.5,182.0,178.0,178.5,2178500
2018-09-03,143.91087341308594,180.0,182.5,180.0,182.0,1489900
2018-09-04,143.5111541748047,179.5,180.0,178.5,179.5,1001200
2018-09-05,142.71165466308594,178.5,181.0,178.5,178.5,1188900
2018-09-06,143.5111541748047,179.5,180.0,178.5,179.0,1048600
2018-09-07,143.5111541748047,179.5,180.0,178.0,178.0,774900
2018-09-10,143.5111541748047,179.5,180.0,178.0,179.0,603200
2018-09-11,142.71165466308594,178.5,180.0,178.0,179.5,1017900
2018-09-12,142.71165466308594,178.5,178.5,176.5,178.0,1993400
2018-09-13,144.7103729248047,181.0,182.5,178.0,178.0,2035400
2018-09-14,143.91087341308594,180.0,181.5,179.0,181.5,1269400
2018-09-17,143.11138916015625,179.0,180.0,178.5,179.5,713900
2018-09-18,144.7103729248047,181.0,181.5,179.0,179.0,1453300
2018-09-19,143.91087341308594,180.0,181.5,179.5,181.0,1169800
2018-09-20,143.91087341308594,180.0,181.0,179.0,179.5,840200
2018-09-21,145.5099334716797,182.0,182.5,179.5,179.5,2841400
2018-09-24,146.70916748046875,183.5,184.5,181.5,181.5,2572200
2018-09-25,147.50863647460938,184.5,185.5,183.5,185.0,1435600
2018-09-26,147.1089324951172,184.0,185.0,183.5,184.5,857100
2018-09-27,147.50863647460938,184.5,185.0,183.0,185.0,1564700
2018-09-28,148.70794677734375,186.0,187.0,184.5,184.5,2045500
2018-10-01,152.30567932128906,190.5,191.5,187.0,187.0,1957900
2018-10-02,149.10769653320312,186.5,190.0,185.5,190.0,3151900
2018-10-03,149.50743103027344,187.0,188.5,186.5,187.0,1015300
2018-10-04,151.1064453125,189.0,189.5,186.0,186.5,1938100
2018-10-05,149.10769653320312,186.5,188.5,186.5,188.5,1033300
2018-10-08,150.3069305419922,188.0,190.0,187.0,187.0,1741300
2018-10-09,149.9071807861328,187.5,188.0,185.5,187.5,1156800
2018-10-10,151.1064453125,189.0,189.0,187.0,188.5,725700
2018-10-11,148.70794677734375,186.0,186.5,184.0,184.5,1884500
2018-10-12,150.70668029785156,188.5,189.0,186.0,187.5,887200
2018-10-16,151.9059295654297,190.0,191.5,187.5,188.0,2932200
2018-10-17,150.70668029785156,188.5,191.0,188.5,191.0,906400
2018-10-18,150.3069305419922,188.0,190.0,187.0,188.0,1252100
2018-10-19,151.5062255859375,189.5,190.0,186.0,188.5,1228100
2018-10-22,151.9059295654297,190.0,192.5,189.0,190.0,1431200
2018-10-24,150.70668029785156,188.5,190.5,188.0,188.5,1832100
2018-10-25,151.1064453125,189.0,189.0,185.5,187.0,1685200
2018-10-26,149.50743103027344,187.0,190.5,187.0,188.0,1295000
2018-10-29,152.30567932128906,190.5,190.5,188.0,188.0,1031800
2018-10-30,151.5062255859375,189.5,190.5,188.0,190.5,1109800
2018-10-31,154.30445861816406,193.0,193.5,189.5,190.5,2667900
2018-11-01,155.1039581298828,194.0,196.0,193.0,194.0,2409900
2018-11-02,154.7042236328125,193.5,199.0,193.5,196.0,2192500
2018-11-05,154.30445861816406,193.0,196.5,192.0,193.0,1593700
2018-11-06,152.7054443359375,191.0,195.0,191.0,195.0,1611100
2018-11-07,151.9059295654297,190.0,192.5,187.5,191.5,1444500
2018-11-08,151.5062255859375,189.5,192.5,189.0,192.0,658300
2018-11-09,149.9071807861328,187.5,189.0,186.5,187.5,834800
2018-11-12,149.50743103027344,187.0,190.0,186.0,187.5,518400
2018-11-13,147.9084014892578,185.0,186.5,183.5,185.5,1393000
2018-11-14,149.50743103027344,187.0,187.5,183.0,183.5,1281800
2018-11-15,149.10769653320312,186.5,188.0,185.5,188.0,936600
2018-11-16,149.9071807861328,187.5,188.5,186.5,187.0,610100
2018-11-19,150.70668029785156,188.5,189.0,188.0,188.0,567300
2018-11-20,148.3081817626953,185.5,189.0,185.0,189.0,871900
2018-11-21,151.5062255859375,189.5,190.0,185.5,185.5,925900
2018-11-22,149.50743103027344,187.0,190.0,186.5,190.0,605900
2018-11-23,151.5062255859375,189.5,190.0,187.0,188.0,653500
2018-11-26,151.1064453125,189.0,191.0,188.0,189.5,722500
2018-11-27,153.5049591064453,192.0,194.0,189.5,189.5,952900
2018-11-28,152.7054443359375,191.0,194.0,191.0,193.5,731400
2018-11-29,154.30445861816406,193.0,193.0,191.5,192.5,1060100
2018-11-30,151.9059295654297,190.0,193.0,189.5,193.0,1368900
2018-12-03,157.90220642089844,197.5,197.5,192.5,192.5,1460100
2018-12-04,156.30322265625,195.5,198.0,194.0,198.0,1317800
2018-12-06,155.90347290039062,195.0,195.5,193.5,194.0,1028000
2018-12-07,157.10275268554688,196.5,198.0,195.5,196.5,755200
2018-12-11,156.70298767089844,196.0,196.5,194.5,195.5,517500
2018-12-12,155.90347290039062,195.0,197.0,194.5,197.0,716100
2018-12-13,155.5037384033203,194.5,195.5,194.0,194.5,886100
2018-12-14,155.90347290039062,195.0,196.5,194.0,195.5,1184800
2018-12-17,157.5024871826172,197.0,198.5,195.0,196.5,1357100
2018-12-18,153.5049591064453,192.0,197.0,192.0,195.0,1238200
2018-12-19,157.5024871826172,197.0,197.0,191.5,192.5,771800
2018-12-20,157.5024871826172,197.0,197.5,194.5,196.0,798600
2018-12-21,157.10275268554688,196.5,197.0,194.5,197.0,965700
2018-12-24,156.30322265625,195.5,196.5,195.0,195.0,438700
2018-12-25,152.7054443359375,191.0,195.0,189.5,195.0,412400
2018-12-26,153.10520935058594,191.5,191.5,188.0,190.5,822500
2018-12-27,147.50863647460938,184.5,194.0,183.5,194.0,1792500
2018-12-28,149.9071807861328,187.5,189.0,183.0,184.0,1006100
2019-01-02,149.50743103027344,187.0,190.5,187.0,187.0,978300
2019-01-03,151.9059295654297,190.0,192.5,187.5,188.5,1087500
2019-01-04,149.50743103027344,187.0,190.5,186.0,190.5,1467500
2019-01-07,152.30567932128906,190.5,190.5,188.0,188.0,937100
2019-01-08,153.90467834472656,192.5,193.5,190.5,191.5,1390100
2019-01-09,140.71287536621094,176.0,194.0,174.0,193.0,6002600
2019-01-10,137.5148468017578,172.0,173.0,168.5,172.0,11793700
2019-01-11,142.31192016601562,178.0,178.0,172.0,173.0,4691400
2019-01-14,145.5099334716797,182.0,182.0,178.5,180.0,2285500
2019-01-15,143.91087341308594,180.0,182.5,178.5,182.0,1345600
2019-01-16,144.7103729248047,181.0,181.5,179.0,180.0,931900
2019-01-17,144.7103729248047,181.0,181.5,179.0,181.5,900600
2019-01-18,144.7103729248047,181.0,182.0,180.0,181.5,1032900
2019-01-21,141.5123748779297,177.0,179.0,176.0,178.5,1348200
2019-01-22,147.1089324951172,184.0,184.5,177.0,178.0,2740300
2019-01-23,146.70916748046875,183.5,185.0,183.0,184.0,1420800
2019-01-24,147.9084014892578,185.0,185.0,183.0,185.0,1468900
2019-01-25,147.1089324951172,184.0,186.0,183.5,186.0,696800
2019-01-28,150.3069305419922,188.0,188.0,183.5,183.5,1356100
2019-01-29,148.70794677734375,186.0,187.0,184.5,187.0,858200
2019-01-30,148.3081817626953,185.5,187.0,184.0,185.5,889100
2019-01-31,148.70794677734375,186.0,189.5,185.5,186.5,1570500
2019-02-01,149.50743103027344,187.0,188.0,185.5,185.5,1002400
2019-02-04,149.9071807861328,187.5,187.5,186.5,187.0,457300
2019-02-05,148.70794677734375,186.0,187.5,186.0,186.5,263700
2019-02-06,149.10769653320312,186.5,187.0,184.5,186.0,565600
2019-02-07,145.1101837158203,181.5,186.5,181.5,186.5,1757600
2019-02-08,147.1089324951172,184.0,185.0,181.0,181.5,724300
2019-02-11,146.3094024658203,183.0,184.5,182.0,183.0,568200
2019-02-12,145.5099334716797,182.0,185.0,181.0,183.0,1313800
2019-02-13,144.3106689453125,180.5,183.0,180.0,182.5,1949200
2019-02-14,145.90965270996094,182.5,182.5,180.5,181.0,816800
2019-02-15,146.70916748046875,183.5,184.0,181.5,182.0,1026000
2019-02-18,145.1101837158203,181.5,184.0,181.5,184.0,350300
2019-02-20,148.3081817626953,185.5,185.5,182.0,182.5,1252300
2019-02-21,145.90965270996094,182.5,184.5,181.5,184.0,1247700
2019-02-22,147.1089324951172,184.0,184.5,181.5,183.0,760000
2019-02-25,148.3081817626953,185.5,186.0,184.0,185.0,578300
2019-02-26,151.1064453125,189.0,190.5,185.0,185.0,2691500
2019-02-27,150.3069305419922,188.0,190.0,187.0,189.0,1013500
2019-02-28,149.10769653320312,186.5,189.5,186.5,188.5,1216100
2019-03-01,149.10769653320312,186.5,188.5,185.5,186.0,656200
2019-03-04,146.3094024658203,183.0,187.0,182.5,186.0,1417000
2019-03-05,146.3094024658203,183.0,183.5,181.0,183.0,1144100
2019-03-06,145.3404998779297,180.0,182.0,178.5,181.5,1252300
2019-03-07,146.55162048339844,181.5,182.0,179.5,179.5,695600
2019-03-08,144.936767578125,179.5,181.5,179.0,180.5,550500
2019-03-11,144.1293182373047,178.5,181.0,178.5,181.0,555100
2019-03-12,145.7442169189453,180.5,181.5,178.5,178.5,1258300
2019-03-13,145.3404998779297,180.0,181.0,179.0,180.5,782300
2019-03-14,144.53302001953125,179.0,180.0,178.5,180.0,1056000
2019-03-15,144.1293182373047,178.5,180.0,178.0,179.0,1197200
2019-03-18,143.32186889648438,177.5,179.5,176.5,178.5,781600
2019-03-19,143.32186889648438,177.5,179.0,177.0,178.0,962100
2019-03-20,142.91815185546875,177.0,178.0,177.0,177.5,675200
2019-03-21,143.32186889648438,177.5,179.0,177.0,178.0,1037000
2019-03-22,144.1293182373047,178.5,178.5,176.0,177.5,1347700
2019-03-25,141.7069854736328,175.5,178.0,174.5,177.0,1129100
2019-03-26,143.32186889648438,177.5,177.5,175.5,175.5,930600
2019-03-27,143.32186889648438,177.5,178.0,176.0,177.0,629000
2019-03-28,143.7255859375,178.0,178.0,176.0,176.5,951700
2019-03-29,144.936767578125,179.5,180.0,178.0,178.5,1515500
2019-04-01,145.7442169189453,180.5,181.0,179.0,180.5,1794300
2019-04-02,144.936767578125,179.5,181.0,178.5,180.5,1209900
2019-04-03,145.3404998779297,180.0,180.5,178.5,180.5,794300
2019-04-04,144.1293182373047,178.5,180.0,178.0,180.0,424500
2019-04-05,143.7255859375,178.0,179.5,177.5,179.0,479000
2019-04-09,144.936767578125,179.5,180.0,177.5,178.0,1040100
2019-04-10,144.936767578125,179.5,181.0,178.0,180.5,1161500
2019-04-11,144.1293182373047,178.5,180.0,177.5,179.5,1106900
2019-04-12,144.53302001953125,179.0,180.0,177.0,178.0,1362700
2019-04-17,144.1293182373047,178.5,179.5,177.5,179.0,1387900
2019-04-18,144.53302001953125,179.0,179.0,177.0,177.5,1276200
2019-04-19,143.7255859375,178.0,179.0,177.5,178.0,1109700
2019-04-22,144.1293182373047,178.5,179.0,177.0,178.0,711900
2019-04-23,143.7255859375,178.0,178.5,177.0,177.5,716700
2019-04-24,143.32186889648438,177.5,178.0,177.0,177.5,1118300
2019-04-25,142.51443481445312,176.5,178.0,175.0,177.0,1100200
2019-04-26,142.91815185546875,177.0,177.0,175.5,176.0,644300
2019-04-29,143.32186889648438,177.5,178.0,176.0,176.0,1096200
2019-04-30,142.91815185546875,177.0,178.0,176.5,177.0,1037200
2019-05-02,138.88092041015625,172.0,176.5,171.0,176.0,5231300
2019-05-03,138.88092041015625,172.0,172.5,171.0,171.5,1699600
2019-05-07,136.86231994628906,169.5,171.0,169.0,170.5,1899200
2019-05-08,136.86231994628906,169.5,171.0,169.0,169.0,1175900
2019-05-09,136.4585723876953,169.0,170.5,169.0,169.5,776100
2019-05-10,135.65110778808594,168.0,170.5,167.0,170.0,1534000
2019-05-13,134.43995666503906,166.5,169.0,164.5,168.0,1669300
2019-05-14,132.82508850097656,164.5,166.5,164.0,164.5,1596200
2019-05-15,131.61386108398438,163.0,166.5,163.0,164.5,1132900
2019-05-16,133.228759765625,165.0,165.5,162.5,163.0,1214800
2019-05-17,132.0176239013672,163.5,165.5,163.0,165.5,982600
2019-05-21,134.84364318847656,167.0,167.0,163.5,164.0,1340400
2019-05-22,134.0362091064453,166.0,168.5,166.0,167.5,1252600
2019-05-23,132.0176239013672,163.5,167.5,163.5,166.0,716800
2019-05-24,133.228759765625,165.0,165.5,163.0,163.0,753800
2019-05-27,134.43995666503906,166.5,167.0,165.0,165.0,858300
2019-05-28,135.24740600585938,167.5,167.5,165.0,167.0,7115900
2019-05-29,134.84364318847656,167.0,168.0,166.5,167.5,618300
2019-05-30,136.05482482910156,168.5,169.0,167.0,167.0,911900
2019-05-31,135.24740600585938,167.5,169.5,166.0,169.0,1283900
2019-06-04,138.88092041015625,172.0,172.5,168.5,169.0,1932800
2019-06-05,138.0734405517578,171.0,173.5,170.0,173.0,1256800
2019-06-06,139.6883544921875,173.0,173.5,171.0,171.5,1363500
2019-06-07,138.88092041015625,172.0,173.0,171.5,173.0,392300
2019-06-10,138.0734405517578,171.0,173.0,170.0,173.0,707600
2019-06-11,138.4771728515625,171.5,172.5,170.5,171.0,1231600
2019-06-12,139.6883544921875,173.0,173.0,171.5,171.5,798700
2019-06-13,140.09207153320312,173.5,173.5,171.5,172.0,741800
2019-06-14,139.6883544921875,173.0,173.5,171.0,173.0,632100
2019-06-17,138.0734405517578,171.0,173.5,171.0,173.0,671700
2019-06-18,137.6697540283203,170.5,171.5,168.5,170.5,1231400
2019-06-19,137.26602172851562,170.0,172.0,169.0,172.0,1328100
2019-06-20,137.6697540283203,170.5,171.0,169.0,169.5,1432000
2019-06-21,137.26602172851562,170.0,172.0,170.0,171.0,1631700
2019-06-24,137.6697540283203,170.5,172.0,170.5,171.0,590500
2019-06-25,138.0734405517578,171.0,172.0,170.0,170.5,761400
2019-06-26,137.26602172851562,170.0,171.0,168.5,170.5,1332600
2019-06-27,137.26602172851562,170.0,171.0,169.0,170.0,949200
2019-06-28,136.4585723876953,169.0,170.0,168.5,170.0,876100
2019-07-01,134.84364318847656,167.0,169.0,167.0,167.0,1198400
2019-07-02,136.86231994628906,169.5,170.0,167.0,167.5,1085200
2019-07-03,136.86231994628906,169.5,171.5,169.5,170.0,1074000
2019-07-04,137.6697540283203,170.5,173.0,169.5,170.0,2863900
2019-07-05,138.4771728515625,171.5,171.5,169.5,170.5,1270800
2019-07-08,139.28460693359375,172.5,173.5,170.0,172.0,1269000
2019-07-09,140.89952087402344,174.5,175.0,172.5,174.0,2174900
2019-07-10,141.30325317382812,175.0,175.0,173.0,175.0,1162400
2019-07-11,139.6883544921875,173.0,176.0,173.0,175.5,1120000
2019-07-12,138.88092041015625,172.0,175.0,170.5,174.0,1674100
2019-07-15,138.0734405517578,171.0,174.5,171.0,172.5,702100
2019-07-17,139.6883544921875,173.0,173.5,171.0,171.5,1142300
2019-07-18,139.28460693359375,172.5,174.0,172.5,173.0,732200
2019-07-19,139.28460693359375,172.5,174.0,171.5,174.0,655400
2019-07-22,138.88092041015625,172.0,172.5,170.5,171.5,633500
2019-07-23,138.4771728515625,171.5,173.0,170.0,172.5,645100
2019-07-24,138.4771728515625,171.5,172.0,171.0,171.5,452700
2019-07-25,138.4771728515625,171.5,172.5,170.5,172.5,606000
2019-07-26,136.86231994628906,169.5,171.5,169.5,171.0,678600
2019-07-30,137.6697540283203,170.5,171.0,169.0,170.5,634500
2019-07-31,137.6697540283203,170.5,171.5,169.0,170.0,713700
2019-08-01,136.05482482910156,168.5,170.0,167.5,169.0,687700
2019-08-02,135.24740600585938,167.5,169.5,167.0,168.0,841800
2019-08-05,134.84364318847656,167.0,169.5,167.0,167.5,780300
2019-08-06,134.43995666503906,166.5,168.0,165.0,166.0,887900
2019-08-07,133.63246154785156,165.5,167.5,165.0,165.5,858100
2019-08-08,126.3654556274414,156.5,165.5,156.0,165.5,3520400
2019-08-09,119.9059066772461,148.5,156.5,148.5,156.0,3666600
2019-08-13,115.06121063232422,142.5,149.0,142.5,149.0,2425900
2019-08-14,114.2537841796875,141.5,146.5,140.5,145.0,3086900
2019-08-15,115.06121063232422,142.5,144.5,139.0,140.5,2703500
2019-08-16,113.4463119506836,140.5,142.5,138.5,142.5,3387400
2019-08-19,114.2537841796875,141.5,143.0,140.0,140.0,1766400
2019-08-20,113.85004425048828,141.0,142.5,140.0,141.5,2003300
2019-08-21,115.46491241455078,143.0,144.0,141.0,141.5,1716600
2019-08-22,114.36604309082031,140.5,142.5,139.5,140.0,2017900
2019-08-23,114.77305603027344,141.0,142.0,140.5,141.0,1227600
2019-08-26,111.924072265625,137.5,139.0,136.5,138.0,1657600
2019-08-27,110.29608917236328,135.5,138.5,135.5,136.5,2423200
2019-08-28,111.924072265625,137.5,137.5,135.5,136.0,888900
2019-08-29,113.95904541015625,140.0,140.0,137.0,137.5,763000
2019-08-30,112.73807525634766,138.5,141.5,138.0,140.5,1970700
2019-09-02,111.51707458496094,137.0,139.5,136.0,138.0,1497000
2019-09-03,109.48209381103516,134.5,138.0,134.0,137.0,1760300
2019-09-04,109.07510375976562,134.0,135.5,132.0,135.5,2128300
2019-09-05,111.11006927490234,136.5,139.5,134.0,135.0,2226800
2019-09-06,111.11006927490234,136.5,137.5,135.0,136.5,1082800
2019-09-09,113.95904541015625,140.0,142.0,136.5,136.5,2592900
2019-09-10,113.14505767822266,139.0,140.0,137.5,140.0,2230100
2019-09-11,115.5870361328125,142.0,142.0,139.0,139.0,1829400
2019-09-12,113.14505767822266,139.0,143.0,138.5,143.0,1407700
2019-09-13,112.73807525634766,138.5,141.0,138.0,139.0,947300
2019-09-16,111.11006927490234,136.5,139.0,136.0,138.0,1247600
2019-09-17,109.07510375976562,134.0,137.5,133.5,137.0,1906300
2019-09-18,107.85411071777344,132.5,135.0,131.5,134.0,1457900
2019-09-19,107.85411071777344,132.5,134.5,132.0,133.0,1668900
2019-09-20,103.37714385986328,127.0,133.5,126.5,133.0,4448400
2019-09-23,102.15616607666016,125.5,128.5,125.0,126.5,1328900
2019-09-24,102.56314086914062,126.0,128.0,125.5,125.5,1680400
2019-09-25,102.56314086914062,126.0,127.0,125.5,126.5,911700
2019-09-26,104.1911392211914,128.0,128.0,126.5,127.0,604800
2019-09-27,104.1911392211914,128.0,130.5,127.0,127.5,2581400
2019-09-30,104.1911392211914,128.0,130.0,128.0,128.0,1929500
2019-10-01,103.37714385986328,127.0,129.5,126.5,129.0,1253700
2019-10-02,103.37714385986328,127.0,128.0,126.0,126.0,783400
2019-10-03,102.97015380859375,126.5,127.0,125.0,126.0,861700
2019-10-04,99.71416473388672,122.5,126.5,122.0,126.5,1459800
2019-10-07,99.71416473388672,122.5,123.5,121.0,123.0,1021300
2019-10-08,101.3421630859375,124.5,127.0,124.0,124.0,1050600
2019-10-09,101.3421630859375,124.5,124.5,122.0,124.0,656300
2019-10-10,100.5281753540039,123.5,126.0,123.0,125.0,1266600
2019-10-11,100.9351577758789,124.0,125.0,122.5,123.5,894000
2019-10-15,99.30718994140625,122.0,125.5,121.5,125.0,1529100
2019-10-16,100.5281753540039,123.5,124.0,122.0,122.0,644200
2019-10-17,101.7491455078125,125.0,125.0,124.0,124.0,879400
2019-10-18,100.12117004394531,123.0,126.0,122.5,124.5,713100
2019-10-21,94.83020782470703,116.5,123.0,116.0,123.0,1865300
2019-10-22,97.67919921875,120.0,120.0,116.0,116.5,1382600
2019-10-24,98.086181640625,120.5,121.5,119.0,119.0,984600
2019-10-25,91.16724395751953,112.0,120.0,111.5,119.0,2918700
2019-10-28,99.30718994140625,122.0,123.0,112.5,112.5,2958800
2019-10-29,96.86519622802734,119.0,125.0,118.0,121.5,2208400
2019-10-30,97.2721939086914,119.5,121.0,116.5,121.0,1496600
2019-10-31,98.086181640625,120.5,123.0,118.5,119.0,1274500
2019-11-01,97.2721939086914,119.5,121.0,118.5,119.5,876300
2019-11-04,102.56314086914062,126.0,126.0,120.0,120.0,2641900
2019-11-05,102.15616607666016,125.5,127.0,124.0,125.0,1802200
2019-11-06,104.59812927246094,128.5,129.5,125.5,125.5,2006900
2019-11-07,105.41212463378906,129.5,131.0,128.0,130.0,2739200
2019-11-08,107.04012298583984,131.5,132.0,129.0,129.0,1464300
2019-11-11,106.22610473632812,130.5,132.5,129.5,131.5,1383700
2019-11-12,104.59812927246094,128.5,131.0,126.5,130.5,2333200
2019-11-13,105.00511932373047,129.0,130.5,126.5,127.0,2740400
2019-11-14,104.1911392211914,128.0,130.5,127.5,129.0,1626100
2019-11-15,104.59812927246094,128.5,129.5,127.5,128.5,1462800
2019-11-18,105.41212463378906,129.5,130.0,127.5,128.5,954800
2019-11-19,107.44710540771484,132.0,132.5,129.0,129.0,2446500
2019-11-20,106.22610473632812,130.5,132.0,129.5,131.0,1813500
2019-11-21,107.04012298583984,131.5,131.5,129.0,130.0,1346800
2019-11-22,105.41212463378906,129.5,131.5,129.0,131.5,1732100
2019-11-25,106.22610473632812,130.5,131.0,128.5,129.5,1150300
2019-11-26,105.81912231445312,130.0,132.0,130.0,131.0,4270700
2019-11-27,109.48209381103516,134.5,135.0,130.0,131.0,3217800
2019-11-28,110.29608917236328,135.5,136.5,133.5,134.5,2288000
2019-11-29,110.29608917236328,135.5,136.5,134.5,135.0,1439500
2019-12-02,109.88909912109375,135.0,138.5,134.5,136.0,2578900
2019-12-03,111.11006927490234,136.5,137.5,134.5,134.5,1564000
2019-12-04,108.26109313964844,133.0,136.5,131.0,136.0,1533200
2019-12-06,106.63310241699219,131.0,134.0,129.0,133.0,2679300
2019-12-09,111.924072265625,137.5,138.5,132.0,132.0,2835500
2019-12-11,113.14505767822266,139.0,139.5,137.5,139.0,2507200
2019-12-12,115.9940185546875,142.5,142.5,139.5,141.0,2280100
2019-12-13,115.9940185546875,142.5,142.5,138.5,142.5,2475700
2019-12-16,112.3310775756836,138.0,143.0,137.0,142.5,1763500
2019-12-17,113.14505767822266,139.0,142.0,138.5,138.5,1835800
2019-12-18,114.36604309082031,140.5,141.0,139.0,140.0,944500
2019-12-19,114.77305603027344,141.0,142.5,138.5,140.0,1608400
2019-12-20,115.9940185546875,142.5,144.5,141.0,141.0,2526000
2019-12-23,118.43600463867188,145.5,145.5,142.5,142.5,1605900
2019-12-24,120.87799072265625,148.5,148.5,144.0,145.5,1631500
2019-12-25,119.65699005126953,147.0,148.5,146.0,148.5,634000
2019-12-26,118.84303283691406,146.0,146.5,144.0,146.0,843300
2019-12-27,118.02902221679688,145.0,147.5,144.5,145.0,1679200
2019-12-30,119.65699005126953,147.0,148.0,144.5,146.5,811300
2020-01-02,119.24999237060547,146.5,147.5,145.5,147.5,829600
2020-01-03,115.18003845214844,141.5,146.5,140.0,146.0,1941000
2020-01-06,112.73807525634766,138.5,141.0,137.5,138.0,1892000
2020-01-07,115.18003845214844,141.5,143.0,139.5,139.5,1711400
2020-01-08,114.36604309082031,140.5,142.0,139.5,139.5,1370600
2020-01-09,114.36604309082031,140.5,142.5,139.5,141.5,1210400
2020-01-10,114.36604309082031,140.5,141.5,139.0,139.0,875600
2020-01-13,113.95904541015625,140.0,141.5,139.0,141.5,990100
2020-01-14,115.9940185546875,142.5,143.0,139.5,139.5,1317900
2020-01-15,118.43600463867188,145.5,145.5,142.5,142.5,1434300
2020-01-16,118.84303283691406,146.0,146.5,142.0,145.5,1129900
2020-01-17,118.02902221679688,145.0,147.0,143.5,145.5,1205700
2020-01-20,116.8080062866211,143.5,146.5,142.0,145.0,1025900
2020-01-21,114.77305603027344,141.0,144.5,140.5,143.0,1477700
2020-01-22,116.8080062866211,143.5,144.5,140.5,140.5,1250000
2020-01-23,117.62200927734375,144.5,147.0,143.0,143.5,1905700
2020-01-24,117.62200927734375,144.5,145.5,144.0,145.0,320800
2020-01-27,115.18003845214844,141.5,146.0,141.0,143.0,1341600
2020-01-28,112.73807525634766,138.5,142.5,135.5,141.5,1978800
2020-01-29,110.70308685302734,136.0,139.5,135.5,136.5,1582600
2020-01-30,109.88909912109375,135.0,137.5,134.5,135.0,1243400
2020-01-31,108.6680908203125,133.5,134.5,130.0,134.0,2787400
2020-02-03,105.41212463378906,129.5,133.0,129.5,132.0,1576600
2020-02-04,109.07510375976562,134.0,135.5,130.0,130.0,2420400
2020-02-05,107.85411071777344,132.5,134.5,132.0,133.0,1109300
2020-02-06,107.04012298583984,131.5,133.0,131.0,131.5,1662800
2020-02-07,109.48209381103516,134.5,135.5,131.0,131.0,1987000
2020-02-11,109.07510375976562,134.0,136.5,134.0,134.5,1029800
2020-02-12,111.11006927490234,136.5,138.0,133.5,133.5,1188100
2020-02-13,107.44710540771484,132.0,136.5,131.5,135.5,2230100
2020-02-14,107.85411071777344,132.5,134.0,132.5,133.0,582200
2020-02-17,107.44710540771484,132.0,133.5,132.0,132.0,378600
2020-02-18,106.63310241699219,131.0,132.5,129.5,131.5,1444200
2020-02-19,105.81912231445312,130.0,132.0,129.0,131.0,1143100
2020-02-20,105.81912231445312,130.0,132.0,128.5,132.0,1538900
2020-02-21,103.78413391113281,127.5,128.5,125.0,128.0,1746300
2020-02-24,98.49317932128906,121.0,125.5,119.0,122.5,2181100
2020-02-25,95.23719024658203,117.0,122.0,115.0,121.0,3570500
2020-02-26,91.16724395751953,112.0,114.0,107.5,112.5,5739700
2020-02-27,105.81912231445312,130.0,133.0,127.0,133.0,10323900
2020-02-28,104.59812927246094,128.5,129.5,125.0,128.0,5188400
2020-03-02,106.22610473632812,130.5,133.0,126.0,130.5,4967300
2020-03-03,106.63310241699219,131.0,132.5,129.0,132.5,2104100
2020-03-04,107.85411071777344,132.5,132.5,129.5,130.0,1794500
2020-03-05,106.63310241699219,131.0,133.0,130.5,131.0,2682000
2020-03-06,107.85411071777344,132.5,133.5,129.5,130.0,2950100
2020-03-09,106.63310241699219,131.0,132.5,127.5,132.0,3834600
2020-03-10,105.81912231445312,130.0,132.0,128.5,130.5,2257900
2020-03-11,105.81912231445312,130.0,131.5,127.0,128.0,3944400
2020-03-12,100.5281753540039,123.5,128.0,121.0,127.0,6311000
2020-03-13,99.71416473388672,122.5,125.0,111.5,117.0,6010100
2020-03-16,93.20221710205078,114.5,120.0,111.5,117.0,3509700
2020-03-17,94.01622772216797,115.5,120.5,113.5,114.0,1990900
2020-03-18,97.67919921875,120.0,124.0,115.5,115.5,2555700
2020-03-19,105.00511932373047,129.0,131.5,118.0,118.0,3163900
2020-03-20,105.81912231445312,130.0,133.0,127.5,132.0,2383500
2020-03-23,100.9351577758789,124.0,131.5,123.0,126.0,2496200
2020-03-24,102.56314086914062,126.0,127.5,123.0,126.0,2594400
2020-03-25,104.59812927246094,128.5,130.5,127.0,129.5,2028600
2020-03-26,95.12680053710938,115.0,120.0,107.5,107.5,14579700
2020-03-27,92.6452407836914,112.0,117.5,112.0,117.5,2879800
2020-03-30,91.40445709228516,110.5,111.5,108.0,111.0,1579400
2020-03-31,94.29961395263672,114.0,114.5,111.0,111.5,1596300
2020-04-01,94.29961395263672,114.0,114.5,113.0,113.0,1286500
2020-04-02,95.12680053710938,115.0,115.0,113.0,114.0,1512300
2020-04-03,93.88601684570312,113.5,116.0,113.0,115.5,1083100
2020-04-07,97.6083755493164,118.0,119.5,114.5,116.0,2220300
2020-04-08,97.6083755493164,118.0,118.5,115.5,118.0,1250600
2020-04-09,97.19479370117188,117.5,120.0,116.0,117.5,1549700
2020-04-10,96.78118133544922,117.0,119.5,116.0,117.0,1318200
2020-04-13,96.36758422851562,116.5,117.5,115.5,117.0,747500
2020-04-14,102.98511505126953,124.5,126.0,117.5,118.0,3153500
2020-04-15,98.02198028564453,118.5,125.0,117.5,124.0,1950000
2020-04-16,95.95398712158203,116.0,118.5,115.5,117.0,1279600
2020-04-17,97.6083755493164,118.0,119.5,116.5,117.5,1037700
2020-04-20,99.26276397705078,120.0,121.5,118.5,119.0,1251000
2020-04-21,98.43557739257812,119.0,121.5,118.0,118.0,857500
2020-04-22,99.67635345458984,120.5,120.5,117.5,117.5,852900
2020-04-23,99.67635345458984,120.5,120.5,119.0,119.0,391100
2020-04-24,98.43557739257812,119.0,122.0,118.0,120.0,901200
2020-04-27,97.19479370117188,117.5,119.5,117.5,119.5,402100
2020-04-28,98.43557739257812,119.0,121.0,117.0,117.0,693600
2020-04-29,97.6083755493164,118.0,119.0,116.5,119.0,1603300
2020-04-30,97.19479370117188,117.5,118.5,117.0,117.5,758400
2020-05-05,95.5404052734375,115.5,118.0,115.5,116.0,987000
2020-05-07,93.47242736816406,113.0,116.0,112.5,116.0,1330100
2020-05-08,92.6452407836914,112.0,113.5,111.0,113.0,819400
2020-05-11,95.12680053710938,115.0,118.0,112.5,113.0,1621700
2020-05-12,95.12680053710938,115.0,116.0,114.5,115.0,604300
2020-05-13,93.47242736816406,113.0,115.0,113.0,114.0,804800
2020-05-14,93.05884552001953,112.5,114.0,112.0,112.5,824800
2020-05-15,92.6452407836914,112.0,114.0,112.0,114.0,837400
2020-05-18,86.85491943359375,105.0,113.0,105.0,112.5,2941100
2020-05-19,90.57725524902344,109.5,111.5,107.5,108.0,2228900
2020-05-20,91.81804656982422,111.0,112.0,109.5,110.5,719600
2020-05-21,89.75006866455078,108.5,111.0,108.0,110.5,1834500
2020-05-22,89.75006866455078,108.5,108.5,107.0,108.0,698200
2020-05-25,90.57725524902344,109.5,110.0,108.0,108.5,797100
2020-05-26,92.6452407836914,112.0,113.0,110.0,111.0,3025000
2020-05-27,95.5404052734375,115.5,116.5,112.5,113.0,3320600
2020-05-28,97.19479370117188,117.5,117.5,114.5,117.5,3907600
2020-05-29,99.26276397705078,120.0,120.0,115.5,116.5,6547400
2020-06-01,99.67635345458984,120.5,123.5,120.5,123.0,2260400
2020-06-02,99.67635345458984,120.5,123.0,120.5,121.5,1714600
2020-06-04,102.98511505126953,124.5,126.0,121.5,122.0,2991600
2020-06-05,102.15792083740234,123.5,126.0,123.5,125.5,1876700
2020-06-08,102.15792083740234,123.5,125.0,121.5,124.0,2893000
2020-06-09,100.08995056152344,121.0,125.0,117.5,124.0,3453100
2020-06-10,100.08995056152344,121.0,122.0,119.5,121.0,1731300
2020-06-11,99.67635345458984,120.5,122.0,119.0,121.0,1271000
2020-06-12,98.43557739257812,119.0,120.0,117.5,119.0,2129600
2020-06-15,97.6083755493164,118.0,120.5,117.0,118.0,1852600
2020-06-16,97.19479370117188,117.5,121.0,117.5,120.5,1368700
2020-06-17,97.6083755493164,118.0,119.0,116.5,118.0,1816400
2020-06-18,96.78118133544922,117.0,118.0,116.0,117.0,768700
2020-06-19,97.19479370117188,117.5,118.0,116.0,117.0,1284600
2020-06-22,96.36758422851562,116.5,118.5,116.5,117.5,1027100
2020-06-23,96.36758422851562,116.5,117.5,116.0,117.5,595500
2020-06-24,94.29961395263672,114.0,117.0,114.0,116.5,2805100
2020-06-25,92.6452407836914,112.0,113.5,110.5,112.0,1706400
2020-06-26,93.88601684570312,113.5,114.0,112.0,112.0,1341100
2020-06-29,93.47242736816406,113.0,113.5,111.5,112.5,1637600
2020-06-30,96.36758422851562,116.5,118.5,113.5,115.0,2460400
2020-07-01,98.84916687011719,119.5,120.0,117.0,118.0,2238100
2020-07-02,100.08995056152344,121.0,121.0,118.5,120.0,1494100
2020-07-03,99.26276397705078,120.0,122.5,120.0,122.0,708100
2020-07-07,100.08995056152344,121.0,124.0,121.0,123.0,1090300
2020-07-08,99.26276397705078,120.0,122.5,119.0,120.0,1127500
2020-07-09,100.91715240478516,122.0,123.0,119.5,121.0,1499600
2020-07-10,99.67635345458984,120.5,121.5,119.0,121.0,953000
2020-07-13,96.78118133544922,117.0,122.0,116.0,121.0,1322100
2020-07-14,95.5404052734375,115.5,117.0,114.0,114.5,1267900
2020-07-15,98.02198028564453,118.5,118.5,115.5,116.5,1039600
2020-07-16,96.36758422851562,116.5,119.5,116.0,117.0,824000
2020-07-17,97.6083755493164,118.0,120.5,116.5,118.0,1020100
2020-07-20,100.08995056152344,121.0,121.5,118.5,119.5,1126500
2020-07-21,98.84916687011719,119.5,122.5,119.5,121.5,789400
2020-07-22,97.6083755493164,118.0,121.0,117.0,119.5,896300
2020-07-23,97.6083755493164,118.0,119.0,117.5,118.0,690500
2020-07-24,94.71320343017578,114.5,116.0,114.0,114.5,1719300
2020-07-29,93.88601684570312,113.5,114.5,113.0,114.0,1824700
2020-07-30,91.81804656982422,111.0,114.5,110.5,114.5,1244900
2020-07-31,94.71320343017578,114.5,114.5,109.5,111.5,1595400
2020-08-03,93.88601684570312,113.5,115.0,112.0,114.5,766200
2020-08-04,91.40445709228516,110.5,114.5,110.0,114.5,1827500
2020-08-05,91.40445709228516,110.5,111.5,109.5,111.0,1460200
2020-08-06,90.16366577148438,109.0,109.0,105.5,106.0,3177400
2020-08-07,92.23162841796875,111.5,111.5,107.5,109.0,1361300
2020-08-10,91.81804656982422,111.0,112.5,109.0,110.5,878100
2020-08-11,92.23162841796875,111.5,114.0,111.0,111.0,1824900
2020-08-13,94.71320343017578,114.5,114.5,113.0,113.5,1724600
2020-08-14,94.71320343017578,114.5,114.5,113.0,114.0,1865400
2020-08-17,93.88601684570312,113.5,114.5,112.5,114.5,1153800
2020-08-18,95.95398712158203,116.0,116.0,113.5,113.5,1985400
2020-08-19,93.99064636230469,112.5,115.5,112.0,115.5,1594300
2020-08-20,92.31969451904297,110.5,113.5,110.5,111.0,1526900
2020-08-21,93.99064636230469,112.5,113.0,111.0,112.0,1148300
2020-08-24,93.99064636230469,112.5,113.0,111.5,113.0,688100
2020-08-25,93.15514373779297,111.5,113.0,111.0,111.5,1816000
2020-08-26,92.31969451904297,110.5,112.5,110.0,111.5,1533600
2020-08-27,93.15514373779297,111.5,112.5,111.0,112.0,705400
2020-08-28,93.99064636230469,112.5,113.0,110.5,112.5,1849100
2020-08-31,92.31969451904297,110.5,114.5,110.5,113.0,4682900
2020-09-01,91.48422241210938,109.5,111.0,108.5,111.0,2087600
2020-09-02,90.64874267578125,108.5,110.0,108.0,109.5,1542800
2020-09-03,92.31969451904297,110.5,110.5,108.0,109.0,1751900
2020-09-08,91.9019546508789,110.0,111.5,108.0,111.0,1708300
2020-09-09,90.23102569580078,108.0,109.5,107.0,109.0,1783200
2020-09-10,92.31969451904297,110.5,110.5,107.5,107.5,1501800
2020-09-11,91.06648254394531,109.0,110.5,108.5,110.0,816600
2020-09-14,89.81327819824219,107.5,109.5,107.0,109.5,818800
2020-09-15,88.14232635498047,105.5,108.0,105.0,107.5,2538400
2020-09-16,90.23102569580078,108.0,109.5,106.0,106.0,2718600
2020-09-17,89.81327819824219,107.5,108.5,107.0,107.0,1074800
2020-09-18,90.64874267578125,108.5,108.5,106.5,107.5,1519600
2020-09-21,90.23102569580078,108.0,109.0,107.0,108.5,642400
2020-09-22,88.56007385253906,106.0,108.0,105.5,107.0,1115400
2020-09-23,88.56007385253906,106.0,106.5,105.5,106.5,478200
2020-09-24,88.56007385253906,106.0,106.5,105.0,106.5,1664400
2020-09-25,87.30686950683594,104.5,106.0,104.0,105.5,1276100
2020-09-28,87.30686950683594,104.5,105.5,104.0,105.0,1140300
2020-09-29,83.54723358154297,100.0,104.5,100.0,104.5,2789200
2020-09-30,79.5787353515625,95.25,100.5,95.0,100.0,5726000
2020-10-01,81.04081726074219,97.0,97.0,93.75,95.5,3555700
2020-10-02,81.04081726074219,97.0,97.5,95.75,96.75,2316800
2020-10-05,81.24967956542969,97.25,97.75,97.0,97.25,1068700
2020-10-06,81.04081726074219,97.0,98.0,96.75,98.0,1075800
2020-10-07,82.7117691040039,99.0,99.5,96.0,96.5,1487800
2020-10-08,83.54723358154297,100.0,101.0,99.0,99.0,2124000
2020-10-09,81.04081726074219,97.0,100.5,97.0,99.75,1827900
2020-10-12,80.20535278320312,96.0,97.75,95.75,97.0,1236000
2020-10-14,79.78760528564453,95.5,96.0,95.0,95.75,739900
2020-10-15,79.5787353515625,95.25,96.25,95.0,95.25,1003100
2020-10-16,78.53440856933594,94.0,96.25,94.0,95.5,1339100
2020-10-19,78.53440856933594,94.0,94.5,92.75,94.0,1678300
2020-10-20,77.07231903076172,92.25,94.25,92.0,93.75,1858200
2020-10-21,78.32552337646484,93.75,94.0,92.0,92.25,1492000
2020-10-22,79.78760528564453,95.5,95.75,93.0,93.25,2659400
2020-10-26,77.07231903076172,92.25,95.0,91.75,94.0,2984200
2020-10-27,77.90779113769531,93.25,93.5,91.5,92.0,1640000
2020-10-28,78.11666107177734,93.5,94.5,92.25,92.5,1394200
2020-10-29,77.07231903076172,92.25,93.75,92.25,93.25,1759000
2020-10-30,76.0279769897461,91.0,92.5,91.0,92.5,1459400
2020-11-02,76.44572448730469,91.5,92.0,90.5,92.0,1251800
2020-11-03,77.07231903076172,92.25,92.75,91.25,92.0,947800
2020-11-04,77.07231903076172,92.25,93.25,91.75,92.25,1412800
2020-11-05,78.53440856933594,94.0,94.0,91.0,92.25,3975300
2020-11-06,78.32552337646484,93.75,94.25,92.75,94.0,2217400
2020-11-09,80.41422271728516,96.25,96.25,94.75,95.0,2971900
2020-11-10,91.06648254394531,109.0,111.0,102.5,104.0,8502200
2020-11-11,91.9019546508789,110.0,114.5,108.0,111.0,5829400
2020-11-12,88.97779846191406,106.5,111.0,105.0,111.0,4325700
2020-11-13,88.97779846191406,106.5,107.0,104.5,105.0,2067600
2020-11-16,88.97779846191406,106.5,109.0,106.0,108.5,2459700
2020-11-17,87.72460174560547,105.0,110.0,104.5,108.5,4707000
2020-11-18,89.3955307006836,107.0,107.0,104.5,104.5,1213400
2020-11-19,89.81327819824219,107.5,108.5,106.5,108.0,2014000
2020-11-20,95.24385070800781,114.0,114.0,107.0,107.5,5974400
2020-11-23,103.18083953857422,123.5,125.0,116.0,117.0,8591700
2020-11-24,96.07931518554688,115.0,119.0,113.5,117.0,9946400
2020-11-25,101.09215545654297,121.0,121.5,112.5,116.0,10696000
2020-11-26,107.35819244384766,128.5,132.0,120.5,121.5,9692100
2020-11-27,105.68726348876953,126.5,130.0,123.0,127.0,5393700
2020-11-30,104.01631164550781,124.5,125.0,119.5,123.5,6438400
2020-12-01,110.70010375976562,132.5,133.5,124.0,125.0,8251300
2020-12-02,110.28235626220703,132.0,137.0,129.5,132.0,7137000
2020-12-03,107.77592468261719,129.0,133.5,127.5,132.0,4959700
2020-12-04,107.35819244384766,128.5,130.5,127.5,128.0,3773900
2020-12-08,106.5227279663086,127.5,129.5,127.0,128.0,4023900
2020-12-09,105.68726348876953,126.5,129.5,125.5,128.5,3379300
2020-12-14,102.3453598022461,122.5,127.5,122.0,126.5,2874200
2020-12-15,102.76309967041016,123.0,124.5,120.5,122.5,2613700
2020-12-16,102.76309967041016,123.0,123.0,121.0,123.0,1661500
2020-12-17,102.3453598022461,122.5,126.5,121.5,123.5,3472000
2020-12-18,100.25668334960938,120.0,123.0,119.5,122.5,4706700
2020-12-21,96.91478729248047,116.0,119.0,115.0,115.0,4630500
2020-12-22,96.49706268310547,115.5,116.5,113.5,116.0,2873600
2020-12-23,98.16800689697266,117.5,121.5,115.5,116.0,3813400
2020-12-24,98.16800689697266,117.5,119.0,115.5,118.5,1676000
2020-12-25,105.26952362060547,126.0,126.0,118.0,118.5,5367700
2020-12-28,102.3453598022461,122.5,129.0,121.0,129.0,2988200
2020-12-29,102.3453598022461,122.5,123.5,121.0,123.0,1319100
2020-12-30,100.25668334960938,120.0,123.5,118.5,122.5,1787700
2021-01-04,100.25668334960938,120.0,120.5,116.5,117.0,1964500
2021-01-05,102.76309967041016,123.0,123.0,118.5,118.5,1404400
2021-01-06,99.83894348144531,119.5,123.5,119.5,122.5,1947800
2021-01-07,102.76309967041016,123.0,124.5,120.5,121.0,2734700
2021-01-08,107.35819244384766,128.5,128.5,123.5,125.0,3922400
2021-01-11,106.5227279663086,127.5,129.0,126.0,128.5,2710400
2021-01-12,105.26952362060547,126.0,128.5,124.0,127.5,1837800
2021-01-13,106.10499572753906,127.0,128.0,124.0,125.0,1950800
2021-01-14,107.35819244384766,128.5,132.0,125.5,126.5,6056300
2021-01-15,103.18083953857422,123.5,130.0,123.0,129.0,4219600
2021-01-18,103.59857177734375,124.0,125.0,122.5,123.5,1337900
2021-01-19,103.59857177734375,124.0,127.0,124.0,124.5,1256700
2021-01-20,104.01631164550781,124.5,127.0,123.5,125.0,2302300
2021-01-21,106.10499572753906,127.0,128.0,125.0,125.5,2113400
2021-01-22,104.43404388427734,125.0,127.5,124.0,127.0,1306300
2021-01-25,106.5227279663086,127.5,127.5,125.0,126.0,1309900
2021-01-26,106.94046020507812,128.0,128.5,125.5,126.5,1238300
2021-01-27,105.26952362060547,126.0,128.0,124.5,128.0,1609100
2021-01-28,104.43404388427734,125.0,126.5,124.0,124.5,2222800
2021-01-29,104.85179138183594,125.5,126.5,121.0,125.0,3156800
2021-02-01,104.01631164550781,124.5,125.5,122.5,124.5,2167500
2021-02-02,106.10499572753906,127.0,128.0,124.5,125.0,2064500
2021-02-03,110.70010375976562,132.5,133.0,127.0,128.5,7044300
2021-02-04,107.35819244384766,128.5,133.5,126.0,133.5,4241500
2021-02-05,106.10499572753906,127.0,130.0,126.5,129.0,1977100
2021-02-08,111.1178207397461,133.0,133.0,127.0,128.0,3266100
2021-02-09,108.19366455078125,129.5,133.5,129.0,133.0,2483400
2021-02-10,106.5227279663086,127.5,130.5,126.5,130.0,2030600
2021-02-11,105.68726348876953,126.5,128.0,126.0,128.0,639900
2021-02-15,105.68726348876953,126.5,127.0,125.0,126.5,1000900
2021-02-16,105.68726348876953,126.5,128.0,126.5,126.5,838200
2021-02-17,105.26952362060547,126.0,128.0,125.0,126.0,1623800
2021-02-18,105.26952362060547,126.0,128.0,122.5,125.5,3183400
2021-02-19,106.5227279663086,127.5,128.0,125.0,125.5,1698400
2021-02-22,106.5227279663086,127.5,129.0,124.5,128.0,921400
2021-02-23,107.35819244384766,128.5,131.0,126.0,127.5,2729700
2021-02-24,107.35819244384766,128.5,132.0,128.5,129.0,2689800
2021-02-25,105.68726348876953,126.5,130.0,125.5,130.0,2490800
2021-03-01,105.68726348876953,126.5,131.0,125.0,125.0,2553300
2021-03-02,106.10499572753906,127.0,130.5,126.5,129.5,2475700
2021-03-03,110.28235626220703,132.0,132.0,128.5,128.5,3176800
2021-03-04,108.61140441894531,130.0,135.0,129.0,131.5,3895200
2021-03-05,107.77592468261719,129.0,130.0,128.0,128.0,2670000
2021-03-08,108.19366455078125,129.5,131.0,129.0,131.0,1381800
2021-03-09,114.04197692871094,136.5,138.5,129.5,130.0,6431600
2021-03-10,117.9013442993164,139.0,139.0,133.5,136.5,3724800
2021-03-11,115.3567123413086,136.0,140.0,134.0,140.0,2847000
2021-03-12,114.50849914550781,135.0,137.5,134.0,136.0,2136100
2021-03-15,114.50849914550781,135.0,136.5,133.5,136.0,1181400
2021-03-16,114.08439636230469,134.5,136.0,134.0,135.5,1332800
2021-03-17,118.32544708251953,139.5,139.5,134.0,134.5,2383000
2021-03-18,115.3567123413086,136.0,140.5,136.0,140.0,2746300
2021-03-19,114.93260192871094,135.5,136.5,134.5,136.0,1433600
2021-03-22,114.50849914550781,135.0,136.0,134.5,135.5,723400
2021-03-23,114.50849914550781,135.0,137.5,134.5,135.0,965200
2021-03-24,115.3567123413086,136.0,136.0,133.0,135.0,1124700
2021-03-25,114.08439636230469,134.5,136.0,134.0,136.0,1202900
2021-03-26,114.50849914550781,135.0,136.5,134.5,135.5,904400
2021-03-29,117.05313110351562,138.0,138.5,136.0,136.0,1493100
2021-03-30,115.78079986572266,136.5,138.5,136.0,138.5,1157900
2021-03-31,115.3567123413086,136.0,137.5,135.0,136.5,853600
2021-04-01,116.62902069091797,137.5,137.5,135.5,136.0,919600
2021-04-02,115.78079986572266,136.5,137.5,136.5,137.5,440900
2021-04-05,114.50849914550781,135.0,137.0,135.0,135.5,643200
2021-04-07,114.93260192871094,135.5,136.5,134.0,135.0,810100
2021-04-08,114.93260192871094,135.5,137.5,135.0,135.0,1026900
2021-04-09,120.87006378173828,142.5,144.5,135.0,135.5,4640100
2021-04-12,117.47724151611328,138.5,143.0,137.5,143.0,2215700
2021-04-16,117.05313110351562,138.0,139.5,137.0,139.5,865400
2021-04-19,117.47724151611328,138.5,140.5,137.5,138.0,1024800
2021-04-20,118.74954223632812,140.0,140.0,137.0,138.0,1708700
2021-04-21,117.9013442993164,139.0,142.0,138.5,140.0,1948400
2021-04-22,115.3567123413086,136.0,139.5,136.0,139.5,1705500
2021-04-23,116.20491027832031,137.0,139.0,134.5,135.0,2236400
2021-04-26,118.32544708251953,139.5,141.5,136.0,137.0,2435000
2021-04-27,117.47724151611328,138.5,140.5,137.5,140.0,1029200
2021-04-28,119.59777069091797,141.0,141.0,139.0,139.5,1205100
2021-04-29,117.47724151611328,138.5,139.0,137.0,137.0,1974600
2021-04-30,113.66028594970703,134.0,137.5,132.0,137.0,3427200
2021-05-05,110.69153594970703,130.5,134.0,129.5,133.5,2709700
2021-05-06,112.38799285888672,132.5,132.5,129.0,130.0,1656700
2021-05-07,111.9638671875,132.0,132.5,130.0,131.5,1409400
2021-05-10,108.99513244628906,128.5,133.0,126.5,132.5,2381000
2021-05-11,108.57100677490234,128.0,129.5,126.0,127.0,2008100
2021-05-12,106.87459564208984,126.0,128.5,125.5,127.5,1492600
2021-05-13,107.2987060546875,126.5,127.0,123.0,125.0,2020000
2021-05-14,107.7228012084961,127.0,128.0,125.0,126.5,1302800
2021-05-17,107.2987060546875,126.5,127.5,126.0,127.0,978400
2021-05-18,108.14690399169922,127.5,128.5,126.5,127.5,780700
2021-05-19,108.57100677490234,128.0,129.0,127.0,127.5,1118400
2021-05-20,108.57100677490234,128.0,130.0,127.5,128.5,1329100
2021-05-21,108.57100677490234,128.0,130.0,128.0,129.0,769000
2021-05-24,111.11565399169922,131.0,133.0,129.5,130.0,2168100
2021-05-25,111.9638671875,132.0,132.5,131.0,131.5,1170500
2021-05-27,111.53975677490234,131.5,133.5,130.5,132.5,4717400
2021-05-28,111.11565399169922,131.0,132.5,131.0,131.0,610900
2021-05-31,111.9638671875,132.0,132.0,131.0,131.5,569400
2021-06-01,111.9638671875,132.0,133.5,131.5,132.5,1840200
2021-06-02,111.9638671875,132.0,134.0,131.5,132.5,1195200
2021-06-04,111.53975677490234,131.5,133.0,131.0,133.0,1009800
2021-06-07,111.11565399169922,131.0,133.0,130.5,132.5,729400
2021-06-08,111.11565399169922,131.0,132.0,129.5,130.0,1103200
2021-06-09,112.81206512451172,133.0,135.0,131.0,131.0,2425500
2021-06-10,113.66028594970703,134.0,135.5,133.5,134.5,835600
2021-06-11,114.93260192871094,135.5,136.0,133.5,135.0,1103200
2021-06-14,114.93260192871094,135.5,137.0,134.5,136.0,448500
2021-06-15,113.66028594970703,134.0,135.5,133.5,135.5,1113900
2021-06-16,113.66028594970703,134.0,134.5,132.5,132.5,667000
2021-06-17,111.53975677490234,131.5,134.0,131.5,133.0,1388900
2021-06-18,113.66028594970703,134.0,134.0,130.0,132.0,4687800
2021-06-21,110.69153594970703,130.5,132.5,130.5,132.5,1875800
2021-06-22,109.84333038330078,129.5,131.5,128.5,131.5,2605900
2021-06-23,109.84333038330078,129.5,131.0,129.0,130.0,1111000
2021-06-24,110.26744079589844,130.0,130.0,128.5,129.5,876100
2021-06-25,108.57100677490234,128.0,131.0,128.0,129.5,1409000
2021-06-28,108.57100677490234,128.0,131.0,127.5,128.0,2034000
2021-06-29,109.41922760009766,129.0,130.0,128.0,128.0,879100
2021-06-30,108.99513244628906,128.5,129.5,128.0,129.0,842600
2021-07-01,108.99513244628906,128.5,129.5,128.0,128.5,1029600
2021-07-02,108.57100677490234,128.0,129.5,126.0,129.0,1699400
2021-07-05,108.99513244628906,128.5,128.5,127.5,128.5,872200
2021-07-06,108.57100677490234,128.0,128.5,127.0,128.5,412600
2021-07-07,107.7228012084961,127.0,127.5,126.5,127.0,529100
2021-07-08,106.87459564208984,126.0,131.0,125.5,127.5,3430800
2021-07-09,107.2987060546875,126.5,128.0,125.5,126.5,972000
2021-07-12,106.02638244628906,125.0,128.0,124.0,127.0,1155400
2021-07-13,105.6022720336914,124.5,127.0,124.0,126.0,1599900
2021-07-14,106.02638244628906,125.0,126.5,123.5,125.0,1117500
2021-07-15,104.75407409667969,123.5,125.5,123.0,125.0,1006600
2021-07-16,106.02638244628906,125.0,125.0,123.0,124.0,891200
2021-07-19,103.90585327148438,122.5,125.0,122.5,124.0,775300
2021-07-20,104.32997131347656,123.0,123.5,121.5,122.0,1076100
2021-07-21,103.90585327148438,122.5,123.5,121.0,123.0,981300
2021-07-22,103.05763244628906,121.5,123.0,121.0,122.5,1523100
2021-07-23,103.05763244628906,121.5,123.5,121.5,121.5,710600
2021-07-27,102.63353729248047,121.0,123.5,120.0,123.5,849800
2021-07-29,103.48175048828125,122.0,123.5,120.0,120.5,921700
2021-07-30,101.78533172607422,120.0,122.5,119.5,122.0,816300
2021-08-02,101.78533172607422,120.0,120.5,118.5,119.5,753500
2021-08-03,103.05763244628906,121.5,122.0,120.0,120.0,540500
2021-08-04,102.63353729248047,121.0,122.5,121.0,121.5,733700
2021-08-05,100.93712615966797,119.0,121.0,119.0,120.0,1193900
2021-08-06,99.66480255126953,117.5,120.0,117.0,119.0,834800
2021-08-09,99.66480255126953,117.5,119.0,116.5,119.0,643200
2021-08-10,100.51300811767578,118.5,119.0,117.0,117.5,2147500
2021-08-11,103.90585327148438,122.5,124.5,119.0,120.5,3086500
2021-08-13,108.57100677490234,128.0,129.0,123.0,123.0,3476300
2021-08-16,109.84333038330078,129.5,129.5,127.5,128.0,1480700
2021-08-17,110.26744079589844,130.0,130.0,128.0,129.5,2358900
2021-08-18,110.26744079589844,130.0,130.5,129.0,130.0,1371000
2021-08-19,109.41922760009766,129.0,129.5,127.5,129.5,993000
2021-08-20,109.84333038330078,129.5,130.5,128.5,130.0,1399100
2021-08-23,111.53975677490234,131.5,132.5,129.0,132.0,2801100
2021-08-24,112.38799285888672,132.5,134.0,131.5,132.5,1701400
2021-08-25,112.81206512451172,133.0,134.5,132.0,133.0,1280400
2021-08-26,113.36824035644531,132.5,133.0,131.0,132.0,635500
2021-08-27,113.79601287841797,133.0,134.0,131.5,132.0,1074100
2021-08-30,112.94041442871094,132.0,134.5,132.0,134.0,989000
2021-08-31,113.79601287841797,133.0,134.0,131.5,131.5,2561600
2021-09-01,112.94041442871094,132.0,134.0,131.5,133.5,1507900
2021-09-02,114.22381591796875,133.5,134.0,131.5,132.0,1757500
2021-09-03,115.0794448852539,134.5,134.5,132.0,133.5,1546700
2021-09-06,112.94041442871094,132.0,134.5,131.5,134.5,1120300
2021-09-07,112.51261138916016,131.5,133.5,131.0,133.0,1076000
2021-09-08,112.51261138916016,131.5,132.0,129.5,130.0,1556000
2021-09-09,111.22920227050781,130.0,132.0,129.0,130.0,1130900
2021-09-10,111.22920227050781,130.0,131.0,129.0,130.0,950800
2021-09-13,111.65699005126953,130.5,130.5,128.5,129.0,1432600
2021-09-14,112.08480072021484,131.0,131.5,129.0,130.5,1274900
2021-09-15,111.22920227050781,130.0,131.5,129.0,131.0,1653100
2021-09-16,114.22381591796875,133.5,138.5,130.5,130.5,5649500
2021-09-17,114.22381591796875,133.5,136.0,133.0,133.5,2803100
2021-09-20,116.36284637451172,136.0,138.0,130.0,132.5,5094500
2021-09-21,119.35747528076172,139.5,139.5,134.5,136.0,4566800
2021-09-22,119.78528594970703,140.0,140.0,138.0,140.0,1492200
2021-09-23,121.49649810791016,142.0,143.0,138.5,140.0,2717700
2021-09-27,125.77454376220703,147.0,148.0,140.5,143.0,4881800
2021-09-28,124.49115753173828,145.5,147.0,144.0,147.0,2623700
2021-09-29,122.35211181640625,143.0,145.0,141.5,144.0,2168700
2021-09-30,121.06871795654297,141.5,144.0,140.5,142.5,1500800
2021-10-01,122.35211181640625,143.0,144.5,140.5,140.5,1924200
2021-10-04,123.63551330566406,144.5,145.5,142.5,143.0,1953900
2021-10-05,125.34674835205078,146.5,147.0,143.0,144.0,2046200
2021-10-06,122.35211181640625,143.0,146.5,143.0,146.5,885300
2021-10-07,121.49649810791016,142.0,145.0,142.0,143.0,1423900
2021-10-08,120.21309661865234,140.5,144.5,139.5,142.0,1753900
2021-10-11,119.78528594970703,140.0,141.5,139.0,139.0,1920200
2021-10-12,124.0633316040039,145.0,147.0,142.0,144.0,4238300
2021-10-14,123.20770263671875,144.0,146.0,142.5,145.0,2524100
2021-10-15,122.35211181640625,143.0,145.5,142.5,144.0,1864100
2021-10-18,121.92430114746094,142.5,143.5,141.0,143.5,1152900
2021-10-19,122.35211181640625,143.0,144.5,141.5,144.0,2263000
2021-10-20,122.35211181640625,143.0,143.5,142.5,143.0,890100
2021-10-21,121.92430114746094,142.5,143.5,141.5,143.5,983700
2021-10-25,120.21309661865234,140.5,143.0,139.0,143.0,2095800
2021-10-26,118.92967987060547,139.0,141.0,139.0,140.5,938500
2021-10-27,119.78528594970703,140.0,142.0,138.5,138.5,1814300
2021-10-28,123.63551330566406,144.5,145.0,141.0,141.5,2597300
2021-10-29,124.49115753173828,145.5,147.0,143.5,144.5,1964200
2021-11-01,126.63016510009766,148.0,148.5,145.0,147.0,2931500
2021-11-02,130.48040771484375,152.5,154.0,148.0,149.0,4599700
2021-11-03,130.908203125,153.0,153.5,151.5,152.5,1915800
2021-11-04,129.6248016357422,151.5,153.5,149.5,153.0,1835500
2021-11-05,127.48576354980469,149.0,153.0,148.0,150.5,2725300
2021-11-08,130.48040771484375,152.5,154.5,151.0,151.0,2670200
2021-11-09,132.19163513183594,154.5,155.5,151.0,152.0,3204500
2021-11-10,130.48040771484375,152.5,153.5,152.0,152.5,902300
2021-11-11,130.48040771484375,152.5,154.0,151.0,153.0,1472200
2021-11-12,131.76380920410156,154.0,156.5,153.5,154.0,2239900
2021-11-15,133.90281677246094,156.5,157.5,154.0,154.5,1770200
2021-11-16,135.186279296875,158.0,158.0,154.5,157.0,2206100
2021-11-17,131.76380920410156,154.0,158.0,151.5,158.0,3154500
2021-11-18,130.48040771484375,152.5,155.0,152.0,154.5,1745600
2021-11-19,130.48040771484375,152.5,153.5,151.5,152.0,895500
2021-11-22,130.0526123046875,152.0,152.5,151.0,152.0,806200
2021-11-23,128.3413543701172,150.0,151.5,150.0,151.0,802400
2021-11-24,129.19699096679688,151.0,152.0,150.0,150.0,889600
2021-11-25,129.6248016357422,151.5,152.5,150.5,151.5,1030100
2021-11-26,126.20236206054688,147.5,151.5,147.5,151.0,1913400
2021-11-29,125.34674835205078,146.5,151.0,146.0,147.5,2054400
2021-11-30,123.20770263671875,144.0,148.5,141.0,146.5,5268200
2021-12-01,122.77991485595703,143.5,144.0,139.5,141.5,2669600
2021-12-02,121.49649810791016,142.0,143.5,140.5,142.5,1682300
2021-12-03,121.06871795654297,141.5,143.0,141.0,141.5,785000
2021-12-07,121.92430114746094,142.5,143.0,139.5,141.5,1689600
2021-12-08,121.49649810791016,142.0,144.0,141.5,143.0,1131000
2021-12-09,122.35211181640625,143.0,143.5,142.0,143.0,761900
2021-12-13,122.77991485595703,143.5,144.5,142.0,144.0,988800
2021-12-14,123.20770263671875,144.0,144.0,141.5,142.5,1057200
2021-12-15,121.06871795654297,141.5,144.0,140.5,143.5,981900
2021-12-16,122.35211181640625,143.0,143.5,140.0,141.0,1519900
2021-12-17,122.35211181640625,143.0,143.5,141.5,143.0,1045500
2021-12-20,119.78528594970703,140.0,141.5,139.0,141.0,1061700
2021-12-21,118.50186920166016,138.5,140.5,138.0,139.5,1438400
2021-12-22,118.50186920166016,138.5,139.5,137.0,137.5,1112400
2021-12-23,118.92967987060547,139.0,140.0,137.5,139.5,884700
2021-12-24,119.35747528076172,139.5,140.5,139.0,139.5,611100
2021-12-27,119.78528594970703,140.0,141.0,139.0,141.0,543900
2021-12-28,120.64091491699219,141.0,142.0,140.0,140.0,825300
2021-12-29,121.06871795654297,141.5,142.0,140.0,141.0,789900
2021-12-30,120.64091491699219,141.0,142.0,140.5,142.0,641100
2022-01-04,120.64091491699219,141.0,142.5,137.5,142.0,2177400
2022-01-05,118.0740737915039,138.0,139.0,136.5,139.0,1776400
2022-01-06,114.22381591796875,133.5,138.0,132.5,138.0,4030100
2022-01-07,115.0794448852539,134.5,135.5,132.5,133.5,2348400
2022-01-10,115.50724792480469,135.0,135.5,133.5,134.5,1241700
2022-01-11,115.93505096435547,135.5,135.5,133.5,135.5,1652600
2022-01-12,115.93505096435547,135.5,136.0,134.5,136.0,1008400
2022-01-13,115.93505096435547,135.5,136.5,134.5,135.5,888300
2022-01-14,115.93505096435547,135.5,136.5,134.5,136.0,1632300
2022-01-17,116.79064178466797,136.5,137.5,135.0,136.0,1136000
2022-01-18,116.79064178466797,136.5,138.0,135.5,138.0,1332500
2022-01-19,115.50724792480469,135.0,136.5,134.0,136.5,972400
2022-01-20,116.36284637451172,136.0,138.0,135.0,135.0,1147700
2022-01-21,116.79064178466797,136.5,137.5,135.0,135.5,1210100
2022-01-24,116.79064178466797,136.5,137.0,135.5,137.0,664700
2022-01-25,117.21845245361328,137.0,137.0,135.0,136.0,841300
2022-01-26,117.21845245361328,137.0,140.0,135.5,137.0,2430200
2022-01-27,118.92967987060547,139.0,139.0,136.0,136.0,2459700
2022-01-28,118.50186920166016,138.5,140.0,136.5,140.0,1695100
2022-01-31,120.64091491699219,141.0,143.5,140.5,141.5,2214900
2022-02-01,121.49649810791016,142.0,143.0,141.5,142.0,853000
2022-02-02,123.20770263671875,144.0,146.0,142.5,142.5,2397500
2022-02-03,126.20236206054688,147.5,149.0,142.5,142.5,2980900
2022-02-04,125.77454376220703,147.0,148.5,145.0,147.0,1976900
2022-02-07,125.77454376220703,147.0,148.5,145.5,147.5,1700100
2022-02-08,126.20236206054688,147.5,148.5,146.5,147.0,1132500
2022-02-09,129.6248016357422,151.5,153.5,147.5,147.5,3574200
2022-02-10,130.48040771484375,152.5,152.5,149.0,151.5,1488900
2022-02-11,128.3413543701172,150.0,152.5,148.5,152.5,2163300
2022-02-14,129.19699096679688,151.0,152.5,149.0,149.5,2291100
2022-02-15,132.19163513183594,154.5,156.0,151.0,151.0,3445300
2022-02-17,133.4750213623047,156.0,158.0,154.5,156.5,2774300
2022-02-18,131.3360137939453,153.5,156.0,152.5,156.0,2423500
2022-02-21,130.908203125,153.0,155.5,151.5,152.5,1658700
2022-02-22,130.0526123046875,152.0,152.0,148.5,150.0,2319100
2022-02-23,128.7691650390625,150.5,151.5,149.5,151.5,1912000
2022-02-24,133.04721069335938,155.5,158.5,151.5,152.0,8660100
2022-02-25,133.04721069335938,155.5,158.0,154.5,156.5,2696900
2022-02-28,131.3360137939453,153.5,157.0,153.0,155.0,3200500
2022-03-01,139.4643096923828,163.0,165.0,154.5,154.5,7789900
2022-03-02,142.45892333984375,166.5,167.5,162.5,162.5,4795800
2022-03-03,142.88673400878906,167.0,168.0,164.5,167.0,3381000
2022-03-04,143.74234008789062,168.0,170.0,166.5,166.5,2195000
2022-03-07,142.88673400878906,167.0,169.5,160.5,161.0,3129700
2022-03-08,146.73696899414062,171.5,175.0,168.0,168.0,7073600
2022-03-09,143.74234008789062,168.0,171.5,166.5,171.5,2985300
2022-03-10,144.17013549804688,168.5,170.0,166.0,170.0,2688800
2022-03-11,143.78036499023438,166.0,167.0,162.0,166.5,2497800
2022-03-14,145.07958984375,167.5,167.5,164.5,166.5,1703300
2022-03-15,143.78036499023438,166.0,169.5,164.0,167.0,2490000
2022-03-16,143.34730529785156,165.5,168.0,163.5,166.0,1787800
2022-03-17,144.2134552001953,166.5,169.5,165.5,166.0,2834400
2022-03-18,142.48117065429688,164.5,166.5,163.0,166.0,5020300
2022-03-21,142.91421508789062,165.0,167.0,163.5,165.0,2260400
2022-03-22,143.78036499023438,166.0,168.0,164.5,165.0,2292600
2022-03-23,143.34730529785156,165.5,166.5,165.0,166.0,2245400
2022-03-24,139.44964599609375,161.0,168.5,158.5,166.0,6851700
2022-03-25,139.88270568847656,161.5,163.0,159.0,162.5,5726100
2022-03-28,140.31576538085938,162.0,163.0,160.5,161.0,1916000
2022-03-29,137.2842559814453,158.5,163.0,157.0,163.0,5557400
2022-03-30,136.4181365966797,157.5,160.0,156.5,159.0,5630100
2022-03-31,135.55197143554688,156.5,160.0,155.5,159.0,7187000
2022-04-01,134.6858367919922,155.5,157.0,153.5,157.0,5271500
2022-04-04,135.55197143554688,156.5,159.0,155.5,156.0,3926700
2022-04-05,138.58349609375,160.0,160.0,156.0,157.0,2835000
2022-04-07,138.15042114257812,159.5,163.0,158.5,161.0,6386900
2022-04-08,138.15042114257812,159.5,161.0,158.5,160.0,2996700
2022-04-11,139.88270568847656,161.5,164.0,160.0,160.0,3776300
2022-04-12,140.31576538085938,162.0,163.5,160.5,160.5,3324600
2022-04-18,138.58349609375,160.0,163.0,159.5,163.0,1697400
2022-04-19,139.0165557861328,160.5,163.0,159.0,161.5,3895700
2022-04-20,142.48117065429688,164.5,166.0,161.5,161.5,8296600
2022-04-21,143.34730529785156,165.5,167.5,164.0,165.0,4565800
2022-04-22,143.34730529785156,165.5,166.0,163.0,165.5,6311000
2022-04-25,142.91421508789062,165.0,166.0,163.5,165.5,4228500
2022-04-26,145.51268005371094,168.0,169.5,166.0,166.0,6676700
2022-04-27,143.34730529785156,165.5,167.5,164.0,166.5,2776700
2022-04-28,142.91421508789062,165.0,168.0,162.5,168.0,3320700
2022-04-29,139.0165557861328,160.5,166.0,158.5,166.0,6824600
2022-05-03,138.58349609375,160.0,162.0,159.0,160.5,4490700
2022-05-05,139.88270568847656,161.5,164.5,160.0,162.0,5741100
2022-05-06,139.88270568847656,161.5,164.0,159.0,159.0,4984400
2022-05-09,140.7488555908203,162.5,168.5,161.0,161.5,8557700
2022-05-10,140.31576538085938,162.0,166.0,161.0,162.0,8145200
2022-05-11,142.91421508789062,165.0,166.0,161.0,161.5,4808200
2022-05-12,143.78036499023438,166.0,166.0,163.0,163.0,3448200
2022-05-13,148.9772491455078,172.0,173.5,165.5,167.0,7037900
2022-05-17,151.1426239013672,174.5,174.5,170.5,172.0,4068100
2022-05-18,148.9772491455078,172.0,174.0,170.0,174.0,3949600
2022-05-19,149.84341430664062,173.0,176.0,170.5,171.0,7394800
2022-05-20,151.1426239013672,174.5,174.5,172.0,174.0,3151100
2022-05-23,151.57568359375,175.0,175.5,172.5,174.0,2924100
2022-05-24,149.41033935546875,172.5,175.5,171.5,175.0,3767600
2022-05-25,149.84341430664062,173.0,174.5,172.0,172.5,2843500
2022-05-26,150.2764892578125,173.5,174.5,171.0,174.0,2412700
2022-05-27,148.544189453125,171.5,173.5,169.0,173.5,2927600
2022-05-30,148.9772491455078,172.0,172.0,170.5,171.0,1280800
2022-05-31,151.1426239013672,174.5,174.5,170.0,171.5,7153400
2022-06-01,151.57568359375,175.0,175.5,172.0,174.0,3553800
2022-06-02,150.2764892578125,173.5,175.5,173.0,175.5,1987500
2022-06-06,152.44186401367188,176.0,177.5,173.0,173.0,5193800
2022-06-07,151.57568359375,175.0,176.5,173.5,176.5,2738100
2022-06-08,152.44186401367188,176.0,176.0,174.0,175.0,3073800
2022-06-09,154.17416381835938,178.0,180.0,174.5,176.5,5510000
2022-06-10,151.57568359375,175.0,177.5,173.5,177.0,3304900
2022-06-13,149.84341430664062,173.0,174.5,172.0,173.0,2012100
2022-06-14,149.84341430664062,173.0,173.5,169.0,172.5,3582200
2022-06-15,151.57568359375,175.0,176.0,172.5,173.0,3520900
2022-06-16,148.9772491455078,172.0,176.0,171.5,174.5,2960700
2022-06-17,150.2764892578125,173.5,174.5,170.5,170.5,3010500
2022-06-20,151.57568359375,175.0,175.5,173.5,174.0,1313700
2022-06-21,151.57568359375,175.0,175.5,174.0,175.5,1235900
2022-06-22,151.1426239013672,174.5,175.0,172.0,174.0,2257200
2022-06-23,152.44186401367188,176.0,177.5,174.0,175.0,2150200
2022-06-24,153.74107360839844,177.5,179.0,175.5,177.0,4327100
2022-06-27,154.60720825195312,178.5,180.0,177.5,179.0,2961800
2022-06-28,155.9064483642578,180.0,181.5,177.0,178.0,3467300
2022-06-29,155.9064483642578,180.0,182.0,178.5,180.0,1718600
2022-06-30,155.040283203125,179.0,182.0,178.5,180.0,2067200
2022-07-01,155.9064483642578,180.0,181.0,179.0,179.0,2001300
2022-07-04,156.77256774902344,181.0,181.5,179.0,180.0,1585000
2022-07-05,158.93797302246094,183.5,186.0,181.0,181.0,5034700
2022-07-06,160.23716735839844,185.0,186.0,183.5,183.5,3519500
2022-07-07,162.83560180664062,188.0,189.0,186.0,186.5,4934600
2022-07-08,163.2686767578125,188.5,190.0,187.5,188.0,3211000
2022-07-11,163.2686767578125,188.5,188.5,187.5,188.5,2126300
2022-07-12,162.83560180664062,188.0,190.5,188.0,188.5,2300800
2022-07-14,162.83560180664062,188.0,191.0,187.0,188.0,4447400
2022-07-15,163.2686767578125,188.5,188.5,185.0,187.0,4008100
2022-07-18,154.60720825195312,178.5,187.0,177.0,187.0,6222000
2022-07-19,156.33950805664062,180.5,181.0,178.0,179.0,3847600
2022-07-20,155.9064483642578,180.0,181.5,178.0,181.0,1928400
2022-07-21,155.040283203125,179.0,180.0,177.5,179.0,2121500
2022-07-22,154.60720825195312,178.5,180.0,177.5,180.0,1195200
2022-07-25,154.60720825195312,178.5,179.5,175.0,178.5,2307000
2022-07-26,157.20565795898438,181.5,182.5,179.5,180.0,3049100
2022-07-27,157.6387481689453,182.0,182.5,180.0,182.5,1306200
2022-08-01,159.80409240722656,184.5,185.0,183.0,184.0,3252300
2022-08-02,159.3710174560547,184.0,185.5,183.0,184.5,2827500
2022-08-03,160.23716735839844,185.0,185.0,183.5,184.5,1627400
2022-08-04,158.93797302246094,183.5,187.0,182.5,185.5,1794500
2022-08-05,157.6387481689453,182.0,184.0,181.0,184.0,1962100
2022-08-08,155.9064483642578,180.0,184.0,178.5,184.0,3822300
2022-08-09,157.20565795898438,181.5,182.0,179.5,179.5,2094900
2022-08-10,157.6387481689453,182.0,182.5,180.0,181.5,3347500
2022-08-11,164.56788635253906,190.0,197.0,186.5,187.0,17035700
2022-08-15,163.2686767578125,188.5,191.0,188.5,190.0,7132900
2022-08-16,164.1348114013672,189.5,196.5,188.0,190.5,11865700
2022-08-17,167.59939575195312,193.5,196.0,190.5,190.5,11138500
2022-08-18,161.536376953125,186.5,187.5,180.5,187.0,38672900
2022-08-19,168.46556091308594,194.5,195.0,186.5,188.0,18730500
2022-08-22,168.46556091308594,194.5,196.0,193.0,196.0,6038300
2022-08-23,185.35543823242188,214.0,214.0,196.5,197.0,18446400
2022-08-24,182.75698852539062,211.0,214.0,206.0,214.0,10414300
2022-08-25,190.72567749023438,219.0,219.0,211.0,212.0,12635400
2022-08-26,188.1129913330078,216.0,218.0,214.0,218.0,8011800
2022-08-29,187.24208068847656,215.0,216.0,209.0,213.0,8851600
2022-08-30,187.24208068847656,215.0,220.0,214.0,215.0,14303500
2022-08-31,188.1129913330078,216.0,218.0,213.0,214.0,19069400
2022-09-01,188.1129913330078,216.0,219.0,213.0,214.0,6249800
2022-09-02,188.98387145996094,217.0,220.0,214.0,214.0,4185900
2022-09-05,187.24208068847656,215.0,219.0,214.0,216.0,4197400
2022-09-06,188.1129913330078,216.0,217.0,214.0,215.0,3074200
2022-09-07,189.85475158691406,218.0,220.0,215.0,216.0,5205700
2022-09-08,195.95101928710938,225.0,226.0,216.0,219.0,8824300
2022-09-09,195.08013916015625,224.0,227.0,223.0,227.0,4576300
2022-09-12,197.69281005859375,227.0,228.0,224.0,226.0,2398800
2022-09-13,201.1763916015625,231.0,233.0,225.0,227.0,6347200
2022-09-14,195.95101928710938,225.0,230.0,224.0,228.0,4872900
2022-09-15,197.69281005859375,227.0,229.0,225.0,227.0,3989300
2022-09-16,190.72567749023438,219.0,227.0,216.0,225.0,14960400
2022-09-19,195.95101928710938,225.0,225.0,219.0,219.0,2875500
2022-09-20,196.82191467285156,226.0,231.0,224.0,227.0,5344600
2022-09-21,197.69281005859375,227.0,228.0,224.0,226.0,2137400
2022-09-22,200.3054962158203,230.0,230.0,225.0,226.0,2064500
2022-09-23,195.95101928710938,225.0,230.0,225.0,228.0,1816100
2022-09-26,196.82191467285156,226.0,227.0,222.0,227.0,2288700
2022-09-27,195.95101928710938,225.0,228.0,223.0,223.0,2495900
2022-09-28,197.69281005859375,227.0,229.0,224.0,224.0,2710200
2022-09-29,195.08013916015625,224.0,228.0,222.0,227.0,4160200
2022-09-30,197.69281005859375,227.0,227.0,223.0,224.0,2477200
2022-10-03,193.3383331298828,222.0,229.0,221.0,227.0,4463100
2022-10-04,199.43460083007812,229.0,231.0,223.0,223.0,4758300
2022-10-05,199.43460083007812,229.0,230.0,227.0,230.0,2407900
2022-10-06,202.9181671142578,233.0,237.0,230.0,230.0,4991700
2022-10-07,202.9181671142578,233.0,234.0,230.0,234.0,2108600
2022-10-10,202.9181671142578,233.0,235.0,230.0,232.0,1827900
2022-10-11,198.56370544433594,228.0,235.0,228.0,233.0,1945400
2022-10-12,200.3054962158203,230.0,230.0,226.0,228.0,1609500
2022-10-17,204.6599578857422,235.0,238.0,231.0,235.0,3265200
2022-10-18,202.9181671142578,233.0,237.0,232.0,235.0,1889300
2022-10-19,198.56370544433594,228.0,234.0,227.0,234.0,2891300
2022-10-20,200.3054962158203,230.0,231.0,225.0,228.0,3151000
2022-10-21,199.43460083007812,229.0,231.0,227.0,229.0,1215600
2022-10-25,202.04727172851562,232.0,232.0,229.0,231.0,2462100
2022-10-26,198.56370544433594,228.0,233.0,227.0,232.0,2696500
2022-10-27,198.56370544433594,228.0,232.0,228.0,229.0,2249900
2022-10-28,195.95101928710938,225.0,229.0,224.0,229.0,2309300
2022-10-31,197.69281005859375,227.0,229.0,225.0,227.0,1923800
2022-11-01,196.82191467285156,226.0,228.0,225.0,228.0,1852400
2022-11-02,197.69281005859375,227.0,228.0,223.0,225.0,3264400
2022-11-03,195.08013916015625,224.0,229.0,223.0,228.0,2649600
2022-11-04,195.08013916015625,224.0,227.0,224.0,225.0,2600900
2022-11-07,192.4674530029297,221.0,226.0,219.0,225.0,3068300
2022-11-08,192.4674530029297,221.0,224.0,220.0,223.0,3578100
2022-11-09,195.08013916015625,224.0,225.0,218.0,223.0,3893600
2022-11-10,202.9181671142578,233.0,238.0,224.0,226.0,9405400
2022-11-11,208.14353942871094,239.0,241.0,231.0,237.0,7093800
2022-11-14,199.43460083007812,229.0,240.0,228.0,238.0,5988900
2022-11-15,199.43460083007812,229.0,231.0,228.0,230.0,2212600
2022-11-16,199.43460083007812,229.0,232.0,228.0,229.0,2086200
2022-11-17,185.50030517578125,213.0,227.0,210.0,226.0,12373000
2022-11-18,184.62940979003906,212.0,216.0,209.0,213.0,7570900
2022-11-21,188.98387145996094,217.0,218.0,210.0,210.0,4370100
2022-11-22,191.5965576171875,220.0,221.0,217.0,219.0,3074500
2022-11-23,191.5965576171875,220.0,222.0,219.0,221.0,2785300
2022-11-24,191.5965576171875,220.0,223.0,216.0,219.0,2355600
2022-11-25,189.85475158691406,218.0,220.0,216.0,220.0,1377700
2022-11-28,188.98387145996094,217.0,220.0,215.0,217.0,1840800
2022-11-29,190.72567749023438,219.0,222.0,217.0,218.0,2745700
2022-11-30,197.69281005859375,227.0,227.0,218.0,221.0,7941400
2022-12-01,190.72567749023438,219.0,226.0,218.0,224.0,4922100
2022-12-02,189.85475158691406,218.0,221.0,216.0,219.0,3570600
2022-12-06,188.1129913330078,216.0,217.0,214.0,216.0,2987900
2022-12-07,187.24208068847656,215.0,217.0,213.0,216.0,2114400
2022-12-08,184.62940979003906,212.0,216.0,211.0,216.0,1983200
2022-12-09,182.88763427734375,210.0,212.0,209.0,210.0,2793600
2022-12-13,179.404052734375,206.0,210.0,203.0,208.0,5879100
2022-12-14,183.75851440429688,211.0,212.0,205.0,206.0,3392100
2022-12-15,182.88763427734375,210.0,212.0,207.0,212.0,2619700
2022-12-16,186.37120056152344,214.0,214.0,206.0,210.0,5571400
2022-12-19,184.62940979003906,212.0,215.0,211.0,213.0,1742600
2022-12-20,182.0167236328125,209.0,212.0,208.0,212.0,1976300
2022-12-21,185.50030517578125,213.0,213.0,210.0,210.0,2108700
2022-12-22,183.75851440429688,211.0,213.0,208.0,213.0,1794000
2022-12-23,182.0167236328125,209.0,211.0,207.0,211.0,2430400
2022-12-26,181.14585876464844,208.0,209.0,206.0,208.0,1510300
2022-12-27,183.75851440429688,211.0,212.0,208.0,208.0,1963300
2022-12-28,185.50030517578125,213.0,215.0,211.0,212.0,2366400
2022-12-29,188.1129913330078,216.0,216.0,213.0,213.0,2765600
2022-12-30,184.62940979003906,212.0,216.0,212.0,216.0,2481200
2023-01-03,186.37120056152344,214.0,217.0,212.0,213.0,2029400
2023-01-04,188.98387145996094,217.0,217.0,214.0,216.0,2317200
2023-01-05,189.85475158691406,218.0,219.0,215.0,217.0,2869900
2023-01-06,194.20924377441406,223.0,225.0,218.0,218.0,4957500
2023-01-09,195.08013916015625,224.0,228.0,223.0,226.0,3424700
2023-01-10,195.95101928710938,225.0,226.0,223.0,224.0,2489400
2023-01-11,192.4674530029297,221.0,227.0,220.0,227.0,2405100
2023-01-12,188.1129913330078,216.0,222.0,214.0,222.0,4186300
2023-01-13,187.24208068847656,215.0,217.0,213.0,216.0,3982900
2023-01-16,185.50030517578125,213.0,214.0,210.0,214.0,3450500
2023-01-17,184.62940979003906,212.0,213.0,210.0,213.0,2304600
2023-01-18,181.14585876464844,208.0,212.0,208.0,212.0,4146600
2023-01-19,183.75851440429688,211.0,213.0,209.0,209.0,3205700
2023-01-20,182.0167236328125,209.0,211.0,208.0,211.0,2614700
2023-01-23,182.0167236328125,209.0,209.0,207.0,209.0,1390900
2023-01-24,182.0167236328125,209.0,209.0,208.0,209.0,1100100
2023-01-25,180.27493286132812,207.0,210.0,205.0,209.0,2096800
2023-01-26,181.14585876464844,208.0,209.0,206.0,208.0,1715600
2023-01-27,184.62940979003906,212.0,213.0,208.0,208.0,4360400
2023-01-30,186.37120056152344,214.0,216.0,210.0,212.0,4598800
2023-01-31,188.98387145996094,217.0,220.0,215.0,215.0,7320100
2023-02-01,190.72567749023438,219.0,220.0,217.0,217.0,3792700
2023-02-02,188.98387145996094,217.0,222.0,217.0,221.0,3203500
2023-02-03,188.98387145996094,217.0,218.0,216.0,216.0,1401100
2023-02-06,187.24208068847656,215.0,217.0,213.0,216.0,1680200
2023-02-07,186.37120056152344,214.0,215.0,211.0,214.0,2579500
2023-02-08,186.37120056152344,214.0,216.0,212.0,215.0,2698900
2023-02-09,184.62940979003906,212.0,213.0,210.0,213.0,2397500
2023-02-10,182.88763427734375,210.0,212.0,209.0,211.0,1033200
2023-02-13,181.14585876464844,208.0,210.0,208.0,210.0,1801000
2023-02-14,182.88763427734375,210.0,212.0,207.0,208.0,2423400
2023-02-15,182.0167236328125,209.0,210.0,208.0,210.0,1178000
2023-02-16,187.24208068847656,215.0,217.0,212.0,214.0,5182100
2023-02-17,188.98387145996094,217.0,219.0,213.0,215.0,3456200
2023-02-20,188.1129913330078,216.0,218.0,215.0,218.0,2481000
2023-02-21,188.98387145996094,217.0,218.0,216.0,216.0,1708600
2023-02-22,191.5965576171875,220.0,221.0,217.0,218.0,3017000
2023-02-23,191.5965576171875,220.0,222.0,218.0,220.0,2982000
2023-02-24,188.98387145996094,217.0,219.0,215.0,219.0,2158900
2023-02-27,186.37120056152344,214.0,218.0,212.0,217.0,2936600
2023-02-28,183.75851440429688,211.0,215.0,209.0,214.0,4056000
2023-03-01,183.75851440429688,211.0,214.0,210.0,211.0,2484200
2023-03-02,182.88763427734375,210.0,212.0,208.0,210.0,1802200
2023-03-03,182.88763427734375,210.0,212.0,209.0,210.0,2724900
2023-03-07,185.50030517578125,213.0,214.0,209.0,210.0,1734900
2023-03-08,188.1129913330078,216.0,216.0,212.0,212.0,2657600
2023-03-09,187.24208068847656,215.0,216.0,214.0,215.0,1657200
2023-03-10,187.24208068847656,215.0,217.0,214.0,214.0,1415600
2023-03-13,184.90872192382812,210.0,214.0,209.0,212.0,2179800
2023-03-14,180.50613403320312,205.0,212.0,204.0,209.0,3966300
2023-03-15,186.66976928710938,212.0,214.0,207.0,207.0,3029200
2023-03-16,186.66976928710938,212.0,212.0,206.0,209.0,1931900
2023-03-17,187.55029296875,213.0,213.0,210.0,210.0,1252000
2023-03-20,185.78924560546875,211.0,214.0,209.0,213.0,1570900
2023-03-21,187.55029296875,213.0,214.0,210.0,212.0,1426700
2023-03-22,188.43077087402344,214.0,215.0,213.0,214.0,866600
2023-03-23,190.19183349609375,216.0,216.0,213.0,214.0,1463100
2023-03-24,191.07232666015625,217.0,218.0,214.0,216.0,1690000
2023-03-27,190.19183349609375,216.0,217.0,215.0,216.0,632400
2023-03-28,192.8333740234375,219.0,219.0,215.0,217.0,1496900
2023-03-29,196.35545349121094,223.0,223.0,219.0,220.0,3059800
2023-03-30,194.59442138671875,221.0,222.0,220.0,222.0,1110400
2023-03-31,198.99700927734375,226.0,226.0,220.0,220.0,2314200
2023-04-03,198.99700927734375,226.0,228.0,224.0,226.0,1718500
2023-04-04,199.87753295898438,227.0,229.0,225.0,226.0,1417200
2023-04-05,201.6385498046875,229.0,232.0,227.0,229.0,2530700
2023-04-07,202.51905822753906,230.0,230.0,226.0,228.0,826300
2023-04-10,207.80218505859375,236.0,237.0,229.0,229.0,2562800
2023-04-11,206.9216766357422,235.0,238.0,231.0,236.0,2974900
2023-04-12,206.04115295410156,234.0,238.0,232.0,235.0,2574300
2023-04-17,208.68270874023438,237.0,238.0,234.0,236.0,1359500
2023-04-18,213.96580505371094,243.0,243.0,236.0,236.0,3065000
2023-04-19,213.96580505371094,243.0,248.0,242.0,244.0,2990400
2023-04-20,213.0852813720703,242.0,242.0,239.0,241.0,1951800
2023-04-21,211.32424926757812,240.0,241.0,236.0,240.0,2370600
2023-04-24,207.80218505859375,236.0,241.0,234.0,240.0,1755800
2023-04-25,213.0852813720703,242.0,242.0,236.0,236.0,3589400
2023-04-26,212.20477294921875,241.0,241.0,236.0,239.0,1660400
2023-04-27,209.56321716308594,238.0,244.0,238.0,243.0,1601500
2023-04-28,209.56321716308594,238.0,244.0,233.0,241.0,3197200
2023-05-02,210.44371032714844,239.0,240.0,236.0,238.0,1219700
2023-05-03,213.96580505371094,243.0,243.0,237.0,238.0,1997700
2023-05-08,221.0099334716797,251.0,256.0,247.0,248.0,3812800
2023-05-09,215.72683715820312,245.0,252.0,244.0,252.0,2429200
2023-05-10,214.8463134765625,244.0,246.0,241.0,243.0,1410100
2023-05-11,212.20477294921875,241.0,249.0,240.0,249.0,2226200
2023-05-12,216.60736083984375,246.0,247.0,242.0,243.0,2092300
2023-05-15,219.24893188476562,249.0,250.0,244.0,248.0,1819900
2023-05-16,214.8463134765625,244.0,249.0,243.0,247.0,1290800
2023-05-17,211.32424926757812,240.0,245.0,239.0,245.0,1451500
2023-05-18,208.68270874023438,237.0,241.0,233.0,241.0,2082100
2023-05-19,206.04115295410156,234.0,237.0,233.0,235.0,1683800
2023-05-22,205.16062927246094,233.0,235.0,228.0,231.0,2461600
2023-05-23,206.04115295410156,234.0,235.0,230.0,231.0,1680400
2023-05-24,204.28009033203125,232.0,234.0,231.0,232.0,960300
2023-05-25,204.28009033203125,232.0,234.0,229.0,231.0,1648500
2023-05-26,201.6385498046875,229.0,232.0,229.0,231.0,712700
2023-05-29,198.99700927734375,226.0,231.0,225.0,230.0,2367700
2023-05-30,199.87753295898438,227.0,228.0,223.0,226.0,3973700
2023-05-31,196.35545349121094,223.0,227.0,220.0,224.0,2654800
2023-06-01,199.87753295898438,227.0,229.0,222.0,222.0,1957100
2023-06-02,202.51905822753906,230.0,234.0,227.0,227.0,2739100
2023-06-06,206.04115295410156,234.0,235.0,231.0,235.0,1405300
2023-06-07,206.04115295410156,234.0,235.0,232.0,235.0,1669300
2023-06-08,205.16062927246094,233.0,235.0,232.0,235.0,1701500
2023-06-09,206.9216766357422,235.0,238.0,232.0,233.0,1850200
2023-06-12,204.28009033203125,232.0,235.0,231.0,234.0,1018200
2023-06-13,207.80218505859375,236.0,236.0,231.0,231.0,1347100
2023-06-14,205.16062927246094,233.0,236.0,231.0,235.0,1001800
2023-06-15,206.9216766357422,235.0,235.0,232.0,232.0,1086600
2023-06-16,201.6385498046875,229.0,236.0,227.0,233.0,2257300
2023-06-19,199.87753295898438,227.0,230.0,225.0,228.0,573100
2023-06-20,200.75802612304688,228.0,231.0,227.0,230.0,768100
2023-06-21,198.99700927734375,226.0,229.0,225.0,227.0,1111700
2023-06-22,204.28009033203125,232.0,233.0,224.0,226.0,1879100
2023-06-23,201.6385498046875,229.0,231.0,227.0,230.0,1260300
2023-06-26,198.11647033691406,225.0,229.0,225.0,226.0,1003200
2023-06-27,198.99700927734375,226.0,228.0,225.0,226.0,1007200
2023-06-28,196.35545349121094,223.0,228.0,222.0,226.0,1317800
2023-06-29,195.47491455078125,222.0,226.0,220.0,222.0,2231400
2023-06-30,198.99700927734375,226.0,228.0,222.0,224.0,1789900
2023-07-03,199.87753295898438,227.0,228.0,225.0,227.0,537300
2023-07-04,198.11647033691406,225.0,226.0,222.0,226.0,1661700
2023-07-05,196.35545349121094,223.0,226.0,223.0,224.0,488900
2023-07-06,196.35545349121094,223.0,223.0,220.0,223.0,1728300
2023-07-07,193.7139129638672,220.0,223.0,220.0,221.0,883800
2023-07-10,192.8333740234375,219.0,221.0,218.0,220.0,1503500
2023-07-11,190.19183349609375,216.0,218.0,213.0,218.0,3402200
2023-07-12,191.95285034179688,218.0,220.0,214.0,215.0,1889700
2023-07-13,189.31129455566406,215.0,218.0,214.0,218.0,1586500
2023-07-14,193.7139129638672,220.0,220.0,215.0,215.0,1451800
2023-07-17,195.47491455078125,222.0,225.0,220.0,221.0,1665500
2023-07-18,193.7139129638672,220.0,223.0,219.0,222.0,1315200
2023-07-19,195.47491455078125,222.0,224.0,220.0,221.0,1536600
2023-07-20,191.95285034179688,218.0,221.0,217.0,220.0,1659800
2023-07-21,192.8333740234375,219.0,221.0,217.0,217.0,1466100
2023-07-24,191.07232666015625,217.0,220.0,216.0,219.0,1216700
2023-07-25,189.31129455566406,215.0,217.0,213.0,217.0,2321200
2023-07-26,188.43077087402344,214.0,218.0,214.0,215.0,1183700
2023-07-27,190.19183349609375,216.0,217.0,213.0,214.0,1796800
2023-07-31,190.19183349609375,216.0,217.0,214.0,215.0,725000
2023-08-02,187.55029296875,213.0,215.0,210.0,214.0,2981800
2023-08-03,191.95285034179688,218.0,220.0,211.0,212.0,4094600
2023-08-04,197.2359619140625,224.0,228.0,221.0,222.0,4645000
2023-08-07,198.11647033691406,225.0,228.0,223.0,225.0,2453500
2023-08-08,199.87753295898438,227.0,229.0,225.0,225.0,2391200
2023-08-09,201.6385498046875,229.0,230.0,223.0,224.0,3504400
2023-08-10,216.60736083984375,246.0,248.0,239.0,239.0,11443700
2023-08-11,215.72683715820312,245.0,250.0,244.0,246.0,6495200
2023-08-15,218.36839294433594,248.0,250.0,245.0,245.0,3291900
2023-08-16,219.24893188476562,249.0,250.0,245.0,247.0,2053200
2023-08-17,228.9346160888672,260.0,266.0,256.0,256.0,6796400
2023-08-18,229.81512451171875,261.0,264.0,259.0,260.0,4005900
2023-08-21,228.0540771484375,259.0,264.0,258.0,261.0,2667100
2023-08-22,228.9346160888672,260.0,262.0,258.0,260.0,2421900
2023-08-23,228.0540771484375,259.0,265.0,257.0,260.0,4190100
2023-08-24,230.1341552734375,260.0,262.0,256.0,259.0,2784700
2023-08-25,228.36387634277344,258.0,260.0,256.0,258.0,1328600
2023-08-28,225.70848083496094,255.0,260.0,254.0,260.0,1441400
2023-08-29,227.47877502441406,257.0,259.0,255.0,256.0,1505300
2023-08-30,227.47877502441406,257.0,260.0,255.0,256.0,1538400
2023-08-31,229.24900817871094,259.0,257.0,255.0,256.0,1065600
2023-09-01,225.70848083496094,255.0,260.0,252.0,260.0,1197800
2023-09-04,224.8233642578125,254.0,257.0,254.0,257.0,631200
2023-09-05,225.70848083496094,255.0,256.0,253.0,254.0,748000
2023-09-06,226.5936279296875,256.0,257.0,253.0,253.0,1058100
2023-09-07,226.5936279296875,256.0,257.0,253.0,256.0,1153600
2023-09-08,225.70848083496094,255.0,256.0,252.0,255.0,1357900
2023-09-11,235.4449462890625,266.0,267.0,257.0,258.0,5322600
2023-09-12,228.36387634277344,258.0,266.0,258.0,265.0,4352600
2023-09-13,231.90440368652344,262.0,263.0,257.0,258.0,3736200
2023-09-14,231.019287109375,261.0,263.0,259.0,262.0,986300
2023-09-15,228.36387634277344,258.0,262.0,258.0,261.0,970400
2023-09-18,231.90440368652344,262.0,263.0,258.0,259.0,1170100
2023-09-19,231.019287109375,261.0,262.0,259.0,261.0,1426100
2023-09-20,227.47877502441406,257.0,262.0,254.0,260.0,2077500
2023-09-21,228.36387634277344,258.0,261.0,257.0,257.0,1139500
2023-09-22,234.559814453125,265.0,266.0,258.0,258.0,3503500
2023-09-25,233.67466735839844,264.0,266.0,263.0,265.0,1465100
2023-09-26,236.33006286621094,267.0,270.0,262.0,264.0,2759100
2023-09-27,235.4449462890625,266.0,266.0,263.0,264.0,1843800
2023-09-28,236.33006286621094,267.0,270.0,264.0,264.0,2123500
2023-09-29,237.21517944335938,268.0,272.0,269.0,270.0,3629000
2023-10-02,237.21517944335938,268.0,271.0,267.0,268.0,1195900
2023-10-03,234.559814453125,265.0,268.0,262.0,267.0,2707800
2023-10-04,233.67466735839844,264.0,267.0,262.0,262.0,1032700
2023-10-05,232.78953552246094,263.0,264.0,261.0,264.0,1368200
2023-10-06,229.24900817871094,259.0,264.0,257.0,263.0,1707200
2023-10-09,225.70848083496094,255.0,259.0,253.0,255.0,2744500
2023-10-10,224.8233642578125,254.0,258.0,253.0,257.0,1738000
2023-10-11,232.78953552246094,263.0,264.0,256.0,256.0,2709700
2023-10-12,233.67466735839844,264.0,266.0,259.0,263.0,1884800
2023-10-16,228.36387634277344,258.0,263.0,256.0,262.0,2034000
2023-10-17,229.24900817871094,259.0,262.0,259.0,259.0,1134800
2023-10-18,233.67466735839844,264.0,265.0,259.0,259.0,1266200
2023-10-19,231.90440368652344,262.0,264.0,260.0,262.0,719300
2023-10-20,231.019287109375,261.0,263.0,259.0,262.0,897000
2023-10-24,231.019287109375,261.0,264.0,261.0,261.0,1476200
2023-10-25,232.78953552246094,263.0,264.0,260.0,261.0,990800
2023-10-26,228.36387634277344,258.0,263.0,256.0,261.0,2714100
2023-10-27,226.5936279296875,256.0,260.0,252.0,259.0,2697500
2023-10-30,229.24900817871094,259.0,260.0,254.0,254.0,1422600
2023-10-31,230.1341552734375,260.0,261.0,256.0,258.0,2321000
2023-11-01,230.1341552734375,260.0,262.0,256.0,261.0,2140000
2023-11-02,226.5936279296875,256.0,260.0,253.0,260.0,3555400
2023-11-03,227.47877502441406,257.0,260.0,255.0,257.0,1851300
2023-11-06,219.5125732421875,248.0,258.0,248.0,257.0,5193100
2023-11-07,223.05308532714844,252.0,254.0,247.0,248.0,3205400
2023-11-08,220.39772033691406,249.0,252.0,248.0,251.0,1786800
2023-11-09,206.23561096191406,233.0,243.0,231.0,243.0,13859200
2023-11-10,203.5802001953125,230.0,233.0,225.0,232.0,4748100
2023-11-13,202.695068359375,229.0,232.0,226.0,230.0,2549100
2023-11-14,200.92481994628906,227.0,231.0,225.0,227.0,3615400
2023-11-15,199.154541015625,225.0,229.0,223.0,229.0,4030600
2023-11-16,195.61402893066406,221.0,224.0,219.0,222.0,4979900
2023-11-17,193.84376525878906,219.0,222.0,216.0,220.0,3911900
2023-11-20,199.154541015625,225.0,226.0,220.0,220.0,4304200
2023-11-21,197.38429260253906,223.0,226.0,223.0,225.0,2446900
2023-11-22,196.4991455078125,222.0,227.0,222.0,225.0,3497300
2023-11-23,195.61402893066406,221.0,224.0,220.0,224.0,1539100
2023-11-24,192.073486328125,217.0,222.0,217.0,221.0,2978900
2023-11-27,193.84376525878906,219.0,221.0,217.0,218.0,3497000
2023-11-28,193.84376525878906,219.0,221.0,216.0,220.0,2275000
2023-11-29,191.18836975097656,216.0,221.0,216.0,219.0,1849800
2023-11-30,197.38429260253906,223.0,225.0,217.0,219.0,6589500
2023-12-01,195.61402893066406,221.0,223.0,220.0,223.0,2233900
2023-12-04,194.72891235351562,220.0,221.0,219.0,221.0,1343300
2023-12-06,192.073486328125,217.0,222.0,215.0,222.0,4672900
2023-12-07,192.073486328125,217.0,218.0,215.0,216.0,1790200
2023-12-08,189.4180908203125,214.0,218.0,214.0,217.0,2048600
2023-12-12,188.53298950195312,213.0,216.0,212.0,216.0,1241500
2023-12-13,189.4180908203125,214.0,216.0,213.0,213.0,2034200
2023-12-14,191.18836975097656,216.0,217.0,214.0,217.0,2679800
2023-12-15,192.9586181640625,218.0,221.0,215.0,217.0,4897300
2023-12-18,194.72891235351562,220.0,221.0,217.0,217.0,1881300
2023-12-19,192.9586181640625,218.0,220.0,216.0,219.0,1695200
2023-12-20,190.30322265625,215.0,217.0,213.0,216.0,2540800
2023-12-21,192.9586181640625,218.0,220.0,215.0,215.0,1425200
2023-12-22,191.18836975097656,216.0,218.0,214.0,217.0,2276200
2023-12-25,191.18836975097656,216.0,217.0,215.0,216.0,447900
2023-12-26,196.4991455078125,222.0,223.0,216.0,216.0,3407800
2023-12-27,194.72891235351562,220.0,224.0,220.0,222.0,1185900
2023-12-28,196.4991455078125,222.0,225.0,221.0,222.0,2434400
2024-01-03,196.4991455078125,222.0,225.0,222.0,223.0,2492300
2024-01-04,198.2694091796875,224.0,226.0,222.0,222.0,3682300
2024-01-05,200.92481994628906,227.0,230.0,224.0,224.0,4386200
2024-01-08,200.03968811035156,226.0,227.0,222.0,227.0,2252300
2024-01-09,201.8099365234375,228.0,229.0,224.0,226.0,2905600
2024-01-10,208.00587463378906,235.0,238.0,229.0,230.0,7231800
2024-01-11,210.6612548828125,238.0,238.0,234.0,236.0,2572000
2024-01-12,211.54637145996094,239.0,239.0,236.0,238.0,2120600
2024-01-15,209.77613830566406,237.0,239.0,234.0,239.0,2028100
2024-01-16,209.77613830566406,237.0,239.0,236.0,237.0,1627800
2024-01-17,208.00587463378906,235.0,237.0,230.0,237.0,5373500
2024-01-18,208.00587463378906,235.0,237.0,232.0,235.0,3254600
2024-01-19,212.4315185546875,240.0,242.0,236.0,236.0,3224900
2024-01-22,214.2017822265625,242.0,244.0,239.0,241.0,2518400
2024-01-23,210.6612548828125,238.0,244.0,237.0,244.0,1442800
2024-01-24,212.4315185546875,240.0,241.0,238.0,238.0,1981700
2024-01-25,212.4315185546875,240.0,242.0,238.0,240.0,1347900
2024-01-26,211.54637145996094,239.0,241.0,236.0,240.0,1979200
2024-01-29,213.316650390625,241.0,243.0,239.0,240.0,2074300
2024-01-30,214.2017822265625,242.0,242.0,239.0,240.0,1670300
2024-01-31,212.4315185546875,240.0,241.0,235.0,240.0,5013500
2024-02-01,212.4315185546875,240.0,243.0,240.0,241.0,2270200
2024-02-02,214.2017822265625,242.0,242.0,238.0,241.0,1436100
2024-02-05,211.54637145996094,239.0,242.0,239.0,241.0,1284900
2024-02-06,214.2017822265625,242.0,244.0,239.0,240.0,1568000
2024-02-07,214.2017822265625,242.0,244.0,240.0,242.0,1446300
2024-02-08,213.316650390625,241.0,243.0,240.0,242.0,1817200
2024-02-09,216.857177734375,245.0,249.0,241.0,241.0,3265800
2024-02-12,215.0869140625,243.0,246.0,242.0,244.0,1339300
2024-02-13,217.7423095703125,246.0,246.0,243.0,246.0,562100
2024-02-14,215.9720458984375,244.0,247.0,242.0,244.0,1163300
2024-02-15,218.62744140625,247.0,247.0,244.0,245.0,1487300
2024-02-16,215.0869140625,243.0,247.0,241.0,247.0,1336500
2024-02-19,215.0869140625,243.0,244.0,240.0,242.0,643200
2024-02-20,215.9720458984375,244.0,246.0,242.0,243.0,1961100
2024-02-21,214.2017822265625,242.0,247.0,240.0,244.0,2836500
2024-02-22,210.6612548828125,238.0,241.0,232.0,240.0,5627400
2024-02-23,208.00587463378906,235.0,239.0,234.0,238.0,1950200
2024-02-27,207.12074279785156,234.0,236.0,232.0,235.0,2557300
2024-02-28,200.03968811035156,226.0,235.0,226.0,235.0,5224900
2024-02-29,198.2694091796875,224.0,228.0,222.0,226.0,4434900
2024-03-01,200.03968811035156,226.0,228.0,224.0,225.0,2777300
2024-03-04,202.695068359375,229.0,231.0,227.0,227.0,3928100
2024-03-05,201.8099365234375,228.0,230.0,226.0,228.0,1846000
2024-03-06,204.46533203125,231.0,234.0,228.0,229.0,3966600
2024-03-07,202.695068359375,229.0,233.0,227.0,232.0,2278000
2024-03-08,203.5802001953125,230.0,230.0,228.0,228.0,1692200
2024-03-11,201.8099365234375,228.0,230.0,228.0,229.0,1182800
2024-03-12,201.8099365234375,228.0,228.0,228.0,228.0,0
2024-03-13,201.94454956054688,225.0,228.0,224.0,225.0,1611300
2024-03-14,206.43222045898438,230.0,231.0,225.0,225.0,3240800
2024-03-15,206.43222045898438,230.0,230.0,230.0,230.0,0
2024-03-18,207.3297576904297,231.0,232.0,228.0,229.0,2392500
2024-03-19,208.22727966308594,232.0,234.0,230.0,230.0,3641500
2024-03-20,208.22727966308594,232.0,232.0,232.0,232.0,0
2024-03-21,206.43222045898438,230.0,231.0,227.0,231.0,3508600
2024-03-22,206.43222045898438,230.0,230.0,230.0,230.0,0
2024-03-25,199.25198364257812,222.0,227.0,221.0,227.0,5623900
2024-03-26,199.25198364257812,222.0,222.0,222.0,222.0,0
2024-03-27,201.04702758789062,224.0,226.0,222.0,224.0,2559400
2024-03-28,201.04702758789062,224.0,224.0,224.0,224.0,0
2024-03-29,201.04702758789062,224.0,226.0,224.0,224.0,1047100
2024-04-01,202.84210205078125,226.0,227.0,223.0,224.0,1018200
2024-04-02,201.94454956054688,225.0,227.0,224.0,226.0,691200
2024-04-03,200.14950561523438,223.0,226.0,223.0,225.0,2209800
2024-04-04,203.73963928222656,227.0,228.0,221.0,223.0,2234300
2024-04-05,206.43222045898438,230.0,231.0,227.0,228.0,4145800
2024-04-09,208.22727966308594,232.0,232.0,227.0,231.0,3612900
2024-04-10,207.3297576904297,231.0,232.0,228.0,232.0,2108400
2024-04-11,203.73963928222656,227.0,231.0,227.0,230.0,1808600
2024-04-17,203.73963928222656,227.0,227.0,227.0,227.0,0
2024-04-18,203.73963928222656,227.0,227.0,227.0,227.0,0
2024-04-19,203.73963928222656,227.0,227.0,227.0,227.0,0
2024-04-22,201.94454956054688,225.0,226.0,223.0,226.0,1544400
2024-04-23,203.73963928222656,227.0,231.0,225.0,225.0,2892400
2024-04-24,203.73963928222656,227.0,227.0,227.0,227.0,0
2024-04-25,227.07545471191406,253.0,265.0,240.0,241.0,20175600
2024-04-26,222.58778381347656,248.0,252.0,246.0,251.0,3983300
2024-04-29,220.792724609375,246.0,251.0,245.0,251.0,3367300
2024-04-30,220.792724609375,246.0,246.0,246.0,246.0,0
2024-05-02,218.1001434326172,243.0,247.0,241.0,244.0,3391500
2024-05-03,225.28038024902344,251.0,254.0,244.0,247.0,4078300
2024-05-07,225.28038024902344,251.0,251.0,251.0,251.0,0
2024-05-08,224.38287353515625,250.0,254.0,250.0,253.0,1765400
2024-05-09,223.48533630371094,249.0,252.0,248.0,250.0,1080000
2024-05-10,227.97299194335938,254.0,255.0,251.0,253.0,2690300
2024-05-13,231.56309509277344,258.0,259.0,252.0,255.0,3067500
2024-05-14,229.76803588867188,256.0,258.0,254.0,258.0,1652500
2024-05-15,227.07545471191406,253.0,256.0,253.0,256.0,1674900
2024-05-16,227.07545471191406,253.0,253.0,253.0,253.0,0
2024-05-17,224.38287353515625,250.0,254.0,248.0,253.0,2700200
2024-05-20,224.38287353515625,250.0,250.0,250.0,250.0,0
2024-05-21,224.38287353515625,250.0,250.0,250.0,250.0,0
2024-05-23,224.38287353515625,250.0,251.0,248.0,248.0,1803800
2024-05-24,224.38287353515625,250.0,250.0,250.0,250.0,0
2024-05-27,224.38287353515625,250.0,250.0,250.0,250.0,0
2024-05-28,223.48533630371094,249.0,251.0,247.0,249.0,1058200
2024-05-29,219.8951873779297,245.0,248.0,245.0,247.0,1971100
2024-05-30,219.8951873779297,245.0,245.0,245.0,245.0,0
2024-05-31,219.8951873779297,245.0,245.0,245.0,245.0,0
2024-06-04,217.20262145996094,242.0,245.0,241.0,242.0,1385600
2024-06-05,217.20262145996094,242.0,242.0,242.0,242.0,0
2024-06-06,218.99766540527344,244.0,246.0,240.0,242.0,1859200
2024-06-07,218.99766540527344,244.0,246.0,243.0,244.0,1109500
2024-06-10,214.510009765625,239.0,243.0,239.0,243.0,2116100
2024-06-11,215.4075469970703,240.0,242.0,239.0,240.0,2353600
2024-06-12,218.1001434326172,243.0,245.0,238.0,240.0,2516300
2024-06-13,218.1001434326172,243.0,245.0,241.0,244.0,1371400
2024-06-14,215.4075469970703,240.0,244.0,240.0,243.0,1330000
2024-06-17,217.20262145996094,242.0,242.0,239.0,241.0,801300
2024-06-18,217.20262145996094,242.0,242.0,242.0,242.0,0
2024-06-19,217.20262145996094,242.0,242.0,242.0,242.0,0
2024-06-20,210.91989135742188,235.0,239.0,234.0,237.0,1654300
2024-06-21,209.12481689453125,233.0,236.0,232.0,235.0,4063300
2024-06-24,209.12481689453125,233.0,233.0,233.0,233.0,0
2024-06-25,209.12481689453125,233.0,233.0,233.0,233.0,0
2024-06-26,209.12481689453125,233.0,233.0,233.0,233.0,0
2024-06-27,225.28038024902344,251.0,252.0,243.0,245.0,4229300
2024-06-28,221.6902618408203,247.0,251.0,246.0,250.0,2350300
2024-07-01,221.6902618408203,247.0,247.0,247.0,247.0,0
2024-07-02,221.6902618408203,247.0,247.0,247.0,247.0,0
2024-07-03,220.792724609375,246.0,246.0,243.0,244.0,1703000
2024-07-04,220.792724609375,246.0,249.0,243.0,243.0,1705600
2024-07-05,221.6902618408203,247.0,248.0,245.0,247.0,1537500
2024-07-08,221.6902618408203,247.0,248.0,245.0,247.0,1666200
2024-07-09,221.6902618408203,247.0,247.0,247.0,247.0,0
2024-07-10,221.6902618408203,247.0,247.0,247.0,247.0,0
2024-07-11,221.6902618408203,247.0,247.0,247.0,247.0,0
2024-07-12,221.6902618408203,247.0,247.0,247.0,247.0,0
2024-07-15,221.6902618408203,247.0,247.0,247.0,247.0,0
2024-07-16,221.6902618408203,247.0,250.0,245.0,250.0,2571800
2024-07-17,221.6902618408203,247.0,247.0,247.0,247.0,0
2024-07-18,222.58778381347656,248.0,255.0,247.0,249.0,3565600
2024-07-19,222.58778381347656,248.0,248.0,248.0,248.0,0
2024-07-23,221.6902618408203,247.0,250.0,246.0,250.0,1673000
2024-07-24,220.792724609375,246.0,247.0,243.0,247.0,1368600
2024-07-25,216.30506896972656,241.0,247.0,240.0,246.0,3251100
2024-07-26,219.8951873779297,245.0,245.0,242.0,242.0,2286600
2024-07-30,219.8951873779297,245.0,245.0,245.0,245.0,0
2024-07-31,220.792724609375,246.0,247.0,243.0,244.0,2031300
2024-08-01,221.6902618408203,247.0,247.0,245.0,247.0,1618000
2024-08-02,221.6902618408203,247.0,247.0,247.0,247.0,0
2024-08-05,219.8951873779297,245.0,246.0,244.0,246.0,1986200
2024-08-06,219.8951873779297,245.0,249.0,244.0,247.0,1837400
2024-08-07,229.76803588867188,256.0,258.0,247.0,248.0,6349800
2024-08-08,229.76803588867188,256.0,256.0,256.0,256.0,0
2024-08-09,227.07545471191406,253.0,254.0,248.0,249.0,2612200
2024-08-13,219.8951873779297,245.0,254.0,244.0,252.0,4451700
2024-08-14,219.8951873779297,245.0,247.0,242.0,246.0,2454000
2024-08-15,219.8951873779297,245.0,245.0,245.0,245.0,0
2024-08-16,218.1001434326172,243.0,246.0,243.0,243.0,1765600
2024-08-19,218.99766540527344,244.0,244.0,241.0,244.0,1743000
2024-08-20,219.8951873779297,245.0,246.0,243.0,244.0,1555000
2024-08-21,223.48533630371094,249.0,249.0,244.0,245.0,2263600
2024-08-22,223.48533630371094,249.0,249.0,249.0,249.0,0
2024-08-23,220.77093505859375,244.0,246.0,242.0,245.0,2200300
2024-08-26,221.67572021484375,245.0,245.0,242.0,244.0,1726400
2024-08-27,218.9613494873047,242.0,245.0,241.0,243.0,2412800
2024-08-28,220.77093505859375,244.0,244.0,241.0,243.0,1983700
2024-08-29,220.77093505859375,244.0,245.0,239.0,243.0,2335800
2024-08-30,221.67572021484375,245.0,246.0,243.0,244.0,4558200
2024-09-02,221.67572021484375,245.0,245.0,245.0,245.0,0
2024-09-03,221.67572021484375,245.0,245.0,245.0,245.0,0
2024-09-04,221.67572021484375,245.0,245.0,245.0,245.0,0
2024-09-05,238.86691284179688,264.0,264.0,250.0,251.0,7536200
2024-09-06,246.1053009033203,272.0,272.0,264.0,264.0,6578300
2024-09-09,246.1053009033203,272.0,272.0,272.0,272.0,0
2024-09-10,245.2005157470703,271.0,275.0,268.0,270.0,3157200
2024-09-11,244.2957000732422,270.0,274.0,264.0,267.0,30096500
2024-09-12,246.1053009033203,272.0,275.0,267.0,270.0,4519400
2024-09-13,247.91488647460938,274.0,284.0,273.0,274.0,6563900
2024-09-16,247.91488647460938,274.0,274.0,274.0,274.0,0
2024-09-17,247.91488647460938,274.0,274.0,274.0,274.0,0
2024-09-18,247.91488647460938,274.0,274.0,274.0,274.0,0
2024-09-19,247.91488647460938,274.0,274.0,274.0,274.0,0
2024-09-20,246.1053009033203,272.0,274.0,271.0,272.0,2745500
2024-09-23,247.91488647460938,274.0,277.0,271.0,272.0,2835300
2024-09-24,249.72445678710938,276.0,277.0,272.0,273.0,2551300
2024-09-25,248.81967163085938,275.0,277.0,274.0,276.0,1874900
2024-09-26,246.1053009033203,272.0,276.0,272.0,276.0,1467200
2024-09-27,246.1053009033203,272.0,272.0,272.0,272.0,0
2024-09-30,243.3909149169922,269.0,271.0,268.0,270.0,2011900
2024-10-01,243.3909149169922,269.0,269.0,269.0,269.0,0
2024-10-02,242.486083984375,268.0,271.0,267.0,271.0,3276700
2024-10-03,237.9621124267578,263.0,268.0,262.0,266.0,4472300
2024-10-04,237.9621124267578,263.0,263.0,263.0,263.0,0
2024-10-07,242.486083984375,268.0,270.0,262.0,264.0,2398600
2024-10-08,242.486083984375,268.0,272.0,267.0,268.0,2339700
2024-10-09,244.2957000732422,270.0,274.0,269.0,269.0,2672800
2024-10-10,242.486083984375,268.0,271.0,268.0,271.0,1150600
2024-10-11,242.486083984375,268.0,268.0,268.0,268.0,0
2024-10-15,247.91488647460938,274.0,276.0,271.0,271.0,2721000
2024-10-16,247.91488647460938,274.0,274.0,274.0,274.0,0
2024-10-17,250.6292724609375,277.0,278.0,273.0,273.0,2480000
2024-10-18,251.53408813476562,278.0,280.0,275.0,275.0,1994700
2024-10-21,248.81967163085938,275.0,280.0,275.0,277.0,1544800
2024-10-22,248.81967163085938,275.0,275.0,275.0,275.0,0
2024-10-24,245.2005157470703,271.0,277.0,269.0,275.0,3807700
2024-10-25,245.2005157470703,271.0,271.0,271.0,271.0,0
2024-10-28,248.81967163085938,275.0,277.0,273.0,276.0,1747900
2024-10-29,248.81967163085938,275.0,275.0,275.0,275.0,0
2024-10-30,244.2957000732422,270.0,273.0,270.0,272.0,1523500
2024-10-31,246.1053009033203,272.0,272.0,269.0,271.0,1147100
2024-11-01,243.3909149169922,269.0,271.0,266.0,269.0,1951100
2024-11-04,243.3909149169922,269.0,272.0,269.0,271.0,840500
2024-11-05,244.2957000732422,270.0,271.0,268.0,269.0,1227100
2024-11-06,237.05731201171875,262.0,270.0,262.0,269.0,3113700
2024-11-07,216.24693298339844,239.0,245.0,226.0,230.0,23405500
2024-11-08,209.008544921875,231.0,240.0,230.0,238.0,8615600
2024-11-11,203.57972717285156,225.0,231.0,222.0,231.0,7201200
2024-11-12,196.34133911132812,217.0,225.0,217.0,223.0,6783400
2024-11-13,202.67494201660156,224.0,224.0,215.0,215.0,11939200
2024-11-14,190.0077667236328,210.0,224.0,210.0,224.0,12860300
2024-11-15,187.29336547851562,207.0,210.0,204.0,206.0,12817300
2024-11-18,186.38856506347656,206.0,211.0,204.0,209.0,5676600
2024-11-19,189.1029510498047,209.0,215.0,206.0,207.0,8999500
2024-11-20,187.29336547851562,207.0,211.0,206.0,211.0,5266500
2024-11-21,187.29336547851562,207.0,210.0,206.0,208.0,4311700
2024-11-22,186.38856506347656,206.0,209.0,206.0,208.0,2641600
2024-11-25,187.29336547851562,207.0,215.0,207.0,208.0,10462600
2024-11-26,185.48377990722656,205.0,208.0,205.0,208.0,4314400
2024-11-27,184.5789794921875,204.0,206.0,198.5,205.0,6980200
2024-11-28,184.5789794921875,204.0,206.0,203.0,204.0,3409000
2024-11-29,188.1981658935547,208.0,210.0,205.0,205.0,5441100
2024-12-02,189.1029510498047,209.0,211.0,207.0,211.0,3530700
2024-12-03,191.8173828125,212.0,212.0,209.0,209.0,3454100
2024-12-04,190.91258239746094,211.0,212.0,209.0,212.0,4519300
2024-12-06,190.0077667236328,210.0,213.0,209.0,212.0,4698400
2024-12-09,182.76937866210938,202.0,209.0,201.0,208.0,9282600
2024-12-11,180.50738525390625,199.5,202.0,198.5,201.0,6638800
2024-12-12,179.6025848388672,198.5,202.0,198.5,201.0,3134700
2024-12-13,174.62619018554688,193.0,198.0,190.5,198.0,9848700
2024-12-16,172.36419677734375,190.5,193.0,189.0,192.5,6201100
2024-12-17,167.84019470214844,185.5,192.0,184.5,190.5,7201600
2024-12-18,171.4593963623047,189.5,190.0,186.5,186.5,7119300
2024-12-19,172.81658935546875,191.0,196.5,187.0,187.5,7454600
2024-12-20,175.07859802246094,193.5,195.0,189.0,190.0,5137200
2024-12-23,178.69778442382812,197.5,198.0,193.0,194.0,3055700
2024-12-24,180.50738525390625,199.5,201.0,197.0,198.0,1863100
2024-12-25,179.15017700195312,198.0,201.0,198.0,201.0,2088400
2024-12-26,178.69778442382812,197.5,201.0,196.5,200.0,979100
2024-12-27,178.69778442382812,197.5,201.0,197.0,197.5,1880000
2024-12-30,180.50738525390625,199.5,201.0,198.0,198.0,2345700
2025-01-02,183.67417907714844,203.0,205.0,199.0,200.0,3108350
2025-01-03,182.76937866210938,202.0,205.0,201.0,204.0,1427900
2025-01-06,177.340576171875,196.0,203.0,195.0,202.0,3476800
2025-01-07,178.24539184570312,197.0,198.5,196.0,196.0,1575500
2025-01-08,176.43577575683594,195.0,197.0,190.5,197.0,4643300
2025-01-09,171.91180419921875,190.0,194.0,189.0,194.0,3378700
2025-01-10,171.00698852539062,189.0,191.0,185.5,186.0,4583600
2025-01-13,174.17379760742188,192.5,193.5,188.0,189.0,2458500
2025-01-14,171.91180419921875,190.0,194.5,190.0,192.0,1988100
2025-01-15,175.98338317871094,194.5,195.0,190.0,190.5,2672700
2025-01-16,175.07859802246094,193.5,196.5,192.5,195.0,2644300
2025-01-17,173.7213897705078,192.0,195.0,192.0,193.5,2070600
2025-01-20,172.36419677734375,190.5,193.5,190.0,193.0,1897600
2025-01-21,174.62619018554688,193.0,196.0,191.5,191.5,2147500
2025-01-22,172.81658935546875,191.0,193.0,188.0,193.0,4006600
2025-01-23,171.00698852539062,189.0,192.0,188.5,191.5,2785700
2025-01-24,168.2926025390625,186.0,188.0,185.0,188.0,4217300
2025-01-27,159.69700622558594,176.5,186.0,175.5,185.5,11578800
2025-01-28,160.14939880371094,177.0,180.5,177.0,177.5,3324500
2025-01-29,156.53021240234375,173.0,177.0,171.5,177.0,4429100
2025-01-30,159.69700622558594,176.5,178.0,173.5,174.0,4144100
2025-01-31,162.86380004882812,180.0,181.0,176.5,178.0,7132400
2025-02-03,158.79220581054688,175.5,178.0,175.0,176.0,2436800
2025-02-04,156.98260498046875,173.5,178.0,172.5,178.0,3154600
2025-02-05,157.8874053955078,174.5,178.0,174.0,175.0,3916900
2025-02-06,156.0778045654297,172.5,175.5,172.0,175.0,4100400
2025-02-07,161.05421447753906,178.0,178.0,173.0,174.5,2760700
2025-02-10,156.98260498046875,173.5,177.5,173.0,177.5,3073000
2025-02-11,158.79220581054688,175.5,176.5,173.0,173.5,3048800
2025-02-13,158.3397979736328,175.0,176.5,173.5,176.0,3674900
2025-02-14,158.3397979736328,175.0,177.0,175.0,175.0,2239400
2025-02-17,165.5782012939453,183.0,184.5,176.5,178.5,5553500
2025-02-18,168.74497985839844,186.5,187.5,180.0,183.0,3962300
2025-02-19,167.38778686523438,185.0,187.0,182.0,186.5,4792700
2025-02-20,168.74497985839844,186.5,190.0,184.0,184.5,4103100
2025-02-21,169.6497802734375,187.5,189.0,184.0,185.0,3160200
2025-02-24,169.6497802734375,187.5,188.5,186.0,187.0,2503200
2025-02-25,166.03060913085938,183.5,186.5,182.0,186.5,3371700
2025-02-26,166.03060913085938,183.5,186.0,181.5,184.0,3370600
2025-02-27,174.62619018554688,193.0,196.0,186.0,190.0,11854300
2025-02-28,176.88816833496094,195.5,198.5,190.5,191.0,10289600
2025-03-03,176.43577575683594,195.0,197.0,194.0,196.5,3605600
2025-03-04,176.88816833496094,195.5,198.5,193.5,193.5,2751000
2025-03-05,171.91180419921875,190.0,198.0,184.0,196.0,6644600
2025-03-06,161.05421447753906,178.0,190.5,176.5,188.0,8864100
2025-03-07,160.14939880371094,177.0,181.0,176.5,179.0,3919600
2025-03-10,157.4350128173828,174.0,178.0,174.0,177.5,2643800
2025-03-11,161.50660705566406,178.5,178.5,174.0,174.5,3948000
2025-03-12,157.8874053955078,174.5,178.0,172.5,177.5,5796500
2025-03-13,156.53021240234375,173.0,176.0,172.5,174.5,3062000
2025-03-14,159.24459838867188,176.0,177.5,173.0,173.5,2611600
2025-03-17,157.4350128173828,174.0,177.0,174.0,176.5,2551800
2025-03-18,162.86380004882812,180.0,181.5,175.0,175.0,4999700
2025-03-19,164.70407104492188,179.0,182.0,176.0,178.0,3726900
2025-03-20,163.32386779785156,177.5,180.5,176.5,179.5,3202700
2025-03-21,160.56346130371094,174.5,178.0,174.0,177.0,3325900
2025-03-24,161.4835968017578,175.5,176.5,173.5,174.5,1136000
2025-03-25,161.02352905273438,175.0,176.5,174.0,176.5,2461100
2025-03-26,159.18325805664062,173.0,176.5,172.5,175.0,2200400
2025-03-27,156.88291931152344,170.5,174.5,170.0,173.0,2680800
2025-03-28,154.12252807617188,167.5,171.0,167.5,170.5,1578600
2025-03-31,151.36212158203125,164.5,167.5,163.5,166.0,2670500
2025-04-01,152.74232482910156,166.0,168.0,165.0,165.0,1290000
2025-04-02,159.64332580566406,173.5,174.5,167.5,167.5,2615600
2025-04-03,159.18325805664062,173.0,173.0,169.5,170.0,1239600
2025-04-04,156.42286682128906,170.0,173.0,168.5,173.0,2332500
2025-04-08,151.82217407226562,165.0,170.5,160.5,168.5,4009700
2025-04-09,152.28225708007812,165.5,166.5,162.0,165.5,2600800
2025-04-10,155.96279907226562,169.5,173.5,167.0,170.5,2417700
2025-04-11,154.58258056640625,168.0,171.0,166.5,169.0,1603800
2025-04-16,157.34300231933594,171.0,172.5,168.5,171.0,2180700
2025-04-17,157.34300231933594,171.0,172.0,168.5,171.0,2005500
2025-04-18,158.7231903076172,172.5,173.5,169.5,171.0,1126500
2025-04-21,156.88291931152344,170.5,174.0,170.0,172.5,1463700
2025-04-22,157.34300231933594,171.0,172.0,169.5,169.5,2130600
2025-04-23,155.5027313232422,169.0,173.0,168.5,172.5,3361200
2025-04-24,152.74232482910156,166.0,168.5,162.5,168.5,5132900
2025-04-25,150.90203857421875,164.0,166.0,163.0,164.0,6829700
2025-04-28,145.84130859375,158.5,164.0,158.5,164.0,5371500
2025-04-29,155.04266357421875,168.5,169.0,159.5,159.5,7678500
2025-04-30,151.82217407226562,165.0,167.0,161.5,166.5,8773400
2025-05-02,152.74232482910156,166.0,167.5,163.0,165.5,3910200
2025-05-06,151.82217407226562,165.0,167.0,161.0,164.0,4737800
2025-05-07,154.12252807617188,167.5,168.5,164.5,166.0,3935300
2025-05-08,149.06178283691406,162.0,167.0,161.5,167.0,5837900
2025-05-09,148.60171508789062,161.5,163.5,159.0,163.5,3474400
2025-05-13,151.36212158203125,164.5,165.5,162.5,163.0,3722200
2025-05-14,152.28225708007812,165.5,167.0,162.0,164.0,3455900
2025-05-15,151.82217407226562,165.0,165.5,162.5,164.0,2289500
2025-05-16,150.90203857421875,164.0,166.0,162.5,165.5,2698100
2025-05-19,151.82217407226562,165.0,171.0,164.5,164.5,4358500
2025-05-20,149.52183532714844,162.5,166.5,161.5,166.5,4644500
2025-05-21,145.84130859375,158.5,163.5,158.0,162.5,5178500
2025-05-22,137.5601043701172,149.5,158.0,149.5,157.0,6844300
2025-05-23,132.4993438720703,144.0,149.5,144.0,149.0,7681400
2025-05-26,133.87954711914062,145.5,147.5,144.5,146.0,4584500
2025-05-27,135.259765625,147.0,148.5,142.0,145.0,5373900
2025-05-28,133.87954711914062,145.5,149.0,145.5,147.5,3151300
2025-05-29,134.33963012695312,146.0,148.0,145.0,147.5,3112700
2025-05-30,128.81881713867188,140.0,145.5,140.0,144.5,8133800
2025-06-04,129.27890014648438,140.5,144.0,136.0,138.5,7853400
2025-06-05,128.3587646484375,139.5,142.0,139.0,141.5,3603300
2025-06-06,126.51847839355469,137.5,140.0,136.5,139.0,3605500
2025-06-09,126.51847839355469,137.5,138.5,135.5,138.0,3352100
2025-06-10,128.81881713867188,140.0,140.0,137.5,138.0,3268100
2025-06-11,129.27890014648438,140.5,142.0,137.5,140.0,4238100
2025-06-12,129.7389678955078,141.0,144.0,140.5,142.0,3698100
2025-06-13,126.51847839355469,137.5,141.0,137.5,139.0,3576600
2025-06-16,127.43861389160156,138.5,140.5,136.5,137.5,3754100
2025-06-17,128.81881713867188,140.0,141.0,138.5,139.0,1919200
2025-06-18,124.67822265625,135.5,140.5,135.5,140.5,3514800
2025-06-19,120.99767303466797,131.5,137.0,130.0,136.0,5782800
2025-06-20,121.45774841308594,132.0,134.5,131.5,131.5,3538500
2025-06-23,122.83794403076172,133.5,134.5,131.0,131.0,3208500
2025-06-24,124.67822265625,135.5,136.5,133.0,136.0,4440900
2025-06-25,126.97856140136719,138.0,138.5,134.5,135.0,2464700
2025-06-26,126.05842590332031,137.0,139.0,137.0,137.5,2224300
2025-06-27,123.7580795288086,134.5,137.0,134.0,137.0,2210500
2025-06-30,128.3587646484375,139.5,140.0,136.0,136.0,2915800
2025-07-01,129.27890014648438,140.5,141.5,138.0,141.0,2285600
2025-07-02,129.27890014648438,140.5,141.0,138.0,140.0,1465900
2025-07-03,130.1990203857422,141.5,141.5,138.0,140.0,2385200
2025-07-04,127.43861389160156,138.5,141.5,138.0,141.5,1849000
2025-07-07,126.51847839355469,137.5,140.0,135.5,139.0,2967400
2025-07-08,126.51847839355469,137.5,138.5,136.0,136.0,1251100
2025-07-09,125.13827514648438,136.0,138.0,135.5,137.5,1827000
2025-07-11,125.59835815429688,136.5,139.5,136.0,137.5,2035300
2025-07-14,132.4993438720703,144.0,144.0,137.0,137.0,5296400
2025-07-15,133.41949462890625,145.0,146.5,141.0,143.0,3242700
2025-07-16,132.9594268798828,144.5,145.5,143.0,145.5,2188500
2025-07-17,135.259765625,147.0,147.0,143.5,145.0,3825800
2025-07-18,133.41949462890625,145.0,150.0,145.0,147.0,4750300
2025-07-21,132.9594268798828,144.5,147.0,144.0,146.5,2314700
2025-07-22,129.7389678955078,141.0,145.0,141.0,145.0,3469400
2025-07-23,133.41949462890625,145.0,146.0,142.0,142.0,3905900
2025-07-24,134.79969787597656,146.5,147.5,142.5,144.0,4123400
2025-07-25,134.33963012695312,146.0,146.0,144.5,145.0,2163600
2025-07-29,139.40037536621094,151.5,152.0,143.5,147.0,7687800
2025-07-30,149.06178283691406,162.0,163.0,151.5,151.5,14206200
2025-07-31,156.42286682128906,170.0,174.0,168.5,171.5,14756200
2025-08-01,154.58258056640625,168.0,172.5,168.0,172.5,5436400
2025-08-04,164.24400329589844,178.5,179.0,166.5,168.0,8451200
2025-08-05,178.50608825683594,194.0,194.0,186.0,187.0,11547700
2025-08-06,174.36549377441406,189.5,194.0,185.5,194.0,9694700
2025-08-07,174.36549377441406,189.5,194.0,187.0,194.0,6210000
2025-08-08,174.82554626464844,190.0,191.5,187.5,188.5,3888400
2025-08-13,172.9852752685547,188.0,192.5,185.5,190.0,7259200
2025-08-14,171.12522888183594,184.0,188.0,183.5,186.5,4644800
2025-08-15,170.1951904296875,183.0,187.5,180.5,185.0,6292000
2025-08-18,166.47506713867188,179.0,182.0,178.0,182.0,5633000
2025-08-19,166.94009399414062,179.5,181.0,175.5,179.0,6492300
2025-08-20,168.33514404296875,181.0,181.5,176.5,178.5,5846700
2025-08-21,164.15000915527344,176.5,182.5,176.0,182.5,5436500
2025-08-22,167.4051055908203,180.0,181.5,176.0,177.5,5971000
2025-08-25,166.47506713867188,179.0,182.5,177.5,182.0,4791800
2025-08-26,164.15000915527344,176.5,178.5,173.0,178.0,10154300
2025-08-27,162.2899627685547,174.5,178.0,174.5,177.0,5725000
2025-08-28,166.01007080078125,178.5,179.5,174.5,175.0,7577000
2025-08-29,165.5450439453125,178.0,179.5,176.0,179.0,6237400
2025-09-01,167.4051055908203,180.0,180.0,177.5,178.0,3329700
2025-09-02,174.8453369140625,188.0,188.0,180.0,181.0,8007100
2025-09-03,174.38031005859375,187.5,191.0,187.5,189.5,6669800
2025-09-04,172.0552520751953,185.0,189.0,184.0,188.0,3425300
2025-09-05,172.520263671875,185.5,188.0,185.0,185.5,3652800
2025-09-08,172.520263671875,185.5,186.5,184.0,186.0,2557200
2025-09-09,172.9852752685547,186.0,189.5,185.0,188.0,3048600
2025-09-10,171.12522888183594,184.0,187.0,183.5,185.5,2403600
2025-09-11,169.26516723632812,182.0,185.5,181.5,185.5,2672700
2025-09-12,169.7301788330078,182.5,185.5,182.0,183.5,1808600
2025-09-15,169.7301788330078,182.5,186.0,182.5,184.0,1975300
2025-09-16,169.26516723632812,182.0,183.0,181.5,183.0,2811700
2025-09-17,168.80015563964844,181.5,185.0,181.0,183.5,2481400
2025-09-18,170.1951904296875,183.0,185.0,181.5,183.0,5677700
2025-09-19,168.33514404296875,181.0,185.0,178.0,183.5,7650300
2025-09-22,167.4051055908203,180.0,182.5,179.0,182.0,2095100
2025-09-23,167.4051055908203,180.0,181.5,178.0,180.0,2251500
2025-09-24,160.89491271972656,173.0,179.0,170.0,179.0,8427500
2025-09-25,161.35992431640625,173.5,175.5,172.5,174.0,2584800
2025-09-26,163.21998596191406,175.5,175.5,173.5,175.0,2583400
2025-09-29,164.15000915527344,176.5,177.5,174.5,176.5,2034100
2025-09-30,163.21998596191406,175.5,176.5,174.0,176.0,2231800
2025-10-01,161.82493591308594,174.0,174.5,172.0,173.5,2141200
2025-10-02,163.68499755859375,176.0,178.5,174.5,175.0,2696200
2025-10-03,160.42990112304688,172.5,175.5,172.5,175.5,1601700
2025-10-06,160.89491271972656,173.0,173.5,171.0,173.0,1627300
2025-10-07,160.89491271972656,173.0,173.0,173.0,173.0,0
2025-10-08,159.96487426757812,172.0,175.5,171.5,175.0,1884400
2025-10-09,160.89491271972656,173.0,173.5,170.5,172.0,1732600
2025-10-10,163.21998596191406,175.5,178.0,172.0,174.0,3941200
2025-10-14,159.49986267089844,171.5,177.0,171.5,176.5,2775900
2025-10-15,165.5450439453125,178.0,180.0,171.0,172.5,5507200
2025-10-16,170.6602020263672,183.5,185.5,178.0,178.0,6581600
2025-10-17,169.26516723632812,182.0,184.5,180.5,181.5,3153100
2025-10-20,165.0800323486328,177.5,183.5,177.0,183.0,2783300
2025-10-21,165.5450439453125,178.0,180.5,177.0,178.5,2379600
2025-10-22,168.33514404296875,181.0,182.5,178.0,178.5,3171000
2025-10-24,166.47506713867188,179.0,182.5,178.5,182.0,2035000
2025-10-27,163.21998596191406,175.5,180.5,174.5,179.5,2511500
2025-10-28,161.35992431640625,173.5,176.0,173.5,174.0,2434500
2025-10-29,161.82493591308594,174.0,174.5,172.0,173.5,1396700
2025-10-30,160.89491271972656,173.0,174.5,172.0,173.0,1507900
2025-10-31,159.96487426757812,172.0,173.5,170.0,173.5,2042600
2025-11-03,158.10482788085938,170.0,173.5,169.5,173.0,1419000
2025-11-04,160.89491271972656,173.0,173.0,167.0,170.0,3395400
2025-11-05,165.0800323486328,177.5,178.5,171.0,172.5,4508100
2025-11-06,165.5450439453125,178.0,179.5,171.5,179.0,6986700
2025-11-07,163.21998596191406,175.5,176.0,172.0,176.0,4485800
2025-11-10,166.94009399414062,179.5,180.0,174.0,175.5,3082300
2025-11-11,167.4051055908203,180.0,181.5,178.5,180.0,1832900
2025-11-12,168.33514404296875,181.0,183.5,179.5,181.0,4250700
2025-11-13,167.4051055908203,180.0,181.5,178.0,180.5,2721100
2025-11-14,163.68499755859375,176.0,181.0,176.0,179.0,1751800
2025-11-17,163.68499755859375,176.0,178.5,175.5,175.5,1509600
2025-11-18,160.89491271972656,173.0,176.5,172.5,175.0,2558300
2025-11-19,159.96487426757812,172.0,174.0,172.0,173.0,2079300
2025-11-20,160.42990112304688,172.5,175.0,172.5,173.0,2152200
2025-11-21,159.49986267089844,171.5,172.5,171.0,172.0,1834400
2025-11-24,158.56982421875,170.5,173.5,170.5,171.5,4037000
2025-11-25,161.82493591308594,174.0,174.0,171.0,171.5,2511900
2025-11-26,158.56982421875,170.5,176.0,170.0,175.0,2610700
2025-11-27,158.10482788085938,170.0,172.0,170.0,171.0,996500
2025-11-28,157.63980102539062,169.5,171.5,167.0,171.5,2439900
2025-12-01,158.56982421875,170.5,171.5,169.0,170.0,1367200
2025-12-02,155.77975463867188,167.5,170.0,167.0,170.0,1993900
2025-12-03,153.91969299316406,165.5,169.0,165.0,169.0,2590600
2025-12-04,145.54945373535156,156.5,165.0,155.5,165.0,8265700
2025-12-08,148.80453491210938,160.0,162.0,156.5,157.5,4840000
2025-12-09,152.524658203125,164.0,165.0,159.0,160.0,4741500
2025-12-11,153.91969299316406,165.5,167.0,164.0,165.0,3952100
2025-12-12,154.3847198486328,166.0,166.5,163.0,166.0,2487800
2025-12-15,156.24476623535156,168.0,168.5,163.0,165.0,3505400
2025-12-16,153.91969299316406,165.5,169.0,165.5,168.0,1534100
2025-12-17,152.9896697998047,164.5,166.0,163.5,165.5,1356000
2025-12-18,150.1995849609375,161.5,165.5,160.0,163.5,1625800
2025-12-19,151.12960815429688,162.5,163.5,161.5,161.5,1576000
2025-12-22,148.80453491210938,160.0,164.5,160.0,162.5,2195500
2025-12-23,149.73455810546875,161.0,162.5,160.0,160.0,2538900
2025-12-24,152.9896697998047,164.5,165.0,161.0,162.0,3363100
2025-12-25,149.73455810546875,161.0,165.5,160.5,165.0,2115300
2025-12-26,149.26956176757812,160.5,161.0,159.0,161.0,1549100
2025-12-29,147.4095001220703,158.5,161.0,158.5,160.0,1506800
2025-12-30,146.47947692871094,157.5,159.5,157.5,158.5,2123300
2026-01-05,147.87451171875,159.0,161.5,159.0,160.0,2713800
2026-01-06,145.0844268798828,156.0,159.0,152.5,159.0,7402400
2026-01-07,144.15440368652344,155.0,155.5,152.5,154.0,7254100
2026-01-08,143.6893768310547,154.5,155.5,151.0,154.5,5518200
2026-01-09,137.17918395996094,147.5,154.5,147.0,154.5,11815900
2026-01-12,128.80892944335938,138.5,145.5,137.5,145.0,16787900
2026-01-13,126.9488754272461,136.5,141.0,136.0,139.5,6867500
2026-01-14,130.20396423339844,140.0,142.0,139.5,140.0,5790000
2026-01-15,132.99404907226562,143.0,144.0,140.0,140.0,6698600
2026-01-16,133.45907592773438,143.5,145.0,142.0,143.0,6234500
2026-01-19,139.50425720214844,150.0,151.0,142.5,143.0,7970900
2026-01-20,144.15440368652344,155.0,156.5,150.5,151.0,11244500
2026-01-21,153.45468139648438,165.0,165.0,157.5,158.5,12032600
2026-01-22,152.05963134765625,163.5,166.0,162.0,165.0,7026300
2026-01-23,154.84971618652344,166.5,169.0,164.5,165.5,8433100
2026-01-26,155.77975463867188,167.5,167.5,162.5,166.0,4837500
2026-01-27,156.70977783203125,168.5,173.0,168.0,168.5,5927300
2026-01-28,157.1748046875,169.0,171.0,166.0,169.0,3063400
2026-01-29,156.24476623535156,168.0,169.0,166.5,167.0,1924300
2026-01-30,155.77975463867188,167.5,168.0,165.5,166.5,3378000
2026-02-02,153.45468139648438,165.0,168.5,163.5,167.5,3148300
2026-02-03,153.91969299316406,165.5,168.0,165.0,166.0,2273500
2026-02-04,153.45468139648438,165.0,166.5,164.0,165.5,2108800
2026-02-05,156.24476623535156,168.0,168.5,163.5,164.5,3157300
2026-02-06,158.10482788085938,170.0,174.0,168.5,169.0,5551700
2026-02-09,164.61502075195312,177.0,182.0,175.0,178.0,12167300
2026-02-10,174.38031005859375,187.5,187.5,175.5,176.5,9862500
2026-02-11,176.70538330078125,190.0,195.0,187.5,187.5,9263500
2026-02-12,177.17041015625,190.5,190.5,186.0,186.0,4060600
2026-02-13,174.38031005859375,187.5,190.0,187.0,190.0,2872600
2026-02-16,174.8453369140625,188.0,189.5,185.5,186.5,2415400
2026-02-17,175.77536010742188,189.0,190.5,187.0,187.5,2056900
2026-02-18,176.24038696289062,189.5,194.0,188.5,190.0,3401900
2026-02-19,180.42550659179688,194.0,198.5,192.5,194.0,8336500
2026-02-20,177.17041015625,190.5,194.5,188.0,193.5,4783900
2026-02-23,175.3103485107422,188.5,190.5,187.0,190.0,3010000
2026-02-24,177.17041015625,190.5,190.5,185.5,187.5,3437000
2026-02-25,178.10043334960938,191.5,195.0,189.0,192.0,5795600
2026-02-26,188.79576110839844,203.0,205.0,192.0,193.0,10185300
2026-02-27,198.09603881835938,213.0,214.0,203.0,207.0,10598500
2026-03-02,172.0552520751953,185.0,198.0,185.0,197.5,17696100
2026-03-04,161.35992431640625,173.5,175.0,164.5,165.0,15528100
2026-03-05,164.15000915527344,176.5,183.0,172.5,180.0,10498000
2026-03-06,159.96487426757812,172.0,175.5,170.5,174.5,6054400
2026-03-09,158.56982421875,170.5,171.5,164.0,165.0,8116300
2026-03-10,165.5450439453125,178.0,181.0,172.5,175.5,8198500
2026-03-11,166.47506713867188,179.0,183.0,177.5,178.0,6003100
2026-03-12,164.15000915527344,176.5,178.5,175.0,178.0,6964800
2026-03-13,164.61502075195312,177.0,178.0,175.5,176.0,5452500
2026-03-16,164.15000915527344,176.5,179.5,176.0,178.0,6096000
2026-03-17,166.11000061035156,169.5,171.0,168.5,169.0,5783100
2026-03-18,163.1699981689453,166.5,170.0,166.0,169.5,5161300
2026-03-19,157.29000854492188,160.5,166.0,160.5,164.0,5951100
2026-03-20,158.760009765625,162.0,163.5,160.0,162.0,6789600
2026-03-23,153.86000061035156,157.0,160.0,156.5,158.5,6187900
2026-03-24,155.82000732421875,159.0,162.0,158.5,162.0,3683300
2026-03-25,165.62001037597656,169.0,170.0,163.0,164.0,10299400
2026-03-26,159.74000549316406,163.0,166.0,162.5,166.0,5571200
2026-03-27,160.72000122070312,164.0,166.5,163.0,164.5,5117200
2026-03-30,161.2100067138672,164.5,165.5,161.5,162.0,4275400
2026-03-31,159.74000549316406,163.0,165.5,160.0,165.5,7507700
2026-04-01,164.15000915527344,167.5,169.5,166.5,169.0,8684000
2026-04-02,165.1300048828125,168.5,170.5,164.5,166.0,7574300
2026-04-03,164.15000915527344,167.5,169.5,166.0,169.5,4086500
2026-04-07,161.6999969482422,165.0,167.0,163.5,167.0,4061000
2026-04-08,170.02999877929688,173.5,173.5,170.0,171.0,11074100
2026-04-09,166.60000610351562,170.0,172.0,168.5,171.5,7440900
2026-04-10,169.0500030517578,172.5,174.5,170.0,171.5,5039500
2026-04-16,173.4600067138672,177.0,180.5,173.5,175.0,7764800
2026-04-17,174.44000244140625,178.0,180.5,176.0,177.0,4510000
2026-04-20,171.5,175.0,177.5,174.5,177.5,3350100
2026-04-21,170.02999877929688,173.5,177.5,173.0,177.0,3914500
2026-04-22,166.60000610351562,170.0,174.5,170.0,173.0,5438700
2026-04-23,167.08999633789062,170.5,175.0,169.0,174.0,7663100
2026-04-24,166.60000610351562,170.0,170.5,167.0,170.5,5127500
2026-04-27,167.5800018310547,171.0,171.0,168.5,169.5,2701000
2026-04-28,166.60000610351562,170.0,171.5,169.0,171.0,3083200
2026-04-29,174.44000244140625,178.0,178.0,169.5,170.0,7592400
2026-04-30,176.88999938964844,180.5,183.0,176.5,177.5,7637600
2026-05-01,176.88999938964844,180.5,180.5,180.5,180.5,0
2026-05-04,176.88999938964844,180.5,180.5,180.5,180.5,0
2026-05-05,175.4199981689453,179.0,180.5,176.5,180.5,5172200
2026-05-06,175.4199981689453,179.0,181.0,177.5,181.0,5222600
2026-05-07,175.91000366210938,179.5,183.0,178.5,180.0,5975800
2026-05-08,174.9300079345703,178.5,180.5,177.5,179.0,2768800
2026-05-11,172.97000122070312,176.5,180.0,175.5,179.0,3576800
2026-05-12,171.99000549316406,175.5,178.0,175.5,177.0,1611100
2026-05-13,171.99000549316406,175.5,177.5,175.0,176.0,2768800
2026-05-14,174.44000244140625,178.0,178.0,174.5,175.5,2756800
2026-05-15,173.9499969482422,177.5,179.0,176.5,178.0,2062600
2026-05-18,173.9499969482422,177.5,178.0,176.0,177.0,1307700
2026-05-19,173.4600067138672,177.0,180.0,176.5,178.0,2268400
2026-05-20,170.02999877929688,173.5,177.0,173.0,176.5,5925800
2026-05-21,170.02999877929688,173.5,175.5,173.0,175.5,2646900
2026-05-22,170.02999877929688,173.5,174.5,173.0,174.0,1790600
2026-05-25,171.99000549316406,175.5,176.5,174.0,175.5,4614700
2026-05-26,173.9499969482422,177.5,180.5,176.0,176.0,6767400
2026-05-27,174.44000244140625,178.0,180.0,177.5,179.0,4410800
2026-05-28,173.9499969482422,177.5,178.0,176.0,178.0,1861600
2026-05-29,175.91000366210938,179.5,182.5,179.0,180.0,9247800
2026-06-01,175.91000366210938,179.5,179.5,179.5,179.5,0
2026-06-02,174.44000244140625,178.0,181.0,177.5,180.5,4008300
2026-06-03,174.44000244140625,178.0,178.0,178.0,178.0,0
2026-06-04,173.4600067138672,177.0,178.5,175.5,178.0,4474000
2026-06-05,180.80999755859375,184.5,185.5,178.5,179.0,13375200
2026-06-08,175.4199981689453,179.0,182.5,178.5,182.5,6612100
2026-06-09,174.44000244140625,178.0,181.0,176.5,180.5,5752000
2026-06-10,172.48001098632812,176.0,179.0,176.0,176.5,3351200
2026-06-11,171.99000549316406,175.5,178.0,175.0,176.0,3489700
2026-06-12,174.44000244140625,178.0,178.5,176.5,177.5,3877900
2026-06-15,181.3000030517578,185.0,185.0,181.0,181.0,10814700
2026-06-16,180.80999755859375,184.5,184.5,182.0,184.0,4649600
2026-06-17,181.3000030517578,185.0,187.0,183.0,184.5,4832800
2026-06-18,182.27999877929688,186.0,187.0,184.0,185.5,2517900
2026-06-19,182.77000427246094,186.5,188.0,185.5,186.0,4529600
2026-06-22,181.3000030517578,185.0,189.5,183.5,187.5,3873200
2026-06-23,179.8300018310547,183.5,186.5,182.5,184.0,3157400
2026-06-24,180.80999755859375,184.5,187.5,183.5,185.0,2799400
2026-06-25,182.27999877929688,186.0,188.0,184.5,185.5,4046200
2026-06-26,184.73001098632812,188.5,189.0,183.0,184.0,5264100
2026-06-29,187.1800079345703,191.0,191.5,188.0,188.0,4256600
2026-06-30,184.24000549316406,188.0,191.5,186.0,191.0,5791000
2026-07-01,184.24000549316406,188.0,189.5,187.5,189.0,1541300
2026-07-02,188.65000915527344,192.5,192.5,188.0,189.0,4465100
2026-07-03,189.13999938964844,193.0,194.5,191.5,194.0,4570900
2026-07-06,187.1800079345703,191.0,195.0,189.5,194.0,4059800
2026-07-07,186.1999969482422,190.0,191.0,187.0,190.5,4042100
2026-07-08,180.32000732421875,184.0,189.5,183.0,188.0,5437100
2026-07-09,181.79000854492188,185.5,187.0,184.5,185.5,3110100
2026-07-10,182.77000427246094,186.5,187.5,186.0,187.0,1549700
2026-07-13,181.3000030517578,185.0,186.0,184.0,185.0,4487300
2026-07-14,179.33999633789062,183.0,184.0,183.0,184.0,2542700
2026-07-15,179.8300018310547,183.5,185.5,183.5,184.5,1669500
2026-07-16,182.27999877929688,186.0,186.5,183.5,184.5,3869200
2026-07-17,182.77000427246094,186.5,187.5,185.0,186.0,3175100
2026-07-20,179.8300018310547,183.5,187.0,182.0,187.0,4810400
2026-07-21,180.32000732421875,184.0,185.5,183.0,184.0,3464800
2026-07-22,177.87001037597656,181.5,184.0,181.5,183.5,3695600
2026-07-23,177.87001037597656,181.5,183.0,181.0,183.0,2216600
2026-07-24,175.4199981689453,179.0,180.0,178.5,179.0,3405500
2026-07-27,179.33999633789062,183.0,184.0,180.5,181.0,4318200
2026-07-28,179.33999633789062,183.0,183.0,183.0,183.0,0
2026-07-29,179.33999633789062,183.0,183.0,183.0,183.0,0
2026-07-30,182.77000427246094,186.5,187.0,181.5,183.0,7032800
2026-07-31,183.75,187.5,188.0,185.5,186.0,5487700
2026-08-03,184.73001098632812,188.5,190.0,186.5,188.0,4170000
2026-08-04,184.24000549316406,188.0,191.0,187.5,188.5,3534600
2026-08-05,185.7100067138672,189.5,191.5,189.5,191.0,4189600
2026-08-06,186.69000244140625,190.5,193.5,189.5,189.5,5593800
2026-08-07,188.65000915527344,192.5,192.5,189.5,190.5,2795600
2026-08-10,187.1800079345703,191.0,194.0,190.5,192.5,4827200
2026-08-11,185.22000122070312,189.0,193.0,188.5,191.5,4604300
2026-08-12,185.22000122070312,189.0,189.0,189.0,189.0,0
2026-08-13,186.1999969482422,190.0,191.5,188.5,190.0,3468800
2026-08-14,191.10000610351562,195.0,197.5,191.5,192.0,8888800
2026-08-17,187.1800079345703,191.0,196.0,190.5,196.0,5438600
2026-08-18,190.61000061035156,194.5,197.5,190.0,191.5,6949100
2026-08-19,192.0800018310547,196.0,198.5,194.5,194.5,5259200
2026-08-20,194.04000854492188,198.0,202.0,196.0,200.0,8223900
2026-08-21,196.0,200.0,202.0,197.5,199.0,4602800
2026-08-24,197.9600067138672,202.0,207.0,201.0,202.0,5265300
2026-08-25,199.9199981689453,204.0,206.0,202.0,203.0,4265800
2026-08-26,200.90000915527344,205.0,206.0,202.0,205.0,4665600
2026-08-27,196.0,200.0,205.0,200.0,205.0,3275000
