Date,Adj Close,Close,High,Low,Open,Volume
2016-08-26,51.82584762573242,62.0,62.75,61.75,62.0,15443100
2016-08-29,51.61687469482422,61.75,62.25,61.5,61.75,17033000
2016-08-30,51.19892120361328,61.25,62.25,61.25,62.0,20431300
2016-08-31,52.03482437133789,62.25,62.75,61.25,61.5,33592100
2016-09-01,51.61687469482422,61.75,62.75,61.5,62.0,20676800
2016-09-02,51.61687469482422,61.75,62.5,61.75,62.0,19396000
2016-09-05,50.57199478149414,60.5,62.25,60.25,62.0,64825300
2016-09-06,50.57199478149414,60.5,61.25,60.25,60.5,28313600
2016-09-07,50.57199478149414,60.5,61.25,60.25,60.5,12078300
2016-09-08,49.527122497558594,59.25,60.75,59.0,60.5,47975200
2016-09-09,48.064300537109375,57.5,59.5,57.0,59.25,50179700
2016-09-12,47.43737030029297,56.75,57.75,56.75,57.25,28296000
2016-09-13,49.10917282104492,58.75,59.0,57.75,57.75,35703100
2016-09-14,49.10917282104492,58.75,59.75,58.5,58.75,19997700
2016-09-15,49.73609161376953,59.5,59.5,58.5,59.0,21509500
2016-09-16,48.90019607543945,58.5,58.75,57.75,58.0,57630900
2016-09-19,50.36302185058594,60.25,60.5,58.75,58.75,25509900
2016-09-20,50.1540412902832,60.0,60.5,59.5,60.0,13826700
2016-09-21,49.945064544677734,59.75,60.5,59.5,60.25,19475300
2016-09-22,51.61687469482422,61.75,62.5,60.0,60.0,28010500
2016-09-23,51.407901763916016,61.5,62.25,61.0,62.0,20182000
2016-09-26,51.407901763916016,61.5,62.0,61.25,61.5,14360400
2016-09-27,51.407901763916016,61.5,62.5,61.5,61.75,13198200
2016-09-28,50.78097152709961,60.75,61.75,60.5,61.25,14901200
2016-09-29,51.19892120361328,61.25,61.75,61.0,61.25,15994800
2016-09-30,51.407901763916016,61.5,61.5,60.75,61.0,15443500
2016-10-03,50.98994445800781,61.0,62.25,61.0,61.5,13915500
2016-10-04,52.03482437133789,62.25,62.25,61.0,61.25,17625300
2016-10-05,52.243797302246094,62.5,63.0,62.0,62.5,20497200
2016-10-06,53.28866958618164,63.75,64.0,62.5,62.5,31950500
2016-10-07,53.49765396118164,64.0,64.0,63.25,63.75,13601300
2016-10-10,51.407901763916016,61.5,63.0,61.25,61.75,41174400
2016-10-11,49.945064544677734,59.75,62.0,59.25,61.75,41496000
2016-10-12,49.318145751953125,59.0,59.5,55.25,59.0,109428900
2016-10-13,51.61687469482422,61.75,62.5,57.0,58.0,67027400
2016-10-14,51.19892120361328,61.25,63.0,60.75,63.0,64438300
2016-10-17,50.98994445800781,61.0,61.75,60.75,61.5,25837900
2016-10-18,50.57199478149414,60.5,61.25,60.25,61.0,23594100
2016-10-19,50.78097152709961,60.75,61.0,60.0,60.25,23431300
2016-10-20,50.78097152709961,60.75,61.5,60.75,61.0,9378200
2016-10-21,51.407901763916016,61.5,61.75,60.75,61.0,9023200
2016-10-25,52.45277786254883,62.75,62.75,61.5,61.75,18762800
2016-10-26,51.61687469482422,61.75,62.75,61.75,62.75,11547800
2016-10-27,50.98994445800781,61.0,62.5,60.75,61.75,23243300
2016-10-28,51.407901763916016,61.5,61.75,60.75,61.25,9206600
2016-10-31,50.78097152709961,60.75,61.5,60.25,61.25,13856200
2016-11-01,51.407901763916016,61.5,61.75,60.75,61.25,11435100
2016-11-02,51.19892120361328,61.25,61.25,60.75,61.25,11997200
2016-11-03,50.57199478149414,60.5,61.5,60.5,61.0,10536500
2016-11-04,50.78097152709961,60.75,61.25,60.5,60.5,16173900
2016-11-07,51.407901763916016,61.5,62.0,60.5,61.25,8136000
2016-11-08,51.407901763916016,61.5,61.75,61.0,61.25,10015600
2016-11-09,51.82584762573242,62.0,62.5,61.0,61.25,23333900
2016-11-10,52.66175079345703,63.0,63.5,62.5,62.5,24649400
2016-11-11,51.407901763916016,61.5,63.25,61.25,63.25,35392400
2016-11-14,50.57199478149414,60.5,61.25,60.25,60.5,21589500
2016-11-15,50.36302185058594,60.25,61.0,59.5,60.25,27579900
2016-11-16,50.98994445800781,61.0,61.5,60.5,60.5,17679400
2016-11-17,50.57199478149414,60.5,61.25,60.0,61.25,16627600
2016-11-18,50.57199478149414,60.5,61.0,60.0,60.25,10364500
2016-11-21,50.98994445800781,61.0,61.0,60.25,60.25,7484400
2016-11-22,50.36302185058594,60.25,61.25,60.25,61.0,22494100
2016-11-23,50.36302185058594,60.25,60.75,59.75,60.5,14455200
2016-11-24,50.1540412902832,60.0,60.25,60.0,60.25,4244800
2016-11-25,50.57199478149414,60.5,60.5,60.0,60.25,10797900
2016-11-28,50.36302185058594,60.25,60.75,60.0,60.5,10811300
2016-11-29,50.36302185058594,60.25,60.75,60.25,60.5,10760000
2016-11-30,50.36302185058594,60.25,60.75,59.25,60.25,37912100
2016-12-01,50.78097152709961,60.75,61.5,60.5,60.75,17906500
2016-12-02,50.36302185058594,60.25,61.5,60.25,61.25,12829500
2016-12-06,50.1540412902832,60.0,60.25,59.75,60.25,23961900
2016-12-07,50.36302185058594,60.25,60.5,60.0,60.25,15510800
2016-12-08,50.36302185058594,60.25,60.5,60.0,60.25,14937500
2016-12-09,50.1540412902832,60.0,60.75,60.0,60.25,14472400
2016-12-13,50.36302185058594,60.25,60.5,60.0,60.25,15293800
2016-12-14,50.57199478149414,60.5,61.25,60.0,60.25,21366100
2016-12-15,51.407901763916016,61.5,61.75,60.5,60.75,20032300
2016-12-16,51.61687469482422,61.75,62.25,61.25,61.5,32929500
2016-12-19,52.243797302246094,62.5,62.5,61.75,61.75,16250500
2016-12-20,51.61687469482422,61.75,62.75,61.75,62.75,12147300
2016-12-21,51.61687469482422,61.75,62.25,61.75,61.75,13724200
2016-12-22,51.407901763916016,61.5,62.0,61.25,61.75,20431300
2016-12-23,50.78097152709961,60.75,61.5,60.75,61.25,26834100
2016-12-26,51.407901763916016,61.5,61.5,60.75,61.0,3506000
2016-12-27,51.19892120361328,61.25,61.75,61.25,61.5,3803400
2016-12-28,50.98994445800781,61.0,61.5,60.75,61.25,15762000
2016-12-29,51.82584762573242,62.0,62.25,60.75,61.0,14299200
2016-12-30,52.243797302246094,62.5,63.0,61.75,62.0,19367300
2017-01-04,54.33354949951172,65.0,65.5,63.0,63.0,44922000
2017-01-05,54.124576568603516,64.75,65.5,64.25,65.0,26398100
2017-01-06,53.28866958618164,63.75,65.0,63.5,64.75,26493700
2017-01-09,51.82584762573242,62.0,63.5,62.0,63.5,58209600
2017-01-10,51.82584762573242,62.0,62.25,61.5,62.0,29967000
2017-01-11,51.407901763916016,61.5,62.25,61.5,61.75,27611000
2017-01-12,51.19892120361328,61.25,61.75,61.0,61.75,29702100
2017-01-16,51.407901763916016,61.5,62.0,61.5,62.0,10206500
2017-01-17,50.98994445800781,61.0,62.0,61.0,61.5,29955000
2017-01-18,50.36302185058594,60.25,61.25,60.25,61.0,33325200
2017-01-19,49.527122497558594,59.25,59.75,58.75,59.75,85762800
2017-01-20,49.73609161376953,59.5,59.75,59.0,59.5,31934400
2017-01-23,49.527122497558594,59.25,59.5,59.0,59.25,21982200
2017-01-24,49.527122497558594,59.25,59.5,58.75,59.5,30161800
2017-01-25,49.10917282104492,58.75,59.5,58.25,59.25,56940100
2017-01-26,50.98994445800781,61.0,61.75,61.0,61.75,51859200
2017-01-27,50.78097152709961,60.75,61.25,60.5,61.0,11044600
2017-01-30,50.78097152709961,60.75,61.25,60.5,60.5,6729500
2017-01-31,50.57199478149414,60.5,60.75,60.25,60.5,11797700
2017-02-01,50.1540412902832,60.0,60.75,60.0,60.5,12367300
2017-02-02,49.73609161376953,59.5,60.25,59.5,59.75,13684600
2017-02-03,50.1540412902832,60.0,60.25,59.5,59.75,12977600
2017-02-06,51.19892120361328,61.25,61.25,60.0,60.25,14457100
2017-02-07,50.78097152709961,60.75,61.5,60.75,61.0,10768600
2017-02-08,50.57199478149414,60.5,61.25,60.25,60.75,11613400
2017-02-09,50.36302185058594,60.25,60.5,60.0,60.25,13928500
2017-02-10,50.36302185058594,60.25,60.75,60.0,60.25,11521800
2017-02-14,49.73609161376953,59.5,60.5,59.25,60.25,25163900
2017-02-15,50.1540412902832,60.0,60.5,59.5,59.75,11720300
2017-02-16,49.945064544677734,59.75,60.25,59.5,60.0,9523300
2017-02-17,50.1540412902832,60.0,60.5,59.5,59.75,11945000
2017-02-20,49.945064544677734,59.75,60.0,59.5,60.0,7544100
2017-02-21,50.1540412902832,60.0,60.25,59.75,59.75,9506500
2017-02-22,50.78097152709961,60.75,61.25,60.25,60.5,18529500
2017-02-23,50.1540412902832,60.0,60.75,60.0,60.5,9669000
2017-02-24,49.945064544677734,59.75,60.5,59.5,60.25,14579100
2017-02-27,50.1540412902832,60.0,60.75,59.75,59.75,9771600
2017-02-28,50.1540412902832,60.0,60.5,60.0,60.0,13713700
2017-03-01,50.36302185058594,60.25,60.75,60.0,60.25,17206200
2017-03-02,50.1540412902832,60.0,60.5,59.75,60.5,18858300
2017-03-03,49.945064544677734,59.75,60.0,59.5,59.75,8503200
2017-03-06,49.73609161376953,59.5,59.75,59.25,59.5,18398000
2017-03-07,48.90019607543945,58.5,59.5,58.5,59.25,24793100
2017-03-08,49.318145751953125,59.0,59.0,57.5,58.25,24807700
2017-03-09,49.10917282104492,58.75,59.0,58.25,58.5,10123100
2017-03-10,48.90019607543945,58.5,58.75,58.25,58.5,7109100
2017-03-13,49.527122497558594,59.25,59.25,58.0,58.5,9872700
2017-03-14,49.318145751953125,59.0,59.5,59.0,59.25,12481600
2017-03-15,49.318145751953125,59.0,59.25,58.75,59.0,6540300
2017-03-16,49.10917282104492,58.75,59.5,58.5,59.25,16748800
2017-03-17,49.318145751953125,59.0,59.25,58.75,59.0,12440400
2017-03-20,49.527122497558594,59.25,59.25,58.75,58.75,12677700
2017-03-21,49.527122497558594,59.25,59.75,59.0,59.25,19765100
2017-03-22,49.318145751953125,59.0,59.25,58.5,59.0,24872100
2017-03-23,49.527122497558594,59.25,59.5,59.0,59.25,11396800
2017-03-24,49.527122497558594,59.25,59.25,59.0,59.0,7203200
2017-03-27,49.318145751953125,59.0,59.5,58.75,59.25,8084300
2017-03-28,49.318145751953125,59.0,59.25,58.75,59.0,14679100
2017-03-29,49.318145751953125,59.0,59.0,58.5,59.0,11933800
2017-03-30,49.527122497558594,59.25,59.25,58.75,59.0,16258700
2017-03-31,49.318145751953125,59.0,59.5,59.0,59.0,15844400
2017-04-03,50.57199478149414,60.5,61.0,59.25,59.25,32516200
2017-04-04,51.19892120361328,61.25,61.25,60.5,60.75,16445500
2017-04-05,50.78097152709961,60.75,61.25,60.75,61.25,11430600
2017-04-07,51.407901763916016,61.5,61.75,60.5,60.75,20377900
2017-04-10,51.61687469482422,61.75,61.75,61.25,61.5,10743300
2017-04-11,50.98994445800781,61.0,61.75,61.0,61.75,10735700
2017-04-12,51.61687469482422,61.75,61.75,60.75,61.0,12105200
2017-04-17,50.57199478149414,60.5,61.5,60.25,61.5,14763600
2017-04-18,50.57199478149414,60.5,61.25,60.5,60.75,10305600
2017-04-19,50.78097152709961,60.75,61.0,60.25,60.5,11960600
2017-04-20,50.57199478149414,60.5,61.5,60.5,61.0,8277600
2017-04-21,51.407901763916016,61.5,61.75,61.0,61.0,16555700
2017-04-24,51.61687469482422,61.75,62.0,61.25,61.75,15132800
2017-04-25,51.61687469482422,61.75,61.75,61.0,61.5,13641100
2017-04-26,51.82584762573242,62.0,62.0,61.25,61.5,15614700
2017-04-27,51.825843811035156,61.0,61.25,60.75,61.25,6551000
2017-04-28,51.825843811035156,61.0,61.25,60.75,61.25,13447600
2017-05-02,52.675453186035156,62.0,62.0,61.0,61.0,16734500
2017-05-03,51.825843811035156,61.0,62.25,61.0,62.0,9499200
2017-05-04,52.038246154785156,61.25,61.75,61.0,61.25,5246800
2017-05-08,52.675453186035156,62.0,62.0,61.5,61.75,5078900
2017-05-09,53.94985580444336,63.5,63.75,62.0,62.0,37611600
2017-05-11,54.79946517944336,64.5,65.25,63.5,63.75,45274800
2017-05-12,54.79946517944336,64.5,64.5,63.25,64.25,38122000
2017-05-15,54.58706283569336,64.25,64.25,64.25,64.25,1221700
2017-05-16,55.011863708496094,64.75,64.75,64.25,64.25,16338900
2017-05-17,55.224266052246094,65.0,65.75,64.25,64.25,31338000
2017-05-18,53.94985580444336,63.5,65.0,63.5,64.75,26100300
2017-05-19,53.94985580444336,63.5,64.0,63.0,63.5,13990600
2017-05-22,53.31265640258789,62.75,64.0,62.5,63.75,27672100
2017-05-23,53.94985580444336,63.5,63.5,62.25,62.5,23191600
2017-05-24,53.94985580444336,63.5,64.0,63.0,63.0,16063100
2017-05-25,53.94985580444336,63.5,63.5,63.0,63.25,3076700
2017-05-26,53.52505111694336,63.0,63.5,62.75,63.5,5624600
2017-05-29,53.52505111694336,63.0,63.0,62.5,62.75,8862100
2017-05-30,53.31265640258789,62.75,63.0,62.5,63.0,2042500
2017-05-31,53.100250244140625,62.5,63.0,62.25,62.75,20754600
2017-06-01,52.887855529785156,62.25,62.75,62.25,62.75,9404500
2017-06-02,53.100250244140625,62.5,62.75,62.25,62.5,12081200
2017-06-05,52.675453186035156,62.0,62.5,62.0,62.5,13767300
2017-06-06,52.887855529785156,62.25,62.5,61.5,62.0,18774400
2017-06-07,52.463050842285156,61.75,62.25,61.75,62.25,11653100
2017-06-08,52.675453186035156,62.0,62.25,61.75,62.0,14820100
2017-06-09,52.675453186035156,62.0,62.25,61.5,62.0,15180200
2017-06-12,52.463050842285156,61.75,62.0,61.5,61.75,3302900
2017-06-13,52.675453186035156,62.0,62.25,61.5,62.0,10711700
2017-06-14,52.675453186035156,62.0,62.25,61.75,62.0,10779300
2017-06-15,52.463050842285156,61.75,62.25,61.75,61.75,9684200
2017-06-16,52.463050842285156,61.75,62.0,61.5,61.75,7045400
2017-06-19,52.463050842285156,61.75,62.25,61.75,62.0,10089700
2017-06-20,52.463050842285156,61.75,62.0,61.75,62.0,13767800
2017-06-21,53.100250244140625,62.5,62.5,61.75,61.75,16852200
2017-06-22,52.887855529785156,62.25,62.5,62.0,62.5,13941800
2017-06-23,52.463050842285156,61.75,62.25,61.75,62.25,10493200
2017-06-26,52.463050842285156,61.75,62.0,61.75,62.0,8734600
2017-06-27,52.675453186035156,62.0,62.25,61.75,62.0,15099000
2017-06-28,52.887855529785156,62.25,62.5,61.75,62.0,10015800
2017-06-29,53.31265640258789,62.75,63.5,62.0,62.25,24759200
2017-06-30,53.31265640258789,62.75,63.0,62.25,62.75,12955900
2017-07-03,54.162254333496094,63.75,63.75,62.75,62.75,14134000
2017-07-04,53.73745346069336,63.25,64.0,63.0,63.75,7669700
2017-07-05,53.52505111694336,63.0,63.5,62.75,63.25,6768400
2017-07-06,53.100250244140625,62.5,63.25,62.0,63.0,14193300
2017-07-07,52.675453186035156,62.0,62.75,62.0,62.25,12989200
2017-07-11,51.40104293823242,60.5,61.5,59.75,61.5,47340800
2017-07-12,50.76383590698242,59.75,60.5,59.0,60.25,63113300
2017-07-13,51.40104293823242,60.5,60.5,59.75,60.0,23945300
2017-07-14,51.825843811035156,61.0,61.25,60.5,60.5,12537400
2017-07-17,51.825843811035156,61.0,61.25,60.5,61.0,17561300
2017-07-18,51.825843811035156,61.0,61.25,60.25,60.75,20607900
2017-07-19,51.825843811035156,61.0,61.25,60.75,61.0,8301500
2017-07-20,51.825843811035156,61.0,61.25,61.0,61.0,12293000
2017-07-21,51.613441467285156,60.75,61.25,60.75,61.0,15477700
2017-07-24,51.613441467285156,60.75,61.75,60.75,60.75,13639200
2017-07-25,51.825843811035156,61.0,61.25,60.75,60.75,5160400
2017-07-26,51.825843811035156,61.0,61.25,60.75,61.0,9623100
2017-07-27,51.825843811035156,61.0,61.25,60.75,61.25,5846700
2017-07-31,51.613441467285156,60.75,61.25,60.5,61.0,20613800
2017-08-01,51.825843811035156,61.0,61.5,60.75,60.75,16578900
2017-08-02,52.038246154785156,61.25,61.25,61.0,61.25,6396100
2017-08-03,52.038246154785156,61.25,61.5,61.0,61.25,11469800
2017-08-04,52.038246154785156,61.25,61.5,61.0,61.5,6561100
2017-08-07,52.25065612792969,61.5,62.0,61.25,61.25,7107200
2017-08-08,52.25065612792969,61.5,62.0,61.5,61.75,8535000
2017-08-09,52.038246154785156,61.25,61.75,61.25,61.75,8016900
2017-08-10,51.825843811035156,61.0,61.25,61.0,61.25,3189400
2017-08-11,52.463050842285156,61.75,61.75,61.0,61.0,14670600
2017-08-15,52.463050842285156,61.75,62.25,61.5,61.75,13296800
2017-08-16,52.25065612792969,61.5,61.75,61.25,61.75,9506000
2017-08-17,52.038246154785156,61.25,61.5,61.0,61.25,9919800
2017-08-18,51.825843811035156,61.0,61.5,61.0,61.25,7184300
2017-08-21,52.038246154785156,61.25,61.25,61.0,61.25,2365400
2017-08-22,52.038246154785156,61.25,61.5,61.0,61.0,8659100
2017-08-23,52.038246154785156,61.25,61.5,60.5,61.25,26046900
2017-08-24,51.613441467285156,60.75,61.25,60.75,61.25,6768500
2017-08-25,51.613441467285156,60.75,61.25,60.5,60.75,16970900
2017-08-28,51.613441467285156,60.75,60.75,60.75,60.75,2652800
2017-08-29,52.25065612792969,61.5,62.0,60.75,60.75,33482400
2017-08-30,52.463050842285156,61.75,62.0,61.5,61.75,21405500
2017-08-31,52.675453186035156,62.0,62.0,61.25,61.75,31058500
2017-09-01,52.463050842285156,61.75,62.0,61.5,62.0,10755500
2017-09-04,52.25065612792969,61.5,61.75,61.0,61.5,13586100
2017-09-05,52.25065612792969,61.5,61.5,61.0,61.5,7304400
2017-09-06,52.25065612792969,61.5,61.75,61.25,61.5,18754900
2017-09-07,52.25065612792969,61.5,61.75,61.0,61.5,20299200
2017-09-08,53.52505111694336,63.0,63.5,61.75,61.75,62783100
2017-09-11,53.52505111694336,63.0,63.5,62.75,63.25,25848100
2017-09-12,54.162254333496094,63.75,63.75,63.0,63.0,29420000
2017-09-13,54.37466049194336,64.0,64.0,63.5,63.75,15614500
2017-09-14,54.37466049194336,64.0,64.25,63.5,64.0,20083600
2017-09-15,54.58706283569336,64.25,64.25,63.75,63.75,23565300
2017-09-18,55.224266052246094,65.0,65.25,64.25,64.25,25480400
2017-09-19,55.224266052246094,65.0,65.25,64.5,65.25,12710900
2017-09-20,55.436668395996094,65.25,65.25,64.75,65.0,9752800
2017-09-21,56.0738639831543,66.0,66.5,65.0,65.25,28548900
2017-09-22,56.0738639831543,66.0,66.25,65.25,66.0,19295100
2017-09-25,55.64906692504883,65.5,66.0,65.25,65.75,8722000
2017-09-26,55.86146926879883,65.75,66.0,65.5,65.75,8947400
2017-09-27,55.86146926879883,65.75,66.0,65.5,65.75,9533900
2017-09-28,56.0738639831543,66.0,66.0,65.25,66.0,15493000
2017-09-29,56.7110710144043,66.75,67.25,65.5,65.75,31618100
2017-10-02,57.77307891845703,68.0,68.5,66.75,67.0,31348400
2017-10-03,57.77307891845703,68.0,68.5,67.75,68.25,26186400
2017-10-04,57.77307891845703,68.0,68.25,67.25,68.25,17995400
2017-10-05,57.3482780456543,67.5,68.0,67.5,68.0,7410000
2017-10-06,58.622684478759766,69.0,69.0,67.75,67.75,19035200
2017-10-09,58.19788360595703,68.5,68.75,68.25,68.75,5737400
2017-10-10,59.472293853759766,70.0,71.0,68.5,68.5,36003600
2017-10-11,59.472293853759766,70.0,70.5,69.75,70.0,12819200
2017-10-12,58.83507537841797,69.25,70.0,68.75,70.0,9899700
2017-10-16,59.68468475341797,70.25,70.25,70.25,70.25,2598300
2017-10-17,59.472293853759766,70.0,70.25,69.0,70.0,14482300
2017-10-18,59.0474853515625,69.5,69.75,69.25,69.5,10220300
2017-10-19,57.985469818115234,68.25,69.75,67.75,69.5,18001300
2017-10-20,58.83507537841797,69.25,69.75,68.0,68.25,15749700
2017-10-24,59.472293853759766,70.0,70.0,69.0,69.25,9376400
2017-10-25,59.472293853759766,70.0,70.5,69.75,70.0,12477900
2017-10-27,59.472293853759766,70.0,70.25,69.75,70.0,11566100
2017-10-30,59.897098541259766,70.5,70.75,69.5,70.0,16384200
2017-10-31,59.472293853759766,70.0,70.5,69.75,70.5,11131900
2017-11-01,59.472293853759766,70.0,70.5,69.5,70.0,8277300
2017-11-02,59.472293853759766,70.0,70.75,69.75,70.0,10649600
2017-11-03,59.897098541259766,70.5,71.0,69.75,70.0,7798800
2017-11-06,59.897098541259766,70.5,70.5,69.75,70.25,5032600
2017-11-07,60.109493255615234,70.75,71.25,70.25,70.5,11409100
2017-11-08,60.32189178466797,71.0,71.5,70.5,70.5,14681800
2017-11-09,59.897098541259766,70.5,71.5,70.0,71.0,18680000
2017-11-10,58.622684478759766,69.0,70.5,68.75,70.5,11684400
2017-11-13,59.897098541259766,70.5,70.75,69.0,69.0,14074300
2017-11-14,61.17148971557617,72.0,72.75,70.75,71.0,22877900
2017-11-15,61.38388442993164,72.25,72.75,72.0,72.5,14657300
2017-11-16,61.38388442993164,72.25,72.75,71.75,72.0,9169400
2017-11-17,62.87070083618164,74.0,74.25,72.75,72.75,22743000
2017-11-20,64.78231811523438,76.25,76.75,74.25,74.5,24626200
2017-11-21,63.29550552368164,74.5,74.5,74.5,74.5,29221100
2017-11-22,63.72029495239258,75.0,75.5,74.5,74.5,16262500
2017-11-23,63.932708740234375,75.25,75.75,75.0,75.25,12305200
2017-11-24,63.932708740234375,75.25,75.75,74.75,75.25,15475300
2017-11-27,63.932708740234375,75.25,75.75,74.5,74.75,17361900
2017-11-28,62.87070083618164,74.0,75.25,73.5,75.25,18091600
2017-11-29,62.87070083618164,74.0,74.75,73.75,74.0,16426800
2017-11-30,62.02110290527344,73.0,74.5,72.75,74.0,19673400
2017-12-01,62.445899963378906,73.5,74.0,73.25,73.5,6792700
2017-12-04,62.87070083618164,74.0,74.25,73.25,73.5,8350300
2017-12-06,62.233489990234375,73.25,74.0,72.5,74.0,12097400
2017-12-07,62.87070083618164,74.0,74.0,73.25,73.5,6681500
2017-12-08,63.29550552368164,74.5,74.75,74.0,74.25,10767700
2017-12-12,63.72029495239258,75.0,75.25,74.25,74.75,17750600
2017-12-13,63.932708740234375,75.25,75.25,74.5,75.25,7767000
2017-12-14,64.99470520019531,76.5,77.0,75.25,75.5,26121900
2017-12-15,64.99470520019531,76.5,76.75,76.0,76.0,21007400
2017-12-18,64.78231811523438,76.25,76.5,75.75,76.5,12661000
2017-12-19,64.99470520019531,76.5,76.75,76.25,76.25,13649100
2017-12-20,64.99470520019531,76.5,76.5,75.75,76.5,6176400
2017-12-21,64.99470520019531,76.5,76.5,76.0,76.5,4812900
2017-12-22,64.78231811523438,76.25,76.5,76.25,76.5,7781400
2017-12-25,64.99470520019531,76.5,76.5,76.25,76.25,3704500
2017-12-26,64.99470520019531,76.5,76.75,76.0,76.25,5851300
2017-12-27,66.05671691894531,77.75,78.25,76.25,76.5,21339700
2017-12-28,65.84431457519531,77.5,78.0,75.5,77.75,13949400
2017-12-29,65.41950988769531,77.0,77.5,76.5,77.5,8711200
2018-01-03,66.69390869140625,78.5,78.75,77.0,77.0,23107900
2018-01-04,66.69390869140625,78.5,78.75,77.75,78.75,14868500
2018-01-05,66.05671691894531,77.75,79.0,77.75,79.0,13878500
2018-01-08,64.99470520019531,76.5,77.75,76.25,77.0,14482800
2018-01-09,64.78231811523438,76.25,76.25,76.25,76.25,1673200
2018-01-10,65.84431457519531,77.5,77.75,76.25,76.75,19584700
2018-01-11,66.69390869140625,78.5,78.75,77.0,77.5,22724400
2018-01-12,67.11871337890625,79.0,79.5,78.25,78.5,24024200
2018-01-15,66.48152160644531,78.25,79.75,77.75,79.0,16994100
2018-01-16,66.69390869140625,78.5,79.5,77.25,78.25,20957800
2018-01-17,67.96832275390625,80.0,80.0,78.5,78.5,14674200
2018-01-18,67.54351806640625,79.5,80.5,79.5,80.0,15204100
2018-01-19,68.18071746826172,80.25,80.25,79.5,80.25,10709800
2018-01-22,68.39312744140625,80.5,80.5,79.75,80.25,14158500
2018-01-23,68.39312744140625,80.5,80.75,80.0,80.5,15934800
2018-01-24,68.18071746826172,80.25,80.5,80.0,80.5,10711500
2018-01-25,67.96832275390625,80.0,81.0,80.0,80.25,19632800
2018-01-26,68.18071746826172,80.25,80.25,79.5,80.25,16763100
2018-01-29,67.75591278076172,79.75,80.25,79.5,80.25,11066900
2018-01-30,67.54351806640625,79.5,80.0,79.0,79.5,15509100
2018-01-31,67.75591278076172,79.75,80.0,79.5,79.75,11590000
2018-02-01,67.96832275390625,80.0,80.75,79.75,79.75,25857600
2018-02-02,67.75591278076172,79.75,80.25,79.25,80.25,12488300
2018-02-05,67.33111572265625,79.25,79.5,78.75,79.0,15083800
2018-02-06,66.69390869140625,78.5,79.25,77.0,77.0,33334500
2018-02-07,67.54351806640625,79.5,79.75,78.75,79.0,16195900
2018-02-08,67.33111572265625,79.25,80.0,79.25,79.75,15855000
2018-02-09,66.69390869140625,78.5,79.0,78.25,78.5,22928500
2018-02-12,66.69390869140625,78.5,78.75,78.25,78.5,14447900
2018-02-13,67.11871337890625,79.0,79.25,78.5,78.5,14069400
2018-02-14,67.54351806640625,79.5,80.0,79.0,79.5,13202800
2018-02-15,68.18071746826172,80.25,80.5,79.75,79.75,12973300
2018-02-16,69.03033447265625,81.25,81.25,80.0,80.5,8153500
2018-02-19,71.15435028076172,83.75,85.75,83.0,83.0,44795200
2018-02-20,70.30474090576172,82.75,84.25,82.25,83.75,26982600
2018-02-21,70.94194030761719,83.5,84.75,83.25,83.75,25983400
2018-02-22,71.57915496826172,84.25,85.0,83.25,83.75,25322500
2018-02-23,71.36674499511719,84.0,84.5,82.75,84.5,36282400
2018-02-26,71.79154205322266,84.5,84.75,83.25,84.0,22466400
2018-02-27,70.72954559326172,83.25,84.25,83.25,84.25,30803800
2018-02-28,71.36674499511719,84.0,84.0,82.5,82.75,44405300
2018-03-02,72.00394439697266,84.75,84.75,83.5,84.0,28261000
2018-03-05,73.91555786132812,87.0,87.25,84.5,84.75,48894100
2018-03-06,73.49075317382812,86.5,87.0,86.0,87.0,15377600
2018-03-07,72.64114379882812,85.5,86.75,84.75,86.25,19091300
2018-03-08,72.8535385131836,85.75,86.75,85.25,86.0,21896100
2018-03-09,73.91555786132812,87.0,87.0,86.0,86.5,26767100
2018-03-12,74.55274963378906,87.75,88.0,87.25,87.25,16082700
2018-03-13,74.55274963378906,87.75,87.75,86.75,87.5,15388600
2018-03-14,73.91555786132812,87.0,87.5,86.5,87.0,19633400
2018-03-15,73.91555786132812,87.0,87.5,86.5,87.0,18436700
2018-03-16,74.34036254882812,87.5,88.25,86.5,86.75,32289700
2018-03-19,74.34036254882812,87.5,88.0,87.25,87.5,5334500
2018-03-20,73.91555786132812,87.0,87.5,87.0,87.0,8198600
2018-03-21,74.55274963378906,87.75,88.5,87.5,87.75,17736000
2018-03-22,74.76516723632812,88.0,88.25,87.5,88.0,7205500
2018-03-23,75.1899642944336,88.5,88.5,87.25,87.5,20487400
2018-03-26,75.1899642944336,88.5,88.75,88.0,88.5,14327200
2018-03-27,76.46437072753906,90.0,90.0,88.25,88.5,26561300
2018-03-28,74.55274963378906,87.75,89.5,87.25,89.0,34996200
2018-03-29,74.1279525756836,87.25,87.75,86.5,87.0,42549900
2018-03-30,74.76516723632812,88.0,88.0,86.25,87.25,28798700
2018-04-02,74.34036254882812,87.5,88.0,87.25,87.5,9364300
2018-04-03,74.76516723632812,88.0,88.5,87.0,87.0,30476300
2018-04-04,73.49075317382812,86.5,88.0,86.5,88.0,25492900
2018-04-05,74.55274963378906,87.75,88.0,87.0,87.5,18051300
2018-04-09,74.55274963378906,87.75,87.75,87.25,87.5,13412100
2018-04-10,73.70315551757812,86.75,88.0,86.25,87.5,36581600
2018-04-11,74.1279525756836,87.25,87.25,86.25,86.75,31107300
2018-04-12,73.91555786132812,87.0,87.25,86.5,87.0,17103600
2018-04-17,70.72954559326172,83.25,86.5,83.0,86.5,93746400
2018-04-18,72.64114379882812,85.5,85.5,83.75,84.0,34572800
2018-04-19,73.91555786132812,87.0,87.25,85.75,86.0,21991800
2018-04-20,73.91555786132812,87.0,87.0,86.0,87.0,19495700
2018-04-23,73.91555786132812,87.0,87.5,86.5,87.0,13559400
2018-04-24,73.49075317382812,86.5,87.0,86.0,87.0,14884200
2018-04-25,73.91555786132812,87.0,87.25,86.25,86.5,15755400
2018-04-26,73.91555786132812,87.0,87.25,86.75,87.0,9210200
2018-04-27,74.8620834350586,87.0,87.0,85.75,86.25,18302000
2018-04-30,74.8620834350586,87.0,87.25,86.75,87.0,18010300
2018-05-02,75.72257995605469,88.0,88.0,86.75,87.0,24370600
2018-05-03,75.72257995605469,88.0,88.25,87.75,88.0,16481700
2018-05-04,75.29232788085938,87.5,88.25,87.25,88.0,12647100
2018-05-07,75.93768310546875,88.25,88.5,87.75,88.0,9362100
2018-05-08,75.50743865966797,87.75,88.5,87.25,88.0,13164100
2018-05-09,74.8620834350586,87.0,87.75,86.25,87.5,14186800
2018-05-10,74.00160217285156,86.0,87.5,85.75,87.0,11320200
2018-05-11,73.57135772705078,85.5,86.0,84.5,86.0,32132200
2018-05-14,74.43184661865234,86.5,86.75,85.75,86.25,9676600
2018-05-15,73.35623168945312,85.25,86.25,85.0,86.0,14779200
2018-05-16,71.85039520263672,83.5,85.0,83.0,84.75,37743700
2018-05-17,70.34455871582031,81.75,83.5,81.25,83.25,38824400
2018-05-18,70.1294174194336,81.5,82.5,80.25,81.75,42171600
2018-05-21,70.55967712402344,82.0,83.0,81.75,82.25,28792500
2018-05-22,70.1294174194336,81.5,82.5,81.5,82.0,16921800
2018-05-23,69.48406982421875,80.75,81.75,80.75,81.5,35408500
2018-05-24,69.05381774902344,80.25,81.25,79.75,80.5,32781300
2018-05-25,69.26895141601562,80.5,81.0,79.5,80.5,27404500
2018-05-28,69.69918823242188,81.0,82.25,80.5,80.75,21924800
2018-05-30,69.26895141601562,80.5,81.0,80.0,80.75,28925200
2018-05-31,69.48406982421875,80.75,81.5,80.25,81.0,34760500
2018-06-01,68.83869171142578,80.0,81.0,79.5,80.75,17215900
2018-06-04,67.54796600341797,78.5,80.25,77.5,80.0,38513500
2018-06-05,68.62357330322266,79.75,80.25,77.5,78.25,39226800
2018-06-06,68.83869171142578,80.0,80.25,79.5,80.25,28746100
2018-06-07,68.62357330322266,79.75,80.5,79.75,80.25,12450700
2018-06-08,68.19332885742188,79.25,79.75,78.75,79.5,12379500
2018-06-11,68.40846252441406,79.5,80.0,79.25,79.25,9723600
2018-06-12,69.26895141601562,80.5,81.25,79.75,80.0,36406000
2018-06-13,68.40846252441406,79.5,80.75,79.5,80.5,16665200
2018-06-14,67.97821044921875,79.0,79.75,78.75,79.25,15663300
2018-06-15,68.40846252441406,79.5,79.75,78.5,79.25,25199100
2018-06-18,67.54796600341797,78.5,79.25,78.5,79.0,19450200
2018-06-19,65.8270034790039,76.5,78.5,76.0,78.25,47434300
2018-06-20,66.04212951660156,76.75,77.0,76.0,76.5,26702300
2018-06-21,66.04212951660156,76.75,77.25,76.0,77.0,29150100
2018-06-22,66.47237396240234,77.25,77.75,76.5,76.75,20921900
2018-06-25,64.75140380859375,75.25,77.25,75.25,77.0,23774100
2018-06-26,65.39677429199219,76.0,76.25,74.5,74.75,29131200
2018-06-27,64.10603332519531,74.5,76.25,74.25,76.0,25621200
2018-06-28,64.32115936279297,74.75,75.75,74.5,75.0,23034900
2018-06-29,63.24556350708008,73.5,75.0,72.75,74.75,39587300
2018-07-02,64.5362777709961,75.0,75.0,73.5,74.0,17429900
2018-07-03,64.96652221679688,75.5,76.0,74.75,75.0,25331300
2018-07-04,65.8270034790039,76.5,77.25,75.25,76.25,32192200
2018-07-05,65.8270034790039,76.5,77.5,76.0,76.5,17505100
2018-07-06,66.47237396240234,77.25,78.5,76.25,76.25,23070800
2018-07-09,67.97821044921875,79.0,79.75,78.0,78.0,17818100
2018-07-10,67.97821044921875,79.0,79.25,77.5,79.0,15489000
2018-07-11,67.76309967041016,78.75,79.25,78.25,78.5,17372400
2018-07-12,65.8270034790039,76.5,79.5,76.0,78.75,33310400
2018-07-13,65.39677429199219,76.0,77.25,75.5,76.75,19312500
2018-07-16,64.96652221679688,75.5,76.0,75.0,75.5,11219700
2018-07-17,64.96652221679688,75.5,75.5,74.25,75.0,18954400
2018-07-18,65.18164825439453,75.75,76.25,74.75,76.0,17228200
2018-07-19,64.96652221679688,75.5,76.0,74.75,75.75,13336500
2018-07-20,64.32115936279297,74.75,75.5,74.5,75.25,32876400
2018-07-23,64.96652221679688,75.5,76.25,74.75,75.0,22881100
2018-07-24,64.75140380859375,75.25,76.25,75.0,75.75,16593600
2018-07-25,65.8270034790039,76.5,77.25,75.25,75.75,39410500
2018-07-26,65.39677429199219,76.0,77.25,75.25,77.0,25611100
2018-07-31,64.5362777709961,75.0,76.5,73.75,76.25,46417000
2018-08-01,65.18164825439453,75.75,76.0,74.5,75.0,31826200
2018-08-02,64.32115936279297,74.75,76.0,74.75,75.75,18761100
2018-08-03,63.460670471191406,73.75,75.25,73.75,74.75,33745900
2018-08-06,62.600196838378906,72.75,74.5,72.75,74.0,37309900
2018-08-07,63.030433654785156,73.25,73.75,71.5,73.25,54023600
2018-08-08,63.460670471191406,73.75,74.75,73.0,73.25,36497600
2018-08-09,63.67580032348633,74.0,74.25,73.25,74.0,20771400
2018-08-10,61.30946731567383,71.25,72.25,70.0,71.0,120865800
2018-08-14,59.588497161865234,69.25,70.25,69.0,69.75,86788700
2018-08-15,59.588497161865234,69.25,70.25,68.5,69.0,63812900
2018-08-16,60.66411209106445,70.5,70.75,69.0,69.25,48444500
2018-08-17,60.018741607666016,69.75,71.25,69.5,70.75,42138800
2018-08-20,60.23387145996094,70.0,70.5,69.5,70.0,13817600
2018-08-21,60.23387145996094,70.0,70.5,69.5,70.0,24176500
2018-08-22,60.018741607666016,69.75,70.25,69.25,70.0,15384900
2018-08-23,59.80362319946289,69.5,70.0,68.75,70.0,35225900
2018-08-24,59.373382568359375,69.0,69.5,68.75,69.0,24831300
2018-08-27,59.588497161865234,69.25,69.5,68.5,69.0,27000300
2018-08-28,59.15825271606445,68.75,69.75,68.25,69.5,49514500
2018-08-29,59.588497161865234,69.25,69.5,68.5,69.25,41219900
2018-08-30,58.943145751953125,68.5,69.25,68.25,69.25,28669500
2018-08-31,58.0826530456543,67.5,68.25,67.25,68.0,48435200
2018-09-03,58.297767639160156,67.75,68.5,67.5,67.5,30739800
2018-09-04,57.65241241455078,67.0,68.0,67.0,67.75,30379500
2018-09-05,56.146568298339844,65.25,67.0,64.75,66.75,104984900
2018-09-06,57.65241241455078,67.0,67.25,65.5,65.5,65859600
2018-09-07,57.65241241455078,67.0,67.25,66.5,67.0,20877600
2018-09-10,57.222164154052734,66.5,67.0,66.0,66.75,17834500
2018-09-11,56.146568298339844,65.25,66.5,65.0,66.5,35360100
2018-09-12,56.361690521240234,65.5,66.0,65.0,65.25,28184400
2018-09-13,58.943145751953125,68.5,68.5,66.75,67.25,102071200
2018-09-14,58.943145751953125,68.5,69.0,68.0,69.0,54641300
2018-09-17,58.51289749145508,68.0,68.5,67.75,68.0,22147100
2018-09-18,58.943145751953125,68.5,69.0,67.0,67.75,54410000
2018-09-19,61.09435272216797,71.0,71.75,68.75,69.0,115645200
2018-09-20,60.66411209106445,70.5,71.5,70.5,71.5,29474200
2018-09-21,59.80362319946289,69.5,70.5,69.25,70.25,70966900
2018-09-24,59.588497161865234,69.25,69.75,69.0,69.25,25594300
2018-09-25,60.23387145996094,70.0,70.5,69.5,69.5,25337400
2018-09-26,60.23387145996094,70.0,71.0,70.0,70.5,30461400
2018-09-27,59.588497161865234,69.25,69.75,68.5,69.5,57648000
2018-09-28,59.373382568359375,69.0,69.5,68.5,69.5,34304900
2018-10-01,59.80362319946289,69.5,69.75,68.75,69.5,19098400
2018-10-02,60.018741607666016,69.75,70.5,69.5,69.75,43711300
2018-10-03,59.80362319946289,69.5,70.25,69.25,70.0,15703000
2018-10-04,59.588497161865234,69.25,69.25,68.5,69.25,26468700
2018-10-05,59.588497161865234,69.25,69.25,68.5,68.5,17651500
2018-10-08,58.943145751953125,68.5,69.5,68.0,69.25,33220400
2018-10-09,59.15825271606445,68.75,69.0,68.25,68.75,20795400
2018-10-10,59.373382568359375,69.0,69.25,68.25,69.25,21451700
2018-10-11,57.867530822753906,67.25,67.5,66.5,67.0,58345600
2018-10-12,57.867530822753906,67.25,67.75,67.25,67.5,15764500
2018-10-16,58.0826530456543,67.5,67.5,66.25,67.25,22586600
2018-10-17,57.867530822753906,67.25,67.75,67.25,67.75,8804600
2018-10-18,57.222164154052734,66.5,67.25,66.5,67.0,15316100
2018-10-19,56.146568298339844,65.25,66.5,65.0,66.5,50028800
2018-10-22,55.93144226074219,65.0,65.5,63.75,65.5,38847200
2018-10-24,54.210472106933594,63.0,64.75,62.75,64.25,77102000
2018-10-25,54.640716552734375,63.5,64.0,61.5,62.5,70809400
2018-10-26,54.855838775634766,63.75,64.25,62.25,63.25,28366100
2018-10-29,56.146568298339844,65.25,66.25,64.0,64.0,30171200
2018-10-30,56.57680892944336,65.75,66.0,64.75,65.25,18086100
2018-10-31,57.867530822753906,67.25,67.25,65.75,66.25,36401300
2018-11-01,58.51289749145508,68.0,68.25,67.0,67.75,40642700
2018-11-02,58.943145751953125,68.5,69.0,68.0,68.5,45247300
2018-11-05,58.0826530456543,67.5,68.0,66.75,68.0,23955500
2018-11-06,58.72801208496094,68.25,68.25,67.5,67.75,15888200
2018-11-07,58.297767639160156,67.75,68.0,66.25,68.0,28741800
2018-11-08,58.51289749145508,68.0,68.5,67.75,68.25,16718100
2018-11-09,58.72801208496094,68.25,68.25,67.5,67.5,17321300
2018-11-12,58.297767639160156,67.75,68.75,67.75,68.75,13699500
2018-11-13,59.80362319946289,69.5,69.75,67.0,67.25,55460600
2018-11-14,60.018741607666016,69.75,70.25,69.5,70.25,30838100
2018-11-15,58.943145751953125,68.5,70.0,68.5,70.0,22324700
2018-11-16,59.588497161865234,69.25,69.25,68.25,69.0,19671900
2018-11-19,59.80362319946289,69.5,69.5,68.5,68.75,18961300
2018-11-20,59.15825271606445,68.75,69.25,68.25,69.0,16463000
2018-11-21,58.72801208496094,68.25,69.0,68.25,68.75,26608500
2018-11-22,59.15825271606445,68.75,69.0,68.5,68.75,14107500
2018-11-23,58.943145751953125,68.5,68.75,67.75,68.25,18002400
2018-11-26,59.15825271606445,68.75,69.0,68.25,68.75,14454100
2018-11-27,59.15825271606445,68.75,69.0,68.25,68.5,23627400
2018-11-28,59.15825271606445,68.75,69.0,68.5,68.75,14068000
2018-11-29,58.943145751953125,68.5,69.25,68.5,69.0,16614600
2018-11-30,58.72801208496094,68.25,68.75,67.75,68.5,26986300
2018-12-03,61.52458190917969,71.5,71.75,69.0,69.25,104397900
2018-12-04,61.73971176147461,71.75,71.75,71.0,71.5,35326600
2018-12-06,60.87922668457031,70.75,71.0,70.5,70.5,20623300
2018-12-07,61.52458190917969,71.5,71.75,70.75,70.75,17145300
2018-12-11,60.4489860534668,70.25,71.75,70.25,71.0,43771900
2018-12-12,60.87922668457031,70.75,71.5,70.5,71.0,21740100
2018-12-13,60.87922668457031,70.75,71.25,70.5,71.25,21543400
2018-12-14,61.09435272216797,71.0,71.0,70.5,70.5,15214800
2018-12-17,60.23387145996094,70.0,71.25,69.75,70.75,31527300
2018-12-18,60.4489860534668,70.25,70.5,69.25,69.75,21661000
2018-12-19,60.23387145996094,70.0,70.25,69.75,70.25,16951300
2018-12-20,60.23387145996094,70.0,70.0,69.5,69.75,10460300
2018-12-21,59.588497161865234,69.25,70.0,69.25,69.5,20164500
2018-12-24,59.80362319946289,69.5,69.75,69.25,69.25,8806300
2018-12-25,59.373382568359375,69.0,69.25,68.5,69.0,13892900
2018-12-26,59.373382568359375,69.0,69.25,68.5,69.0,24368000
2018-12-27,59.15825271606445,68.75,69.25,68.25,69.25,27868500
2018-12-28,59.15825271606445,68.75,69.25,68.5,68.75,23212400
2019-01-02,60.4489860534668,70.25,70.5,68.75,69.0,32877200
2019-01-03,60.66411209106445,70.5,72.0,70.5,70.5,59895200
2019-01-04,62.16994857788086,72.25,72.5,71.25,71.5,61021200
2019-01-07,62.81531524658203,73.0,73.0,72.25,72.75,31040600
2019-01-08,62.385066986083984,72.5,73.0,72.25,73.0,45240900
2019-01-09,62.385066986083984,72.5,73.25,72.5,73.0,23117600
2019-01-10,63.67580032348633,74.0,74.0,72.75,72.75,47900800
2019-01-11,64.32115936279297,74.75,75.0,73.75,74.0,41380400
2019-01-14,64.10603332519531,74.5,75.0,74.0,74.75,19713700
2019-01-15,63.89091491699219,74.25,75.0,73.75,74.75,32986500
2019-01-16,63.89091491699219,74.25,74.75,73.75,74.75,29250100
2019-01-17,63.89091491699219,74.25,74.5,74.0,74.25,14955500
2019-01-18,64.32115936279297,74.75,75.75,74.5,74.75,39695600
2019-01-21,65.18164825439453,75.75,76.0,75.0,75.25,27610600
2019-01-22,64.75140380859375,75.25,75.75,74.75,75.5,40106700
2019-01-23,64.96652221679688,75.5,75.75,75.0,75.25,27988000
2019-01-24,66.25724792480469,77.0,77.25,76.0,76.25,72785300
2019-01-25,66.47237396240234,77.25,78.75,76.75,77.25,72333600
2019-01-28,66.68748474121094,77.5,77.75,77.0,77.5,19865700
2019-01-29,67.76309967041016,78.75,78.75,77.0,77.5,34799900
2019-01-30,67.11773681640625,78.0,79.25,77.5,79.0,32084000
2019-01-31,66.9026107788086,77.75,78.5,77.5,78.5,22829400
2019-02-01,66.47237396240234,77.25,78.0,76.75,77.75,24793400
2019-02-04,66.9026107788086,77.75,78.0,77.25,77.75,10616100
2019-02-05,67.11773681640625,78.0,78.25,77.5,77.75,8377900
2019-02-06,67.3328628540039,78.25,78.5,77.75,78.0,11430200
2019-02-07,65.8270034790039,76.5,78.25,76.5,78.0,37050700
2019-02-08,66.04212951660156,76.75,77.25,76.0,76.75,28363200
2019-02-11,66.04212951660156,76.75,77.25,76.5,76.75,15518500
2019-02-12,66.68748474121094,77.5,77.75,76.75,76.75,15317500
2019-02-13,66.68748474121094,77.5,78.0,77.25,77.75,12868300
2019-02-14,66.68748474121094,77.5,78.0,77.5,77.75,19037200
2019-02-15,66.25724792480469,77.0,77.5,76.75,77.5,17769000
2019-02-18,66.47237396240234,77.25,77.5,76.75,77.25,9942800
2019-02-20,66.25724792480469,77.0,77.5,75.75,77.5,45482900
2019-02-21,66.04212951660156,76.75,77.5,76.25,77.25,31834500
2019-02-22,67.76309967041016,78.75,78.75,77.25,77.5,54583500
2019-02-25,69.05381774902344,80.25,80.5,79.25,79.5,42719900
2019-02-26,68.83869171142578,80.0,80.25,79.5,79.75,20572800
2019-02-27,67.54796600341797,78.5,80.0,78.25,79.75,37957900
2019-02-28,66.9026107788086,77.75,79.0,77.75,78.5,24027200
2019-03-01,66.9026107788086,77.75,78.25,77.5,78.25,13997800
2019-03-04,66.47237396240234,77.25,78.25,77.25,78.25,11184600
2019-03-05,66.68748474121094,77.5,77.75,76.75,77.25,14054100
2019-03-06,65.8270034790039,76.5,78.0,76.25,77.5,21918500
2019-03-07,66.68748474121094,77.5,77.5,76.5,76.5,18003300
2019-03-08,66.47237396240234,77.25,78.0,77.25,77.25,11576600
2019-03-11,66.47237396240234,77.25,78.0,77.25,77.75,8066600
2019-03-12,66.04212951660156,76.75,77.75,76.75,77.5,15188400
2019-03-13,66.68748474121094,77.5,77.75,76.5,76.75,17787700
2019-03-14,66.47237396240234,77.25,77.5,76.75,77.25,12784500
2019-03-15,64.96652221679688,75.5,77.5,75.5,77.25,34407700
2019-03-18,63.89091491699219,74.25,75.75,73.75,75.5,48571700
2019-03-19,64.96652221679688,75.5,75.75,74.25,74.25,19052700
2019-03-20,65.39677429199219,76.0,76.25,75.5,76.0,21791200
2019-03-21,64.96652221679688,75.5,76.0,75.0,76.0,20672200
2019-03-22,65.39677429199219,76.0,76.25,75.0,75.5,20191400
2019-03-25,63.67580032348633,74.0,75.5,74.0,75.0,48274700
2019-03-26,63.67580032348633,74.0,74.5,74.0,74.25,31253400
2019-03-27,63.89091491699219,74.25,74.5,73.5,74.0,24890500
2019-03-28,63.89091491699219,74.25,74.5,74.0,74.0,16359100
2019-03-29,64.32115936279297,74.75,75.25,74.25,74.25,21081800
2019-04-01,65.18164825439453,75.75,76.0,74.75,74.75,27904800
2019-04-02,65.61188507080078,76.25,76.5,75.75,76.0,16186400
2019-04-03,65.39677429199219,76.0,76.5,75.5,76.5,13591600
2019-04-04,64.75140380859375,75.25,76.0,75.0,76.0,16639400
2019-04-05,65.61188507080078,76.25,76.5,75.25,75.25,12331200
2019-04-09,66.25724792480469,77.0,77.0,76.0,76.25,23374300
2019-04-10,66.25724792480469,77.0,77.5,76.5,77.0,14292100
2019-04-11,66.47237396240234,77.25,77.25,76.5,77.25,13844600
2019-04-12,66.25724792480469,77.0,77.25,76.5,77.25,9207300
2019-04-17,66.47237396240234,77.25,78.0,77.0,77.25,20316400
2019-04-18,66.25724792480469,77.0,77.75,77.0,77.5,12618700
2019-04-19,66.47237396240234,77.25,77.5,76.75,77.0,4903300
2019-04-22,66.68748474121094,77.5,77.5,77.0,77.5,8604100
2019-04-23,66.68748474121094,77.5,78.0,77.25,77.75,9047400
2019-04-24,67.11773681640625,78.0,78.25,77.5,77.75,13559800
2019-04-25,66.04212951660156,76.75,78.0,76.75,77.75,16111700
2019-04-26,66.04212951660156,76.75,77.0,76.0,76.5,20414200
2019-04-29,66.25724792480469,77.0,77.25,76.5,77.0,9474200
2019-04-30,66.68748474121094,77.5,77.75,76.75,77.0,15110200
2019-05-02,66.68748474121094,77.5,78.0,77.5,77.75,14357600
2019-05-03,67.7363052368164,77.5,77.75,76.75,77.0,12297100
2019-05-07,66.64379119873047,76.25,77.0,76.25,77.0,16412000
2019-05-08,66.42528533935547,76.0,76.5,75.5,75.75,19454400
2019-05-09,66.206787109375,75.75,76.25,75.75,76.0,15758400
2019-05-10,67.08079528808594,76.75,77.25,76.0,77.0,38472900
2019-05-13,66.64379119873047,76.25,77.25,76.25,77.0,14954900
2019-05-14,67.51781463623047,77.25,77.25,75.75,76.0,24855200
2019-05-15,66.86228942871094,76.5,77.25,76.5,77.25,12786200
2019-05-16,66.64379119873047,76.25,76.75,76.0,76.25,24432600
2019-05-17,67.08079528808594,76.75,77.25,76.5,76.75,28593100
2019-05-21,66.64379119873047,76.25,77.0,76.25,77.0,18232200
2019-05-22,68.3918228149414,78.25,78.25,76.75,77.0,38782300
2019-05-23,67.95481872558594,77.75,78.75,77.5,78.25,29257700
2019-05-24,69.04733276367188,79.0,79.25,77.75,78.0,35243200
2019-05-27,70.79537200927734,81.0,81.0,78.5,79.0,58041100
2019-05-28,70.35836029052734,80.5,81.0,79.5,81.0,78225600
2019-05-29,69.04733276367188,79.0,81.0,78.75,80.5,27507500
2019-05-30,69.04733276367188,79.0,80.0,78.25,79.0,25181100
2019-05-31,69.70284271240234,79.75,79.75,79.0,79.0,22324700
2019-06-04,71.45088195800781,81.75,83.0,80.25,80.5,61533600
2019-06-05,71.66938781738281,82.0,82.25,80.5,82.25,37920500
2019-06-06,71.45088195800781,81.75,82.25,81.25,82.0,18008600
2019-06-07,71.01387023925781,81.25,82.0,81.0,81.75,9625800
2019-06-10,71.66938781738281,82.0,82.0,81.25,81.75,21357200
2019-06-11,71.45088195800781,81.75,82.75,81.25,82.25,32756300
2019-06-12,71.45088195800781,81.75,82.0,81.25,81.5,10828300
2019-06-13,72.32490539550781,82.75,83.0,81.75,82.25,28722200
2019-06-14,72.54340362548828,83.0,83.25,82.5,82.75,19208900
2019-06-17,72.10639953613281,82.5,83.75,82.5,83.25,23205300
2019-06-18,73.63592529296875,84.25,84.5,82.5,83.0,51234600
2019-06-19,73.63592529296875,84.25,84.75,83.75,84.75,33983500
2019-06-20,74.29143524169922,85.0,85.25,84.0,84.25,24471700
2019-06-21,74.72843170166016,85.5,85.5,84.5,85.0,30381400
2019-06-24,74.29143524169922,85.0,85.5,84.5,85.5,16472200
2019-06-25,74.50994110107422,85.25,85.5,84.0,85.0,36428500
2019-06-26,74.94694519042969,85.75,86.25,84.75,84.75,27185500
2019-06-27,75.16545104980469,86.0,87.0,85.25,85.5,43914100
2019-06-28,75.16545104980469,86.0,86.25,85.5,86.0,25188400
2019-07-01,75.16545104980469,86.0,87.0,85.5,86.5,26173000
2019-07-02,75.82095336914062,86.75,87.5,86.0,86.0,29512200
2019-07-03,75.60246276855469,86.5,86.75,86.0,86.5,21220800
2019-07-04,74.72843170166016,85.5,87.0,85.25,86.5,37409100
2019-07-05,75.60246276855469,86.5,86.5,85.5,85.5,13490000
2019-07-08,75.60246276855469,86.5,86.5,85.75,85.75,16898700
2019-07-09,75.38394927978516,86.25,86.5,85.75,86.25,20143200
2019-07-10,76.69498443603516,87.75,88.0,86.25,86.75,34975000
2019-07-11,76.47647857666016,87.5,88.25,86.75,88.0,31827600
2019-07-12,76.25797271728516,87.25,87.75,87.0,87.5,12955700
2019-07-15,76.47647857666016,87.5,88.0,87.25,87.25,10334100
2019-07-17,76.25797271728516,87.25,87.75,87.25,87.5,18357500
2019-07-18,76.25797271728516,87.25,87.75,86.75,87.0,22640900
2019-07-19,76.69498443603516,87.75,88.25,87.25,87.75,24400200
2019-07-22,75.82095336914062,86.75,87.75,86.75,87.25,20740000
2019-07-23,76.47647857666016,87.5,87.75,86.75,87.0,15254500
2019-07-24,76.47647857666016,87.5,87.75,86.75,87.75,14805400
2019-07-25,76.47647857666016,87.5,87.75,86.75,86.75,15860700
2019-07-26,75.60246276855469,86.5,87.75,86.5,87.5,22743700
2019-07-30,76.03947448730469,87.0,87.5,86.75,87.0,17782400
2019-07-31,75.82095336914062,86.75,87.25,86.25,86.75,22978400
2019-08-01,75.82095336914062,86.75,87.25,86.5,86.75,19493000
2019-08-02,75.82095336914062,86.75,86.75,85.25,86.5,31882400
2019-08-05,74.72843170166016,85.5,86.5,85.5,86.0,21545800
2019-08-06,74.72843170166016,85.5,86.25,84.75,85.0,39430800
2019-08-07,75.16545104980469,86.0,86.5,85.75,86.0,30622100
2019-08-08,76.47647857666016,87.5,87.75,86.25,86.5,26607300
2019-08-09,76.03947448730469,87.0,87.75,87.0,87.75,20762300
2019-08-13,73.85443115234375,84.5,86.25,83.75,86.25,51847700
2019-08-14,72.98041534423828,83.5,84.75,83.0,84.5,47581000
2019-08-15,72.10639953613281,82.5,82.75,81.5,82.25,57799900
2019-08-16,73.85443115234375,84.5,84.5,82.5,82.75,36312100
2019-08-19,73.41742706298828,84.0,85.0,83.5,84.75,23855700
2019-08-20,74.07293701171875,84.75,85.25,84.0,84.25,26682100
2019-08-21,75.60246276855469,86.5,86.5,84.75,85.25,26955100
2019-08-22,74.72843170166016,85.5,86.25,85.0,85.5,23644000
2019-08-23,75.82095336914062,86.75,86.75,85.75,86.0,18765100
2019-08-26,75.38394927978516,86.25,86.5,85.5,85.75,23634700
2019-08-27,74.07293701171875,84.75,86.25,84.5,85.75,37279700
2019-08-28,72.76190948486328,83.25,85.25,83.25,85.0,31154600
2019-08-29,73.19892883300781,83.75,84.0,82.75,83.0,21198700
2019-08-30,73.41742706298828,84.0,84.5,82.5,84.0,34641800
2019-09-02,72.98041534423828,83.5,84.5,83.5,84.0,15405900
2019-09-03,72.10639953613281,82.5,83.75,82.5,83.5,22391100
2019-09-04,73.41742706298828,84.0,84.0,82.75,83.5,21343300
2019-09-05,73.19892883300781,83.75,84.75,83.5,84.5,14734100
2019-09-06,73.85443115234375,84.5,84.5,83.75,84.25,11246800
2019-09-09,73.63592529296875,84.25,85.0,84.0,84.75,13745600
2019-09-10,72.54340362548828,83.0,84.75,82.75,84.75,37853100
2019-09-11,73.41742706298828,84.0,84.0,83.0,83.5,18018500
2019-09-12,72.54340362548828,83.0,84.5,82.25,84.5,27083400
2019-09-13,72.32490539550781,82.75,83.0,82.5,83.0,16933000
2019-09-16,71.66938781738281,82.0,82.75,81.0,82.5,51932700
2019-09-17,72.32490539550781,82.75,83.0,81.75,82.0,24099900
2019-09-18,72.32490539550781,82.75,83.0,82.5,82.75,11264000
2019-09-19,71.45088195800781,81.75,82.75,81.75,82.75,16991500
2019-09-20,71.01387023925781,81.25,81.75,80.75,81.75,35012900
2019-09-23,70.57685852050781,80.75,81.5,80.0,81.25,40178800
2019-09-24,69.70284271240234,79.75,80.75,79.5,80.5,49068000
2019-09-25,69.92134857177734,80.0,80.25,79.25,80.0,41373200
2019-09-26,69.70284271240234,79.75,80.0,79.25,80.0,40387200
2019-09-27,71.23238372802734,81.5,82.0,79.5,79.75,64046300
2019-09-30,71.01387023925781,81.25,81.5,80.75,81.25,15403600
2019-10-01,69.92134857177734,80.0,81.25,79.75,81.0,25586500
2019-10-02,70.35836029052734,80.5,80.75,79.75,80.0,12546300
2019-10-03,71.23238372802734,81.5,81.5,80.0,80.0,16493300
2019-10-04,70.57685852050781,80.75,81.5,80.5,81.5,15028400
2019-10-07,70.57685852050781,80.75,81.0,80.25,81.0,10641100
2019-10-08,70.13985443115234,80.25,81.5,80.25,81.25,12829900
2019-10-09,70.13985443115234,80.25,80.5,79.75,80.25,12475200
2019-10-10,69.70284271240234,79.75,80.5,79.5,80.5,17135200
2019-10-11,70.79537200927734,81.0,81.25,80.0,80.25,17961200
2019-10-15,71.01387023925781,81.25,81.75,80.5,81.5,17016100
2019-10-16,71.23238372802734,81.5,81.5,80.5,81.0,14959300
2019-10-17,71.88788604736328,82.25,83.0,81.25,81.5,26858300
2019-10-18,72.32490539550781,82.75,83.0,81.5,82.5,21876400
2019-10-21,71.45088195800781,81.75,82.75,81.75,82.25,8632600
2019-10-22,71.45088195800781,81.75,82.5,81.5,82.0,13759900
2019-10-24,70.79537200927734,81.0,82.0,80.5,81.75,23946200
2019-10-25,68.61032104492188,78.5,80.75,78.25,80.5,41257100
2019-10-28,69.04733276367188,79.0,79.5,77.5,78.25,23137400
2019-10-29,67.95481872558594,77.75,79.5,77.5,78.75,28021600
2019-10-30,68.61032104492188,78.5,78.75,78.0,78.25,15890100
2019-10-31,68.1733169555664,78.0,79.5,78.0,78.75,23742400
2019-11-01,66.206787109375,75.75,78.25,75.25,78.0,66540200
2019-11-04,68.1733169555664,78.0,78.0,76.0,76.25,31886300
2019-11-05,69.26583862304688,79.25,79.25,77.75,78.25,40688700
2019-11-06,68.61032104492188,78.5,79.5,78.0,79.5,26801200
2019-11-07,69.26583862304688,79.25,79.5,78.5,78.75,16266400
2019-11-08,68.8288345336914,78.75,79.0,78.25,78.75,12299000
2019-11-11,69.04733276367188,79.0,79.25,78.0,78.25,10224200
2019-11-12,69.92134857177734,80.0,81.0,79.0,79.25,30103100
2019-11-13,69.04733276367188,79.0,80.25,78.25,80.0,22151800
2019-11-14,68.8288345336914,78.75,79.25,78.5,78.75,15133600
2019-11-15,67.95481872558594,77.75,79.5,77.0,79.25,19056600
2019-11-18,66.86228942871094,76.5,77.5,76.25,77.5,26521800
2019-11-19,67.08079528808594,76.75,77.5,76.5,76.75,24429700
2019-11-20,65.98826599121094,75.5,76.5,75.25,76.25,27574100
2019-11-21,65.98826599121094,75.5,76.0,75.0,75.5,31109200
2019-11-22,65.76976776123047,75.25,76.5,75.0,76.0,21203100
2019-11-25,66.86228942871094,76.5,76.5,75.25,75.25,18241700
2019-11-26,66.86228942871094,76.5,77.0,76.5,77.0,23753900
2019-11-27,66.86228942871094,76.5,77.25,76.5,77.0,19288700
2019-11-28,66.206787109375,75.75,77.25,75.5,76.75,11876600
2019-11-29,66.42528533935547,76.0,76.0,75.0,75.5,17151600
2019-12-02,65.55126953125,75.0,76.25,74.25,76.0,23129000
2019-12-03,65.76976776123047,75.25,75.5,74.25,74.25,19929400
2019-12-04,65.76976776123047,75.25,75.75,74.75,75.0,11597100
2019-12-06,65.55126953125,75.0,76.0,74.75,75.25,25117000
2019-12-09,64.021728515625,73.25,75.25,72.5,75.0,40221300
2019-12-11,64.24024200439453,73.5,74.5,73.25,73.5,24748500
2019-12-12,64.021728515625,73.25,74.5,73.25,74.0,26652000
2019-12-13,64.021728515625,73.25,74.25,73.25,73.75,21583300
2019-12-16,63.36623001098633,72.5,73.5,72.0,73.5,20828400
2019-12-17,64.24024200439453,73.5,73.75,72.25,73.0,30289200
2019-12-18,64.45874786376953,73.75,74.25,73.0,74.25,17860300
2019-12-19,64.24024200439453,73.5,73.75,72.5,73.5,23172900
2019-12-20,65.55126953125,75.0,75.0,73.25,73.5,37728300
2019-12-23,65.332763671875,74.75,75.75,74.5,75.0,22844600
2019-12-24,65.55126953125,75.0,75.75,74.75,75.5,9187100
2019-12-25,65.332763671875,74.75,75.25,74.5,75.0,4028400
2019-12-26,65.55126953125,75.0,75.25,74.5,75.0,6023500
2019-12-27,65.1142578125,74.5,76.0,74.0,75.25,17501000
2019-12-30,63.14772033691406,72.25,74.0,72.25,74.0,27661700
2020-01-02,62.05520248413086,71.0,73.25,71.0,72.5,59974000
2020-01-03,62.71070861816406,71.75,72.25,70.75,71.0,28716700
2020-01-06,62.27370834350586,71.25,72.5,71.25,71.25,19710500
2020-01-07,63.14772033691406,72.25,72.75,71.5,72.0,21754400
2020-01-08,63.36623001098633,72.5,72.5,71.75,72.0,25061200
2020-01-09,64.67725372314453,74.0,74.25,72.5,73.25,39840300
2020-01-10,64.895751953125,74.25,74.5,73.75,74.5,21191300
2020-01-13,62.71070861816406,71.75,74.5,71.25,74.25,45063500
2020-01-14,63.80323791503906,73.0,73.0,71.75,71.75,22193200
2020-01-15,62.71070861816406,71.75,73.0,71.25,72.5,25586200
2020-01-16,64.895751953125,74.25,74.5,72.0,72.0,41326600
2020-01-17,64.895751953125,74.25,75.0,74.0,75.0,19153800
2020-01-20,65.55126953125,75.0,75.25,74.25,74.75,17651200
2020-01-21,65.76976776123047,75.25,75.25,74.5,74.5,22178100
2020-01-22,65.332763671875,74.75,75.5,74.5,75.5,19151100
2020-01-23,65.98826599121094,75.5,76.0,75.0,75.0,14000200
2020-01-24,64.24024200439453,73.5,75.5,73.25,75.5,20045500
2020-01-27,62.49220275878906,71.5,72.75,70.5,72.5,33325900
2020-01-28,62.27370834350586,71.25,72.0,70.5,71.0,28595300
2020-01-29,62.92921447753906,72.0,72.5,71.0,71.5,19626000
2020-01-30,62.71070861816406,71.75,73.0,71.5,72.5,15302400
2020-01-31,61.83669662475586,70.75,71.75,69.75,71.5,42277700
2020-02-03,59.43314743041992,68.0,71.25,68.0,69.75,59623900
2020-02-04,60.962677001953125,69.75,70.0,68.25,68.25,36443100
2020-02-05,61.83669662475586,70.75,71.0,70.0,70.75,27608100
2020-02-06,62.05520248413086,71.0,71.25,70.25,71.25,28372200
2020-02-07,62.71070861816406,71.75,72.0,70.25,71.0,24334700
2020-02-11,62.71070861816406,71.75,72.5,71.25,72.0,21875800
2020-02-12,62.92921447753906,72.0,72.5,71.5,72.0,13134700
2020-02-13,62.49220275878906,71.5,72.0,71.25,72.0,10392600
2020-02-14,60.962677001953125,69.75,71.25,69.5,71.0,27581400
2020-02-17,61.83669662475586,70.75,71.25,69.25,69.75,18295700
2020-02-18,61.83669662475586,70.75,71.0,70.0,70.5,13252800
2020-02-19,62.49220275878906,71.5,72.0,70.5,71.5,27644000
2020-02-20,61.618194580078125,70.5,72.5,69.5,72.5,40072300
2020-02-21,61.83669662475586,70.75,71.0,69.75,69.75,16053500
2020-02-24,59.65164566040039,68.25,70.5,68.0,70.0,40883700
2020-02-25,60.08865737915039,68.75,69.75,67.5,68.5,31616300
2020-02-26,58.340633392333984,66.75,68.25,66.0,67.25,35491300
2020-02-27,58.99613952636719,67.5,68.0,66.0,67.0,24046000
2020-02-28,57.466617584228516,65.75,67.5,63.75,64.25,43318400
2020-03-02,58.12212371826172,66.5,68.0,65.75,67.25,33950100
2020-03-03,61.18119430541992,70.0,70.25,67.5,69.0,49707100
2020-03-04,60.30717086791992,69.0,69.5,68.5,69.0,36181000
2020-03-05,60.962677001953125,69.75,71.0,69.25,69.75,31246300
2020-03-06,60.52566909790039,69.25,70.0,68.5,68.75,33062900
2020-03-09,55.71857452392578,63.75,67.25,62.25,66.0,98992100
2020-03-10,58.12212371826172,66.5,67.25,64.5,64.5,60171700
2020-03-11,57.685115814208984,66.0,67.0,65.25,66.0,35776500
2020-03-12,53.97054672241211,61.75,63.25,61.75,61.75,109775300
2020-03-13,53.97054672241211,61.75,63.75,56.25,56.25,102667200
2020-03-16,52.44101333618164,60.0,61.75,59.25,59.5,94948600
2020-03-17,52.00400161743164,59.5,61.0,59.25,60.5,74544200
2020-03-18,52.44101333618164,60.0,61.0,59.25,59.75,57606300
2020-03-19,52.00400161743164,59.5,60.5,58.25,58.5,43753500
2020-03-20,51.785499572753906,59.25,60.5,59.25,60.25,106401000
2020-03-23,51.12998580932617,58.5,60.0,57.25,57.5,56795500
2020-03-24,51.56700134277344,59.0,60.5,58.75,60.5,49665900
2020-03-25,51.785499572753906,59.25,60.25,59.0,60.0,52661100
2020-03-26,52.22250747680664,59.75,60.0,59.25,59.5,36500500
2020-03-27,52.659515380859375,60.25,60.5,59.75,60.0,54836400
2020-03-30,52.659515380859375,60.25,60.25,60.25,60.25,1659800
2020-03-31,53.315032958984375,61.0,62.25,60.25,60.25,37848800
2020-04-01,52.659515380859375,60.25,61.5,60.0,60.5,31520100
2020-04-02,53.97054672241211,61.75,61.75,59.75,60.75,30922400
2020-04-03,53.096527099609375,60.75,62.0,60.5,61.75,20365300
2020-04-07,54.62605285644531,62.5,62.75,61.25,62.0,62727000
2020-04-08,54.407554626464844,62.25,62.75,61.5,62.0,24484900
2020-04-09,55.28156280517578,63.25,64.5,62.5,63.25,51335600
2020-04-10,56.155582427978516,64.25,64.25,63.25,63.5,16380500
2020-04-13,56.155582427978516,64.25,64.5,63.25,64.25,16840400
2020-04-14,56.59259796142578,64.75,65.25,64.0,64.0,50691600
2020-04-15,55.71857452392578,63.75,65.0,63.5,65.0,24827200
2020-04-16,56.155582427978516,64.25,65.0,63.75,63.75,26028900
2020-04-17,57.029605865478516,65.25,65.5,64.25,65.25,27098100
2020-04-20,57.685115814208984,66.0,66.25,64.75,65.25,31972300
2020-04-21,57.248104095458984,65.5,66.0,65.0,65.25,27368600
2020-04-22,57.685115814208984,66.0,66.0,65.25,65.25,18142200
2020-04-23,58.12212371826172,66.5,66.5,65.75,66.0,29922800
2020-04-24,57.903621673583984,66.25,66.5,66.0,66.25,17825300
2020-04-27,60.52566909790039,69.25,69.25,66.25,66.5,72794900
2020-04-28,60.08865737915039,68.75,69.5,68.25,69.25,39517800
2020-04-29,61.201412200927734,68.75,69.5,67.5,68.0,26058400
2020-04-30,63.204368591308594,71.0,71.0,68.75,69.5,46769900
2020-05-05,62.091617584228516,69.75,70.5,69.25,70.5,40055200
2020-05-07,62.314170837402344,70.0,70.75,69.25,70.25,45373500
2020-05-08,64.09457397460938,72.0,72.5,69.75,70.25,50436500
2020-05-11,65.8749771118164,74.0,74.5,72.75,72.75,36395300
2020-05-12,65.42987823486328,73.5,74.0,72.5,73.0,30166800
2020-05-13,63.872013092041016,71.75,73.75,71.0,73.75,66207200
2020-05-14,62.53671646118164,70.25,71.25,69.75,71.0,44033500
2020-05-15,61.86907196044922,69.5,70.25,69.5,70.0,30985000
2020-05-18,62.091617584228516,69.75,70.25,69.25,69.75,26720400
2020-05-19,62.091617584228516,69.75,70.5,69.5,70.5,37809300
2020-05-20,62.314170837402344,70.0,70.0,69.0,69.75,13720000
2020-05-21,61.86907196044922,69.5,70.25,69.25,70.25,25980500
2020-05-22,61.201412200927734,68.75,69.25,68.5,69.0,23212000
2020-05-25,61.201412200927734,68.75,69.0,68.25,68.75,17201000
2020-05-26,62.091617584228516,69.75,70.25,69.0,69.25,38821300
2020-05-27,62.53671646118164,70.25,70.25,69.5,70.0,27764200
2020-05-28,61.86907196044922,69.5,70.75,69.5,70.5,32637500
2020-05-29,62.75926971435547,70.5,70.75,68.75,69.0,38645400
2020-06-01,62.98182678222656,70.75,71.25,70.5,71.0,34617900
2020-06-02,62.98182678222656,70.75,71.25,70.5,71.0,18802000
2020-06-04,63.649471282958984,71.5,72.0,71.0,71.75,35674200
2020-06-05,64.76222229003906,72.75,73.25,71.5,72.0,47795800
2020-06-08,64.31712341308594,72.25,73.75,72.0,73.5,27842200
2020-06-09,63.649471282958984,71.5,73.25,70.5,73.0,47797500
2020-06-10,64.09457397460938,72.0,72.0,70.75,71.75,22528100
2020-06-11,63.204368591308594,71.0,71.75,70.25,71.5,24360400
2020-06-12,62.75926971435547,70.5,71.0,69.25,69.5,28253900
2020-06-15,61.86907196044922,69.5,70.25,69.25,69.75,29667500
2020-06-16,62.091617584228516,69.75,70.5,69.75,70.5,14179100
2020-06-17,62.314170837402344,70.0,70.25,69.5,69.75,14031600
2020-06-18,61.86907196044922,69.5,70.25,69.25,69.75,19946500
2020-06-19,61.42396926879883,69.0,69.75,69.0,69.5,22782000
2020-06-22,60.9788703918457,68.5,69.25,68.25,69.0,26060000
2020-06-23,60.75630569458008,68.25,69.0,68.25,68.5,18147500
2020-06-24,59.86610794067383,67.25,68.75,67.25,68.5,27430300
2020-06-25,58.97590637207031,66.25,67.25,65.75,67.0,44716300
2020-06-26,60.088661193847656,67.5,68.25,66.25,66.5,31319900
2020-06-29,60.31120681762695,67.75,68.0,66.5,67.5,18281900
2020-06-30,60.31120681762695,67.75,68.75,67.75,68.5,20623400
2020-07-01,60.088661193847656,67.5,68.25,66.5,67.75,22282400
2020-07-02,60.31120681762695,67.75,68.25,67.25,68.0,22000700
2020-07-03,59.86610794067383,67.25,67.75,67.25,67.5,14479800
2020-07-07,60.088661193847656,67.5,68.5,67.25,67.75,28525100
2020-07-08,59.4210090637207,66.75,68.0,66.75,67.5,19102100
2020-07-09,59.86610794067383,67.25,67.75,66.75,67.0,12039700
2020-07-10,58.53081130981445,65.75,67.0,65.5,66.75,31428600
2020-07-13,58.53081130981445,65.75,66.75,65.5,66.25,17605000
2020-07-14,58.53081130981445,65.75,66.25,65.0,65.25,17353000
2020-07-15,58.08571243286133,65.25,66.75,65.25,66.5,23067400
2020-07-16,58.97590637207031,66.25,66.25,65.25,65.25,19977500
2020-07-17,59.4210090637207,66.75,66.75,65.75,66.5,19078600
2020-07-20,58.75335693359375,66.0,66.5,65.5,66.0,15830000
2020-07-21,58.53081130981445,65.75,66.5,65.5,66.25,22032800
2020-07-22,58.30825424194336,65.5,66.25,65.5,66.25,13427300
2020-07-23,60.088661193847656,67.5,68.0,65.75,66.0,36865700
2020-07-24,59.64356231689453,67.0,68.0,66.75,67.75,18974000
2020-07-29,60.53376770019531,68.0,68.0,67.0,67.5,25940600
2020-07-30,60.53376770019531,68.0,69.0,67.75,68.0,35308600
2020-07-31,60.75630569458008,68.25,68.5,67.75,68.5,19300900
2020-08-03,61.201412200927734,68.75,69.0,67.75,68.25,19975100
2020-08-04,61.64651107788086,69.25,69.5,68.5,69.0,21369700
2020-08-05,60.75630569458008,68.25,69.75,67.75,69.5,48443200
2020-08-06,61.201412200927734,68.75,69.0,67.5,67.75,22165300
2020-08-07,60.75630569458008,68.25,68.5,67.5,68.25,19406800
2020-08-10,60.9788703918457,68.5,68.75,68.0,68.25,9232600
2020-08-11,61.201412200927734,68.75,69.0,68.25,69.0,17966300
2020-08-13,60.31120681762695,67.75,69.0,67.75,68.75,20432200
2020-08-14,58.53081130981445,65.75,67.25,65.75,67.0,48194100
2020-08-17,58.08571243286133,65.25,66.75,65.0,66.0,29823600
2020-08-18,57.64060592651367,64.75,65.0,64.0,65.0,63310200
2020-08-19,56.97294998168945,64.0,65.25,64.0,65.0,34079300
2020-08-20,56.08274841308594,63.0,64.25,62.5,63.75,50395700
2020-08-21,55.860198974609375,62.75,63.75,62.5,63.75,25955700
2020-08-24,56.97294998168945,64.0,64.0,63.0,63.25,19566500
2020-08-25,56.52784729003906,63.5,64.75,63.5,64.5,25102100
2020-08-26,56.52784729003906,63.5,64.0,63.0,63.5,14426300
2020-08-27,56.750404357910156,63.75,64.25,63.25,63.5,18749800
2020-08-28,56.52784729003906,63.5,64.5,63.5,64.0,18915700
2020-08-31,56.52784729003906,63.5,64.75,63.25,64.0,24075800
2020-09-01,56.08274841308594,63.0,63.5,62.75,63.25,23061300
2020-09-02,56.97294998168945,64.0,64.0,62.75,63.0,21876300
2020-09-03,56.750404357910156,63.75,64.25,63.25,64.0,25704000
2020-09-08,55.860198974609375,62.75,63.75,62.75,63.5,22142800
2020-09-09,55.63764572143555,62.5,62.75,62.0,62.25,22086100
2020-09-10,55.860198974609375,62.75,62.75,61.75,62.0,22027800
2020-09-11,56.08274841308594,63.0,63.25,62.5,62.75,12503900
2020-09-14,55.63764572143555,62.5,64.0,62.5,63.0,20778900
2020-09-15,55.63764572143555,62.5,62.75,62.0,62.5,13791700
2020-09-16,55.63764572143555,62.5,62.75,62.25,62.25,8371700
2020-09-17,55.41510009765625,62.25,62.5,62.0,62.0,11723800
2020-09-18,55.63764572143555,62.5,62.5,61.75,62.5,14927200
2020-09-21,55.19255065917969,62.0,62.75,62.0,62.75,10431600
2020-09-22,55.19255065917969,62.0,62.25,61.75,62.25,10270000
2020-09-23,54.30234909057617,61.0,62.25,60.5,62.0,34769600
2020-09-24,54.07979202270508,60.75,61.25,60.5,61.0,22055400
2020-09-25,53.63468933105469,60.25,60.75,60.0,60.5,18376500
2020-09-28,53.857242584228516,60.5,61.0,60.25,60.25,13686000
2020-09-29,54.52489471435547,61.25,61.75,61.0,61.25,18610100
2020-09-30,53.63468933105469,60.25,61.5,60.0,61.25,20985200
2020-10-01,53.63468933105469,60.25,61.0,59.75,60.5,13949700
2020-10-02,53.857242584228516,60.5,60.75,59.75,60.25,11408300
2020-10-05,53.857242584228516,60.5,61.25,60.5,61.0,7040300
2020-10-06,53.412139892578125,60.0,61.0,60.0,60.75,12645800
2020-10-07,53.63468933105469,60.25,60.75,59.5,60.0,21694100
2020-10-08,54.52489471435547,61.25,61.25,60.25,60.75,12795500
2020-10-09,53.857242584228516,60.5,61.5,60.25,61.5,11119100
2020-10-12,53.412139892578125,60.0,61.0,60.0,60.5,16176700
2020-10-14,53.63468933105469,60.25,60.75,59.5,60.0,18915500
2020-10-15,52.74449157714844,59.25,60.0,59.25,59.5,21858200
2020-10-16,52.076839447021484,58.5,59.25,58.25,58.5,30757900
2020-10-19,52.076839447021484,58.5,59.0,57.0,58.0,25397500
2020-10-20,51.85429000854492,58.25,58.75,57.5,58.25,22392900
2020-10-21,51.85429000854492,58.25,59.25,58.0,58.5,15020100
2020-10-22,50.74153518676758,57.0,58.75,57.0,58.0,38506400
2020-10-26,49.40623474121094,55.5,56.75,55.5,56.25,29359900
2020-10-27,49.40623474121094,55.5,56.25,55.25,56.25,30677000
2020-10-28,49.183685302734375,55.25,55.75,55.0,55.5,19488500
2020-10-29,48.29347610473633,54.25,55.25,54.25,55.0,25884100
2020-10-30,47.8483772277832,53.75,55.0,53.5,54.5,30415400
2020-11-02,48.29347610473633,54.25,54.5,53.75,54.0,26761300
2020-11-03,48.51603317260742,54.5,55.0,54.25,54.5,34670100
2020-11-04,49.183685302734375,55.25,56.5,54.75,55.0,47492800
2020-11-05,52.521942138671875,59.0,59.25,55.5,55.75,92294900
2020-11-06,52.74449157714844,59.25,59.75,58.5,59.0,35624100
2020-11-09,53.63468933105469,60.25,61.5,60.0,61.0,39719500
2020-11-10,56.08274841308594,63.0,63.0,61.0,62.0,70376600
2020-11-11,56.52784729003906,63.5,64.75,63.0,64.5,57713300
2020-11-12,55.860198974609375,62.75,63.5,62.0,63.0,41448100
2020-11-13,55.41510009765625,62.25,63.0,61.5,62.0,24566000
2020-11-16,55.63764572143555,62.5,63.5,62.25,63.25,18165500
2020-11-17,55.41510009765625,62.25,63.25,61.75,63.0,23918200
2020-11-18,56.3052978515625,63.25,63.25,61.75,62.25,23144100
2020-11-19,55.41510009765625,62.25,63.75,62.25,63.0,23801100
2020-11-20,55.63764572143555,62.5,62.75,61.75,62.0,24286800
2020-11-23,56.3052978515625,63.25,64.0,62.25,62.5,37969800
2020-11-24,56.08274841308594,63.0,64.0,62.5,63.5,25172400
2020-11-25,55.19255065917969,62.0,63.25,61.5,63.0,40973100
2020-11-26,55.41510009765625,62.25,62.5,61.5,62.0,23189300
2020-11-27,54.970001220703125,61.75,62.5,61.5,62.25,19579900
2020-11-30,53.857242584228516,60.5,61.5,60.25,61.25,62200700
2020-12-01,54.07979202270508,60.75,61.5,60.5,60.5,23890800
2020-12-02,53.63468933105469,60.25,61.0,60.0,60.5,27026000
2020-12-03,53.1895866394043,59.75,60.75,59.75,60.5,35438300
2020-12-04,54.07979202270508,60.75,61.25,59.5,59.75,24684500
2020-12-08,54.7474479675293,61.5,62.0,60.0,60.25,43628000
2020-12-09,54.970001220703125,61.75,62.75,61.75,62.0,34461200
2020-12-14,57.41805648803711,64.5,66.5,62.75,62.75,173180100
2020-12-15,56.97294998168945,64.0,64.75,63.25,64.5,63985500
2020-12-16,55.860198974609375,62.75,64.25,62.5,64.25,57690600
2020-12-17,55.63764572143555,62.5,63.25,62.25,63.0,33888100
2020-12-18,55.19255065917969,62.0,63.0,61.5,62.5,56118500
2020-12-21,53.1895866394043,59.75,61.25,59.25,59.5,60562500
2020-12-22,53.1895866394043,59.75,60.0,59.0,59.75,36558700
2020-12-23,52.29939270019531,58.75,60.25,58.75,59.75,43783900
2020-12-24,52.521942138671875,59.0,59.75,58.5,58.75,22626100
2020-12-25,52.521942138671875,59.0,59.5,59.0,59.0,15523900
2020-12-28,52.076839447021484,58.5,59.5,58.0,59.5,33541700
2020-12-29,52.74449157714844,59.25,59.25,58.5,58.75,15398000
2020-12-30,51.85429000854492,58.25,59.5,58.0,59.25,22508600
2021-01-04,51.63174057006836,58.0,58.5,56.75,57.0,39536000
2021-01-05,51.63174057006836,58.0,58.75,57.75,58.0,49764400
2021-01-06,51.63174057006836,58.0,59.0,57.75,58.25,49657200
2021-01-07,51.4091911315918,57.75,58.75,57.75,58.5,39135000
2021-01-08,51.85429000854492,58.25,58.25,57.5,58.0,35217800
2021-01-11,51.63174057006836,58.0,58.5,57.75,58.25,30629700
2021-01-12,51.4091911315918,57.75,58.25,57.75,58.0,28301600
2021-01-13,51.4091911315918,57.75,58.25,57.75,58.0,29615600
2021-01-14,52.967037200927734,59.5,59.5,57.75,57.75,64286100
2021-01-15,52.967037200927734,59.5,60.0,59.25,60.0,44633700
2021-01-18,52.076839447021484,58.5,59.5,58.25,59.25,32889000
2021-01-19,51.63174057006836,58.0,59.0,58.0,58.75,25884400
2021-01-20,51.63174057006836,58.0,58.5,58.0,58.25,27356300
2021-01-21,51.85429000854492,58.25,59.25,57.75,58.75,38095200
2021-01-22,51.63174057006836,58.0,58.5,57.75,58.0,27361300
2021-01-25,52.076839447021484,58.5,58.5,58.0,58.0,17338900
2021-01-26,51.63174057006836,58.0,59.0,58.0,58.5,30763400
2021-01-27,51.4091911315918,57.75,58.25,57.75,58.0,19533200
2021-01-28,50.964088439941406,57.25,57.75,57.25,57.5,34967100
2021-01-29,50.964088439941406,57.25,57.5,57.0,57.25,32540900
2021-02-01,51.18663787841797,57.5,57.75,57.0,57.25,19487900
2021-02-02,51.85429000854492,58.25,59.0,58.0,58.0,23513700
2021-02-03,51.85429000854492,58.25,58.75,58.0,58.5,24200200
2021-02-04,52.076839447021484,58.5,58.75,58.25,58.25,29886500
2021-02-05,52.967037200927734,59.5,59.5,58.5,58.5,37698500
2021-02-08,52.74449157714844,59.25,59.75,58.75,59.5,21714300
2021-02-09,52.29939270019531,58.75,59.75,58.75,59.5,20071000
2021-02-10,52.521942138671875,59.0,59.25,58.75,59.0,11645000
2021-02-11,52.076839447021484,58.5,59.25,58.25,59.25,18603900
2021-02-15,51.63174057006836,58.0,59.0,58.0,58.5,10834900
2021-02-16,51.85429000854492,58.25,58.75,58.25,58.5,12026500
2021-02-17,51.63174057006836,58.0,58.5,57.75,58.25,18993200
2021-02-18,51.18663787841797,57.5,58.25,57.5,58.25,16380100
2021-02-19,51.4091911315918,57.75,58.5,57.25,57.5,19641900
2021-02-22,51.18663787841797,57.5,58.25,57.5,58.0,17716100
2021-02-23,52.521942138671875,59.0,59.0,57.5,57.75,40663700
2021-02-24,53.63468933105469,60.25,60.5,58.75,59.0,58928600
2021-02-25,52.967037200927734,59.5,60.75,59.25,60.75,54259800
2021-03-01,52.967037200927734,59.5,60.5,59.75,60.25,38305200
2021-03-02,53.63468933105469,60.25,60.5,59.75,60.25,37264400
2021-03-03,57.41805648803711,64.5,64.75,60.5,60.75,184006600
2021-03-04,58.08571243286133,65.25,66.25,64.25,64.5,94778200
2021-03-05,57.64060592651367,64.75,65.25,63.5,65.0,39834000
2021-03-08,57.8631591796875,65.0,65.5,64.25,65.25,28674900
2021-03-09,58.30825424194336,65.5,65.5,64.25,65.25,27161700
2021-03-10,60.53376770019531,68.0,68.0,65.5,66.0,62124900
2021-03-11,60.53376770019531,68.0,68.5,67.25,68.25,45393100
2021-03-12,60.088661193847656,67.5,68.25,67.25,68.0,32702600
2021-03-15,60.088661193847656,67.5,68.0,67.25,67.5,14834100
2021-03-16,59.4210090637207,66.75,68.0,66.75,67.75,21147500
2021-03-17,59.64356231689453,67.0,67.25,66.25,66.5,22490900
2021-03-18,59.4210090637207,66.75,67.75,66.75,67.75,11319900
2021-03-19,58.75335693359375,66.0,66.75,66.0,66.5,33012500
2021-03-22,59.4210090637207,66.75,67.25,65.75,66.25,21987000
2021-03-23,60.31120681762695,67.75,67.75,67.0,67.25,25376100
2021-03-24,60.31120681762695,67.75,67.75,67.0,67.5,14120000
2021-03-25,60.31120681762695,67.75,68.5,67.25,67.5,16065100
2021-03-26,60.31120681762695,67.75,68.25,67.5,67.75,15848100
2021-03-29,61.42396926879883,69.0,69.5,68.25,68.5,32449300
2021-03-30,62.314170837402344,70.0,70.25,69.25,69.5,35591900
2021-03-31,61.64651107788086,69.25,69.75,68.5,69.5,28863000
2021-04-01,60.9788703918457,68.5,69.5,68.25,69.5,19582900
2021-04-02,60.088661193847656,67.5,68.75,67.5,68.75,14883700
2021-04-05,58.75335693359375,66.0,67.75,66.0,67.5,25973900
2021-04-07,58.30825424194336,65.5,66.25,64.75,65.0,45252600
2021-04-08,58.08571243286133,65.25,65.5,65.0,65.25,13039000
2021-04-09,57.64060592651367,64.75,66.25,64.75,65.5,16384700
2021-04-12,56.750404357910156,63.75,65.0,63.5,64.75,32020800
2021-04-16,56.97294998168945,64.0,64.5,63.5,64.25,31473500
2021-04-19,57.19550323486328,64.25,64.75,64.0,64.0,18793100
2021-04-20,57.8631591796875,65.0,65.25,64.25,64.5,27266700
2021-04-21,57.19550323486328,64.25,65.0,64.25,64.75,13111200
2021-04-22,56.52784729003906,63.5,64.75,63.25,64.5,25531800
2021-04-23,55.41510009765625,62.25,63.5,62.0,63.25,32270900
2021-04-26,55.19255065917969,62.0,62.25,61.75,62.0,22875500
2021-04-27,55.19255065917969,62.0,62.25,61.5,62.0,17210100
2021-04-28,55.41510009765625,62.25,62.25,61.75,62.25,14111800
2021-04-29,56.3052978515625,63.25,63.75,62.5,62.75,24480400
2021-04-30,55.63764572143555,62.5,63.75,62.5,63.5,18464000
2021-05-05,54.41831588745117,60.25,61.75,60.0,61.5,47038500
2021-05-06,55.321529388427734,61.25,61.25,60.0,60.25,18276200
2021-05-07,56.45053482055664,62.5,63.25,61.75,62.5,32368200
2021-05-10,55.54732894897461,61.5,62.75,61.25,62.5,15914800
2021-05-11,55.77313232421875,61.75,62.25,61.0,61.5,18791200
2021-05-12,54.86991882324219,60.75,61.5,60.5,61.25,19179000
2021-05-13,52.38610076904297,58.0,59.0,57.5,59.0,110466000
2021-05-14,51.70869064331055,57.25,58.25,57.0,58.0,41863800
2021-05-17,51.48289108276367,57.0,57.25,56.25,57.0,27962100
2021-05-18,51.93449401855469,57.5,57.5,56.75,56.75,23116500
2021-05-19,51.93449401855469,57.5,58.0,57.0,57.25,28692500
2021-05-20,51.70869064331055,57.25,57.75,57.0,57.75,19892000
2021-05-21,52.16029739379883,57.75,57.75,57.0,57.0,25278400
2021-05-24,51.70869064331055,57.25,57.75,57.0,57.75,22619400
2021-05-25,52.38610076904297,58.0,58.5,57.5,57.5,20607600
2021-05-27,54.86991882324219,60.75,61.0,58.0,58.0,88137600
2021-05-28,54.86991882324219,60.75,61.25,60.25,61.25,30726400
2021-05-31,54.86991882324219,60.75,61.0,59.0,60.5,22535800
2021-06-01,54.86991882324219,60.75,61.25,60.25,61.25,27737500
2021-06-02,54.19251251220703,60.0,61.0,60.0,60.75,22425700
2021-06-04,54.19251251220703,60.0,60.5,60.0,60.0,21653900
2021-06-07,54.19251251220703,60.0,60.75,60.0,60.5,11574800
2021-06-08,54.19251251220703,60.0,60.75,59.75,60.0,17748400
2021-06-09,54.86991882324219,60.75,61.25,60.0,60.25,19272900
2021-06-10,55.77313232421875,61.75,62.0,60.75,60.75,31085400
2021-06-11,55.99893569946289,62.0,62.25,61.5,62.0,21782500
2021-06-14,56.67633819580078,62.75,62.75,62.0,62.5,16761000
2021-06-15,55.54732894897461,61.5,63.0,61.5,62.75,15813700
2021-06-16,55.77313232421875,61.75,62.0,61.25,61.5,10729400
2021-06-17,55.77313232421875,61.75,62.25,61.5,61.5,10789400
2021-06-18,55.321529388427734,61.25,62.0,61.0,61.5,37483300
2021-06-21,55.54732894897461,61.5,61.5,60.75,60.75,22412800
2021-06-22,55.09572219848633,61.0,61.5,60.75,61.5,19792200
2021-06-23,54.64411544799805,60.5,61.25,60.5,61.0,17671900
2021-06-24,54.19251251220703,60.0,60.75,60.0,60.5,21624400
2021-06-25,54.19251251220703,60.0,60.25,59.75,60.0,12142300
2021-06-28,53.74090576171875,59.5,59.75,59.0,59.25,14733600
2021-06-29,53.96670913696289,59.75,60.25,59.5,59.5,21078900
2021-06-30,54.19251251220703,60.0,60.5,59.75,59.75,18785600
2021-07-01,54.41831588745117,60.25,60.5,59.75,59.75,16698200
2021-07-02,53.96670913696289,59.75,61.0,59.5,60.25,20313100
2021-07-05,53.74090576171875,59.5,60.25,58.5,59.5,13824600
2021-07-06,54.19251251220703,60.0,60.25,59.75,60.0,12607800
2021-07-07,54.41831588745117,60.25,60.5,59.5,60.0,23270500
2021-07-08,53.96670913696289,59.75,60.0,58.75,59.5,29962900
2021-07-09,54.41831588745117,60.25,60.5,59.5,59.5,25008400
2021-07-12,54.19251251220703,60.0,60.5,59.75,60.25,11176200
2021-07-13,54.64411544799805,60.5,60.75,59.75,60.5,21188000
2021-07-14,54.64411544799805,60.5,60.75,60.0,60.5,13293800
2021-07-15,53.96670913696289,59.75,60.5,59.5,60.5,16094900
2021-07-16,54.41831588745117,60.25,60.25,60.0,60.0,7136700
2021-07-19,54.19251251220703,60.0,60.25,59.75,60.0,13075600
2021-07-20,53.74090576171875,59.5,60.25,59.0,60.0,16166100
2021-07-21,54.19251251220703,60.0,60.5,59.75,60.0,11566200
2021-07-22,54.41831588745117,60.25,60.5,59.75,60.5,6766300
2021-07-23,54.41831588745117,60.25,60.25,59.5,60.0,8799200
2021-07-27,54.19251251220703,60.0,60.5,59.5,60.5,17448200
2021-07-29,53.96670913696289,59.75,60.5,59.75,60.0,19999200
2021-07-30,53.289310455322266,59.0,60.0,59.0,59.75,26939400
2021-08-02,51.93449401855469,57.5,59.25,56.75,59.0,55718900
2021-08-03,52.38610076904297,58.0,58.25,57.75,58.25,15526400
2021-08-04,52.611900329589844,58.25,58.5,57.5,58.0,18998400
2021-08-05,51.93449401855469,57.5,58.5,57.5,58.25,15419100
2021-08-06,51.48289108276367,57.0,58.0,56.5,57.5,22808800
2021-08-09,52.16029739379883,57.75,58.25,56.75,57.25,10028700
2021-08-10,52.38610076904297,58.0,58.75,57.5,57.75,11794400
2021-08-11,51.48289108276367,57.0,58.25,57.0,58.25,20772100
2021-08-13,51.93449401855469,57.5,58.25,57.0,57.0,20972400
2021-08-16,52.611900329589844,58.25,58.25,56.75,57.5,25593100
2021-08-17,52.611900329589844,58.25,58.75,57.75,58.5,23914200
2021-08-18,52.611900329589844,58.25,58.5,57.75,58.0,22667400
2021-08-19,51.93449401855469,57.5,58.25,57.5,58.0,12316300
2021-08-20,52.38610076904297,58.0,58.0,57.5,57.5,15866700
2021-08-23,55.09572219848633,61.0,61.25,58.75,59.0,63609700
2021-08-24,55.321529388427734,61.25,62.0,60.75,61.5,30639900
2021-08-25,55.54732894897461,61.5,61.75,61.25,61.5,16653000
2021-08-26,55.09572219848633,61.0,61.25,60.75,61.25,15376000
2021-08-27,56.22473907470703,62.25,62.75,60.75,61.0,43354700
2021-08-30,58.03115463256836,64.25,64.5,62.75,63.0,49348900
2021-08-31,58.708560943603516,65.0,65.0,63.5,64.25,47145700
2021-09-01,58.708560943603516,65.0,67.75,63.75,67.0,114217600
2021-09-02,57.80535125732422,64.0,65.0,63.0,65.0,54590000
2021-09-03,56.902137756347656,63.0,64.0,62.75,64.0,33519100
2021-09-06,56.45053482055664,62.5,63.0,61.75,62.75,46574000
2021-09-07,57.1279411315918,63.25,64.0,62.0,62.5,54981600
2021-09-08,56.67633819580078,62.75,63.25,62.25,63.0,22934500
2021-09-09,55.99893569946289,62.0,62.75,61.5,62.5,40607700
2021-09-10,55.77313232421875,61.75,62.25,61.0,62.0,42031700
2021-09-13,55.99893569946289,62.0,62.25,61.75,61.75,19756200
2021-09-14,56.22473907470703,62.25,62.75,62.0,62.25,21784300
2021-09-15,57.1279411315918,63.25,63.5,62.5,62.5,27957500
2021-09-16,58.03115463256836,64.25,64.5,63.5,63.75,26408800
2021-09-17,58.708560943603516,65.0,65.0,63.0,64.0,29510000
2021-09-20,57.57954406738281,63.75,64.5,63.25,64.5,19546600
2021-09-21,58.03115463256836,64.25,64.25,63.5,63.5,14308100
2021-09-22,57.57954406738281,63.75,64.25,63.5,64.25,12314300
2021-09-23,58.03115463256836,64.25,64.25,63.25,64.0,19617300
2021-09-27,56.902137756347656,63.0,64.25,62.75,64.25,20159100
2021-09-28,56.67633819580078,62.75,63.5,62.25,63.0,14317900
2021-09-29,56.67633819580078,62.75,63.25,62.25,62.25,11259800
2021-09-30,57.35374069213867,63.5,64.0,62.75,63.0,18869900
2021-10-01,56.902137756347656,63.0,63.5,62.25,63.0,16290800
2021-10-04,57.1279411315918,63.25,63.75,63.0,63.25,15222900
2021-10-05,57.57954406738281,63.75,64.0,63.25,63.25,31767000
2021-10-06,56.45053482055664,62.5,64.0,62.5,63.75,33580600
2021-10-07,56.902137756347656,63.0,63.5,62.5,62.5,15075400
2021-10-08,57.35374069213867,63.5,64.0,63.25,63.75,34011900
2021-10-11,57.35374069213867,63.5,64.5,63.5,63.75,17439900
2021-10-12,57.80535125732422,64.0,65.25,63.75,64.25,49936400
2021-10-14,58.2569580078125,64.5,65.0,64.25,64.75,33167900
2021-10-15,58.934364318847656,65.25,65.5,64.5,65.0,27491400
2021-10-18,58.708560943603516,65.0,65.5,64.5,65.25,23872300
2021-10-19,58.708560943603516,65.0,65.75,64.5,65.25,32247600
2021-10-20,58.482757568359375,64.75,65.5,64.5,65.25,18290700
2021-10-21,58.482757568359375,64.75,65.0,64.25,64.75,10277900
2021-10-25,58.03115463256836,64.25,64.75,63.75,64.5,20187700
2021-10-26,58.03115463256836,64.25,64.5,63.5,64.25,22598600
2021-10-27,57.35374069213867,63.5,64.25,63.5,64.0,17637100
2021-10-28,58.03115463256836,64.25,64.25,63.25,63.5,10603000
2021-10-29,57.80535125732422,64.0,64.5,64.0,64.0,10358700
2021-11-01,58.03115463256836,64.25,65.75,64.0,64.25,27239300
2021-11-02,58.482757568359375,64.75,65.0,64.25,64.5,8677100
2021-11-03,58.482757568359375,64.75,65.0,64.5,65.0,8228300
2021-11-04,58.708560943603516,65.0,65.5,64.75,65.25,15323400
2021-11-05,58.934364318847656,65.25,65.5,65.0,65.25,11168400
2021-11-08,59.83757019042969,66.25,66.5,65.0,65.5,29370100
2021-11-09,58.934364318847656,65.25,66.25,64.75,66.25,32036100
2021-11-10,58.482757568359375,64.75,65.25,64.5,65.0,22005100
2021-11-11,58.934364318847656,65.25,65.75,64.75,64.75,9180700
2021-11-12,58.934364318847656,65.25,66.5,64.75,65.75,25177900
2021-11-15,59.16016387939453,65.5,66.0,65.25,65.25,21986100
2021-11-16,59.38596725463867,65.75,65.75,65.0,65.5,16746000
2021-11-17,58.934364318847656,65.25,65.75,65.25,65.75,12876200
2021-11-18,58.934364318847656,65.25,65.5,65.0,65.25,17444300
2021-11-19,58.708560943603516,65.0,65.75,64.75,65.5,23321700
2021-11-22,58.03115463256836,64.25,64.75,63.5,64.5,32264900
2021-11-23,56.902137756347656,63.0,64.0,62.5,64.0,42970400
2021-11-24,56.67633819580078,62.75,63.0,62.25,63.0,23259800
2021-11-25,55.54732894897461,61.5,62.5,61.5,62.5,36101300
2021-11-26,54.19251251220703,60.0,61.5,60.0,61.25,48005100
2021-11-29,53.74090576171875,59.5,60.75,59.25,60.0,41102900
2021-11-30,52.837703704833984,58.5,60.25,58.5,60.0,61943000
2021-12-01,53.289310455322266,59.0,59.25,58.25,59.0,27397400
2021-12-02,53.063507080078125,58.75,59.0,58.0,58.75,25648300
2021-12-03,52.837703704833984,58.5,59.0,58.25,58.75,15303700
2021-12-07,53.74090576171875,59.5,59.75,58.75,58.75,41259400
2021-12-08,53.289310455322266,59.0,60.0,58.5,59.75,35906000
2021-12-09,52.837703704833984,58.5,59.0,58.25,59.0,33860900
2021-12-13,53.51511001586914,59.25,59.25,58.75,59.0,20749500
2021-12-14,53.51511001586914,59.25,59.25,58.75,58.75,15983800
2021-12-15,52.837703704833984,58.5,59.0,58.5,58.75,25993900
2021-12-16,53.51511001586914,59.25,59.5,58.5,59.0,35990700
2021-12-17,54.64411544799805,60.5,60.5,59.0,59.25,43020200
2021-12-20,53.063507080078125,58.75,59.75,58.5,59.5,37828900
2021-12-21,53.063507080078125,58.75,59.5,58.5,59.0,22443700
2021-12-22,52.837703704833984,58.5,58.75,58.0,58.75,27109900
2021-12-23,53.063507080078125,58.75,59.0,58.25,58.75,10666200
2021-12-24,52.611900329589844,58.25,59.0,58.25,59.0,18907500
2021-12-27,52.38610076904297,58.0,58.5,58.0,58.25,18421200
2021-12-28,52.837703704833984,58.5,58.5,57.75,58.0,13938800
2021-12-29,53.063507080078125,58.75,59.25,58.25,58.5,24928900
2021-12-30,53.289310455322266,59.0,59.5,58.75,59.0,15080100
2022-01-04,53.96670913696289,59.75,60.0,59.0,59.0,17201700
2022-01-05,53.96670913696289,59.75,60.5,59.25,59.75,18699300
2022-01-06,52.837703704833984,58.5,59.75,58.5,59.75,28609000
2022-01-07,52.611900329589844,58.25,59.0,58.25,58.5,22630200
2022-01-10,52.611900329589844,58.25,58.75,58.25,58.25,14170400
2022-01-11,52.611900329589844,58.25,58.75,58.0,58.25,14467600
2022-01-12,52.837703704833984,58.5,59.0,58.0,58.5,24239900
2022-01-13,52.611900329589844,58.25,58.5,58.0,58.25,13720200
2022-01-14,52.38610076904297,58.0,58.5,58.0,58.25,14834600
2022-01-17,52.837703704833984,58.5,58.75,58.0,58.25,19082800
2022-01-18,52.38610076904297,58.0,59.0,58.0,58.75,15616500
2022-01-19,52.38610076904297,58.0,58.25,57.75,58.0,10358400
2022-01-20,52.611900329589844,58.25,58.75,57.75,58.0,18962900
2022-01-21,53.063507080078125,58.75,58.75,58.0,58.0,15067800
2022-01-24,53.289310455322266,59.0,59.5,58.5,58.75,27253500
2022-01-25,53.51511001586914,59.25,59.25,58.5,58.75,22230700
2022-01-26,53.96670913696289,59.75,59.75,59.0,59.5,17896400
2022-01-27,53.289310455322266,59.0,59.75,58.75,59.5,38282500
2022-01-28,55.54732894897461,61.5,62.0,59.0,59.25,73104200
2022-01-31,56.67633819580078,62.75,62.75,61.75,62.0,36676500
2022-02-01,56.45053482055664,62.5,63.0,62.0,63.0,17901400
2022-02-02,56.67633819580078,62.75,63.75,62.5,63.0,26635500
2022-02-03,57.35374069213867,63.5,63.5,62.5,62.5,17685600
2022-02-04,56.67633819580078,62.75,63.5,62.75,63.25,21659000
2022-02-07,57.1279411315918,63.25,63.5,62.5,62.5,19505400
2022-02-08,56.902137756347656,63.0,63.25,62.25,63.25,31097400
2022-02-09,58.2569580078125,64.5,64.5,62.75,63.5,43689000
2022-02-10,58.2569580078125,64.5,64.5,63.5,64.5,24681100
2022-02-11,58.03115463256836,64.25,64.25,63.5,64.0,25508800
2022-02-14,57.80535125732422,64.0,64.5,63.75,64.5,13334100
2022-02-15,58.2569580078125,64.5,64.5,63.75,63.75,15420900
2022-02-17,58.934364318847656,65.25,66.0,64.75,65.0,43140700
2022-02-18,59.38596725463867,65.75,66.0,65.0,65.25,32701400
2022-02-21,60.514976501464844,67.0,67.25,65.75,66.0,55408200
2022-02-22,60.514976501464844,67.0,67.0,65.25,66.0,39939100
2022-02-23,60.966583251953125,67.5,67.75,66.75,67.0,31236900
2022-02-24,59.38596725463867,65.75,67.5,65.5,67.25,49207700
2022-02-25,61.192378997802734,67.75,67.75,66.25,66.25,47720100
2022-02-28,61.41818618774414,68.0,68.0,66.75,67.25,40050100
2022-03-01,61.64398193359375,68.25,68.5,67.25,68.25,38299700
2022-03-02,61.64398193359375,68.25,68.75,67.25,68.25,30392700
2022-03-03,62.09558868408203,68.75,69.0,68.25,68.5,25685100
2022-03-04,60.966583251953125,67.5,68.75,67.5,68.5,27152800
2022-03-07,59.38596725463867,65.75,66.5,64.25,65.0,52985900
2022-03-08,59.38596725463867,65.75,66.5,63.75,65.75,60046800
2022-03-09,59.61176300048828,66.0,66.25,65.5,66.0,47617700
2022-03-10,59.38596725463867,65.75,66.5,65.75,66.25,24280200
2022-03-11,59.61176300048828,66.0,66.25,65.0,65.5,29150800
2022-03-14,59.83757019042969,66.25,66.5,65.5,65.75,18382100
2022-03-15,60.06336975097656,66.5,66.5,65.75,66.25,23313000
2022-03-16,60.966583251953125,67.5,67.75,66.75,67.0,33314400
2022-03-17,60.966583251953125,67.5,68.0,67.25,68.0,21731100
2022-03-18,60.74077606201172,67.25,67.75,66.75,67.75,52809600
2022-03-21,60.514976501464844,67.0,67.75,67.0,67.5,23225500
2022-03-22,59.61176300048828,66.0,67.25,65.25,67.0,41227600
2022-03-23,58.708560943603516,65.0,66.0,64.75,66.0,34513300
2022-03-24,58.2569580078125,64.5,65.0,64.0,65.0,29390500
2022-03-25,58.03115463256836,64.25,65.0,64.0,64.5,25114800
2022-03-28,57.80535125732422,64.0,64.5,64.0,64.5,13701900
2022-03-29,58.2569580078125,64.5,64.75,64.0,64.0,19220000
2022-03-30,59.38596725463867,65.75,66.0,64.75,64.75,21665100
2022-03-31,58.708560943603516,65.0,66.0,64.75,65.5,23818100
2022-04-01,58.934364318847656,65.25,65.5,64.75,64.75,8661500
2022-04-04,59.38596725463867,65.75,65.75,65.0,65.0,12038600
2022-04-05,59.38596725463867,65.75,66.0,65.25,65.5,14210400
2022-04-07,59.16016387939453,65.5,65.5,64.75,65.25,24162400
2022-04-08,60.74077606201172,67.25,67.5,65.5,65.75,27648300
2022-04-11,60.514976501464844,67.0,67.25,66.0,67.0,15662500
2022-04-12,60.966583251953125,67.5,67.75,66.75,66.75,21397000
2022-04-18,60.06336975097656,66.5,67.75,66.5,67.5,13297600
2022-04-19,60.514976501464844,67.0,67.5,66.0,67.25,22949500
2022-04-20,60.514976501464844,67.0,67.5,66.75,67.25,16308800
2022-04-21,59.38596725463867,65.75,67.25,65.5,67.0,29141500
2022-04-22,59.83757019042969,66.25,66.25,65.25,65.75,17568100
2022-04-25,58.934364318847656,65.25,66.0,65.25,65.75,23525600
2022-04-26,59.61176300048828,66.0,66.25,65.0,65.5,28901100
2022-04-27,59.16016387939453,65.5,66.25,65.25,65.75,16394100
2022-04-28,59.707096099853516,65.5,65.5,64.75,64.75,19104200
2022-04-29,59.251319885253906,65.0,65.75,65.0,65.5,15480300
2022-05-03,59.707096099853516,65.5,65.5,64.5,65.0,15612800
2022-05-05,60.61865234375,66.5,66.75,66.0,66.5,19333600
2022-05-06,59.251319885253906,65.0,66.0,65.0,65.75,23469400
2022-05-09,58.339759826660156,64.0,65.0,64.0,64.75,15854500
2022-05-10,58.79553985595703,64.5,64.5,63.75,64.0,23292400
2022-05-11,57.883975982666016,63.5,64.5,63.5,64.25,14136500
2022-05-12,57.883975982666016,63.5,63.75,62.0,63.5,36862600
2022-05-13,57.65608596801758,63.25,64.0,62.75,63.5,17691000
2022-05-17,58.339759826660156,64.0,64.0,63.25,63.75,28901900
2022-05-18,58.567649841308594,64.25,64.75,63.75,64.0,21545400
2022-05-19,58.339759826660156,64.0,64.25,63.5,63.75,21042000
2022-05-20,59.02342987060547,64.75,65.0,64.25,64.25,25823400
2022-05-23,59.479209899902344,65.25,65.25,64.5,65.0,21820900
2022-05-24,58.339759826660156,64.0,65.25,64.0,65.25,21528100
2022-05-25,57.883975982666016,63.5,64.25,63.5,64.0,25159600
2022-05-26,58.339759826660156,64.0,64.0,63.25,63.75,8867800
2022-05-27,59.251319885253906,65.0,65.0,64.25,64.5,14544000
2022-05-30,59.93498992919922,65.75,66.0,65.25,65.25,17889600
2022-05-31,60.39076614379883,66.25,66.25,65.25,65.5,28187800
2022-06-01,60.162872314453125,66.0,66.0,65.5,66.0,9778300
2022-06-02,59.251319885253906,65.0,66.25,65.0,66.0,20108700
2022-06-06,59.251319885253906,65.0,65.0,64.5,64.75,12698700
2022-06-07,58.339759826660156,64.0,65.0,64.0,64.75,14412800
2022-06-08,58.11186599731445,63.75,64.5,63.5,64.25,21631100
2022-06-09,58.11186599731445,63.75,64.0,63.0,63.75,19059600
2022-06-10,57.883975982666016,63.5,63.75,63.25,63.5,10185500
2022-06-13,56.288753509521484,61.75,63.25,61.75,63.0,24597600
2022-06-14,56.74453353881836,62.25,62.5,61.5,61.75,22396100
2022-06-15,56.06086349487305,61.5,62.25,60.5,62.0,40664800
2022-06-16,54.46562957763672,59.75,61.75,59.75,61.75,39921600
2022-06-17,54.693519592285156,60.0,60.75,59.0,59.5,46267800
2022-06-20,54.921409606933594,60.25,60.75,59.5,59.75,30983100
2022-06-21,54.693519592285156,60.0,60.5,59.5,60.5,20957000
2022-06-22,53.78196716308594,59.0,60.0,58.5,59.75,25317300
2022-06-23,54.009857177734375,59.25,59.75,59.0,59.25,10996800
2022-06-24,54.23773956298828,59.5,60.0,59.0,59.5,26850600
2022-06-27,55.37718963623047,60.75,60.75,59.75,59.75,24980600
2022-06-28,55.83297348022461,61.25,61.25,60.0,60.5,28386500
2022-06-29,55.37718963623047,60.75,61.75,60.75,61.5,27557300
2022-06-30,54.693519592285156,60.0,61.5,60.0,60.75,30856100
2022-07-01,56.74453353881836,62.25,62.5,60.25,60.25,30654500
2022-07-04,56.06086349487305,61.5,62.25,61.5,62.25,10727400
2022-07-05,54.921409606933594,60.25,62.25,60.25,61.75,31424000
2022-07-06,56.51664352416992,62.0,62.25,60.75,60.75,25302100
2022-07-07,58.339759826660156,64.0,64.0,62.25,62.25,47695900
2022-07-08,57.883975982666016,63.5,64.25,63.25,64.0,13252200
2022-07-11,57.42819595336914,63.0,63.5,62.0,63.25,14599600
2022-07-12,57.20030975341797,62.75,63.0,62.0,62.75,17782100
2022-07-14,55.605079650878906,61.0,62.5,61.0,62.25,19484300
2022-07-15,55.83297348022461,61.25,61.5,60.25,61.0,22741200
2022-07-18,56.06086349487305,61.5,62.0,61.0,61.75,16624000
2022-07-19,55.605079650878906,61.0,61.5,60.5,61.25,18022900
2022-07-20,54.921409606933594,60.25,60.5,59.0,60.5,41555900
2022-07-21,55.37718963623047,60.75,61.0,59.5,60.0,18978700
2022-07-22,55.605079650878906,61.0,61.25,60.25,60.5,15993800
2022-07-25,55.83297348022461,61.25,61.75,61.0,61.25,11028500
2022-07-26,55.14929962158203,60.5,60.75,59.75,60.25,25249800
2022-07-27,55.83297348022461,61.25,61.25,60.0,60.25,16423200
2022-08-01,54.46562957763672,59.75,60.75,59.0,60.5,54599100
2022-08-02,54.693519592285156,60.0,60.5,59.75,60.0,26151000
2022-08-03,54.693519592285156,60.0,60.25,59.5,60.0,19059800
2022-08-04,54.693519592285156,60.0,60.25,59.75,59.75,18672000
2022-08-05,54.693519592285156,60.0,60.25,59.75,59.75,12652600
2022-08-08,55.37718963623047,60.75,60.75,59.5,60.0,28697500
2022-08-09,55.37718963623047,60.75,60.75,60.25,60.75,17418200
2022-08-10,55.83297348022461,61.25,61.25,60.5,60.75,19917700
2022-08-11,54.693519592285156,60.0,61.25,59.25,61.25,59666400
2022-08-15,54.23773956298828,59.5,60.25,59.0,60.0,48218400
2022-08-16,54.23773956298828,59.5,60.0,59.25,59.75,24648200
2022-08-17,55.37718963623047,60.75,60.75,59.25,59.5,34394900
2022-08-18,55.605079650878906,61.0,61.25,60.25,60.5,16829700
2022-08-19,55.605079650878906,61.0,61.5,60.75,60.75,19779900
2022-08-22,55.37718963623047,60.75,61.25,60.5,60.75,13575200
2022-08-23,56.06086349487305,61.5,61.75,60.25,60.5,18784100
2022-08-24,56.06086349487305,61.5,62.0,61.0,61.0,17234000
2022-08-25,56.06086349487305,61.5,62.0,61.5,61.75,15105800
2022-08-26,56.288753509521484,61.75,62.0,61.5,61.75,13856000
2022-08-29,54.921409606933594,60.25,61.25,60.25,61.25,21965200
2022-08-30,55.83297348022461,61.25,61.25,60.0,60.5,20432600
2022-08-31,56.06086349487305,61.5,61.5,60.75,61.0,21340400
2022-09-01,55.37718963623047,60.75,61.25,60.0,61.0,32016500
2022-09-02,54.693519592285156,60.0,61.0,59.75,60.75,27878100
2022-09-05,54.46562957763672,59.75,60.25,59.25,60.0,29542800
2022-09-06,54.23773956298828,59.5,60.0,59.0,59.75,30946100
2022-09-07,54.921409606933594,60.25,60.25,59.25,59.25,14713600
2022-09-08,55.605079650878906,61.0,61.0,60.0,60.5,27782200
2022-09-09,54.693519592285156,60.0,61.0,60.0,60.75,21342000
2022-09-12,54.921409606933594,60.25,60.75,60.0,60.25,14917400
2022-09-13,54.921409606933594,60.25,60.75,60.0,60.5,14117900
2022-09-14,54.46562957763672,59.75,60.0,59.25,59.5,23532700
2022-09-15,54.23773956298828,59.5,60.0,59.25,60.0,16170000
2022-09-16,53.78196716308594,59.0,59.5,59.0,59.25,37791300
2022-09-19,53.098297119140625,58.25,59.25,58.0,59.0,39032500
2022-09-20,53.098297119140625,58.25,58.75,57.75,58.5,57321800
2022-09-21,52.87040710449219,58.0,58.5,57.5,58.0,32270500
2022-09-22,51.95884704589844,57.0,57.75,56.5,57.75,63273800
2022-09-23,51.73095703125,56.75,57.25,56.5,57.0,29646300
2022-09-26,51.27518081665039,56.25,56.75,55.75,56.5,35708900
2022-09-27,51.50306701660156,56.5,57.25,56.25,56.25,25178000
2022-09-28,51.73095703125,56.75,57.0,55.75,56.25,42360100
2022-09-29,51.27518081665039,56.25,57.25,56.0,56.75,43930800
2022-09-30,51.27518081665039,56.25,56.75,56.25,56.5,21812000
2022-10-03,49.45206069946289,54.25,56.25,53.75,56.25,72118400
2022-10-04,49.22417068481445,54.0,55.0,52.75,54.75,47381200
2022-10-05,50.1357307434082,55.0,55.25,54.0,54.25,30079700
2022-10-06,49.45206069946289,54.25,55.25,54.25,55.25,25977000
2022-10-07,48.996280670166016,53.75,54.5,53.5,54.5,11806900
2022-10-10,50.819400787353516,55.75,56.25,53.0,53.5,53350200
2022-10-11,50.1357307434082,55.0,56.0,54.75,55.25,37843600
2022-10-12,50.1357307434082,55.0,55.25,54.75,55.0,12528200
2022-10-17,51.95884704589844,57.0,57.0,54.5,55.25,55674900
2022-10-18,53.32618713378906,58.5,58.75,57.25,57.25,55686100
2022-10-19,53.32618713378906,58.5,58.5,58.0,58.25,21304700
2022-10-20,53.32618713378906,58.5,58.5,57.75,58.25,23951100
2022-10-21,53.32618713378906,58.5,58.5,58.0,58.5,13166700
2022-10-25,53.78196716308594,59.0,59.0,58.25,58.75,17975600
2022-10-26,54.23773956298828,59.5,59.75,58.75,59.0,27460800
2022-10-27,54.693519592285156,60.0,60.75,59.5,59.75,29014800
2022-10-28,54.693519592285156,60.0,60.5,59.5,60.0,23529200
2022-10-31,54.693519592285156,60.0,60.25,59.25,60.25,25191200
2022-11-01,55.14929962158203,60.5,60.75,60.0,60.25,18946200
2022-11-02,55.605079650878906,61.0,61.25,60.5,60.75,18344200
2022-11-03,55.37718963623047,60.75,60.75,60.25,60.5,9190800
2022-11-04,55.37718963623047,60.75,61.25,60.75,60.75,23514500
2022-11-07,55.37718963623047,60.75,61.5,60.75,60.75,20001600
2022-11-08,55.605079650878906,61.0,61.25,60.75,61.0,12816800
2022-11-09,55.605079650878906,61.0,61.25,60.5,61.0,19613900
2022-11-10,55.605079650878906,61.0,61.0,60.0,61.0,14313800
2022-11-11,56.06086349487305,61.5,61.5,60.75,61.5,25110400
2022-11-14,56.06086349487305,61.5,62.0,60.75,61.5,25623300
2022-11-15,56.06086349487305,61.5,61.5,61.0,61.5,13058300
2022-11-16,55.605079650878906,61.0,61.75,61.0,61.5,16677300
2022-11-17,56.97241973876953,62.5,62.75,61.0,61.25,48016600
2022-11-18,57.20030975341797,62.75,63.5,62.5,62.5,32308400
2022-11-21,57.42819595336914,63.0,63.25,62.25,62.5,19233600
2022-11-22,57.65608596801758,63.25,63.75,63.0,63.25,13642400
2022-11-23,57.20030975341797,62.75,63.5,62.25,63.5,23951700
2022-11-24,57.65608596801758,63.25,63.25,62.5,63.0,13939700
2022-11-25,57.20030975341797,62.75,63.25,62.5,63.25,9049600
2022-11-28,56.97241973876953,62.5,63.0,62.25,62.75,9044200
2022-11-29,57.883975982666016,63.5,63.5,61.75,62.25,30950200
2022-11-30,59.251319885253906,65.0,65.0,63.25,63.5,41503400
2022-12-01,59.93498992919922,65.75,66.0,64.5,65.0,44184000
2022-12-02,59.02342987060547,64.75,65.0,64.0,64.75,24642000
2022-12-06,58.11186599731445,63.75,65.25,63.5,65.0,26403200
2022-12-07,59.02342987060547,64.75,65.0,63.75,63.75,25869800
2022-12-08,59.02342987060547,64.75,64.75,64.0,64.75,11769200
2022-12-09,58.79553985595703,64.5,65.0,64.0,64.5,12098100
2022-12-13,59.479209899902344,65.25,65.5,64.75,65.25,29768000
2022-12-14,60.162872314453125,66.0,66.0,65.0,65.25,23631000
2022-12-15,59.479209899902344,65.25,65.75,65.0,65.75,26368500
2022-12-16,60.162872314453125,66.0,66.0,64.5,65.0,20256700
2022-12-19,60.162872314453125,66.0,66.5,65.75,66.0,11037100
2022-12-20,59.479209899902344,65.25,66.25,64.75,66.0,21412000
2022-12-21,60.162872314453125,66.0,66.0,65.0,65.25,12726700
2022-12-22,60.39076614379883,66.25,66.5,65.75,66.0,10658000
2022-12-23,60.162872314453125,66.0,66.5,65.75,66.0,7429000
2022-12-26,60.162872314453125,66.0,66.5,66.0,66.25,6411200
2022-12-27,61.75809860229492,67.75,67.75,66.0,66.0,28595100
2022-12-28,61.530216217041016,67.5,68.0,67.25,67.75,16743700
2022-12-29,62.2138786315918,68.25,68.25,67.0,67.5,20106600
2022-12-30,62.2138786315918,68.25,68.75,68.0,68.25,19837300
2023-01-03,63.35334014892578,69.5,69.5,68.25,68.5,29888800
2023-01-04,62.89755630493164,69.0,70.0,69.0,69.75,21285400
2023-01-05,62.89755630493164,69.0,69.75,68.75,69.25,14858700
2023-01-06,64.03700256347656,70.25,71.0,69.25,69.5,31641400
2023-01-09,66.54378509521484,73.0,73.75,71.5,71.5,49965700
2023-01-10,64.72067260742188,71.0,73.0,71.0,72.75,39170100
2023-01-11,62.441776275634766,68.5,69.5,68.25,69.0,62257600
2023-01-12,62.441776275634766,68.5,68.75,68.0,68.5,27383700
2023-01-13,62.2138786315918,68.25,69.0,68.0,68.25,19367300
2023-01-16,61.75809860229492,67.75,69.0,67.5,68.25,19858700
2023-01-17,62.66965866088867,68.75,69.0,68.0,68.0,27794100
2023-01-18,62.441776275634766,68.5,68.75,67.75,68.75,24407500
2023-01-19,62.66965866088867,68.75,68.75,68.25,68.5,19447500
2023-01-20,61.98599624633789,68.0,68.5,67.25,68.5,24653500
2023-01-23,63.12543869018555,69.25,69.5,68.5,68.5,22386200
2023-01-24,63.809120178222656,70.0,70.25,69.0,69.25,22268500
2023-01-25,63.58122253417969,69.75,70.25,69.25,70.0,22418000
2023-01-26,63.12543869018555,69.25,70.0,68.75,69.5,24419200
2023-01-27,62.66965866088867,68.75,69.25,68.5,69.25,19740900
2023-01-30,62.66965866088867,68.75,69.0,68.25,68.75,23809500
2023-01-31,60.61865234375,66.5,68.75,66.5,68.75,54314900
2023-02-01,61.30232238769531,67.25,67.5,66.5,66.75,33928000
2023-02-02,60.84654998779297,66.75,67.75,66.75,67.5,14003500
2023-02-03,61.530216217041016,67.5,67.75,66.5,66.75,10256800
2023-02-06,60.84654998779297,66.75,67.5,66.5,67.25,18280200
2023-02-07,60.84654998779297,66.75,67.0,66.5,66.5,17352200
2023-02-08,60.84654998779297,66.75,67.25,66.5,66.75,8463000
2023-02-09,61.30232238769531,67.25,67.25,66.0,66.75,17987700
2023-02-10,61.07443618774414,67.0,67.5,66.5,67.25,13030200
2023-02-13,61.07443618774414,67.0,67.25,66.5,66.5,9339800
2023-02-14,60.84654998779297,66.75,67.25,66.75,67.25,7375000
2023-02-15,60.39076614379883,66.25,66.5,65.75,66.5,21915300
2023-02-16,60.61865234375,66.5,66.75,66.0,66.25,16891400
2023-02-17,60.39076614379883,66.25,66.5,66.0,66.0,7750500
2023-02-20,58.567649841308594,64.25,66.25,64.25,66.25,43497700
2023-02-21,59.707096099853516,65.5,66.0,64.25,64.5,40491400
2023-02-22,60.61865234375,66.5,67.0,65.5,65.5,41520000
2023-02-23,59.251319885253906,65.0,66.0,65.0,66.0,23529800
2023-02-24,56.288753509521484,61.75,64.5,61.0,64.5,108324100
2023-02-27,56.74453353881836,62.25,62.75,61.25,61.75,33135400
2023-02-28,56.51664352416992,62.0,63.0,62.0,62.5,24573900
2023-03-01,55.605079650878906,61.0,62.0,61.0,61.75,39181300
2023-03-02,56.51664352416992,62.0,62.5,61.0,61.25,31860200
2023-03-03,56.51664352416992,62.0,62.5,61.75,62.0,21745100
2023-03-07,56.74453353881836,62.25,63.0,62.25,62.75,19205700
2023-03-08,56.97241973876953,62.5,63.0,61.5,61.75,20534700
2023-03-09,57.42819595336914,63.0,63.5,62.25,62.75,34748800
2023-03-10,56.288753509521484,61.75,62.75,61.5,62.5,21871000
2023-03-13,56.51664352416992,62.0,63.0,61.5,61.75,23945100
2023-03-14,54.46562957763672,59.75,61.75,59.25,61.5,57623600
2023-03-15,55.605079650878906,61.0,61.25,60.25,60.5,32314300
2023-03-16,55.37718963623047,60.75,61.25,59.75,60.25,24786500
2023-03-17,55.83297348022461,61.25,61.5,60.75,61.0,36069500
2023-03-20,56.288753509521484,61.75,61.75,61.0,61.5,29485000
2023-03-21,57.20030975341797,62.75,63.0,61.75,61.75,41304600
2023-03-22,57.42819595336914,63.0,63.5,63.0,63.0,25244800
2023-03-23,57.883975982666016,63.5,63.75,62.75,63.25,25822800
2023-03-24,57.20030975341797,62.75,63.25,62.5,63.25,29278900
2023-03-27,57.42819595336914,63.0,63.25,62.25,62.75,15919400
2023-03-28,57.65608596801758,63.25,63.5,62.75,63.0,14605800
2023-03-29,57.42819595336914,63.0,63.5,62.25,63.5,37266600
2023-03-30,56.74453353881836,62.25,63.25,62.25,63.25,22868600
2023-03-31,56.51664352416992,62.0,62.75,62.0,62.5,20771600
2023-04-03,56.51664352416992,62.0,62.25,61.5,62.25,26636000
2023-04-04,55.83297348022461,61.25,62.25,61.0,62.25,18846400
2023-04-05,55.83297348022461,61.25,62.25,61.0,61.25,36053700
2023-04-07,55.605079650878906,61.0,61.5,60.75,61.5,10270500
2023-04-10,56.288753509521484,61.75,62.25,61.0,61.25,28312500
2023-04-11,56.51664352416992,62.0,62.5,61.75,62.0,14376300
2023-04-12,56.288753509521484,61.75,62.25,61.5,62.0,15872600
2023-04-17,56.97241973876953,62.5,62.75,62.0,62.5,24700500
2023-04-18,57.42819595336914,63.0,63.25,62.5,62.5,16284200
2023-04-19,58.339759826660156,64.0,64.75,62.75,63.0,44085900
2023-04-20,58.11186599731445,63.75,64.25,63.5,64.0,10956000
2023-04-21,57.65608596801758,63.25,64.0,62.75,64.0,19970000
2023-04-24,57.883975982666016,63.5,63.75,62.75,63.25,15050400
2023-04-25,58.11186599731445,63.75,64.25,63.25,63.5,15496700
2023-04-26,58.339759826660156,64.0,64.5,63.75,64.0,14849000
2023-04-27,58.79553985595703,64.5,64.5,63.75,64.0,13341000
2023-04-28,59.02342987060547,64.75,64.75,64.0,64.5,21273300
2023-05-02,59.48455047607422,64.5,64.75,64.25,64.25,17596700
2023-05-03,59.253990173339844,64.25,65.0,64.25,64.25,20742200
2023-05-08,59.94567108154297,65.0,65.25,64.25,64.5,27692800
2023-05-09,60.8679084777832,66.0,66.25,64.75,65.0,22730800
2023-05-10,60.637351989746094,65.75,66.25,65.0,65.75,16505300
2023-05-11,62.02070999145508,67.25,67.75,66.25,66.5,23759300
2023-05-12,61.32902908325195,66.5,67.0,65.5,66.5,30561300
2023-05-15,59.715110778808594,64.75,66.75,64.25,66.75,42344500
2023-05-16,59.715110778808594,64.75,65.25,63.75,64.75,33647900
2023-05-17,58.10118865966797,63.0,64.5,62.5,64.5,49596200
2023-05-18,57.64006423950195,62.5,63.5,62.25,63.25,34888800
2023-05-19,56.948387145996094,61.75,62.75,61.5,62.5,27195800
2023-05-22,57.17894744873047,62.0,62.25,60.75,61.5,35436100
2023-05-23,57.40951156616211,62.25,62.5,61.25,62.0,27551200
2023-05-24,58.331748962402344,63.25,63.5,62.0,62.25,39865400
2023-05-25,57.87062454223633,62.75,63.25,62.5,63.25,23266500
2023-05-26,58.331748962402344,63.25,63.5,62.5,62.75,20721900
2023-05-29,58.331748962402344,63.25,63.5,63.0,63.25,18404800
2023-05-30,58.56230545043945,63.5,63.75,63.0,63.5,28983900
2023-05-31,58.792869567871094,63.75,63.5,62.75,63.0,29397600
2023-06-01,58.331748962402344,63.25,63.75,62.75,63.75,22856500
2023-06-02,58.331748962402344,63.25,63.5,63.0,63.5,9407800
2023-06-06,58.331748962402344,63.25,63.5,63.0,63.25,13864400
2023-06-07,57.64006423950195,62.5,63.5,62.0,63.25,34780700
2023-06-08,58.10118865966797,63.0,63.0,62.25,62.5,23763800
2023-06-09,58.331748962402344,63.25,63.5,63.0,63.5,7380500
2023-06-12,58.56230545043945,63.5,64.0,63.25,63.75,14103900
2023-06-13,59.02342987060547,64.0,64.25,63.25,63.5,13121100
2023-06-14,59.253990173339844,64.25,64.5,64.0,64.25,9122600
2023-06-15,59.253990173339844,64.25,64.75,64.0,64.5,17159200
2023-06-16,59.48455047607422,64.5,64.75,64.0,64.5,24230400
2023-06-19,59.02342987060547,64.0,64.75,64.0,64.5,5276000
2023-06-20,59.253990173339844,64.25,64.5,63.5,64.0,13928300
2023-06-21,58.331748962402344,63.25,64.0,62.75,63.75,13376900
2023-06-22,57.40951156616211,62.25,63.5,62.0,63.5,32495100
2023-06-23,56.948387145996094,61.75,62.0,61.25,61.75,8601500
2023-06-26,57.17894744873047,62.0,62.25,61.5,61.75,11173200
2023-06-27,56.71782684326172,61.5,62.25,61.5,62.0,15063100
2023-06-28,56.71782684326172,61.5,62.25,61.5,61.75,9948600
2023-06-29,56.25670623779297,61.0,61.5,60.75,61.5,19305700
2023-06-30,57.64006423950195,62.5,63.0,61.25,61.25,24118000
2023-07-03,58.10118865966797,63.0,63.0,61.75,62.75,12954200
2023-07-04,58.792869567871094,63.75,63.75,62.5,63.0,14628400
2023-07-05,58.331748962402344,63.25,63.5,62.75,63.5,10110200
2023-07-06,57.64006423950195,62.5,63.25,62.25,63.0,7216300
2023-07-07,57.87062454223633,62.75,63.5,62.0,62.25,13260900
2023-07-10,58.10118865966797,63.0,63.75,62.75,63.0,16002100
2023-07-11,57.87062454223633,62.75,63.25,62.25,63.0,17200200
2023-07-12,57.64006423950195,62.5,63.25,62.25,62.75,18838100
2023-07-13,57.17894744873047,62.0,62.5,61.25,62.25,32792600
2023-07-14,57.87062454223633,62.75,62.75,61.75,62.0,17203300
2023-07-17,58.331748962402344,63.25,63.75,62.5,63.0,26561400
2023-07-18,58.10118865966797,63.0,63.5,62.75,63.0,14208300
2023-07-19,57.87062454223633,62.75,63.25,62.25,63.0,32167400
2023-07-20,57.87062454223633,62.75,63.5,62.75,63.0,20603900
2023-07-21,58.56230545043945,63.5,63.5,62.5,62.75,11743200
2023-07-24,58.10118865966797,63.0,63.75,62.75,63.25,9094300
2023-07-25,56.948387145996094,61.75,63.0,61.75,62.75,24286400
2023-07-26,56.948387145996094,61.75,62.0,61.5,61.75,12993200
2023-07-27,57.87062454223633,62.75,62.75,61.25,61.75,23885600
2023-07-31,58.56230545043945,63.5,63.5,63.0,63.25,3580200
2023-08-02,58.10118865966797,63.0,63.5,62.75,63.25,22505600
2023-08-03,56.487266540527344,61.25,62.75,61.25,62.5,24402600
2023-08-04,56.026145935058594,60.75,61.5,60.75,61.25,22912100
2023-08-07,55.33446502685547,60.0,60.75,59.5,60.75,29417500
2023-08-08,54.41222381591797,59.0,60.25,59.0,60.0,31695500
2023-08-09,55.10390090942383,59.75,59.75,58.5,59.0,31789000
2023-08-10,55.10390090942383,59.75,60.0,58.75,59.5,31523100
2023-08-11,56.71782684326172,61.5,62.0,61.0,61.0,73711400
2023-08-15,57.17894744873047,62.0,62.25,61.5,61.5,25326000
2023-08-16,57.64006423950195,62.5,62.5,61.5,61.75,30231200
2023-08-17,57.64006423950195,62.5,62.75,62.0,62.25,21065800
2023-08-18,57.17894744873047,62.0,62.5,61.75,62.5,21485800
2023-08-21,57.64006423950195,62.5,63.0,61.75,62.25,24974500
2023-08-22,59.48455047607422,64.5,64.5,62.75,63.0,53934100
2023-08-23,60.637351989746094,65.75,66.25,64.75,65.0,62613600
2023-08-24,60.40678787231445,65.5,66.25,65.0,66.25,25046800
2023-08-25,60.40678787231445,65.5,65.75,64.5,65.5,17563100
2023-08-28,60.176231384277344,65.25,66.0,65.25,66.0,12537800
2023-08-29,60.637351989746094,65.75,66.0,65.25,65.25,13970000
2023-08-30,60.176231384277344,65.25,66.25,65.25,66.0,16985700
2023-08-31,60.176231384277344,65.25,65.75,64.75,65.25,17794900
2023-09-01,60.176231384277344,65.25,65.5,65.0,65.5,11862000
2023-09-04,59.48455047607422,64.5,65.5,64.25,65.5,15688500
2023-09-05,59.02342987060547,64.0,64.5,63.75,64.25,14529000
2023-09-06,59.253990173339844,64.25,64.5,63.75,63.75,12124500
2023-09-07,59.48455047607422,64.5,64.75,63.75,64.25,13809900
2023-09-08,59.253990173339844,64.25,64.5,64.0,64.5,11175700
2023-09-11,59.02342987060547,64.0,64.25,63.75,64.25,10255800
2023-09-12,59.253990173339844,64.25,64.75,64.0,64.0,15460800
2023-09-13,59.02342987060547,64.0,64.25,63.75,64.25,10211300
2023-09-14,59.02342987060547,64.0,64.25,63.75,64.0,6642800
2023-09-15,58.792869567871094,63.75,64.25,63.5,64.0,17415900
2023-09-18,58.331748962402344,63.25,63.75,63.25,63.75,12023200
2023-09-19,57.40951156616211,62.25,63.75,62.25,63.25,29602200
2023-09-20,56.026145935058594,60.75,62.0,60.75,62.0,36385500
2023-09-21,56.948387145996094,61.75,61.75,60.75,61.0,15733900
2023-09-22,56.487266540527344,61.25,62.0,61.0,61.5,19079700
2023-09-25,56.25670623779297,61.0,61.5,61.0,61.5,7534100
2023-09-26,56.25670623779297,61.0,61.5,60.5,60.75,9400900
2023-09-27,56.026145935058594,60.75,61.0,60.25,60.75,7347100
2023-09-28,55.33446502685547,60.0,61.25,60.0,61.0,13074300
2023-09-29,55.79558181762695,60.5,61.0,60.25,60.25,18524700
2023-10-02,56.026145935058594,60.75,61.25,60.25,60.75,10842800
2023-10-03,55.33446502685547,60.0,60.5,59.5,60.0,22355200
2023-10-04,56.026145935058594,60.75,61.25,59.25,59.25,24927500
2023-10-05,56.487266540527344,61.25,61.0,60.25,60.75,10567500
2023-10-06,56.25670623779297,61.0,61.75,60.25,61.5,10126400
2023-10-09,55.33446502685547,60.0,60.75,59.75,60.5,15316700
2023-10-10,54.64278793334961,59.25,60.25,59.0,60.25,21794000
2023-10-11,55.10390090942383,59.75,60.0,59.0,59.25,16658100
2023-10-12,54.87334060668945,59.5,60.75,59.25,60.25,13789500
2023-10-16,52.798301696777344,57.25,59.25,56.5,59.25,68517900
2023-10-17,53.259422302246094,57.75,58.0,57.25,57.75,22472700
2023-10-18,52.798301696777344,57.25,57.75,56.75,57.5,19063400
2023-10-19,51.87606430053711,56.25,56.75,56.0,56.75,21403600
2023-10-20,51.414939880371094,55.75,56.5,55.5,56.0,22656900
2023-10-24,51.414939880371094,55.75,57.0,55.0,55.5,23197000
2023-10-25,52.337181091308594,56.75,57.5,56.25,56.75,19283300
2023-10-26,50.95382308959961,55.25,56.5,55.0,56.25,19466700
2023-10-27,50.72325897216797,55.0,55.75,53.5,55.75,37839100
2023-10-30,51.645503997802734,56.0,56.5,54.75,54.75,17002700
2023-10-31,50.95382308959961,55.25,56.0,55.0,56.0,10625800
2023-11-01,51.18437957763672,55.5,56.0,55.0,55.25,15813900
2023-11-02,52.10661697387695,56.5,57.0,56.0,56.0,20761500
2023-11-03,52.337181091308594,56.75,57.5,56.0,57.0,27461900
2023-11-06,51.87606430053711,56.25,57.5,56.25,57.25,25056900
2023-11-07,51.414939880371094,55.75,56.5,55.5,56.0,20760100
2023-11-08,51.414939880371094,55.75,56.25,55.75,56.0,11428400
2023-11-09,50.72325897216797,55.0,56.0,54.0,55.75,30400000
2023-11-10,51.414939880371094,55.75,57.0,54.0,54.5,42152400
2023-11-13,50.95382308959961,55.25,56.5,55.25,56.5,26617100
2023-11-14,50.95382308959961,55.25,56.0,54.5,55.5,26095200
2023-11-15,52.798301696777344,57.25,57.5,56.25,56.75,35985000
2023-11-16,52.798301696777344,57.25,57.25,56.5,57.0,18210500
2023-11-17,52.337181091308594,56.75,58.0,56.25,57.0,41751800
2023-11-20,51.645503997802734,56.0,56.5,55.5,56.0,24175000
2023-11-21,51.87606430053711,56.25,56.75,55.75,56.0,16757000
2023-11-22,51.645503997802734,56.0,56.25,55.5,56.0,12960900
2023-11-23,50.95382308959961,55.25,55.75,55.0,55.75,20024500
2023-11-24,50.72325897216797,55.0,55.75,54.75,55.25,14486300
2023-11-27,50.492698669433594,54.75,55.25,54.5,54.75,17355300
2023-11-28,50.492698669433594,54.75,55.25,54.5,54.75,26364800
2023-11-29,47.725975036621094,51.75,55.0,51.75,55.0,91922200
2023-11-30,47.95653533935547,52.0,52.25,50.5,51.0,87673300
2023-12-01,49.10934066772461,53.25,53.25,52.0,52.5,27544100
2023-12-04,49.10934066772461,53.25,54.0,53.0,53.0,19917700
2023-12-06,49.10934066772461,53.25,53.75,52.5,53.0,28235400
2023-12-07,49.10934066772461,53.25,53.75,52.75,53.0,27807200
2023-12-08,48.648216247558594,52.75,53.5,52.25,53.25,24100300
2023-12-12,48.648216247558594,52.75,53.0,52.25,52.5,26197200
2023-12-13,47.03429412841797,51.0,52.5,50.75,52.5,46029400
2023-12-14,48.878780364990234,53.0,53.25,51.5,52.0,49423600
2023-12-15,49.80101776123047,54.0,54.75,53.0,53.5,61648100
2023-12-18,49.80101776123047,54.0,54.25,53.0,53.75,18893400
2023-12-19,50.031578063964844,54.25,54.25,53.5,53.5,12378400
2023-12-20,50.72325897216797,55.0,55.25,54.0,54.5,22295300
2023-12-21,50.95382308959961,55.25,55.25,54.5,54.75,17210900
2023-12-22,51.18437957763672,55.5,55.5,55.0,55.25,11899400
2023-12-25,50.95382308959961,55.25,55.5,55.0,55.5,6197300
2023-12-26,51.645503997802734,56.0,56.0,55.25,55.25,12036300
2023-12-27,51.18437957763672,55.5,56.25,55.5,56.0,14253200
2023-12-28,51.645503997802734,56.0,56.5,55.5,55.75,18214900
2024-01-03,51.414939880371094,55.75,56.75,55.5,56.75,17781400
2024-01-04,51.645503997802734,56.0,56.25,55.0,55.5,21277000
2024-01-05,51.18437957763672,55.5,56.25,55.0,55.75,36798200
2024-01-08,50.95382308959961,55.25,55.5,54.5,55.25,21102800
2024-01-09,50.26213836669922,54.5,55.75,54.25,55.5,16519400
2024-01-10,50.031578063964844,54.25,54.75,53.75,54.25,20829200
2024-01-11,50.031578063964844,54.25,55.0,54.0,55.0,17469300
2024-01-12,50.72325897216797,55.0,55.5,54.25,54.25,22902600
2024-01-15,50.492698669433594,54.75,55.5,54.5,55.25,10766100
2024-01-16,49.570457458496094,53.75,54.5,53.5,54.5,26773400
2024-01-17,49.570457458496094,53.75,54.5,53.75,53.75,20634200
2024-01-18,48.878780364990234,53.0,54.0,52.75,53.75,20610400
2024-01-19,49.570457458496094,53.75,53.75,52.75,53.25,21256800
2024-01-22,48.41765594482422,52.5,53.75,52.0,53.5,26749200
2024-01-23,47.725975036621094,51.75,53.5,51.25,52.75,25864000
2024-01-24,48.878780364990234,53.0,53.5,51.5,51.75,30111200
2024-01-25,48.878780364990234,53.0,53.5,52.75,53.0,11816500
2024-01-26,47.95653533935547,52.0,53.5,51.5,53.0,33475000
2024-01-29,48.41765594482422,52.5,52.75,51.75,52.25,13634700
2024-01-30,48.41765594482422,52.5,53.25,52.25,52.75,13147800
2024-01-31,48.18709945678711,52.25,52.5,51.75,52.5,16534200
2024-02-01,48.648216247558594,52.75,53.0,52.0,52.25,13319500
2024-02-02,50.031578063964844,54.25,54.75,53.5,53.5,26391400
2024-02-05,50.26213836669922,54.5,55.0,54.0,54.5,20470400
2024-02-06,51.18437957763672,55.5,55.5,54.5,54.75,22153600
2024-02-07,50.95382308959961,55.25,56.0,55.0,55.5,18686200
2024-02-08,50.492698669433594,54.75,55.25,54.25,55.25,21749800
2024-02-09,50.031578063964844,54.25,54.5,53.75,54.5,12721100
2024-02-12,49.570457458496094,53.75,54.25,53.5,54.25,9872800
2024-02-13,49.570457458496094,53.75,54.5,53.5,54.0,16435700
2024-02-14,49.33989334106445,53.5,54.0,53.0,53.25,15008300
2024-02-15,50.26213836669922,54.5,55.25,53.5,54.0,39570200
2024-02-16,50.72325897216797,55.0,55.25,54.5,54.5,26183700
2024-02-19,50.72325897216797,55.0,55.0,54.5,55.0,8569600
2024-02-20,52.10661697387695,56.5,56.5,54.5,55.25,36362800
2024-02-21,52.56774139404297,57.0,57.0,55.25,56.25,36112500
2024-02-22,52.798301696777344,57.25,57.25,56.25,57.0,23628300
2024-02-23,52.798301696777344,57.25,57.5,56.5,57.25,28610100
2024-02-27,53.95110321044922,58.5,60.0,58.25,58.5,65645500
2024-02-28,53.48998260498047,58.0,58.75,57.75,58.5,20566300
2024-02-29,53.02885818481445,57.5,58.0,57.0,57.5,36135000
2024-03-01,53.02885818481445,57.5,58.0,56.75,56.75,19068400
2024-03-04,51.87606430053711,56.25,57.5,56.0,57.25,21957200
2024-03-05,52.337181091308594,56.75,56.75,55.75,56.0,19269700
2024-03-06,53.02885818481445,57.5,58.0,56.75,57.0,20909700
2024-03-07,53.720542907714844,58.25,58.25,57.5,58.0,18626900
2024-03-08,53.259422302246094,57.75,58.25,57.25,58.0,24228100
2024-03-11,52.337181091308594,56.75,57.75,56.5,57.5,18022700
2024-03-12,52.337181091308594,56.75,56.75,56.75,56.75,0
2024-03-13,53.02885818481445,57.5,57.75,56.5,56.75,16659300
2024-03-14,52.798301696777344,57.25,57.75,57.25,57.5,27745600
2024-03-15,52.798301696777344,57.25,57.25,57.25,57.25,0
2024-03-18,51.87606430053711,56.25,57.25,56.0,56.5,35737900
2024-03-19,51.87606430053711,56.25,56.75,56.0,56.25,22505300
2024-03-20,51.87606430053711,56.25,56.25,56.25,56.25,0
2024-03-21,50.492698669433594,54.75,56.25,54.25,56.0,58281300
2024-03-22,50.492698669433594,54.75,54.75,54.75,54.75,0
2024-03-25,50.26213836669922,54.5,54.75,53.75,54.25,23537700
2024-03-26,50.26213836669922,54.5,54.5,54.5,54.5,0
2024-03-27,50.492698669433594,54.75,55.0,54.5,54.75,6185100
2024-03-28,50.492698669433594,54.75,54.75,54.75,54.75,0
2024-03-29,50.492698669433594,54.75,54.75,54.25,54.5,3936700
2024-04-01,50.26213836669922,54.5,54.75,54.25,54.75,22013700
2024-04-02,49.80101776123047,54.0,54.5,53.5,54.5,30159800
2024-04-03,50.72325897216797,55.0,55.75,53.75,54.0,46499300
2024-04-04,51.18437957763672,55.5,55.75,54.75,55.25,25481600
2024-04-05,51.645503997802734,56.0,56.0,55.0,55.25,13944300
2024-04-09,51.87606430053711,56.25,56.75,55.5,55.75,35305100
2024-04-10,52.798301696777344,57.25,57.5,55.75,56.25,38517900
2024-04-11,52.56774139404297,57.0,57.75,56.5,57.25,23522900
2024-04-17,52.56774139404297,57.0,57.0,57.0,57.0,0
2024-04-18,52.56774139404297,57.0,57.0,57.0,57.0,0
2024-04-19,52.56774139404297,57.0,57.0,57.0,57.0,0
2024-04-22,51.18437957763672,55.5,55.5,54.5,55.25,22770500
2024-04-23,52.337181091308594,56.75,57.0,55.5,55.75,32680000
2024-04-24,52.56774139404297,57.0,57.5,56.75,57.25,25777100
2024-04-25,53.259422302246094,57.75,58.0,56.75,57.25,31857300
2024-04-26,52.337181091308594,56.75,57.75,56.75,57.75,27113700
2024-04-29,52.337181091308594,56.75,57.25,56.5,57.25,18111900
2024-04-30,52.337181091308594,56.75,56.75,56.75,56.75,0
2024-05-02,54.181663513183594,58.75,58.75,57.0,57.5,22967800
2024-05-03,53.720542907714844,58.25,59.0,57.5,58.75,20901400
2024-05-07,54.65889358520508,58.25,58.25,58.25,58.25,0
2024-05-08,53.95513153076172,57.5,58.5,57.5,58.25,25614900
2024-05-09,54.65889358520508,58.25,58.25,57.25,57.75,15193800
2024-05-10,55.36265563964844,59.0,59.25,57.5,58.25,42574700
2024-05-13,56.770179748535156,60.5,61.0,59.75,60.5,80309500
2024-05-14,57.239356994628906,61.0,61.0,60.25,60.75,26212200
2024-05-15,57.239356994628906,61.0,61.0,61.0,61.0,0
2024-05-16,57.239356994628906,61.0,61.0,61.0,61.0,0
2024-05-17,55.36265563964844,59.0,59.5,58.25,59.0,31664700
2024-05-20,55.36265563964844,59.0,59.0,59.0,59.0,0
2024-05-21,55.59724426269531,59.25,59.25,58.25,58.5,26702200
2024-05-23,55.12807083129883,58.75,59.5,58.25,59.25,29154000
2024-05-24,55.12807083129883,58.75,58.75,58.75,58.75,0
2024-05-27,54.89348220825195,58.5,59.0,58.25,58.75,8315100
2024-05-28,54.65889358520508,58.25,58.5,58.0,58.5,10816700
2024-05-29,53.25136947631836,56.75,58.0,56.75,58.0,37750900
2024-05-30,53.25136947631836,56.75,56.75,56.75,56.75,0
2024-05-31,53.25136947631836,56.75,56.75,56.75,56.75,0
2024-06-04,53.720542907714844,57.25,58.25,57.25,57.75,24443500
2024-06-05,53.720542907714844,57.25,57.25,57.25,57.25,0
2024-06-06,54.42430877685547,58.0,59.0,57.75,58.75,19487100
2024-06-07,54.42430877685547,58.0,58.0,58.0,58.0,0
2024-06-10,53.95513153076172,57.5,58.0,57.25,57.75,21005400
2024-06-11,53.485958099365234,57.0,57.5,56.5,57.25,23985700
2024-06-12,53.25136947631836,56.75,57.75,56.75,57.0,25522800
2024-06-13,52.547603607177734,56.0,57.0,55.5,56.75,24561300
2024-06-14,52.547603607177734,56.0,56.25,55.5,55.75,11045800
2024-06-17,52.31301498413086,55.75,56.25,55.25,56.0,16051200
2024-06-18,51.843841552734375,55.25,56.25,55.25,56.0,19826400
2024-06-19,51.843841552734375,55.25,55.25,55.25,55.25,0
2024-06-20,50.90549087524414,54.25,55.5,54.0,55.0,38488300
2024-06-21,51.140079498291016,54.5,54.75,53.25,54.0,47494500
2024-06-24,51.140079498291016,54.5,54.5,54.5,54.5,0
2024-06-25,51.140079498291016,54.5,54.5,54.5,54.5,0
2024-06-26,51.140079498291016,54.5,54.5,54.5,54.5,0
2024-06-27,52.31301498413086,55.75,56.0,55.5,55.75,18512700
2024-06-28,51.6092529296875,55.0,56.0,55.0,55.5,27646686
2024-07-01,51.6092529296875,55.0,55.0,55.0,55.0,0
2024-07-02,51.6092529296875,55.0,55.5,55.0,55.5,17627800
2024-07-03,51.843841552734375,55.25,55.25,54.75,55.25,13494300
2024-07-04,51.37466812133789,54.75,56.0,54.75,55.5,25415300
2024-07-05,52.07843017578125,55.5,55.5,54.75,55.0,10248900
2024-07-08,53.016780853271484,56.5,56.5,55.25,55.5,24459500
2024-07-09,53.016780853271484,56.5,56.5,56.5,56.5,0
2024-07-10,53.95513153076172,57.5,58.25,57.25,57.5,30547400
2024-07-11,54.189720153808594,57.75,58.25,57.25,57.75,24540100
2024-07-12,54.189720153808594,57.75,57.75,57.75,57.75,0
2024-07-15,54.189720153808594,57.75,57.75,57.75,57.75,0
2024-07-16,53.25136947631836,56.75,57.25,56.5,57.0,13958400
2024-07-17,53.25136947631836,56.75,56.75,56.75,56.75,0
2024-07-18,53.95513153076172,57.5,58.0,56.75,57.0,19121100
2024-07-19,53.485958099365234,57.0,57.5,57.0,57.25,14006200
2024-07-23,53.25136947631836,56.75,57.25,56.5,57.0,18599400
2024-07-24,52.547603607177734,56.0,57.0,55.25,57.0,24853600
2024-07-25,53.485958099365234,57.0,57.5,55.75,56.0,30670000
2024-07-26,53.25136947631836,56.75,57.0,56.5,56.75,19356300
2024-07-30,53.25136947631836,56.75,56.75,56.75,56.75,0
2024-07-31,54.65889358520508,58.25,58.5,56.5,56.5,51228100
2024-08-01,54.42430877685547,58.0,58.25,57.25,58.0,25947900
2024-08-02,54.42430877685547,58.0,58.0,58.0,58.0,0
2024-08-05,53.016780853271484,56.5,57.0,55.75,56.75,40784100
2024-08-06,53.485958099365234,57.0,57.25,56.5,57.0,24835600
2024-08-07,53.485958099365234,57.0,57.5,56.75,57.0,16722700
2024-08-08,53.485958099365234,57.0,57.0,57.0,57.0,0
2024-08-09,54.189720153808594,57.75,58.5,57.5,57.75,24131300
2024-08-13,54.42430877685547,58.0,58.25,57.25,58.0,26642800
2024-08-14,51.843841552734375,55.25,58.25,53.5,57.75,118715100
2024-08-15,51.843841552734375,55.25,55.25,55.25,55.25,0
2024-08-16,52.31301498413086,55.75,56.5,55.5,56.5,24936500
2024-08-19,53.485958099365234,57.0,57.0,55.75,56.0,27836400
2024-08-20,55.36265563964844,59.0,59.5,57.25,57.5,75135900
2024-08-21,55.59724426269531,59.25,60.0,58.5,58.75,28536000
2024-08-22,55.59724426269531,59.25,59.25,59.25,59.25,0
2024-08-23,56.30100631713867,60.0,60.0,59.25,59.75,25772300
2024-08-26,56.30100631713867,60.0,60.0,60.0,60.0,0
2024-08-27,56.0664176940918,59.75,60.0,59.0,59.75,24253700
2024-08-28,56.53559494018555,60.25,60.25,59.25,59.5,12272900
2024-08-29,56.0664176940918,59.75,60.5,59.5,60.25,13107200
2024-08-30,56.770179748535156,60.5,60.5,59.75,60.0,28982400
2024-09-02,56.770179748535156,60.5,60.5,60.5,60.5,0
2024-09-03,56.770179748535156,60.5,60.5,60.5,60.5,0
2024-09-04,56.770179748535156,60.5,60.5,60.5,60.5,0
2024-09-05,59.58523178100586,63.5,63.5,60.5,60.75,66487500
2024-09-06,61.22734069824219,65.25,65.5,63.75,63.75,80784400
2024-09-09,61.22734069824219,65.25,65.25,65.25,65.25,0
2024-09-10,61.69651794433594,65.75,66.25,64.75,65.5,34821700
2024-09-11,60.7581672668457,64.75,65.75,63.75,65.5,41146600
2024-09-12,60.52357864379883,64.5,65.5,64.5,65.25,25292500
2024-09-13,60.7581672668457,64.75,65.25,64.5,64.75,17937000
2024-09-16,60.7581672668457,64.75,64.75,64.75,64.75,0
2024-09-17,60.7581672668457,64.75,64.75,64.75,64.75,0
2024-09-18,60.7581672668457,64.75,64.75,64.75,64.75,0
2024-09-19,60.7581672668457,64.75,64.75,64.75,64.75,0
2024-09-20,60.99275588989258,65.0,65.75,64.75,65.0,38752100
2024-09-23,61.46192932128906,65.5,66.0,65.0,65.25,19551300
2024-09-24,61.69651794433594,65.75,66.0,64.5,65.75,42767700
2024-09-25,61.93110656738281,66.0,67.0,65.75,66.0,33952000
2024-09-26,61.93110656738281,66.0,66.5,65.5,66.25,21446600
2024-09-27,61.93110656738281,66.0,66.0,66.0,66.0,0
2024-09-30,61.46192932128906,65.5,66.5,65.25,65.5,31635500
2024-10-01,61.46192932128906,65.5,66.0,65.25,65.25,35332500
2024-10-02,61.22734069824219,65.25,65.75,65.0,65.25,20978000
2024-10-03,60.7581672668457,64.75,65.5,64.5,65.0,34519800
2024-10-04,60.7581672668457,64.75,64.75,64.75,64.75,0
2024-10-07,60.99275588989258,65.0,65.25,64.0,64.25,29026500
2024-10-08,61.22734069824219,65.25,65.75,64.5,64.75,32179800
2024-10-09,61.46192932128906,65.5,66.25,65.25,65.25,21203400
2024-10-10,61.93110656738281,66.0,66.5,65.25,65.75,24031700
2024-10-11,61.22734069824219,65.25,66.5,65.0,66.25,28520300
2024-10-15,60.52357864379883,64.5,65.5,64.5,65.0,32285300
2024-10-16,60.52357864379883,64.5,64.5,64.5,64.5,0
2024-10-17,61.69651794433594,65.75,66.25,65.5,66.0,25191300
2024-10-18,63.3386344909668,67.5,68.0,65.5,65.5,48906000
2024-10-21,62.86945724487305,67.0,67.5,66.5,67.5,20436900
2024-10-22,62.86945724487305,67.0,67.0,67.0,67.0,0
2024-10-24,60.28899383544922,64.25,66.0,64.25,66.0,26455900
2024-10-25,60.28899383544922,64.25,64.25,64.25,64.25,0
2024-10-28,60.28899383544922,64.25,64.75,64.0,64.75,11804200
2024-10-29,60.28899383544922,64.25,64.25,64.25,64.25,0
2024-10-30,59.81981658935547,63.75,64.5,63.5,63.75,20735200
2024-10-31,59.350643157958984,63.25,64.25,63.25,63.5,19650800
2024-11-01,59.58523178100586,63.5,63.75,62.5,63.25,18000900
2024-11-04,60.52357864379883,64.5,65.0,63.75,63.75,15153700
2024-11-05,60.99275588989258,65.0,65.25,64.0,64.5,15404800
2024-11-06,59.81981658935547,63.75,65.25,63.75,65.25,22651600
2024-11-07,59.81981658935547,63.75,64.25,63.5,63.75,15104000
2024-11-08,60.054405212402344,64.0,64.25,63.5,64.25,21314900
2024-11-11,59.350643157958984,63.25,64.5,63.25,64.25,31637100
2024-11-12,59.11605453491211,63.0,63.5,62.5,63.25,28186700
2024-11-13,59.11605453491211,63.0,63.75,62.5,63.0,28628000
2024-11-14,60.52357864379883,64.5,64.75,62.75,63.25,42198800
2024-11-15,59.81981658935547,63.75,65.0,63.25,65.0,36710700
2024-11-18,59.350643157958984,63.25,64.5,63.0,64.25,17277600
2024-11-19,59.81981658935547,63.75,64.5,63.5,63.5,20465700
2024-11-20,59.350643157958984,63.25,64.0,63.0,63.75,11038900
2024-11-21,60.054405212402344,64.0,64.0,63.25,63.5,18605600
2024-11-22,59.350643157958984,63.25,64.25,63.0,64.0,24996200
2024-11-25,59.350643157958984,63.25,63.75,63.0,63.5,25268300
2024-11-26,58.41229248046875,62.25,63.25,62.25,63.25,15438300
2024-11-27,57.943119049072266,61.75,62.25,61.25,62.0,24459000
2024-11-28,57.943119049072266,61.75,62.5,61.0,61.75,26300200
2024-11-29,57.473941802978516,61.25,62.5,61.25,61.75,25804300
2024-12-02,58.41229248046875,62.25,62.5,61.0,61.5,23645100
2024-12-03,59.81981658935547,63.75,64.0,62.5,63.0,26242900
2024-12-04,60.054405212402344,64.0,64.0,63.25,63.5,14810900
2024-12-06,59.11605453491211,63.0,63.75,62.75,63.25,32590300
2024-12-09,58.8814697265625,62.75,63.25,62.5,62.75,17791200
2024-12-11,59.11605453491211,63.0,63.5,62.25,62.25,17455000
2024-12-12,58.41229248046875,62.25,63.0,62.25,63.0,16440600
2024-12-13,58.646881103515625,62.5,63.0,62.0,62.25,14931900
2024-12-16,55.36265563964844,59.0,60.0,57.0,57.0,111029200
2024-12-17,52.78219223022461,56.25,57.75,56.0,57.25,122917800
2024-12-18,53.016780853271484,56.5,57.5,55.25,57.0,79686100
2024-12-19,51.140079498291016,54.5,56.25,54.25,55.5,57122900
2024-12-20,50.20172882080078,53.5,54.5,53.0,54.0,70372000
2024-12-23,52.07843017578125,55.5,55.5,54.25,54.25,46327300
2024-12-24,53.25136947631836,56.75,57.25,56.0,56.0,38345200
2024-12-25,53.485958099365234,57.0,57.5,56.25,57.0,23858700
2024-12-26,53.016780853271484,56.5,57.25,56.25,56.75,18961800
2024-12-27,52.78219223022461,56.25,57.0,56.0,56.75,21932400
2024-12-30,52.31301498413086,55.75,56.5,55.5,56.25,21892800
2025-01-02,52.31301498413086,55.75,56.5,55.5,55.5,23841500
2025-01-03,52.78219223022461,56.25,56.25,55.5,56.0,16395300
2025-01-06,52.31301498413086,55.75,56.5,55.5,56.25,16905400
2025-01-07,52.78219223022461,56.25,56.5,55.5,55.75,25178000
2025-01-08,52.547603607177734,56.0,56.75,55.75,56.25,18858400
2025-01-09,51.843841552734375,55.25,56.0,55.0,56.0,25134400
2025-01-10,52.07843017578125,55.5,55.75,54.5,55.25,30537600
2025-01-13,51.140079498291016,54.5,55.0,54.25,55.0,18255700
2025-01-14,51.140079498291016,54.5,55.25,54.25,54.75,29332200
2025-01-15,52.31301498413086,55.75,55.75,54.0,54.5,36274000
2025-01-16,52.547603607177734,56.0,56.5,55.75,56.25,27363700
2025-01-17,52.07843017578125,55.5,57.0,55.5,56.0,34706700
2025-01-20,52.78219223022461,56.25,56.5,55.5,55.75,17376500
2025-01-21,53.25136947631836,56.75,57.5,56.5,56.75,26376300
2025-01-22,52.31301498413086,55.75,57.0,55.5,56.75,32096000
2025-01-23,51.843841552734375,55.25,56.0,55.0,55.75,19348900
2025-01-24,52.07843017578125,55.5,55.5,54.75,55.5,17609800
2025-01-27,52.31301498413086,55.75,56.0,55.25,55.5,18765800
2025-01-28,53.25136947631836,56.75,56.75,55.5,55.75,43459800
2025-01-29,53.016780853271484,56.5,57.0,56.25,57.0,10813000
2025-01-30,53.016780853271484,56.5,57.25,56.5,56.5,15045800
2025-01-31,48.79420471191406,52.0,55.5,51.25,55.25,183484900
2025-02-03,49.26337814331055,52.5,52.75,47.25,49.0,98109600
2025-02-04,48.55961608886719,51.75,52.5,51.25,52.5,93833200
2025-02-05,46.91750717163086,50.0,51.75,49.25,51.5,100278100
2025-02-06,44.571632385253906,47.5,50.0,46.75,49.5,154219900
2025-02-07,46.91750717163086,50.0,50.25,47.25,48.0,130291100
2025-02-10,46.91750717163086,50.0,50.5,49.0,49.5,39580100
2025-02-11,47.62126922607422,50.75,51.25,49.25,49.5,45160200
2025-02-13,46.682918548583984,49.75,51.75,49.75,51.75,42251400
2025-02-14,46.682918548583984,49.75,50.5,49.5,50.0,35210800
2025-02-17,47.15209197998047,50.25,50.5,49.5,50.5,40735100
2025-02-18,48.55961608886719,51.75,52.0,50.25,50.25,37196100
2025-02-19,48.0904426574707,51.25,52.0,51.0,51.5,40399600
2025-02-20,49.02879333496094,52.25,52.25,50.75,51.0,33778200
2025-02-21,48.79420471191406,52.0,52.5,51.25,52.25,42545300
2025-02-24,48.55961608886719,51.75,52.0,51.25,51.75,24024000
2025-02-25,46.213741302490234,49.25,51.25,48.75,51.0,68032400
2025-02-26,50.90549087524414,54.25,54.5,50.75,51.0,118774200
2025-02-27,49.02879333496094,52.25,56.5,52.25,56.25,130070100
2025-02-28,50.670902252197266,54.0,54.0,51.5,51.75,85011000
2025-03-03,49.26337814331055,52.5,53.75,52.5,53.5,34937000
2025-03-04,49.26337814331055,52.5,53.5,52.5,52.5,26012100
2025-03-05,49.26337814331055,52.5,53.0,51.75,53.0,35801000
2025-03-06,48.55961608886719,51.75,53.25,51.5,52.75,41673600
2025-03-07,48.79420471191406,52.0,52.0,51.0,51.5,34458600
2025-03-10,47.386680603027344,50.5,52.0,50.25,51.75,30596100
2025-03-11,48.32503128051758,51.5,51.5,49.75,50.0,39771300
2025-03-12,47.62126922607422,50.75,51.5,50.0,51.5,27690800
2025-03-13,46.213741302490234,49.25,50.75,49.25,50.75,36946600
2025-03-14,46.91750717163086,50.0,50.5,49.25,49.5,33575500
2025-03-17,46.213741302490234,49.25,50.5,49.25,50.25,17540900
2025-03-18,47.386680603027344,50.5,50.5,49.5,49.75,28761800
2025-03-19,48.0904426574707,51.25,52.0,50.25,50.75,35868800
2025-03-20,47.62126922607422,50.75,52.0,50.75,51.75,20212900
2025-03-21,47.15209197998047,50.25,51.5,50.25,50.75,29191800
2025-03-24,48.0904426574707,51.25,51.25,50.0,50.25,16333300
2025-03-25,46.91750717163086,50.0,51.0,49.75,51.0,30016400
2025-03-26,46.91750717163086,50.0,51.0,49.75,49.75,11563600
2025-03-27,46.91750717163086,50.0,50.5,50.0,50.25,21604300
2025-03-28,46.91750717163086,50.0,50.5,49.5,50.25,15295000
2025-03-31,46.44832992553711,49.5,50.25,49.25,49.75,21647300
2025-04-01,46.91750717163086,50.0,50.5,49.5,49.75,16318600
2025-04-02,47.62126922607422,50.75,51.0,49.75,50.0,22542900
2025-04-03,47.85585403442383,51.0,51.0,50.25,50.5,19311900
2025-04-04,46.682918548583984,49.75,51.0,49.75,51.0,19966100
2025-04-08,44.806217193603516,47.75,49.0,46.75,48.5,48793400
2025-04-09,47.15209197998047,50.25,50.5,47.75,48.0,37115100
2025-04-10,47.15209197998047,50.25,52.0,50.25,51.75,35618500
2025-04-11,47.85585403442383,51.0,51.5,49.75,50.25,24527500
2025-04-16,46.91750717163086,50.0,50.75,49.0,50.5,53038700
2025-04-17,46.682918548583984,49.75,50.25,49.5,50.25,20908900
2025-04-18,46.91750717163086,50.0,50.25,49.75,49.75,13720200
2025-04-21,46.682918548583984,49.75,51.25,49.5,50.25,40159800
2025-04-22,47.62126922607422,50.75,51.0,49.0,49.5,36751900
2025-04-23,47.15209197998047,50.25,51.25,50.0,51.0,23259900
2025-04-24,46.682918548583984,49.75,50.25,49.5,50.0,31446400
2025-04-25,47.15209197998047,50.25,50.75,49.75,50.0,16924700
2025-04-28,46.91750717163086,50.0,50.5,49.5,50.0,20946600
2025-04-29,47.15209197998047,50.25,50.5,49.5,50.0,18485300
2025-04-30,48.32503128051758,51.5,51.75,50.0,50.25,46738000
2025-05-02,48.0904426574707,51.25,52.5,51.25,51.75,37341500
2025-05-06,48.90961837768555,50.75,51.25,50.25,50.25,26279800
2025-05-07,50.355220794677734,52.25,52.75,50.75,51.0,48489700
2025-05-08,50.83708953857422,52.75,53.25,52.25,53.0,39173900
2025-05-09,50.355220794677734,52.25,52.75,51.5,52.75,31320400
2025-05-13,49.63241958618164,51.5,53.0,51.5,52.5,26435700
2025-05-14,49.150550842285156,51.0,53.0,50.75,52.5,76011200
2025-05-15,49.87335205078125,51.75,52.25,50.75,51.25,41757000
2025-05-16,49.150550842285156,51.0,52.0,50.75,51.75,35061800
2025-05-19,48.66868209838867,50.5,51.25,50.25,51.0,31109400
2025-05-20,48.90961837768555,50.75,51.25,50.5,50.5,24922000
2025-05-21,46.7412109375,48.5,51.0,48.5,51.0,52716800
2025-05-22,47.223079681396484,49.0,50.0,49.0,49.5,36483200
2025-05-23,46.018409729003906,47.75,49.25,47.5,49.25,41833900
2025-05-26,46.018409729003906,47.75,48.0,47.0,48.0,32046900
2025-05-27,45.77747344970703,47.5,47.75,47.25,47.5,20773700
2025-05-28,46.500274658203125,48.25,48.75,47.25,47.5,35046300
2025-05-29,45.77747344970703,47.5,49.0,47.5,48.75,25280800
2025-05-30,45.29560470581055,47.0,47.75,47.0,47.25,90856800
2025-06-04,46.500274658203125,48.25,48.25,46.25,47.25,53577200
2025-06-05,46.259342193603516,48.0,48.75,47.75,48.25,25580700
2025-06-06,45.77747344970703,47.5,48.0,47.0,48.0,19597100
2025-06-09,45.53654098510742,47.25,47.75,47.0,47.75,21007300
2025-06-10,45.53654098510742,47.25,48.0,47.25,47.25,13746100
2025-06-11,45.29560470581055,47.0,47.5,46.75,47.5,20430900
2025-06-12,45.05467224121094,46.75,47.5,46.5,47.0,17719800
2025-06-13,43.368133544921875,45.0,46.0,45.0,45.75,30013500
2025-06-16,43.368133544921875,45.0,45.5,43.75,45.0,39982800
2025-06-17,43.368133544921875,45.0,45.75,44.5,45.0,24532000
2025-06-18,42.88626480102539,44.5,45.5,44.5,44.75,16082100
2025-06-19,40.95879364013672,42.5,43.75,42.25,43.5,70571900
2025-06-20,40.95879364013672,42.5,43.5,42.5,42.5,53419000
2025-06-23,41.68159484863281,43.25,43.5,41.5,42.0,34994900
2025-06-24,43.368133544921875,45.0,45.0,43.5,44.25,46331200
2025-06-25,43.127201080322266,44.75,45.0,43.75,44.75,26840900
2025-06-26,42.88626480102539,44.5,44.75,44.25,44.25,16029500
2025-06-27,41.92252731323242,43.5,44.5,43.25,44.25,24425800
2025-06-30,42.404396057128906,44.0,44.5,43.75,43.75,25820000
2025-07-01,42.88626480102539,44.5,44.75,43.25,43.75,23024100
2025-07-02,43.127201080322266,44.75,45.0,43.75,44.25,21224700
2025-07-03,43.368133544921875,45.0,45.25,44.25,44.75,24300200
2025-07-04,43.127201080322266,44.75,45.25,44.25,45.0,18512000
2025-07-07,43.85000228881836,45.5,45.5,44.5,45.0,16708100
2025-07-08,43.609066009521484,45.25,45.75,44.75,45.25,27051300
2025-07-09,42.88626480102539,44.5,45.25,44.25,45.25,30588900
2025-07-11,42.88626480102539,44.5,45.5,44.5,45.0,45796500
2025-07-14,43.127201080322266,44.75,45.0,43.75,44.5,33122200
2025-07-15,44.331871032714844,46.0,46.25,44.5,44.75,39702000
2025-07-16,44.57280349731445,46.25,46.5,44.75,45.5,49254200
2025-07-17,44.81373596191406,46.5,47.0,45.75,46.75,56582600
2025-07-18,45.77747344970703,47.5,47.75,46.5,46.75,42663800
2025-07-21,46.500274658203125,48.25,48.25,47.25,47.75,41271500
2025-07-22,45.05467224121094,46.75,48.0,46.75,47.75,99378800
2025-07-23,46.259342193603516,48.0,48.25,47.0,47.5,44657300
2025-07-24,45.05467224121094,46.75,48.5,46.75,47.75,44012400
2025-07-25,44.81373596191406,46.5,46.75,46.0,46.25,23721400
2025-07-29,45.53654098510742,47.25,47.5,46.0,47.0,44982000
2025-07-30,46.018409729003906,47.75,47.75,46.75,47.0,34245500
2025-07-31,45.53654098510742,47.25,47.75,47.0,47.5,32238800
2025-08-01,43.127201080322266,44.75,47.5,44.75,47.5,60777000
2025-08-04,44.09093475341797,45.75,46.0,44.75,45.0,41204500
2025-08-05,44.57280349731445,46.25,47.0,45.25,45.75,49269900
2025-08-06,45.29560470581055,47.0,47.75,46.5,46.5,37198800
2025-08-07,45.77747344970703,47.5,48.25,47.0,47.25,40538800
2025-08-08,44.57280349731445,46.25,47.25,45.75,47.0,44639500
2025-08-13,44.331871032714844,46.0,46.5,45.75,46.5,44996200
2025-08-14,44.57280349731445,46.25,46.75,46.0,46.25,48119800
2025-08-15,44.331871032714844,46.0,46.5,45.5,46.25,24903000
2025-08-18,43.609066009521484,45.25,46.25,45.25,46.0,32079700
2025-08-19,43.127201080322266,44.75,46.0,44.75,45.25,35138000
2025-08-20,43.85000228881836,45.5,45.75,44.75,44.75,33183700
2025-08-21,43.609066009521484,45.25,45.75,45.0,45.75,29608400
2025-08-22,43.368133544921875,45.0,45.5,45.0,45.25,17569300
2025-08-25,44.09093475341797,45.75,46.0,45.25,45.5,24054800
2025-08-26,43.368133544921875,45.0,45.75,45.0,45.75,37682500
2025-08-27,43.127201080322266,44.75,45.25,44.5,45.0,19633400
2025-08-28,42.88626480102539,44.5,45.0,44.25,44.75,28708500
2025-08-29,42.404396057128906,44.0,44.75,44.0,44.25,54160500
2025-09-01,43.368133544921875,45.0,45.5,43.5,43.5,48020500
2025-09-02,43.85000228881836,45.5,45.75,44.75,45.25,16772400
2025-09-03,45.29560470581055,47.0,47.25,45.5,45.5,60995100
2025-09-04,45.05467224121094,46.75,47.75,46.5,47.25,36017900
2025-09-05,45.77747344970703,47.5,47.75,46.75,47.0,28688200
2025-09-08,46.500274658203125,48.25,49.25,48.0,48.5,65418800
2025-09-09,46.500274658203125,48.25,48.75,47.75,48.5,27623300
2025-09-10,46.018409729003906,47.75,48.5,47.5,48.25,18633000
2025-09-11,46.018409729003906,47.75,48.25,47.5,47.5,32739400
2025-09-12,46.500274658203125,48.25,48.75,48.0,48.25,30195200
2025-09-15,46.259342193603516,48.0,48.25,47.75,48.25,10411200
2025-09-16,47.70494842529297,49.5,49.5,48.25,48.25,43925800
2025-09-17,46.98214340209961,48.75,49.25,48.5,49.25,37353400
2025-09-18,46.98214340209961,48.75,49.0,48.0,49.0,19630200
2025-09-19,46.259342193603516,48.0,49.0,48.0,48.75,22732600
2025-09-22,46.018409729003906,47.75,48.25,47.75,48.0,9053500
2025-09-23,44.57280349731445,46.25,47.75,46.25,47.75,32620800
2025-09-24,46.018409729003906,47.75,48.25,46.5,46.5,24151000
2025-09-25,46.018409729003906,47.75,48.0,47.25,47.5,23513900
2025-09-26,46.018409729003906,47.75,48.0,47.25,47.5,11279200
2025-09-29,46.259342193603516,48.0,48.5,47.5,47.75,20611500
2025-09-30,45.53654098510742,47.25,48.25,47.25,48.0,27426400
2025-10-01,45.53654098510742,47.25,47.75,47.0,47.5,13043800
2025-10-02,46.259342193603516,48.0,48.25,47.5,47.5,16539200
2025-10-03,46.259342193603516,48.0,48.0,47.5,48.0,8534500
2025-10-06,46.018409729003906,47.75,48.25,47.5,48.0,15062100
2025-10-07,46.018409729003906,47.75,47.75,47.75,47.75,0
2025-10-08,46.500274658203125,48.25,48.75,48.0,48.25,24579700
2025-10-09,46.7412109375,48.5,48.75,48.0,48.25,15189700
2025-10-10,46.259342193603516,48.0,48.5,47.75,48.5,17192400
2025-10-14,45.05467224121094,46.75,48.25,46.75,48.0,21091800
2025-10-15,45.53654098510742,47.25,48.0,47.0,47.25,13880700
2025-10-16,46.018409729003906,47.75,48.0,47.5,47.5,8060900
2025-10-17,45.53654098510742,47.25,47.75,47.0,47.5,20230900
2025-10-20,45.77747344970703,47.5,48.0,47.25,47.75,17979700
2025-10-21,45.77747344970703,47.5,48.25,47.5,47.75,18293700
2025-10-22,46.018409729003906,47.75,48.25,47.5,47.5,31267100
2025-10-24,46.500274658203125,48.25,48.5,47.75,47.75,32788900
2025-10-27,45.05467224121094,46.75,48.5,46.75,48.25,39328700
2025-10-28,45.05467224121094,46.75,47.0,46.0,47.0,39544700
2025-10-29,44.331871032714844,46.0,47.0,46.0,46.75,19741400
2025-10-30,44.57280349731445,46.25,46.5,45.75,45.75,25454700
2025-10-31,44.331871032714844,46.0,46.25,45.75,46.0,21320000
2025-11-03,44.57280349731445,46.25,46.5,46.0,46.25,23457300
2025-11-04,44.09093475341797,45.75,46.5,45.75,46.0,23645700
2025-11-05,43.368133544921875,45.0,45.75,44.75,45.75,17057600
2025-11-06,43.368133544921875,45.0,45.5,44.5,45.5,20165600
2025-11-07,43.368133544921875,45.0,45.5,44.75,45.0,17608000
2025-11-10,43.85000228881836,45.5,46.0,45.0,45.0,16407400
2025-11-11,43.368133544921875,45.0,45.75,45.0,45.5,29289000
2025-11-12,41.92252731323242,43.5,44.75,43.25,44.75,55202100
2025-11-13,43.127201080322266,44.75,44.75,43.75,44.25,33731000
2025-11-14,42.64533233642578,44.25,45.0,44.25,44.5,20862300
2025-11-17,42.88626480102539,44.5,45.0,44.0,44.25,21176300
2025-11-18,42.404396057128906,44.0,44.5,44.0,44.25,15497600
2025-11-19,42.1634635925293,43.75,44.25,43.5,44.25,15426700
2025-11-20,42.404396057128906,44.0,45.0,43.5,43.75,32517700
2025-11-21,41.4406623840332,43.0,44.0,43.0,43.75,26733300
2025-11-24,41.68159484863281,43.25,44.0,43.25,43.25,33831500
2025-11-25,42.64533233642578,44.25,44.5,43.5,43.5,23041300
2025-11-26,42.404396057128906,44.0,44.75,43.5,44.5,29721200
2025-11-27,41.92252731323242,43.5,44.0,43.5,43.75,14759100
2025-11-28,41.68159484863281,43.25,44.0,43.0,43.75,14468200
2025-12-01,42.404396057128906,44.0,44.0,43.0,43.25,27183800
2025-12-02,42.64533233642578,44.25,44.25,43.75,43.75,12525200
2025-12-03,42.1634635925293,43.75,44.5,43.5,44.5,29696100
2025-12-04,41.4406623840332,43.0,43.75,43.0,43.5,16567300
2025-12-08,41.68159484863281,43.25,43.75,43.0,43.25,18537400
2025-12-09,41.68159484863281,43.25,43.5,43.0,43.25,12251200
2025-12-11,41.68159484863281,43.25,43.5,43.0,43.5,11326200
2025-12-12,42.404396057128906,44.0,44.25,43.25,43.5,23413500
2025-12-15,43.127201080322266,44.75,44.75,43.75,44.0,19570500
2025-12-16,42.404396057128906,44.0,45.0,44.0,45.0,15743900
2025-12-17,42.64533233642578,44.25,44.75,44.0,44.0,12979600
2025-12-18,41.92252731323242,43.5,44.75,43.5,44.5,18661600
2025-12-19,42.404396057128906,44.0,44.25,43.5,43.5,22690100
2025-12-22,42.88626480102539,44.5,44.75,44.0,44.25,16995500
2025-12-23,43.609066009521484,45.25,45.5,45.0,45.0,11881000
2025-12-24,43.609066009521484,45.25,45.25,44.5,45.0,12128800
2025-12-25,43.368133544921875,45.0,45.25,44.75,45.0,3905400
2025-12-26,43.127201080322266,44.75,45.0,44.5,45.0,3988400
2025-12-29,42.1634635925293,43.75,44.75,43.25,44.5,26725900
2025-12-30,41.92252731323242,43.5,43.75,42.75,43.5,30133300
2026-01-05,41.68159484863281,43.25,43.75,43.0,43.5,27331200
2026-01-06,41.92252731323242,43.5,44.0,43.25,43.5,30563300
2026-01-07,41.92252731323242,43.5,43.75,43.25,43.5,14090800
2026-01-08,41.4406623840332,43.0,43.5,42.75,43.25,22304800
2026-01-09,41.19972610473633,42.75,43.25,42.75,43.0,16565800
2026-01-12,40.23598861694336,41.75,42.75,41.5,42.75,38646600
2026-01-13,39.513187408447266,41.0,42.0,40.5,42.0,38009400
2026-01-14,39.99505615234375,41.5,41.75,40.5,40.75,18511300
2026-01-15,40.717857360839844,42.25,42.5,41.25,41.5,31545100
2026-01-16,40.95879364013672,42.5,42.5,41.5,42.25,36114700
2026-01-19,41.92252731323242,43.5,43.75,42.25,42.5,59861400
2026-01-20,42.64533233642578,44.25,44.75,43.5,43.75,44495300
2026-01-21,42.88626480102539,44.5,45.0,44.25,45.0,21316800
2026-01-22,41.4406623840332,43.0,44.5,43.0,44.25,44832700
2026-01-23,41.19972610473633,42.75,43.0,42.25,42.75,37383300
2026-01-26,41.19972610473633,42.75,43.0,42.25,42.5,21147200
2026-01-27,41.68159484863281,43.25,43.5,42.5,43.0,35999000
2026-01-28,41.92252731323242,43.5,43.75,43.0,43.25,29362100
2026-01-29,41.92252731323242,43.5,43.75,43.0,43.5,23663000
2026-01-30,41.92252731323242,43.5,44.5,43.5,43.75,42020200
2026-02-02,41.92252731323242,43.5,43.75,43.0,43.5,25710300
2026-02-03,42.64533233642578,44.25,44.5,43.5,43.5,47115400
2026-02-04,42.88626480102539,44.5,44.75,44.0,44.5,20121500
2026-02-05,43.609066009521484,45.25,45.5,44.25,44.75,39120100
2026-02-06,44.331871032714844,46.0,46.5,45.25,45.5,39963200
2026-02-09,45.77747344970703,47.5,48.75,47.25,48.25,97633200
2026-02-10,46.98214340209961,48.75,48.75,47.75,47.75,74558700
2026-02-11,47.223079681396484,49.0,49.0,48.0,48.75,36693600
2026-02-12,47.70494842529297,49.5,49.75,48.5,48.75,32523800
2026-02-13,47.464012145996094,49.25,49.5,48.75,49.5,30541800
2026-02-16,47.70494842529297,49.5,49.5,48.5,49.5,19052500
2026-02-17,48.90961837768555,50.75,51.0,49.0,49.5,37713900
2026-02-18,50.355220794677734,52.25,52.25,50.25,51.0,55795300
2026-02-19,52.52362823486328,54.5,54.5,52.0,52.5,122488600
2026-02-20,50.355220794677734,52.25,54.25,52.0,54.0,69414000
2026-02-23,49.391483306884766,51.25,52.75,51.0,52.0,64125100
2026-02-24,48.90961837768555,50.75,51.25,49.0,50.75,102764800
2026-02-25,49.87335205078125,51.75,52.5,51.0,51.75,62575500
2026-02-26,51.80082702636719,53.75,54.0,52.25,52.5,63043900
2026-02-27,49.87335205078125,51.75,53.5,51.75,53.0,82164200
2026-03-02,48.18681335449219,50.0,51.25,50.0,50.0,52808000
2026-03-04,46.500274658203125,48.25,49.25,46.75,48.75,108255700
2026-03-05,47.223079681396484,49.0,50.25,48.0,50.0,53261100
2026-03-06,46.7412109375,48.5,49.0,48.0,48.5,30707600
2026-03-09,45.77747344970703,47.5,47.75,45.75,46.25,51386200
2026-03-10,45.53654098510742,47.25,48.0,47.0,48.0,41330200
2026-03-11,45.05467224121094,46.75,47.75,46.5,47.5,53327300
2026-03-12,45.53654098510742,47.25,47.25,45.75,46.25,31909600
2026-03-13,44.81373596191406,46.5,47.25,46.0,47.0,40483100
2026-03-16,44.331871032714844,46.0,46.75,45.75,46.25,33394500
2026-03-17,44.09093475341797,45.75,46.75,45.75,46.25,40652700
2026-03-18,44.331871032714844,46.0,46.5,45.75,46.25,30072400
2026-03-19,42.64533233642578,44.25,45.75,44.25,45.5,42929000
2026-03-20,43.85000228881836,45.5,45.75,44.75,44.75,40913000
2026-03-23,42.1634635925293,43.75,44.75,43.75,44.25,40276100
2026-03-24,42.88626480102539,44.5,44.75,44.0,44.25,26153800
2026-03-25,43.85000228881836,45.5,45.75,44.5,45.0,30808900
2026-03-26,42.64533233642578,44.25,44.75,43.0,43.75,74848500
2026-03-27,42.404396057128906,44.0,45.25,44.0,44.25,48836200
2026-03-30,42.88626480102539,44.5,44.75,43.75,43.75,28969900
2026-03-31,43.85000228881836,45.5,45.75,44.25,44.75,38979700
2026-04-01,44.57280349731445,46.25,47.0,45.75,46.75,47893100
2026-04-02,43.85000228881836,45.5,46.0,45.0,45.5,30106300
2026-04-03,43.85000228881836,45.5,46.25,45.5,45.75,33660300
2026-04-07,43.609066009521484,45.25,45.5,45.0,45.5,20459900
2026-04-08,45.53654098510742,47.25,47.5,46.0,46.5,50052800
2026-04-09,45.53654098510742,47.25,47.75,47.0,47.25,31651500
2026-04-10,46.018409729003906,47.75,47.75,47.0,47.25,18216300
2026-04-16,46.018409729003906,47.75,48.5,47.5,48.25,37249900
2026-04-17,45.77747344970703,47.5,48.0,47.25,47.75,17670900
2026-04-20,44.57280349731445,46.25,46.5,45.25,45.5,54420600
2026-04-21,44.331871032714844,46.0,46.5,45.5,46.5,26613100
2026-04-22,44.09093475341797,45.75,46.0,45.5,45.75,21952800
2026-04-23,43.609066009521484,45.25,45.75,45.0,45.75,34152300
2026-04-24,43.127201080322266,44.75,45.25,44.75,45.25,19287100
2026-04-27,42.64533233642578,44.25,45.0,44.0,44.75,25709400
2026-04-28,42.64533233642578,44.25,44.5,44.0,44.25,30057300
2026-04-29,43.85000228881836,45.5,45.5,44.25,44.5,28626400
2026-04-30,43.5,43.5,44.5,43.5,44.25,37621100
2026-05-01,43.5,43.5,43.5,43.5,43.5,0
2026-05-04,43.5,43.5,43.5,43.5,43.5,0
2026-05-05,43.25,43.25,44.0,43.0,43.75,30303000
2026-05-06,44.0,44.0,44.25,43.25,43.5,35514700
2026-05-07,44.5,44.5,45.0,44.25,44.5,31068500
2026-05-08,43.75,43.75,44.5,43.75,44.0,15816800
2026-05-11,44.0,44.0,44.5,43.75,44.0,21981500
2026-05-12,43.75,43.75,44.5,43.75,44.0,18878200
2026-05-13,43.75,43.75,44.0,43.25,44.0,26930900
2026-05-14,46.75,46.75,46.75,45.25,45.75,121062900
2026-05-15,46.25,46.25,47.25,46.25,46.75,40663300
2026-05-18,47.75,47.75,47.75,46.25,46.5,50041200
2026-05-19,47.25,47.25,47.75,46.75,47.25,25731000
2026-05-20,46.75,46.75,47.25,46.25,47.0,29403300
2026-05-21,46.75,46.75,47.25,46.75,47.25,17589700
2026-05-22,46.5,46.5,47.0,46.25,47.0,16265200
2026-05-25,46.75,46.75,47.25,46.5,46.75,15797800
2026-05-26,46.75,46.75,46.75,46.75,46.75,0
2026-05-27,46.0,46.0,46.25,45.5,46.0,25640200
2026-05-28,46.5,46.5,47.0,45.5,46.0,34060000
2026-05-29,47.25,47.25,47.75,46.5,47.25,98205300
2026-06-01,47.25,47.25,47.25,47.25,47.25,0
2026-06-02,46.75,46.75,47.25,46.5,46.75,55879500
2026-06-03,46.75,46.75,46.75,46.75,46.75,0
2026-06-04,46.0,46.0,46.5,45.75,46.25,45900400
2026-06-05,45.75,45.75,46.25,45.75,46.0,17689700
2026-06-08,45.25,45.25,45.75,45.25,45.5,30147000
2026-06-09,45.5,45.5,45.75,45.25,45.75,14768800
2026-06-10,45.25,45.25,45.75,45.25,45.25,13427900
2026-06-11,44.75,44.75,45.75,44.75,45.25,22746000
2026-06-12,45.5,45.5,45.75,45.0,45.25,21396400
2026-06-15,45.75,45.75,46.25,45.25,46.25,30213300
2026-06-16,46.25,46.25,46.75,45.75,45.75,38986400
2026-06-17,46.5,46.5,46.75,46.0,46.25,14515000
2026-06-18,46.75,46.75,46.75,46.0,46.5,19053700
2026-06-19,46.5,46.5,46.75,46.0,46.75,54465900
2026-06-22,45.5,45.5,46.5,45.5,46.25,27340600
2026-06-23,45.5,45.5,46.0,45.0,45.75,21414600
2026-06-24,45.75,45.75,46.25,45.5,45.5,27898200
2026-06-25,45.0,45.0,45.75,45.0,45.75,21981500
2026-06-26,45.25,45.25,45.25,45.0,45.25,16397500
2026-06-29,46.0,46.0,46.25,45.0,45.25,40984100
2026-06-30,46.75,46.75,47.0,45.75,46.0,47286700
2026-07-01,46.75,46.75,47.25,46.5,47.0,37711300
2026-07-02,48.5,48.5,48.5,46.5,46.75,75206800
2026-07-03,49.0,49.0,49.25,48.25,48.5,42245800
2026-07-06,48.5,48.5,49.25,48.25,49.0,34787000
2026-07-07,47.75,47.75,48.5,47.5,48.25,32731100
2026-07-08,46.25,46.25,48.0,46.25,47.75,46677000
2026-07-09,47.25,47.25,47.25,46.5,46.75,33359700
2026-07-10,46.75,46.75,47.25,46.25,47.25,47275300
2026-07-13,46.5,46.5,47.0,46.25,46.5,32204200
2026-07-14,46.25,46.25,46.5,46.0,46.25,14983600
2026-07-15,46.25,46.25,47.0,46.25,46.5,24201200
2026-07-16,46.75,46.75,47.0,46.25,46.5,29525800
2026-07-17,47.0,47.0,47.0,46.5,46.5,19465400
2026-07-20,47.5,47.5,47.75,46.75,47.0,32087600
2026-07-21,47.25,47.25,47.75,47.0,47.75,34497900
2026-07-22,47.0,47.0,47.5,46.5,47.25,30806800
2026-07-23,46.75,46.75,47.0,46.5,46.75,13825100
2026-07-24,46.5,46.5,46.75,46.0,46.5,14641400
2026-07-27,46.5,46.5,47.0,46.5,46.75,17923700
2026-07-28,46.5,46.5,46.5,46.5,46.5,0
2026-07-29,46.5,46.5,46.5,46.5,46.5,0
2026-07-30,47.0,47.0,47.0,46.0,46.25,32060600
2026-07-31,48.0,48.0,48.25,47.0,47.0,51157600
2026-08-03,48.5,48.5,48.75,47.5,48.0,61107900
2026-08-04,48.75,48.75,49.25,48.5,48.75,44460700
2026-08-05,49.25,49.25,50.0,48.75,49.25,52834400
2026-08-06,48.75,48.75,49.5,48.5,49.5,28759000
2026-08-07,49.0,49.0,49.0,48.5,48.75,17049100
2026-08-10,48.75,48.75,49.25,48.25,48.75,23941100
2026-08-11,48.0,48.0,48.75,47.75,48.5,36675200
2026-08-12,48.0,48.0,48.0,48.0,48.0,0
2026-08-13,48.75,48.75,49.0,48.25,48.5,29927000
2026-08-14,47.0,47.0,48.75,47.0,48.75,37474700
2026-08-17,46.75,46.75,47.5,46.75,47.0,26552000
2026-08-18,46.75,46.75,47.25,46.75,46.75,17089700
2026-08-19,46.5,46.5,47.0,46.25,47.0,17874100
2026-08-20,46.75,46.75,47.0,46.5,46.5,17645900
2026-08-21,46.75,46.75,47.0,46.5,46.5,16885200
2026-08-24,46.75,46.75,47.0,46.5,46.75,12505400
2026-08-25,46.5,46.5,46.75,46.25,46.75,17951500
2026-08-26,47.0,47.0,47.0,46.0,46.25,37734200
2026-08-27,46.25,46.25,47.25,46.25,47.25,18028700
