Date,Adj Close,Close,High,Low,Open,Volume
2016-08-26,6.170299530029297,7.275000095367432,7.400000095367432,7.224999904632568,7.400000095367432,7160000
2016-08-29,6.233910083770752,7.349999904632568,7.349999904632568,7.199999809265137,7.25,9602000
2016-08-30,6.233910083770752,7.349999904632568,7.375,7.324999809265137,7.324999809265137,5724000
2016-08-31,6.276317119598389,7.400000095367432,7.400000095367432,7.275000095367432,7.324999809265137,13759000
2016-09-01,6.170299530029297,7.275000095367432,7.400000095367432,7.199999809265137,7.349999904632568,12211000
2016-09-02,6.149095058441162,7.25,7.375,7.199999809265137,7.224999904632568,12086000
2016-09-05,6.0642805099487305,7.150000095367432,7.25,6.974999904632568,7.224999904632568,11987000
2016-09-06,6.043076515197754,7.125,7.199999809265137,7.074999809265137,7.099999904632568,13039000
2016-09-07,6.021872520446777,7.099999904632568,7.25,7.050000190734863,7.150000095367432,16987000
2016-09-08,6.085484504699707,7.175000190734863,7.275000095367432,7.050000190734863,7.099999904632568,19122000
2016-09-09,6.021872520446777,7.099999904632568,7.224999904632568,7.099999904632568,7.175000190734863,14528000
2016-09-12,5.958261013031006,7.025000095367432,7.099999904632568,6.699999809265137,6.849999904632568,9115000
2016-09-13,6.106687545776367,7.199999809265137,7.275000095367432,7.0,7.074999809265137,14101000
2016-09-14,6.170299530029297,7.275000095367432,7.400000095367432,7.224999904632568,7.275000095367432,14830000
2016-09-15,6.2551140785217285,7.375,7.474999904632568,7.224999904632568,7.224999904632568,6837000
2016-09-16,6.445948600769043,7.599999904632568,7.599999904632568,7.425000190734863,7.5,16403000
2016-09-19,6.4883551597595215,7.650000095367432,7.650000095367432,7.574999809265137,7.650000095367432,10442000
2016-09-20,6.339929580688477,7.474999904632568,7.625,7.400000095367432,7.599999904632568,18177000
2016-09-21,6.3823370933532715,7.525000095367432,7.599999904632568,7.400000095367432,7.5,8960000
2016-09-22,6.636781692504883,7.824999809265137,7.824999809265137,7.574999809265137,7.574999809265137,21786000
2016-09-23,6.636781692504883,7.824999809265137,7.824999809265137,7.650000095367432,7.800000190734863,11892000
2016-09-26,6.785208702087402,8.0,8.050000190734863,7.650000095367432,7.699999809265137,19067000
2016-09-27,6.742800712585449,7.949999809265137,8.074999809265137,7.900000095367432,8.024999618530273,12502000
2016-09-28,6.679189682006836,7.875,8.024999618530273,7.824999809265137,8.0,19181000
2016-09-29,6.742800712585449,7.949999809265137,8.024999618530273,7.900000095367432,7.974999904632568,19191000
2016-09-30,6.721597194671631,7.925000190734863,8.024999618530273,7.849999904632568,7.900000095367432,19008000
2016-10-03,6.721597194671631,7.925000190734863,7.974999904632568,7.925000190734863,7.925000190734863,7198000
2016-10-04,7.08206033706665,8.350000381469727,8.350000381469727,7.974999904632568,8.0,31489000
2016-10-05,7.103265285491943,8.375,8.449999809265137,8.350000381469727,8.350000381469727,21324000
2016-10-06,7.1244683265686035,8.399999618530273,8.524999618530273,8.25,8.274999618530273,13384000
2016-10-07,6.954837799072266,8.199999809265137,8.399999618530273,8.175000190734863,8.399999618530273,22056000
2016-10-10,6.657985687255859,7.849999904632568,7.949999809265137,7.75,7.75,16403000
2016-10-11,6.764004707336426,7.974999904632568,8.149999618530273,7.900000095367432,7.900000095367432,18850000
2016-10-12,6.827616214752197,8.050000190734863,8.100000381469727,7.775000095367432,7.949999809265137,37453000
2016-10-13,6.679189682006836,7.875,8.0,7.474999904632568,7.900000095367432,34755000
2016-10-14,7.039653778076172,8.300000190734863,8.675000190734863,8.274999618530273,8.274999618530273,45629000
2016-10-17,6.8912272453308105,8.125,8.399999618530273,8.100000381469727,8.199999809265137,12520000
2016-10-18,6.954837799072266,8.199999809265137,8.300000190734863,8.149999618530273,8.199999809265137,10692000
2016-10-19,6.997246742248535,8.25,8.350000381469727,8.149999618530273,8.199999809265137,18893000
2016-10-20,6.87002420425415,8.100000381469727,8.274999618530273,8.074999809265137,8.225000381469727,15429000
2016-10-21,6.594374179840088,7.775000095367432,8.100000381469727,7.699999809265137,8.100000381469727,40877000
2016-10-25,6.700393199920654,7.900000095367432,8.074999809265137,7.625,7.699999809265137,43646000
2016-10-26,6.742800712585449,7.949999809265137,8.050000190734863,7.824999809265137,7.824999809265137,12345000
2016-10-27,6.679189682006836,7.875,8.0,7.875,7.875,9384000
2016-10-28,6.615578651428223,7.800000190734863,7.900000095367432,7.775000095367432,7.900000095367432,11837000
2016-10-31,6.657985687255859,7.849999904632568,7.849999904632568,7.675000190734863,7.699999809265137,14409000
2016-11-01,6.742800712585449,7.949999809265137,7.974999904632568,7.900000095367432,7.949999809265137,7695000
2016-11-02,6.742800712585449,7.949999809265137,8.0,7.900000095367432,7.949999809265137,6471000
2016-11-03,6.679189682006836,7.875,7.974999904632568,7.849999904632568,7.900000095367432,8655000
2016-11-04,6.636781692504883,7.824999809265137,7.875,7.75,7.824999809265137,8732000
2016-11-07,6.657985687255859,7.849999904632568,7.900000095367432,7.775000095367432,7.824999809265137,10595000
2016-11-08,6.636781692504883,7.824999809265137,7.900000095367432,7.800000190734863,7.900000095367432,8191000
2016-11-09,6.551967144012451,7.724999904632568,7.849999904632568,7.699999809265137,7.824999809265137,14330000
2016-11-10,6.551967144012451,7.724999904632568,7.849999904632568,7.724999904632568,7.75,8803000
2016-11-11,6.3823370933532715,7.525000095367432,7.675000190734863,7.525000095367432,7.650000095367432,20295000
2016-11-14,6.212706565856934,7.324999809265137,7.474999904632568,7.300000190734863,7.474999904632568,13233000
2016-11-15,6.191502094268799,7.300000190734863,7.425000190734863,7.199999809265137,7.349999904632568,10025000
2016-11-16,6.085484504699707,7.175000190734863,7.349999904632568,7.175000190734863,7.300000190734863,10964000
2016-11-17,6.2551140785217285,7.375,7.5,7.175000190734863,7.175000190734863,15336000
2016-11-18,6.361132621765137,7.5,7.550000190734863,7.449999809265137,7.5,8821000
2016-11-21,6.276317119598389,7.400000095367432,7.5,7.349999904632568,7.5,8693000
2016-11-22,6.42474365234375,7.574999809265137,7.650000095367432,7.449999809265137,7.474999904632568,20312000
2016-11-23,6.615578651428223,7.800000190734863,7.800000190734863,7.5,7.599999904632568,13029000
2016-11-24,6.297521591186523,7.425000190734863,7.75,7.425000190734863,7.75,13745000
2016-11-25,6.445948600769043,7.599999904632568,7.625,7.449999809265137,7.474999904632568,11033000
2016-11-28,6.445948600769043,7.599999904632568,7.699999809265137,7.599999904632568,7.699999809265137,5280000
2016-11-29,6.509559154510498,7.675000190734863,7.800000190734863,7.650000095367432,7.650000095367432,22145000
2016-11-30,6.42474365234375,7.574999809265137,7.675000190734863,7.525000095367432,7.675000190734863,36524000
2016-12-01,6.467152118682861,7.625,7.724999904632568,7.599999904632568,7.699999809265137,12969000
2016-12-02,6.361132621765137,7.5,7.599999904632568,7.474999904632568,7.574999809265137,14215000
2016-12-06,6.594374179840088,7.775000095367432,7.875,7.625,7.875,17979000
2016-12-07,6.700393199920654,7.900000095367432,7.900000095367432,7.625,7.675000190734863,12693000
2016-12-08,6.679189682006836,7.875,8.0,7.875,7.949999809265137,12886000
2016-12-09,6.657985687255859,7.849999904632568,8.024999618530273,7.849999904632568,8.0,11911000
2016-12-13,6.954837799072266,8.199999809265137,8.199999809265137,7.974999904632568,8.024999618530273,20236000
2016-12-14,7.1244683265686035,8.399999618530273,8.399999618530273,8.175000190734863,8.25,22483000
2016-12-15,6.8912272453308105,8.125,8.449999809265137,8.125,8.399999618530273,9787000
2016-12-16,6.933635711669922,8.175000190734863,8.300000190734863,8.074999809265137,8.199999809265137,18620000
2016-12-19,6.848820209503174,8.074999809265137,8.199999809265137,8.050000190734863,8.199999809265137,8592000
2016-12-20,6.87002420425415,8.100000381469727,8.199999809265137,8.050000190734863,8.199999809265137,6122000
2016-12-21,6.8064117431640625,8.024999618530273,8.175000190734863,8.024999618530273,8.175000190734863,5408000
2016-12-22,6.848820209503174,8.074999809265137,8.125,8.024999618530273,8.050000190734863,7681000
2016-12-23,6.785208702087402,8.0,8.149999618530273,7.949999809265137,8.100000381469727,5951000
2016-12-26,6.8064117431640625,8.024999618530273,8.125,7.974999904632568,8.074999809265137,3973000
2016-12-27,6.785208702087402,8.0,8.050000190734863,7.949999809265137,8.050000190734863,4817000
2016-12-28,6.912431240081787,8.149999618530273,8.225000381469727,8.050000190734863,8.074999809265137,11449000
2016-12-29,6.976042747497559,8.225000381469727,8.274999618530273,8.125,8.125,17414000
2016-12-30,6.912431240081787,8.149999618530273,8.225000381469727,8.149999618530273,8.225000381469727,3264000
2017-01-04,7.1456732749938965,8.425000190734863,8.425000190734863,8.199999809265137,8.225000381469727,17732000
2017-01-05,7.103265285491943,8.375,8.475000381469727,8.274999618530273,8.475000381469727,10326000
2017-01-06,7.20928430557251,8.5,8.899999618530273,8.399999618530273,8.5,23912000
2017-01-09,7.20928430557251,8.5,8.574999809265137,8.449999809265137,8.524999618530273,8468000
2017-01-10,7.188079833984375,8.475000381469727,8.524999618530273,8.425000190734863,8.5,10826000
2017-01-11,7.2304863929748535,8.524999618530273,8.600000381469727,8.350000381469727,8.375,8174000
2017-01-12,7.1244683265686035,8.399999618530273,8.699999809265137,8.399999618530273,8.524999618530273,7158000
2017-01-16,7.31530237197876,8.625,8.675000190734863,8.475000381469727,8.5,3033000
2017-01-17,7.188079833984375,8.475000381469727,8.675000190734863,8.425000190734863,8.600000381469727,6088000
2017-01-18,7.039653778076172,8.300000190734863,8.524999618530273,8.300000190734863,8.475000381469727,12983000
2017-01-19,7.188079833984375,8.475000381469727,8.475000381469727,8.350000381469727,8.350000381469727,10597000
2017-01-20,7.1244683265686035,8.399999618530273,8.425000190734863,8.350000381469727,8.375,7072000
2017-01-23,7.20928430557251,8.5,8.524999618530273,8.425000190734863,8.5,6435000
2017-01-24,7.188079833984375,8.475000381469727,8.524999618530273,8.399999618530273,8.524999618530273,6179000
2017-01-25,7.251690864562988,8.550000190734863,8.600000381469727,8.5,8.550000190734863,9358000
2017-01-26,7.2304863929748535,8.524999618530273,8.625,8.449999809265137,8.449999809265137,9622000
2017-01-27,7.2304863929748535,8.524999618530273,8.600000381469727,8.449999809265137,8.550000190734863,9116000
2017-01-30,7.2304863929748535,8.524999618530273,8.524999618530273,8.475000381469727,8.524999618530273,6203000
2017-01-31,7.272894859313965,8.574999809265137,8.625,8.449999809265137,8.5,8548000
2017-02-01,7.31530237197876,8.625,8.824999809265137,8.449999809265137,8.449999809265137,10890000
2017-02-02,7.336507320404053,8.649999618530273,8.800000190734863,8.574999809265137,8.625,12568000
2017-02-03,7.378912448883057,8.699999809265137,8.774999618530273,8.5,8.574999809265137,13814000
2017-02-06,7.378912448883057,8.699999809265137,8.850000381469727,8.574999809265137,8.800000190734863,13342000
2017-02-07,7.357710838317871,8.675000190734863,8.800000190734863,8.649999618530273,8.800000190734863,9490000
2017-02-08,7.824193954467773,9.225000381469727,9.225000381469727,8.675000190734863,8.675000190734863,19708000
2017-02-09,7.802990913391113,9.199999809265137,9.324999809265137,9.050000190734863,9.050000190734863,11222000
2017-02-10,7.972620964050293,9.399999618530273,9.600000381469727,9.199999809265137,9.199999809265137,28221000
2017-02-14,7.824193954467773,9.225000381469727,9.425000190734863,9.024999618530273,9.350000381469727,15279000
2017-02-15,7.675767421722412,9.050000190734863,9.199999809265137,8.975000381469727,9.199999809265137,29940000
2017-02-16,7.718174457550049,9.100000381469727,9.199999809265137,9.050000190734863,9.050000190734863,6443000
2017-02-17,7.633359432220459,9.0,9.199999809265137,8.925000190734863,9.149999618530273,19148000
2017-02-20,7.654562950134277,9.024999618530273,9.100000381469727,8.975000381469727,9.100000381469727,7898000
2017-02-21,7.527340888977051,8.875,9.074999809265137,8.875,9.0,10068000
2017-02-22,7.548543930053711,8.899999618530273,8.899999618530273,8.675000190734863,8.824999809265137,34137000
2017-02-23,7.548543930053711,8.899999618530273,9.0,8.899999618530273,9.0,12817000
2017-02-24,7.285223484039307,8.300000190734863,8.524999618530273,8.274999618530273,8.5,31953000
2017-02-27,7.460770606994629,8.5,8.524999618530273,8.199999809265137,8.199999809265137,15072000
2017-02-28,8.119073867797852,9.25,9.25,8.425000190734863,8.475000381469727,19425000
2017-03-01,7.855752468109131,8.949999809265137,9.25,8.800000190734863,9.25,15349000
2017-03-02,7.548544883728027,8.600000381469727,9.074999809265137,8.600000381469727,8.975000381469727,21170000
2017-03-03,7.746035099029541,8.824999809265137,8.899999618530273,8.574999809265137,8.574999809265137,10093000
2017-03-06,7.68020486831665,8.75,8.875,8.625,8.824999809265137,8922000
2017-03-07,7.7021484375,8.774999618530273,8.850000381469727,8.725000381469727,8.774999618530273,14022000
2017-03-08,7.746035099029541,8.824999809265137,8.975000381469727,8.625,8.699999809265137,10861000
2017-03-09,7.636317729949951,8.699999809265137,8.800000190734863,8.675000190734863,8.800000190734863,5310000
2017-03-10,7.570488452911377,8.625,8.725000381469727,8.600000381469727,8.725000381469727,7910000
2017-03-13,7.482714653015137,8.524999618530273,8.625,8.425000190734863,8.625,13229000
2017-03-14,7.394940376281738,8.425000190734863,8.524999618530273,8.425000190734863,8.449999809265137,21660000
2017-03-15,7.482714653015137,8.524999618530273,8.574999809265137,8.425000190734863,8.449999809265137,17690000
2017-03-16,7.3071675300598145,8.324999809265137,8.550000190734863,8.25,8.5,19409000
2017-03-17,7.285223484039307,8.300000190734863,8.425000190734863,8.274999618530273,8.324999809265137,19008000
2017-03-20,7.3071675300598145,8.324999809265137,8.475000381469727,8.300000190734863,8.399999618530273,7982000
2017-03-21,7.285223484039307,8.300000190734863,8.375,8.199999809265137,8.350000381469727,14255000
2017-03-22,7.153562068939209,8.149999618530273,8.300000190734863,8.149999618530273,8.274999618530273,13421000
2017-03-23,7.197449207305908,8.199999809265137,8.324999809265137,8.175000190734863,8.199999809265137,12006000
2017-03-24,7.5046586990356445,8.550000190734863,8.550000190734863,8.199999809265137,8.199999809265137,9353000
2017-03-27,7.592430591583252,8.649999618530273,8.649999618530273,8.5,8.550000190734863,5240000
2017-03-28,7.658261775970459,8.725000381469727,8.725000381469727,8.449999809265137,8.699999809265137,8213000
2017-03-29,7.4388275146484375,8.475000381469727,8.699999809265137,8.475000381469727,8.699999809265137,7785000
2017-03-30,7.767978668212891,8.850000381469727,8.899999618530273,8.524999618530273,8.524999618530273,15412000
2017-03-31,7.68020486831665,8.75,8.875,8.600000381469727,8.699999809265137,16649000
2017-04-03,7.394940376281738,8.425000190734863,8.774999618530273,8.425000190734863,8.75,9137000
2017-04-04,7.482714653015137,8.524999618530273,8.625,8.449999809265137,8.449999809265137,7254000
2017-04-05,7.526600360870361,8.574999809265137,8.649999618530273,8.475000381469727,8.649999618530273,7487000
2017-04-07,7.548544883728027,8.600000381469727,8.800000190734863,8.574999809265137,8.800000190734863,15019000
2017-04-10,7.570488452911377,8.625,8.675000190734863,8.550000190734863,8.550000190734863,10054000
2017-04-11,7.570488452911377,8.625,8.699999809265137,8.600000381469727,8.699999809265137,7636000
2017-04-12,7.636317729949951,8.699999809265137,8.699999809265137,8.574999809265137,8.649999618530273,9601000
2017-04-17,7.658261775970459,8.725000381469727,8.800000190734863,8.625,8.800000190734863,5902000
2017-04-18,7.570488452911377,8.625,8.699999809265137,8.600000381469727,8.675000190734863,3597000
2017-04-19,7.592430591583252,8.649999618530273,8.725000381469727,8.600000381469727,8.625,7939000
2017-04-20,7.811866283416748,8.899999618530273,8.899999618530273,8.675000190734863,8.699999809265137,8055000
2017-04-21,7.877696514129639,8.975000381469727,8.975000381469727,8.850000381469727,8.949999809265137,4981000
2017-04-24,7.833809852600098,8.925000190734863,9.100000381469727,8.824999809265137,8.925000190734863,4357000
2017-04-25,7.855752468109131,8.949999809265137,9.024999618530273,8.875,9.0,11894000
2017-04-26,7.965470314025879,9.074999809265137,9.199999809265137,8.949999809265137,9.0,21068000
2017-04-27,8.053243637084961,9.175000190734863,9.225000381469727,9.050000190734863,9.100000381469727,6736000
2017-04-28,8.075187683105469,9.199999809265137,9.274999618530273,9.100000381469727,9.125,10690000
2017-05-02,8.075187683105469,9.199999809265137,9.25,9.175000190734863,9.199999809265137,8141000
2017-05-03,7.9874138832092285,9.100000381469727,9.199999809265137,8.975000381469727,9.199999809265137,4985000
2017-05-04,7.943526268005371,9.050000190734863,9.050000190734863,8.925000190734863,8.975000381469727,10530000
2017-05-08,8.009356498718262,9.125,9.125,9.050000190734863,9.125,5782000
2017-05-09,7.9874138832092285,9.100000381469727,9.149999618530273,9.050000190734863,9.149999618530273,7817000
2017-05-11,8.338507652282715,9.5,9.5,9.175000190734863,9.199999809265137,20636000
2017-05-12,8.470168113708496,9.649999618530273,9.725000381469727,9.550000190734863,9.600000381469727,12745000
2017-05-15,8.514055252075195,9.699999809265137,9.725000381469727,9.600000381469727,9.725000381469727,14609000
2017-05-16,8.667659759521484,9.875,9.899999618530273,9.75,9.75,16236000
2017-05-17,8.623772621154785,9.824999809265137,10.0,9.774999618530273,9.899999618530273,15180000
2017-05-18,8.53600025177002,9.725000381469727,10.0,9.625,9.800000190734863,11409000
2017-05-19,8.470168113708496,9.649999618530273,9.899999618530273,9.649999618530273,9.850000381469727,9017000
2017-05-22,8.557943344116211,9.75,9.824999809265137,9.625,9.75,10670000
2017-05-23,8.119073867797852,9.25,9.725000381469727,9.225000381469727,9.725000381469727,24948000
2017-05-24,8.053243637084961,9.175000190734863,9.375,9.175000190734863,9.274999618530273,15148000
2017-05-25,8.16296100616455,9.300000190734863,9.300000190734863,9.175000190734863,9.225000381469727,10840000
2017-05-26,7.9874138832092285,9.100000381469727,9.199999809265137,9.074999809265137,9.175000190734863,13995000
2017-05-29,7.965470314025879,9.074999809265137,9.175000190734863,8.949999809265137,9.100000381469727,21557000
2017-05-30,7.943526268005371,9.050000190734863,9.100000381469727,9.0,9.0,6165000
2017-05-31,7.899639129638672,9.0,9.274999618530273,8.475000381469727,9.175000190734863,73521000
2017-06-01,8.009356498718262,9.125,9.199999809265137,8.949999809265137,9.0,7751000
2017-06-02,8.119073867797852,9.25,9.300000190734863,9.050000190734863,9.199999809265137,11756000
2017-06-05,8.075187683105469,9.199999809265137,9.324999809265137,9.149999618530273,9.25,8587000
2017-06-06,8.097128868103027,9.225000381469727,9.225000381469727,9.149999618530273,9.199999809265137,7516000
2017-06-07,8.16296100616455,9.300000190734863,9.350000381469727,9.199999809265137,9.199999809265137,14219000
2017-06-08,8.20684814453125,9.350000381469727,9.375,9.25,9.300000190734863,10799000
2017-06-09,8.20684814453125,9.350000381469727,9.375,9.274999618530273,9.350000381469727,18877000
2017-06-12,8.141016960144043,9.274999618530273,9.375,9.25,9.350000381469727,10416000
2017-06-13,8.009356498718262,9.125,9.274999618530273,9.100000381469727,9.274999618530273,7019000
2017-06-14,8.053243637084961,9.175000190734863,9.25,9.100000381469727,9.175000190734863,4211000
2017-06-15,7.899639129638672,9.0,9.149999618530273,9.0,9.149999618530273,7990000
2017-06-16,7.877696514129639,8.975000381469727,9.050000190734863,8.800000190734863,8.875,22179000
2017-06-19,8.053243637084961,9.175000190734863,9.225000381469727,8.949999809265137,8.949999809265137,13099000
2017-06-20,8.141016960144043,9.274999618530273,9.300000190734863,9.125,9.125,11892000
2017-06-21,7.855752468109131,8.949999809265137,9.25,8.949999809265137,9.199999809265137,11736000
2017-06-22,8.053243637084961,9.175000190734863,9.199999809265137,9.024999618530273,9.024999618530273,11855000
2017-06-23,7.943526268005371,9.050000190734863,9.175000190734863,9.050000190734863,9.149999618530273,8328000
2017-06-26,7.965470314025879,9.074999809265137,9.125,9.024999618530273,9.100000381469727,4801000
2017-06-27,7.9874138832092285,9.100000381469727,9.149999618530273,9.074999809265137,9.125,4435000
2017-06-28,7.724092483520508,8.800000190734863,9.100000381469727,8.800000190734863,9.024999618530273,18638000
2017-06-29,7.68020486831665,8.75,9.024999618530273,8.75,8.800000190734863,26248000
2017-06-30,7.614375114440918,8.675000190734863,8.800000190734863,8.625,8.75,8939000
2017-07-03,7.570488452911377,8.625,8.699999809265137,8.550000190734863,8.699999809265137,8331000
2017-07-04,7.570488452911377,8.625,8.675000190734863,8.550000190734863,8.625,5419000
2017-07-05,7.526600360870361,8.574999809265137,8.649999618530273,8.524999618530273,8.625,5383000
2017-07-06,7.592430591583252,8.649999618530273,8.699999809265137,8.550000190734863,8.550000190734863,8403000
2017-07-07,7.570488452911377,8.625,8.699999809265137,8.600000381469727,8.600000381469727,4398000
2017-07-11,7.570488452911377,8.625,8.649999618530273,8.574999809265137,8.574999809265137,6307000
2017-07-12,7.570488452911377,8.625,8.75,8.550000190734863,8.649999618530273,7166000
2017-07-13,7.7021484375,8.774999618530273,8.774999618530273,8.425000190734863,8.649999618530273,15590000
2017-07-14,7.592430591583252,8.649999618530273,8.774999618530273,8.625,8.75,5378000
2017-07-17,7.636317729949951,8.699999809265137,8.75,8.649999618530273,8.649999618530273,6092000
2017-07-18,7.7021484375,8.774999618530273,8.824999809265137,8.699999809265137,8.699999809265137,9329000
2017-07-19,7.789923191070557,8.875,8.899999618530273,8.75,8.800000190734863,12126000
2017-07-20,7.746035099029541,8.824999809265137,8.899999618530273,8.824999809265137,8.875,9022000
2017-07-21,7.658261775970459,8.725000381469727,8.899999618530273,8.725000381469727,8.899999618530273,6812000
2017-07-24,7.68020486831665,8.75,8.824999809265137,8.699999809265137,8.824999809265137,7898000
2017-07-25,7.592430591583252,8.649999618530273,8.774999618530273,8.600000381469727,8.75,5523000
2017-07-26,7.855752468109131,8.949999809265137,9.125,8.600000381469727,8.649999618530273,26023000
2017-07-27,7.811866283416748,8.899999618530273,9.0,8.875,8.949999809265137,6046000
2017-07-31,7.789923191070557,8.875,8.899999618530273,8.699999809265137,8.75,11310000
2017-08-01,7.658261775970459,8.725000381469727,8.899999618530273,8.725000381469727,8.875,2437000
2017-08-02,7.7021484375,8.774999618530273,8.899999618530273,8.75,8.824999809265137,6943000
2017-08-03,7.68020486831665,8.75,8.824999809265137,8.75,8.800000190734863,11078000
2017-08-04,7.7021484375,8.774999618530273,8.824999809265137,8.75,8.75,3849000
2017-08-07,7.614375114440918,8.675000190734863,8.800000190734863,8.675000190734863,8.800000190734863,3972000
2017-08-08,7.68020486831665,8.75,8.774999618530273,8.600000381469727,8.699999809265137,17162000
2017-08-09,7.570488452911377,8.625,8.675000190734863,8.600000381469727,8.675000190734863,3839000
2017-08-10,7.592430591583252,8.649999618530273,8.675000190734863,8.600000381469727,8.625,2745000
2017-08-11,7.548544883728027,8.600000381469727,8.675000190734863,8.574999809265137,8.600000381469727,7221000
2017-08-15,7.767978668212891,8.850000381469727,8.925000190734863,8.675000190734863,8.75,7493000
2017-08-16,7.767978668212891,8.850000381469727,8.925000190734863,8.800000190734863,8.800000190734863,6273000
2017-08-17,7.789923191070557,8.875,8.899999618530273,8.774999618530273,8.850000381469727,2279000
2017-08-18,7.811866283416748,8.899999618530273,8.899999618530273,8.774999618530273,8.800000190734863,5999000
2017-08-21,7.724092483520508,8.800000190734863,8.925000190734863,8.675000190734863,8.899999618530273,6747000
2017-08-22,7.724092483520508,8.800000190734863,8.850000381469727,8.699999809265137,8.75,7148000
2017-08-23,7.592430591583252,8.649999618530273,8.925000190734863,8.649999618530273,8.774999618530273,11108000
2017-08-24,7.5046586990356445,8.550000190734863,8.675000190734863,8.524999618530273,8.649999618530273,10183000
2017-08-25,7.351053714752197,8.375,8.574999809265137,8.300000190734863,8.574999809265137,24560000
2017-08-28,7.3071675300598145,8.324999809265137,8.425000190734863,8.274999618530273,8.375,14790000
2017-08-29,7.68020486831665,8.75,9.100000381469727,8.350000381469727,8.399999618530273,30700000
2017-08-30,7.746035099029541,8.824999809265137,8.899999618530273,8.75,8.75,6186000
2017-08-31,7.811866283416748,8.899999618530273,8.899999618530273,8.675000190734863,8.800000190734863,10617000
2017-09-01,7.614375114440918,8.675000190734863,8.899999618530273,8.625,8.899999618530273,11112000
2017-09-04,7.7021484375,8.774999618530273,8.800000190734863,8.625,8.725000381469727,6215000
2017-09-05,7.767978668212891,8.850000381469727,8.899999618530273,8.774999618530273,8.824999809265137,3966000
2017-09-06,7.811866283416748,8.899999618530273,8.899999618530273,8.774999618530273,8.774999618530273,3826000
2017-09-07,7.811866283416748,8.899999618530273,8.975000381469727,8.850000381469727,8.925000190734863,13221000
2017-09-08,7.789923191070557,8.875,9.175000190734863,8.824999809265137,9.0,14711000
2017-09-11,7.724092483520508,8.800000190734863,8.875,8.75,8.800000190734863,9350000
2017-09-12,7.658261775970459,8.725000381469727,8.850000381469727,8.725000381469727,8.800000190734863,7497000
2017-09-13,7.636317729949951,8.699999809265137,8.800000190734863,8.699999809265137,8.75,6694000
2017-09-14,7.658261775970459,8.725000381469727,8.850000381469727,8.675000190734863,8.675000190734863,23317000
2017-09-15,7.746035099029541,8.824999809265137,8.975000381469727,8.75,8.774999618530273,17143000
2017-09-18,8.141016960144043,9.274999618530273,9.300000190734863,8.824999809265137,8.824999809265137,31289000
2017-09-19,8.097128868103027,9.225000381469727,9.399999618530273,9.199999809265137,9.274999618530273,20022000
2017-09-20,8.141016960144043,9.274999618530273,9.350000381469727,9.100000381469727,9.225000381469727,17161000
2017-09-21,8.097128868103027,9.225000381469727,9.350000381469727,9.149999618530273,9.225000381469727,11334000
2017-09-22,7.965470314025879,9.074999809265137,9.199999809265137,9.024999618530273,9.149999618530273,8913000
2017-09-25,7.899639129638672,9.0,9.100000381469727,8.949999809265137,9.100000381469727,10832000
2017-09-26,7.767978668212891,8.850000381469727,9.024999618530273,8.850000381469727,9.024999618530273,17227000
2017-09-27,7.746035099029541,8.824999809265137,8.925000190734863,8.800000190734863,8.899999618530273,12999000
2017-09-28,7.636317729949951,8.699999809265137,8.899999618530273,8.625,8.850000381469727,26561000
2017-09-29,7.658261775970459,8.725000381469727,8.800000190734863,8.699999809265137,8.699999809265137,13199000
2017-10-02,7.811866283416748,8.899999618530273,8.899999618530273,8.75,8.774999618530273,18319000
2017-10-03,7.811866283416748,8.899999618530273,9.0,8.875,8.899999618530273,10097000
2017-10-04,7.789923191070557,8.875,8.975000381469727,8.824999809265137,8.925000190734863,11272000
2017-10-05,7.724092483520508,8.800000190734863,8.899999618530273,8.800000190734863,8.875,7583000
2017-10-06,7.68020486831665,8.75,8.850000381469727,8.725000381469727,8.800000190734863,9884000
2017-10-09,7.614375114440918,8.675000190734863,8.774999618530273,8.675000190734863,8.75,10264000
2017-10-10,7.7021484375,8.774999618530273,8.774999618530273,8.699999809265137,8.699999809265137,8545000
2017-10-11,7.614375114440918,8.675000190734863,8.800000190734863,8.625,8.774999618530273,16341000
2017-10-12,7.614375114440918,8.675000190734863,8.675000190734863,8.600000381469727,8.675000190734863,11482000
2017-10-16,7.636317729949951,8.699999809265137,8.699999809265137,8.699999809265137,8.699999809265137,945000
2017-10-17,7.658261775970459,8.725000381469727,8.75,8.675000190734863,8.699999809265137,9645000
2017-10-18,7.68020486831665,8.75,8.800000190734863,8.649999618530273,8.725000381469727,7168000
2017-10-19,7.482714653015137,8.524999618530273,8.699999809265137,8.5,8.675000190734863,20781000
2017-10-20,7.526600360870361,8.574999809265137,8.649999618530273,8.524999618530273,8.524999618530273,9853000
2017-10-24,7.636317729949951,8.699999809265137,8.725000381469727,8.625,8.649999618530273,9169000
2017-10-25,7.658261775970459,8.725000381469727,8.75,8.699999809265137,8.699999809265137,3735000
2017-10-27,7.658261775970459,8.725000381469727,8.725000381469727,8.699999809265137,8.725000381469727,4416000
2017-10-30,7.570488452911377,8.625,8.725000381469727,8.399999618530273,8.675000190734863,19372000
2017-10-31,7.548544883728027,8.600000381469727,8.600000381469727,8.475000381469727,8.600000381469727,11946000
2017-11-01,7.526600360870361,8.574999809265137,8.625,8.5,8.600000381469727,5225000
2017-11-02,7.329111099243164,8.350000381469727,8.550000190734863,8.300000190734863,8.5,23124000
2017-11-03,7.351053714752197,8.375,8.375,8.274999618530273,8.324999809265137,9239000
2017-11-06,7.285223484039307,8.300000190734863,8.449999809265137,8.149999618530273,8.324999809265137,11795000
2017-11-07,7.3071675300598145,8.324999809265137,8.324999809265137,8.199999809265137,8.300000190734863,7674000
2017-11-08,7.241335868835449,8.25,8.300000190734863,8.175000190734863,8.225000381469727,10943000
2017-11-09,7.2193922996521,8.225000381469727,8.25,8.125,8.25,9046000
2017-11-10,7.2193922996521,8.225000381469727,8.25,8.149999618530273,8.225000381469727,3790000
2017-11-13,7.175506114959717,8.175000190734863,8.300000190734863,8.149999618530273,8.300000190734863,4685000
2017-11-14,7.263278961181641,8.274999618530273,8.350000381469727,8.175000190734863,8.175000190734863,7226000
2017-11-15,7.3071675300598145,8.324999809265137,8.375,8.25,8.274999618530273,6431000
2017-11-16,7.4388275146484375,8.475000381469727,8.550000190734863,8.225000381469727,8.274999618530273,12624000
2017-11-17,7.526600360870361,8.574999809265137,8.574999809265137,8.375,8.574999809265137,13540000
2017-11-20,7.526600360870361,8.574999809265137,8.600000381469727,8.475000381469727,8.600000381469727,10913000
2017-11-21,7.548544883728027,8.600000381469727,8.600000381469727,8.600000381469727,8.600000381469727,10299000
2017-11-22,7.614375114440918,8.675000190734863,8.675000190734863,8.550000190734863,8.600000381469727,9546000
2017-11-23,7.570488452911377,8.625,8.675000190734863,8.524999618530273,8.649999618530273,6068000
2017-11-24,7.526600360870361,8.574999809265137,8.625,8.449999809265137,8.550000190734863,9037000
2017-11-27,7.5046586990356445,8.550000190734863,8.550000190734863,8.399999618530273,8.475000381469727,5722000
2017-11-28,7.592430591583252,8.649999618530273,8.675000190734863,8.475000381469727,8.524999618530273,7037000
2017-11-29,7.4388275146484375,8.475000381469727,8.675000190734863,8.375,8.675000190734863,11261000
2017-11-30,7.394940376281738,8.425000190734863,8.524999618530273,8.399999618530273,8.475000381469727,42083000
2017-12-01,7.460770606994629,8.5,8.550000190734863,8.399999618530273,8.5,7820000
2017-12-04,7.482714653015137,8.524999618530273,8.574999809265137,8.475000381469727,8.574999809265137,3609000
2017-12-06,7.263278961181641,8.274999618530273,8.399999618530273,8.175000190734863,8.375,34277000
2017-12-07,7.263278961181641,8.274999618530273,8.324999809265137,8.199999809265137,8.324999809265137,9603000
2017-12-08,7.197449207305908,8.199999809265137,8.350000381469727,8.199999809265137,8.274999618530273,10998000
2017-12-12,7.263278961181641,8.274999618530273,8.324999809265137,8.175000190734863,8.199999809265137,5909000
2017-12-13,7.197449207305908,8.199999809265137,8.25,8.175000190734863,8.25,13396000
2017-12-14,6.8902411460876465,7.849999904632568,8.149999618530273,7.800000190734863,8.125,30538000
2017-12-15,6.802467346191406,7.75,7.949999809265137,7.75,7.900000095367432,29982000
2017-12-18,6.626920223236084,7.550000190734863,7.775000095367432,7.525000095367432,7.75,19458000
2017-12-19,6.714693069458008,7.650000095367432,7.699999809265137,7.425000190734863,7.675000190734863,31361000
2017-12-20,6.692749977111816,7.625,7.75,7.525000095367432,7.724999904632568,24169000
2017-12-21,6.648863315582275,7.574999809265137,7.625,7.525000095367432,7.625,13714000
2017-12-22,6.670806407928467,7.599999904632568,7.650000095367432,7.574999809265137,7.625,9116000
2017-12-25,6.539146423339844,7.449999809265137,7.599999904632568,7.449999809265137,7.599999904632568,16539000
2017-12-26,6.363598346710205,7.25,7.5,7.224999904632568,7.474999904632568,20207000
2017-12-27,6.363598346710205,7.25,7.324999809265137,7.0,7.300000190734863,39928000
2017-12-28,6.363598346710205,7.25,7.375,7.199999809265137,7.25,36489000
2017-12-29,6.429428577423096,7.324999809265137,7.449999809265137,7.150000095367432,7.300000190734863,67367000
2018-01-03,6.517201900482178,7.425000190734863,7.574999809265137,7.324999809265137,7.349999904632568,36831000
2018-01-04,6.583033561706543,7.5,7.824999809265137,7.474999904632568,7.5,37977000
2018-01-05,6.626920223236084,7.550000190734863,7.675000190734863,7.525000095367432,7.525000095367432,17609000
2018-01-08,6.714693069458008,7.650000095367432,7.699999809265137,7.599999904632568,7.599999904632568,13808000
2018-01-09,6.780523777008057,7.724999904632568,7.724999904632568,7.724999904632568,7.724999904632568,1811000
2018-01-10,6.583033561706543,7.5,7.724999904632568,7.5,7.724999904632568,17422000
2018-01-11,6.692749977111816,7.625,7.650000095367432,7.525000095367432,7.550000190734863,6647000
2018-01-12,6.604976654052734,7.525000095367432,7.574999809265137,7.5,7.525000095367432,8887000
2018-01-15,6.583033561706543,7.5,7.599999904632568,7.449999809265137,7.550000190734863,5557000
2018-01-16,6.692749977111816,7.625,7.650000095367432,7.5,7.5,11499000
2018-01-17,6.736637592315674,7.675000190734863,7.699999809265137,7.599999904632568,7.625,9037000
2018-01-18,6.758579730987549,7.699999809265137,7.75,7.650000095367432,7.699999809265137,8381000
2018-01-19,6.758579730987549,7.699999809265137,7.75,7.675000190734863,7.724999904632568,9687000
2018-01-22,6.714693069458008,7.650000095367432,7.699999809265137,7.625,7.699999809265137,6077000
2018-01-23,6.758579730987549,7.699999809265137,7.75,7.650000095367432,7.650000095367432,9998000
2018-01-24,6.714693069458008,7.650000095367432,7.699999809265137,7.650000095367432,7.699999809265137,8123000
2018-01-25,6.736637592315674,7.675000190734863,7.724999904632568,7.650000095367432,7.650000095367432,9456000
2018-01-26,6.670806407928467,7.599999904632568,7.675000190734863,7.574999809265137,7.650000095367432,20293000
2018-01-29,6.714693069458008,7.650000095367432,7.699999809265137,7.599999904632568,7.599999904632568,18357000
2018-01-30,6.802467346191406,7.75,7.75,7.574999809265137,7.650000095367432,8854000
2018-01-31,6.758579730987549,7.699999809265137,7.75,7.650000095367432,7.724999904632568,9077000
2018-02-01,6.4952592849731445,7.400000095367432,7.699999809265137,7.400000095367432,7.699999809265137,21053000
2018-02-02,6.363598346710205,7.25,7.400000095367432,7.25,7.400000095367432,9049000
2018-02-05,6.407485485076904,7.300000190734863,7.349999904632568,7.275000095367432,7.300000190734863,11699000
2018-02-06,6.319710731506348,7.199999809265137,7.275000095367432,7.125,7.275000095367432,9003000
2018-02-07,6.319710731506348,7.199999809265137,7.300000190734863,7.199999809265137,7.300000190734863,6531000
2018-02-08,6.2977681159973145,7.175000190734863,7.25,7.175000190734863,7.199999809265137,10466000
2018-02-09,6.275825023651123,7.150000095367432,7.275000095367432,7.125,7.199999809265137,7318000
2018-02-12,6.275825023651123,7.150000095367432,7.275000095367432,7.150000095367432,7.150000095367432,5084000
2018-02-13,6.363598346710205,7.25,7.324999809265137,7.199999809265137,7.199999809265137,6631000
2018-02-14,6.341655254364014,7.224999904632568,7.275000095367432,7.175000190734863,7.25,5059000
2018-02-15,6.319710731506348,7.199999809265137,7.25,7.175000190734863,7.224999904632568,1635000
2018-02-16,6.2977681159973145,7.175000190734863,7.25,7.125,7.224999904632568,5822000
2018-02-19,6.319710731506348,7.199999809265137,7.199999809265137,7.150000095367432,7.175000190734863,3853000
2018-02-20,6.253881454467773,7.125,7.25,7.125,7.175000190734863,5807000
2018-02-21,5.990560054779053,6.824999809265137,7.150000095367432,6.824999809265137,7.125,13884000
2018-02-22,6.012503623962402,6.849999904632568,6.900000095367432,6.800000190734863,6.900000095367432,7080000
2018-02-23,5.968616962432861,6.800000190734863,6.925000190734863,6.800000190734863,6.849999904632568,7787000
2018-02-26,5.727238178253174,6.525000095367432,6.824999809265137,6.449999809265137,6.800000190734863,19937000
2018-02-27,5.8588995933532715,6.675000190734863,6.699999809265137,6.574999809265137,6.599999904632568,21387000
2018-02-28,5.968616962432861,6.800000190734863,6.949999809265137,6.75,6.75,31422000
2018-03-02,6.100277423858643,6.949999809265137,7.025000095367432,6.75,6.875,24423000
2018-03-05,6.056389808654785,6.900000095367432,6.949999809265137,6.75,6.949999809265137,13483000
2018-03-06,5.836955547332764,6.650000095367432,6.650000095367432,6.650000095367432,6.650000095367432,1564000
2018-03-07,5.880842208862305,6.699999809265137,6.849999904632568,6.650000095367432,6.650000095367432,15474000
2018-03-08,5.989747524261475,6.599999904632568,6.599999904632568,6.474999904632568,6.474999904632568,6770000
2018-03-09,5.9670586585998535,6.574999809265137,6.650000095367432,6.550000190734863,6.650000095367432,3803000
2018-03-12,6.012435436248779,6.625,6.699999809265137,6.625,6.699999809265137,7418000
2018-03-13,6.148566722869873,6.775000095367432,6.800000190734863,6.650000095367432,6.699999809265137,14709000
2018-03-14,5.989747524261475,6.599999904632568,6.724999904632568,6.574999809265137,6.699999809265137,11676000
2018-03-15,5.944371223449707,6.550000190734863,6.650000095367432,6.550000190734863,6.599999904632568,9223000
2018-03-16,5.989747524261475,6.599999904632568,6.625,6.550000190734863,6.625,16296000
2018-03-19,5.9670586585998535,6.574999809265137,6.650000095367432,6.574999809265137,6.625,4421000
2018-03-20,5.989747524261475,6.599999904632568,6.699999809265137,6.574999809265137,6.599999904632568,5054000
2018-03-21,6.0351243019104,6.650000095367432,6.699999809265137,6.574999809265137,6.599999904632568,4802000
2018-03-22,6.148566722869873,6.775000095367432,6.824999809265137,6.650000095367432,6.699999809265137,9419000
2018-03-23,5.989747524261475,6.599999904632568,6.775000095367432,6.599999904632568,6.699999809265137,9246000
2018-03-26,5.944371223449707,6.550000190734863,6.675000190734863,6.550000190734863,6.675000190734863,4721000
2018-03-27,5.989747524261475,6.599999904632568,6.650000095367432,6.550000190734863,6.574999809265137,3946000
2018-03-28,6.012435436248779,6.625,6.675000190734863,6.574999809265137,6.625,4838000
2018-03-29,6.012435436248779,6.625,6.625,6.550000190734863,6.625,5429000
2018-03-30,6.171255111694336,6.800000190734863,6.800000190734863,6.599999904632568,6.699999809265137,5819000
2018-04-02,6.171255111694336,6.800000190734863,6.800000190734863,6.724999904632568,6.800000190734863,4225000
2018-04-03,6.125877380371094,6.75,6.824999809265137,6.724999904632568,6.775000095367432,8267000
2018-04-04,6.148566722869873,6.775000095367432,6.824999809265137,6.75,6.800000190734863,10047000
2018-04-05,6.216631889343262,6.849999904632568,6.900000095367432,6.775000095367432,6.800000190734863,9738000
2018-04-09,6.080500602722168,6.699999809265137,6.849999904632568,6.650000095367432,6.824999809265137,15658000
2018-04-10,6.352762222290039,7.0,7.0,6.775000095367432,6.800000190734863,15759000
2018-04-11,6.307385444641113,6.949999809265137,7.050000190734863,6.925000190734863,7.0,10340000
2018-04-12,6.307385444641113,6.949999809265137,7.0,6.925000190734863,6.949999809265137,6890000
2018-04-17,6.262008190155029,6.900000095367432,7.050000190734863,6.875,7.0,11965000
2018-04-18,6.443516254425049,7.099999904632568,7.099999904632568,6.900000095367432,6.925000190734863,7167000
2018-04-19,6.511581897735596,7.175000190734863,7.199999809265137,7.050000190734863,7.125,10807000
2018-04-20,6.6023359298706055,7.275000095367432,7.375,7.125,7.199999809265137,12231000
2018-04-23,6.647711753845215,7.324999809265137,7.400000095367432,7.275000095367432,7.300000190734863,14340000
2018-04-24,6.556958198547363,7.224999904632568,7.449999809265137,7.224999904632568,7.425000190734863,12506000
2018-04-25,6.670400619506836,7.349999904632568,7.349999904632568,7.199999809265137,7.25,5970000
2018-04-26,6.511581897735596,7.175000190734863,7.400000095367432,7.175000190734863,7.324999809265137,10319000
2018-04-27,6.216631889343262,6.849999904632568,7.150000095367432,6.824999809265137,7.150000095367432,21802000
2018-04-30,6.103189468383789,6.724999904632568,6.875,6.574999809265137,6.849999904632568,23873000
2018-05-02,6.0351243019104,6.650000095367432,6.75,6.5,6.724999904632568,21146000
2018-05-03,5.989747524261475,6.599999904632568,6.675000190734863,6.449999809265137,6.625,30147000
2018-05-04,5.853616237640381,6.449999809265137,6.550000190734863,6.425000190734863,6.5,35835000
2018-05-07,5.830927848815918,6.425000190734863,6.525000095367432,6.425000190734863,6.474999904632568,14660000
2018-05-08,5.9670586585998535,6.574999809265137,6.574999809265137,6.425000190734863,6.449999809265137,28641000
2018-05-09,5.921681880950928,6.525000095367432,6.574999809265137,6.525000095367432,6.574999809265137,18800000
2018-05-10,5.921681880950928,6.525000095367432,6.574999809265137,6.474999904632568,6.5,21016000
2018-05-11,5.944371223449707,6.550000190734863,6.550000190734863,6.449999809265137,6.525000095367432,12582000
2018-05-14,5.898993968963623,6.5,6.574999809265137,6.449999809265137,6.574999809265137,11755000
2018-05-15,5.876304626464844,6.474999904632568,6.525000095367432,6.349999904632568,6.525000095367432,18022000
2018-05-16,5.830927848815918,6.425000190734863,6.574999809265137,6.400000095367432,6.449999809265137,14541000
2018-05-17,5.7628631591796875,6.349999904632568,6.5,6.349999904632568,6.425000190734863,10360000
2018-05-18,5.717486381530762,6.300000190734863,6.400000095367432,6.275000095367432,6.324999809265137,20343000
2018-05-21,5.717486381530762,6.300000190734863,6.400000095367432,6.300000190734863,6.349999904632568,4944000
2018-05-22,5.876304626464844,6.474999904632568,6.550000190734863,6.324999809265137,6.324999809265137,13423000
2018-05-23,5.876304626464844,6.474999904632568,6.550000190734863,6.449999809265137,6.550000190734863,7080000
2018-05-24,6.012435436248779,6.625,6.625,6.474999904632568,6.5,22951000
2018-05-25,6.103189468383789,6.724999904632568,6.75,6.574999809265137,6.574999809265137,25763000
2018-05-28,5.9670586585998535,6.574999809265137,6.699999809265137,6.550000190734863,6.699999809265137,8029000
2018-05-30,5.853616237640381,6.449999809265137,6.574999809265137,6.449999809265137,6.525000095367432,10482000
2018-05-31,5.853616237640381,6.449999809265137,6.550000190734863,6.425000190734863,6.425000190734863,20630000
2018-06-01,5.921681880950928,6.525000095367432,6.550000190734863,6.474999904632568,6.5,8086000
2018-06-04,5.898993968963623,6.5,6.525000095367432,6.474999904632568,6.5,5861000
2018-06-05,5.876304626464844,6.474999904632568,6.550000190734863,6.400000095367432,6.525000095367432,8957000
2018-06-06,5.8082404136657715,6.400000095367432,6.474999904632568,6.400000095367432,6.474999904632568,9271000
2018-06-07,5.830927848815918,6.425000190734863,6.474999904632568,6.400000095367432,6.400000095367432,5091000
2018-06-08,5.944371223449707,6.550000190734863,6.550000190734863,6.425000190734863,6.449999809265137,8807000
2018-06-11,5.8082404136657715,6.400000095367432,6.550000190734863,6.400000095367432,6.550000190734863,20361000
2018-06-12,5.830927848815918,6.425000190734863,6.449999809265137,6.400000095367432,6.425000190734863,3393000
2018-06-13,5.830927848815918,6.425000190734863,6.474999904632568,6.375,6.474999904632568,4140000
2018-06-14,5.853616237640381,6.449999809265137,6.449999809265137,6.375,6.425000190734863,10232000
2018-06-15,5.535978317260742,6.099999904632568,6.449999809265137,6.099999904632568,6.400000095367432,41141000
2018-06-18,5.445225715637207,6.0,6.199999809265137,5.949999809265137,6.125,16080000
2018-06-19,5.490602016448975,6.050000190734863,6.125,6.0,6.050000190734863,14061000
2018-06-20,5.513289928436279,6.074999809265137,6.099999904632568,6.0,6.099999904632568,9507000
2018-06-21,5.490602016448975,6.050000190734863,6.050000190734863,6.0,6.050000190734863,4602000
2018-06-22,5.445225715637207,6.0,6.050000190734863,6.0,6.050000190734863,4140000
2018-06-25,5.399847507476807,5.949999809265137,6.074999809265137,5.949999809265137,6.050000190734863,16035000
2018-06-26,5.150275707244873,5.675000190734863,5.974999904632568,5.675000190734863,5.925000190734863,19945000
2018-06-27,5.104897975921631,5.625,5.724999904632568,5.599999904632568,5.675000190734863,16567000
2018-06-28,5.0368332862854,5.550000190734863,5.724999904632568,5.550000190734863,5.599999904632568,13948000
2018-06-29,5.309094429016113,5.849999904632568,6.050000190734863,5.550000190734863,5.550000190734863,81893000
2018-07-02,5.377159118652344,5.925000190734863,5.925000190734863,5.775000095367432,5.824999809265137,32333000
2018-07-03,5.4225358963012695,5.974999904632568,6.0,5.800000190734863,5.849999904632568,12834000
2018-07-04,5.513289928436279,6.074999809265137,6.099999904632568,5.900000095367432,5.900000095367432,13982000
2018-07-05,5.399847507476807,5.949999809265137,6.150000095367432,5.849999904632568,6.074999809265137,8995000
2018-07-06,5.558667182922363,6.125,6.175000190734863,5.949999809265137,5.949999809265137,16954000
2018-07-09,5.626731872558594,6.199999809265137,6.199999809265137,6.074999809265137,6.175000190734863,6521000
2018-07-10,5.535978317260742,6.099999904632568,6.224999904632568,5.824999809265137,6.224999904632568,22673000
2018-07-11,5.445225715637207,6.0,6.125,5.949999809265137,6.0,16042000
2018-07-12,5.581355571746826,6.150000095367432,6.199999809265137,6.0,6.025000095367432,21109000
2018-07-13,5.694798469543457,6.275000095367432,6.275000095367432,6.150000095367432,6.199999809265137,16350000
2018-07-16,5.740174293518066,6.324999809265137,6.349999904632568,6.150000095367432,6.175000190734863,12895000
2018-07-17,5.8082404136657715,6.400000095367432,6.474999904632568,6.324999809265137,6.324999809265137,18602000
2018-07-18,5.78555154800415,6.375,6.449999809265137,6.300000190734863,6.425000190734863,10939000
2018-07-19,6.0351243019104,6.650000095367432,6.675000190734863,6.525000095367432,6.525000095367432,23592000
2018-07-20,6.125877380371094,6.75,6.800000190734863,6.574999809265137,6.650000095367432,34908000
2018-07-23,6.080500602722168,6.699999809265137,6.800000190734863,6.675000190734863,6.675000190734863,15365000
2018-07-24,6.148566722869873,6.775000095367432,6.849999904632568,6.724999904632568,6.724999904632568,12865000
2018-07-25,6.103189468383789,6.724999904632568,6.800000190734863,6.675000190734863,6.800000190734863,29687000
2018-07-26,6.216631889343262,6.849999904632568,6.875,6.724999904632568,6.75,30529000
2018-07-31,6.330073833465576,6.974999904632568,7.050000190734863,6.875,6.900000095367432,40245000
2018-08-01,6.420827865600586,7.074999809265137,7.125,7.0,7.0,48843000
2018-08-02,6.420827865600586,7.074999809265137,7.099999904632568,7.0,7.074999809265137,29096000
2018-08-03,6.398139476776123,7.050000190734863,7.099999904632568,7.0,7.074999809265137,35959000
2018-08-06,6.352762222290039,7.0,7.074999809265137,7.0,7.074999809265137,22003000
2018-08-07,6.398139476776123,7.050000190734863,7.050000190734863,7.0,7.0,24686000
2018-08-08,6.352762222290039,7.0,7.050000190734863,6.949999809265137,7.050000190734863,17471000
2018-08-09,6.398139476776123,7.050000190734863,7.050000190734863,7.0,7.025000095367432,10810000
2018-08-10,6.375450134277344,7.025000095367432,7.050000190734863,7.0,7.050000190734863,7828000
2018-08-14,6.398139476776123,7.050000190734863,7.050000190734863,7.0,7.025000095367432,8937000
2018-08-15,6.375450134277344,7.025000095367432,7.025000095367432,7.0,7.0,13283000
2018-08-16,6.352762222290039,7.0,7.025000095367432,6.974999904632568,7.0,10016000
2018-08-17,6.330073833465576,6.974999904632568,7.0,6.974999904632568,7.0,11126000
2018-08-20,6.307385444641113,6.949999809265137,7.0,6.925000190734863,7.0,8350000
2018-08-21,6.307385444641113,6.949999809265137,6.974999904632568,6.949999809265137,6.949999809265137,10949000
2018-08-22,6.284696578979492,6.925000190734863,6.974999904632568,6.900000095367432,6.949999809265137,8289000
2018-08-23,6.330073833465576,6.974999904632568,6.974999904632568,6.949999809265137,6.974999904632568,5450000
2018-08-24,6.307385444641113,6.949999809265137,6.974999904632568,6.900000095367432,6.949999809265137,8360000
2018-08-27,6.330073833465576,6.974999904632568,6.974999904632568,6.949999809265137,6.974999904632568,4998000
2018-08-28,6.352762222290039,7.0,7.0,6.949999809265137,6.974999904632568,5278000
2018-08-29,6.330073833465576,6.974999904632568,7.0,6.949999809265137,7.0,4459000
2018-08-30,6.330073833465576,6.974999904632568,7.0,6.974999904632568,7.0,5312000
2018-08-31,6.330073833465576,6.974999904632568,6.974999904632568,6.949999809265137,6.949999809265137,9076000
2018-09-03,6.307385444641113,6.949999809265137,7.0,6.949999809265137,6.949999809265137,12304000
2018-09-04,6.330073833465576,6.974999904632568,6.974999904632568,6.949999809265137,6.949999809265137,6252000
2018-09-05,6.330073833465576,6.974999904632568,6.974999904632568,6.949999809265137,6.949999809265137,6976000
2018-09-06,6.307385444641113,6.949999809265137,6.974999904632568,6.925000190734863,6.974999904632568,12134000
2018-09-07,6.307385444641113,6.949999809265137,6.949999809265137,6.925000190734863,6.925000190734863,8629000
2018-09-10,6.330073833465576,6.974999904632568,6.974999904632568,6.900000095367432,6.925000190734863,17304000
2018-09-11,6.330073833465576,6.974999904632568,6.974999904632568,6.925000190734863,6.974999904632568,6416000
2018-09-12,6.330073833465576,6.974999904632568,6.974999904632568,6.925000190734863,6.949999809265137,4334000
2018-09-13,6.352762222290039,7.0,7.0,6.925000190734863,6.949999809265137,22216000
2018-09-14,6.330073833465576,6.974999904632568,6.974999904632568,6.925000190734863,6.949999809265137,12325000
2018-09-17,6.284696578979492,6.925000190734863,6.949999809265137,6.925000190734863,6.949999809265137,4747000
2018-09-18,6.284696578979492,6.925000190734863,6.949999809265137,6.900000095367432,6.925000190734863,9542000
2018-09-19,6.307385444641113,6.949999809265137,6.949999809265137,6.900000095367432,6.925000190734863,5458000
2018-09-20,6.307385444641113,6.949999809265137,6.949999809265137,6.925000190734863,6.925000190734863,6142000
2018-09-21,6.307385444641113,6.949999809265137,6.949999809265137,6.900000095367432,6.925000190734863,14100000
2018-09-24,6.307385444641113,6.949999809265137,6.949999809265137,6.925000190734863,6.925000190734863,3987000
2018-09-25,6.330073833465576,6.974999904632568,6.974999904632568,6.925000190734863,6.925000190734863,6856000
2018-09-26,6.284696578979492,6.925000190734863,6.974999904632568,6.925000190734863,6.974999904632568,5652000
2018-09-27,6.330073833465576,6.974999904632568,6.974999904632568,6.925000190734863,6.925000190734863,11477000
2018-09-28,6.330073833465576,6.974999904632568,6.974999904632568,6.949999809265137,6.974999904632568,11428000
2018-10-01,6.330073833465576,6.974999904632568,7.0,6.949999809265137,6.974999904632568,6085000
2018-10-02,6.307385444641113,6.949999809265137,6.974999904632568,6.925000190734863,6.949999809265137,12142000
2018-10-03,6.307385444641113,6.949999809265137,6.974999904632568,6.925000190734863,6.974999904632568,2746000
2018-10-04,6.330073833465576,6.974999904632568,6.974999904632568,6.949999809265137,6.974999904632568,8041000
2018-10-05,6.307385444641113,6.949999809265137,6.974999904632568,6.949999809265137,6.974999904632568,3298000
2018-10-08,6.307385444641113,6.949999809265137,6.974999904632568,6.949999809265137,6.949999809265137,8254000
2018-10-09,6.307385444641113,6.949999809265137,6.974999904632568,6.925000190734863,6.949999809265137,9989000
2018-10-10,6.330073833465576,6.974999904632568,6.974999904632568,6.925000190734863,6.974999904632568,8046000
2018-10-11,6.262008190155029,6.900000095367432,6.974999904632568,6.875,6.949999809265137,22167000
2018-10-12,6.307385444641113,6.949999809265137,6.949999809265137,6.900000095367432,6.900000095367432,10801000
2018-10-16,6.307385444641113,6.949999809265137,6.974999904632568,6.900000095367432,6.949999809265137,14909000
2018-10-17,6.262008190155029,6.900000095367432,6.949999809265137,6.900000095367432,6.949999809265137,3404000
2018-10-18,6.262008190155029,6.900000095367432,6.949999809265137,6.875,6.875,9197000
2018-10-19,6.284696578979492,6.925000190734863,6.925000190734863,6.875,6.900000095367432,5427000
2018-10-22,6.262008190155029,6.900000095367432,6.949999809265137,6.900000095367432,6.925000190734863,2375000
2018-10-24,6.171255111694336,6.800000190734863,6.925000190734863,6.800000190734863,6.900000095367432,13804000
2018-10-25,6.171255111694336,6.800000190734863,6.800000190734863,6.675000190734863,6.724999904632568,10154000
2018-10-26,6.125877380371094,6.75,6.849999904632568,6.699999809265137,6.849999904632568,3911000
2018-10-29,6.262008190155029,6.900000095367432,6.900000095367432,6.75,6.75,13238000
2018-10-30,6.262008190155029,6.900000095367432,6.900000095367432,6.800000190734863,6.800000190734863,7225000
2018-10-31,6.262008190155029,6.900000095367432,6.925000190734863,6.849999904632568,6.900000095367432,9905000
2018-11-01,6.284696578979492,6.925000190734863,6.949999809265137,6.849999904632568,6.875,9649000
2018-11-02,6.307385444641113,6.949999809265137,6.974999904632568,6.925000190734863,6.974999904632568,6925000
2018-11-05,6.307385444641113,6.949999809265137,6.949999809265137,6.900000095367432,6.900000095367432,3648000
2018-11-06,6.284696578979492,6.925000190734863,6.974999904632568,6.900000095367432,6.925000190734863,9525000
2018-11-07,6.284696578979492,6.925000190734863,6.949999809265137,6.849999904632568,6.925000190734863,14906000
2018-11-08,6.262008190155029,6.900000095367432,6.974999904632568,6.875,6.974999904632568,4052000
2018-11-09,6.262008190155029,6.900000095367432,6.925000190734863,6.849999904632568,6.849999904632568,2692000
2018-11-12,6.239320278167725,6.875,6.949999809265137,6.875,6.949999809265137,2429000
2018-11-13,6.239320278167725,6.875,6.900000095367432,6.824999809265137,6.824999809265137,5537000
2018-11-14,6.262008190155029,6.900000095367432,6.900000095367432,6.849999904632568,6.849999904632568,5369000
2018-11-15,6.216631889343262,6.849999904632568,6.900000095367432,6.849999904632568,6.900000095367432,5114000
2018-11-16,6.262008190155029,6.900000095367432,6.900000095367432,6.824999809265137,6.824999809265137,7578000
2018-11-19,6.262008190155029,6.900000095367432,6.900000095367432,6.875,6.900000095367432,5063000
2018-11-20,6.239320278167725,6.875,6.900000095367432,6.849999904632568,6.849999904632568,5542000
2018-11-21,6.239320278167725,6.875,6.900000095367432,6.849999904632568,6.849999904632568,3231000
2018-11-22,6.216631889343262,6.849999904632568,6.900000095367432,6.849999904632568,6.849999904632568,7989000
2018-11-23,6.262008190155029,6.900000095367432,6.900000095367432,6.824999809265137,6.849999904632568,7122000
2018-11-26,6.216631889343262,6.849999904632568,6.875,6.824999809265137,6.875,5567000
2018-11-27,6.262008190155029,6.900000095367432,6.900000095367432,6.824999809265137,6.824999809265137,6596000
2018-11-28,6.239320278167725,6.875,6.900000095367432,6.824999809265137,6.849999904632568,7106000
2018-11-29,6.262008190155029,6.900000095367432,6.925000190734863,6.849999904632568,6.900000095367432,9155000
2018-11-30,6.330073833465576,6.974999904632568,6.974999904632568,6.875,6.925000190734863,31046000
2018-12-03,6.307385444641113,6.949999809265137,7.025000095367432,6.925000190734863,7.0,13904000
2018-12-04,6.352762222290039,7.0,7.0,6.949999809265137,7.0,13693000
2018-12-06,6.330073833465576,6.974999904632568,7.0,6.925000190734863,6.949999809265137,16274000
2018-12-07,6.284696578979492,6.925000190734863,6.974999904632568,6.925000190734863,6.974999904632568,7151000
2018-12-11,6.352762222290039,7.0,7.0,6.925000190734863,6.925000190734863,8141000
2018-12-12,6.352762222290039,7.0,7.050000190734863,6.949999809265137,7.050000190734863,6884000
2018-12-13,6.352762222290039,7.0,7.0,6.949999809265137,6.974999904632568,6293000
2018-12-14,6.284696578979492,6.925000190734863,7.0,6.925000190734863,7.0,10975000
2018-12-17,6.284696578979492,6.925000190734863,6.974999904632568,6.900000095367432,6.949999809265137,4284000
2018-12-18,6.352762222290039,7.0,7.0,6.925000190734863,6.949999809265137,11619000
2018-12-19,6.352762222290039,7.0,7.0,6.949999809265137,7.0,12680000
2018-12-20,6.352762222290039,7.0,7.025000095367432,6.949999809265137,6.949999809265137,8631000
2018-12-21,6.330073833465576,6.974999904632568,7.0,6.949999809265137,6.949999809265137,16922000
2018-12-24,6.284696578979492,6.925000190734863,6.974999904632568,6.925000190734863,6.949999809265137,6395000
2018-12-25,6.307385444641113,6.949999809265137,6.974999904632568,6.900000095367432,6.900000095367432,5222000
2018-12-26,6.262008190155029,6.900000095367432,6.925000190734863,6.900000095367432,6.900000095367432,3789000
2018-12-27,6.239320278167725,6.875,6.974999904632568,6.849999904632568,6.974999904632568,15059000
2018-12-28,6.307385444641113,6.949999809265137,6.974999904632568,6.849999904632568,6.875,8909000
2019-01-02,6.262008190155029,6.900000095367432,6.974999904632568,6.900000095367432,6.974999904632568,2216000
2019-01-03,6.284696578979492,6.925000190734863,6.949999809265137,6.900000095367432,6.900000095367432,6884000
2019-01-04,6.239320278167725,6.875,6.925000190734863,6.875,6.900000095367432,8933000
2019-01-07,6.239320278167725,6.875,6.925000190734863,6.875,6.875,6083000
2019-01-08,6.239320278167725,6.875,6.900000095367432,6.875,6.875,4191000
2019-01-09,6.216631889343262,6.849999904632568,6.900000095367432,6.849999904632568,6.875,9586000
2019-01-10,6.262008190155029,6.900000095367432,6.925000190734863,6.800000190734863,6.824999809265137,10235000
2019-01-11,6.262008190155029,6.900000095367432,6.925000190734863,6.849999904632568,6.925000190734863,7060000
2019-01-14,6.262008190155029,6.900000095367432,6.925000190734863,6.875,6.900000095367432,6001000
2019-01-15,6.262008190155029,6.900000095367432,6.900000095367432,6.849999904632568,6.875,3246000
2019-01-16,6.262008190155029,6.900000095367432,6.900000095367432,6.875,6.900000095367432,2376000
2019-01-17,6.284696578979492,6.925000190734863,6.925000190734863,6.900000095367432,6.900000095367432,4309000
2019-01-18,6.284696578979492,6.925000190734863,6.949999809265137,6.900000095367432,6.949999809265137,11947000
2019-01-21,6.284696578979492,6.925000190734863,6.925000190734863,6.900000095367432,6.925000190734863,5923000
2019-01-22,6.284696578979492,6.925000190734863,6.949999809265137,6.900000095367432,6.925000190734863,6345000
2019-01-23,6.262008190155029,6.900000095367432,6.925000190734863,6.900000095367432,6.900000095367432,9698000
2019-01-24,6.284696578979492,6.925000190734863,6.925000190734863,6.900000095367432,6.925000190734863,5094000
2019-01-25,6.330073833465576,6.974999904632568,7.0,6.925000190734863,6.925000190734863,17394000
2019-01-28,6.307385444641113,6.949999809265137,6.974999904632568,6.900000095367432,6.974999904632568,22253000
2019-01-29,6.307385444641113,6.949999809265137,6.974999904632568,6.925000190734863,6.949999809265137,6546000
2019-01-30,6.330073833465576,6.974999904632568,6.974999904632568,6.925000190734863,6.949999809265137,10329000
2019-01-31,6.307385444641113,6.949999809265137,6.974999904632568,6.925000190734863,6.949999809265137,11784000
2019-02-01,6.330073833465576,6.974999904632568,6.974999904632568,6.949999809265137,6.974999904632568,6073000
2019-02-04,6.330073833465576,6.974999904632568,6.974999904632568,6.949999809265137,6.974999904632568,4713000
2019-02-05,6.307385444641113,6.949999809265137,6.974999904632568,6.949999809265137,6.949999809265137,2776000
2019-02-06,6.330073833465576,6.974999904632568,6.974999904632568,6.949999809265137,6.949999809265137,4817000
2019-02-07,6.307385444641113,6.949999809265137,6.974999904632568,6.925000190734863,6.949999809265137,10385000
2019-02-08,6.284696578979492,6.925000190734863,6.974999904632568,6.925000190734863,6.974999904632568,3730000
2019-02-11,6.284696578979492,6.925000190734863,6.949999809265137,6.925000190734863,6.925000190734863,2118000
2019-02-12,6.330073833465576,6.974999904632568,6.974999904632568,6.925000190734863,6.949999809265137,9841000
2019-02-13,6.443516254425049,7.099999904632568,7.324999809265137,6.974999904632568,6.974999904632568,21113000
2019-02-14,6.420827865600586,7.074999809265137,7.125,7.050000190734863,7.099999904632568,16002000
2019-02-15,6.443516254425049,7.099999904632568,7.125,7.050000190734863,7.074999809265137,28984000
2019-02-18,6.488893508911133,7.150000095367432,7.150000095367432,7.099999904632568,7.125,39290000
2019-02-20,6.511581897735596,7.175000190734863,7.199999809265137,7.150000095367432,7.199999809265137,91766000
2019-02-21,6.488893508911133,7.150000095367432,7.175000190734863,7.099999904632568,7.175000190734863,150575000
2019-02-22,6.556958198547363,7.224999904632568,7.224999904632568,7.125,7.150000095367432,108895000
2019-02-25,6.6023359298706055,7.275000095367432,7.275000095367432,7.199999809265137,7.199999809265137,55068000
2019-02-26,6.579646587371826,7.25,7.275000095367432,7.224999904632568,7.25,61867000
2019-02-27,6.579646587371826,7.25,7.275000095367432,7.25,7.25,11674000
2019-02-28,6.579646587371826,7.25,7.275000095367432,7.25,7.25,53094000
2019-03-01,6.5843329429626465,7.025000095367432,7.050000190734863,7.025000095367432,7.050000190734863,31512000
2019-03-04,6.5843329429626465,7.025000095367432,7.050000190734863,7.025000095367432,7.025000095367432,27791000
2019-03-05,6.5843329429626465,7.025000095367432,7.050000190734863,7.025000095367432,7.025000095367432,13776000
2019-03-06,6.5843329429626465,7.025000095367432,7.074999809265137,7.025000095367432,7.025000095367432,24135000
2019-03-07,6.607765197753906,7.050000190734863,7.099999904632568,7.025000095367432,7.025000095367432,28105000
2019-03-08,6.607765197753906,7.050000190734863,7.074999809265137,7.050000190734863,7.050000190734863,5423000
2019-03-11,6.607765197753906,7.050000190734863,7.074999809265137,7.050000190734863,7.074999809265137,35807000
2019-03-12,6.607765197753906,7.050000190734863,7.074999809265137,7.050000190734863,7.050000190734863,8430000
2019-03-13,6.607765197753906,7.050000190734863,7.074999809265137,7.050000190734863,7.050000190734863,14765000
2019-03-14,6.607765197753906,7.050000190734863,7.074999809265137,7.050000190734863,7.050000190734863,12877000
2019-03-15,6.607765197753906,7.050000190734863,7.074999809265137,7.025000095367432,7.050000190734863,72269000
2019-03-18,6.63119649887085,7.074999809265137,7.074999809265137,7.050000190734863,7.050000190734863,8344000
2019-03-19,6.63119649887085,7.074999809265137,7.074999809265137,7.050000190734863,7.050000190734863,8856000
2019-03-20,6.607765197753906,7.050000190734863,7.074999809265137,7.050000190734863,7.050000190734863,18215000
2019-03-21,6.607765197753906,7.050000190734863,7.074999809265137,7.050000190734863,7.074999809265137,23048000
2019-03-22,6.63119649887085,7.074999809265137,7.074999809265137,7.025000095367432,7.050000190734863,18478000
2019-03-25,6.607765197753906,7.050000190734863,7.074999809265137,7.025000095367432,7.050000190734863,35891000
2019-03-26,6.63119649887085,7.074999809265137,7.074999809265137,7.050000190734863,7.050000190734863,8945000
2019-03-27,6.63119649887085,7.074999809265137,7.099999904632568,7.050000190734863,7.050000190734863,16821000
2019-03-28,6.678060531616211,7.125,7.125,6.949999809265137,7.074999809265137,6669000
2019-03-29,6.654628276824951,7.099999904632568,7.099999904632568,7.025000095367432,7.099999904632568,3912000
2019-04-01,6.560901641845703,7.0,7.099999904632568,6.974999904632568,7.099999904632568,3378000
2019-04-02,6.5843329429626465,7.025000095367432,7.074999809265137,6.974999904632568,7.0,3350000
2019-04-03,6.396878719329834,6.824999809265137,7.0,6.75,6.974999904632568,10137000
2019-04-04,7.498173713684082,8.0,8.0,6.775000095367432,6.800000190734863,31496000
2019-04-05,7.310718536376953,7.800000190734863,7.849999904632568,7.199999809265137,7.25,24800000
2019-04-09,7.451310157775879,7.949999809265137,8.0,7.625,7.699999809265137,19342000
2019-04-10,7.404445648193359,7.900000095367432,7.974999904632568,7.849999904632568,7.900000095367432,7482000
2019-04-11,7.310718536376953,7.800000190734863,7.900000095367432,7.75,7.849999904632568,7045000
2019-04-12,7.310718536376953,7.800000190734863,7.824999809265137,7.724999904632568,7.75,11984000
2019-04-17,7.334150314331055,7.824999809265137,7.949999809265137,7.800000190734863,7.800000190734863,16003000
2019-04-18,7.334150314331055,7.824999809265137,7.824999809265137,7.650000095367432,7.800000190734863,13310000
2019-04-19,7.0764007568359375,7.550000190734863,7.75,7.550000190734863,7.75,6739000
2019-04-22,7.006104946136475,7.474999904632568,7.550000190734863,7.449999809265137,7.525000095367432,6585000
2019-04-23,7.170127868652344,7.650000095367432,7.675000190734863,7.5,7.5,11446000
2019-04-24,7.170127868652344,7.650000095367432,7.724999904632568,7.599999904632568,7.724999904632568,8262000
2019-04-25,7.146696090698242,7.625,7.699999809265137,7.574999809265137,7.625,7700000
2019-04-26,6.842082977294922,7.300000190734863,7.574999809265137,7.300000190734863,7.574999809265137,11239000
2019-04-29,6.935810089111328,7.400000095367432,7.425000190734863,7.324999809265137,7.349999904632568,3166000
2019-04-30,7.006104946136475,7.474999904632568,7.5,7.349999904632568,7.400000095367432,8262000
2019-05-02,7.123264312744141,7.599999904632568,7.650000095367432,7.5,7.525000095367432,10322000
2019-05-03,6.9592413902282715,7.425000190734863,7.599999904632568,7.400000095367432,7.5,5348000
2019-05-07,6.935810089111328,7.400000095367432,7.5,7.375,7.400000095367432,8529000
2019-05-08,6.9592413902282715,7.425000190734863,7.449999809265137,7.300000190734863,7.400000095367432,5151000
2019-05-09,6.842082977294922,7.300000190734863,7.449999809265137,7.300000190734863,7.449999809265137,2462000
2019-05-10,6.818652153015137,7.275000095367432,7.400000095367432,7.25,7.375,5340000
2019-05-13,6.654628276824951,7.099999904632568,7.25,6.949999809265137,7.25,5215000
2019-05-14,6.18599271774292,6.599999904632568,7.125,6.550000190734863,7.125,18425000
2019-05-15,6.162560939788818,6.574999809265137,6.75,6.550000190734863,6.599999904632568,7448000
2019-05-16,6.232856273651123,6.650000095367432,6.875,6.550000190734863,6.574999809265137,9808000
2019-05-17,6.115697383880615,6.525000095367432,6.650000095367432,6.5,6.574999809265137,6405000
2019-05-21,5.881380081176758,6.275000095367432,6.675000190734863,6.275000095367432,6.5,23660000
2019-05-22,5.8345160484313965,6.224999904632568,6.375,6.199999809265137,6.224999904632568,22449000
2019-05-23,5.459607124328613,5.824999809265137,6.224999904632568,5.800000190734863,6.199999809265137,25357000
2019-05-24,5.459607124328613,5.824999809265137,5.925000190734863,5.775000095367432,5.800000190734863,18521000
2019-05-27,5.342447757720947,5.699999809265137,5.849999904632568,5.599999904632568,5.800000190734863,27210000
2019-05-28,5.248720645904541,5.599999904632568,5.625,5.449999809265137,5.5,226573000
2019-05-29,5.365880489349365,5.724999904632568,5.849999904632568,5.599999904632568,5.699999809265137,31094000
2019-05-30,5.7173566818237305,6.099999904632568,6.199999809265137,5.699999809265137,5.724999904632568,40498000
2019-05-31,5.951674938201904,6.349999904632568,6.550000190734863,6.0,6.050000190734863,23550000
2019-06-04,5.904811859130859,6.300000190734863,6.375,6.224999904632568,6.324999809265137,16047000
2019-06-05,5.904811859130859,6.300000190734863,6.349999904632568,6.224999904632568,6.300000190734863,12463000
2019-06-06,5.881380081176758,6.275000095367432,6.324999809265137,6.224999904632568,6.224999904632568,6627000
2019-06-07,5.8345160484313965,6.224999904632568,6.324999809265137,6.199999809265137,6.275000095367432,6550000
2019-06-10,5.811083793640137,6.199999809265137,6.275000095367432,6.199999809265137,6.224999904632568,7934000
2019-06-11,5.904811859130859,6.300000190734863,6.300000190734863,6.224999904632568,6.224999904632568,9932000
2019-06-12,5.8345160484313965,6.224999904632568,6.349999904632568,6.224999904632568,6.275000095367432,6097000
2019-06-13,5.904811859130859,6.300000190734863,6.375,6.224999904632568,6.224999904632568,7586000
2019-06-14,5.9282426834106445,6.324999809265137,6.349999904632568,6.275000095367432,6.275000095367432,3330000
2019-06-17,5.881380081176758,6.275000095367432,6.400000095367432,6.275000095367432,6.324999809265137,4590000
2019-06-18,5.975106716156006,6.375,6.525000095367432,6.224999904632568,6.224999904632568,11208000
2019-06-19,6.256289005279541,6.675000190734863,6.775000095367432,6.425000190734863,6.425000190734863,18116000
2019-06-20,6.350015640258789,6.775000095367432,6.875,6.650000095367432,6.724999904632568,14392000
2019-06-21,6.420310974121094,6.849999904632568,6.925000190734863,6.724999904632568,6.75,30501000
2019-06-24,6.303152084350586,6.724999904632568,7.050000190734863,6.724999904632568,6.900000095367432,13382000
2019-06-25,6.420310974121094,6.849999904632568,6.974999904632568,6.699999809265137,6.75,13909000
2019-06-26,6.443742275238037,6.875,6.925000190734863,6.800000190734863,6.800000190734863,7913000
2019-06-27,6.396878719329834,6.824999809265137,6.900000095367432,6.824999809265137,6.849999904632568,9472000
2019-06-28,6.373447418212891,6.800000190734863,6.824999809265137,6.699999809265137,6.775000095367432,8212000
2019-07-01,6.396878719329834,6.824999809265137,6.974999904632568,6.824999809265137,6.900000095367432,9256000
2019-07-02,6.350015640258789,6.775000095367432,6.824999809265137,6.724999904632568,6.824999809265137,5375000
2019-07-03,6.326582908630371,6.75,6.875,6.724999904632568,6.875,5414000
2019-07-04,6.092266082763672,6.5,6.775000095367432,6.449999809265137,6.724999904632568,6754000
2019-07-05,6.092266082763672,6.5,6.525000095367432,6.449999809265137,6.474999904632568,4001000
2019-07-08,5.787652492523193,6.175000190734863,6.474999904632568,6.150000095367432,6.449999809265137,8370000
2019-07-09,5.623630523681641,6.0,6.150000095367432,5.949999809265137,6.074999809265137,14880000
2019-07-10,5.6704936027526855,6.050000190734863,6.074999809265137,5.949999809265137,6.0,10117000
2019-07-11,5.6704936027526855,6.050000190734863,6.199999809265137,6.050000190734863,6.074999809265137,7605000
2019-07-12,5.576765537261963,5.949999809265137,6.099999904632568,5.900000095367432,6.074999809265137,7048000
2019-07-15,5.6704936027526855,6.050000190734863,6.125,5.949999809265137,5.974999904632568,5317000
2019-07-17,5.6001973152160645,5.974999904632568,6.050000190734863,5.949999809265137,6.025000095367432,5510000
2019-07-18,5.5533342361450195,5.925000190734863,6.0,5.900000095367432,5.974999904632568,3726000
2019-07-19,5.483038902282715,5.849999904632568,6.0,5.824999809265137,6.0,7251000
2019-07-22,5.1784257888793945,5.525000095367432,5.849999904632568,5.525000095367432,5.824999809265137,15753000
2019-07-23,5.1784257888793945,5.525000095367432,5.650000095367432,5.525000095367432,5.574999809265137,9656000
2019-07-24,5.1784257888793945,5.525000095367432,5.599999904632568,5.525000095367432,5.525000095367432,6209000
2019-07-25,5.061266899108887,5.400000095367432,5.699999809265137,5.375,5.550000190734863,18356000
2019-07-26,5.10813045501709,5.449999809265137,5.5,5.400000095367432,5.425000190734863,7992000
2019-07-30,5.10813045501709,5.449999809265137,5.474999904632568,5.400000095367432,5.449999809265137,3289000
2019-07-31,4.9675397872924805,5.300000190734863,5.425000190734863,5.224999904632568,5.400000095367432,14112000
2019-08-01,4.756653308868408,5.074999809265137,5.324999809265137,5.074999809265137,5.25,12567000
2019-08-02,4.686358451843262,5.0,5.175000190734863,4.974999904632568,5.050000190734863,15760000
2019-08-05,4.686358451843262,5.0,5.074999809265137,4.949999809265137,5.0,5417000
2019-08-06,4.592630863189697,4.900000095367432,4.974999904632568,4.849999904632568,4.949999809265137,9030000
2019-08-07,4.686358451843262,5.0,5.0,4.900000095367432,4.900000095367432,10804000
2019-08-08,4.826949119567871,5.150000095367432,5.150000095367432,5.0,5.0,5673000
2019-08-09,4.733222484588623,5.050000190734863,5.25,5.025000095367432,5.150000095367432,7651000
2019-08-13,4.662925720214844,4.974999904632568,5.099999904632568,4.949999809265137,5.025000095367432,6126000
2019-08-14,4.780085563659668,5.099999904632568,5.099999904632568,4.949999809265137,5.0,8981000
2019-08-15,4.780085563659668,5.099999904632568,5.199999809265137,5.050000190734863,5.199999809265137,10141000
2019-08-16,4.780085563659668,5.099999904632568,5.099999904632568,5.025000095367432,5.050000190734863,5176000
2019-08-19,4.756653308868408,5.074999809265137,5.074999809265137,5.0,5.025000095367432,6132000
2019-08-20,4.709789752960205,5.025000095367432,5.099999904632568,4.974999904632568,5.025000095367432,6730000
2019-08-21,5.037835121154785,5.375,5.449999809265137,5.0,5.050000190734863,6549000
2019-08-22,4.826949119567871,5.150000095367432,5.25,5.099999904632568,5.25,12120000
2019-08-23,4.8035173416137695,5.125,5.150000095367432,5.099999904632568,5.125,2299000
2019-08-26,4.686358451843262,5.0,5.050000190734863,4.949999809265137,5.050000190734863,3426000
2019-08-27,4.498903751373291,4.800000190734863,4.949999809265137,4.75,4.949999809265137,9368000
2019-08-28,4.35831356048584,4.650000095367432,4.800000190734863,4.625,4.775000095367432,6042000
2019-08-29,4.592630863189697,4.900000095367432,4.974999904632568,4.650000095367432,4.699999809265137,6895000
2019-08-30,4.569199562072754,4.875,4.925000190734863,4.824999809265137,4.849999904632568,10439000
2019-09-02,4.405176162719727,4.699999809265137,4.849999904632568,4.699999809265137,4.800000190734863,8722000
2019-09-03,4.288018226623535,4.574999809265137,4.724999904632568,4.574999809265137,4.699999809265137,7693000
2019-09-04,4.35831356048584,4.650000095367432,4.699999809265137,4.550000190734863,4.650000095367432,3522000
2019-09-05,4.452040195465088,4.75,4.800000190734863,4.675000190734863,4.699999809265137,9118000
2019-09-06,4.733222484588623,5.050000190734863,5.125,4.775000095367432,4.800000190734863,22441000
2019-09-09,4.522336006164551,4.824999809265137,5.0,4.800000190734863,5.0,12963000
2019-09-10,4.545767307281494,4.849999904632568,4.875,4.775000095367432,4.849999904632568,8160000
2019-09-11,4.686358451843262,5.0,5.025000095367432,4.849999904632568,4.875,15477000
2019-09-12,4.639494895935059,4.949999809265137,5.050000190734863,4.900000095367432,5.025000095367432,14578000
2019-09-13,4.662925720214844,4.974999904632568,5.025000095367432,4.925000190734863,4.974999904632568,5343000
2019-09-16,4.733222484588623,5.050000190734863,5.074999809265137,4.974999904632568,5.0,2860000
2019-09-17,4.756653308868408,5.074999809265137,5.175000190734863,5.074999809265137,5.099999904632568,18865000
2019-09-18,4.498903751373291,4.800000190734863,5.074999809265137,4.775000095367432,5.074999809265137,15678000
2019-09-19,4.498903751373291,4.800000190734863,4.875,4.724999904632568,4.824999809265137,4344000
2019-09-20,4.545767307281494,4.849999904632568,4.849999904632568,4.75,4.849999904632568,5472000
2019-09-23,4.592630863189697,4.900000095367432,4.949999809265137,4.849999904632568,4.875,2474000
2019-09-24,4.616062641143799,4.925000190734863,4.925000190734863,4.800000190734863,4.849999904632568,3511000
2019-09-25,4.639494895935059,4.949999809265137,4.974999904632568,4.875,4.925000190734863,2545000
2019-09-26,4.545767307281494,4.849999904632568,4.974999904632568,4.824999809265137,4.974999904632568,4442000
2019-09-27,4.662925720214844,4.974999904632568,4.974999904632568,4.800000190734863,4.824999809265137,6746000
2019-09-30,4.639494895935059,4.949999809265137,4.974999904632568,4.849999904632568,4.949999809265137,6084000
2019-10-01,4.545767307281494,4.849999904632568,4.925000190734863,4.849999904632568,4.900000095367432,2134000
2019-10-02,4.522336006164551,4.824999809265137,4.900000095367432,4.775000095367432,4.800000190734863,7481000
2019-10-03,4.686358451843262,5.0,5.0,4.75,4.800000190734863,9680000
2019-10-04,4.686358451843262,5.0,5.050000190734863,4.925000190734863,5.025000095367432,4850000
2019-10-07,4.756653308868408,5.074999809265137,5.099999904632568,4.925000190734863,5.0,5188000
2019-10-08,4.780085563659668,5.099999904632568,5.099999904632568,5.0,5.099999904632568,6215000
2019-10-09,4.780085563659668,5.099999904632568,5.099999904632568,5.0,5.074999809265137,4180000
2019-10-10,4.873812198638916,5.199999809265137,5.224999904632568,5.025000095367432,5.074999809265137,12333000
2019-10-11,4.920676231384277,5.25,5.300000190734863,5.175000190734863,5.199999809265137,7245000
2019-10-15,4.944108009338379,5.275000095367432,5.400000095367432,5.25,5.275000095367432,6973000
2019-10-16,4.780085563659668,5.099999904632568,5.349999904632568,5.074999809265137,5.275000095367432,8900000
2019-10-17,4.8503804206848145,5.175000190734863,5.300000190734863,5.074999809265137,5.099999904632568,10724000
2019-10-18,4.826949119567871,5.150000095367432,5.324999809265137,5.150000095367432,5.175000190734863,26203000
2019-10-21,4.686358451843262,5.0,5.224999904632568,4.949999809265137,5.150000095367432,9235000
2019-10-22,4.709789752960205,5.025000095367432,5.050000190734863,4.949999809265137,5.025000095367432,5904000
2019-10-24,4.662925720214844,4.974999904632568,5.025000095367432,4.875,4.974999904632568,3347000
2019-10-25,4.592630863189697,4.900000095367432,4.925000190734863,4.824999809265137,4.900000095367432,5944000
2019-10-28,4.405176162719727,4.699999809265137,4.875,4.650000095367432,4.875,6828000
2019-10-29,3.9834041595458984,4.25,4.550000190734863,4.224999904632568,4.5,15053000
2019-10-30,4.030267715454102,4.300000190734863,4.300000190734863,4.199999809265137,4.224999904632568,11236000
2019-10-31,4.123995304107666,4.400000095367432,4.449999809265137,4.199999809265137,4.300000190734863,12158000
2019-11-01,4.170859336853027,4.449999809265137,4.5,4.25,4.349999904632568,7438000
2019-11-04,4.452040195465088,4.75,4.775000095367432,4.449999809265137,4.449999809265137,5770000
2019-11-05,4.311450004577637,4.599999904632568,4.675000190734863,4.574999809265137,4.625,4851000
2019-11-06,4.35831356048584,4.650000095367432,4.824999809265137,4.525000095367432,4.525000095367432,5597000
2019-11-07,4.4286088943481445,4.724999904632568,4.75,4.599999904632568,4.599999904632568,11449000
2019-11-08,4.4286088943481445,4.724999904632568,4.775000095367432,4.724999904632568,4.724999904632568,7297000
2019-11-11,4.311450004577637,4.599999904632568,4.675000190734863,4.574999809265137,4.675000190734863,5103000
2019-11-12,4.33488130569458,4.625,4.625,4.5,4.574999809265137,3543000
2019-11-13,4.217722415924072,4.5,4.574999809265137,4.449999809265137,4.550000190734863,5839000
2019-11-14,4.217722415924072,4.5,4.574999809265137,4.449999809265137,4.525000095367432,3589000
2019-11-15,4.264586448669434,4.550000190734863,4.550000190734863,4.474999904632568,4.5,3357000
2019-11-18,4.311450004577637,4.599999904632568,4.650000095367432,4.550000190734863,4.550000190734863,3631000
2019-11-19,4.241154193878174,4.525000095367432,4.625,4.5,4.574999809265137,3266000
2019-11-20,4.123995304107666,4.400000095367432,4.5,4.375,4.425000190734863,5021000
2019-11-21,4.123995304107666,4.400000095367432,4.449999809265137,4.349999904632568,4.349999904632568,4713000
2019-11-22,4.170859336853027,4.449999809265137,4.474999904632568,4.400000095367432,4.400000095367432,2285000
2019-11-25,4.33488130569458,4.625,4.650000095367432,4.5,4.5,5444000
2019-11-26,4.381744861602783,4.675000190734863,4.675000190734863,4.550000190734863,4.650000095367432,3800000
2019-11-27,4.33488130569458,4.625,4.699999809265137,4.574999809265137,4.675000190734863,4624000
2019-11-28,4.33488130569458,4.625,4.699999809265137,4.574999809265137,4.675000190734863,3775000
2019-11-29,4.35831356048584,4.650000095367432,4.675000190734863,4.574999809265137,4.625,2650000
2019-12-02,4.4754719734191895,4.775000095367432,4.824999809265137,4.650000095367432,4.675000190734863,6565000
2019-12-03,4.4754719734191895,4.775000095367432,4.800000190734863,4.699999809265137,4.775000095367432,5039000
2019-12-04,4.452040195465088,4.75,4.800000190734863,4.650000095367432,4.775000095367432,7327000
2019-12-06,4.4754719734191895,4.775000095367432,4.925000190734863,4.724999904632568,4.800000190734863,4648000
2019-12-09,4.522336006164551,4.824999809265137,4.875,4.775000095367432,4.824999809265137,4089000
2019-12-11,4.4754719734191895,4.775000095367432,4.849999904632568,4.75,4.775000095367432,3742000
2019-12-12,4.452040195465088,4.75,4.849999904632568,4.75,4.824999809265137,8549000
2019-12-13,4.498903751373291,4.800000190734863,4.875,4.75,4.800000190734863,6958000
2019-12-16,4.33488130569458,4.625,4.800000190734863,4.625,4.724999904632568,2820000
2019-12-17,4.241154193878174,4.525000095367432,4.599999904632568,4.425000190734863,4.599999904632568,4625000
2019-12-18,4.288018226623535,4.574999809265137,4.599999904632568,4.5,4.550000190734863,2515000
2019-12-19,4.498903751373291,4.800000190734863,4.824999809265137,4.650000095367432,4.724999904632568,10920000
2019-12-20,4.522336006164551,4.824999809265137,4.974999904632568,4.775000095367432,4.775000095367432,15260000
2019-12-23,4.616062641143799,4.925000190734863,5.0,4.824999809265137,4.824999809265137,5344000
2019-12-24,4.709789752960205,5.025000095367432,5.099999904632568,4.949999809265137,4.974999904632568,6697000
2019-12-25,4.733222484588623,5.050000190734863,5.050000190734863,4.949999809265137,4.949999809265137,8687000
2019-12-26,4.944108009338379,5.275000095367432,5.275000095367432,4.974999904632568,4.974999904632568,8122000
2019-12-27,4.990971565246582,5.324999809265137,5.724999904632568,5.224999904632568,5.275000095367432,40291000
2019-12-30,5.014402866363525,5.349999904632568,5.449999809265137,5.25,5.300000190734863,11508000
2020-01-02,4.8503804206848145,5.175000190734863,5.375,5.125,5.349999904632568,10778000
2020-01-03,4.826949119567871,5.150000095367432,5.300000190734863,5.150000095367432,5.150000095367432,9647000
2020-01-06,4.709789752960205,5.025000095367432,5.125,4.900000095367432,5.099999904632568,6337000
2020-01-07,4.686358451843262,5.0,5.125,4.974999904632568,5.050000190734863,6354000
2020-01-08,4.616062641143799,4.925000190734863,4.974999904632568,4.849999904632568,4.875,6263000
2020-01-09,4.9675397872924805,5.300000190734863,5.349999904632568,5.050000190734863,5.050000190734863,12328000
2020-01-10,5.014402866363525,5.349999904632568,5.474999904632568,5.300000190734863,5.449999809265137,6004000
2020-01-13,5.131561279296875,5.474999904632568,5.5,5.324999809265137,5.400000095367432,12391000
2020-01-14,4.826949119567871,5.150000095367432,5.574999809265137,5.099999904632568,5.525000095367432,14973000
2020-01-15,4.873812198638916,5.199999809265137,5.199999809265137,5.099999904632568,5.199999809265137,5527000
2020-01-16,4.780085563659668,5.099999904632568,5.199999809265137,5.025000095367432,5.199999809265137,6710000
2020-01-17,4.944108009338379,5.275000095367432,5.349999904632568,5.099999904632568,5.150000095367432,19210000
2020-01-20,4.9675397872924805,5.300000190734863,5.349999904632568,5.224999904632568,5.300000190734863,6211000
2020-01-21,5.014402866363525,5.349999904632568,5.349999904632568,5.275000095367432,5.349999904632568,7204000
2020-01-22,5.248720645904541,5.599999904632568,5.599999904632568,5.324999809265137,5.324999809265137,13988000
2020-01-23,5.014402866363525,5.349999904632568,5.625,5.300000190734863,5.550000190734863,13915000
2020-01-24,5.037835121154785,5.375,5.449999809265137,5.300000190734863,5.400000095367432,5354000
2020-01-27,5.084698677062988,5.425000190734863,5.449999809265137,5.300000190734863,5.324999809265137,15601000
2020-01-28,4.686358451843262,5.0,5.400000095367432,4.949999809265137,5.400000095367432,14156000
2020-01-29,4.873812198638916,5.199999809265137,5.300000190734863,5.0,5.050000190734863,8648000
2020-01-30,4.873812198638916,5.199999809265137,5.275000095367432,5.074999809265137,5.150000095367432,9562000
2020-01-31,5.1784257888793945,5.525000095367432,5.525000095367432,5.099999904632568,5.099999904632568,13188000
2020-02-03,5.10813045501709,5.449999809265137,5.5,5.375,5.474999904632568,6970000
2020-02-04,5.154994010925293,5.5,5.5,5.375,5.474999904632568,7844000
2020-02-05,5.225289344787598,5.574999809265137,5.599999904632568,5.449999809265137,5.5,9306000
2020-02-06,5.295584201812744,5.650000095367432,5.824999809265137,5.525000095367432,5.525000095367432,14945000
2020-02-07,5.295584201812744,5.650000095367432,5.724999904632568,5.599999904632568,5.650000095367432,9303000
2020-02-11,5.319016933441162,5.675000190734863,5.724999904632568,5.625,5.675000190734863,3748000
2020-02-12,5.436175346374512,5.800000190734863,5.824999809265137,5.650000095367432,5.650000095367432,6212000
2020-02-13,5.529902458190918,5.900000095367432,5.949999809265137,5.699999809265137,5.800000190734863,12298000
2020-02-14,5.529902458190918,5.900000095367432,5.974999904632568,5.900000095367432,5.900000095367432,6899000
2020-02-17,5.6704936027526855,6.050000190734863,6.050000190734863,5.875,5.875,7168000
2020-02-18,5.131561279296875,5.474999904632568,6.0,5.425000190734863,5.974999904632568,16855000
2020-02-19,5.272152900695801,5.625,5.650000095367432,5.375,5.5,12121000
2020-02-20,5.319016933441162,5.675000190734863,5.75,5.599999904632568,5.75,4854000
2020-02-21,5.365880489349365,5.724999904632568,5.775000095367432,5.625,5.625,8807000
2020-02-24,5.037835121154785,5.375,5.675000190734863,5.349999904632568,5.675000190734863,9487000
2020-02-25,5.1784257888793945,5.525000095367432,5.650000095367432,5.300000190734863,5.400000095367432,7660000
2020-02-26,5.10813045501709,5.449999809265137,5.599999904632568,5.375,5.550000190734863,5068000
2020-02-27,5.084698677062988,5.425000190734863,5.574999809265137,5.300000190734863,5.574999809265137,6848000
2020-02-28,4.84718656539917,5.0,5.150000095367432,4.875,5.025000095367432,7777000
2020-03-02,4.84718656539917,5.0,5.25,4.824999809265137,5.099999904632568,4697000
2020-03-03,4.750242710113525,4.900000095367432,5.099999904632568,4.824999809265137,5.0,6057000
2020-03-04,4.8229498863220215,4.974999904632568,5.125,4.875,4.974999904632568,5562000
2020-03-05,4.84718656539917,5.0,5.150000095367432,4.875,4.900000095367432,7485000
2020-03-06,4.677535057067871,4.824999809265137,4.900000095367432,4.775000095367432,4.849999904632568,7413000
2020-03-09,4.435175895690918,4.574999809265137,5.099999904632568,4.5,4.974999904632568,8385000
2020-03-10,4.483647346496582,4.625,4.650000095367432,4.449999809265137,4.5,7819000
2020-03-11,4.192815780639648,4.324999809265137,4.599999904632568,4.275000095367432,4.550000190734863,7961000
2020-03-12,3.489973783493042,3.5999999046325684,4.0,3.5,3.825000047683716,12685000
2020-03-13,3.3687946796417236,3.4749999046325684,3.700000047683716,2.700000047683716,2.799999952316284,12287000
2020-03-16,3.029491424560547,3.125,3.450000047683716,2.950000047683716,3.25,8464000
2020-03-17,2.9083120822906494,3.0,3.2750000953674316,2.950000047683716,3.0250000953674316,8990000
2020-03-18,3.053727626800537,3.1500000953674316,3.2750000953674316,3.0,3.049999952316284,6711000
2020-03-19,3.1991429328918457,3.299999952316284,3.299999952316284,3.0250000953674316,3.0250000953674316,6153000
2020-03-20,3.441502094268799,3.549999952316284,3.674999952316284,3.424999952316284,3.424999952316284,11588000
2020-03-23,3.053727626800537,3.1500000953674316,3.5250000953674316,3.125,3.375,8633000
2020-03-24,2.9810194969177246,3.075000047683716,3.299999952316284,3.0,3.25,10140000
2020-03-25,3.223378896713257,3.325000047683716,3.4000000953674316,3.174999952316284,3.4000000953674316,5035000
2020-03-26,3.223378896713257,3.325000047683716,3.375,3.200000047683716,3.200000047683716,4683000
2020-03-27,3.3687946796417236,3.4749999046325684,3.5250000953674316,3.4000000953674316,3.5,6020000
2020-03-30,3.2718505859375,3.375,3.375,3.375,3.375,562000
2020-03-31,3.2960867881774902,3.4000000953674316,3.5250000953674316,3.375,3.375,7845000
2020-04-01,3.2960867881774902,3.4000000953674316,3.575000047683716,3.375,3.4000000953674316,10630000
2020-04-02,3.2960867881774902,3.4000000953674316,3.5,3.375,3.450000047683716,6234000
2020-04-03,3.247614622116089,3.3499999046325684,3.450000047683716,3.325000047683716,3.4000000953674316,4660000
2020-04-07,3.5626819133758545,3.674999952316284,3.7249999046325684,3.5,3.5999999046325684,15336000
2020-04-08,3.5384459495544434,3.6500000953674316,3.674999952316284,3.549999952316284,3.674999952316284,7741000
2020-04-09,3.635389804840088,3.75,3.9000000953674316,3.7249999046325684,3.799999952316284,12305000
2020-04-10,3.683861494064331,3.799999952316284,3.9000000953674316,3.75,3.799999952316284,7632000
2020-04-13,3.659625768661499,3.7750000953674316,3.825000047683716,3.700000047683716,3.75,6548000
2020-04-14,3.8292770385742188,3.950000047683716,3.9749999046325684,3.825000047683716,3.825000047683716,14149000
2020-04-15,3.732333183288574,3.8499999046325684,4.050000190734863,3.799999952316284,3.950000047683716,13291000
2020-04-16,3.708097457885742,3.825000047683716,3.924999952316284,3.799999952316284,3.924999952316284,6886000
2020-04-17,3.8050413131713867,3.924999952316284,3.924999952316284,3.799999952316284,3.9000000953674316,6663000
2020-04-20,3.9504566192626953,4.074999809265137,4.150000095367432,3.924999952316284,3.924999952316284,13947000
2020-04-21,3.877749443054199,4.0,4.074999809265137,3.875,4.0,10231000
2020-04-22,3.877749443054199,4.0,4.099999904632568,4.0,4.025000095367432,18623000
2020-04-23,3.901984930038452,4.025000095367432,4.125,4.025000095367432,4.025000095367432,15402000
2020-04-24,3.7808053493499756,3.9000000953674316,4.074999809265137,3.875,4.074999809265137,10274000
2020-04-27,4.023164749145508,4.150000095367432,4.224999904632568,3.950000047683716,3.9749999046325684,19420000
2020-04-28,4.192815780639648,4.324999809265137,4.599999904632568,4.150000095367432,4.25,27965000
2020-04-29,4.3624677658081055,4.5,4.574999809265137,4.400000095367432,4.425000190734863,13454000
2020-04-30,4.338231563568115,4.474999904632568,4.599999904632568,4.375,4.574999809265137,17042000
2020-05-05,4.2170515060424805,4.349999904632568,4.425000190734863,4.275000095367432,4.400000095367432,8038000
2020-05-07,4.338231563568115,4.474999904632568,4.574999809265137,4.349999904632568,4.375,13937000
2020-05-08,4.435175895690918,4.574999809265137,4.650000095367432,4.525000095367432,4.574999809265137,12923000
2020-05-11,4.459412097930908,4.599999904632568,4.675000190734863,4.574999809265137,4.599999904632568,7581000
2020-05-12,4.726006984710693,4.875,5.25,4.625,4.625,37128000
2020-05-13,5.041073322296143,5.199999809265137,5.300000190734863,4.900000095367432,4.900000095367432,27186000
2020-05-14,5.380377292633057,5.550000190734863,5.574999809265137,5.150000095367432,5.175000190734863,18240000
2020-05-15,5.719679832458496,5.900000095367432,5.900000095367432,5.574999809265137,5.599999904632568,27840000
2020-05-18,5.719679832458496,5.900000095367432,6.175000190734863,5.900000095367432,6.0,13013000
2020-05-19,5.671207904815674,5.849999904632568,6.050000190734863,5.75,6.050000190734863,15433000
2020-05-20,5.695444107055664,5.875,5.925000190734863,5.849999904632568,5.900000095367432,10666000
2020-05-21,5.671207904815674,5.849999904632568,5.925000190734863,5.849999904632568,5.849999904632568,10199000
2020-05-22,5.695444107055664,5.875,5.925000190734863,5.775000095367432,5.775000095367432,5452000
2020-05-25,5.816624164581299,6.0,6.0,5.800000190734863,5.949999809265137,3810000
2020-05-26,5.743915557861328,5.925000190734863,6.099999904632568,5.925000190734863,6.099999904632568,6531000
2020-05-27,5.695444107055664,5.875,6.0,5.824999809265137,6.0,4374000
2020-05-28,5.525792121887207,5.699999809265137,5.949999809265137,5.699999809265137,5.949999809265137,4851000
2020-05-29,5.331904888153076,5.5,5.775000095367432,5.199999809265137,5.699999809265137,13166000
2020-06-01,5.307668209075928,5.474999904632568,5.650000095367432,5.400000095367432,5.5,7548000
2020-06-02,5.501556873321533,5.675000190734863,5.675000190734863,5.5,5.550000190734863,5669000
2020-06-04,5.4046125411987305,5.574999809265137,5.900000095367432,5.525000095367432,5.900000095367432,15704000
2020-06-05,5.380377292633057,5.550000190734863,5.625,5.449999809265137,5.625,7674000
2020-06-08,5.283432960510254,5.449999809265137,5.574999809265137,5.400000095367432,5.5,13636000
2020-06-09,5.307668209075928,5.474999904632568,5.675000190734863,5.474999904632568,5.474999904632568,13117000
2020-06-10,5.501556873321533,5.675000190734863,5.675000190734863,5.400000095367432,5.525000095367432,17011000
2020-06-11,5.646972179412842,5.824999809265137,5.824999809265137,5.599999904632568,5.699999809265137,20090000
2020-06-12,5.574263572692871,5.75,5.75,5.574999809265137,5.699999809265137,12079000
2020-06-15,5.356141090393066,5.525000095367432,5.675000190734863,5.349999904632568,5.599999904632568,8500000
2020-06-16,5.186489105224609,5.349999904632568,5.849999904632568,5.300000190734863,5.849999904632568,13842000
2020-06-17,5.162253379821777,5.324999809265137,5.400000095367432,5.199999809265137,5.199999809265137,12495000
2020-06-18,5.23496150970459,5.400000095367432,5.474999904632568,5.25,5.25,7600000
2020-06-19,5.065310001373291,5.224999904632568,5.425000190734863,5.224999904632568,5.425000190734863,10697000
2020-06-22,5.186489105224609,5.349999904632568,5.349999904632568,5.199999809265137,5.25,12428000
2020-06-23,5.138017654418945,5.300000190734863,5.425000190734863,5.275000095367432,5.400000095367432,5365000
2020-06-24,5.23496150970459,5.400000095367432,5.574999809265137,5.275000095367432,5.324999809265137,21632000
2020-06-25,5.23496150970459,5.400000095367432,5.474999904632568,5.25,5.300000190734863,11841000
2020-06-26,5.23496150970459,5.400000095367432,5.425000190734863,5.349999904632568,5.400000095367432,6940000
2020-06-29,5.2107253074646,5.375,5.375,5.199999809265137,5.324999809265137,19405000
2020-06-30,5.2107253074646,5.375,5.425000190734863,5.199999809265137,5.400000095367432,50468000
2020-07-01,5.622735977172852,5.800000190734863,5.824999809265137,5.400000095367432,5.400000095367432,30456000
2020-07-02,5.622735977172852,5.800000190734863,5.849999904632568,5.75,5.800000190734863,6289000
2020-07-03,5.671207904815674,5.849999904632568,5.875,5.775000095367432,5.849999904632568,8496000
2020-07-07,5.792387008666992,5.974999904632568,6.199999809265137,5.925000190734863,5.925000190734863,30261000
2020-07-08,5.695444107055664,5.875,6.050000190734863,5.875,6.0,9787000
2020-07-09,5.865095615386963,6.050000190734863,6.125,5.900000095367432,5.925000190734863,23371000
2020-07-10,6.737589359283447,6.949999809265137,6.949999809265137,6.099999904632568,6.099999904632568,82783000
2020-07-13,7.585846424102783,7.824999809265137,7.925000190734863,6.949999809265137,6.974999904632568,94474000
2020-07-14,7.367722988128662,7.599999904632568,8.274999618530273,7.400000095367432,8.25,68394000
2020-07-15,7.561610698699951,7.800000190734863,7.824999809265137,7.574999809265137,7.724999904632568,34755000
2020-07-16,7.561610698699951,7.800000190734863,7.824999809265137,7.599999904632568,7.800000190734863,20516000
2020-07-17,7.561610698699951,7.800000190734863,8.0,7.724999904632568,7.800000190734863,45872000
2020-07-20,7.73126220703125,7.974999904632568,7.974999904632568,7.724999904632568,7.824999809265137,28289000
2020-07-21,8.191743850708008,8.449999809265137,8.949999809265137,8.074999809265137,8.100000381469727,80339000
2020-07-22,8.458340644836426,8.725000381469727,9.175000190734863,8.574999809265137,8.649999618530273,90425000
2020-07-23,8.434103012084961,8.699999809265137,8.899999618530273,8.625,8.649999618530273,26940000
2020-07-24,8.724935531616211,9.0,9.350000381469727,8.75,8.850000381469727,61567000
2020-07-29,10.033675193786621,10.350000381469727,10.350000381469727,9.475000381469727,9.5,90615000
2020-07-30,11.53630256652832,11.899999618530273,11.899999618530273,10.949999809265137,11.350000381469727,124759000
2020-07-31,11.003113746643066,11.350000381469727,12.399999618530273,11.300000190734863,12.399999618530273,97185000
2020-08-03,11.924077987670898,12.300000190734863,12.300000190734863,10.600000381469727,11.0,120370000
2020-08-04,11.003113746643066,11.350000381469727,12.399999618530273,11.350000381469727,12.0,138041000
2020-08-05,11.293944358825684,11.649999618530273,11.850000381469727,11.350000381469727,11.550000190734863,61783000
2020-08-06,10.760754585266113,11.100000381469727,11.600000381469727,11.100000381469727,11.600000381469727,36440000
2020-08-07,11.003113746643066,11.350000381469727,11.699999809265137,11.149999618530273,11.25,48575000
2020-08-10,10.906168937683105,11.25,11.5,11.25,11.449999809265137,12361000
2020-08-11,10.615336418151855,10.949999809265137,11.5,10.800000190734863,11.350000381469727,32761000
2020-08-13,10.46992301940918,10.800000190734863,11.350000381469727,10.800000190734863,11.300000190734863,39526000
2020-08-14,9.985204696655273,10.300000190734863,11.149999618530273,10.300000190734863,10.899999618530273,28442000
2020-08-17,10.179091453552246,10.5,10.949999809265137,10.300000190734863,10.399999618530273,32758000
2020-08-18,10.712282180786133,11.050000190734863,11.149999618530273,10.350000381469727,10.350000381469727,30302000
2020-08-19,10.518394470214844,10.850000381469727,11.199999809265137,10.600000381469727,11.050000190734863,27198000
2020-08-20,10.46992301940918,10.800000190734863,11.050000190734863,10.600000381469727,10.600000381469727,16971000
2020-08-21,10.663809776306152,11.0,11.149999618530273,10.850000381469727,10.949999809265137,26646000
2020-08-24,12.021021842956543,12.399999618530273,12.5,11.0,11.199999809265137,79091000
2020-08-25,11.051584243774414,11.399999618530273,12.300000190734863,11.350000381469727,12.25,70191000
2020-08-26,11.293944358825684,11.649999618530273,11.800000190734863,11.350000381469727,11.5,31171000
2020-08-27,11.342415809631348,11.699999809265137,11.899999618530273,11.649999618530273,11.75,22719000
2020-08-28,11.342415809631348,11.699999809265137,11.899999618530273,11.600000381469727,11.800000190734863,21143000
2020-08-31,11.197000503540039,11.550000190734863,11.800000190734863,11.300000190734863,11.800000190734863,16763000
2020-09-01,11.53630256652832,11.899999618530273,12.0,11.600000381469727,11.600000381469727,27077000
2020-09-02,12.069494247436523,12.449999809265137,12.5,11.800000190734863,11.899999618530273,47397000
2020-09-03,11.584774017333984,11.949999809265137,12.850000381469727,11.899999618530273,12.449999809265137,55876000
2020-09-08,11.342415809631348,11.699999809265137,11.850000381469727,11.550000190734863,11.75,21991000
2020-09-09,11.681717872619629,12.050000190734863,12.050000190734863,11.5,11.600000381469727,20235000
2020-09-10,11.972550392150879,12.350000381469727,12.350000381469727,11.699999809265137,12.0,33258000
2020-09-11,11.53630256652832,11.899999618530273,12.5,11.899999618530273,12.350000381469727,15390000
2020-09-14,11.633248329162598,12.0,12.100000381469727,11.850000381469727,11.899999618530273,11915000
2020-09-15,12.166439056396484,12.550000190734863,12.649999618530273,11.949999809265137,12.0,23433000
2020-09-16,13.475178718566895,13.899999618530273,13.899999618530273,12.5,12.600000381469727,71071000
2020-09-17,13.572122573852539,14.0,14.399999618530273,13.300000190734863,13.800000190734863,66667000
2020-09-18,14.202255249023438,14.649999618530273,14.649999618530273,13.899999618530273,14.0,51927000
2020-09-21,13.766008377075195,14.199999809265137,14.850000381469727,14.149999618530273,14.649999618530273,34253000
2020-09-22,14.832389831542969,15.300000190734863,15.5,14.100000381469727,14.100000381469727,70265000
2020-09-23,14.686973571777344,15.149999618530273,15.449999809265137,15.0,15.350000381469727,30000000
2020-09-24,15.123221397399902,15.600000381469727,15.649999618530273,15.050000190734863,15.100000381469727,52048000
2020-09-25,14.832389831542969,15.300000190734863,15.800000190734863,15.199999809265137,15.699999809265137,36276000
2020-09-28,14.396142959594727,14.850000381469727,15.5,14.800000190734863,15.449999809265137,33545000
2020-09-29,15.026277542114258,15.5,16.100000381469727,15.0,15.050000190734863,78268000
2020-09-30,15.171692848205566,15.649999618530273,15.699999809265137,15.199999809265137,15.449999809265137,32258000
2020-10-01,15.947242736816406,16.450000762939453,16.549999237060547,15.649999618530273,15.649999618530273,41940000
2020-10-02,16.965150833129883,17.5,17.799999237060547,16.600000381469727,16.649999618530273,54554000
2020-10-05,17.013622283935547,17.549999237060547,17.850000381469727,17.049999237060547,17.649999618530273,51224000
2020-10-06,16.57737922668457,17.100000381469727,17.649999618530273,17.100000381469727,17.649999618530273,37706000
2020-10-07,17.35292625427246,17.899999618530273,18.25,17.149999618530273,17.25,52980000
2020-10-08,18.952497482299805,19.549999237060547,20.5,17.950000762939453,18.0,99018000
2020-10-09,18.75861167907715,19.350000381469727,20.200000762939453,19.25,19.899999618530273,39284000
2020-10-12,18.952497482299805,19.549999237060547,19.850000381469727,19.25,19.5,26203000
2020-10-14,19.38874626159668,20.0,20.0,19.399999618530273,19.600000381469727,42062000
2020-10-15,17.934589385986328,18.5,20.100000381469727,18.5,19.850000381469727,64226000
2020-10-16,17.837648391723633,18.399999618530273,19.049999237060547,18.0,18.649999618530273,45978000
2020-10-19,18.03153419494629,18.600000381469727,18.799999237060547,18.299999237060547,18.600000381469727,31874000
2020-10-20,17.595287322998047,18.149999618530273,18.700000762939453,18.149999618530273,18.649999618530273,19806000
2020-10-21,17.837648391723633,18.399999618530273,18.700000762939453,18.299999237060547,18.350000381469727,17325000
2020-10-22,17.30445671081543,17.850000381469727,18.350000381469727,17.649999618530273,18.350000381469727,57222000
2020-10-26,17.401399612426758,17.950000762939453,18.149999618530273,17.700000762939453,18.0,14489000
2020-10-27,16.965150833129883,17.5,18.350000381469727,17.5,18.200000762939453,25610000
2020-10-28,18.03153419494629,18.600000381469727,18.799999237060547,17.299999237060547,17.649999618530273,46559000
2020-10-29,17.498340606689453,18.049999237060547,18.75,17.950000762939453,18.450000762939453,21070000
2020-10-30,17.35292625427246,17.899999618530273,18.350000381469727,17.799999237060547,17.950000762939453,13723000
2020-11-02,17.54681396484375,18.100000381469727,18.100000381469727,17.399999618530273,17.799999237060547,27644000
2020-11-03,17.35292625427246,17.899999618530273,18.700000762939453,17.899999618530273,18.200000762939453,29875000
2020-11-04,18.807083129882812,19.399999618530273,19.850000381469727,18.049999237060547,18.049999237060547,70905000
2020-11-05,19.291799545288086,19.899999618530273,19.899999618530273,19.299999237060547,19.850000381469727,40707000
2020-11-06,18.37083625793457,18.950000762939453,19.850000381469727,18.799999237060547,19.850000381469727,36999000
2020-11-09,18.75861167907715,19.350000381469727,19.450000762939453,18.950000762939453,19.350000381469727,22663000
2020-11-10,15.850299835205078,16.350000381469727,18.5,16.100000381469727,17.799999237060547,75057000
2020-11-11,16.189603805541992,16.700000762939453,17.149999618530273,16.399999618530273,16.700000762939453,64621000
2020-11-12,16.81973648071289,17.350000381469727,17.549999237060547,16.850000381469727,16.899999618530273,44587000
2020-11-13,16.965150833129883,17.5,17.75,17.25,17.25,20275000
2020-11-16,17.255985260009766,17.799999237060547,18.0,17.549999237060547,17.75,20181000
2020-11-17,17.595287322998047,18.149999618530273,18.450000762939453,18.0,18.0,15946000
2020-11-18,18.225418090820312,18.799999237060547,19.0,18.350000381469727,18.399999618530273,29991000
2020-11-19,18.85555648803711,19.450000762939453,19.450000762939453,18.950000762939453,18.950000762939453,24358000
2020-11-20,18.4677791595459,19.049999237060547,19.799999237060547,19.0,19.600000381469727,23072000
2020-11-23,19.243331909179688,19.850000381469727,20.200000762939453,19.200000762939453,19.25,40078000
2020-11-24,18.710140228271484,19.299999237060547,19.799999237060547,19.299999237060547,19.649999618530273,21280000
2020-11-25,18.952497482299805,19.549999237060547,19.75,19.350000381469727,19.75,23868000
2020-11-26,21.81233787536621,22.5,22.5,19.649999618530273,19.649999618530273,98934000
2020-11-27,22.878719329833984,23.600000381469727,24.700000762939453,22.799999237060547,22.899999618530273,89900000
2020-11-30,22.394001007080078,23.100000381469727,24.600000381469727,22.299999237060547,24.100000381469727,329128000
2020-12-01,22.103168487548828,22.799999237060547,23.399999618530273,22.600000381469727,23.200000762939453,33948000
2020-12-02,22.490943908691406,23.200000762939453,23.799999237060547,22.700000762939453,23.100000381469727,36933000
2020-12-03,23.945100784301758,24.700000762939453,24.700000762939453,23.0,23.399999618530273,48056000
2020-12-04,24.91453742980957,25.700000762939453,25.700000762939453,24.600000381469727,24.899999618530273,46741000
2020-12-08,31.700599670410156,32.70000076293945,33.20000076293945,25.799999237060547,25.799999237060547,124356000
2020-12-09,33.2516975402832,34.29999923706055,40.599998474121094,33.599998474121094,35.0,170380000
2020-12-14,36.256954193115234,37.400001525878906,37.900001525878906,35.400001525878906,37.79999923706055,75421000
2020-12-15,34.31808090209961,35.400001525878906,37.400001525878906,34.70000076293945,37.400001525878906,47433000
2020-12-16,33.54252624511719,34.599998474121094,36.20000076293945,33.599998474121094,35.900001525878906,36882000
2020-12-17,34.51197052001953,35.599998474121094,36.5,34.099998474121094,34.79999923706055,55503000
2020-12-18,34.996681213378906,36.099998474121094,36.20000076293945,35.29999923706055,35.599998474121094,45366000
2020-12-21,34.996681213378906,36.099998474121094,38.099998474121094,35.599998474121094,35.599998474121094,47757000
2020-12-22,36.64473342895508,37.79999923706055,37.79999923706055,36.400001525878906,36.79999923706055,31988000
2020-12-23,40.716365814208984,42.0,44.400001525878906,37.599998474121094,37.70000076293945,104058000
2020-12-24,51.96183395385742,53.599998474121094,54.400001525878906,40.79999923706055,42.0,156518000
2020-12-25,66.30951690673828,68.4000015258789,68.5999984741211,57.0,57.400001525878906,130888000
2020-12-28,54.288490295410156,56.0,83.80000305175781,56.0,73.0,157339000
2020-12-29,42.46134567260742,43.79999923706055,57.599998474121094,39.599998474121094,49.79999923706055,178884000
2020-12-30,47.114646911621094,48.599998474121094,56.599998474121094,44.20000076293945,44.400001525878906,217976000
2021-01-04,51.18628692626953,52.79999923706055,54.0,48.20000076293945,51.0,94494000
2021-01-05,63.59508514404297,65.5999984741211,65.5999984741211,53.0,55.599998474121094,106759000
2021-01-06,55.06403350830078,56.79999923706055,60.79999923706055,52.599998474121094,57.0,34606000
2021-01-07,54.67626190185547,56.400001525878906,57.400001525878906,54.400001525878906,56.400001525878906,25347000
2021-01-08,69.60559844970703,71.80000305175781,71.80000305175781,58.20000076293945,58.20000076293945,57589000
2021-01-11,72.51390838623047,74.80000305175781,80.4000015258789,68.80000305175781,73.5999984741211,37914000
2021-01-12,70.96281433105469,73.19999694824219,74.80000305175781,68.5999984741211,74.80000305175781,23655000
2021-01-13,67.86060333251953,70.0,74.5999984741211,70.0,74.5999984741211,14594000
2021-01-14,61.07453918457031,63.0,69.19999694824219,61.0,66.0,30393000
2021-01-15,56.227359771728516,58.0,63.20000076293945,54.400001525878906,61.0,25037000
2021-01-18,54.288490295410156,56.0,57.400001525878906,52.599998474121094,54.400001525878906,15299000
2021-01-19,60.29899597167969,62.20000076293945,62.20000076293945,57.599998474121094,58.0,19338000
2021-01-20,58.166236877441406,60.0,61.20000076293945,57.400001525878906,60.20000076293945,16021000
2021-01-21,54.094600677490234,55.79999923706055,59.20000076293945,55.599998474121094,58.400001525878906,16868000
2021-01-22,52.737388610839844,54.400001525878906,57.79999923706055,52.400001525878906,55.79999923706055,22271000
2021-01-25,48.859642028808594,50.400001525878906,54.20000076293945,49.599998474121094,54.0,12330000
2021-01-26,53.90071487426758,55.599998474121094,55.599998474121094,47.400001525878906,48.20000076293945,29089000
2021-01-27,48.66575622558594,50.20000076293945,54.0,50.20000076293945,53.0,15167000
2021-01-28,47.308536529541016,48.79999923706055,52.79999923706055,47.599998474121094,48.0,16034000
2021-01-29,51.18628692626953,52.79999923706055,52.79999923706055,48.400001525878906,50.0,17631000
2021-02-01,47.50242233276367,49.0,52.20000076293945,49.0,52.20000076293945,12272000
2021-02-02,48.47186279296875,50.0,51.0,49.20000076293945,51.0,8527000
2021-02-03,46.53299331665039,48.0,50.20000076293945,48.0,50.0,9522000
2021-02-04,45.75743865966797,47.20000076293945,48.79999923706055,46.400001525878906,48.0,9956000
2021-02-05,44.59410858154297,46.0,47.20000076293945,45.0,46.0,7989000
2021-02-08,43.04301834106445,44.400001525878906,46.79999923706055,44.20000076293945,46.79999923706055,8412000
2021-02-09,39.940818786621094,41.20000076293945,43.79999923706055,40.79999923706055,43.400001525878906,14474000
2021-02-10,41.10414123535156,42.400001525878906,43.599998474121094,41.400001525878906,42.0,14321000
2021-02-11,39.553043365478516,40.79999923706055,42.79999923706055,40.20000076293945,42.79999923706055,8025000
2021-02-15,46.726871490478516,48.20000076293945,49.599998474121094,41.0,41.0,37811000
2021-02-16,42.65523910522461,44.0,45.400001525878906,41.79999923706055,44.20000076293945,14986000
2021-02-17,43.62467575073242,45.0,47.79999923706055,43.599998474121094,43.79999923706055,12411000
2021-02-18,41.29802703857422,42.599998474121094,46.0,42.599998474121094,45.0,8126000
2021-02-19,41.10414123535156,42.400001525878906,44.400001525878906,42.0,42.0,8788000
2021-02-22,38.77749252319336,40.0,42.599998474121094,39.0,42.400001525878906,14166000
2021-02-23,39.940818786621094,41.20000076293945,41.599998474121094,38.099998474121094,40.20000076293945,8290000
2021-02-24,38.29277038574219,39.5,40.400001525878906,39.20000076293945,40.0,7208000
2021-02-25,38.77749252319336,40.0,40.400001525878906,38.29999923706055,40.400001525878906,13384000
2021-03-01,38.77749252319336,40.0,41.400001525878906,37.900001525878906,41.20000076293945,9992000
2021-03-02,34.899742126464844,36.0,37.79999923706055,36.0,37.400001525878906,9284000
2021-03-03,39.35914993286133,40.599998474121094,40.599998474121094,36.0,36.0,16618000
2021-03-04,36.2608528137207,37.099998474121094,38.79999923706055,36.599998474121094,38.79999923706055,21200000
2021-03-05,36.35859298706055,37.20000076293945,38.20000076293945,35.79999923706055,36.0,16424000
2021-03-08,33.2309684753418,34.0,37.0,33.0,37.0,27835000
2021-03-09,33.52418518066406,34.29999923706055,36.79999923706055,33.79999923706055,36.0,37544000
2021-03-10,33.42645263671875,34.20000076293945,35.70000076293945,34.20000076293945,34.79999923706055,33454000
2021-03-11,36.163116455078125,37.0,38.0,33.79999923706055,34.70000076293945,68638000
2021-03-12,33.621925354003906,34.400001525878906,38.79999923706055,34.29999923706055,37.599998474121094,74748000
2021-03-15,33.719661712646484,34.5,35.5,34.20000076293945,35.0,22260000
2021-03-16,32.35132598876953,33.099998474121094,34.5,32.79999923706055,34.29999923706055,32546000
2021-03-17,31.373943328857422,32.099998474121094,33.0,31.700000762939453,32.79999923706055,30930000
2021-03-18,31.27621078491211,32.0,33.900001525878906,32.0,33.099998474121094,32166000
2021-03-19,30.689781188964844,31.399999618530273,32.599998474121094,31.399999618530273,31.600000381469727,86496000
2021-03-22,29.614660263061523,30.299999237060547,31.700000762939453,30.299999237060547,31.299999237060547,23986000
2021-03-23,28.344064712524414,29.0,30.600000381469727,29.0,30.5,26788000
2021-03-24,30.298826217651367,31.0,31.5,28.600000381469727,28.899999618530273,50950000
2021-03-25,28.246326446533203,28.899999618530273,31.100000381469727,28.899999618530273,31.100000381469727,48727000
2021-03-26,28.344064712524414,29.0,30.100000381469727,28.700000762939453,29.299999237060547,40940000
2021-03-29,28.14858627319336,28.799999237060547,29.5,28.700000762939453,29.200000762939453,19501000
2021-03-30,29.223705291748047,29.899999618530273,30.399999618530273,29.0,29.100000381469727,48124000
2021-03-31,28.344064712524414,29.0,30.200000762939453,29.0,30.0,28022000
2021-04-01,31.667163848876953,32.400001525878906,32.599998474121094,29.100000381469727,29.399999618530273,115827000
2021-04-02,34.50156784057617,35.29999923706055,35.900001525878906,33.0,33.0,135737000
2021-04-05,37.042762756347656,37.900001525878906,38.900001525878906,35.20000076293945,37.099998474121094,150296000
2021-04-07,35.38121032714844,36.20000076293945,39.70000076293945,36.0,37.29999923706055,104956000
2021-04-08,36.94502258300781,37.79999923706055,38.099998474121094,36.400001525878906,37.70000076293945,77223000
2021-04-09,36.65180587768555,37.5,38.599998474121094,37.20000076293945,37.20000076293945,55804000
2021-04-12,35.869903564453125,36.70000076293945,38.20000076293945,36.599998474121094,37.400001525878906,46812000
2021-04-16,36.35859298706055,37.20000076293945,37.70000076293945,36.70000076293945,37.70000076293945,38688000
2021-04-19,38.99752426147461,39.900001525878906,40.599998474121094,37.29999923706055,37.5,90685000
2021-04-20,37.629188537597656,38.5,40.0,38.29999923706055,39.70000076293945,46493000
2021-04-21,37.629188537597656,38.5,40.20000076293945,38.400001525878906,38.79999923706055,58697000
2021-04-22,37.23823547363281,38.099998474121094,39.0,37.400001525878906,38.900001525878906,33573000
2021-04-23,37.14049530029297,38.0,38.599998474121094,37.70000076293945,38.099998474121094,22850000
2021-04-26,37.82466506958008,38.70000076293945,38.900001525878906,38.0,38.20000076293945,28597000
2021-04-27,37.23823547363281,38.099998474121094,39.70000076293945,38.099998474121094,39.0,39520000
2021-04-28,36.94502258300781,37.79999923706055,38.5,37.70000076293945,38.0,27706000
2021-04-29,37.042762756347656,37.900001525878906,38.29999923706055,37.70000076293945,38.099998474121094,15740000
2021-04-30,34.59930419921875,35.400001525878906,38.20000076293945,35.400001525878906,38.099998474121094,45056000
2021-05-05,30.78751564025879,31.5,35.099998474121094,31.0,35.0,69494000
2021-05-06,35.869903564453125,36.70000076293945,37.70000076293945,32.0,32.0,129735000
2021-05-07,39.29073715209961,40.20000076293945,41.0,38.400001525878906,38.400001525878906,105427000
2021-05-10,44.56859588623047,45.599998474121094,46.20000076293945,40.79999923706055,42.0,101774000
2021-05-11,45.350502014160156,46.400001525878906,49.599998474121094,44.400001525878906,44.400001525878906,147610000
2021-05-12,54.53788757324219,55.79999923706055,57.79999923706055,47.79999923706055,48.599998474121094,180636000
2021-05-13,47.305267333984375,48.400001525878906,53.599998474121094,43.400001525878906,52.400001525878906,43002000
2021-05-14,46.9143180847168,48.0,51.0,46.599998474121094,48.599998474121094,20766000
2021-05-17,49.846458435058594,51.0,52.0,46.0,47.20000076293945,22931000
2021-05-18,50.432884216308594,51.599998474121094,52.599998474121094,50.599998474121094,51.400001525878906,23365000
2021-05-19,49.260032653808594,50.400001525878906,52.20000076293945,49.599998474121094,50.0,13005000
2021-05-20,48.67359924316406,49.79999923706055,51.20000076293945,49.20000076293945,50.599998474121094,10068000
2021-05-21,49.06455612182617,50.20000076293945,50.599998474121094,47.599998474121094,50.599998474121094,13445000
2021-05-24,49.06455612182617,50.20000076293945,50.400001525878906,48.79999923706055,49.79999923706055,8862000
2021-05-25,54.146934509277344,55.400001525878906,56.79999923706055,50.400001525878906,50.79999923706055,47371000
2021-05-27,53.1695556640625,54.400001525878906,56.400001525878906,54.20000076293945,55.20000076293945,29417000
2021-05-28,53.560508728027344,54.79999923706055,55.400001525878906,54.20000076293945,54.400001525878906,8859000
2021-05-31,56.68812942504883,58.0,58.79999923706055,54.79999923706055,54.79999923706055,24839000
2021-06-01,57.470035552978516,58.79999923706055,59.599998474121094,57.20000076293945,58.400001525878906,16115000
2021-06-02,56.10170364379883,57.400001525878906,59.599998474121094,56.0,58.79999923706055,13944000
2021-06-04,55.319793701171875,56.599998474121094,58.0,54.400001525878906,55.0,13373000
2021-06-07,55.90622329711914,57.20000076293945,58.599998474121094,56.599998474121094,56.599998474121094,10412000
2021-06-08,55.90622329711914,57.20000076293945,58.20000076293945,56.400001525878906,56.79999923706055,8602000
2021-06-09,56.492652893066406,57.79999923706055,58.20000076293945,57.0,57.599998474121094,14516000
2021-06-10,56.10170364379883,57.400001525878906,58.400001525878906,57.0,57.79999923706055,9215000
2021-06-11,55.12431716918945,56.400001525878906,58.0,53.400001525878906,57.400001525878906,19914000
2021-06-14,53.755985260009766,55.0,56.79999923706055,54.79999923706055,56.79999923706055,8084000
2021-06-15,53.560508728027344,54.79999923706055,55.79999923706055,54.400001525878906,55.0,8411000
2021-06-16,52.192176818847656,53.400001525878906,54.79999923706055,53.400001525878906,54.79999923706055,7162000
2021-06-17,51.80121994018555,53.0,54.79999923706055,50.400001525878906,51.599998474121094,16617000
2021-06-18,52.77859878540039,54.0,55.79999923706055,53.0,53.400001525878906,32990000
2021-06-21,52.38764572143555,53.599998474121094,53.79999923706055,51.400001525878906,53.20000076293945,12017000
2021-06-22,51.41027069091797,52.599998474121094,54.400001525878906,52.400001525878906,54.0,6555000
2021-06-23,54.34241485595703,55.599998474121094,55.79999923706055,52.79999923706055,53.599998474121094,12918000
2021-06-24,53.755985260009766,55.0,55.599998474121094,53.79999923706055,54.0,7867000
2021-06-25,53.755985260009766,55.0,56.0,54.599998474121094,55.599998474121094,4676000
2021-06-28,55.12431716918945,56.400001525878906,56.400001525878906,54.0,54.599998474121094,7711000
2021-06-29,57.86098861694336,59.20000076293945,59.20000076293945,56.20000076293945,56.599998474121094,13493000
2021-06-30,56.492652893066406,57.79999923706055,60.599998474121094,56.599998474121094,59.79999923706055,16611000
2021-07-01,54.733367919921875,56.0,58.0,54.599998474121094,57.599998474121094,9253000
2021-07-02,53.560508728027344,54.79999923706055,56.0,54.0,54.79999923706055,8150000
2021-07-05,53.365028381347656,54.599998474121094,55.20000076293945,54.0,55.0,2981000
2021-07-06,55.71074676513672,57.0,57.400001525878906,54.400001525878906,55.0,12010000
2021-07-07,55.12431716918945,56.400001525878906,57.400001525878906,55.79999923706055,55.79999923706055,8875000
2021-07-08,54.733367919921875,56.0,58.20000076293945,55.79999923706055,56.0,10795000
2021-07-09,57.470035552978516,58.79999923706055,59.0,56.599998474121094,56.79999923706055,14480000
2021-07-12,58.447410583496094,59.79999923706055,59.79999923706055,58.400001525878906,59.20000076293945,7197000
2021-07-13,57.27455520629883,58.599998474121094,60.400001525878906,58.20000076293945,60.0,6912000
2021-07-14,56.10170364379883,57.400001525878906,59.400001525878906,57.20000076293945,58.599998474121094,9121000
2021-07-15,63.72526931762695,65.19999694824219,68.19999694824219,57.400001525878906,58.20000076293945,101533000
2021-07-16,57.27455520629883,58.599998474121094,63.400001525878906,57.79999923706055,63.20000076293945,18862000
2021-07-19,55.319793701171875,56.599998474121094,58.599998474121094,55.400001525878906,57.20000076293945,6942000
2021-07-20,55.12431716918945,56.400001525878906,56.79999923706055,54.79999923706055,56.0,7279000
2021-07-21,55.71074676513672,57.0,57.400001525878906,56.20000076293945,56.20000076293945,4357000
2021-07-22,56.88361358642578,58.20000076293945,58.599998474121094,56.79999923706055,58.0,7909000
2021-07-23,56.29717254638672,57.599998474121094,58.20000076293945,57.20000076293945,57.599998474121094,2611000
2021-07-27,54.146934509277344,55.400001525878906,57.599998474121094,55.400001525878906,56.599998474121094,7265000
2021-07-29,55.90622329711914,57.20000076293945,58.599998474121094,55.599998474121094,55.79999923706055,4879000
2021-07-30,57.079078674316406,58.400001525878906,58.400001525878906,57.0,57.599998474121094,9378000
2021-08-02,57.86098861694336,59.20000076293945,59.400001525878906,58.400001525878906,58.599998474121094,4803000
2021-08-03,58.64289474487305,60.0,60.0,59.400001525878906,59.599998474121094,4126000
2021-08-04,58.8383674621582,60.20000076293945,61.400001525878906,59.400001525878906,60.0,5857000
2021-08-05,56.29717254638672,57.599998474121094,60.599998474121094,57.599998474121094,59.79999923706055,7458000
2021-08-06,56.29717254638672,57.599998474121094,65.80000305175781,57.20000076293945,59.79999923706055,77168000
2021-08-09,57.665504455566406,59.0,61.0,56.20000076293945,59.20000076293945,39003000
2021-08-10,56.492652893066406,57.79999923706055,59.400001525878906,57.599998474121094,59.20000076293945,13920000
2021-08-11,55.90622329711914,57.20000076293945,58.79999923706055,57.0,58.599998474121094,11291000
2021-08-13,55.12431716918945,56.400001525878906,57.79999923706055,56.400001525878906,57.0,6758000
2021-08-16,55.90622329711914,57.20000076293945,57.599998474121094,55.0,56.400001525878906,8574000
2021-08-17,55.5152702331543,56.79999923706055,57.79999923706055,56.400001525878906,57.599998474121094,11919000
2021-08-18,53.755985260009766,55.0,57.20000076293945,55.0,56.79999923706055,12911000
2021-08-19,53.755985260009766,55.0,56.20000076293945,55.0,55.20000076293945,7967000
2021-08-20,53.365028381347656,54.599998474121094,56.0,54.400001525878906,55.599998474121094,8457000
2021-08-23,54.733367919921875,56.0,56.599998474121094,54.599998474121094,55.599998474121094,9927000
2021-08-24,54.733367919921875,56.0,56.79999923706055,56.0,56.599998474121094,6768000
2021-08-25,55.71074676513672,57.0,58.0,55.599998474121094,56.20000076293945,11174000
2021-08-26,54.733367919921875,56.0,57.400001525878906,55.599998474121094,57.20000076293945,8497000
2021-08-27,55.319793701171875,56.599998474121094,57.599998474121094,56.20000076293945,56.400001525878906,8169000
2021-08-30,55.71074676513672,57.0,57.599998474121094,55.599998474121094,56.20000076293945,14496000
2021-08-31,57.079078674316406,58.400001525878906,59.0,56.400001525878906,56.400001525878906,20356000
2021-09-01,64.11622619628906,65.5999984741211,66.0,59.0,59.400001525878906,67371000
2021-09-02,70.95790100097656,72.5999984741211,73.5999984741211,65.4000015258789,66.0,83883000
2021-09-03,71.3488540649414,73.0,79.0,72.4000015258789,74.5999984741211,45784000
2021-09-06,74.67195129394531,76.4000015258789,77.80000305175781,73.5999984741211,74.0,30458000
2021-09-07,72.5217056274414,74.19999694824219,78.19999694824219,74.19999694824219,78.0,21572000
2021-09-08,75.06289672851562,76.80000305175781,77.4000015258789,73.80000305175781,74.0,25530000
2021-09-09,72.7171859741211,74.4000015258789,77.5999984741211,74.4000015258789,76.0,19598000
2021-09-10,74.28099060058594,76.0,77.4000015258789,75.19999694824219,76.19999694824219,15609000
2021-09-13,63.72526931762695,65.19999694824219,76.0,64.5999984741211,75.5999984741211,39441000
2021-09-14,56.88361358642578,58.20000076293945,65.4000015258789,58.0,65.0,72094000
2021-09-15,56.10170364379883,57.400001525878906,60.20000076293945,56.599998474121094,59.20000076293945,38080000
2021-09-16,54.92884063720703,56.20000076293945,58.79999923706055,55.20000076293945,58.20000076293945,54859000
2021-09-17,55.319793701171875,56.599998474121094,58.0,55.20000076293945,56.599998474121094,49382000
2021-09-20,54.34241485595703,55.599998474121094,57.20000076293945,55.400001525878906,57.0,26868000
2021-09-21,48.67359924316406,49.79999923706055,55.400001525878906,49.0,55.20000076293945,79357000
2021-09-22,46.327884674072266,47.400001525878906,50.400001525878906,46.599998474121094,46.79999923706055,45067000
2021-09-23,47.50074005126953,48.599998474121094,49.20000076293945,47.400001525878906,47.79999923706055,28345000
2021-09-27,44.95954513549805,46.0,49.599998474121094,45.79999923706055,49.400001525878906,21998000
2021-09-28,44.764076232910156,45.79999923706055,47.79999923706055,45.20000076293945,46.400001525878906,25394000
2021-09-29,46.718833923339844,47.79999923706055,47.79999923706055,45.0,45.400001525878906,34884000
2021-09-30,45.93693542480469,47.0,48.20000076293945,46.20000076293945,47.400001525878906,32740000
2021-10-01,45.741455078125,46.79999923706055,48.0,46.0,46.599998474121094,21922000
2021-10-04,44.95954513549805,46.0,47.20000076293945,46.0,47.0,8580000
2021-10-05,44.177642822265625,45.20000076293945,46.0,42.400001525878906,45.20000076293945,35949000
2021-10-06,43.00478744506836,44.0,45.400001525878906,43.599998474121094,45.20000076293945,13421000
2021-10-07,43.98217010498047,45.0,46.400001525878906,44.0,44.0,25413000
2021-10-08,44.56859588623047,45.599998474121094,46.20000076293945,45.400001525878906,45.79999923706055,10741000
2021-10-11,44.37312316894531,45.400001525878906,46.20000076293945,45.20000076293945,45.79999923706055,8146000
2021-10-12,44.56859588623047,45.599998474121094,46.20000076293945,45.0,46.0,6801000
2021-10-14,42.80930709838867,43.79999923706055,45.79999923706055,43.79999923706055,45.599998474121094,16121000
2021-10-15,44.177642822265625,45.20000076293945,45.79999923706055,44.0,44.0,15957000
2021-10-18,44.37312316894531,45.400001525878906,49.0,44.79999923706055,46.20000076293945,45451000
2021-10-19,44.177642822265625,45.20000076293945,46.79999923706055,45.20000076293945,46.0,16646000
2021-10-20,44.56859588623047,45.599998474121094,46.400001525878906,45.400001525878906,45.599998474121094,11446000
2021-10-21,44.177642822265625,45.20000076293945,46.0,44.599998474121094,46.0,11037000
2021-10-25,43.00478744506836,44.0,45.599998474121094,43.79999923706055,45.599998474121094,13371000
2021-10-26,44.764076232910156,45.79999923706055,46.400001525878906,44.0,44.20000076293945,25075000
2021-10-27,43.20026397705078,44.20000076293945,46.599998474121094,43.79999923706055,44.79999923706055,28855000
2021-10-28,42.418357849121094,43.400001525878906,44.79999923706055,43.20000076293945,44.599998474121094,10583000
2021-10-29,40.65906524658203,41.599998474121094,43.400001525878906,41.599998474121094,43.20000076293945,19988000
2021-11-01,40.0726432800293,41.0,42.79999923706055,40.79999923706055,41.599998474121094,21832000
2021-11-02,40.65906524658203,41.599998474121094,43.20000076293945,41.0,41.400001525878906,30376000
2021-11-03,43.00478744506836,44.0,44.400001525878906,41.79999923706055,41.79999923706055,36655000
2021-11-04,43.59121322631836,44.599998474121094,45.400001525878906,43.20000076293945,44.599998474121094,23930000
2021-11-05,44.177642822265625,45.20000076293945,47.400001525878906,44.20000076293945,45.0,45650000
2021-11-08,38.21561813354492,39.099998474121094,45.599998474121094,38.900001525878906,45.599998474121094,78992000
2021-11-09,37.335975646972656,38.20000076293945,39.29999923706055,37.20000076293945,39.099998474121094,45655000
2021-11-10,37.82466506958008,38.70000076293945,39.5,37.70000076293945,38.0,41677000
2021-11-11,38.80205154418945,39.70000076293945,39.900001525878906,38.79999923706055,38.79999923706055,22467000
2021-11-12,39.4862174987793,40.400001525878906,40.79999923706055,39.900001525878906,40.0,17615000
2021-11-15,41.44097900390625,42.400001525878906,42.79999923706055,40.599998474121094,41.0,31755000
2021-11-16,40.65906524658203,41.599998474121094,43.0,41.20000076293945,43.0,19402000
2021-11-17,41.24550247192383,42.20000076293945,42.79999923706055,41.400001525878906,41.599998474121094,16207000
2021-11-18,42.22288513183594,43.20000076293945,43.400001525878906,41.599998474121094,42.400001525878906,25625000
2021-11-19,41.63645553588867,42.599998474121094,43.599998474121094,42.20000076293945,43.400001525878906,10929000
2021-11-22,42.02740478515625,43.0,43.599998474121094,42.400001525878906,42.599998474121094,7895000
2021-11-23,42.613834381103516,43.599998474121094,43.79999923706055,43.0,43.20000076293945,9490000
2021-11-24,42.22288513183594,43.20000076293945,44.0,42.599998474121094,43.400001525878906,12128000
2021-11-25,42.613834381103516,43.599998474121094,43.599998474121094,43.20000076293945,43.400001525878906,5868000
2021-11-26,40.854549407958984,41.79999923706055,43.599998474121094,41.20000076293945,43.599998474121094,17547000
2021-11-29,43.20026397705078,44.20000076293945,45.599998474121094,42.0,42.599998474121094,54098000
2021-11-30,43.59121322631836,44.599998474121094,47.20000076293945,44.20000076293945,44.79999923706055,68139000
2021-12-01,43.20026397705078,44.20000076293945,46.0,43.599998474121094,45.400001525878906,21978000
2021-12-02,42.613834381103516,43.599998474121094,44.79999923706055,42.599998474121094,44.599998474121094,13853000
2021-12-03,40.854549407958984,41.79999923706055,43.400001525878906,41.400001525878906,43.20000076293945,18988000
2021-12-07,41.050025939941406,42.0,42.79999923706055,41.599998474121094,42.20000076293945,9352000
2021-12-08,42.02740478515625,43.0,43.599998474121094,42.400001525878906,42.400001525878906,13111000
2021-12-09,41.83192443847656,42.79999923706055,45.0,42.400001525878906,43.20000076293945,27917000
2021-12-13,41.44097900390625,42.400001525878906,43.599998474121094,42.20000076293945,43.400001525878906,7284000
2021-12-14,43.00478744506836,44.0,45.599998474121094,42.20000076293945,42.20000076293945,43921000
2021-12-15,42.02740478515625,43.0,44.20000076293945,42.599998474121094,43.79999923706055,18191000
2021-12-16,42.80930709838867,43.79999923706055,43.79999923706055,42.599998474121094,43.599998474121094,17978000
2021-12-17,41.63645553588867,42.599998474121094,44.20000076293945,42.599998474121094,44.0,17886000
2021-12-20,39.09526443481445,40.0,42.79999923706055,39.900001525878906,42.599998474121094,33987000
2021-12-21,39.09526443481445,40.0,41.20000076293945,39.70000076293945,41.0,21839000
2021-12-22,40.46359634399414,41.400001525878906,41.599998474121094,40.0,40.599998474121094,20870000
2021-12-23,40.854549407958984,41.79999923706055,42.400001525878906,41.20000076293945,42.0,21122000
2021-12-24,41.050025939941406,42.0,42.400001525878906,41.400001525878906,42.0,9623000
2021-12-27,42.613834381103516,43.599998474121094,44.0,42.0,42.79999923706055,23183000
2021-12-28,43.00478744506836,44.0,44.79999923706055,43.599998474121094,44.0,19624000
2021-12-29,40.46359634399414,41.400001525878906,44.0,40.20000076293945,43.400001525878906,87116000
2021-12-30,40.268123626708984,41.20000076293945,41.400001525878906,39.29999923706055,41.0,98887000
2022-01-04,39.09526443481445,40.0,41.400001525878906,40.0,41.400001525878906,29345000
2022-01-05,39.29073715209961,40.20000076293945,40.599998474121094,40.0,40.400001525878906,8454000
2022-01-06,38.50883102416992,39.400001525878906,40.20000076293945,39.400001525878906,40.20000076293945,18550000
2022-01-07,38.704307556152344,39.599998474121094,40.400001525878906,39.599998474121094,39.70000076293945,11198000
2022-01-10,38.606571197509766,39.5,40.20000076293945,39.29999923706055,40.20000076293945,9798000
2022-01-11,40.0726432800293,41.0,41.599998474121094,40.0,40.20000076293945,37725000
2022-01-12,40.854549407958984,41.79999923706055,42.0,41.20000076293945,41.599998474121094,22859000
2022-01-13,40.46359634399414,41.400001525878906,42.20000076293945,41.20000076293945,42.0,9431000
2022-01-14,39.877166748046875,40.79999923706055,41.400001525878906,40.400001525878906,41.20000076293945,11502000
2022-01-17,40.268123626708984,41.20000076293945,41.599998474121094,40.599998474121094,41.0,10242000
2022-01-18,38.80205154418945,39.70000076293945,41.79999923706055,39.599998474121094,41.20000076293945,18025000
2022-01-19,38.8997802734375,39.79999923706055,40.20000076293945,39.5,39.599998474121094,10031000
2022-01-20,38.80205154418945,39.70000076293945,40.400001525878906,39.599998474121094,40.20000076293945,6276000
2022-01-21,38.3133544921875,39.20000076293945,40.20000076293945,39.0,39.79999923706055,11934000
2022-01-24,36.2608528137207,37.099998474121094,39.599998474121094,37.0,39.29999923706055,28513000
2022-01-25,35.96764373779297,36.79999923706055,37.70000076293945,36.29999923706055,37.29999923706055,21467000
2022-01-26,35.38121032714844,36.20000076293945,37.400001525878906,36.20000076293945,37.20000076293945,15250000
2022-01-27,33.719661712646484,34.5,35.400001525878906,34.29999923706055,35.20000076293945,24985000
2022-01-28,33.133235931396484,33.900001525878906,35.0,33.599998474121094,34.79999923706055,20550000
2022-01-31,33.915138244628906,34.70000076293945,35.79999923706055,34.20000076293945,34.20000076293945,19704000
2022-02-01,35.96764373779297,36.79999923706055,37.5,35.5,35.5,43362000
2022-02-02,38.11787796020508,39.0,39.0,36.20000076293945,37.0,63327000
2022-02-03,38.50883102416992,39.400001525878906,39.79999923706055,38.400001525878906,38.599998474121094,41823000
2022-02-04,40.65906524658203,41.599998474121094,41.599998474121094,39.099998474121094,39.5,47076000
2022-02-07,40.46359634399414,41.400001525878906,42.20000076293945,40.599998474121094,41.599998474121094,18909000
2022-02-08,40.854549407958984,41.79999923706055,41.79999923706055,41.20000076293945,41.400001525878906,11341000
2022-02-09,40.0726432800293,41.0,42.79999923706055,40.599998474121094,42.20000076293945,29302000
2022-02-10,40.854549407958984,41.79999923706055,41.79999923706055,40.599998474121094,41.20000076293945,16304000
2022-02-11,39.29073715209961,40.20000076293945,41.79999923706055,39.70000076293945,41.79999923706055,14985000
2022-02-14,37.82466506958008,38.70000076293945,40.0,38.5,39.599998474121094,14896000
2022-02-15,40.854549407958984,41.79999923706055,41.79999923706055,38.900001525878906,38.900001525878906,26371000
2022-02-17,40.65906524658203,41.599998474121094,42.20000076293945,40.79999923706055,41.79999923706055,18315000
2022-02-18,40.65906524658203,41.599998474121094,41.79999923706055,41.20000076293945,41.599998474121094,5146000
2022-02-21,40.0726432800293,41.0,41.79999923706055,40.79999923706055,41.79999923706055,3370000
2022-02-22,39.29073715209961,40.20000076293945,40.599998474121094,39.5,40.400001525878906,7481000
2022-02-23,40.0726432800293,41.0,41.599998474121094,40.599998474121094,40.599998474121094,5635000
2022-02-24,39.29073715209961,40.20000076293945,40.79999923706055,39.900001525878906,40.599998474121094,5873000
2022-02-25,40.0726432800293,41.0,41.599998474121094,40.400001525878906,40.599998474121094,8229000
2022-02-28,39.65061950683594,40.400001525878906,41.599998474121094,40.20000076293945,40.599998474121094,14260000
2022-03-01,38.86545944213867,39.599998474121094,41.20000076293945,39.599998474121094,41.0,14289000
2022-03-02,35.921104431152344,36.599998474121094,40.400001525878906,36.29999923706055,39.79999923706055,49708000
2022-03-03,37.19699478149414,37.900001525878906,38.20000076293945,36.79999923706055,37.599998474121094,20264000
2022-03-04,35.82296371459961,36.5,38.20000076293945,36.5,37.599998474121094,15267000
2022-03-07,34.05634689331055,34.70000076293945,37.099998474121094,34.599998474121094,36.5,22768000
2022-03-08,32.78046798706055,33.400001525878906,36.099998474121094,33.400001525878906,34.70000076293945,41603000
2022-03-09,33.36933135986328,34.0,34.5,33.20000076293945,34.20000076293945,16489000
2022-03-10,33.17304229736328,33.79999923706055,35.20000076293945,33.79999923706055,34.599998474121094,13455000
2022-03-11,33.27118682861328,33.900001525878906,34.0,33.20000076293945,33.79999923706055,9810000
2022-03-14,32.09344482421875,32.70000076293945,33.79999923706055,32.5,33.79999923706055,18800000
2022-03-15,30.91570281982422,31.5,33.20000076293945,31.299999237060547,32.400001525878906,20061000
2022-03-16,32.78046798706055,33.400001525878906,33.599998474121094,32.099998474121094,32.20000076293945,15290000
2022-03-17,35.037803649902344,35.70000076293945,35.70000076293945,34.29999923706055,35.0,36335000
2022-03-18,34.25263977050781,34.900001525878906,36.20000076293945,34.900001525878906,35.400001525878906,19291000
2022-03-21,35.82296371459961,36.5,36.70000076293945,35.099998474121094,35.20000076293945,21308000
2022-03-22,36.313682556152344,37.0,37.0,35.900001525878906,36.5,14108000
2022-03-23,37.68771743774414,38.400001525878906,38.400001525878906,37.70000076293945,37.900001525878906,18947000
2022-03-24,37.785858154296875,38.5,38.79999923706055,37.70000076293945,38.5,11370000
2022-03-25,38.276588439941406,39.0,39.29999923706055,38.70000076293945,39.0,14754000
2022-03-28,38.669166564941406,39.400001525878906,39.5,39.0,39.20000076293945,9920000
2022-03-29,38.96360397338867,39.70000076293945,40.20000076293945,39.5,39.599998474121094,7739000
2022-03-30,38.76731491088867,39.5,40.20000076293945,39.099998474121094,40.0,7929000
2022-03-31,38.080299377441406,38.79999923706055,39.900001525878906,38.70000076293945,39.400001525878906,9808000
2022-04-01,37.88400650024414,38.599998474121094,38.79999923706055,37.70000076293945,38.599998474121094,11348000
2022-04-04,37.982154846191406,38.70000076293945,39.20000076293945,38.400001525878906,38.400001525878906,4963000
2022-04-05,38.080299377441406,38.79999923706055,39.400001525878906,38.5,39.0,7607000
2022-04-07,36.411827087402344,37.099998474121094,38.79999923706055,37.099998474121094,38.79999923706055,11218000
2022-04-08,36.60811996459961,37.29999923706055,37.70000076293945,37.20000076293945,37.5,2828000
2022-04-11,35.23408889770508,35.900001525878906,37.099998474121094,35.79999923706055,37.0,7190000
2022-04-12,34.54707336425781,35.20000076293945,35.79999923706055,35.0,35.79999923706055,8403000
2022-04-18,32.97674560546875,33.599998474121094,34.70000076293945,33.599998474121094,34.70000076293945,15472000
2022-04-19,32.97674560546875,33.599998474121094,34.29999923706055,33.599998474121094,33.900001525878906,11706000
2022-04-20,33.66376876831055,34.29999923706055,34.79999923706055,33.79999923706055,33.900001525878906,13375000
2022-04-21,37.393280029296875,38.099998474121094,38.29999923706055,34.29999923706055,34.79999923706055,44117000
2022-04-22,37.19699478149414,37.900001525878906,38.099998474121094,36.5,37.70000076293945,19851000
2022-04-25,38.080299377441406,38.79999923706055,39.20000076293945,37.400001525878906,37.900001525878906,20930000
2022-04-26,37.098846435546875,37.79999923706055,39.29999923706055,37.5,39.29999923706055,18047000
2022-04-27,36.70626449584961,37.400001525878906,38.900001525878906,37.099998474121094,37.79999923706055,15286000
2022-04-28,35.921104431152344,36.599998474121094,37.599998474121094,36.20000076293945,37.599998474121094,12943000
2022-04-29,35.626670837402344,36.29999923706055,37.20000076293945,36.29999923706055,36.900001525878906,8069000
2022-05-03,34.93965530395508,35.599998474121094,36.70000076293945,35.599998474121094,36.5,7179000
2022-05-05,34.74336242675781,35.400001525878906,36.599998474121094,35.400001525878906,36.20000076293945,8046000
2022-05-06,33.46747970581055,34.099998474121094,34.900001525878906,33.79999923706055,34.79999923706055,15524000
2022-05-09,32.58417510986328,33.20000076293945,34.099998474121094,33.20000076293945,33.900001525878906,11032000
2022-05-10,32.68231964111328,33.29999923706055,33.29999923706055,32.099998474121094,33.20000076293945,19528000
2022-05-11,33.56562805175781,34.20000076293945,34.70000076293945,33.0,33.400001525878906,23681000
2022-05-12,31.89715576171875,32.5,34.20000076293945,32.5,34.20000076293945,21695000
2022-05-13,31.995298385620117,32.599998474121094,33.400001525878906,32.599998474121094,33.20000076293945,9790000
2022-05-17,33.56562805175781,34.20000076293945,34.20000076293945,33.0,33.20000076293945,16097000
2022-05-18,33.86005783081055,34.5,34.79999923706055,33.599998474121094,34.20000076293945,10346000
2022-05-19,32.68231964111328,33.29999923706055,33.79999923706055,33.099998474121094,33.5,11081000
2022-05-20,32.97674560546875,33.599998474121094,34.099998474121094,33.5,33.79999923706055,6884000
2022-05-23,33.27118682861328,33.900001525878906,33.900001525878906,33.400001525878906,33.900001525878906,6629000
2022-05-24,32.78046798706055,33.400001525878906,33.79999923706055,33.29999923706055,33.79999923706055,5873000
2022-05-25,32.289737701416016,32.900001525878906,33.79999923706055,32.900001525878906,33.79999923706055,10074000
2022-05-26,32.19158935546875,32.79999923706055,33.099998474121094,32.70000076293945,33.0,7943000
2022-05-27,32.289737701416016,32.900001525878906,33.0,32.400001525878906,32.900001525878906,15051000
2022-05-30,33.36933135986328,34.0,34.400001525878906,33.29999923706055,33.400001525878906,18367000
2022-05-31,33.95819854736328,34.599998474121094,34.599998474121094,33.70000076293945,34.0,27698000
2022-06-01,33.56562805175781,34.20000076293945,34.70000076293945,34.099998474121094,34.70000076293945,6518000
2022-06-02,32.97674560546875,33.599998474121094,34.099998474121094,33.5,34.0,5810000
2022-06-06,32.78046798706055,33.400001525878906,33.70000076293945,33.099998474121094,33.70000076293945,4121000
2022-06-07,31.995298385620117,32.599998474121094,33.5,32.599998474121094,33.400001525878906,12876000
2022-06-08,31.799013137817383,32.400001525878906,33.0,32.400001525878906,33.0,11120000
2022-06-09,31.308284759521484,31.899999618530273,32.70000076293945,31.899999618530273,32.599998474121094,13288000
2022-06-10,31.111995697021484,31.700000762939453,32.20000076293945,31.600000381469727,32.0,10176000
2022-06-13,29.934253692626953,30.5,31.299999237060547,30.5,30.899999618530273,14701000
2022-06-14,30.817562103271484,31.399999618530273,31.600000381469727,30.399999618530273,30.399999618530273,10403000
2022-06-15,30.228689193725586,30.799999237060547,31.600000381469727,30.700000762939453,31.600000381469727,7557000
2022-06-16,29.639822006225586,30.200000762939453,31.5,30.200000762939453,31.399999618530273,12740000
2022-06-17,28.658367156982422,29.200000762939453,30.299999237060547,29.200000762939453,30.200000762939453,21369000
2022-06-20,29.934253692626953,30.5,30.700000762939453,28.700000762939453,29.399999618530273,27331000
2022-06-21,30.62127113342285,31.200000762939453,31.200000762939453,30.299999237060547,30.600000381469727,15654000
2022-06-22,29.73796272277832,30.299999237060547,31.700000762939453,30.299999237060547,31.100000381469727,18651000
2022-06-23,30.71941566467285,31.299999237060547,31.399999618530273,30.5,30.600000381469727,10687000
2022-06-24,31.70086669921875,32.29999923706055,33.20000076293945,31.399999618530273,31.5,24215000
2022-06-27,32.97674560546875,33.599998474121094,33.79999923706055,32.79999923706055,32.79999923706055,28867000
2022-06-28,33.36933135986328,34.0,34.0,33.0,33.400001525878906,17270000
2022-06-29,33.07489776611328,33.70000076293945,34.20000076293945,33.29999923706055,33.900001525878906,13733000
2022-06-30,32.68231964111328,33.29999923706055,33.79999923706055,32.70000076293945,33.79999923706055,23305000
2022-07-01,33.17304229736328,33.79999923706055,34.099998474121094,33.0,33.0,12641000
2022-07-04,31.995298385620117,32.599998474121094,33.900001525878906,32.599998474121094,33.900001525878906,7862000
2022-07-05,31.01384925842285,31.600000381469727,33.0,31.5,32.900001525878906,8878000
2022-07-06,30.62127113342285,31.200000762939453,32.29999923706055,31.100000381469727,31.700000762939453,9593000
2022-07-07,32.48602294921875,33.099998474121094,33.20000076293945,31.200000762939453,31.399999618530273,18109000
2022-07-08,31.89715576171875,32.5,33.099998474121094,32.099998474121094,33.099998474121094,7453000
2022-07-11,31.602720260620117,32.20000076293945,32.599998474121094,32.099998474121094,32.400001525878906,3339000
2022-07-12,31.210140228271484,31.799999237060547,32.599998474121094,31.600000381469727,31.799999237060547,8546000
2022-07-14,32.09344482421875,32.70000076293945,33.29999923706055,31.799999237060547,31.799999237060547,13227000
2022-07-15,31.70086669921875,32.29999923706055,32.900001525878906,31.600000381469727,32.900001525878906,13091000
2022-07-18,33.27118682861328,33.900001525878906,33.900001525878906,32.400001525878906,32.5,22675000
2022-07-19,33.36933135986328,34.0,34.0,33.0,33.599998474121094,12949000
2022-07-20,35.72481918334961,36.400001525878906,37.20000076293945,34.400001525878906,34.400001525878906,57836000
2022-07-21,36.21554183959961,36.900001525878906,36.900001525878906,36.0,36.29999923706055,20318000
2022-07-22,36.21554183959961,36.900001525878906,37.20000076293945,36.400001525878906,37.20000076293945,13064000
2022-07-25,36.70626449584961,37.400001525878906,38.599998474121094,37.0,37.099998474121094,16883000
2022-07-26,36.11739730834961,36.79999923706055,37.79999923706055,36.5,37.70000076293945,9211000
2022-07-27,46.520774841308594,47.400001525878906,47.79999923706055,39.0,39.400001525878906,146230000
2022-08-01,50.05400085449219,51.0,54.20000076293945,47.400001525878906,49.400001525878906,138543000
2022-08-02,48.091094970703125,49.0,53.20000076293945,48.0,49.79999923706055,91459000
2022-08-03,51.23173904418945,52.20000076293945,52.20000076293945,49.79999923706055,50.20000076293945,73685000
2022-08-04,53.194644927978516,54.20000076293945,54.400001525878906,52.400001525878906,53.0,59890000
2022-08-05,52.998348236083984,54.0,56.0,53.79999923706055,54.400001525878906,38541000
2022-08-08,49.661415100097656,50.599998474121094,55.0,49.599998474121094,55.0,51747000
2022-08-09,52.80206298828125,53.79999923706055,54.20000076293945,50.599998474121094,50.599998474121094,47221000
2022-08-10,53.39093017578125,54.400001525878906,54.599998474121094,51.599998474121094,53.20000076293945,39858000
2022-08-11,54.37238311767578,55.400001525878906,55.79999923706055,54.0,55.0,39109000
2022-08-15,53.97980499267578,55.0,56.0,53.599998474121094,54.599998474121094,29914000
2022-08-16,57.905601501464844,59.0,60.0,55.20000076293945,55.599998474121094,71458000
2022-08-17,57.513023376464844,58.599998474121094,61.599998474121094,57.79999923706055,60.0,48420000
2022-08-18,56.53157043457031,57.599998474121094,59.20000076293945,56.599998474121094,59.20000076293945,23024000
2022-08-19,55.35383605957031,56.400001525878906,58.400001525878906,55.79999923706055,58.0,20078000
2022-08-22,54.37238311767578,55.400001525878906,57.400001525878906,55.400001525878906,56.0,21089000
2022-08-23,56.924156188964844,58.0,58.400001525878906,54.400001525878906,55.20000076293945,33187000
2022-08-24,54.37238311767578,55.400001525878906,58.20000076293945,55.400001525878906,58.0,27816000
2022-08-25,54.76496505737305,55.79999923706055,56.79999923706055,55.400001525878906,56.20000076293945,12868000
2022-08-26,56.72786331176758,57.79999923706055,58.599998474121094,56.400001525878906,56.400001525878906,30237000
2022-08-29,52.40948486328125,53.400001525878906,56.79999923706055,53.20000076293945,56.0,37016000
2022-08-30,52.60576629638672,53.599998474121094,54.79999923706055,53.400001525878906,54.0,17020000
2022-08-31,51.42803192138672,52.400001525878906,54.400001525878906,50.79999923706055,53.0,43457000
2022-09-01,51.42803192138672,52.400001525878906,53.599998474121094,51.79999923706055,53.0,17994000
2022-09-02,50.05400085449219,51.0,52.599998474121094,50.599998474121094,52.400001525878906,18322000
2022-09-05,51.42803192138672,52.400001525878906,52.599998474121094,48.79999923706055,50.599998474121094,39522000
2022-09-06,50.83915710449219,51.79999923706055,52.79999923706055,51.400001525878906,52.599998474121094,15914000
2022-09-07,56.13899612426758,57.20000076293945,57.20000076293945,52.0,52.0,63307000
2022-09-08,59.27964401245117,60.400001525878906,61.599998474121094,57.599998474121094,57.599998474121094,64082000
2022-09-09,65.5609359741211,66.80000305175781,67.4000015258789,59.79999923706055,61.400001525878906,99656000
2022-09-12,65.16835021972656,66.4000015258789,69.4000015258789,66.0,66.80000305175781,41588000
2022-09-13,60.06480026245117,61.20000076293945,67.5999984741211,61.20000076293945,67.0,37002000
2022-09-14,61.04624938964844,62.20000076293945,63.599998474121094,58.0,59.0,80630000
2022-09-15,57.316734313964844,58.400001525878906,64.19999694824219,58.400001525878906,63.20000076293945,63489000
2022-09-16,57.905601501464844,59.0,60.79999923706055,58.0,58.400001525878906,42954000
2022-09-19,60.65366744995117,61.79999923706055,63.0,59.20000076293945,59.20000076293945,39297000
2022-09-20,60.26108932495117,61.400001525878906,64.80000305175781,61.20000076293945,62.79999923706055,44288000
2022-09-21,60.45737838745117,61.599998474121094,62.599998474121094,61.400001525878906,62.400001525878906,22108000
2022-09-22,62.42028045654297,63.599998474121094,63.79999923706055,61.79999923706055,61.79999923706055,35102000
2022-09-23,60.84996032714844,62.0,64.19999694824219,61.20000076293945,64.19999694824219,37330000
2022-09-26,61.63512420654297,62.79999923706055,63.20000076293945,61.400001525878906,61.599998474121094,23003000
2022-09-27,61.04624938964844,62.20000076293945,63.79999923706055,62.20000076293945,63.20000076293945,26221000
2022-09-28,61.4388313293457,62.599998474121094,63.20000076293945,61.79999923706055,61.79999923706055,17912000
2022-09-29,64.77576446533203,66.0,67.0,62.400001525878906,63.20000076293945,71308000
2022-09-30,64.1868896484375,65.4000015258789,67.4000015258789,64.0,66.0,40540000
2022-10-03,60.84996032714844,62.0,65.80000305175781,62.0,64.80000305175781,26460000
2022-10-04,65.5609359741211,66.80000305175781,69.0,64.0,64.5999984741211,64727000
2022-10-05,65.36463928222656,66.5999984741211,68.5999984741211,65.4000015258789,67.5999984741211,26971000
2022-10-06,68.70156860351562,70.0,70.80000305175781,67.4000015258789,67.4000015258789,56084000
2022-10-07,64.57947540283203,65.80000305175781,70.0,65.0,70.0,49976000
2022-10-10,64.9720458984375,66.19999694824219,66.5999984741211,64.19999694824219,64.19999694824219,21472000
2022-10-11,65.36463928222656,66.5999984741211,67.0,64.5999984741211,66.19999694824219,24519000
2022-10-12,62.812862396240234,64.0,66.5999984741211,63.79999923706055,66.4000015258789,24985000
2022-10-17,65.36463928222656,66.5999984741211,67.0,64.5999984741211,65.0,26941000
2022-10-18,66.54237365722656,67.80000305175781,68.5999984741211,66.19999694824219,67.19999694824219,26114000
2022-10-19,65.75720977783203,67.0,68.5999984741211,65.80000305175781,68.0,24618000
2022-10-20,60.06480026245117,61.20000076293945,67.0,61.0,66.5999984741211,61922000
2022-10-21,61.4388313293457,62.599998474121094,63.79999923706055,61.79999923706055,62.400001525878906,27685000
2022-10-25,65.36463928222656,66.5999984741211,66.80000305175781,61.400001525878906,63.20000076293945,60996000
2022-10-26,59.27964401245117,60.400001525878906,65.19999694824219,59.400001525878906,64.0,65468000
2022-10-27,54.76496505737305,55.79999923706055,61.400001525878906,54.79999923706055,60.79999923706055,92957000
2022-10-28,58.298187255859375,59.400001525878906,59.400001525878906,56.20000076293945,56.20000076293945,47342000
2022-10-31,56.924156188964844,58.0,60.400001525878906,58.0,59.79999923706055,23918000
2022-11-01,59.27964401245117,60.400001525878906,61.0,58.599998474121094,58.599998474121094,31018000
2022-11-02,58.69076156616211,59.79999923706055,60.79999923706055,58.79999923706055,60.400001525878906,17126000
2022-11-03,60.84996032714844,62.0,62.20000076293945,60.0,60.0,25210000
2022-11-04,59.08334732055664,60.20000076293945,62.0,60.20000076293945,62.0,18388000
2022-11-07,59.868507385253906,61.0,62.20000076293945,60.79999923706055,61.0,18371000
2022-11-08,60.06480026245117,61.20000076293945,62.0,61.0,61.400001525878906,10189000
2022-11-09,59.672218322753906,60.79999923706055,62.0,59.599998474121094,61.599998474121094,18381000
2022-11-10,59.47592544555664,60.599998474121094,61.20000076293945,60.20000076293945,60.20000076293945,9474000
2022-11-11,60.84996032714844,62.0,63.79999923706055,61.599998474121094,62.0,41847000
2022-11-14,61.2425422668457,62.400001525878906,63.0,60.400001525878906,61.400001525878906,16416000
2022-11-15,62.0276985168457,63.20000076293945,63.599998474121094,62.400001525878906,62.79999923706055,15510000
2022-11-16,62.22399139404297,63.400001525878906,64.0,62.400001525878906,62.79999923706055,17010000
2022-11-17,62.61656951904297,63.79999923706055,64.0,63.0,63.79999923706055,15969000
2022-11-18,64.77576446533203,66.0,66.80000305175781,63.79999923706055,63.79999923706055,25219000
2022-11-21,62.812862396240234,64.0,65.5999984741211,63.599998474121094,65.4000015258789,17055000
2022-11-22,63.990596771240234,65.19999694824219,66.19999694824219,64.4000015258789,64.5999984741211,12476000
2022-11-23,64.3831787109375,65.5999984741211,67.0,65.0,66.0,18228000
2022-11-24,65.36463928222656,66.5999984741211,66.80000305175781,65.5999984741211,66.19999694824219,11620000
2022-11-25,64.9720458984375,66.19999694824219,66.5999984741211,65.5999984741211,66.5999984741211,5016000
2022-11-28,65.36463928222656,66.5999984741211,67.5999984741211,65.5999984741211,66.4000015258789,12387000
2022-11-29,64.3831787109375,65.5999984741211,66.80000305175781,64.4000015258789,66.80000305175781,18329000
2022-11-30,65.9534912109375,67.19999694824219,67.19999694824219,65.80000305175781,65.80000305175781,20417000
2022-12-01,74.98284912109375,76.4000015258789,78.19999694824219,68.19999694824219,68.4000015258789,102840000
2022-12-02,75.76801300048828,77.19999694824219,79.5999984741211,76.0,77.5999984741211,43913000
2022-12-06,72.62736511230469,74.0,77.80000305175781,73.80000305175781,76.4000015258789,27878000
2022-12-07,68.1126937866211,69.4000015258789,74.19999694824219,68.5999984741211,73.5999984741211,28326000
2022-12-08,66.9349594116211,68.19999694824219,71.4000015258789,67.80000305175781,70.4000015258789,25059000
2022-12-09,68.70156860351562,70.0,72.0,67.80000305175781,68.80000305175781,28875000
2022-12-13,68.70156860351562,70.0,72.5999984741211,69.80000305175781,71.5999984741211,20319000
2022-12-14,70.86075592041016,72.19999694824219,74.5999984741211,70.5999984741211,71.0,44584000
2022-12-15,69.87931060791016,71.19999694824219,72.5999984741211,70.4000015258789,72.5999984741211,17088000
2022-12-16,67.3275375366211,68.5999984741211,72.0,68.5999984741211,70.80000305175781,34968000
2022-12-19,67.13125610351562,68.4000015258789,70.19999694824219,67.80000305175781,69.0,17396000
2022-12-20,64.9720458984375,66.19999694824219,69.19999694824219,65.4000015258789,68.5999984741211,21975000
2022-12-21,70.46817779541016,71.80000305175781,72.4000015258789,68.80000305175781,70.0,50761000
2022-12-22,69.09414672851562,70.4000015258789,72.80000305175781,69.0,72.19999694824219,35155000
2022-12-23,69.48672485351562,70.80000305175781,71.80000305175781,69.80000305175781,70.19999694824219,23765000
2022-12-26,70.66446685791016,72.0,72.80000305175781,70.80000305175781,71.19999694824219,32572000
2022-12-27,70.27188110351562,71.5999984741211,72.19999694824219,70.5999984741211,72.19999694824219,25917000
2022-12-28,69.09414672851562,70.4000015258789,71.80000305175781,69.80000305175781,71.5999984741211,28894000
2022-12-29,70.86075592041016,72.19999694824219,72.19999694824219,69.5999984741211,70.19999694824219,35077000
2022-12-30,81.4604263305664,83.0,87.5999984741211,71.80000305175781,72.5999984741211,234826000
2023-01-03,91.27494049072266,93.0,93.5999984741211,83.5999984741211,84.0,139164000
2023-01-04,89.5083236694336,91.19999694824219,99.0,89.19999694824219,92.80000305175781,96624000
2023-01-05,79.10494995117188,80.5999984741211,89.80000305175781,80.0,89.4000015258789,89514000
2023-01-06,79.30123901367188,80.80000305175781,82.80000305175781,79.80000305175781,80.0,47353000
2023-01-09,82.63816833496094,84.19999694824219,86.19999694824219,82.5999984741211,82.80000305175781,45375000
2023-01-10,81.65670776367188,83.19999694824219,86.4000015258789,83.19999694824219,85.0,36992000
2023-01-11,83.42333221435547,85.0,85.5999984741211,84.19999694824219,84.5999984741211,23654000
2023-01-12,85.58251953125,87.19999694824219,87.19999694824219,84.4000015258789,85.80000305175781,33801000
2023-01-13,81.4604263305664,83.0,88.19999694824219,82.5999984741211,87.5999984741211,41636000
2023-01-16,82.83446502685547,84.4000015258789,85.5999984741211,83.0,83.5999984741211,25484000
2023-01-17,82.63816833496094,84.19999694824219,85.19999694824219,83.80000305175781,84.4000015258789,14962000
2023-01-18,84.40478515625,86.0,88.0,84.80000305175781,84.80000305175781,33292000
2023-01-19,84.60106658935547,86.19999694824219,87.0,85.0,85.0,19227000
2023-01-20,84.40478515625,86.0,87.19999694824219,85.19999694824219,86.80000305175781,19065000
2023-01-23,87.34913635253906,89.0,89.4000015258789,86.19999694824219,86.5999984741211,28264000
2023-01-24,86.76026916503906,88.4000015258789,93.4000015258789,87.80000305175781,90.5999984741211,47225000
2023-01-25,87.74171447753906,89.4000015258789,90.19999694824219,88.5999984741211,89.19999694824219,18612000
2023-01-26,86.17139434814453,87.80000305175781,90.4000015258789,87.4000015258789,90.0,19479000
2023-01-27,85.58251953125,87.19999694824219,88.5999984741211,87.19999694824219,88.4000015258789,11498000
2023-01-30,88.1343002319336,89.80000305175781,90.0,87.5999984741211,87.80000305175781,21482000
2023-01-31,88.3305892944336,90.0,91.80000305175781,89.4000015258789,90.80000305175781,33459000
2023-02-01,88.1343002319336,89.80000305175781,91.80000305175781,89.5999984741211,90.5999984741211,17673000
2023-02-02,89.90090942382812,91.5999984741211,94.4000015258789,90.4000015258789,90.80000305175781,34237000
2023-02-03,93.23783874511719,95.0,95.0,91.5999984741211,92.19999694824219,42615000
2023-02-06,93.23783874511719,95.0,96.0,93.19999694824219,95.0,26845000
2023-02-07,95.20074462890625,97.0,99.5999984741211,96.19999694824219,96.5999984741211,41226500
2023-02-08,91.27494049072266,93.0,97.80000305175781,93.0,97.5999984741211,27700000
2023-02-09,90.48977661132812,92.19999694824219,94.19999694824219,91.5999984741211,93.4000015258789,17657000
2023-02-10,87.93800354003906,89.5999984741211,93.4000015258789,89.0,92.0,24925000
2023-02-13,88.52687072753906,90.19999694824219,90.5999984741211,88.4000015258789,89.80000305175781,17161000
2023-02-14,86.36768341064453,88.0,92.4000015258789,87.80000305175781,90.80000305175781,29049000
2023-02-15,88.7231674194336,90.4000015258789,91.19999694824219,88.80000305175781,88.80000305175781,19431000
2023-02-16,95.78961944580078,97.5999984741211,98.80000305175781,93.0,93.4000015258789,71422500
2023-02-17,93.43412780761719,95.19999694824219,98.80000305175781,94.5999984741211,97.5999984741211,32175500
2023-02-20,94.02301025390625,95.80000305175781,96.4000015258789,95.0,96.19999694824219,8340500
2023-02-21,95.20074462890625,97.0,97.19999694824219,95.4000015258789,95.80000305175781,15277000
2023-02-22,94.80815124511719,96.5999984741211,98.0,96.0,96.5999984741211,11571000
2023-02-23,95.00445556640625,96.80000305175781,97.19999694824219,95.80000305175781,96.5999984741211,9559000
2023-02-24,92.45267486572266,94.19999694824219,97.4000015258789,93.5999984741211,97.0,17814500
2023-02-27,91.86380767822266,93.5999984741211,95.19999694824219,93.4000015258789,93.5999984741211,9774500
2023-02-28,89.89248657226562,91.19999694824219,94.80000305175781,91.0,94.0,20670000
2023-03-01,97.18639373779297,98.5999984741211,98.80000305175781,91.5999984741211,92.19999694824219,44683000
2023-03-02,98.56632232666016,100.0,101.5999984741211,97.0,97.80000305175781,44551500
2023-03-03,96.20073699951172,97.5999984741211,100.19999694824219,95.19999694824219,100.0,30721500
2023-03-07,98.17205047607422,99.5999984741211,100.5999984741211,97.80000305175781,98.19999694824219,16022500
2023-03-08,97.58065795898438,99.0,100.19999694824219,98.19999694824219,98.80000305175781,12781500
2023-03-09,97.97492980957031,99.4000015258789,101.0,98.5999984741211,99.0,21824000
2023-03-10,97.77779388427734,99.19999694824219,100.19999694824219,98.4000015258789,99.19999694824219,16733000
2023-03-13,96.39787292480469,97.80000305175781,100.19999694824219,97.5999984741211,99.4000015258789,25921500
2023-03-14,92.06094360351562,93.4000015258789,98.4000015258789,92.5999984741211,98.4000015258789,29059500
2023-03-15,96.00359344482422,97.4000015258789,98.0,94.5999984741211,95.0,20275000
2023-03-16,95.80645751953125,97.19999694824219,97.80000305175781,95.80000305175781,97.4000015258789,13197500
2023-03-17,98.17205047607422,99.5999984741211,102.0,98.4000015258789,98.5999984741211,34947500
2023-03-20,96.5949935913086,98.0,101.19999694824219,97.19999694824219,99.19999694824219,23936000
2023-03-21,97.38352966308594,98.80000305175781,100.19999694824219,97.80000305175781,98.0,19554000
2023-03-22,97.97492980957031,99.4000015258789,99.80000305175781,99.0,99.80000305175781,9570000
2023-03-23,97.38352966308594,98.80000305175781,100.19999694824219,98.4000015258789,99.5999984741211,8378000
2023-03-24,97.97492980957031,99.4000015258789,100.5999984741211,99.0,99.0,14989000
2023-03-27,97.77779388427734,99.19999694824219,99.80000305175781,98.5999984741211,99.80000305175781,6355000
2023-03-28,96.39787292480469,97.80000305175781,99.5999984741211,97.80000305175781,99.5999984741211,14300000
2023-03-29,99.15771484375,100.5999984741211,100.5999984741211,98.19999694824219,98.4000015258789,24387500
2023-03-30,108.42295837402344,110.0,110.80000305175781,99.80000305175781,100.4000015258789,55501500
2023-03-31,112.56273651123047,114.19999694824219,115.4000015258789,108.0,110.0,46606500
2023-04-03,95.60932922363281,97.0,109.4000015258789,96.4000015258789,108.0,25985500
2023-04-04,95.01793670654297,96.4000015258789,98.4000015258789,95.19999694824219,96.0,8771500
2023-04-05,86.93549346923828,88.19999694824219,97.0,87.0,96.19999694824219,17645000
2023-04-07,90.0896224975586,91.4000015258789,93.4000015258789,86.80000305175781,89.0,10316500
2023-04-10,95.41220092773438,96.80000305175781,96.80000305175781,89.80000305175781,90.5999984741211,8328000
2023-04-11,95.2150650024414,96.5999984741211,98.19999694824219,95.19999694824219,98.0,6859000
2023-04-12,93.63800048828125,95.0,96.5999984741211,91.4000015258789,96.5999984741211,10879000
2023-04-17,95.01793670654297,96.4000015258789,97.4000015258789,94.5999984741211,95.0,5955500
2023-04-18,94.4265365600586,95.80000305175781,96.5999984741211,95.4000015258789,96.19999694824219,3588500
2023-04-19,95.80645751953125,97.19999694824219,98.0,92.80000305175781,95.19999694824219,12648500
2023-04-20,94.62367248535156,96.0,97.0,95.5999984741211,96.5999984741211,4697500
2023-04-21,87.7240219116211,89.0,96.0,86.0,95.4000015258789,16452000
2023-04-24,89.30107879638672,90.5999984741211,92.4000015258789,88.80000305175781,89.0,14154000
2023-04-25,87.52689361572266,88.80000305175781,91.5999984741211,88.5999984741211,91.0,14167500
2023-04-26,88.3154296875,89.5999984741211,92.0,86.19999694824219,91.5999984741211,16673000
2023-04-27,73.72760772705078,74.80000305175781,86.4000015258789,74.80000305175781,86.19999694824219,48980000
2023-04-28,71.7070083618164,72.75,80.0,70.5,74.75,36755500
2023-05-02,75.40323638916016,76.5,77.0,72.75,74.0,17801400
2023-05-03,75.40323638916016,76.5,76.75,73.25,75.0,26056700
2023-05-08,78.60664367675781,79.75,79.75,76.5,78.0,19641700
2023-05-09,77.62097930908203,78.75,79.75,77.0,79.5,14717500
2023-05-10,76.88172912597656,78.0,79.25,75.75,79.25,19648600
2023-05-11,76.38890075683594,77.5,79.75,77.25,79.5,13056300
2023-05-12,76.14248657226562,77.25,78.0,75.5,77.25,10968800
2023-05-15,80.57797241210938,81.75,82.25,77.75,79.0,22118400
2023-05-16,79.09947204589844,80.25,82.5,80.0,81.25,10931100
2023-05-17,79.34588623046875,80.5,82.25,79.25,81.0,11858500
2023-05-18,86.24553680419922,87.5,89.75,81.0,81.25,33926900
2023-05-19,87.7240219116211,89.0,89.5,87.25,88.5,16784900
2023-05-22,90.92742919921875,92.25,93.0,87.0,88.0,23421200
2023-05-23,85.75270080566406,87.0,92.25,86.0,92.0,32843600
2023-05-24,86.73836517333984,88.0,88.75,85.5,85.75,14999800
2023-05-25,92.65233612060547,94.0,95.75,90.0,90.0,41948400
2023-05-26,91.91310119628906,93.25,95.75,93.25,94.0,20184800
2023-05-29,94.87008666992188,96.25,96.75,94.75,95.0,14468200
2023-05-30,95.3629150390625,96.75,98.0,96.25,97.5,12385500
2023-05-31,97.58065795898438,99.0,96.75,93.75,95.5,18492300
2023-06-01,96.5949935913086,98.0,100.5,97.75,99.0,20910100
2023-06-02,97.58065795898438,99.0,101.0,98.75,99.25,14164600
2023-06-06,100.04481506347656,101.5,103.0,100.0,100.0,19575300
2023-06-07,99.05915069580078,100.5,103.0,100.0,102.5,14842400
2023-06-08,102.01614379882812,103.5,103.5,98.75,100.5,15970800
2023-06-09,96.5949935913086,98.0,102.5,97.75,102.0,22637200
2023-06-12,98.31990814208984,99.75,100.5,97.75,97.75,8687500
2023-06-13,100.53765106201172,102.0,102.5,100.0,100.5,13463000
2023-06-14,100.53765106201172,102.0,103.5,101.0,103.0,5995500
2023-06-15,109.90145111083984,111.5,113.0,102.0,102.5,37758300
2023-06-16,109.90145111083984,111.5,115.0,108.5,113.0,21761400
2023-06-19,115.81542205810547,117.5,119.5,110.5,111.5,17793300
2023-06-20,94.13084411621094,95.5,103.0,90.75,100.0,43150700
2023-06-21,94.87008666992188,96.25,96.5,91.5,93.75,13837900
2023-06-22,96.10216522216797,97.5,98.25,95.0,97.25,5786900
2023-06-23,97.3342514038086,98.75,99.25,96.75,97.25,4605900
2023-06-26,94.62367248535156,96.0,99.0,94.0,98.75,9264000
2023-06-27,95.85574340820312,97.25,98.25,95.75,97.0,4108300
2023-06-28,92.65233612060547,94.0,98.0,93.5,97.75,8755700
2023-06-29,90.68101501464844,92.0,95.75,90.75,93.5,17730100
2023-06-30,90.68101501464844,92.0,92.25,88.0,91.0,10359700
2023-07-03,92.40592193603516,93.75,94.0,92.25,92.5,3256900
2023-07-04,93.63800048828125,95.0,95.25,92.5,92.75,4090300
2023-07-05,95.11650085449219,96.5,97.0,93.0,93.25,6281800
2023-07-06,93.63800048828125,95.0,96.0,94.5,95.0,5054100
2023-07-07,97.3342514038086,98.75,98.75,93.5,94.5,12160000
2023-07-10,99.55199432373047,101.0,101.5,96.0,99.0,11158700
2023-07-11,99.55199432373047,101.0,105.5,100.5,104.5,15311500
2023-07-12,97.58065795898438,99.0,102.0,99.0,101.5,9617900
2023-07-13,99.55199432373047,101.0,101.5,99.25,99.75,5137200
2023-07-14,101.52330780029297,103.0,103.5,100.5,100.5,7356500
2023-07-17,102.50897216796875,104.0,104.5,103.5,104.0,4265600
2023-07-18,105.4659652709961,107.0,108.0,103.5,103.5,10397000
2023-07-19,103.98747253417969,105.5,108.0,104.5,107.0,7090100
2023-07-20,103.98747253417969,105.5,107.5,105.0,105.5,7520900
2023-07-21,103.98747253417969,105.5,106.5,104.0,106.0,7614000
2023-07-24,107.43729400634766,109.0,110.0,106.0,106.5,10379000
2023-07-25,107.93011474609375,109.5,111.0,108.5,110.0,6530600
2023-07-26,107.43729400634766,109.0,110.5,108.0,110.0,6530200
2023-07-27,107.93011474609375,109.5,111.5,108.5,109.5,12971300
2023-07-31,111.37994384765625,113.0,115.5,112.5,115.5,7958300
2023-08-02,112.85843658447266,114.5,116.0,111.0,112.0,13909600
2023-08-03,110.88711547851562,112.5,115.0,112.0,114.0,6588600
2023-08-04,110.88711547851562,112.5,114.0,112.5,112.5,4758800
2023-08-07,111.8727798461914,113.5,114.5,112.0,113.0,4903600
2023-08-08,111.37994384765625,113.0,116.0,113.0,114.0,8038200
2023-08-09,106.45162963867188,108.0,115.0,107.0,114.0,15581400
2023-08-10,103.98747253417969,105.5,109.0,103.0,108.5,12555100
2023-08-11,104.48030090332031,106.0,108.0,104.0,105.5,6122200
2023-08-15,102.01614379882812,103.5,108.0,103.5,107.0,5169700
2023-08-16,102.50897216796875,104.0,105.5,102.5,103.0,5631400
2023-08-17,103.0018081665039,104.5,105.0,101.5,103.0,6671400
2023-08-18,98.073486328125,99.5,104.0,99.0,103.0,12292600
2023-08-21,99.55199432373047,101.0,102.5,98.75,101.0,7180900
2023-08-22,103.49463653564453,105.0,106.5,101.5,103.5,14357100
2023-08-23,101.52330780029297,103.0,106.5,103.0,106.5,10353900
2023-08-24,108.91578674316406,110.5,111.5,105.0,105.0,27785100
2023-08-25,105.95879364013672,107.5,109.5,105.5,109.0,16417200
2023-08-28,104.97313690185547,106.5,110.0,106.0,108.0,9953000
2023-08-29,107.43729400634766,109.0,109.5,107.0,108.0,7314400
2023-08-30,107.93011474609375,109.5,111.0,109.5,110.5,9494400
2023-08-31,106.9444580078125,108.5,110.0,106.5,109.5,8896200
2023-09-01,108.42295837402344,110.0,112.5,108.5,108.5,11984700
2023-09-04,107.43729400634766,109.0,110.5,108.5,110.0,3970500
2023-09-05,107.43729400634766,109.0,109.5,107.0,109.0,4321700
2023-09-06,106.45162963867188,108.0,109.0,107.5,108.5,4755200
2023-09-07,105.4659652709961,107.0,109.5,106.0,107.5,4408800
2023-09-08,103.98747253417969,105.5,107.5,105.5,107.0,4712800
2023-09-11,103.0018081665039,104.5,107.0,104.5,106.5,4690300
2023-09-12,106.45162963867188,108.0,110.0,105.5,105.5,8949600
2023-09-13,104.48030090332031,106.0,107.5,105.5,107.5,5729800
2023-09-14,106.45162963867188,108.0,110.0,106.5,106.5,9742400
2023-09-15,106.45162963867188,108.0,108.5,107.0,108.5,4961300
2023-09-18,104.97313690185547,106.5,107.0,103.5,106.5,9096200
2023-09-19,104.48030090332031,106.0,106.5,105.0,106.5,3247200
2023-09-20,104.48030090332031,106.0,107.0,104.5,106.0,4465500
2023-09-21,103.0018081665039,104.5,106.5,103.5,106.5,9851900
2023-09-22,105.95879364013672,107.5,108.0,104.5,105.0,8736800
2023-09-25,103.49463653564453,105.0,108.0,104.5,107.0,7078800
2023-09-26,102.50897216796875,104.0,106.0,104.0,104.5,6902400
2023-09-27,101.52330780029297,103.0,103.5,102.0,103.0,2468500
2023-09-28,102.50897216796875,104.0,105.5,102.5,103.0,11199700
2023-09-29,81.56362915039062,82.75,96.75,82.5,95.25,259955400
2023-10-02,85.75270080566406,87.0,89.0,81.75,82.0,59765400
2023-10-03,84.27420806884766,85.5,86.5,84.75,86.0,20813800
2023-10-04,82.54928588867188,83.75,85.75,82.75,85.5,17695700
2023-10-05,83.7813720703125,85.0,86.0,83.5,84.5,19143600
2023-10-06,79.34588623046875,80.5,85.75,80.0,85.75,23123000
2023-10-09,77.86739349365234,79.0,80.5,75.5,79.0,34243200
2023-10-10,82.05646514892578,83.25,83.75,80.25,81.5,19327800
2023-10-11,84.76703643798828,86.0,86.25,82.75,84.0,18508600
2023-10-12,83.28854370117188,84.5,86.0,84.25,86.0,12418100
2023-10-16,81.07080078125,82.25,83.5,80.25,82.5,11295200
2023-10-17,82.54928588867188,83.75,84.0,80.75,83.0,13230700
2023-10-18,83.28854370117188,84.5,85.0,83.0,83.0,6645300
2023-10-19,82.79571533203125,84.0,84.25,82.75,83.25,7598600
2023-10-20,80.08513641357422,81.25,84.25,81.25,83.5,6893200
2023-10-24,79.09947204589844,80.25,82.0,79.25,82.0,10163300
2023-10-25,79.5923080444336,80.75,83.0,80.5,82.0,8977100
2023-10-26,71.21416473388672,72.25,79.75,72.25,79.25,32800800
2023-10-27,75.15682220458984,76.25,77.0,73.25,74.75,16699500
2023-10-30,80.08513641357422,81.25,82.25,76.5,77.0,24796500
2023-10-31,77.86739349365234,79.0,81.75,78.75,81.5,12645700
2023-11-01,79.34588623046875,80.5,81.25,79.5,79.5,12351600
2023-11-02,83.04212951660156,84.25,85.75,81.5,82.0,20439400
2023-11-03,82.30287170410156,83.5,85.5,83.5,85.25,9924800
2023-11-06,83.04212951660156,84.25,86.25,84.0,85.25,9013800
2023-11-07,83.04212951660156,84.25,84.25,83.0,83.0,6657900
2023-11-08,82.05646514892578,83.25,85.25,83.25,85.0,7503000
2023-11-09,82.30287170410156,83.5,83.75,81.0,83.25,9610100
2023-11-10,76.63531494140625,77.75,82.0,77.5,81.5,18989200
2023-11-13,78.11380767822266,79.25,80.25,77.75,78.75,11157100
2023-11-14,77.37456512451172,78.5,80.0,77.5,79.75,7305400
2023-11-15,83.04212951660156,84.25,84.5,81.0,81.0,18449900
2023-11-16,81.81005096435547,83.0,85.0,82.25,85.0,7624700
2023-11-17,80.08513641357422,81.25,82.5,80.5,81.0,7445100
2023-11-20,81.31721496582031,82.5,82.5,79.75,80.25,8708200
2023-11-21,82.79571533203125,84.0,84.75,83.25,83.75,8341200
2023-11-22,79.83871459960938,81.0,84.0,80.25,83.5,12475700
2023-11-23,79.09947204589844,80.25,82.0,79.25,81.75,9109200
2023-11-24,79.09947204589844,80.25,81.5,80.0,80.0,5875200
2023-11-27,78.85305786132812,80.0,80.5,78.5,79.5,8378400
2023-11-28,80.57797241210938,81.75,81.75,80.5,80.75,6590100
2023-11-29,75.89606475830078,77.0,81.75,76.0,81.75,18296200
2023-11-30,76.63531494140625,77.75,78.75,76.25,77.0,20222600
2023-12-01,76.38890075683594,77.5,79.25,77.0,79.25,10186000
2023-12-04,75.40323638916016,76.5,77.25,76.25,77.0,7938600
2023-12-06,77.1281509399414,78.25,79.75,77.0,78.0,10398800
2023-12-07,74.910400390625,76.0,77.75,75.75,77.0,10567900
2023-12-08,79.83871459960938,81.0,81.25,77.25,77.25,16688600
2023-12-12,81.81005096435547,83.0,83.25,81.25,82.5,16731800
2023-12-13,80.33155059814453,81.5,82.25,80.5,82.0,9513100
2023-12-14,84.52062225341797,85.75,86.0,82.5,83.5,20768600
2023-12-15,82.05646514892578,83.25,86.0,82.5,85.75,25424000
2023-12-18,85.2598648071289,86.5,88.0,82.25,82.5,22090000
2023-12-19,88.95610809326172,90.25,92.75,89.5,91.0,23027300
2023-12-20,88.4632797241211,89.75,90.75,89.25,90.25,12595400
2023-12-21,89.69535827636719,91.0,92.75,88.25,88.5,17573600
2023-12-22,90.68101501464844,92.0,92.25,90.75,91.5,13190500
2023-12-25,92.65233612060547,94.0,95.5,92.25,92.25,21596300
2023-12-26,92.65233612060547,94.0,94.5,93.5,94.25,8403500
2023-12-27,89.94176483154297,91.25,94.25,91.25,94.0,20305800
2023-12-28,86.73836517333984,88.0,92.25,87.75,91.25,22652500
2024-01-03,88.7096939086914,90.0,91.0,89.5,91.0,12454600
2024-01-04,85.75270080566406,87.0,90.75,86.75,90.25,26853100
2024-01-05,83.04212951660156,84.25,88.0,84.25,86.75,21972100
2024-01-08,83.28854370117188,84.5,86.0,83.75,83.75,12203200
2024-01-09,84.02779388427734,85.25,87.75,85.0,86.75,16649700
2024-01-10,83.7813720703125,85.0,86.25,84.75,86.25,5903500
2024-01-11,83.04212951660156,84.25,85.75,84.0,85.25,7823900
2024-01-12,83.7813720703125,85.0,86.0,83.5,83.5,10733900
2024-01-15,83.53495788574219,84.75,85.75,84.25,85.25,5456100
2024-01-16,81.81005096435547,83.0,84.5,83.0,84.5,11301900
2024-01-17,81.56362915039062,82.75,83.75,82.0,82.25,16808400
2024-01-18,81.81005096435547,83.0,83.75,81.5,83.5,13493600
2024-01-19,82.79571533203125,84.0,85.5,83.25,84.25,11482200
2024-01-22,83.04212951660156,84.25,85.25,83.25,85.0,8843100
2024-01-23,82.05646514892578,83.25,86.0,83.0,84.5,9663500
2024-01-24,84.02779388427734,85.25,85.25,82.5,83.0,9504900
2024-01-25,81.31721496582031,82.5,85.25,81.25,84.5,12623400
2024-01-26,80.82438659667969,82.0,83.25,81.5,82.5,6054600
2024-01-29,77.86739349365234,79.0,82.5,78.0,82.5,20110500
2024-01-30,78.85305786132812,80.0,80.5,79.5,79.75,8999000
2024-01-31,77.62097930908203,78.75,80.0,78.5,80.0,6936000
2024-02-01,76.88172912597656,78.0,78.75,77.5,78.5,7170900
2024-02-02,79.5923080444336,80.75,81.5,78.75,78.75,10158700
2024-02-05,79.34588623046875,80.5,81.0,79.5,80.25,6648700
2024-02-06,81.56362915039062,82.75,83.25,80.0,80.0,13461200
2024-02-07,80.57797241210938,81.75,83.5,81.75,83.0,7944500
2024-02-08,79.5923080444336,80.75,82.25,80.75,81.0,5535100
2024-02-09,79.34588623046875,80.5,81.5,80.5,80.5,3716800
2024-02-12,80.08513641357422,81.25,81.75,81.0,81.25,2663900
2024-02-13,80.82438659667969,82.0,83.25,81.5,81.5,7011800
2024-02-14,77.86739349365234,79.0,80.5,78.25,80.25,12564300
2024-02-15,80.33155059814453,81.5,82.0,78.75,79.5,14987600
2024-02-16,76.38890075683594,77.5,82.5,76.75,82.5,33249100
2024-02-19,76.88172912597656,78.0,79.0,77.5,77.5,14994200
2024-02-20,73.6783218383789,74.75,78.25,74.0,78.25,23445100
2024-02-21,73.92474365234375,75.0,75.75,73.0,73.5,18208400
2024-02-22,73.18549346923828,74.25,76.75,74.0,76.0,14257200
2024-02-23,72.69265747070312,73.75,75.25,73.5,75.25,12498000
2024-02-27,72.69265747070312,73.75,75.0,73.25,74.5,7619300
2024-02-28,68.01075744628906,69.0,73.0,69.0,73.0,19786200
2024-02-29,70.22850036621094,71.25,72.25,69.25,69.25,22069100
2024-03-01,67.02510070800781,68.0,71.5,68.0,71.25,14031100
2024-03-04,66.03943634033203,67.0,68.75,66.75,68.0,13499500
2024-03-05,64.5609359741211,65.5,67.5,65.25,67.25,17977900
2024-03-06,67.51792907714844,68.5,69.0,63.25,64.0,22058000
2024-03-07,66.97222900390625,67.5,69.5,65.75,69.25,17174700
2024-03-08,69.70072937011719,70.25,71.0,68.0,68.25,22110700
2024-03-11,68.21245574951172,68.75,69.75,68.25,69.5,6575400
2024-03-12,68.21245574951172,68.75,68.75,68.75,68.75,0
2024-03-13,68.21245574951172,68.75,69.75,68.25,69.75,8019100
2024-03-14,68.46050262451172,69.0,69.0,67.5,68.75,6443000
2024-03-15,68.46050262451172,69.0,69.0,69.0,69.0,0
2024-03-18,67.71636199951172,68.25,68.75,66.75,66.75,8798700
2024-03-19,66.22808837890625,66.75,68.0,66.75,67.5,8797800
2024-03-20,66.22808837890625,66.75,66.75,66.75,66.75,0
2024-03-21,71.68508911132812,72.25,72.5,68.0,68.0,26929800
2024-03-22,71.68508911132812,72.25,72.25,72.25,72.25,0
2024-03-25,72.42922973632812,73.0,74.75,72.25,73.0,15129300
2024-03-26,72.42922973632812,73.0,73.0,73.0,73.0,0
2024-03-27,72.9253158569336,73.5,74.5,73.25,73.5,5968900
2024-03-28,72.9253158569336,73.5,73.5,73.5,73.5,0
2024-03-29,73.91749572753906,74.5,75.25,72.5,72.75,7675100
2024-04-01,73.91749572753906,74.5,74.75,72.75,74.25,7918500
2024-04-02,74.41358947753906,75.0,75.5,73.75,74.0,9437600
2024-04-03,73.4214096069336,74.0,74.5,73.5,74.25,7251200
2024-04-04,73.4214096069336,74.0,74.0,74.0,74.0,0
2024-04-05,72.42922973632812,73.0,74.0,72.25,72.5,6584200
2024-04-09,72.42922973632812,73.0,73.0,73.0,73.0,0
2024-04-10,79.12644958496094,79.75,80.75,78.5,78.5,14440600
2024-04-11,75.65381622314453,76.25,79.25,76.0,79.25,11186300
2024-04-17,70.94095611572266,71.5,74.0,71.25,73.5,24273800
2024-04-18,70.94095611572266,71.5,71.5,71.5,71.5,0
2024-04-19,70.94095611572266,71.5,71.5,71.5,71.5,0
2024-04-22,68.95658874511719,69.5,71.25,69.25,71.0,14002800
2024-04-23,69.45268249511719,70.0,71.0,69.5,70.25,11836100
2024-04-24,69.45268249511719,70.0,70.0,70.0,70.0,0
2024-04-25,72.42922973632812,73.0,73.75,71.75,71.75,10881600
2024-04-26,73.1733627319336,73.75,74.0,73.0,73.5,8690500
2024-04-29,69.45268249511719,70.0,73.0,68.25,73.0,27100900
2024-04-30,69.45268249511719,70.0,71.5,70.0,70.5,13839300
2024-05-02,68.46050262451172,69.0,71.25,69.0,70.5,17819700
2024-05-03,69.45268249511719,70.0,70.75,69.5,70.0,6394200
2024-05-07,69.45268249511719,70.0,70.0,70.0,70.0,0
2024-05-08,72.67727661132812,73.25,73.75,72.5,73.5,11027500
2024-05-09,70.94095611572266,71.5,73.0,71.5,72.75,7278300
2024-05-10,71.18899536132812,71.75,72.5,71.25,72.25,4347600
2024-05-13,70.19682312011719,70.75,71.5,70.5,71.5,6691400
2024-05-14,70.69290924072266,71.25,72.25,71.0,71.25,5397700
2024-05-15,70.69290924072266,71.25,71.25,71.25,71.25,0
2024-05-16,70.69290924072266,71.25,71.25,71.25,71.25,0
2024-05-17,76.14990234375,76.75,77.75,74.25,75.0,16538300
2024-05-20,76.14990234375,76.75,76.75,76.75,76.75,0
2024-05-21,73.91749572753906,74.5,75.5,73.75,74.75,9517600
2024-05-23,76.39794921875,77.0,77.5,74.75,75.0,20575500
2024-05-24,76.39794921875,77.0,77.0,77.0,77.0,0
2024-05-27,74.41358947753906,75.0,76.5,74.5,76.0,9236900
2024-05-28,73.66944885253906,74.25,75.75,73.75,75.5,8533400
2024-05-29,72.67727661132812,73.25,75.0,73.0,73.75,12601800
2024-05-30,72.67727661132812,73.25,73.25,73.25,73.25,0
2024-05-31,72.67727661132812,73.25,73.25,73.25,73.25,0
2024-06-04,72.67727661132812,73.25,76.25,73.0,75.75,13694200
2024-06-05,71.9331283569336,72.5,74.25,71.25,73.75,11234800
2024-06-06,74.90968322753906,75.5,76.25,74.0,74.25,24483400
2024-06-07,74.90968322753906,75.5,75.5,75.5,75.5,0
2024-06-10,73.66944885253906,74.25,74.5,72.5,74.5,12090000
2024-06-11,74.16554260253906,74.75,75.5,73.75,74.5,10552500
2024-06-12,77.39012908935547,78.0,78.75,74.75,74.75,25425300
2024-06-13,77.88622283935547,78.5,79.75,78.25,79.5,17113100
2024-06-14,79.12644958496094,79.75,80.5,77.75,78.5,15346700
2024-06-17,78.38231658935547,79.0,79.5,77.75,79.5,9282300
2024-06-18,78.38231658935547,79.0,79.0,79.0,79.0,0
2024-06-19,78.38231658935547,79.0,79.0,79.0,79.0,0
2024-06-20,86.56781005859375,87.25,87.75,85.25,87.75,24498000
2024-06-21,84.08735656738281,84.75,87.75,84.75,85.75,28113400
2024-06-24,85.32758331298828,86.0,86.25,83.25,83.5,14974400
2024-06-25,85.32758331298828,86.0,86.0,86.0,86.0,0
2024-06-26,85.32758331298828,86.0,86.0,86.0,86.0,0
2024-06-27,83.09516906738281,83.75,84.25,83.0,84.0,10223200
2024-06-28,82.59908294677734,83.25,84.5,83.25,84.25,11713500
2024-07-01,82.59908294677734,83.25,83.25,83.25,83.25,0
2024-07-02,81.35885620117188,82.0,83.75,81.25,83.0,11321900
2024-07-03,82.10298919677734,82.75,83.75,82.0,82.25,10411100
2024-07-04,83.83930969238281,84.5,85.0,83.75,84.25,8992800
2024-07-05,84.58344268798828,85.25,85.75,84.25,85.0,11402800
2024-07-08,84.58344268798828,85.25,86.0,84.25,85.5,8404500
2024-07-09,84.58344268798828,85.25,85.25,85.25,85.25,0
2024-07-10,85.82366943359375,86.5,86.75,85.25,86.0,6033800
2024-07-11,90.04044342041016,90.75,91.5,87.75,88.0,30284200
2024-07-12,90.04044342041016,90.75,90.75,90.75,90.75,0
2024-07-15,90.04044342041016,90.75,90.75,90.75,90.75,0
2024-07-16,92.7689437866211,93.5,93.75,91.0,91.25,32953300
2024-07-17,92.7689437866211,93.5,93.5,93.5,93.5,0
2024-07-18,91.77676391601562,92.5,93.25,90.75,91.0,22314000
2024-07-19,91.5287094116211,92.25,93.0,91.5,91.5,10333500
2024-07-23,90.78457641601562,91.5,93.75,91.25,93.5,10469200
2024-07-24,91.03262329101562,91.75,92.5,90.5,91.25,11259800
2024-07-25,90.78457641601562,91.5,91.5,89.25,89.5,21112600
2024-07-26,92.02481079101562,92.75,93.0,90.5,91.75,19133200
2024-07-30,92.02481079101562,92.75,92.75,92.75,92.75,0
2024-07-31,101.20248413085938,102.0,103.0,100.0,100.5,17269000
2024-08-01,102.69075012207031,103.5,105.0,101.5,102.5,15015100
2024-08-02,100.2103042602539,101.0,103.0,100.0,101.5,17597800
2024-08-05,94.50525665283203,95.25,97.25,93.25,97.25,42372700
2024-08-06,95.9935302734375,96.75,99.0,96.25,97.5,21152000
2024-08-07,100.2103042602539,101.0,101.0,98.0,98.25,17720000
2024-08-08,100.2103042602539,101.0,101.0,101.0,101.0,0
2024-08-09,101.20248413085938,102.0,103.5,100.0,102.0,15286800
2024-08-13,100.70639038085938,101.5,104.5,101.0,103.0,15157400
2024-08-14,101.69857025146484,102.5,103.5,101.0,102.0,9746500
2024-08-15,101.69857025146484,102.5,103.0,101.5,102.5,5484100
2024-08-16,103.18684387207031,104.0,104.0,103.0,103.0,5502500
2024-08-19,103.18684387207031,104.0,104.0,104.0,104.0,0
2024-08-20,104.67511749267578,105.5,107.0,103.5,104.0,14114900
2024-08-21,102.69075012207031,103.5,105.0,102.0,105.0,12617100
2024-08-22,102.69075012207031,103.5,103.5,103.5,103.5,0
2024-08-23,101.20248413085938,102.0,102.5,101.0,101.5,9713300
2024-08-26,101.69857025146484,102.5,102.5,99.25,100.0,11498600
2024-08-27,101.69857025146484,102.5,103.5,101.5,102.0,7376900
2024-08-28,106.16339111328125,107.0,108.0,102.5,103.0,21794800
2024-08-29,104.17902374267578,105.0,106.0,103.0,104.5,15863000
2024-08-30,105.66728973388672,106.5,109.0,105.0,105.5,25171700
2024-09-02,105.66728973388672,106.5,106.5,106.5,106.5,0
2024-09-03,105.66728973388672,106.5,106.5,106.5,106.5,0
2024-09-04,105.66728973388672,106.5,106.5,106.5,106.5,0
2024-09-05,106.16339111328125,107.0,107.5,105.5,107.0,12056300
2024-09-06,100.2103042602539,101.0,109.0,101.0,108.0,27410900
2024-09-09,100.2103042602539,101.0,101.0,101.0,101.0,0
2024-09-10,103.18684387207031,104.0,104.5,102.0,103.0,16857600
2024-09-11,100.70639038085938,101.5,104.0,101.5,103.0,9459500
2024-09-12,103.18684387207031,104.0,106.0,103.5,103.5,15131900
2024-09-13,102.69075012207031,103.5,105.5,103.0,105.5,8091400
2024-09-16,102.69075012207031,103.5,103.5,103.5,103.5,0
2024-09-17,102.69075012207031,103.5,103.5,103.5,103.5,0
2024-09-18,102.69075012207031,103.5,103.5,103.5,103.5,0
2024-09-19,107.65165710449219,108.5,109.0,103.5,104.5,22898200
2024-09-20,106.16339111328125,107.0,109.5,106.5,109.0,13776000
2024-09-23,106.16339111328125,107.0,108.5,105.5,108.0,7523300
2024-09-24,109.13993072509766,110.0,111.5,106.5,107.0,17378700
2024-09-25,108.64383697509766,109.5,112.0,108.0,111.5,12065700
2024-09-26,109.13993072509766,110.0,111.5,109.5,111.0,6304300
2024-09-27,109.13993072509766,110.0,110.0,110.0,110.0,0
2024-09-30,106.16339111328125,107.0,109.5,107.0,108.5,9741800
2024-10-01,108.64383697509766,109.5,110.5,107.0,107.0,9266800
2024-10-02,107.65165710449219,108.5,109.5,108.0,108.5,4338300
2024-10-03,105.66728973388672,106.5,108.0,106.5,108.0,5638800
2024-10-04,105.66728973388672,106.5,106.5,106.5,106.5,0
2024-10-07,107.65165710449219,108.5,109.0,107.0,108.0,6219000
2024-10-08,106.65947723388672,107.5,111.0,107.0,107.5,11375500
2024-10-09,109.63602447509766,110.5,110.5,108.5,109.0,17775000
2024-10-10,115.093017578125,116.0,118.0,111.5,112.0,28949500
2024-10-11,116.08519744873047,117.0,120.0,115.5,116.5,22026000
2024-10-15,121.04610443115234,122.0,126.5,118.0,118.0,22918200
2024-10-16,121.04610443115234,122.0,122.0,122.0,122.0,0
2024-10-17,125.01482391357422,126.0,127.0,124.0,125.5,10975200
2024-10-18,129.47964477539062,130.5,131.5,125.5,126.0,15809600
2024-10-21,128.4874725341797,129.5,133.5,129.0,133.0,9715200
2024-10-22,128.4874725341797,129.5,129.5,129.5,129.5,0
2024-10-24,133.9444580078125,135.0,136.0,129.0,129.5,14549200
2024-10-25,133.9444580078125,135.0,135.0,135.0,135.0,0
2024-10-28,126.00701141357422,127.0,135.0,126.0,135.0,25426400
2024-10-29,125.01482391357422,126.0,129.0,125.0,125.0,14196200
2024-10-30,130.47181701660156,131.5,133.5,127.0,128.0,17358600
2024-10-31,136.92100524902344,138.0,140.0,131.0,131.5,23197400
2024-11-01,136.92100524902344,138.0,139.5,136.5,138.0,13041800
2024-11-04,138.40928649902344,139.5,141.5,138.5,139.5,11585000
2024-11-05,147.33889770507812,148.5,150.0,139.5,140.0,32777700
2024-11-06,154.28416442871094,155.5,159.5,149.5,150.5,38370300
2024-11-07,155.77244567871094,157.0,160.5,155.5,158.0,20969000
2024-11-08,153.7880859375,155.0,157.0,149.0,156.0,32256900
2024-11-11,155.77244567871094,157.0,159.5,154.0,155.5,11817000
2024-11-12,156.26853942871094,157.5,159.0,155.5,157.0,8989300
2024-11-13,160.73333740234375,162.0,167.0,158.0,158.5,17602700
2024-11-14,163.70989990234375,165.0,167.0,161.5,162.0,15079400
2024-11-15,162.2216339111328,163.5,169.0,163.0,167.5,18240400
2024-11-18,163.21380615234375,164.5,166.0,160.0,165.0,13687100
2024-11-19,164.2059783935547,165.5,170.0,165.5,166.0,10723800
2024-11-20,172.1434326171875,173.5,173.5,166.5,167.5,13951400
2024-11-21,143.8662567138672,145.0,155.0,141.0,147.0,28831400
2024-11-22,144.85845947265625,146.0,147.0,141.5,146.0,11377800
2024-11-25,144.36236572265625,145.5,148.0,145.0,147.5,16921100
2024-11-26,150.31546020507812,151.5,153.0,145.5,145.5,10034400
2024-11-27,149.81936645507812,151.0,152.5,148.5,152.5,7604200
2024-11-28,150.31546020507812,151.5,153.0,150.0,151.5,7535500
2024-11-29,149.32325744628906,150.5,153.0,148.5,152.5,14039100
2024-12-02,150.81153869628906,152.0,152.0,146.0,151.0,10954500
2024-12-03,149.81936645507812,151.0,153.0,149.5,152.5,8944600
2024-12-04,149.81936645507812,151.0,152.0,149.5,150.5,8335700
2024-12-06,149.32325744628906,150.5,152.0,149.5,152.0,13360000
2024-12-09,151.30763244628906,152.5,153.0,147.0,150.0,16674600
2024-12-11,149.81936645507812,151.0,153.0,150.0,150.5,14512900
2024-12-12,154.28416442871094,155.5,161.0,153.5,155.0,28482800
2024-12-13,150.31546020507812,151.5,154.5,149.0,154.0,24948700
2024-12-16,149.81936645507812,151.0,152.0,149.5,152.0,13943800
2024-12-17,149.81936645507812,151.0,154.5,150.0,152.0,17233400
2024-12-18,150.31546020507812,151.5,153.0,150.5,152.5,14123300
2024-12-19,148.82717895507812,150.0,152.5,149.0,149.5,16566800
2024-12-20,148.33108520507812,149.5,153.0,148.5,150.5,21550200
2024-12-23,150.81153869628906,152.0,152.5,149.0,151.5,17059500
2024-12-24,149.81936645507812,151.0,154.5,150.5,153.0,16441300
2024-12-25,149.32325744628906,150.5,152.0,150.5,152.0,6489200
2024-12-26,151.30763244628906,152.5,152.5,150.5,150.5,5079500
2024-12-27,151.30763244628906,152.5,155.0,151.0,151.5,21784300
2024-12-30,151.30763244628906,152.5,158.0,151.5,153.0,24994500
2025-01-02,137.91317749023438,139.0,153.0,138.5,152.5,43716800
2025-01-03,141.8819122314453,143.0,144.0,139.5,139.5,16135600
2025-01-06,143.8662567138672,145.0,146.0,144.0,145.0,8302500
2025-01-07,150.81153869628906,152.0,153.5,146.0,146.5,22096200
2025-01-08,153.2919921875,154.5,155.0,151.5,152.5,11187200
2025-01-09,154.28416442871094,155.5,158.0,154.0,155.5,17465100
2025-01-10,155.2763671875,156.5,159.0,155.0,156.0,19111200
2025-01-13,147.33889770507812,148.5,155.0,148.5,155.0,21871500
2025-01-14,142.37799072265625,143.5,151.0,137.0,151.0,84674300
2025-01-15,138.90536499023438,140.0,145.5,138.0,145.5,26565200
2025-01-16,137.41708374023438,138.5,144.0,137.5,144.0,21436300
2025-01-17,137.41708374023438,138.5,140.5,136.0,137.0,16675200
2025-01-20,139.40145874023438,140.5,142.5,139.0,140.0,10751600
2025-01-21,141.3858184814453,142.5,144.5,141.5,142.0,13222300
2025-01-22,145.8506317138672,147.0,147.0,143.5,144.0,15240200
2025-01-23,145.35455322265625,146.5,150.5,146.5,148.5,15032000
2025-01-24,145.8506317138672,147.0,148.0,144.5,148.0,10449800
2025-01-27,136.92100524902344,138.0,145.0,138.0,144.5,20737000
2025-01-28,133.44837951660156,134.5,135.0,130.0,130.0,23961900
2025-01-29,133.44837951660156,134.5,137.5,133.5,137.0,12505600
2025-01-30,127.49528503417969,128.5,134.0,128.0,133.5,20227600
2025-01-31,125.01482391357422,126.0,131.0,126.0,129.5,21439800
2025-02-03,124.51873779296875,125.5,126.0,114.0,115.0,21511000
2025-02-04,122.03828430175781,123.0,129.0,123.0,127.0,19948100
2025-02-05,113.60474395751953,114.5,121.0,112.5,117.5,35295600
2025-02-06,109.13993072509766,110.0,116.0,108.5,115.5,29369500
2025-02-07,113.10865783691406,114.0,115.0,109.0,109.0,21983200
2025-02-10,111.1242904663086,112.0,112.5,108.0,111.0,22886400
2025-02-11,113.10865783691406,114.0,115.0,112.5,115.0,9734600
2025-02-13,114.59693145751953,115.5,118.5,114.0,115.0,21294700
2025-02-14,112.1164779663086,113.0,117.0,112.0,116.5,16660000
2025-02-17,85.82366943359375,86.5,88.5,79.25,79.25,83792200
2025-02-18,77.14208221435547,77.75,87.0,77.5,87.0,50749700
2025-02-19,77.14208221435547,77.75,81.5,76.75,77.0,31592800
2025-02-20,76.64599609375,77.25,80.5,75.5,77.5,36129400
2025-02-21,74.41358947753906,75.0,78.75,74.75,78.0,19949300
2025-02-24,75.40576934814453,76.0,76.0,72.25,74.25,19636500
2025-02-25,74.66162872314453,75.25,76.5,74.0,75.0,18025800
2025-02-26,81.85494995117188,82.5,82.5,75.5,76.0,30939500
2025-02-27,80.56785583496094,80.75,83.75,80.25,81.0,23466400
2025-02-28,77.07575225830078,77.25,78.5,75.25,76.0,34461100
2025-03-03,71.08928680419922,71.25,79.5,70.25,78.25,36008100
2025-03-04,70.09154510498047,70.25,73.25,70.0,71.0,20987700
2025-03-05,75.32970428466797,75.5,75.5,71.75,73.0,25850100
2025-03-06,77.32518768310547,77.5,82.0,75.75,76.75,38787900
2025-03-07,81.06673431396484,81.25,81.25,76.25,77.0,19286700
2025-03-10,76.32744598388672,76.5,80.0,76.25,79.75,21106900
2025-03-11,73.83308410644531,74.0,75.75,71.25,74.25,30983300
2025-03-12,68.8443603515625,69.0,74.0,69.0,73.5,29343500
2025-03-13,69.84210968017578,70.0,71.75,69.25,70.5,20070600
2025-03-14,70.09154510498047,70.25,71.25,69.25,70.75,14788800
2025-03-17,69.09379577636719,69.25,72.0,69.25,70.5,16918900
2025-03-18,70.83985137939453,71.0,71.75,69.75,70.75,13155100
2025-03-19,70.59041595458984,70.75,73.0,70.5,71.75,14664100
2025-03-20,66.59943389892578,66.75,71.75,66.75,71.0,25844400
2025-03-21,68.8443603515625,69.0,69.25,66.75,67.75,23386800
2025-03-24,68.09605407714844,68.25,70.0,67.0,70.0,10181500
2025-03-25,69.84210968017578,70.0,70.5,67.5,69.0,19384600
2025-03-26,73.33421325683594,73.5,74.75,70.25,70.25,28478600
2025-03-27,72.08702850341797,72.25,72.75,71.0,72.5,13648300
2025-03-28,68.8443603515625,69.0,71.5,68.75,71.5,12954900
2025-03-31,65.60169219970703,65.75,67.25,65.5,65.75,22623900
2025-04-01,66.59943389892578,66.75,67.0,66.25,67.0,7164700
2025-04-02,67.34774780273438,67.5,69.0,67.0,67.25,8580900
2025-04-03,60.3635368347168,60.5,65.5,59.0,65.0,26206000
2025-04-04,56.62199401855469,56.75,59.5,56.25,59.5,27236900
2025-04-08,59.36579132080078,59.5,60.25,51.25,53.0,45128600
2025-04-09,59.864662170410156,60.0,61.75,56.75,59.5,19396100
2025-04-10,69.09379577636719,69.25,69.25,66.25,66.75,26683200
2025-04-11,68.59492492675781,68.75,70.25,67.0,70.0,19440600
2025-04-16,66.1005630493164,66.25,70.25,63.0,70.25,36862100
2025-04-17,65.85112762451172,66.0,67.5,65.0,65.25,15309600
2025-04-18,68.8443603515625,69.0,69.75,65.75,66.0,17245100
2025-04-21,67.84661865234375,68.0,71.5,68.0,68.75,16369400
2025-04-22,69.09379577636719,69.25,69.5,67.0,68.0,15347000
2025-04-23,76.32744598388672,76.5,77.5,70.5,71.5,55832500
2025-04-24,75.32970428466797,75.5,80.75,75.5,76.5,45754500
2025-04-25,81.8150405883789,82.0,84.75,78.25,79.25,45770300
2025-04-28,83.06221771240234,83.25,87.75,82.75,86.5,37714400
2025-04-29,87.80150604248047,88.0,88.0,84.0,84.0,33741800
2025-04-30,97.77894592285156,98.0,98.0,89.25,90.0,68549900
2025-05-02,101.27105712890625,101.5,106.5,100.5,104.5,26661800
2025-05-06,99.7744369506836,100.0,103.5,98.25,103.5,21119000
2025-05-07,104.26428985595703,104.5,105.0,101.0,102.5,17680700
2025-05-08,100.77218627929688,101.0,105.5,101.0,103.5,14685300
2025-05-09,103.76541900634766,104.0,104.5,100.0,102.5,15499800
2025-05-13,106.75865173339844,107.0,111.5,107.0,110.0,19856300
2025-05-14,113.74285888671875,114.0,114.0,107.5,108.0,23181700
2025-05-15,111.24849700927734,111.5,116.0,110.0,113.0,22646000
2025-05-16,114.24172973632812,114.5,115.5,110.5,113.0,14891500
2025-05-19,106.75865173339844,107.0,113.5,107.0,113.0,17874500
2025-05-20,107.25752258300781,107.5,111.0,107.0,110.0,15571600
2025-05-21,106.25977325439453,106.5,111.5,105.0,108.5,21274600
2025-05-22,107.75639343261719,108.0,109.0,105.0,105.5,14118000
2025-05-23,107.75639343261719,108.0,110.0,108.0,109.0,6377600
2025-05-26,111.24849700927734,111.5,112.0,105.5,109.0,16848600
2025-05-27,107.25752258300781,107.5,111.0,106.0,111.0,20049200
2025-05-28,103.76541900634766,104.0,110.0,104.0,109.0,18495200
2025-05-29,107.25752258300781,107.5,112.5,107.0,108.5,27668900
2025-05-30,103.76541900634766,104.0,106.5,103.5,105.0,59741600
2025-06-04,94.2868423461914,94.5,102.0,91.25,101.5,45665200
2025-06-05,97.52951049804688,97.75,98.5,95.75,97.0,16533500
2025-06-06,95.28459167480469,95.5,97.25,93.5,97.25,15042000
2025-06-09,99.27556610107422,99.5,101.0,97.0,97.0,16075200
2025-06-10,99.27556610107422,99.5,101.5,99.0,99.75,8691100
2025-06-11,100.77218627929688,101.0,101.5,99.75,101.0,8261200
2025-06-12,97.0306396484375,97.25,99.75,97.0,99.25,11188000
2025-06-13,99.27556610107422,99.5,100.0,95.5,96.0,14436700
2025-06-16,99.7744369506836,100.0,101.5,97.25,98.5,10955900
2025-06-17,98.77669525146484,99.0,101.0,98.0,101.0,9051300
2025-06-18,97.77894592285156,98.0,102.5,97.75,98.0,16412900
2025-06-19,98.02838897705078,98.25,99.25,96.75,96.75,12029400
2025-06-20,97.77894592285156,98.0,99.25,96.75,98.0,16991800
2025-06-23,96.03289794921875,96.25,98.0,95.25,97.0,14005600
2025-06-24,104.26428985595703,104.5,106.0,98.75,99.0,39907300
2025-06-25,104.7631607055664,105.0,107.0,104.0,104.0,17427800
2025-06-26,98.77669525146484,99.0,105.0,99.0,105.0,24549100
2025-06-27,95.78346252441406,96.0,99.75,95.75,99.75,23456700
2025-06-30,95.78346252441406,96.0,100.0,92.0,97.0,37750100
2025-07-01,103.76541900634766,104.0,104.5,97.0,98.0,28271300
2025-07-02,104.7631607055664,105.0,105.5,102.5,104.0,15020600
2025-07-03,109.75188446044922,110.0,110.0,105.0,106.0,23289800
2025-07-04,109.25300598144531,109.5,110.5,107.0,110.0,13171300
2025-07-07,110.2507553100586,110.5,111.0,105.5,106.5,16294100
2025-07-08,108.25526428222656,108.5,110.0,107.0,108.0,17502000
2025-07-09,105.76090240478516,106.0,109.5,105.5,108.5,10288000
2025-07-11,108.25526428222656,108.5,111.0,108.0,109.0,13679100
2025-07-14,111.74736785888672,112.0,112.0,108.0,108.5,10321000
2025-07-15,114.24172973632812,114.5,115.0,111.0,113.0,12449600
2025-07-16,114.24172973632812,114.5,116.0,112.5,114.5,11848900
2025-07-17,132.2011260986328,132.5,134.5,115.5,115.5,49582200
2025-07-18,137.18984985351562,137.5,138.0,130.5,131.0,28144000
2025-07-21,138.68646240234375,139.0,144.0,135.0,143.0,31644400
2025-07-22,136.69097900390625,137.0,141.5,135.0,139.0,17003300
2025-07-23,142.17857360839844,142.5,145.0,139.5,140.5,21927600
2025-07-24,140.18309020996094,140.5,144.0,139.5,142.0,17072500
2025-07-25,142.17857360839844,142.5,143.0,137.5,138.0,17148200
2025-07-29,142.6774444580078,143.0,145.5,139.5,144.0,20504800
2025-07-30,143.67518615722656,144.0,144.0,142.0,144.0,10282600
2025-07-31,145.67068481445312,146.0,150.0,142.0,145.0,23099200
2025-08-01,141.67970275878906,142.0,151.0,142.0,149.5,22059000
2025-08-04,147.16729736328125,147.5,148.0,142.0,143.5,15555800
2025-08-05,147.16729736328125,147.5,150.0,147.0,149.0,9740900
2025-08-06,147.16729736328125,147.5,148.5,145.0,148.5,12462600
2025-08-07,146.66842651367188,147.0,148.5,145.5,147.0,8200900
2025-08-08,143.67518615722656,144.0,147.0,143.0,145.5,11056500
2025-08-13,153.6526336669922,154.0,155.0,147.0,147.5,24921500
2025-08-14,150.65940856933594,151.0,156.5,151.0,153.5,13752100
2025-08-15,149.16278076171875,149.5,152.5,148.5,152.0,6895500
2025-08-18,147.16729736328125,147.5,151.0,147.5,149.5,7524600
2025-08-19,145.67068481445312,146.0,148.5,146.0,148.5,6421300
2025-08-20,144.6729278564453,145.0,146.0,140.5,144.5,13391200
2025-08-21,146.1695556640625,146.5,149.5,145.0,146.0,8889300
2025-08-22,150.65940856933594,151.0,153.0,147.0,148.0,10145100
2025-08-25,152.65489196777344,153.0,155.0,151.5,153.5,8504500
2025-08-26,149.66165161132812,150.0,152.0,149.0,151.0,11216200
2025-08-27,153.6526336669922,154.0,158.5,150.0,151.0,21146100
2025-08-28,149.66165161132812,150.0,154.0,150.0,153.0,12813800
2025-08-29,149.66165161132812,150.0,153.5,149.0,150.0,15162700
2025-09-01,148.66390991210938,149.0,150.0,148.0,149.0,6181300
2025-09-02,146.66842651367188,147.0,150.5,147.0,150.5,7225200
2025-09-03,150.65940856933594,151.0,152.5,148.0,148.5,9851800
2025-09-04,145.17181396484375,145.5,152.0,145.5,151.5,11619900
2025-09-05,147.16729736328125,147.5,149.0,146.5,147.5,8042500
2025-09-08,142.6774444580078,143.0,148.0,141.0,148.0,12768400
2025-09-09,145.17181396484375,145.5,147.5,142.5,143.0,13243100
2025-09-10,147.66616821289062,148.0,149.5,146.0,148.0,10443300
2025-09-11,154.15150451660156,154.5,156.5,148.0,148.0,20090800
2025-09-12,156.6458740234375,157.0,158.0,154.5,156.5,11631700
2025-09-15,159.63909912109375,160.0,160.5,155.0,157.0,14087900
2025-09-16,160.6368408203125,161.0,165.5,160.0,162.0,13051900
2025-09-17,162.1334686279297,162.5,164.5,161.0,161.5,7646600
2025-09-18,162.1334686279297,162.5,165.0,159.5,165.0,10360000
2025-09-19,160.6368408203125,161.0,164.5,161.0,164.0,10878800
2025-09-22,161.13571166992188,161.5,163.0,160.0,162.5,6123100
2025-09-23,166.62330627441406,167.0,171.0,163.0,163.0,19774900
2025-09-24,163.6300811767578,164.0,168.0,161.5,167.0,14583900
2025-09-25,164.62782287597656,165.0,166.0,162.5,164.0,8988500
2025-09-26,157.14474487304688,157.5,164.0,157.5,163.0,18178200
2025-09-29,161.13571166992188,161.5,162.5,158.5,160.0,16910600
2025-09-30,158.14248657226562,158.5,165.0,158.0,161.5,36873400
2025-10-01,167.62106323242188,168.0,170.5,159.5,160.0,33523100
2025-10-02,172.11090087890625,172.5,175.5,171.0,172.0,17838500
2025-10-03,177.59849548339844,178.0,181.5,172.5,173.0,18904500
2025-10-06,178.5962371826172,179.0,185.0,179.0,180.0,19561500
2025-10-07,178.5962371826172,179.0,179.0,179.0,179.0,0
2025-10-08,191.06805419921875,191.5,194.5,187.5,188.0,18770100
2025-10-09,197.0545196533203,197.5,201.0,194.5,195.0,22781800
2025-10-10,179.09512329101562,179.5,183.0,173.5,175.5,21993800
2025-10-14,180.09286499023438,180.5,186.5,176.5,181.0,11535900
2025-10-15,187.57594299316406,188.0,188.5,180.5,183.5,10656600
2025-10-16,193.06353759765625,193.5,194.0,188.5,190.0,9614400
2025-10-17,188.07481384277344,188.5,193.5,187.5,190.0,7111500
2025-10-20,192.56466674804688,193.0,194.0,189.5,191.0,5101200
2025-10-21,195.55789184570312,196.0,196.0,193.5,194.0,5101500
2025-10-22,199.0500030517578,199.5,202.0,193.5,195.5,9907100
2025-10-24,204.53759765625,205.0,207.0,197.5,200.0,8752700
2025-10-27,224.49249267578125,225.0,231.0,210.0,210.0,19792000
2025-10-28,222.4969940185547,223.0,232.0,221.0,229.0,12142900
2025-10-29,226.48797607421875,227.0,228.0,224.0,225.0,7479400
2025-10-30,219.50376892089844,220.0,226.0,214.0,223.0,10696400
2025-10-31,216.51052856445312,217.0,223.0,213.0,215.0,9374100
2025-11-03,220.5015106201172,221.0,223.0,218.0,220.0,4055300
2025-11-04,221.49925231933594,222.0,224.0,218.0,220.0,5819200
2025-11-05,218.50601196289062,219.0,220.0,211.0,214.0,6525000
2025-11-06,228.48345947265625,229.0,230.0,220.0,222.0,8346000
2025-11-07,223.49473571777344,224.0,231.0,224.0,229.0,4681400
2025-11-10,222.4969940185547,223.0,226.0,220.0,225.0,5707600
2025-11-11,217.50827026367188,218.0,224.0,217.0,222.0,5266900
2025-11-12,214.51504516601562,215.0,221.0,214.0,220.0,5762300
2025-11-13,217.50827026367188,218.0,221.0,213.0,217.0,4561700
2025-11-14,210.52406311035156,211.0,217.0,206.0,213.0,7369000
2025-11-17,212.51954650878906,213.0,213.0,206.0,210.0,4547900
2025-11-18,208.52857971191406,209.0,211.0,202.0,207.0,7160600
2025-11-19,213.51730346679688,214.0,214.0,206.0,210.0,5103300
2025-11-20,215.51278686523438,216.0,222.0,216.0,220.0,9760000
2025-11-21,200.54661560058594,201.0,211.0,199.0,208.0,15070800
2025-11-24,199.0500030517578,199.5,204.0,197.5,204.0,17809300
2025-11-25,207.5308380126953,208.0,208.0,202.0,204.0,11433100
2025-11-26,204.53759765625,205.0,210.0,205.0,210.0,8482000
2025-11-27,198.55113220214844,199.0,207.0,199.0,207.0,8189900
2025-11-28,200.54661560058594,201.0,204.0,198.5,200.0,9377700
2025-12-01,206.5330810546875,207.0,208.0,200.0,203.0,7343400
2025-12-02,205.53533935546875,206.0,208.0,200.0,207.0,7300200
2025-12-03,202.5421142578125,203.0,207.0,201.0,206.0,5221500
2025-12-04,198.55113220214844,199.0,205.0,198.5,203.0,8650300
2025-12-08,191.56692504882812,192.0,202.0,191.0,199.0,12458000
2025-12-09,197.0545196533203,197.5,199.0,194.0,194.5,9277500
2025-12-11,184.5827178955078,185.0,200.0,184.0,200.0,19013800
2025-12-12,181.5894775390625,182.0,189.0,182.0,187.0,11467000
2025-12-15,185.58045959472656,186.0,186.0,176.0,179.0,13651900
2025-12-16,175.60301208496094,176.0,184.5,175.0,184.5,17083100
2025-12-17,172.60977172851562,173.0,178.0,172.0,178.0,12130100
2025-12-18,167.62106323242188,168.0,173.5,166.5,172.0,16422500
2025-12-19,168.61880493164062,169.0,172.0,168.0,170.5,13772400
2025-12-22,181.5894775390625,182.0,182.0,173.0,174.0,17703800
2025-12-23,174.6052703857422,175.0,181.5,174.5,181.0,8915000
2025-12-24,176.6007537841797,177.0,178.0,175.0,176.0,4946100
2025-12-25,171.61203002929688,172.0,176.5,172.0,176.0,5353000
2025-12-26,169.61654663085938,170.0,174.0,169.5,172.5,5936600
2025-12-29,170.61428833007812,171.0,172.0,167.5,171.0,11494800
2025-12-30,172.60977172851562,173.0,173.0,169.5,169.5,15421700
2026-01-05,185.0815887451172,185.5,191.0,177.5,180.5,31995400
2026-01-06,182.58721923828125,183.0,187.5,181.0,186.0,18633600
2026-01-07,185.58045959472656,186.0,186.0,180.5,182.0,13937100
2026-01-08,161.63458251953125,162.0,176.0,160.0,174.0,98418900
2026-01-09,164.62782287597656,165.0,169.5,162.0,162.5,24354100
2026-01-12,161.63458251953125,162.0,168.5,162.0,168.5,11382200
2026-01-13,159.14022827148438,159.5,165.0,158.0,165.0,14391600
2026-01-14,159.63909912109375,160.0,163.5,159.0,163.0,14535800
2026-01-15,164.1289520263672,164.5,165.5,155.5,158.5,21586300
2026-01-16,166.62330627441406,167.0,170.5,163.5,166.0,21427600
2026-01-19,167.62106323242188,168.0,170.5,165.5,166.0,10534900
2026-01-20,171.1131591796875,171.5,176.0,167.0,167.0,22939200
2026-01-21,186.07933044433594,186.5,187.5,173.5,174.0,33048600
2026-01-22,193.06353759765625,193.5,195.0,187.0,188.5,32102600
2026-01-23,197.5533905029297,198.0,201.0,192.0,193.5,24671100
2026-01-26,192.56466674804688,193.0,199.0,191.5,198.5,13062400
2026-01-27,209.5263214111328,210.0,210.0,194.0,195.0,25786700
2026-01-28,208.52857971191406,209.0,215.0,208.0,213.0,15106700
2026-01-29,207.5308380126953,208.0,212.0,206.0,210.0,10701100
2026-01-30,204.53759765625,205.0,209.0,203.0,204.0,11507600
2026-02-02,199.5488739013672,200.0,205.0,195.5,204.0,16722700
2026-02-03,206.5330810546875,207.0,211.0,204.0,205.0,15873200
2026-02-04,208.52857971191406,209.0,210.0,204.0,205.0,9593500
2026-02-05,201.54437255859375,202.0,206.0,199.0,205.0,14245700
2026-02-06,206.5330810546875,207.0,207.0,199.0,199.0,11235900
2026-02-09,219.50376892089844,220.0,222.0,214.0,216.0,22476600
2026-02-10,216.51052856445312,217.0,228.0,217.0,227.0,19852700
2026-02-11,219.50376892089844,220.0,222.0,217.0,219.0,10574000
2026-02-12,223.49473571777344,224.0,226.0,218.0,222.0,12715400
2026-02-13,215.51278686523438,216.0,224.0,216.0,224.0,10327400
2026-02-16,220.5015106201172,221.0,224.0,219.0,221.0,9478700
2026-02-17,224.49249267578125,225.0,225.0,218.0,221.0,8679800
2026-02-18,223.49473571777344,224.0,229.0,221.0,225.0,12461100
2026-02-19,235.46766662597656,236.0,239.0,225.0,226.0,24696800
2026-02-20,233.47218322753906,234.0,238.0,232.0,235.0,10980200
2026-02-23,247.44061279296875,248.0,258.0,239.0,240.0,27272500
2026-02-24,247.44061279296875,248.0,251.0,244.0,251.0,14624700
2026-02-25,265.3999938964844,266.0,268.0,251.0,254.0,23936000
2026-02-26,277.0,277.0,283.0,269.0,275.0,18893600
2026-02-27,279.0,279.0,284.0,273.0,273.0,23466400
2026-03-02,267.0,267.0,292.0,267.0,275.0,20694400
2026-03-04,239.0,239.0,248.0,230.0,245.0,37907200
2026-03-05,258.0,258.0,265.0,248.0,253.0,32861400
2026-03-06,255.0,255.0,263.0,254.0,260.0,15921000
2026-03-09,245.0,245.0,247.0,226.0,236.0,28743100
2026-03-10,256.0,256.0,261.0,252.0,258.0,21122600
2026-03-11,258.0,258.0,267.0,258.0,261.0,19650800
2026-03-12,262.0,262.0,262.0,254.0,255.0,13038900
2026-03-13,255.0,255.0,262.0,254.0,260.0,14382900
2026-03-16,258.0,258.0,263.0,256.0,258.0,9659900
2026-03-17,268.0,268.0,272.0,264.0,266.0,20092000
2026-03-18,276.0,276.0,280.0,273.0,274.0,19530700
2026-03-19,268.0,268.0,278.0,267.0,273.0,17664600
2026-03-20,269.0,269.0,277.0,265.0,276.0,18128500
2026-03-23,260.0,260.0,262.0,255.0,255.0,13745400
2026-03-24,264.0,264.0,271.0,264.0,269.0,14613600
2026-03-25,290.0,290.0,292.0,274.0,279.0,35855200
2026-03-26,278.0,278.0,287.0,278.0,285.0,16046600
2026-03-27,276.0,276.0,283.0,271.0,280.0,14891400
2026-03-30,270.0,270.0,273.0,264.0,271.0,21410500
2026-03-31,259.0,259.0,269.0,258.0,269.0,35359800
2026-04-01,273.0,273.0,276.0,266.0,267.0,29388900
2026-04-02,271.0,271.0,276.0,266.0,270.0,15990100
2026-04-03,270.0,270.0,275.0,269.0,274.0,8752400
2026-04-07,276.0,276.0,278.0,269.0,272.0,12097800
2026-04-08,284.0,284.0,293.0,282.0,290.0,21654900
2026-04-09,298.0,298.0,299.0,285.0,286.0,30597200
2026-04-10,317.0,317.0,319.0,304.0,305.0,24650100
2026-04-16,299.0,299.0,316.0,297.0,316.0,17718600
2026-04-17,301.0,301.0,303.0,293.0,293.0,7912500
2026-04-20,307.0,307.0,308.0,301.0,304.0,6396500
2026-04-21,305.0,305.0,309.0,300.0,308.0,7102100
2026-04-22,301.0,301.0,304.0,299.0,300.0,4489100
2026-04-23,293.0,293.0,299.0,287.0,297.0,11521000
2026-04-24,290.0,290.0,291.0,276.0,287.0,11935100
2026-04-27,310.0,310.0,313.0,293.0,297.0,13685100
2026-04-28,310.0,310.0,320.0,302.0,316.0,14277300
2026-04-29,312.0,312.0,313.0,307.0,310.0,9089200
2026-04-30,316.0,316.0,316.0,306.0,310.0,9731700
2026-05-01,316.0,316.0,316.0,316.0,316.0,0
2026-05-04,316.0,316.0,316.0,316.0,316.0,0
2026-05-05,310.0,310.0,322.0,306.0,320.0,20658000
2026-05-06,323.0,323.0,324.0,312.0,317.0,21976700
2026-05-07,315.0,315.0,329.0,315.0,328.0,20092100
2026-05-08,311.0,311.0,318.0,309.0,310.0,14631000
2026-05-11,305.0,305.0,315.0,304.0,312.0,12323600
2026-05-12,300.0,300.0,310.0,300.0,308.0,10317000
2026-05-13,331.0,331.0,332.0,309.0,311.0,40931300
2026-05-14,334.0,334.0,337.0,324.0,332.0,20074000
2026-05-15,319.0,319.0,332.0,316.0,330.0,23070900
2026-05-18,317.0,317.0,321.0,313.0,315.0,10017700
2026-05-19,313.0,313.0,317.0,310.0,315.0,14314500
2026-05-20,323.0,323.0,326.0,314.0,316.0,17527000
2026-05-21,326.0,326.0,330.0,324.0,330.0,12958000
2026-05-22,332.0,332.0,334.0,326.0,327.0,13627200
2026-05-25,334.0,334.0,342.0,333.0,338.0,13030400
2026-05-26,334.0,334.0,334.0,334.0,334.0,0
2026-05-27,354.0,354.0,365.0,344.0,348.0,29989600
2026-05-28,353.0,353.0,354.0,341.0,354.0,19627500
2026-05-29,353.0,353.0,360.0,351.0,358.0,23591800
2026-06-01,353.0,353.0,353.0,353.0,353.0,0
2026-06-02,355.0,355.0,360.0,351.0,357.0,15762700
2026-06-03,355.0,355.0,355.0,355.0,355.0,0
2026-06-04,356.0,356.0,362.0,355.0,356.0,13802600
2026-06-05,343.0,343.0,355.0,343.0,352.0,13645700
2026-06-08,338.0,338.0,343.0,329.0,330.0,16712900
2026-06-09,364.0,364.0,364.0,346.0,346.0,29633300
2026-06-10,352.0,352.0,367.0,352.0,360.0,20074500
2026-06-11,358.0,358.0,361.0,347.0,350.0,15665800
2026-06-12,363.0,363.0,368.0,360.0,366.0,18603000
2026-06-15,361.0,361.0,372.0,360.0,369.0,15449400
2026-06-16,352.0,352.0,362.0,352.0,362.0,15846500
2026-06-17,347.0,347.0,351.0,343.0,350.0,16718500
2026-06-18,346.0,346.0,353.0,346.0,348.0,11418500
2026-06-19,334.0,334.0,351.0,334.0,351.0,22121500
2026-06-22,335.0,335.0,340.0,330.0,340.0,12546100
2026-06-23,317.0,317.0,333.0,317.0,332.0,23682500
2026-06-24,314.0,314.0,321.0,309.0,319.0,17025100
2026-06-25,326.0,326.0,329.0,321.0,323.0,22985100
2026-06-26,304.0,304.0,317.0,304.0,317.0,19870500
2026-06-29,325.0,325.0,326.0,308.0,308.0,21916000
2026-06-30,325.0,325.0,328.0,322.0,325.0,17473100
2026-07-01,325.0,325.0,334.0,325.0,332.0,12751700
2026-07-02,312.0,312.0,322.0,311.0,321.0,13032400
2026-07-03,315.0,315.0,321.0,314.0,315.0,10214100
2026-07-06,319.0,319.0,319.0,312.0,316.0,6915600
2026-07-07,311.0,311.0,317.0,310.0,317.0,10125900
2026-07-08,298.0,298.0,312.0,297.0,309.0,18181000
2026-07-09,310.0,310.0,311.0,304.0,308.0,16501600
2026-07-10,313.0,313.0,316.0,311.0,315.0,8356400
2026-07-13,313.0,313.0,315.0,306.0,310.0,7536200
2026-07-14,311.0,311.0,312.0,300.0,302.0,13410900
2026-07-15,312.0,312.0,316.0,312.0,316.0,13394600
2026-07-16,304.0,304.0,311.0,303.0,309.0,11189700
2026-07-17,300.0,300.0,303.0,298.0,299.0,14529600
2026-07-20,295.0,295.0,298.0,292.0,297.0,13303500
2026-07-21,302.0,302.0,305.0,297.0,302.0,15371800
2026-07-22,304.0,304.0,306.0,300.0,306.0,14765200
2026-07-23,310.0,310.0,313.0,304.0,306.0,17040900
2026-07-24,307.0,307.0,308.0,302.0,303.0,12582700
2026-07-27,285.0,285.0,295.0,285.0,294.0,25927400
2026-07-28,285.0,285.0,285.0,285.0,285.0,0
2026-07-29,285.0,285.0,285.0,285.0,285.0,0
2026-07-30,264.0,264.0,281.0,260.0,275.0,36239000
2026-07-31,278.0,278.0,281.0,274.0,276.0,21915400
2026-08-03,272.0,272.0,279.0,270.0,279.0,15063600
2026-08-04,267.0,267.0,278.0,267.0,277.0,14113300
2026-08-05,265.0,265.0,275.0,265.0,272.0,15375500
2026-08-06,262.0,262.0,272.0,259.0,262.0,19697400
2026-08-07,262.0,262.0,264.0,259.0,264.0,13010800
2026-08-10,279.0,279.0,282.0,271.0,271.0,30244400
2026-08-11,269.0,269.0,279.0,268.0,278.0,16158100
2026-08-12,269.0,269.0,269.0,269.0,269.0,0
2026-08-13,268.0,268.0,276.0,267.0,276.0,24355800
2026-08-14,270.0,270.0,274.0,267.0,271.0,12319400
2026-08-17,277.0,277.0,282.0,271.0,273.0,21404200
2026-08-18,270.0,270.0,278.0,269.0,276.0,15346700
2026-08-19,264.0,264.0,270.0,264.0,266.0,14406300
2026-08-20,263.0,263.0,270.0,263.0,268.0,8969600
2026-08-21,258.0,258.0,267.0,258.0,264.0,11557400
2026-08-24,254.0,254.0,257.0,249.0,256.0,20087500
2026-08-25,250.0,250.0,253.0,249.0,253.0,14370500
2026-08-26,248.0,248.0,258.0,248.0,254.0,16291300
2026-08-27,254.0,254.0,262.0,254.0,255.0,22465900
