Date,Adj Close,Close,High,Low,Open,Volume
2016-08-26,127.75759887695312,195.5,196.5,195.5,196.0,620300
2016-08-29,129.06455993652344,197.5,198.5,195.5,195.5,416600
2016-08-30,128.73782348632812,197.0,198.0,197.0,197.5,285700
2016-08-31,129.06455993652344,197.5,198.0,196.5,197.5,935600
2016-09-01,129.5629425048828,195.0,196.5,194.0,194.0,901300
2016-09-02,130.55953979492188,196.5,199.0,194.5,195.0,976000
2016-09-05,131.88839721679688,198.5,201.0,196.5,197.5,793300
2016-09-06,130.55953979492188,196.5,199.0,196.0,198.5,640500
2016-09-07,130.55953979492188,196.5,198.0,196.0,196.5,403800
2016-09-08,130.89175415039062,197.0,198.0,194.0,196.5,855800
2016-09-09,131.55618286132812,198.0,198.0,196.0,197.0,418100
2016-09-12,129.89511108398438,195.5,197.0,195.5,196.0,342700
2016-09-13,130.22732543945312,196.0,197.5,194.0,195.5,656400
2016-09-14,130.22732543945312,196.0,197.5,195.5,195.5,245800
2016-09-15,129.23069763183594,194.5,196.5,194.5,196.0,221400
2016-09-16,131.22396850585938,197.5,199.0,196.0,196.5,831300
2016-09-19,130.89175415039062,197.0,198.5,196.0,196.0,259800
2016-09-20,130.89175415039062,197.0,197.5,195.0,197.5,377600
2016-09-21,130.22732543945312,196.0,198.0,196.0,197.5,327000
2016-09-22,130.55953979492188,196.5,197.5,196.0,197.0,574100
2016-09-23,130.55953979492188,196.5,198.0,196.0,197.0,882200
2016-09-26,130.89175415039062,197.0,198.0,194.5,196.5,852900
2016-09-27,129.89511108398438,195.5,197.0,195.0,197.0,776200
2016-09-28,129.5629425048828,195.0,196.5,195.0,196.0,690900
2016-09-29,131.22396850585938,197.5,198.0,195.5,195.5,898100
2016-09-30,131.88839721679688,198.5,198.5,195.0,195.0,648100
2016-10-03,130.22732543945312,196.0,199.5,196.0,199.5,254100
2016-10-04,130.89175415039062,197.0,198.0,196.0,196.0,322300
2016-10-05,132.88502502441406,200.0,202.0,198.0,198.5,860200
2016-10-06,133.54945373535156,201.0,202.0,200.0,200.0,387500
2016-10-07,132.22061157226562,199.0,201.0,196.5,201.0,899700
2016-10-10,129.5629425048828,195.0,196.5,194.0,194.5,570100
2016-10-11,130.89175415039062,197.0,197.5,195.0,195.5,837200
2016-10-12,130.89175415039062,197.0,197.0,188.0,195.5,1456800
2016-10-13,128.56626892089844,193.5,194.5,188.0,194.0,1484200
2016-10-14,128.8985137939453,194.0,198.0,193.5,197.5,863600
2016-10-17,129.5629425048828,195.0,196.5,193.0,193.5,332300
2016-10-18,129.5629425048828,195.0,195.5,194.0,195.5,273600
2016-10-19,128.8985137939453,194.0,195.5,193.0,193.5,391800
2016-10-20,129.5629425048828,195.0,197.0,194.0,195.0,442500
2016-10-21,129.5629425048828,195.0,196.0,188.0,195.0,1775400
2016-10-25,129.5629425048828,195.0,195.5,194.5,195.0,206300
2016-10-26,129.5629425048828,195.0,195.5,193.5,195.0,278600
2016-10-27,129.89511108398438,195.5,198.0,194.0,195.0,457000
2016-10-28,129.5629425048828,195.0,196.0,194.0,196.0,483500
2016-10-31,129.5629425048828,195.0,195.5,194.5,195.5,173500
2016-11-01,130.22732543945312,196.0,196.0,194.0,195.0,471700
2016-11-02,129.23069763183594,194.5,195.5,194.0,195.0,319300
2016-11-03,128.8985137939453,194.0,194.5,194.0,194.0,164500
2016-11-04,128.8985137939453,194.0,194.5,193.0,193.5,325300
2016-11-07,128.8985137939453,194.0,195.0,193.5,194.0,337400
2016-11-08,130.22732543945312,196.0,196.5,194.0,194.0,331500
2016-11-09,130.89175415039062,197.0,197.0,194.0,196.0,432100
2016-11-10,129.23069763183594,194.5,198.5,194.5,198.0,587600
2016-11-11,128.56626892089844,193.5,196.0,193.5,194.5,507400
2016-11-14,128.56626892089844,193.5,194.0,193.0,193.0,185800
2016-11-15,128.23402404785156,193.0,194.0,192.0,193.5,349200
2016-11-16,127.9018325805664,192.5,194.0,192.5,193.0,409300
2016-11-17,128.56626892089844,193.5,194.0,192.5,192.5,348100
2016-11-18,127.9018325805664,192.5,194.0,192.5,193.0,420800
2016-11-21,127.56963348388672,192.0,193.5,192.0,193.0,268900
2016-11-22,127.9018325805664,192.5,194.0,192.0,192.5,251500
2016-11-23,129.23069763183594,194.5,195.0,193.0,193.5,202800
2016-11-24,127.9018325805664,192.5,194.0,192.0,194.0,362400
2016-11-25,128.56626892089844,193.5,194.5,192.0,193.0,457500
2016-11-28,128.23402404785156,193.0,194.5,193.0,194.5,342300
2016-11-29,128.8985137939453,194.0,195.0,193.0,194.0,305600
2016-11-30,132.22061157226562,199.0,199.0,193.5,193.5,1409700
2016-12-01,131.88839721679688,198.5,202.0,198.5,200.0,621100
2016-12-02,132.22061157226562,199.0,200.0,198.5,199.0,413200
2016-12-06,131.88839721679688,198.5,199.5,197.0,199.0,676600
2016-12-07,130.22732543945312,196.0,198.0,195.0,197.5,710400
2016-12-08,132.22061157226562,199.0,199.0,196.5,196.5,617800
2016-12-09,131.88839721679688,198.5,199.5,197.0,199.0,417100
2016-12-13,130.55953979492188,196.5,198.0,195.5,197.5,403700
2016-12-14,129.89511108398438,195.5,197.5,195.5,197.0,315500
2016-12-15,130.55953979492188,196.5,197.5,194.5,195.5,494200
2016-12-16,129.5629425048828,195.0,197.0,194.0,197.0,687600
2016-12-19,129.5629425048828,195.0,196.0,194.5,195.0,306000
2016-12-20,129.89511108398438,195.5,196.0,195.0,195.0,325300
2016-12-21,129.5629425048828,195.0,197.0,195.0,196.0,536400
2016-12-22,128.8985137939453,194.0,195.5,193.0,194.5,534800
2016-12-23,128.8985137939453,194.0,194.5,193.5,193.5,253500
2016-12-26,130.89175415039062,197.0,197.0,194.0,194.0,613400
2016-12-27,133.54945373535156,201.0,201.0,197.0,197.0,2034900
2016-12-28,132.88502502441406,200.0,201.0,199.0,200.0,1313900
2016-12-29,132.88502502441406,200.0,200.0,199.0,199.5,555500
2016-12-30,132.22061157226562,199.0,200.0,198.0,199.5,369800
2017-01-04,132.22061157226562,199.0,199.5,197.5,199.0,652000
2017-01-05,131.88839721679688,198.5,200.0,198.5,199.0,815900
2017-01-06,133.54945373535156,201.0,203.0,198.5,199.0,1374100
2017-01-09,132.55282592773438,199.5,201.0,198.0,201.0,516600
2017-01-10,132.88502502441406,200.0,201.0,199.0,199.5,556600
2017-01-11,132.88502502441406,200.0,201.0,198.0,198.0,354500
2017-01-12,134.21388244628906,202.0,203.0,200.0,200.0,1008800
2017-01-16,133.54945373535156,201.0,202.0,200.0,200.0,392300
2017-01-17,134.21388244628906,202.0,203.0,200.0,201.0,335900
2017-01-18,132.88502502441406,200.0,202.0,198.5,199.0,363900
2017-01-19,133.54945373535156,201.0,202.0,200.0,200.0,467900
2017-01-20,132.22061157226562,199.0,201.0,199.0,200.0,547300
2017-01-23,132.22061157226562,199.0,200.0,199.0,199.0,261800
2017-01-24,133.54945373535156,201.0,202.0,199.0,200.0,450200
2017-01-25,135.54273986816406,204.0,206.0,200.0,201.0,1137500
2017-01-26,136.20716857910156,205.0,208.0,202.0,205.0,1175100
2017-01-27,136.20716857910156,205.0,206.0,203.0,204.0,631900
2017-01-30,135.54273986816406,204.0,204.0,202.0,203.0,420900
2017-01-31,134.21388244628906,202.0,203.0,200.0,203.0,692700
2017-02-01,132.55282592773438,199.5,200.0,196.5,200.0,2068900
2017-02-02,132.55282592773438,199.5,201.0,198.0,200.0,751600
2017-02-03,132.88502502441406,200.0,202.0,198.5,198.5,542100
2017-02-06,132.55282592773438,199.5,201.0,199.0,200.0,406300
2017-02-07,132.22061157226562,199.0,200.0,199.0,200.0,345200
2017-02-08,132.55282592773438,199.5,202.0,199.0,199.0,730700
2017-02-09,134.21388244628906,202.0,203.0,199.5,199.5,607700
2017-02-10,134.87831115722656,203.0,205.0,200.0,202.0,1678000
2017-02-14,134.21388244628906,202.0,203.0,201.0,203.0,476500
2017-02-15,133.54945373535156,201.0,202.0,199.5,202.0,610000
2017-02-16,132.88502502441406,200.0,201.0,199.5,200.0,585500
2017-02-17,132.55282592773438,199.5,201.0,199.0,200.0,467400
2017-02-20,133.54945373535156,201.0,203.0,199.5,199.5,389800
2017-02-21,133.54945373535156,201.0,202.0,200.0,201.0,621000
2017-02-22,134.87831115722656,203.0,205.0,202.0,202.0,1167100
2017-02-23,135.54273986816406,204.0,205.0,202.0,203.0,987900
2017-02-24,138.20042419433594,208.0,208.0,203.0,203.0,899500
2017-02-27,136.20716857910156,205.0,207.0,204.0,206.0,403500
2017-02-28,137.53604125976562,207.0,207.0,204.0,205.0,323000
2017-03-01,137.53604125976562,207.0,210.0,206.0,207.0,695300
2017-03-02,137.7047576904297,204.0,207.0,202.0,203.0,706300
2017-03-03,137.0297393798828,203.0,205.0,201.0,204.0,847000
2017-03-06,136.35472106933594,202.0,203.0,201.0,202.0,803800
2017-03-07,137.0297393798828,203.0,204.0,201.0,202.0,350300
2017-03-08,137.0297393798828,203.0,203.0,199.5,202.0,347700
2017-03-09,137.7047576904297,204.0,204.0,201.0,203.0,335200
2017-03-10,138.37979125976562,205.0,205.0,202.0,203.0,362400
2017-03-13,137.7047576904297,204.0,205.0,202.0,204.0,163100
2017-03-14,137.0297393798828,203.0,205.0,202.0,204.0,288600
2017-03-15,136.35472106933594,202.0,203.0,202.0,203.0,260300
2017-03-16,137.0297393798828,203.0,204.0,201.0,202.0,457300
2017-03-17,144.45497131347656,214.0,214.0,203.0,204.0,946800
2017-03-20,137.7047576904297,204.0,209.0,204.0,208.0,547400
2017-03-21,139.05477905273438,206.0,208.0,203.0,204.0,291100
2017-03-22,140.40484619140625,208.0,209.0,205.0,206.0,283900
2017-03-23,139.05477905273438,206.0,208.0,203.0,206.0,296500
2017-03-24,138.37979125976562,205.0,206.0,204.0,204.0,115600
2017-03-27,139.05477905273438,206.0,207.0,206.0,206.0,96800
2017-03-28,138.37979125976562,205.0,208.0,205.0,206.0,254900
2017-03-29,139.05477905273438,206.0,208.0,205.0,205.0,504400
2017-03-30,140.40484619140625,208.0,208.0,205.0,206.0,519500
2017-03-31,144.45497131347656,214.0,215.0,204.0,209.0,1146500
2017-04-03,141.07989501953125,209.0,209.0,207.0,209.0,581700
2017-04-04,141.75491333007812,210.0,210.0,208.0,209.0,225400
2017-04-05,141.07989501953125,209.0,210.0,208.0,210.0,216100
2017-04-07,141.75491333007812,210.0,215.0,208.0,208.0,911400
2017-04-10,140.40484619140625,208.0,214.0,208.0,210.0,531500
2017-04-11,141.07989501953125,209.0,212.0,208.0,209.0,634400
2017-04-12,144.45497131347656,214.0,214.0,209.0,209.0,878300
2017-04-17,145.80502319335938,216.0,219.0,214.0,214.0,517700
2017-04-18,143.7799835205078,213.0,217.0,213.0,216.0,570200
2017-04-19,147.15509033203125,218.0,218.0,212.0,213.0,811400
2017-04-20,147.15509033203125,218.0,218.0,216.0,217.0,419100
2017-04-21,151.8802490234375,225.0,225.0,218.0,218.0,1219000
2017-04-24,149.18019104003906,221.0,224.0,220.0,224.0,529600
2017-04-25,149.85520935058594,222.0,224.0,220.0,222.0,769500
2017-04-26,149.85520935058594,222.0,222.0,219.0,222.0,613600
2017-04-27,149.18019104003906,221.0,222.0,220.0,222.0,487300
2017-04-28,148.50518798828125,220.0,222.0,218.0,221.0,493200
2017-05-02,145.13002014160156,215.0,220.0,215.0,220.0,550800
2017-05-03,141.75491333007812,210.0,215.0,210.0,215.0,566500
2017-05-04,145.80502319335938,216.0,216.0,210.0,210.0,758700
2017-05-08,143.10494995117188,212.0,216.0,210.0,216.0,459200
2017-05-09,144.45497131347656,214.0,215.0,211.0,211.0,165000
2017-05-11,141.75491333007812,210.0,212.0,206.0,212.0,1173400
2017-05-12,140.40484619140625,208.0,210.0,208.0,208.0,668900
2017-05-15,140.40484619140625,208.0,208.0,208.0,208.0,28500
2017-05-16,143.10494995117188,212.0,213.0,209.0,210.0,426400
2017-05-17,141.75491333007812,210.0,213.0,210.0,212.0,518200
2017-05-18,142.42994689941406,211.0,211.0,208.0,209.0,340200
2017-05-19,140.40484619140625,208.0,211.0,207.0,210.0,204500
2017-05-22,141.07989501953125,209.0,210.0,208.0,208.0,161500
2017-05-23,143.10494995117188,212.0,214.0,209.0,210.0,416200
2017-05-24,141.07989501953125,209.0,213.0,209.0,212.0,394700
2017-05-25,142.42994689941406,211.0,211.0,209.0,209.0,110800
2017-05-26,144.45497131347656,214.0,215.0,210.0,211.0,434000
2017-05-29,143.10494995117188,212.0,218.0,212.0,214.0,580700
2017-05-30,142.42994689941406,211.0,214.0,211.0,212.0,126600
2017-05-31,144.45497131347656,214.0,214.0,210.0,212.0,608400
2017-06-01,143.10494995117188,212.0,216.0,211.0,215.0,352800
2017-06-02,142.42994689941406,211.0,212.0,209.0,211.0,349400
2017-06-05,144.45497131347656,214.0,214.0,210.0,211.0,242100
2017-06-06,141.75491333007812,210.0,214.0,209.0,213.0,343800
2017-06-07,140.40484619140625,208.0,212.0,208.0,211.0,801400
2017-06-08,140.40484619140625,208.0,210.0,208.0,208.0,298900
2017-06-09,141.75491333007812,210.0,211.0,208.0,208.0,671300
2017-06-12,141.75491333007812,210.0,212.0,210.0,210.0,240600
2017-06-13,143.7799835205078,213.0,213.0,211.0,212.0,606000
2017-06-14,143.7799835205078,213.0,213.0,209.0,211.0,582800
2017-06-15,144.45497131347656,214.0,216.0,212.0,213.0,774000
2017-06-16,144.45497131347656,214.0,215.0,213.0,214.0,733400
2017-06-19,145.13002014160156,215.0,216.0,213.0,214.0,546800
2017-06-20,145.13002014160156,215.0,216.0,212.0,215.0,1098500
2017-06-21,145.13002014160156,215.0,216.0,214.0,214.0,380500
2017-06-22,144.45497131347656,214.0,216.0,214.0,215.0,454200
2017-06-23,145.80502319335938,216.0,216.0,214.0,215.0,561200
2017-06-26,145.13002014160156,215.0,217.0,214.0,215.0,740300
2017-06-27,145.13002014160156,215.0,216.0,214.0,215.0,467100
2017-06-28,145.13002014160156,215.0,216.0,214.0,215.0,551900
2017-06-29,144.45497131347656,214.0,216.0,212.0,215.0,691200
2017-06-30,144.45497131347656,214.0,215.0,212.0,214.0,568700
2017-07-03,144.45497131347656,214.0,214.0,211.0,214.0,207400
2017-07-04,143.7799835205078,213.0,214.0,212.0,213.0,249800
2017-07-05,143.7799835205078,213.0,213.0,212.0,213.0,112200
2017-07-06,143.10494995117188,212.0,213.0,212.0,213.0,298400
2017-07-07,143.10494995117188,212.0,212.0,210.0,212.0,148700
2017-07-11,142.42994689941406,211.0,212.0,209.0,212.0,539800
2017-07-12,143.10494995117188,212.0,213.0,210.0,211.0,684700
2017-07-13,142.42994689941406,211.0,213.0,210.0,212.0,384000
2017-07-14,144.45497131347656,214.0,216.0,210.0,211.0,438200
2017-07-17,144.45497131347656,214.0,214.0,212.0,214.0,168800
2017-07-18,144.45497131347656,214.0,215.0,212.0,212.0,169800
2017-07-19,144.45497131347656,214.0,215.0,212.0,215.0,220300
2017-07-20,144.45497131347656,214.0,214.0,211.0,211.0,476900
2017-07-21,144.45497131347656,214.0,214.0,212.0,212.0,343400
2017-07-24,145.13002014160156,215.0,215.0,212.0,214.0,465800
2017-07-25,145.80502319335938,216.0,217.0,213.0,214.0,735500
2017-07-26,146.48004150390625,217.0,219.0,213.0,216.0,603100
2017-07-27,149.85520935058594,222.0,223.0,216.0,218.0,616500
2017-07-31,147.15509033203125,218.0,222.0,217.0,221.0,692800
2017-08-01,147.83010864257812,219.0,221.0,217.0,218.0,543900
2017-08-02,151.8802490234375,225.0,227.0,217.0,220.0,747300
2017-08-03,148.50518798828125,220.0,224.0,218.0,224.0,996500
2017-08-04,148.50518798828125,220.0,221.0,218.0,220.0,182300
2017-08-07,149.85520935058594,222.0,223.0,219.0,219.0,1130800
2017-08-08,151.20521545410156,224.0,224.0,222.0,222.0,456200
2017-08-09,150.5301971435547,223.0,224.0,220.0,223.0,346400
2017-08-10,151.8802490234375,225.0,231.0,224.0,224.0,1323700
2017-08-11,151.8802490234375,225.0,227.0,222.0,223.0,525000
2017-08-15,153.9053192138672,228.0,229.0,225.0,225.0,516000
2017-08-16,154.58033752441406,229.0,229.0,227.0,228.0,238400
2017-08-17,154.58033752441406,229.0,233.0,229.0,229.0,479600
2017-08-18,153.9053192138672,228.0,230.0,227.0,229.0,426500
2017-08-21,154.58033752441406,229.0,230.0,228.0,228.0,330800
2017-08-22,153.9053192138672,228.0,230.0,228.0,228.0,124300
2017-08-23,153.23028564453125,227.0,229.0,227.0,229.0,123800
2017-08-24,151.8802490234375,225.0,228.0,225.0,227.0,535600
2017-08-25,152.55526733398438,226.0,229.0,225.0,225.0,815600
2017-08-28,153.23028564453125,227.0,227.0,227.0,227.0,80900
2017-08-29,157.2804412841797,233.0,238.0,228.0,228.0,1550400
2017-08-30,157.9554443359375,234.0,235.0,231.0,232.0,593900
2017-08-31,157.9554443359375,234.0,235.0,233.0,233.0,376400
2017-09-01,158.29811096191406,231.0,232.0,229.0,231.0,438400
2017-09-04,156.9275665283203,229.0,230.0,228.0,230.0,478100
2017-09-05,156.9275665283203,229.0,231.0,228.0,229.0,357800
2017-09-06,156.9275665283203,229.0,231.0,228.0,229.0,472200
2017-09-07,158.98336791992188,232.0,236.0,229.0,230.0,829200
2017-09-08,159.66864013671875,233.0,236.0,233.0,234.0,771100
2017-09-11,156.24224853515625,228.0,232.0,228.0,230.0,634200
2017-09-12,156.24224853515625,228.0,228.0,226.0,228.0,846900
2017-09-13,156.9275665283203,229.0,231.0,227.0,228.0,983700
2017-09-14,159.66864013671875,233.0,233.0,228.0,230.0,561000
2017-09-15,162.40975952148438,237.0,237.0,232.0,233.0,863900
2017-09-18,160.35389709472656,234.0,237.0,234.0,234.0,630000
2017-09-19,158.29811096191406,231.0,234.0,230.0,234.0,532600
2017-09-20,157.6128387451172,230.0,232.0,228.0,231.0,393500
2017-09-21,156.24224853515625,228.0,230.0,228.0,229.0,359800
2017-09-22,155.55699157714844,227.0,229.0,227.0,227.0,418900
2017-09-25,157.6128387451172,230.0,230.0,226.0,228.0,395900
2017-09-26,158.29811096191406,231.0,232.0,229.0,232.0,279700
2017-09-27,157.6128387451172,230.0,232.0,227.0,231.0,452200
2017-09-28,160.35389709472656,234.0,237.0,231.0,231.0,1132200
2017-09-29,161.03919982910156,235.0,235.0,230.0,235.0,1040300
2017-10-02,160.35389709472656,234.0,238.0,233.0,235.0,648700
2017-10-03,158.29811096191406,231.0,234.0,228.0,234.0,1160800
2017-10-04,157.6128387451172,230.0,232.0,230.0,231.0,431200
2017-10-05,158.98336791992188,232.0,233.0,230.0,230.0,539000
2017-10-06,158.29811096191406,231.0,233.0,230.0,230.0,536600
2017-10-09,157.6128387451172,230.0,232.0,230.0,231.0,168400
2017-10-10,161.03919982910156,235.0,235.0,230.0,230.0,436800
2017-10-11,160.35389709472656,234.0,235.0,232.0,235.0,319300
2017-10-12,158.98336791992188,232.0,234.0,231.0,233.0,603700
2017-10-16,158.98336791992188,232.0,232.0,232.0,232.0,67300
2017-10-17,158.98336791992188,232.0,233.0,231.0,232.0,402000
2017-10-18,158.29811096191406,231.0,234.0,231.0,232.0,761900
2017-10-19,157.6128387451172,230.0,232.0,227.0,231.0,766200
2017-10-20,158.29811096191406,231.0,232.0,228.0,230.0,340500
2017-10-24,157.6128387451172,230.0,231.0,228.0,230.0,358200
2017-10-25,157.6128387451172,230.0,231.0,227.0,231.0,451600
2017-10-27,156.9275665283203,229.0,230.0,227.0,230.0,395000
2017-10-30,157.6128387451172,230.0,230.0,227.0,229.0,377600
2017-10-31,157.6128387451172,230.0,231.0,228.0,230.0,412400
2017-11-01,155.55699157714844,227.0,230.0,225.0,230.0,675800
2017-11-02,154.87173461914062,226.0,227.0,225.0,226.0,492600
2017-11-03,156.24224853515625,228.0,230.0,225.0,226.0,416200
2017-11-06,156.24224853515625,228.0,228.0,225.0,228.0,490200
2017-11-07,155.55699157714844,227.0,229.0,226.0,228.0,406700
2017-11-08,156.24224853515625,228.0,229.0,227.0,227.0,355000
2017-11-09,154.1864471435547,225.0,229.0,224.0,229.0,908600
2017-11-10,152.81590270996094,223.0,225.0,221.0,225.0,895900
2017-11-13,151.4453582763672,221.0,224.0,219.0,223.0,843100
2017-11-14,152.1306610107422,222.0,224.0,216.0,223.0,1365300
2017-11-15,152.1306610107422,222.0,223.0,221.0,222.0,389100
2017-11-16,151.4453582763672,221.0,223.0,220.0,221.0,818700
2017-11-17,150.76011657714844,220.0,222.0,219.0,221.0,618200
2017-11-20,152.1306610107422,222.0,224.0,220.0,221.0,639000
2017-11-21,152.1306610107422,222.0,222.0,222.0,222.0,699500
2017-11-22,150.76011657714844,220.0,222.0,220.0,222.0,458400
2017-11-23,150.76011657714844,220.0,221.0,219.0,221.0,445400
2017-11-24,151.4453582763672,221.0,221.0,219.0,219.0,271200
2017-11-27,150.76011657714844,220.0,220.0,217.0,219.0,473100
2017-11-28,150.0747833251953,219.0,220.0,217.0,219.0,1010000
2017-11-29,149.38954162597656,218.0,219.0,216.0,219.0,1645800
2017-11-30,147.33372497558594,215.0,218.0,214.0,218.0,1946500
2017-12-01,147.33372497558594,215.0,216.0,212.0,215.0,1056600
2017-12-04,148.01901245117188,216.0,217.0,215.0,215.0,312100
2017-12-06,148.01901245117188,216.0,222.0,215.0,216.0,870500
2017-12-07,148.70425415039062,217.0,218.0,215.0,215.0,638900
2017-12-08,150.0747833251953,219.0,220.0,217.0,219.0,590200
2017-12-12,149.38954162597656,218.0,219.0,216.0,219.0,826000
2017-12-13,150.76011657714844,220.0,222.0,219.0,219.0,591600
2017-12-14,152.1306610107422,222.0,222.0,220.0,222.0,217700
2017-12-15,149.38954162597656,218.0,222.0,218.0,221.0,941800
2017-12-18,149.38954162597656,218.0,220.0,216.0,220.0,741600
2017-12-19,150.76011657714844,220.0,225.0,219.0,220.0,1122200
2017-12-20,151.4453582763672,221.0,221.0,218.0,221.0,414100
2017-12-21,151.4453582763672,221.0,223.0,220.0,221.0,235500
2017-12-22,152.81590270996094,223.0,223.0,221.0,222.0,244800
2017-12-25,154.1864471435547,225.0,225.0,222.0,223.0,155600
2017-12-26,154.1864471435547,225.0,227.0,225.0,225.0,288800
2017-12-27,152.1306610107422,222.0,226.0,221.0,226.0,475400
2017-12-28,148.01901245117188,216.0,222.0,216.0,222.0,759400
2017-12-29,148.01901245117188,216.0,218.0,213.0,216.0,1130900
2018-01-03,150.76011657714844,220.0,221.0,216.0,216.0,685500
2018-01-04,148.70425415039062,217.0,221.0,215.0,221.0,885400
2018-01-05,148.01901245117188,216.0,221.0,216.0,217.0,1531900
2018-01-08,148.70425415039062,217.0,218.0,215.0,216.0,1108400
2018-01-09,148.01901245117188,216.0,216.0,216.0,216.0,108700
2018-01-10,149.38954162597656,218.0,218.0,215.0,216.0,985700
2018-01-11,152.81590270996094,223.0,223.0,216.0,218.0,924600
2018-01-12,150.0747833251953,219.0,223.0,218.0,221.0,1281600
2018-01-15,149.38954162597656,218.0,221.0,217.0,218.0,645000
2018-01-16,149.38954162597656,218.0,220.0,218.0,219.0,560700
2018-01-17,150.76011657714844,220.0,220.0,217.0,218.0,704500
2018-01-18,148.70425415039062,217.0,221.0,217.0,219.0,832700
2018-01-19,149.38954162597656,218.0,219.0,217.0,217.0,554300
2018-01-22,150.76011657714844,220.0,221.0,218.0,219.0,480600
2018-01-23,151.4453582763672,221.0,221.0,219.0,220.0,265500
2018-01-24,150.0747833251953,219.0,221.0,218.0,219.0,403700
2018-01-25,150.0747833251953,219.0,221.0,219.0,220.0,403400
2018-01-26,151.4453582763672,221.0,221.0,218.0,219.0,498700
2018-01-29,152.1306610107422,222.0,223.0,221.0,222.0,718200
2018-01-30,150.76011657714844,220.0,222.0,219.0,222.0,794900
2018-01-31,149.38954162597656,218.0,220.0,218.0,219.0,529700
2018-02-01,149.38954162597656,218.0,219.0,217.0,219.0,275900
2018-02-02,150.76011657714844,220.0,220.0,217.0,217.0,642000
2018-02-05,150.0747833251953,219.0,219.0,217.0,218.0,456100
2018-02-06,149.38954162597656,218.0,218.0,215.0,218.0,927000
2018-02-07,148.01901245117188,216.0,218.0,216.0,218.0,665200
2018-02-08,148.70425415039062,217.0,218.0,216.0,217.0,851700
2018-02-09,149.38954162597656,218.0,220.0,216.0,216.0,1024500
2018-02-12,151.4453582763672,221.0,222.0,218.0,219.0,952100
2018-02-13,151.4453582763672,221.0,223.0,220.0,221.0,1420300
2018-02-14,151.4453582763672,221.0,223.0,221.0,223.0,974500
2018-02-15,156.9275665283203,229.0,230.0,222.0,222.0,1695900
2018-02-16,165.15081787109375,241.0,241.0,226.0,229.0,3973900
2018-02-19,163.7802734375,239.0,246.0,235.0,235.0,2686100
2018-02-20,158.29811096191406,231.0,240.0,231.0,240.0,2244300
2018-02-21,159.66864013671875,233.0,238.0,231.0,233.0,2974300
2018-02-22,158.98336791992188,232.0,236.0,229.0,235.0,1473000
2018-02-23,162.40975952148438,237.0,238.0,231.0,232.0,1498600
2018-02-26,166.52137756347656,243.0,244.0,237.0,237.0,1991400
2018-02-27,163.09503173828125,238.0,245.0,236.0,245.0,1955900
2018-02-28,163.09503173828125,238.0,240.0,237.0,239.0,893500
2018-03-02,161.03919982910156,235.0,237.0,231.0,237.0,1227700
2018-03-05,163.7802734375,239.0,239.0,232.0,235.0,1073900
2018-03-06,163.09503173828125,238.0,238.0,238.0,238.0,147000
2018-03-07,161.03919982910156,235.0,237.0,234.0,237.0,850100
2018-03-08,162.0826416015625,233.0,233.0,230.0,231.0,892900
2018-03-09,160.69137573242188,231.0,236.0,230.0,232.0,1115100
2018-03-12,166.25643920898438,239.0,239.0,232.0,232.0,1025400
2018-03-13,166.9520721435547,240.0,242.0,236.0,239.0,1532900
2018-03-14,165.5608367919922,238.0,241.0,237.0,238.0,1670400
2018-03-15,162.77825927734375,234.0,240.0,234.0,238.0,1267200
2018-03-16,164.16952514648438,236.0,239.0,233.0,233.0,1649600
2018-03-19,164.16952514648438,236.0,238.0,235.0,235.0,793600
2018-03-20,164.16952514648438,236.0,236.0,233.0,234.0,828800
2018-03-21,164.16952514648438,236.0,238.0,235.0,236.0,296800
2018-03-22,164.16952514648438,236.0,239.0,236.0,236.0,536100
2018-03-23,162.0826416015625,233.0,235.0,233.0,234.0,742000
2018-03-26,161.3870086669922,232.0,234.0,231.0,232.0,583500
2018-03-27,161.3870086669922,232.0,234.0,232.0,233.0,521000
2018-03-28,161.3870086669922,232.0,233.0,231.0,232.0,594600
2018-03-29,159.30010986328125,229.0,232.0,225.0,231.0,2365100
2018-03-30,161.3870086669922,232.0,232.0,227.0,228.0,1736000
2018-04-02,163.47389221191406,235.0,235.0,232.0,232.0,631600
2018-04-03,158.6044464111328,228.0,235.0,227.0,233.0,1302100
2018-04-04,155.82196044921875,224.0,230.0,224.0,229.0,1480500
2018-04-05,158.6044464111328,228.0,228.0,224.0,226.0,644900
2018-04-09,157.21319580078125,226.0,226.0,222.0,225.0,1017300
2018-04-10,157.90882873535156,227.0,227.0,218.0,225.0,1451000
2018-04-11,158.6044464111328,228.0,229.0,225.0,225.0,592400
2018-04-12,160.69137573242188,231.0,232.0,227.0,228.0,1005100
2018-04-17,156.51754760742188,225.0,230.0,224.0,230.0,990900
2018-04-18,159.30010986328125,229.0,229.0,224.0,225.0,640700
2018-04-19,162.77825927734375,234.0,236.0,228.0,230.0,1826600
2018-04-20,159.30010986328125,229.0,232.0,227.0,231.0,1146100
2018-04-23,158.6044464111328,228.0,229.0,227.0,228.0,464900
2018-04-24,157.21319580078125,226.0,230.0,225.0,227.0,717600
2018-04-25,157.90882873535156,227.0,228.0,223.0,226.0,782500
2018-04-26,157.21319580078125,226.0,228.0,223.0,227.0,689700
2018-04-27,154.43067932128906,222.0,226.0,219.0,226.0,1921400
2018-04-30,155.12628173828125,223.0,224.0,221.0,223.0,1010300
2018-05-02,159.30010986328125,229.0,230.0,222.0,222.0,1123100
2018-05-03,160.69137573242188,231.0,232.0,226.0,227.0,1368800
2018-05-04,158.6044464111328,228.0,230.0,225.0,228.0,892700
2018-05-07,159.30010986328125,229.0,229.0,226.0,228.0,558400
2018-05-08,157.90882873535156,227.0,228.0,226.0,228.0,528100
2018-05-09,161.3870086669922,232.0,233.0,227.0,227.0,2430700
2018-05-10,157.90882873535156,227.0,232.0,226.0,232.0,1420600
2018-05-11,158.6044464111328,228.0,230.0,226.0,227.0,934100
2018-05-14,159.99575805664062,230.0,232.0,229.0,229.0,918600
2018-05-15,160.69137573242188,231.0,232.0,229.0,230.0,1105900
2018-05-16,158.6044464111328,228.0,232.0,226.0,231.0,1137400
2018-05-17,161.3870086669922,232.0,232.0,226.0,228.0,1070700
2018-05-18,159.99575805664062,230.0,231.0,228.0,231.0,852600
2018-05-21,161.3870086669922,232.0,233.0,228.0,230.0,1281500
2018-05-22,161.3870086669922,232.0,232.0,230.0,232.0,665000
2018-05-23,161.3870086669922,232.0,233.0,230.0,231.0,598700
2018-05-24,163.47389221191406,235.0,237.0,228.0,232.0,1875000
2018-05-25,166.9520721435547,240.0,242.0,234.0,235.0,2068900
2018-05-28,164.8651885986328,237.0,240.0,236.0,238.0,507100
2018-05-30,162.77825927734375,234.0,237.0,232.0,236.0,1133400
2018-05-31,167.647705078125,241.0,244.0,234.0,234.0,2366800
2018-06-01,164.16952514648438,236.0,240.0,236.0,239.0,1154300
2018-06-04,164.8651885986328,237.0,240.0,235.0,235.0,906600
2018-06-05,167.647705078125,241.0,243.0,238.0,240.0,1926800
2018-06-06,167.647705078125,241.0,242.0,239.0,242.0,1319000
2018-06-07,168.3433380126953,242.0,243.0,240.0,242.0,590200
2018-06-08,167.647705078125,241.0,242.0,239.0,240.0,868300
2018-06-11,164.8651885986328,237.0,239.0,237.0,239.0,818700
2018-06-12,164.8651885986328,237.0,239.0,236.0,237.0,1082400
2018-06-13,162.0826416015625,233.0,237.0,231.0,237.0,1598500
2018-06-14,164.8651885986328,237.0,237.0,232.0,232.0,1196300
2018-06-15,164.8651885986328,237.0,238.0,235.0,235.0,1338000
2018-06-18,162.77825927734375,234.0,237.0,233.0,235.0,537800
2018-06-19,157.90882873535156,227.0,234.0,225.0,232.0,1580500
2018-06-20,160.69137573242188,231.0,232.0,227.0,228.0,1109800
2018-06-21,159.30010986328125,229.0,233.0,228.0,230.0,744600
2018-06-22,160.69137573242188,231.0,232.0,229.0,232.0,742700
2018-06-25,158.6044464111328,228.0,231.0,225.0,228.0,656700
2018-06-26,159.99575805664062,230.0,231.0,226.0,226.0,706800
2018-06-27,159.30010986328125,229.0,230.0,226.0,228.0,505600
2018-06-28,157.21319580078125,226.0,230.0,226.0,229.0,972400
2018-06-29,155.82196044921875,224.0,227.0,222.0,226.0,1958800
2018-07-02,155.82196044921875,224.0,225.0,219.0,224.0,726200
2018-07-03,154.43067932128906,222.0,224.0,220.0,222.0,1018600
2018-07-04,157.90882873535156,227.0,231.0,222.0,222.0,877700
2018-07-05,157.21319580078125,226.0,229.0,226.0,228.0,529100
2018-07-06,156.51754760742188,225.0,229.0,224.0,226.0,853000
2018-07-09,159.30010986328125,229.0,230.0,225.0,225.0,814400
2018-07-10,162.0826416015625,233.0,233.0,228.0,230.0,791400
2018-07-11,159.30010986328125,229.0,231.0,227.0,231.0,842700
2018-07-12,159.99575805664062,230.0,233.0,228.0,228.0,794900
2018-07-13,159.99575805664062,230.0,231.0,228.0,230.0,713800
2018-07-16,158.6044464111328,228.0,229.0,227.0,228.0,359500
2018-07-17,159.30010986328125,229.0,229.0,227.0,228.0,426900
2018-07-18,156.51754760742188,225.0,229.0,221.0,228.0,1703900
2018-07-19,157.21319580078125,226.0,227.0,224.0,226.0,567200
2018-07-20,157.90882873535156,227.0,229.0,224.0,224.0,870600
2018-07-23,157.90882873535156,227.0,229.0,226.0,227.0,373900
2018-07-24,156.51754760742188,225.0,227.0,224.0,225.0,629100
2018-07-25,159.99575805664062,230.0,231.0,225.0,225.0,1021800
2018-07-26,160.69137573242188,231.0,232.0,229.0,230.0,526000
2018-07-31,160.69137573242188,231.0,233.0,229.0,230.0,1594900
2018-08-01,159.99575805664062,230.0,234.0,228.0,234.0,937200
2018-08-02,160.69137573242188,231.0,232.0,229.0,231.0,569500
2018-08-03,160.69137573242188,231.0,231.0,228.0,231.0,379500
2018-08-06,160.69137573242188,231.0,234.0,231.0,232.0,554200
2018-08-07,159.30010986328125,229.0,232.0,229.0,231.0,641900
2018-08-08,162.0826416015625,233.0,235.0,229.0,229.0,973200
2018-08-09,161.3870086669922,232.0,235.0,230.0,234.0,851600
2018-08-10,157.21319580078125,226.0,230.0,224.0,228.0,1942900
2018-08-14,159.30010986328125,229.0,230.0,226.0,228.0,818800
2018-08-15,157.21319580078125,226.0,227.0,225.0,226.0,857800
2018-08-16,157.21319580078125,226.0,227.0,223.0,226.0,1013900
2018-08-17,156.51754760742188,225.0,227.0,225.0,225.0,534700
2018-08-20,159.99575805664062,230.0,231.0,226.0,226.0,1354400
2018-08-21,157.90882873535156,227.0,231.0,227.0,230.0,816500
2018-08-22,157.90882873535156,227.0,229.0,227.0,228.0,497900
2018-08-23,159.30010986328125,229.0,230.0,228.0,230.0,385000
2018-08-24,160.69137573242188,231.0,232.0,228.0,229.0,590400
2018-08-27,162.0826416015625,233.0,233.0,230.0,232.0,1098000
2018-08-28,161.3870086669922,232.0,234.0,231.0,233.0,635300
2018-08-29,162.0826416015625,233.0,234.0,230.0,232.0,871900
2018-08-30,162.0826416015625,233.0,233.0,231.0,233.0,1110700
2018-08-31,161.3686065673828,226.0,227.0,225.0,227.0,1344900
2018-09-03,161.3686065673828,226.0,230.0,226.0,226.0,1280200
2018-09-04,161.3686065673828,226.0,228.0,226.0,227.0,562800
2018-09-05,160.65460205078125,225.0,228.0,225.0,226.0,1538300
2018-09-06,161.3686065673828,226.0,228.0,225.0,226.0,893100
2018-09-07,162.0826416015625,227.0,228.0,225.0,225.0,2101800
2018-09-10,163.5106658935547,229.0,229.0,226.0,227.0,1101300
2018-09-11,162.79664611816406,228.0,229.0,227.0,228.0,1774500
2018-09-12,167.08078002929688,234.0,234.0,227.0,227.0,3031400
2018-09-13,168.5088348388672,236.0,238.0,232.0,232.0,1478600
2018-09-14,170.65087890625,239.0,241.0,235.0,236.0,2754400
2018-09-17,172.07891845703125,241.0,244.0,237.0,238.0,2763100
2018-09-18,173.50697326660156,243.0,243.0,239.0,241.0,1385000
2018-09-19,169.22283935546875,237.0,243.0,236.0,241.0,1562200
2018-09-20,169.22283935546875,237.0,239.0,236.0,237.0,967400
2018-09-21,169.93685913085938,238.0,241.0,235.0,237.0,1747100
2018-09-24,169.22283935546875,237.0,239.0,236.0,237.0,331000
2018-09-25,169.22283935546875,237.0,238.0,236.0,237.0,471400
2018-09-26,167.08078002929688,234.0,236.0,233.0,236.0,1018400
2018-09-27,168.5088348388672,236.0,236.0,232.0,235.0,814300
2018-09-28,168.5088348388672,236.0,237.0,233.0,237.0,929400
2018-10-01,167.7947998046875,235.0,239.0,235.0,235.0,711600
2018-10-02,167.08078002929688,234.0,238.0,234.0,236.0,1137300
2018-10-03,167.08078002929688,234.0,237.0,234.0,235.0,592100
2018-10-04,166.3667449951172,233.0,237.0,232.0,234.0,631600
2018-10-05,165.65274047851562,232.0,234.0,231.0,233.0,918100
2018-10-08,164.93869018554688,231.0,235.0,231.0,232.0,775800
2018-10-09,164.93869018554688,231.0,233.0,229.0,231.0,974500
2018-10-10,166.3667449951172,233.0,235.0,232.0,233.0,1343400
2018-10-11,164.93869018554688,231.0,232.0,229.0,230.0,1030500
2018-10-12,163.5106658935547,229.0,231.0,229.0,231.0,865000
2018-10-16,165.65274047851562,232.0,233.0,229.0,229.0,288800
2018-10-17,164.22467041015625,230.0,234.0,229.0,234.0,478900
2018-10-18,164.22467041015625,230.0,232.0,229.0,229.0,285600
2018-10-19,162.0826416015625,227.0,231.0,226.0,231.0,1224400
2018-10-22,164.93869018554688,231.0,232.0,226.0,227.0,546500
2018-10-24,163.5106658935547,229.0,231.0,227.0,230.0,939900
2018-10-25,164.22467041015625,230.0,230.0,226.0,227.0,603300
2018-10-26,162.0826416015625,227.0,230.0,226.0,229.0,482300
2018-10-29,162.79664611816406,228.0,229.0,227.0,228.0,577900
2018-10-30,164.22467041015625,230.0,230.0,227.0,229.0,532700
2018-10-31,164.93869018554688,231.0,231.0,228.0,230.0,363600
2018-11-01,165.65274047851562,232.0,233.0,230.0,232.0,578100
2018-11-02,163.5106658935547,229.0,233.0,229.0,233.0,682300
2018-11-05,164.22467041015625,230.0,230.0,228.0,229.0,418400
2018-11-06,162.79664611816406,228.0,231.0,228.0,230.0,531900
2018-11-07,164.93869018554688,231.0,231.0,228.0,228.0,794100
2018-11-08,164.93869018554688,231.0,233.0,231.0,233.0,272700
2018-11-09,164.22467041015625,230.0,232.0,229.0,230.0,367400
2018-11-12,164.22467041015625,230.0,233.0,230.0,231.0,507700
2018-11-13,164.93869018554688,231.0,233.0,230.0,230.0,588400
2018-11-14,167.08078002929688,234.0,234.0,229.0,230.0,963400
2018-11-15,169.93685913085938,238.0,238.0,235.0,236.0,946000
2018-11-16,169.22283935546875,237.0,239.0,235.0,238.0,656200
2018-11-19,168.5088348388672,236.0,238.0,234.0,238.0,429700
2018-11-20,167.08078002929688,234.0,235.0,233.0,234.0,504700
2018-11-21,166.3667449951172,233.0,234.0,232.0,233.0,484500
2018-11-22,166.3667449951172,233.0,234.0,232.0,232.0,304500
2018-11-23,167.7947998046875,235.0,235.0,231.0,233.0,385000
2018-11-26,167.7947998046875,235.0,236.0,232.0,234.0,726600
2018-11-27,167.7947998046875,235.0,235.0,232.0,233.0,701000
2018-11-28,169.93685913085938,238.0,238.0,234.0,234.0,658400
2018-11-29,169.22283935546875,237.0,239.0,236.0,238.0,423000
2018-11-30,171.3648681640625,240.0,240.0,235.0,237.0,1027800
2018-12-03,168.5088348388672,236.0,240.0,235.0,240.0,825800
2018-12-04,170.65087890625,239.0,239.0,235.0,237.0,1098800
2018-12-06,169.22283935546875,237.0,238.0,236.0,236.0,475100
2018-12-07,173.50697326660156,243.0,244.0,237.0,237.0,1905500
2018-12-11,171.3648681640625,240.0,244.0,238.0,244.0,1256100
2018-12-12,173.50697326660156,243.0,245.0,240.0,242.0,1336200
2018-12-13,174.22096252441406,244.0,245.0,242.0,244.0,586500
2018-12-14,173.50697326660156,243.0,244.0,238.0,243.0,1802700
2018-12-17,172.07891845703125,241.0,244.0,240.0,244.0,520700
2018-12-18,172.7929229736328,242.0,244.0,240.0,241.0,574400
2018-12-19,179.9331512451172,252.0,252.0,241.0,244.0,2263900
2018-12-20,180.64715576171875,253.0,253.0,248.0,250.0,867900
2018-12-21,182.0751953125,255.0,255.0,250.0,250.0,1063900
2018-12-24,178.50511169433594,250.0,254.0,250.0,252.0,698500
2018-12-25,178.50511169433594,250.0,252.0,245.0,246.0,625000
2018-12-26,177.0770721435547,248.0,250.0,245.0,249.0,680200
2018-12-27,174.22096252441406,244.0,250.0,243.0,250.0,973000
2018-12-28,177.0770721435547,248.0,249.0,244.0,244.0,774500
2019-01-02,175.64901733398438,246.0,249.0,245.0,248.0,892900
2019-01-03,177.0770721435547,248.0,249.0,246.0,246.0,590200
2019-01-04,180.64715576171875,253.0,253.0,246.0,248.0,1367900
2019-01-07,176.363037109375,247.0,251.0,246.0,251.0,1309600
2019-01-08,176.363037109375,247.0,249.0,246.0,247.0,431800
2019-01-09,177.0770721435547,248.0,250.0,247.0,247.0,661900
2019-01-10,178.50511169433594,250.0,250.0,248.0,248.0,361100
2019-01-11,179.9331512451172,252.0,252.0,248.0,250.0,542600
2019-01-14,177.79110717773438,249.0,252.0,249.0,252.0,677400
2019-01-15,178.50511169433594,250.0,254.0,248.0,250.0,1215700
2019-01-16,177.0770721435547,248.0,250.0,246.0,250.0,852200
2019-01-17,177.79110717773438,249.0,251.0,247.0,248.0,414400
2019-01-18,180.64715576171875,253.0,254.0,250.0,251.0,1511700
2019-01-21,182.78919982910156,256.0,257.0,252.0,253.0,1498900
2019-01-22,181.36117553710938,254.0,259.0,253.0,256.0,1189600
2019-01-23,182.78919982910156,256.0,256.0,252.0,255.0,1186500
2019-01-24,182.78919982910156,256.0,261.0,255.0,257.0,1574800
2019-01-25,183.5032501220703,257.0,258.0,255.0,258.0,700200
2019-01-28,187.07334899902344,262.0,263.0,257.0,257.0,1784400
2019-01-29,185.64532470703125,260.0,267.0,259.0,260.0,1856700
2019-01-30,187.07334899902344,262.0,262.0,259.0,259.0,843000
2019-01-31,187.07334899902344,262.0,265.0,261.0,263.0,791100
2019-02-01,187.78738403320312,263.0,268.0,261.0,262.0,1093400
2019-02-04,187.78738403320312,263.0,265.0,262.0,262.0,738600
2019-02-05,189.92942810058594,266.0,269.0,263.0,263.0,706900
2019-02-06,193.49949645996094,271.0,271.0,264.0,267.0,1030700
2019-02-07,191.35745239257812,268.0,272.0,267.0,272.0,863000
2019-02-08,192.0714569091797,269.0,272.0,266.0,268.0,550600
2019-02-11,191.35745239257812,268.0,272.0,268.0,272.0,556100
2019-02-12,190.64341735839844,267.0,269.0,267.0,268.0,518800
2019-02-13,189.21543884277344,265.0,268.0,265.0,266.0,1144700
2019-02-14,190.64341735839844,267.0,267.0,265.0,266.0,1010500
2019-02-15,189.92942810058594,266.0,267.0,263.0,267.0,819700
2019-02-18,190.64341735839844,267.0,269.0,265.0,267.0,997400
2019-02-20,192.0714569091797,269.0,269.0,265.0,267.0,1256600
2019-02-21,192.0714569091797,269.0,270.0,268.0,269.0,729600
2019-02-22,192.78550720214844,270.0,270.0,267.0,269.0,695100
2019-02-25,188.5013885498047,264.0,270.0,263.0,270.0,1940700
2019-02-26,189.21543884277344,265.0,268.0,264.0,264.0,1446200
2019-02-27,191.35745239257812,268.0,269.0,265.0,266.0,742100
2019-02-28,190.64341735839844,267.0,270.0,266.0,268.0,1140900
2019-03-01,189.92942810058594,266.0,268.0,265.0,266.0,676400
2019-03-04,190.64341735839844,267.0,267.0,264.0,266.0,702900
2019-03-05,192.0714569091797,269.0,270.0,265.0,267.0,841800
2019-03-06,191.35745239257812,268.0,271.0,266.0,268.0,1309800
2019-03-07,190.64341735839844,267.0,270.0,267.0,267.0,937200
2019-03-08,191.72872924804688,265.0,266.0,263.0,263.0,720200
2019-03-11,193.1757354736328,267.0,268.0,265.0,265.0,1317600
2019-03-12,198.96376037597656,275.0,276.0,267.0,268.0,2790200
2019-03-13,200.41073608398438,277.0,281.0,274.0,275.0,2354700
2019-03-14,199.687255859375,276.0,279.0,275.0,278.0,1146300
2019-03-15,196.79324340820312,272.0,277.0,272.0,276.0,1282200
2019-03-18,198.24024963378906,274.0,275.0,271.0,273.0,654300
2019-03-19,201.8577423095703,279.0,283.0,274.0,274.0,1428100
2019-03-20,201.8577423095703,279.0,282.0,278.0,278.0,831900
2019-03-21,201.8577423095703,279.0,282.0,278.0,282.0,898200
2019-03-22,204.7517547607422,283.0,284.0,279.0,279.0,940500
2019-03-25,206.92227172851562,286.0,291.0,280.0,280.0,1313300
2019-03-26,209.0928192138672,289.0,289.0,284.0,286.0,685600
2019-03-27,207.6457977294922,287.0,291.0,287.0,287.0,976300
2019-03-28,209.8163299560547,290.0,290.0,284.0,286.0,915500
2019-03-29,211.26333618164062,292.0,294.0,291.0,291.0,1124300
2019-04-01,214.15733337402344,296.0,301.0,293.0,294.0,2273000
2019-04-02,216.32789611816406,299.0,301.0,293.0,294.0,1287400
2019-04-03,212.71034240722656,294.0,299.0,291.0,299.0,2304000
2019-04-04,212.71034240722656,294.0,295.0,291.0,294.0,1060700
2019-04-05,208.3693084716797,288.0,293.0,287.0,293.0,1883200
2019-04-09,209.8163299560547,290.0,291.0,287.0,290.0,1072300
2019-04-10,208.3693084716797,288.0,292.0,288.0,290.0,2114300
2019-04-11,209.0928192138672,289.0,291.0,286.0,289.0,1051700
2019-04-12,209.8163299560547,290.0,292.0,287.0,289.0,931400
2019-04-17,210.53981018066406,291.0,294.0,290.0,291.0,993100
2019-04-18,212.71034240722656,294.0,298.0,292.0,292.0,1605500
2019-04-19,216.32789611816406,299.0,299.0,294.0,296.0,880200
2019-04-22,213.433837890625,295.0,299.0,294.0,299.0,772700
2019-04-23,215.6043243408203,298.0,299.0,295.0,295.0,995900
2019-04-24,215.6043243408203,298.0,298.0,295.0,296.0,765800
2019-04-25,214.880859375,297.0,298.0,296.0,296.0,618600
2019-04-26,214.15733337402344,296.0,300.0,295.0,297.0,1571100
2019-04-29,214.880859375,297.0,298.0,295.0,297.0,742000
2019-04-30,214.15733337402344,296.0,297.0,294.0,296.0,769000
2019-05-02,214.880859375,297.0,301.0,296.0,296.0,2084400
2019-05-03,215.6043243408203,298.0,299.0,296.0,297.0,1186900
2019-05-07,215.6043243408203,298.0,300.0,295.0,297.0,1741200
2019-05-08,214.15733337402344,296.0,298.0,295.0,296.0,640200
2019-05-09,211.98678588867188,293.0,297.0,292.0,296.0,1002300
2019-05-10,209.0928192138672,289.0,295.0,288.0,295.0,1470000
2019-05-13,206.19879150390625,285.0,289.0,285.0,288.0,1314900
2019-05-14,206.19879150390625,285.0,289.0,282.0,282.0,1598200
2019-05-15,206.19879150390625,285.0,287.0,280.0,286.0,1523900
2019-05-16,201.8577423095703,279.0,286.0,278.0,285.0,2216400
2019-05-17,202.58128356933594,280.0,285.0,279.0,279.0,1981500
2019-05-21,203.30474853515625,281.0,282.0,278.0,280.0,1244800
2019-05-22,208.3693084716797,288.0,288.0,281.0,281.0,2290900
2019-05-23,206.92227172851562,286.0,289.0,284.0,286.0,2078000
2019-05-24,206.92227172851562,286.0,289.0,285.0,286.0,1391400
2019-05-27,206.19879150390625,285.0,289.0,285.0,287.0,1531800
2019-05-28,207.6457977294922,287.0,287.0,282.0,286.0,15326600
2019-05-29,209.0928192138672,289.0,291.0,285.0,287.0,1395400
2019-05-30,210.53981018066406,291.0,291.0,287.0,288.0,1175300
2019-05-31,214.880859375,297.0,297.0,290.0,290.0,1623600
2019-06-04,214.880859375,297.0,299.0,295.0,299.0,1555300
2019-06-05,219.22190856933594,303.0,303.0,296.0,298.0,2393500
2019-06-06,219.94532775878906,304.0,305.0,300.0,304.0,1251900
2019-06-07,222.11590576171875,307.0,309.0,302.0,305.0,1865200
2019-06-10,223.5629119873047,309.0,310.0,306.0,307.0,971600
2019-06-11,225.7333984375,312.0,315.0,308.0,309.0,1260700
2019-06-12,229.35101318359375,317.0,317.0,310.0,312.0,1346000
2019-06-13,226.45693969726562,313.0,319.0,311.0,316.0,1645100
2019-06-14,227.18045043945312,314.0,315.0,310.0,311.0,1154500
2019-06-17,230.79795837402344,319.0,320.0,314.0,314.0,758300
2019-06-18,233.6919403076172,323.0,324.0,318.0,318.0,834100
2019-06-19,230.79795837402344,319.0,328.0,319.0,326.0,1594100
2019-06-20,232.24496459960938,321.0,323.0,319.0,320.0,842200
2019-06-21,232.96847534179688,322.0,325.0,319.0,322.0,2128700
2019-06-24,233.6919403076172,323.0,324.0,320.0,324.0,713100
2019-06-25,232.96847534179688,322.0,325.0,321.0,324.0,1133100
2019-06-26,235.13902282714844,325.0,327.0,320.0,320.0,1172300
2019-06-27,235.13902282714844,325.0,328.0,323.0,325.0,747200
2019-06-28,235.13902282714844,325.0,327.0,324.0,325.0,600700
2019-07-01,238.03298950195312,329.0,333.0,327.0,327.0,1048400
2019-07-02,237.30946350097656,328.0,330.0,327.0,329.0,924300
2019-07-03,238.75648498535156,330.0,333.0,329.0,330.0,769100
2019-07-04,235.8624725341797,326.0,332.0,324.0,331.0,1786500
2019-07-05,238.03298950195312,329.0,332.0,323.0,326.0,919300
2019-07-08,238.75648498535156,330.0,331.0,327.0,327.0,663600
2019-07-09,238.75648498535156,330.0,332.0,327.0,329.0,845700
2019-07-10,245.26800537109375,339.0,340.0,328.0,331.0,1356100
2019-07-11,243.8209991455078,337.0,341.0,337.0,340.0,705800
2019-07-12,239.47994995117188,331.0,339.0,330.0,339.0,1328200
2019-07-15,240.2034912109375,332.0,333.0,329.0,330.0,441200
2019-07-17,242.3740234375,335.0,340.0,330.0,333.0,1048500
2019-07-18,242.3740234375,335.0,338.0,335.0,335.0,508600
2019-07-19,238.03298950195312,329.0,336.0,328.0,335.0,1808500
2019-07-22,240.2034912109375,332.0,332.0,328.0,332.0,945500
2019-07-23,240.2034912109375,332.0,335.0,332.0,333.0,552300
2019-07-24,238.75648498535156,330.0,333.0,330.0,332.0,325400
2019-07-25,241.65048217773438,334.0,336.0,330.0,330.0,589300
2019-07-26,239.47994995117188,331.0,334.0,330.0,332.0,670700
2019-07-30,237.30946350097656,328.0,331.0,328.0,331.0,583000
2019-07-31,238.03298950195312,329.0,332.0,325.0,327.0,1281600
2019-08-01,230.07447814941406,318.0,328.0,316.0,325.0,1477600
2019-08-02,230.07447814941406,318.0,322.0,314.0,314.0,1122900
2019-08-05,228.62744140625,316.0,319.0,315.0,317.0,451100
2019-08-06,227.90391540527344,315.0,318.0,312.0,314.0,831300
2019-08-07,223.5629119873047,309.0,313.0,306.0,312.0,1737600
2019-08-08,225.7333984375,312.0,318.0,309.0,310.0,670700
2019-08-09,225.7333984375,312.0,316.0,311.0,312.0,513900
2019-08-13,224.28640747070312,310.0,316.0,309.0,313.0,1048500
2019-08-14,222.83941650390625,308.0,315.0,308.0,313.0,828900
2019-08-15,228.62744140625,316.0,316.0,308.0,309.0,1468400
2019-08-16,231.52145385742188,320.0,322.0,311.0,314.0,999000
2019-08-19,234.41549682617188,324.0,325.0,318.0,320.0,882700
2019-08-20,232.96847534179688,322.0,327.0,318.0,324.0,861500
2019-08-21,235.13902282714844,325.0,327.0,319.0,320.0,956000
2019-08-22,240.2034912109375,332.0,332.0,321.0,321.0,1128500
2019-08-23,241.65048217773438,334.0,336.0,332.0,332.0,669000
2019-08-26,240.92701721191406,333.0,334.0,328.0,328.0,773000
2019-08-27,239.47994995117188,331.0,335.0,325.0,332.0,2089000
2019-08-28,237.30946350097656,328.0,331.0,322.0,331.0,1052800
2019-08-29,241.65048217773438,334.0,334.0,329.0,329.0,832800
2019-08-30,243.09754943847656,336.0,336.0,329.0,330.0,871700
2019-09-02,240.92701721191406,333.0,335.0,332.0,334.0,590600
2019-09-03,248.1620635986328,343.0,350.0,334.0,335.0,2056900
2019-09-04,258.2911071777344,357.0,375.0,344.0,344.0,3418400
2019-09-05,262.1243896484375,359.0,362.0,353.0,357.0,1297400
2019-09-06,259.9339599609375,356.0,366.0,356.0,359.0,1650100
2019-09-09,259.20379638671875,355.0,358.0,353.0,355.0,900500
2019-09-10,262.8545837402344,360.0,364.0,354.0,355.0,1751700
2019-09-11,255.5530548095703,350.0,362.0,345.0,362.0,2530700
2019-09-12,253.36257934570312,347.0,353.0,347.0,349.0,1224700
2019-09-13,254.09278869628906,348.0,350.0,346.0,347.0,567000
2019-09-16,257.7435302734375,353.0,354.0,346.0,347.0,1029900
2019-09-17,259.20379638671875,355.0,356.0,351.0,353.0,943200
2019-09-18,259.20379638671875,355.0,357.0,351.0,354.0,1205700
2019-09-19,258.4736633300781,354.0,357.0,352.0,355.0,695700
2019-09-20,250.44204711914062,343.0,354.0,343.0,353.0,2260000
2019-09-23,251.9022674560547,345.0,347.0,337.0,343.0,962100
2019-09-24,254.09278869628906,348.0,351.0,342.0,345.0,1127900
2019-09-25,254.09278869628906,348.0,350.0,345.0,348.0,622100
2019-09-26,259.9339599609375,356.0,357.0,347.0,349.0,1589700
2019-09-27,258.4736633300781,354.0,356.0,353.0,356.0,1123800
2019-09-30,262.1243896484375,359.0,360.0,353.0,353.0,1078500
2019-10-01,259.20379638671875,355.0,359.0,354.0,359.0,782400
2019-10-02,258.4736633300781,354.0,355.0,351.0,354.0,572900
2019-10-03,257.0133056640625,352.0,355.0,350.0,350.0,463600
2019-10-04,256.283203125,351.0,353.0,351.0,353.0,578400
2019-10-07,259.20379638671875,355.0,357.0,350.0,351.0,780100
2019-10-08,258.4736633300781,354.0,358.0,352.0,358.0,481700
2019-10-09,259.20379638671875,355.0,356.0,352.0,354.0,403300
2019-10-10,257.7435302734375,353.0,357.0,353.0,357.0,495300
2019-10-11,262.8545837402344,360.0,363.0,353.0,353.0,1172100
2019-10-15,262.8545837402344,360.0,362.0,357.0,361.0,462500
2019-10-16,269.4259948730469,369.0,371.0,359.0,359.0,1502900
2019-10-17,271.61639404296875,372.0,372.0,366.0,368.0,930000
2019-10-18,268.6957702636719,368.0,372.0,365.0,372.0,747000
2019-10-21,268.6957702636719,368.0,371.0,365.0,366.0,355300
2019-10-22,273.806884765625,375.0,377.0,369.0,371.0,983600
2019-10-24,280.37823486328125,384.0,396.0,374.0,377.0,2472700
2019-10-25,277.45758056640625,380.0,394.0,378.0,386.0,1684400
2019-10-28,273.07672119140625,374.0,379.0,372.0,378.0,1264500
2019-10-29,263.5847473144531,361.0,376.0,361.0,374.0,2100400
2019-10-30,257.7435302734375,353.0,359.0,348.0,359.0,2221000
2019-10-31,253.36257934570312,347.0,356.0,343.0,355.0,2553900
2019-11-01,255.5530548095703,350.0,351.0,347.0,347.0,2086400
2019-11-04,258.4736633300781,354.0,358.0,351.0,353.0,3359500
2019-11-05,255.5530548095703,350.0,356.0,347.0,354.0,1561700
2019-11-06,252.6324462890625,346.0,351.0,343.0,350.0,2182100
2019-11-07,251.9022674560547,345.0,347.0,343.0,345.0,1484300
2019-11-08,252.6324462890625,346.0,352.0,345.0,345.0,1150700
2019-11-11,255.5530548095703,350.0,354.0,345.0,345.0,1079900
2019-11-12,259.20379638671875,355.0,357.0,351.0,352.0,1064700
2019-11-13,257.7435302734375,353.0,356.0,351.0,351.0,778800
2019-11-14,257.0133056640625,352.0,354.0,349.0,353.0,987100
2019-11-15,257.0133056640625,352.0,354.0,347.0,353.0,1148100
2019-11-18,259.20379638671875,355.0,355.0,349.0,352.0,871300
2019-11-19,258.4736633300781,354.0,355.0,349.0,355.0,965100
2019-11-20,260.6640930175781,357.0,357.0,350.0,352.0,1412600
2019-11-21,259.9339599609375,356.0,361.0,355.0,356.0,1794000
2019-11-22,258.4736633300781,354.0,356.0,352.0,356.0,948100
2019-11-25,259.9339599609375,356.0,359.0,353.0,354.0,1075200
2019-11-26,257.7435302734375,353.0,356.0,349.0,354.0,2243200
2019-11-27,257.7435302734375,353.0,353.0,350.0,353.0,1116700
2019-11-28,254.8229217529297,349.0,353.0,349.0,353.0,506800
2019-11-29,251.9022674560547,345.0,351.0,343.0,350.0,1451500
2019-12-02,249.71180725097656,342.0,345.0,340.0,345.0,943600
2019-12-03,250.44204711914062,343.0,346.0,336.0,340.0,889500
2019-12-04,252.6324462890625,346.0,349.0,342.0,342.0,741700
2019-12-06,249.71180725097656,342.0,350.0,340.0,346.0,1134100
2019-12-09,246.06105041503906,337.0,339.0,336.0,337.0,1357400
2019-12-11,241.68020629882812,331.0,339.0,330.0,337.0,1774600
2019-12-12,241.68020629882812,331.0,337.0,331.0,332.0,1815600
2019-12-13,238.02943420410156,326.0,333.0,323.0,332.0,2212500
2019-12-16,234.37867736816406,321.0,329.0,319.0,327.0,1743800
2019-12-17,229.267578125,314.0,321.0,309.0,319.0,2734600
2019-12-18,229.9977569580078,315.0,321.0,313.0,317.0,2109200
2019-12-19,232.91836547851562,319.0,322.0,314.0,315.0,2060000
2019-12-20,229.9977569580078,315.0,319.0,314.0,319.0,1725800
2019-12-23,231.45806884765625,317.0,321.0,314.0,315.0,2349800
2019-12-24,238.02943420410156,326.0,327.0,319.0,320.0,1349300
2019-12-25,240.95001220703125,330.0,330.0,323.0,326.0,927700
2019-12-26,240.95001220703125,330.0,332.0,327.0,331.0,759000
2019-12-27,240.95001220703125,330.0,334.0,328.0,332.0,1117000
2019-12-30,239.48977661132812,328.0,331.0,326.0,330.0,997400
2020-01-02,241.68020629882812,331.0,334.0,327.0,330.0,1039900
2020-01-03,239.48977661132812,328.0,331.0,325.0,329.0,1159200
2020-01-06,238.02943420410156,326.0,329.0,321.0,323.0,602200
2020-01-07,238.75953674316406,327.0,329.0,324.0,327.0,576100
2020-01-08,238.75953674316406,327.0,329.0,322.0,325.0,887100
2020-01-09,240.21987915039062,329.0,332.0,327.0,332.0,755300
2020-01-10,243.1405029296875,333.0,334.0,327.0,330.0,1276400
2020-01-13,250.44204711914062,343.0,347.0,336.0,336.0,2800600
2020-01-14,254.8229217529297,349.0,350.0,343.0,344.0,2457000
2020-01-15,249.71180725097656,342.0,350.0,339.0,348.0,1779400
2020-01-16,247.52139282226562,339.0,343.0,335.0,342.0,1548800
2020-01-17,245.33094787597656,336.0,339.0,334.0,339.0,817600
2020-01-20,251.172119140625,344.0,345.0,337.0,337.0,1314100
2020-01-21,248.2515106201172,340.0,347.0,338.0,344.0,1371300
2020-01-22,246.79127502441406,338.0,345.0,337.0,344.0,1037400
2020-01-23,242.41029357910156,332.0,338.0,328.0,338.0,1673200
2020-01-24,240.95001220703125,330.0,334.0,328.0,332.0,446800
2020-01-27,236.56910705566406,324.0,329.0,322.0,328.0,930400
2020-01-28,232.91836547851562,319.0,327.0,317.0,324.0,1151700
2020-01-29,233.64849853515625,320.0,322.0,317.0,320.0,956600
2020-01-30,231.45806884765625,317.0,325.0,315.0,318.0,694600
2020-01-31,221.96604919433594,304.0,317.0,303.0,317.0,3382500
2020-02-03,221.96604919433594,304.0,308.0,303.0,303.0,1329100
2020-02-04,224.15652465820312,307.0,309.0,304.0,304.0,833900
2020-02-05,227.80726623535156,312.0,314.0,309.0,309.0,1192300
2020-02-06,221.96604919433594,304.0,311.0,302.0,310.0,1880600
2020-02-07,222.69622802734375,305.0,306.0,299.0,303.0,1396800
2020-02-11,224.15652465820312,307.0,312.0,305.0,307.0,926800
2020-02-12,226.34703063964844,310.0,311.0,306.0,307.0,817300
2020-02-13,222.69622802734375,305.0,309.0,303.0,308.0,793400
2020-02-14,217.58517456054688,298.0,308.0,295.0,306.0,2326200
2020-02-17,219.04554748535156,300.0,302.0,297.0,297.0,872400
2020-02-18,217.58517456054688,298.0,299.0,295.0,298.0,637900
2020-02-19,216.85498046875,297.0,299.0,294.0,298.0,1039900
2020-02-20,213.9344024658203,293.0,300.0,290.0,297.0,1412900
2020-02-21,211.01382446289062,289.0,293.0,285.0,292.0,1936000
2020-02-24,208.09320068359375,285.0,296.0,285.0,288.0,1683800
2020-02-25,212.47412109375,291.0,296.0,284.0,285.0,2091100
2020-02-26,205.9027557373047,282.0,290.0,278.0,290.0,1599800
2020-02-27,207.36305236816406,284.0,286.0,276.0,285.0,951900
2020-02-28,199.33139038085938,273.0,281.0,271.0,279.0,1656200
2020-03-02,194.95046997070312,267.0,275.0,264.0,274.0,1236200
2020-03-03,200.06153869628906,274.0,278.0,269.0,275.0,1055400
2020-03-04,204.44244384765625,280.0,280.0,270.0,274.0,1483600
2020-03-05,202.9821319580078,278.0,285.0,277.0,281.0,2021600
2020-03-06,197.99533081054688,268.0,273.0,264.0,268.0,1722000
2020-03-09,178.7868194580078,242.0,269.0,239.0,266.0,2534000
2020-03-10,178.04803466796875,241.0,248.0,240.0,242.0,1755000
2020-03-11,172.87649536132812,234.0,241.0,200.0,240.0,2577300
2020-03-12,147.75770568847656,200.0,220.0,197.5,210.0,2815200
2020-03-13,155.14561462402344,210.0,211.0,162.5,180.0,4283000
2020-03-16,137.04527282714844,185.5,205.0,183.0,198.5,2606500
2020-03-17,135.19830322265625,183.0,190.5,181.0,182.5,3215100
2020-03-18,141.47799682617188,191.5,191.5,182.0,186.0,2282000
2020-03-19,148.4965057373047,201.0,209.0,185.0,186.0,3013500
2020-03-20,161.05589294433594,218.0,227.0,207.0,209.0,4316400
2020-03-23,141.847412109375,192.0,207.0,192.0,205.0,2450200
2020-03-24,147.01890563964844,199.0,205.0,194.5,201.0,3042600
2020-03-25,158.83953857421875,215.0,227.0,205.0,210.0,3118200
2020-03-26,163.2722625732422,221.0,227.0,212.0,212.0,2101100
2020-03-27,168.44378662109375,228.0,238.0,225.0,238.0,2136300
2020-03-30,167.70501708984375,227.0,227.0,227.0,227.0,237100
2020-03-31,170.66015625,231.0,234.0,228.0,230.0,1317300
2020-04-01,169.92135620117188,230.0,233.0,226.0,231.0,1196200
2020-04-02,172.87649536132812,234.0,234.0,226.0,229.0,1543800
2020-04-03,172.87649536132812,234.0,236.0,231.0,235.0,682400
2020-04-07,189.86863708496094,257.0,261.0,241.0,250.0,2525900
2020-04-08,185.43594360351562,251.0,257.0,249.0,257.0,1502800
2020-04-09,185.43594360351562,251.0,255.0,249.0,254.0,1709200
2020-04-10,189.86863708496094,257.0,258.0,249.0,249.0,719700
2020-04-13,188.39109802246094,255.0,259.0,255.0,256.0,917000
2020-04-14,189.86863708496094,257.0,261.0,251.0,261.0,1137900
2020-04-15,183.9583282470703,249.0,259.0,249.0,258.0,1692500
2020-04-16,173.6153106689453,235.0,246.0,235.0,245.0,2536600
2020-04-17,176.5704345703125,239.0,243.0,237.0,240.0,1662100
2020-04-20,180.26437377929688,244.0,247.0,239.0,242.0,1247200
2020-04-21,186.17471313476562,252.0,257.0,241.0,242.0,2270100
2020-04-22,192.08502197265625,260.0,263.0,252.0,253.0,2801400
2020-04-23,196.5177459716797,266.0,274.0,264.0,264.0,2646300
2020-04-24,196.5177459716797,266.0,270.0,265.0,267.0,1407100
2020-04-27,197.25653076171875,267.0,269.0,263.0,268.0,828800
2020-04-28,203.16685485839844,275.0,283.0,266.0,268.0,2511300
2020-04-29,214.24867248535156,290.0,296.0,277.0,278.0,3957900
2020-04-30,211.29351806640625,286.0,294.0,280.0,294.0,2054700
2020-05-05,198.73411560058594,269.0,276.0,266.0,274.0,3387900
2020-05-07,197.25653076171875,267.0,274.0,266.0,266.0,2018900
2020-05-08,198.73411560058594,269.0,272.0,266.0,268.0,2021200
2020-05-11,199.472900390625,270.0,274.0,269.0,271.0,1859800
2020-05-12,200.211669921875,271.0,274.0,267.0,269.0,1394800
2020-05-13,198.73411560058594,269.0,270.0,265.0,266.0,1640300
2020-05-14,193.5625762939453,262.0,266.0,260.0,266.0,2422400
2020-05-15,191.34625244140625,259.0,263.0,257.0,262.0,1776800
2020-05-18,187.6522979736328,254.0,259.0,251.0,259.0,2252500
2020-05-19,187.6522979736328,254.0,260.0,253.0,257.0,2066500
2020-05-20,190.60743713378906,258.0,259.0,252.0,253.0,1924400
2020-05-21,195.7789764404297,265.0,266.0,259.0,261.0,2527300
2020-05-22,192.8238067626953,261.0,265.0,257.0,263.0,1408700
2020-05-25,196.5177459716797,266.0,268.0,262.0,263.0,1352600
2020-05-26,197.99533081054688,268.0,272.0,268.0,270.0,1297800
2020-05-27,198.73411560058594,269.0,271.0,266.0,269.0,1357100
2020-05-28,199.472900390625,270.0,275.0,268.0,271.0,1975900
2020-05-29,203.9056396484375,276.0,276.0,266.0,269.0,2836700
2020-06-01,199.472900390625,270.0,277.0,270.0,275.0,1233200
2020-06-02,203.9056396484375,276.0,279.0,272.0,272.0,1455600
2020-06-04,200.95050048828125,272.0,281.0,272.0,281.0,2564100
2020-06-05,203.16685485839844,275.0,277.0,271.0,272.0,2219200
2020-06-08,206.8607940673828,280.0,283.0,276.0,277.0,2665800
2020-06-09,200.95050048828125,272.0,282.0,272.0,280.0,1758900
2020-06-10,200.95050048828125,272.0,275.0,271.0,273.0,1097600
2020-06-11,197.99533081054688,268.0,277.0,267.0,275.0,1615300
2020-06-12,195.7789764404297,265.0,265.0,261.0,262.0,1305900
2020-06-15,192.08502197265625,260.0,264.0,258.0,262.0,1819600
2020-06-16,193.5625762939453,262.0,265.0,261.0,264.0,862300
2020-06-17,193.5625762939453,262.0,264.0,260.0,262.0,639000
2020-06-18,192.8238067626953,261.0,265.0,260.0,260.0,1001900
2020-06-19,190.60743713378906,258.0,262.0,258.0,261.0,1179000
2020-06-22,190.60743713378906,258.0,261.0,258.0,258.0,598900
2020-06-23,187.6522979736328,254.0,259.0,254.0,259.0,1218400
2020-06-24,185.43594360351562,251.0,256.0,251.0,256.0,859600
2020-06-25,181.74200439453125,246.0,251.0,244.0,250.0,1538200
2020-06-26,187.6522979736328,254.0,254.0,247.0,247.0,1564400
2020-06-29,184.69712829589844,250.0,253.0,248.0,251.0,859400
2020-06-30,182.48077392578125,247.0,255.0,247.0,255.0,1398800
2020-07-01,183.21954345703125,248.0,251.0,245.0,247.0,1213400
2020-07-02,188.39109802246094,255.0,257.0,251.0,251.0,1302800
2020-07-03,192.8238067626953,261.0,262.0,255.0,256.0,1210800
2020-07-07,192.8238067626953,261.0,269.0,259.0,263.0,1884800
2020-07-08,187.6522979736328,254.0,261.0,254.0,260.0,1344200
2020-07-09,189.12985229492188,256.0,259.0,256.0,257.0,814600
2020-07-10,186.9134979248047,253.0,257.0,251.0,256.0,699900
2020-07-13,182.48077392578125,247.0,255.0,246.0,253.0,1378200
2020-07-14,183.21954345703125,248.0,250.0,244.0,247.0,1247000
2020-07-15,185.43594360351562,251.0,254.0,249.0,250.0,941900
2020-07-16,182.48077392578125,247.0,252.0,247.0,250.0,837500
2020-07-17,183.9583282470703,249.0,250.0,247.0,248.0,812500
2020-07-20,186.9134979248047,253.0,254.0,248.0,249.0,1036500
2020-07-21,187.6522979736328,254.0,258.0,252.0,255.0,1360200
2020-07-22,184.69712829589844,250.0,253.0,249.0,252.0,1001800
2020-07-23,183.21954345703125,248.0,251.0,248.0,249.0,591300
2020-07-24,181.00320434570312,245.0,249.0,245.0,248.0,809900
2020-07-29,181.74200439453125,246.0,249.0,245.0,247.0,854500
2020-07-30,177.30923461914062,240.0,249.0,238.0,248.0,1224100
2020-07-31,175.09288024902344,237.0,240.0,232.0,240.0,1810300
2020-08-03,172.87649536132812,234.0,239.0,234.0,237.0,727900
2020-08-04,173.6153106689453,235.0,238.0,235.0,236.0,538000
2020-08-05,175.09288024902344,237.0,241.0,234.0,236.0,577900
2020-08-06,173.6153106689453,235.0,238.0,235.0,236.0,563100
2020-08-07,175.09288024902344,237.0,237.0,234.0,235.0,601800
2020-08-10,173.6153106689453,235.0,237.0,234.0,237.0,332700
2020-08-11,174.35411071777344,236.0,238.0,235.0,236.0,744800
2020-08-13,175.09288024902344,237.0,238.0,234.0,237.0,868000
2020-08-14,172.13772583007812,233.0,238.0,232.0,237.0,1018300
2020-08-17,172.87649536132812,234.0,236.0,234.0,234.0,1082500
2020-08-18,174.35411071777344,236.0,240.0,233.0,234.0,1182300
2020-08-19,174.35411071777344,236.0,239.0,235.0,236.0,1008700
2020-08-20,172.87649536132812,234.0,236.0,233.0,235.0,830700
2020-08-21,169.1825714111328,229.0,236.0,227.0,234.0,1603700
2020-08-24,168.44378662109375,228.0,232.0,227.0,230.0,1636900
2020-08-25,168.44378662109375,228.0,232.0,227.0,229.0,1531700
2020-08-26,168.44378662109375,228.0,229.0,225.0,228.0,1958500
2020-08-27,164.01104736328125,222.0,229.0,220.0,228.0,4098300
2020-08-28,165.4886474609375,224.0,225.0,221.0,224.0,1801300
2020-08-31,164.01104736328125,222.0,227.0,221.0,225.0,1540000
2020-09-01,164.01104736328125,222.0,225.0,220.0,222.0,1438900
2020-09-02,164.01104736328125,219.0,219.0,217.0,218.0,650500
2020-09-03,162.51324462890625,217.0,219.0,216.0,219.0,995800
2020-09-08,160.26651000976562,214.0,217.0,212.0,216.0,1169900
2020-09-09,158.76870727539062,212.0,213.0,210.0,213.0,1043800
2020-09-10,155.02413940429688,207.0,212.0,207.0,212.0,2008400
2020-09-11,155.77305603027344,208.0,211.0,206.0,207.0,2126500
2020-09-14,151.27960205078125,202.0,209.0,200.0,209.0,2145500
2020-09-15,149.7817840576172,200.0,202.0,198.0,202.0,1860500
2020-09-16,149.4073486328125,199.5,204.0,198.5,200.0,1964300
2020-09-17,149.4073486328125,199.5,204.0,199.0,199.0,1321500
2020-09-18,149.7817840576172,200.0,201.0,198.5,200.0,1347900
2020-09-21,146.7861328125,196.0,204.0,196.0,201.0,2143500
2020-09-22,146.41168212890625,195.5,196.0,192.5,196.0,1759000
2020-09-23,145.6627655029297,194.5,198.5,194.0,195.0,928400
2020-09-24,143.0416259765625,191.0,194.5,191.0,194.0,1320800
2020-09-25,142.29269409179688,190.0,192.5,190.0,192.0,1618800
2020-09-28,144.16497802734375,192.5,195.5,190.5,190.5,1588300
2020-09-29,142.29269409179688,190.0,193.0,190.0,192.5,1003600
2020-09-30,140.0459747314453,187.0,192.5,187.0,190.5,1477800
2020-10-01,142.29269409179688,190.0,191.0,186.5,188.0,1115000
2020-10-02,142.29269409179688,190.0,191.5,188.5,190.0,1040500
2020-10-05,143.0416259765625,191.0,191.5,190.0,190.5,937600
2020-10-06,141.54379272460938,189.0,192.5,189.0,191.5,1632400
2020-10-07,141.54379272460938,189.0,191.0,186.5,189.0,1722400
2020-10-08,143.79052734375,192.0,193.0,189.5,190.0,2498300
2020-10-09,144.53939819335938,193.0,196.0,192.0,193.0,2259500
2020-10-12,142.66712951660156,190.5,194.5,190.0,193.0,1711900
2020-10-14,138.922607421875,185.5,190.5,185.5,190.0,1949600
2020-10-15,135.1780548095703,180.5,185.0,180.5,184.5,2806700
2020-10-16,135.1780548095703,180.5,181.5,180.0,180.5,968200
2020-10-19,133.30580139160156,178.0,180.5,177.0,180.0,1850300
2020-10-20,129.56126403808594,173.0,178.5,172.0,177.5,2345800
2020-10-21,129.186767578125,172.5,174.5,172.0,173.0,1104100
2020-10-22,127.31453704833984,170.0,174.5,170.0,172.0,1516000
2020-10-26,128.81234741210938,172.0,174.5,169.5,170.0,1186400
2020-10-27,128.06341552734375,171.0,172.0,168.5,170.5,1837700
2020-10-28,126.19115447998047,168.5,171.0,168.0,170.0,2137400
2020-10-29,126.19115447998047,168.5,169.0,167.0,168.0,850800
2020-10-30,124.3188705444336,166.0,169.0,163.5,168.5,2132000
2020-11-02,125.44223022460938,167.5,168.5,165.0,165.5,886700
2020-11-03,129.56126403808594,173.0,173.0,168.0,168.5,1792700
2020-11-04,126.9400634765625,169.5,173.5,168.5,172.5,1975600
2020-11-05,137.79925537109375,184.0,184.0,170.5,171.0,4432400
2020-11-06,133.30580139160156,178.0,184.0,176.5,182.0,5667600
2020-11-09,139.67153930664062,186.5,188.0,179.0,181.5,3836200
2020-11-10,143.4160614013672,191.5,192.0,186.5,190.0,4003900
2020-11-11,148.28395080566406,198.0,200.0,193.0,194.0,4598100
2020-11-12,143.4160614013672,191.5,197.0,191.5,197.0,2494000
2020-11-13,144.53939819335938,193.0,194.5,186.5,189.0,2821800
2020-11-16,142.29269409179688,190.0,196.0,190.0,195.5,2478000
2020-11-17,141.16934204101562,188.5,190.5,186.0,189.5,4596900
2020-11-18,143.0416259765625,191.0,191.5,186.5,188.0,1846200
2020-11-19,142.66712951660156,190.5,192.5,189.0,191.5,3485700
2020-11-20,143.4160614013672,191.5,192.5,188.5,189.5,2338800
2020-11-23,152.7774200439453,204.0,205.0,192.5,193.0,6286300
2020-11-24,149.7817840576172,200.0,209.0,199.5,207.0,4992600
2020-11-25,151.27960205078125,202.0,208.0,197.5,205.0,5932300
2020-11-26,153.52633666992188,205.0,205.0,200.0,204.0,2521200
2020-11-27,163.2621307373047,218.0,218.0,203.0,204.0,6926300
2020-11-30,161.76431274414062,216.0,226.0,216.0,217.0,12681400
2020-12-01,158.76870727539062,212.0,221.0,210.0,218.0,5211300
2020-12-02,156.52197265625,209.0,213.0,206.0,209.0,3995700
2020-12-03,157.27088928222656,210.0,213.0,208.0,210.0,2513200
2020-12-04,158.76870727539062,212.0,215.0,210.0,210.0,2888900
2020-12-08,161.01541137695312,215.0,217.0,211.0,213.0,3456300
2020-12-09,158.76870727539062,212.0,218.0,212.0,218.0,2689700
2020-12-14,156.52197265625,209.0,215.0,208.0,214.0,2504900
2020-12-15,155.77305603027344,208.0,210.0,206.0,209.0,1868500
2020-12-16,157.27088928222656,210.0,212.0,208.0,209.0,1889900
2020-12-17,157.27088928222656,210.0,213.0,209.0,210.0,1826500
2020-12-18,154.27525329589844,206.0,211.0,204.0,210.0,3037700
2020-12-21,142.29269409179688,190.0,200.0,190.0,197.0,5890200
2020-12-22,146.7861328125,196.0,196.0,188.5,190.5,2809700
2020-12-23,143.79052734375,192.0,197.0,192.0,195.5,2320900
2020-12-24,146.7861328125,196.0,197.5,191.0,192.5,1883900
2020-12-25,145.28831481933594,194.0,199.0,194.0,197.0,2366400
2020-12-28,144.91387939453125,193.5,202.0,191.5,194.5,7130400
2020-12-29,146.41168212890625,195.5,197.5,194.0,194.0,2308300
2020-12-30,144.16497802734375,192.5,198.0,192.5,196.5,2040200
2021-01-04,143.79052734375,192.0,193.5,189.5,190.0,3300100
2021-01-05,146.7861328125,196.0,197.0,191.5,191.5,5094000
2021-01-06,150.5306854248047,201.0,213.0,197.5,199.0,10431600
2021-01-07,149.7817840576172,200.0,206.0,199.5,206.0,4057600
2021-01-08,148.28395080566406,198.0,204.0,197.0,202.0,4092400
2021-01-11,146.7861328125,196.0,201.0,196.0,198.5,2403200
2021-01-12,146.7861328125,196.0,200.0,194.5,196.0,3875800
2021-01-13,147.1605987548828,196.5,198.0,194.5,197.5,3578500
2021-01-14,146.0372314453125,195.0,197.5,194.5,197.5,1811700
2021-01-15,143.0416259765625,191.0,196.0,190.0,195.0,4566600
2021-01-18,140.42044067382812,187.5,191.0,187.0,191.0,4525100
2021-01-19,143.4160614013672,191.5,192.5,188.5,189.0,2199100
2021-01-20,141.16934204101562,188.5,192.0,188.5,192.0,2067500
2021-01-21,141.91822814941406,189.5,191.5,188.5,190.0,2011500
2021-01-22,140.0459747314453,187.0,190.5,187.0,189.5,2271000
2021-01-25,139.2970733642578,186.0,188.0,186.0,187.0,1758400
2021-01-26,140.0459747314453,187.0,187.0,184.0,186.0,1903200
2021-01-27,138.17369079589844,184.5,188.5,184.5,187.0,2213900
2021-01-28,135.1780548095703,180.5,184.0,180.0,183.5,3131000
2021-01-29,133.6802520751953,178.5,183.0,178.0,181.5,3902600
2021-02-01,135.1780548095703,180.5,182.5,179.0,179.5,2087900
2021-02-02,134.05471801757812,179.0,182.5,178.5,181.5,2405800
2021-02-03,132.556884765625,177.0,181.0,176.5,180.5,3859700
2021-02-04,132.556884765625,177.0,178.0,176.0,176.5,2901800
2021-02-05,132.9313507080078,177.5,179.0,177.0,178.5,2330500
2021-02-08,134.42913818359375,179.5,183.0,178.5,179.5,3883400
2021-02-09,136.30142211914062,182.0,182.5,180.5,180.5,2678100
2021-02-10,139.2970733642578,186.0,186.5,182.5,183.5,3095800
2021-02-11,137.79925537109375,184.0,187.0,183.0,187.0,2295500
2021-02-15,136.30142211914062,182.0,185.0,181.5,184.5,1800100
2021-02-16,136.30142211914062,182.0,184.5,182.0,183.0,1527200
2021-02-17,135.55252075195312,181.0,183.0,181.0,182.0,1491600
2021-02-18,133.6802520751953,178.5,181.0,178.5,180.5,2399300
2021-02-19,132.556884765625,177.0,179.0,177.0,178.5,1951100
2021-02-22,129.186767578125,172.5,178.0,172.5,177.0,3320900
2021-02-23,129.56126403808594,173.0,175.0,172.5,175.0,1914700
2021-02-24,127.68898010253906,170.5,172.5,170.0,172.5,3045700
2021-02-25,126.56562805175781,169.0,172.5,168.5,172.0,3488300
2021-03-01,126.56562805175781,169.0,175.0,168.5,168.5,3184100
2021-03-02,131.80796813964844,176.0,176.5,172.5,174.0,2568100
2021-03-03,134.42913818359375,179.5,180.0,176.5,176.5,2572500
2021-03-04,134.42913818359375,179.5,182.0,177.0,178.5,2896700
2021-03-05,135.1780548095703,180.5,182.0,178.0,178.5,1852500
2021-03-08,135.92697143554688,181.5,184.5,181.5,182.5,3358700
2021-03-09,135.1780548095703,180.5,182.0,179.0,181.0,2038900
2021-03-10,135.94178771972656,178.0,179.5,177.0,177.5,2629400
2021-03-11,137.46922302246094,180.0,182.0,179.5,180.0,2980000
2021-03-12,138.9966278076172,182.0,184.5,181.0,181.5,3026500
2021-03-15,138.23294067382812,181.0,184.0,180.5,183.5,1923800
2021-03-16,139.37852478027344,182.5,183.0,181.5,181.5,1246500
2021-03-17,138.61480712890625,181.5,182.5,181.0,182.0,1198800
2021-03-18,139.37852478027344,182.5,183.5,181.5,182.5,1610900
2021-03-19,139.37852478027344,182.5,182.5,181.5,182.5,1055300
2021-03-22,143.96083068847656,188.5,189.5,181.5,182.5,3723600
2021-03-23,141.66964721679688,185.5,190.0,184.5,188.5,3391700
2021-03-24,142.81524658203125,187.0,188.0,184.0,184.5,2141800
2021-03-25,143.1970977783203,187.5,189.0,187.0,187.0,1483000
2021-03-26,142.43338012695312,186.5,188.0,186.0,188.0,1463500
2021-03-29,143.57896423339844,188.0,189.0,186.5,187.5,1410400
2021-03-30,142.05152893066406,186.0,188.5,186.0,188.0,1617200
2021-03-31,141.66964721679688,185.5,187.0,185.0,186.0,1028200
2021-04-01,142.43338012695312,186.5,187.5,185.0,185.5,994500
2021-04-02,140.5240936279297,184.0,187.5,182.5,187.5,2112900
2021-04-05,138.61480712890625,181.5,184.5,181.0,184.0,1594500
2021-04-07,137.0873565673828,179.5,180.5,178.5,180.0,1635600
2021-04-08,136.70553588867188,179.0,180.5,178.5,179.0,1238200
2021-04-09,136.70553588867188,179.0,180.5,178.5,179.0,1383500
2021-04-12,135.1780548095703,177.0,179.0,176.5,178.5,1362800
2021-04-16,133.65060424804688,175.0,176.5,173.5,176.0,2344200
2021-04-19,134.79617309570312,176.5,177.5,175.0,175.5,953400
2021-04-20,134.41433715820312,176.0,179.0,175.5,176.5,2500900
2021-04-21,134.79617309570312,176.5,177.5,176.0,176.0,825400
2021-04-22,134.41433715820312,176.0,178.0,175.5,177.5,888300
2021-04-23,133.65060424804688,175.0,176.0,174.0,175.5,1249800
2021-04-26,133.65060424804688,175.0,175.5,174.0,175.0,1127000
2021-04-27,133.26878356933594,174.5,176.5,173.5,175.5,1228000
2021-04-28,135.94178771972656,178.0,179.5,174.5,175.0,2371400
2021-04-29,134.03248596191406,175.5,179.5,175.5,179.0,2398000
2021-04-30,134.79617309570312,176.5,179.5,176.0,176.0,2253800
2021-05-05,132.88690185546875,174.0,177.0,173.0,176.0,2165900
2021-05-06,133.65060424804688,175.0,175.0,172.5,174.5,1193700
2021-05-07,135.5599365234375,177.5,178.0,175.0,175.5,1348300
2021-05-10,134.03248596191406,175.5,178.0,175.0,178.0,1472700
2021-05-11,133.65060424804688,175.0,176.0,174.0,175.5,1336800
2021-05-12,132.12318420410156,173.0,174.5,172.0,174.5,1760900
2021-05-13,130.5957489013672,171.0,173.0,168.5,172.0,3487300
2021-05-14,130.9776153564453,171.5,171.5,169.5,171.0,1270600
2021-05-17,129.45016479492188,169.5,171.0,168.5,171.0,1162600
2021-05-18,131.35946655273438,172.0,172.0,169.5,170.0,907700
2021-05-19,129.83204650878906,170.0,172.0,170.0,172.0,815000
2021-05-20,129.83204650878906,170.0,171.5,170.0,170.0,790700
2021-05-21,129.45016479492188,169.5,171.5,169.0,170.5,1190100
2021-05-24,129.06834411621094,169.0,170.5,168.5,169.0,1053900
2021-05-25,129.06834411621094,169.0,170.0,169.0,170.0,962400
2021-05-27,132.88690185546875,174.0,176.0,169.0,169.5,5791000
2021-05-28,132.88690185546875,174.0,175.5,173.0,174.5,1115300
2021-05-31,133.65060424804688,175.0,176.0,173.5,174.5,1321000
2021-06-01,134.79617309570312,176.5,177.5,175.0,175.5,1633600
2021-06-02,135.1780548095703,177.0,178.0,176.0,177.5,1265500
2021-06-04,133.26878356933594,174.5,177.0,174.5,176.5,1321000
2021-06-07,132.88690185546875,174.0,175.5,174.0,175.0,1233700
2021-06-08,134.41433715820312,176.0,177.0,174.5,174.5,1315800
2021-06-09,134.79617309570312,176.5,177.5,175.5,176.5,1765500
2021-06-10,140.1422119140625,183.5,185.5,178.0,178.0,6983600
2021-06-11,140.90594482421875,184.5,186.0,184.0,185.0,2430500
2021-06-14,141.28781127929688,185.0,187.0,184.5,185.5,2243700
2021-06-15,138.9966278076172,182.0,185.5,181.5,184.5,1552700
2021-06-16,138.23294067382812,181.0,182.0,179.0,182.0,1865500
2021-06-17,137.46922302246094,180.0,181.5,179.5,180.5,1060700
2021-06-18,140.5240936279297,184.0,184.0,179.0,179.5,1870300
2021-06-21,139.37852478027344,182.5,182.5,180.5,181.5,1378400
2021-06-22,137.85105895996094,180.5,183.0,180.5,183.0,1330900
2021-06-23,134.03248596191406,175.5,181.0,175.0,180.5,3622500
2021-06-24,132.12318420410156,173.0,175.5,173.0,174.5,2517900
2021-06-25,131.35946655273438,172.0,174.5,171.5,173.0,1406300
2021-06-28,130.9776153564453,171.5,172.0,170.5,171.5,1426100
2021-06-29,130.9776153564453,171.5,173.5,171.0,171.5,1851300
2021-06-30,133.65060424804688,175.0,175.0,172.0,172.0,1874300
2021-07-01,132.50506591796875,173.5,175.5,172.5,174.5,1213200
2021-07-02,133.26878356933594,174.5,174.5,172.0,173.0,1267800
2021-07-05,132.12318420410156,173.0,174.0,172.5,173.0,663800
2021-07-06,131.35946655273438,172.0,174.5,172.0,174.0,546100
2021-07-07,130.21389770507812,170.5,172.5,170.5,172.0,1131700
2021-07-08,129.83204650878906,170.0,170.5,168.5,170.5,1629800
2021-07-09,129.06834411621094,169.0,170.5,168.5,169.5,1604900
2021-07-12,130.21389770507812,170.5,170.5,169.0,170.5,1179000
2021-07-13,132.88690185546875,174.0,174.0,170.0,170.5,1405600
2021-07-14,130.9776153564453,171.5,173.0,171.0,173.0,1471700
2021-07-15,130.5957489013672,171.0,172.5,170.5,172.0,805700
2021-07-16,130.9776153564453,171.5,173.0,171.0,171.0,1148900
2021-07-19,130.21389770507812,170.5,171.5,170.0,170.5,663500
2021-07-20,130.5957489013672,171.0,171.0,169.0,170.0,1159400
2021-07-21,129.83204650878906,170.0,171.5,169.5,170.5,1189300
2021-07-22,130.9776153564453,171.5,172.0,170.5,171.0,473000
2021-07-23,130.9776153564453,171.5,173.0,171.0,172.0,915900
2021-07-27,131.35946655273438,172.0,172.5,170.5,171.5,846100
2021-07-29,132.12318420410156,173.0,173.5,171.0,172.0,1340500
2021-07-30,130.5957489013672,171.0,173.5,170.0,173.0,1232000
2021-08-02,129.06834411621094,169.0,171.0,169.0,170.0,1560500
2021-08-03,132.12318420410156,173.0,173.0,168.5,169.0,1340500
2021-08-04,136.32363891601562,178.5,179.0,171.5,172.5,2876900
2021-08-05,134.41433715820312,176.0,177.5,173.5,177.0,2145400
2021-08-06,134.79617309570312,176.5,177.5,174.0,177.0,1776600
2021-08-09,135.94178771972656,178.0,179.0,175.0,175.5,1386500
2021-08-10,134.41433715820312,176.0,179.0,175.5,178.5,1679100
2021-08-11,132.88690185546875,174.0,177.5,174.0,177.0,1269400
2021-08-13,132.88690185546875,174.0,176.0,172.5,173.5,1718600
2021-08-16,135.94178771972656,178.0,178.5,175.0,175.0,1755300
2021-08-17,135.5599365234375,177.5,179.0,177.0,178.5,1032000
2021-08-18,134.41433715820312,176.0,177.5,176.0,177.5,660200
2021-08-19,133.65060424804688,175.0,176.0,174.5,175.5,974400
2021-08-20,134.03248596191406,175.5,177.0,174.5,175.5,1080300
2021-08-23,136.32363891601562,178.5,178.5,176.0,177.0,1615200
2021-08-24,135.94178771972656,178.0,180.0,178.0,180.0,1725300
2021-08-25,137.0873565673828,179.5,180.0,177.5,178.0,1365100
2021-08-26,138.61480712890625,181.5,184.0,180.0,180.0,3980900
2021-08-27,138.8092041015625,178.5,179.5,177.5,178.5,1656900
2021-08-30,140.36447143554688,180.5,180.5,178.5,179.0,1356300
2021-08-31,140.75331115722656,181.0,182.5,179.5,180.5,2506600
2021-09-01,138.8092041015625,178.5,181.5,178.5,181.0,1286000
2021-09-02,138.8092041015625,178.5,179.5,177.5,178.5,902700
2021-09-03,139.5868377685547,179.5,180.0,178.5,178.5,798700
2021-09-06,140.75331115722656,181.0,181.5,179.5,179.5,1185100
2021-09-07,139.97567749023438,180.0,182.5,179.5,181.5,836100
2021-09-08,138.8092041015625,178.5,180.0,177.5,179.0,1228200
2021-09-09,138.0315704345703,177.5,179.0,177.0,177.5,848100
2021-09-10,137.25389099121094,176.5,178.5,175.0,177.5,1423500
2021-09-13,137.64273071289062,177.0,177.5,175.5,176.0,1403600
2021-09-14,137.64273071289062,177.0,179.0,176.5,177.5,1064400
2021-09-15,137.25389099121094,176.5,178.0,176.0,177.0,863600
2021-09-16,136.86508178710938,176.0,178.0,175.0,177.0,1032000
2021-09-17,135.69863891601562,174.5,175.5,172.5,175.5,2253400
2021-09-20,134.14332580566406,172.5,173.5,172.0,173.0,1677300
2021-09-21,134.92100524902344,173.5,174.5,172.5,172.5,1414900
2021-09-22,136.86508178710938,176.0,176.0,173.5,174.5,1309900
2021-09-23,137.25389099121094,176.5,176.5,175.0,175.5,1134900
2021-09-27,136.4762725830078,175.5,177.5,175.0,177.0,1251600
2021-09-28,135.30979919433594,174.0,176.0,173.5,175.5,1510700
2021-09-29,136.08743286132812,175.0,177.0,173.5,173.5,1667900
2021-09-30,135.30979919433594,174.0,176.0,173.5,175.5,1198400
2021-10-01,135.69863891601562,174.5,175.5,174.0,174.0,970300
2021-10-04,135.69863891601562,174.5,176.5,174.0,174.5,1053600
2021-10-05,137.25389099121094,176.5,177.0,174.0,174.0,873500
2021-10-06,136.86508178710938,176.0,177.5,175.5,176.5,820200
2021-10-07,138.8092041015625,178.5,178.5,176.5,177.5,1606400
2021-10-08,140.36447143554688,180.5,185.0,179.0,179.0,5976200
2021-10-11,139.19805908203125,179.0,182.5,178.5,182.0,1340300
2021-10-12,139.5868377685547,179.5,180.0,178.0,180.0,1254700
2021-10-14,139.97567749023438,180.0,180.5,179.0,179.5,776500
2021-10-15,138.8092041015625,178.5,180.5,177.5,180.5,1433200
2021-10-18,140.36447143554688,180.5,181.5,179.0,179.0,1520100
2021-10-19,138.42037963867188,178.0,181.0,177.5,181.0,1962000
2021-10-20,138.0315704345703,177.5,179.0,177.0,178.5,615000
2021-10-21,138.42037963867188,178.0,178.5,177.5,178.0,487900
2021-10-25,138.8092041015625,178.5,179.5,177.5,179.5,464900
2021-10-26,139.19805908203125,179.0,180.5,178.0,178.5,1645600
2021-10-27,138.0315704345703,177.5,179.0,177.5,178.5,1060400
2021-10-28,140.36447143554688,180.5,182.5,177.5,177.5,3213900
2021-10-29,138.8092041015625,178.5,181.0,178.0,181.0,1899600
2021-11-01,138.0315704345703,177.5,179.0,177.0,178.5,1396600
2021-11-02,137.64273071289062,177.0,178.5,176.0,178.0,1159000
2021-11-03,136.08743286132812,175.0,177.5,175.0,177.0,1613100
2021-11-04,136.86508178710938,176.0,177.0,175.0,175.5,996500
2021-11-05,137.25389099121094,176.5,176.5,175.0,176.0,634900
2021-11-08,136.08743286132812,175.0,177.0,173.5,176.0,1632600
2021-11-09,136.08743286132812,175.0,175.5,173.0,175.0,1581400
2021-11-10,136.86508178710938,176.0,177.5,174.0,174.5,1690200
2021-11-11,136.86508178710938,176.0,177.0,174.5,176.5,804900
2021-11-12,136.86508178710938,176.0,177.0,175.5,176.0,693700
2021-11-15,137.64273071289062,177.0,177.5,176.0,176.5,558000
2021-11-16,137.64273071289062,177.0,178.5,176.5,177.5,1185300
2021-11-17,136.4762725830078,175.5,177.5,175.5,177.5,1700800
2021-11-18,136.4762725830078,175.5,177.0,175.0,176.0,1595300
2021-11-19,136.86508178710938,176.0,177.5,175.5,176.0,1008100
2021-11-22,137.64273071289062,177.0,177.5,176.0,176.0,1047300
2021-11-23,137.25389099121094,176.5,177.5,176.0,176.5,650100
2021-11-24,137.64273071289062,177.0,177.5,176.5,177.0,1635500
2021-11-25,136.86508178710938,176.0,177.5,175.5,177.5,1528600
2021-11-26,134.14332580566406,172.5,176.5,172.5,176.0,2141900
2021-11-29,131.81040954589844,169.5,172.5,169.0,172.5,2745400
2021-11-30,129.0886688232422,166.0,171.0,166.0,170.0,4450600
2021-12-01,130.25514221191406,167.5,168.5,165.5,166.5,2238900
2021-12-02,131.03277587890625,168.5,168.5,166.5,168.0,1326600
2021-12-03,130.6439666748047,168.0,169.5,167.5,169.0,1250300
2021-12-07,133.7545166015625,172.0,172.5,168.5,169.0,1941600
2021-12-08,133.36570739746094,171.5,172.5,171.0,171.5,706700
2021-12-09,133.36570739746094,171.5,173.0,171.0,171.5,724500
2021-12-13,135.30979919433594,174.0,174.0,171.5,171.5,787600
2021-12-14,134.92100524902344,173.5,174.0,171.5,172.5,967400
2021-12-15,134.92100524902344,173.5,174.0,173.0,174.0,537900
2021-12-16,136.4762725830078,175.5,175.5,172.5,173.5,1203600
2021-12-17,136.4762725830078,175.5,175.5,174.0,174.0,1350600
2021-12-20,134.53216552734375,173.0,175.5,173.0,174.5,1083800
2021-12-21,135.69863891601562,174.5,176.0,173.5,173.5,929200
2021-12-22,135.30979919433594,174.0,175.5,173.5,175.0,390700
2021-12-23,136.08743286132812,175.0,175.5,174.0,175.0,526600
2021-12-24,135.30979919433594,174.0,175.0,174.0,175.0,502100
2021-12-27,135.30979919433594,174.0,174.5,173.5,174.0,378700
2021-12-28,136.08743286132812,175.0,175.0,173.5,174.5,494900
2021-12-29,136.86508178710938,176.0,176.0,174.5,175.0,921600
2021-12-30,136.4762725830078,175.5,176.0,175.0,176.0,723500
2022-01-04,137.25389099121094,176.5,176.5,175.0,176.5,791800
2022-01-05,137.25389099121094,176.5,176.5,175.0,176.0,565800
2022-01-06,134.53216552734375,173.0,176.5,173.0,176.5,1269800
2022-01-07,134.14332580566406,172.5,174.0,172.5,173.5,1365100
2022-01-10,134.14332580566406,172.5,173.5,172.0,173.0,766300
2022-01-11,134.14332580566406,172.5,173.5,172.0,172.0,772400
2022-01-12,135.30979919433594,174.0,174.5,172.5,173.5,966200
2022-01-13,134.53216552734375,173.0,174.5,173.0,174.0,764700
2022-01-14,134.53216552734375,173.0,174.5,172.5,174.0,618500
2022-01-17,134.92100524902344,173.5,174.0,172.0,173.0,737000
2022-01-18,134.14332580566406,172.5,175.5,172.0,173.5,1355600
2022-01-19,134.53216552734375,173.0,174.0,172.5,172.5,640200
2022-01-20,134.14332580566406,172.5,173.5,172.0,173.0,660300
2022-01-21,132.97686767578125,171.0,172.5,170.5,172.5,1563900
2022-01-24,132.19924926757812,170.0,172.5,169.5,171.0,1559800
2022-01-25,133.7545166015625,172.0,172.5,169.5,170.0,1211200
2022-01-26,132.97686767578125,171.0,173.0,170.5,173.0,1228800
2022-01-27,133.36570739746094,171.5,171.5,169.0,170.5,1161600
2022-01-28,132.97686767578125,171.0,171.5,170.0,171.0,564200
2022-01-31,132.19924926757812,170.0,172.0,170.0,172.0,950000
2022-02-01,133.36570739746094,171.5,172.0,171.0,171.0,368300
2022-02-02,134.14332580566406,172.5,173.0,170.5,171.0,713300
2022-02-03,134.53216552734375,173.0,173.5,172.0,172.0,519800
2022-02-04,135.30979919433594,174.0,174.5,172.0,173.0,1191300
2022-02-07,135.30979919433594,174.0,174.5,172.5,173.5,671300
2022-02-08,135.69863891601562,174.5,174.5,173.0,174.0,1052900
2022-02-09,136.86508178710938,176.0,176.5,174.5,175.0,2471700
2022-02-10,136.86508178710938,176.0,178.0,175.5,176.0,2100300
2022-02-11,137.25389099121094,176.5,178.0,176.0,176.0,1505100
2022-02-14,135.69863891601562,174.5,176.0,174.0,175.5,923100
2022-02-15,137.25389099121094,176.5,176.5,174.5,175.0,866200
2022-02-17,138.0315704345703,177.5,179.0,176.5,176.5,1978000
2022-02-18,141.1421356201172,181.5,182.5,179.0,179.0,4583300
2022-02-21,141.91978454589844,182.5,184.0,181.0,183.0,3156700
2022-02-22,141.5309295654297,182.0,182.0,178.0,182.0,2584200
2022-02-23,141.5309295654297,182.0,182.5,180.0,182.0,1394800
2022-02-24,137.25389099121094,176.5,180.5,176.5,180.0,2564900
2022-02-25,139.19805908203125,179.0,179.5,177.5,178.0,917100
2022-02-28,139.5868377685547,179.5,180.5,177.5,179.0,1618600
2022-03-01,138.0315704345703,177.5,180.5,177.5,180.0,1530800
2022-03-02,140.36447143554688,180.5,180.5,177.5,177.5,2092600
2022-03-03,137.64273071289062,177.0,182.0,176.5,182.0,2779900
2022-03-04,136.86508178710938,176.0,178.0,176.0,177.5,1768200
2022-03-07,132.5880584716797,170.5,175.0,169.0,174.5,3622700
2022-03-08,131.03277587890625,168.5,171.0,165.5,169.5,3384700
2022-03-09,132.97686767578125,171.0,171.0,168.5,168.5,1439900
2022-03-10,133.7545166015625,172.0,173.0,171.0,172.5,1065200
2022-03-11,134.14332580566406,172.5,172.5,170.0,172.0,1083200
2022-03-14,134.73776245117188,170.0,170.0,168.5,169.0,1126000
2022-03-15,133.1526336669922,168.0,170.5,167.5,170.0,1644700
2022-03-16,134.3414764404297,169.5,170.0,168.0,169.0,753700
2022-03-17,136.7191925048828,172.5,172.5,170.5,171.0,1290700
2022-03-18,137.5117645263672,173.5,173.5,170.5,172.5,1971600
2022-03-21,135.53036499023438,171.0,174.0,170.5,174.0,728300
2022-03-22,136.7191925048828,172.5,173.0,170.5,172.0,1534200
2022-03-23,135.13406372070312,170.5,173.0,170.0,173.0,764700
2022-03-24,135.13406372070312,170.5,171.0,169.5,170.0,619000
2022-03-25,135.53036499023438,171.0,172.5,169.5,170.5,1518500
2022-03-28,136.3229217529297,172.0,172.5,170.0,171.0,1229300
2022-03-29,135.13406372070312,170.5,172.0,170.5,172.0,537000
2022-03-30,135.53036499023438,171.0,172.0,170.5,171.0,802400
2022-03-31,134.73776245117188,170.0,172.0,170.0,171.5,1101700
2022-04-01,134.73776245117188,170.0,171.0,169.5,170.0,1647200
2022-04-04,134.73776245117188,170.0,171.0,169.5,170.5,820100
2022-04-05,134.3414764404297,169.5,170.0,169.0,170.0,631400
2022-04-07,133.1526336669922,168.0,170.0,168.0,170.0,854800
2022-04-08,134.73776245117188,170.0,170.5,168.5,168.5,815300
2022-04-11,133.5489044189453,168.5,170.0,168.5,170.0,391200
2022-04-12,133.94520568847656,169.0,170.0,169.0,169.0,298000
2022-04-18,133.1526336669922,168.0,169.5,168.0,169.5,706400
2022-04-19,133.1526336669922,168.0,169.5,168.0,168.5,846100
2022-04-20,133.5489044189453,168.5,170.5,168.5,169.0,509300
2022-04-21,134.73776245117188,170.0,171.0,168.5,168.5,680400
2022-04-22,134.73776245117188,170.0,171.0,169.5,170.0,376100
2022-04-25,133.94520568847656,169.0,170.0,168.5,168.5,633200
2022-04-26,132.3600616455078,167.0,170.0,167.0,169.0,1323200
2022-04-27,131.9637451171875,166.5,168.0,166.5,167.5,903100
2022-04-28,132.3600616455078,167.0,167.5,166.0,166.0,497800
2022-04-29,131.9637451171875,166.5,168.0,166.5,167.0,655900
2022-05-03,131.9637451171875,166.5,167.5,166.0,166.5,428600
2022-05-05,131.56747436523438,166.0,168.0,166.0,167.0,755800
2022-05-06,129.9822998046875,164.0,166.0,163.5,166.0,1642900
2022-05-09,127.6045913696289,161.0,164.0,161.0,164.0,1623000
2022-05-10,128.79345703125,162.5,163.0,160.0,160.5,1507300
2022-05-11,127.6045913696289,161.0,164.5,160.5,164.5,1247400
2022-05-12,135.9266357421875,171.5,172.0,166.5,167.0,8491000
2022-05-13,135.9266357421875,171.5,173.0,170.5,173.0,1882000
2022-05-17,138.7006378173828,175.0,175.0,171.0,172.0,2301900
2022-05-18,140.6820831298828,177.5,177.5,172.5,173.0,2540100
2022-05-19,139.096923828125,175.5,176.5,172.5,172.5,2049100
2022-05-20,139.88951110839844,176.5,178.0,176.0,177.0,1464300
2022-05-23,140.28579711914062,177.0,177.0,174.5,176.0,1714300
2022-05-24,139.49322509765625,176.0,177.5,175.5,176.5,811900
2022-05-25,141.07838439941406,178.0,178.5,176.5,177.0,1565900
2022-05-26,141.87095642089844,179.0,180.5,177.5,178.5,2658600
2022-05-27,141.87095642089844,179.0,179.5,178.0,179.0,841300
2022-05-30,141.87095642089844,179.0,180.5,178.5,180.5,757200
2022-05-31,142.66351318359375,180.0,180.0,177.0,179.0,1642600
2022-06-01,142.2672576904297,179.5,180.0,178.0,178.5,1357500
2022-06-02,143.05979919433594,180.5,180.5,179.0,179.5,1468900
2022-06-06,142.2672576904297,179.5,181.0,178.0,181.0,804800
2022-06-07,141.07838439941406,178.0,179.5,177.5,179.5,870600
2022-06-08,141.47467041015625,178.5,179.0,178.0,179.0,673800
2022-06-09,141.47467041015625,178.5,178.5,177.5,178.5,542000
2022-06-10,140.28579711914062,177.0,178.5,177.0,178.0,578500
2022-06-13,137.90806579589844,174.0,176.0,173.5,175.5,1156500
2022-06-14,137.5117645263672,173.5,175.0,173.0,173.5,1106400
2022-06-15,137.90806579589844,174.0,175.0,173.0,174.0,1112600
2022-06-16,135.9266357421875,171.5,176.0,171.5,175.0,1322400
2022-06-17,137.11550903320312,173.0,174.0,172.0,172.0,2098700
2022-06-20,136.7191925048828,172.5,174.0,172.0,174.0,659500
2022-06-21,136.7191925048828,172.5,173.5,171.5,172.5,538200
2022-06-22,139.096923828125,175.5,175.5,173.0,173.5,1952500
2022-06-23,138.30435180664062,174.5,176.0,174.0,176.0,1050500
2022-06-24,138.7006378173828,175.0,176.0,173.5,175.0,994800
2022-06-27,139.49322509765625,176.0,177.0,175.0,176.5,763800
2022-06-28,141.07838439941406,178.0,178.0,175.5,176.0,821800
2022-06-29,139.49322509765625,176.0,178.0,176.0,178.0,825600
2022-06-30,139.88951110839844,176.5,178.0,175.5,175.5,960900
2022-07-01,139.88951110839844,176.5,177.0,175.5,176.0,437300
2022-07-04,139.49322509765625,176.0,177.5,175.5,176.5,502800
2022-07-05,137.90806579589844,174.0,176.5,173.0,176.0,1060200
2022-07-06,139.88951110839844,176.5,177.0,174.5,174.5,1737500
2022-07-07,139.88951110839844,176.5,177.5,175.0,177.5,1021500
2022-07-08,141.47467041015625,178.5,179.5,175.5,177.0,1625300
2022-07-11,142.2672576904297,179.5,179.5,177.5,178.5,796600
2022-07-12,145.43751525878906,183.5,183.5,178.0,179.0,4608300
2022-07-14,145.04124450683594,183.0,184.0,182.0,183.0,2389200
2022-07-15,147.41897583007812,186.0,186.0,182.0,183.0,3625100
2022-07-18,147.8152618408203,186.5,187.0,185.0,186.0,2228800
2022-07-19,147.022705078125,185.5,187.0,184.0,186.5,1755300
2022-07-20,149.00411987304688,188.0,188.0,185.5,186.0,2204900
2022-07-21,146.6264190673828,185.0,187.5,184.5,187.5,1609800
2022-07-22,146.6264190673828,185.0,186.5,184.5,185.5,688200
2022-07-25,147.022705078125,185.5,186.5,185.0,185.0,720400
2022-07-26,145.8337860107422,184.0,185.5,183.0,185.0,1141000
2022-07-27,146.6264190673828,185.0,185.5,183.0,183.5,1110600
2022-08-01,147.8152618408203,186.5,188.0,185.5,188.0,1523700
2022-08-02,148.21156311035156,187.0,187.0,184.0,185.5,1438300
2022-08-03,147.8152618408203,186.5,187.0,185.0,186.5,667600
2022-08-04,147.41897583007812,186.0,187.0,184.5,187.0,1101600
2022-08-05,146.2301025390625,184.5,186.5,183.0,186.5,1333400
2022-08-08,147.8152618408203,186.5,186.5,184.0,185.0,1291800
2022-08-09,149.00411987304688,188.0,188.0,186.0,186.0,1137100
2022-08-10,149.79669189453125,189.0,189.0,186.5,187.5,1530100
2022-08-11,149.79669189453125,189.0,190.0,187.5,189.5,979400
2022-08-15,146.2301025390625,184.5,185.0,181.0,183.0,4120100
2022-08-16,145.43751525878906,183.5,184.5,182.0,184.0,1850600
2022-08-17,145.43751525878906,183.5,184.5,182.5,183.5,1574000
2022-08-18,145.8337860107422,184.0,185.0,183.0,183.0,917400
2022-08-19,146.2301025390625,184.5,184.5,182.5,184.5,1333400
2022-08-22,144.2486572265625,182.0,183.5,182.0,183.5,948800
2022-08-23,144.6449432373047,182.5,183.0,181.0,182.0,1842600
2022-08-24,143.05979919433594,180.5,183.0,180.0,183.0,1900100
2022-08-25,143.05979919433594,180.5,181.5,180.5,181.5,1001700
2022-08-26,143.45606994628906,181.0,181.5,180.0,180.5,1362400
2022-08-29,143.45606994628906,181.0,181.5,179.5,180.0,1205800
2022-08-30,145.43751525878906,183.5,183.5,180.5,181.0,1849900
2022-08-31,145.04124450683594,183.0,183.5,181.5,183.0,1416500
2022-09-01,143.45606994628906,181.0,183.0,181.0,182.5,1555000
2022-09-02,144.6449432373047,182.5,183.0,181.5,181.5,956700
2022-09-05,143.85240173339844,181.5,183.0,181.5,183.0,811100
2022-09-06,145.04124450683594,183.0,183.0,181.5,182.0,1113000
2022-09-07,143.45606994628906,181.0,183.0,180.5,183.0,1666000
2022-09-08,144.2486572265625,182.0,183.0,181.0,181.5,1542400
2022-09-09,144.45042419433594,179.0,179.5,178.5,179.0,1068500
2022-09-12,144.45042419433594,179.0,179.5,177.5,178.5,1168700
2022-09-13,145.25741577148438,180.0,181.0,179.5,179.5,1142700
2022-09-14,142.83645629882812,177.0,179.5,177.0,179.0,1769900
2022-09-15,141.22247314453125,175.0,178.0,175.0,177.0,1543600
2022-09-16,138.801513671875,172.0,175.5,172.0,175.0,2416000
2022-09-19,139.60850524902344,173.0,173.5,172.0,172.0,997500
2022-09-20,139.20498657226562,172.5,174.5,172.5,173.5,1152600
2022-09-21,137.59104919433594,170.5,172.5,170.5,172.5,899300
2022-09-22,139.60850524902344,173.0,174.0,170.0,170.0,1594100
2022-09-23,139.20498657226562,172.5,173.5,172.0,172.5,555400
2022-09-26,137.18753051757812,170.0,173.0,170.0,173.0,1237900
2022-09-27,136.78404235839844,169.5,171.0,169.0,171.0,1289000
2022-09-28,135.97706604003906,168.5,169.5,168.0,169.0,1374000
2022-09-29,132.74913024902344,164.5,169.0,164.5,168.5,2171400
2022-09-30,133.1526336669922,165.0,166.0,164.0,164.5,1128300
2022-10-03,131.53863525390625,163.0,165.5,162.0,164.5,1551000
2022-10-04,129.9246826171875,161.0,165.0,161.0,163.0,2101500
2022-10-05,133.1526336669922,165.0,165.5,161.5,162.0,2133300
2022-10-06,131.53863525390625,163.0,164.5,163.0,164.5,2218800
2022-10-07,130.73165893554688,162.0,163.5,162.0,163.0,1688300
2022-10-10,131.13514709472656,162.5,163.5,161.5,162.0,1163600
2022-10-11,130.73165893554688,162.0,163.5,160.5,162.0,1981700
2022-10-12,131.13514709472656,162.5,164.0,162.0,163.0,917100
2022-10-17,130.3281707763672,161.5,163.0,159.5,162.5,1778600
2022-10-18,131.942138671875,163.5,164.0,161.5,161.5,1119300
2022-10-19,131.942138671875,163.5,165.5,163.0,163.5,1052000
2022-10-20,131.53863525390625,163.0,164.0,162.5,162.5,1262600
2022-10-21,131.53863525390625,163.0,164.0,162.5,163.0,1101700
2022-10-25,133.1526336669922,165.0,165.5,163.5,163.5,1023400
2022-10-26,136.78404235839844,169.5,170.0,166.0,166.0,1712500
2022-10-27,138.39801025390625,171.5,172.0,170.0,170.0,1228600
2022-10-28,136.3805694580078,169.0,171.0,168.5,171.0,1025100
2022-10-31,137.59104919433594,170.5,171.5,169.5,170.5,1202900
2022-11-01,139.20498657226562,172.5,172.5,170.5,170.5,560500
2022-11-02,139.20498657226562,172.5,172.5,171.0,172.5,624400
2022-11-03,137.59104919433594,170.5,171.5,169.5,171.5,850800
2022-11-04,137.18753051757812,170.0,171.5,170.0,171.0,823200
2022-11-07,137.59104919433594,170.5,172.0,170.0,170.0,1009600
2022-11-08,139.20498657226562,172.5,172.5,170.0,170.0,1069800
2022-11-09,138.39801025390625,171.5,173.0,171.0,173.0,941000
2022-11-10,138.801513671875,172.0,172.0,170.0,170.0,484400
2022-11-11,140.011962890625,173.5,174.0,172.5,174.0,1051600
2022-11-14,139.60850524902344,173.0,173.5,170.5,171.0,891900
2022-11-15,140.8189697265625,174.5,175.0,172.5,173.0,1332800
2022-11-16,137.59104919433594,170.5,174.5,170.5,174.5,1220100
2022-11-17,136.78404235839844,169.5,170.5,169.0,170.5,786900
2022-11-18,135.57359313964844,168.0,169.0,167.5,168.5,1040800
2022-11-21,136.3805694580078,169.0,170.5,167.5,167.5,538600
2022-11-22,137.9945526123047,171.0,172.0,169.5,169.5,959400
2022-11-23,137.59104919433594,170.5,172.5,170.0,172.0,1056400
2022-11-24,138.801513671875,172.0,172.5,171.0,171.5,458200
2022-11-25,137.18753051757812,170.0,172.5,170.0,172.0,848900
2022-11-28,137.9945526123047,171.0,173.0,170.5,170.5,1209700
2022-11-29,138.801513671875,172.0,172.5,170.0,172.0,640000
2022-11-30,138.39801025390625,171.5,172.5,170.0,171.5,1133000
2022-12-01,137.9945526123047,171.0,173.0,170.5,172.5,742000
2022-12-02,137.18753051757812,170.0,173.0,169.5,171.0,723200
2022-12-06,136.3805694580078,169.0,170.5,168.5,170.0,1293100
2022-12-07,136.78404235839844,169.5,169.5,168.5,169.0,386500
2022-12-08,135.17007446289062,167.5,169.5,167.0,169.0,921300
2022-12-09,137.18753051757812,170.0,171.0,168.0,168.5,569500
2022-12-13,136.3805694580078,169.0,171.0,168.5,171.0,645600
2022-12-14,137.59104919433594,170.5,171.5,169.5,169.5,741100
2022-12-15,136.78404235839844,169.5,171.0,169.5,170.5,1235700
2022-12-16,137.18753051757812,170.0,170.5,169.0,169.5,1182600
2022-12-19,136.78404235839844,169.5,170.0,168.5,170.0,573400
2022-12-20,136.3805694580078,169.0,169.5,168.5,169.5,362400
2022-12-21,136.3805694580078,169.0,169.5,168.5,169.5,245300
2022-12-22,135.97706604003906,168.5,170.0,167.5,169.0,653500
2022-12-23,135.57359313964844,168.0,169.5,168.0,168.5,517600
2022-12-26,136.3805694580078,169.0,169.5,168.5,169.0,349900
2022-12-27,137.18753051757812,170.0,170.5,169.0,170.0,597000
2022-12-28,138.801513671875,172.0,172.5,169.5,170.5,1311900
2022-12-29,140.011962890625,173.5,174.5,172.0,172.5,1070200
2022-12-30,139.20498657226562,172.5,174.0,172.5,173.5,826200
2023-01-03,138.39801025390625,171.5,173.5,171.5,173.0,855700
2023-01-04,141.22247314453125,175.0,175.0,171.5,172.0,1502000
2023-01-05,143.64344787597656,178.0,178.5,176.0,176.0,3007300
2023-01-06,142.0294647216797,176.0,178.5,176.0,178.5,1082700
2023-01-09,143.2399444580078,177.5,178.0,176.0,177.0,1385800
2023-01-10,142.83645629882812,177.0,177.5,176.0,177.5,710500
2023-01-11,142.0294647216797,176.0,177.0,176.0,176.5,613900
2023-01-12,140.8189697265625,174.5,176.5,174.5,176.5,816500
2023-01-13,140.8189697265625,174.5,175.5,172.0,175.0,1388200
2023-01-16,141.22247314453125,175.0,175.5,174.5,175.5,488200
2023-01-17,141.22247314453125,175.0,176.0,174.5,175.0,381900
2023-01-18,140.8189697265625,174.5,176.0,174.5,175.5,606600
2023-01-19,141.62594604492188,175.5,176.0,174.0,174.0,588400
2023-01-20,142.0294647216797,176.0,176.0,174.5,176.0,721100
2023-01-23,141.22247314453125,175.0,176.5,174.0,175.5,1298500
2023-01-24,141.22247314453125,175.0,176.5,174.5,175.0,705900
2023-01-25,142.4329376220703,176.5,176.5,175.0,175.5,613300
2023-01-26,141.62594604492188,175.5,176.5,174.0,176.5,1129300
2023-01-27,142.0294647216797,176.0,176.5,175.0,175.5,361900
2023-01-30,141.22247314453125,175.0,176.5,175.0,176.5,530300
2023-01-31,140.41551208496094,174.0,175.0,173.0,175.0,1114900
2023-02-01,141.62594604492188,175.5,175.5,173.5,174.0,870800
2023-02-02,140.8189697265625,174.5,175.5,173.5,175.5,649300
2023-02-03,140.011962890625,173.5,175.0,173.0,174.0,625600
2023-02-06,139.20498657226562,172.5,174.0,171.5,173.5,902300
2023-02-07,138.801513671875,172.0,173.0,171.0,172.0,944400
2023-02-08,138.39801025390625,171.5,173.0,171.0,172.0,642500
2023-02-09,137.9945526123047,171.0,171.5,169.5,171.0,825400
2023-02-10,137.9945526123047,171.0,171.5,169.5,170.0,499300
2023-02-13,138.39801025390625,171.5,172.0,170.0,170.0,470700
2023-02-14,137.59104919433594,170.5,171.0,169.5,171.0,626800
2023-02-15,138.801513671875,172.0,172.5,169.5,170.0,784300
2023-02-16,138.801513671875,172.0,173.5,170.5,173.5,384300
2023-02-17,137.9945526123047,171.0,172.0,170.5,171.5,459200
2023-02-20,137.59104919433594,170.5,171.5,170.5,171.0,392300
2023-02-21,138.801513671875,172.0,172.0,169.5,170.5,583500
2023-02-22,137.9945526123047,171.0,172.5,170.5,172.0,355500
2023-02-23,137.18753051757812,170.0,171.5,170.0,171.0,596800
2023-02-24,136.3805694580078,169.0,170.0,168.0,170.0,1057700
2023-02-27,135.17007446289062,167.5,168.5,167.5,168.0,864900
2023-02-28,137.9945526123047,171.0,171.0,167.0,167.5,1053800
2023-03-01,129.9246826171875,161.0,166.5,160.0,166.5,3385600
2023-03-02,130.73165893554688,162.0,163.0,161.0,161.5,1127500
2023-03-03,129.9246826171875,161.0,162.5,161.0,162.0,670200
2023-03-07,131.942138671875,163.5,163.5,161.5,161.5,1045800
2023-03-08,130.73165893554688,162.0,162.5,161.0,162.0,793300
2023-03-09,130.73165893554688,162.0,162.5,161.5,162.5,504000
2023-03-10,129.52117919921875,160.5,162.0,160.5,161.5,1358900
2023-03-13,128.3107147216797,159.0,161.5,159.0,161.5,1293700
2023-03-14,124.39754486083984,151.0,156.0,151.0,155.0,2705800
2023-03-15,125.22136688232422,152.0,153.5,151.5,152.0,1377800
2023-03-16,125.22136688232422,152.0,153.0,150.5,152.0,904200
2023-03-17,125.63330078125,152.5,153.5,151.5,152.5,1087800
2023-03-20,125.22136688232422,152.0,153.0,150.5,152.0,941600
2023-03-21,126.8690185546875,154.0,154.0,151.5,152.0,747200
2023-03-22,126.8690185546875,154.0,155.0,154.0,154.5,517300
2023-03-23,129.3404998779297,157.0,158.0,154.0,154.5,908700
2023-03-24,129.3404998779297,157.0,157.5,155.5,156.0,707500
2023-03-27,128.5166778564453,156.0,158.0,156.0,157.0,558000
2023-03-28,129.75241088867188,157.5,157.5,157.0,157.0,369700
2023-03-29,129.3404998779297,157.0,158.5,156.5,157.5,448900
2023-03-30,128.10475158691406,155.5,157.0,155.0,156.5,667300
2023-03-31,128.10475158691406,155.5,157.5,155.5,155.5,493500
2023-04-03,128.5166778564453,156.0,158.0,155.5,156.0,631400
2023-04-04,128.10475158691406,155.5,157.0,154.5,157.0,459400
2023-04-05,128.10475158691406,155.5,158.0,155.0,156.0,666200
2023-04-07,128.10475158691406,155.5,156.5,155.5,156.0,197400
2023-04-10,129.3404998779297,157.0,157.5,155.5,155.5,521600
2023-04-11,130.98814392089844,159.0,159.0,157.5,157.5,559600
2023-04-12,133.04771423339844,161.5,162.0,159.0,159.5,716900
2023-04-17,133.87152099609375,162.5,163.0,161.5,162.5,874700
2023-04-18,134.283447265625,163.0,163.0,161.0,163.0,726300
2023-04-19,133.45960998535156,162.0,162.5,160.5,161.5,757300
2023-04-20,130.16429138183594,158.0,161.5,158.0,161.5,586700
2023-04-21,130.16429138183594,158.0,159.5,157.5,157.5,645400
2023-04-24,130.57623291015625,158.5,159.5,157.5,157.5,311100
2023-04-25,128.5166778564453,156.0,159.0,156.0,158.0,309600
2023-04-26,128.10475158691406,155.5,157.5,155.0,155.5,415000
2023-04-27,129.75241088867188,157.5,157.5,156.0,156.0,238900
2023-04-28,128.92857360839844,156.5,157.5,156.0,157.5,315900
2023-05-02,126.45709991455078,153.5,156.0,152.0,156.0,669100
2023-05-03,126.04518127441406,153.0,153.0,149.0,153.0,1162700
2023-05-08,129.75241088867188,157.5,157.0,152.0,153.0,712400
2023-05-09,128.5166778564453,156.0,157.0,154.5,157.0,544500
2023-05-10,127.28093719482422,154.5,155.5,154.0,155.0,303400
2023-05-11,126.04518127441406,153.0,154.5,152.5,153.5,625300
2023-05-12,125.22136688232422,152.0,154.0,151.0,153.0,1065400
2023-05-15,120.27841186523438,146.0,153.0,146.0,152.5,1821300
2023-05-16,121.92607116699219,148.0,149.0,147.0,147.0,885400
2023-05-17,120.27841186523438,146.0,148.0,145.0,148.0,783800
2023-05-18,118.63078308105469,144.0,146.0,144.0,146.0,1119000
2023-05-19,116.57120513916016,141.5,144.0,140.5,143.5,1171800
2023-05-22,119.04267883300781,144.5,145.0,139.5,140.5,941000
2023-05-23,119.4545669555664,145.0,145.5,143.0,143.5,420500
2023-05-24,119.04267883300781,144.5,146.0,143.5,144.0,469300
2023-05-25,117.39502716064453,142.5,144.0,141.5,143.5,596700
2023-05-26,117.80693054199219,143.0,143.5,142.0,143.0,377000
2023-05-29,116.9831314086914,142.0,143.5,141.0,142.5,800900
2023-05-30,116.57120513916016,141.5,143.0,141.0,142.0,370300
2023-05-31,119.04267883300781,144.5,142.0,140.0,141.0,763200
2023-06-01,114.92355346679688,139.5,143.5,139.5,143.5,1146800
2023-06-02,116.57120513916016,141.5,142.0,139.0,139.5,611200
2023-06-06,115.33547973632812,140.0,143.0,139.0,143.0,567100
2023-06-07,116.15928649902344,141.0,141.0,139.0,139.0,461300
2023-06-08,119.04267883300781,144.5,144.5,141.0,141.0,850400
2023-06-09,118.21884155273438,143.5,144.5,143.0,144.5,223100
2023-06-12,117.80693054199219,143.0,144.5,143.0,143.0,204400
2023-06-13,117.80693054199219,143.0,144.5,142.5,143.0,626500
2023-06-14,118.21884155273438,143.5,144.0,143.0,143.5,195800
2023-06-15,117.39502716064453,142.5,144.0,142.0,144.0,412100
2023-06-16,116.57120513916016,141.5,143.0,141.5,142.0,379500
2023-06-19,115.74738311767578,140.5,141.5,140.0,141.0,511100
2023-06-20,115.74738311767578,140.5,143.0,140.5,143.0,858100
2023-06-21,114.09972381591797,138.5,141.0,138.5,141.0,964600
2023-06-22,111.62825012207031,135.5,138.5,135.5,138.5,1975400
2023-06-23,111.62825012207031,135.5,136.5,135.0,136.0,423900
2023-06-26,107.9210433959961,131.0,136.0,131.0,135.5,1451700
2023-06-27,107.50912475585938,130.5,132.5,130.0,131.0,1003000
2023-06-28,107.9210433959961,131.0,133.0,130.5,131.0,636600
2023-06-29,107.09722137451172,130.0,131.5,129.0,131.5,2142300
2023-06-30,107.50912475585938,130.5,132.5,129.5,130.0,1223600
2023-07-03,107.9210433959961,131.0,132.5,130.0,131.0,619400
2023-07-04,107.50912475585938,130.5,131.5,129.5,131.5,1815600
2023-07-05,107.09722137451172,130.0,131.0,129.5,130.5,625200
2023-07-06,105.03765106201172,127.5,130.5,127.0,130.0,1727900
2023-07-07,105.4495620727539,128.0,129.5,126.5,127.5,939400
2023-07-10,107.09722137451172,130.0,130.0,128.0,129.0,795900
2023-07-11,105.86148834228516,128.5,130.0,128.0,129.0,709800
2023-07-12,107.9210433959961,131.0,132.5,128.5,129.5,1734100
2023-07-13,108.74486541748047,132.0,132.0,130.0,131.5,964100
2023-07-14,109.98060607910156,133.5,134.0,131.0,132.5,1416900
2023-07-17,112.8639907836914,137.0,137.0,133.5,134.0,1507700
2023-07-18,112.45207977294922,136.5,137.5,135.5,137.5,874800
2023-07-19,114.09972381591797,138.5,140.0,136.0,136.5,1160800
2023-07-20,112.8639907836914,137.0,139.5,136.5,139.0,717300
2023-07-21,113.27590942382812,137.5,139.0,136.5,138.0,577800
2023-07-24,113.27590942382812,137.5,139.0,136.5,137.0,603000
2023-07-25,105.4495620727539,128.0,135.5,127.0,135.5,5955800
2023-07-26,106.27339172363281,129.0,129.5,126.5,128.5,2322300
2023-07-27,107.9210433959961,131.0,131.0,128.0,129.5,1458000
2023-07-31,109.98060607910156,133.5,134.0,131.0,132.0,837400
2023-08-02,109.5687026977539,133.0,134.0,131.5,132.5,908900
2023-08-03,107.50912475585938,130.5,133.0,130.5,132.0,3041800
2023-08-04,107.50912475585938,130.5,132.0,130.5,131.0,384300
2023-08-07,108.33296203613281,131.5,133.0,130.0,130.5,842400
2023-08-08,107.09722137451172,130.0,132.5,130.0,131.5,517000
2023-08-09,108.33296203613281,131.5,132.0,129.5,130.5,740100
2023-08-10,109.15677642822266,132.5,133.0,129.5,131.0,1127600
2023-08-11,112.04016876220703,136.0,138.0,133.0,133.0,2713500
2023-08-15,107.50912475585938,130.5,135.5,129.5,135.5,2700200
2023-08-16,108.74486541748047,132.0,132.0,130.5,131.5,1047500
2023-08-17,109.15677642822266,132.5,133.0,130.5,131.5,629900
2023-08-18,109.15677642822266,132.5,133.0,131.0,132.0,979100
2023-08-21,110.39251708984375,134.0,134.0,131.5,132.0,582500
2023-08-22,110.39251708984375,134.0,135.0,133.0,134.5,911300
2023-08-23,110.39251708984375,134.0,135.5,133.5,134.0,885900
2023-08-24,110.80443572998047,134.5,136.0,134.0,134.0,781300
2023-08-25,112.8639907836914,137.0,137.0,134.0,134.0,1426900
2023-08-28,112.8639907836914,137.0,138.0,136.0,136.5,981200
2023-08-29,112.45207977294922,136.5,137.5,136.0,137.0,686700
2023-08-30,112.45207977294922,136.5,137.0,135.5,136.5,599700
2023-08-31,109.98060607910156,133.5,136.5,133.5,136.0,1591000
2023-09-01,110.80443572998047,134.5,135.0,133.5,133.5,1387700
2023-09-04,109.5687026977539,133.0,135.5,133.0,135.0,1038000
2023-09-05,108.74486541748047,132.0,134.0,132.0,133.5,836700
2023-09-06,108.74486541748047,132.0,132.5,131.0,132.0,910500
2023-09-07,108.74486541748047,132.0,133.5,131.5,132.5,1086700
2023-09-08,108.33296203613281,131.5,132.5,131.0,132.0,1080800
2023-09-11,107.50912475585938,130.5,132.0,130.0,132.0,2342500
2023-09-12,108.74486541748047,132.0,132.5,131.0,131.0,767500
2023-09-13,109.5687026977539,133.0,133.5,132.0,132.5,1108200
2023-09-14,110.20204162597656,130.5,130.5,129.5,130.0,658200
2023-09-15,110.20204162597656,130.5,132.0,129.5,130.5,922200
2023-09-18,108.09088897705078,128.0,131.0,128.0,131.0,1233500
2023-09-19,106.82420349121094,126.5,128.5,126.5,128.0,1435900
2023-09-20,105.97974395751953,125.5,127.0,124.5,126.5,1175700
2023-09-21,105.97974395751953,125.5,126.5,125.0,125.0,618100
2023-09-22,105.97974395751953,125.5,126.0,124.0,126.0,853200
2023-09-25,104.29081726074219,123.5,126.0,123.5,126.0,925600
2023-09-26,102.6019058227539,121.5,125.0,121.5,123.5,1116700
2023-09-27,102.6019058227539,121.5,123.0,121.5,123.0,490100
2023-09-28,101.33522033691406,120.0,122.0,120.5,122.0,916000
2023-09-29,102.1796646118164,121.0,123.0,121.0,122.0,1178600
2023-10-02,99.64629364013672,118.0,121.0,117.0,120.5,1765100
2023-10-03,97.9573745727539,116.0,118.0,115.0,117.5,1488600
2023-10-04,98.37959289550781,116.5,117.0,115.0,115.0,704200
2023-10-05,98.37959289550781,116.5,118.0,114.5,117.5,1624900
2023-10-06,99.22406005859375,117.5,118.0,116.5,117.0,701400
2023-10-09,101.7574462890625,120.5,120.5,117.0,118.0,950800
2023-10-10,102.6019058227539,121.5,121.5,120.0,120.5,567100
2023-10-11,103.86859893798828,123.0,123.5,121.0,121.5,1417200
2023-10-12,103.02412414550781,122.0,123.0,121.5,123.0,781100
2023-10-16,103.02412414550781,122.0,122.5,119.5,121.5,2487000
2023-10-17,101.33522033691406,120.0,124.0,120.5,124.0,552100
2023-10-18,101.7574462890625,120.5,122.0,119.5,120.0,953900
2023-10-19,100.06851959228516,118.5,121.0,118.5,120.0,950800
2023-10-20,98.37959289550781,116.5,119.0,116.0,118.0,627100
2023-10-24,97.9573745727539,116.0,117.0,115.0,116.5,1284200
2023-10-25,102.1796646118164,121.0,122.0,117.0,117.0,1763400
2023-10-26,99.64629364013672,118.0,120.5,118.0,119.0,987800
2023-10-27,102.1796646118164,121.0,122.0,119.0,120.0,831100
2023-10-30,102.1796646118164,121.0,121.5,119.0,120.5,545100
2023-10-31,103.02412414550781,122.0,122.5,120.0,122.0,714100
2023-11-01,103.86859893798828,123.0,123.5,121.0,122.5,910900
2023-11-02,106.40196990966797,126.0,127.0,123.5,124.5,1700800
2023-11-03,109.77981567382812,130.0,131.0,126.5,128.0,1624100
2023-11-06,108.51312255859375,128.5,132.0,128.5,132.0,1117300
2023-11-07,106.82420349121094,126.5,129.5,126.0,128.5,1039700
2023-11-08,109.35758209228516,129.5,130.0,126.0,126.5,1123700
2023-11-09,108.93534851074219,129.0,130.0,127.5,129.0,1067800
2023-11-10,106.82420349121094,126.5,129.0,126.5,128.5,1064200
2023-11-13,108.51312255859375,128.5,129.0,126.0,126.5,817800
2023-11-14,107.24642944335938,127.0,129.0,126.5,129.0,705800
2023-11-15,109.35758209228516,129.5,130.0,125.0,127.5,2074100
2023-11-16,108.93534851074219,129.0,130.0,127.0,128.5,1640600
2023-11-17,107.66865539550781,127.5,129.5,127.0,128.5,1510300
2023-11-20,106.82420349121094,126.5,128.0,125.5,127.5,1179600
2023-11-21,107.24642944335938,127.0,128.0,126.0,128.0,542300
2023-11-22,108.51312255859375,128.5,129.0,126.5,127.0,970200
2023-11-23,109.35758209228516,129.5,130.0,128.0,129.0,644900
2023-11-24,108.09088897705078,128.0,130.0,126.0,129.5,1606500
2023-11-27,108.09088897705078,128.0,129.0,125.5,127.0,2185900
2023-11-28,110.62427520751953,131.0,131.0,128.0,129.0,1185400
2023-11-29,113.15765380859375,134.0,134.5,131.5,131.5,2692000
2023-11-30,108.93534851074219,129.0,133.5,128.5,133.0,20548900
2023-12-01,107.24642944335938,127.0,130.5,127.0,129.5,1531500
2023-12-04,107.24642944335938,127.0,128.5,126.5,128.0,566900
2023-12-06,107.24642944335938,127.0,127.5,125.5,126.0,919200
2023-12-07,106.40196990966797,126.0,127.0,125.5,126.5,1105800
2023-12-08,105.97974395751953,125.5,128.0,125.5,126.0,738100
2023-12-12,101.7574462890625,120.5,125.5,120.0,125.0,2304900
2023-12-13,102.1796646118164,121.0,122.5,120.0,121.0,1439100
2023-12-14,103.86859893798828,123.0,124.5,122.5,123.5,1069200
2023-12-15,105.13528442382812,124.5,126.5,123.5,124.0,1694700
2023-12-18,105.55751037597656,125.0,126.0,123.5,125.0,1313700
2023-12-19,105.55751037597656,125.0,126.5,124.0,126.5,1388000
2023-12-20,108.51312255859375,128.5,129.0,124.5,124.5,2091000
2023-12-21,107.66865539550781,127.5,129.0,127.5,127.5,859000
2023-12-22,107.24642944335938,127.0,128.0,126.5,128.0,651300
2023-12-25,107.66865539550781,127.5,129.0,126.5,127.5,363400
2023-12-26,108.51312255859375,128.5,128.5,127.0,127.5,348000
2023-12-27,107.66865539550781,127.5,129.5,127.5,128.5,656900
2023-12-28,108.09088897705078,128.0,128.5,127.0,128.0,644800
2024-01-03,110.20204162597656,130.5,131.0,128.5,129.0,780600
2024-01-04,110.62427520751953,131.0,131.0,129.0,130.0,682200
2024-01-05,110.20204162597656,130.5,132.0,130.0,132.0,816300
2024-01-08,108.93534851074219,129.0,130.5,127.5,130.5,993200
2024-01-09,108.51312255859375,128.5,130.5,127.5,130.0,1133300
2024-01-10,108.93534851074219,129.0,130.0,127.5,128.0,1740000
2024-01-11,109.77981567382812,130.0,131.0,129.0,129.5,1003300
2024-01-12,110.20204162597656,130.5,132.0,129.5,130.5,1025100
2024-01-15,111.89096069335938,132.5,133.0,130.5,131.0,1542800
2024-01-16,109.35758209228516,129.5,133.0,129.5,133.0,1130500
2024-01-17,108.09088897705078,128.0,130.5,127.5,129.0,1631300
2024-01-18,108.93534851074219,129.0,131.0,127.0,128.0,1504600
2024-01-19,109.77981567382812,130.0,130.0,129.0,129.0,742800
2024-01-22,108.93534851074219,129.0,130.5,128.0,130.5,914600
2024-01-23,108.09088897705078,128.0,129.5,127.0,129.5,710500
2024-01-24,111.89096069335938,132.5,132.5,128.0,128.0,2560900
2024-01-25,111.46873474121094,132.0,133.0,131.0,131.0,763800
2024-01-26,111.0465087890625,131.5,133.0,131.0,131.5,590100
2024-01-29,111.89096069335938,132.5,133.0,132.0,132.5,600100
2024-01-30,112.73542022705078,133.5,135.0,132.5,133.0,1531900
2024-01-31,111.0465087890625,131.5,133.0,131.0,133.0,1305900
2024-02-01,111.0465087890625,131.5,133.0,131.0,131.5,637400
2024-02-02,112.73542022705078,133.5,134.0,132.0,132.0,586800
2024-02-05,112.73542022705078,133.5,135.0,132.5,132.5,1286700
2024-02-06,112.73542022705078,133.5,134.5,133.0,133.5,1333300
2024-02-07,112.31319427490234,133.0,134.5,132.5,134.0,684600
2024-02-08,111.46873474121094,132.0,134.0,131.5,133.5,703600
2024-02-09,111.0465087890625,131.5,132.0,131.0,132.0,225700
2024-02-12,109.77981567382812,130.0,133.0,129.5,132.0,805100
2024-02-13,109.35758209228516,129.5,131.5,129.5,131.5,450300
2024-02-14,108.51312255859375,128.5,129.5,128.0,129.0,1078500
2024-02-15,109.35758209228516,129.5,130.0,128.5,129.0,666500
2024-02-16,109.35758209228516,129.5,130.5,128.5,130.5,741300
2024-02-19,108.51312255859375,128.5,129.5,128.5,129.0,534300
2024-02-20,109.77981567382812,130.0,131.0,128.5,128.5,573200
2024-02-21,111.0465087890625,131.5,132.0,129.5,130.0,806300
2024-02-22,111.46873474121094,132.0,132.0,130.5,132.0,387800
2024-02-23,110.62427520751953,131.0,132.0,130.0,131.5,616700
2024-02-27,108.93534851074219,129.0,131.0,128.5,131.0,756300
2024-02-28,109.77981567382812,130.0,130.5,128.5,128.5,504700
2024-02-29,99.22406005859375,117.5,123.5,117.0,122.5,5591800
2024-03-01,99.22406005859375,117.5,119.5,117.5,118.5,1485300
2024-03-04,98.80183410644531,117.0,117.5,116.0,117.5,1224200
2024-03-05,98.37959289550781,116.5,117.5,115.5,117.0,921600
2024-03-06,98.37959289550781,116.5,117.0,115.5,116.0,830700
2024-03-07,98.80183410644531,117.0,118.0,117.0,117.0,481000
2024-03-08,101.7574462890625,120.5,120.5,117.0,117.0,1445900
2024-03-11,101.33522033691406,120.0,120.0,118.5,119.5,1450300
2024-03-12,101.33522033691406,120.0,120.0,120.0,120.0,0
2024-03-13,100.25025177001953,115.5,117.0,115.0,116.5,1770700
2024-03-14,100.25025177001953,115.5,115.5,114.5,115.5,1625100
2024-03-15,101.11820983886719,116.5,116.5,115.0,115.0,2081300
2024-03-18,99.81627655029297,115.0,116.5,114.5,116.5,789300
2024-03-19,98.51432037353516,113.5,115.5,113.0,115.0,1373700
2024-03-20,97.64634704589844,112.5,114.0,111.5,113.0,2013400
2024-03-21,100.25025177001953,115.5,116.5,113.0,114.0,1356600
2024-03-22,100.25025177001953,115.5,115.5,115.5,115.5,0
2024-03-25,99.81627655029297,115.0,115.5,114.0,114.5,576900
2024-03-26,99.81627655029297,115.0,115.0,115.0,115.0,0
2024-03-27,100.25025177001953,115.5,116.0,114.5,114.5,646100
2024-03-28,100.25025177001953,115.5,115.5,115.5,115.5,0
2024-03-29,98.94829559326172,114.0,114.5,113.0,113.5,766600
2024-04-01,99.81627655029297,115.0,115.5,114.0,114.0,883600
2024-04-02,99.38228607177734,114.5,115.0,114.0,114.5,341000
2024-04-03,98.08033752441406,113.0,114.5,113.0,114.0,555500
2024-04-04,98.51432037353516,113.5,114.5,113.0,113.5,531100
2024-04-05,99.38228607177734,114.5,114.5,113.0,113.5,391500
2024-04-09,99.81627655029297,115.0,115.0,113.5,114.0,833100
2024-04-10,100.68423461914062,116.0,117.0,115.0,115.0,761800
2024-04-11,99.38228607177734,114.5,116.0,114.0,116.0,549500
2024-04-17,98.08033752441406,113.0,114.0,112.0,113.5,1191900
2024-04-18,98.08033752441406,113.0,113.0,113.0,113.0,0
2024-04-19,98.08033752441406,113.0,113.0,113.0,113.0,0
2024-04-22,95.47643280029297,110.0,111.0,109.5,110.5,737800
2024-04-23,96.77838134765625,111.5,112.0,110.0,110.0,539600
2024-04-24,96.77838134765625,111.5,111.5,111.5,111.5,0
2024-04-25,95.47643280029297,110.0,111.0,109.5,111.0,612700
2024-04-26,96.34439849853516,111.0,111.0,109.5,110.0,409000
2024-04-29,96.77838134765625,111.5,112.0,111.0,111.5,433900
2024-04-30,96.77838134765625,111.5,111.5,111.5,111.5,0
2024-05-02,96.77838134765625,111.5,111.5,111.5,111.5,0
2024-05-03,97.64634704589844,112.5,112.5,111.5,112.0,238600
2024-05-07,97.64634704589844,112.5,112.5,112.5,112.5,0
2024-05-08,96.77838134765625,111.5,112.5,111.0,112.0,1188700
2024-05-09,96.77838134765625,111.5,112.5,111.5,111.5,578800
2024-05-10,97.21236419677734,112.0,112.5,111.5,112.0,223800
2024-05-13,96.34439849853516,111.0,112.0,110.5,112.0,548600
2024-05-14,97.21236419677734,112.0,112.5,111.0,111.5,529900
2024-05-15,97.21236419677734,112.0,112.0,112.0,112.0,0
2024-05-16,97.21236419677734,112.0,112.0,112.0,112.0,0
2024-05-17,95.04244995117188,109.5,111.0,109.0,110.5,1433400
2024-05-20,95.04244995117188,109.5,109.5,109.5,109.5,0
2024-05-21,95.04244995117188,109.5,109.5,109.5,109.5,0
2024-05-23,93.74049377441406,108.0,109.0,107.0,109.0,2059300
2024-05-24,93.74049377441406,108.0,108.0,108.0,108.0,0
2024-05-27,90.7026138305664,104.5,106.0,104.5,105.0,812000
2024-05-28,94.17448425292969,108.5,109.5,105.0,105.5,1918100
2024-05-29,93.74049377441406,108.0,108.5,107.5,108.5,917900
2024-05-30,93.74049377441406,108.0,108.0,108.0,108.0,0
2024-05-31,93.74049377441406,108.0,108.0,108.0,108.0,0
2024-06-04,88.96668243408203,102.5,106.0,102.5,105.0,1967100
2024-06-05,88.96668243408203,102.5,104.0,102.5,103.0,1195000
2024-06-06,88.09870147705078,101.5,104.0,101.0,104.0,1311900
2024-06-07,88.96668243408203,102.5,103.5,101.5,101.5,1207700
2024-06-10,87.66472625732422,101.0,103.0,100.5,102.5,1164700
2024-06-11,89.83464050292969,103.5,103.5,100.5,100.5,1352500
2024-06-12,89.4006576538086,103.0,103.5,101.0,102.5,1049000
2024-06-13,89.4006576538086,103.0,104.0,102.5,103.5,837700
2024-06-14,88.09870147705078,101.5,102.5,101.0,102.5,820200
2024-06-17,86.3627700805664,99.5,101.5,99.25,101.5,1653900
2024-06-18,86.3627700805664,99.5,99.5,99.5,99.5,0
2024-06-19,86.3627700805664,99.5,99.5,99.5,99.5,0
2024-06-20,85.49480438232422,98.5,99.75,98.0,99.75,1216900
2024-06-21,91.1365966796875,105.0,105.0,98.5,98.5,2959400
2024-06-24,91.1365966796875,105.0,105.0,105.0,105.0,0
2024-06-25,91.1365966796875,105.0,105.0,105.0,105.0,0
2024-06-26,91.1365966796875,105.0,105.0,105.0,105.0,0
2024-06-27,89.83464050292969,103.5,104.5,102.5,104.5,705700
2024-06-28,89.83464050292969,103.5,104.0,101.5,104.0,1841900
2024-07-01,89.83464050292969,103.5,103.5,103.5,103.5,0
2024-07-02,89.83464050292969,103.5,103.5,103.5,103.5,0
2024-07-03,88.96668243408203,102.5,102.5,101.5,102.5,208000
2024-07-04,88.53268432617188,102.0,103.5,102.0,103.0,773200
2024-07-05,89.4006576538086,103.0,104.0,101.5,102.5,583000
2024-07-08,91.57057189941406,105.5,105.5,103.5,103.5,733500
2024-07-09,91.57057189941406,105.5,105.5,105.5,105.5,0
2024-07-10,90.26861572265625,104.0,105.5,104.0,104.0,578300
2024-07-11,91.57057189941406,105.5,106.0,104.5,104.5,503500
2024-07-12,91.57057189941406,105.5,105.5,105.5,105.5,0
2024-07-15,91.57057189941406,105.5,105.5,105.5,105.5,0
2024-07-16,90.7026138305664,104.5,106.0,103.5,106.0,890500
2024-07-17,90.7026138305664,104.5,104.5,104.5,104.5,0
2024-07-18,89.83464050292969,103.5,105.0,103.0,104.0,841100
2024-07-19,89.4006576538086,103.0,104.0,102.0,103.5,615100
2024-07-23,87.23074340820312,100.5,103.0,100.5,102.5,669800
2024-07-24,87.23074340820312,100.5,101.0,99.5,100.5,493300
2024-07-25,85.2778091430664,98.25,100.0,98.0,99.75,1188500
2024-07-26,85.92878723144531,99.0,99.0,97.75,98.0,873500
2024-07-30,85.92878723144531,99.0,99.0,99.0,99.0,0
2024-07-31,85.0608139038086,98.0,98.75,97.25,97.5,1503600
2024-08-01,85.92878723144531,99.0,100.0,97.75,98.0,672000
2024-08-02,85.92878723144531,99.0,99.0,99.0,99.0,0
2024-08-05,83.32488250732422,96.0,97.75,96.0,97.75,1447400
2024-08-06,83.54187774658203,96.25,96.75,95.5,96.75,572300
2024-08-07,83.75886535644531,96.5,97.5,96.0,96.75,723300
2024-08-08,83.75886535644531,96.5,96.5,96.5,96.5,0
2024-08-09,83.97586059570312,96.75,99.5,96.5,99.5,769500
2024-08-13,83.32488250732422,96.0,97.5,94.5,96.75,1713400
2024-08-14,86.3627700805664,99.5,99.75,96.25,96.5,1791800
2024-08-15,86.3627700805664,99.5,99.5,99.5,99.5,0
2024-08-16,88.09870147705078,101.5,101.5,99.5,101.0,514800
2024-08-19,88.09870147705078,101.5,101.5,101.5,101.5,0
2024-08-20,88.96668243408203,102.5,104.0,102.5,103.0,489800
2024-08-21,90.7026138305664,104.5,105.0,103.0,103.0,549900
2024-08-22,90.7026138305664,104.5,104.5,104.5,104.5,0
2024-08-23,90.7026138305664,104.5,105.5,104.0,104.0,826100
2024-08-26,92.43854522705078,106.5,106.5,105.0,105.0,740700
2024-08-27,92.00456237792969,106.0,106.5,105.0,106.5,217000
2024-08-28,92.00456237792969,106.0,106.0,105.0,105.5,315700
2024-08-29,92.43854522705078,106.5,108.5,105.0,106.0,1422000
2024-08-30,92.87252807617188,107.0,108.0,106.5,107.0,1281300
2024-09-02,92.87252807617188,107.0,107.0,107.0,107.0,0
2024-09-03,92.87252807617188,107.0,107.0,107.0,107.0,0
2024-09-04,92.87252807617188,107.0,107.0,107.0,107.0,0
2024-09-05,99.38228607177734,114.5,114.5,111.0,111.5,1683100
2024-09-06,103.72212219238281,119.5,120.0,115.0,115.0,2221100
2024-09-09,103.72212219238281,119.5,119.5,119.5,119.5,0
2024-09-10,108.929931640625,125.5,125.5,121.5,124.0,2517600
2024-09-11,109.36390686035156,126.0,127.5,125.0,126.0,1749900
2024-09-12,108.4959487915039,125.0,126.5,125.0,126.5,2063200
2024-09-13,109.60987091064453,123.0,123.5,121.0,122.0,1720000
2024-09-16,109.60987091064453,123.0,123.0,123.0,123.0,0
2024-09-17,109.60987091064453,123.0,123.0,123.0,123.0,0
2024-09-18,109.60987091064453,123.0,123.0,123.0,123.0,0
2024-09-19,109.60987091064453,123.0,123.0,123.0,123.0,0
2024-09-20,109.60987091064453,123.0,123.0,123.0,123.0,0
2024-09-23,108.2731704711914,121.5,123.0,121.0,122.0,886800
2024-09-24,109.60987091064453,123.0,123.5,121.5,121.5,897400
2024-09-25,109.60987091064453,123.0,125.0,123.0,123.0,1126300
2024-09-26,110.50100708007812,124.0,124.5,121.5,124.5,1656300
2024-09-27,110.50100708007812,124.0,124.0,124.0,124.0,0
2024-09-30,110.05542755126953,123.5,123.5,122.0,123.0,313500
2024-10-01,111.83771514892578,125.5,125.5,122.0,123.0,1465100
2024-10-02,109.60987091064453,123.0,126.0,122.5,125.5,1350200
2024-10-03,108.7187271118164,122.0,123.5,120.5,122.5,1376200
2024-10-04,108.7187271118164,122.0,122.0,122.0,122.0,0
2024-10-07,107.82759094238281,121.0,121.5,120.0,121.5,1201600
2024-10-08,106.93646240234375,120.0,121.0,119.5,121.0,610700
2024-10-09,107.82759094238281,121.0,122.5,120.0,120.0,575000
2024-10-10,108.7187271118164,122.0,122.5,120.5,122.0,355300
2024-10-11,110.50100708007812,124.0,124.5,121.5,122.0,1150100
2024-10-15,110.05542755126953,123.5,125.0,123.0,124.5,1260300
2024-10-16,110.05542755126953,123.5,123.5,123.5,123.5,0
2024-10-17,112.72885131835938,126.5,128.5,126.5,127.0,1990000
2024-10-18,110.50100708007812,124.0,126.5,124.0,126.5,1290700
2024-10-21,111.39214324951172,125.0,126.0,124.0,124.0,673700
2024-10-22,111.39214324951172,125.0,125.0,125.0,125.0,0
2024-10-24,108.2731704711914,121.5,124.0,121.0,123.0,603500
2024-10-25,108.2731704711914,121.5,121.5,121.5,121.5,0
2024-10-28,106.93646240234375,120.0,122.0,120.0,122.0,321900
2024-10-29,109.16429901123047,122.5,122.5,121.0,121.0,399900
2024-10-30,105.59974670410156,118.5,122.5,117.5,122.5,970600
2024-10-31,106.93646240234375,120.0,120.0,117.5,118.5,686200
2024-11-01,106.49088287353516,119.5,120.5,117.5,119.0,633400
2024-11-04,106.04531860351562,119.0,120.5,118.5,120.5,200800
2024-11-05,106.04531860351562,119.0,120.0,118.5,119.5,340100
2024-11-06,102.92633819580078,115.5,119.0,115.5,119.0,889200
2024-11-07,102.48077392578125,115.0,116.5,113.5,116.0,846000
2024-11-08,103.37191009521484,116.0,117.5,114.5,115.5,731700
2024-11-11,102.48077392578125,115.0,116.5,113.5,116.0,309100
2024-11-12,101.58963012695312,114.0,115.5,113.0,114.5,613000
2024-11-13,100.69850158691406,113.0,115.0,112.5,113.5,434200
2024-11-14,100.2529296875,112.5,114.5,112.0,114.5,855700
2024-11-15,99.80735778808594,112.0,113.5,111.0,112.5,415900
2024-11-18,100.69850158691406,113.0,113.0,111.5,112.0,298400
2024-11-19,102.92633819580078,115.5,117.0,113.5,113.5,711200
2024-11-20,102.92633819580078,115.5,117.0,114.5,115.5,472500
2024-11-21,104.26304626464844,117.0,118.0,116.0,116.5,942100
2024-11-22,104.7086181640625,117.5,118.5,117.0,118.0,655700
2024-11-25,106.49088287353516,119.5,120.5,118.0,118.0,1006600
2024-11-26,106.04531860351562,119.0,120.5,118.5,119.5,490300
2024-11-27,104.7086181640625,117.5,119.0,117.0,119.0,446500
2024-11-28,106.49088287353516,119.5,120.0,117.5,117.5,800900
2024-11-29,106.04531860351562,119.0,119.5,118.0,119.5,527900
2024-12-02,108.2731704711914,121.5,121.5,118.5,119.0,594100
2024-12-03,110.94657135009766,124.5,125.0,121.5,122.0,1157300
2024-12-04,110.50100708007812,124.0,124.5,123.0,123.0,384600
2024-12-06,110.94657135009766,124.5,125.5,124.0,124.0,490200
2024-12-09,111.39214324951172,125.0,125.0,124.0,124.5,513300
2024-12-11,110.94657135009766,124.5,126.0,124.0,125.5,488400
2024-12-12,110.05542755126953,123.5,125.5,123.5,124.5,555200
2024-12-13,108.2731704711914,121.5,124.0,121.0,123.0,563900
2024-12-16,109.60987091064453,123.0,123.5,121.0,121.5,810100
2024-12-17,108.7187271118164,122.0,124.5,121.5,123.5,684900
2024-12-18,106.49088287353516,119.5,122.5,119.5,122.0,800700
2024-12-19,106.49088287353516,119.5,121.0,119.0,121.0,662300
2024-12-20,106.49088287353516,119.5,120.0,117.0,119.5,1105700
2024-12-23,106.49088287353516,119.5,120.0,117.0,120.0,769900
2024-12-24,105.1541748046875,118.0,119.0,117.5,119.0,389700
2024-12-25,106.04531860351562,119.0,120.0,117.5,119.0,706900
2024-12-26,105.59974670410156,118.5,120.0,118.0,118.5,285300
2024-12-27,106.04531860351562,119.0,119.0,118.0,118.5,426200
2024-12-30,104.26304626464844,117.0,119.5,117.0,119.0,479800
2025-01-02,102.48077392578125,115.0,117.0,115.0,117.0,420200
2025-01-03,102.48077392578125,115.0,116.0,115.0,115.0,454300
2025-01-06,100.69850158691406,113.0,116.0,113.0,116.0,335400
2025-01-07,102.03520202636719,114.5,116.0,113.0,113.0,425100
2025-01-08,102.92633819580078,115.5,116.0,114.5,116.0,289600
2025-01-09,100.69850158691406,113.0,116.0,113.0,116.0,381200
2025-01-10,101.1440658569336,113.5,115.0,112.0,113.0,552500
2025-01-13,98.91622161865234,111.0,112.5,110.5,112.5,745000
2025-01-14,97.13394927978516,109.0,112.0,108.5,110.0,894300
2025-01-15,98.02508544921875,110.0,110.5,108.5,108.5,492700
2025-01-16,98.91622161865234,111.0,112.0,109.5,110.5,519700
2025-01-17,98.91622161865234,111.0,112.0,109.5,111.0,451200
2025-01-20,101.1440658569336,113.5,114.0,111.0,112.0,354300
2025-01-21,102.03520202636719,114.5,114.5,113.0,113.5,328400
2025-01-22,102.48077392578125,115.0,115.0,113.5,114.5,212900
2025-01-23,101.1440658569336,113.5,115.0,112.5,115.0,304400
2025-01-24,102.48077392578125,115.0,115.0,113.0,113.5,330900
2025-01-27,101.58963012695312,114.0,115.0,113.5,114.5,170100
2025-01-28,101.58963012695312,114.0,115.0,112.5,114.0,322100
2025-01-29,100.69850158691406,113.0,114.0,112.5,113.5,210100
2025-01-30,101.58963012695312,114.0,114.0,112.5,112.5,180000
2025-01-31,99.3617935180664,111.5,114.5,111.0,114.5,433600
2025-02-03,95.79724884033203,107.5,109.0,107.0,108.5,705800
2025-02-04,92.67826080322266,104.0,108.5,103.5,108.0,857900
2025-02-05,92.23269653320312,103.5,104.5,102.5,104.0,474300
2025-02-06,87.99979400634766,98.75,103.5,98.5,103.5,1331300
2025-02-07,90.4504165649414,101.5,102.0,97.75,99.25,1062800
2025-02-10,89.11371612548828,100.0,101.5,99.25,101.0,639500
2025-02-11,88.66814422607422,99.5,101.0,98.25,98.5,867900
2025-02-13,87.99979400634766,98.75,101.0,98.75,99.75,521500
2025-02-14,89.55928039550781,100.5,101.5,98.75,98.75,933500
2025-02-17,90.4504165649414,101.5,103.0,99.75,103.0,617700
2025-02-18,92.23269653320312,103.5,104.5,101.0,102.0,739600
2025-02-19,91.78712463378906,103.0,106.0,102.5,103.0,597500
2025-02-20,89.55928039550781,100.5,103.5,100.5,100.5,477600
2025-02-21,90.00485229492188,101.0,102.0,99.75,100.5,795400
2025-02-24,88.66814422607422,99.5,100.5,99.0,100.5,538600
2025-02-25,86.44029998779297,97.0,100.0,97.0,99.75,939200
2025-02-26,88.66814422607422,99.5,101.0,97.0,97.0,1179200
2025-02-27,86.6630859375,97.25,99.5,97.0,99.5,792500
2025-02-28,85.7719497680664,96.25,97.25,96.25,97.25,1008200
2025-03-03,85.7719497680664,96.25,97.75,96.0,96.75,1189100
2025-03-04,86.88587188720703,97.5,99.25,94.25,96.0,1158400
2025-03-05,89.11371612548828,100.0,101.0,97.5,98.75,607800
2025-03-06,87.1086654663086,97.75,101.5,97.75,101.5,874900
2025-03-07,87.77700805664062,98.5,99.25,97.5,97.75,551600
2025-03-10,87.5542221069336,98.25,99.25,98.0,98.0,601400
2025-03-11,88.89093017578125,99.75,100.0,97.5,98.25,882400
2025-03-12,87.77700805664062,98.5,100.5,98.5,99.75,1215300
2025-03-13,87.31623077392578,94.75,95.75,94.5,95.25,1330600
2025-03-14,87.77700805664062,95.25,96.75,94.75,95.0,1992800
2025-03-17,87.31623077392578,94.75,95.5,94.25,95.25,623300
2025-03-18,88.00740051269531,95.5,95.5,94.0,95.0,1061200
2025-03-19,88.23778533935547,95.75,96.5,95.0,95.75,709700
2025-03-20,87.77700805664062,95.25,96.5,95.25,95.25,1110800
2025-03-21,87.77700805664062,95.25,95.5,94.5,95.25,1677400
2025-03-24,87.54661560058594,95.0,95.25,94.5,95.25,288900
2025-03-25,86.85546875,94.25,95.0,94.0,94.75,784600
2025-03-26,86.85546875,94.25,95.5,94.0,94.75,788400
2025-03-27,86.85546875,94.25,94.5,93.75,94.5,928100
2025-03-28,85.70352935791016,93.0,94.5,93.0,94.5,368000
2025-03-31,84.55160522460938,91.75,92.5,91.5,92.0,927100
2025-04-01,84.55160522460938,91.75,92.5,91.75,92.25,419400
2025-04-02,84.32122039794922,91.5,92.25,91.25,91.75,449800
2025-04-03,83.39967346191406,90.5,92.0,90.25,91.5,600500
2025-04-04,82.47813415527344,89.5,91.25,89.5,90.5,783000
2025-04-08,80.17427825927734,87.0,87.75,85.0,87.0,1392300
2025-04-09,84.09082794189453,91.25,91.75,86.75,87.0,1416600
2025-04-10,87.08584594726562,94.5,95.5,92.5,95.0,1632300
2025-04-11,85.70352935791016,93.0,94.25,91.75,94.0,918200
2025-04-16,88.23778533935547,95.75,97.0,93.25,93.75,1183900
2025-04-17,88.92893981933594,96.5,96.75,95.0,95.75,1241500
2025-04-18,88.92893981933594,96.5,96.75,95.75,96.5,432700
2025-04-21,87.77700805664062,95.25,96.25,95.0,95.75,354400
2025-04-22,93.07588195800781,101.0,101.0,95.25,95.25,1815700
2025-04-23,92.61510467529297,100.5,102.5,100.0,101.0,780400
2025-04-24,94.45819854736328,102.5,103.0,100.0,100.0,1038000
2025-04-25,94.45819854736328,102.5,103.0,101.5,103.0,494600
2025-04-28,94.9189682006836,103.0,104.0,101.0,101.0,303600
2025-04-29,96.76205444335938,105.0,105.0,103.0,104.0,725300
2025-04-30,95.84050750732422,104.0,105.0,102.5,104.5,596400
2025-05-02,96.30128479003906,104.5,105.5,103.0,103.0,944400
2025-05-06,97.68360137939453,106.0,106.0,104.5,104.5,839200
2025-05-07,99.06591033935547,107.5,108.0,106.0,106.0,728400
2025-05-08,99.52668762207031,108.0,108.0,105.5,106.5,478000
2025-05-09,100.44823455810547,109.0,109.0,106.5,107.0,785600
2025-05-13,102.29132080078125,111.0,111.0,108.0,108.0,998600
2025-05-14,100.44823455810547,109.0,110.0,107.5,110.0,1142000
2025-05-15,99.06591033935547,107.5,108.5,105.5,108.0,1407300
2025-05-16,99.52668762207031,108.0,109.0,107.0,107.5,655700
2025-05-19,97.68360137939453,106.0,107.5,106.0,106.5,648400
2025-05-20,100.90900421142578,109.5,110.0,106.0,107.0,1450200
2025-05-21,100.44823455810547,109.0,109.0,107.5,109.0,547900
2025-05-22,99.06591033935547,107.5,108.5,106.5,108.5,655800
2025-05-23,99.98745727539062,108.5,109.0,107.5,107.5,539400
2025-05-26,100.44823455810547,109.0,109.0,107.0,109.0,408800
2025-05-27,99.06591033935547,107.5,109.0,106.5,109.0,438700
2025-05-28,99.06591033935547,107.5,108.5,107.0,108.0,321900
2025-05-29,99.06591033935547,107.5,108.5,106.5,108.0,424700
2025-05-30,97.68360137939453,106.0,107.0,106.0,106.0,513500
2025-06-04,99.06591033935547,107.5,107.5,105.0,106.5,601700
2025-06-05,99.06591033935547,107.5,107.5,106.0,106.5,169100
2025-06-06,98.60514068603516,107.0,107.5,106.0,107.0,244000
2025-06-09,99.06591033935547,107.5,109.0,106.5,108.5,410300
2025-06-10,99.06591033935547,107.5,107.5,106.0,107.0,468200
2025-06-11,99.06591033935547,107.5,108.0,106.5,107.5,291500
2025-06-12,98.14437103271484,106.5,107.5,106.0,107.5,518900
2025-06-13,97.68360137939453,106.0,106.5,105.0,106.0,828700
2025-06-16,96.76205444335938,105.0,105.5,103.0,105.5,517000
2025-06-17,96.76205444335938,105.0,106.0,104.0,106.0,350100
2025-06-18,94.9189682006836,103.0,105.5,103.0,105.0,585100
2025-06-19,93.53665924072266,101.5,103.5,100.0,103.5,765000
2025-06-20,93.07588195800781,101.0,102.5,100.5,101.0,1927100
2025-06-23,92.15434265136719,100.0,101.0,99.25,100.0,700759
2025-06-24,96.76205444335938,105.0,105.0,101.0,102.0,1234000
2025-06-25,94.9189682006836,103.0,104.0,102.0,104.0,827500
2025-06-26,93.99742126464844,102.0,103.0,101.0,102.0,516200
2025-06-27,92.61510467529297,100.5,102.5,100.0,102.0,869600
2025-06-30,93.07588195800781,101.0,101.5,100.5,100.5,517500
2025-07-01,93.99742126464844,102.0,102.0,99.5,99.5,586700
2025-07-02,94.45819854736328,102.5,102.5,100.5,101.0,609700
2025-07-03,94.45819854736328,102.5,102.5,101.0,101.0,263100
2025-07-04,93.99742126464844,102.0,102.5,101.5,102.0,256300
2025-07-07,93.53665924072266,101.5,102.0,100.5,101.5,433500
2025-07-08,94.45819854736328,102.5,102.5,101.0,101.5,191600
2025-07-09,94.45819854736328,102.5,102.5,101.0,102.0,216700
2025-07-11,95.84050750732422,104.0,105.5,102.5,103.0,696300
2025-07-14,97.68360137939453,106.0,106.5,104.0,104.5,1018200
2025-07-15,98.14437103271484,106.5,107.0,105.5,105.5,322700
2025-07-16,98.14437103271484,106.5,108.0,106.5,106.5,427200
2025-07-17,99.98745727539062,108.5,109.0,107.0,107.0,873000
2025-07-18,100.90900421142578,109.5,109.5,108.0,108.5,359900
2025-07-21,99.52668762207031,108.0,109.5,108.0,109.5,397800
2025-07-22,98.14437103271484,106.5,108.0,106.0,108.0,585200
2025-07-23,102.29132080078125,111.0,111.5,108.0,108.0,1295100
2025-07-24,103.21286010742188,112.0,113.0,109.0,109.0,1217400
2025-07-25,101.83055114746094,110.5,111.5,110.0,110.5,505900
2025-07-29,103.67363739013672,112.5,113.5,109.5,110.5,871100
2025-07-30,102.75209045410156,111.5,113.5,111.0,112.0,799000
2025-07-31,101.83055114746094,110.5,111.5,110.0,111.0,542900
2025-08-01,100.44823455810547,109.0,111.0,108.5,110.5,630800
2025-08-04,101.83055114746094,110.5,111.0,108.0,111.0,728700
2025-08-05,102.29132080078125,111.0,111.5,110.0,111.0,500000
2025-08-06,103.21286010742188,112.0,112.0,110.0,110.0,519800
2025-08-07,104.59517669677734,113.5,117.0,112.5,112.5,3166100
2025-08-08,105.05594635009766,114.0,115.0,113.0,113.0,480100
2025-08-13,104.1343994140625,113.0,115.5,113.0,115.5,637300
2025-08-14,104.1343994140625,113.0,113.5,112.0,113.0,442500
2025-08-15,106.89903259277344,116.0,116.0,113.0,114.0,1120200
2025-08-18,105.51671600341797,114.5,116.5,114.5,116.0,726300
2025-08-19,105.05594635009766,114.0,115.0,114.0,114.0,444900
2025-08-20,106.43826293945312,115.5,115.5,114.0,114.0,474100
2025-08-21,105.97749328613281,115.0,116.0,114.5,115.5,706900
2025-08-22,106.89903259277344,116.0,116.5,115.0,115.5,688200
2025-08-25,107.35980224609375,116.5,118.0,116.0,117.0,1012700
2025-08-26,105.97749328613281,115.0,117.0,114.5,116.5,1120200
2025-08-27,105.97749328613281,115.0,116.0,114.5,116.0,719000
2025-08-28,107.8205795288086,117.0,117.0,114.5,114.5,674800
2025-08-29,108.74211883544922,118.0,118.0,116.0,117.0,1550200
2025-09-01,107.35980224609375,116.5,117.5,116.0,117.0,884600
2025-09-02,108.28134155273438,117.5,118.0,116.5,117.0,825300
2025-09-03,109.20288848876953,118.5,118.5,117.5,117.5,1230100
2025-09-04,107.8205795288086,117.0,118.5,116.5,118.5,1956200
2025-09-05,107.10967254638672,113.0,114.0,112.5,113.0,1411200
2025-09-08,105.6878662109375,111.5,113.0,111.5,113.0,784800
2025-09-09,107.10967254638672,113.0,113.0,111.5,111.5,1117400
2025-09-10,108.05754089355469,114.0,114.0,112.0,113.0,379100
2025-09-11,109.95329284667969,116.0,117.5,114.0,114.0,1598300
2025-09-12,109.47935485839844,115.5,116.5,115.5,116.5,593000
2025-09-15,110.42723083496094,116.5,116.5,115.0,116.0,321100
2025-09-16,110.90116882324219,117.0,118.0,115.5,116.0,1229600
2025-09-17,110.90116882324219,117.0,117.5,116.0,117.0,848400
2025-09-18,109.47935485839844,115.5,117.0,115.5,116.0,355100
2025-09-19,110.42723083496094,116.5,116.5,115.0,115.5,615100
2025-09-22,110.90116882324219,117.0,117.0,116.0,116.0,454200
2025-09-23,109.00542449951172,115.0,117.0,115.0,117.0,416300
2025-09-24,109.95329284667969,116.0,117.0,115.0,115.0,426300
2025-09-25,110.42723083496094,116.5,116.5,115.5,116.5,235600
2025-09-26,109.47935485839844,115.5,116.5,115.0,116.5,233000
2025-09-29,108.53148651123047,114.5,116.5,113.5,116.5,1011400
2025-09-30,108.53148651123047,114.5,115.0,113.5,114.5,485300
2025-10-01,108.05754089355469,114.0,114.5,113.5,113.5,314100
2025-10-02,109.00542449951172,115.0,115.5,114.0,115.0,414900
2025-10-03,108.05754089355469,114.0,115.0,114.0,115.0,315800
2025-10-06,108.53148651123047,114.5,115.5,112.5,114.0,762600
2025-10-07,108.53148651123047,114.5,114.5,114.5,114.5,0
2025-10-08,118.01021575927734,124.5,124.5,116.5,117.5,4217400
2025-10-09,128.4368133544922,135.5,138.0,124.0,125.0,10355900
2025-10-10,129.38470458984375,136.5,138.0,133.0,135.5,5079800
2025-10-14,129.38470458984375,136.5,143.0,135.0,137.5,5307700
2025-10-15,130.3325653076172,137.5,139.0,135.5,138.5,4448000
2025-10-16,129.38470458984375,136.5,139.0,135.5,138.5,1555100
2025-10-17,130.80650329589844,138.0,140.0,134.5,135.5,2148200
2025-10-20,129.38470458984375,136.5,139.5,135.5,139.5,1565000
2025-10-21,125.59319305419922,132.5,137.0,130.5,136.0,3218000
2025-10-22,122.27564239501953,129.0,132.5,128.0,132.0,4468700
2025-10-24,122.27564239501953,129.0,130.0,127.5,130.0,2066400
2025-10-27,122.27564239501953,129.0,131.5,129.0,130.0,1456800
2025-10-28,117.06233978271484,123.5,128.5,122.0,128.5,3947100
2025-10-29,117.06233978271484,123.5,124.0,121.0,124.0,1711500
2025-10-30,117.53628540039062,124.0,125.5,122.0,123.0,2249500
2025-10-31,116.5884017944336,123.0,124.5,122.5,123.5,554500
2025-11-03,115.16659545898438,121.5,125.0,121.5,124.0,1107300
2025-11-04,114.2187271118164,120.5,123.0,120.0,121.5,1543500
2025-11-05,115.64053344726562,122.0,122.5,120.5,121.0,1289200
2025-11-06,116.5884017944336,123.0,123.0,121.5,122.5,1069200
2025-11-07,114.69265747070312,121.0,122.5,121.0,122.5,780100
2025-11-10,115.64053344726562,122.0,123.0,120.0,121.5,691600
2025-11-11,116.5884017944336,123.0,123.0,121.0,122.5,633300
2025-11-12,119.4320297241211,126.0,126.0,122.0,123.5,1950400
2025-11-13,115.64053344726562,122.0,126.5,122.0,126.0,2168900
2025-11-14,111.84903717041016,118.0,122.0,118.0,122.0,2115800
2025-11-17,111.3750991821289,117.5,118.0,115.5,117.5,1810700
2025-11-18,110.90116882324219,117.0,118.0,116.0,116.0,511700
2025-11-19,108.53148651123047,114.5,117.0,113.5,116.5,1591200
2025-11-20,109.00542449951172,115.0,116.0,114.5,115.0,910400
2025-11-21,107.10967254638672,113.0,114.0,112.5,113.5,1034300
2025-11-24,104.739990234375,110.5,113.0,110.5,112.5,1120500
2025-11-25,105.6878662109375,111.5,112.0,110.0,110.5,609500
2025-11-26,104.739990234375,110.5,112.0,109.0,112.0,919100
2025-11-27,107.10967254638672,113.0,113.0,111.0,111.0,517000
2025-11-28,107.10967254638672,113.0,115.0,113.0,114.5,872500
2025-12-01,108.53148651123047,114.5,115.0,111.5,113.0,1422600
2025-12-02,107.58361053466797,113.5,116.5,113.5,115.0,987600
2025-12-03,108.05754089355469,114.0,115.0,113.0,113.0,736200
2025-12-04,108.05754089355469,114.0,115.5,113.0,114.0,881000
2025-12-08,107.58361053466797,113.5,114.5,112.5,113.0,971300
2025-12-09,106.63573455810547,112.5,114.0,112.0,113.0,817600
2025-12-11,107.10967254638672,113.0,113.0,111.5,113.0,442600
2025-12-12,109.47935485839844,115.5,116.5,113.5,113.5,1120000
2025-12-15,111.84903717041016,118.0,118.0,114.5,115.5,1080500
2025-12-16,110.42723083496094,116.5,117.5,115.5,117.5,1131800
2025-12-17,109.95329284667969,116.0,117.5,115.0,116.0,1236800
2025-12-18,108.05754089355469,114.0,117.5,113.0,117.5,1549200
2025-12-19,105.6878662109375,111.5,114.0,110.5,114.0,1910300
2025-12-22,107.10967254638672,113.0,113.5,111.5,112.0,909900
2025-12-23,109.00542449951172,115.0,115.5,113.5,114.0,873100
2025-12-24,108.53148651123047,114.5,115.0,113.0,115.0,856200
2025-12-25,108.05754089355469,114.0,117.0,114.0,114.5,1086600
2025-12-26,107.10967254638672,113.0,114.5,113.0,114.0,569700
2025-12-29,106.63573455810547,112.5,113.0,111.5,113.0,1509000
2025-12-30,108.05754089355469,114.0,114.5,111.5,113.0,1163000
2026-01-05,108.53148651123047,114.5,115.5,114.0,114.5,738500
2026-01-06,108.05754089355469,114.0,116.0,113.5,115.0,722700
2026-01-07,111.84903717041016,118.0,118.0,115.0,115.5,2819400
2026-01-08,108.53148651123047,114.5,117.0,114.0,117.0,1357400
2026-01-09,107.58361053466797,113.5,115.0,113.5,114.5,957400
2026-01-12,106.63573455810547,112.5,114.0,112.0,113.5,951500
2026-01-13,105.21392822265625,111.0,113.5,110.5,113.5,1316600
2026-01-14,105.6878662109375,111.5,112.5,110.5,110.5,386000
2026-01-15,108.53148651123047,114.5,114.5,111.5,112.0,965700
2026-01-16,109.47935485839844,115.5,116.0,113.5,114.5,911400
2026-01-19,109.47935485839844,115.5,116.5,114.0,114.0,848400
2026-01-20,110.42723083496094,116.5,117.0,115.0,115.5,1093900
2026-01-21,113.74478149414062,120.0,120.5,116.5,117.0,2821100
2026-01-22,112.3229751586914,118.5,122.0,118.0,121.0,1651000
2026-01-23,110.90116882324219,117.0,120.0,116.5,119.0,1012300
2026-01-26,111.3750991821289,117.5,117.5,115.5,116.5,894700
2026-01-27,111.84903717041016,118.0,118.5,116.5,117.0,1056800
2026-01-28,111.84903717041016,118.0,118.5,116.5,118.0,1126800
2026-01-29,111.3750991821289,117.5,118.0,116.5,117.5,759100
2026-01-30,111.3750991821289,117.5,117.5,116.5,116.5,590800
2026-02-02,110.42723083496094,116.5,117.0,115.5,116.5,1379600
2026-02-03,111.3750991821289,117.5,119.5,116.5,116.5,1605600
2026-02-04,111.84903717041016,118.0,118.5,117.0,118.5,459000
2026-02-05,112.79691314697266,119.0,119.5,117.5,118.0,540800
2026-02-06,112.3229751586914,118.5,118.5,117.5,118.5,767400
2026-02-09,114.2187271118164,120.5,120.5,119.0,120.0,1832800
2026-02-10,115.16659545898438,121.5,121.5,119.0,120.5,1292600
2026-02-11,114.2187271118164,120.5,124.0,120.5,122.5,1927200
2026-02-12,116.11447143554688,122.5,122.5,120.0,120.0,1864900
2026-02-13,116.5884017944336,123.0,125.5,122.0,123.0,1862200
2026-02-16,116.5884017944336,123.0,123.5,122.0,123.0,680000
2026-02-17,117.06233978271484,123.5,123.5,121.0,123.0,1325800
2026-02-18,117.06233978271484,123.5,124.0,122.5,123.0,916800
2026-02-19,118.95808410644531,125.5,126.5,123.0,123.5,2016100
2026-02-20,117.06233978271484,123.5,125.0,122.5,124.0,1405700
2026-02-23,116.5884017944336,123.0,124.5,122.0,123.5,1472300
2026-02-24,119.4320297241211,126.0,126.5,122.0,123.0,950600
2026-02-25,118.4841537475586,125.0,127.5,124.5,127.0,1287200
2026-02-26,117.53628540039062,124.0,124.5,123.0,124.5,825400
2026-02-27,117.06233978271484,123.5,124.5,123.0,124.0,1185000
2026-03-02,112.79691314697266,119.0,120.0,118.0,120.0,1841600
2026-03-04,105.21392822265625,111.0,115.5,108.5,115.0,3688100
2026-03-05,107.58361053466797,113.5,114.0,111.0,114.0,1639700
2026-03-06,106.63573455810547,112.5,113.5,111.5,112.5,704900
2026-03-09,104.739990234375,110.5,111.5,108.5,110.0,1763000
2026-03-10,107.10967254638672,113.0,113.5,111.0,111.5,1284300
2026-03-11,107.10967254638672,113.0,114.0,112.5,113.5,827000
2026-03-12,108.53148651123047,114.5,114.5,112.0,113.0,1582600
2026-03-13,107.31202697753906,110.0,112.0,108.5,111.0,1961500
2026-03-16,105.36090087890625,108.0,110.0,108.0,110.0,929900
2026-03-17,106.8242416381836,109.5,111.0,109.0,110.5,938800
2026-03-18,106.8242416381836,109.5,110.5,109.5,110.0,705900
2026-03-19,104.87311553955078,107.5,109.0,107.5,108.5,882000
2026-03-20,107.79981231689453,110.5,110.5,107.5,109.5,1863300
2026-03-23,104.87311553955078,107.5,108.5,107.0,107.5,796100
2026-03-24,106.33646392822266,109.0,109.0,107.5,108.5,624500
2026-03-25,107.31202697753906,110.0,110.5,108.0,109.0,1047500
2026-03-26,108.77537536621094,111.5,112.0,108.0,109.0,1455000
2026-03-27,107.79981231689453,110.5,112.0,110.5,111.5,1122000
2026-03-30,107.79981231689453,110.5,111.5,109.5,110.0,769800
2026-03-31,109.75093841552734,112.5,113.0,110.0,110.5,1704700
2026-04-01,110.23871612548828,113.0,113.5,112.0,113.0,1094800
2026-04-02,109.75093841552734,112.5,113.0,111.5,112.0,659600
2026-04-03,109.26315307617188,112.0,112.5,110.5,112.5,1017700
2026-04-07,109.75093841552734,112.5,112.5,111.0,111.5,620500
2026-04-08,111.21427917480469,114.0,114.0,112.5,113.5,930000
2026-04-09,109.75093841552734,112.5,113.5,112.0,113.5,472800
2026-04-10,108.77537536621094,111.5,113.0,111.5,113.0,470300
2026-04-16,108.28759002685547,111.0,112.5,110.0,111.0,971200
2026-04-17,107.31202697753906,110.0,111.0,109.5,111.0,544200
2026-04-20,107.79981231689453,110.5,111.5,110.0,110.5,851200
2026-04-21,107.79981231689453,110.5,111.0,110.0,110.5,437500
2026-04-22,107.79981231689453,110.5,111.0,110.0,110.0,376800
2026-04-23,107.31202697753906,110.0,111.0,109.5,110.0,697500
2026-04-24,107.31202697753906,110.0,111.0,109.5,110.0,610600
2026-04-27,107.79981231689453,110.5,111.5,110.5,111.0,219500
2026-04-28,107.31202697753906,110.0,110.5,110.0,110.0,513500
2026-04-29,109.75093841552734,112.5,113.0,110.0,110.0,790300
2026-04-30,109.75093841552734,112.5,112.5,111.0,112.0,980400
2026-05-01,109.75093841552734,112.5,112.5,112.5,112.5,0
2026-05-04,109.75093841552734,112.5,112.5,112.5,112.5,0
2026-05-05,110.72650146484375,113.5,113.5,111.0,112.5,769800
2026-05-06,113.65319061279297,116.5,116.5,113.5,113.5,1931800
2026-05-07,114.62875366210938,117.5,119.0,115.5,116.5,2579700
2026-05-08,113.65319061279297,116.5,117.0,115.5,116.5,662500
2026-05-11,113.65319061279297,116.5,117.0,115.0,115.0,802100
2026-05-12,113.16541290283203,116.0,117.0,115.5,116.0,593500
2026-05-13,113.65319061279297,116.5,117.5,116.0,116.5,719100
2026-05-14,114.14097595214844,117.0,117.5,116.0,116.5,820800
2026-05-15,113.65319061279297,116.5,117.5,116.0,117.5,400800
2026-05-18,110.23871612548828,113.0,113.5,111.5,112.0,1076000
2026-05-19,109.75093841552734,112.5,113.0,112.0,112.5,563100
2026-05-20,110.23871612548828,113.0,113.5,112.5,112.5,381100
2026-05-21,112.18984985351562,115.0,115.5,113.5,114.5,1038300
2026-05-22,113.16541290283203,116.0,116.0,114.0,115.5,306700
2026-05-25,113.65319061279297,116.5,118.0,116.0,116.5,676200
2026-05-26,113.65319061279297,116.5,116.5,116.5,116.5,0
2026-05-27,113.65319061279297,116.5,117.0,115.0,116.0,410000
2026-05-28,113.16541290283203,116.0,116.5,115.0,116.5,697300
2026-05-29,113.65319061279297,116.5,116.5,115.5,116.0,1046500
2026-06-01,113.65319061279297,116.5,116.5,116.5,116.5,0
2026-06-02,113.65319061279297,116.5,117.5,115.0,116.0,1478400
2026-06-03,113.65319061279297,116.5,116.5,116.5,116.5,0
2026-06-04,114.14097595214844,117.0,118.0,116.0,116.0,1123300
2026-06-05,114.14097595214844,117.0,118.5,116.5,117.0,926900
2026-06-08,112.18984985351562,115.0,116.5,115.0,116.0,1030400
2026-06-09,112.18984985351562,115.0,116.0,115.0,115.5,228000
2026-06-10,111.70206451416016,114.5,116.0,114.0,114.5,947600
2026-06-11,112.18984985351562,115.0,116.0,114.5,114.5,316200
2026-06-12,113.16541290283203,116.0,116.5,115.0,116.0,712000
2026-06-15,115.11653900146484,118.0,118.0,117.0,117.0,1091500
2026-06-16,115.60431671142578,118.5,118.5,117.0,117.0,850900
2026-06-17,119.50657653808594,122.5,124.0,118.5,119.0,3724700
2026-06-18,119.50657653808594,122.5,123.5,120.5,122.5,2121600
2026-06-19,117.06766510009766,120.0,122.5,120.0,122.0,2758500
2026-06-22,114.14097595214844,117.0,120.0,116.5,120.0,2440200
2026-06-23,112.67762756347656,115.5,117.0,115.0,116.5,1165700
2026-06-24,113.16541290283203,116.0,117.0,116.0,116.0,516900
2026-06-25,114.62875366210938,117.5,118.5,116.0,116.5,987200
2026-06-26,116.09210205078125,119.0,119.0,116.5,118.0,1160000
2026-06-29,116.09210205078125,119.0,119.5,118.5,119.5,1021000
2026-06-30,117.06766510009766,120.0,120.0,117.5,118.5,1056700
2026-07-01,116.09210205078125,119.0,120.0,119.0,120.0,741900
2026-07-02,116.57988739013672,119.5,120.5,118.5,119.5,918500
2026-07-03,119.99435424804688,123.0,124.0,119.5,119.5,2347600
2026-07-06,121.45770263671875,124.5,126.0,123.0,123.5,2289000
2026-07-07,121.94548797607422,125.0,126.0,123.0,125.0,1412100
2026-07-08,117.06766510009766,120.0,125.5,120.0,125.5,2570800
2026-07-09,120.96992492675781,124.0,124.0,120.0,120.0,1320500
2026-07-10,123.40882873535156,126.5,127.5,123.5,123.5,3526600
2026-07-13,124.38439178466797,127.5,128.0,126.0,126.0,1592800
2026-07-14,122.43326568603516,125.5,126.5,125.0,126.0,1729500
2026-07-15,121.45770263671875,124.5,126.5,124.0,126.5,1591100
2026-07-16,125.84774017333984,129.0,129.0,125.0,125.0,2776300
2026-07-17,128.28665161132812,131.5,131.5,128.0,128.5,2735200
2026-07-20,128.77442932128906,132.0,134.0,131.0,133.5,2133300
2026-07-21,132.18890380859375,135.5,136.5,133.0,133.0,3451500
2026-07-22,132.18890380859375,135.5,137.0,134.5,136.0,2858000
2026-07-23,131.21334838867188,134.5,136.0,133.5,135.5,1460200
2026-07-24,131.21334838867188,134.5,135.0,133.0,133.5,1041500
2026-07-27,131.21334838867188,134.5,136.5,133.5,135.0,1398300
2026-07-28,131.21334838867188,134.5,134.5,134.5,134.5,0
2026-07-29,131.21334838867188,134.5,134.5,134.5,134.5,0
2026-07-30,131.7011260986328,135.0,135.5,132.0,132.5,2151100
2026-07-31,131.21334838867188,134.5,135.0,132.5,134.5,2893900
2026-08-03,130.23777770996094,133.5,134.0,132.5,134.0,989300
2026-08-04,128.77442932128906,132.0,133.0,131.5,132.5,1210100
2026-08-05,128.77442932128906,132.0,133.5,131.5,133.0,1550000
2026-08-06,128.77442932128906,132.0,132.5,131.5,132.5,882000
2026-08-07,128.77442932128906,132.0,132.0,130.0,131.5,1291100
2026-08-10,129.75,133.0,133.5,132.0,132.0,1083500
2026-08-11,129.26220703125,132.5,134.5,132.5,133.0,1635200
2026-08-12,129.26220703125,132.5,132.5,132.5,132.5,0
2026-08-13,129.75,133.0,134.0,132.0,132.5,1552300
2026-08-14,127.31108856201172,130.5,133.0,130.5,132.5,1319300
2026-08-17,126.82330322265625,130.0,130.5,128.0,129.0,1160600
2026-08-18,126.33552551269531,129.5,130.0,128.5,130.0,651400
2026-08-19,126.33552551269531,129.5,129.5,128.5,129.0,506300
2026-08-20,125.84774017333984,129.0,130.5,129.0,129.0,528000
2026-08-21,127.79886627197266,131.0,131.5,129.0,129.0,784300
2026-08-24,127.31108856201172,130.5,131.5,130.0,131.0,908500
2026-08-25,128.28665161132812,131.5,132.0,130.5,131.0,747200
2026-08-26,130.72555541992188,134.0,134.0,131.5,132.0,1869300
2026-08-27,129.26220703125,132.5,134.5,132.0,134.5,793800
