Date,Adj Close,Close,High,Low,Open,Volume
2016-08-26,26.330007553100586,32.96213912963867,33.630287170410156,31.848552703857422,31.848552703857422,11765034
2016-08-29,25.974193572998047,32.51670455932617,33.40757369995117,32.51670455932617,33.18485641479492,5203236
2016-08-30,25.758045196533203,31.848552703857422,32.29398727416992,31.625835418701172,32.07126998901367,3362112
2016-08-31,25.938167572021484,32.07126998901367,32.51670455932617,31.625835418701172,31.848552703857422,5189654
2016-09-01,25.21766471862793,31.180400848388672,32.51670455932617,31.180400848388672,32.07126998901367,6548328
2016-09-02,24.857412338256836,30.734966278076172,31.180400848388672,30.289531707763672,31.180400848388672,7000583
2016-09-05,24.857412338256836,30.734966278076172,30.957683563232422,28.953229904174805,30.957683563232422,12034098
2016-09-06,25.21766471862793,31.180400848388672,31.180400848388672,30.066814422607422,30.289531707763672,4431966
2016-09-07,24.31702995300293,30.066814422607422,31.180400848388672,30.066814422607422,30.957683563232422,5964516
2016-09-08,23.23627471923828,28.730512619018555,30.066814422607422,28.285076141357422,30.066814422607422,12786285
2016-09-09,23.41640281677246,28.953229904174805,29.844097137451172,28.507795333862305,28.730512619018555,8517642
2016-09-12,23.056150436401367,28.507795333862305,29.175945281982422,28.285076141357422,28.285076141357422,3463249
2016-09-13,23.776653289794922,29.398662567138672,29.621379852294922,28.953229904174805,29.175945281982422,4107227
2016-09-14,24.497159957885742,30.289531707763672,30.512248992919922,29.175945281982422,29.175945281982422,11152486
2016-09-15,24.497159957885742,30.289531707763672,30.957683563232422,29.844097137451172,30.289531707763672,4395710
2016-09-16,25.577911376953125,31.625835418701172,31.625835418701172,30.289531707763672,30.512248992919922,11904224
2016-09-19,26.118297576904297,32.29398727416992,32.96213912963867,31.625835418701172,31.625835418701172,5058434
2016-09-20,25.577911376953125,31.625835418701172,32.07126998901367,30.957683563232422,32.07126998901367,5666267
2016-09-21,25.938167572021484,32.07126998901367,32.51670455932617,31.625835418701172,31.848552703857422,4602923
2016-09-22,26.298418045043945,32.51670455932617,32.51670455932617,31.848552703857422,32.29398727416992,5443451
2016-09-23,26.118297576904297,32.29398727416992,32.73942184448242,31.848552703857422,32.51670455932617,2265766
2016-09-26,26.658674240112305,32.96213912963867,32.96213912963867,32.07126998901367,32.29398727416992,5289893
2016-09-27,26.298418045043945,32.51670455932617,33.40757369995117,32.07126998901367,32.96213912963867,5604642
2016-09-28,26.118297576904297,32.29398727416992,32.51670455932617,31.848552703857422,32.51670455932617,3077333
2016-09-29,25.938167572021484,32.07126998901367,32.73942184448242,31.848552703857422,32.51670455932617,3002463
2016-09-30,26.298418045043945,32.51670455932617,32.51670455932617,31.403118133544922,32.07126998901367,4132371
2016-10-03,25.938167572021484,32.07126998901367,32.29398727416992,31.848552703857422,32.29398727416992,1925199
2016-10-04,26.478546142578125,32.73942184448242,32.73942184448242,31.848552703857422,32.51670455932617,3345050
2016-10-05,26.118297576904297,32.29398727416992,32.73942184448242,31.848552703857422,32.73942184448242,3899003
2016-10-06,26.118297576904297,32.29398727416992,32.51670455932617,31.848552703857422,32.29398727416992,2569514
2016-10-07,25.037538528442383,30.957683563232422,32.29398727416992,30.957683563232422,32.29398727416992,8618555
2016-10-10,24.677289962768555,30.512248992919922,30.512248992919922,29.621379852294922,29.621379852294922,5844296
2016-10-11,24.857412338256836,30.734966278076172,30.957683563232422,29.844097137451172,30.512248992919922,4337789
2016-10-12,24.497159957885742,30.289531707763672,30.734966278076172,27.616926193237305,30.512248992919922,8590829
2016-10-13,24.497159957885742,30.289531707763672,30.512248992919922,28.062360763549805,29.844097137451172,12896290
2016-10-14,25.21766471862793,31.180400848388672,31.180400848388672,30.066814422607422,30.957683563232422,7144039
2016-10-17,25.938167572021484,32.07126998901367,32.07126998901367,30.734966278076172,30.957683563232422,5151377
2016-10-18,25.938167572021484,32.07126998901367,32.29398727416992,31.625835418701172,32.07126998901367,3217646
2016-10-19,26.118297576904297,32.29398727416992,32.51670455932617,31.625835418701172,31.848552703857422,2847558
2016-10-20,25.938167572021484,32.07126998901367,32.51670455932617,32.07126998901367,32.51670455932617,1979977
2016-10-21,26.298418045043945,32.51670455932617,32.51670455932617,31.403118133544922,32.07126998901367,4942479
2016-10-25,25.938167572021484,32.07126998901367,32.51670455932617,31.848552703857422,32.29398727416992,1940802
2016-10-26,25.577911376953125,31.625835418701172,32.29398727416992,31.625835418701172,32.07126998901367,1514140
2016-10-27,25.758045196533203,31.848552703857422,32.07126998901367,31.625835418701172,31.848552703857422,1099039
2016-10-28,25.577911376953125,31.625835418701172,32.07126998901367,31.625835418701172,31.848552703857422,681806
2016-10-31,25.577911376953125,31.625835418701172,31.848552703857422,31.403118133544922,31.625835418701172,1427371
2016-11-01,26.298418045043945,32.51670455932617,32.51670455932617,31.848552703857422,31.848552703857422,6319562
2016-11-02,25.758045196533203,31.848552703857422,32.51670455932617,31.625835418701172,32.51670455932617,2185844
2016-11-03,25.577911376953125,31.625835418701172,32.29398727416992,31.403118133544922,31.848552703857422,2604200
2016-11-04,25.577911376953125,31.625835418701172,31.625835418701172,31.180400848388672,31.625835418701172,1460709
2016-11-07,25.758045196533203,31.848552703857422,32.29398727416992,31.848552703857422,32.07126998901367,1916668
2016-11-08,25.758045196533203,31.848552703857422,32.51670455932617,31.848552703857422,32.07126998901367,2199426
2016-11-09,26.298418045043945,32.51670455932617,32.73942184448242,31.403118133544922,31.625835418701172,4287501
2016-11-10,25.758045196533203,31.848552703857422,32.73942184448242,31.848552703857422,32.73942184448242,3388715
2016-11-11,25.758045196533203,31.848552703857422,32.07126998901367,31.848552703857422,32.07126998901367,912929
2016-11-14,25.397789001464844,31.403118133544922,31.848552703857422,31.403118133544922,31.848552703857422,2720378
2016-11-15,25.037538528442383,30.957683563232422,31.625835418701172,30.734966278076172,31.625835418701172,2859007
2016-11-16,25.037538528442383,30.957683563232422,31.403118133544922,30.734966278076172,30.957683563232422,1394481
2016-11-17,25.037538528442383,30.957683563232422,31.180400848388672,30.734966278076172,30.957683563232422,562372
2016-11-18,25.21766471862793,31.180400848388672,31.180400848388672,30.734966278076172,30.957683563232422,678214
2016-11-21,25.037538528442383,30.957683563232422,31.625835418701172,30.957683563232422,31.403118133544922,1007443
2016-11-22,25.037538528442383,30.957683563232422,31.403118133544922,30.734966278076172,31.180400848388672,1447576
2016-11-23,25.397789001464844,31.403118133544922,31.403118133544922,30.957683563232422,31.180400848388672,778117
2016-11-24,25.037538528442383,30.957683563232422,31.403118133544922,30.957683563232422,31.403118133544922,435417
2016-11-25,25.397789001464844,31.403118133544922,31.848552703857422,30.957683563232422,31.180400848388672,2691193
2016-11-28,25.397789001464844,31.403118133544922,31.403118133544922,31.180400848388672,31.403118133544922,447316
2016-11-29,26.118297576904297,32.29398727416992,32.73942184448242,31.403118133544922,31.625835418701172,7493922
2016-11-30,26.298418045043945,32.51670455932617,32.51670455932617,31.403118133544922,32.29398727416992,6456283
2016-12-01,25.938167572021484,32.07126998901367,32.73942184448242,31.848552703857422,32.73942184448242,1883330
2016-12-02,25.21766471862793,31.180400848388672,32.29398727416992,30.957683563232422,32.07126998901367,4929122
2016-12-06,25.397789001464844,31.403118133544922,31.848552703857422,30.957683563232422,31.403118133544922,1801724
2016-12-07,25.758045196533203,31.848552703857422,32.29398727416992,31.403118133544922,31.403118133544922,3513425
2016-12-08,25.938167572021484,32.07126998901367,32.29398727416992,31.848552703857422,32.29398727416992,1781632
2016-12-09,25.938167572021484,32.07126998901367,32.29398727416992,31.625835418701172,32.29398727416992,2231417
2016-12-13,25.938167572021484,32.07126998901367,32.29398727416992,31.403118133544922,32.07126998901367,2505195
2016-12-14,25.758045196533203,31.848552703857422,32.07126998901367,31.848552703857422,32.07126998901367,664856
2016-12-15,25.577911376953125,31.625835418701172,32.07126998901367,31.625835418701172,31.625835418701172,681020
2016-12-16,25.397789001464844,31.403118133544922,32.07126998901367,31.403118133544922,31.848552703857422,1991651
2016-12-19,25.758045196533203,31.848552703857422,32.07126998901367,31.403118133544922,31.403118133544922,1500109
2016-12-20,25.577911376953125,31.625835418701172,32.07126998901367,31.625835418701172,31.848552703857422,1306477
2016-12-21,25.938167572021484,32.07126998901367,32.07126998901367,31.625835418701172,31.625835418701172,447316
2016-12-22,25.758045196533203,31.848552703857422,32.07126998901367,31.625835418701172,32.07126998901367,498614
2016-12-23,26.118297576904297,32.29398727416992,32.51670455932617,31.625835418701172,31.848552703857422,2975186
2016-12-26,25.938167572021484,32.07126998901367,32.51670455932617,32.07126998901367,32.51670455932617,666877
2016-12-27,25.758045196533203,31.848552703857422,32.29398727416992,31.848552703857422,32.29398727416992,2252969
2016-12-28,25.938167572021484,32.07126998901367,32.29398727416992,31.625835418701172,31.848552703857422,1889279
2016-12-29,26.118297576904297,32.29398727416992,32.51670455932617,31.848552703857422,32.07126998901367,992514
2016-12-30,26.83880043029785,33.18485641479492,33.18485641479492,32.07126998901367,32.07126998901367,7602355
2017-01-04,26.658674240112305,32.96213912963867,34.521156311035156,32.73942184448242,33.18485641479492,9234695
2017-01-05,26.118297576904297,32.29398727416992,33.18485641479492,32.07126998901367,33.18485641479492,4532206
2017-01-06,26.118297576904297,32.29398727416992,32.73942184448242,32.29398727416992,32.51670455932617,2796035
2017-01-09,26.118297576904297,32.29398727416992,32.96213912963867,32.29398727416992,32.51670455932617,2037337
2017-01-10,26.298418045043945,32.51670455932617,32.51670455932617,32.07126998901367,32.29398727416992,1956517
2017-01-11,26.478546142578125,32.73942184448242,32.73942184448242,32.29398727416992,32.51670455932617,1584184
2017-01-12,26.478546142578125,32.73942184448242,33.40757369995117,32.51670455932617,32.96213912963867,2616659
2017-01-16,26.298418045043945,32.51670455932617,32.73942184448242,32.29398727416992,32.51670455932617,2511032
2017-01-17,26.118297576904297,32.29398727416992,32.51670455932617,32.07126998901367,32.51670455932617,897663
2017-01-18,25.938167572021484,32.07126998901367,32.51670455932617,32.07126998901367,32.51670455932617,1043812
2017-01-19,25.758045196533203,31.848552703857422,32.07126998901367,31.625835418701172,32.07126998901367,1555336
2017-01-20,25.938167572021484,32.07126998901367,32.51670455932617,31.848552703857422,31.848552703857422,1286946
2017-01-23,26.118297576904297,32.29398727416992,32.73942184448242,32.07126998901367,32.07126998901367,1143939
2017-01-24,26.118297576904297,32.29398727416992,32.96213912963867,32.29398727416992,32.51670455932617,1841012
2017-01-25,26.118297576904297,32.29398727416992,32.73942184448242,32.07126998901367,32.51670455932617,2129943
2017-01-26,25.938167572021484,32.07126998901367,32.51670455932617,32.07126998901367,32.51670455932617,1848757
2017-01-27,26.298418045043945,32.51670455932617,32.51670455932617,32.07126998901367,32.07126998901367,1435902
2017-01-30,25.938167572021484,32.07126998901367,32.51670455932617,32.07126998901367,32.29398727416992,881050
2017-01-31,25.758045196533203,31.848552703857422,32.29398727416992,31.625835418701172,32.07126998901367,2194824
2017-02-01,25.577911376953125,31.625835418701172,32.07126998901367,31.403118133544922,31.848552703857422,3319008
2017-02-02,25.577911376953125,31.625835418701172,32.07126998901367,31.403118133544922,31.625835418701172,2461979
2017-02-03,26.298418045043945,32.51670455932617,32.51670455932617,31.625835418701172,31.625835418701172,2891223
2017-02-06,26.118297576904297,32.29398727416992,32.51670455932617,32.07126998901367,32.51670455932617,1499323
2017-02-07,25.938167572021484,32.07126998901367,32.51670455932617,32.07126998901367,32.51670455932617,1219259
2017-02-08,26.298418045043945,32.51670455932617,32.51670455932617,32.07126998901367,32.29398727416992,2299216
2017-02-09,26.478546142578125,32.73942184448242,32.73942184448242,32.29398727416992,32.51670455932617,2350627
2017-02-10,26.298418045043945,32.51670455932617,32.96213912963867,32.29398727416992,32.96213912963867,3345050
2017-02-14,26.298418045043945,32.51670455932617,32.96213912963867,32.29398727416992,32.96213912963867,3596377
2017-02-15,26.298418045043945,32.51670455932617,32.73942184448242,32.07126998901367,32.73942184448242,3149173
2017-02-16,25.938167572021484,32.07126998901367,32.51670455932617,32.07126998901367,32.51670455932617,2735869
2017-02-17,26.298418045043945,32.51670455932617,32.51670455932617,32.07126998901367,32.07126998901367,1971110
2017-02-20,26.118297576904297,32.29398727416992,32.51670455932617,32.07126998901367,32.51670455932617,1638176
2017-02-21,25.577911376953125,31.625835418701172,32.51670455932617,30.957683563232422,32.29398727416992,7183887
2017-02-22,25.35741424560547,30.734966278076172,31.180400848388672,30.289531707763672,30.957683563232422,7070290
2017-02-23,25.35741424560547,30.734966278076172,30.957683563232422,30.512248992919922,30.734966278076172,1762774
2017-02-24,25.173669815063477,30.512248992919922,30.957683563232422,30.512248992919922,30.734966278076172,2354668
2017-02-27,25.35741424560547,30.734966278076172,30.734966278076172,30.512248992919922,30.512248992919922,966697
2017-02-28,25.173669815063477,30.512248992919922,30.734966278076172,30.512248992919922,30.512248992919922,1117897
2017-03-01,25.35741424560547,30.734966278076172,31.180400848388672,30.512248992919922,30.734966278076172,2729246
2017-03-02,25.173669815063477,30.512248992919922,30.957683563232422,30.512248992919922,30.957683563232422,1971559
2017-03-03,25.173669815063477,30.512248992919922,30.734966278076172,30.512248992919922,30.734966278076172,1388195
2017-03-06,24.254920959472656,29.398662567138672,30.512248992919922,28.953229904174805,30.512248992919922,7125854
2017-03-07,23.51992416381836,28.507795333862305,29.398662567138672,28.507795333862305,29.175945281982422,6326634
2017-03-08,23.336170196533203,28.285076141357422,28.953229904174805,27.616926193237305,28.730512619018555,7850989
2017-03-09,23.152421951293945,28.062360763549805,28.953229904174805,28.062360763549805,28.507795333862305,6227742
2017-03-10,23.152421951293945,28.062360763549805,28.285076141357422,27.839643478393555,28.285076141357422,1838879
2017-03-13,23.152421951293945,28.062360763549805,28.285076141357422,27.616926193237305,28.062360763549805,3016045
2017-03-14,22.968673706054688,27.839643478393555,28.285076141357422,27.839643478393555,28.062360763549805,7538934
2017-03-15,23.887420654296875,28.953229904174805,29.175945281982422,27.839643478393555,28.062360763549805,5656614
2017-03-16,24.438671112060547,29.621379852294922,29.844097137451172,28.953229904174805,29.175945281982422,4611903
2017-03-17,24.438671112060547,29.621379852294922,29.621379852294922,29.398662567138672,29.621379852294922,2277215
2017-03-20,24.438671112060547,29.621379852294922,29.844097137451172,29.398662567138672,29.621379852294922,1436463
2017-03-21,24.254920959472656,29.398662567138672,29.844097137451172,29.398662567138672,29.621379852294922,1483047
2017-03-22,24.438671112060547,29.621379852294922,29.844097137451172,29.398662567138672,29.398662567138672,1231943
2017-03-23,24.989919662475586,30.289531707763672,30.512248992919922,29.621379852294922,29.844097137451172,3257046
2017-03-24,24.989919662475586,30.289531707763672,30.512248992919922,29.844097137451172,30.289531707763672,5194032
2017-03-27,24.989919662475586,30.289531707763672,30.734966278076172,30.289531707763672,30.512248992919922,1512232
2017-03-28,25.173669815063477,30.512248992919922,30.734966278076172,30.289531707763672,30.512248992919922,1683862
2017-03-29,25.35741424560547,30.734966278076172,30.734966278076172,30.512248992919922,30.512248992919922,1232505
2017-03-30,25.173669815063477,30.512248992919922,30.734966278076172,30.289531707763672,30.734966278076172,1739313
2017-03-31,24.806169509887695,30.066814422607422,30.512248992919922,30.066814422607422,30.512248992919922,2905479
2017-04-03,24.989919662475586,30.289531707763672,30.734966278076172,30.066814422607422,30.289531707763672,3091140
2017-04-04,25.173669815063477,30.512248992919922,30.512248992919922,30.289531707763672,30.512248992919922,1946527
2017-04-05,25.35741424560547,30.734966278076172,30.734966278076172,30.066814422607422,30.512248992919922,3261872
2017-04-07,25.35741424560547,30.734966278076172,30.734966278076172,30.289531707763672,30.512248992919922,1768835
2017-04-10,24.806169509887695,30.066814422607422,30.512248992919922,29.844097137451172,30.512248992919922,4108462
2017-04-11,24.806169509887695,30.066814422607422,30.289531707763672,29.844097137451172,30.066814422607422,1708332
2017-04-12,24.989919662475586,30.289531707763672,30.289531707763672,30.066814422607422,30.066814422607422,873754
2017-04-17,24.989919662475586,30.289531707763672,30.512248992919922,29.844097137451172,30.289531707763672,3039730
2017-04-18,24.989919662475586,30.289531707763672,30.512248992919922,30.289531707763672,30.289531707763672,1493598
2017-04-19,24.989919662475586,30.289531707763672,30.289531707763672,30.066814422607422,30.289531707763672,1046282
2017-04-20,24.989919662475586,30.289531707763672,30.512248992919922,30.289531707763672,30.289531707763672,756116
2017-04-21,24.989919662475586,30.289531707763672,30.512248992919922,30.066814422607422,30.289531707763672,1320172
2017-04-24,24.989919662475586,30.289531707763672,30.512248992919922,30.066814422607422,30.289531707763672,844007
2017-04-25,25.173669815063477,30.512248992919922,30.512248992919922,30.066814422607422,30.512248992919922,1816766
2017-04-26,26.092409133911133,31.625835418701172,31.625835418701172,30.289531707763672,30.289531707763672,5899523
2017-04-27,25.724912643432617,31.180400848388672,31.848552703857422,30.957683563232422,31.625835418701172,3213380
2017-04-28,25.35741424560547,30.734966278076172,31.403118133544922,30.512248992919922,31.180400848388672,2076288
2017-05-02,25.173669815063477,30.512248992919922,30.957683563232422,30.512248992919922,30.734966278076172,816169
2017-05-03,24.806169509887695,30.066814422607422,30.512248992919922,30.066814422607422,30.512248992919922,1505497
2017-05-04,25.724912643432617,31.180400848388672,31.403118133544922,30.289531707763672,30.289531707763672,4399077
2017-05-08,26.092409133911133,31.625835418701172,31.848552703857422,31.625835418701172,31.625835418701172,1317702
2017-05-09,25.724912643432617,31.180400848388672,31.848552703857422,30.734966278076172,31.625835418701172,1443198
2017-05-11,25.724912643432617,31.180400848388672,31.403118133544922,30.734966278076172,31.180400848388672,2624854
2017-05-12,26.092409133911133,31.625835418701172,31.625835418701172,30.734966278076172,31.180400848388672,1824623
2017-05-15,25.724912643432617,31.180400848388672,31.180400848388672,31.180400848388672,31.180400848388672,177691
2017-05-16,25.35741424560547,30.734966278076172,30.957683563232422,30.734966278076172,30.957683563232422,659244
2017-05-17,24.989919662475586,30.289531707763672,31.180400848388672,30.289531707763672,30.957683563232422,1726068
2017-05-18,24.989919662475586,30.289531707763672,30.512248992919922,30.066814422607422,30.289531707763672,1333193
2017-05-19,24.989919662475586,30.289531707763672,30.512248992919922,30.289531707763672,30.289531707763672,1018556
2017-05-22,25.173669815063477,30.512248992919922,30.734966278076172,30.289531707763672,30.512248992919922,2188875
2017-05-23,25.35741424560547,30.734966278076172,30.957683563232422,30.512248992919922,30.512248992919922,2070114
2017-05-24,25.541166305541992,30.957683563232422,30.957683563232422,30.289531707763672,30.734966278076172,2571759
2017-05-25,25.541166305541992,30.957683563232422,31.180400848388672,30.957683563232422,31.180400848388672,1645697
2017-05-26,25.724912643432617,31.180400848388672,31.403118133544922,30.957683563232422,31.180400848388672,1220494
2017-05-29,25.724912643432617,31.180400848388672,31.403118133544922,31.180400848388672,31.180400848388672,953227
2017-05-30,25.724912643432617,31.180400848388672,31.180400848388672,30.957683563232422,31.180400848388672,728951
2017-05-31,25.541166305541992,30.957683563232422,31.180400848388672,30.734966278076172,31.180400848388672,2799178
2017-06-01,25.35741424560547,30.734966278076172,31.180400848388672,30.289531707763672,30.734966278076172,2075165
2017-06-02,25.35741424560547,30.734966278076172,31.180400848388672,30.512248992919922,30.734966278076172,2226815
2017-06-05,25.35741424560547,30.734966278076172,30.957683563232422,30.734966278076172,30.957683563232422,1413452
2017-06-06,25.173669815063477,30.512248992919922,30.957683563232422,30.512248992919922,30.957683563232422,1476873
2017-06-07,25.173669815063477,30.512248992919922,30.734966278076172,30.289531707763672,30.512248992919922,1120591
2017-06-08,24.989919662475586,30.289531707763672,30.734966278076172,30.289531707763672,30.512248992919922,1717649
2017-06-09,25.35741424560547,30.734966278076172,31.180400848388672,30.512248992919922,30.512248992919922,1521997
2017-06-12,25.173669815063477,30.512248992919922,31.180400848388672,30.289531707763672,30.957683563232422,1781070
2017-06-13,25.541166305541992,30.957683563232422,31.180400848388672,30.512248992919922,30.512248992919922,1643227
2017-06-14,25.541166305541992,30.957683563232422,30.957683563232422,30.734966278076172,30.957683563232422,1062109
2017-06-15,25.35741424560547,30.734966278076172,30.957683563232422,30.734966278076172,30.957683563232422,1143154
2017-06-16,25.35741424560547,30.734966278076172,30.957683563232422,30.734966278076172,30.734966278076172,1110601
2017-06-19,25.908662796020508,31.403118133544922,31.625835418701172,30.734966278076172,30.957683563232422,2717011
2017-06-20,26.276168823242188,31.848552703857422,32.29398727416992,31.403118133544922,31.625835418701172,6441466
2017-06-21,26.092409133911133,31.625835418701172,32.07126998901367,31.403118133544922,32.07126998901367,2518216
2017-06-22,25.724912643432617,31.180400848388672,31.848552703857422,31.180400848388672,31.848552703857422,1565887
2017-06-23,26.092409133911133,31.625835418701172,31.848552703857422,31.403118133544922,31.403118133544922,1632115
2017-06-26,27.3786563873291,33.18485641479492,33.18485641479492,31.625835418701172,31.848552703857422,8687364
2017-06-27,27.01116180419922,32.73942184448242,33.18485641479492,32.73942184448242,33.18485641479492,1617859
2017-06-28,27.01116180419922,32.73942184448242,33.18485641479492,32.29398727416992,32.73942184448242,2406864
2017-06-29,27.01116180419922,32.73942184448242,33.853004455566406,32.51670455932617,32.73942184448242,8402810
2017-06-30,26.643665313720703,32.29398727416992,32.96213912963867,32.29398727416992,32.73942184448242,3630501
2017-07-03,27.19491195678711,32.96213912963867,33.40757369995117,32.29398727416992,32.29398727416992,5010952
2017-07-04,27.562408447265625,33.40757369995117,33.853004455566406,32.96213912963867,33.18485641479492,6482886
2017-07-05,27.3786563873291,33.18485641479492,33.853004455566406,33.18485641479492,33.630287170410156,4664548
2017-07-06,27.01116180419922,32.73942184448242,33.18485641479492,32.29398727416992,33.18485641479492,3871390
2017-07-07,26.827409744262695,32.51670455932617,32.96213912963867,32.07126998901367,32.73942184448242,3528017
2017-07-11,27.746156692504883,33.630287170410156,33.630287170410156,32.51670455932617,32.51670455932617,4142586
2017-07-12,28.84865379333496,34.966590881347656,34.966590881347656,33.40757369995117,33.630287170410156,12627451
2017-07-13,28.664907455444336,34.743873596191406,34.966590881347656,34.298439025878906,34.966590881347656,2828363
2017-07-14,28.664907455444336,34.743873596191406,34.743873596191406,34.075721740722656,34.743873596191406,4079838
2017-07-17,28.297407150268555,34.298439025878906,34.743873596191406,33.630287170410156,34.743873596191406,7049300
2017-07-18,27.746156692504883,33.630287170410156,34.075721740722656,33.630287170410156,34.075721740722656,2145883
2017-07-19,27.929906845092773,33.853004455566406,34.521156311035156,33.630287170410156,33.853004455566406,2137689
2017-07-20,28.11366081237793,34.075721740722656,34.075721740722656,33.853004455566406,33.853004455566406,490083
2017-07-21,29.216148376464844,35.412025451660156,35.634742736816406,34.075721740722656,34.298439025878906,14831143
2017-07-24,29.032405853271484,35.189308166503906,36.080177307128906,35.189308166503906,35.634742736816406,12592092
2017-07-25,29.399898529052734,35.634742736816406,35.634742736816406,34.743873596191406,35.189308166503906,4652650
2017-07-26,29.032405853271484,35.189308166503906,35.634742736816406,34.966590881347656,35.634742736816406,1603603
2017-07-27,28.664907455444336,34.743873596191406,35.412025451660156,34.743873596191406,35.189308166503906,3491311
2017-07-31,28.297407150268555,34.298439025878906,34.966590881347656,34.075721740722656,34.743873596191406,3990712
2017-08-01,29.216148376464844,35.412025451660156,35.412025451660156,34.298439025878906,34.298439025878906,4379321
2017-08-02,29.399898529052734,35.634742736816406,35.857460021972656,35.189308166503906,35.412025451660156,4911049
2017-08-03,29.399898529052734,35.634742736816406,35.634742736816406,35.189308166503906,35.634742736816406,1474516
2017-08-04,29.76740074157715,36.080177307128906,36.748329162597656,35.634742736816406,35.857460021972656,6746786
2017-08-07,30.502397537231445,36.971046447753906,36.971046447753906,35.857460021972656,36.080177307128906,3083507
2017-08-08,29.76740074157715,36.080177307128906,36.525611877441406,35.634742736816406,36.525611877441406,6090123
2017-08-09,29.032405853271484,35.189308166503906,36.080177307128906,35.189308166503906,36.080177307128906,2443570
2017-08-10,28.664907455444336,34.743873596191406,35.634742736816406,34.521156311035156,35.412025451660156,6271744
2017-08-11,28.11366081237793,34.075721740722656,34.966590881347656,33.630287170410156,34.743873596191406,11145190
2017-08-15,28.11366081237793,34.075721740722656,34.743873596191406,34.075721740722656,34.298439025878906,4480571
2017-08-16,28.481151580810547,34.521156311035156,34.966590881347656,34.075721740722656,34.075721740722656,5385530
2017-08-17,29.216148376464844,35.412025451660156,35.412025451660156,34.521156311035156,34.743873596191406,3403756
2017-08-18,28.664907455444336,34.743873596191406,35.412025451660156,34.743873596191406,35.189308166503906,4014733
2017-08-21,28.481151580810547,34.521156311035156,35.412025451660156,34.298439025878906,34.743873596191406,4516491
2017-08-22,28.481151580810547,34.521156311035156,34.743873596191406,34.298439025878906,34.743873596191406,4262244
2017-08-23,27.929906845092773,33.853004455566406,34.743873596191406,33.40757369995117,34.521156311035156,9271850
2017-08-24,27.746156692504883,33.630287170410156,33.853004455566406,33.40757369995117,33.853004455566406,2704214
2017-08-25,28.08089256286621,33.630287170410156,34.075721740722656,33.18485641479492,33.18485641479492,4158525
2017-08-28,28.26685905456543,33.853004455566406,33.853004455566406,33.853004455566406,33.853004455566406,220795
2017-08-29,28.452831268310547,34.075721740722656,34.521156311035156,33.630287170410156,33.853004455566406,6641608
2017-08-30,29.010732650756836,34.743873596191406,35.189308166503906,34.298439025878906,34.298439025878906,7882980
2017-08-31,29.010732650756836,34.743873596191406,35.189308166503906,34.743873596191406,34.966590881347656,3931893
2017-09-01,28.82475471496582,34.521156311035156,34.966590881347656,34.521156311035156,34.966590881347656,1937771
2017-09-04,29.010732650756836,34.743873596191406,35.189308166503906,34.521156311035156,34.743873596191406,4211283
2017-09-05,29.75458526611328,35.634742736816406,35.857460021972656,34.743873596191406,34.966590881347656,7995455
2017-09-06,29.568626403808594,35.412025451660156,35.634742736816406,35.189308166503906,35.412025451660156,2045756
2017-09-07,29.940567016601562,35.857460021972656,36.080177307128906,34.966590881347656,35.412025451660156,6026365
2017-09-08,29.568626403808594,35.412025451660156,36.302894592285156,35.412025451660156,36.080177307128906,4278408
2017-09-11,29.75458526611328,35.634742736816406,36.080177307128906,35.189308166503906,35.634742736816406,3606255
2017-09-12,30.684429168701172,36.748329162597656,36.971046447753906,36.080177307128906,36.080177307128906,8963611
2017-09-13,29.75458526611328,35.634742736816406,36.971046447753906,35.634742736816406,36.748329162597656,4757267
2017-09-14,30.312490463256836,36.302894592285156,36.748329162597656,35.412025451660156,35.634742736816406,4624587
2017-09-15,31.986190795898438,38.307350158691406,38.530067443847656,35.857460021972656,36.525611877441406,13146046
2017-09-18,31.80022430419922,38.084632873535156,38.530067443847656,37.861915588378906,38.530067443847656,6362666
2017-09-19,33.28794479370117,39.86636734008789,40.08908462524414,37.861915588378906,38.530067443847656,15849026
2017-09-20,32.91602325439453,39.420936584472656,40.08908462524414,39.198219299316406,39.86636734008789,3372551
2017-09-21,33.47391891479492,40.08908462524414,40.75723648071289,39.420936584472656,39.643653869628906,4222508
2017-09-22,33.28794479370117,39.86636734008789,40.08908462524414,39.420936584472656,39.86636734008789,3993855
2017-09-25,33.101985931396484,39.643653869628906,39.86636734008789,39.198219299316406,39.86636734008789,2369260
2017-09-26,34.2177848815918,40.97995376586914,41.87082290649414,39.86636734008789,39.86636734008789,8152493
2017-09-27,34.03181838989258,40.75723648071289,41.64810562133789,40.53451919555664,40.97995376586914,5381489
2017-09-28,33.659889221191406,40.311805725097656,41.20267105102539,40.311805725097656,40.97995376586914,3213717
2017-09-29,34.403751373291016,41.20267105102539,41.42538833618164,40.53451919555664,40.53451919555664,4705520
2017-10-02,35.14760971069336,42.09354019165039,42.76169204711914,41.42538833618164,41.64810562133789,6106287
2017-10-03,38.12307357788086,45.65701675415039,45.879730224609375,41.64810562133789,41.87082290649414,13417916
2017-10-04,38.30904006958008,45.879730224609375,47.438751220703125,45.21158218383789,45.21158218383789,13765891
2017-10-05,37.93710708618164,45.43429946899414,46.102447509765625,45.43429946899414,45.65701675415039,6298908
2017-10-06,39.05290222167969,46.770599365234375,47.216033935546875,45.65701675415039,45.65701675415039,7104751
2017-10-09,38.4950065612793,46.102447509765625,46.993316650390625,45.879730224609375,46.770599365234375,4786227
2017-10-10,39.05290222167969,46.770599365234375,46.770599365234375,45.43429946899414,46.32516860961914,4241927
2017-10-11,38.4950065612793,46.102447509765625,47.438751220703125,46.102447509765625,46.993316650390625,3874982
2017-10-12,38.30904006958008,45.879730224609375,46.993316650390625,45.879730224609375,46.32516860961914,4388413
2017-10-16,41.8423957824707,50.111358642578125,50.111358642578125,50.111358642578125,50.111358642578125,710205
2017-10-17,41.47046661376953,49.665924072265625,50.556793212890625,48.997772216796875,50.556793212890625,8500243
2017-10-18,41.28450393676758,49.443206787109375,51.447662353515625,49.220489501953125,49.665924072265625,9080351
2017-10-19,40.91256332397461,48.997772216796875,50.334075927734375,48.552337646484375,49.443206787109375,9249624
2017-10-20,41.09852981567383,49.220489501953125,49.665924072265625,48.106903076171875,48.997772216796875,8226353
2017-10-24,41.656436920166016,49.888641357421875,50.111358642578125,49.220489501953125,49.665924072265625,5415164
2017-10-25,44.25995635986328,53.00667953491211,53.45211410522461,49.888641357421875,50.111358642578125,14700709
2017-10-27,45.93365478515625,55.01113510131836,56.57015609741211,52.561248779296875,53.22939682006836,11111739
2017-10-30,45.7476806640625,54.78841781616211,55.90200424194336,54.34298324584961,55.23385238647461,5789967
2017-10-31,45.37575912475586,54.34298324584961,55.01113510131836,54.12026596069336,54.56570053100586,4780166
2017-11-01,46.1196174621582,55.23385238647461,55.90200424194336,53.89754867553711,54.34298324584961,7219807
2017-11-02,46.1196174621582,55.23385238647461,57.46102523803711,53.89754867553711,55.23385238647461,10343725
2017-11-03,44.07399368286133,52.78396224975586,56.12472152709961,52.78396224975586,55.23385238647461,12049364
2017-11-06,44.07399368286133,52.78396224975586,52.78396224975586,50.556793212890625,52.11581039428711,12239403
2017-11-07,43.33012390136719,51.89309310913086,53.67483139038086,51.447662353515625,53.45211410522461,10725487
2017-11-08,44.07399368286133,52.78396224975586,53.00667953491211,51.002227783203125,51.89309310913086,7654215
2017-11-09,43.51609420776367,52.11581039428711,53.45211410522461,52.11581039428711,52.78396224975586,6173974
2017-11-10,42.77223205566406,51.224945068359375,52.78396224975586,51.002227783203125,52.11581039428711,4275827
2017-11-13,43.14415740966797,51.670379638671875,52.11581039428711,50.334075927734375,51.224945068359375,4158862
2017-11-14,42.958194732666016,51.447662353515625,51.89309310913086,51.224945068359375,51.447662353515625,2581301
2017-11-15,40.726600646972656,48.775054931640625,51.447662353515625,48.775054931640625,51.447662353515625,13624792
2017-11-16,39.98273468017578,47.884185791015625,50.111358642578125,47.661468505859375,49.665924072265625,11982463
2017-11-17,41.09852981567383,49.220489501953125,49.665924072265625,48.329620361328125,48.329620361328125,5049341
2017-11-20,43.51609420776367,52.11581039428711,52.78396224975586,49.220489501953125,49.665924072265625,14188736
2017-11-21,43.14415740966797,51.670379638671875,51.670379638671875,51.670379638671875,51.670379638671875,5473646
2017-11-22,43.51609420776367,52.11581039428711,53.00667953491211,51.447662353515625,51.670379638671875,7145049
2017-11-23,42.40029525756836,50.779510498046875,52.561248779296875,50.779510498046875,52.338531494140625,2620251
2017-11-24,42.028358459472656,50.334075927734375,51.447662353515625,49.443206787109375,50.779510498046875,5005564
2017-11-27,41.47046661376953,49.665924072265625,51.002227783203125,49.220489501953125,50.111358642578125,4837862
2017-11-28,42.028358459472656,50.334075927734375,50.334075927734375,49.443206787109375,49.443206787109375,2758094
2017-11-29,41.47046661376953,49.665924072265625,50.779510498046875,49.665924072265625,50.779510498046875,2905703
2017-11-30,40.91256332397461,48.997772216796875,50.556793212890625,48.997772216796875,49.443206787109375,9814691
2017-12-01,42.40029525756836,50.779510498046875,50.779510498046875,48.775054931640625,49.220489501953125,5136896
2017-12-04,42.40029525756836,50.779510498046875,51.002227783203125,49.665924072265625,51.002227783203125,5246677
2017-12-06,40.5406379699707,48.552337646484375,50.334075927734375,48.329620361328125,50.334075927734375,5271372
2017-12-07,41.09852981567383,49.220489501953125,49.665924072265625,48.106903076171875,48.552337646484375,3122795
2017-12-08,44.63189697265625,53.45211410522461,53.67483139038086,50.111358642578125,50.334075927734375,18655052
2017-12-12,44.445919036865234,53.22939682006836,53.89754867553711,52.561248779296875,53.67483139038086,7889266
2017-12-13,44.445919036865234,53.22939682006836,53.45211410522461,52.11581039428711,53.22939682006836,4291429
2017-12-14,46.67751693725586,55.90200424194336,56.12472152709961,53.00667953491211,53.00667953491211,13594597
2017-12-15,47.979278564453125,57.46102523803711,58.129173278808594,55.67928695678711,55.67928695678711,23999611
2017-12-18,47.42139434814453,56.79287338256836,57.46102523803711,56.12472152709961,57.01559066772461,12053068
2017-12-19,49.65296936035156,59.465476989746094,59.688194274902344,56.79287338256836,57.01559066772461,15502623
2017-12-20,49.09507751464844,58.797325134277344,59.910911560058594,58.57461166381836,59.688194274902344,8720365
2017-12-21,48.35121154785156,57.90645980834961,60.133628845214844,57.68374252319336,59.020042419433594,13841996
2017-12-22,49.46701431274414,59.242759704589844,60.356346130371094,57.90645980834961,58.129173278808594,11799046
2017-12-25,52.07053756713867,62.360801696777344,62.583518981933594,59.688194274902344,59.688194274902344,14208380
2017-12-26,53.744232177734375,64.3652572631836,64.58797454833984,61.469932556152344,62.360801696777344,13339902
2017-12-27,54.48810577392578,65.2561264038086,65.92427825927734,63.697105407714844,64.58797454833984,11717328
2017-12-28,52.814395904541016,63.251670837402344,65.2561264038086,62.806236267089844,65.2561264038086,12736109
2017-12-29,53.558265686035156,64.14253997802734,64.58797454833984,62.806236267089844,62.806236267089844,6201139
2018-01-03,53.18634796142578,63.697105407714844,65.7015609741211,63.028953552246094,64.58797454833984,10053446
2018-01-04,53.18634796142578,63.697105407714844,63.919822692871094,62.583518981933594,63.919822692871094,11314014
2018-01-05,55.23196029663086,66.1469955444336,67.0378646850586,63.697105407714844,63.919822692871094,17479121
2018-01-08,54.302127838134766,65.03340911865234,66.81514739990234,65.03340911865234,66.36971282958984,10389523
2018-01-09,53.0003662109375,63.474388122558594,63.474388122558594,63.474388122558594,63.474388122558594,660030
2018-01-10,53.744232177734375,64.3652572631836,64.3652572631836,62.806236267089844,63.697105407714844,7609427
2018-01-11,58.02146530151367,69.48774719238281,70.15589904785156,63.251670837402344,64.3652572631836,21219627
2018-01-12,57.46354675292969,68.81959533691406,69.93318176269531,67.92872619628906,69.48774719238281,23826409
2018-01-15,58.02146530151367,69.48774719238281,72.38307189941406,68.81959533691406,69.48774719238281,32899015
2018-01-16,58.02146530151367,69.48774719238281,70.82405090332031,68.15144348144531,69.71046447753906,14204788
2018-01-17,61.55482864379883,73.71937561035156,73.71937561035156,69.04231262207031,70.15589904785156,21421565
2018-01-18,61.182884216308594,73.27394104003906,75.72383117675781,73.05122375488281,75.05567932128906,11275288
2018-01-19,64.1583480834961,76.83741760253906,77.95100402832031,72.82850646972656,72.82850646972656,17098930
2018-01-22,64.34431457519531,77.06013488769531,77.95100402832031,75.94654846191406,76.61470031738281,13753206
2018-01-23,63.41448211669922,75.94654846191406,77.72828674316406,75.72383117675781,77.50556945800781,7904308
2018-01-24,63.972381591796875,76.61470031738281,77.50556945800781,75.94654846191406,75.94654846191406,8476895
2018-01-25,61.55482864379883,73.71937561035156,76.83741760253906,73.27394104003906,76.61470031738281,11597782
2018-01-26,61.368858337402344,73.49665832519531,74.16481018066406,71.49220275878906,73.49665832519531,17363615
2018-01-29,63.228515625,75.72383117675781,75.94654846191406,74.16481018066406,74.16481018066406,8474313
2018-01-30,62.484642028808594,74.83296203613281,75.50111389160156,74.16481018066406,75.05567932128906,5865174
2018-01-31,61.92676544189453,74.16481018066406,74.83296203613281,73.94209289550781,74.38752746582031,5297863
2018-02-01,61.368858337402344,73.49665832519531,75.05567932128906,73.49665832519531,74.16481018066406,4590800
2018-02-02,60.439022064208984,72.38307189941406,74.16481018066406,71.04676818847656,73.49665832519531,10314091
2018-02-05,59.50917053222656,71.26948547363281,71.93763732910156,70.15589904785156,70.37861633300781,7783190
2018-02-06,59.881134033203125,71.71492004394531,71.93763732910156,68.37416076660156,68.81959533691406,13830883
2018-02-07,60.81093978881836,72.82850646972656,74.38752746582031,71.93763732910156,72.82850646972656,12834103
2018-02-08,61.740779876708984,73.94209289550781,74.83296203613281,72.16035461425781,73.27394104003906,7711799
2018-02-09,61.740779876708984,73.94209289550781,74.38752746582031,72.60578918457031,72.82850646972656,7765118
2018-02-12,63.786407470703125,76.39198303222656,76.39198303222656,73.94209289550781,74.38752746582031,13254255
2018-02-13,61.740779876708984,73.94209289550781,76.16926574707031,73.94209289550781,75.94654846191406,8110736
2018-02-14,61.182884216308594,73.27394104003906,74.61024475097656,73.05122375488281,74.16481018066406,3782937
2018-02-15,58.95127868652344,70.60133361816406,73.71937561035156,69.93318176269531,73.49665832519531,14709240
2018-02-16,59.50917053222656,71.26948547363281,72.16035461425781,70.60133361816406,71.04676818847656,7846162
2018-02-19,58.76533126831055,70.37861633300781,71.71492004394531,70.15589904785156,71.04676818847656,6277132
2018-02-20,58.95127868652344,70.60133361816406,71.26948547363281,69.71046447753906,70.37861633300781,3624664
2018-02-21,57.46354675292969,68.81959533691406,71.04676818847656,67.70601654052734,70.60133361816406,12549437
2018-02-22,54.11616134643555,64.8106918334961,68.37416076660156,64.8106918334961,68.15144348144531,18756975
2018-02-23,56.53372573852539,67.70601654052734,67.92872619628906,64.8106918334961,65.47884368896484,10247190
2018-02-26,58.8266487121582,69.71046447753906,69.71046447753906,67.26058197021484,67.70601654052734,6808860
2018-02-27,57.88692855834961,68.59687805175781,70.37861633300781,68.59687805175781,69.71046447753906,5618224
2018-02-28,55.631595611572266,65.92427825927734,68.81959533691406,65.92427825927734,68.59687805175781,5397541
2018-03-02,55.25570297241211,65.47884368896484,67.26058197021484,65.03340911865234,65.47884368896484,3373224
2018-03-05,54.87980651855469,65.03340911865234,67.26058197021484,64.8106918334961,65.7015609741211,6171505
2018-03-06,53.188316345214844,63.028953552246094,63.028953552246094,63.028953552246094,63.028953552246094,572699
2018-03-07,52.81243133544922,62.583518981933594,63.474388122558594,61.024497985839844,63.028953552246094,9471206
2018-03-08,54.691864013671875,64.8106918334961,65.2561264038086,62.138084411621094,63.251670837402344,7898920
2018-03-09,54.12803649902344,64.14253997802734,65.2561264038086,62.583518981933594,65.2561264038086,6218201
2018-03-12,56.19541931152344,66.5924301147461,66.5924301147461,63.919822692871094,64.58797454833984,6175209
2018-03-13,57.32309341430664,67.92872619628906,67.92872619628906,65.7015609741211,66.36971282958984,8563777
2018-03-14,57.32309341430664,67.92872619628906,68.81959533691406,67.26058197021484,67.26058197021484,8562430
2018-03-15,56.38337707519531,66.81514739990234,67.92872619628906,66.81514739990234,67.4832992553711,2807148
2018-03-16,56.19541931152344,66.5924301147461,67.26058197021484,66.5924301147461,66.81514739990234,2323575
2018-03-19,56.57132339477539,67.0378646850586,67.92872619628906,66.81514739990234,67.0378646850586,4615607
2018-03-20,57.13514709472656,67.70601654052734,68.15144348144531,67.0378646850586,67.0378646850586,3946485
2018-03-21,58.26280212402344,69.04231262207031,69.26502990722656,67.70601654052734,67.92872619628906,10571817
2018-03-22,57.88692855834961,68.59687805175781,69.93318176269531,68.59687805175781,69.26502990722656,5347814
2018-03-23,57.51103591918945,68.15144348144531,68.37416076660156,67.26058197021484,67.70601654052734,4220600
2018-03-26,58.074859619140625,68.81959533691406,68.81959533691406,67.70601654052734,68.37416076660156,2191905
2018-03-27,58.074859619140625,68.81959533691406,69.48774719238281,68.37416076660156,68.81959533691406,3781365
2018-03-28,56.75926208496094,67.26058197021484,69.04231262207031,67.0378646850586,68.59687805175781,4814514
2018-03-29,56.75926208496094,67.26058197021484,67.92872619628906,65.47884368896484,67.70601654052734,7061984
2018-03-30,57.13514709472656,67.70601654052734,67.70601654052734,65.03340911865234,67.4832992553711,8495304
2018-04-02,56.38337707519531,66.81514739990234,67.4832992553711,66.1469955444336,66.5924301147461,2750798
2018-04-03,54.50393295288086,64.58797454833984,66.5924301147461,63.251670837402344,66.5924301147461,5433798
2018-04-04,53.94009780883789,63.919822692871094,65.47884368896484,60.801780700683594,64.3652572631836,12185074
2018-04-05,53.5641975402832,63.474388122558594,64.3652572631836,63.028953552246094,63.919822692871094,2248928
2018-04-09,53.94009780883789,63.919822692871094,64.8106918334961,62.138084411621094,63.028953552246094,3318446
2018-04-10,55.06776428222656,65.2561264038086,65.2561264038086,63.251670837402344,64.14253997802734,2446376
2018-04-11,55.06776428222656,65.2561264038086,65.92427825927734,64.14253997802734,65.03340911865234,2888192
2018-04-12,57.13514709472656,67.70601654052734,68.15144348144531,64.58797454833984,65.03340911865234,4727633
2018-04-17,55.44364929199219,65.7015609741211,67.4832992553711,65.7015609741211,67.26058197021484,1973355
2018-04-18,55.44364929199219,65.7015609741211,66.36971282958984,65.47884368896484,65.92427825927734,1459250
2018-04-19,57.13514709472656,67.70601654052734,68.37416076660156,65.7015609741211,66.1469955444336,8687252
2018-04-20,57.13514709472656,67.70601654052734,68.81959533691406,67.0378646850586,67.70601654052734,7813273
2018-04-23,56.007476806640625,66.36971282958984,68.15144348144531,66.1469955444336,67.92872619628906,5198185
2018-04-24,55.631595611572266,65.92427825927734,66.5924301147461,65.7015609741211,66.36971282958984,1901627
2018-04-25,55.44364929199219,65.7015609741211,66.5924301147461,65.47884368896484,65.92427825927734,2790535
2018-04-26,55.81953811645508,66.1469955444336,67.0378646850586,65.7015609741211,66.1469955444336,3007289
2018-04-27,56.75926208496094,67.26058197021484,67.70601654052734,65.92427825927734,66.36971282958984,4350248
2018-04-30,56.75926208496094,67.26058197021484,67.4832992553711,66.81514739990234,67.26058197021484,1725619
2018-05-02,56.94720458984375,67.4832992553711,67.4832992553711,66.1469955444336,66.81514739990234,2646181
2018-05-03,58.074859619140625,68.81959533691406,69.26502990722656,67.26058197021484,67.4832992553711,12631941
2018-05-04,58.45075988769531,69.26502990722656,69.71046447753906,68.37416076660156,68.81959533691406,8906027
2018-05-07,59.20254135131836,70.15589904785156,71.04676818847656,69.26502990722656,69.48774719238281,8670975
2018-05-08,56.94720458984375,67.4832992553711,70.15589904785156,67.0378646850586,70.15589904785156,5779528
2018-05-09,57.32309341430664,67.92872619628906,68.15144348144531,67.0378646850586,67.70601654052734,3513200
2018-05-10,56.75926208496094,67.26058197021484,68.59687805175781,67.26058197021484,68.15144348144531,1846400
2018-05-11,58.26280212402344,69.04231262207031,69.04231262207031,67.26058197021484,67.26058197021484,3296782
2018-05-14,57.88692855834961,68.59687805175781,69.71046447753906,68.37416076660156,68.59687805175781,3022555
2018-05-15,57.13514709472656,67.70601654052734,68.37416076660156,66.81514739990234,68.15144348144531,2347259
2018-05-16,56.57132339477539,67.0378646850586,67.92872619628906,66.81514739990234,67.4832992553711,1551968
2018-05-17,57.32309341430664,67.92872619628906,68.15144348144531,66.81514739990234,66.81514739990234,1676229
2018-05-18,57.13514709472656,67.70601654052734,68.15144348144531,67.26058197021484,67.92872619628906,2342208
2018-05-21,58.074859619140625,68.81959533691406,68.81959533691406,67.26058197021484,67.70601654052734,5044627
2018-05-22,57.32309341430664,67.92872619628906,69.04231262207031,67.4832992553711,68.81959533691406,2910867
2018-05-23,56.94720458984375,67.4832992553711,68.15144348144531,67.4832992553711,67.4832992553711,1453300
2018-05-24,57.32309341430664,67.92872619628906,68.15144348144531,66.36971282958984,67.26058197021484,3891819
2018-05-25,57.698978424072266,68.37416076660156,68.37416076660156,67.0378646850586,67.70601654052734,2676264
2018-05-28,57.13514709472656,67.70601654052734,68.37416076660156,67.4832992553711,68.37416076660156,1264159
2018-05-30,56.94720458984375,67.4832992553711,67.70601654052734,65.7015609741211,67.26058197021484,4538267
2018-05-31,54.87980651855469,65.03340911865234,67.26058197021484,63.919822692871094,67.0378646850586,11868192
2018-06-01,54.12803649902344,64.14253997802734,64.8106918334961,63.028953552246094,64.58797454833984,5695116
2018-06-04,54.12803649902344,64.14253997802734,64.58797454833984,62.583518981933594,63.474388122558594,4572728
2018-06-05,54.50393295288086,64.58797454833984,65.03340911865234,63.028953552246094,63.474388122558594,4651078
2018-06-06,55.06776428222656,65.2561264038086,65.47884368896484,64.14253997802734,64.3652572631836,6303511
2018-06-07,54.12803649902344,64.14253997802734,65.7015609741211,64.14253997802734,65.47884368896484,2840261
2018-06-08,53.376251220703125,63.251670837402344,64.58797454833984,63.028953552246094,64.14253997802734,2492848
2018-06-11,53.376251220703125,63.251670837402344,63.474388122558594,62.806236267089844,62.806236267089844,1450494
2018-06-12,53.188316345214844,63.028953552246094,63.919822692871094,63.028953552246094,63.474388122558594,1414462
2018-06-13,53.188316345214844,63.028953552246094,63.474388122558594,61.024497985839844,63.251670837402344,6533399
2018-06-14,54.50393295288086,64.58797454833984,65.03340911865234,62.360801696777344,62.583518981933594,12260506
2018-06-15,55.25570297241211,65.47884368896484,66.1469955444336,63.919822692871094,64.58797454833984,8010384
2018-06-18,54.87980651855469,65.03340911865234,66.36971282958984,65.03340911865234,65.2561264038086,5940943
2018-06-19,53.75215530395508,63.697105407714844,65.03340911865234,62.583518981933594,64.58797454833984,4901508
2018-06-20,53.376251220703125,63.251670837402344,63.697105407714844,58.797325134277344,59.688194274902344,14839450
2018-06-21,52.624481201171875,62.360801696777344,63.251670837402344,61.024497985839844,63.251670837402344,7120578
2018-06-22,52.624481201171875,62.360801696777344,62.806236267089844,61.024497985839844,62.806236267089844,4609097
2018-06-25,52.43653106689453,62.138084411621094,62.583518981933594,61.247215270996094,62.138084411621094,3150633
2018-06-26,52.81243133544922,62.583518981933594,62.806236267089844,61.024497985839844,61.469932556152344,4929571
2018-06-27,52.624481201171875,62.360801696777344,63.028953552246094,61.469932556152344,62.360801696777344,1976161
2018-06-28,51.87269592285156,61.469932556152344,62.806236267089844,61.469932556152344,62.360801696777344,2657743
2018-06-29,52.060646057128906,61.692649841308594,62.138084411621094,61.247215270996094,61.915367126464844,2583658
2018-07-02,52.24858856201172,61.915367126464844,62.360801696777344,61.247215270996094,61.469932556152344,3496138
2018-07-03,52.624481201171875,62.360801696777344,62.583518981933594,61.692649841308594,61.692649841308594,2638436
2018-07-04,52.060646057128906,61.692649841308594,62.583518981933594,60.801780700683594,61.915367126464844,4602699
2018-07-05,52.060646057128906,61.692649841308594,62.138084411621094,61.024497985839844,61.692649841308594,3072843
2018-07-06,52.24858856201172,61.915367126464844,62.138084411621094,61.024497985839844,61.692649841308594,3170164
2018-07-09,51.68476486206055,61.247215270996094,62.138084411621094,61.247215270996094,61.915367126464844,979493
2018-07-10,51.87269592285156,61.469932556152344,61.915367126464844,61.024497985839844,61.469932556152344,3002238
2018-07-11,52.624481201171875,62.360801696777344,63.251670837402344,61.469932556152344,61.469932556152344,6866332
2018-07-12,53.188316345214844,63.028953552246094,63.697105407714844,62.360801696777344,62.583518981933594,6249855
2018-07-13,53.188316345214844,63.028953552246094,63.028953552246094,61.915367126464844,63.028953552246094,2743277
2018-07-16,52.43653106689453,62.138084411621094,62.806236267089844,62.138084411621094,62.583518981933594,745901
2018-07-17,52.24858856201172,61.915367126464844,62.583518981933594,61.915367126464844,61.915367126464844,1077375
2018-07-18,52.24858856201172,61.915367126464844,62.360801696777344,61.247215270996094,61.915367126464844,3509159
2018-07-19,53.000370025634766,62.806236267089844,63.251670837402344,61.915367126464844,61.915367126464844,2577372
2018-07-20,53.000370025634766,62.806236267089844,63.028953552246094,62.138084411621094,63.028953552246094,2914683
2018-07-23,52.624481201171875,62.360801696777344,63.028953552246094,62.138084411621094,62.806236267089844,1506956
2018-07-24,52.24858856201172,61.915367126464844,62.583518981933594,61.692649841308594,62.138084411621094,1089610
2018-07-25,52.24858856201172,61.915367126464844,61.915367126464844,61.469932556152344,61.915367126464844,2483194
2018-07-26,52.81243133544922,62.583518981933594,62.583518981933594,61.469932556152344,61.915367126464844,1834838
2018-07-31,51.87269592285156,61.469932556152344,62.360801696777344,61.469932556152344,62.360801696777344,1997039
2018-08-01,52.81243133544922,62.583518981933594,62.583518981933594,61.469932556152344,61.692649841308594,2592638
2018-08-02,52.060646057128906,61.692649841308594,62.360801696777344,61.469932556152344,62.360801696777344,1111836
2018-08-03,52.81243133544922,62.583518981933594,62.806236267089844,61.692649841308594,61.692649841308594,2699949
2018-08-06,52.81243133544922,62.583518981933594,63.028953552246094,62.138084411621094,62.583518981933594,2013652
2018-08-07,52.624481201171875,62.360801696777344,63.028953552246094,61.469932556152344,63.028953552246094,3164776
2018-08-08,53.75215530395508,63.697105407714844,64.3652572631836,62.138084411621094,62.138084411621094,4961674
2018-08-09,54.12803649902344,64.14253997802734,64.8106918334961,63.697105407714844,63.919822692871094,6181944
2018-08-10,53.188316345214844,63.028953552246094,64.3652572631836,62.806236267089844,64.3652572631836,2101432
2018-08-14,52.624481201171875,62.360801696777344,62.806236267089844,61.915367126464844,62.360801696777344,1455096
2018-08-15,52.24858856201172,61.915367126464844,62.806236267089844,61.915367126464844,62.360801696777344,1886922
2018-08-16,53.5641975402832,63.474388122558594,64.14253997802734,62.138084411621094,62.360801696777344,3610072
2018-08-17,53.75215530395508,63.697105407714844,64.14253997802734,63.028953552246094,64.14253997802734,1357663
2018-08-20,54.87980651855469,65.03340911865234,65.92427825927734,63.697105407714844,63.919822692871094,6893609
2018-08-21,53.376251220703125,63.251670837402344,65.2561264038086,63.028953552246094,65.2561264038086,4820913
2018-08-22,54.12803649902344,64.14253997802734,64.58797454833984,63.251670837402344,63.251670837402344,2330422
2018-08-23,53.75215530395508,63.697105407714844,64.58797454833984,63.474388122558594,64.58797454833984,1756600
2018-08-24,54.315975189208984,64.3652572631836,64.58797454833984,63.474388122558594,63.697105407714844,1043700
2018-08-27,54.691864013671875,64.8106918334961,65.03340911865234,64.3652572631836,64.58797454833984,2549871
2018-08-28,54.46493148803711,64.14253997802734,64.58797454833984,63.919822692871094,64.58797454833984,1876034
2018-08-29,54.65404510498047,64.3652572631836,65.03340911865234,63.919822692871094,64.3652572631836,1932271
2018-08-30,55.22138595581055,65.03340911865234,65.7015609741211,64.58797454833984,64.58797454833984,3291843
2018-08-31,55.03227233886719,64.8106918334961,65.03340911865234,64.3652572631836,64.58797454833984,757350
2018-09-03,54.843170166015625,64.58797454833984,65.03340911865234,64.3652572631836,64.3652572631836,542841
2018-09-04,54.65404510498047,64.3652572631836,65.03340911865234,63.919822692871094,64.58797454833984,1116438
2018-09-05,52.9520149230957,62.360801696777344,64.58797454833984,61.692649841308594,63.919822692871094,4890059
2018-09-06,53.51936721801758,63.028953552246094,63.028953552246094,62.138084411621094,62.360801696777344,2114004
2018-09-07,52.762901306152344,62.138084411621094,62.583518981933594,61.692649841308594,62.360801696777344,4267183
2018-09-10,51.81733322143555,61.024497985839844,62.138084411621094,60.801780700683594,61.692649841308594,6217864
2018-09-11,51.060874938964844,60.133628845214844,61.692649841308594,59.465476989746094,61.024497985839844,3469647
2018-09-12,49.5479621887207,58.35189437866211,59.688194274902344,57.01559066772461,59.465476989746094,8112981
2018-09-13,50.49352264404297,59.465476989746094,59.688194274902344,58.57461166381836,58.797325134277344,6291275
2018-09-14,50.11530303955078,59.020042419433594,59.910911560058594,58.797325134277344,59.910911560058594,3072170
2018-09-17,50.49352264404297,59.465476989746094,59.688194274902344,58.797325134277344,58.797325134277344,4349350
2018-09-18,52.384674072265625,61.692649841308594,61.692649841308594,59.242759704589844,59.465476989746094,12542815
2018-09-19,51.81733322143555,61.024497985839844,61.915367126464844,60.801780700683594,61.469932556152344,5258351
2018-09-20,52.195560455322266,61.469932556152344,61.915367126464844,60.579063415527344,61.024497985839844,2950603
2018-09-21,51.81733322143555,61.024497985839844,62.138084411621094,60.801780700683594,61.915367126464844,3110896
2018-09-24,51.81733322143555,61.024497985839844,61.247215270996094,60.579063415527344,60.579063415527344,844120
2018-09-25,51.439109802246094,60.579063415527344,61.247215270996094,59.465476989746094,61.024497985839844,3774069
2018-09-26,51.2499885559082,60.356346130371094,61.024497985839844,59.910911560058594,60.579063415527344,1693515
2018-09-27,51.2499885559082,60.356346130371094,60.579063415527344,59.242759704589844,60.579063415527344,2848456
2018-09-28,51.2499885559082,60.356346130371094,60.801780700683594,60.133628845214844,60.801780700683594,927746
2018-10-01,52.00645446777344,61.247215270996094,61.469932556152344,60.133628845214844,60.356346130371094,1770743
2018-10-02,51.2499885559082,60.356346130371094,61.247215270996094,60.356346130371094,61.024497985839844,1735609
2018-10-03,51.2499885559082,60.356346130371094,61.247215270996094,60.356346130371094,60.356346130371094,1758508
2018-10-04,49.92618942260742,58.797325134277344,60.356346130371094,58.797325134277344,59.910911560058594,3369520
2018-10-05,49.92618942260742,58.797325134277344,59.688194274902344,58.35189437866211,58.797325134277344,1764794
2018-10-08,49.5479621887207,58.35189437866211,59.465476989746094,58.129173278808594,59.020042419433594,2365219
2018-10-09,49.7370719909668,58.57461166381836,59.020042419433594,57.23830795288086,58.35189437866211,4125636
2018-10-10,51.439109802246094,60.579063415527344,60.801780700683594,58.797325134277344,59.242759704589844,11449724
2018-10-11,50.68264389038086,59.688194274902344,60.356346130371094,58.35189437866211,58.57461166381836,11657948
2018-10-12,50.49352264404297,59.465476989746094,60.356346130371094,59.242759704589844,60.133628845214844,3817173
2018-10-16,50.30441665649414,59.242759704589844,59.910911560058594,59.020042419433594,59.465476989746094,2213345
2018-10-17,49.92618942260742,58.797325134277344,59.688194274902344,58.57461166381836,59.688194274902344,1585419
2018-10-18,48.60238265991211,57.23830795288086,58.797325134277344,57.23830795288086,58.797325134277344,3101692
2018-10-19,43.6854133605957,51.447662353515625,57.68374252319336,51.447662353515625,57.46102523803711,16764088
2018-10-22,43.87452697753906,51.670379638671875,52.561248779296875,50.779510498046875,51.447662353515625,6480641
2018-10-24,40.84870147705078,48.106903076171875,51.447662353515625,46.993316650390625,51.447662353515625,14350152
2018-10-25,42.73984146118164,50.334075927734375,50.556793212890625,47.216033935546875,47.438751220703125,7246074
2018-10-26,42.17250442504883,49.665924072265625,50.111358642578125,48.775054931640625,49.888641357421875,4033142
2018-10-29,41.79426956176758,49.220489501953125,50.334075927734375,48.552337646484375,49.665924072265625,2514849
2018-10-30,42.55072784423828,50.111358642578125,50.556793212890625,48.775054931640625,49.443206787109375,2964298
2018-10-31,43.6854133605957,51.447662353515625,51.670379638671875,50.334075927734375,50.779510498046875,4262918
2018-11-01,43.118072509765625,50.779510498046875,51.447662353515625,50.334075927734375,51.447662353515625,3100569
2018-11-02,43.496307373046875,51.224945068359375,51.89309310913086,51.002227783203125,51.447662353515625,4728755
2018-11-05,42.73984146118164,50.334075927734375,50.779510498046875,49.888641357421875,50.556793212890625,1918240
2018-11-06,41.79426956176758,49.220489501953125,51.002227783203125,49.220489501953125,50.334075927734375,1933730
2018-11-07,42.928958892822266,50.556793212890625,51.224945068359375,48.329620361328125,48.997772216796875,3324059
2018-11-08,42.928958892822266,50.556793212890625,51.447662353515625,50.111358642578125,51.224945068359375,1720680
2018-11-09,42.55072784423828,50.111358642578125,50.779510498046875,49.888641357421875,50.556793212890625,905633
2018-11-12,41.60515594482422,48.997772216796875,50.334075927734375,48.997772216796875,50.111358642578125,851640
2018-11-13,41.60515594482422,48.997772216796875,49.888641357421875,48.329620361328125,48.552337646484375,1314110
2018-11-14,41.60515594482422,48.997772216796875,49.220489501953125,48.775054931640625,48.775054931640625,758810
2018-11-15,41.416046142578125,48.775054931640625,49.665924072265625,48.775054931640625,49.220489501953125,1089947
2018-11-16,41.416046142578125,48.775054931640625,49.220489501953125,48.552337646484375,48.775054931640625,499400
2018-11-19,41.2269287109375,48.552337646484375,48.997772216796875,48.552337646484375,48.997772216796875,632416
2018-11-20,40.84870147705078,48.106903076171875,48.775054931640625,47.661468505859375,48.552337646484375,1536814
2018-11-21,41.2269287109375,48.552337646484375,48.775054931640625,47.661468505859375,47.661468505859375,699878
2018-11-22,40.65958786010742,47.884185791015625,48.552337646484375,47.884185791015625,48.329620361328125,380752
2018-11-23,41.60515594482422,48.997772216796875,49.220489501953125,47.438751220703125,47.884185791015625,1618645
2018-11-26,42.36161804199219,49.888641357421875,51.002227783203125,48.997772216796875,49.665924072265625,2189773
2018-11-27,42.17250442504883,49.665924072265625,49.665924072265625,48.775054931640625,49.443206787109375,1684535
2018-11-28,41.983394622802734,49.443206787109375,50.111358642578125,49.220489501953125,49.665924072265625,1379215
2018-11-29,41.60515594482422,48.997772216796875,49.665924072265625,48.552337646484375,49.665924072265625,1099713
2018-11-30,41.79426956176758,49.220489501953125,49.443206787109375,48.775054931640625,48.997772216796875,483685
2018-12-03,42.928958892822266,50.556793212890625,50.779510498046875,49.220489501953125,49.443206787109375,2940501
2018-12-04,43.118072509765625,50.779510498046875,51.224945068359375,50.556793212890625,50.556793212890625,2108616
2018-12-06,41.983394622802734,49.443206787109375,49.888641357421875,49.443206787109375,49.888641357421875,1038761
2018-12-07,41.983394622802734,49.443206787109375,50.111358642578125,49.443206787109375,49.888641357421875,478521
2018-12-11,41.60515594482422,48.997772216796875,49.220489501953125,48.552337646484375,48.997772216796875,716155
2018-12-12,42.73984146118164,50.334075927734375,50.556793212890625,49.443206787109375,49.888641357421875,4500102
2018-12-13,41.79426956176758,49.220489501953125,50.334075927734375,49.220489501953125,50.334075927734375,1246424
2018-12-14,42.928958892822266,50.556793212890625,50.779510498046875,48.997772216796875,49.220489501953125,4011366
2018-12-17,42.55072784423828,50.111358642578125,50.779510498046875,49.443206787109375,50.779510498046875,2272052
2018-12-18,43.118072509765625,50.779510498046875,51.89309310913086,49.665924072265625,49.888641357421875,6538674
2018-12-19,45.387451171875,53.45211410522461,53.89754867553711,50.556793212890625,50.779510498046875,9486135
2018-12-20,47.65681457519531,56.12472152709961,56.34743881225586,52.78396224975586,53.22939682006836,8230394
2018-12-21,48.22417068481445,56.79287338256836,57.01559066772461,55.67928695678711,55.67928695678711,7638163
2018-12-24,48.60238265991211,57.23830795288086,58.129173278808594,55.90200424194336,56.57015609741211,5252402
2018-12-25,47.845924377441406,56.34743881225586,57.01559066772461,55.90200424194336,56.34743881225586,3729730
2018-12-26,47.278587341308594,55.67928695678711,56.57015609741211,54.12026596069336,56.34743881225586,4495388
2018-12-27,43.496307373046875,51.224945068359375,56.12472152709961,51.224945068359375,55.90200424194336,11493389
2018-12-28,44.25276184082031,52.11581039428711,52.338531494140625,50.334075927734375,50.334075927734375,3993069
2019-01-02,44.44186782836914,52.338531494140625,52.561248779296875,51.447662353515625,52.11581039428711,1442749
2019-01-03,43.496307373046875,51.224945068359375,52.78396224975586,51.002227783203125,52.561248779296875,1899719
2019-01-04,43.496307373046875,51.224945068359375,51.224945068359375,50.334075927734375,50.779510498046875,1822378
2019-01-07,44.25276184082031,52.11581039428711,52.561248779296875,51.447662353515625,51.447662353515625,4397955
2019-01-08,43.496307373046875,51.224945068359375,51.89309310913086,50.779510498046875,51.89309310913086,2806811
2019-01-09,43.118072509765625,50.779510498046875,51.670379638671875,50.334075927734375,51.670379638671875,3425982
2019-01-10,43.118072509765625,50.779510498046875,51.002227783203125,50.334075927734375,50.779510498046875,1137541
2019-01-11,42.55072784423828,50.111358642578125,51.224945068359375,49.888641357421875,50.556793212890625,2408211
2019-01-14,41.983394622802734,49.443206787109375,50.111358642578125,49.220489501953125,49.888641357421875,2104912
2019-01-15,41.983394622802734,49.443206787109375,49.888641357421875,49.220489501953125,49.665924072265625,620405
2019-01-16,41.416046142578125,48.775054931640625,49.665924072265625,48.106903076171875,49.443206787109375,2079880
2019-01-17,41.60515594482422,48.997772216796875,49.665924072265625,48.552337646484375,48.552337646484375,1419176
2019-01-18,43.30719757080078,51.002227783203125,51.224945068359375,49.443206787109375,49.443206787109375,3757681
2019-01-21,43.496307373046875,51.224945068359375,51.447662353515625,50.556793212890625,51.224945068359375,1764345
2019-01-22,44.06364440917969,51.89309310913086,53.00667953491211,51.224945068359375,51.447662353515625,7801038
2019-01-23,45.57656478881836,53.67483139038086,54.12026596069336,51.670379638671875,51.670379638671875,5485657
2019-01-24,46.333011627197266,54.56570053100586,55.01113510131836,53.67483139038086,53.89754867553711,5081782
2019-01-25,46.333011627197266,54.56570053100586,55.01113510131836,54.12026596069336,55.01113510131836,2487572
2019-01-28,45.57656478881836,53.67483139038086,54.78841781616211,53.45211410522461,54.78841781616211,2370158
2019-01-29,45.57656478881836,53.67483139038086,54.34298324584961,53.00667953491211,53.45211410522461,1618196
2019-01-30,46.900360107421875,55.23385238647461,55.23385238647461,53.67483139038086,53.67483139038086,1811715
2019-01-31,47.46770095825195,55.90200424194336,56.57015609741211,54.78841781616211,55.67928695678711,4687896
2019-02-01,46.900360107421875,55.23385238647461,55.67928695678711,55.01113510131836,55.45656967163086,2356352
2019-02-04,47.278587341308594,55.67928695678711,56.34743881225586,55.01113510131836,55.23385238647461,1955507
2019-02-05,48.22417068481445,56.79287338256836,57.46102523803711,55.45656967163086,55.90200424194336,3370867
2019-02-06,48.0350456237793,56.57015609741211,57.46102523803711,56.12472152709961,56.79287338256836,2614639
2019-02-07,47.65681457519531,56.12472152709961,57.01559066772461,55.90200424194336,57.01559066772461,1254169
2019-02-08,47.278587341308594,55.67928695678711,56.34743881225586,55.23385238647461,55.90200424194336,2120739
2019-02-11,46.522125244140625,54.78841781616211,55.45656967163086,54.34298324584961,55.23385238647461,1763110
2019-02-12,47.65681457519531,56.12472152709961,56.12472152709961,54.12026596069336,54.12026596069336,2499021
2019-02-13,47.46770095825195,55.90200424194336,56.57015609741211,55.23385238647461,56.34743881225586,1989519
2019-02-14,47.46770095825195,55.90200424194336,56.57015609741211,55.67928695678711,56.12472152709961,1282793
2019-02-15,46.900360107421875,55.23385238647461,56.12472152709961,55.01113510131836,55.45656967163086,2013203
2019-02-18,48.0350456237793,56.57015609741211,56.57015609741211,55.01113510131836,55.23385238647461,2032735
2019-02-20,48.0350456237793,56.57015609741211,57.01559066772461,56.57015609741211,57.01559066772461,2811862
2019-02-21,48.0350456237793,56.57015609741211,56.79287338256836,56.12472152709961,56.79287338256836,1758396
2019-02-22,48.8394660949707,56.79287338256836,57.01559066772461,55.45656967163086,55.67928695678711,2914683
2019-02-25,49.41404342651367,57.46102523803711,58.129173278808594,56.12472152709961,56.79287338256836,4946745
2019-02-26,49.03099060058594,57.01559066772461,57.68374252319336,56.79287338256836,57.68374252319336,2259704
2019-02-27,49.98862075805664,58.129173278808594,58.35189437866211,56.79287338256836,56.79287338256836,3360765
2019-02-28,49.222511291503906,57.23830795288086,59.020042419433594,57.23830795288086,58.57461166381836,2547962
2019-03-01,47.6902961730957,55.45656967163086,57.46102523803711,55.45656967163086,57.46102523803711,2485327
2019-03-04,47.49877166748047,55.23385238647461,55.67928695678711,54.78841781616211,55.45656967163086,1391787
2019-03-05,47.49877166748047,55.23385238647461,55.67928695678711,55.01113510131836,55.23385238647461,1025965
2019-03-06,47.49877166748047,55.23385238647461,56.34743881225586,55.01113510131836,55.23385238647461,2176527
2019-03-07,46.924190521240234,54.56570053100586,55.23385238647461,53.67483139038086,55.23385238647461,2469051
2019-03-08,46.732662200927734,54.34298324584961,55.01113510131836,54.34298324584961,54.56570053100586,1422319
2019-03-11,45.200443267822266,52.561248779296875,55.01113510131836,52.338531494140625,54.56570053100586,2255551
2019-03-12,44.6258544921875,51.89309310913086,52.338531494140625,51.224945068359375,51.89309310913086,3583132
2019-03-13,44.2428092956543,51.447662353515625,51.89309310913086,51.002227783203125,51.89309310913086,2954420
2019-03-14,45.0089111328125,52.338531494140625,52.78396224975586,51.670379638671875,51.89309310913086,2094921
2019-03-15,44.4343376159668,51.670379638671875,52.78396224975586,51.670379638671875,52.338531494140625,4943153
2019-03-18,43.28517150878906,50.334075927734375,51.89309310913086,49.888641357421875,51.89309310913086,2698265
2019-03-19,43.66822052001953,50.779510498046875,51.447662353515625,50.111358642578125,50.111358642578125,2802994
2019-03-20,43.47669982910156,50.556793212890625,51.224945068359375,50.334075927734375,51.002227783203125,1059864
2019-03-21,43.66822052001953,50.779510498046875,51.447662353515625,50.779510498046875,51.224945068359375,2723297
2019-03-22,44.0512809753418,51.224945068359375,51.447662353515625,50.779510498046875,50.779510498046875,706613
2019-03-25,43.47669982910156,50.556793212890625,51.002227783203125,49.888641357421875,50.779510498046875,2212110
2019-03-26,43.28517150878906,50.334075927734375,50.334075927734375,49.665924072265625,50.334075927734375,1220831
2019-03-27,43.66822052001953,50.779510498046875,51.002227783203125,50.111358642578125,50.334075927734375,1375736
2019-03-28,43.66822052001953,50.779510498046875,51.224945068359375,50.334075927734375,50.334075927734375,1439494
2019-03-29,43.47669982910156,50.556793212890625,51.670379638671875,50.556793212890625,51.002227783203125,1365858
2019-04-01,44.6258544921875,51.89309310913086,52.11581039428711,50.779510498046875,50.779510498046875,3888901
2019-04-02,45.391971588134766,52.78396224975586,53.45211410522461,51.89309310913086,52.11581039428711,6203384
2019-04-03,45.200443267822266,52.561248779296875,53.22939682006836,52.338531494140625,53.00667953491211,2180344
2019-04-04,44.2428092956543,51.447662353515625,52.561248779296875,51.224945068359375,52.561248779296875,2341871
2019-04-05,44.81739044189453,52.11581039428711,52.11581039428711,51.224945068359375,51.447662353515625,1434106
2019-04-09,45.58349609375,53.00667953491211,53.22939682006836,51.89309310913086,52.11581039428711,2401813
2019-04-10,45.58349609375,53.00667953491211,53.00667953491211,52.561248779296875,52.78396224975586,1124632
2019-04-11,46.924190521240234,54.56570053100586,55.23385238647461,53.00667953491211,53.22939682006836,9992046
2019-04-12,47.11571502685547,54.78841781616211,55.23385238647461,54.56570053100586,54.56570053100586,2419212
2019-04-17,47.49877166748047,55.23385238647461,56.12472152709961,55.01113510131836,55.23385238647461,6513530
2019-04-18,47.49877166748047,55.23385238647461,55.45656967163086,55.01113510131836,55.23385238647461,1538835
2019-04-19,47.11571502685547,54.78841781616211,55.23385238647461,54.56570053100586,55.23385238647461,1757498
2019-04-22,46.924190521240234,54.56570053100586,55.45656967163086,54.34298324584961,54.78841781616211,2420783
2019-04-23,46.349605560302734,53.89754867553711,54.78841781616211,53.45211410522461,54.34298324584961,3536548
2019-04-24,46.349605560302734,53.89754867553711,54.56570053100586,53.67483139038086,54.12026596069336,3431707
2019-04-25,45.966552734375,53.45211410522461,54.12026596069336,53.22939682006836,53.89754867553711,2253531
2019-04-26,45.775020599365234,53.22939682006836,53.89754867553711,53.22939682006836,53.67483139038086,1539059
2019-04-29,46.349605560302734,53.89754867553711,53.89754867553711,53.00667953491211,53.00667953491211,2062144
2019-04-30,47.6902961730957,55.45656967163086,55.45656967163086,53.89754867553711,53.89754867553711,5017462
2019-05-02,48.0733528137207,55.90200424194336,56.12472152709961,55.23385238647461,55.67928695678711,4437916
2019-05-03,48.8394660949707,56.79287338256836,57.01559066772461,55.67928695678711,55.67928695678711,9683470
2019-05-07,48.4564094543457,56.34743881225586,56.57015609741211,55.90200424194336,56.34743881225586,4693397
2019-05-08,47.49877166748047,55.23385238647461,55.90200424194336,54.56570053100586,55.90200424194336,5601836
2019-05-09,46.924190521240234,54.56570053100586,55.45656967163086,54.34298324584961,55.01113510131836,2316391
2019-05-10,46.924190521240234,54.56570053100586,55.23385238647461,53.89754867553711,55.01113510131836,3590765
2019-05-13,46.732662200927734,54.34298324584961,55.01113510131836,54.12026596069336,54.78841781616211,2195161
2019-05-14,46.732662200927734,54.34298324584961,54.78841781616211,53.89754867553711,54.12026596069336,3154898
2019-05-15,44.81739044189453,52.11581039428711,54.78841781616211,52.11581039428711,54.78841781616211,5839581
2019-05-16,44.2428092956543,51.447662353515625,52.11581039428711,51.002227783203125,52.11581039428711,3126836
2019-05-17,43.859764099121094,51.002227783203125,52.11581039428711,50.779510498046875,51.447662353515625,2826118
2019-05-21,43.859764099121094,51.002227783203125,51.224945068359375,50.556793212890625,51.224945068359375,1840226
2019-05-22,43.859764099121094,51.002227783203125,51.447662353515625,50.556793212890625,51.447662353515625,3951761
2019-05-23,41.94447708129883,48.775054931640625,51.89309310913086,48.775054931640625,51.002227783203125,7748056
2019-05-24,42.51906204223633,49.443206787109375,49.665924072265625,48.106903076171875,48.552337646484375,5453554
2019-05-27,43.09364318847656,50.111358642578125,50.779510498046875,49.220489501953125,49.665924072265625,4241703
2019-05-28,43.09364318847656,50.111358642578125,50.556793212890625,49.443206787109375,50.111358642578125,4484387
2019-05-29,42.71058654785156,49.665924072265625,50.334075927734375,49.665924072265625,50.334075927734375,2007591
2019-05-30,42.71058654785156,49.665924072265625,50.111358642578125,49.443206787109375,49.665924072265625,1161450
2019-05-31,43.09364318847656,50.111358642578125,50.556793212890625,49.443206787109375,49.443206787109375,3546202
2019-06-04,44.4343376159668,51.670379638671875,51.89309310913086,50.111358642578125,50.334075927734375,6344594
2019-06-05,44.6258544921875,51.89309310913086,52.338531494140625,51.670379638671875,51.89309310913086,4978961
2019-06-06,44.6258544921875,51.89309310913086,51.89309310913086,51.224945068359375,51.447662353515625,1784662
2019-06-07,44.4343376159668,51.670379638671875,52.11581039428711,51.447662353515625,52.11581039428711,1040782
2019-06-10,44.81739044189453,52.11581039428711,52.338531494140625,51.670379638671875,52.11581039428711,2426283
2019-06-11,46.1580810546875,53.67483139038086,53.89754867553711,51.89309310913086,52.11581039428711,7694176
2019-06-12,45.966552734375,53.45211410522461,53.89754867553711,53.00667953491211,53.67483139038086,3852195
2019-06-13,45.391971588134766,52.78396224975586,53.22939682006836,52.561248779296875,53.00667953491211,2699275
2019-06-14,45.0089111328125,52.338531494140625,53.00667953491211,52.338531494140625,52.561248779296875,2508450
2019-06-17,45.966552734375,53.45211410522461,54.12026596069336,52.338531494140625,52.78396224975586,8356339
2019-06-18,46.349605560302734,53.89754867553711,54.34298324584961,53.45211410522461,53.45211410522461,5843622
2019-06-19,46.541133880615234,54.12026596069336,54.56570053100586,54.12026596069336,54.34298324584961,3867686
2019-06-20,48.2648811340332,56.12472152709961,56.34743881225586,54.12026596069336,54.34298324584961,12157909
2019-06-21,48.2648811340332,56.12472152709961,57.01559066772461,55.45656967163086,56.57015609741211,7604039
2019-06-24,48.0733528137207,55.90200424194336,56.34743881225586,55.67928695678711,56.12472152709961,2696694
2019-06-25,47.6902961730957,55.45656967163086,56.34743881225586,55.23385238647461,55.90200424194336,4521542
2019-06-26,49.79709243774414,57.90645980834961,58.797325134277344,55.45656967163086,55.45656967163086,22420927
2019-06-27,51.71236801147461,60.133628845214844,60.133628845214844,58.129173278808594,58.129173278808594,28206853
2019-06-28,53.819175720214844,62.583518981933594,63.697105407714844,60.579063415527344,60.801780700683594,37582310
2019-07-01,54.96833801269531,63.919822692871094,65.03340911865234,63.474388122558594,63.697105407714844,15385434
2019-07-02,54.96833801269531,63.919822692871094,65.47884368896484,63.474388122558594,63.697105407714844,21395748
2019-07-03,54.96833801269531,63.919822692871094,64.58797454833984,63.697105407714844,64.14253997802734,9347843
2019-07-04,53.05305862426758,61.692649841308594,65.92427825927734,58.797325134277344,64.14253997802734,67088682
2019-07-05,56.11750411987305,65.2561264038086,65.7015609741211,60.579063415527344,61.469932556152344,52167289
2019-07-08,56.88360595703125,66.1469955444336,67.0378646850586,65.47884368896484,66.1469955444336,33938001
2019-07-09,54.01069641113281,62.806236267089844,66.1469955444336,62.583518981933594,65.7015609741211,33959890
2019-07-10,55.54291915893555,64.58797454833984,64.8106918334961,61.915367126464844,63.474388122558594,44664611
2019-07-11,54.96833801269531,63.919822692871094,65.03340911865234,63.474388122558594,65.03340911865234,19294428
2019-07-12,54.77681350708008,63.697105407714844,64.3652572631836,63.028953552246094,64.3652572631836,15395873
2019-07-15,54.39374542236328,63.251670837402344,64.14253997802734,63.251670837402344,63.697105407714844,6184189
2019-07-17,51.90389633178711,60.356346130371094,62.806236267089844,60.356346130371094,62.806236267089844,29376835
2019-07-18,53.819175720214844,62.583518981933594,62.583518981933594,59.910911560058594,59.910911560058594,18314485
2019-07-19,53.62764358520508,62.360801696777344,63.251670837402344,62.138084411621094,63.028953552246094,9894276
2019-07-22,52.47848892211914,61.024497985839844,62.138084411621094,60.356346130371094,61.915367126464844,13791147
2019-07-23,53.05305862426758,61.692649841308594,61.915367126464844,60.801780700683594,61.247215270996094,7034034
2019-07-24,52.67000961303711,61.247215270996094,61.692649841308594,61.024497985839844,61.692649841308594,3378163
2019-07-25,54.20222854614258,63.028953552246094,63.474388122558594,61.469932556152344,61.469932556152344,28713437
2019-07-26,54.20222854614258,63.028953552246094,63.697105407714844,61.915367126464844,62.583518981933594,20701257
2019-07-30,51.32931137084961,59.688194274902344,61.247215270996094,59.465476989746094,60.801780700683594,36898707
2019-07-31,51.13778305053711,59.465476989746094,60.579063415527344,59.242759704589844,59.910911560058594,14172011
2019-08-01,51.90389633178711,60.356346130371094,60.579063415527344,59.020042419433594,59.242759704589844,10946732
2019-08-02,52.09543228149414,60.579063415527344,60.579063415527344,59.465476989746094,59.465476989746094,15178108
2019-08-05,52.09543228149414,60.579063415527344,61.024497985839844,60.133628845214844,60.356346130371094,7133824
2019-08-06,52.47848892211914,61.024497985839844,61.247215270996094,59.688194274902344,59.910911560058594,9664163
2019-08-07,51.90389633178711,60.356346130371094,61.469932556152344,60.133628845214844,61.469932556152344,13627486
2019-08-08,54.77681350708008,63.697105407714844,63.919822692871094,60.579063415527344,60.801780700683594,32431270
2019-08-09,53.244590759277344,61.915367126464844,63.919822692871094,61.247215270996094,63.919822692871094,15528665
2019-08-13,51.32931137084961,59.688194274902344,61.692649841308594,59.688194274902344,61.469932556152344,16084414
2019-08-14,50.94626998901367,59.242759704589844,60.579063415527344,58.35189437866211,60.356346130371094,15741603
2019-08-15,51.520851135253906,59.910911560058594,60.356346130371094,58.35189437866211,58.35189437866211,12597817
2019-08-16,52.67000961303711,61.247215270996094,61.469932556152344,59.910911560058594,59.910911560058594,8938243
2019-08-19,53.819175720214844,62.583518981933594,62.806236267089844,61.247215270996094,61.692649841308594,11138904
2019-08-20,53.819175720214844,62.583518981933594,62.806236267089844,61.915367126464844,62.806236267089844,6974429
2019-08-21,54.77681350708008,63.697105407714844,63.697105407714844,62.583518981933594,62.583518981933594,9136813
2019-08-22,55.35139083862305,64.3652572631836,64.8106918334961,63.028953552246094,63.251670837402344,10928435
2019-08-23,56.11750411987305,65.2561264038086,65.47884368896484,63.697105407714844,64.8106918334961,10778806
2019-08-26,56.50055694580078,65.7015609741211,65.7015609741211,64.14253997802734,64.3652572631836,13597628
2019-08-27,56.50055694580078,65.7015609741211,65.92427825927734,65.03340911865234,65.7015609741211,7602019
2019-08-28,56.30902862548828,65.47884368896484,65.92427825927734,65.2561264038086,65.92427825927734,4630200
2019-08-29,56.694705963134766,65.47884368896484,65.7015609741211,63.697105407714844,65.2561264038086,11918031
2019-08-30,55.9233512878418,64.58797454833984,65.7015609741211,64.3652572631836,65.47884368896484,6977123
2019-09-02,56.30902862548828,65.03340911865234,65.2561264038086,63.028953552246094,64.14253997802734,18560425
2019-09-03,62.34103012084961,72.0,72.0,67.25,68.0,53306900
2019-09-04,60.60933303833008,70.0,72.25,69.5,72.25,21606600
2019-09-05,60.60933303833008,70.0,70.5,69.5,70.25,8436500
2019-09-06,60.60933303833008,70.0,71.0,69.5,70.0,9326000
2019-09-09,61.908119201660156,71.5,73.25,69.75,70.25,35828700
2019-09-10,61.475196838378906,71.0,71.75,70.5,71.75,8772600
2019-09-11,60.39288330078125,69.75,71.25,69.5,71.0,15174500
2019-09-12,61.25872802734375,70.75,71.5,69.5,70.0,11847000
2019-09-13,61.475196838378906,71.0,71.75,70.5,71.0,6424700
2019-09-16,61.475196838378906,71.0,71.0,70.0,71.0,6606600
2019-09-17,61.69165802001953,71.25,71.75,70.5,71.0,7996000
2019-09-18,62.34103012084961,72.0,72.0,70.75,71.25,12206100
2019-09-19,60.39288330078125,69.75,72.5,69.5,72.25,15055900
2019-09-20,59.743492126464844,69.0,70.25,67.75,69.5,17354200
2019-09-23,59.310577392578125,68.5,69.25,68.0,69.0,8076800
2019-09-24,59.52703857421875,68.75,69.5,68.25,68.25,5142500
2019-09-25,59.310577392578125,68.5,69.25,68.5,68.75,3855300
2019-09-26,60.825809478759766,70.25,70.25,68.75,68.75,7658500
2019-09-27,60.825809478759766,70.25,71.0,69.75,70.0,8082600
2019-09-30,60.825809478759766,70.25,70.5,69.25,70.0,4490500
2019-10-01,60.825809478759766,70.25,70.75,69.75,70.25,6105000
2019-10-02,60.60933303833008,70.0,70.25,69.5,70.0,6100000
2019-10-03,61.0422477722168,70.5,70.75,69.75,70.0,4000900
2019-10-04,61.0422477722168,70.5,71.0,70.0,70.5,5751400
2019-10-07,64.07272338867188,74.0,75.0,70.75,71.0,31560200
2019-10-08,63.85627365112305,73.75,74.5,73.5,74.0,11833300
2019-10-09,67.31965637207031,77.75,78.0,73.75,73.75,25673800
2019-10-10,64.9385757446289,75.0,77.25,74.25,76.5,27310600
2019-10-11,67.96903991699219,78.5,80.0,75.0,75.0,72711500
2019-10-15,70.13367462158203,81.0,81.25,78.0,79.0,38893300
2019-10-16,73.16412353515625,84.5,85.0,80.5,81.25,43854300
2019-10-17,75.32875061035156,87.0,87.75,83.75,85.0,32869000
2019-10-18,75.76168060302734,87.5,88.25,85.5,87.25,35033400
2019-10-21,75.32875061035156,87.0,88.5,86.75,87.0,23534800
2019-10-22,79.87445068359375,92.25,92.5,87.0,87.25,36174900
2019-10-24,80.52384948730469,93.0,93.75,91.25,92.75,39745500
2019-10-25,77.4933853149414,89.5,95.5,87.0,93.25,85008500
2019-10-28,79.4415283203125,91.75,92.25,86.75,88.5,52986300
2019-10-29,72.94766998291016,84.25,92.25,84.25,92.0,62803500
2019-10-30,72.08181762695312,83.25,84.75,79.75,83.0,67867500
2019-10-31,71.21597290039062,82.25,84.0,80.0,84.0,45494400
2019-11-01,71.43244171142578,82.5,83.75,81.5,81.5,26825900
2019-11-04,76.41106414794922,88.25,88.75,83.0,83.0,21105200
2019-11-05,73.8134994506836,85.25,87.75,84.0,87.5,14123900
2019-11-06,70.7830581665039,81.75,85.25,80.75,84.0,17493200
2019-11-07,70.99951934814453,82.0,82.5,78.75,81.75,16556500
2019-11-08,72.29828643798828,83.5,84.25,82.5,83.75,15551600
2019-11-11,73.3805923461914,84.75,85.5,81.75,82.75,13630600
2019-11-12,72.94766998291016,84.25,85.75,83.75,85.0,9369300
2019-11-13,72.5147476196289,83.75,84.75,83.0,84.0,7751100
2019-11-14,73.59706115722656,85.0,86.0,83.5,83.75,12882500
2019-11-15,73.8134994506836,85.25,85.75,83.75,85.0,8277500
2019-11-18,75.32875061035156,87.0,87.0,84.5,85.5,10002600
2019-11-19,75.32875061035156,87.0,87.5,86.0,86.75,10737300
2019-11-20,75.97814178466797,87.75,88.0,86.25,86.75,13883600
2019-11-21,76.1946029663086,88.0,88.0,86.5,87.25,11954600
2019-11-22,76.41106414794922,88.25,88.5,87.25,88.0,9281000
2019-11-25,77.27690887451172,89.25,89.75,87.75,88.5,13421800
2019-11-26,74.89582061767578,86.5,89.75,85.75,89.5,81341100
2019-11-27,72.08181762695312,83.25,86.5,82.5,86.5,20826500
2019-11-28,71.43244171142578,82.5,83.75,82.0,82.5,6983800
2019-11-29,70.56658935546875,81.5,82.25,81.0,82.0,7180100
2019-12-02,71.43244171142578,82.5,82.75,80.75,81.0,7416000
2019-12-03,72.29828643798828,83.5,83.75,82.0,82.0,7572000
2019-12-04,73.3805923461914,84.75,85.0,82.75,83.0,8090600
2019-12-06,72.94766998291016,84.25,85.75,83.5,85.0,7063700
2019-12-09,72.29828643798828,83.5,83.75,82.5,83.25,4097200
2019-12-11,73.59706115722656,85.0,85.5,83.75,84.0,7988800
2019-12-12,75.32875061035156,87.0,87.25,85.0,85.5,12280400
2019-12-13,75.32875061035156,87.0,87.25,85.5,86.75,13283700
2019-12-16,71.21597290039062,82.25,86.5,81.5,86.5,27612400
2019-12-17,69.70073699951172,80.5,82.25,78.75,81.0,29424200
2019-12-18,70.56658935546875,81.5,82.0,80.25,80.75,13836800
2019-12-19,72.08181762695312,83.25,83.5,80.5,81.0,15994400
2019-12-20,71.43244171142578,82.5,83.25,82.25,83.0,9290200
2019-12-23,71.21597290039062,82.25,83.25,82.0,82.5,4780500
2019-12-24,73.3805923461914,84.75,85.75,82.0,82.25,19808300
2019-12-25,73.16412353515625,84.5,85.0,84.0,84.5,6396800
2019-12-26,73.59706115722656,85.0,86.25,84.5,84.5,14263800
2019-12-27,73.3805923461914,84.75,85.5,83.5,85.25,14745100
2019-12-30,74.2464599609375,85.75,86.0,84.5,85.0,10499600
2020-01-02,74.67935943603516,86.25,86.75,85.25,86.0,9798400
2020-01-03,74.02999114990234,85.5,86.25,85.5,86.25,6984600
2020-01-06,75.97814178466797,87.75,89.5,84.25,84.5,39868100
2020-01-07,77.4933853149414,89.5,90.0,87.0,88.25,26158100
2020-01-08,76.41106414794922,88.25,90.0,87.5,88.75,30994800
2020-01-09,78.79214477539062,91.0,92.25,89.0,89.5,41965800
2020-01-10,81.17323303222656,93.75,94.0,91.0,91.25,29664100
2020-01-13,82.90491485595703,95.75,96.5,93.5,94.25,46724700
2020-01-14,83.77075958251953,96.75,96.75,94.25,96.0,27231500
2020-01-15,79.65798950195312,92.0,98.25,90.75,96.25,70585900
2020-01-16,82.90491485595703,95.75,96.5,91.5,92.25,31927200
2020-01-17,79.87445068359375,92.25,95.5,91.75,95.5,35654900
2020-01-20,81.38969421386719,94.0,95.0,91.75,92.25,19496900
2020-01-21,81.17323303222656,93.75,96.5,93.25,93.75,33136900
2020-01-22,83.33783721923828,96.25,97.5,93.75,94.5,41907500
2020-01-23,84.42015075683594,97.5,97.75,94.75,96.75,30469500
2020-01-24,81.17323303222656,93.75,98.25,92.75,97.5,40793800
2020-01-27,79.65798950195312,92.0,93.75,91.5,91.75,16170200
2020-01-28,76.41106414794922,88.25,93.5,86.75,92.25,39321400
2020-01-29,77.0604476928711,89.0,89.75,86.75,88.75,27277200
2020-01-30,76.62751770019531,88.5,89.25,87.5,88.25,12496400
2020-01-31,72.73120880126953,84.0,89.0,84.0,89.0,36332500
2020-02-03,70.35012817382812,81.25,84.25,79.75,83.0,47585200
2020-02-04,72.08181762695312,83.25,83.25,81.25,82.0,23161000
2020-02-05,68.40196990966797,79.0,83.5,79.0,83.0,53985500
2020-02-06,66.23735809326172,76.5,80.0,76.5,79.25,53068200
2020-02-07,67.31965637207031,77.75,78.75,76.0,76.0,29557300
2020-02-11,66.67028045654297,77.0,79.0,76.5,78.25,28635500
2020-02-12,67.96903991699219,78.5,78.5,77.0,78.0,19068300
2020-02-13,66.67028045654297,77.0,78.25,76.25,78.25,28422400
2020-02-14,64.2891845703125,74.25,77.5,74.0,77.5,37402900
2020-02-17,66.45381164550781,76.75,77.0,73.75,73.75,24459100
2020-02-18,65.58797454833984,75.75,76.25,75.0,76.0,12170400
2020-02-19,62.124576568603516,71.75,76.25,71.25,76.0,34511600
2020-02-20,63.206878662109375,73.0,73.5,70.5,72.0,25519500
2020-02-21,64.72212982177734,74.75,75.0,72.0,72.25,20199000
2020-02-24,62.34103012084961,72.0,75.25,72.0,74.0,22267000
2020-02-25,62.34103012084961,72.0,73.25,71.0,72.5,19932600
2020-02-26,58.444725036621094,66.75,71.5,66.75,70.75,16952900
2020-02-27,59.53919219970703,68.0,68.25,65.5,67.0,17610600
2020-02-28,55.16131591796875,63.0,65.5,61.75,64.5,29289800
2020-03-02,53.62905502319336,61.25,64.0,59.25,63.5,24421000
2020-03-03,55.817996978759766,63.75,64.75,61.75,63.0,19547800
2020-03-04,56.03689193725586,64.0,64.5,63.0,63.0,15273300
2020-03-05,59.32029724121094,67.75,68.5,64.5,64.75,31754300
2020-03-06,57.78803634643555,66.0,66.75,64.75,66.25,18591800
2020-03-09,53.847938537597656,61.5,63.0,60.25,61.5,15803000
2020-03-10,54.72351837158203,62.5,63.25,61.25,61.5,14453900
2020-03-11,50.126747131347656,57.25,62.5,56.5,62.5,30385300
2020-03-12,43.997718811035156,50.25,54.25,48.5,53.5,27286700
2020-03-13,45.31107711791992,51.75,55.75,43.0,45.5,39004700
2020-03-16,39.838722229003906,45.5,52.25,45.25,49.0,25530400
2020-03-17,41.152095794677734,47.0,49.5,45.75,46.0,31923400
2020-03-18,42.90324020385742,49.0,50.5,47.0,48.5,26057300
2020-03-19,46.84333419799805,53.5,53.5,47.5,48.25,31212200
2020-03-20,53.847938537597656,61.5,61.5,55.5,56.25,40162100
2020-03-23,45.96775817871094,52.5,56.0,52.5,55.0,30539100
2020-03-24,46.62443542480469,53.25,56.5,52.25,56.0,32712700
2020-03-25,49.03227233886719,56.0,58.0,53.75,54.5,33942300
2020-03-26,48.37559127807617,55.25,56.75,54.5,55.25,18353700
2020-03-27,48.59449005126953,55.5,57.75,55.25,56.25,27154700
2020-03-30,48.156700134277344,55.0,55.0,55.0,55.0,748500
2020-03-31,49.90785598754883,57.0,57.5,55.75,56.0,14643000
2020-04-01,49.03227233886719,56.0,59.25,55.75,56.5,23193900
2020-04-02,50.56454086303711,57.75,58.5,55.75,56.75,17156300
2020-04-03,49.90785598754883,57.0,59.0,56.75,58.25,9046600
2020-04-07,56.9124641418457,65.0,65.25,59.25,60.0,42637900
2020-04-08,56.69356918334961,64.75,67.75,63.75,64.0,37241500
2020-04-09,57.78803634643555,66.0,68.5,65.5,66.5,26552100
2020-04-10,59.758087158203125,68.25,68.5,65.75,65.75,22118600
2020-04-13,58.66361618041992,67.0,68.5,66.25,68.25,14636400
2020-04-14,56.69356918334961,64.75,67.5,64.25,67.25,21296600
2020-04-15,55.38021469116211,63.25,65.25,63.0,64.5,24977500
2020-04-16,54.50463104248047,62.25,64.75,62.25,62.75,22971700
2020-04-17,55.38021469116211,63.25,64.25,62.5,63.75,14559500
2020-04-20,57.13136672973633,65.25,65.75,63.0,63.5,22232100
2020-04-21,57.78803634643555,66.0,66.5,64.0,64.25,20138800
2020-04-22,62.82261276245117,71.75,73.0,66.25,66.25,66128900
2020-04-23,63.26039123535156,72.25,73.75,69.5,71.75,50780200
2020-04-24,60.633670806884766,69.25,72.0,69.0,72.0,32291900
2020-04-27,61.72812271118164,70.5,70.5,68.0,69.5,28178700
2020-04-28,61.72812271118164,70.5,72.25,69.75,70.5,32309200
2020-04-29,61.50924301147461,70.25,71.25,70.0,71.25,14516700
2020-04-30,61.72812271118164,70.5,71.5,69.75,70.75,18840200
2020-05-05,59.758087158203125,68.25,70.25,68.25,69.5,12755300
2020-05-07,59.976993560791016,68.5,69.5,67.75,68.0,17624700
2020-05-08,59.53919219970703,68.0,69.5,67.75,69.25,14433900
2020-05-11,63.26039123535156,72.25,72.5,68.75,69.0,33487300
2020-05-12,65.01154327392578,74.25,74.75,72.0,72.25,32813900
2020-05-13,63.04149627685547,72.0,74.0,71.5,73.75,16753500
2020-05-14,62.60371398925781,71.5,72.0,70.75,71.5,13502800
2020-05-15,62.82261276245117,71.75,72.25,71.0,71.75,10226200
2020-05-18,62.60371398925781,71.5,72.5,70.5,72.25,16611400
2020-05-19,64.135986328125,73.25,74.5,72.0,72.5,28723800
2020-05-20,66.54380798339844,76.0,76.75,73.75,74.0,30734900
2020-05-21,66.10601806640625,75.5,77.25,75.25,76.75,16959300
2020-05-22,67.6382827758789,77.25,77.25,73.75,74.75,22610700
2020-05-25,68.9516372680664,78.75,79.0,77.5,77.75,19165300
2020-05-26,68.29496002197266,78.0,79.5,78.0,79.5,10985300
2020-05-27,68.07605743408203,77.75,78.75,76.25,78.0,13412200
2020-05-28,66.76268768310547,76.25,79.0,76.25,78.0,14808400
2020-05-29,66.10601806640625,75.5,76.75,74.5,75.75,19093800
2020-06-01,67.20048522949219,76.75,77.25,76.25,76.25,8230300
2020-06-02,69.60832214355469,79.5,79.5,77.5,77.5,20995700
2020-06-04,69.38943481445312,79.25,80.75,79.25,80.0,16716400
2020-06-05,70.48390197753906,80.5,82.25,78.0,79.25,29044900
2020-06-08,70.26499938964844,80.25,81.5,79.0,80.5,15326700
2020-06-09,68.73274230957031,78.5,82.75,78.25,81.0,38657400
2020-06-10,69.17053985595703,79.0,79.5,77.75,79.0,15134200
2020-06-11,68.73274230957031,78.5,79.75,78.0,79.0,10493600
2020-06-12,68.07605743408203,77.75,78.0,75.75,76.0,11550500
2020-06-15,65.66822052001953,75.0,77.75,75.0,76.75,11997000
2020-06-16,66.98159790039062,76.5,77.5,75.75,77.0,9101400
2020-06-17,68.51385498046875,78.25,78.5,76.0,76.25,9026200
2020-06-18,70.04611206054688,80.0,80.25,77.5,77.75,16053100
2020-06-19,67.6382827758789,77.25,80.25,77.25,80.0,14408800
2020-06-22,67.41938781738281,77.0,77.75,76.5,76.75,6303300
2020-06-23,67.41938781738281,77.0,78.0,76.5,78.0,5737900
2020-06-24,65.66822052001953,75.0,77.5,75.0,77.5,8504500
2020-06-25,64.57376098632812,73.75,74.25,72.5,74.0,12892700
2020-06-26,65.4493408203125,74.75,76.5,73.5,74.0,14646800
2020-06-29,64.79264831542969,74.0,75.0,72.75,74.0,15948100
2020-06-30,64.3548583984375,73.5,75.25,73.5,74.75,8221300
2020-07-01,64.57376098632812,73.75,74.5,73.25,74.0,6340100
2020-07-02,66.54380798339844,76.0,76.75,73.75,74.0,12551600
2020-07-03,66.54380798339844,76.0,76.75,75.5,75.75,12328400
2020-07-07,66.98159790039062,76.5,79.5,76.5,76.75,27896500
2020-07-08,66.32490539550781,75.75,77.5,75.25,76.5,14344100
2020-07-09,66.10601806640625,75.5,76.25,74.5,76.0,9771400
2020-07-10,64.3548583984375,73.5,75.0,73.5,74.5,10835600
2020-07-13,64.3548583984375,73.5,75.5,73.25,74.0,10856400
2020-07-14,64.3548583984375,73.5,74.0,72.5,73.0,7664100
2020-07-15,65.4493408203125,74.75,75.0,73.75,74.0,9537400
2020-07-16,64.135986328125,73.25,74.75,73.0,74.75,9183200
2020-07-17,65.23043823242188,74.5,74.75,73.5,73.75,4919900
2020-07-20,65.01154327392578,74.25,75.25,73.75,74.5,4680000
2020-07-21,66.54380798339844,76.0,76.25,74.75,75.0,10297200
2020-07-22,64.79264831542969,74.0,76.25,74.0,76.25,7532100
2020-07-23,63.69818878173828,72.75,74.25,72.0,74.0,14196500
2020-07-24,62.82261276245117,71.75,72.5,71.25,72.25,7896000
2020-07-29,62.60371398925781,71.5,72.5,71.25,72.25,5059900
2020-07-30,59.758087158203125,68.25,72.0,67.75,72.0,12777900
2020-07-31,59.976993560791016,68.5,68.5,66.75,68.0,10776300
2020-08-03,58.66361618041992,67.0,68.0,66.0,68.0,11753600
2020-08-04,60.414772033691406,69.0,69.25,67.5,68.0,10165600
2020-08-05,60.19588851928711,68.75,70.0,68.0,69.75,6763600
2020-08-06,60.852561950683594,69.5,70.5,69.25,69.5,7757100
2020-08-07,61.9470329284668,70.75,72.0,70.25,71.25,16694400
2020-08-10,61.72812271118164,70.5,71.25,70.25,71.0,7027600
2020-08-11,61.9470329284668,70.75,72.0,70.75,71.25,5125800
2020-08-13,61.72812271118164,70.5,71.75,70.5,71.5,3851100
2020-08-14,59.758087158203125,68.25,70.75,68.25,70.5,8021100
2020-08-17,59.758087158203125,68.25,69.25,67.25,68.5,4774400
2020-08-18,59.976993560791016,68.5,68.75,67.5,68.0,8351800
2020-08-19,60.414772033691406,69.0,69.25,67.75,68.5,6539300
2020-08-20,57.78803634643555,66.0,69.0,66.0,68.25,11846900
2020-08-21,54.94241714477539,62.75,66.75,62.75,66.25,21713100
2020-08-24,56.47467803955078,64.5,64.5,62.75,63.25,12053000
2020-08-25,55.599098205566406,63.5,65.5,63.5,65.25,7876200
2020-08-26,56.03689193725586,64.0,64.25,63.25,63.75,5189000
2020-08-27,57.569149017333984,65.75,66.0,64.25,64.5,14532100
2020-08-28,57.13136672973633,65.25,66.5,65.25,66.25,7795900
2020-08-31,56.03689193725586,64.0,65.75,63.75,65.5,6396800
2020-09-01,55.816280364990234,63.25,63.75,62.75,63.5,5175300
2020-09-02,55.59565734863281,63.0,63.5,62.25,63.0,5358600
2020-09-03,56.036888122558594,63.5,64.25,63.0,63.25,3852600
2020-09-08,55.154415130615234,62.5,63.75,62.5,63.5,3777200
2020-09-09,55.375038146972656,62.75,63.0,61.5,61.75,4399700
2020-09-10,55.59565734863281,63.0,63.0,62.25,63.0,2399700
2020-09-11,56.478126525878906,64.0,65.5,63.0,63.0,12983800
2020-09-14,56.036888122558594,63.5,64.75,63.5,64.5,5949000
2020-09-15,56.25750732421875,63.75,64.0,63.25,63.75,2838800
2020-09-16,56.036888122558594,63.5,64.0,62.75,63.75,5974700
2020-09-17,56.036888122558594,63.5,64.25,63.0,63.5,6713400
2020-09-18,56.91936111450195,64.5,64.5,63.5,64.0,4192700
2020-09-21,55.59565734863281,63.0,65.25,62.75,64.75,6394000
2020-09-22,55.59565734863281,63.0,63.5,62.5,63.0,5010000
2020-09-23,55.375038146972656,62.75,63.25,62.25,63.0,4745400
2020-09-24,52.06576919555664,59.0,62.5,58.5,62.0,13514900
2020-09-25,50.962684631347656,57.75,59.75,56.75,59.25,15211800
2020-09-28,52.948238372802734,60.0,60.25,58.0,58.25,8645300
2020-09-29,51.845157623291016,58.75,60.25,58.75,60.0,4580800
2020-09-30,50.74207305908203,57.5,59.5,57.5,59.0,6064300
2020-10-01,51.845157623291016,58.75,58.75,56.5,57.75,8037500
2020-10-02,50.52144241333008,57.25,58.5,56.75,58.25,5588600
2020-10-05,50.30083084106445,57.0,57.75,56.5,57.5,3953200
2020-10-06,49.859596252441406,56.5,58.0,56.0,57.5,10275400
2020-10-07,50.74207305908203,57.5,58.0,56.0,56.25,7378200
2020-10-08,52.50700378417969,59.5,59.5,57.25,57.75,9286900
2020-10-09,51.62453842163086,58.5,59.75,58.5,59.5,5575200
2020-10-12,52.06576919555664,59.0,59.75,58.25,58.75,5784100
2020-10-14,51.18330383300781,58.0,59.0,57.25,58.75,5066600
2020-10-15,49.41835403442383,56.0,57.75,56.0,57.25,8737200
2020-10-16,49.638980865478516,56.25,56.75,55.75,56.25,3858200
2020-10-19,49.859596252441406,56.5,56.75,55.5,56.0,5766600
2020-10-20,48.09465408325195,54.5,56.5,54.0,56.25,9616100
2020-10-21,47.65341567993164,54.0,54.75,53.5,54.5,6304200
2020-10-22,46.99155807495117,53.25,54.5,52.5,53.75,7935300
2020-10-26,47.432796478271484,53.75,54.5,53.25,53.25,3660000
2020-10-27,47.212181091308594,53.5,53.75,53.0,53.0,3758600
2020-10-28,46.77094268798828,53.0,54.5,53.0,53.25,6986500
2020-10-29,45.88847732543945,52.0,53.0,51.5,52.75,5284600
2020-10-30,45.6678581237793,51.75,52.5,50.75,52.25,5508700
2020-11-02,45.6678581237793,51.75,52.25,50.5,52.0,11076700
2020-11-03,48.09465408325195,54.5,54.5,52.0,52.25,12190200
2020-11-04,46.99155807495117,53.25,55.0,52.75,54.25,11527800
2020-11-05,52.948238372802734,60.0,60.25,54.75,54.75,42393400
2020-11-06,56.036888122558594,63.5,65.25,60.75,61.0,57416300
2020-11-09,56.91936111450195,64.5,65.5,63.75,65.0,25914700
2020-11-10,58.46367645263672,66.25,67.5,64.5,65.0,28926600
2020-11-11,60.22862243652344,68.25,69.75,66.5,67.25,37130100
2020-11-12,59.346153259277344,67.25,68.5,67.0,67.75,14739200
2020-11-13,60.66986846923828,68.75,69.0,66.25,66.75,19141200
2020-11-16,59.12553405761719,67.0,69.25,67.0,69.0,23548600
2020-11-17,56.91936111450195,64.5,67.75,64.5,66.75,31571000
2020-11-18,59.12553405761719,67.0,67.25,64.75,64.75,28476300
2020-11-19,58.46367645263672,66.25,67.75,65.75,67.25,16850200
2020-11-20,60.00800323486328,68.0,68.0,65.5,66.0,18078300
2020-11-23,62.4348030090332,70.75,71.25,68.25,68.5,36020300
2020-11-24,61.11109924316406,69.25,71.5,69.0,71.0,19889500
2020-11-25,62.21417236328125,70.5,71.25,69.0,70.25,24344300
2020-11-26,62.4348030090332,70.75,70.75,69.75,70.75,12927400
2020-11-27,63.9791259765625,72.5,73.25,70.0,70.5,36218600
2020-11-30,61.993568420410156,70.25,72.5,70.25,71.75,22184900
2020-12-01,61.33171844482422,69.5,71.0,68.5,70.5,26819900
2020-12-02,61.33171844482422,69.5,70.75,69.0,69.0,17204700
2020-12-03,62.4348030090332,70.75,71.25,69.25,69.75,17426900
2020-12-04,62.4348030090332,70.75,71.5,70.5,70.75,12642100
2020-12-08,63.31727981567383,71.75,72.5,69.75,70.5,22298400
2020-12-09,63.09665298461914,71.5,73.5,71.25,72.25,21114800
2020-12-14,61.993568420410156,70.25,72.0,70.0,71.5,15078400
2020-12-15,62.4348030090332,70.75,71.0,69.25,70.25,12021100
2020-12-16,62.21417236328125,70.5,71.5,70.0,71.0,10480400
2020-12-17,62.4348030090332,70.75,71.75,70.25,70.75,12294200
2020-12-18,62.21417236328125,70.5,71.0,69.5,70.75,12763800
2020-12-21,57.360591888427734,65.0,69.0,65.0,68.0,27093100
2020-12-22,59.346153259277344,67.25,67.5,64.5,65.25,17965000
2020-12-23,58.68431091308594,66.5,68.0,66.25,67.0,13717300
2020-12-24,59.78738784790039,67.75,68.5,66.0,66.25,12079400
2020-12-25,59.78738784790039,67.75,68.5,67.5,68.0,6835900
2020-12-28,69.2739486694336,78.5,80.0,67.5,68.75,115413200
2020-12-29,66.8471450805664,75.75,79.0,73.5,78.5,83277400
2020-12-30,65.08221435546875,73.75,77.75,73.75,76.5,44685000
2021-01-04,69.7151870727539,79.0,79.25,72.5,72.5,70543600
2021-01-05,74.78939056396484,84.75,85.75,78.25,78.75,93811500
2021-01-06,70.37703704833984,79.75,84.5,79.0,84.25,63632300
2021-01-07,73.6863021850586,83.5,84.5,80.0,81.5,58467900
2021-01-08,72.36260223388672,82.0,84.75,80.25,84.25,51217300
2021-01-11,72.36260223388672,82.0,83.0,81.0,81.5,25422200
2021-01-12,73.6863021850586,83.5,84.25,81.75,82.0,40519900
2021-01-13,75.67186737060547,85.75,88.0,82.75,83.75,63250500
2021-01-14,74.1275405883789,84.0,85.5,83.5,85.25,33697400
2021-01-15,71.9213638305664,81.5,84.0,81.25,83.5,37668900
2021-01-18,73.6863021850586,83.5,83.75,80.5,81.25,30800300
2021-01-19,73.4656753540039,83.25,84.75,82.75,84.0,31449500
2021-01-20,71.70075225830078,81.25,83.5,81.25,83.25,26704500
2021-01-21,70.81826782226562,80.25,82.75,80.25,82.0,27717600
2021-01-22,69.93580627441406,79.25,80.5,79.0,80.25,22158600
2021-01-25,71.9213638305664,81.5,81.75,79.0,79.25,25053200
2021-01-26,73.6863021850586,83.5,83.5,80.5,81.5,30500300
2021-01-27,71.9213638305664,81.5,83.75,81.5,83.5,31230300
2021-01-28,68.83271789550781,78.0,81.0,77.5,80.25,36369700
2021-01-29,69.05332946777344,78.25,79.25,76.75,78.75,27902500
2021-02-01,69.05332946777344,78.25,79.0,77.25,78.0,16702800
2021-02-02,69.49456787109375,78.75,79.5,78.5,78.75,13538800
2021-02-03,68.83271789550781,78.0,79.5,77.5,79.25,15441400
2021-02-04,67.28838348388672,76.25,78.0,76.25,78.0,19583200
2021-02-05,67.95024871826172,77.0,78.0,76.25,76.75,16083700
2021-02-08,68.17086791992188,77.25,78.75,76.5,77.5,24473300
2021-02-09,71.03888702392578,80.5,81.5,77.5,77.75,40560100
2021-02-10,71.03888702392578,80.5,83.0,80.0,82.5,39293300
2021-02-11,71.2594985961914,80.75,81.25,79.25,80.75,17190700
2021-02-15,70.15641784667969,79.5,81.25,79.5,80.5,20264800
2021-02-16,71.4801254272461,81.0,81.5,79.75,79.75,19487900
2021-02-17,69.7151870727539,79.0,81.5,79.0,80.75,25162500
2021-02-18,69.7151870727539,79.0,79.75,78.5,79.5,9838100
2021-02-19,68.61209106445312,77.75,79.25,77.5,78.75,12776800
2021-02-22,66.40592193603516,75.25,78.0,75.25,77.5,19873300
2021-02-23,67.72962188720703,76.75,77.0,75.25,75.25,12557400
2021-02-24,67.06777954101562,76.0,77.5,76.0,77.25,15728600
2021-02-25,66.40592193603516,75.25,77.25,75.25,77.0,14406800
2021-03-01,66.40592193603516,75.25,75.5,74.0,74.0,13053100
2021-03-02,66.8471450805664,75.75,76.25,75.0,75.25,9856600
2021-03-03,68.63570404052734,76.75,76.75,74.75,75.25,14120100
2021-03-04,67.51786041259766,75.5,76.75,75.5,76.25,10138100
2021-03-05,67.51786041259766,75.5,76.25,74.5,75.25,9652000
2021-03-08,65.72930145263672,73.5,76.25,73.25,76.0,16457200
2021-03-09,66.84715270996094,74.75,75.0,72.25,73.75,20279200
2021-03-10,66.84715270996094,74.75,76.0,74.5,75.5,16380500
2021-03-11,67.07071685791016,75.0,75.75,74.75,75.5,8380800
2021-03-12,68.63570404052734,76.75,78.5,75.25,75.5,34590000
2021-03-15,67.74142456054688,75.75,77.25,75.5,77.0,14048900
2021-03-16,67.96501159667969,76.0,76.75,75.75,76.0,9600400
2021-03-17,67.29429626464844,75.25,76.0,75.0,75.75,10798600
2021-03-18,66.84715270996094,74.75,76.0,74.5,75.75,9508600
2021-03-19,66.62357330322266,74.5,74.75,74.25,74.5,5549200
2021-03-22,66.62357330322266,74.5,75.0,73.75,74.5,8691300
2021-03-23,66.40001678466797,74.25,75.75,74.0,75.0,11223500
2021-03-24,66.40001678466797,74.25,74.75,74.0,74.25,5743400
2021-03-25,68.41214752197266,76.5,77.5,75.5,75.5,45949100
2021-03-26,67.96501159667969,76.0,77.5,76.0,77.0,14052400
2021-03-29,67.74142456054688,75.75,76.75,75.5,76.5,9817900
2021-03-30,67.07071685791016,75.0,76.25,75.0,76.0,8645100
2021-03-31,68.8592758178711,77.0,77.25,75.0,75.25,19110500
2021-04-01,68.41214752197266,76.5,77.75,76.5,77.5,18670800
2021-04-02,67.96501159667969,76.0,77.0,75.75,77.0,6556900
2021-04-05,66.84715270996094,74.75,76.0,74.75,76.0,7473700
2021-04-07,65.72930145263672,73.5,74.75,73.5,74.25,9813200
2021-04-08,65.72930145263672,73.5,74.25,73.5,74.0,4491300
2021-04-09,65.952880859375,73.75,74.5,73.5,73.5,6538100
2021-04-12,64.38789367675781,72.0,73.5,72.0,73.5,8470400
2021-04-16,64.83502197265625,72.5,73.25,72.0,72.25,7374200
2021-04-19,65.72930145263672,73.5,74.0,72.75,73.0,8366300
2021-04-20,66.40001678466797,74.25,74.75,73.5,73.5,8091600
2021-04-21,65.72930145263672,73.5,74.25,73.5,73.75,3749400
2021-04-22,64.83502197265625,72.5,74.25,72.5,74.0,8556800
2021-04-23,64.83502197265625,72.5,73.25,72.0,72.0,7444800
2021-04-26,63.717185974121094,71.25,72.5,70.75,72.25,10876900
2021-04-27,63.717185974121094,71.25,72.25,71.0,71.25,6032400
2021-04-28,65.50574493408203,73.25,74.0,71.0,71.25,15242100
2021-04-29,65.28217315673828,73.0,73.75,73.0,73.75,5525500
2021-04-30,65.05860900878906,72.75,73.5,72.5,73.25,6014400
2021-05-05,63.493629455566406,71.0,72.75,70.75,72.5,14009100
2021-05-06,64.16432189941406,71.75,72.25,71.0,71.0,9022700
2021-05-07,65.50574493408203,73.25,73.25,71.5,72.25,10397900
2021-05-10,65.05860900878906,72.75,73.75,72.5,73.75,8785200
2021-05-11,64.83502197265625,72.5,73.0,71.5,72.5,9116900
2021-05-12,64.16432189941406,71.75,72.25,71.25,72.0,8565900
2021-05-13,62.59932327270508,70.0,71.75,67.25,71.0,21526700
2021-05-14,62.15220642089844,69.5,70.5,68.75,70.25,8176900
2021-05-17,61.257930755615234,68.5,69.75,68.25,69.25,10037500
2021-05-18,61.92863845825195,69.25,70.25,68.75,68.75,10079000
2021-05-19,61.7050666809082,69.0,70.0,68.75,69.25,9005700
2021-05-20,61.257930755615234,68.5,69.5,68.25,69.0,7744400
2021-05-21,61.257930755615234,68.5,69.25,67.75,68.75,7579800
2021-05-24,61.03435516357422,68.25,68.75,67.75,68.25,5698500
2021-05-25,62.59932327270508,70.0,70.25,68.5,69.0,10902700
2021-05-27,65.05860900878906,72.75,73.75,70.25,70.25,29800300
2021-05-28,64.38789367675781,72.0,72.75,71.5,72.5,9583100
2021-05-31,65.28217315673828,73.0,73.0,71.5,72.0,10593700
2021-06-01,68.63570404052734,76.75,77.0,75.25,75.25,48093400
2021-06-02,68.41214752197266,76.5,77.0,75.75,77.0,14143700
2021-06-04,67.29429626464844,75.25,76.5,75.25,76.5,5927900
2021-06-07,65.952880859375,73.75,75.5,73.5,75.25,12814800
2021-06-08,66.62357330322266,74.5,75.5,73.5,74.0,9193700
2021-06-09,67.07071685791016,75.0,75.5,74.25,74.5,12349400
2021-06-10,67.51786041259766,75.5,76.5,75.25,75.5,12610100
2021-06-11,67.51786041259766,75.5,76.25,74.75,76.0,7568400
2021-06-14,67.96501159667969,76.0,76.5,75.25,75.5,8629100
2021-06-15,66.62357330322266,74.5,76.25,74.25,76.0,5870300
2021-06-16,66.84715270996094,74.75,75.0,74.0,74.5,4929600
2021-06-17,66.17643737792969,74.0,74.75,74.0,74.25,6554400
2021-06-18,68.41214752197266,76.5,76.5,74.25,74.75,24994200
2021-06-21,67.51786041259766,75.5,76.5,75.0,76.0,14043700
2021-06-22,66.62357330322266,74.5,76.0,74.25,76.0,9664800
2021-06-23,66.17643737792969,74.0,74.75,73.5,74.25,10265900
2021-06-24,64.83502197265625,72.5,74.25,72.25,73.75,15231600
2021-06-25,64.16432189941406,71.75,73.0,71.75,72.75,7750500
2021-06-28,64.83502197265625,72.5,72.5,70.5,71.25,5821400
2021-06-29,64.83502197265625,72.5,73.5,72.0,72.25,7424600
2021-06-30,65.28217315673828,73.0,74.25,72.5,72.75,13920800
2021-07-01,67.51786041259766,75.5,76.0,72.5,73.0,24237900
2021-07-02,66.62357330322266,74.5,76.0,74.25,75.0,15841000
2021-07-05,68.63570404052734,76.75,76.75,74.0,74.5,20564900
2021-07-06,68.18856048583984,76.25,77.0,75.75,76.75,12213900
2021-07-07,67.51786041259766,75.5,76.5,75.0,75.75,10087400
2021-07-08,65.50574493408203,73.25,75.0,73.0,74.75,14625300
2021-07-09,65.50574493408203,73.25,73.5,72.0,72.75,9630700
2021-07-12,65.28217315673828,73.0,73.75,72.5,73.5,7572900
2021-07-13,66.62357330322266,74.5,74.5,73.0,73.25,8418200
2021-07-14,70.42425537109375,78.75,79.0,76.25,76.5,59535100
2021-07-15,70.6478271484375,79.0,81.5,79.0,80.5,40110700
2021-07-16,70.87140655517578,79.25,83.5,78.5,78.75,73034100
2021-07-19,71.76566314697266,80.25,80.75,78.25,78.5,31928400
2021-07-20,71.31853485107422,79.75,80.75,78.75,80.25,21824900
2021-07-21,71.31853485107422,79.75,80.5,79.0,80.0,24246900
2021-07-22,71.094970703125,79.5,81.25,78.5,80.5,24758100
2021-07-23,70.42425537109375,78.75,80.0,78.75,79.5,9369600
2021-07-27,70.6478271484375,79.0,79.5,78.25,78.75,8538100
2021-07-29,71.094970703125,79.5,79.75,78.75,79.5,9012500
2021-07-30,68.63570404052734,76.75,79.0,76.25,79.0,21334500
2021-08-02,69.52998352050781,77.75,77.75,76.25,77.0,9343100
2021-08-03,69.75354766845703,78.0,78.25,77.25,77.5,10999700
2021-08-04,72.8835220336914,81.5,81.5,77.5,78.5,32865000
2021-08-05,70.87140655517578,79.25,81.5,79.25,81.5,21392100
2021-08-06,70.20068359375,78.5,79.75,77.25,79.5,19323500
2021-08-09,71.76566314697266,80.25,81.0,78.0,78.75,24521700
2021-08-10,70.87140655517578,79.25,80.75,78.75,80.25,15571100
2021-08-11,70.6478271484375,79.0,80.0,78.5,79.75,9739700
2021-08-13,70.20068359375,78.5,79.25,77.75,78.75,9414500
2021-08-16,70.42425537109375,78.75,78.75,77.75,78.25,7093900
2021-08-17,70.6478271484375,79.0,79.75,78.25,79.0,12681500
2021-08-18,70.20068359375,78.5,79.25,78.5,79.0,8171100
2021-08-19,70.20068359375,78.5,80.0,78.25,78.25,14464100
2021-08-20,70.87140655517578,79.25,79.25,78.25,78.75,8112100
2021-08-23,70.6478271484375,79.0,81.0,78.0,80.0,24226600
2021-08-24,70.87140655517578,79.25,80.0,79.0,79.0,10290500
2021-08-25,72.21280670166016,80.75,81.5,79.0,79.25,24400100
2021-08-26,71.98924255371094,80.5,82.25,80.25,81.0,21624000
2021-08-27,71.98924255371094,80.5,81.5,80.25,80.5,10685800
2021-08-30,73.77779388427734,82.5,82.5,80.75,80.75,20039700
2021-08-31,74.4485092163086,83.25,84.0,82.25,83.0,31311100
2021-09-01,73.77779388427734,82.5,83.25,82.0,83.25,12132500
2021-09-02,74.00135803222656,82.75,83.0,81.75,82.5,11515200
2021-09-03,74.4485092163086,83.25,84.25,82.0,83.0,18361900
2021-09-06,74.00135803222656,82.75,84.0,82.75,83.25,7248700
2021-09-07,72.43638610839844,81.0,83.25,80.75,82.75,13823400
2021-09-08,72.66132354736328,80.75,81.5,80.25,80.25,9087800
2021-09-09,72.21141815185547,80.25,81.25,79.5,80.5,8864900
2021-09-10,71.76151275634766,79.75,80.5,78.75,80.25,15425700
2021-09-13,71.76151275634766,79.75,80.25,78.75,79.25,8414300
2021-09-14,71.53655242919922,79.5,80.25,79.0,80.25,6909300
2021-09-15,71.76151275634766,79.75,80.0,79.25,79.25,5802000
2021-09-16,69.96183776855469,77.75,80.0,77.25,79.75,29640400
2021-09-17,69.73688507080078,77.5,78.0,76.5,77.5,17580200
2021-09-20,69.06200408935547,76.75,77.5,76.5,77.0,7242200
2021-09-21,69.96183776855469,77.75,78.0,76.75,76.75,11136500
2021-09-22,70.18680572509766,78.0,78.5,77.25,77.75,9110600
2021-09-23,70.18680572509766,78.0,78.25,77.0,78.25,8824300
2021-09-27,69.28697967529297,77.0,77.75,77.0,77.5,7722100
2021-09-28,68.61209106445312,76.25,77.25,76.0,77.0,7964000
2021-09-29,68.61209106445312,76.25,76.75,75.25,75.5,9205600
2021-09-30,67.93722534179688,75.5,76.75,75.0,76.25,10934900
2021-10-01,68.16218566894531,75.75,76.25,75.0,75.0,7527900
2021-10-04,68.61209106445312,76.25,76.5,75.5,76.0,6847200
2021-10-05,69.5119400024414,77.25,77.75,75.75,76.25,13675400
2021-10-06,68.16218566894531,75.75,77.5,75.25,77.25,20844600
2021-10-07,68.38714599609375,76.0,76.5,75.75,76.25,7048400
2021-10-08,68.38714599609375,76.0,76.75,75.75,76.5,7098400
2021-10-11,68.16218566894531,75.75,76.5,75.25,76.0,6065500
2021-10-12,67.93722534179688,75.5,76.25,75.25,75.75,7052300
2021-10-14,68.61209106445312,76.25,77.25,75.75,76.0,14342900
2021-10-15,68.38714599609375,76.0,76.75,75.75,76.5,7490900
2021-10-18,68.61209106445312,76.25,77.0,76.0,76.0,5478100
2021-10-19,68.83706665039062,76.5,77.75,76.0,76.5,11900200
2021-10-20,68.83706665039062,76.5,77.0,76.25,76.75,5355400
2021-10-21,69.28697967529297,77.0,77.75,76.25,76.75,9849600
2021-10-25,69.06200408935547,76.75,77.25,76.75,77.0,4409200
2021-10-26,69.96183776855469,77.75,78.75,76.75,76.75,18463500
2021-10-27,69.73688507080078,77.5,78.0,77.25,77.75,5311100
2021-10-28,70.41175842285156,78.25,79.25,77.75,77.75,18354400
2021-10-29,70.18680572509766,78.0,79.0,77.5,78.5,7358400
2021-11-01,70.18680572509766,78.0,78.75,77.5,78.0,8086900
2021-11-02,69.96183776855469,77.75,78.25,76.5,78.0,10763300
2021-11-03,69.28697967529297,77.0,77.75,76.75,77.5,7906400
2021-11-04,69.73688507080078,77.5,78.25,76.75,77.25,10479000
2021-11-05,70.63671875,78.5,79.0,77.75,77.75,19280000
2021-11-08,68.38714599609375,76.0,78.25,75.0,77.75,42300700
2021-11-09,67.71227264404297,75.25,76.0,75.0,75.5,10660700
2021-11-10,67.03739929199219,74.5,75.5,73.75,75.25,17621400
2021-11-11,66.81243133544922,74.25,74.75,74.0,74.5,7132200
2021-11-12,67.03739929199219,74.5,75.0,74.25,74.5,7306000
2021-11-15,67.48729705810547,75.0,75.25,74.25,74.5,5810200
2021-11-16,67.71227264404297,75.25,76.0,75.0,75.25,8517500
2021-11-17,67.48729705810547,75.0,75.75,74.75,75.5,5076600
2021-11-18,68.38714599609375,76.0,76.0,75.0,75.0,9875700
2021-11-19,69.06200408935547,76.75,77.5,75.75,76.5,23683900
2021-11-22,69.96183776855469,77.75,78.5,77.0,77.25,21256000
2021-11-23,69.5119400024414,77.25,78.25,77.0,78.0,8223700
2021-11-24,69.5119400024414,77.25,77.5,76.75,77.25,6362100
2021-11-25,69.28697967529297,77.0,77.5,76.75,77.25,3574600
2021-11-26,67.93722534179688,75.5,76.75,75.25,76.5,10637200
2021-11-29,67.03739929199219,74.5,75.5,74.25,75.25,9349600
2021-11-30,66.13755798339844,73.5,75.25,73.25,75.0,16316500
2021-12-01,66.13755798339844,73.5,74.25,72.5,74.25,12346100
2021-12-02,66.3625259399414,73.75,74.25,73.0,73.25,7775800
2021-12-03,66.58747863769531,74.0,74.5,73.5,73.5,8103900
2021-12-07,66.81243133544922,74.25,74.5,73.75,74.0,3826300
2021-12-08,66.81243133544922,74.25,75.0,74.25,74.25,5517100
2021-12-09,67.03739929199219,74.5,74.75,74.25,74.25,3633400
2021-12-13,67.03739929199219,74.5,74.75,74.25,74.5,2569800
2021-12-14,67.03739929199219,74.5,75.0,73.75,74.25,5751800
2021-12-15,67.03739929199219,74.5,75.5,74.25,74.25,5798000
2021-12-16,69.28697967529297,77.0,77.25,74.75,74.75,31378900
2021-12-17,70.41175842285156,78.25,80.0,77.25,77.25,45101200
2021-12-20,70.63671875,78.5,79.5,77.5,77.75,21687100
2021-12-21,73.56117248535156,81.75,82.0,79.25,79.25,52876400
2021-12-22,74.68596649169922,83.0,83.25,80.5,82.0,33208300
2021-12-23,74.68596649169922,83.0,84.0,82.5,83.0,15970300
2021-12-24,77.61041259765625,86.25,88.0,82.75,83.0,59443700
2021-12-27,77.38544464111328,86.0,87.0,85.5,86.5,14132300
2021-12-28,78.2852783203125,87.0,89.25,86.25,86.25,40810800
2021-12-29,79.18510437011719,88.0,88.0,85.75,87.25,17415700
2021-12-30,79.85997772216797,88.75,89.75,87.5,88.5,25610700
2022-01-04,79.41007232666016,88.25,89.25,87.75,89.0,20054800
2022-01-05,78.73519897460938,87.5,88.5,87.0,88.0,17049900
2022-01-06,76.93553924560547,85.5,87.25,84.75,86.5,28255200
2022-01-07,76.03569793701172,84.5,85.75,83.5,85.75,28481300
2022-01-10,75.58577728271484,84.0,84.75,83.75,84.0,17774800
2022-01-11,75.81074523925781,84.25,85.5,83.75,84.0,17772600
2022-01-12,77.83536529541016,86.5,87.25,85.25,85.25,24865700
2022-01-13,77.1604995727539,85.75,87.0,85.75,87.0,10459200
2022-01-14,77.1604995727539,85.75,86.5,85.0,85.5,16550600
2022-01-17,78.51023864746094,87.25,88.25,85.75,86.0,26627500
2022-01-18,77.38544464111328,86.0,87.75,85.75,87.75,15524800
2022-01-19,76.71057891845703,85.25,86.0,84.75,85.5,14045000
2022-01-20,76.03569793701172,84.5,85.75,84.5,85.75,6633300
2022-01-21,73.3362045288086,81.5,84.0,81.25,83.75,31303400
2022-01-24,73.56117248535156,81.75,82.5,80.5,80.75,18316700
2022-01-25,73.3362045288086,81.5,81.75,80.5,81.25,15050200
2022-01-26,72.88629150390625,81.0,82.0,80.75,82.0,10659900
2022-01-27,70.8616714477539,78.75,80.5,77.75,80.5,25293300
2022-01-28,70.41175842285156,78.25,79.25,78.0,78.75,10711900
2022-01-31,70.41175842285156,78.25,79.5,78.0,79.0,9079200
2022-02-01,71.08663940429688,79.0,80.0,78.5,78.75,15198100
2022-02-02,70.8616714477539,78.75,79.5,78.25,79.5,10436900
2022-02-03,70.41175842285156,78.25,78.75,78.0,78.5,6672500
2022-02-04,71.08663940429688,79.0,79.25,78.0,78.25,13980500
2022-02-07,69.06200408935547,76.75,79.0,76.25,78.75,23324000
2022-02-08,67.93722534179688,75.5,76.75,75.0,76.75,27568700
2022-02-09,68.16218566894531,75.75,76.5,75.5,75.5,20197100
2022-02-10,67.71227264404297,75.25,76.0,74.5,76.0,16030700
2022-02-11,67.93722534179688,75.5,75.75,74.75,75.25,14406400
2022-02-14,66.58747863769531,74.0,74.25,73.25,74.0,24297700
2022-02-15,67.93722534179688,75.5,76.25,74.75,75.75,23085000
2022-02-17,68.83706665039062,76.5,77.25,75.75,76.5,24432100
2022-02-18,68.83706665039062,76.5,76.5,75.75,76.25,12445200
2022-02-21,67.71227264404297,75.25,76.25,75.25,76.0,12478800
2022-02-22,67.48729705810547,75.0,75.25,74.0,74.5,8722100
2022-02-23,67.93722534179688,75.5,75.75,74.75,75.0,7832000
2022-02-24,67.02531433105469,73.5,74.75,73.0,74.5,16971300
2022-02-25,67.70924377441406,74.25,74.75,73.25,73.75,10923800
2022-02-28,68.39317321777344,75.0,75.0,73.5,74.0,9932800
2022-03-01,68.16520690917969,74.75,75.5,74.5,75.25,5916400
2022-03-02,66.5693588256836,73.0,74.5,72.5,74.0,19458900
2022-03-03,64.51757049560547,70.75,73.25,69.75,72.75,29678000
2022-03-04,63.83362579345703,70.0,70.5,69.5,70.0,11881200
2022-03-07,61.09790802001953,67.0,68.5,66.25,68.0,26273400
2022-03-08,60.413970947265625,66.25,67.25,64.25,66.5,30694700
2022-03-09,60.869930267333984,66.75,67.25,65.5,66.0,18961700
2022-03-10,62.00981140136719,68.0,70.0,67.75,69.0,25736100
2022-03-11,62.69375991821289,68.75,69.0,67.5,67.75,10590800
2022-03-14,62.46577453613281,68.5,69.25,68.25,68.5,8540900
2022-03-15,62.237796783447266,68.25,69.75,67.75,69.0,14698000
2022-03-16,63.60566329956055,69.75,70.25,68.5,68.75,10762700
2022-03-17,65.88542938232422,72.25,72.5,70.25,70.25,22827700
2022-03-18,65.20149993896484,71.5,72.0,71.0,72.0,10206300
2022-03-21,64.74555206298828,71.0,71.75,70.5,71.5,8302300
2022-03-22,63.83362579345703,70.0,70.75,69.25,70.25,13353800
2022-03-23,63.60566329956055,69.75,70.75,69.75,70.5,5606300
2022-03-24,63.14970779418945,69.25,69.5,68.5,69.25,7590600
2022-03-25,63.37767791748047,69.5,70.0,69.25,69.75,5997400
2022-03-28,64.06160736083984,70.25,70.75,69.0,69.75,8224200
2022-03-29,64.06160736083984,70.25,71.75,70.25,71.0,12891100
2022-03-30,65.88542938232422,72.25,72.75,71.25,71.25,20432400
2022-03-31,65.88542938232422,72.25,72.75,71.75,72.5,5750200
2022-04-01,64.97352600097656,71.25,72.5,70.75,72.25,9895900
2022-04-04,65.88542938232422,72.25,72.5,71.25,71.5,6934100
2022-04-05,65.4294662475586,71.75,72.25,71.5,71.75,4976500
2022-04-07,64.51757049560547,70.75,71.75,69.75,71.0,15493900
2022-04-08,65.20149993896484,71.5,71.75,70.5,70.75,9235800
2022-04-11,63.37767791748047,69.5,71.25,69.25,71.0,9503800
2022-04-12,63.37767791748047,69.5,70.25,69.0,69.25,6349800
2022-04-18,62.921730041503906,69.0,69.75,69.0,69.0,5616400
2022-04-19,63.14970779418945,69.25,70.0,69.25,69.25,4194500
2022-04-20,63.37767791748047,69.5,70.25,69.5,69.75,2715200
2022-04-21,63.83362579345703,70.0,70.25,69.25,69.75,3981900
2022-04-22,63.60566329956055,69.75,70.0,69.0,69.75,3610500
2022-04-25,62.69375991821289,68.75,69.25,68.5,68.75,3464300
2022-04-26,60.641963958740234,66.5,69.5,66.5,69.25,15323000
2022-04-27,60.641963958740234,66.5,66.75,65.75,66.0,8187300
2022-04-28,60.869930267333984,66.75,67.0,66.25,66.5,7088100
2022-04-29,60.641963958740234,66.5,67.25,66.5,66.75,5364200
2022-05-03,60.413970947265625,66.25,66.5,65.75,66.0,4321000
2022-05-05,59.730037689208984,65.5,67.25,65.5,66.75,7567200
2022-05-06,57.45027542114258,63.0,64.75,62.75,64.25,16678700
2022-05-09,54.486572265625,59.75,62.0,59.5,62.0,19073400
2022-05-10,55.854434967041016,61.25,62.0,59.75,59.75,14105900
2022-05-11,56.08240509033203,61.5,61.75,61.0,61.25,9056200
2022-05-12,55.17049789428711,60.5,61.5,60.25,61.5,8951300
2022-05-13,54.714542388916016,60.0,61.25,59.75,61.0,8858700
2022-05-17,56.538360595703125,62.0,62.0,60.0,60.25,7027000
2022-05-18,57.678253173828125,63.25,63.5,61.25,61.75,6658000
2022-05-19,56.76633834838867,62.25,62.75,61.75,62.0,5860300
2022-05-20,56.99431228637695,62.5,63.0,62.25,63.0,4117700
2022-05-23,57.45027542114258,63.0,63.5,62.5,62.5,4201500
2022-05-24,58.590152740478516,64.25,64.75,63.0,63.5,13271900
2022-05-25,58.13420867919922,63.75,65.0,63.75,64.5,10194900
2022-05-26,58.590152740478516,64.25,64.25,63.75,63.75,1965800
2022-05-27,59.046112060546875,64.75,65.25,64.25,64.5,7873900
2022-05-30,61.32588577270508,67.25,67.25,65.0,65.0,14630800
2022-05-31,60.869930267333984,66.75,68.0,66.25,67.0,10576300
2022-06-01,62.00981140136719,68.0,68.5,67.25,67.75,15423100
2022-06-02,61.32588577270508,67.25,68.0,66.75,67.75,8000100
2022-06-06,60.18598937988281,66.0,67.25,65.25,67.0,11560300
2022-06-07,59.046112060546875,64.75,65.75,64.5,65.5,6967000
2022-06-08,59.95802307128906,65.75,66.0,64.75,65.0,5663100
2022-06-09,59.502071380615234,65.25,65.75,64.75,65.75,3691300
2022-06-10,59.502071380615234,65.25,65.75,64.75,64.75,3624500
2022-06-13,57.678253173828125,63.25,64.5,63.25,64.0,7457200
2022-06-14,57.45027542114258,63.0,63.5,62.75,62.75,6415000
2022-06-15,56.76633834838867,62.25,63.25,61.5,63.0,9113200
2022-06-16,56.08240509033203,61.5,63.25,61.25,62.75,6995300
2022-06-17,58.818138122558594,64.5,65.25,60.75,61.25,20732400
2022-06-20,60.18598937988281,66.0,66.25,64.5,65.0,13171000
2022-06-21,59.730037689208984,65.5,66.5,65.5,66.25,5431900
2022-06-22,59.27409362792969,65.0,66.25,64.5,65.5,6727100
2022-06-23,59.502071380615234,65.25,66.0,65.0,65.5,4326100
2022-06-24,60.869930267333984,66.75,66.75,65.5,65.75,10344300
2022-06-27,61.09790802001953,67.0,67.5,66.75,67.25,4909400
2022-06-28,60.641963958740234,66.5,67.0,66.0,66.75,3673100
2022-06-29,59.502071380615234,65.25,66.5,65.0,66.5,5192100
2022-06-30,58.818138122558594,64.5,65.75,63.75,65.25,6155900
2022-07-01,60.413970947265625,66.25,66.5,65.0,65.0,7821500
2022-07-04,59.95802307128906,65.75,67.0,65.5,66.75,2980700
2022-07-05,58.818138122558594,64.5,66.25,64.0,66.0,4241100
2022-07-06,59.95802307128906,65.75,67.0,65.25,65.5,12101200
2022-07-07,59.730037689208984,65.5,66.25,65.0,66.25,7754500
2022-07-08,59.95802307128906,65.75,66.0,65.0,65.5,3393100
2022-07-11,61.78184127807617,67.75,67.75,65.25,65.5,14627200
2022-07-12,61.09790802001953,67.0,68.25,67.0,67.5,9728900
2022-07-14,61.09790802001953,67.0,68.25,66.5,67.5,11513700
2022-07-15,60.869930267333984,66.75,67.25,66.0,67.0,6749200
2022-07-18,61.55386734008789,67.5,67.75,66.75,67.25,4288200
2022-07-19,59.730037689208984,65.5,67.0,64.75,67.0,9446000
2022-07-20,59.95802307128906,65.75,66.0,65.0,66.0,6921700
2022-07-21,59.95802307128906,65.75,66.0,64.75,65.25,5916400
2022-07-22,60.18598937988281,66.0,66.5,65.5,66.25,4958300
2022-07-25,61.09790802001953,67.0,67.25,65.5,66.0,5616700
2022-07-26,62.00981140136719,68.0,68.0,66.75,67.25,11538200
2022-07-27,61.78184127807617,67.75,68.25,67.0,67.75,8153000
2022-08-01,63.14970779418945,69.25,70.25,69.0,69.0,19676100
2022-08-02,62.921730041503906,69.0,69.0,68.5,68.75,6540900
2022-08-03,63.14970779418945,69.25,69.25,68.25,68.75,4471100
2022-08-04,64.28958129882812,70.5,70.75,69.5,69.75,14368900
2022-08-05,64.28958129882812,70.5,71.0,69.5,71.0,10314500
2022-08-08,64.97352600097656,71.25,71.25,69.75,70.75,7587200
2022-08-09,64.74555206298828,71.0,71.5,70.25,70.5,7068400
2022-08-10,64.97352600097656,71.25,71.25,70.5,71.25,5880100
2022-08-11,64.97352600097656,71.25,71.25,70.5,71.25,4186700
2022-08-15,65.20149993896484,71.5,71.5,70.75,71.0,6420200
2022-08-16,64.97352600097656,71.25,71.75,71.0,71.75,4437100
2022-08-17,65.4294662475586,71.75,71.75,71.0,71.0,5621700
2022-08-18,65.4294662475586,71.75,71.75,71.0,71.25,3099300
2022-08-19,62.69375991821289,68.75,71.5,68.5,71.5,13827900
2022-08-22,61.55386734008789,67.5,69.25,67.25,68.25,11430000
2022-08-23,61.78184127807617,67.75,68.25,66.75,66.75,6638200
2022-08-24,61.09790802001953,67.0,67.75,66.75,67.5,7032800
2022-08-25,61.09790802001953,67.0,67.5,66.75,67.0,4090700
2022-08-26,61.09790802001953,67.0,67.5,66.25,67.0,8270600
2022-08-29,60.413970947265625,66.25,66.5,65.75,66.25,5848000
2022-08-30,60.413970947265625,66.25,66.75,65.5,66.25,6884100
2022-08-31,62.00981140136719,68.0,68.75,65.5,66.0,19870300
2022-09-01,61.32588577270508,67.25,68.25,66.75,68.0,6536500
2022-09-02,61.09790802001953,67.0,67.5,66.75,67.25,4906200
2022-09-05,60.413970947265625,66.25,67.0,65.75,67.0,5557200
2022-09-06,61.09790802001953,67.0,67.5,66.5,66.5,4965700
2022-09-07,60.823524475097656,66.5,67.0,66.0,67.0,4303800
2022-09-08,63.110107421875,69.0,69.75,67.5,67.5,17812900
2022-09-09,63.338783264160156,69.25,69.75,68.75,69.25,4798300
2022-09-12,62.652793884277344,68.5,69.5,68.25,69.5,5691200
2022-09-13,63.56742858886719,69.5,69.75,68.5,69.0,7750100
2022-09-14,63.110107421875,69.0,69.25,68.25,68.5,7370600
2022-09-15,61.7381591796875,67.5,69.25,67.25,69.0,7803600
2022-09-16,60.823524475097656,66.5,68.25,66.5,68.0,8989200
2022-09-19,61.50948715209961,67.25,68.0,66.75,66.75,5363300
2022-09-20,62.652793884277344,68.5,69.5,68.0,68.0,14491500
2022-09-21,62.19548797607422,68.0,68.75,67.75,68.5,5968000
2022-09-22,62.8814582824707,68.75,69.0,67.5,67.75,5874000
2022-09-23,61.96680450439453,67.75,68.75,67.75,68.5,3364100
2022-09-26,61.96680450439453,67.75,68.25,67.5,67.75,4638800
2022-09-27,61.96680450439453,67.75,68.75,67.75,68.5,5670300
2022-09-28,61.50948715209961,67.25,68.0,66.75,67.5,8689400
2022-09-29,58.99423599243164,64.5,67.75,64.0,67.5,12651100
2022-09-30,58.30826187133789,63.75,64.5,62.5,64.25,8420400
2022-10-03,56.02165985107422,61.25,63.25,60.5,62.75,13447300
2022-10-04,55.79299545288086,61.0,62.75,61.0,62.0,10496200
2022-10-05,55.33567810058594,60.5,61.75,60.25,61.25,8229700
2022-10-06,55.56433868408203,60.75,61.75,60.25,60.5,8028100
2022-10-07,54.87835693359375,60.0,60.75,59.5,60.75,6717500
2022-10-10,53.73506164550781,58.75,59.25,58.0,59.0,9011800
2022-10-11,53.50640106201172,58.5,58.75,58.0,58.25,7386200
2022-10-12,53.27773666381836,58.25,59.25,58.0,58.75,5767200
2022-10-17,53.27773666381836,58.25,58.75,57.25,58.5,7768900
2022-10-18,54.42103958129883,59.5,60.25,58.75,59.0,11027500
2022-10-19,54.87835693359375,60.0,61.5,59.75,60.5,10704100
2022-10-20,54.87835693359375,60.0,60.5,59.0,59.75,5879200
2022-10-21,55.33567810058594,60.5,60.5,59.5,59.5,4413700
2022-10-25,56.02165985107422,61.25,62.25,61.0,61.5,7916600
2022-10-26,56.25032424926758,61.5,62.0,61.0,61.5,4788100
2022-10-27,57.16496276855469,62.5,63.25,61.5,61.5,11134200
2022-10-28,57.39361572265625,62.75,63.0,62.25,62.5,5577000
2022-10-31,56.7076416015625,62.0,63.5,62.0,63.25,5799700
2022-11-01,60.13753890991211,65.75,66.0,62.25,62.25,12931900
2022-11-02,60.366188049316406,66.0,66.0,65.25,65.5,5552200
2022-11-03,59.222900390625,64.75,65.5,64.5,65.25,5911400
2022-11-04,58.99423599243164,64.5,65.0,64.0,64.75,6361300
2022-11-07,59.45155334472656,65.0,65.5,64.5,64.5,4236600
2022-11-08,60.13753890991211,65.75,66.5,65.0,65.25,5299000
2022-11-09,59.68021774291992,65.25,67.5,65.25,67.0,8688500
2022-11-10,59.90887451171875,65.5,66.0,64.25,65.0,6489700
2022-11-11,61.50948715209961,67.25,67.75,66.25,66.75,14279800
2022-11-14,61.50948715209961,67.25,67.75,66.75,67.0,5173400
2022-11-15,61.7381591796875,67.5,67.75,66.5,66.5,3407300
2022-11-16,60.823524475097656,66.5,67.25,65.75,67.25,7784700
2022-11-17,61.05216979980469,66.75,67.0,65.5,66.25,6602900
2022-11-18,60.823524475097656,66.5,67.25,66.25,66.75,3077700
2022-11-21,61.50948715209961,67.25,67.5,66.25,66.25,3382900
2022-11-22,61.96680450439453,67.75,68.5,67.0,67.5,9826300
2022-11-23,62.8814582824707,68.75,69.0,68.0,68.0,9502400
2022-11-24,63.338783264160156,69.25,69.75,69.0,69.5,9738300
2022-11-25,62.652793884277344,68.5,69.25,68.25,69.25,3824300
2022-11-28,63.338783264160156,69.25,69.75,68.75,69.0,6856100
2022-11-29,63.56742858886719,69.5,69.5,69.0,69.5,4121800
2022-11-30,63.56742858886719,69.5,70.0,69.0,69.0,6865200
2022-12-01,64.02474975585938,70.0,70.5,69.75,70.0,5698500
2022-12-02,63.56742858886719,69.5,70.0,69.0,69.5,3770000
2022-12-06,64.48206329345703,70.5,70.5,69.25,69.5,8454900
2022-12-07,63.79610061645508,69.75,70.75,69.5,70.5,5600800
2022-12-08,63.79610061645508,69.75,70.0,69.25,69.75,2094400
2022-12-09,64.02474975585938,70.0,70.25,69.5,70.0,2157400
2022-12-13,64.02474975585938,70.0,70.5,69.75,70.25,2094300
2022-12-14,64.48206329345703,70.5,70.5,70.0,70.0,1738600
2022-12-15,66.31135559082031,72.5,73.25,69.5,70.25,17318600
2022-12-16,66.76866912841797,73.0,73.0,72.0,72.25,8145600
2022-12-19,66.31135559082031,72.5,73.0,72.25,73.0,2878200
2022-12-20,65.16805267333984,71.25,72.75,71.0,72.5,7414100
2022-12-21,65.39671325683594,71.5,71.75,70.25,71.5,4683400
2022-12-22,64.93939971923828,71.0,71.75,70.75,71.75,2300000
2022-12-23,65.16805267333984,71.25,71.25,70.5,70.75,2268500
2022-12-26,65.39671325683594,71.5,71.75,71.0,71.5,1504100
2022-12-27,65.85404205322266,72.0,72.25,71.5,71.75,4649800
2022-12-28,66.31135559082031,72.5,72.75,72.0,72.0,5283900
2022-12-29,67.22599029541016,73.5,73.5,72.25,72.5,6709600
2022-12-30,66.76866912841797,73.0,74.0,72.5,73.75,6581000
2023-01-03,66.54000091552734,72.75,73.5,72.5,73.5,2456700
2023-01-04,68.59794616699219,75.0,75.0,73.0,73.25,16817300
2023-01-05,68.36929321289062,74.75,75.5,73.75,75.0,11234700
2023-01-06,68.59794616699219,75.0,75.25,74.5,74.75,5393300
2023-01-09,68.82660675048828,75.25,75.5,74.5,75.25,5303700
2023-01-10,68.36929321289062,74.75,75.5,74.25,75.0,4387800
2023-01-11,67.9119644165039,74.25,74.75,74.25,74.75,2738600
2023-01-12,68.14064025878906,74.5,74.75,73.75,74.5,3141900
2023-01-13,67.68330383300781,74.0,74.75,72.75,74.0,9893900
2023-01-16,67.45465087890625,73.75,74.25,73.25,74.25,5053700
2023-01-17,66.99734497070312,73.25,74.0,73.25,73.5,3476000
2023-01-18,66.54000091552734,72.75,73.75,72.75,73.25,3152700
2023-01-19,67.22599029541016,73.5,74.0,72.25,72.5,6968800
2023-01-20,66.99734497070312,73.25,73.75,73.0,73.5,2567900
2023-01-23,66.54000091552734,72.75,73.75,72.5,73.0,4010400
2023-01-24,67.68330383300781,74.0,75.0,73.0,73.0,10710800
2023-01-25,68.14064025878906,74.5,74.75,74.0,74.25,3259300
2023-01-26,62.652793884277344,68.5,74.0,68.5,74.0,32504500
2023-01-27,63.79610061645508,69.75,70.0,68.5,68.5,9647600
2023-01-30,63.56742858886719,69.5,70.0,69.0,70.0,3426500
2023-01-31,62.8814582824707,68.75,70.0,68.75,69.25,4207300
2023-02-01,64.25341033935547,70.25,70.75,68.75,69.0,6045300
2023-02-02,63.338783264160156,69.25,70.5,69.0,70.5,4521200
2023-02-03,63.56742858886719,69.5,70.0,69.25,69.5,5312300
2023-02-06,63.110107421875,69.0,70.5,69.0,69.75,4842800
2023-02-07,63.56742858886719,69.5,69.75,69.0,69.0,3828800
2023-02-08,63.110107421875,69.0,69.75,68.75,69.75,3730500
2023-02-09,62.8814582824707,68.75,69.0,67.25,69.0,8204200
2023-02-10,62.652793884277344,68.5,68.5,67.5,68.5,4406300
2023-02-13,65.85404205322266,72.0,72.0,67.5,67.75,18175600
2023-02-14,65.16805267333984,71.25,72.0,70.75,72.0,7968800
2023-02-15,64.93939971923828,71.0,71.75,70.5,71.25,5452300
2023-02-16,65.16805267333984,71.25,71.5,70.25,71.0,4681700
2023-02-17,64.93939971923828,71.0,71.0,70.5,70.75,2058900
2023-02-20,64.25341033935547,70.25,71.25,70.0,71.0,4173500
2023-02-21,64.48206329345703,70.5,70.75,69.0,70.25,4202600
2023-02-22,64.02474975585938,70.0,71.0,70.0,70.5,1476500
2023-02-23,63.56742858886719,69.5,70.5,69.25,70.0,3647300
2023-02-24,62.465110778808594,68.0,69.25,67.25,69.0,5310600
2023-02-27,61.31684875488281,66.75,68.75,66.5,68.0,6770700
2023-02-28,62.465110778808594,68.0,68.0,67.0,67.25,3186300
2023-03-01,61.31684875488281,66.75,68.0,66.25,68.0,5098500
2023-03-02,60.16859436035156,65.5,66.75,64.75,66.75,7034400
2023-03-03,60.62790298461914,66.0,66.5,65.5,65.5,2822500
2023-03-07,61.08720397949219,66.5,67.5,66.25,66.25,4016900
2023-03-08,59.938941955566406,65.25,66.0,64.5,66.0,7447100
2023-03-09,60.857547760009766,66.25,66.5,65.0,65.0,4767600
2023-03-10,61.08720397949219,66.5,67.0,65.75,65.75,4318900
2023-03-13,60.62790298461914,66.0,67.5,66.0,66.5,6657800
2023-03-14,58.56103515625,63.75,66.5,63.0,66.0,8070700
2023-03-15,59.938941955566406,65.25,65.75,64.25,65.0,4894300
2023-03-16,60.857547760009766,66.25,66.75,64.75,65.25,6056700
2023-03-17,61.08720397949219,66.5,67.0,65.5,66.5,3604700
2023-03-20,61.31684875488281,66.75,67.5,66.0,66.5,4563800
2023-03-21,62.235450744628906,67.75,68.25,66.25,66.75,5105000
2023-03-22,62.235450744628906,67.75,68.25,67.5,68.0,3820400
2023-03-23,63.38370895385742,69.0,69.5,67.75,67.75,7137400
2023-03-24,63.15406036376953,68.75,69.5,68.5,69.25,3285900
2023-03-27,63.15406036376953,68.75,69.75,68.25,69.0,5657200
2023-03-28,63.15406036376953,68.75,69.0,68.75,68.75,2167000
2023-03-29,63.38370895385742,69.0,69.75,69.0,69.0,4543400
2023-03-30,62.924415588378906,68.5,69.5,68.0,69.25,3034200
2023-03-31,62.465110778808594,68.0,68.75,68.0,68.5,2490500
2023-04-03,62.00580596923828,67.5,68.5,67.0,68.25,3423000
2023-04-04,61.31684875488281,66.75,67.5,66.25,67.5,3729800
2023-04-05,61.31684875488281,66.75,67.75,66.25,66.75,4563000
2023-04-07,61.31684875488281,66.75,67.5,66.75,66.75,1514600
2023-04-10,62.00580596923828,67.5,68.5,66.5,67.0,3572600
2023-04-11,62.465110778808594,68.0,68.25,67.5,67.75,1653300
2023-04-12,62.69476318359375,68.25,68.5,67.5,68.0,3534600
2023-04-17,62.465110778808594,68.0,69.0,68.0,68.25,4125700
2023-04-18,61.776153564453125,67.25,68.5,66.75,68.0,3982100
2023-04-19,59.938941955566406,65.25,66.5,64.75,66.5,7272700
2023-04-20,58.56103515625,63.75,65.0,63.5,65.0,4182900
2023-04-21,58.790687561035156,64.0,64.0,62.5,63.25,6419100
2023-04-24,58.10173034667969,63.25,64.0,62.75,63.75,2897000
2023-04-25,57.41278076171875,62.5,63.5,62.25,63.0,3410500
2023-04-26,57.642433166503906,62.75,63.5,62.5,62.5,2809700
2023-04-27,58.10173034667969,63.25,63.5,62.5,62.75,4140000
2023-04-28,58.790687561035156,64.0,64.5,63.0,63.75,6863000
2023-05-02,59.02034378051758,64.25,65.5,63.75,64.25,9281400
2023-05-03,59.24999237060547,64.5,65.0,63.0,64.0,7356900
2023-05-08,60.62790298461914,66.0,65.75,64.25,65.25,6120300
2023-05-09,59.938941955566406,65.25,66.0,65.0,65.75,7130200
2023-05-10,59.24999237060547,64.5,65.5,64.0,65.25,4251700
2023-05-11,58.56103515625,63.75,65.0,63.5,64.5,4443200
2023-05-12,57.642433166503906,62.75,64.25,61.5,64.0,7231900
2023-05-15,54.197669982910156,59.0,62.5,58.0,62.5,14911100
2023-05-16,55.116275787353516,60.0,60.5,58.5,58.75,5403200
2023-05-17,54.65697479248047,59.5,60.5,59.0,60.25,3755000
2023-05-18,54.65697479248047,59.5,60.25,59.25,60.0,4563000
2023-05-19,53.968021392822266,58.75,59.5,57.5,59.5,4728000
2023-05-22,54.42732238769531,59.25,59.75,57.5,58.25,5983900
2023-05-23,54.65697479248047,59.5,59.5,58.25,59.25,5055500
2023-05-24,54.88662338256836,59.75,60.5,59.0,59.0,3238800
2023-05-25,54.88662338256836,59.75,60.25,58.75,59.75,4001500
2023-05-26,55.34592819213867,60.25,60.75,59.5,59.75,3711500
2023-05-29,55.116275787353516,60.0,60.75,59.75,60.5,3068500
2023-05-30,53.73836898803711,58.5,60.0,58.25,60.0,4898800
2023-05-31,53.73836898803711,58.5,59.0,58.0,58.0,1794900
2023-06-01,51.441856384277344,56.0,59.0,55.75,58.75,7707100
2023-06-02,53.2790641784668,58.0,58.5,56.5,56.5,6521100
2023-06-06,51.901161193847656,56.5,58.5,56.0,58.25,4890500
2023-06-07,52.36045837402344,57.0,57.25,56.0,56.5,3212000
2023-06-08,53.968021392822266,58.75,59.0,56.5,57.0,5979300
2023-06-09,53.968021392822266,58.75,59.0,58.25,58.75,2333800
2023-06-12,54.65697479248047,59.5,59.75,58.25,58.75,4603400
2023-06-13,56.03487777709961,61.0,61.25,59.25,59.75,7062400
2023-06-14,55.34592819213867,60.25,61.0,60.0,61.0,3822900
2023-06-15,55.116275787353516,60.0,61.0,60.0,60.5,4003600
2023-06-16,55.57558059692383,60.5,61.5,60.0,60.25,5486300
2023-06-19,54.42732238769531,59.25,60.0,58.75,60.0,3471200
2023-06-20,55.116275787353516,60.0,61.0,59.0,59.25,5167100
2023-06-21,54.197669982910156,59.0,60.75,58.5,60.25,4196500
2023-06-22,52.81976318359375,57.5,59.0,57.25,59.0,5262700
2023-06-23,53.04941177368164,57.75,58.25,57.25,57.5,2073700
2023-06-26,51.671504974365234,56.25,58.0,56.0,57.75,3296000
2023-06-27,50.752899169921875,55.25,57.0,54.5,56.25,6132800
2023-06-28,49.37499237060547,53.75,56.5,53.5,55.75,12264800
2023-06-29,48.91569137573242,53.25,54.5,51.25,52.75,16864700
2023-06-30,49.83430099487305,54.25,55.5,53.5,54.25,10421700
2023-07-03,50.06394577026367,54.5,54.75,53.5,54.5,5229000
2023-07-04,50.29359817504883,54.75,55.25,54.0,54.5,5943500
2023-07-05,48.22673797607422,52.5,54.75,52.0,54.5,11836100
2023-07-06,47.99708938598633,52.25,52.5,51.0,52.25,12820200
2023-07-07,47.7674446105957,52.0,52.75,51.5,51.75,5078000
2023-07-10,47.7674446105957,52.0,52.5,51.25,52.0,5157700
2023-07-11,47.53778076171875,51.75,52.5,51.5,52.0,4661400
2023-07-12,48.68604278564453,53.0,54.25,51.25,52.0,13885800
2023-07-13,49.37499237060547,53.75,53.75,53.0,53.25,7586800
2023-07-14,50.06394577026367,54.5,54.75,53.5,54.25,7439900
2023-07-17,50.752899169921875,55.25,55.75,54.25,54.75,7043900
2023-07-18,50.752899169921875,55.25,55.5,54.5,55.25,5218100
2023-07-19,50.752899169921875,55.25,56.0,54.5,55.25,4500600
2023-07-20,50.52325439453125,55.0,56.0,54.75,55.75,6919500
2023-07-21,50.752899169921875,55.25,55.5,54.5,54.75,4539300
2023-07-24,50.52325439453125,55.0,56.5,54.5,55.5,6269400
2023-07-25,50.29359817504883,54.75,55.25,54.25,55.25,3741200
2023-07-26,49.83430099487305,54.25,55.0,53.75,54.75,3239200
2023-07-27,52.81976318359375,57.5,57.75,54.5,54.75,14384300
2023-07-31,53.04941177368164,57.75,57.75,56.75,57.25,1971000
2023-08-02,52.36045837402344,57.0,57.75,56.25,57.0,8034000
2023-08-03,50.752899169921875,55.25,56.75,55.0,56.75,8407800
2023-08-04,49.83430099487305,54.25,55.5,54.25,55.25,5679400
2023-08-07,50.52325439453125,55.0,55.5,53.75,54.5,6367200
2023-08-08,49.60464859008789,54.0,55.25,54.0,55.25,4946200
2023-08-09,50.06394577026367,54.5,54.75,54.0,54.25,5528800
2023-08-10,48.22673797607422,52.5,54.25,51.5,54.25,25905700
2023-08-11,48.22673797607422,52.5,53.5,52.25,52.75,7763000
2023-08-15,47.7674446105957,52.0,52.75,51.5,52.5,7232100
2023-08-16,47.99708938598633,52.25,53.0,51.5,51.75,5524200
2023-08-17,48.456390380859375,52.75,53.0,51.75,52.0,5496200
2023-08-18,48.456390380859375,52.75,52.75,52.0,52.75,5781000
2023-08-21,48.91569137573242,53.25,53.5,52.5,53.0,6265200
2023-08-22,49.60464859008789,54.0,54.25,53.25,54.0,12909500
2023-08-23,49.60464859008789,54.0,55.25,54.0,54.75,14499500
2023-08-24,50.752899169921875,55.25,56.0,54.0,54.5,15265100
2023-08-25,51.21220779418945,55.75,56.0,54.75,55.0,7874800
2023-08-28,51.21220779418945,55.75,56.25,55.25,56.0,6743500
2023-08-29,49.83430099487305,54.25,55.75,54.25,55.75,8264100
2023-08-30,49.60464859008789,54.0,55.0,53.75,54.75,8058500
2023-08-31,48.456390380859375,52.75,53.5,52.25,53.5,10670200
2023-09-01,47.99708938598633,52.25,53.0,52.0,52.75,5924500
2023-09-04,47.308135986328125,51.5,52.75,51.0,52.5,9133600
2023-09-05,48.22673797607422,52.5,53.0,51.5,51.75,6578000
2023-09-06,47.34905242919922,51.25,52.25,50.5,52.25,11686600
2023-09-07,47.580020904541016,51.5,52.25,50.75,51.5,10537200
2023-09-08,47.34905242919922,51.25,52.0,51.25,51.5,3963600
2023-09-11,45.96322250366211,49.75,51.5,48.5,51.5,20291000
2023-09-12,46.19419479370117,50.0,50.5,49.25,50.25,10696800
2023-09-13,45.501285552978516,49.25,50.0,48.75,50.0,12706700
2023-09-14,45.96322250366211,49.75,50.0,48.25,49.25,11609000
2023-09-15,46.6561393737793,50.5,50.75,50.0,50.0,5845700
2023-09-18,45.03934097290039,48.75,50.25,48.5,50.0,10125600
2023-09-19,44.34642791748047,48.0,49.5,47.75,48.75,7990600
2023-09-20,43.65351486206055,47.25,48.0,46.5,48.0,9557400
2023-09-21,44.57740020751953,48.25,48.5,47.0,47.0,5557900
2023-09-22,44.57740020751953,48.25,48.5,47.75,48.25,3634700
2023-09-25,42.498661041259766,46.0,48.25,46.25,48.0,8075900
2023-09-26,41.343807220458984,44.75,46.75,44.5,46.25,12619700
2023-09-27,41.343807220458984,44.75,45.5,44.25,45.5,5834300
2023-09-28,39.957977294921875,43.25,45.25,43.25,45.0,12784400
2023-09-29,41.343807220458984,44.75,45.25,43.5,43.75,8200900
2023-10-02,40.881858825683594,44.25,45.25,44.0,45.0,6156000
2023-10-03,39.957977294921875,43.25,44.25,43.0,44.0,7484800
2023-10-04,40.419921875,43.75,44.25,42.25,42.25,7687100
2023-10-05,39.72700881958008,43.0,44.75,42.5,44.75,12221500
2023-10-06,38.803123474121094,42.0,43.5,41.75,43.25,8928400
2023-10-09,38.5721549987793,41.75,42.0,40.75,41.25,8706000
2023-10-10,38.5721549987793,41.75,42.5,41.25,42.5,6471600
2023-10-11,39.72700881958008,43.0,43.5,41.75,42.25,10296400
2023-10-12,38.803123474121094,42.0,43.0,42.0,43.0,4017200
2023-10-16,37.18632507324219,40.25,41.5,39.75,41.5,11234700
2023-10-17,37.41729736328125,40.5,41.25,40.5,40.75,5626800
2023-10-18,37.41729736328125,40.5,41.5,40.25,40.75,5575800
2023-10-19,36.2624397277832,39.25,40.0,39.0,40.0,5553000
2023-10-20,34.64564514160156,37.5,39.25,37.25,39.0,12508800
2023-10-24,35.56952667236328,38.5,39.0,37.25,37.5,11793300
2023-10-25,35.80050277709961,38.75,40.25,38.75,39.5,9900700
2023-10-26,35.80050277709961,38.75,39.25,38.25,38.25,7877800
2023-10-27,36.493408203125,39.5,40.25,38.75,40.0,8349600
2023-10-30,35.80050277709961,38.75,40.0,37.75,39.25,12385400
2023-10-31,36.031471252441406,39.0,39.75,38.5,39.0,9209800
2023-11-01,36.031471252441406,39.0,39.5,38.25,38.75,8449500
2023-11-02,37.41729736328125,40.5,41.0,39.75,40.25,15080200
2023-11-03,40.18894958496094,43.5,44.0,40.75,41.0,35579400
2023-11-06,39.957977294921875,43.25,44.5,42.5,44.25,14849700
2023-11-07,38.110206604003906,41.25,44.0,41.25,43.5,27997800
2023-11-08,39.496036529541016,42.75,43.0,41.5,41.75,12274400
2023-11-09,40.18894958496094,43.5,44.0,42.0,43.25,18190500
2023-11-10,40.419921875,43.75,44.5,42.0,42.5,21438100
2023-11-13,40.419921875,43.75,44.0,42.75,43.75,9266900
2023-11-14,39.72700881958008,43.0,44.25,42.5,44.25,9429600
2023-11-15,43.19157409667969,46.75,47.5,44.5,44.75,29610800
2023-11-16,43.65351486206055,47.25,47.25,46.25,46.75,12014100
2023-11-17,43.65351486206055,47.25,48.75,47.0,47.5,26018200
2023-11-20,44.34642791748047,48.0,48.0,46.5,47.0,7703600
2023-11-21,44.115455627441406,47.75,48.5,47.25,48.5,6687300
2023-11-22,42.2676887512207,45.75,47.5,45.5,47.5,16262400
2023-11-23,41.574771881103516,45.0,46.5,44.75,46.25,9415400
2023-11-24,40.6508903503418,44.0,45.5,43.25,45.0,16967100
2023-11-27,41.574771881103516,45.0,45.25,43.25,43.75,11128500
2023-11-28,42.498661041259766,46.0,46.25,45.25,45.5,12144500
2023-11-29,44.115455627441406,47.75,48.25,46.5,46.5,21519100
2023-11-30,42.036712646484375,45.5,47.5,45.0,47.25,19815400
2023-12-01,43.19157409667969,46.75,46.75,45.25,46.0,10243300
2023-12-04,42.72963333129883,46.25,47.0,46.0,46.5,5486700
2023-12-06,43.19157409667969,46.75,47.0,46.0,46.25,4259400
2023-12-07,43.19157409667969,46.75,47.5,46.25,46.5,7538700
2023-12-08,43.19157409667969,46.75,47.25,46.5,47.0,7752500
2023-12-12,42.498661041259766,46.0,47.0,45.25,47.0,7754600
2023-12-13,41.112831115722656,44.5,46.25,43.75,46.0,13396700
2023-12-14,43.65351486206055,47.25,47.25,45.5,46.0,10371200
2023-12-15,45.27031707763672,49.0,49.25,47.25,47.5,19598200
2023-12-18,44.80836868286133,48.5,49.25,48.25,48.75,5015800
2023-12-19,44.57740020751953,48.25,49.0,47.75,48.0,5914500
2023-12-20,44.80836868286133,48.5,49.25,48.0,48.5,5420100
2023-12-21,44.80836868286133,48.5,50.0,48.25,48.25,12143500
2023-12-22,44.34642791748047,48.0,48.5,47.5,48.5,5513000
2023-12-25,44.80836868286133,48.5,48.5,47.75,48.0,1924700
2023-12-26,44.80836868286133,48.5,48.75,47.5,48.5,5272500
2023-12-27,44.115455627441406,47.75,49.0,47.75,48.75,5310800
2023-12-28,44.80836868286133,48.5,48.5,47.5,47.5,4741100
2024-01-03,45.73225402832031,49.5,50.5,49.0,50.5,7827900
2024-01-04,46.6561393737793,50.5,50.5,48.5,49.25,6896300
2024-01-05,45.03934097290039,48.75,50.5,48.5,50.25,10017700
2024-01-08,44.34642791748047,48.0,48.75,47.5,48.5,8640700
2024-01-09,43.42254638671875,47.0,48.75,47.0,48.75,8119700
2024-01-10,45.27031707763672,49.0,49.25,47.0,47.5,9059100
2024-01-11,45.73225402832031,49.5,49.5,48.25,49.0,6648100
2024-01-12,45.501285552978516,49.25,49.5,49.0,49.25,4666500
2024-01-15,45.27031707763672,49.0,50.5,49.0,49.75,5781700
2024-01-16,44.34642791748047,48.0,49.0,47.75,48.75,4764700
2024-01-17,42.498661041259766,46.0,47.75,46.0,47.5,8686500
2024-01-18,44.57740020751953,48.25,48.5,46.25,46.25,12557000
2024-01-19,45.501285552978516,49.25,49.25,47.75,48.25,8517600
2024-01-22,44.115455627441406,47.75,49.25,47.75,49.25,3774100
2024-01-23,44.34642791748047,48.0,49.0,47.75,48.25,5558800
2024-01-24,46.19419479370117,50.0,50.25,47.5,48.0,11067500
2024-01-25,45.27031707763672,49.0,50.0,49.0,49.5,3539000
2024-01-26,45.96322250366211,49.75,50.0,48.75,49.25,6032200
2024-01-29,45.96322250366211,49.75,50.25,49.25,49.75,4756700
2024-01-30,45.73225402832031,49.5,50.75,49.5,50.0,7422400
2024-01-31,45.501285552978516,49.25,49.75,49.0,49.5,5550500
2024-02-01,45.27031707763672,49.0,50.0,48.75,49.25,6261900
2024-02-02,46.88710403442383,50.75,51.25,49.5,49.5,9463200
2024-02-05,47.11807632446289,51.0,51.5,50.5,50.5,8546700
2024-02-06,47.34905242919922,51.25,51.5,50.5,51.0,7173600
2024-02-07,47.580020904541016,51.5,52.0,51.25,51.5,4505200
2024-02-08,47.34905242919922,51.25,52.25,51.0,51.25,5629000
2024-02-09,47.11807632446289,51.0,51.75,50.75,51.0,3066300
2024-02-12,48.2729377746582,52.25,52.75,50.75,51.25,7914800
2024-02-13,48.2729377746582,52.25,52.75,52.0,52.5,5301000
2024-02-14,47.580020904541016,51.5,51.75,51.0,51.75,5169400
2024-02-15,47.81099319458008,51.75,52.0,51.0,51.75,3213200
2024-02-16,47.34905242919922,51.25,52.0,51.0,52.0,2367100
2024-02-19,48.2729377746582,52.25,52.25,51.25,51.5,4607800
2024-02-20,48.50390625,52.5,53.25,52.0,52.25,6820100
2024-02-21,49.19681930541992,53.25,53.75,52.25,52.5,8662700
2024-02-22,48.96584701538086,53.0,53.5,52.75,53.5,3208800
2024-02-23,49.375755310058594,53.0,53.0,52.0,52.5,3265800
2024-02-27,48.67704391479492,52.25,53.25,51.25,53.0,6368500
2024-02-28,48.44414138793945,52.0,52.5,51.75,52.5,5119400
2024-02-29,47.51251983642578,51.0,52.0,49.5,52.0,11572000
2024-03-01,48.211238861083984,51.75,52.25,51.0,51.0,5015300
2024-03-04,47.27962112426758,50.75,51.25,50.5,51.25,3929300
2024-03-05,47.745426177978516,51.25,51.25,50.25,50.5,3229900
2024-03-06,48.211238861083984,51.75,52.25,51.0,51.0,2558200
2024-03-07,49.14285659790039,52.75,53.0,52.0,52.25,4706200
2024-03-08,51.238990783691406,55.0,55.75,53.25,53.5,13397700
2024-03-11,52.170616149902344,56.0,56.0,55.0,55.0,7288600
2024-03-12,52.170616149902344,56.0,56.0,56.0,56.0,0
2024-03-13,51.00609588623047,54.75,55.75,54.25,55.75,5642400
2024-03-14,50.773189544677734,54.5,55.25,54.25,54.25,4562900
2024-03-15,50.307376861572266,54.0,55.0,53.75,54.25,4244300
2024-03-18,51.00609588623047,54.75,55.0,54.0,54.25,3937900
2024-03-19,52.40352249145508,56.25,56.5,54.5,54.5,11076600
2024-03-20,51.47189712524414,55.25,56.25,54.75,56.25,5596600
2024-03-21,51.704803466796875,55.5,56.0,54.75,56.0,4304100
2024-03-22,51.704803466796875,55.5,55.5,55.5,55.5,0
2024-03-25,50.307376861572266,54.0,55.25,53.75,55.0,3071100
2024-03-26,50.07447052001953,53.75,54.0,53.25,54.0,5324800
2024-03-27,49.375755310058594,53.0,54.0,53.0,53.75,4856700
2024-03-28,49.375755310058594,53.0,53.0,53.0,53.0,0
2024-03-29,49.14285659790039,52.75,53.0,51.75,52.25,4291600
2024-04-01,49.14285659790039,52.75,53.75,52.75,53.0,4663500
2024-04-02,48.67704391479492,52.25,52.75,51.75,52.75,3830900
2024-04-03,48.67704391479492,52.25,52.75,51.5,52.0,3288200
2024-04-04,48.67704391479492,52.25,52.75,51.75,52.5,2419700
2024-04-05,48.909950256347656,52.5,53.0,52.0,52.0,2867500
2024-04-09,50.773189544677734,54.5,54.5,52.75,52.75,5726000
2024-04-10,50.773189544677734,54.5,55.0,54.25,54.5,3786500
2024-04-11,48.909950256347656,52.5,54.25,52.25,54.0,8133300
2024-04-17,46.347999572753906,49.75,51.75,49.25,51.5,13958000
2024-04-18,46.347999572753906,49.75,49.75,49.75,49.75,0
2024-04-19,46.347999572753906,49.75,49.75,49.75,49.75,0
2024-04-22,44.9505729675293,48.25,48.75,47.0,47.25,11200200
2024-04-23,44.9505729675293,48.25,49.0,48.0,48.5,6038000
2024-04-24,44.9505729675293,48.25,48.25,48.25,48.25,0
2024-04-25,45.416385650634766,48.75,49.0,47.25,47.75,4686200
2024-04-26,44.48476791381836,47.75,49.0,47.5,48.5,4228900
2024-04-29,45.416385650634766,48.75,48.75,47.75,48.0,3333000
2024-04-30,45.649288177490234,49.0,49.25,48.5,48.75,4855200
2024-05-02,45.416385650634766,48.75,49.0,48.25,48.75,3375200
2024-05-03,46.11509323120117,49.5,50.5,48.75,48.75,5281900
2024-05-07,46.11509323120117,49.5,49.5,49.5,49.5,0
2024-05-08,47.04671859741211,50.5,50.75,50.0,50.5,2273700
2024-05-09,46.580902099609375,50.0,51.5,50.0,51.5,3400500
2024-05-10,46.813812255859375,50.25,50.5,49.5,50.0,2410500
2024-05-13,45.8821907043457,49.25,50.5,49.25,50.25,3666600
2024-05-14,45.8821907043457,49.25,50.25,49.0,49.25,2190700
2024-05-15,45.8821907043457,49.25,49.25,49.25,49.25,0
2024-05-16,45.8821907043457,49.25,49.25,49.25,49.25,0
2024-05-17,46.813812255859375,50.25,50.75,49.5,50.5,5221100
2024-05-20,46.813812255859375,50.25,50.25,50.25,50.25,0
2024-05-21,44.9505729675293,48.25,49.5,48.0,49.5,7583300
2024-05-23,44.9505729675293,48.25,48.25,46.5,48.0,10577200
2024-05-24,44.9505729675293,48.25,48.25,48.25,48.25,0
2024-05-27,45.18347930908203,48.5,48.75,47.5,47.75,6640600
2024-05-28,44.48476791381836,47.75,48.5,47.5,48.5,3856200
2024-05-29,43.786048889160156,47.0,47.75,47.0,47.5,3752600
2024-05-30,43.786048889160156,47.0,47.0,47.0,47.0,0
2024-05-31,43.786048889160156,47.0,47.0,47.0,47.0,0
2024-06-04,41.922813415527344,45.0,47.5,45.0,47.5,8399200
2024-06-05,41.689910888671875,44.75,45.75,44.25,45.25,7049800
2024-06-06,40.7582893371582,43.75,45.0,43.25,45.0,8078600
2024-06-07,41.224098205566406,44.25,44.5,43.25,43.75,6462600
2024-06-10,40.292484283447266,43.25,44.0,42.5,43.75,8909000
2024-06-11,40.525394439697266,43.5,44.5,43.0,43.25,7521200
2024-06-12,40.525394439697266,43.5,44.25,42.75,44.0,5309700
2024-06-13,39.59376907348633,42.5,44.0,42.5,43.75,6256800
2024-06-14,37.26472473144531,40.0,42.5,39.75,42.5,21016000
2024-06-17,37.031822204589844,39.75,40.75,39.0,40.5,9959800
2024-06-18,37.031822204589844,39.75,39.75,39.75,39.75,0
2024-06-19,37.031822204589844,39.75,39.75,39.75,39.75,0
2024-06-20,37.031822204589844,39.75,40.5,39.5,40.5,11309800
2024-06-21,38.895057678222656,41.75,42.75,39.75,39.75,17257000
2024-06-24,39.127960205078125,42.0,42.75,41.5,41.5,7869700
2024-06-25,38.895057678222656,41.75,42.5,41.5,42.0,8055600
2024-06-26,38.895057678222656,41.75,41.75,41.75,41.75,0
2024-06-27,37.49762725830078,40.25,40.75,40.0,40.25,6250000
2024-06-28,37.031822204589844,39.75,40.25,39.0,40.25,10797600
2024-07-01,36.56601333618164,39.25,40.25,38.75,39.5,6911800
2024-07-02,35.8672981262207,38.5,40.0,38.5,39.0,7739300
2024-07-03,36.56601333618164,39.25,39.25,38.25,39.0,5143500
2024-07-04,36.10020065307617,38.75,40.25,38.5,39.75,9279700
2024-07-05,36.79891586303711,39.5,40.0,38.5,38.75,5678100
2024-07-08,37.26472473144531,40.0,40.25,39.75,40.0,4531700
2024-07-09,37.26472473144531,40.0,40.0,40.0,40.0,0
2024-07-10,37.730533599853516,40.5,41.75,40.5,40.75,15658800
2024-07-11,38.895057678222656,41.75,42.5,40.25,40.75,14607100
2024-07-12,38.895057678222656,41.75,41.75,41.75,41.75,0
2024-07-15,38.895057678222656,41.75,41.75,41.75,41.75,0
2024-07-16,38.42924880981445,41.25,41.75,40.75,41.75,6766800
2024-07-17,38.42924880981445,41.25,41.75,40.75,41.5,5501600
2024-07-18,37.963436126708984,40.75,41.75,40.5,41.5,10003800
2024-07-19,37.031822204589844,39.75,39.75,37.75,38.5,18529000
2024-07-23,36.56601333618164,39.25,39.5,38.75,39.25,8045700
2024-07-24,35.63439178466797,38.25,39.0,38.0,39.0,8061600
2024-07-25,35.63439178466797,38.25,38.75,37.5,37.75,5309700
2024-07-26,36.10020065307617,38.75,39.0,37.5,38.0,6722900
2024-07-30,36.10020065307617,38.75,38.75,38.75,38.75,0
2024-07-31,37.031822204589844,39.75,40.5,38.75,38.75,14086300
2024-08-01,38.19634246826172,41.0,41.25,39.5,39.75,16932200
2024-08-02,38.19634246826172,41.0,41.0,41.0,41.0,0
2024-08-05,37.49762725830078,40.25,41.25,39.5,40.0,15881600
2024-08-06,38.19634246826172,41.0,42.0,40.0,40.75,14539300
2024-08-07,37.730533599853516,40.5,41.5,40.25,41.25,6757700
2024-08-08,37.730533599853516,40.5,40.5,40.5,40.5,0
2024-08-09,37.49762725830078,40.25,41.75,40.0,41.5,10898800
2024-08-13,34.9356803894043,37.5,39.25,37.25,39.25,24296000
2024-08-14,34.9356803894043,37.5,38.25,36.75,37.5,13802300
2024-08-15,34.00405502319336,36.5,37.5,36.0,37.5,10467200
2024-08-16,33.771156311035156,36.25,37.0,35.75,36.75,8847100
2024-08-19,33.771156311035156,36.25,36.25,36.25,36.25,0
2024-08-20,37.26472473144531,40.0,40.75,39.0,39.25,15517900
2024-08-21,37.26472473144531,40.0,40.5,39.75,40.0,4976800
2024-08-22,37.031822204589844,39.75,40.5,39.75,40.25,3699000
2024-08-23,37.49762725830078,40.25,40.5,39.25,39.75,7999300
2024-08-26,38.42924880981445,41.25,42.25,40.25,40.25,17967200
2024-08-27,39.360862731933594,42.25,42.5,41.0,41.5,12244300
2024-08-28,38.19634246826172,41.0,42.0,40.5,42.0,14902000
2024-08-29,37.49762725830078,40.25,41.0,39.75,40.5,10616700
2024-08-30,37.49762725830078,40.25,41.25,40.25,40.5,86710700
2024-09-02,38.19634246826172,41.0,41.25,39.5,40.5,26362100
2024-09-03,39.360862731933594,42.25,42.5,41.0,41.0,15516500
2024-09-04,39.59376907348633,42.5,43.75,41.75,41.75,26637800
2024-09-05,40.99119567871094,44.0,44.75,43.0,43.25,21792700
2024-09-06,42.15571975708008,45.25,45.75,44.5,44.75,18146900
2024-09-09,42.579158782958984,45.25,45.25,45.25,45.25,0
2024-09-10,42.579158782958984,45.25,45.75,44.5,45.0,12430700
2024-09-11,43.99061965942383,46.75,47.75,45.5,46.25,29998200
2024-09-12,43.52013397216797,46.25,47.0,46.0,47.0,8272900
2024-09-13,42.81440353393555,45.5,46.5,45.25,46.25,12818700
2024-09-16,43.75537872314453,46.5,47.0,45.75,45.75,8316900
2024-09-17,43.52013397216797,46.25,46.75,46.0,46.5,3949300
2024-09-18,43.52013397216797,46.25,47.0,46.0,46.25,5993300
2024-09-19,44.22586441040039,47.0,47.5,46.5,46.75,8484900
2024-09-20,44.22586441040039,47.0,47.0,47.0,47.0,0
2024-09-23,43.99061965942383,46.75,47.25,46.25,47.25,5038400
2024-09-24,43.52013397216797,46.25,47.0,45.75,46.75,11635200
2024-09-25,44.46110916137695,47.25,48.5,46.5,46.5,14753400
2024-09-26,44.22586441040039,47.0,47.5,46.5,47.5,9524600
2024-09-27,44.22586441040039,47.0,47.0,47.0,47.0,0
2024-09-30,45.16684341430664,48.0,48.25,47.25,47.25,5474400
2024-10-01,46.34305953979492,49.25,49.75,48.0,48.0,10524300
2024-10-02,45.16684341430664,48.0,49.25,47.75,49.25,11242100
2024-10-03,44.696353912353516,47.5,48.25,47.25,47.75,8743100
2024-10-04,44.22586441040039,47.0,47.5,46.5,47.25,6024700
2024-10-07,44.22586441040039,47.0,47.5,46.5,47.25,4402000
2024-10-08,43.284889221191406,46.0,47.0,46.0,46.5,9498400
2024-10-09,43.75537872314453,46.5,47.25,46.25,46.25,7979100
2024-10-10,44.696353912353516,47.5,48.25,47.25,47.25,13579700
2024-10-11,44.696353912353516,47.5,48.0,47.25,47.5,5433300
2024-10-15,43.75537872314453,46.5,48.0,46.25,48.0,5504500
2024-10-16,43.75537872314453,46.5,46.5,46.5,46.5,0
2024-10-17,45.6373291015625,48.5,49.25,47.75,49.25,15493400
2024-10-18,43.99061965942383,46.75,48.75,46.5,48.25,10923400
2024-10-21,44.22586441040039,47.0,47.5,46.75,46.75,4063000
2024-10-22,43.52013397216797,46.25,47.0,46.0,46.75,4837400
2024-10-24,41.16769790649414,43.75,46.25,43.25,46.0,15477000
2024-10-25,40.93244934082031,43.5,44.0,43.0,43.75,6172900
2024-10-28,41.638179779052734,44.25,44.25,43.5,44.0,6163400
2024-10-29,40.22671890258789,42.75,44.75,42.75,44.5,12225700
2024-10-30,39.5209846496582,42.0,42.25,41.75,42.25,5590800
2024-10-31,39.75623321533203,42.25,42.5,41.5,41.75,3302800
2024-11-01,39.75623321533203,42.25,43.25,42.0,42.25,9539200
2024-11-04,40.46196365356445,43.0,43.5,42.25,42.5,5828300
2024-11-05,40.46196365356445,43.0,43.25,42.5,42.75,2464900
2024-11-06,39.75623321533203,42.25,44.0,42.0,43.0,7544600
2024-11-07,37.8742790222168,40.25,42.25,40.0,42.0,11379000
2024-11-08,38.58000946044922,41.0,41.75,41.0,41.0,6839900
2024-11-11,38.81525421142578,41.25,41.75,40.75,41.25,6527000
2024-11-12,38.34477233886719,40.75,41.75,40.5,41.0,6912500
2024-11-13,38.81525421142578,41.25,41.5,40.5,40.75,4740700
2024-11-14,38.58000946044922,41.0,41.75,40.5,41.0,5755300
2024-11-15,38.34477233886719,40.75,41.5,39.75,41.25,7454900
2024-11-18,38.58000946044922,41.0,41.25,40.5,41.0,2006500
2024-11-19,39.050498962402344,41.5,42.25,40.75,41.0,5901600
2024-11-20,39.991477966308594,42.5,43.5,41.75,41.75,8812500
2024-11-21,40.22671890258789,42.75,43.0,42.0,42.75,7740500
2024-11-22,40.93244934082031,43.5,44.0,42.5,42.75,6574300
2024-11-25,41.40293884277344,44.0,44.5,43.5,44.0,6725000
2024-11-26,41.16769790649414,43.75,44.5,43.5,44.25,6793000
2024-11-27,40.22671890258789,42.75,43.75,41.75,43.75,8399800
2024-11-28,40.697208404541016,43.25,43.5,42.5,42.75,3539500
2024-11-29,40.93244934082031,43.5,43.75,42.75,43.25,4467300
2024-12-02,41.638179779052734,44.25,44.5,43.0,43.5,5097700
2024-12-03,41.87342834472656,44.5,44.75,44.0,44.25,4237900
2024-12-04,41.87342834472656,44.5,44.75,44.0,44.75,4318100
2024-12-06,42.10866928100586,44.75,45.0,44.0,44.5,2224900
2024-12-09,41.638179779052734,44.25,44.75,43.25,44.5,5757900
2024-12-11,41.638179779052734,44.25,44.5,43.75,44.25,3458200
2024-12-12,40.22671890258789,42.75,44.25,42.25,44.25,6200900
2024-12-13,39.75623321533203,42.25,43.0,41.5,42.25,5013800
2024-12-16,38.81525421142578,41.25,42.25,41.0,42.25,4930500
2024-12-17,38.81525421142578,41.25,42.5,41.25,41.5,4829000
2024-12-18,38.34477233886719,40.75,41.75,40.25,41.5,5365800
2024-12-19,37.8742790222168,40.25,41.25,39.75,40.0,9084700
2024-12-20,35.28659439086914,37.5,40.25,36.25,40.25,18524700
2024-12-23,36.69805908203125,39.0,39.25,37.5,38.25,9122700
2024-12-24,37.40379333496094,39.75,40.0,38.75,39.0,5043500
2024-12-25,37.40379333496094,39.75,40.0,39.5,40.0,6926300
2024-12-26,36.46281433105469,38.75,39.5,37.5,39.5,17895800
2024-12-27,36.22756576538086,38.5,39.0,38.25,38.75,6053400
2024-12-30,35.99232864379883,38.25,39.0,38.0,38.5,4005500
2025-01-02,34.816104888916016,37.0,38.0,37.0,38.0,5869800
2025-01-03,35.051353454589844,37.25,38.0,36.75,37.25,5753700
2025-01-06,32.228424072265625,34.25,36.25,33.25,36.25,17761200
2025-01-07,32.93415451049805,35.0,36.0,34.25,34.25,12377600
2025-01-08,32.93415451049805,35.0,36.0,34.5,35.25,8786800
2025-01-09,31.522689819335938,33.5,34.75,33.0,34.75,15698600
2025-01-10,30.81696128845215,32.75,34.0,32.75,33.5,10770200
2025-01-13,31.052204132080078,33.0,33.5,32.0,32.0,9249100
2025-01-14,29.875986099243164,31.75,34.75,31.75,34.5,21996400
2025-01-15,30.11122703552246,32.0,32.5,30.75,32.0,15548500
2025-01-16,29.875986099243164,31.75,32.5,31.25,32.5,6889600
2025-01-17,29.405494689941406,31.25,32.0,30.75,31.75,6624400
2025-01-20,28.699764251708984,30.5,31.5,30.0,31.25,9218400
2025-01-21,31.052204132080078,33.0,33.25,30.5,31.25,14015600
2025-01-22,30.581716537475586,32.5,33.75,31.75,33.0,13808500
2025-01-23,30.11122703552246,32.0,33.0,31.75,32.5,9485000
2025-01-24,30.581716537475586,32.5,32.75,32.0,32.25,9021900
2025-01-27,30.11122703552246,32.0,32.75,31.75,32.5,6594700
2025-01-28,30.346471786499023,32.25,32.75,31.0,32.25,8381700
2025-01-29,30.11122703552246,32.0,32.75,31.75,32.25,3377300
2025-01-30,29.875986099243164,31.75,33.0,31.5,32.25,7581200
2025-01-31,28.935007095336914,30.75,32.0,30.5,31.75,10157500
2025-02-03,28.699764251708984,30.5,30.5,29.0,29.0,8575600
2025-02-04,28.46451759338379,30.25,31.0,30.0,30.75,9249800
2025-02-05,27.99403190612793,29.75,30.5,29.0,30.5,6868100
2025-02-06,25.171106338500977,26.75,30.0,26.75,30.0,27593600
2025-02-07,25.64159393310547,27.25,27.25,25.75,27.0,19445600
2025-02-10,24.70061683654785,26.25,27.0,26.0,27.0,10679700
2025-02-11,24.230127334594727,25.75,26.75,25.75,26.25,11888900
2025-02-13,24.935861587524414,26.5,28.0,26.0,26.25,21288000
2025-02-14,25.8768367767334,27.5,28.0,26.75,27.0,12757000
2025-02-17,27.288299560546875,29.0,29.5,28.0,28.25,16975000
2025-02-18,28.229276657104492,30.0,30.5,29.5,29.75,6167000
2025-02-19,27.523544311523438,29.25,30.75,29.0,30.25,10400100
2025-02-20,26.347322463989258,28.0,29.5,27.5,28.5,16672300
2025-02-21,27.288299560546875,29.0,29.5,28.0,28.0,8982600
2025-02-24,27.758787155151367,29.5,29.75,28.5,29.25,7310100
2025-02-25,27.053054809570312,28.75,29.75,28.5,29.75,11469000
2025-02-26,28.229276657104492,30.0,30.25,28.5,28.75,9480200
2025-02-27,27.758787155151367,29.5,30.0,28.25,29.5,11873800
2025-02-28,26.58256721496582,28.25,29.0,27.25,28.25,26860300
2025-03-03,25.817602157592773,27.0,28.0,26.75,27.75,8698600
2025-03-04,26.295705795288086,27.5,28.25,26.5,26.5,7651300
2025-03-05,28.68622589111328,30.0,30.0,27.5,27.75,10559700
2025-03-06,27.251914978027344,28.5,29.5,28.5,29.5,9410800
2025-03-07,29.164329528808594,30.5,31.0,28.0,28.5,15055800
2025-03-10,27.490964889526367,28.75,30.5,28.75,30.0,10937000
2025-03-11,29.164329528808594,30.5,31.0,28.25,28.25,14413300
2025-03-12,28.68622589111328,30.0,30.75,29.75,30.25,8942000
2025-03-13,28.925275802612305,30.25,31.5,30.0,30.5,11645100
2025-03-14,29.642431259155273,31.0,31.5,30.25,30.5,11117100
2025-03-17,27.969070434570312,29.25,30.5,28.5,30.25,11702600
2025-03-18,27.251914978027344,28.5,29.75,28.0,29.5,9454200
2025-03-19,27.969070434570312,29.25,30.25,28.5,28.5,9897200
2025-03-20,27.490964889526367,28.75,30.0,28.75,29.25,4491600
2025-03-21,27.251914978027344,28.5,29.0,28.25,28.75,4816700
2025-03-24,27.251914978027344,28.5,28.75,28.0,28.75,4175900
2025-03-25,26.534757614135742,27.75,28.5,27.5,28.5,4585600
2025-03-26,27.490964889526367,28.75,29.25,27.5,27.75,7772900
2025-03-27,26.534757614135742,27.75,29.25,27.75,29.0,7000000
2025-03-28,26.05665397644043,27.25,27.75,27.0,27.75,3085800
2025-03-31,25.578550338745117,26.75,27.0,25.75,26.0,6461800
2025-04-01,24.622343063354492,25.75,27.25,25.0,27.25,11066100
2025-04-02,24.383291244506836,25.5,26.0,24.899999618530273,25.5,10113800
2025-04-03,24.383291244506836,25.5,26.0,25.25,25.25,5205500
2025-04-04,23.42708396911621,24.5,25.75,24.299999237060547,25.75,12493000
2025-04-08,22.470874786376953,23.5,23.799999237060547,22.399999618530273,23.5,12605100
2025-04-09,23.713945388793945,24.799999237060547,25.0,23.200000762939453,23.399999618530273,10753600
2025-04-10,24.383291244506836,25.5,26.5,25.5,25.75,8655400
2025-04-11,23.61832618713379,24.700000762939453,25.75,24.600000381469727,25.25,7136300
2025-04-16,26.534757614135742,27.75,28.25,25.0,25.25,14440500
2025-04-17,27.251914978027344,28.5,29.25,28.0,28.25,11990800
2025-04-18,27.490964889526367,28.75,29.0,27.75,28.25,4897400
2025-04-21,27.490964889526367,28.75,29.5,28.25,28.75,12900100
2025-04-22,29.40338134765625,30.75,31.0,28.75,28.75,14617700
2025-04-23,29.164329528808594,30.5,32.0,30.0,31.5,13533700
2025-04-24,29.40338134765625,30.75,31.25,29.5,30.25,9133700
2025-04-25,29.40338134765625,30.75,31.5,30.25,31.25,3320900
2025-04-28,29.40338134765625,30.75,31.25,30.5,30.75,3160800
2025-04-29,30.359590530395508,31.75,31.75,30.5,30.75,4826000
2025-04-30,29.881484985351562,31.25,32.0,31.0,31.75,6660100
2025-05-02,29.164329528808594,30.5,32.0,30.25,31.5,12421900
2025-05-06,29.642431259155273,31.0,31.75,30.75,31.0,10172400
2025-05-07,31.076744079589844,32.5,33.0,30.75,31.5,14535600
2025-05-08,31.793901443481445,33.25,33.5,32.0,32.5,7168500
2025-05-09,32.7501106262207,34.25,34.25,32.75,33.25,8363000
2025-05-13,32.7501106262207,34.25,35.25,33.5,35.0,7313800
2025-05-14,32.7501106262207,34.25,35.0,34.0,34.5,4610100
2025-05-15,32.03295135498047,33.5,34.5,33.0,34.25,5861800
2025-05-16,32.51105499267578,34.0,34.5,33.5,34.0,4172100
2025-05-19,32.03295135498047,33.5,34.0,33.0,34.0,5697900
2025-05-20,31.554845809936523,33.0,34.0,32.0,33.75,10840600
2025-05-21,31.076744079589844,32.5,33.5,32.5,33.0,6997700
2025-05-22,30.837692260742188,32.25,33.0,32.25,32.5,3592900
2025-05-23,32.272003173828125,33.75,34.0,32.5,32.75,6833400
2025-05-26,32.03295135498047,33.5,33.75,33.25,33.5,2406100
2025-05-27,30.837692260742188,32.25,33.5,32.0,33.5,5786400
2025-05-28,30.837692260742188,32.25,33.25,32.25,32.5,4209500
2025-05-29,30.837692260742188,32.25,32.75,32.0,32.5,4539800
2025-05-30,31.076744079589844,32.5,33.0,32.0,32.0,5174200
2025-06-04,31.076744079589844,32.5,32.5,30.75,32.25,7354900
2025-06-05,30.837692260742188,32.25,32.75,31.25,32.25,6801100
2025-06-06,31.076744079589844,32.5,32.75,31.75,32.25,4727700
2025-06-09,31.554845809936523,33.0,33.25,32.5,32.75,2939600
2025-06-10,31.793901443481445,33.25,33.25,32.5,32.75,3245400
2025-06-11,30.837692260742188,32.25,33.5,32.0,33.5,5361800
2025-06-12,30.837692260742188,32.25,33.0,32.0,32.5,3165000
2025-06-13,29.40338134765625,30.75,32.0,30.5,32.0,8229800
2025-06-16,29.642431259155273,31.0,31.5,30.0,30.75,6394800
2025-06-17,28.925275802612305,30.25,31.5,30.25,31.25,2586700
2025-06-18,28.20812225341797,29.5,31.25,29.5,30.25,6654000
2025-06-19,27.730016708374023,29.0,29.75,28.75,29.0,5797600
2025-06-20,26.534757614135742,27.75,29.25,27.5,28.75,11359300
2025-06-23,26.295705795288086,27.5,28.0,26.5,26.75,9083000
2025-06-24,28.68622589111328,30.0,30.0,28.5,28.75,15603400
2025-06-25,28.20812225341797,29.5,30.25,29.25,29.75,5946700
2025-06-26,28.925275802612305,30.25,30.5,29.25,29.25,6057500
2025-06-27,28.20812225341797,29.5,30.5,29.25,30.25,7032600
2025-06-30,27.969070434570312,29.25,30.0,29.25,29.5,4217800
2025-07-01,28.447174072265625,29.75,29.75,29.0,29.75,5833300
2025-07-02,28.447174072265625,29.75,30.0,29.25,29.75,5369100
2025-07-03,28.925275802612305,30.25,30.5,29.5,29.5,4137000
2025-07-04,28.20812225341797,29.5,30.5,29.25,30.0,5427500
2025-07-07,27.969070434570312,29.25,29.5,28.5,29.5,4502800
2025-07-08,27.969070434570312,29.25,29.5,28.75,28.75,3714600
2025-07-09,27.490964889526367,28.75,29.5,28.5,29.0,3544200
2025-07-11,28.20812225341797,29.5,30.0,29.0,29.0,7204900
2025-07-14,29.40338134765625,30.75,31.0,29.25,29.5,5235500
2025-07-15,29.881484985351562,31.25,31.75,30.5,30.5,4451100
2025-07-16,29.164329528808594,30.5,31.75,30.5,31.25,6358800
2025-07-17,29.881484985351562,31.25,31.75,30.75,30.75,9575300
2025-07-18,30.120534896850586,31.5,32.25,31.25,31.5,8972700
2025-07-21,30.120534896850586,31.5,32.5,31.5,32.0,5609000
2025-07-22,29.40338134765625,30.75,32.0,30.75,31.75,5125000
2025-07-23,31.315797805786133,32.75,33.25,31.25,31.25,11440300
2025-07-24,31.315797805786133,32.75,33.5,32.5,32.75,7449600
2025-07-25,30.837692260742188,32.25,32.75,31.75,32.5,8316700
2025-07-29,32.51105499267578,34.0,34.5,31.75,32.5,12422800
2025-07-30,32.272003173828125,33.75,34.25,33.5,34.0,5226700
2025-07-31,32.03295135498047,33.5,34.75,33.5,33.75,8012500
2025-08-01,31.076744079589844,32.5,34.0,32.25,33.75,8242100
2025-08-04,30.837692260742188,32.25,32.5,31.75,32.5,4168100
2025-08-05,31.793901443481445,33.25,34.0,32.5,32.75,7174300
2025-08-06,32.272003173828125,33.75,34.0,33.0,33.25,4664000
2025-08-07,34.66252136230469,36.25,37.75,35.25,35.25,34997400
2025-08-08,34.66252136230469,36.25,36.5,35.5,36.0,8091700
2025-08-13,34.66252136230469,36.25,37.25,35.75,37.25,11376200
2025-08-14,34.90157699584961,36.5,36.5,35.5,36.0,8711400
2025-08-15,34.184417724609375,35.75,36.75,35.5,36.25,9134000
2025-08-18,34.184417724609375,35.75,36.0,35.25,35.75,4733900
2025-08-19,34.66252136230469,36.25,36.25,35.25,35.5,5432900
2025-08-20,34.42346954345703,36.0,36.25,35.25,36.0,5630700
2025-08-21,35.857784271240234,37.5,37.5,36.0,36.25,12589900
2025-08-22,35.61872863769531,37.25,37.75,36.5,37.5,7802600
2025-08-25,38.2483024597168,40.0,40.5,37.75,38.0,21653900
2025-08-26,38.48735046386719,40.25,41.0,39.5,39.75,12560200
2025-08-27,38.2483024597168,40.0,40.25,39.25,40.0,6658800
2025-08-28,40.16071701049805,42.0,42.25,39.75,40.0,9726600
2025-08-29,40.16071701049805,42.0,42.25,41.25,42.0,8450900
2025-09-01,39.68260955810547,41.5,42.0,40.5,41.75,8129000
2025-09-02,39.44355773925781,41.25,41.5,40.75,41.5,5162200
2025-09-03,39.68260955810547,41.5,42.0,40.75,41.25,5879300
2025-09-04,38.48735046386719,40.25,42.25,40.0,41.5,14812800
2025-09-05,39.44355773925781,41.25,41.75,40.75,41.0,9453300
2025-09-08,39.20157241821289,40.5,41.25,40.25,41.0,6738100
2025-09-09,39.685543060302734,41.0,42.0,40.5,41.25,8275000
2025-09-10,39.927528381347656,41.25,41.75,40.5,41.25,4991700
2025-09-11,40.65348434448242,42.0,43.0,41.75,41.75,10697700
2025-09-12,39.685543060302734,41.0,42.0,40.5,42.0,8703600
2025-09-15,39.20157241821289,40.5,41.0,40.0,41.0,3180500
2025-09-16,38.95958709716797,40.25,40.5,39.5,40.5,9740400
2025-09-17,38.47562026977539,39.75,40.5,39.5,40.25,6275300
2025-09-18,38.95958709716797,40.25,40.25,38.75,40.0,12062400
2025-09-19,39.44356155395508,40.75,40.75,39.5,40.0,6962700
2025-09-22,39.44356155395508,40.75,41.0,40.5,41.0,3521300
2025-09-23,38.71760559082031,40.0,41.0,39.5,40.75,4989600
2025-09-24,37.5076789855957,38.75,40.25,38.75,40.0,9118000
2025-09-25,38.47562026977539,39.75,40.0,38.25,38.5,8071800
2025-09-26,37.749664306640625,39.0,39.75,38.75,39.5,9086400
2025-09-29,37.749664306640625,39.0,39.5,38.5,39.25,7701100
2025-09-30,37.5076789855957,38.75,39.25,38.25,39.0,6494000
2025-10-01,36.78172302246094,38.0,38.75,38.0,38.5,3820800
2025-10-02,37.99164962768555,39.25,39.5,38.25,38.25,8357600
2025-10-03,37.749664306640625,39.0,39.5,38.5,39.5,3600800
2025-10-06,36.29775619506836,37.5,39.0,37.5,38.75,10961400
2025-10-07,36.29775619506836,37.5,37.5,37.5,37.5,0
2025-10-08,37.749664306640625,39.0,39.75,38.5,38.5,9004100
2025-10-09,39.927528381347656,41.25,41.25,39.25,39.25,9986300
2025-10-10,39.20157241821289,40.5,41.5,40.25,41.5,6059500
2025-10-14,38.71760559082031,40.0,41.5,39.75,40.75,8476800
2025-10-15,39.20157241821289,40.5,41.0,39.75,40.25,5275000
2025-10-16,39.44356155395508,40.75,41.25,40.25,40.5,5609300
2025-10-17,39.20157241821289,40.5,42.0,40.0,40.5,7270900
2025-10-20,39.685543060302734,41.0,41.5,41.0,41.5,3084400
2025-10-21,40.895469665527344,42.25,42.5,40.5,41.25,8498900
2025-10-22,40.65348434448242,42.0,42.5,41.25,42.0,7285900
2025-10-24,40.895469665527344,42.25,43.0,42.0,42.25,7714100
2025-10-27,40.895469665527344,42.25,43.0,42.0,42.5,4065500
2025-10-28,40.4114990234375,41.75,42.5,41.0,42.5,8415600
2025-10-29,40.16951370239258,41.5,42.0,41.25,42.0,2392600
2025-10-30,39.927528381347656,41.25,42.25,41.0,41.0,4946300
2025-10-31,40.16951370239258,41.5,41.5,41.0,41.25,2538200
2025-11-03,38.71760559082031,40.0,42.0,39.75,41.75,6026600
2025-11-04,38.47562026977539,39.75,40.25,39.25,40.0,7711000
2025-11-05,38.71760559082031,40.0,40.75,39.0,39.0,5346800
2025-11-06,36.78172302246094,38.0,40.25,37.75,40.25,13128500
2025-11-07,36.05576705932617,37.25,38.25,37.25,37.75,9775300
2025-11-10,36.78172302246094,38.0,38.0,37.0,37.5,4745300
2025-11-11,36.29775619506836,37.5,38.25,37.25,38.25,7864700
2025-11-12,35.81378173828125,37.0,37.75,36.5,37.5,9533000
2025-11-13,35.81378173828125,37.0,37.5,36.5,37.0,4536700
2025-11-14,34.11988830566406,35.25,36.75,35.25,36.75,13242100
2025-11-17,35.08782958984375,36.25,36.25,35.25,35.25,3825000
2025-11-18,35.32981491088867,36.5,37.5,35.75,35.75,6649400
2025-11-19,36.05576705932617,37.25,37.25,36.5,36.75,8535300
2025-11-20,36.05576705932617,37.25,37.75,37.0,37.5,4319700
2025-11-21,35.32981491088867,36.5,37.0,36.0,36.75,4883400
2025-11-24,33.15195083618164,34.25,36.5,33.75,36.5,12362400
2025-11-25,34.11988830566406,35.25,35.25,34.5,34.5,4642100
2025-11-26,34.11988830566406,35.25,35.5,35.0,35.5,3638300
2025-11-27,34.11988830566406,35.25,35.75,34.75,35.25,2405000
2025-11-28,33.87790298461914,35.0,36.0,34.75,35.5,5126300
2025-12-01,34.603858947753906,35.75,36.0,34.5,34.75,6960500
2025-12-02,34.11988830566406,35.25,36.0,34.75,35.75,6086400
2025-12-03,34.11988830566406,35.25,35.5,35.0,35.25,2710700
2025-12-04,33.63591766357422,34.75,35.25,34.75,35.0,5571000
2025-12-08,33.15195083618164,34.25,35.0,34.0,34.75,5643600
2025-12-09,33.63591766357422,34.75,35.25,34.0,34.25,4670800
2025-12-11,33.63591766357422,34.75,35.25,34.0,35.0,3266400
2025-12-12,33.15195083618164,34.25,35.25,34.0,34.75,5596800
2025-12-15,33.87790298461914,35.0,35.0,33.75,34.0,5010500
2025-12-16,34.11988830566406,35.25,35.25,34.5,35.0,3616900
2025-12-17,34.361873626708984,35.5,36.5,35.25,35.25,10838400
2025-12-18,33.15195083618164,34.25,35.5,33.75,35.25,9189100
2025-12-19,33.15195083618164,34.25,34.5,34.0,34.5,4115500
2025-12-22,33.3939323425293,34.5,34.75,34.25,34.5,4032600
2025-12-23,34.603858947753906,35.75,36.0,35.0,35.25,9091100
2025-12-24,34.361873626708984,35.5,36.0,34.75,35.75,6150200
2025-12-25,34.603858947753906,35.75,36.5,35.5,35.5,5191900
2025-12-26,34.603858947753906,35.75,36.0,35.25,35.75,3615300
2025-12-29,34.84584426879883,36.0,36.25,35.5,35.75,3717400
2025-12-30,34.84584426879883,36.0,36.25,35.75,35.75,2649900
2026-01-05,34.603858947753906,35.75,36.5,35.5,36.5,4761700
2026-01-06,35.81378173828125,37.0,37.25,35.75,35.75,10330100
2026-01-07,36.05576705932617,37.25,37.75,36.75,36.75,4229800
2026-01-08,36.05576705932617,37.25,37.25,36.5,36.5,3827800
2026-01-09,35.81378173828125,37.0,37.5,37.0,37.0,1967900
2026-01-12,35.81378173828125,37.0,37.25,36.25,37.0,3622600
2026-01-13,34.603858947753906,35.75,37.25,35.5,37.25,5743300
2026-01-14,34.603858947753906,35.75,36.0,35.5,35.5,3232900
2026-01-15,35.08782958984375,36.25,36.25,35.5,35.5,4938500
2026-01-16,37.26569366455078,38.5,38.75,36.0,36.25,8543500
2026-01-19,37.749664306640625,39.0,39.0,37.75,38.25,5496200
2026-01-20,37.5076789855957,38.75,39.5,38.5,38.75,6079900
2026-01-21,37.749664306640625,39.0,39.25,38.5,39.0,5860300
2026-01-22,37.02370834350586,38.25,39.25,38.0,39.25,6057000
2026-01-23,35.08782958984375,36.25,38.5,36.25,38.25,9140100
2026-01-26,34.361873626708984,35.5,36.25,35.0,36.0,6141100
2026-01-27,34.361873626708984,35.5,36.0,35.0,35.5,13766100
2026-01-28,34.84584426879883,36.0,36.25,35.25,35.5,7026700
2026-01-29,34.361873626708984,35.5,36.25,35.25,36.0,6935000
2026-01-30,34.361873626708984,35.5,36.0,35.25,35.25,3447500
2026-02-02,34.603858947753906,35.75,35.75,34.25,35.25,10493100
2026-02-03,35.81378173828125,37.0,37.75,35.25,36.0,17124500
2026-02-04,35.571800231933594,36.75,37.0,36.0,37.0,10606600
2026-02-05,35.571800231933594,36.75,36.75,36.0,36.75,6203500
2026-02-06,36.539737701416016,37.75,38.0,36.5,36.75,7892500
2026-02-09,37.5076789855957,38.75,39.25,38.25,38.75,13731600
2026-02-10,37.99164962768555,39.25,39.5,38.25,38.75,11082800
2026-02-11,37.26569366455078,38.5,39.75,38.5,39.25,7885700
2026-02-12,39.927528381347656,41.25,41.25,39.25,39.5,21135600
2026-02-13,41.62142562866211,43.0,43.75,41.25,41.25,18072800
2026-02-16,41.86341094970703,43.25,44.25,43.0,43.5,7813600
2026-02-17,42.10539245605469,43.5,43.5,42.25,43.0,10377600
2026-02-18,42.34737777709961,43.75,43.75,43.0,43.75,6163900
2026-02-19,43.55730438232422,45.0,45.0,43.5,43.75,11149200
2026-02-20,41.86341094970703,43.25,44.5,42.5,43.0,12309100
2026-02-23,42.34737777709961,43.75,44.0,43.0,43.5,10030600
2026-02-24,43.073333740234375,44.5,44.5,43.25,43.75,9149200
2026-02-25,42.529354095458984,43.0,44.0,42.75,44.0,8946800
2026-02-26,42.529354095458984,43.0,43.5,42.5,43.25,5545200
2026-02-27,43.02388000488281,43.5,44.0,42.75,43.0,5542000
2026-03-02,37.58407974243164,38.0,40.0,38.0,39.5,29342900
2026-03-04,33.875125885009766,34.25,35.75,31.75,35.0,32069000
2026-03-05,33.875125885009766,34.25,36.75,32.75,36.5,28836300
2026-03-06,34.369651794433594,34.75,35.0,33.25,33.5,14354000
2026-03-09,32.6388053894043,33.0,33.5,31.25,32.0,19259500
2026-03-10,34.12238693237305,34.5,35.75,34.0,34.5,17157700
2026-03-11,33.13333511352539,33.5,35.0,33.5,34.75,6985800
2026-03-12,33.62786102294922,34.0,34.75,32.75,33.0,13424000
2026-03-13,32.6388053894043,33.0,33.5,32.5,33.25,13656500
2026-03-16,32.14427947998047,32.5,33.25,32.5,33.25,8128500
2026-03-17,33.38059616088867,33.75,34.5,33.0,33.25,11567400
2026-03-18,33.13333511352539,33.5,34.5,33.25,34.0,12467100
2026-03-19,31.155223846435547,31.5,33.25,31.25,32.75,15928100
2026-03-20,31.649751663208008,32.0,32.5,31.75,32.5,12363200
2026-03-23,29.671642303466797,30.0,31.0,30.0,30.25,15977300
2026-03-24,31.402488708496094,31.75,32.5,30.25,31.0,19285800
2026-03-25,32.886070251464844,33.25,33.75,32.75,33.75,14760800
2026-03-26,31.649751663208008,32.0,33.0,32.0,32.5,10858700
2026-03-27,33.13333511352539,33.5,34.0,32.5,32.5,16475700
2026-03-30,33.13333511352539,33.5,33.5,32.75,32.75,7624700
2026-03-31,33.62786102294922,34.0,34.5,33.0,34.0,10807600
2026-04-01,34.86417770385742,35.25,35.5,34.25,35.25,16823500
2026-04-02,33.875125885009766,34.25,34.75,34.0,34.5,13314200
2026-04-03,33.13333511352539,33.5,34.5,33.25,34.25,6473700
2026-04-07,33.62786102294922,34.0,34.0,33.5,33.75,3175500
2026-04-08,35.853233337402344,36.25,36.25,35.25,35.5,15203500
2026-04-09,34.61691665649414,35.0,35.75,34.5,35.75,10030100
2026-04-10,34.369651794433594,34.75,35.25,34.5,35.25,3855900
2026-04-16,35.11144256591797,35.5,36.0,35.25,35.75,9641800
2026-04-17,34.86417770385742,35.25,35.5,34.75,35.5,5138600
2026-04-20,35.60597229003906,36.0,36.25,34.75,35.25,8473000
2026-04-21,35.358707427978516,35.75,36.0,35.5,36.0,5828600
2026-04-22,34.86417770385742,35.25,36.0,35.25,35.75,4469000
2026-04-23,35.358707427978516,35.75,35.75,34.25,34.75,8720600
2026-04-24,35.11144256591797,35.5,36.0,35.25,35.5,6553500
2026-04-27,35.11144256591797,35.5,36.5,34.75,35.75,17047800
2026-04-28,34.12238693237305,34.5,35.25,34.25,35.25,12880400
2026-04-29,34.61691665649414,35.0,35.5,34.25,34.5,8012600
2026-04-30,34.369651794433594,34.75,35.0,34.5,34.5,5437800
2026-05-01,34.369651794433594,34.75,34.75,34.75,34.75,0
2026-05-04,34.369651794433594,34.75,34.75,34.75,34.75,0
2026-05-05,34.61691665649414,35.0,35.25,34.25,34.75,6179700
2026-05-06,36.34776306152344,36.75,37.25,35.25,35.25,19317800
2026-05-07,38.82040023803711,39.25,39.75,37.5,38.0,26515700
2026-05-08,38.325870513916016,38.75,39.25,37.5,38.0,17035200
2026-05-11,38.07860565185547,38.5,38.75,38.0,38.25,7349100
2026-05-12,37.83134460449219,38.25,39.5,37.75,38.75,12059200
2026-05-13,37.58407974243164,38.0,38.5,37.5,38.0,5888400
2026-05-14,38.325870513916016,38.75,38.75,37.75,38.0,6806000
2026-05-15,38.07860565185547,38.5,39.0,38.0,38.25,8120200
2026-05-18,37.336814880371094,37.75,38.5,37.5,38.25,5666200
2026-05-19,37.83134460449219,38.25,38.75,37.75,37.75,7200800
2026-05-20,38.07860565185547,38.5,38.5,37.75,38.0,4335100
2026-05-21,39.809452056884766,40.25,40.5,38.75,39.5,22095200
2026-05-22,39.809452056884766,40.25,40.25,39.5,40.25,5461300
2026-05-25,41.293033599853516,41.75,42.5,41.25,41.75,13359900
2026-05-26,40.30398178100586,40.75,41.75,40.75,41.75,7512500
2026-05-27,40.30398178100586,40.75,41.25,40.5,41.0,6781000
2026-05-28,39.809452056884766,40.25,41.0,39.5,41.0,9638600
2026-05-29,40.05671691894531,40.5,41.0,40.0,40.25,8901300
2026-06-01,40.05671691894531,40.5,40.5,40.5,40.5,0
2026-06-02,40.79850769042969,41.25,41.75,39.75,40.25,11682400
2026-06-03,40.79850769042969,41.25,41.25,41.25,41.25,0
2026-06-04,40.79850769042969,41.25,42.0,40.75,41.0,7543600
2026-06-05,41.045772552490234,41.5,42.5,41.25,41.5,9065900
2026-06-08,40.05671691894531,40.5,41.25,40.25,41.0,7901900
2026-06-09,40.05671691894531,40.5,40.75,39.75,40.75,4255900
2026-06-10,39.06766128540039,39.5,40.5,39.25,40.25,6155700
2026-06-11,38.82040023803711,39.25,40.0,39.0,39.0,4189600
2026-06-12,40.55124282836914,41.0,41.25,40.0,40.25,8238200
2026-06-15,41.293033599853516,41.75,42.5,41.5,42.5,11598500
2026-06-16,41.78756332397461,42.25,42.75,41.25,41.75,9804100
2026-06-17,43.02388000488281,43.5,44.0,43.0,43.25,22379600
2026-06-18,42.77661895751953,43.25,43.75,43.0,43.25,7739900
2026-06-19,43.02388000488281,43.5,44.0,43.25,43.75,10912700
2026-06-22,42.77661895751953,43.25,43.75,42.5,43.5,6405300
2026-06-23,42.529354095458984,43.0,44.0,42.5,43.25,9208500
2026-06-24,43.02388000488281,43.5,43.75,42.75,43.25,4250500
2026-06-25,44.012935638427734,44.5,45.25,43.5,44.0,19150900
2026-06-26,43.518409729003906,44.0,44.5,43.5,44.25,10140700
2026-06-29,43.518409729003906,44.0,44.0,43.25,44.0,6860700
2026-06-30,43.518409729003906,44.0,44.75,43.5,43.75,7677100
2026-07-01,43.518409729003906,44.0,44.25,42.75,44.0,12332000
2026-07-02,44.50746154785156,45.0,45.25,44.25,44.25,8767100
2026-07-03,46.23830795288086,46.75,47.75,45.5,45.5,16963600
2026-07-06,47.47462844848633,48.0,48.25,47.5,48.0,12819800
2026-07-07,47.47462844848633,48.0,48.0,46.5,47.5,12807200
2026-07-08,45.99104690551758,46.5,48.25,46.25,47.75,17069000
2026-07-09,47.72188949584961,48.25,48.75,46.25,46.5,14933600
2026-07-10,48.71094512939453,49.25,49.75,47.75,48.25,14772400
2026-07-13,48.71094512939453,49.25,49.75,48.5,49.0,9171700
2026-07-14,48.46368408203125,49.0,49.5,48.25,48.25,9490400
2026-07-15,48.95820999145508,49.5,50.25,48.0,50.0,12142600
2026-07-16,51.43084716796875,52.0,52.0,49.75,49.75,18807200
2026-07-17,53.90348434448242,54.5,55.0,52.25,52.5,20179500
2026-07-20,53.90348434448242,54.5,55.75,54.25,54.75,10925700
2026-07-21,53.656219482421875,54.25,55.25,54.0,54.5,7371600
2026-07-22,53.90348434448242,54.5,54.5,53.5,54.25,8145500
2026-07-23,53.16169357299805,53.75,54.5,52.5,54.5,13365000
2026-07-24,53.90348434448242,54.5,55.0,52.25,52.5,13868400
2026-07-27,53.40895462036133,54.0,55.0,53.5,54.75,9253400
2026-07-28,53.40895462036133,54.0,54.0,54.0,54.0,0
2026-07-29,53.40895462036133,54.0,54.0,54.0,54.0,0
2026-07-30,51.6781120300293,52.25,53.75,51.5,53.25,10981700
2026-07-31,51.1835823059082,51.75,52.5,51.25,52.5,18118300
2026-08-03,51.43084716796875,52.0,52.5,51.5,52.5,7528500
2026-08-04,51.6781120300293,52.25,52.25,51.25,52.0,7844800
2026-08-05,51.1835823059082,51.75,53.5,51.25,53.0,13748100
2026-08-06,50.689056396484375,51.25,52.25,51.25,51.5,10940200
2026-08-07,49.205474853515625,49.75,51.5,49.5,51.0,13559900
2026-08-10,49.947265625,50.5,50.5,49.25,49.75,7437000
2026-08-11,48.71094512939453,49.25,50.5,49.25,50.0,6650200
2026-08-12,48.71094512939453,49.25,49.25,49.25,49.25,0
2026-08-13,49.452735900878906,50.0,50.0,49.0,49.5,7516500
2026-08-14,47.72188949584961,48.25,49.75,48.25,49.75,15953300
2026-08-17,48.95820999145508,49.5,50.5,48.25,48.25,12569600
2026-08-18,49.70000076293945,50.25,50.75,49.75,49.75,7870600
2026-08-19,49.75,49.75,50.25,49.5,49.5,6618400
2026-08-20,49.25,49.25,50.25,49.0,49.75,5560800
2026-08-21,50.5,50.5,51.25,49.25,49.25,12948000
2026-08-24,50.5,50.5,51.25,49.75,50.5,8799300
2026-08-25,52.0,52.0,53.0,51.0,51.5,20619900
2026-08-26,54.25,54.25,54.5,52.75,52.75,21299800
2026-08-27,53.5,53.5,54.5,53.25,54.25,7948100
