Date,Adj Close,Close,High,Low,Open,Volume
2016-08-26,25.19655990600586,33.5,33.75,33.0,33.5,16213400
2016-08-29,24.82048988342285,33.0,33.75,32.25,33.5,21105300
2016-08-30,23.880321502685547,31.75,33.25,31.5,33.0,30090800
2016-08-31,24.0683536529541,32.0,32.5,31.75,32.0,30160800
2016-09-01,23.31622314453125,31.0,32.25,31.0,32.0,42249900
2016-09-02,22.752117156982422,30.25,31.5,30.25,31.25,33804000
2016-09-05,21.811948776245117,29.0,30.75,28.75,30.5,36452900
2016-09-06,22.940155029296875,30.5,30.5,28.75,29.0,65301600
2016-09-07,21.811948776245117,29.0,30.5,29.0,30.25,42274000
2016-09-08,21.623905181884766,28.75,29.75,28.75,29.5,50962800
2016-09-09,21.059812545776367,28.0,29.0,27.25,28.5,75406200
2016-09-12,20.495708465576172,27.25,28.0,27.0,27.25,33090300
2016-09-13,21.811948776245117,29.0,29.0,28.0,28.25,44418100
2016-09-14,22.188018798828125,29.5,29.5,28.75,28.75,34401100
2016-09-15,21.99997901916504,29.25,29.75,29.0,29.5,17683600
2016-09-16,21.99997901916504,29.25,29.75,28.75,29.5,25317000
2016-09-19,22.564077377319336,30.0,30.25,29.25,29.25,31678600
2016-09-20,21.811948776245117,29.0,30.0,28.75,29.75,42190100
2016-09-21,21.811948776245117,29.0,29.75,28.5,29.25,37865300
2016-09-22,22.188018798828125,29.5,29.75,29.0,29.25,30562800
2016-09-23,21.623905181884766,28.75,29.5,28.5,29.25,31224300
2016-09-26,21.43587875366211,28.5,29.0,28.0,28.5,24892500
2016-09-27,21.623905181884766,28.75,29.25,28.5,28.75,21084800
2016-09-28,21.247844696044922,28.25,28.75,28.0,28.5,9451400
2016-09-29,21.43587875366211,28.5,28.75,28.25,28.75,15713500
2016-09-30,21.247844696044922,28.25,28.5,28.0,28.25,11068800
2016-10-03,21.247844696044922,28.25,28.75,28.25,28.5,12990800
2016-10-04,21.811948776245117,29.0,29.25,28.25,28.5,25920700
2016-10-05,21.99997901916504,29.25,29.5,29.0,29.25,23063800
2016-10-06,22.188018798828125,29.5,29.75,29.0,29.25,24866800
2016-10-07,21.811948776245117,29.0,29.75,28.5,29.5,23035000
2016-10-10,20.68374252319336,27.5,28.0,26.75,27.0,43214200
2016-10-11,19.93160629272461,26.5,28.0,26.0,27.5,31117100
2016-10-12,19.367502212524414,25.75,26.75,23.0,26.25,107234000
2016-10-13,20.68374252319336,27.5,27.5,24.200000762939453,25.25,77031700
2016-10-14,21.059812545776367,28.0,28.75,27.5,28.5,59269200
2016-10-17,21.623905181884766,28.75,29.25,27.75,28.0,21717700
2016-10-18,21.247844696044922,28.25,29.0,28.0,29.0,25762300
2016-10-19,22.376052856445312,29.75,30.25,28.25,28.5,48907500
2016-10-20,22.752117156982422,30.25,30.5,29.5,30.0,35338600
2016-10-21,22.564077377319336,30.0,30.5,29.75,30.0,9850500
2016-10-25,22.188018798828125,29.5,30.25,29.25,30.0,26544700
2016-10-26,21.623905181884766,28.75,29.5,28.5,29.25,21705900
2016-10-27,21.811948776245117,29.0,29.0,28.25,28.75,18562800
2016-10-28,21.811948776245117,29.0,29.25,28.5,29.25,7370200
2016-10-31,21.99997901916504,29.25,29.25,28.5,28.75,14132700
2016-11-01,24.0683536529541,32.0,32.0,29.25,29.5,103078900
2016-11-02,24.44442367553711,32.5,33.0,31.25,31.75,81373300
2016-11-03,23.50425148010254,31.25,33.0,31.0,32.5,63654500
2016-11-04,23.692289352416992,31.5,32.0,31.0,31.25,46547800
2016-11-07,24.0683536529541,32.0,32.25,31.75,32.25,34107300
2016-11-08,24.0683536529541,32.0,32.0,31.25,31.75,25115900
2016-11-09,24.63245391845703,32.75,32.75,30.25,31.25,91721800
2016-11-10,24.256393432617188,32.25,34.0,32.0,33.5,148198900
2016-11-11,24.44442367553711,32.5,33.25,32.0,32.5,69175400
2016-11-14,24.256393432617188,32.25,33.0,31.0,32.0,48795000
2016-11-15,24.82048988342285,33.0,33.0,31.75,32.5,33282800
2016-11-16,24.256393432617188,32.25,33.5,32.25,33.25,28935600
2016-11-17,24.256393432617188,32.25,32.75,32.0,32.25,17099900
2016-11-18,24.44442367553711,32.5,32.75,31.75,32.25,15830700
2016-11-21,24.256393432617188,32.25,32.75,31.75,32.75,13493700
2016-11-22,24.44442367553711,32.5,32.75,32.0,32.25,13936700
2016-11-23,25.19655990600586,33.5,34.0,32.5,32.5,50703200
2016-11-24,25.19655990600586,33.5,34.0,33.25,33.75,18481200
2016-11-25,24.82048988342285,33.0,33.75,32.5,33.75,36084200
2016-11-28,24.82048988342285,33.0,33.0,32.5,33.0,12772400
2016-11-29,24.63245391845703,32.75,33.25,32.5,33.25,17227900
2016-11-30,24.82048988342285,33.0,33.0,32.5,32.5,18714100
2016-12-01,24.82048988342285,33.0,33.5,32.5,33.25,18090200
2016-12-02,24.44442367553711,32.5,33.0,32.0,32.75,22031800
2016-12-06,24.63245391845703,32.75,33.0,32.0,32.5,11379000
2016-12-07,24.0683536529541,32.0,33.0,31.75,32.75,19248700
2016-12-08,25.008527755737305,33.25,33.5,32.5,32.5,38754100
2016-12-09,24.44442367553711,32.5,33.25,32.25,33.25,35193000
2016-12-13,24.63245391845703,32.75,33.0,32.25,32.5,14759900
2016-12-14,24.63245391845703,32.75,33.0,32.25,32.75,16785300
2016-12-15,24.44442367553711,32.5,33.0,32.25,32.25,8213000
2016-12-16,24.63245391845703,32.75,33.5,32.5,32.75,20932800
2016-12-19,24.82048988342285,33.0,33.25,32.5,32.75,10429000
2016-12-20,24.63245391845703,32.75,33.25,32.5,33.0,10760000
2016-12-21,24.63245391845703,32.75,33.0,32.0,32.75,11673300
2016-12-22,24.44442367553711,32.5,32.75,32.25,32.5,5309300
2016-12-23,24.63245391845703,32.75,32.75,32.25,32.5,8797500
2016-12-26,24.63245391845703,32.75,32.75,32.25,32.5,6454300
2016-12-27,24.63245391845703,32.75,33.0,32.5,32.75,7853300
2016-12-28,24.82048988342285,33.0,33.25,32.5,32.75,13797100
2016-12-29,24.82048988342285,33.0,33.25,32.5,33.0,13992700
2016-12-30,25.19655990600586,33.5,33.75,33.0,33.0,28296400
2017-01-04,27.264938354492188,36.25,36.25,33.5,33.5,112320400
2017-01-05,27.076902389526367,36.0,36.75,35.75,36.5,70285800
2017-01-06,27.452959060668945,36.5,37.25,35.75,36.25,98336700
2017-01-09,27.829036712646484,37.0,37.25,36.25,36.5,43363900
2017-01-10,27.829036712646484,37.0,37.5,36.5,37.0,29017400
2017-01-11,27.264938354492188,36.25,37.25,36.0,37.0,31655700
2017-01-12,26.888858795166016,35.75,36.75,35.75,36.25,38575300
2017-01-16,27.641002655029297,36.75,37.0,36.25,36.75,22886400
2017-01-17,27.264938354492188,36.25,37.0,35.75,36.75,21333300
2017-01-18,26.324764251708984,35.0,36.25,34.5,36.0,44242000
2017-01-19,26.13672637939453,34.75,34.75,34.0,34.75,62013000
2017-01-20,26.324764251708984,35.0,35.25,34.25,34.5,41337200
2017-01-23,26.51279067993164,35.25,35.5,34.75,35.0,21915800
2017-01-24,27.264938354492188,36.25,36.75,35.25,35.5,41813200
2017-01-25,26.888858795166016,35.75,36.5,35.75,36.25,17817100
2017-01-26,26.324764251708984,35.0,36.0,35.0,36.0,36302000
2017-01-27,26.700834274291992,35.5,35.75,34.75,35.25,22312600
2017-01-30,26.51279067993164,35.25,35.75,35.0,35.5,9931300
2017-01-31,26.324764251708984,35.0,35.25,34.5,35.25,24183000
2017-02-01,26.13672637939453,34.75,35.0,34.25,34.75,24332000
2017-02-02,25.760662078857422,34.25,35.25,34.25,34.75,22417700
2017-02-03,27.264938354492188,36.25,36.25,34.5,34.5,39729700
2017-02-06,27.641002655029297,36.75,37.0,36.0,36.25,32739500
2017-02-07,26.888858795166016,35.75,36.75,35.25,36.75,36425500
2017-02-08,27.076902389526367,36.0,36.5,35.75,36.0,23056200
2017-02-09,26.888858795166016,35.75,36.25,35.5,36.25,14318400
2017-02-10,27.641002655029297,36.75,36.75,35.75,36.25,31493300
2017-02-14,27.452959060668945,36.5,37.0,36.25,36.75,23323500
2017-02-15,27.452959060668945,36.5,37.0,36.0,36.75,31594100
2017-02-16,27.829036712646484,37.0,37.25,36.5,36.5,34568200
2017-02-17,27.829036712646484,37.0,37.75,36.75,37.0,62034800
2017-02-20,27.641002655029297,36.75,37.25,36.25,37.0,46415900
2017-02-21,26.700834274291992,35.5,37.0,35.5,36.75,49763100
2017-02-22,26.888858795166016,35.75,36.0,35.0,35.75,32458300
2017-02-23,26.51279067993164,35.25,35.75,35.0,35.75,26915900
2017-02-24,27.076902389526367,36.0,36.0,35.25,35.25,22041100
2017-02-27,26.700834274291992,35.5,35.75,35.25,35.75,16549500
2017-02-28,26.700834274291992,35.5,36.0,35.5,35.75,12770300
2017-03-01,27.076902389526367,36.0,36.25,35.5,35.5,26258100
2017-03-02,27.264938354492188,36.25,36.5,36.0,36.25,22074900
2017-03-03,27.076902389526367,36.0,36.5,36.0,36.25,5615800
2017-03-06,26.51279067993164,35.25,36.25,35.0,35.75,28222200
2017-03-07,26.51279067993164,35.25,35.5,35.0,35.25,19176800
2017-03-08,26.13672637939453,34.75,35.5,33.75,35.25,48473900
2017-03-09,25.760662078857422,34.25,34.75,34.0,34.5,21459500
2017-03-10,25.38459014892578,33.75,34.25,33.25,34.25,30709200
2017-03-13,25.572620391845703,34.0,34.25,33.25,33.5,12495400
2017-03-14,26.13672637939453,34.75,35.0,34.0,34.0,16015000
2017-03-15,26.13672637939453,34.75,35.0,34.25,34.75,9500400
2017-03-16,26.51279067993164,35.25,35.5,34.75,35.0,19473600
2017-03-17,26.51279067993164,35.25,35.25,34.75,35.25,12407000
2017-03-20,26.13672637939453,34.75,35.5,34.75,35.25,11747900
2017-03-21,26.13672637939453,34.75,35.25,34.75,34.75,16139200
2017-03-22,26.13672637939453,34.75,34.75,34.25,34.5,10492900
2017-03-23,26.13672637939453,34.75,35.0,34.5,34.75,7070600
2017-03-24,26.13672637939453,34.75,35.0,34.25,34.75,11768200
2017-03-27,25.948686599731445,34.5,34.75,34.25,34.75,8693900
2017-03-28,26.13672637939453,34.75,35.0,34.0,34.5,22568100
2017-03-29,26.51279067993164,35.25,35.5,34.75,34.75,18525600
2017-03-30,26.51279067993164,35.25,35.75,35.0,35.25,16094800
2017-03-31,26.51279067993164,35.25,35.75,35.0,35.5,18647600
2017-04-03,26.700834274291992,35.5,35.5,35.0,35.25,6874900
2017-04-04,26.700834274291992,35.5,35.75,34.75,35.25,17080100
2017-04-05,26.51279067993164,35.25,35.5,34.75,35.25,15439600
2017-04-07,26.51279067993164,35.25,35.25,34.75,35.0,7981500
2017-04-10,26.51279067993164,35.25,35.25,34.75,35.0,7414000
2017-04-11,26.324764251708984,35.0,35.25,34.75,35.25,5985700
2017-04-12,26.888858795166016,35.75,36.0,34.75,35.0,24509600
2017-04-17,26.700834274291992,35.5,35.75,35.25,35.5,9461600
2017-04-18,27.076902389526367,36.0,36.25,35.5,35.5,29131900
2017-04-19,26.700834274291992,35.5,36.0,35.25,36.0,18352500
2017-04-20,26.700834274291992,35.5,35.75,35.25,35.5,14712200
2017-04-21,27.264938354492188,36.25,36.5,35.75,35.75,19979200
2017-04-24,27.452959060668945,36.5,36.5,36.0,36.25,10397400
2017-04-25,27.264938354492188,36.25,36.75,35.75,36.5,19937500
2017-04-26,27.829036712646484,37.0,37.0,36.25,36.25,29107900
2017-04-27,28.017074584960938,37.25,37.5,36.75,37.0,13368500
2017-04-28,27.641002655029297,36.75,37.5,36.5,37.25,17649600
2017-05-02,27.641002655029297,36.75,36.75,36.25,36.75,6324800
2017-05-03,27.452959060668945,36.5,36.75,36.0,36.75,13851700
2017-05-04,27.536523818969727,36.25,36.5,36.0,36.0,15078100
2017-05-08,27.34661865234375,36.0,37.0,36.0,36.25,32216000
2017-05-09,27.536523818969727,36.25,36.75,35.75,36.25,22195100
2017-05-11,27.536523818969727,36.25,36.5,35.75,36.5,12673000
2017-05-12,27.536523818969727,36.25,36.25,35.75,36.25,15267200
2017-05-15,26.96680450439453,35.5,35.5,35.5,35.5,2026300
2017-05-16,27.34661865234375,36.0,36.25,35.5,35.5,25347900
2017-05-17,27.726442337036133,36.5,36.75,35.75,36.0,12350600
2017-05-18,27.34661865234375,36.0,36.5,35.75,36.25,20415600
2017-05-19,27.34661865234375,36.0,36.5,35.75,36.0,15069400
2017-05-22,27.156713485717773,35.75,36.25,35.5,36.25,12955600
2017-05-23,27.536523818969727,36.25,36.5,35.75,36.0,16975000
2017-05-24,27.536523818969727,36.25,36.5,36.0,36.25,8293600
2017-05-25,27.726442337036133,36.5,36.5,36.25,36.25,9933000
2017-05-26,28.865877151489258,38.0,38.25,36.5,36.5,55253100
2017-05-29,28.865877151489258,38.0,38.5,37.75,38.0,38498100
2017-05-30,28.486053466796875,37.5,38.25,37.25,38.25,33668200
2017-05-31,27.916343688964844,36.75,37.75,36.0,37.5,45983100
2017-06-01,28.10624885559082,37.0,37.5,36.5,36.75,30866600
2017-06-02,28.296157836914062,37.25,37.25,36.75,36.75,16850700
2017-06-05,28.10624885559082,37.0,37.5,36.75,37.25,13801200
2017-06-06,28.67597198486328,37.75,37.75,37.0,37.25,11577700
2017-06-07,28.10624885559082,37.0,38.0,37.0,37.75,11399700
2017-06-08,28.865877151489258,38.0,38.0,37.0,37.25,19209400
2017-06-09,29.055784225463867,38.25,38.5,37.75,38.0,15345800
2017-06-12,28.865877151489258,38.0,38.25,37.5,38.25,10979500
2017-06-13,28.865877151489258,38.0,38.5,37.75,38.25,27480700
2017-06-14,29.625497817993164,39.0,39.25,37.75,38.0,42729200
2017-06-15,29.625497817993164,39.0,39.25,38.5,39.0,17046200
2017-06-16,29.24569320678711,38.5,39.25,38.5,39.25,13989400
2017-06-19,29.435588836669922,38.75,39.0,38.5,38.5,8076300
2017-06-20,29.625497817993164,39.0,39.25,38.75,39.0,18953100
2017-06-21,29.435588836669922,38.75,39.0,38.25,39.0,12803800
2017-06-22,29.625497817993164,39.0,39.25,38.5,38.75,9286700
2017-06-23,29.625497817993164,39.0,39.5,38.75,39.25,14866700
2017-06-26,29.625497817993164,39.0,39.5,38.75,39.25,9683500
2017-06-27,29.625497817993164,39.0,39.25,38.75,39.25,5267100
2017-06-28,29.24569320678711,38.5,39.0,38.25,39.0,16636500
2017-06-29,29.055784225463867,38.25,38.75,38.0,38.5,12725000
2017-06-30,28.865877151489258,38.0,38.25,37.0,38.25,29326600
2017-07-03,28.865877151489258,38.0,38.25,37.5,38.0,17280000
2017-07-04,28.67597198486328,37.75,38.25,37.5,38.25,14426500
2017-07-05,28.67597198486328,37.75,38.0,37.5,37.75,9858200
2017-07-06,28.486053466796875,37.5,37.75,37.25,37.75,11022900
2017-07-07,28.67597198486328,37.75,37.75,37.25,37.5,6938700
2017-07-11,28.67597198486328,37.75,38.0,37.25,37.75,8839300
2017-07-12,28.865877151489258,38.0,38.0,37.5,38.0,14470800
2017-07-13,28.865877151489258,38.0,38.25,37.75,37.75,24654200
2017-07-14,28.865877151489258,38.0,38.5,37.75,38.0,19833900
2017-07-17,28.10624885559082,37.0,38.0,36.75,38.0,24131000
2017-07-18,27.726442337036133,36.5,37.25,36.5,37.0,14747400
2017-07-19,27.726442337036133,36.5,37.0,36.5,36.75,11710700
2017-07-20,27.916343688964844,36.75,37.0,36.5,36.75,17187300
2017-07-21,27.726442337036133,36.5,37.0,36.5,37.0,5547400
2017-07-24,27.916343688964844,36.75,37.0,36.5,36.5,10295200
2017-07-25,27.536523818969727,36.25,36.75,36.0,36.75,14615200
2017-07-26,28.296157836914062,37.25,37.5,36.25,36.5,29017700
2017-07-27,28.10624885559082,37.0,37.5,36.5,37.25,19912500
2017-07-31,28.296157836914062,37.25,37.25,36.5,37.0,12321700
2017-08-01,28.486053466796875,37.5,37.75,37.25,37.25,21552600
2017-08-02,28.865877151489258,38.0,38.25,37.25,37.75,25524900
2017-08-03,28.486053466796875,37.5,38.0,37.5,38.0,12337900
2017-08-04,28.486053466796875,37.5,37.75,37.25,37.75,6193800
2017-08-07,28.10624885559082,37.0,37.75,37.0,37.5,8266100
2017-08-08,28.296157836914062,37.25,37.5,36.75,37.0,11955600
2017-08-09,28.296157836914062,37.25,37.5,36.5,37.25,11071100
2017-08-10,28.296157836914062,37.25,37.5,37.0,37.25,6772800
2017-08-11,28.296157836914062,37.25,37.25,36.75,37.0,10197800
2017-08-15,29.055784225463867,38.25,38.25,37.25,37.5,30490900
2017-08-16,29.055784225463867,38.25,38.5,38.0,38.5,11001000
2017-08-17,28.865877151489258,38.0,38.25,37.75,38.25,12531900
2017-08-18,28.67597198486328,37.75,38.0,37.75,37.75,3147600
2017-08-21,28.865877151489258,38.0,38.25,37.5,38.0,17374800
2017-08-22,29.055784225463867,38.25,38.5,38.0,38.25,25104700
2017-08-23,29.209518432617188,38.0,38.25,37.75,38.0,12679900
2017-08-24,29.209518432617188,38.0,38.25,37.75,38.0,5354200
2017-08-25,29.40168571472168,38.25,38.25,37.75,38.0,9554500
2017-08-28,29.40168571472168,38.25,38.25,38.25,38.25,1384500
2017-08-29,30.362520217895508,39.5,40.0,38.25,38.25,46000400
2017-08-30,29.978181838989258,39.0,39.75,38.75,39.5,19914000
2017-08-31,29.978181838989258,39.0,39.25,38.5,38.75,15005000
2017-09-01,29.593854904174805,38.5,39.25,38.5,39.0,14218600
2017-09-04,30.170366287231445,39.25,39.5,38.5,38.75,45306300
2017-09-05,30.554698944091797,39.75,40.0,39.0,39.25,16805200
2017-09-06,31.131196975708008,40.5,40.75,40.0,40.0,36022300
2017-09-07,31.323360443115234,40.75,41.0,40.25,40.5,26862900
2017-09-08,31.323360443115234,40.75,41.5,40.25,40.75,28202000
2017-09-11,31.131196975708008,40.5,41.0,40.0,40.75,11099300
2017-09-12,30.74686050415039,40.0,41.0,40.0,40.75,10796400
2017-09-13,31.323360443115234,40.75,41.0,40.0,40.25,17336400
2017-09-14,32.47637939453125,42.25,43.0,41.0,41.25,41109400
2017-09-15,32.66853713989258,42.5,42.75,41.75,42.25,24180800
2017-09-18,32.66853713989258,42.5,42.75,42.25,42.5,13334200
2017-09-19,32.09203338623047,41.75,43.0,41.75,42.5,16182500
2017-09-20,32.47637939453125,42.25,42.75,41.75,41.75,11948300
2017-09-21,32.66853713989258,42.5,42.75,42.25,42.25,3683000
2017-09-22,32.47637939453125,42.25,42.5,41.5,42.5,13928600
2017-09-25,32.28420639038086,42.0,42.25,41.75,42.0,9211100
2017-09-26,32.47637939453125,42.25,42.5,41.75,42.25,10307400
2017-09-27,32.66853713989258,42.5,43.25,41.75,42.25,35210900
2017-09-28,32.09203338623047,41.75,42.5,41.0,42.5,36363800
2017-09-29,32.47637939453125,42.25,42.5,41.25,42.0,22238300
2017-10-02,33.05287170410156,43.0,43.25,42.25,42.5,22967300
2017-10-03,33.05287170410156,43.0,43.5,42.5,43.0,15093100
2017-10-04,34.20587921142578,44.5,45.0,42.75,43.25,37207000
2017-10-05,34.20587921142578,44.5,45.0,44.0,44.5,9493400
2017-10-06,34.59022521972656,45.0,45.5,44.25,44.5,19156300
2017-10-09,34.01372146606445,44.25,45.25,44.25,45.0,9457600
2017-10-10,34.01372146606445,44.25,44.5,43.5,44.0,16820200
2017-10-11,34.398048400878906,44.75,45.25,44.5,44.75,15448700
2017-10-12,34.59022521972656,45.0,45.75,44.75,45.0,17433200
2017-10-16,34.78238296508789,45.25,45.25,45.25,45.25,591300
2017-10-17,34.59022521972656,45.0,45.25,44.25,45.25,13494300
2017-10-18,34.20587921142578,44.5,45.25,44.5,45.0,10171500
2017-10-19,33.43721389770508,43.5,44.75,43.0,44.5,29079000
2017-10-20,34.20587921142578,44.5,44.5,43.25,43.5,16856000
2017-10-24,34.398048400878906,44.75,44.75,44.0,44.5,8357200
2017-10-25,34.398048400878906,44.75,45.5,43.0,45.0,49094300
2017-10-27,35.16672134399414,45.75,46.5,44.75,45.0,29212700
2017-10-30,35.16672134399414,45.75,46.5,45.5,46.0,20524600
2017-10-31,35.358890533447266,46.0,46.0,45.25,45.75,9136100
2017-11-01,36.51190185546875,47.5,48.5,46.0,46.0,49035800
2017-11-02,36.51190185546875,47.5,48.25,47.25,48.0,29459200
2017-11-03,36.89623260498047,48.0,48.0,47.0,47.75,20798200
2017-11-06,37.66490173339844,49.0,49.25,47.75,48.0,26947700
2017-11-07,37.85707473754883,49.25,50.0,49.25,49.25,29078400
2017-11-08,38.04924774169922,49.5,50.25,48.75,49.0,32418100
2017-11-09,37.28057098388672,48.5,50.25,48.5,50.0,33311900
2017-11-10,37.66490173339844,49.0,50.0,48.25,49.0,44119600
2017-11-13,37.66490173339844,49.0,49.75,48.75,49.25,19629000
2017-11-14,40.16309356689453,52.25,52.25,48.75,49.0,61255400
2017-11-15,38.04924774169922,49.5,53.0,49.5,51.75,90178500
2017-11-16,38.625736236572266,50.25,50.75,49.25,49.75,45666600
2017-11-17,38.625736236572266,50.25,51.5,49.75,51.0,48384800
2017-11-20,39.01008224487305,50.75,51.0,49.75,50.5,17380500
2017-11-21,37.85707473754883,49.25,49.25,49.25,49.25,64162900
2017-11-22,37.472747802734375,48.75,50.75,48.75,49.25,73582700
2017-11-23,37.28057098388672,48.5,49.75,48.5,49.25,30960700
2017-11-24,36.127567291259766,47.0,48.75,46.25,48.5,87950200
2017-11-27,37.08840560913086,48.25,48.5,46.75,47.25,36803400
2017-11-28,38.04924774169922,49.5,49.75,48.25,48.25,32543100
2017-11-29,37.85707473754883,49.25,50.25,49.25,50.0,26479500
2017-11-30,37.66490173339844,49.0,49.75,48.5,49.25,30140500
2017-12-01,37.66490173339844,49.0,50.0,48.5,49.5,23239100
2017-12-04,38.241397857666016,49.75,49.75,49.0,49.75,20905700
2017-12-06,38.625736236572266,50.25,50.25,49.0,50.0,29233400
2017-12-07,40.16309356689453,52.25,52.25,50.25,50.25,42952600
2017-12-08,40.355247497558594,52.5,53.25,51.5,52.25,43699100
2017-12-12,39.97092056274414,52.0,53.0,51.5,53.0,16385200
2017-12-13,39.58657455444336,51.5,52.5,51.25,52.25,13296900
2017-12-14,40.547428131103516,52.75,53.0,51.5,51.5,21657200
2017-12-15,40.73957824707031,53.0,53.5,52.25,52.5,28778800
2017-12-18,41.31608200073242,53.75,54.0,53.0,53.25,27478300
2017-12-19,41.123924255371094,53.5,54.5,53.25,53.75,23808200
2017-12-20,41.123924255371094,53.5,54.0,53.25,53.75,16754200
2017-12-21,40.73957824707031,53.0,53.75,53.0,53.5,11040600
2017-12-22,41.508262634277344,54.0,54.25,53.25,53.25,17918900
2017-12-25,41.89259719848633,54.5,54.5,53.75,54.0,10910900
2017-12-26,41.31608200073242,53.75,54.5,53.5,54.5,18448600
2017-12-27,40.93175506591797,53.25,54.25,53.0,53.75,12588500
2017-12-28,39.97092056274414,52.0,53.25,51.75,53.25,35045900
2017-12-29,40.93175506591797,53.25,53.25,52.0,52.25,19734400
2018-01-03,42.85344696044922,55.75,56.0,53.25,53.25,65202200
2018-01-04,43.429935455322266,56.5,57.0,55.0,55.75,43325100
2018-01-05,44.390769958496094,57.75,58.0,56.25,56.75,43498600
2018-01-08,43.04559326171875,56.0,58.25,56.0,57.5,31458400
2018-01-09,44.006446838378906,57.25,57.25,57.25,57.25,1515500
2018-01-10,43.04559326171875,56.0,57.75,55.75,57.25,29989100
2018-01-11,43.81427001953125,57.0,57.25,55.75,56.25,21821800
2018-01-12,44.006446838378906,57.25,57.75,57.0,57.5,16260100
2018-01-15,45.15943908691406,58.75,59.5,57.25,57.5,42557400
2018-01-16,44.1986083984375,57.5,59.25,57.25,58.75,37971800
2018-01-17,44.582942962646484,58.0,58.5,57.0,57.5,18394900
2018-01-18,43.62210464477539,56.75,58.25,56.5,58.25,23257000
2018-01-19,44.390769958496094,57.75,58.0,56.25,56.5,18643900
2018-01-22,44.1986083984375,57.5,58.25,57.25,58.0,14673900
2018-01-23,44.1986083984375,57.5,58.5,57.5,58.0,33852800
2018-01-24,44.1986083984375,57.5,58.25,57.5,57.5,17621000
2018-01-25,43.429935455322266,56.5,58.25,55.75,57.5,33095000
2018-01-26,43.23777389526367,56.25,56.75,55.0,56.5,31871300
2018-01-29,43.62210464477539,56.75,57.0,56.25,56.75,13137700
2018-01-30,43.04559326171875,56.0,56.75,55.75,56.5,20747500
2018-01-31,43.04559326171875,56.0,56.5,55.25,55.5,31447800
2018-02-01,42.66127014160156,55.5,56.75,55.25,56.0,16508300
2018-02-02,42.66127014160156,55.5,56.0,54.5,55.75,24487200
2018-02-05,41.123924255371094,53.5,54.25,53.0,53.25,50380000
2018-02-06,40.93175506591797,53.25,53.5,50.25,51.5,120283400
2018-02-07,40.16309356689453,52.25,54.25,52.25,54.0,62702400
2018-02-08,39.01008224487305,50.75,52.75,50.75,52.5,52828000
2018-02-09,40.93175506591797,53.25,53.5,49.5,50.0,76644100
2018-02-12,40.73957824707031,53.0,53.5,52.25,53.5,28432500
2018-02-13,40.73957824707031,53.0,53.75,52.75,53.5,15443800
2018-02-14,41.31608200073242,53.75,54.5,53.25,53.25,33203700
2018-02-15,42.08476638793945,54.75,55.0,53.75,54.25,23323800
2018-02-16,42.276920318603516,55.0,55.5,54.5,54.75,25507100
2018-02-19,42.08476638793945,54.75,55.75,54.5,55.0,27283500
2018-02-20,41.89259719848633,54.5,55.25,54.5,55.0,16017900
2018-02-21,40.16309356689453,52.25,54.75,52.25,54.75,58482300
2018-02-22,39.39441680908203,51.25,52.75,51.25,52.0,44277900
2018-02-23,40.547428131103516,52.75,53.0,51.5,51.75,23620000
2018-02-26,42.08476638793945,54.75,54.75,53.25,53.25,32302400
2018-02-27,41.7004280090332,54.25,55.5,54.25,55.0,48647000
2018-02-28,41.508262634277344,54.0,54.5,53.75,54.25,24034900
2018-03-02,40.73957824707031,53.0,54.0,52.5,53.5,27004600
2018-03-05,40.547428131103516,52.75,53.25,51.5,53.0,21504600
2018-03-06,39.97092056274414,52.0,53.75,52.0,53.0,17424400
2018-03-07,39.77874755859375,51.75,52.5,51.5,52.0,16450800
2018-03-08,40.355247497558594,52.5,53.0,51.25,52.0,21779700
2018-03-09,40.16309356689453,52.25,52.75,51.75,52.75,16361000
2018-03-12,40.547428131103516,52.75,53.0,52.25,52.75,16393600
2018-03-13,41.89259719848633,54.5,54.75,52.25,52.5,31692600
2018-03-14,42.08476638793945,54.75,54.75,53.25,54.25,44413000
2018-03-15,42.276920318603516,55.0,55.5,54.25,54.75,26419200
2018-03-16,42.46909713745117,55.25,56.25,54.75,54.75,47199900
2018-03-19,42.276920318603516,55.0,56.25,55.0,55.5,29347700
2018-03-20,42.46909713745117,55.25,55.5,54.5,54.5,14612700
2018-03-21,43.429935455322266,56.5,57.25,55.5,55.5,53883900
2018-03-22,43.04559326171875,56.0,58.0,55.75,57.75,62234700
2018-03-23,43.81427001953125,57.0,57.25,55.25,55.25,34952400
2018-03-26,44.1986083984375,57.5,57.75,56.5,57.25,26100200
2018-03-27,44.1986083984375,57.5,58.25,57.5,58.0,19155400
2018-03-28,43.62210464477539,56.75,57.75,56.5,57.75,23130500
2018-03-29,43.62210464477539,56.75,57.5,56.25,57.25,19795700
2018-03-30,44.006446838378906,57.25,57.5,56.0,57.0,23055100
2018-04-02,43.62210464477539,56.75,57.5,56.5,57.5,14163500
2018-04-03,43.429935455322266,56.5,57.0,56.25,56.75,23137100
2018-04-04,40.93175506591797,53.25,56.75,53.25,56.5,44628900
2018-04-05,42.276920318603516,55.0,55.0,53.75,54.5,26031500
2018-04-09,42.85344696044922,55.75,56.0,54.75,54.75,15759900
2018-04-10,42.85344696044922,55.75,56.0,55.0,56.0,12821700
2018-04-11,43.04559326171875,56.0,57.0,55.75,56.0,28974500
2018-04-12,43.23777389526367,56.25,56.75,55.75,56.0,8302800
2018-04-17,44.1986083984375,57.5,57.5,56.25,56.5,29827600
2018-04-18,44.582942962646484,58.0,58.0,57.0,57.75,19410800
2018-04-19,45.73595428466797,59.5,60.25,58.0,58.25,80177100
2018-04-20,45.73595428466797,59.5,60.25,58.75,59.5,29677800
2018-04-23,46.88896179199219,61.0,61.75,59.25,59.5,56245200
2018-04-24,46.12028884887695,60.0,62.5,59.75,60.75,43334600
2018-04-25,46.50461959838867,60.5,61.5,59.25,59.5,45830500
2018-04-26,45.73595428466797,59.5,60.75,59.0,60.5,22289600
2018-04-27,45.92812728881836,59.75,60.25,59.0,60.0,15778900
2018-04-30,46.31245040893555,60.25,60.5,59.5,59.75,10617200
2018-05-02,48.04197311401367,62.5,62.5,60.25,60.5,29811400
2018-05-03,47.84980392456055,62.25,63.0,61.5,62.25,26517700
2018-05-04,46.50461959838867,60.5,62.5,60.25,62.0,26659300
2018-05-07,46.88896179199219,61.0,61.25,60.5,60.75,15549500
2018-05-08,45.543785095214844,59.25,61.75,59.0,61.0,44819400
2018-05-09,46.31245040893555,60.25,60.25,59.0,59.5,25859600
2018-05-10,46.12028884887695,60.0,61.0,59.5,60.5,20610200
2018-05-11,47.657630920410156,62.0,62.0,59.75,60.25,33097400
2018-05-14,47.84980392456055,62.25,62.5,61.75,62.25,19762900
2018-05-15,47.11305236816406,60.75,62.0,60.5,62.0,21127000
2018-05-16,46.53141403198242,60.0,61.0,60.0,60.25,13657300
2018-05-17,46.3375244140625,59.75,60.5,59.25,60.25,24566700
2018-05-18,47.500816345214844,61.25,61.5,59.5,59.75,18881800
2018-05-21,47.11305236816406,60.75,61.75,60.5,61.25,14016400
2018-05-22,47.500816345214844,61.25,61.75,60.75,61.0,23883600
2018-05-23,47.69469451904297,61.5,62.0,61.0,61.5,22693100
2018-05-24,46.9191780090332,60.5,61.5,60.5,61.5,19988200
2018-05-25,47.11305236816406,60.75,61.25,60.0,60.75,14461700
2018-05-28,46.72528076171875,60.25,61.0,60.0,60.5,7653100
2018-05-30,44.59260177612305,57.5,58.5,56.5,58.0,60205700
2018-05-31,45.17424011230469,58.25,58.25,57.25,57.75,26641800
2018-06-01,44.78647994995117,57.75,59.0,57.75,58.25,19019100
2018-06-04,45.17424011230469,58.25,58.5,57.25,57.5,13932500
2018-06-05,45.94976806640625,59.25,59.25,57.5,58.0,17790400
2018-06-06,45.94976806640625,59.25,60.25,59.25,59.75,28424000
2018-06-07,46.9191780090332,60.5,60.5,59.5,59.75,19370100
2018-06-08,46.14365005493164,59.5,61.0,59.5,60.75,12306000
2018-06-11,47.11305236816406,60.75,61.0,59.75,59.75,14176000
2018-06-12,47.11305236816406,60.75,61.25,60.5,61.0,12577200
2018-06-13,46.3375244140625,59.75,60.75,59.25,60.75,15009200
2018-06-14,46.3375244140625,59.75,59.75,58.75,59.5,12882200
2018-06-15,45.36812973022461,58.5,60.0,58.5,59.75,18406300
2018-06-18,42.84767150878906,55.25,57.5,55.25,57.0,49910500
2018-06-19,42.26603698730469,54.5,55.25,54.0,54.25,39478900
2018-06-20,43.4293098449707,56.0,56.0,54.5,54.75,22079600
2018-06-21,42.26603698730469,54.5,56.25,54.25,56.0,18214200
2018-06-22,43.04154968261719,55.5,56.25,54.5,55.0,23114100
2018-06-25,42.26603698730469,54.5,56.5,54.25,56.0,17088300
2018-06-26,43.04154968261719,55.5,55.5,53.5,54.0,14891800
2018-06-27,42.84767150878906,55.25,56.0,55.0,55.5,12064200
2018-06-28,42.26603698730469,54.5,56.0,54.5,55.75,19052600
2018-06-29,42.45991134643555,54.75,55.25,54.0,54.75,17357600
2018-07-02,43.23544692993164,55.75,55.75,54.5,54.75,15669100
2018-07-03,44.39872360229492,57.25,57.5,55.5,55.5,22569700
2018-07-04,44.010955810546875,56.75,57.25,56.25,57.25,15445000
2018-07-05,41.684383392333984,53.75,56.25,53.0,56.0,43195900
2018-07-06,41.87826919555664,54.0,54.25,51.5,53.75,43371300
2018-07-09,42.45991134643555,54.75,55.0,54.0,54.75,12540200
2018-07-10,43.4293098449707,56.0,56.0,54.25,55.25,21087800
2018-07-11,43.23544692993164,55.75,56.25,55.0,55.25,17305500
2018-07-12,43.81707763671875,56.5,57.0,55.25,55.25,16494400
2018-07-13,44.204837799072266,57.0,57.75,56.75,57.0,16842200
2018-07-16,43.623199462890625,56.25,57.25,56.25,57.0,11304400
2018-07-17,43.23544692993164,55.75,56.5,55.25,56.25,12060300
2018-07-18,43.4293098449707,56.0,56.5,55.5,56.0,11025100
2018-07-19,44.39872360229492,57.25,57.25,56.25,56.25,18288200
2018-07-20,45.56200408935547,58.75,59.0,57.0,57.25,34379400
2018-07-23,46.3375244140625,59.75,60.0,57.5,58.5,27989000
2018-07-24,46.14365005493164,59.5,61.5,59.25,60.75,32928900
2018-07-25,46.3375244140625,59.75,60.25,59.25,59.75,16423200
2018-07-26,46.53141403198242,60.0,60.25,59.25,60.0,14298800
2018-07-31,46.14365005493164,59.5,59.75,59.0,59.5,16415400
2018-08-01,46.9191780090332,60.5,61.0,59.5,59.75,15826300
2018-08-02,46.9191780090332,60.5,60.5,60.0,60.25,9196500
2018-08-03,46.9191780090332,60.5,61.0,60.0,60.75,8042000
2018-08-06,44.204837799072266,57.0,60.75,56.5,60.5,66440000
2018-08-07,45.94976806640625,59.25,59.25,57.25,57.25,52199300
2018-08-08,46.3375244140625,59.75,60.0,59.0,59.25,22273000
2018-08-09,45.56200408935547,58.75,60.5,58.75,60.0,20412400
2018-08-10,44.78647994995117,57.75,59.25,57.75,59.0,13094300
2018-08-14,44.59260177612305,57.5,58.25,57.25,57.25,17807600
2018-08-15,44.39872360229492,57.25,58.0,57.25,57.5,16112400
2018-08-16,43.623199462890625,56.25,57.5,55.5,57.5,31962700
2018-08-17,44.39872360229492,57.25,58.0,56.5,56.5,21520500
2018-08-20,44.75202178955078,57.0,57.5,56.75,57.0,8130100
2018-08-21,44.75202178955078,57.0,58.25,56.5,57.0,13629800
2018-08-22,44.94831085205078,57.25,57.75,57.0,57.0,7432000
2018-08-23,45.34086608886719,57.75,58.0,57.25,57.75,6273700
2018-08-24,45.73342514038086,58.25,58.25,57.25,57.75,10269500
2018-08-27,45.92971420288086,58.5,59.0,58.25,58.5,10328000
2018-08-28,46.32227325439453,59.0,59.5,58.75,59.0,13448100
2018-08-29,46.1259880065918,58.75,59.5,58.5,59.0,11542100
2018-08-30,47.30366516113281,60.25,60.25,58.75,59.0,19067400
2018-08-31,47.107398986816406,60.0,60.0,59.0,59.5,15174000
2018-09-03,46.5185546875,59.25,60.25,59.25,59.75,18020800
2018-09-04,45.73342514038086,58.25,59.25,58.0,59.0,15486900
2018-09-05,44.75202178955078,57.0,58.75,57.0,58.25,27052700
2018-09-06,45.53714370727539,58.0,58.25,57.25,57.25,12170700
2018-09-07,45.34086608886719,57.75,58.0,57.25,57.75,10666600
2018-09-10,44.94831085205078,57.25,57.75,56.5,57.5,15041900
2018-09-11,44.35946273803711,56.5,57.5,56.25,57.25,10931100
2018-09-12,43.574337005615234,55.5,56.75,54.25,56.25,30993900
2018-09-13,45.53714370727539,58.0,58.5,56.0,56.25,26219200
2018-09-14,45.53714370727539,58.0,58.5,57.75,58.5,15633300
2018-09-17,44.94831085205078,57.25,58.0,57.0,57.75,10013300
2018-09-18,46.71483612060547,59.5,60.0,57.0,57.25,32508500
2018-09-19,46.32227325439453,59.0,60.0,59.0,59.75,18984800
2018-09-20,46.911109924316406,59.75,61.0,59.25,59.75,37398500
2018-09-21,46.71483612060547,59.5,60.5,59.5,60.25,17183700
2018-09-24,46.32227325439453,59.0,59.75,58.75,59.0,12622000
2018-09-25,46.32227325439453,59.0,59.75,59.0,59.25,8517300
2018-09-26,46.71483612060547,59.5,60.0,59.0,59.25,11814700
2018-09-27,46.911109924316406,59.75,59.75,58.5,59.5,17445500
2018-09-28,46.32227325439453,59.0,60.0,58.5,59.75,13383300
2018-10-01,46.911109924316406,59.75,60.5,59.25,59.5,23704400
2018-10-02,46.5185546875,59.25,60.25,59.25,59.5,22026600
2018-10-03,48.677635192871094,62.0,63.0,59.5,59.75,77913700
2018-10-04,48.088802337646484,61.25,62.25,60.5,61.25,54979000
2018-10-05,47.89252471923828,61.0,62.0,60.5,60.75,33802600
2018-10-08,45.144588470458984,57.5,61.25,57.5,61.0,58716500
2018-10-09,45.34086608886719,57.75,58.5,57.25,58.0,19540100
2018-10-10,45.92971420288086,58.5,59.25,58.0,58.5,21388700
2018-10-11,44.75202178955078,57.0,57.25,55.75,56.0,49233600
2018-10-12,45.144588470458984,57.5,58.0,57.0,57.5,14214800
2018-10-16,45.53714370727539,58.0,58.0,56.75,57.0,18860000
2018-10-17,45.144588470458984,57.5,58.75,57.5,58.5,12477500
2018-10-18,44.55574035644531,56.75,57.25,56.5,57.25,13839500
2018-10-19,43.966896057128906,56.0,56.75,55.75,56.5,19797200
2018-10-22,43.37805938720703,55.25,56.5,55.25,56.25,12217200
2018-10-24,40.826412200927734,52.0,55.0,51.25,54.5,41814800
2018-10-25,41.415260314941406,52.75,53.0,50.0,50.75,65189500
2018-10-26,40.826412200927734,52.0,53.0,51.5,52.5,24891800
2018-10-29,41.61152648925781,53.0,53.75,52.25,52.25,16729700
2018-10-30,41.02269744873047,52.25,53.5,52.0,53.0,16457300
2018-10-31,42.59293746948242,54.25,54.5,52.75,53.0,23173500
2018-11-01,42.39665603637695,54.0,54.75,53.75,54.0,15002300
2018-11-02,43.18177032470703,55.0,55.5,53.75,54.5,22074000
2018-11-05,42.59293746948242,54.25,55.0,53.5,54.5,16951900
2018-11-06,42.59293746948242,54.25,55.5,54.25,54.5,11341500
2018-11-07,42.789222717285156,54.5,54.75,53.0,54.75,17991600
2018-11-08,44.75202178955078,57.0,57.5,54.75,55.0,45043900
2018-11-09,43.37805938720703,55.25,56.75,54.75,56.75,34619000
2018-11-12,42.59293746948242,54.25,56.0,54.25,55.5,23329300
2018-11-13,42.985496520996094,54.75,55.0,53.5,53.75,22699100
2018-11-14,42.39665603637695,54.0,54.5,53.75,54.25,14828400
2018-11-15,42.39665603637695,54.0,54.75,53.75,54.25,8082500
2018-11-16,42.20037078857422,53.75,54.5,53.5,54.0,9324100
2018-11-19,42.789222717285156,54.5,54.5,53.5,53.5,7686900
2018-11-20,41.80781555175781,53.25,54.5,53.0,54.0,10248800
2018-11-21,42.00408935546875,53.5,53.5,52.0,53.0,21061500
2018-11-22,40.63011932373047,51.75,54.0,51.75,53.5,13846400
2018-11-23,42.00408935546875,53.5,54.25,51.75,52.25,15018700
2018-11-26,42.59293746948242,54.25,54.75,53.5,53.75,15398500
2018-11-27,42.59293746948242,54.25,54.5,53.75,54.0,16364700
2018-11-28,42.59293746948242,54.25,54.75,54.0,54.5,16933900
2018-11-29,42.00408935546875,53.5,54.5,53.25,54.5,14325500
2018-11-30,42.39665603637695,54.0,54.0,53.25,53.75,13341700
2018-12-03,43.26593017578125,54.75,55.25,54.5,54.5,22652200
2018-12-04,44.0561637878418,55.75,56.25,54.75,55.0,17452100
2018-12-06,43.26593017578125,54.75,55.25,54.25,55.0,14404900
2018-12-07,43.068359375,54.5,55.5,54.5,55.0,13215000
2018-12-11,43.26593017578125,54.75,55.5,54.5,54.5,12299200
2018-12-12,43.46348190307617,55.0,55.5,54.75,55.25,5531600
2018-12-13,42.475677490234375,53.75,55.5,53.5,55.25,14186200
2018-12-14,42.87079620361328,54.25,54.75,53.75,54.0,17848600
2018-12-17,42.67324447631836,54.0,54.75,53.25,54.5,11480300
2018-12-18,42.475677490234375,53.75,54.25,52.0,53.75,22960400
2018-12-19,42.278114318847656,53.5,54.0,52.75,53.5,14412100
2018-12-20,41.6854362487793,52.75,53.75,51.75,53.0,20320200
2018-12-21,41.6854362487793,52.75,53.5,52.25,52.25,15650200
2018-12-24,42.67324447631836,54.0,54.25,52.5,52.5,9940900
2018-12-25,41.88299560546875,53.0,53.5,52.5,53.25,6886000
2018-12-26,41.88299560546875,53.0,53.75,52.5,53.0,10264300
2018-12-27,42.08055877685547,53.25,55.0,53.0,54.25,20366800
2018-12-28,42.87079620361328,54.25,54.5,53.0,53.5,9125400
2019-01-02,42.67324447631836,54.0,55.0,54.0,54.75,9712700
2019-01-03,42.278114318847656,53.5,54.5,53.0,54.0,14272800
2019-01-04,43.26593017578125,54.75,54.75,53.0,53.25,18179900
2019-01-07,42.87079620361328,54.25,55.25,54.0,55.0,14852600
2019-01-08,43.26593017578125,54.75,55.25,54.0,54.0,19388800
2019-01-09,42.87079620361328,54.25,55.5,54.0,55.25,15926300
2019-01-10,42.475677490234375,53.75,55.0,53.5,54.5,15239600
2019-01-11,42.278114318847656,53.5,54.0,53.25,53.5,11935200
2019-01-14,37.93177032470703,48.0,52.75,48.0,52.5,77920600
2019-01-15,37.536651611328125,47.5,49.5,47.25,49.0,56436000
2019-01-16,37.93177032470703,48.0,48.75,46.5,47.5,69953300
2019-01-17,37.14152145385742,47.0,48.25,47.0,48.0,29432200
2019-01-18,37.73419952392578,47.75,48.25,47.25,47.5,20504100
2019-01-21,37.73419952392578,47.75,48.5,47.5,48.0,19790100
2019-01-22,38.32688903808594,48.5,48.5,47.5,47.75,22250900
2019-01-23,38.32688903808594,48.5,49.0,48.25,48.5,23489300
2019-01-24,37.73419952392578,47.75,48.5,47.5,48.5,16596400
2019-01-25,36.5488395690918,46.25,47.75,45.5,47.75,43580800
2019-01-28,35.561031341552734,45.0,46.5,45.0,46.25,26373200
2019-01-29,36.351287841796875,46.0,46.5,45.0,45.25,36238300
2019-01-30,36.5488395690918,46.25,46.75,45.75,46.5,14574600
2019-01-31,37.93177032470703,48.0,48.5,47.0,47.0,41236500
2019-02-01,38.524452209472656,48.75,49.0,47.5,48.0,31099800
2019-02-04,38.722007751464844,49.0,49.5,48.5,49.0,13323000
2019-02-05,38.32688903808594,48.5,49.0,48.25,48.5,7315000
2019-02-06,38.129329681396484,48.25,49.0,48.0,48.5,12497000
2019-02-07,38.129329681396484,48.25,49.0,47.75,48.5,14502900
2019-02-08,37.536651611328125,47.5,48.25,47.5,48.0,16160900
2019-02-11,37.536651611328125,47.5,47.75,47.0,47.25,11751100
2019-02-12,36.74640655517578,46.5,47.75,46.25,47.5,27717900
2019-02-13,37.536651611328125,47.5,47.75,46.75,47.0,22607600
2019-02-14,36.9439582824707,46.75,47.75,46.5,47.5,12935200
2019-02-15,36.74640655517578,46.5,47.0,46.25,46.75,11400900
2019-02-18,36.5488395690918,46.25,47.0,45.75,47.0,14560600
2019-02-20,37.14152145385742,47.0,47.25,46.25,46.25,15940900
2019-02-21,37.536651611328125,47.5,48.0,46.5,47.0,22331800
2019-02-22,38.129329681396484,48.25,48.5,47.0,47.5,27194300
2019-02-25,39.90738296508789,50.5,51.0,48.5,48.5,57364900
2019-02-26,38.91957092285156,49.25,50.5,49.25,50.0,23834300
2019-02-27,41.29030990600586,52.25,53.0,49.75,50.0,56907900
2019-02-28,40.697628021240234,51.5,52.75,50.75,52.25,26303300
2019-03-01,39.90738296508789,50.5,52.0,50.5,51.5,18212500
2019-03-04,39.51225662231445,50.0,52.0,49.5,50.25,22380100
2019-03-05,39.51225662231445,50.0,50.5,49.0,49.75,22955400
2019-03-06,38.91957092285156,49.25,50.25,48.75,49.75,26981500
2019-03-07,38.91957092285156,49.25,49.5,48.75,49.0,16294900
2019-03-08,38.722007751464844,49.0,49.5,48.5,49.25,13696900
2019-03-11,38.524452209472656,48.75,49.5,48.75,49.0,16401200
2019-03-12,38.524452209472656,48.75,49.25,48.5,49.0,12135800
2019-03-13,38.129329681396484,48.25,48.75,46.75,48.75,40239200
2019-03-14,38.129329681396484,48.25,49.0,48.0,48.5,16006600
2019-03-15,38.129329681396484,48.25,48.75,47.5,48.25,26113700
2019-03-18,37.73419952392578,47.75,48.75,47.5,48.5,16947700
2019-03-19,38.32688903808594,48.5,48.75,47.75,48.0,9886400
2019-03-20,38.129329681396484,48.25,49.0,48.25,48.75,13736900
2019-03-21,38.722007751464844,49.0,49.25,48.25,48.5,17720800
2019-03-22,39.314697265625,49.75,50.5,48.75,49.0,26064700
2019-03-25,38.129329681396484,48.25,49.5,48.25,49.0,31688100
2019-03-26,38.722007751464844,49.0,49.25,48.0,48.25,17681600
2019-03-27,38.722007751464844,49.0,49.25,48.25,49.0,14008000
2019-03-28,38.91957092285156,49.25,49.75,48.75,48.75,14282900
2019-03-29,39.314697265625,49.75,50.25,49.5,49.75,15339100
2019-04-01,38.32688903808594,48.5,49.75,48.25,49.75,23082200
2019-04-02,38.524452209472656,48.75,49.25,48.25,48.5,11961400
2019-04-03,38.722007751464844,49.0,49.25,48.5,49.0,6783000
2019-04-04,38.32688903808594,48.5,49.25,48.0,49.0,15929400
2019-04-05,38.129329681396484,48.25,49.0,48.0,48.5,9321500
2019-04-09,39.314697265625,49.75,50.0,48.5,48.75,19371900
2019-04-10,39.11713790893555,49.5,50.0,49.0,49.75,16212100
2019-04-11,38.91957092285156,49.25,49.75,49.0,49.5,7861300
2019-04-12,38.722007751464844,49.0,49.5,48.5,49.0,8250200
2019-04-17,38.32688903808594,48.5,49.25,48.25,49.25,17518400
2019-04-18,37.536651611328125,47.5,49.0,47.5,48.5,31342400
2019-04-19,38.129329681396484,48.25,48.5,47.5,47.5,19496900
2019-04-22,38.129329681396484,48.25,49.0,48.25,48.5,9274500
2019-04-23,37.536651611328125,47.5,48.5,47.25,48.25,21003400
2019-04-24,36.9439582824707,46.75,47.75,46.75,47.5,25548200
2019-04-25,36.5488395690918,46.25,47.0,46.0,46.75,26953900
2019-04-26,36.153717041015625,45.75,46.25,45.25,46.25,22869100
2019-04-29,35.75859069824219,45.25,45.75,45.0,45.75,19414200
2019-04-30,36.153717041015625,45.75,46.25,45.25,45.5,23305100
2019-05-02,36.5488395690918,46.25,46.5,45.75,46.25,12345300
2019-05-03,36.351287841796875,46.0,46.25,45.5,46.0,14838700
2019-05-07,37.33909606933594,47.25,47.25,45.25,45.75,45757600
2019-05-08,38.015804290771484,47.75,48.25,46.75,47.0,41325500
2019-05-09,37.61773681640625,47.25,48.25,47.25,47.75,16686500
2019-05-10,38.015804290771484,47.75,48.0,47.0,48.0,17624700
2019-05-13,37.219661712646484,46.75,47.75,46.25,47.75,17002700
2019-05-14,37.219661712646484,46.75,47.25,46.0,46.0,20523700
2019-05-15,37.219661712646484,46.75,47.25,46.75,47.25,8912000
2019-05-16,37.219661712646484,46.75,47.0,46.25,46.75,9423000
2019-05-17,36.224491119384766,45.5,47.0,45.5,47.0,17471800
2019-05-21,36.10414505004883,45.0,45.5,44.25,45.5,14730100
2019-05-22,36.90645980834961,46.0,46.25,45.0,45.0,7798400
2019-05-23,36.10414505004883,45.0,45.75,45.0,45.5,9015600
2019-05-24,35.9035530090332,44.75,44.75,43.5,44.5,23876500
2019-05-27,36.90645980834961,46.0,46.5,45.0,45.0,12757900
2019-05-28,37.10703659057617,46.25,47.0,46.0,46.25,18752900
2019-05-29,36.90645980834961,46.0,46.75,46.0,46.5,8960200
2019-05-30,37.30760955810547,46.5,46.75,46.0,46.0,8439900
2019-05-31,36.90645980834961,46.0,46.75,45.5,46.25,11598700
2019-06-04,37.10703659057617,46.25,46.5,45.5,46.0,14470600
2019-06-05,37.50819396972656,46.75,47.0,46.5,46.75,9615200
2019-06-06,37.50819396972656,46.75,47.25,46.5,46.5,4832200
2019-06-07,37.50819396972656,46.75,47.25,46.5,47.0,5764300
2019-06-10,37.90935134887695,47.25,48.0,47.0,47.25,12671000
2019-06-11,38.10992431640625,47.5,48.0,46.75,47.25,12614600
2019-06-12,37.708763122558594,47.0,47.5,47.0,47.5,7426900
2019-06-13,37.708763122558594,47.0,47.25,46.5,47.0,9726400
2019-06-14,37.90935134887695,47.25,47.5,46.75,47.25,5529300
2019-06-17,37.708763122558594,47.0,47.5,47.0,47.5,3145100
2019-06-18,37.90935134887695,47.25,47.5,46.5,46.75,7581800
2019-06-19,38.7116584777832,48.25,48.75,47.75,48.0,22943100
2019-06-20,38.91224670410156,48.5,49.0,48.25,48.5,14232600
2019-06-21,38.31050109863281,47.75,49.0,47.5,48.5,20299300
2019-06-24,38.31050109863281,47.75,48.0,47.5,48.0,6737700
2019-06-25,39.11281204223633,48.75,49.25,48.0,48.0,28309800
2019-06-26,38.7116584777832,48.25,48.75,47.75,48.5,21375500
2019-06-27,38.31050109863281,47.75,48.75,47.5,48.25,14137200
2019-06-28,37.708763122558594,47.0,48.0,47.0,47.75,11334200
2019-07-01,38.31050109863281,47.75,48.25,47.5,47.75,15499500
2019-07-02,37.30760955810547,46.5,47.75,46.25,47.5,22463100
2019-07-03,37.10703659057617,46.25,46.5,46.0,46.25,18036300
2019-07-04,36.10414505004883,45.0,46.5,45.0,46.25,26096400
2019-07-05,36.10414505004883,45.0,45.5,44.25,45.0,23372000
2019-07-08,35.10124588012695,43.75,45.0,43.75,44.75,22164300
2019-07-09,33.496620178222656,41.75,44.0,41.25,43.5,60840000
2019-07-10,34.09835433959961,42.5,42.75,41.5,41.75,28094600
2019-07-11,33.89778137207031,42.25,43.75,42.25,43.25,28591100
2019-07-12,33.496620178222656,41.75,42.75,41.25,42.5,29094800
2019-07-15,33.29603958129883,41.5,42.5,41.25,41.75,18290600
2019-07-17,32.694313049316406,40.75,41.75,40.5,41.5,22633400
2019-07-18,33.496620178222656,41.75,42.25,40.75,41.0,23488400
2019-07-19,33.69720458984375,42.0,42.5,41.5,42.25,18280000
2019-07-22,33.095462799072266,41.25,42.0,41.0,41.75,16749600
2019-07-23,32.8948860168457,41.0,41.5,40.5,41.25,16090800
2019-07-24,32.29314422607422,40.25,41.25,40.0,41.0,25717300
2019-07-25,32.29314422607422,40.25,41.0,40.0,40.5,26600300
2019-07-26,31.290246963500977,39.0,40.25,38.75,40.0,38113900
2019-07-30,32.49372863769531,40.5,40.75,39.25,39.25,26825400
2019-07-31,32.8948860168457,41.0,41.25,40.25,40.5,19184700
2019-08-01,32.694313049316406,40.75,41.0,40.25,40.75,17289400
2019-08-02,31.089677810668945,38.75,39.5,38.25,39.0,33296100
2019-08-05,30.688526153564453,38.25,38.75,38.0,38.5,20207700
2019-08-06,30.086780548095703,37.5,37.75,36.0,37.0,48551700
2019-08-07,30.688526153564453,38.25,39.25,37.75,37.75,24418400
2019-08-08,30.88909912109375,38.5,39.25,37.5,38.75,20274400
2019-08-09,31.490833282470703,39.25,40.0,39.0,39.0,22453500
2019-08-13,30.688526153564453,38.25,39.0,37.75,38.75,13783700
2019-08-14,31.490833282470703,39.25,40.5,39.0,39.25,32141700
2019-08-15,31.290246963500977,39.0,39.5,38.0,38.5,24826200
2019-08-16,31.891983032226562,39.75,39.75,38.75,39.5,12038900
2019-08-19,31.290246963500977,39.0,40.0,38.5,39.75,12546100
2019-08-20,29.88620376586914,37.25,39.25,37.0,39.0,20294300
2019-08-21,30.086780548095703,37.5,38.0,37.0,37.0,16476000
2019-08-22,27.94062042236328,34.5,37.0,34.5,37.0,49998900
2019-08-23,27.94062042236328,34.5,35.25,34.0,35.0,22341900
2019-08-26,24.70113182067871,30.5,33.0,30.5,32.75,85138100
2019-08-27,24.70113182067871,30.5,31.75,30.5,31.0,60577400
2019-08-28,25.713470458984375,31.75,32.5,31.0,31.0,35530000
2019-08-29,27.738149642944336,34.25,34.5,32.0,32.25,70883900
2019-08-30,28.54802131652832,35.25,35.5,34.5,35.25,43191700
2019-09-02,27.94062042236328,34.5,35.0,34.5,35.0,17396100
2019-09-03,27.53567886352539,34.0,35.25,34.0,34.5,15224100
2019-09-04,28.34556007385254,35.0,35.25,34.25,34.5,17173600
2019-09-05,28.750490188598633,35.5,36.25,35.25,35.5,29994000
2019-09-06,28.750490188598633,35.5,36.25,35.5,35.75,22679200
2019-09-09,28.54802131652832,35.25,35.75,35.0,35.75,9580200
2019-09-10,28.54802131652832,35.25,36.0,35.0,35.5,15821900
2019-09-11,30.167766571044922,37.25,37.25,35.25,35.5,44785200
2019-09-12,29.96530532836914,37.0,37.75,36.75,37.25,28658600
2019-09-13,29.96530532836914,37.0,37.75,36.75,37.25,12266900
2019-09-16,27.738149642944336,34.25,37.5,34.25,37.25,38128900
2019-09-17,27.94062042236328,34.5,35.0,34.25,34.5,19431900
2019-09-18,25.713470458984375,31.75,35.0,31.0,34.5,100405000
2019-09-19,25.713470458984375,31.75,32.5,31.5,32.0,27160600
2019-09-20,26.725811004638672,33.0,33.0,31.5,32.25,36929200
2019-09-23,26.118410110473633,32.25,33.75,32.25,33.25,27678400
2019-09-24,26.725811004638672,33.0,33.0,32.25,32.75,14584600
2019-09-25,26.523344039916992,32.75,33.25,32.5,32.75,11456900
2019-09-26,26.725811004638672,33.0,33.5,32.75,33.0,10220800
2019-09-27,26.725811004638672,33.0,33.25,32.75,33.25,11151800
2019-09-30,26.32087516784668,32.5,33.0,32.5,33.0,7600300
2019-10-01,25.713470458984375,31.75,33.0,31.5,33.0,18317300
2019-10-02,25.106063842773438,31.0,32.25,30.75,31.75,27300800
2019-10-03,25.106063842773438,31.0,31.5,30.25,31.0,19905400
2019-10-04,25.106063842773438,31.0,31.75,30.75,31.25,12295600
2019-10-07,25.915937423706055,32.0,32.5,31.0,31.5,16586400
2019-10-08,25.915937423706055,32.0,32.5,32.0,32.25,7027800
2019-10-09,25.915937423706055,32.0,32.25,31.0,32.0,17210400
2019-10-10,25.51099967956543,31.5,32.25,31.5,32.0,12636500
2019-10-11,26.725811004638672,33.0,33.25,31.75,32.0,39622500
2019-10-15,26.523344039916992,32.75,33.75,32.25,33.0,20642300
2019-10-16,26.118410110473633,32.25,33.5,31.75,33.25,19480800
2019-10-17,23.891258239746094,29.5,32.5,29.25,32.5,63336700
2019-10-18,23.486316680908203,29.0,29.75,28.5,29.5,30994100
2019-10-21,22.87891387939453,28.25,29.0,27.5,29.0,35196500
2019-10-22,22.87891387939453,28.25,29.25,28.25,28.5,20888000
2019-10-24,22.06903648376465,27.25,28.75,27.0,28.5,27785200
2019-10-25,20.65176010131836,25.5,27.25,25.25,27.0,57962600
2019-10-28,21.866573333740234,27.0,27.5,25.25,26.0,30117000
2019-10-29,21.46163558959961,26.5,27.75,26.25,27.5,17866400
2019-10-30,22.87891387939453,28.25,28.5,26.75,27.0,33320800
2019-10-31,22.67644500732422,28.0,28.5,27.75,28.5,12667700
2019-11-01,22.87891387939453,28.25,28.5,27.75,28.25,12115900
2019-11-04,24.093725204467773,29.75,30.25,28.75,28.75,36042500
2019-11-05,25.51099967956543,31.5,31.5,30.0,31.0,53521200
2019-11-06,25.308530807495117,31.25,32.25,31.0,31.0,33211400
2019-11-07,26.725811004638672,33.0,33.25,30.0,31.25,66658900
2019-11-08,26.725811004638672,33.0,33.75,32.25,33.5,32433800
2019-11-11,25.51099967956543,31.5,33.0,30.5,32.75,50891200
2019-11-12,25.51099967956543,31.5,32.0,31.0,32.0,15766100
2019-11-13,25.713470458984375,31.75,32.0,31.0,31.5,12850400
2019-11-14,24.29619026184082,30.0,32.0,29.5,31.75,40800200
2019-11-15,24.498659133911133,30.25,30.75,29.75,30.25,20189900
2019-11-18,25.713470458984375,31.75,31.75,30.25,30.5,20408200
2019-11-19,25.915937423706055,32.0,32.5,31.25,31.75,12084300
2019-11-20,24.903596878051758,30.75,31.75,30.5,31.5,17759400
2019-11-21,25.308530807495117,31.25,31.5,30.25,30.75,10415100
2019-11-22,26.118410110473633,32.25,32.5,31.25,31.25,18331900
2019-11-25,27.223730087280273,33.25,33.75,32.5,32.5,29740600
2019-11-26,28.656558990478516,35.0,35.75,33.5,33.5,73267600
2019-11-27,28.656558990478516,35.0,35.0,34.5,35.0,14366500
2019-11-28,28.042484283447266,34.25,35.25,33.25,34.5,43998600
2019-11-29,28.451866149902344,34.75,35.0,33.5,33.75,28055800
2019-12-02,27.428421020507812,33.5,35.0,33.5,34.75,26909400
2019-12-03,27.633115768432617,33.75,34.0,32.75,33.0,14530300
2019-12-04,26.200281143188477,32.0,33.75,31.25,33.0,50085800
2019-12-06,26.609661102294922,32.5,33.25,32.25,32.5,16371000
2019-12-09,26.814353942871094,32.75,33.0,32.25,33.0,10324000
2019-12-11,27.633115768432617,33.75,33.75,32.5,33.0,20284800
2019-12-12,28.042484283447266,34.25,34.5,33.25,33.5,25162000
2019-12-13,29.2706298828125,35.75,37.0,35.5,36.0,69375400
2019-12-16,28.247175216674805,34.5,35.5,34.25,35.0,20072900
2019-12-17,28.656558990478516,35.0,35.25,34.0,35.0,24111100
2019-12-18,28.656558990478516,35.0,35.5,34.75,35.0,13160000
2019-12-19,28.86124610900879,35.25,35.75,34.5,35.25,27050600
2019-12-20,29.47531509399414,36.0,36.5,35.25,35.25,41690600
2019-12-23,28.86124610900879,35.25,36.0,35.0,36.0,14783100
2019-12-24,28.86124610900879,35.25,35.75,35.0,35.25,15945000
2019-12-25,28.86124610900879,35.25,35.75,35.25,35.25,7913600
2019-12-26,28.451866149902344,34.75,35.5,34.5,35.25,14123900
2019-12-27,28.656558990478516,35.0,35.5,34.75,35.0,25594500
2019-12-30,28.656558990478516,35.0,35.5,34.5,35.0,16512100
2020-01-02,29.67999839782715,36.25,37.0,35.0,35.25,56815100
2020-01-03,29.884693145751953,36.5,37.0,36.25,36.25,42113800
2020-01-06,27.223730087280273,33.25,36.25,32.75,36.0,61536500
2020-01-07,27.223730087280273,33.25,34.0,32.5,34.0,35280500
2020-01-08,24.97214698791504,30.5,32.25,30.5,32.25,57796000
2020-01-09,26.40497398376465,32.25,32.5,31.25,32.25,48092300
2020-01-10,26.200281143188477,32.0,32.5,31.75,32.0,20860600
2020-01-13,25.7908992767334,31.5,32.5,30.75,32.5,22459800
2020-01-14,25.7908992767334,31.5,32.0,31.0,31.5,10624700
2020-01-15,25.586212158203125,31.25,31.75,31.0,31.5,10086400
2020-01-16,25.586212158203125,31.25,32.0,31.0,31.0,20399900
2020-01-17,26.200281143188477,32.0,32.5,31.25,31.5,24498200
2020-01-20,24.56276512145996,30.0,32.25,29.5,32.0,40629000
2020-01-21,24.358074188232422,29.75,30.5,29.0,30.0,45210700
2020-01-22,24.153383255004883,29.5,30.0,28.25,29.75,36924500
2020-01-23,23.948692321777344,29.25,29.75,29.25,29.5,10304200
2020-01-24,23.12993621826172,28.25,29.75,27.75,29.5,20544000
2020-01-27,22.515869140625,27.5,27.5,26.25,27.5,41335100
2020-01-28,22.72055435180664,27.75,28.75,27.25,27.25,30358100
2020-01-29,23.12993621826172,28.25,29.25,28.0,28.5,23039500
2020-01-30,23.334627151489258,28.5,29.0,28.0,28.0,13671700
2020-01-31,23.12993621826172,28.25,28.75,28.0,28.5,11782200
2020-02-03,23.334627151489258,28.5,28.5,27.75,28.25,15099900
2020-02-04,24.97214698791504,30.5,30.75,28.5,29.0,47121700
2020-02-05,25.38152313232422,31.0,31.25,30.5,31.0,40573400
2020-02-06,25.7908992767334,31.5,32.0,30.75,31.25,26932100
2020-02-07,25.586212158203125,31.25,32.0,31.0,31.75,18165500
2020-02-11,24.97214698791504,30.5,31.5,29.75,31.5,26537000
2020-02-12,25.995590209960938,31.75,32.0,30.5,30.5,21141300
2020-02-13,25.586212158203125,31.25,32.25,30.75,31.5,12961200
2020-02-14,24.358074188232422,29.75,30.25,28.5,29.0,60550900
2020-02-17,24.56276512145996,30.0,30.5,29.75,29.75,8193400
2020-02-18,24.56276512145996,30.0,30.5,29.5,30.0,12609100
2020-02-19,25.17683219909668,30.75,31.25,30.0,30.25,17715100
2020-02-20,24.56276512145996,30.0,31.0,29.75,31.0,20745300
2020-02-21,24.358074188232422,29.75,30.0,29.25,29.75,13065800
2020-02-24,22.925247192382812,28.0,29.75,27.25,29.5,33859200
2020-02-25,22.925247192382812,28.0,28.5,27.5,28.25,19338100
2020-02-26,21.901792526245117,26.75,27.75,26.5,27.25,34533300
2020-02-27,22.72055435180664,27.75,27.75,25.5,26.75,34311700
2020-02-28,21.287729263305664,26.0,27.0,25.75,25.75,30300300
2020-03-02,21.49241828918457,26.25,27.0,25.75,26.75,20611700
2020-03-03,23.12993621826172,28.25,29.0,26.75,27.0,29424000
2020-03-04,22.925247192382812,28.0,28.5,27.75,27.75,16162000
2020-03-05,22.311176300048828,27.25,28.75,27.0,28.5,24030500
2020-03-06,22.311176300048828,27.25,27.25,26.5,27.0,18072300
2020-03-09,18.749574661254883,22.899999618530273,24.200000762939453,22.5,22.5,60696000
2020-03-10,19.240829467773438,23.5,24.5,22.899999618530273,23.0,57182600
2020-03-11,19.322710037231445,23.600000381469727,24.299999237060547,23.0,23.5,31084100
2020-03-12,15.883919715881348,19.399999618530273,22.299999237060547,19.399999618530273,22.0,45294400
2020-03-13,16.211421966552734,19.799999237060547,20.899999618530273,16.100000381469727,16.700000762939453,62384700
2020-03-16,14.000776290893555,17.100000381469727,22.299999237060547,16.899999618530273,18.200000762939453,45768000
2020-03-17,14.246402740478516,17.399999618530273,18.299999237060547,17.100000381469727,17.299999237060547,34019800
2020-03-18,14.16452693939209,17.299999237060547,18.799999237060547,17.200000762939453,18.0,37910900
2020-03-19,14.08265209197998,17.200000762939453,17.5,16.200000762939453,16.899999618530273,31570200
2020-03-20,16.12954330444336,19.700000762939453,19.700000762939453,17.799999237060547,18.0,38792300
2020-03-23,13.837023735046387,16.899999618530273,18.399999618530273,16.799999237060547,18.399999618530273,33851500
2020-03-24,14.08265209197998,17.200000762939453,18.0,17.100000381469727,17.799999237060547,41180800
2020-03-25,14.98328685760498,18.299999237060547,18.600000381469727,17.5,17.799999237060547,70138000
2020-03-26,15.392663955688477,18.799999237060547,19.899999618530273,17.700000762939453,18.200000762939453,48678600
2020-03-27,15.965801239013672,19.5,20.200000762939453,18.700000762939453,19.299999237060547,44557700
2020-03-30,15.556417465209961,19.0,19.0,19.0,19.0,1963500
2020-03-31,17.521438598632812,21.399999618530273,21.399999618530273,19.5,19.5,61471900
2020-04-01,17.439563751220703,21.299999237060547,21.899999618530273,21.0,21.399999618530273,38636600
2020-04-02,18.340198516845703,22.399999618530273,23.899999618530273,21.200000762939453,21.5,84265000
2020-04-03,18.340198516845703,22.399999618530273,23.600000381469727,22.100000381469727,22.799999237060547,71037900
2020-04-07,20.46897315979004,25.0,25.25,23.100000381469727,23.600000381469727,52965300
2020-04-08,19.813966751098633,24.200000762939453,25.0,23.799999237060547,25.0,30601200
2020-04-09,20.05959129333496,24.5,26.5,24.100000381469727,24.600000381469727,43272400
2020-04-10,20.30521583557129,24.799999237060547,25.25,24.399999618530273,24.600000381469727,20051300
2020-04-13,20.05959129333496,24.5,25.0,24.200000762939453,25.0,30271400
2020-04-14,20.878347396850586,25.5,25.5,24.5,25.0,44098400
2020-04-15,21.083036422729492,25.75,28.0,25.0,25.5,76003600
2020-04-16,20.46897315979004,25.0,26.25,25.0,25.75,35329300
2020-04-17,21.083036422729492,25.75,27.0,25.5,26.25,38589500
2020-04-20,21.901792526245117,26.75,27.25,25.5,25.5,29705800
2020-04-21,22.106489181518555,27.0,28.25,26.5,26.75,26956900
2020-04-22,22.925247192382812,28.0,28.0,26.5,27.0,30376600
2020-04-23,22.72055435180664,27.75,28.25,27.0,27.75,22381800
2020-04-24,21.49241828918457,26.25,27.75,25.5,27.75,35274000
2020-04-27,21.901792526245117,26.75,27.5,26.25,26.75,19303700
2020-04-28,22.515869140625,27.5,28.25,26.5,26.75,32990100
2020-04-29,22.515869140625,27.5,28.5,27.5,27.75,28656900
2020-04-30,23.5393123626709,28.75,28.75,28.0,28.0,45120700
2020-05-05,22.106489181518555,27.0,28.25,27.0,28.0,38558300
2020-05-07,21.901792526245117,26.75,27.25,26.25,27.0,14082100
2020-05-08,22.311176300048828,27.25,27.75,27.0,27.25,14543100
2020-05-11,22.925247192382812,28.0,28.5,27.75,27.75,37334600
2020-05-12,23.5393123626709,28.75,30.25,27.5,28.0,70197700
2020-05-13,23.334627151489258,28.5,29.25,28.0,28.75,29659400
2020-05-14,22.925247192382812,28.0,28.5,27.75,28.25,13391600
2020-05-15,23.12993621826172,28.25,28.5,27.75,28.5,11906100
2020-05-18,24.358074188232422,29.75,29.75,28.75,28.75,37652400
2020-05-19,25.38152313232422,31.0,31.5,30.25,30.5,34664200
2020-05-20,24.97214698791504,30.5,31.75,30.25,31.0,23982600
2020-05-21,25.586212158203125,31.25,31.5,30.5,30.75,19894300
2020-05-22,23.5393123626709,28.75,30.5,28.0,30.25,53176600
2020-05-25,24.358074188232422,29.75,29.75,28.75,29.25,17380500
2020-05-26,24.29630470275879,29.5,30.75,29.5,30.0,24711800
2020-05-27,23.884502410888672,29.0,29.5,28.5,29.25,20681500
2020-05-28,23.472700119018555,28.5,29.5,28.0,29.25,20314900
2020-05-29,23.472700119018555,28.5,28.75,28.0,28.5,13771100
2020-06-01,24.29630470275879,29.5,30.0,28.75,29.0,22816500
2020-06-02,25.119909286499023,30.5,30.75,29.5,30.0,24881800
2020-06-04,25.325809478759766,30.75,31.5,30.75,31.25,21610500
2020-06-05,27.384822845458984,33.25,33.5,30.25,30.75,48804100
2020-06-08,26.76711654663086,32.5,34.25,31.5,34.0,39097600
2020-06-09,25.325809478759766,30.75,32.75,30.25,32.0,41027000
2020-06-10,24.914005279541016,30.25,31.5,29.5,31.0,39068800
2020-06-11,24.090402603149414,29.25,30.5,28.5,30.0,40338300
2020-06-12,23.67860221862793,28.75,29.0,27.75,28.0,46183800
2020-06-15,23.060897827148438,28.0,28.75,27.0,28.5,36237100
2020-06-16,24.29630470275879,29.5,30.0,28.75,29.25,41146600
2020-06-17,23.67860221862793,28.75,29.5,28.0,29.25,45993000
2020-06-18,24.090402603149414,29.25,29.25,28.25,28.25,18332800
2020-06-19,23.884502410888672,29.0,29.5,28.5,29.5,21399600
2020-06-22,23.472700119018555,28.5,29.25,28.0,29.0,12946200
2020-06-23,23.67860221862793,28.75,29.25,28.5,28.75,7860700
2020-06-24,22.443195343017578,27.25,29.0,27.25,28.75,36833000
2020-06-25,22.237293243408203,27.0,27.0,25.75,26.5,38739800
2020-06-26,21.825490951538086,26.5,27.25,26.25,27.0,18715200
2020-06-29,22.237293243408203,27.0,27.0,25.75,26.25,16189500
2020-06-30,22.854999542236328,27.75,28.25,27.25,27.25,24281600
2020-07-01,23.060897827148438,28.0,28.25,27.0,28.25,17945000
2020-07-02,23.472700119018555,28.5,28.75,27.75,28.25,23155700
2020-07-03,23.266801834106445,28.25,28.75,28.0,28.75,15403000
2020-07-07,23.67860221862793,28.75,29.75,28.5,28.75,34370100
2020-07-08,22.854999542236328,27.75,29.0,27.5,28.75,29175900
2020-07-09,23.266801834106445,28.25,28.5,27.5,28.0,26343200
2020-07-10,22.443195343017578,27.25,29.0,27.0,28.0,31430300
2020-07-13,22.443195343017578,27.25,27.75,25.75,27.75,48277900
2020-07-14,22.03139305114746,26.75,26.75,25.25,25.5,24772300
2020-07-15,22.03139305114746,26.75,27.25,26.5,27.25,20366000
2020-07-16,22.443195343017578,27.25,27.25,26.5,26.75,15404000
2020-07-17,22.237293243408203,27.0,27.5,26.75,27.25,9033600
2020-07-20,22.443195343017578,27.25,27.5,26.5,27.0,13757400
2020-07-21,23.472700119018555,28.5,28.75,27.25,27.5,34746900
2020-07-22,22.03139305114746,26.75,29.0,26.0,29.0,37287500
2020-07-23,22.237293243408203,27.0,27.5,26.75,27.0,25559400
2020-07-24,21.61959457397461,26.25,27.0,26.0,26.5,17494200
2020-07-29,20.17828941345215,24.5,26.25,24.100000381469727,26.25,69341700
2020-07-30,19.354684829711914,23.5,24.600000381469727,23.299999237060547,24.600000381469727,38443100
2020-07-31,20.59009552001953,25.0,25.25,23.399999618530273,23.700000762939453,68514700
2020-08-03,20.50773048400879,24.899999618530273,25.25,24.299999237060547,25.0,34996100
2020-08-04,20.425369262695312,24.799999237060547,25.5,24.700000762939453,25.25,15951300
2020-08-05,20.59009552001953,25.0,25.25,24.799999237060547,25.0,15234900
2020-08-06,20.50773048400879,24.899999618530273,25.5,24.899999618530273,25.25,13988900
2020-08-07,20.343006134033203,24.700000762939453,24.899999618530273,24.5,24.899999618530273,14398400
2020-08-10,20.50773048400879,24.899999618530273,25.0,24.5,24.700000762939453,10422500
2020-08-11,20.343006134033203,24.700000762939453,25.25,24.700000762939453,25.0,12248900
2020-08-13,21.20778465270996,25.75,26.0,24.799999237060547,25.0,23824200
2020-08-14,20.795982360839844,25.25,25.75,25.0,25.75,16393800
2020-08-17,20.343006134033203,24.700000762939453,25.5,24.5,25.25,22725600
2020-08-18,20.59009552001953,25.0,25.25,24.600000381469727,24.799999237060547,15985500
2020-08-19,20.17828941345215,24.5,25.5,24.100000381469727,25.25,20910300
2020-08-20,19.931201934814453,24.200000762939453,24.700000762939453,24.200000762939453,24.299999237060547,15575700
2020-08-21,19.7664852142334,24.0,24.600000381469727,23.799999237060547,24.5,15451100
2020-08-24,20.17828941345215,24.5,24.600000381469727,23.799999237060547,24.200000762939453,15731700
2020-08-25,20.17828941345215,24.5,25.25,24.5,24.899999618530273,18259600
2020-08-26,20.095930099487305,24.399999618530273,24.799999237060547,24.299999237060547,24.600000381469727,15011100
2020-08-27,20.15814208984375,24.299999237060547,24.899999618530273,24.200000762939453,24.299999237060547,17102500
2020-08-28,20.075183868408203,24.200000762939453,24.600000381469727,24.100000381469727,24.5,11213400
2020-08-31,19.660411834716797,23.700000762939453,24.5,23.700000762939453,24.299999237060547,21610300
2020-09-01,19.743362426757812,23.799999237060547,24.200000762939453,23.600000381469727,23.700000762939453,16424000
2020-09-02,19.99223518371582,24.100000381469727,24.200000762939453,23.700000762939453,23.899999618530273,14736100
2020-09-03,19.328588485717773,23.299999237060547,24.200000762939453,23.100000381469727,24.100000381469727,23448400
2020-09-08,19.16267967224121,23.100000381469727,23.5,22.700000762939453,23.200000762939453,19845000
2020-09-09,19.16267967224121,23.100000381469727,23.399999618530273,22.899999618530273,23.100000381469727,22277600
2020-09-10,19.41153907775879,23.399999618530273,23.700000762939453,23.200000762939453,23.299999237060547,20114200
2020-09-11,19.245630264282227,23.200000762939453,23.700000762939453,23.200000762939453,23.5,12400000
2020-09-14,19.079723358154297,23.0,23.5,22.899999618530273,23.399999618530273,11502100
2020-09-15,19.41153907775879,23.399999618530273,23.5,22.899999618530273,23.200000762939453,12130300
2020-09-16,19.328588485717773,23.299999237060547,23.600000381469727,23.100000381469727,23.299999237060547,10098600
2020-09-17,19.245630264282227,23.200000762939453,23.299999237060547,22.899999618530273,23.100000381469727,9803700
2020-09-18,19.16267967224121,23.100000381469727,23.299999237060547,22.899999618530273,23.200000762939453,9191300
2020-09-21,18.581989288330078,22.399999618530273,23.100000381469727,22.399999618530273,23.100000381469727,23948200
2020-09-22,18.16721534729004,21.899999618530273,22.700000762939453,21.799999237060547,22.399999618530273,28390200
2020-09-23,18.084257125854492,21.799999237060547,22.200000762939453,21.5,22.100000381469727,20714400
2020-09-24,17.918352127075195,21.600000381469727,22.100000381469727,21.299999237060547,21.5,22803900
2020-09-25,17.586530685424805,21.200000762939453,21.899999618530273,21.100000381469727,21.700000762939453,15733000
2020-09-28,17.752437591552734,21.399999618530273,21.600000381469727,21.100000381469727,21.299999237060547,14451600
2020-09-29,17.50357437133789,21.100000381469727,21.600000381469727,21.0,21.5,19052700
2020-09-30,17.50357437133789,21.100000381469727,21.399999618530273,20.899999618530273,21.200000762939453,11775400
2020-10-01,17.337663650512695,20.899999618530273,21.399999618530273,20.600000381469727,21.399999618530273,27113200
2020-10-02,17.08879852294922,20.600000381469727,20.899999618530273,20.200000762939453,20.700000762939453,22491200
2020-10-05,17.420616149902344,21.0,21.600000381469727,20.600000381469727,20.700000762939453,38557600
2020-10-06,19.660411834716797,23.700000762939453,24.100000381469727,21.200000762939453,21.299999237060547,133294500
2020-10-07,19.826324462890625,23.899999618530273,24.399999618530273,23.200000762939453,23.600000381469727,82888000
2020-10-08,19.328588485717773,23.299999237060547,24.0,23.100000381469727,23.899999618530273,55121200
2020-10-09,19.16267967224121,23.100000381469727,23.5,22.899999618530273,23.5,36167100
2020-10-12,19.90927505493164,24.0,24.200000762939453,23.100000381469727,23.299999237060547,65822800
2020-10-14,20.075183868408203,24.200000762939453,24.700000762939453,23.5,23.899999618530273,76146900
2020-10-15,19.577457427978516,23.600000381469727,24.299999237060547,23.299999237060547,24.200000762939453,52386900
2020-10-16,19.743362426757812,23.799999237060547,24.0,23.5,23.700000762939453,37085700
2020-10-19,19.577457427978516,23.600000381469727,24.0,23.299999237060547,23.600000381469727,44390300
2020-10-20,19.245630264282227,23.200000762939453,23.799999237060547,22.899999618530273,23.600000381469727,48955800
2020-10-21,19.245630264282227,23.200000762939453,23.600000381469727,22.899999618530273,23.399999618530273,32599100
2020-10-22,18.664949417114258,22.5,23.399999618530273,22.5,23.100000381469727,50565400
2020-10-26,18.416080474853516,22.200000762939453,22.700000762939453,22.0,22.399999618530273,30009600
2020-10-27,18.747900009155273,22.600000381469727,22.799999237060547,21.899999618530273,22.0,30764900
2020-10-28,18.996763229370117,22.899999618530273,23.200000762939453,22.299999237060547,22.5,37906900
2020-10-29,18.91381072998047,22.799999237060547,22.899999618530273,22.5,22.700000762939453,27628600
2020-10-30,18.3331241607666,22.100000381469727,23.0,22.0,22.799999237060547,31615600
2020-11-02,18.581989288330078,22.399999618530273,22.5,21.899999618530273,22.299999237060547,20318200
2020-11-03,19.826324462890625,23.899999618530273,24.100000381469727,22.600000381469727,22.600000381469727,62823500
2020-11-04,19.660411834716797,23.700000762939453,24.100000381469727,23.299999237060547,23.899999618530273,54104100
2020-11-05,21.360986709594727,25.75,26.0,24.0,24.100000381469727,83264400
2020-11-06,20.946212768554688,25.25,26.0,24.899999618530273,25.75,56283200
2020-11-09,21.360986709594727,25.75,27.0,25.0,25.75,88945300
2020-11-10,22.605323791503906,27.25,28.0,26.5,27.25,92384000
2020-11-11,21.983158111572266,26.5,27.5,26.0,27.25,61354800
2020-11-12,22.397932052612305,27.0,27.75,26.25,26.5,43696500
2020-11-13,22.812715530395508,27.5,27.75,26.5,26.75,39187000
2020-11-16,23.434879302978516,28.25,28.75,27.75,28.0,28832000
2020-11-17,22.812715530395508,27.5,28.75,27.5,28.5,42556200
2020-11-18,23.64226531982422,28.5,28.5,27.0,27.5,35289900
2020-11-19,25.09398078918457,30.25,30.75,28.25,28.5,73636600
2020-11-20,25.301374435424805,30.5,30.5,29.75,30.0,25912900
2020-11-23,25.238794326782227,30.25,30.75,29.75,30.5,52468300
2020-11-24,23.98728370666504,28.75,30.75,28.75,30.5,52423600
2020-11-25,24.19586944580078,29.0,30.25,28.0,29.5,70951100
2020-11-26,25.238794326782227,30.25,30.25,29.0,29.25,53471100
2020-11-27,25.238794326782227,30.25,30.5,29.5,30.0,28896300
2020-11-30,26.698890686035156,32.0,32.5,30.0,30.5,93045900
2020-12-01,26.698890686035156,32.0,32.25,31.25,32.25,38107000
2020-12-02,26.698890686035156,32.0,33.0,31.75,31.75,39028700
2020-12-03,28.576152801513672,34.25,34.75,31.75,32.0,85773600
2020-12-04,29.410499572753906,35.25,35.75,34.0,34.5,67335100
2020-12-08,29.201915740966797,35.0,36.0,34.75,35.0,48549400
2020-12-09,29.410499572753906,35.25,36.25,34.25,35.5,56399400
2020-12-14,28.784740447998047,34.5,35.5,33.75,35.25,49326400
2020-12-15,30.45342445373535,36.5,36.5,34.0,34.5,58999300
2020-12-16,30.0362548828125,36.0,37.25,36.0,36.75,45992900
2020-12-17,30.662010192871094,36.75,37.0,36.0,36.25,24109800
2020-12-18,31.496347427368164,37.75,37.75,36.0,36.75,40838300
2020-12-21,29.410499572753906,35.25,37.75,35.0,36.5,87477100
2020-12-22,30.24483299255371,36.25,36.5,34.25,35.25,60037200
2020-12-23,29.410499572753906,35.25,36.75,35.25,36.0,30030600
2020-12-24,31.287761688232422,37.5,37.5,34.75,35.25,51291500
2020-12-25,33.37361526489258,40.0,42.0,37.75,37.75,85940600
2020-12-28,30.662010192871094,36.75,40.5,36.75,40.5,80215600
2020-12-29,31.913516998291016,38.25,38.25,36.5,37.25,60695600
2020-12-30,30.870601654052734,37.0,38.5,36.25,38.25,48626600
2021-01-04,33.16501998901367,39.75,40.0,36.0,36.25,100607400
2021-01-05,32.74785614013672,39.25,40.25,38.5,39.25,60852300
2021-01-06,31.287761688232422,37.5,40.5,36.75,39.75,131229300
2021-01-07,31.079179763793945,37.25,38.25,36.5,38.0,72223100
2021-01-08,31.496347427368164,37.75,38.25,36.75,37.75,71728900
2021-01-11,31.287761688232422,37.5,38.0,37.0,37.25,45539800
2021-01-12,30.870601654052734,37.0,37.5,35.75,37.5,59007800
2021-01-13,31.704933166503906,38.0,38.25,37.0,37.0,37989700
2021-01-14,30.870601654052734,37.0,38.25,36.75,38.0,35002300
2021-01-15,30.45342445373535,36.5,37.0,36.25,36.75,19077200
2021-01-18,30.45342445373535,36.5,36.75,36.0,36.0,12264700
2021-01-19,31.913516998291016,38.25,38.75,36.5,36.75,59111800
2021-01-20,31.913516998291016,38.25,39.0,38.0,38.75,40101500
2021-01-21,31.287761688232422,37.5,39.0,37.25,38.75,30138400
2021-01-22,30.662010192871094,36.75,37.5,36.5,37.25,16537500
2021-01-25,31.496347427368164,37.75,37.75,36.25,36.5,21038500
2021-01-26,31.913516998291016,38.25,38.25,37.25,37.75,27944200
2021-01-27,30.870601654052734,37.0,38.5,37.0,38.25,28169600
2021-01-28,29.61908531188965,35.5,36.75,35.5,36.25,50223600
2021-01-29,29.201915740966797,35.0,36.0,33.75,36.0,51367200
2021-02-01,31.704933166503906,38.0,38.25,34.5,35.0,68987500
2021-02-02,31.287761688232422,37.5,38.25,37.25,38.0,26132500
2021-02-03,31.496347427368164,37.75,38.5,37.5,38.25,30907800
2021-02-04,32.539276123046875,39.0,39.5,37.75,37.75,69180100
2021-02-05,31.913516998291016,38.25,39.5,37.75,39.25,38546700
2021-02-08,34.416534423828125,41.25,41.75,39.25,39.5,94225200
2021-02-09,34.416534423828125,41.25,41.75,40.75,41.5,24518500
2021-02-10,33.99937057495117,40.75,41.5,40.25,41.5,14829300
2021-02-11,33.16501998901367,39.75,41.0,39.25,40.5,29605100
2021-02-15,32.956443786621094,39.5,40.5,39.0,39.75,30572200
2021-02-16,32.956443786621094,39.5,40.75,39.5,40.0,34081200
2021-02-17,32.956443786621094,39.5,40.5,39.25,39.5,25886700
2021-02-18,32.74785614013672,39.25,39.75,38.75,39.75,20329800
2021-02-19,32.330692291259766,38.75,39.0,38.25,39.0,21766900
2021-02-22,31.496347427368164,37.75,38.75,37.5,38.5,22863800
2021-02-23,32.956443786621094,39.5,39.75,38.25,38.25,29429600
2021-02-24,32.74785614013672,39.25,39.75,38.5,39.25,23362600
2021-02-25,32.956443786621094,39.5,40.25,39.25,40.0,38065300
2021-03-01,32.956443786621094,39.5,41.0,39.25,39.5,34516200
2021-03-02,33.79078674316406,40.5,41.75,40.5,41.0,28660200
2021-03-03,35.668052673339844,42.75,43.0,40.75,40.75,42501600
2021-03-04,35.04229736328125,42.0,42.5,41.5,42.0,32416300
2021-03-05,35.87663650512695,43.0,43.25,41.5,41.5,44534700
2021-03-08,37.336727142333984,44.75,45.25,42.75,43.5,60492700
2021-03-09,37.12812805175781,44.5,45.25,43.5,44.75,39759500
2021-03-10,38.17107009887695,45.75,47.0,44.25,44.25,46050000
2021-03-11,39.21400451660156,47.0,49.5,45.75,46.0,84391700
2021-03-12,39.21400451660156,47.0,47.75,45.75,47.25,32188800
2021-03-15,38.58824157714844,46.25,47.75,46.0,47.25,34889100
2021-03-16,38.58824157714844,46.25,47.25,45.75,46.75,23902100
2021-03-17,38.37965393066406,46.0,46.75,45.5,46.5,25207100
2021-03-18,38.58824157714844,46.25,47.5,46.0,46.75,28325500
2021-03-19,37.96248245239258,45.5,46.25,44.75,45.75,34783100
2021-03-22,37.75389862060547,45.25,45.5,44.75,45.25,13649400
2021-03-23,37.336727142333984,44.75,45.25,44.25,45.25,23663500
2021-03-24,37.545326232910156,45.0,45.25,44.25,44.25,12254300
2021-03-25,37.336727142333984,44.75,45.5,44.5,45.25,9994400
2021-03-26,37.75389862060547,45.25,45.25,44.0,44.75,13086800
2021-03-29,37.75389862060547,45.25,45.75,45.0,45.5,9584600
2021-03-30,36.91956329345703,44.25,45.5,43.75,45.25,26145400
2021-03-31,37.12812805175781,44.5,44.5,44.0,44.25,7887600
2021-04-01,38.17107009887695,45.75,46.0,44.25,45.0,29017400
2021-04-02,37.336727142333984,44.75,46.25,44.75,46.25,17705100
2021-04-05,36.08523178100586,43.25,44.75,43.0,44.75,32254000
2021-04-07,36.91956329345703,44.25,45.0,42.75,43.25,28984600
2021-04-08,37.336727142333984,44.75,45.75,44.25,44.75,19860900
2021-04-09,37.336727142333984,44.75,45.75,44.5,44.75,12948300
2021-04-12,37.12812805175781,44.5,44.75,43.75,44.75,14146500
2021-04-16,38.37965393066406,46.0,46.0,44.25,44.75,20332800
2021-04-19,37.96248245239258,45.5,46.5,45.25,46.25,14910000
2021-04-20,37.75389862060547,45.25,46.25,45.0,45.25,11377600
2021-04-21,38.17107009887695,45.75,46.25,44.75,45.25,16495800
2021-04-22,36.91956329345703,44.25,46.0,44.0,45.75,24202500
2021-04-23,36.50239944458008,43.75,44.25,43.25,44.0,18457500
2021-04-26,37.336727142333984,44.75,45.0,43.5,43.75,10546700
2021-04-27,37.75389862060547,45.25,46.0,45.0,45.25,19473700
2021-04-28,39.839752197265625,47.75,48.0,45.25,45.75,45317900
2021-04-29,39.839752197265625,47.75,48.75,47.5,48.25,19110800
2021-04-30,40.04833984375,48.0,48.0,47.0,47.5,14123400
2021-05-05,39.839752197265625,47.75,48.75,47.5,48.0,26344000
2021-05-06,40.40500259399414,48.25,50.0,47.0,47.5,36908900
2021-05-07,41.24241638183594,49.25,50.0,48.75,49.25,45825100
2021-05-10,41.24241638183594,49.25,49.5,48.5,49.5,18466800
2021-05-11,40.82370376586914,48.75,49.5,47.75,49.0,24804600
2021-05-12,40.195648193359375,48.0,49.0,47.5,48.75,12411400
2021-05-13,39.148887634277344,46.75,47.5,44.5,47.0,48149800
2021-05-14,38.939537048339844,46.5,47.0,45.75,47.0,15260300
2021-05-17,38.10212707519531,45.5,46.25,44.75,46.0,26504800
2021-05-18,38.31148147583008,45.75,46.5,45.5,45.75,12569000
2021-05-19,37.892784118652344,45.25,46.25,45.25,45.75,9464900
2021-05-20,38.10212707519531,45.5,46.25,44.75,45.25,15083800
2021-05-21,37.892784118652344,45.25,45.75,45.0,45.75,9570300
2021-05-24,37.05537033081055,44.25,45.5,44.25,45.0,14961900
2021-05-25,37.68342590332031,45.0,45.25,44.5,44.75,18305300
2021-05-27,38.31499481201172,45.5,46.0,44.75,45.25,26226900
2021-05-28,38.31499481201172,45.5,46.25,45.25,46.0,11199100
2021-05-31,38.5255126953125,45.75,46.0,45.25,45.5,10481800
2021-06-01,39.15707778930664,46.5,47.25,45.75,46.0,24547200
2021-06-02,39.578121185302734,47.0,47.5,46.5,47.0,18895700
2021-06-04,38.10447692871094,45.25,47.0,45.25,47.0,23467600
2021-06-07,37.68342208862305,44.75,45.75,44.75,45.25,13450600
2021-06-08,36.209774017333984,43.0,45.0,42.5,45.0,68806900
2021-06-09,36.420291900634766,43.25,43.5,41.75,43.0,60532900
2021-06-10,35.57820510864258,42.25,43.75,42.0,43.25,39923900
2021-06-11,35.788726806640625,42.5,43.0,42.0,42.5,27817100
2021-06-14,35.57820510864258,42.25,43.25,42.25,42.5,19460100
2021-06-15,35.999244689941406,42.75,43.0,42.0,42.5,19567800
2021-06-16,36.630821228027344,43.5,44.25,42.75,43.0,40531000
2021-06-17,34.736122131347656,41.25,43.0,40.5,43.0,72195300
2021-06-18,34.52559280395508,41.0,41.75,40.5,41.5,52580500
2021-06-21,34.104549407958984,40.5,41.25,40.0,40.0,27336500
2021-06-22,34.104549407958984,40.5,41.25,40.5,41.0,13738900
2021-06-23,34.52559280395508,41.0,41.5,40.25,41.0,17030500
2021-06-24,34.736122131347656,41.25,41.5,40.25,40.5,15974100
2021-06-25,34.52559280395508,41.0,42.0,40.5,41.75,17513200
2021-06-28,34.52559280395508,41.0,41.5,40.75,41.0,8518400
2021-06-29,34.9466438293457,41.5,42.0,40.75,40.75,15384300
2021-06-30,34.3150749206543,40.75,42.25,40.75,42.0,16579500
2021-07-01,34.736122131347656,41.25,41.75,40.75,41.0,10538600
2021-07-02,35.15716552734375,41.75,42.5,41.25,41.25,16718400
2021-07-05,34.736122131347656,41.25,42.0,41.0,41.75,7060600
2021-07-06,35.15716552734375,41.75,42.5,41.5,41.75,17688800
2021-07-07,33.47298812866211,39.75,41.75,39.5,41.5,31133400
2021-07-08,32.420379638671875,38.5,39.5,38.0,39.25,33677100
2021-07-09,33.2624626159668,39.5,40.0,38.5,38.5,19250500
2021-07-12,32.63090133666992,38.75,40.0,38.5,39.75,17165700
2021-07-13,33.68350601196289,40.0,40.5,39.0,39.0,17044800
2021-07-14,33.47298812866211,39.75,40.25,39.0,40.0,9428500
2021-07-15,33.89402770996094,40.25,40.5,39.5,40.0,9521900
2021-07-16,34.3150749206543,40.75,41.0,40.0,40.5,11451600
2021-07-19,32.63090133666992,38.75,40.25,38.5,40.0,22740900
2021-07-20,31.15725326538086,37.0,39.0,36.5,38.5,47645300
2021-07-21,31.999330520629883,38.0,38.5,37.25,37.5,22583300
2021-07-22,32.84141159057617,39.0,39.25,38.25,38.75,12421000
2021-07-23,32.63090133666992,38.75,39.25,38.5,39.0,6310600
2021-07-27,31.57828712463379,37.5,39.0,37.0,38.75,21592800
2021-07-29,31.57828712463379,37.5,38.0,37.5,37.75,6388500
2021-07-30,30.525680541992188,36.25,37.5,36.0,37.5,23023900
2021-08-02,31.788808822631836,37.75,38.25,36.0,36.5,18626800
2021-08-03,32.63090133666992,38.75,39.0,37.75,38.0,9489700
2021-08-04,33.05194854736328,39.25,39.5,38.25,39.0,16975100
2021-08-05,33.89402770996094,40.25,42.5,38.75,39.75,85608300
2021-08-06,32.84141159057617,39.0,40.75,38.5,40.25,53060400
2021-08-09,33.68350601196289,40.0,40.25,39.25,39.25,15363000
2021-08-10,34.52559280395508,41.0,41.25,39.75,40.0,34403600
2021-08-11,33.47298812866211,39.75,41.25,39.75,41.25,22487300
2021-08-13,33.47298812866211,39.75,40.5,39.5,39.75,14168600
2021-08-16,34.52559280395508,41.0,41.0,39.5,40.0,16951800
2021-08-17,35.3676872253418,42.0,42.25,40.75,42.0,39055600
2021-08-18,35.15716552734375,41.75,42.5,41.25,41.75,22094800
2021-08-19,34.104549407958984,40.5,42.0,40.0,41.75,27602100
2021-08-20,34.736122131347656,41.25,41.5,40.5,40.75,21447800
2021-08-23,35.15716552734375,41.75,41.75,40.75,41.5,15167700
2021-08-24,35.15716552734375,41.75,43.25,41.75,42.25,41813500
2021-08-25,35.3676872253418,42.0,42.25,41.5,42.0,11407900
2021-08-26,35.999244689941406,42.75,43.0,42.0,42.0,20100400
2021-08-27,36.21100616455078,42.75,42.75,42.25,42.75,8493400
2021-08-30,36.63453674316406,43.25,43.75,43.25,43.25,16658600
2021-08-31,37.058048248291016,43.75,43.75,42.75,43.25,17771800
2021-09-01,35.78749084472656,42.25,44.0,42.0,44.0,23168700
2021-09-02,35.999244689941406,42.5,43.0,41.75,42.0,10526000
2021-09-03,35.999244689941406,42.5,42.75,42.25,42.75,6219400
2021-09-06,35.78749084472656,42.25,43.5,42.0,42.5,15631400
2021-09-07,35.15220642089844,41.5,42.75,41.5,42.5,12221200
2021-09-08,35.36396789550781,41.75,42.25,41.25,41.5,11551400
2021-09-09,35.999244689941406,42.5,43.0,42.0,42.0,16556000
2021-09-10,36.846282958984375,43.5,43.75,42.5,42.75,25370700
2021-09-13,37.26980972290039,44.0,44.25,43.5,43.5,19814500
2021-09-14,37.90509033203125,44.75,44.75,43.75,44.25,21850800
2021-09-15,37.26980972290039,44.0,44.75,43.25,44.5,17669000
2021-09-16,37.693328857421875,44.5,44.5,43.75,44.25,14564600
2021-09-17,37.4815673828125,44.25,44.25,43.0,44.25,18382100
2021-09-20,35.999244689941406,42.5,44.0,42.5,43.5,24569200
2021-09-21,36.42277526855469,43.0,43.75,42.5,42.5,16330100
2021-09-22,37.058048248291016,43.75,44.0,42.75,43.0,11080300
2021-09-23,37.26980972290039,44.0,44.25,43.25,43.75,13709400
2021-09-27,37.4815673828125,44.25,45.0,43.75,44.0,24342200
2021-09-28,37.4815673828125,44.25,45.5,44.0,44.5,31522200
2021-09-29,37.26980972290039,44.0,44.25,42.75,43.75,29022900
2021-09-30,37.693328857421875,44.5,45.5,44.0,44.0,30202000
2021-10-01,37.26980972290039,44.0,44.5,43.25,44.25,17782800
2021-10-04,37.693328857421875,44.5,45.0,44.0,44.0,10443300
2021-10-05,37.26980972290039,44.0,44.5,42.75,44.25,36592400
2021-10-06,38.96388626098633,46.0,46.25,44.0,44.0,47399700
2021-10-07,38.328609466552734,45.25,46.0,45.0,46.0,14789600
2021-10-08,38.328609466552734,45.25,46.0,45.0,45.5,11925600
2021-10-11,38.116859436035156,45.0,46.0,44.75,45.5,9688600
2021-10-12,37.90509033203125,44.75,45.5,44.5,45.0,12843300
2021-10-14,37.90509033203125,44.75,45.25,44.25,45.0,12207300
2021-10-15,37.4815673828125,44.25,45.25,44.0,45.0,18874700
2021-10-18,38.540367126464844,45.5,46.0,44.25,44.5,18111300
2021-10-19,37.90509033203125,44.75,45.75,44.5,45.5,12641600
2021-10-20,37.90509033203125,44.75,45.25,44.5,44.75,6814800
2021-10-21,38.116859436035156,45.0,45.5,44.75,45.0,7574000
2021-10-25,37.693328857421875,44.5,45.5,44.25,45.25,10437500
2021-10-26,36.63453674316406,43.25,44.75,42.5,44.5,33839200
2021-10-27,35.78749084472656,42.25,43.25,41.75,43.25,36538500
2021-10-28,35.15220642089844,41.5,42.0,41.25,41.5,35199800
2021-10-29,35.575721740722656,42.0,42.5,41.25,41.75,30746800
2021-11-01,35.575721740722656,42.0,42.75,41.5,42.5,21324700
2021-11-02,35.575721740722656,42.0,42.5,41.5,42.5,14147100
2021-11-03,35.36396789550781,41.75,42.5,41.5,42.25,7495500
2021-11-04,35.999244689941406,42.5,42.5,41.75,42.0,13010300
2021-11-05,35.36396789550781,41.75,42.75,41.25,42.75,41000400
2021-11-08,36.42277526855469,43.0,44.0,42.0,42.0,32298200
2021-11-09,36.63453674316406,43.25,43.75,43.0,43.0,8984100
2021-11-10,36.21100616455078,42.75,43.25,42.25,43.0,16239400
2021-11-11,35.15220642089844,41.5,42.75,41.25,42.75,25837100
2021-11-12,35.36396789550781,41.75,42.0,41.25,41.5,15049400
2021-11-15,35.36396789550781,41.75,42.25,41.25,42.0,14077200
2021-11-16,35.15220642089844,41.5,42.0,41.25,41.75,14659000
2021-11-17,34.72868347167969,41.0,41.75,40.5,41.75,17608200
2021-11-18,34.94044876098633,41.25,41.25,40.25,40.75,15731700
2021-11-19,34.51691818237305,40.75,41.25,40.75,41.0,19987500
2021-11-22,34.30516815185547,40.5,41.25,40.25,40.75,14620400
2021-11-23,34.51691818237305,40.75,41.25,40.5,40.75,20146400
2021-11-24,34.94044876098633,41.25,42.0,41.0,41.0,21103100
2021-11-25,35.36655044555664,41.5,41.5,41.0,41.25,15765200
2021-11-26,34.72740173339844,40.75,41.75,40.5,41.5,22769300
2021-11-29,33.875186920166016,39.75,41.0,39.25,41.0,20580200
2021-11-30,33.4490852355957,39.25,40.75,38.75,40.25,36352900
2021-12-01,33.875186920166016,39.75,40.25,38.75,40.25,24119400
2021-12-02,33.875186920166016,39.75,40.25,39.5,39.5,15130000
2021-12-03,33.875186920166016,39.75,40.0,39.5,39.75,5060200
2021-12-07,34.30128860473633,40.25,41.0,39.75,40.25,20118900
2021-12-08,34.0882453918457,40.0,41.0,39.5,41.0,18526900
2021-12-09,34.0882453918457,40.0,40.25,39.75,40.0,10221900
2021-12-13,34.51433181762695,40.5,40.75,40.0,40.25,9298200
2021-12-14,36.431800842285156,42.75,43.0,41.0,41.0,49427200
2021-12-15,36.644866943359375,43.0,43.25,42.25,42.5,19700100
2021-12-16,36.85791778564453,43.25,43.75,42.75,43.5,20178300
2021-12-17,37.07095718383789,43.5,43.75,43.0,43.25,16839000
2021-12-20,36.431800842285156,42.75,43.25,42.25,42.75,24891000
2021-12-21,36.431800842285156,42.75,43.25,42.25,43.0,9555100
2021-12-22,36.431800842285156,42.75,43.0,42.25,42.75,8428800
2021-12-23,36.644866943359375,43.0,43.5,42.5,42.75,16612200
2021-12-24,36.644866943359375,43.0,43.75,43.0,43.0,9486100
2021-12-27,36.644866943359375,43.0,43.25,42.75,43.25,4843600
2021-12-28,36.431800842285156,42.75,43.25,42.75,43.0,10532500
2021-12-29,36.644866943359375,43.0,43.25,42.5,43.0,17577100
2021-12-30,36.85791778564453,43.25,43.5,43.0,43.25,10251200
2022-01-04,37.07095718383789,43.5,44.0,43.25,43.75,15076900
2022-01-05,38.98841857910156,45.75,45.75,43.75,43.75,62826500
2022-01-06,38.56232452392578,45.25,45.75,44.75,45.75,35218600
2022-01-07,38.77537536621094,45.5,46.5,44.25,45.5,47598500
2022-01-10,38.77537536621094,45.5,46.0,45.25,45.75,12724600
2022-01-11,40.2667350769043,47.25,47.75,46.25,46.25,42063200
2022-01-12,41.545040130615234,48.75,48.75,47.25,48.0,45713800
2022-01-13,40.905887603759766,48.0,49.0,47.5,48.75,26775100
2022-01-14,41.331993103027344,48.5,48.75,47.25,47.75,19861300
2022-01-17,40.692832946777344,47.75,48.75,47.75,48.5,18384700
2022-01-18,40.905887603759766,48.0,49.75,47.5,48.25,36577100
2022-01-19,41.331993103027344,48.5,49.0,48.0,48.25,25289000
2022-01-20,40.053672790527344,47.0,48.75,46.75,48.5,40229100
2022-01-21,39.414527893066406,46.25,47.0,45.5,46.75,33168700
2022-01-24,40.2667350769043,47.25,48.0,46.0,46.0,23938900
2022-01-25,40.47978973388672,47.5,47.5,46.75,47.0,13503500
2022-01-26,41.11893844604492,48.25,48.75,47.5,47.75,27763500
2022-01-27,41.11893844604492,48.25,48.25,47.0,47.75,27949000
2022-01-28,40.47978973388672,47.5,48.5,47.25,48.5,8443500
2022-01-31,40.47978973388672,47.5,48.0,47.5,48.0,9945500
2022-02-01,40.053672790527344,47.0,48.0,46.75,47.5,14922300
2022-02-02,40.47978973388672,47.5,47.5,46.75,47.25,4895200
2022-02-03,40.905887603759766,48.0,48.75,46.75,47.25,28749500
2022-02-04,40.905887603759766,48.0,48.5,47.75,48.25,16461900
2022-02-07,42.184200286865234,49.5,50.25,49.0,49.0,51022000
2022-02-08,42.184200286865234,49.5,50.0,48.75,49.75,22645300
2022-02-09,43.888607025146484,51.5,52.0,49.25,49.5,54570200
2022-02-10,43.46251678466797,51.0,51.5,50.5,51.5,21403100
2022-02-11,43.888607025146484,51.5,52.0,50.5,51.0,29213700
2022-02-14,43.24945831298828,50.75,51.75,50.75,51.25,13006100
2022-02-15,43.67555236816406,51.25,51.75,50.5,51.0,17212700
2022-02-17,43.67555236816406,51.25,52.0,51.0,51.5,19428500
2022-02-18,42.39725112915039,49.75,51.25,49.75,51.0,23121700
2022-02-21,39.20146942138672,46.0,49.5,45.75,49.25,75898600
2022-02-22,40.2667350769043,47.25,47.5,46.0,46.0,29393200
2022-02-23,40.905887603759766,48.0,48.0,47.0,47.75,16201400
2022-02-24,40.053672790527344,47.0,47.75,46.5,47.5,18899200
2022-02-25,39.62757873535156,46.5,47.5,46.25,47.25,14005400
2022-02-28,38.34927749633789,45.0,45.75,43.5,45.5,49744500
2022-03-01,38.77537536621094,45.5,46.25,45.0,45.25,26416800
2022-03-02,39.84063720703125,46.75,47.0,45.75,46.0,23194300
2022-03-03,39.20146942138672,46.0,47.25,45.75,46.75,18782400
2022-03-04,38.1362190246582,44.75,46.0,44.75,45.75,15136800
2022-03-07,37.07095718383789,43.5,44.5,42.75,44.5,34978700
2022-03-08,36.218753814697266,42.5,44.0,41.0,43.5,79538500
2022-03-09,36.85791778564453,43.25,43.75,41.75,43.75,44159000
2022-03-10,37.28401565551758,43.75,44.5,43.5,44.0,19313900
2022-03-11,37.92316436767578,44.5,44.75,43.5,43.75,23021700
2022-03-14,37.4970703125,44.0,44.5,43.25,44.5,13026600
2022-03-15,36.85791778564453,43.25,44.0,42.75,43.75,12881000
2022-03-16,37.71011734008789,44.25,44.75,43.5,43.75,20932800
2022-03-17,39.414527893066406,46.25,47.0,45.25,45.25,42341800
2022-03-18,39.20146942138672,46.0,46.5,45.5,46.25,13808700
2022-03-21,38.77537536621094,45.5,46.75,45.0,46.75,20234700
2022-03-22,39.20146942138672,46.0,46.75,45.25,45.25,17942500
2022-03-23,39.414527893066406,46.25,46.5,45.5,46.5,14176000
2022-03-24,39.20146942138672,46.0,46.5,45.75,46.0,6328900
2022-03-25,38.77537536621094,45.5,46.25,45.25,46.0,11011500
2022-03-28,38.98841857910156,45.75,46.0,45.25,45.5,9550400
2022-03-29,39.62757873535156,46.5,47.0,45.25,46.0,24986500
2022-03-30,40.053672790527344,47.0,47.5,46.25,47.25,25765500
2022-03-31,39.62757873535156,46.5,47.0,45.75,47.0,16299100
2022-04-01,38.77537536621094,45.5,46.5,45.0,46.25,17431200
2022-04-04,38.77537536621094,45.5,46.0,45.25,45.5,7154600
2022-04-05,39.414527893066406,46.25,46.75,45.75,45.75,12473200
2022-04-07,38.34927749633789,45.0,46.0,45.0,45.75,12779300
2022-04-08,38.77537536621094,45.5,46.0,45.0,45.5,10522200
2022-04-11,38.56232452392578,45.25,45.75,44.75,45.25,6019700
2022-04-12,38.56232452392578,45.25,45.25,44.75,44.75,7428400
2022-04-18,38.77537536621094,45.5,45.75,44.75,45.25,10387200
2022-04-19,39.20146942138672,46.0,46.25,45.5,45.5,11140700
2022-04-20,39.20146942138672,46.0,46.75,46.0,46.25,8290700
2022-04-21,40.2667350769043,47.25,47.5,46.25,46.5,18263800
2022-04-22,40.053672790527344,47.0,47.0,46.5,47.0,4203100
2022-04-25,38.77537536621094,45.5,46.5,45.0,46.25,21783000
2022-04-26,38.34927749633789,45.0,46.0,45.0,46.0,9535000
2022-04-27,37.07095718383789,43.5,44.25,42.25,44.25,42033300
2022-04-28,38.34927749633789,45.0,45.25,43.5,44.0,21164800
2022-04-29,38.56232452392578,45.25,45.75,45.0,45.0,11418600
2022-05-03,38.56232452392578,45.25,45.5,45.0,45.5,6225700
2022-05-05,38.1362190246582,44.75,46.0,44.25,45.5,12082900
2022-05-06,38.13621520996094,44.5,44.75,43.75,44.0,8562200
2022-05-09,37.493473052978516,43.75,44.5,43.5,44.25,8622200
2022-05-10,37.493473052978516,43.75,44.0,43.0,43.5,11498900
2022-05-11,37.92197036743164,44.25,45.25,43.25,44.0,15983100
2022-05-12,37.92197036743164,44.25,44.75,42.75,43.75,32774900
2022-05-13,39.8502082824707,46.5,46.75,45.0,45.5,42020100
2022-05-17,41.778438568115234,48.75,49.0,46.75,47.0,44754700
2022-05-18,41.99269485473633,49.0,49.25,47.75,48.5,23458700
2022-05-19,41.56419372558594,48.5,49.0,47.75,48.0,20535800
2022-05-20,41.778438568115234,48.75,49.25,48.75,49.25,9613300
2022-05-23,42.206939697265625,49.25,49.75,48.75,49.0,10328300
2022-05-24,41.56419372558594,48.5,49.25,48.0,49.25,15323800
2022-05-25,42.42118453979492,49.5,50.5,48.75,49.0,33280700
2022-05-26,41.99269485473633,49.0,49.75,48.75,49.5,8986800
2022-05-27,42.206939697265625,49.25,49.75,48.5,49.5,10054000
2022-05-30,42.206939697265625,49.25,49.5,48.75,49.5,8009700
2022-05-31,42.55254364013672,49.25,49.75,48.5,49.0,17807900
2022-06-01,42.336544036865234,49.0,49.25,48.25,49.25,10066200
2022-06-02,42.98454666137695,49.75,50.0,48.75,49.0,20075300
2022-06-06,42.336544036865234,49.0,50.0,48.75,49.75,7850300
2022-06-07,42.336544036865234,49.0,49.25,48.75,48.75,7332500
2022-06-08,42.55254364013672,49.25,49.75,48.75,49.0,8705000
2022-06-09,44.4965705871582,51.5,52.0,49.5,50.0,34085600
2022-06-10,44.28056335449219,51.25,51.5,50.5,51.25,11325900
2022-06-13,42.7685432434082,49.5,50.75,49.25,50.25,20929900
2022-06-14,44.28056335449219,51.25,52.75,49.75,49.75,33464100
2022-06-15,44.06456756591797,51.0,51.5,50.5,51.25,11369300
2022-06-16,43.41655731201172,50.25,51.5,49.25,51.25,18831700
2022-06-17,41.04052734375,47.5,49.75,47.5,49.25,31231500
2022-06-20,41.256526947021484,47.75,48.25,47.0,47.0,13941800
2022-06-21,41.68852996826172,48.25,48.75,47.5,48.0,12458000
2022-06-22,41.68852996826172,48.25,48.75,47.75,48.0,19185000
2022-06-23,41.68852996826172,48.25,49.25,47.75,49.0,14387600
2022-06-24,41.04052734375,47.5,48.5,46.75,48.25,19722900
2022-06-27,41.04052734375,47.5,48.25,47.0,47.75,16527300
2022-06-28,41.256526947021484,47.75,48.0,47.0,47.0,10848200
2022-06-29,41.256526947021484,47.75,48.0,47.25,47.5,7186600
2022-06-30,40.60851287841797,47.0,47.75,46.25,47.5,11114300
2022-07-01,39.7445068359375,46.0,47.0,45.75,47.0,15707400
2022-07-04,39.312503814697266,45.5,46.0,44.5,45.75,20992700
2022-07-05,38.880496978759766,45.0,46.0,44.75,46.0,17361200
2022-07-06,38.664493560791016,44.75,45.25,44.0,44.5,14461500
2022-07-07,38.880496978759766,45.0,45.25,44.0,44.75,15374000
2022-07-08,39.96050262451172,46.25,46.75,45.75,46.25,21618100
2022-07-11,39.7445068359375,46.0,46.5,45.75,46.5,8679000
2022-07-12,39.09650421142578,45.25,46.0,44.75,45.75,16306700
2022-07-14,37.80048370361328,43.75,44.75,43.25,44.25,32049600
2022-07-15,37.80048370361328,43.75,44.25,42.75,43.5,26103300
2022-07-18,38.448486328125,44.5,45.0,44.0,44.25,11157100
2022-07-19,38.448486328125,44.5,45.0,44.0,45.0,14509500
2022-07-20,38.880496978759766,45.0,45.75,44.25,45.5,17202700
2022-07-21,38.664493560791016,44.75,45.25,44.5,45.0,14441500
2022-07-22,39.528507232666016,45.75,46.25,44.75,45.0,19953800
2022-07-25,39.7445068359375,46.0,46.25,45.75,46.0,9937800
2022-07-26,38.0164794921875,44.0,45.75,43.5,45.75,43832100
2022-07-27,37.80048370361328,43.75,44.0,43.0,43.5,26397500
2022-08-01,38.448486328125,44.5,44.75,44.0,44.25,27165800
2022-08-02,38.448486328125,44.5,45.0,44.25,44.5,12544100
2022-08-03,38.448486328125,44.5,45.5,44.25,44.75,19792900
2022-08-04,38.0164794921875,44.0,45.0,43.5,44.75,35329100
2022-08-05,37.15247344970703,43.0,44.0,42.75,44.0,27382300
2022-08-08,36.93647384643555,42.75,43.0,41.75,43.0,37033600
2022-08-09,37.15247344970703,43.0,43.25,42.25,42.75,25011700
2022-08-10,38.0164794921875,44.0,44.5,43.0,43.0,55158100
2022-08-11,36.93647384643555,42.75,44.75,42.25,44.75,76568500
2022-08-15,37.36848449707031,43.25,43.75,42.75,42.75,27265800
2022-08-16,38.0164794921875,44.0,44.5,43.5,43.5,29045600
2022-08-17,38.0164794921875,44.0,44.5,43.75,44.0,22637100
2022-08-18,38.448486328125,44.5,44.75,43.75,44.0,21039000
2022-08-19,37.80048370361328,43.75,44.5,43.5,44.5,20822600
2022-08-22,37.80048370361328,43.75,44.0,43.25,43.5,15308900
2022-08-23,38.0164794921875,44.0,44.5,43.25,43.25,17422300
2022-08-24,39.528507232666016,45.75,46.0,44.25,44.25,44581900
2022-08-25,39.7445068359375,46.0,46.25,45.5,46.25,26931900
2022-08-26,39.312503814697266,45.5,46.25,45.0,46.0,14465300
2022-08-29,38.448486328125,44.5,44.75,44.0,44.5,27639200
2022-08-30,38.14334487915039,43.75,44.25,43.25,44.0,24740900
2022-08-31,37.707427978515625,43.25,43.5,42.5,43.5,44607100
2022-09-01,36.3996467590332,41.75,43.0,41.75,43.0,37558900
2022-09-02,35.52779769897461,40.75,42.25,40.5,42.0,55497500
2022-09-05,35.74575424194336,41.0,41.25,40.75,41.0,14644800
2022-09-06,35.96372604370117,41.25,41.75,41.0,41.0,23654200
2022-09-07,36.18168258666992,41.5,41.75,40.5,41.0,19998100
2022-09-08,36.3996467590332,41.75,42.0,41.25,41.75,18051800
2022-09-09,36.3996467590332,41.75,42.0,41.25,41.75,19063300
2022-09-12,36.835567474365234,42.25,42.5,42.0,42.25,10881500
2022-09-13,36.617610931396484,42.0,42.5,41.75,42.5,11921000
2022-09-14,36.617610931396484,42.0,42.0,41.0,41.25,12421300
2022-09-15,36.18168258666992,41.5,42.0,41.0,42.0,21240300
2022-09-16,35.309837341308594,40.5,41.5,40.5,41.25,25005700
2022-09-19,35.091880798339844,40.25,40.75,40.0,40.5,12299100
2022-09-20,35.52779769897461,40.75,41.25,40.5,40.5,10746100
2022-09-21,35.309837341308594,40.5,41.0,40.25,40.75,11244600
2022-09-22,35.52779769897461,40.75,41.25,40.0,40.25,31513200
2022-09-23,35.52779769897461,40.75,41.0,40.5,40.75,12084100
2022-09-26,34.8739128112793,40.0,40.5,39.25,40.5,30830800
2022-09-27,34.8739128112793,40.0,40.25,39.5,40.0,8194300
2022-09-28,33.78409194946289,38.75,40.0,38.75,39.75,24114100
2022-09-29,33.78409194946289,38.75,39.75,38.75,39.0,20567700
2022-09-30,34.002071380615234,39.0,39.25,38.5,38.75,15532400
2022-10-03,34.002071380615234,39.0,39.75,38.75,38.75,23532100
2022-10-04,34.220027923583984,39.25,40.0,39.0,39.5,12247500
2022-10-05,34.43799591064453,39.5,39.75,39.25,39.5,10527300
2022-10-06,34.655948638916016,39.75,40.0,39.5,39.5,11919200
2022-10-07,33.78409194946289,38.75,40.0,38.5,40.0,16812800
2022-10-10,33.78409194946289,38.75,38.75,38.0,38.75,7476500
2022-10-11,33.566139221191406,38.5,39.0,38.25,38.75,9342500
2022-10-12,33.78409194946289,38.75,39.0,38.25,38.75,8425500
2022-10-17,34.220027923583984,39.25,40.0,38.5,39.0,16778400
2022-10-18,34.655948638916016,39.75,40.0,39.25,39.75,13992700
2022-10-19,35.091880798339844,40.25,40.5,39.5,39.75,19318500
2022-10-20,35.52779769897461,40.75,40.75,40.0,40.25,9350800
2022-10-21,35.309837341308594,40.5,41.0,40.25,41.0,5196700
2022-10-25,35.52779769897461,40.75,41.0,40.5,40.5,11331200
2022-10-26,35.74575424194336,41.0,41.0,40.5,40.75,5218900
2022-10-27,36.617610931396484,42.0,42.25,40.75,40.75,28323000
2022-10-28,36.3996467590332,41.75,42.25,41.5,42.0,21438000
2022-10-31,36.617610931396484,42.0,42.25,41.5,42.0,13675100
2022-11-01,36.835567474365234,42.25,42.5,42.0,42.0,10154900
2022-11-02,36.617610931396484,42.0,42.5,41.75,42.25,12953800
2022-11-03,36.3996467590332,41.75,42.5,41.75,42.0,11100800
2022-11-04,36.835567474365234,42.25,42.75,42.0,42.0,13608000
2022-11-07,37.48945617675781,43.0,43.25,42.5,42.75,20392000
2022-11-08,37.48945617675781,43.0,43.5,42.75,43.0,19567700
2022-11-09,37.2714958190918,42.75,43.25,42.25,43.25,20563100
2022-11-10,37.2714958190918,42.75,42.75,41.5,42.5,14900600
2022-11-11,37.48945617675781,43.0,43.5,42.5,43.25,17430100
2022-11-14,37.48945617675781,43.0,43.5,42.75,43.0,13351200
2022-11-15,37.707427978515625,43.25,43.5,43.0,43.25,8160600
2022-11-16,37.053531646728516,42.5,43.0,42.25,43.0,14559600
2022-11-17,36.835567474365234,42.25,42.5,42.0,42.25,11374200
2022-11-18,37.053531646728516,42.5,42.5,42.25,42.25,4715800
2022-11-21,36.835567474365234,42.25,42.25,41.75,42.25,8741300
2022-11-22,36.835567474365234,42.25,42.25,41.5,42.25,14117600
2022-11-23,36.835567474365234,42.25,42.75,42.25,42.5,9034700
2022-11-24,36.835567474365234,42.25,42.5,42.0,42.25,3835300
2022-11-25,36.835567474365234,42.25,42.25,42.0,42.25,2007700
2022-11-28,36.3996467590332,41.75,42.25,41.5,42.25,6373700
2022-11-29,36.751766204833984,41.75,42.0,41.25,41.5,9929600
2022-11-30,37.41197204589844,42.5,42.5,41.75,42.0,10904200
2022-12-01,37.41197204589844,42.5,43.0,42.0,43.0,12444800
2022-12-02,36.751766204833984,41.75,42.5,41.25,42.5,11520600
2022-12-06,35.871482849121094,40.75,41.75,40.75,41.5,12942100
2022-12-07,35.871482849121094,40.75,41.25,40.75,40.75,8735500
2022-12-08,36.091548919677734,41.0,41.25,40.5,41.0,7060600
2022-12-09,35.871482849121094,40.75,41.0,40.75,41.0,5633400
2022-12-13,35.431339263916016,40.25,41.0,40.0,41.0,12466200
2022-12-14,35.651405334472656,40.5,40.75,40.25,40.5,4326800
2022-12-15,35.211265563964844,40.0,40.75,39.5,40.75,19558400
2022-12-16,35.211265563964844,40.0,40.0,39.5,39.5,7076900
2022-12-19,35.211265563964844,40.0,40.5,39.75,40.0,5611800
2022-12-20,34.99119567871094,39.75,40.25,39.5,40.25,8265100
2022-12-21,34.77112579345703,39.5,40.0,39.5,40.0,5436500
2022-12-22,34.77112579345703,39.5,39.75,39.0,39.75,8220900
2022-12-23,34.77112579345703,39.5,39.75,39.25,39.5,4468800
2022-12-26,34.99119567871094,39.75,40.0,39.5,39.5,3183500
2022-12-27,35.651405334472656,40.5,40.75,40.0,40.0,12244300
2022-12-28,35.871482849121094,40.75,41.25,40.5,40.75,14824200
2022-12-29,35.871482849121094,40.75,41.25,40.5,41.0,11359200
2022-12-30,35.871482849121094,40.75,41.25,40.75,40.75,13312400
2023-01-03,35.431339263916016,40.25,41.0,40.25,40.75,7696900
2023-01-04,34.99119567871094,39.75,40.5,39.5,40.5,10272000
2023-01-05,34.99119567871094,39.75,40.0,39.5,39.75,9696000
2023-01-06,33.230628967285156,37.75,39.75,37.0,39.5,76121100
2023-01-09,33.890846252441406,38.5,39.0,37.75,38.0,29782100
2023-01-10,36.31161880493164,41.25,41.5,39.0,39.0,68986000
2023-01-11,36.53168487548828,41.5,41.75,40.75,41.5,21264600
2023-01-12,36.53168487548828,41.5,41.5,41.0,41.5,12271800
2023-01-13,36.751766204833984,41.75,42.25,41.0,42.0,25047900
2023-01-16,36.751766204833984,41.75,42.25,41.5,42.0,11235400
2023-01-17,36.971832275390625,42.0,42.25,41.5,41.75,22344900
2023-01-18,37.19189453125,42.25,42.75,42.0,42.5,16397600
2023-01-19,36.751766204833984,41.75,42.25,41.5,42.0,12435600
2023-01-20,37.19189453125,42.25,42.5,41.75,41.75,15240500
2023-01-23,36.971832275390625,42.0,42.5,41.75,42.0,6677000
2023-01-24,36.751766204833984,41.75,42.5,41.5,42.25,21673200
2023-01-25,36.751766204833984,41.75,41.75,41.0,41.75,15272000
2023-01-26,35.431339263916016,40.25,41.75,40.0,41.5,18061400
2023-01-27,36.31161880493164,41.25,41.5,40.25,40.25,12195800
2023-01-30,36.31161880493164,41.25,41.5,40.5,41.25,10102700
2023-01-31,35.651405334472656,40.5,41.25,40.5,40.75,13669300
2023-02-01,36.31161880493164,41.25,41.25,40.5,40.5,11651900
2023-02-02,35.871482849121094,40.75,41.25,40.5,41.0,8485800
2023-02-03,35.651405334472656,40.5,41.0,40.25,40.5,7485200
2023-02-06,36.091548919677734,41.0,41.25,39.75,40.5,16597600
2023-02-07,35.651405334472656,40.5,41.0,40.25,40.75,11772500
2023-02-08,35.871482849121094,40.75,41.5,40.5,40.5,13214900
2023-02-09,35.871482849121094,40.75,41.0,40.25,40.5,9005100
2023-02-10,35.651405334472656,40.5,40.75,40.25,40.75,7952800
2023-02-13,35.211265563964844,40.0,40.25,39.75,40.25,9649100
2023-02-14,35.431339263916016,40.25,40.75,40.0,40.5,8084900
2023-02-15,35.211265563964844,40.0,40.5,39.5,40.25,9161400
2023-02-16,34.77112579345703,39.5,40.0,38.75,39.75,13818500
2023-02-17,34.11091613769531,38.75,39.5,38.5,39.25,17510200
2023-02-20,34.11091613769531,38.75,39.25,38.75,38.75,9010300
2023-02-21,34.551055908203125,39.25,39.5,38.75,39.0,8029400
2023-02-22,34.33098220825195,39.0,39.5,38.75,39.25,6001100
2023-02-23,33.890846252441406,38.5,39.0,38.0,38.75,20462400
2023-02-24,33.230628967285156,37.75,38.5,37.75,38.25,18061100
2023-02-27,32.790496826171875,37.25,37.75,36.5,37.75,29277600
2023-02-28,32.3503532409668,36.75,37.5,36.5,37.5,20291700
2023-03-01,32.130279541015625,36.5,37.25,36.5,37.25,11103300
2023-03-02,32.57042694091797,37.0,37.5,36.5,36.75,22247300
2023-03-03,32.790496826171875,37.25,37.75,37.0,37.25,9018500
2023-03-07,32.3503532409668,36.75,37.25,36.5,37.25,21770500
2023-03-08,31.2499942779541,35.5,36.75,35.5,36.5,27182600
2023-03-09,31.2499942779541,35.5,35.75,35.0,35.75,18958600
2023-03-10,31.47007179260254,35.75,36.25,35.25,35.25,13197600
2023-03-13,31.029930114746094,35.25,36.25,35.0,35.75,18664200
2023-03-14,29.70950698852539,33.75,35.5,33.5,35.25,31623000
2023-03-15,30.809850692749023,35.0,35.5,34.25,34.25,18083300
2023-03-16,30.14965057373047,34.25,34.5,33.5,34.5,18847300
2023-03-17,29.70950698852539,33.75,34.5,33.5,34.5,39716000
2023-03-20,29.70950698852539,33.75,34.25,32.75,33.75,24573400
2023-03-21,29.92957878112793,34.0,34.5,33.5,34.25,17659800
2023-03-22,30.809850692749023,35.0,35.25,34.0,34.25,20294700
2023-03-23,30.809850692749023,35.0,35.5,34.5,34.75,13676200
2023-03-24,30.809850692749023,35.0,35.75,34.75,35.5,19542600
2023-03-27,30.58979606628418,34.75,35.0,34.5,35.0,5826600
2023-03-28,31.029930114746094,35.25,35.5,35.0,35.0,12238400
2023-03-29,31.2499942779541,35.5,36.0,35.25,35.5,16272100
2023-03-30,30.58979606628418,34.75,35.75,34.75,35.5,14594700
2023-03-31,30.369714736938477,34.5,35.0,34.5,35.0,3062000
2023-04-03,30.809850692749023,35.0,35.5,34.75,35.25,12287500
2023-04-04,30.369714736938477,34.5,35.5,34.25,35.25,8493800
2023-04-05,29.48943519592285,33.5,34.5,33.5,34.25,12225300
2023-04-07,29.92957878112793,34.0,34.25,33.75,33.75,3874700
2023-04-10,30.369714736938477,34.5,34.75,34.0,34.0,6329100
2023-04-11,30.14965057373047,34.25,34.75,34.0,34.5,4311000
2023-04-12,29.92957878112793,34.0,34.5,33.25,34.25,11829100
2023-04-17,29.92957878112793,34.0,34.5,33.75,34.25,6000800
2023-04-18,29.92957878112793,34.0,34.25,33.5,34.0,7746800
2023-04-19,29.70950698852539,33.75,35.0,33.75,33.75,14000900
2023-04-20,28.60915756225586,32.5,34.0,32.5,33.75,19805500
2023-04-21,29.04929542541504,33.0,33.25,32.25,32.5,10585200
2023-04-24,29.04929542541504,33.0,33.25,32.5,32.75,6866900
2023-04-25,28.38908576965332,32.25,33.5,32.25,33.0,9287800
2023-04-26,28.60915756225586,32.5,32.75,32.0,32.5,8660900
2023-04-27,29.92957878112793,34.0,34.25,32.0,32.5,20844500
2023-04-28,29.92957878112793,34.0,34.5,33.5,34.25,14383700
2023-05-02,29.92957878112793,34.0,34.25,33.5,34.0,10985200
2023-05-03,30.063190460205078,33.75,34.0,33.0,33.5,21348400
2023-05-08,30.2858829498291,34.0,34.5,33.25,33.75,11097000
2023-05-09,30.50857162475586,34.25,34.75,34.0,34.0,10765000
2023-05-10,31.399333953857422,35.25,35.25,34.0,34.0,12734400
2023-05-11,30.50857162475586,34.25,35.25,34.0,35.25,14368200
2023-05-12,30.50857162475586,34.25,34.5,33.5,34.25,15417100
2023-05-15,29.840499877929688,33.5,34.5,33.25,34.25,9727800
2023-05-16,30.063190460205078,33.75,34.0,33.25,33.75,6798000
2023-05-17,29.39512062072754,33.0,34.0,32.5,33.75,14866900
2023-05-18,28.727052688598633,32.25,33.5,32.25,33.25,16501700
2023-05-19,28.727052688598633,32.25,32.75,32.0,32.25,20601700
2023-05-22,29.39512062072754,33.0,33.0,31.5,32.25,17642600
2023-05-23,29.840499877929688,33.5,34.0,32.75,32.75,11411500
2023-05-24,29.840499877929688,33.5,34.0,33.25,33.5,7331500
2023-05-25,28.94974136352539,32.5,33.25,32.25,33.0,11706600
2023-05-26,28.949743270874023,32.25,32.5,32.0,32.25,9289900
2023-05-29,28.949743270874023,32.25,32.75,32.25,32.5,1980300
2023-05-30,29.174158096313477,32.5,32.5,31.75,32.25,8849000
2023-05-31,28.50090789794922,31.75,32.5,31.0,32.0,19144500
2023-06-01,28.72532844543457,32.0,32.5,31.5,32.0,13581700
2023-06-02,29.39857292175293,32.75,33.0,32.0,32.0,7788500
2023-06-06,29.174158096313477,32.5,33.0,32.0,32.75,7855000
2023-06-07,29.174158096313477,32.5,32.75,32.0,32.5,12707600
2023-06-08,29.847410202026367,33.25,33.5,32.0,32.5,21458100
2023-06-09,29.847410202026367,33.25,33.75,33.0,33.5,8823100
2023-06-12,30.071821212768555,33.5,33.75,33.0,33.25,9538000
2023-06-13,30.9694881439209,34.5,34.75,33.25,33.5,30174700
2023-06-14,31.418323516845703,35.0,35.5,34.75,35.0,17118300
2023-06-15,30.9694881439209,34.5,35.25,34.25,35.0,15256200
2023-06-16,30.9694881439209,34.5,35.0,34.0,34.5,12231500
2023-06-19,30.9694881439209,34.5,34.75,34.25,34.5,5246200
2023-06-20,31.642738342285156,35.25,35.75,34.5,34.75,18642800
2023-06-21,30.9694881439209,34.5,35.0,34.0,35.0,18555700
2023-06-22,30.745071411132812,34.25,34.5,34.0,34.5,8300600
2023-06-23,30.9694881439209,34.5,34.75,33.75,34.0,4073100
2023-06-26,30.296241760253906,33.75,34.5,33.5,34.5,9990900
2023-06-27,29.174158096313477,32.5,33.75,32.25,33.75,12861900
2023-06-28,29.174158096313477,32.5,32.75,32.25,32.5,11609700
2023-06-29,30.296241760253906,33.75,33.75,32.0,32.5,12080500
2023-06-30,30.745071411132812,34.25,34.5,33.75,34.25,11133100
2023-07-03,30.745071411132812,34.25,34.5,33.75,34.5,8261600
2023-07-04,30.9694881439209,34.5,34.75,34.0,34.25,8884800
2023-07-05,30.9694881439209,34.5,35.0,34.25,34.25,9520800
2023-07-06,30.296241760253906,33.75,34.5,33.25,34.5,13296900
2023-07-07,29.847410202026367,33.25,33.75,33.0,33.25,5801400
2023-07-10,29.847410202026367,33.25,33.5,32.75,33.25,8519000
2023-07-11,29.847410202026367,33.25,33.75,33.0,33.25,6221100
2023-07-12,29.62299156188965,33.0,34.0,32.75,33.5,11295300
2023-07-13,30.520658493041992,34.0,34.5,33.0,33.0,14414400
2023-07-14,31.642738342285156,35.25,35.25,34.0,34.5,19032700
2023-07-17,30.745071411132812,34.25,35.25,34.0,35.25,19179200
2023-07-18,30.071821212768555,33.5,34.25,33.0,33.75,16562300
2023-07-19,30.296241760253906,33.75,34.25,33.25,33.5,11641400
2023-07-20,29.39857292175293,32.75,34.0,32.75,33.75,19144700
2023-07-21,29.62299156188965,33.0,33.5,32.5,32.75,8396100
2023-07-24,29.62299156188965,33.0,33.25,32.5,33.0,11490400
2023-07-25,29.847410202026367,33.25,33.5,33.0,33.0,14004300
2023-07-26,30.296241760253906,33.75,34.0,33.5,33.5,6835700
2023-07-27,30.745071411132812,34.25,34.5,33.5,34.0,12942500
2023-07-31,30.745071411132812,34.25,34.75,34.25,34.5,3017600
2023-08-02,30.9694881439209,34.5,35.0,34.25,34.75,15019300
2023-08-03,30.296241760253906,33.75,34.75,33.5,34.5,10498300
2023-08-04,30.071821212768555,33.5,34.0,33.25,33.75,12157600
2023-08-07,30.071821212768555,33.5,33.75,32.75,33.75,10419800
2023-08-08,29.62299156188965,33.0,33.5,33.0,33.5,3853800
2023-08-09,30.296241760253906,33.75,33.75,32.75,33.0,11635700
2023-08-10,29.847410202026367,33.25,33.5,32.75,33.25,18819500
2023-08-11,29.62299156188965,33.0,33.25,32.5,33.25,17315200
2023-08-15,28.276487350463867,31.5,33.0,31.5,32.75,22544400
2023-08-16,26.92999267578125,30.0,31.75,29.5,31.5,38271500
2023-08-17,27.603240966796875,30.75,31.25,29.75,29.75,17876500
2023-08-18,27.37882423400879,30.5,31.0,30.25,31.0,10566800
2023-08-21,27.37882423400879,30.5,30.75,30.0,30.75,5276900
2023-08-22,27.154407501220703,30.25,30.75,30.25,30.75,11867500
2023-08-23,26.032323837280273,29.0,30.25,28.5,30.25,29611200
2023-08-24,25.807910919189453,28.75,29.5,28.25,29.0,50064600
2023-08-25,26.481157302856445,29.5,29.75,28.5,28.5,40964000
2023-08-28,26.481159210205078,29.25,29.75,29.0,29.5,19339100
2023-08-29,25.802154541015625,28.5,29.5,28.0,29.25,39796700
2023-08-30,26.02849006652832,28.75,29.25,28.5,28.5,25817500
2023-08-31,26.25482177734375,29.0,29.5,28.5,29.0,24059800
2023-09-01,26.25482177734375,29.0,29.25,28.75,29.25,10228600
2023-09-04,26.25482177734375,29.0,29.25,28.75,29.25,9241100
2023-09-05,25.802154541015625,28.5,29.25,28.25,28.75,14505500
2023-09-06,25.349483489990234,28.0,28.75,27.75,28.5,22414900
2023-09-07,25.123149871826172,27.75,28.25,27.5,28.0,22842200
2023-09-08,24.896818161010742,27.5,28.0,27.25,27.75,13099800
2023-09-11,24.670480728149414,27.25,27.5,26.75,27.5,33856200
2023-09-12,24.670480728149414,27.25,27.75,27.0,27.5,13967800
2023-09-13,24.670480728149414,27.25,27.5,27.0,27.5,11209500
2023-09-14,25.123149871826172,27.75,27.75,26.75,27.5,19616400
2023-09-15,25.349483489990234,28.0,28.25,27.75,28.0,9764900
2023-09-18,24.670480728149414,27.25,28.0,27.25,28.0,9511200
2023-09-19,24.670480728149414,27.25,27.5,26.75,27.25,11688000
2023-09-20,23.765140533447266,26.25,27.0,26.0,27.0,29540900
2023-09-21,24.217811584472656,26.75,27.25,26.0,26.0,21925800
2023-09-22,25.123149871826172,27.75,28.0,26.5,26.5,16858400
2023-09-25,24.896818161010742,27.5,28.25,27.25,28.0,9087200
2023-09-26,24.217811584472656,26.75,27.5,26.75,27.25,14233000
2023-09-27,24.670480728149414,27.25,27.25,26.5,27.0,5208600
2023-09-28,23.312477111816406,25.75,27.25,25.25,27.0,31452200
2023-09-29,23.538806915283203,26.0,26.25,25.5,25.75,9611900
2023-10-02,23.538806915283203,26.0,26.25,25.5,26.25,8857200
2023-10-03,22.633468627929688,25.0,25.75,25.0,25.5,17234200
2023-10-04,22.633468627929688,25.0,25.5,24.799999237060547,24.799999237060547,10766500
2023-10-05,22.85980224609375,25.25,25.5,25.0,25.25,4176000
2023-10-06,22.85980224609375,25.25,25.75,25.0,25.5,5736500
2023-10-09,22.09026527404785,24.399999618530273,25.25,23.899999618530273,25.0,31202200
2023-10-10,23.08614158630371,25.5,25.75,24.600000381469727,24.899999618530273,16221500
2023-10-11,23.312477111816406,25.75,26.25,25.25,25.5,15661300
2023-10-12,23.312477111816406,25.75,26.0,25.5,25.75,10439200
2023-10-16,22.85980224609375,25.25,25.75,24.600000381469727,25.75,14438500
2023-10-17,22.85980224609375,25.25,25.75,25.0,25.5,7315200
2023-10-18,22.85980224609375,25.25,25.5,25.0,25.25,8092900
2023-10-19,22.271333694458008,24.600000381469727,25.5,24.5,25.25,14895000
2023-10-20,20.822790145874023,23.0,24.5,23.0,24.399999618530273,43982500
2023-10-24,21.72812843322754,24.0,24.200000762939453,23.200000762939453,23.299999237060547,18236200
2023-10-25,22.361867904663086,24.700000762939453,25.5,24.5,24.799999237060547,27289000
2023-10-26,21.90920066833496,24.200000762939453,24.799999237060547,24.100000381469727,24.5,12103300
2023-10-27,22.633468627929688,25.0,25.25,24.399999618530273,24.799999237060547,16823900
2023-10-30,22.271333694458008,24.600000381469727,25.25,24.299999237060547,24.899999618530273,25908800
2023-10-31,21.456527709960938,23.700000762939453,24.5,23.5,24.399999618530273,26073900
2023-11-01,21.72812843322754,24.0,24.200000762939453,23.600000381469727,23.799999237060547,12382900
2023-11-02,22.09026527404785,24.399999618530273,24.5,24.100000381469727,24.5,12992300
2023-11-03,23.08614158630371,25.5,25.75,24.5,24.600000381469727,29164600
2023-11-06,23.538806915283203,26.0,26.5,25.5,26.0,21444700
2023-11-07,23.312477111816406,25.75,26.0,25.25,25.75,14170500
2023-11-08,22.85980224609375,25.25,26.0,25.0,25.5,12806400
2023-11-09,23.08614158630371,25.5,25.75,25.0,25.5,12302300
2023-11-10,22.633468627929688,25.0,25.5,25.0,25.25,8173700
2023-11-13,22.633468627929688,25.0,25.25,24.700000762939453,25.0,9554500
2023-11-14,21.72812843322754,24.0,25.25,23.600000381469727,25.0,25129000
2023-11-15,22.361867904663086,24.700000762939453,24.899999618530273,23.299999237060547,23.799999237060547,32430300
2023-11-16,23.08614158630371,25.5,26.0,24.700000762939453,24.700000762939453,21926400
2023-11-17,23.08614158630371,25.5,26.25,25.0,25.5,18954200
2023-11-20,23.538806915283203,26.0,26.5,25.0,25.5,20578300
2023-11-21,24.217811584472656,26.75,27.0,26.25,26.5,25898600
2023-11-22,23.538806915283203,26.0,27.0,25.5,26.75,24196500
2023-11-23,23.538806915283203,26.0,26.0,25.5,26.0,6143600
2023-11-24,22.633468627929688,25.0,25.75,24.899999618530273,25.75,17961700
2023-11-27,23.08614158630371,25.5,25.75,24.799999237060547,25.0,7790200
2023-11-28,23.08614158630371,25.5,25.75,25.25,25.75,9625400
2023-11-29,23.086139678955078,25.25,25.75,25.0,25.25,7949000
2023-11-30,22.40041160583496,24.5,25.5,24.399999618530273,25.25,21590900
2023-12-01,22.857563018798828,25.0,25.25,24.5,24.600000381469727,14892400
2023-12-04,23.086139678955078,25.25,25.5,25.25,25.25,7420500
2023-12-06,23.543292999267578,25.75,26.0,25.25,25.25,14072000
2023-12-07,23.314714431762695,25.5,26.0,25.25,25.5,13424200
2023-12-08,23.314714431762695,25.5,25.75,25.25,25.5,4324600
2023-12-12,23.086139678955078,25.25,25.75,25.0,25.75,14952900
2023-12-13,22.126121520996094,24.200000762939453,25.25,24.200000762939453,25.25,23601200
2023-12-14,22.857563018798828,25.0,25.25,24.399999618530273,24.5,19279000
2023-12-15,23.771865844726562,26.0,26.5,25.0,25.5,28116700
2023-12-18,24.22901725769043,26.5,26.5,25.75,26.0,9393100
2023-12-19,23.771865844726562,26.0,26.25,25.75,26.25,8741300
2023-12-20,25.37189483642578,27.75,28.0,26.25,26.25,32077300
2023-12-21,24.914743423461914,27.25,27.75,27.0,27.5,24472800
2023-12-22,24.914743423461914,27.25,27.5,26.75,27.25,13027700
2023-12-25,24.457592010498047,26.75,27.5,26.0,27.5,19213800
2023-12-26,24.686166763305664,27.0,27.25,26.25,26.75,13607900
2023-12-27,24.686166763305664,27.0,27.25,26.75,27.0,14483900
2023-12-28,24.914743423461914,27.25,27.5,26.75,27.0,11231600
2024-01-03,25.600473403930664,28.0,28.25,27.5,27.75,13705400
2024-01-04,25.600473403930664,28.0,28.0,26.75,27.75,22815300
2024-01-05,24.914743423461914,27.25,28.25,27.0,28.25,16319000
2024-01-08,24.457592010498047,26.75,27.25,26.0,27.0,26205400
2024-01-09,24.000442504882812,26.25,27.0,26.0,26.75,13280800
2024-01-10,24.000442504882812,26.25,26.75,25.75,26.5,13477900
2024-01-11,23.771865844726562,26.0,26.75,26.0,26.5,12134100
2024-01-12,24.000442504882812,26.25,26.25,25.75,26.0,8315500
2024-01-15,24.000442504882812,26.25,26.25,25.75,26.0,6943500
2024-01-16,23.771865844726562,26.0,26.25,25.5,26.25,9263700
2024-01-17,22.766132354736328,24.899999618530273,25.75,24.899999618530273,25.75,23826300
2024-01-18,21.85183334350586,23.899999618530273,24.899999618530273,23.799999237060547,24.899999618530273,43568700
2024-01-19,21.57754135131836,23.600000381469727,24.200000762939453,23.600000381469727,24.100000381469727,21870100
2024-01-22,21.486108779907227,23.5,23.700000762939453,23.299999237060547,23.700000762939453,12716100
2024-01-23,21.211822509765625,23.200000762939453,23.899999618530273,23.0,23.799999237060547,17486300
2024-01-24,22.126121520996094,24.200000762939453,24.200000762939453,23.100000381469727,23.299999237060547,24239800
2024-01-25,22.217554092407227,24.299999237060547,24.700000762939453,23.799999237060547,24.0,24913300
2024-01-26,22.034690856933594,24.100000381469727,24.600000381469727,23.899999618530273,24.399999618530273,10023000
2024-01-29,22.308982849121094,24.399999618530273,24.5,24.0,24.200000762939453,7520500
2024-01-30,22.034690856933594,24.100000381469727,24.399999618530273,24.100000381469727,24.299999237060547,8510400
2024-01-31,21.57754135131836,23.600000381469727,24.200000762939453,23.600000381469727,24.100000381469727,13138800
2024-02-01,21.76039695739746,23.799999237060547,24.200000762939453,23.600000381469727,23.600000381469727,9163400
2024-02-02,22.583271026611328,24.700000762939453,25.25,24.100000381469727,24.100000381469727,32683800
2024-02-05,22.40041160583496,24.5,24.799999237060547,24.399999618530273,24.700000762939453,15621100
2024-02-06,22.766132354736328,24.899999618530273,25.25,24.5,24.5,20244000
2024-02-07,23.086139678955078,25.25,25.25,24.700000762939453,25.0,21276000
2024-02-08,22.308982849121094,24.399999618530273,25.25,24.399999618530273,25.0,23596400
2024-02-09,22.217554092407227,24.299999237060547,24.5,24.100000381469727,24.399999618530273,9960600
2024-02-12,22.217554092407227,24.299999237060547,24.399999618530273,24.100000381469727,24.299999237060547,4381200
2024-02-13,22.583271026611328,24.700000762939453,25.0,24.5,24.5,13382400
2024-02-14,22.308982849121094,24.399999618530273,24.5,24.0,24.5,14470400
2024-02-15,22.40041160583496,24.5,24.600000381469727,24.299999237060547,24.5,7749000
2024-02-16,21.486108779907227,23.5,25.5,23.200000762939453,24.700000762939453,68732000
2024-02-19,21.57754135131836,23.600000381469727,23.899999618530273,23.5,23.5,17695200
2024-02-20,21.486108779907227,23.5,23.799999237060547,23.399999618530273,23.700000762939453,9513300
2024-02-21,22.034690856933594,24.100000381469727,24.299999237060547,23.399999618530273,23.600000381469727,21987700
2024-02-22,22.40041160583496,24.5,24.700000762939453,24.0,24.299999237060547,21857800
2024-02-23,21.85183334350586,23.899999618530273,24.700000762939453,23.799999237060547,24.700000762939453,23253800
2024-02-27,20.48037338256836,22.399999618530273,22.799999237060547,22.100000381469727,22.399999618530273,72204000
2024-02-28,20.754667282104492,22.700000762939453,22.899999618530273,22.0,22.299999237060547,24295300
2024-02-29,21.303245544433594,23.299999237060547,23.600000381469727,22.5,22.799999237060547,32549200
2024-03-01,21.668970108032227,23.700000762939453,24.0,23.200000762939453,23.299999237060547,22590000
2024-03-04,21.39468002319336,23.399999618530273,23.899999618530273,23.399999618530273,23.700000762939453,7770100
2024-03-05,21.303245544433594,23.299999237060547,23.700000762939453,23.299999237060547,23.399999618530273,11210700
2024-03-06,21.39468002319336,23.399999618530273,23.5,22.899999618530273,23.299999237060547,9710900
2024-03-07,21.486108779907227,23.5,23.700000762939453,23.299999237060547,23.399999618530273,6177800
2024-03-08,21.943262100219727,24.0,24.299999237060547,23.600000381469727,23.600000381469727,17859600
2024-03-11,22.034690856933594,24.100000381469727,24.299999237060547,23.899999618530273,23.899999618530273,9453200
2024-03-12,22.034690856933594,24.100000381469727,24.100000381469727,24.100000381469727,24.100000381469727,0
2024-03-13,22.583271026611328,24.700000762939453,25.25,23.700000762939453,23.799999237060547,52002200
2024-03-14,23.086139678955078,25.25,25.5,24.600000381469727,24.899999618530273,41323500
2024-03-15,23.086139678955078,25.25,25.25,25.25,25.25,0
2024-03-18,22.491844177246094,24.600000381469727,25.25,24.5,24.899999618530273,16575100
2024-03-19,22.308982849121094,24.399999618530273,25.0,24.299999237060547,24.700000762939453,20695000
2024-03-20,22.034690856933594,24.100000381469727,24.600000381469727,24.0,24.600000381469727,20306500
2024-03-21,22.308982849121094,24.399999618530273,24.700000762939453,24.200000762939453,24.399999618530273,15114900
2024-03-22,22.308982849121094,24.399999618530273,24.399999618530273,24.399999618530273,24.399999618530273,0
2024-03-25,22.126121520996094,24.200000762939453,24.399999618530273,24.100000381469727,24.299999237060547,8519900
2024-03-26,22.126121520996094,24.200000762939453,24.200000762939453,24.200000762939453,24.200000762939453,0
2024-03-27,22.217554092407227,24.299999237060547,24.600000381469727,24.200000762939453,24.299999237060547,11935900
2024-03-28,21.85183334350586,23.899999618530273,24.5,23.899999618530273,24.5,15691100
2024-03-29,21.668970108032227,23.700000762939453,24.100000381469727,23.5,24.0,10684800
2024-04-01,22.583271026611328,24.700000762939453,24.899999618530273,23.899999618530273,23.899999618530273,33442700
2024-04-02,22.857563018798828,25.0,25.25,24.700000762939453,24.799999237060547,28895200
2024-04-03,23.086139678955078,25.25,25.5,24.799999237060547,24.899999618530273,15631500
2024-04-04,23.086139678955078,25.25,25.25,25.25,25.25,0
2024-04-05,23.086139678955078,25.25,25.25,24.600000381469727,24.899999618530273,12041900
2024-04-09,23.086139678955078,25.25,25.25,25.25,25.25,0
2024-04-10,23.543292999267578,25.75,26.25,25.5,25.75,19990600
2024-04-11,23.543292999267578,25.75,26.0,25.5,25.75,8182500
2024-04-17,23.543292999267578,25.75,25.75,25.75,25.75,0
2024-04-18,23.543292999267578,25.75,25.75,25.75,25.75,0
2024-04-19,23.543292999267578,25.75,25.75,25.75,25.75,0
2024-04-22,21.76039695739746,23.799999237060547,24.299999237060547,23.5,24.200000762939453,29165300
2024-04-23,21.943262100219727,24.0,24.200000762939453,23.799999237060547,23.899999618530273,10223800
2024-04-24,21.943262100219727,24.0,24.0,24.0,24.0,0
2024-04-25,21.668970108032227,23.700000762939453,23.899999618530273,23.399999618530273,23.899999618530273,20515800
2024-04-26,21.76039695739746,23.799999237060547,24.100000381469727,23.600000381469727,23.799999237060547,10317100
2024-04-29,21.943262100219727,24.0,24.100000381469727,23.799999237060547,24.0,9732400
2024-04-30,21.85183334350586,23.899999618530273,24.200000762939453,23.799999237060547,24.100000381469727,11767800
2024-05-02,21.85183334350586,23.899999618530273,23.899999618530273,23.899999618530273,23.899999618530273,0
2024-05-03,21.552490234375,23.399999618530273,23.600000381469727,23.299999237060547,23.5,9263300
2024-05-07,21.552490234375,23.399999618530273,23.399999618530273,23.399999618530273,23.399999618530273,0
2024-05-08,21.920907974243164,23.799999237060547,23.899999618530273,23.5,23.600000381469727,11851500
2024-05-09,21.46038246154785,23.299999237060547,23.899999618530273,23.200000762939453,23.799999237060547,18984100
2024-05-10,21.64459228515625,23.5,23.600000381469727,23.100000381469727,23.399999618530273,16511000
2024-05-13,22.381433486938477,24.299999237060547,24.399999618530273,23.5,23.700000762939453,40498600
2024-05-14,22.657747268676758,24.600000381469727,25.0,24.100000381469727,24.200000762939453,31509000
2024-05-15,22.47353744506836,24.399999618530273,24.700000762939453,24.299999237060547,24.700000762939453,12820800
2024-05-16,22.47353744506836,24.399999618530273,24.399999618530273,24.399999618530273,24.399999618530273,0
2024-05-17,23.026165008544922,25.0,25.25,24.600000381469727,24.700000762939453,24780600
2024-05-20,23.026165008544922,25.0,25.0,25.0,25.0,0
2024-05-21,22.934059143066406,24.899999618530273,25.0,24.600000381469727,25.0,15252700
2024-05-23,22.657747268676758,24.600000381469727,24.799999237060547,24.299999237060547,24.600000381469727,12490000
2024-05-24,22.541790008544922,24.299999237060547,24.299999237060547,24.0,24.0,4279400
2024-05-27,22.541790008544922,24.299999237060547,24.299999237060547,24.299999237060547,24.299999237060547,0
2024-05-28,22.170730590820312,23.899999618530273,24.399999618530273,23.799999237060547,24.399999618530273,13509100
2024-05-29,21.79967498779297,23.5,23.899999618530273,23.5,23.899999618530273,12473700
2024-05-30,21.98520278930664,23.700000762939453,23.799999237060547,23.299999237060547,23.5,13005000
2024-05-31,21.98520278930664,23.700000762939453,23.700000762939453,23.700000762939453,23.700000762939453,0
2024-06-04,20.964792251586914,22.600000381469727,23.299999237060547,22.399999618530273,23.200000762939453,23380400
2024-06-05,20.779264450073242,22.399999618530273,22.700000762939453,22.0,22.600000381469727,24254500
2024-06-06,19.66609001159668,21.200000762939453,22.5,21.100000381469727,22.5,52477500
2024-06-07,19.66609001159668,21.200000762939453,21.200000762939453,21.200000762939453,21.200000762939453,0
2024-06-10,19.016735076904297,20.5,21.100000381469727,20.399999618530273,21.100000381469727,21837700
2024-06-11,19.480558395385742,21.0,21.0,20.5,20.600000381469727,29692200
2024-06-12,18.738445281982422,20.200000762939453,20.899999618530273,19.899999618530273,20.899999618530273,40382300
2024-06-13,18.55291175842285,20.0,20.399999618530273,19.899999618530273,20.200000762939453,16286100
2024-06-14,18.367382049560547,19.799999237060547,20.200000762939453,19.799999237060547,20.0,15837300
2024-06-17,18.367382049560547,19.799999237060547,19.799999237060547,19.799999237060547,19.799999237060547,0
2024-06-18,18.367382049560547,19.799999237060547,19.799999237060547,19.799999237060547,19.799999237060547,0
2024-06-19,18.367382049560547,19.799999237060547,19.799999237060547,19.799999237060547,19.799999237060547,0
2024-06-20,18.274621963500977,19.700000762939453,19.899999618530273,19.200000762939453,19.399999618530273,16615500
2024-06-21,18.738445281982422,20.200000762939453,20.399999618530273,19.299999237060547,19.700000762939453,24019800
2024-06-24,18.738445281982422,20.200000762939453,20.200000762939453,20.200000762939453,20.200000762939453,0
2024-06-25,18.738445281982422,20.200000762939453,20.200000762939453,20.200000762939453,20.200000762939453,0
2024-06-26,18.738445281982422,20.200000762939453,20.200000762939453,20.200000762939453,20.200000762939453,0
2024-06-27,18.460147857666016,19.899999618530273,20.5,19.799999237060547,20.399999618530273,18738400
2024-06-28,18.089092254638672,19.5,20.100000381469727,19.299999237060547,20.0,35223100
2024-07-01,18.274621963500977,19.700000762939453,20.0,19.5,19.700000762939453,12481400
2024-07-02,17.532506942749023,18.899999618530273,19.799999237060547,18.700000762939453,19.700000762939453,23261600
2024-07-03,17.8107967376709,19.200000762939453,19.5,18.899999618530273,19.0,14197600
2024-07-04,17.532506942749023,18.899999618530273,19.5,18.899999618530273,19.299999237060547,16512800
2024-07-05,17.8107967376709,19.200000762939453,19.399999618530273,18.700000762939453,19.0,35410600
2024-07-08,18.460147857666016,19.899999618530273,20.100000381469727,19.399999618530273,19.399999618530273,23610100
2024-07-09,18.460147857666016,19.899999618530273,19.899999618530273,19.899999618530273,19.899999618530273,0
2024-07-10,18.367382049560547,19.799999237060547,20.100000381469727,19.600000381469727,19.899999618530273,11715700
2024-07-11,18.738445281982422,20.200000762939453,20.5,20.0,20.100000381469727,23775500
2024-07-12,18.738445281982422,20.200000762939453,20.200000762939453,20.200000762939453,20.200000762939453,0
2024-07-15,18.738445281982422,20.200000762939453,20.200000762939453,20.200000762939453,20.200000762939453,0
2024-07-16,17.8107967376709,19.200000762939453,19.5,18.799999237060547,19.299999237060547,25301600
2024-07-17,17.8107967376709,19.200000762939453,19.200000762939453,19.200000762939453,19.200000762939453,0
2024-07-18,17.8107967376709,19.200000762939453,19.200000762939453,19.0,19.0,9525000
2024-07-19,16.975914001464844,18.299999237060547,19.200000762939453,18.299999237060547,19.200000762939453,27798800
2024-07-23,16.604860305786133,17.899999618530273,18.5,17.700000762939453,18.399999618530273,30772300
2024-07-24,16.697622299194336,18.0,18.399999618530273,17.299999237060547,17.5,39682900
2024-07-25,17.068679809570312,18.399999618530273,18.600000381469727,17.600000381469727,17.700000762939453,21085500
2024-07-26,17.532506942749023,18.899999618530273,18.899999618530273,18.399999618530273,18.5,20643100
2024-07-30,17.532506942749023,18.899999618530273,18.899999618530273,18.899999618530273,18.899999618530273,0
2024-07-31,17.903560638427734,19.299999237060547,19.700000762939453,18.899999618530273,19.0,37595100
2024-08-01,17.903560638427734,19.299999237060547,19.5,19.200000762939453,19.299999237060547,9022100
2024-08-02,17.903560638427734,19.299999237060547,19.299999237060547,19.299999237060547,19.299999237060547,0
2024-08-05,16.419328689575195,17.700000762939453,18.5,17.600000381469727,18.299999237060547,21437400
2024-08-06,16.51209259033203,17.799999237060547,18.200000762939453,17.700000762939453,17.899999618530273,11153400
2024-08-07,16.419328689575195,17.700000762939453,18.100000381469727,17.5,18.0,11811700
2024-08-08,16.419328689575195,17.700000762939453,17.700000762939453,17.700000762939453,17.700000762939453,0
2024-08-09,15.398919105529785,16.600000381469727,18.200000762939453,16.299999237060547,18.200000762939453,29766100
2024-08-13,15.769976615905762,17.0,17.399999618530273,16.200000762939453,16.5,34953800
2024-08-14,15.491682052612305,16.700000762939453,17.100000381469727,16.399999618530273,16.899999618530273,22760800
2024-08-15,16.048269271850586,17.299999237060547,17.399999618530273,16.0,16.799999237060547,38222700
2024-08-16,16.419328689575195,17.700000762939453,17.899999618530273,17.200000762939453,17.600000381469727,14761800
2024-08-19,16.419328689575195,17.700000762939453,17.700000762939453,17.700000762939453,17.700000762939453,0
2024-08-20,17.068679809570312,18.399999618530273,18.899999618530273,18.299999237060547,18.5,20153000
2024-08-21,17.16144561767578,18.5,18.600000381469727,18.299999237060547,18.299999237060547,12565900
2024-08-22,17.16144561767578,18.5,18.5,18.5,18.5,0
2024-08-23,17.43973731994629,18.799999237060547,19.100000381469727,18.299999237060547,18.399999618530273,20086900
2024-08-26,17.718034744262695,19.100000381469727,19.399999618530273,18.799999237060547,19.0,21056500
2024-08-27,17.975496292114258,19.200000762939453,19.399999618530273,18.899999618530273,19.0,15581600
2024-08-28,17.22651481628418,18.399999618530273,19.100000381469727,18.299999237060547,19.0,26556000
2024-08-29,16.852025985717773,18.0,18.399999618530273,17.899999618530273,18.200000762939453,22467100
2024-08-30,16.00942611694336,17.100000381469727,18.299999237060547,17.100000381469727,18.100000381469727,226346700
2024-09-02,16.00942611694336,17.100000381469727,17.100000381469727,17.100000381469727,17.100000381469727,0
2024-09-03,16.00942611694336,17.100000381469727,17.100000381469727,17.100000381469727,17.100000381469727,0
2024-09-04,16.00942611694336,17.100000381469727,17.100000381469727,17.100000381469727,17.100000381469727,0
2024-09-05,19.286205291748047,20.600000381469727,20.799999237060547,19.799999237060547,19.799999237060547,55831400
2024-09-06,19.473451614379883,20.799999237060547,21.0,20.399999618530273,20.5,44129300
2024-09-09,19.37982940673828,20.700000762939453,21.0,20.299999237060547,20.799999237060547,38735200
2024-09-10,19.56707191467285,20.899999618530273,21.5,20.700000762939453,20.799999237060547,55022400
2024-09-11,19.754322052001953,21.100000381469727,21.700000762939453,20.799999237060547,21.200000762939453,61984800
2024-09-12,19.941560745239258,21.299999237060547,21.399999618530273,20.899999618530273,21.100000381469727,27371800
2024-09-13,20.128807067871094,21.5,21.799999237060547,21.299999237060547,21.5,37532500
2024-09-16,22.375747680664062,23.899999618530273,24.200000762939453,21.700000762939453,21.700000762939453,122569000
2024-09-17,22.46936798095703,24.0,24.0,23.600000381469727,23.600000381469727,29135500
2024-09-18,22.375747680664062,23.899999618530273,24.200000762939453,23.700000762939453,23.799999237060547,36327500
2024-09-19,23.124727249145508,24.700000762939453,25.25,23.899999618530273,23.899999618530273,69221300
2024-09-20,23.124727249145508,24.700000762939453,24.700000762939453,24.700000762939453,24.700000762939453,0
2024-09-23,22.937480926513672,24.5,24.799999237060547,24.299999237060547,24.600000381469727,28564300
2024-09-24,23.873703002929688,25.5,26.0,24.5,24.600000381469727,75228900
2024-09-25,23.311965942382812,24.899999618530273,25.75,24.700000762939453,25.5,59548900
2024-09-26,22.843856811523438,24.399999618530273,24.799999237060547,23.799999237060547,24.799999237060547,89816200
2024-09-27,22.843856811523438,24.399999618530273,24.399999618530273,24.399999618530273,24.399999618530273,0
2024-09-30,23.124727249145508,24.700000762939453,24.799999237060547,24.0,24.0,39925500
2024-10-01,22.937480926513672,24.5,25.0,24.299999237060547,24.899999618530273,39212800
2024-10-02,22.843856811523438,24.399999618530273,24.700000762939453,24.100000381469727,24.399999618530273,26024700
2024-10-03,22.562992095947266,24.100000381469727,24.5,23.799999237060547,24.299999237060547,31252400
2024-10-04,22.282121658325195,23.799999237060547,24.399999618530273,23.700000762939453,24.200000762939453,42882700
2024-10-07,22.46936798095703,24.0,24.200000762939453,23.799999237060547,24.0,18317200
2024-10-08,22.656614303588867,24.200000762939453,24.700000762939453,23.799999237060547,24.0,30862800
2024-10-09,22.46936798095703,24.0,24.600000381469727,24.0,24.299999237060547,18039200
2024-10-10,22.750234603881836,24.299999237060547,24.5,23.899999618530273,24.200000762939453,25749400
2024-10-11,22.188501358032227,23.700000762939453,25.25,23.600000381469727,24.5,65968000
2024-10-15,21.907634735107422,23.399999618530273,23.899999618530273,23.299999237060547,23.799999237060547,34441600
2024-10-16,21.907634735107422,23.399999618530273,23.399999618530273,23.399999618530273,23.399999618530273,0
2024-10-17,23.124727249145508,24.700000762939453,25.25,24.700000762939453,25.0,29665500
2024-10-18,23.405590057373047,25.0,25.25,24.299999237060547,24.600000381469727,45182700
2024-10-21,23.405590057373047,25.0,25.25,24.899999618530273,25.0,16860100
2024-10-22,23.405590057373047,25.0,25.0,25.0,25.0,0
2024-10-24,23.6396484375,25.25,25.75,25.0,25.0,19484100
2024-10-25,23.6396484375,25.25,25.25,25.25,25.25,0
2024-10-28,24.341815948486328,26.0,26.25,25.0,25.25,25811900
2024-10-29,23.405590057373047,25.0,26.0,25.0,26.0,16218800
2024-10-30,23.6396484375,25.25,25.75,25.0,25.25,11286800
2024-10-31,24.341815948486328,26.0,26.0,25.25,25.5,16604800
2024-11-01,24.10776138305664,25.75,26.0,25.25,25.75,12961200
2024-11-04,24.10776138305664,25.75,26.0,25.5,25.75,5443100
2024-11-05,24.57587242126465,26.25,26.5,25.5,25.75,17899100
2024-11-06,23.6396484375,25.25,26.25,25.0,26.25,16830200
2024-11-07,24.80992889404297,26.5,26.75,25.25,25.5,39251100
2024-11-08,24.341815948486328,26.0,26.5,25.75,26.5,21197400
2024-11-11,24.10776138305664,25.75,26.25,25.25,26.25,16341800
2024-11-12,24.80992889404297,26.5,26.75,25.75,26.75,66984400
2024-11-13,24.341815948486328,26.0,27.0,25.75,26.5,23294600
2024-11-14,24.341815948486328,26.0,26.5,25.75,26.0,19878100
2024-11-15,23.873703002929688,25.5,26.25,25.25,26.25,20746700
2024-11-18,23.873703002929688,25.5,26.0,25.25,25.75,6184700
2024-11-19,24.10776138305664,25.75,26.0,25.25,25.75,10713800
2024-11-20,23.6396484375,25.25,25.75,25.0,25.75,11168700
2024-11-21,23.873703002929688,25.5,25.75,25.25,25.5,8815400
2024-11-22,24.10776138305664,25.75,26.0,25.5,25.75,13133100
2024-11-25,24.037059783935547,25.5,26.0,25.25,26.0,14465100
2024-11-26,23.565746307373047,25.0,25.75,25.0,25.75,9334500
2024-11-27,23.565746307373047,25.0,25.25,24.5,25.0,14331100
2024-11-28,23.565746307373047,25.0,25.5,25.0,25.5,5665400
2024-11-29,23.565746307373047,25.0,25.25,24.600000381469727,25.0,11099400
2024-12-02,23.801406860351562,25.25,25.5,24.600000381469727,25.5,13417400
2024-12-03,23.188697814941406,24.600000381469727,25.25,24.100000381469727,25.0,40515200
2024-12-04,23.094432830810547,24.5,24.899999618530273,24.5,24.600000381469727,14289200
2024-12-06,23.801406860351562,25.25,25.5,24.600000381469727,24.700000762939453,14358300
2024-12-09,24.037059783935547,25.5,25.5,25.0,25.25,7864600
2024-12-11,24.508378982543945,26.0,26.25,25.5,25.5,24583600
2024-12-12,24.508378982543945,26.0,26.25,25.75,26.25,10378900
2024-12-13,25.451007843017578,27.0,27.5,26.0,26.0,41939742
2024-12-16,24.979692459106445,26.5,27.0,26.25,26.75,12958300
2024-12-17,24.744037628173828,26.25,26.75,26.0,26.75,17191100
2024-12-18,24.744037628173828,26.25,26.75,26.0,26.5,15812900
2024-12-19,24.272722244262695,25.75,26.5,25.5,25.5,18440000
2024-12-20,24.744037628173828,26.25,26.25,25.5,25.75,16306700
2024-12-23,24.744037628173828,26.25,26.5,25.5,26.25,12582200
2024-12-24,24.508378982543945,26.0,26.25,25.5,26.25,16232500
2024-12-25,24.508378982543945,26.0,26.25,25.5,26.0,12226900
2024-12-26,24.037059783935547,25.5,26.0,25.5,25.75,11436000
2024-12-27,24.037059783935547,25.5,26.0,25.25,25.75,16508200
2024-12-30,23.47148323059082,24.899999618530273,25.5,24.899999618530273,25.5,14995100
2025-01-02,24.037059783935547,25.5,25.5,24.5,25.0,10116600
2025-01-03,23.47148323059082,24.899999618530273,25.5,24.799999237060547,25.5,12520500
2025-01-06,23.000167846679688,24.399999618530273,24.899999618530273,24.200000762939453,24.899999618530273,25674000
2025-01-07,23.188697814941406,24.600000381469727,24.899999618530273,24.200000762939453,24.399999618530273,21135600
2025-01-08,22.811643600463867,24.200000762939453,24.799999237060547,24.200000762939453,24.700000762939453,18873300
2025-01-09,20.643596649169922,21.899999618530273,24.100000381469727,21.799999237060547,24.100000381469727,81193200
2025-01-10,21.114910125732422,22.399999618530273,22.799999237060547,21.799999237060547,21.799999237060547,30120100
2025-01-13,21.491962432861328,22.799999237060547,23.100000381469727,22.100000381469727,22.100000381469727,19748200
2025-01-14,21.303436279296875,22.600000381469727,23.200000762939453,22.600000381469727,22.799999237060547,13469300
2025-01-15,22.151803970336914,23.5,23.5,22.600000381469727,22.799999237060547,14162600
2025-01-16,21.869014739990234,23.200000762939453,23.700000762939453,23.0,23.600000381469727,9525900
2025-01-17,22.246068954467773,23.600000381469727,23.700000762939453,23.200000762939453,23.200000762939453,12463300
2025-01-20,22.057538986206055,23.399999618530273,23.600000381469727,23.200000762939453,23.600000381469727,5891400
2025-01-21,21.586225509643555,22.899999618530273,23.600000381469727,22.600000381469727,23.600000381469727,20747600
2025-01-22,21.114910125732422,22.399999618530273,23.5,22.299999237060547,23.0,22135000
2025-01-23,21.303436279296875,22.600000381469727,22.899999618530273,22.299999237060547,22.399999618530273,11592700
2025-01-24,22.3403263092041,23.700000762939453,23.899999618530273,22.799999237060547,22.799999237060547,19688100
2025-01-27,22.71738052368164,24.100000381469727,24.100000381469727,23.5,23.600000381469727,9954300
2025-01-28,22.434589385986328,23.799999237060547,24.200000762939453,23.5,24.100000381469727,11327900
2025-01-29,22.246068954467773,23.600000381469727,24.100000381469727,23.399999618530273,23.899999618530273,7278500
2025-01-30,22.246068954467773,23.600000381469727,24.0,23.5,23.600000381469727,9012100
2025-01-31,21.68048858642578,23.0,23.899999618530273,22.799999237060547,23.700000762939453,12923400
2025-02-03,21.963275909423828,23.299999237060547,23.399999618530273,22.0,22.100000381469727,30777900
2025-02-04,21.774749755859375,23.100000381469727,23.399999618530273,22.700000762939453,23.399999618530273,14272400
2025-02-05,21.68048858642578,23.0,23.399999618530273,22.700000762939453,23.200000762939453,11183100
2025-02-06,21.020645141601562,22.299999237060547,23.200000762939453,22.200000762939453,23.100000381469727,25091900
2025-02-07,21.3976993560791,22.700000762939453,22.799999237060547,22.0,22.600000381469727,16765800
2025-02-10,21.68048858642578,23.0,23.299999237060547,22.299999237060547,22.700000762939453,18207800
2025-02-11,21.68048858642578,23.0,23.399999618530273,22.700000762939453,23.0,13675800
2025-02-13,21.303436279296875,22.600000381469727,23.299999237060547,22.600000381469727,23.0,12791500
2025-02-14,21.68048858642578,23.0,23.299999237060547,22.600000381469727,22.700000762939453,12890000
2025-02-17,21.963275909423828,23.299999237060547,23.600000381469727,22.899999618530273,23.399999618530273,10561600
2025-02-18,21.20917320251465,22.5,23.200000762939453,22.399999618530273,23.100000381469727,18768500
2025-02-19,21.114910125732422,22.399999618530273,22.799999237060547,22.299999237060547,22.5,12404800
2025-02-20,20.832120895385742,22.100000381469727,22.600000381469727,22.0,22.200000762939453,17113000
2025-02-21,19.795228958129883,21.0,22.200000762939453,21.0,22.200000762939453,27094000
2025-02-24,20.266544342041016,21.5,21.700000762939453,20.700000762939453,20.700000762939453,16473700
2025-02-25,19.795228958129883,21.0,21.600000381469727,20.899999618530273,21.600000381469727,14885200
2025-02-26,19.04112434387207,20.200000762939453,21.200000762939453,20.100000381469727,21.0,19272600
2025-02-27,18.192758560180664,19.299999237060547,20.299999237060547,18.799999237060547,20.299999237060547,40154000
2025-02-28,18.004230499267578,19.100000381469727,19.600000381469727,18.700000762939453,18.799999237060547,22904300
2025-03-03,17.43865394592285,18.5,19.200000762939453,18.200000762939453,19.0,20353200
2025-03-04,17.721439361572266,18.799999237060547,19.299999237060547,18.299999237060547,18.299999237060547,17504400
2025-03-05,19.32391357421875,20.5,20.5,18.799999237060547,18.799999237060547,30715700
2025-03-06,19.32391357421875,20.5,21.799999237060547,20.399999618530273,20.5,42094600
2025-03-07,20.266544342041016,21.5,21.700000762939453,20.799999237060547,20.799999237060547,25069900
2025-03-10,19.418174743652344,20.600000381469727,21.600000381469727,20.399999618530273,21.299999237060547,21098700
2025-03-11,20.266544342041016,21.5,21.600000381469727,20.0,20.399999618530273,40556000
2025-03-12,19.606700897216797,20.799999237060547,21.899999618530273,20.700000762939453,21.600000381469727,21060500
2025-03-13,19.606700897216797,20.799999237060547,21.0,20.5,20.899999618530273,10451200
2025-03-14,20.643596649169922,21.899999618530273,22.200000762939453,20.799999237060547,20.899999618530273,30501300
2025-03-17,20.455068588256836,21.700000762939453,22.100000381469727,21.299999237060547,22.0,20591500
2025-03-18,20.17228126525879,21.399999618530273,22.0,21.0,21.899999618530273,13295300
2025-03-19,20.549331665039062,21.799999237060547,22.200000762939453,21.200000762939453,21.399999618530273,16570600
2025-03-20,20.078014373779297,21.299999237060547,22.0,21.299999237060547,21.799999237060547,18018900
2025-03-21,19.983753204345703,21.200000762939453,21.5,21.0,21.399999618530273,9338500
2025-03-24,19.983753204345703,21.200000762939453,21.399999618530273,21.0,21.100000381469727,6573500
2025-03-25,19.70096206665039,20.899999618530273,21.299999237060547,20.600000381469727,21.299999237060547,12378000
2025-03-26,19.512439727783203,20.700000762939453,21.200000762939453,20.700000762939453,21.0,8496600
2025-03-27,19.418174743652344,20.600000381469727,20.899999618530273,20.399999618530273,20.899999618530273,23303200
2025-03-28,18.758333206176758,19.899999618530273,20.299999237060547,19.799999237060547,20.200000762939453,13444600
2025-03-31,18.38128089904785,19.5,19.799999237060547,19.100000381469727,19.299999237060547,14654400
2025-04-01,18.664073944091797,19.799999237060547,20.100000381469727,19.700000762939453,19.799999237060547,12339100
2025-04-02,18.94685935974121,20.100000381469727,20.100000381469727,19.399999618530273,19.799999237060547,9258300
2025-04-03,18.94685935974121,20.100000381469727,20.100000381469727,19.600000381469727,19.799999237060547,13067500
2025-04-04,17.721439361572266,18.799999237060547,19.899999618530273,18.700000762939453,19.799999237060547,15371700
2025-04-08,16.496021270751953,17.5,18.100000381469727,17.0,18.0,19744900
2025-04-09,16.873075485229492,17.899999618530273,18.100000381469727,16.899999618530273,17.200000762939453,19587300
2025-04-10,17.627182006835938,18.700000762939453,19.200000762939453,17.899999618530273,19.0,30759500
2025-04-11,17.627182006835938,18.700000762939453,19.100000381469727,18.200000762939453,18.600000381469727,11758600
2025-04-16,18.56981086730957,19.700000762939453,20.0,18.799999237060547,18.899999618530273,16357000
2025-04-17,18.38128089904785,19.5,20.100000381469727,19.5,19.600000381469727,13593000
2025-04-18,18.47554588317871,19.600000381469727,19.799999237060547,19.399999618530273,19.600000381469727,12023900
2025-04-21,17.909969329833984,19.0,19.700000762939453,19.0,19.700000762939453,9452200
2025-04-22,18.098495483398438,19.200000762939453,19.5,18.600000381469727,18.899999618530273,12078000
2025-04-23,17.815704345703125,18.899999618530273,19.5,18.700000762939453,19.5,21570600
2025-04-24,17.627182006835938,18.700000762939453,18.899999618530273,18.600000381469727,18.799999237060547,13046700
2025-04-25,17.53291893005371,18.600000381469727,19.0,18.299999237060547,18.799999237060547,15924400
2025-04-28,17.815704345703125,18.899999618530273,19.200000762939453,18.600000381469727,18.600000381469727,15749800
2025-04-29,17.909969329833984,19.0,19.200000762939453,18.600000381469727,18.899999618530273,8352900
2025-04-30,17.909969329833984,19.0,19.0,18.700000762939453,18.899999618530273,13470700
2025-05-02,18.192758560180664,19.299999237060547,20.200000762939453,19.100000381469727,19.100000381469727,43343500
2025-05-06,17.78847885131836,18.700000762939453,19.299999237060547,18.700000762939453,19.100000381469727,12249400
2025-05-07,19.120229721069336,20.100000381469727,20.5,19.0,19.0,61903200
2025-05-08,18.4543514251709,19.399999618530273,20.100000381469727,19.200000762939453,20.100000381469727,27620400
2025-05-09,19.405607223510742,20.399999618530273,20.799999237060547,19.299999237060547,19.5,48533200
2025-05-13,19.69098472595215,20.700000762939453,21.299999237060547,20.600000381469727,21.299999237060547,25132400
2025-05-14,19.025104522705078,20.0,20.799999237060547,19.700000762939453,20.600000381469727,26507300
2025-05-15,19.025104522705078,20.0,20.299999237060547,19.799999237060547,20.200000762939453,12422300
2025-05-16,18.739730834960938,19.700000762939453,20.200000762939453,19.600000381469727,20.100000381469727,15885700
2025-05-19,18.834854125976562,19.799999237060547,20.100000381469727,19.5,19.600000381469727,9681400
2025-05-20,19.120229721069336,20.100000381469727,20.299999237060547,19.5,20.0,18973400
2025-05-21,19.405607223510742,20.399999618530273,20.899999618530273,20.100000381469727,20.200000762939453,23654400
2025-05-22,19.595857620239258,20.600000381469727,20.700000762939453,20.100000381469727,20.200000762939453,14411000
2025-05-23,19.025104522705078,20.0,20.5,20.0,20.5,15133300
2025-05-26,19.595857620239258,20.600000381469727,20.700000762939453,20.100000381469727,20.100000381469727,19321500
2025-05-27,19.571874618530273,20.399999618530273,20.600000381469727,20.200000762939453,20.600000381469727,9020200
2025-05-28,20.05157470703125,20.899999618530273,21.299999237060547,20.600000381469727,20.799999237060547,25164300
2025-05-29,19.95563316345215,20.799999237060547,22.0,20.600000381469727,21.600000381469727,24940300
2025-05-30,19.475934982299805,20.299999237060547,21.0,20.299999237060547,20.600000381469727,13080800
2025-06-04,19.1881103515625,20.0,20.5,19.600000381469727,20.299999237060547,28998800
2025-06-05,19.571874618530273,20.399999618530273,20.5,20.0,20.100000381469727,9005700
2025-06-06,19.475934982299805,20.299999237060547,20.799999237060547,20.100000381469727,20.399999618530273,12672700
2025-06-09,18.996231079101562,19.799999237060547,20.5,19.799999237060547,20.5,13281100
2025-06-10,19.475934982299805,20.299999237060547,20.700000762939453,19.799999237060547,19.899999618530273,16257100
2025-06-11,19.76375389099121,20.600000381469727,20.799999237060547,20.100000381469727,20.299999237060547,16992200
2025-06-12,19.76375389099121,20.600000381469727,20.799999237060547,20.5,20.5,8745000
2025-06-13,19.475934982299805,20.299999237060547,20.899999618530273,20.0,20.399999618530273,17672400
2025-06-16,19.28404998779297,20.100000381469727,20.399999618530273,20.0,20.200000762939453,8502100
2025-06-17,19.09217071533203,19.899999618530273,20.200000762939453,19.700000762939453,20.200000762939453,14052200
2025-06-18,18.996231079101562,19.799999237060547,20.299999237060547,19.700000762939453,20.0,10181600
2025-06-19,18.22870445251465,19.0,19.799999237060547,19.0,19.700000762939453,8797700
2025-06-20,18.61246681213379,19.399999618530273,19.700000762939453,19.0,19.0,13115600
2025-06-23,19.1881103515625,20.0,20.100000381469727,19.200000762939453,19.299999237060547,10624500
2025-06-24,19.571874618530273,20.399999618530273,20.399999618530273,20.0,20.200000762939453,14243700
2025-06-25,19.379993438720703,20.200000762939453,20.399999618530273,19.799999237060547,20.299999237060547,17171900
2025-06-26,19.76375389099121,20.600000381469727,20.899999618530273,20.100000381469727,20.100000381469727,14914800
2025-06-27,19.475934982299805,20.299999237060547,20.700000762939453,20.100000381469727,20.5,10363800
2025-06-30,19.475934982299805,20.299999237060547,20.5,20.100000381469727,20.299999237060547,5344900
2025-07-01,19.475934982299805,20.299999237060547,20.600000381469727,20.100000381469727,20.399999618530273,10492900
2025-07-02,19.76375389099121,20.600000381469727,20.700000762939453,20.299999237060547,20.399999618530273,8050100
2025-07-03,19.76375389099121,20.600000381469727,20.899999618530273,20.299999237060547,20.600000381469727,15476500
2025-07-04,19.571874618530273,20.399999618530273,20.600000381469727,20.200000762939453,20.5,9936400
2025-07-07,19.475934982299805,20.299999237060547,20.399999618530273,20.0,20.299999237060547,9839500
2025-07-08,19.09217071533203,19.899999618530273,20.200000762939453,19.700000762939453,20.0,12320600
2025-07-09,19.379993438720703,20.200000762939453,20.299999237060547,19.799999237060547,20.0,9418200
2025-07-11,20.339397430419922,21.200000762939453,21.399999618530273,20.299999237060547,20.299999237060547,25160100
2025-07-14,20.43533706665039,21.299999237060547,21.399999618530273,20.899999618530273,21.100000381469727,15178000
2025-07-15,20.339397430419922,21.200000762939453,21.399999618530273,20.700000762939453,21.200000762939453,18619100
2025-07-16,20.243459701538086,21.100000381469727,21.700000762939453,21.0,21.299999237060547,13707000
2025-07-17,21.106922149658203,22.0,22.200000762939453,21.299999237060547,21.299999237060547,25787300
2025-07-18,21.394742965698242,22.299999237060547,22.5,22.0,22.0,18857100
2025-07-21,20.62721824645996,21.5,22.399999618530273,21.399999618530273,22.200000762939453,27547600
2025-07-22,20.243459701538086,21.100000381469727,21.700000762939453,21.0,21.700000762939453,15000000
2025-07-23,20.819101333618164,21.700000762939453,21.899999618530273,21.200000762939453,21.299999237060547,16726200
2025-07-24,20.339397430419922,21.200000762939453,21.700000762939453,21.100000381469727,21.399999618530273,17632900
2025-07-25,20.43533706665039,21.299999237060547,21.399999618530273,21.100000381469727,21.100000381469727,6722200
2025-07-29,21.490684509277344,22.399999618530273,22.700000762939453,21.5,21.600000381469727,26907800
2025-07-30,22.162267684936523,23.100000381469727,23.399999618530273,22.100000381469727,22.899999618530273,51239000
2025-07-31,22.162267684936523,23.100000381469727,23.200000762939453,22.5,22.799999237060547,18279200
2025-08-01,21.490684509277344,22.399999618530273,23.5,22.399999618530273,23.299999237060547,18111800
2025-08-04,21.778507232666016,22.700000762939453,22.799999237060547,22.100000381469727,22.600000381469727,11897300
2025-08-05,21.586626052856445,22.5,23.100000381469727,22.399999618530273,23.0,16954200
2025-08-06,22.737911224365234,23.700000762939453,23.899999618530273,22.600000381469727,22.600000381469727,35919100
2025-08-07,22.450090408325195,23.399999618530273,23.899999618530273,23.299999237060547,23.600000381469727,14395200
2025-08-08,21.874446868896484,22.799999237060547,23.399999618530273,22.5,23.100000381469727,25757200
2025-08-13,22.066329956054688,23.0,23.299999237060547,22.700000762939453,22.799999237060547,13668000
2025-08-14,21.298805236816406,22.200000762939453,23.5,22.200000762939453,23.200000762939453,23134300
2025-08-15,20.723159790039062,21.600000381469727,22.200000762939453,21.5,22.200000762939453,22196800
2025-08-18,20.243459701538086,21.100000381469727,21.700000762939453,21.100000381469727,21.700000762939453,9341100
2025-08-19,19.475934982299805,20.299999237060547,21.200000762939453,20.299999237060547,21.100000381469727,19475400
2025-08-20,20.62721824645996,21.5,21.600000381469727,20.5,20.5,23300800
2025-08-21,22.546031951904297,23.5,23.5,21.799999237060547,22.100000381469727,65029900
2025-08-22,21.874446868896484,22.799999237060547,23.200000762939453,22.600000381469727,23.100000381469727,26354000
2025-08-25,22.354148864746094,23.299999237060547,23.700000762939453,23.0,23.100000381469727,24180400
2025-08-26,22.546031951904297,23.5,23.5,22.799999237060547,23.0,18578500
2025-08-27,21.458602905273438,22.200000762939453,23.399999618530273,22.100000381469727,23.299999237060547,20463400
2025-08-28,21.168621063232422,21.899999618530273,22.5,21.700000762939453,22.299999237060547,15013900
2025-08-29,20.975299835205078,21.700000762939453,22.399999618530273,21.700000762939453,21.799999237060547,16678600
2025-09-01,21.07196044921875,21.799999237060547,21.899999618530273,21.399999618530273,21.700000762939453,21346600
2025-09-02,21.168621063232422,21.899999618530273,22.5,21.899999618530273,22.100000381469727,29977100
2025-09-03,21.07196044921875,21.799999237060547,22.200000762939453,21.700000762939453,22.100000381469727,18934000
2025-09-04,20.781980514526367,21.5,22.100000381469727,21.5,21.899999618530273,13002900
2025-09-05,21.3619441986084,22.100000381469727,22.100000381469727,21.600000381469727,21.700000762939453,20887700
2025-09-08,22.521865844726562,23.299999237060547,23.700000762939453,22.399999618530273,22.399999618530273,58769900
2025-09-09,22.425207138061523,23.200000762939453,23.399999618530273,22.899999618530273,23.399999618530273,15542000
2025-09-10,23.295146942138672,24.100000381469727,24.5,23.100000381469727,23.399999618530273,32844600
2025-09-11,23.00516700744629,23.799999237060547,24.100000381469727,23.700000762939453,24.0,22719800
2025-09-12,23.00516700744629,23.799999237060547,24.299999237060547,23.600000381469727,24.100000381469727,16071500
2025-09-15,22.425207138061523,23.200000762939453,23.799999237060547,23.0,23.799999237060547,23700900
2025-09-16,22.618526458740234,23.399999618530273,23.399999618530273,22.700000762939453,23.399999618530273,27386600
2025-09-17,22.521865844726562,23.299999237060547,23.899999618530273,23.299999237060547,23.700000762939453,27797500
2025-09-18,22.135223388671875,22.899999618530273,23.5,22.899999618530273,23.399999618530273,12561800
2025-09-19,22.32854461669922,23.100000381469727,23.100000381469727,22.799999237060547,22.899999618530273,10810700
2025-09-22,22.038564682006836,22.799999237060547,23.200000762939453,22.799999237060547,23.100000381469727,6414900
2025-09-23,21.555261611938477,22.299999237060547,23.100000381469727,21.899999618530273,23.0,27912100
2025-09-24,21.845245361328125,22.600000381469727,22.700000762939453,22.200000762939453,22.299999237060547,9901600
2025-09-25,21.941904067993164,22.700000762939453,22.899999618530273,22.5,22.5,10745100
2025-09-26,21.65192222595215,22.399999618530273,23.100000381469727,22.299999237060547,22.899999618530273,16711500
2025-09-29,21.65192222595215,22.399999618530273,22.5,21.899999618530273,22.5,16870900
2025-09-30,21.65192222595215,22.399999618530273,22.399999618530273,21.899999618530273,22.399999618530273,11390700
2025-10-01,21.26527976989746,22.0,22.399999618530273,22.0,22.200000762939453,4851600
2025-10-02,21.74858283996582,22.5,22.600000381469727,22.100000381469727,22.200000762939453,10106700
2025-10-03,21.07196044921875,21.799999237060547,22.399999618530273,21.600000381469727,22.399999618530273,38356900
2025-10-06,20.685319900512695,21.399999618530273,21.899999618530273,21.399999618530273,21.799999237060547,15305200
2025-10-07,20.685319900512695,21.399999618530273,21.399999618530273,21.399999618530273,21.399999618530273,0
2025-10-08,20.202014923095703,20.899999618530273,21.700000762939453,20.799999237060547,21.600000381469727,25960100
2025-10-09,20.395339965820312,21.100000381469727,21.299999237060547,20.899999618530273,21.0,10590400
2025-10-10,20.781980514526367,21.5,21.700000762939453,21.100000381469727,21.200000762939453,16627500
2025-10-14,19.91203498840332,20.600000381469727,21.5,20.600000381469727,21.5,9801000
2025-10-15,19.71871566772461,20.399999618530273,20.899999618530273,20.299999237060547,20.799999237060547,9503900
2025-10-16,19.71871566772461,20.399999618530273,20.899999618530273,20.399999618530273,20.700000762939453,7267200
2025-10-17,18.752113342285156,19.399999618530273,20.299999237060547,19.399999618530273,20.200000762939453,26986700
2025-10-20,19.23541259765625,19.899999618530273,20.200000762939453,19.700000762939453,19.799999237060547,14709400
2025-10-21,19.23541259765625,19.899999618530273,20.299999237060547,19.799999237060547,20.0,11908900
2025-10-22,20.008697509765625,20.700000762939453,20.899999618530273,19.799999237060547,19.899999618530273,17709100
2025-10-24,20.298677444458008,21.0,21.100000381469727,20.700000762939453,20.899999618530273,11113500
2025-10-27,19.81537628173828,20.5,21.5,20.5,21.200000762939453,22555400
2025-10-28,19.81537628173828,20.5,21.0,20.399999618530273,20.5,13870600
2025-10-29,18.945432662963867,19.600000381469727,20.5,19.600000381469727,20.5,20570500
2025-10-30,19.04209327697754,19.700000762939453,20.0,19.600000381469727,19.600000381469727,15780300
2025-10-31,18.46213150024414,19.100000381469727,19.799999237060547,19.100000381469727,19.700000762939453,20786800
2025-11-03,17.882169723510742,18.5,19.399999618530273,18.299999237060547,19.200000762939453,38450300
2025-11-04,17.398868560791016,18.0,18.600000381469727,17.700000762939453,18.5,33549800
2025-11-05,17.10888671875,17.700000762939453,18.0,17.399999618530273,17.799999237060547,27296000
2025-11-06,17.398868560791016,18.0,18.100000381469727,17.100000381469727,18.0,29885200
2025-11-07,17.20554542541504,17.799999237060547,18.100000381469727,17.700000762939453,17.899999618530273,13780200
2025-11-10,17.495527267456055,18.100000381469727,18.5,17.799999237060547,17.799999237060547,15213800
2025-11-11,17.012224197387695,17.600000381469727,18.299999237060547,17.5,18.200000762939453,13835600
2025-11-12,15.948959350585938,16.5,17.700000762939453,16.5,17.700000762939453,39428900
2025-11-13,16.43226432800293,17.0,17.100000381469727,16.600000381469727,16.600000381469727,12679300
2025-11-14,16.23893928527832,16.799999237060547,17.0,16.5,16.700000762939453,11496600
2025-11-17,16.62558364868164,17.200000762939453,17.5,16.700000762939453,16.899999618530273,12818000
2025-11-18,16.335601806640625,16.899999618530273,17.100000381469727,16.700000762939453,17.0,11593300
2025-11-19,16.045621871948242,16.600000381469727,16.899999618530273,16.600000381469727,16.799999237060547,14457600
2025-11-20,16.045621871948242,16.600000381469727,17.200000762939453,16.5,16.700000762939453,18937000
2025-11-21,15.562318801879883,16.100000381469727,16.5,16.0,16.5,20658300
2025-11-24,15.562318801879883,16.100000381469727,16.299999237060547,16.0,16.200000762939453,14279900
2025-11-25,15.440166473388672,15.800000190734863,16.100000381469727,15.300000190734863,16.0,35956600
2025-11-26,14.756108283996582,15.100000381469727,15.899999618530273,14.899999618530273,15.899999618530273,33104900
2025-11-27,14.85383129119873,15.199999809265137,15.5,15.0,15.199999809265137,18050000
2025-11-28,15.049276351928711,15.399999618530273,15.399999618530273,14.899999618530273,15.199999809265137,24283600
2025-12-01,15.146998405456543,15.5,15.800000190734863,15.199999809265137,15.300000190734863,26299200
2025-12-02,15.146998405456543,15.5,15.800000190734863,15.399999618530273,15.5,22360800
2025-12-03,15.146998405456543,15.5,15.800000190734863,15.199999809265137,15.600000381469727,29637200
2025-12-04,14.951553344726562,15.300000190734863,15.800000190734863,15.300000190734863,15.5,14770600
2025-12-08,14.85383129119873,15.199999809265137,15.399999618530273,15.0,15.300000190734863,17457800
2025-12-09,14.756108283996582,15.100000381469727,15.300000190734863,15.0,15.100000381469727,12378700
2025-12-11,14.462940216064453,14.800000190734863,15.300000190734863,14.600000381469727,15.300000190734863,20142600
2025-12-12,15.049276351928711,15.399999618530273,15.5,14.800000190734863,14.800000190734863,27397700
2025-12-15,15.440166473388672,15.800000190734863,16.0,15.0,15.399999618530273,26825600
2025-12-16,15.342443466186523,15.699999809265137,16.200000762939453,15.600000381469727,16.100000381469727,40219900
2025-12-17,15.440166473388672,15.800000190734863,16.100000381469727,15.699999809265137,15.800000190734863,21814300
2025-12-18,14.85383129119873,15.199999809265137,16.0,15.0,15.899999618530273,29126800
2025-12-19,14.951553344726562,15.300000190734863,15.5,15.199999809265137,15.399999618530273,15658700
2025-12-22,15.342443466186523,15.699999809265137,15.899999618530273,15.399999618530273,15.399999618530273,28750800
2025-12-23,15.440166473388672,15.800000190734863,16.100000381469727,15.600000381469727,15.899999618530273,24718800
2025-12-24,16.124223709106445,16.5,16.600000381469727,15.699999809265137,15.800000190734863,40732400
2025-12-25,15.831056594848633,16.200000762939453,16.5,16.200000762939453,16.5,12467000
2025-12-26,15.7333345413208,16.100000381469727,16.299999237060547,15.800000190734863,16.200000762939453,17252300
2025-12-29,15.831056594848633,16.200000762939453,16.399999618530273,16.0,16.200000762939453,13995300
2025-12-30,15.7333345413208,16.100000381469727,16.200000762939453,15.899999618530273,16.100000381469727,12556900
2026-01-05,15.831056594848633,16.200000762939453,16.600000381469727,16.0,16.399999618530273,20124300
2026-01-06,15.635610580444336,16.0,16.299999237060547,16.0,16.200000762939453,10839300
2026-01-07,16.710559844970703,17.100000381469727,17.399999618530273,16.0,16.0,72745200
2026-01-08,16.319669723510742,16.700000762939453,17.100000381469727,16.600000381469727,16.899999618530273,20087300
2026-01-09,16.41739273071289,16.799999237060547,17.100000381469727,16.700000762939453,16.799999237060547,18620300
2026-01-12,16.02650260925293,16.399999618530273,17.0,16.399999618530273,16.899999618530273,22337600
2026-01-13,16.319669723510742,16.700000762939453,17.0,16.600000381469727,16.600000381469727,23892700
2026-01-14,16.710559844970703,17.100000381469727,17.299999237060547,16.799999237060547,16.899999618530273,27169800
2026-01-15,17.687786102294922,18.100000381469727,18.200000762939453,17.100000381469727,17.200000762939453,44817200
2026-01-16,18.17639923095703,18.600000381469727,18.799999237060547,18.200000762939453,18.399999618530273,37603900
2026-01-19,18.762733459472656,19.200000762939453,19.299999237060547,18.5,18.5,30588700
2026-01-20,18.762733459472656,19.200000762939453,19.399999618530273,19.0,19.200000762939453,26693500
2026-01-21,19.15362548828125,19.600000381469727,19.600000381469727,19.100000381469727,19.100000381469727,22678000
2026-01-22,18.860456466674805,19.299999237060547,19.700000762939453,19.100000381469727,19.700000762939453,22722300
2026-01-23,18.958179473876953,19.399999618530273,19.799999237060547,19.299999237060547,19.5,15479400
2026-01-26,19.15362548828125,19.600000381469727,19.700000762939453,19.100000381469727,19.299999237060547,16866700
2026-01-27,19.34906768798828,19.799999237060547,20.0,19.5,19.600000381469727,21436800
2026-01-28,21.010353088378906,21.5,21.700000762939453,20.100000381469727,20.200000762939453,79574800
2026-01-29,20.521738052368164,21.0,21.5,20.700000762939453,21.5,22757100
2026-01-30,19.93540382385254,20.399999618530273,20.799999237060547,20.100000381469727,20.799999237060547,25303400
2026-02-02,19.642236709594727,20.100000381469727,20.399999618530273,19.799999237060547,20.100000381469727,23237800
2026-02-03,19.446792602539062,19.899999618530273,20.399999618530273,19.299999237060547,20.399999618530273,69792000
2026-02-04,20.521738052368164,21.0,21.100000381469727,19.899999618530273,20.0,42989900
2026-02-05,20.717187881469727,21.200000762939453,21.200000762939453,20.700000762939453,21.100000381469727,21224700
2026-02-06,20.81490707397461,21.299999237060547,21.399999618530273,20.899999618530273,21.0,14456200
2026-02-09,21.205799102783203,21.700000762939453,22.299999237060547,21.5,22.0,46547400
2026-02-10,21.596689224243164,22.100000381469727,22.100000381469727,21.5,22.0,26413300
2026-02-11,21.694412231445312,22.200000762939453,22.799999237060547,22.100000381469727,22.700000762939453,34159500
2026-02-12,22.378467559814453,22.899999618530273,22.899999618530273,22.0,22.100000381469727,23662500
2026-02-13,22.08530044555664,22.600000381469727,23.0,22.5,22.799999237060547,17372000
2026-02-16,22.378467559814453,22.899999618530273,23.100000381469727,22.399999618530273,22.700000762939453,14261500
2026-02-17,22.6716365814209,23.200000762939453,23.299999237060547,22.600000381469727,22.899999618530273,17864100
2026-02-18,22.6716365814209,23.200000762939453,23.299999237060547,22.600000381469727,23.200000762939453,12033100
2026-02-19,22.6716365814209,23.200000762939453,23.399999618530273,23.100000381469727,23.200000762939453,9909100
2026-02-20,22.476192474365234,23.0,23.200000762939453,22.600000381469727,23.100000381469727,14336900
2026-02-23,22.378467559814453,22.899999618530273,23.299999237060547,22.600000381469727,23.0,13936100
2026-02-24,22.476192474365234,23.0,23.200000762939453,22.700000762939453,23.0,11753000
2026-02-25,22.964805603027344,23.5,24.299999237060547,23.100000381469727,23.200000762939453,63724000
2026-02-26,22.18302345275879,22.700000762939453,23.299999237060547,22.700000762939453,23.200000762939453,22555100
2026-02-27,22.378467559814453,22.899999618530273,23.700000762939453,22.700000762939453,22.700000762939453,79382900
2026-03-02,20.42401695251465,20.899999618530273,22.399999618530273,20.600000381469727,22.399999618530273,51888200
2026-03-04,18.371841430664062,18.799999237060547,19.299999237060547,17.5,18.5,53693600
2026-03-05,18.762733459472656,19.200000762939453,19.899999618530273,18.0,19.799999237060547,44303800
2026-03-06,18.860456466674805,19.299999237060547,19.799999237060547,18.600000381469727,18.899999618530273,40569900
2026-03-09,18.371841430664062,18.799999237060547,18.899999618530273,17.700000762939453,17.799999237060547,39126200
2026-03-10,18.762733459472656,19.200000762939453,19.399999618530273,18.799999237060547,19.200000762939453,28516500
2026-03-11,18.46956443786621,18.899999618530273,19.600000381469727,18.899999618530273,19.299999237060547,20822500
2026-03-12,19.837682723999023,20.299999237060547,20.600000381469727,18.700000762939453,18.799999237060547,47963600
2026-03-13,19.251346588134766,19.700000762939453,20.200000762939453,19.600000381469727,20.100000381469727,25638000
2026-03-16,19.642236709594727,20.100000381469727,20.200000762939453,19.700000762939453,20.200000762939453,23583100
2026-03-17,21.792131423950195,22.299999237060547,22.700000762939453,21.100000381469727,21.200000762939453,68884100
2026-03-18,22.769359588623047,23.299999237060547,23.799999237060547,22.700000762939453,23.299999237060547,67228000
2026-03-19,23.06252670288086,23.600000381469727,24.0,23.100000381469727,23.700000762939453,65008500
2026-03-20,22.867082595825195,23.399999618530273,23.799999237060547,22.799999237060547,23.799999237060547,44982200
2026-03-23,23.84430694580078,24.399999618530273,24.5,22.5,22.799999237060547,63033100
2026-03-24,21.889854431152344,22.399999618530273,23.899999618530273,22.399999618530273,23.799999237060547,65415500
2026-03-25,21.987579345703125,22.5,22.600000381469727,21.600000381469727,21.799999237060547,61668900
2026-03-26,22.18302345275879,22.700000762939453,23.299999237060547,22.600000381469727,23.200000762939453,51224200
2026-03-27,22.476192474365234,23.0,23.200000762939453,22.799999237060547,23.0,19539500
2026-03-30,24.235198974609375,24.799999237060547,25.25,23.5,23.600000381469727,108138000
2026-03-31,24.674949645996094,25.25,26.0,25.0,25.25,53780000
2026-04-01,24.674949645996094,25.25,25.5,24.399999618530273,24.700000762939453,54809000
2026-04-02,24.43064308166504,25.0,26.0,24.899999618530273,25.75,24998200
2026-04-03,24.039751052856445,24.600000381469727,25.25,24.399999618530273,25.25,21488100
2026-04-07,25.407869338989258,26.0,26.25,24.899999618530273,25.25,40462600
2026-04-08,23.55113983154297,24.100000381469727,24.899999618530273,23.600000381469727,24.0,58031400
2026-04-09,23.84430694580078,24.399999618530273,24.700000762939453,24.200000762939453,24.399999618530273,49604400
2026-04-10,23.942028045654297,24.5,24.600000381469727,24.399999618530273,24.600000381469727,15573600
2026-04-16,24.235198974609375,24.799999237060547,25.25,24.100000381469727,24.200000762939453,32284300
2026-04-17,24.43064308166504,25.0,25.25,24.5,24.899999618530273,31869600
2026-04-20,23.746583938598633,24.299999237060547,25.25,24.299999237060547,25.0,35236800
2026-04-21,23.355693817138672,23.899999618530273,24.600000381469727,23.600000381469727,24.600000381469727,29580700
2026-04-22,23.648862838745117,24.200000762939453,24.399999618530273,23.899999618530273,24.0,17110100
2026-04-23,23.257972717285156,23.799999237060547,24.5,23.700000762939453,24.399999618530273,19804300
2026-04-24,23.355693817138672,23.899999618530273,24.200000762939453,23.5,23.799999237060547,17664900
2026-04-27,24.137475967407227,24.700000762939453,25.0,23.899999618530273,24.0,26812400
2026-04-28,24.91925621032715,25.5,25.75,24.5,24.799999237060547,44486100
2026-04-29,24.91925621032715,25.5,26.25,25.0,25.5,25567900
2026-04-30,25.163562774658203,25.75,26.0,25.5,25.75,20485700
2026-05-01,25.163562774658203,25.75,25.75,25.75,25.75,0
2026-05-04,25.163562774658203,25.75,25.75,25.75,25.75,0
2026-05-05,25.33574676513672,25.75,26.0,25.25,25.75,17940400
2026-05-06,25.33574676513672,25.75,26.25,25.5,25.75,16558000
2026-05-07,23.712291717529297,24.100000381469727,25.75,24.0,25.75,56232800
2026-05-08,23.61389923095703,24.0,24.399999618530273,24.0,24.100000381469727,17611700
2026-05-11,24.007463455200195,24.399999618530273,25.25,24.299999237060547,24.399999618530273,34556400
2026-05-12,23.712291717529297,24.100000381469727,24.700000762939453,24.100000381469727,24.600000381469727,12299500
2026-05-13,24.401029586791992,24.799999237060547,25.0,24.100000381469727,24.200000762939453,22980700
2026-05-14,25.08976936340332,25.5,25.75,24.899999618530273,25.0,19837300
2026-05-15,24.007463455200195,24.399999618530273,26.0,23.899999618530273,25.25,55038100
2026-05-18,23.81068229675293,24.200000762939453,24.5,24.0,24.5,23010100
2026-05-19,24.007463455200195,24.399999618530273,24.700000762939453,24.100000381469727,24.399999618530273,37729800
2026-05-20,24.10585594177246,24.5,24.600000381469727,24.100000381469727,24.200000762939453,21144400
2026-05-21,23.909072875976562,24.299999237060547,24.700000762939453,24.0,24.700000762939453,22963300
2026-05-22,24.302640914916992,24.700000762939453,24.899999618530273,24.299999237060547,24.299999237060547,23391300
2026-05-25,24.302640914916992,24.700000762939453,24.700000762939453,24.0,24.600000381469727,33502300
2026-05-26,24.302640914916992,24.700000762939453,24.700000762939453,24.700000762939453,24.700000762939453,0
2026-05-27,24.10585594177246,24.5,25.25,24.5,25.0,12486000
2026-05-28,24.08108139038086,24.299999237060547,24.5,24.100000381469727,24.399999618530273,9751800
2026-05-29,23.090089797973633,23.299999237060547,24.399999618530273,23.299999237060547,24.299999237060547,45693400
2026-06-01,23.090089797973633,23.299999237060547,23.299999237060547,23.299999237060547,23.299999237060547,0
2026-06-02,23.68468475341797,23.899999618530273,24.200000762939453,23.5,23.700000762939453,18386400
2026-06-03,23.68468475341797,23.899999618530273,23.899999618530273,23.899999618530273,23.899999618530273,0
2026-06-04,23.387388229370117,23.600000381469727,24.100000381469727,23.600000381469727,23.799999237060547,10921800
2026-06-05,22.990991592407227,23.200000762939453,23.700000762939453,23.100000381469727,23.700000762939453,19933200
2026-06-08,22.693693161010742,22.899999618530273,23.399999618530273,22.799999237060547,23.0,17940100
2026-06-09,22.39639663696289,22.600000381469727,23.200000762939453,22.5,23.0,15458500
2026-06-10,22.198198318481445,22.399999618530273,22.700000762939453,22.100000381469727,22.5,20474000
2026-06-11,22.990991592407227,23.200000762939453,23.5,22.399999618530273,22.399999618530273,31483200
2026-06-12,22.39639663696289,22.600000381469727,23.200000762939453,22.5,23.200000762939453,19502600
2026-06-15,21.60360336303711,21.799999237060547,22.5,21.600000381469727,22.5,34962500
2026-06-16,21.801801681518555,22.0,22.299999237060547,21.899999618530273,22.0,20139300
2026-06-17,22.0,22.200000762939453,22.200000762939453,21.899999618530273,22.100000381469727,12863600
2026-06-18,21.900901794433594,22.100000381469727,22.399999618530273,21.899999618530273,22.100000381469727,12533600
2026-06-19,22.099098205566406,22.299999237060547,22.5,21.899999618530273,22.200000762939453,27439400
2026-06-22,21.801801681518555,22.0,22.299999237060547,21.600000381469727,22.299999237060547,23443300
2026-06-23,20.909910202026367,21.100000381469727,21.899999618530273,20.899999618530273,21.799999237060547,40885700
2026-06-24,20.810810089111328,21.0,21.399999618530273,20.799999237060547,21.0,19255400
2026-06-25,20.810810089111328,21.0,21.200000762939453,20.600000381469727,20.700000762939453,17641600
2026-06-26,20.909910202026367,21.100000381469727,21.299999237060547,20.799999237060547,21.100000381469727,15823300
2026-06-29,21.60360336303711,21.799999237060547,22.100000381469727,21.0,21.299999237060547,33497500
2026-06-30,21.801801681518555,22.0,22.299999237060547,21.600000381469727,21.799999237060547,25301100
2026-07-01,22.198198318481445,22.399999618530273,22.600000381469727,22.100000381469727,22.200000762939453,32881200
2026-07-02,22.49549674987793,22.700000762939453,23.0,22.399999618530273,22.700000762939453,26874800
2026-07-03,22.891891479492188,23.100000381469727,23.5,22.899999618530273,22.899999618530273,24554400
2026-07-06,22.990991592407227,23.200000762939453,23.600000381469727,23.100000381469727,23.100000381469727,19993000
2026-07-07,22.693693161010742,22.899999618530273,23.399999618530273,22.700000762939453,23.100000381469727,18335800
2026-07-08,22.39639663696289,22.600000381469727,23.5,22.600000381469727,23.399999618530273,29004600
2026-07-09,22.49549674987793,22.700000762939453,22.799999237060547,22.399999618530273,22.799999237060547,15531300
2026-07-10,22.693693161010742,22.899999618530273,23.0,22.600000381469727,22.700000762939453,18395900
2026-07-13,22.891891479492188,23.100000381469727,23.200000762939453,22.799999237060547,23.100000381469727,18846500
2026-07-14,22.990991592407227,23.200000762939453,23.600000381469727,23.200000762939453,23.200000762939453,19968100
2026-07-15,23.58558464050293,23.799999237060547,23.799999237060547,23.299999237060547,23.299999237060547,36146000
2026-07-16,24.7747745513916,25.0,25.25,24.399999618530273,24.5,81499400
2026-07-17,24.279279708862305,24.5,25.0,24.200000762939453,25.0,51549400
2026-07-20,24.378379821777344,24.600000381469727,25.25,24.600000381469727,25.0,40883000
2026-07-21,24.576576232910156,24.799999237060547,25.25,24.5,24.600000381469727,32468700
2026-07-22,25.02252197265625,25.25,25.5,24.799999237060547,25.0,40054600
2026-07-23,25.27027130126953,25.5,25.75,25.25,25.5,43899800
2026-07-24,24.576576232910156,24.799999237060547,25.5,24.600000381469727,25.25,30241100
2026-07-27,23.882883071899414,24.100000381469727,24.799999237060547,24.0,24.5,26774000
2026-07-28,23.882883071899414,24.100000381469727,24.100000381469727,24.100000381469727,24.100000381469727,0
2026-07-29,23.882883071899414,24.100000381469727,24.100000381469727,24.100000381469727,24.100000381469727,0
2026-07-30,21.60360336303711,21.799999237060547,23.200000762939453,21.700000762939453,23.100000381469727,72853300
2026-07-31,21.900901794433594,22.100000381469727,22.200000762939453,21.799999237060547,22.100000381469727,30022800
2026-08-03,21.702701568603516,21.899999618530273,22.100000381469727,21.700000762939453,22.100000381469727,17349400
2026-08-04,21.801801681518555,22.0,22.200000762939453,21.799999237060547,22.0,28607700
2026-08-05,21.702701568603516,21.899999618530273,22.299999237060547,21.700000762939453,21.799999237060547,27233500
2026-08-06,21.702701568603516,21.899999618530273,22.100000381469727,21.700000762939453,21.899999618530273,15109400
2026-08-07,21.900901794433594,22.100000381469727,22.399999618530273,21.899999618530273,22.0,39095600
2026-08-10,21.801801681518555,22.0,22.299999237060547,22.0,22.200000762939453,16924400
2026-08-11,21.801801681518555,22.0,22.799999237060547,21.899999618530273,22.100000381469727,96666500
2026-08-12,21.801801681518555,22.0,22.0,22.0,22.0,0
2026-08-13,21.306306838989258,21.5,22.100000381469727,21.5,22.100000381469727,48274800
2026-08-14,21.009010314941406,21.200000762939453,21.799999237060547,21.0,21.600000381469727,50057000
2026-08-17,21.504505157470703,21.700000762939453,21.799999237060547,21.299999237060547,21.399999618530273,27728600
2026-08-18,21.801801681518555,22.0,22.200000762939453,21.600000381469727,21.700000762939453,44070600
2026-08-19,21.60360336303711,21.799999237060547,22.100000381469727,21.700000762939453,21.799999237060547,22778300
2026-08-20,21.405405044555664,21.600000381469727,22.0,21.5,21.899999618530273,21290400
2026-08-21,21.801801681518555,22.0,22.299999237060547,21.799999237060547,21.799999237060547,61786000
2026-08-24,21.801801681518555,22.0,22.200000762939453,21.799999237060547,21.899999618530273,19953200
2026-08-25,21.60360336303711,21.799999237060547,22.200000762939453,21.799999237060547,22.100000381469727,26025800
2026-08-26,22.0,22.200000762939453,22.200000762939453,21.700000762939453,21.799999237060547,55206600
2026-08-27,22.5,22.5,22.600000381469727,21.899999618530273,22.0,45106900
