Date,Adj Close,Close,High,Low,Open,Volume
2016-08-26,1.2667286396026611,5.699999809265137,5.75,5.650000095367432,5.699999809265137,18376900
2016-08-29,1.2445054054260254,5.599999904632568,5.75,5.599999904632568,5.699999809265137,17497900
2016-08-30,1.2556171417236328,5.650000095367432,5.699999809265137,5.599999904632568,5.599999904632568,32329300
2016-08-31,1.2445054054260254,5.599999904632568,5.699999809265137,5.5,5.650000095367432,72788400
2016-09-01,1.2111703157424927,5.449999809265137,5.650000095367432,5.449999809265137,5.650000095367432,97678900
2016-09-02,1.2222821712493896,5.5,5.550000190734863,5.449999809265137,5.449999809265137,63682300
2016-09-05,1.2000588178634644,5.400000095367432,5.650000095367432,5.099999904632568,5.550000190734863,157872000
2016-09-06,1.2556171417236328,5.650000095367432,5.650000095367432,5.349999904632568,5.349999904632568,64725600
2016-09-07,1.2778406143188477,5.75,5.949999809265137,5.650000095367432,5.650000095367432,216586100
2016-09-08,1.2222821712493896,5.5,5.800000190734863,5.5,5.75,166222300
2016-09-09,1.2222821712493896,5.5,5.650000095367432,5.400000095367432,5.5,119240900
2016-09-12,1.288952112197876,5.800000190734863,5.800000190734863,5.449999809265137,5.5,227218300
2016-09-13,1.3222869634628296,5.949999809265137,6.050000190734863,5.849999904632568,6.0,203317400
2016-09-14,1.433403491973877,6.449999809265137,6.449999809265137,6.050000190734863,6.099999904632568,764249400
2016-09-15,1.4111801385879517,6.349999904632568,6.599999904632568,6.349999904632568,6.550000190734863,342629400
2016-09-16,1.4778501987457275,6.650000095367432,6.75,6.449999809265137,6.449999809265137,471238600
2016-09-19,1.6000783443450928,7.199999809265137,7.300000190734863,7.0,7.050000190734863,2280
2016-09-20,1.6111900806427002,7.25,7.300000190734863,7.199999809265137,7.25,446797400
2016-09-21,1.644525170326233,7.400000095367432,7.699999809265137,7.25,7.25,381401100
2016-09-22,1.644525170326233,7.400000095367432,7.650000095367432,7.349999904632568,7.449999809265137,152239200
2016-09-23,1.6223019361495972,7.300000190734863,7.449999809265137,7.300000190734863,7.349999904632568,118429400
2016-09-26,1.6334131956100464,7.349999904632568,7.400000095367432,7.25,7.349999904632568,79398200
2016-09-27,1.6334131956100464,7.349999904632568,7.5,7.300000190734863,7.349999904632568,61469500
2016-09-28,1.6111900806427002,7.25,7.400000095367432,7.25,7.400000095367432,37457800
2016-09-29,1.6111900806427002,7.25,7.400000095367432,7.25,7.300000190734863,48130100
2016-09-30,1.6000783443450928,7.199999809265137,7.300000190734863,7.199999809265137,7.25,29143700
2016-10-03,1.6000783443450928,7.199999809265137,7.25,7.199999809265137,7.25,7869300
2016-10-04,1.6000783443450928,7.199999809265137,7.300000190734863,7.199999809265137,7.199999809265137,53579100
2016-10-05,1.6000783443450928,7.199999809265137,7.25,7.199999809265137,7.25,30912000
2016-10-06,1.6000783443450928,7.199999809265137,7.25,7.199999809265137,7.25,32579000
2016-10-07,1.6000783443450928,7.199999809265137,7.25,7.199999809265137,7.25,15687200
2016-10-10,1.6000783443450928,7.199999809265137,7.25,7.150000095367432,7.199999809265137,56994200
2016-10-11,1.6000783443450928,7.199999809265137,7.25,7.199999809265137,7.199999809265137,51147400
2016-10-12,1.588966727256775,7.150000095367432,7.25,7.099999904632568,7.199999809265137,126498900
2016-10-13,1.6000783443450928,7.199999809265137,7.25,7.150000095367432,7.150000095367432,52519500
2016-10-14,1.6111900806427002,7.25,7.25,7.199999809265137,7.25,25218500
2016-10-17,1.6111900806427002,7.25,7.25,7.199999809265137,7.25,18925800
2016-10-18,1.6111900806427002,7.25,7.25,7.199999809265137,7.25,68197600
2016-10-19,1.6000783443450928,7.199999809265137,7.25,7.199999809265137,7.25,13135800
2016-10-20,1.6000783443450928,7.199999809265137,7.25,7.199999809265137,7.25,9049600
2016-10-21,1.6111900806427002,7.25,7.25,7.199999809265137,7.199999809265137,29308700
2016-10-25,1.6000783443450928,7.199999809265137,7.25,7.199999809265137,7.25,10767200
2016-10-26,1.6111900806427002,7.25,7.25,7.199999809265137,7.25,12324700
2016-10-27,1.7667531967163086,7.949999809265137,7.949999809265137,7.199999809265137,7.25,328589700
2016-10-28,1.8000880479812622,8.100000381469727,8.800000190734863,8.0,8.050000190734863,493737900
2016-10-31,1.8556462526321411,8.350000381469727,8.550000190734863,8.149999618530273,8.149999618530273,169422200
2016-11-01,1.8556462526321411,8.350000381469727,8.550000190734863,8.300000190734863,8.399999618530273,92001900
2016-11-02,1.8667582273483276,8.399999618530273,8.699999809265137,8.350000381469727,8.399999618530273,159074900
2016-11-03,1.8889816999435425,8.5,8.699999809265137,8.399999618530273,8.399999618530273,104888000
2016-11-04,1.988986611366272,8.949999809265137,8.949999809265137,8.5,8.550000190734863,208998700
2016-11-07,2.1667728424072266,9.75,9.800000190734863,9.050000190734863,9.050000190734863,433184400
2016-11-08,2.1445491313934326,9.649999618530273,10.199999809265137,9.300000190734863,9.949999809265137,356970800
2016-11-09,2.1334378719329834,9.600000381469727,9.800000190734863,9.5,9.550000190734863,177367200
2016-11-10,2.0556561946868896,9.25,10.199999809265137,9.25,9.699999809265137,406410600
2016-11-11,1.833423376083374,8.25,9.399999618530273,7.75,9.300000190734863,724697800
2016-11-14,1.833423376083374,8.25,8.350000381469727,7.900000095367432,8.0,113540900
2016-11-15,1.8445348739624023,8.300000190734863,8.600000381469727,8.300000190734863,8.350000381469727,171352100
2016-11-16,1.7889763116836548,8.050000190734863,8.399999618530273,8.050000190734863,8.350000381469727,65382400
2016-11-17,1.644525170326233,7.400000095367432,8.25,7.300000190734863,8.149999618530273,148594200
2016-11-18,1.7334182262420654,7.800000190734863,7.800000190734863,7.349999904632568,7.349999904632568,145007400
2016-11-21,1.688971757888794,7.599999904632568,7.849999904632568,7.550000190734863,7.699999809265137,95317100
2016-11-22,1.813660740852356,8.0,8.100000381469727,7.5,7.599999904632568,137745500
2016-11-23,1.7796547412872314,7.849999904632568,8.350000381469727,7.599999904632568,8.199999809265137,247459300
2016-11-24,1.756983757019043,7.75,7.949999809265137,7.699999809265137,7.900000095367432,56111400
2016-11-25,1.7343131303787231,7.650000095367432,7.849999904632568,7.650000095367432,7.75,42500400
2016-11-28,1.7116423845291138,7.550000190734863,7.75,7.550000190734863,7.699999809265137,18693800
2016-11-29,1.7116423845291138,7.550000190734863,7.699999809265137,7.5,7.599999904632568,50397800
2016-11-30,1.7229777574539185,7.599999904632568,7.699999809265137,7.400000095367432,7.449999809265137,55070500
2016-12-01,1.7229777574539185,7.599999904632568,7.699999809265137,7.550000190734863,7.650000095367432,38872000
2016-12-02,1.7116423845291138,7.550000190734863,7.800000190734863,7.550000190734863,7.599999904632568,79986200
2016-12-06,1.7343131303787231,7.650000095367432,7.699999809265137,7.449999809265137,7.599999904632568,34832500
2016-12-07,1.8023254871368408,7.949999809265137,7.949999809265137,7.650000095367432,7.699999809265137,146944100
2016-12-08,1.847666621208191,8.149999618530273,8.350000381469727,7.949999809265137,8.100000381469727,256264600
2016-12-09,1.8816734552383423,8.300000190734863,8.399999618530273,8.199999809265137,8.25,107067700
2016-12-13,1.9043437242507935,8.399999618530273,8.550000190734863,8.300000190734863,8.350000381469727,122277000
2016-12-14,1.9043437242507935,8.399999618530273,8.550000190734863,8.350000381469727,8.5,94612300
2016-12-15,1.9383500814437866,8.550000190734863,8.649999618530273,8.350000381469727,8.399999618530273,145275600
2016-12-16,1.9496855735778809,8.600000381469727,8.699999809265137,8.5,8.600000381469727,157312300
2016-12-19,1.8816734552383423,8.300000190734863,8.699999809265137,8.300000190734863,8.649999618530273,101324200
2016-12-20,1.756983757019043,7.75,8.25,7.75,8.199999809265137,82805000
2016-12-21,1.7909901142120361,7.900000095367432,8.050000190734863,7.800000190734863,7.800000190734863,60183300
2016-12-22,1.756983757019043,7.75,7.949999809265137,7.75,7.900000095367432,19516700
2016-12-23,1.7796547412872314,7.849999904632568,7.949999809265137,7.75,7.75,24945500
2016-12-26,1.756983757019043,7.75,7.900000095367432,7.75,7.900000095367432,18276900
2016-12-27,1.756983757019043,7.75,7.849999904632568,7.650000095367432,7.75,13495400
2016-12-28,1.7796547412872314,7.849999904632568,7.900000095367432,7.75,7.75,12543800
2016-12-29,1.8249961137771606,8.050000190734863,8.149999618530273,7.900000095367432,7.900000095367432,44870600
2016-12-30,1.7909901142120361,7.900000095367432,8.050000190734863,7.849999904632568,8.050000190734863,22381400
2017-01-04,1.7796547412872314,7.849999904632568,8.100000381469727,7.849999904632568,7.949999809265137,67412300
2017-01-05,1.7909901142120361,7.900000095367432,8.050000190734863,7.900000095367432,7.900000095367432,29112200
2017-01-06,1.7796547412872314,7.849999904632568,7.949999809265137,7.800000190734863,7.900000095367432,26936300
2017-01-09,1.8023254871368408,7.949999809265137,8.050000190734863,7.849999904632568,7.849999904632568,27287000
2017-01-10,1.8023254871368408,7.949999809265137,8.050000190734863,7.900000095367432,7.900000095367432,12340400
2017-01-11,1.8590022325515747,8.199999809265137,8.350000381469727,7.949999809265137,8.0,104891100
2017-01-12,1.8590022325515747,8.199999809265137,8.300000190734863,8.149999618530273,8.199999809265137,46818500
2017-01-16,2.0290331840515137,8.949999809265137,9.100000381469727,8.800000190734863,8.850000381469727,221026400
2017-01-17,1.9383500814437866,8.550000190734863,9.050000190734863,8.5,9.0,175221100
2017-01-18,1.9950268268585205,8.800000190734863,9.0,8.550000190734863,8.550000190734863,197638700
2017-01-19,1.961020827293396,8.649999618530273,8.850000381469727,8.600000381469727,8.75,64945600
2017-01-20,2.006362199783325,8.850000381469727,8.949999809265137,8.649999618530273,8.649999618530273,102006200
2017-01-23,2.0630390644073486,9.100000381469727,9.100000381469727,8.850000381469727,8.850000381469727,169905000
2017-01-24,2.0743746757507324,9.149999618530273,9.199999809265137,8.949999809265137,9.149999618530273,117353100
2017-01-25,1.9950268268585205,8.800000190734863,9.199999809265137,8.800000190734863,9.199999809265137,122582500
2017-01-26,1.9723560810089111,8.699999809265137,8.949999809265137,8.699999809265137,8.850000381469727,91157600
2017-01-27,2.006362199783325,8.850000381469727,8.949999809265137,8.649999618530273,8.699999809265137,105595700
2017-01-30,1.9723560810089111,8.699999809265137,9.0,8.699999809265137,8.850000381469727,75366300
2017-01-31,1.9950268268585205,8.800000190734863,8.899999618530273,8.699999809265137,8.75,92925600
2017-02-01,2.0630390644073486,9.100000381469727,9.100000381469727,8.800000190734863,8.800000190734863,208115700
2017-02-02,2.0290331840515137,8.949999809265137,9.25,8.949999809265137,9.100000381469727,210340600
2017-02-03,2.0290331840515137,8.949999809265137,9.050000190734863,8.899999618530273,9.0,111437700
2017-02-06,2.0630390644073486,9.100000381469727,9.100000381469727,9.0,9.0,67659800
2017-02-07,2.051704168319702,9.050000190734863,9.149999618530273,9.050000190734863,9.100000381469727,85501200
2017-02-08,2.051704168319702,9.050000190734863,9.149999618530273,9.0,9.100000381469727,72492400
2017-02-09,2.0403685569763184,9.0,9.149999618530273,9.0,9.050000190734863,68117600
2017-02-10,2.0630390644073486,9.100000381469727,9.199999809265137,9.050000190734863,9.050000190734863,94302200
2017-02-14,2.0630390644073486,9.100000381469727,9.199999809265137,9.050000190734863,9.100000381469727,50829600
2017-02-15,2.1083805561065674,9.300000190734863,9.350000381469727,9.149999618530273,9.199999809265137,142841300
2017-02-16,2.1423869132995605,9.449999809265137,9.449999809265137,9.300000190734863,9.300000190734863,95667200
2017-02-17,2.153722047805786,9.5,9.600000381469727,9.449999809265137,9.5,78367900
2017-02-20,2.119716167449951,9.350000381469727,9.649999618530273,9.199999809265137,9.600000381469727,254584800
2017-02-21,1.9723560810089111,8.699999809265137,9.5,8.699999809265137,9.5,266556100
2017-02-22,2.0403685569763184,9.0,9.0,8.699999809265137,8.800000190734863,132905200
2017-02-23,2.006362199783325,8.850000381469727,8.949999809265137,8.800000190734863,8.949999809265137,56432200
2017-02-24,1.9950268268585205,8.800000190734863,8.949999809265137,8.699999809265137,8.850000381469727,60023600
2017-02-27,1.9950268268585205,8.800000190734863,8.850000381469727,8.75,8.800000190734863,29030900
2017-02-28,1.9950268268585205,8.800000190734863,8.949999809265137,8.800000190734863,8.800000190734863,43156400
2017-03-01,2.01769757270813,8.899999618530273,8.899999618530273,8.800000190734863,8.850000381469727,29756600
2017-03-02,2.0290331840515137,8.949999809265137,9.050000190734863,8.899999618530273,8.949999809265137,52607900
2017-03-03,2.006362199783325,8.850000381469727,8.899999618530273,8.850000381469727,8.899999618530273,28804900
2017-03-06,2.006362199783325,8.850000381469727,8.949999809265137,8.800000190734863,8.899999618530273,17666300
2017-03-07,1.9950268268585205,8.800000190734863,8.899999618530273,8.800000190734863,8.850000381469727,15704900
2017-03-08,1.9723560810089111,8.699999809265137,8.899999618530273,8.649999618530273,8.850000381469727,56184700
2017-03-09,1.9496855735778809,8.600000381469727,8.75,8.600000381469727,8.649999618530273,22608400
2017-03-10,1.9043437242507935,8.399999618530273,8.699999809265137,8.399999618530273,8.600000381469727,35624800
2017-03-13,1.8249961137771606,8.050000190734863,8.449999809265137,8.050000190734863,8.399999618530273,45110900
2017-03-14,1.9383500814437866,8.550000190734863,8.600000381469727,8.0,8.050000190734863,47356900
2017-03-15,1.9043437242507935,8.399999618530273,8.550000190734863,8.300000190734863,8.550000190734863,28703600
2017-03-16,1.9496855735778809,8.600000381469727,8.649999618530273,8.5,8.5,37379700
2017-03-17,1.9383500814437866,8.550000190734863,8.800000190734863,8.550000190734863,8.600000381469727,123358700
2017-03-20,1.9156793355941772,8.449999809265137,8.649999618530273,8.449999809265137,8.600000381469727,44152800
2017-03-21,1.9270148277282715,8.5,8.550000190734863,8.449999809265137,8.5,18417400
2017-03-22,1.9496855735778809,8.600000381469727,8.649999618530273,8.449999809265137,8.5,18110300
2017-03-23,1.961020827293396,8.649999618530273,8.75,8.600000381469727,8.600000381469727,37426000
2017-03-24,1.9726934432983398,8.449999809265137,8.5,8.449999809265137,8.449999809265137,16176600
2017-03-27,1.9726934432983398,8.449999809265137,8.550000190734863,8.449999809265137,8.5,8750300
2017-03-28,1.9726934432983398,8.449999809265137,8.550000190734863,8.449999809265137,8.449999809265137,13650400
2017-03-29,1.9843662977218628,8.5,8.600000381469727,8.449999809265137,8.449999809265137,16008900
2017-03-30,1.9843662977218628,8.5,8.550000190734863,8.5,8.5,18306800
2017-03-31,1.9726934432983398,8.449999809265137,8.550000190734863,8.449999809265137,8.5,13057300
2017-04-03,1.9843662977218628,8.5,8.550000190734863,8.449999809265137,8.449999809265137,10073400
2017-04-04,2.066075563430786,8.850000381469727,8.850000381469727,8.5,8.5,83296200
2017-04-05,2.0544025897979736,8.800000190734863,9.0,8.699999809265137,8.850000381469727,133731400
2017-04-07,2.0544025897979736,8.800000190734863,8.899999618530273,8.75,8.800000190734863,20274400
2017-04-10,2.0544025897979736,8.800000190734863,8.949999809265137,8.800000190734863,8.850000381469727,24053900
2017-04-11,2.0777480602264404,8.899999618530273,9.050000190734863,8.899999618530273,9.0,86064400
2017-04-12,2.089421272277832,8.949999809265137,9.0,8.850000381469727,8.949999809265137,19079400
2017-04-17,2.066075563430786,8.850000381469727,8.899999618530273,8.800000190734863,8.899999618530273,26963300
2017-04-18,2.031057357788086,8.699999809265137,8.899999618530273,8.699999809265137,8.850000381469727,24526600
2017-04-19,2.0193846225738525,8.649999618530273,8.800000190734863,8.649999618530273,8.699999809265137,28672300
2017-04-20,2.0193846225738525,8.649999618530273,8.75,8.649999618530273,8.649999618530273,14591900
2017-04-21,2.0193846225738525,8.649999618530273,8.75,8.600000381469727,8.699999809265137,22914400
2017-04-24,2.0544025897979736,8.800000190734863,8.850000381469727,8.649999618530273,8.649999618530273,65883300
2017-04-25,2.0193846225738525,8.649999618530273,8.899999618530273,8.649999618530273,8.800000190734863,58277200
2017-04-26,2.0544025897979736,8.800000190734863,8.800000190734863,8.649999618530273,8.699999809265137,34645000
2017-04-27,2.007711887359619,8.600000381469727,8.949999809265137,8.600000381469727,8.949999809265137,174230700
2017-04-28,2.007711887359619,8.600000381469727,8.899999618530273,8.550000190734863,8.649999618530273,225511400
2017-05-02,1.9843662977218628,8.5,8.649999618530273,8.5,8.600000381469727,42228500
2017-05-03,1.9726934432983398,8.449999809265137,8.600000381469727,8.449999809265137,8.5,32042900
2017-05-04,1.9843662977218628,8.5,8.600000381469727,8.449999809265137,8.5,38473500
2017-05-08,1.9843662977218628,8.5,8.600000381469727,8.5,8.550000190734863,35127300
2017-05-09,1.949347972869873,8.350000381469727,8.649999618530273,8.350000381469727,8.550000190734863,60781300
2017-05-11,1.902657389640808,8.149999618530273,8.449999809265137,8.100000381469727,8.399999618530273,37386300
2017-05-12,1.902657389640808,8.149999618530273,8.25,8.100000381469727,8.149999618530273,19970400
2017-05-15,1.8909844160079956,8.100000381469727,8.100000381469727,8.100000381469727,8.100000381469727,2815500
2017-05-16,1.914330005645752,8.199999809265137,8.25,8.050000190734863,8.100000381469727,25352400
2017-05-17,1.914330005645752,8.199999809265137,8.300000190734863,8.149999618530273,8.199999809265137,30509800
2017-05-18,1.902657389640808,8.149999618530273,8.199999809265137,8.100000381469727,8.149999618530273,14250800
2017-05-19,1.914330005645752,8.199999809265137,8.300000190734863,8.149999618530273,8.149999618530273,27598900
2017-05-22,1.914330005645752,8.199999809265137,8.300000190734863,8.199999809265137,8.25,9274300
2017-05-23,1.93767511844635,8.300000190734863,8.300000190734863,8.149999618530273,8.199999809265137,13024500
2017-05-24,1.9260023832321167,8.25,8.300000190734863,8.199999809265137,8.300000190734863,13816500
2017-05-25,1.914330005645752,8.199999809265137,8.25,8.149999618530273,8.25,13544400
2017-05-26,1.9260023832321167,8.25,8.350000381469727,8.149999618530273,8.199999809265137,39086000
2017-05-29,1.9260023832321167,8.25,8.300000190734863,8.199999809265137,8.25,8513900
2017-05-30,1.9260023832321167,8.25,8.300000190734863,8.149999618530273,8.25,24282200
2017-05-31,1.9260023832321167,8.25,8.300000190734863,8.100000381469727,8.25,15697100
2017-06-01,1.9726934432983398,8.449999809265137,8.449999809265137,8.199999809265137,8.25,53614100
2017-06-02,2.007711887359619,8.600000381469727,8.600000381469727,8.449999809265137,8.449999809265137,83495500
2017-06-05,1.9960390329360962,8.550000190734863,8.649999618530273,8.5,8.600000381469727,34052600
2017-06-06,1.9843662977218628,8.5,8.600000381469727,8.449999809265137,8.550000190734863,16211900
2017-06-07,1.9726934432983398,8.449999809265137,8.550000190734863,8.449999809265137,8.5,11285000
2017-06-08,1.9960390329360962,8.550000190734863,8.600000381469727,8.449999809265137,8.5,24620200
2017-06-09,1.9843662977218628,8.5,8.600000381469727,8.449999809265137,8.550000190734863,12843900
2017-06-12,1.949347972869873,8.350000381469727,8.5,8.350000381469727,8.5,16371500
2017-06-13,1.9726934432983398,8.449999809265137,8.449999809265137,8.350000381469727,8.350000381469727,10449900
2017-06-14,1.9726934432983398,8.449999809265137,8.449999809265137,8.350000381469727,8.449999809265137,8996300
2017-06-15,1.949347972869873,8.350000381469727,8.449999809265137,8.350000381469727,8.449999809265137,5892900
2017-06-16,1.9726934432983398,8.449999809265137,8.550000190734863,8.399999618530273,8.399999618530273,38936500
2017-06-19,1.93767511844635,8.300000190734863,8.449999809265137,8.25,8.449999809265137,29130100
2017-06-20,1.93767511844635,8.300000190734863,8.300000190734863,8.25,8.300000190734863,4770600
2017-06-21,1.9260023832321167,8.25,8.350000381469727,8.25,8.300000190734863,4981600
2017-06-22,1.9260023832321167,8.25,8.300000190734863,8.25,8.300000190734863,4211100
2017-06-23,1.914330005645752,8.199999809265137,8.300000190734863,8.149999618530273,8.300000190734863,8537600
2017-06-26,1.914330005645752,8.199999809265137,8.300000190734863,8.199999809265137,8.199999809265137,5891200
2017-06-27,1.914330005645752,8.199999809265137,8.300000190734863,8.149999618530273,8.199999809265137,14057200
2017-06-28,1.902657389640808,8.149999618530273,8.25,8.149999618530273,8.199999809265137,5271600
2017-06-29,1.902657389640808,8.149999618530273,8.25,8.100000381469727,8.149999618530273,8147900
2017-06-30,1.902657389640808,8.149999618530273,8.199999809265137,8.100000381469727,8.149999618530273,2740400
2017-07-03,1.8909844160079956,8.100000381469727,8.199999809265137,8.100000381469727,8.100000381469727,3750300
2017-07-04,1.902657389640808,8.149999618530273,8.300000190734863,8.100000381469727,8.149999618530273,14526200
2017-07-05,1.8909844160079956,8.100000381469727,8.199999809265137,8.100000381469727,8.149999618530273,8369700
2017-07-06,1.867639183998108,8.0,8.100000381469727,8.0,8.100000381469727,17754400
2017-07-07,1.867639183998108,8.0,8.050000190734863,8.0,8.0,10476800
2017-07-11,1.8442933559417725,7.900000095367432,8.100000381469727,7.900000095367432,8.100000381469727,13880200
2017-07-12,1.83262038230896,7.849999904632568,7.900000095367432,7.650000095367432,7.849999904632568,35953400
2017-07-13,1.8209481239318848,7.800000190734863,7.949999809265137,7.800000190734863,7.900000095367432,15345900
2017-07-14,1.8209481239318848,7.800000190734863,7.900000095367432,7.75,7.800000190734863,13537000
2017-07-17,1.774256944656372,7.599999904632568,7.900000095367432,7.599999904632568,7.800000190734863,41014100
2017-07-18,1.7509113550186157,7.5,7.650000095367432,7.5,7.599999904632568,20417200
2017-07-19,1.7509113550186157,7.5,7.550000190734863,7.400000095367432,7.5,29734600
2017-07-20,1.7625843286514282,7.550000190734863,7.699999809265137,7.550000190734863,7.550000190734863,28918500
2017-07-21,1.774256944656372,7.599999904632568,7.699999809265137,7.550000190734863,7.550000190734863,10711200
2017-07-24,1.774256944656372,7.599999904632568,7.699999809265137,7.599999904632568,7.599999904632568,4966100
2017-07-25,1.774256944656372,7.599999904632568,7.699999809265137,7.550000190734863,7.599999904632568,12026400
2017-07-26,1.785929560661316,7.650000095367432,7.699999809265137,7.550000190734863,7.599999904632568,14861700
2017-07-27,1.774256944656372,7.599999904632568,7.650000095367432,7.550000190734863,7.650000095367432,6961700
2017-07-31,1.7509113550186157,7.5,7.599999904632568,7.5,7.599999904632568,6066300
2017-08-01,1.785929560661316,7.650000095367432,7.650000095367432,7.5,7.5,7444700
2017-08-02,1.902657389640808,8.149999618530273,8.149999618530273,7.599999904632568,7.650000095367432,78836600
2017-08-03,1.914330005645752,8.199999809265137,8.300000190734863,8.100000381469727,8.100000381469727,83214300
2017-08-04,1.914330005645752,8.199999809265137,8.300000190734863,8.149999618530273,8.199999809265137,30413000
2017-08-07,1.8909844160079956,8.100000381469727,8.25,8.050000190734863,8.25,19716700
2017-08-08,1.83262038230896,7.849999904632568,8.050000190734863,7.849999904632568,8.050000190734863,34253100
2017-08-09,1.8559660911560059,7.949999809265137,8.100000381469727,7.849999904632568,7.900000095367432,37122000
2017-08-10,1.8442933559417725,7.900000095367432,8.050000190734863,7.900000095367432,8.0,14589500
2017-08-11,1.83262038230896,7.849999904632568,7.949999809265137,7.800000190734863,7.900000095367432,8677400
2017-08-15,1.8793115615844727,8.050000190734863,8.050000190734863,7.849999904632568,7.900000095367432,19848100
2017-08-16,1.8909844160079956,8.100000381469727,8.149999618530273,8.050000190734863,8.100000381469727,23664500
2017-08-17,1.8909844160079956,8.100000381469727,8.199999809265137,8.100000381469727,8.100000381469727,17199200
2017-08-18,1.8793115615844727,8.050000190734863,8.100000381469727,8.0,8.050000190734863,6038800
2017-08-21,1.867639183998108,8.0,8.100000381469727,7.949999809265137,8.050000190734863,20066600
2017-08-22,1.8796106576919556,7.849999904632568,7.900000095367432,7.75,7.75,15110900
2017-08-23,1.8436945676803589,7.699999809265137,7.849999904632568,7.699999809265137,7.849999904632568,12802600
2017-08-24,1.8436945676803589,7.699999809265137,7.800000190734863,7.650000095367432,7.699999809265137,18023200
2017-08-25,1.831722617149353,7.650000095367432,7.800000190734863,7.599999904632568,7.699999809265137,19377600
2017-08-28,1.8436945676803589,7.699999809265137,7.699999809265137,7.699999809265137,7.699999809265137,1475200
2017-08-29,1.8796106576919556,7.849999904632568,7.900000095367432,7.699999809265137,7.699999809265137,38261300
2017-08-30,1.855666995048523,7.75,7.900000095367432,7.75,7.849999904632568,19633000
2017-08-31,1.867639183998108,7.800000190734863,7.900000095367432,7.75,7.75,15404200
2017-09-01,1.9274990558624268,8.050000190734863,8.149999618530273,7.75,7.800000190734863,78580700
2017-09-04,1.9274990558624268,8.050000190734863,8.100000381469727,8.0,8.050000190734863,26830800
2017-09-05,1.9873592853546143,8.300000190734863,8.300000190734863,8.0,8.050000190734863,84965400
2017-09-06,2.011303186416626,8.399999618530273,8.449999809265137,8.199999809265137,8.300000190734863,86558500
2017-09-07,2.023275136947632,8.449999809265137,8.550000190734863,8.350000381469727,8.449999809265137,85884900
2017-09-08,1.9753872156143188,8.25,8.449999809265137,8.25,8.449999809265137,62542500
2017-09-11,1.9873592853546143,8.300000190734863,8.300000190734863,8.199999809265137,8.25,31196500
2017-09-12,2.011303186416626,8.399999618530273,8.449999809265137,8.350000381469727,8.350000381469727,59056400
2017-09-13,1.9993312358856201,8.350000381469727,8.5,8.350000381469727,8.5,24389500
2017-09-14,2.011303186416626,8.399999618530273,8.399999618530273,8.300000190734863,8.350000381469727,15332300
2017-09-15,2.011303186416626,8.399999618530273,8.449999809265137,8.300000190734863,8.399999618530273,16545500
2017-09-18,2.011303186416626,8.399999618530273,8.449999809265137,8.300000190734863,8.399999618530273,40210900
2017-09-19,2.011303186416626,8.399999618530273,8.550000190734863,8.399999618530273,8.449999809265137,68905800
2017-09-20,2.011303186416626,8.399999618530273,8.5,8.350000381469727,8.449999809265137,16864300
2017-09-21,1.9873592853546143,8.300000190734863,8.449999809265137,8.25,8.449999809265137,39442200
2017-09-22,1.9753872156143188,8.25,8.300000190734863,8.199999809265137,8.300000190734863,18771600
2017-09-25,1.9753872156143188,8.25,8.300000190734863,8.199999809265137,8.25,7539400
2017-09-26,1.9753872156143188,8.25,8.399999618530273,8.25,8.300000190734863,23318100
2017-09-27,1.9753872156143188,8.25,8.350000381469727,8.25,8.300000190734863,10987400
2017-09-28,1.963415503501892,8.199999809265137,8.300000190734863,8.149999618530273,8.300000190734863,16726800
2017-09-29,1.963415503501892,8.199999809265137,8.350000381469727,8.149999618530273,8.199999809265137,21217600
2017-10-02,1.963415503501892,8.199999809265137,8.300000190734863,8.199999809265137,8.25,9265200
2017-10-03,1.963415503501892,8.199999809265137,8.25,8.149999618530273,8.25,6893400
2017-10-04,1.9993312358856201,8.350000381469727,8.449999809265137,8.199999809265137,8.25,56010600
2017-10-05,2.011303186416626,8.399999618530273,8.399999618530273,8.300000190734863,8.300000190734863,29488700
2017-10-06,2.011303186416626,8.399999618530273,8.5,8.350000381469727,8.399999618530273,28488600
2017-10-09,1.9873592853546143,8.300000190734863,8.449999809265137,8.300000190734863,8.399999618530273,9364900
2017-10-10,1.9753872156143188,8.25,8.350000381469727,8.25,8.25,11720000
2017-10-11,1.963415503501892,8.199999809265137,8.300000190734863,8.199999809265137,8.199999809265137,27356700
2017-10-12,1.9873592853546143,8.300000190734863,8.350000381469727,8.199999809265137,8.25,23579300
2017-10-16,1.867639183998108,7.800000190734863,8.100000381469727,7.75,8.100000381469727,145649300
2017-10-17,1.855666995048523,7.75,7.900000095367432,7.650000095367432,7.75,42633100
2017-10-18,1.7958065271377563,7.5,7.800000190734863,7.5,7.75,49183900
2017-10-19,1.7958065271377563,7.5,7.699999809265137,7.5,7.5,39069200
2017-10-20,1.7479183673858643,7.300000190734863,7.550000190734863,7.300000190734863,7.5,40162600
2017-10-24,1.783834457397461,7.449999809265137,7.550000190734863,7.400000095367432,7.400000095367432,17719600
2017-10-25,1.7598905563354492,7.349999904632568,7.550000190734863,7.300000190734863,7.5,30246800
2017-10-27,1.783834457397461,7.449999809265137,7.5,7.349999904632568,7.400000095367432,18265700
2017-10-30,1.783834457397461,7.449999809265137,7.5,7.400000095367432,7.449999809265137,5871600
2017-10-31,1.8197506666183472,7.599999904632568,7.699999809265137,7.400000095367432,7.449999809265137,30893800
2017-11-01,1.783834457397461,7.449999809265137,7.699999809265137,7.449999809265137,7.599999904632568,23605800
2017-11-02,1.7598905563354492,7.349999904632568,7.5,7.349999904632568,7.449999809265137,18390700
2017-11-03,1.7718623876571655,7.400000095367432,7.449999809265137,7.300000190734863,7.349999904632568,15896500
2017-11-06,1.7718623876571655,7.400000095367432,7.449999809265137,7.349999904632568,7.400000095367432,6900500
2017-11-07,1.7598905563354492,7.349999904632568,7.400000095367432,7.349999904632568,7.400000095367432,11097400
2017-11-08,1.7718623876571655,7.400000095367432,7.5,7.300000190734863,7.400000095367432,19204200
2017-11-09,1.7479183673858643,7.300000190734863,7.400000095367432,7.25,7.400000095367432,10211200
2017-11-10,1.7718623876571655,7.400000095367432,7.5,7.300000190734863,7.349999904632568,25652500
2017-11-13,1.6880582571029663,7.050000190734863,7.400000095367432,7.0,7.349999904632568,43287200
2017-11-14,1.6880582571029663,7.050000190734863,7.150000095367432,6.650000095367432,7.050000190734863,71827300
2017-11-15,1.65214204788208,6.900000095367432,7.050000190734863,6.849999904632568,7.0,9340300
2017-11-16,1.6880582571029663,7.050000190734863,7.449999809265137,6.949999809265137,6.949999809265137,103363400
2017-11-17,1.7000302076339722,7.099999904632568,7.150000095367432,7.050000190734863,7.050000190734863,8545600
2017-11-20,1.7000302076339722,7.099999904632568,7.199999809265137,7.050000190734863,7.199999809265137,9528300
2017-11-21,1.6760860681533813,7.0,7.0,7.0,7.0,17713800
2017-11-22,1.6641138792037964,6.949999809265137,7.099999904632568,6.949999809265137,7.050000190734863,21242700
2017-11-23,1.6518778800964355,6.75,6.900000095367432,6.75,6.849999904632568,16631100
2017-11-24,1.6518778800964355,6.75,6.849999904632568,6.699999809265137,6.800000190734863,9963300
2017-11-27,1.6274057626724243,6.650000095367432,6.800000190734863,6.650000095367432,6.800000190734863,9212300
2017-11-28,1.6885862350463867,6.900000095367432,6.949999809265137,6.650000095367432,6.650000095367432,19301200
2017-11-29,1.6885862350463867,6.900000095367432,7.050000190734863,6.900000095367432,7.0,21343900
2017-11-30,1.7375308275222778,7.099999904632568,7.099999904632568,6.849999904632568,6.900000095367432,18900000
2017-12-01,1.725295066833496,7.050000190734863,7.150000095367432,7.0,7.099999904632568,10235200
2017-12-04,1.725295066833496,7.050000190734863,7.199999809265137,7.0,7.050000190734863,9879100
2017-12-06,1.725295066833496,7.050000190734863,7.150000095367432,7.0,7.050000190734863,6171900
2017-12-07,1.725295066833496,7.050000190734863,7.199999809265137,6.949999809265137,7.050000190734863,14419300
2017-12-08,1.7130587100982666,7.0,7.099999904632568,6.949999809265137,7.099999904632568,6947300
2017-12-12,1.6885862350463867,6.900000095367432,7.0,6.849999904632568,6.949999809265137,10272700
2017-12-13,1.7130587100982666,7.0,7.050000190734863,6.949999809265137,6.949999809265137,5257500
2017-12-14,1.700822353363037,6.949999809265137,7.050000190734863,6.949999809265137,7.0,2889100
2017-12-15,1.700822353363037,6.949999809265137,7.0,6.900000095367432,7.0,2398800
2017-12-18,1.6885862350463867,6.900000095367432,7.0,6.849999904632568,6.949999809265137,5745100
2017-12-19,1.7130587100982666,7.0,7.099999904632568,6.900000095367432,6.900000095367432,17358500
2017-12-20,1.774239420890808,7.25,7.349999904632568,7.099999904632568,7.099999904632568,68124300
2017-12-21,1.7864751815795898,7.300000190734863,7.300000190734863,7.199999809265137,7.25,14058400
2017-12-22,1.8109475374221802,7.400000095367432,7.449999809265137,7.25,7.300000190734863,23590000
2017-12-25,1.7375308275222778,7.099999904632568,7.400000095367432,7.050000190734863,7.400000095367432,43417700
2017-12-26,1.725295066833496,7.050000190734863,7.199999809265137,7.050000190734863,7.150000095367432,6942700
2017-12-27,1.7375308275222778,7.099999904632568,7.25,7.099999904632568,7.099999904632568,10730700
2017-12-28,1.725295066833496,7.050000190734863,7.150000095367432,7.050000190734863,7.099999904632568,8017700
2017-12-29,1.7375308275222778,7.099999904632568,7.099999904632568,7.050000190734863,7.050000190734863,2589700
2018-01-03,1.7864751815795898,7.300000190734863,7.550000190734863,7.099999904632568,7.099999904632568,60407900
2018-01-04,1.7864751815795898,7.300000190734863,7.449999809265137,7.25,7.349999904632568,19224600
2018-01-05,1.8109475374221802,7.400000095367432,7.5,7.300000190734863,7.300000190734863,25432100
2018-01-08,1.9210726022720337,7.849999904632568,8.0,7.550000190734863,7.550000190734863,199483700
2018-01-09,2.006725788116455,8.199999809265137,8.199999809265137,8.199999809265137,8.199999809265137,12686600
2018-01-10,1.9822535514831543,8.100000381469727,8.25,8.0,8.149999618530273,99674700
2018-01-11,2.006725788116455,8.199999809265137,8.199999809265137,8.0,8.0,52198300
2018-01-12,2.031198024749756,8.300000190734863,8.399999618530273,8.199999809265137,8.25,111869000
2018-01-15,2.0434343814849854,8.350000381469727,8.5,8.300000190734863,8.300000190734863,92651400
2018-01-16,2.0189619064331055,8.25,8.5,8.149999618530273,8.350000381469727,85217200
2018-01-17,1.9700171947479248,8.050000190734863,8.25,8.0,8.25,46610600
2018-01-18,1.9700171947479248,8.050000190734863,8.199999809265137,8.050000190734863,8.050000190734863,15493500
2018-01-19,1.9700171947479248,8.050000190734863,8.100000381469727,8.0,8.100000381469727,12659300
2018-01-22,1.884364366531372,7.699999809265137,8.100000381469727,7.650000095367432,8.050000190734863,82430100
2018-01-23,1.908836841583252,7.800000190734863,7.949999809265137,7.75,7.800000190734863,48883700
2018-01-24,1.9210726022720337,7.849999904632568,8.0,7.800000190734863,7.849999904632568,32350700
2018-01-25,1.8966007232666016,7.75,8.0,7.75,7.849999904632568,33672500
2018-01-26,1.908836841583252,7.800000190734863,8.050000190734863,7.699999809265137,7.75,80245400
2018-01-29,1.9333088397979736,7.900000095367432,8.0,7.849999904632568,7.849999904632568,27243500
2018-01-30,1.908836841583252,7.800000190734863,7.949999809265137,7.800000190734863,7.900000095367432,20940800
2018-01-31,1.8966007232666016,7.75,7.849999904632568,7.75,7.800000190734863,15834500
2018-02-01,1.884364366531372,7.699999809265137,7.800000190734863,7.699999809265137,7.75,17674900
2018-02-02,1.8231840133666992,7.449999809265137,7.75,7.449999809265137,7.75,37680400
2018-02-05,1.7864751815795898,7.300000190734863,7.349999904632568,7.050000190734863,7.199999809265137,45141800
2018-02-06,1.7375308275222778,7.099999904632568,7.25,7.0,7.199999809265137,80873100
2018-02-07,1.7375308275222778,7.099999904632568,7.300000190734863,7.099999904632568,7.25,31606800
2018-02-08,1.7497671842575073,7.150000095367432,7.199999809265137,7.099999904632568,7.150000095367432,21629100
2018-02-09,1.7375308275222778,7.099999904632568,7.199999809265137,7.050000190734863,7.099999904632568,18659700
2018-02-12,1.7375308275222778,7.099999904632568,7.300000190734863,7.099999904632568,7.150000095367432,19495000
2018-02-13,1.7130587100982666,7.0,7.150000095367432,7.0,7.150000095367432,32051500
2018-02-14,1.725295066833496,7.050000190734863,7.150000095367432,7.050000190734863,7.050000190734863,18125600
2018-02-15,1.725295066833496,7.050000190734863,7.150000095367432,7.050000190734863,7.099999904632568,12018700
2018-02-16,1.725295066833496,7.050000190734863,7.099999904632568,7.050000190734863,7.099999904632568,13172700
2018-02-19,1.7130587100982666,7.0,7.150000095367432,7.0,7.099999904632568,12473700
2018-02-20,1.7130587100982666,7.0,7.099999904632568,7.0,7.050000190734863,18170800
2018-02-21,1.6641138792037964,6.800000190734863,7.050000190734863,6.800000190734863,7.050000190734863,33271300
2018-02-22,1.6518778800964355,6.75,6.900000095367432,6.699999809265137,6.849999904632568,29929000
2018-02-23,1.6885862350463867,6.900000095367432,6.949999809265137,6.75,6.800000190734863,22851900
2018-02-26,1.700822353363037,6.949999809265137,7.050000190734863,6.949999809265137,6.949999809265137,24175300
2018-02-27,1.6885862350463867,6.900000095367432,7.050000190734863,6.849999904632568,7.0,31682300
2018-02-28,1.6885862350463867,6.900000095367432,7.0,6.900000095367432,6.900000095367432,15558400
2018-03-02,1.6885862350463867,6.900000095367432,7.0,6.900000095367432,6.949999809265137,20767000
2018-03-05,1.700822353363037,6.949999809265137,7.150000095367432,6.900000095367432,6.949999809265137,38280400
2018-03-06,1.7130587100982666,7.0,7.0,7.0,7.0,6771400
2018-03-07,1.6885862350463867,6.900000095367432,7.050000190734863,6.900000095367432,7.0,18287400
2018-03-08,1.6763499975204468,6.849999904632568,7.0,6.849999904632568,6.949999809265137,17907900
2018-03-09,1.6763499975204468,6.849999904632568,6.949999809265137,6.849999904632568,6.900000095367432,20100200
2018-03-12,1.7519750595092773,6.949999809265137,7.0,6.650000095367432,6.699999809265137,22069600
2018-03-13,1.7141625881195068,6.800000190734863,6.949999809265137,6.699999809265137,6.900000095367432,28462200
2018-03-14,1.7267667055130005,6.849999904632568,6.949999809265137,6.75,6.800000190734863,26669900
2018-03-15,1.7267667055130005,6.849999904632568,6.949999809265137,6.800000190734863,6.800000190734863,23097500
2018-03-16,1.7393709421157837,6.900000095367432,7.050000190734863,6.800000190734863,6.900000095367432,66052700
2018-03-19,1.764579176902771,7.0,7.199999809265137,6.849999904632568,6.900000095367432,77923100
2018-03-20,1.764579176902771,7.0,7.150000095367432,6.949999809265137,6.949999809265137,44620300
2018-03-21,1.7519750595092773,6.949999809265137,7.050000190734863,6.900000095367432,7.050000190734863,30907400
2018-03-22,1.7015583515167236,6.75,7.050000190734863,6.75,7.050000190734863,63860600
2018-03-23,1.638537883758545,6.5,6.75,6.5,6.699999809265137,43969300
2018-03-26,1.6259336471557617,6.449999809265137,6.599999904632568,6.449999809265137,6.550000190734863,37078800
2018-03-27,1.6259336471557617,6.449999809265137,6.550000190734863,6.449999809265137,6.5,22433300
2018-03-28,1.5881211757659912,6.300000190734863,6.550000190734863,6.300000190734863,6.449999809265137,27403800
2018-03-29,1.5503089427947998,6.150000095367432,6.400000095367432,6.050000190734863,6.300000190734863,36714000
2018-03-30,1.5503089427947998,6.150000095367432,6.25,6.050000190734863,6.199999809265137,24089800
2018-04-02,1.5755170583724976,6.25,6.449999809265137,6.150000095367432,6.150000095367432,20123600
2018-04-03,1.562912940979004,6.199999809265137,6.449999809265137,6.199999809265137,6.25,43348100
2018-04-04,1.499892234802246,5.949999809265137,6.300000190734863,5.949999809265137,6.25,37984800
2018-04-05,1.5124963521957397,6.0,6.099999904632568,6.0,6.0,22686700
2018-04-09,1.499892234802246,5.949999809265137,6.099999904632568,5.949999809265137,6.0,24364600
2018-04-10,1.4494757652282715,5.75,6.050000190734863,5.75,6.0,38311800
2018-04-11,1.4620801210403442,5.800000190734863,5.900000095367432,5.75,5.75,29547400
2018-04-12,1.487288236618042,5.900000095367432,5.949999809265137,5.800000190734863,5.849999904632568,18452100
2018-04-17,1.4620801210403442,5.800000190734863,5.900000095367432,5.800000190734863,5.900000095367432,15434600
2018-04-18,1.487288236618042,5.900000095367432,5.949999809265137,5.800000190734863,5.849999904632568,27010100
2018-04-19,1.562912940979004,6.199999809265137,6.300000190734863,5.849999904632568,5.900000095367432,67505200
2018-04-20,1.525100588798523,6.050000190734863,6.199999809265137,6.050000190734863,6.199999809265137,37255400
2018-04-23,1.487288236618042,5.900000095367432,6.099999904632568,5.900000095367432,6.099999904632568,22268200
2018-04-24,1.487288236618042,5.900000095367432,6.0,5.900000095367432,5.900000095367432,18922000
2018-04-25,1.4746838808059692,5.849999904632568,5.949999809265137,5.849999904632568,5.900000095367432,16898600
2018-04-26,1.4494757652282715,5.75,5.900000095367432,5.75,5.900000095367432,20253100
2018-04-27,1.4620801210403442,5.800000190734863,5.949999809265137,5.75,5.800000190734863,24046900
2018-04-30,1.4746838808059692,5.849999904632568,5.949999809265137,5.800000190734863,5.849999904632568,17143300
2018-05-02,1.499892234802246,5.949999809265137,6.099999904632568,5.849999904632568,5.849999904632568,33972900
2018-05-03,1.487288236618042,5.900000095367432,6.0,5.900000095367432,5.949999809265137,18686400
2018-05-04,1.5755170583724976,6.25,6.349999904632568,5.849999904632568,5.900000095367432,113788800
2018-05-07,1.562912940979004,6.199999809265137,6.349999904632568,6.199999809265137,6.300000190734863,33681100
2018-05-08,1.499892234802246,5.949999809265137,6.199999809265137,5.949999809265137,6.199999809265137,24648500
2018-05-09,1.4746838808059692,5.849999904632568,6.050000190734863,5.849999904632568,5.949999809265137,52405700
2018-05-10,1.4620801210403442,5.800000190734863,5.949999809265137,5.699999809265137,5.900000095367432,57194900
2018-05-11,1.5755170583724976,6.25,6.400000095367432,5.900000095367432,5.900000095367432,109538300
2018-05-14,1.562912940979004,6.199999809265137,6.300000190734863,6.199999809265137,6.25,27669400
2018-05-15,1.5881211757659912,6.300000190734863,6.449999809265137,6.199999809265137,6.199999809265137,61581800
2018-05-16,1.5503089427947998,6.150000095367432,6.300000190734863,6.150000095367432,6.300000190734863,32624900
2018-05-17,1.487288236618042,5.900000095367432,6.150000095367432,5.900000095367432,6.150000095367432,35626400
2018-05-18,1.5124963521957397,6.0,6.099999904632568,5.900000095367432,5.900000095367432,23255100
2018-05-21,1.499892234802246,5.949999809265137,6.050000190734863,5.949999809265137,6.0,14034500
2018-05-22,1.487288236618042,5.900000095367432,6.0,5.900000095367432,5.949999809265137,19663500
2018-05-23,1.487288236618042,5.900000095367432,6.0,5.900000095367432,5.900000095367432,23790100
2018-05-24,1.4494757652282715,5.75,5.949999809265137,5.699999809265137,5.900000095367432,41949200
2018-05-25,1.4746838808059692,5.849999904632568,6.150000095367432,5.800000190734863,5.800000190734863,105550700
2018-05-28,1.4620801210403442,5.800000190734863,5.900000095367432,5.800000190734863,5.800000190734863,27498000
2018-05-30,1.4620801210403442,5.800000190734863,5.949999809265137,5.75,5.800000190734863,45400200
2018-05-31,1.4620801210403442,5.800000190734863,5.949999809265137,5.75,5.800000190734863,49303600
2018-06-01,1.4620801210403442,5.800000190734863,5.900000095367432,5.800000190734863,5.849999904632568,32405700
2018-06-04,1.487288236618042,5.900000095367432,6.0,5.849999904632568,5.849999904632568,33156700
2018-06-05,1.5124963521957397,6.0,6.099999904632568,5.949999809265137,5.949999809265137,56934700
2018-06-06,1.5124963521957397,6.0,6.099999904632568,6.0,6.050000190734863,40801600
2018-06-07,1.537704586982727,6.099999904632568,6.199999809265137,6.0,6.050000190734863,98003500
2018-06-08,1.5503089427947998,6.150000095367432,6.199999809265137,6.150000095367432,6.150000095367432,43343300
2018-06-11,1.5503089427947998,6.150000095367432,6.199999809265137,6.099999904632568,6.150000095367432,22749800
2018-06-12,1.537704586982727,6.099999904632568,6.199999809265137,6.099999904632568,6.199999809265137,13001300
2018-06-13,1.525100588798523,6.050000190734863,6.150000095367432,6.050000190734863,6.099999904632568,15836500
2018-06-14,1.5124963521957397,6.0,6.099999904632568,6.0,6.099999904632568,24511500
2018-06-15,1.5124963521957397,6.0,6.150000095367432,6.0,6.050000190734863,32810100
2018-06-18,1.5124963521957397,6.0,6.050000190734863,6.0,6.0,14907300
2018-06-19,1.4746838808059692,5.849999904632568,6.0,5.800000190734863,6.0,49049100
2018-06-20,1.525100588798523,6.050000190734863,6.050000190734863,5.849999904632568,5.900000095367432,48719200
2018-06-21,1.4720536470413208,5.550000190734863,5.800000190734863,5.550000190734863,5.75,43011900
2018-06-22,1.458791971206665,5.5,5.599999904632568,5.400000095367432,5.599999904632568,21581300
2018-06-25,1.3155649900436401,4.960000038146973,5.5,4.960000038146973,5.5,62572100
2018-06-26,1.2678229808807373,4.78000020980835,5.0,4.78000020980835,5.0,94130500
2018-06-27,1.2837367057800293,4.840000152587891,5.050000190734863,4.800000190734863,4.800000190734863,80632900
2018-06-28,1.1829476356506348,4.460000038146973,4.900000095367432,4.320000171661377,4.880000114440918,121551800
2018-06-29,1.1458146572113037,4.320000171661377,4.5,4.28000020980835,4.5,66140100
2018-07-02,1.1458146572113037,4.320000171661377,4.380000114440918,4.139999866485596,4.340000152587891,66229700
2018-07-03,1.1988615989685059,4.519999980926514,4.559999942779541,4.300000190734863,4.320000171661377,108901500
2018-07-04,1.1935569047927856,4.5,4.539999961853027,4.440000057220459,4.480000019073486,37623100
2018-07-05,1.1829476356506348,4.460000038146973,4.559999942779541,4.460000038146973,4.539999961853027,31700300
2018-07-06,1.2519086599349976,4.71999979019165,4.840000152587891,4.440000057220459,4.480000019073486,75051400
2018-07-09,1.2466039657592773,4.699999809265137,4.820000171661377,4.699999809265137,4.760000228881836,33046800
2018-07-10,1.3049556016921997,4.920000076293945,4.920000076293945,4.760000228881836,4.760000228881836,97276400
2018-07-11,1.365959644317627,5.150000095367432,5.25,4.860000133514404,4.880000114440918,92968100
2018-07-12,1.365959644317627,5.150000095367432,5.25,5.050000190734863,5.199999809265137,27053200
2018-07-13,1.3526980876922607,5.099999904632568,5.25,5.099999904632568,5.150000095367432,15937600
2018-07-16,1.365959644317627,5.150000095367432,5.25,5.050000190734863,5.099999904632568,19280600
2018-07-17,1.3526980876922607,5.099999904632568,5.199999809265137,5.0,5.150000095367432,26809200
2018-07-18,1.3394361734390259,5.050000190734863,5.150000095367432,5.050000190734863,5.150000095367432,13690500
2018-07-19,1.3526980876922607,5.099999904632568,5.150000095367432,5.050000190734863,5.099999904632568,20771100
2018-07-20,1.365959644317627,5.150000095367432,5.199999809265137,5.099999904632568,5.150000095367432,19462700
2018-07-23,1.3526980876922607,5.099999904632568,5.199999809265137,5.099999904632568,5.150000095367432,13339600
2018-07-24,1.3526980876922607,5.099999904632568,5.25,5.099999904632568,5.150000095367432,21881600
2018-07-25,1.4057449102401733,5.300000190734863,5.449999809265137,5.150000095367432,5.150000095367432,70138700
2018-07-26,1.4322683811187744,5.400000095367432,5.449999809265137,5.349999904632568,5.400000095367432,37687000
2018-07-31,1.4322683811187744,5.400000095367432,5.5,5.349999904632568,5.400000095367432,21903700
2018-08-01,1.4190064668655396,5.349999904632568,5.449999809265137,5.349999904632568,5.400000095367432,13444600
2018-08-02,1.365959644317627,5.150000095367432,5.349999904632568,5.0,5.349999904632568,38878000
2018-08-03,1.3792213201522827,5.199999809265137,5.349999904632568,5.199999809265137,5.199999809265137,32124300
2018-08-06,1.365959644317627,5.150000095367432,5.300000190734863,5.150000095367432,5.25,18782500
2018-08-07,1.3792213201522827,5.199999809265137,5.25,5.150000095367432,5.199999809265137,14146800
2018-08-08,1.392483115196228,5.25,5.349999904632568,5.150000095367432,5.199999809265137,33863500
2018-08-09,1.4322683811187744,5.400000095367432,5.5,5.300000190734863,5.349999904632568,54253300
2018-08-10,1.4057449102401733,5.300000190734863,5.449999809265137,5.300000190734863,5.400000095367432,21157900
2018-08-14,1.3792213201522827,5.199999809265137,5.25,5.150000095367432,5.25,23113000
2018-08-15,1.365959644317627,5.150000095367432,5.25,5.150000095367432,5.199999809265137,15302000
2018-08-16,1.365959644317627,5.150000095367432,5.25,5.099999904632568,5.150000095367432,20263200
2018-08-17,1.365959644317627,5.150000095367432,5.300000190734863,5.150000095367432,5.199999809265137,23340300
2018-08-20,1.3792213201522827,5.199999809265137,5.300000190734863,5.199999809265137,5.199999809265137,9467300
2018-08-21,1.392483115196228,5.25,5.349999904632568,5.199999809265137,5.199999809265137,33961400
2018-08-22,1.392483115196228,5.25,5.349999904632568,5.25,5.300000190734863,17847600
2018-08-23,1.392483115196228,5.25,5.349999904632568,5.25,5.25,10261700
2018-08-24,1.392483115196228,5.25,5.300000190734863,5.199999809265137,5.25,9716600
2018-08-27,1.392483115196228,5.25,5.349999904632568,5.25,5.300000190734863,15452600
2018-08-28,1.4190064668655396,5.349999904632568,5.449999809265137,5.300000190734863,5.300000190734863,44911700
2018-08-29,1.4190064668655396,5.349999904632568,5.449999809265137,5.300000190734863,5.400000095367432,25283100
2018-08-30,1.4190064668655396,5.349999904632568,5.400000095367432,5.349999904632568,5.349999904632568,7903900
2018-08-31,1.4190064668655396,5.349999904632568,5.349999904632568,5.25,5.349999904632568,23096900
2018-09-03,1.4057449102401733,5.300000190734863,5.349999904632568,5.300000190734863,5.349999904632568,9291100
2018-09-04,1.392483115196228,5.25,5.300000190734863,5.25,5.300000190734863,8190100
2018-09-05,1.3792213201522827,5.199999809265137,5.300000190734863,5.150000095367432,5.300000190734863,19192600
2018-09-06,1.365959644317627,5.150000095367432,5.25,5.099999904632568,5.150000095367432,20117700
2018-09-07,1.365959644317627,5.150000095367432,5.199999809265137,5.150000095367432,5.199999809265137,9265600
2018-09-10,1.365959644317627,5.150000095367432,5.199999809265137,5.150000095367432,5.150000095367432,7243800
2018-09-11,1.392483115196228,5.25,5.349999904632568,5.199999809265137,5.199999809265137,33990400
2018-09-12,1.4853153228759766,5.599999904632568,5.650000095367432,5.400000095367432,5.449999809265137,169404500
2018-09-13,1.4985771179199219,5.650000095367432,5.75,5.550000190734863,5.650000095367432,103567200
2018-09-14,1.4985771179199219,5.650000095367432,5.800000190734863,5.650000095367432,5.699999809265137,79029400
2018-09-17,1.4985771179199219,5.650000095367432,5.699999809265137,5.599999904632568,5.650000095367432,33307000
2018-09-18,1.511838674545288,5.699999809265137,5.800000190734863,5.599999904632568,5.650000095367432,66911900
2018-09-19,1.4985771179199219,5.650000095367432,5.75,5.650000095367432,5.699999809265137,19415400
2018-09-20,1.525100588798523,5.75,5.849999904632568,5.650000095367432,5.650000095367432,83054000
2018-09-21,1.525100588798523,5.75,5.849999904632568,5.75,5.800000190734863,23206000
2018-09-24,1.4985771179199219,5.650000095367432,5.800000190734863,5.650000095367432,5.699999809265137,59857000
2018-09-25,1.4853153228759766,5.599999904632568,5.699999809265137,5.599999904632568,5.650000095367432,16847500
2018-09-26,1.4985771179199219,5.650000095367432,5.75,5.599999904632568,5.650000095367432,29628300
2018-09-27,1.4720536470413208,5.550000190734863,5.699999809265137,5.5,5.650000095367432,34514100
2018-09-28,1.4720536470413208,5.550000190734863,5.599999904632568,5.5,5.599999904632568,17713000
2018-10-01,1.4853153228759766,5.599999904632568,5.650000095367432,5.550000190734863,5.599999904632568,22623600
2018-10-02,1.4720536470413208,5.550000190734863,5.599999904632568,5.550000190734863,5.599999904632568,14151900
2018-10-03,1.4985771179199219,5.650000095367432,5.75,5.550000190734863,5.599999904632568,66499200
2018-10-04,1.4720536470413208,5.550000190734863,5.650000095367432,5.550000190734863,5.650000095367432,26341600
2018-10-05,1.458791971206665,5.5,5.650000095367432,5.5,5.599999904632568,26632900
2018-10-08,1.4190064668655396,5.349999904632568,5.550000190734863,5.349999904632568,5.5,32321300
2018-10-09,1.4190064668655396,5.349999904632568,5.449999809265137,5.349999904632568,5.349999904632568,17376800
2018-10-10,1.4455300569534302,5.449999809265137,5.5,5.349999904632568,5.400000095367432,21963200
2018-10-11,1.392483115196228,5.25,5.349999904632568,5.25,5.300000190734863,30169100
2018-10-12,1.4190064668655396,5.349999904632568,5.349999904632568,5.25,5.300000190734863,15653200
2018-10-16,1.4190064668655396,5.349999904632568,5.400000095367432,5.300000190734863,5.349999904632568,12608500
2018-10-17,1.4455300569534302,5.449999809265137,5.550000190734863,5.349999904632568,5.400000095367432,60536600
2018-10-18,1.4057449102401733,5.300000190734863,5.449999809265137,5.300000190734863,5.400000095367432,19660800
2018-10-19,1.365959644317627,5.150000095367432,5.300000190734863,5.150000095367432,5.25,34739100
2018-10-22,1.365959644317627,5.150000095367432,5.199999809265137,5.050000190734863,5.199999809265137,15142100
2018-10-24,1.3394361734390259,5.050000190734863,5.150000095367432,4.980000019073486,5.099999904632568,23848400
2018-10-25,1.3394361734390259,5.050000190734863,5.050000190734863,4.900000095367432,5.0,23629800
2018-10-26,1.3394361734390259,5.050000190734863,5.050000190734863,4.980000019073486,5.0,9054100
2018-10-29,1.3394361734390259,5.050000190734863,5.099999904632568,5.0,5.050000190734863,4210900
2018-10-30,1.3394361734390259,5.050000190734863,5.099999904632568,5.0,5.099999904632568,3096700
2018-10-31,1.365959644317627,5.150000095367432,5.150000095367432,5.050000190734863,5.050000190734863,7419500
2018-11-01,1.3792213201522827,5.199999809265137,5.25,5.099999904632568,5.150000095367432,10940800
2018-11-02,1.392483115196228,5.25,5.25,5.150000095367432,5.199999809265137,9922400
2018-11-05,1.365959644317627,5.150000095367432,5.199999809265137,5.099999904632568,5.199999809265137,6330200
2018-11-06,1.3526980876922607,5.099999904632568,5.199999809265137,5.050000190734863,5.150000095367432,8746100
2018-11-07,1.3526980876922607,5.099999904632568,5.150000095367432,5.050000190734863,5.099999904632568,6190200
2018-11-08,1.3526980876922607,5.099999904632568,5.150000095367432,5.050000190734863,5.099999904632568,11238300
2018-11-09,1.3526980876922607,5.099999904632568,5.150000095367432,5.050000190734863,5.099999904632568,3972100
2018-11-12,1.3394361734390259,5.050000190734863,5.150000095367432,5.0,5.099999904632568,14277100
2018-11-13,1.3261743783950806,5.0,5.050000190734863,4.960000038146973,5.0,23913300
2018-11-14,1.3208696842193604,4.980000019073486,5.050000190734863,4.980000019073486,5.0,12359700
2018-11-15,1.299651026725769,4.900000095367432,5.0,4.900000095367432,4.980000019073486,23386600
2018-11-16,1.3049556016921997,4.920000076293945,4.980000019073486,4.900000095367432,4.920000076293945,9908300
2018-11-19,1.3261743783950806,5.0,5.0,4.940000057220459,4.940000057220459,6367100
2018-11-20,1.2943463325500488,4.880000114440918,5.0,4.860000133514404,4.960000038146973,11404900
2018-11-21,1.3102604150772095,4.940000057220459,4.960000038146973,4.820000171661377,4.860000133514404,8512700
2018-11-22,1.2784321308135986,4.820000171661377,4.960000038146973,4.78000020980835,4.940000057220459,12859800
2018-11-23,1.3049556016921997,4.920000076293945,4.920000076293945,4.820000171661377,4.840000152587891,6211600
2018-11-26,1.3102604150772095,4.940000057220459,4.960000038146973,4.880000114440918,4.920000076293945,4089800
2018-11-27,1.3155649900436401,4.960000038146973,4.960000038146973,4.920000076293945,4.940000057220459,2944200
2018-11-28,1.3261743783950806,5.0,5.050000190734863,4.940000057220459,4.940000057220459,9740100
2018-11-29,1.3261743783950806,5.0,5.050000190734863,5.0,5.050000190734863,6019500
2018-11-30,1.365959644317627,5.150000095367432,5.150000095367432,4.980000019073486,5.0,12326700
2018-12-03,1.3526980876922607,5.099999904632568,5.25,5.099999904632568,5.150000095367432,11373000
2018-12-04,1.3526980876922607,5.099999904632568,5.150000095367432,5.050000190734863,5.099999904632568,4787500
2018-12-06,1.3261743783950806,5.0,5.099999904632568,5.0,5.050000190734863,3709000
2018-12-07,1.3526980876922607,5.099999904632568,5.099999904632568,5.0,5.0,3843200
2018-12-11,1.3261743783950806,5.0,5.050000190734863,4.960000038146973,5.050000190734863,12793500
2018-12-12,1.3261743783950806,5.0,5.099999904632568,4.980000019073486,5.099999904632568,4666900
2018-12-13,1.3261743783950806,5.0,5.099999904632568,4.980000019073486,5.0,18102600
2018-12-14,1.3261743783950806,5.0,5.099999904632568,5.0,5.0,7659000
2018-12-17,1.3208696842193604,4.980000019073486,5.099999904632568,4.980000019073486,5.0,10780300
2018-12-18,1.2837367057800293,4.840000152587891,4.900000095367432,4.820000171661377,4.880000114440918,20355200
2018-12-19,1.3102604150772095,4.940000057220459,4.960000038146973,4.800000190734863,4.840000152587891,8853400
2018-12-20,1.2943463325500488,4.880000114440918,4.940000057220459,4.880000114440918,4.940000057220459,3929000
2018-12-21,1.2890416383743286,4.860000133514404,4.920000076293945,4.840000152587891,4.860000133514404,7841000
2018-12-24,1.2837367057800293,4.840000152587891,4.900000095367432,4.840000152587891,4.840000152587891,5191600
2018-12-25,1.2412991523742676,4.679999828338623,4.820000171661377,4.679999828338623,4.820000171661377,14498600
2018-12-26,1.1776429414749146,4.440000057220459,4.739999771118164,4.420000076293945,4.679999828338623,25613300
2018-12-27,1.1564241647720337,4.360000133514404,4.619999885559082,4.340000152587891,4.619999885559082,22819600
2018-12-28,1.1829476356506348,4.460000038146973,4.460000038146973,4.360000133514404,4.380000114440918,11206400
2019-01-02,1.188252329826355,4.480000019073486,4.539999961853027,4.460000038146973,4.5,10534800
2019-01-03,1.1988615989685059,4.519999980926514,4.559999942779541,4.480000019073486,4.5,9335200
2019-01-04,1.2041664123535156,4.539999961853027,4.539999961853027,4.460000038146973,4.5,5225200
2019-01-07,1.2466039657592773,4.699999809265137,4.71999979019165,4.539999961853027,4.559999942779541,25442000
2019-01-08,1.2466039657592773,4.699999809265137,4.739999771118164,4.659999847412109,4.679999828338623,9611400
2019-01-09,1.2466039657592773,4.699999809265137,4.760000228881836,4.699999809265137,4.71999979019165,4526600
2019-01-10,1.2466039657592773,4.699999809265137,4.739999771118164,4.679999828338623,4.699999809265137,5320400
2019-01-11,1.2466039657592773,4.699999809265137,4.739999771118164,4.659999847412109,4.699999809265137,4783600
2019-01-14,1.2306897640228271,4.639999866485596,4.71999979019165,4.619999885559082,4.699999809265137,4548600
2019-01-15,1.2200803756713867,4.599999904632568,4.659999847412109,4.599999904632568,4.639999866485596,3422400
2019-01-16,1.1988615989685059,4.519999980926514,4.619999885559082,4.440000057220459,4.599999904632568,13605900
2019-01-17,1.2094709873199463,4.559999942779541,4.599999904632568,4.480000019073486,4.519999980926514,7455600
2019-01-18,1.2200803756713867,4.599999904632568,4.639999866485596,4.559999942779541,4.599999904632568,4111400
2019-01-21,1.2200803756713867,4.599999904632568,4.639999866485596,4.579999923706055,4.599999904632568,4496300
2019-01-22,1.2200803756713867,4.599999904632568,4.619999885559082,4.579999923706055,4.599999904632568,3267300
2019-01-23,1.2625181674957275,4.760000228881836,4.800000190734863,4.579999923706055,4.619999885559082,25499700
2019-01-24,1.2625181674957275,4.760000228881836,4.78000020980835,4.71999979019165,4.760000228881836,9759800
2019-01-25,1.2943463325500488,4.880000114440918,4.880000114440918,4.760000228881836,4.78000020980835,14466300
2019-01-28,1.3049556016921997,4.920000076293945,5.0,4.880000114440918,4.880000114440918,21817100
2019-01-29,1.3155649900436401,4.960000038146973,5.0,4.920000076293945,4.940000057220459,9060500
2019-01-30,1.3208696842193604,4.980000019073486,5.0,4.960000038146973,5.0,5529200
2019-01-31,1.3526980876922607,5.099999904632568,5.099999904632568,4.980000019073486,5.0,17452600
2019-02-01,1.3394361734390259,5.050000190734863,5.099999904632568,5.0,5.099999904632568,5538000
2019-02-04,1.3394361734390259,5.050000190734863,5.099999904632568,5.050000190734863,5.050000190734863,4598200
2019-02-05,1.3394361734390259,5.050000190734863,5.099999904632568,5.050000190734863,5.099999904632568,5491700
2019-02-06,1.3792213201522827,5.199999809265137,5.199999809265137,5.050000190734863,5.099999904632568,20121100
2019-02-07,1.3792213201522827,5.199999809265137,5.25,5.099999904632568,5.199999809265137,21366300
2019-02-08,1.4720536470413208,5.550000190734863,5.599999904632568,5.099999904632568,5.150000095367432,107299100
2019-02-11,1.4985771179199219,5.650000095367432,5.699999809265137,5.5,5.550000190734863,84585200
2019-02-12,1.4985771179199219,5.650000095367432,5.75,5.599999904632568,5.650000095367432,33053100
2019-02-13,1.5648858547210693,5.900000095367432,5.900000095367432,5.650000095367432,5.650000095367432,111283300
2019-02-14,1.6311945915222168,6.150000095367432,6.150000095367432,5.949999809265137,5.949999809265137,129735400
2019-02-15,1.617932677268982,6.099999904632568,6.25,6.050000190734863,6.199999809265137,77038700
2019-02-18,1.6311945915222168,6.150000095367432,6.199999809265137,6.050000190734863,6.199999809265137,44706800
2019-02-20,1.6444562673568726,6.199999809265137,6.300000190734863,6.150000095367432,6.199999809265137,73683600
2019-02-21,1.6311945915222168,6.150000095367432,6.25,6.099999904632568,6.199999809265137,39073800
2019-02-22,1.6046710014343262,6.050000190734863,6.150000095367432,5.900000095367432,6.150000095367432,78401100
2019-02-25,1.617932677268982,6.099999904632568,6.199999809265137,6.050000190734863,6.099999904632568,43909400
2019-02-26,1.617932677268982,6.099999904632568,6.199999809265137,6.050000190734863,6.150000095367432,28519200
2019-02-27,1.6311945915222168,6.150000095367432,6.150000095367432,6.050000190734863,6.099999904632568,33936500
2019-02-28,1.5914092063903809,6.0,6.150000095367432,6.0,6.150000095367432,28255900
2019-03-01,1.5648858547210693,5.900000095367432,6.050000190734863,5.849999904632568,6.050000190734863,40346000
2019-03-04,1.559316873550415,5.599999904632568,5.75,5.599999904632568,5.650000095367432,44025500
2019-03-05,1.587161660194397,5.699999809265137,5.699999809265137,5.5,5.550000190734863,21861000
2019-03-06,1.587161660194397,5.699999809265137,5.75,5.650000095367432,5.650000095367432,16003700
2019-03-07,1.5732393264770508,5.650000095367432,5.75,5.650000095367432,5.699999809265137,9132800
2019-03-08,1.5453944206237793,5.550000190734863,5.699999809265137,5.550000190734863,5.599999904632568,14241500
2019-03-11,1.5732393264770508,5.650000095367432,5.650000095367432,5.550000190734863,5.599999904632568,11139700
2019-03-12,1.5732393264770508,5.650000095367432,5.75,5.650000095367432,5.699999809265137,28085300
2019-03-13,1.587161660194397,5.699999809265137,5.699999809265137,5.550000190734863,5.650000095367432,13085100
2019-03-14,1.559316873550415,5.599999904632568,5.75,5.550000190734863,5.699999809265137,27421100
2019-03-15,1.559316873550415,5.599999904632568,5.650000095367432,5.5,5.599999904632568,20154600
2019-03-18,1.5732393264770508,5.650000095367432,5.650000095367432,5.550000190734863,5.599999904632568,9759600
2019-03-19,1.5732393264770508,5.650000095367432,5.650000095367432,5.599999904632568,5.650000095367432,6008000
2019-03-20,1.5732393264770508,5.650000095367432,5.650000095367432,5.550000190734863,5.650000095367432,7722800
2019-03-21,1.587161660194397,5.699999809265137,5.75,5.599999904632568,5.650000095367432,21952100
2019-03-22,1.6567741632461548,5.949999809265137,6.0,5.699999809265137,5.75,66934500
2019-03-25,1.6289290189743042,5.849999904632568,5.949999809265137,5.800000190734863,5.849999904632568,28329600
2019-03-26,1.6289290189743042,5.849999904632568,5.900000095367432,5.800000190734863,5.900000095367432,11016700
2019-03-27,1.6289290189743042,5.849999904632568,5.900000095367432,5.800000190734863,5.900000095367432,5881900
2019-03-28,1.6010842323303223,5.75,5.849999904632568,5.699999809265137,5.800000190734863,21726800
2019-03-29,1.503627061843872,5.400000095367432,5.800000190734863,5.400000095367432,5.800000190734863,78632600
2019-04-01,1.503627061843872,5.400000095367432,5.5,5.300000190734863,5.400000095367432,15343800
2019-04-02,1.5175492763519287,5.449999809265137,5.5,5.300000190734863,5.400000095367432,5910800
2019-04-03,1.5175492763519287,5.449999809265137,5.449999809265137,5.349999904632568,5.449999809265137,17072500
2019-04-04,1.5175492763519287,5.449999809265137,5.5,5.400000095367432,5.449999809265137,7306800
2019-04-05,1.559316873550415,5.599999904632568,5.650000095367432,5.400000095367432,5.400000095367432,28916100
2019-04-09,1.5732393264770508,5.650000095367432,5.75,5.599999904632568,5.599999904632568,21208300
2019-04-10,1.5732393264770508,5.650000095367432,5.75,5.550000190734863,5.650000095367432,28247700
2019-04-11,1.559316873550415,5.599999904632568,5.699999809265137,5.599999904632568,5.599999904632568,11078100
2019-04-12,1.5732393264770508,5.650000095367432,5.699999809265137,5.599999904632568,5.599999904632568,4479200
2019-04-17,1.587161660194397,5.699999809265137,5.699999809265137,5.599999904632568,5.699999809265137,7761700
2019-04-18,1.5732393264770508,5.650000095367432,5.75,5.650000095367432,5.699999809265137,9500900
2019-04-19,1.5732393264770508,5.650000095367432,5.699999809265137,5.599999904632568,5.699999809265137,6508500
2019-04-22,1.559316873550415,5.599999904632568,5.650000095367432,5.599999904632568,5.650000095367432,4187300
2019-04-23,1.5732393264770508,5.650000095367432,5.650000095367432,5.550000190734863,5.599999904632568,4770800
2019-04-24,1.5732393264770508,5.650000095367432,5.699999809265137,5.599999904632568,5.650000095367432,5501900
2019-04-25,1.559316873550415,5.599999904632568,5.699999809265137,5.599999904632568,5.650000095367432,7735700
2019-04-26,1.559316873550415,5.599999904632568,5.650000095367432,5.550000190734863,5.599999904632568,3666900
2019-04-29,1.559316873550415,5.599999904632568,5.699999809265137,5.550000190734863,5.599999904632568,4482100
2019-04-30,1.559316873550415,5.599999904632568,5.650000095367432,5.550000190734863,5.599999904632568,5773200
2019-05-02,1.559316873550415,5.599999904632568,5.650000095367432,5.550000190734863,5.599999904632568,5905600
2019-05-03,1.5314719676971436,5.5,5.599999904632568,5.449999809265137,5.599999904632568,15015300
2019-05-07,1.5175492763519287,5.449999809265137,5.550000190734863,5.400000095367432,5.5,9187300
2019-05-08,1.5175492763519287,5.449999809265137,5.550000190734863,5.449999809265137,5.449999809265137,19674800
2019-05-09,1.5175492763519287,5.449999809265137,5.5,5.449999809265137,5.5,3479300
2019-05-10,1.5453944206237793,5.550000190734863,5.599999904632568,5.449999809265137,5.5,31533500
2019-05-13,1.587161660194397,5.699999809265137,5.800000190734863,5.650000095367432,5.650000095367432,54745000
2019-05-14,1.6010842323303223,5.75,5.75,5.650000095367432,5.75,19578100
2019-05-15,1.587161660194397,5.699999809265137,5.800000190734863,5.650000095367432,5.800000190734863,16837700
2019-05-16,1.559316873550415,5.599999904632568,5.699999809265137,5.5,5.699999809265137,18219100
2019-05-17,1.559316873550415,5.599999904632568,5.650000095367432,5.550000190734863,5.599999904632568,10343800
2019-05-21,1.559316873550415,5.599999904632568,5.650000095367432,5.5,5.650000095367432,11817900
2019-05-22,1.559316873550415,5.599999904632568,5.650000095367432,5.550000190734863,5.599999904632568,4918000
2019-05-23,1.5453944206237793,5.550000190734863,5.650000095367432,5.550000190734863,5.599999904632568,4837200
2019-05-24,1.5453944206237793,5.550000190734863,5.599999904632568,5.5,5.550000190734863,10294000
2019-05-27,1.5732393264770508,5.650000095367432,5.699999809265137,5.550000190734863,5.599999904632568,11602900
2019-05-28,1.6150068044662476,5.800000190734863,5.800000190734863,5.650000095367432,5.650000095367432,23545300
2019-05-29,1.6010842323303223,5.75,5.800000190734863,5.699999809265137,5.800000190734863,16212500
2019-05-30,1.6567741632461548,5.949999809265137,5.949999809265137,5.75,5.75,49507400
2019-05-31,1.6706966161727905,6.0,6.050000190734863,5.900000095367432,5.949999809265137,42071300
2019-06-04,1.7263864278793335,6.199999809265137,6.199999809265137,6.050000190734863,6.050000190734863,54703000
2019-06-05,1.7263864278793335,6.199999809265137,6.300000190734863,6.199999809265137,6.25,56449100
2019-06-06,1.754231333732605,6.300000190734863,6.300000190734863,6.099999904632568,6.199999809265137,54450600
2019-06-07,1.809921383857727,6.5,6.5,6.300000190734863,6.300000190734863,78598700
2019-06-10,1.8238439559936523,6.550000190734863,6.599999904632568,6.5,6.550000190734863,46814900
2019-06-11,1.837766170501709,6.599999904632568,6.650000095367432,6.5,6.599999904632568,38315500
2019-06-12,1.86561119556427,6.699999809265137,6.699999809265137,6.550000190734863,6.550000190734863,46531200
2019-06-13,1.8516887426376343,6.650000095367432,6.75,6.550000190734863,6.699999809265137,36681600
2019-06-14,1.7820762395858765,6.400000095367432,6.699999809265137,6.400000095367432,6.650000095367432,75425500
2019-06-17,1.754231333732605,6.300000190734863,6.449999809265137,6.25,6.400000095367432,40389500
2019-06-18,1.8795335292816162,6.75,6.75,6.25,6.300000190734863,80341900
2019-06-19,1.86561119556427,6.699999809265137,6.800000190734863,6.599999904632568,6.75,37809200
2019-06-20,1.893455982208252,6.800000190734863,6.800000190734863,6.699999809265137,6.75,40184000
2019-06-21,1.893455982208252,6.800000190734863,6.849999904632568,6.699999809265137,6.800000190734863,40121400
2019-06-24,1.893455982208252,6.800000190734863,6.849999904632568,6.699999809265137,6.800000190734863,18912500
2019-06-25,1.8795335292816162,6.75,6.800000190734863,6.699999809265137,6.75,12133100
2019-06-26,1.8795335292816162,6.75,6.800000190734863,6.699999809265137,6.75,12674100
2019-06-27,1.9630688428878784,7.050000190734863,7.050000190734863,6.75,6.75,123176000
2019-06-28,2.004835844039917,7.199999809265137,7.199999809265137,7.0,7.050000190734863,90239100
2019-07-01,2.004835844039917,7.199999809265137,7.25,7.050000190734863,7.25,36017500
2019-07-02,1.949146032333374,7.0,7.25,7.0,7.199999809265137,40083100
2019-07-03,2.060525894165039,7.400000095367432,7.449999809265137,7.0,7.050000190734863,90530300
2019-07-04,2.0326807498931885,7.300000190734863,7.449999809265137,7.150000095367432,7.400000095367432,99384300
2019-07-05,2.0326807498931885,7.300000190734863,7.349999904632568,7.199999809265137,7.300000190734863,50943100
2019-07-08,2.116215705871582,7.599999904632568,7.650000095367432,7.400000095367432,7.449999809265137,146012900
2019-07-09,2.0883705615997314,7.5,7.75,7.449999809265137,7.599999904632568,174871300
2019-07-10,2.116215705871582,7.599999904632568,7.650000095367432,7.5,7.599999904632568,40332700
2019-07-11,2.116215705871582,7.599999904632568,7.650000095367432,7.449999809265137,7.650000095367432,98784900
2019-07-12,2.116215705871582,7.599999904632568,7.699999809265137,7.550000190734863,7.650000095367432,34568800
2019-07-15,2.1301381587982178,7.650000095367432,7.650000095367432,7.5,7.650000095367432,30842700
2019-07-17,2.1579833030700684,7.75,7.800000190734863,7.599999904632568,7.650000095367432,93397800
2019-07-18,2.1858279705047607,7.849999904632568,7.849999904632568,7.699999809265137,7.75,79843700
2019-07-19,2.1858279705047607,7.849999904632568,7.949999809265137,7.800000190734863,7.849999904632568,77055000
2019-07-22,2.116215705871582,7.599999904632568,8.0,7.599999904632568,7.949999809265137,135571700
2019-07-23,1.754231333732605,6.300000190734863,7.800000190734863,5.900000095367432,7.650000095367432,654862200
2019-07-24,1.7403088808059692,6.25,6.550000190734863,6.050000190734863,6.5,410330900
2019-07-25,1.7403088808059692,6.25,6.400000095367432,6.150000095367432,6.25,185433500
2019-07-26,1.754231333732605,6.300000190734863,6.349999904632568,6.25,6.300000190734863,86306300
2019-07-30,1.7403088808059692,6.25,6.349999904632568,6.199999809265137,6.300000190734863,47419600
2019-07-31,1.754231333732605,6.300000190734863,6.349999904632568,6.25,6.25,65262700
2019-08-01,1.7403088808059692,6.25,6.400000095367432,6.199999809265137,6.300000190734863,80675700
2019-08-02,1.7403088808059692,6.25,6.300000190734863,6.150000095367432,6.199999809265137,35134000
2019-08-05,1.7263864278793335,6.199999809265137,6.300000190734863,6.150000095367432,6.25,35233900
2019-08-06,1.754231333732605,6.300000190734863,6.300000190734863,6.050000190734863,6.150000095367432,47005800
2019-08-07,1.754231333732605,6.300000190734863,6.349999904632568,6.25,6.300000190734863,17681500
2019-08-08,1.8516887426376343,6.650000095367432,6.699999809265137,6.25,6.300000190734863,216479400
2019-08-09,1.809921383857727,6.5,6.699999809265137,6.400000095367432,6.599999904632568,99703400
2019-08-13,1.754231333732605,6.300000190734863,6.5,6.300000190734863,6.400000095367432,36066600
2019-08-14,1.7681540250778198,6.349999904632568,6.449999809265137,6.25,6.400000095367432,57971300
2019-08-15,1.7403088808059692,6.25,6.349999904632568,6.199999809265137,6.349999904632568,53000200
2019-08-16,1.8516887426376343,6.650000095367432,6.650000095367432,6.300000190734863,6.349999904632568,85689100
2019-08-19,1.8516887426376343,6.650000095367432,6.800000190734863,6.449999809265137,6.650000095367432,100012700
2019-08-20,1.8238439559936523,6.550000190734863,6.650000095367432,6.5,6.650000095367432,34876200
2019-08-21,1.837766170501709,6.599999904632568,6.699999809265137,6.550000190734863,6.550000190734863,78259400
2019-08-22,1.86561119556427,6.699999809265137,6.849999904632568,6.550000190734863,6.599999904632568,167931000
2019-08-23,1.8795335292816162,6.75,6.900000095367432,6.699999809265137,6.75,134886500
2019-08-26,1.8516887426376343,6.650000095367432,6.699999809265137,6.550000190734863,6.650000095367432,47822700
2019-08-27,1.7959988117218018,6.449999809265137,6.699999809265137,6.449999809265137,6.650000095367432,62847200
2019-08-28,1.8238439559936523,6.550000190734863,6.650000095367432,6.5,6.5,38024000
2019-08-29,1.809921383857727,6.5,6.599999904632568,6.449999809265137,6.550000190734863,27782700
2019-08-30,1.8795335292816162,6.75,6.75,6.5,6.550000190734863,53279900
2019-09-02,1.86561119556427,6.699999809265137,6.75,6.650000095367432,6.699999809265137,27064800
2019-09-03,1.8516887426376343,6.650000095367432,6.75,6.550000190734863,6.699999809265137,33467300
2019-09-04,1.8516887426376343,6.650000095367432,6.800000190734863,6.650000095367432,6.650000095367432,43989900
2019-09-05,1.86561119556427,6.699999809265137,6.699999809265137,6.599999904632568,6.699999809265137,20637000
2019-09-06,1.837766170501709,6.599999904632568,6.699999809265137,6.599999904632568,6.699999809265137,14882100
2019-09-09,1.8238439559936523,6.550000190734863,6.650000095367432,6.5,6.650000095367432,19564300
2019-09-10,1.7681540250778198,6.349999904632568,6.599999904632568,6.349999904632568,6.550000190734863,49455900
2019-09-11,1.837766170501709,6.599999904632568,6.599999904632568,6.400000095367432,6.400000095367432,38577100
2019-09-12,1.8238439559936523,6.550000190734863,6.699999809265137,6.550000190734863,6.650000095367432,30240000
2019-09-13,1.837766170501709,6.599999904632568,6.650000095367432,6.5,6.599999904632568,24347000
2019-09-16,1.8238439559936523,6.550000190734863,6.650000095367432,6.550000190734863,6.599999904632568,5049300
2019-09-17,1.7820762395858765,6.400000095367432,6.400000095367432,6.099999904632568,6.199999809265137,93862300
2019-09-18,1.7681540250778198,6.349999904632568,6.400000095367432,6.25,6.349999904632568,27569600
2019-09-19,1.7263864278793335,6.199999809265137,6.400000095367432,6.150000095367432,6.349999904632568,30046800
2019-09-20,1.7263864278793335,6.199999809265137,6.25,6.150000095367432,6.199999809265137,17193800
2019-09-23,1.7820762395858765,6.400000095367432,6.5,6.199999809265137,6.199999809265137,41263500
2019-09-24,1.7403088808059692,6.25,6.5,6.099999904632568,6.400000095367432,49628000
2019-09-25,1.7403088808059692,6.25,6.449999809265137,6.199999809265137,6.25,43569000
2019-09-26,1.754231333732605,6.300000190734863,6.400000095367432,6.25,6.349999904632568,25953400
2019-09-27,1.8238439559936523,6.550000190734863,6.599999904632568,6.300000190734863,6.300000190734863,68941100
2019-09-30,1.7820762395858765,6.400000095367432,6.599999904632568,6.400000095367432,6.550000190734863,33987500
2019-10-01,1.754231333732605,6.300000190734863,6.5,6.25,6.449999809265137,45082100
2019-10-02,1.754231333732605,6.300000190734863,6.400000095367432,6.25,6.300000190734863,14817700
2019-10-03,1.7403088808059692,6.25,6.300000190734863,6.25,6.25,12095300
2019-10-04,1.754231333732605,6.300000190734863,6.449999809265137,6.25,6.300000190734863,28585300
2019-10-07,1.754231333732605,6.300000190734863,6.400000095367432,6.25,6.300000190734863,18544900
2019-10-08,1.7681540250778198,6.349999904632568,6.449999809265137,6.300000190734863,6.349999904632568,12695900
2019-10-09,1.7681540250778198,6.349999904632568,6.400000095367432,6.300000190734863,6.349999904632568,6976600
2019-10-10,1.7681540250778198,6.349999904632568,6.449999809265137,6.300000190734863,6.349999904632568,20465900
2019-10-11,1.7959988117218018,6.449999809265137,6.5,6.349999904632568,6.349999904632568,26607000
2019-10-15,1.809921383857727,6.5,6.550000190734863,6.400000095367432,6.5,35796500
2019-10-16,1.8238439559936523,6.550000190734863,6.599999904632568,6.5,6.5,16521600
2019-10-17,1.7959988117218018,6.449999809265137,6.599999904632568,6.449999809265137,6.550000190734863,16126500
2019-10-18,1.7820762395858765,6.400000095367432,6.449999809265137,6.300000190734863,6.449999809265137,42493400
2019-10-21,1.7820762395858765,6.400000095367432,6.449999809265137,6.349999904632568,6.449999809265137,8769800
2019-10-22,1.8238439559936523,6.550000190734863,6.550000190734863,6.349999904632568,6.400000095367432,28750300
2019-10-24,1.86561119556427,6.699999809265137,6.699999809265137,6.349999904632568,6.449999809265137,73880200
2019-10-25,1.7959988117218018,6.449999809265137,6.699999809265137,6.449999809265137,6.699999809265137,32614300
2019-10-28,1.8238439559936523,6.550000190734863,6.550000190734863,6.400000095367432,6.449999809265137,17404400
2019-10-29,1.7959988117218018,6.449999809265137,6.599999904632568,6.449999809265137,6.550000190734863,14029200
2019-10-30,1.754231333732605,6.300000190734863,6.449999809265137,6.300000190734863,6.449999809265137,20424000
2019-10-31,1.7403088808059692,6.25,6.400000095367432,6.25,6.349999904632568,18017900
2019-11-01,1.2196086645126343,4.380000114440918,6.300000190734863,4.380000114440918,6.25,465343800
2019-11-04,1.364402413368225,4.900000095367432,4.920000076293945,4.019999980926514,4.039999961853027,1111324400
2019-11-05,1.3866782188415527,4.980000019073486,5.199999809265137,4.860000133514404,4.920000076293945,342085600
2019-11-06,1.364402413368225,4.900000095367432,5.050000190734863,4.840000152587891,5.0,126455400
2019-11-07,1.392247200012207,5.0,5.050000190734863,4.880000114440918,4.920000076293945,110289400
2019-11-08,1.4061695337295532,5.050000190734863,5.099999904632568,5.0,5.050000190734863,40582200
2019-11-11,1.3755403757095337,4.940000057220459,5.099999904632568,4.900000095367432,5.0,69441100
2019-11-12,1.4340145587921143,5.150000095367432,5.199999809265137,4.940000057220459,4.960000038146973,81978100
2019-11-13,1.392247200012207,5.0,5.099999904632568,4.980000019073486,5.050000190734863,58002500
2019-11-14,1.420092225074768,5.099999904632568,5.150000095367432,4.940000057220459,5.0,61481000
2019-11-15,1.3755403757095337,4.940000057220459,5.099999904632568,4.940000057220459,5.099999904632568,44870900
2019-11-18,1.3532644510269165,4.860000133514404,5.0,4.460000038146973,4.960000038146973,152683500
2019-11-19,1.3532644510269165,4.860000133514404,4.920000076293945,4.800000190734863,4.880000114440918,50020700
2019-11-20,1.3699712753295898,4.920000076293945,5.050000190734863,4.820000171661377,4.860000133514404,107315200
2019-11-21,1.392247200012207,5.0,5.150000095367432,4.960000038146973,4.980000019073486,110837700
2019-11-22,1.3755403757095337,4.940000057220459,5.050000190734863,4.820000171661377,5.0,108286000
2019-11-25,1.3866782188415527,4.980000019073486,5.0,4.900000095367432,4.960000038146973,47724200
2019-11-26,1.3866782188415527,4.980000019073486,5.050000190734863,4.940000057220459,4.980000019073486,37479600
2019-11-27,1.3755403757095337,4.940000057220459,5.050000190734863,4.940000057220459,4.980000019073486,45034600
2019-11-28,1.4061695337295532,5.050000190734863,5.050000190734863,4.840000152587891,4.960000038146973,94888200
2019-11-29,1.44793701171875,5.199999809265137,5.199999809265137,5.050000190734863,5.099999904632568,100435200
2019-12-02,1.4897043704986572,5.349999904632568,5.349999904632568,5.150000095367432,5.199999809265137,112970000
2019-12-03,1.4897043704986572,5.349999904632568,5.550000190734863,5.349999904632568,5.400000095367432,120186300
2019-12-04,1.503627061843872,5.400000095367432,5.449999809265137,5.300000190734863,5.400000095367432,46186200
2019-12-06,1.475782036781311,5.300000190734863,5.449999809265137,5.300000190734863,5.400000095367432,35036600
2019-12-09,1.475782036781311,5.300000190734863,5.400000095367432,5.199999809265137,5.400000095367432,44647400
2019-12-11,1.4580727815628052,4.940000057220459,5.050000190734863,4.940000057220459,5.0,46030000
2019-12-12,1.475782036781311,5.0,5.050000190734863,4.980000019073486,4.980000019073486,25895600
2019-12-13,1.475782036781311,5.0,5.050000190734863,5.0,5.050000190734863,12608300
2019-12-16,1.4639757871627808,4.960000038146973,5.050000190734863,4.960000038146973,5.0,20166100
2019-12-17,1.446266531944275,4.900000095367432,4.980000019073486,4.880000114440918,4.960000038146973,33529800
2019-12-18,1.469878911972046,4.980000019073486,5.050000190734863,4.920000076293945,4.920000076293945,52437700
2019-12-19,1.5348132848739624,5.199999809265137,5.199999809265137,4.960000038146973,4.980000019073486,103283500
2019-12-20,1.490539789199829,5.050000190734863,5.349999904632568,4.980000019073486,5.199999809265137,94498700
2019-12-23,1.475782036781311,5.0,5.050000190734863,4.980000019073486,5.050000190734863,23970700
2019-12-24,1.475782036781311,5.0,5.050000190734863,5.0,5.0,12790500
2019-12-25,1.475782036781311,5.0,5.050000190734863,4.980000019073486,5.050000190734863,17013400
2019-12-26,1.469878911972046,4.980000019073486,5.050000190734863,4.980000019073486,5.0,19090700
2019-12-27,1.469878911972046,4.980000019073486,5.0,4.960000038146973,5.0,13570600
2019-12-30,1.475782036781311,5.0,5.050000190734863,4.980000019073486,4.980000019073486,9570300
2020-01-02,1.490539789199829,5.050000190734863,5.099999904632568,4.980000019073486,5.0,16730400
2020-01-03,1.475782036781311,5.0,5.099999904632568,5.0,5.050000190734863,18088400
2020-01-06,1.4580727815628052,4.940000057220459,5.050000190734863,4.940000057220459,5.0,27327800
2020-01-07,1.475782036781311,5.0,5.050000190734863,4.960000038146973,4.980000019073486,16865500
2020-01-08,1.410847783088684,4.78000020980835,4.980000019073486,4.739999771118164,4.960000038146973,44179500
2020-01-09,1.4521695375442505,4.920000076293945,4.960000038146973,4.880000114440918,4.900000095367432,19456200
2020-01-10,1.490539789199829,5.050000190734863,5.050000190734863,4.920000076293945,4.920000076293945,38536500
2020-01-13,1.475782036781311,5.0,5.050000190734863,4.980000019073486,5.050000190734863,17548100
2020-01-14,1.475782036781311,5.0,5.050000190734863,4.980000019073486,5.0,11638300
2020-01-15,1.490539789199829,5.050000190734863,5.099999904632568,5.0,5.0,44218000
2020-01-16,1.475782036781311,5.0,5.099999904632568,5.0,5.050000190734863,19352300
2020-01-17,1.5200554132461548,5.150000095367432,5.25,5.0,5.0,80341000
2020-01-20,1.490539789199829,5.050000190734863,5.150000095367432,5.050000190734863,5.150000095367432,14671200
2020-01-21,1.475782036781311,5.0,5.150000095367432,4.940000057220459,5.099999904632568,39283400
2020-01-22,1.475782036781311,5.0,5.050000190734863,4.980000019073486,5.0,13977600
2020-01-23,1.490539789199829,5.050000190734863,5.050000190734863,4.980000019073486,5.0,18667700
2020-01-24,1.5052977800369263,5.099999904632568,5.099999904632568,5.050000190734863,5.050000190734863,5945500
2020-01-27,1.4639757871627808,4.960000038146973,5.099999904632568,4.940000057220459,5.050000190734863,40125400
2020-01-28,1.469878911972046,4.980000019073486,5.050000190734863,4.960000038146973,4.980000019073486,19738100
2020-01-29,1.475782036781311,5.0,5.050000190734863,4.980000019073486,5.0,15839000
2020-01-30,1.5052977800369263,5.099999904632568,5.099999904632568,5.0,5.050000190734863,25649700
2020-01-31,1.490539789199829,5.050000190734863,5.150000095367432,5.050000190734863,5.099999904632568,14042100
2020-02-03,1.6086022853851318,5.449999809265137,5.5,5.050000190734863,5.050000190734863,116072500
2020-02-04,1.623360276222229,5.5,5.550000190734863,5.300000190734863,5.550000190734863,118117100
2020-02-05,1.6528759002685547,5.599999904632568,5.75,5.550000190734863,5.599999904632568,338425000
2020-02-06,1.5643290281295776,5.300000190734863,5.599999904632568,5.300000190734863,5.599999904632568,160460500
2020-02-07,1.5790866613388062,5.349999904632568,5.449999809265137,5.300000190734863,5.300000190734863,47424800
2020-02-11,1.6086022853851318,5.449999809265137,5.5,5.349999904632568,5.449999809265137,41306100
2020-02-12,1.6381181478500366,5.550000190734863,5.550000190734863,5.400000095367432,5.449999809265137,52186000
2020-02-13,1.6381181478500366,5.550000190734863,5.599999904632568,5.449999809265137,5.550000190734863,37271600
2020-02-14,1.623360276222229,5.5,5.599999904632568,5.5,5.550000190734863,37199700
2020-02-17,1.623360276222229,5.5,5.599999904632568,5.5,5.550000190734863,14604400
2020-02-18,1.6381181478500366,5.550000190734863,5.550000190734863,5.449999809265137,5.5,21765000
2020-02-19,1.5938446521759033,5.400000095367432,5.550000190734863,5.400000095367432,5.550000190734863,35640000
2020-02-20,1.5938446521759033,5.400000095367432,5.449999809265137,5.300000190734863,5.400000095367432,41391000
2020-02-21,1.6086022853851318,5.449999809265137,5.449999809265137,5.300000190734863,5.349999904632568,22114000
2020-02-24,1.54957115650177,5.25,5.400000095367432,5.25,5.400000095367432,36851900
2020-02-25,1.5790866613388062,5.349999904632568,5.349999904632568,5.150000095367432,5.25,43951400
2020-02-26,1.475782036781311,5.0,5.300000190734863,5.0,5.300000190734863,55227800
2020-02-27,1.475782036781311,5.0,5.099999904632568,4.840000152587891,5.050000190734863,42551800
2020-02-28,1.4285569190979004,4.840000152587891,4.920000076293945,4.820000171661377,4.900000095367432,70966200
2020-03-02,1.4049445390701294,4.760000228881836,4.940000057220459,4.699999809265137,4.880000114440918,54384200
2020-03-03,1.4403634071350098,4.880000114440918,4.960000038146973,4.840000152587891,4.960000038146973,46581500
2020-03-04,1.4403634071350098,4.880000114440918,4.880000114440918,4.800000190734863,4.820000171661377,35310000
2020-03-05,1.446266531944275,4.900000095367432,5.050000190734863,4.900000095367432,4.960000038146973,73346700
2020-03-06,1.4285569190979004,4.840000152587891,4.900000095367432,4.840000152587891,4.860000133514404,23170600
2020-03-09,1.3577194213867188,4.599999904632568,4.760000228881836,4.579999923706055,4.71999979019165,55343600
2020-03-10,1.3636226654052734,4.619999885559082,4.699999809265137,4.599999904632568,4.679999828338623,37496500
2020-03-11,1.328203797340393,4.5,4.679999828338623,4.5,4.659999847412109,45890300
2020-03-12,1.2278506755828857,4.159999847412109,4.400000095367432,3.9600000381469727,4.360000133514404,105078600
2020-03-13,1.216044306755066,4.119999885559082,4.300000190734863,3.6600000858306885,3.799999952316284,105651900
2020-03-16,1.1393036842346191,3.859999895095825,4.099999904632568,3.859999895095825,3.9800000190734863,63944600
2020-03-17,1.1393036842346191,3.859999895095825,3.9600000381469727,3.8399999141693115,3.9000000953674316,43310900
2020-03-18,1.2101411819458008,4.099999904632568,4.199999809265137,4.019999980926514,4.059999942779541,75179800
2020-03-19,1.216044306755066,4.119999885559082,4.159999847412109,4.019999980926514,4.019999980926514,61334800
2020-03-20,1.2632694244384766,4.28000020980835,4.340000152587891,4.21999979019165,4.28000020980835,111513500
2020-03-23,1.19833505153656,4.059999942779541,4.179999828338623,4.039999961853027,4.079999923706055,67535600
2020-03-24,1.2455599308013916,4.21999979019165,4.340000152587891,4.039999961853027,4.159999847412109,114442500
2020-03-25,1.2514631748199463,4.239999771118164,4.320000171661377,4.199999809265137,4.28000020980835,83275500
2020-03-26,1.2396568059921265,4.199999809265137,4.260000228881836,4.159999847412109,4.21999979019165,34757800
2020-03-27,1.2750756740570068,4.320000171661377,4.440000057220459,4.239999771118164,4.260000228881836,109855200
2020-03-30,1.3577194213867188,4.599999904632568,4.599999904632568,4.599999904632568,4.599999904632568,6829800
2020-03-31,1.446266531944275,4.900000095367432,5.099999904632568,4.679999828338623,4.699999809265137,210637700
2020-04-01,1.475782036781311,5.0,5.150000095367432,4.940000057220459,5.050000190734863,129921900
2020-04-02,1.490539789199829,5.050000190734863,5.099999904632568,5.0,5.099999904632568,62797500
2020-04-03,1.5052977800369263,5.099999904632568,5.150000095367432,5.0,5.099999904632568,68341700
2020-04-07,1.54957115650177,5.25,5.25,5.150000095367432,5.199999809265137,72605200
2020-04-08,1.54957115650177,5.25,5.349999904632568,5.199999809265137,5.25,67725900
2020-04-09,1.54957115650177,5.25,5.400000095367432,5.25,5.300000190734863,124462000
2020-04-10,1.54957115650177,5.25,5.349999904632568,5.25,5.300000190734863,72654600
2020-04-13,1.54957115650177,5.25,5.349999904632568,5.199999809265137,5.300000190734863,100399600
2020-04-14,1.5052977800369263,5.099999904632568,5.300000190734863,5.0,5.25,145081600
2020-04-15,1.490539789199829,5.050000190734863,5.099999904632568,5.0,5.050000190734863,103003200
2020-04-16,1.4521695375442505,4.920000076293945,5.050000190734863,4.900000095367432,5.050000190734863,145986900
2020-04-17,1.4580727815628052,4.940000057220459,5.050000190734863,4.840000152587891,5.0,297645700
2020-04-20,1.5592105388641357,3.700000047683716,3.7799999713897705,3.4000000953674316,3.4000000953674316,600284900
2020-04-21,1.6097794771194458,3.819999933242798,3.819999933242798,3.619999885559082,3.680000066757202,434541300
2020-04-22,1.6687767505645752,3.9600000381469727,3.9600000381469727,3.819999933242798,3.8399999141693115,251842800
2020-04-23,1.694061279296875,4.019999980926514,4.079999923706055,4.0,4.019999980926514,217701200
2020-04-24,1.643492341041565,3.9000000953674316,4.059999942779541,3.9000000953674316,4.059999942779541,170371600
2020-04-27,1.6603485345840454,3.940000057220459,3.9800000190734863,3.9200000762939453,3.9600000381469727,48920700
2020-04-28,1.6519204378128052,3.9200000762939453,3.9600000381469727,3.9000000953674316,3.9600000381469727,44194600
2020-04-29,1.6772048473358154,3.9800000190734863,4.0,3.9200000762939453,3.940000057220459,74790900
2020-04-30,1.6687767505645752,3.9600000381469727,4.019999980926514,3.940000057220459,4.0,47358500
2020-05-05,1.6519204378128052,3.9200000762939453,3.9800000190734863,3.9000000953674316,3.9600000381469727,39937600
2020-05-07,1.6603485345840454,3.940000057220459,3.9800000190734863,3.9000000953674316,3.9200000762939453,63978500
2020-05-08,1.6603485345840454,3.940000057220459,3.9800000190734863,3.940000057220459,3.9600000381469727,26221300
2020-05-11,1.643492341041565,3.9000000953674316,3.940000057220459,3.7799999713897705,3.7799999713897705,107575800
2020-05-12,1.6519204378128052,3.9200000762939453,3.940000057220459,3.880000114440918,3.9000000953674316,35599300
2020-05-13,1.643492341041565,3.9000000953674316,3.940000057220459,3.880000114440918,3.9000000953674316,33356200
2020-05-14,1.643492341041565,3.9000000953674316,3.9000000953674316,3.859999895095825,3.880000114440918,29131000
2020-05-15,1.6350640058517456,3.880000114440918,3.9200000762939453,3.859999895095825,3.9000000953674316,32445800
2020-05-18,1.6013513803482056,3.799999952316284,3.9000000953674316,3.799999952316284,3.880000114440918,45765700
2020-05-19,1.5929232835769653,3.7799999713897705,3.8399999141693115,3.759999990463257,3.819999933242798,53399100
2020-05-20,1.6097794771194458,3.819999933242798,3.880000114440918,3.7799999713897705,3.7799999713897705,58658400
2020-05-21,1.6055095195770264,3.759999990463257,3.8399999141693115,3.759999990463257,3.799999952316284,46988600
2020-05-22,1.5798897743225098,3.700000047683716,3.7799999713897705,3.700000047683716,3.7799999713897705,49750900
2020-05-25,1.5969696044921875,3.740000009536743,3.7799999713897705,3.6600000858306885,3.7200000286102295,50292800
2020-05-26,1.6140495538711548,3.7799999713897705,3.799999952316284,3.740000009536743,3.7799999713897705,51429800
2020-05-27,1.6396692991256714,3.8399999141693115,3.859999895095825,3.759999990463257,3.799999952316284,91771900
2020-05-28,1.6055095195770264,3.759999990463257,3.859999895095825,3.759999990463257,3.859999895095825,62705500
2020-05-29,1.5969696044921875,3.740000009536743,3.7799999713897705,3.700000047683716,3.759999990463257,42805200
2020-06-01,1.6140495538711548,3.7799999713897705,3.8399999141693115,3.740000009536743,3.7799999713897705,72413400
2020-06-02,1.6140495538711548,3.7799999713897705,3.799999952316284,3.759999990463257,3.799999952316284,38813900
2020-06-04,1.6396692991256714,3.8399999141693115,3.859999895095825,3.7799999713897705,3.799999952316284,163617400
2020-06-05,1.6994489431381226,3.9800000190734863,4.019999980926514,3.880000114440918,3.880000114440918,410774100
2020-06-08,1.7336087226867676,4.059999942779541,4.179999828338623,4.019999980926514,4.119999885559082,326180400
2020-06-09,1.6482092142105103,3.859999895095825,4.059999942779541,3.8399999141693115,4.039999961853027,221715500
2020-06-10,1.6567492485046387,3.880000114440918,3.9200000762939453,3.8399999141693115,3.9000000953674316,76698000
2020-06-11,1.6311293840408325,3.819999933242798,3.9000000953674316,3.799999952316284,3.859999895095825,85070200
2020-06-12,1.6140495538711548,3.7799999713897705,3.8399999141693115,3.700000047683716,3.700000047683716,81117100
2020-06-15,1.5798897743225098,3.700000047683716,3.819999933242798,3.700000047683716,3.7799999713897705,66107300
2020-06-16,1.5969696044921875,3.740000009536743,3.799999952316284,3.700000047683716,3.759999990463257,43823600
2020-06-17,1.6311293840408325,3.819999933242798,3.8399999141693115,3.740000009536743,3.740000009536743,53608700
2020-06-18,1.6055095195770264,3.759999990463257,3.799999952316284,3.759999990463257,3.7799999713897705,27610700
2020-06-19,1.6140495538711548,3.7799999713897705,3.819999933242798,3.759999990463257,3.799999952316284,57213600
2020-06-22,1.6055095195770264,3.759999990463257,3.799999952316284,3.740000009536743,3.759999990463257,21179900
2020-06-23,1.6055095195770264,3.759999990463257,3.799999952316284,3.759999990463257,3.7799999713897705,26934400
2020-06-24,1.5798897743225098,3.700000047683716,3.799999952316284,3.700000047683716,3.7799999713897705,39194100
2020-06-25,1.5457298755645752,3.619999885559082,3.6600000858306885,3.559999942779541,3.640000104904175,59483400
2020-06-26,1.5371899604797363,3.5999999046325684,3.6600000858306885,3.5999999046325684,3.640000104904175,26951700
2020-06-29,1.5201101303100586,3.559999942779541,3.5999999046325684,3.5199999809265137,3.559999942779541,29073800
2020-06-30,1.5286500453948975,3.5799999237060547,3.640000104904175,3.5799999237060547,3.5999999046325684,34096700
2020-07-01,1.5201101303100586,3.559999942779541,3.640000104904175,3.5199999809265137,3.5999999046325684,44269600
2020-07-02,1.5371899604797363,3.5999999046325684,3.640000104904175,3.559999942779541,3.5799999237060547,41357400
2020-07-03,1.5457298755645752,3.619999885559082,3.680000066757202,3.5999999046325684,3.619999885559082,40713500
2020-07-07,1.5457298755645752,3.619999885559082,3.680000066757202,3.5999999046325684,3.6600000858306885,33750600
2020-07-08,1.5286500453948975,3.5799999237060547,3.6600000858306885,3.5799999237060547,3.5999999046325684,49116400
2020-07-09,1.5457298755645752,3.619999885559082,3.680000066757202,3.5799999237060547,3.5999999046325684,57025900
2020-07-10,1.5542699098587036,3.640000104904175,3.700000047683716,3.640000104904175,3.6600000858306885,51851800
2020-07-13,1.5286500453948975,3.5799999237060547,3.700000047683716,3.5799999237060547,3.680000066757202,57569700
2020-07-14,1.5030301809310913,3.5199999809265137,3.559999942779541,3.5,3.5399999618530273,53186700
2020-07-15,1.5115700960159302,3.5399999618530273,3.559999942779541,3.5,3.559999942779541,34214600
2020-07-16,1.5030301809310913,3.5199999809265137,3.559999942779541,3.5199999809265137,3.5399999618530273,12579400
2020-07-17,1.5030301809310913,3.5199999809265137,3.5799999237060547,3.5,3.5199999809265137,46445100
2020-07-20,1.4944902658462524,3.5,3.5399999618530273,3.5,3.5199999809265137,20096300
2020-07-21,1.5030301809310913,3.5199999809265137,3.5399999618530273,3.5,3.5199999809265137,26962200
2020-07-22,1.4944902658462524,3.5,3.5399999618530273,3.5,3.5399999618530273,17705900
2020-07-23,1.4859503507614136,3.4800000190734863,3.5199999809265137,3.4800000190734863,3.5,25881200
2020-07-24,1.4688705205917358,3.440000057220459,3.5,3.4200000762939453,3.4600000381469727,38550800
2020-07-29,1.4347106218338013,3.359999895095825,3.440000057220459,3.359999895095825,3.440000057220459,46787500
2020-07-30,1.3834710121154785,3.240000009536743,3.380000114440918,3.200000047683716,3.380000114440918,51859000
2020-07-31,1.4688705205917358,3.440000057220459,3.4800000190734863,3.200000047683716,3.2200000286102295,143769900
2020-08-03,1.4432506561279297,3.380000114440918,3.4600000381469727,3.359999895095825,3.4200000762939453,25915300
2020-08-04,1.4432506561279297,3.380000114440918,3.4200000762939453,3.380000114440918,3.4000000953674316,14327400
2020-08-05,1.4517905712127686,3.4000000953674316,3.440000057220459,3.380000114440918,3.4000000953674316,34919200
2020-08-06,1.4432506561279297,3.380000114440918,3.4800000190734863,3.380000114440918,3.4200000762939453,35348200
2020-08-07,1.417630672454834,3.319999933242798,3.4000000953674316,3.2799999713897705,3.4000000953674316,31830600
2020-08-10,1.4261707067489624,3.3399999141693115,3.4000000953674316,3.2799999713897705,3.319999933242798,28342600
2020-08-11,1.4090907573699951,3.299999952316284,3.380000114440918,3.2799999713897705,3.359999895095825,24917300
2020-08-13,1.3920109272003174,3.259999990463257,3.3399999141693115,3.240000009536743,3.299999952316284,59603900
2020-08-14,1.3920109272003174,3.259999990463257,3.2799999713897705,3.240000009536743,3.259999990463257,19810500
2020-08-17,1.3663910627365112,3.200000047683716,3.259999990463257,3.200000047683716,3.240000009536743,24806900
2020-08-18,1.3322312831878662,3.119999885559082,3.2200000286102295,3.0999999046325684,3.2200000286102295,56135200
2020-08-19,1.2895315885543823,3.0199999809265137,3.140000104904175,3.0,3.119999885559082,51771800
2020-08-20,1.2553719282150269,2.940000057220459,3.0399999618530273,2.9200000762939453,3.0,47094300
2020-08-21,1.2553719282150269,2.940000057220459,2.9800000190734863,2.9200000762939453,2.9600000381469727,20126000
2020-08-24,1.2724517583847046,2.9800000190734863,3.0399999618530273,2.940000057220459,2.9600000381469727,44409700
2020-08-25,1.2553719282150269,2.940000057220459,3.0199999809265137,2.940000057220459,3.0,21842000
2020-08-26,1.2553719282150269,2.940000057220459,2.9800000190734863,2.9200000762939453,2.9600000381469727,20215200
2020-08-27,1.2809916734695435,3.0,3.0399999618530273,2.9200000762939453,2.9600000381469727,49207700
2020-08-28,1.2639118432998657,2.9600000381469727,3.0399999618530273,2.940000057220459,3.0199999809265137,41635700
2020-08-31,1.2382920980453491,2.9000000953674316,2.9800000190734863,2.9000000953674316,2.9600000381469727,47458600
2020-09-01,1.2041321992874146,2.819999933242798,2.9200000762939453,2.819999933242798,2.9000000953674316,64561000
2020-09-02,1.1785123348236084,2.759999990463257,2.819999933242798,2.740000009536743,2.819999933242798,54984500
2020-09-03,1.1955922842025757,2.799999952316284,2.880000114440918,2.759999990463257,2.799999952316284,59365300
2020-09-08,1.1699724197387695,2.740000009536743,2.799999952316284,2.740000009536743,2.799999952316284,30530500
2020-09-09,1.1699724197387695,2.740000009536743,2.759999990463257,2.640000104904175,2.6600000858306885,28797000
2020-09-10,1.1699724197387695,2.740000009536743,2.7799999713897705,2.740000009536743,2.740000009536743,13975600
2020-09-11,1.1528925895690918,2.700000047683716,2.7799999713897705,2.700000047683716,2.759999990463257,17179900
2020-09-14,1.135812759399414,2.6600000858306885,2.740000009536743,2.640000104904175,2.7200000286102295,22231200
2020-09-15,1.144352674484253,2.680000066757202,2.700000047683716,2.640000104904175,2.6600000858306885,14704700
2020-09-16,1.1272727251052856,2.640000104904175,2.680000066757202,2.640000104904175,2.680000066757202,11964900
2020-09-17,1.0845730304718018,2.5399999618530273,2.640000104904175,2.5199999809265137,2.640000104904175,38481800
2020-09-18,1.2297520637512207,2.880000114440918,2.9200000762939453,2.559999942779541,2.559999942779541,282308100
2020-09-21,1.2553719282150269,2.940000057220459,3.0799999237060547,2.9000000953674316,3.0399999618530273,268096000
2020-09-22,1.2297520637512207,2.880000114440918,2.940000057220459,2.859999895095825,2.880000114440918,91848800
2020-09-23,1.2639118432998657,2.9600000381469727,3.0399999618530273,2.880000114440918,2.9000000953674316,177637500
2020-09-24,1.246832013130188,2.9200000762939453,3.0199999809265137,2.9000000953674316,2.9600000381469727,112893900
2020-09-25,1.246832013130188,2.9200000762939453,2.9800000190734863,2.9000000953674316,2.9600000381469727,48432700
2020-09-28,1.2382920980453491,2.9000000953674316,2.9600000381469727,2.859999895095825,2.940000057220459,55277000
2020-09-29,1.2382920980453491,2.9000000953674316,2.9600000381469727,2.880000114440918,2.9000000953674316,58232700
2020-09-30,1.2126721143722534,2.8399999141693115,2.940000057220459,2.759999990463257,2.9200000762939453,60915500
2020-10-01,1.1870523691177368,2.7799999713897705,2.859999895095825,2.740000009536743,2.8399999141693115,58032900
2020-10-02,1.1528925895690918,2.700000047683716,2.799999952316284,2.680000066757202,2.799999952316284,48601700
2020-10-05,1.1785123348236084,2.759999990463257,2.799999952316284,2.680000066757202,2.7200000286102295,52303200
2020-10-06,1.2041321992874146,2.819999933242798,2.819999933242798,2.740000009536743,2.759999990463257,62201000
2020-10-07,1.2212120294570923,2.859999895095825,2.859999895095825,2.799999952316284,2.799999952316284,44456600
2020-10-08,1.2297520637512207,2.880000114440918,2.9000000953674316,2.819999933242798,2.859999895095825,60352900
2020-10-09,1.2041321992874146,2.819999933242798,2.880000114440918,2.799999952316284,2.880000114440918,24241100
2020-10-12,1.1955922842025757,2.799999952316284,2.8399999141693115,2.7799999713897705,2.819999933242798,21608600
2020-10-14,1.1955922842025757,2.799999952316284,2.819999933242798,2.759999990463257,2.799999952316284,16054200
2020-10-15,1.1870523691177368,2.7799999713897705,2.8399999141693115,2.759999990463257,2.7799999713897705,24040400
2020-10-16,1.1528925895690918,2.700000047683716,2.799999952316284,2.700000047683716,2.799999952316284,30551200
2020-10-19,1.1187326908111572,2.619999885559082,2.7200000286102295,2.5799999237060547,2.7200000286102295,45343700
2020-10-20,1.1187326908111572,2.619999885559082,2.680000066757202,2.619999885559082,2.619999885559082,16096400
2020-10-21,1.135812759399414,2.6600000858306885,2.680000066757202,2.5999999046325684,2.640000104904175,28208300
2020-10-22,1.1016528606414795,2.5799999237060547,2.6600000858306885,2.5799999237060547,2.6600000858306885,40312400
2020-10-26,1.1101927757263184,2.5999999046325684,2.640000104904175,2.5799999237060547,2.5799999237060547,16168900
2020-10-27,1.1101927757263184,2.5999999046325684,2.619999885559082,2.559999942779541,2.5999999046325684,19538300
2020-10-28,1.1187326908111572,2.619999885559082,2.619999885559082,2.559999942779541,2.5799999237060547,19451400
2020-10-29,1.1016528606414795,2.5799999237060547,2.619999885559082,2.559999942779541,2.5999999046325684,21122200
2020-10-30,1.1016528606414795,2.5799999237060547,2.5999999046325684,2.559999942779541,2.5999999046325684,13627300
2020-11-02,1.1101927757263184,2.5999999046325684,2.5999999046325684,2.559999942779541,2.5799999237060547,14405800
2020-11-03,1.1614325046539307,2.7200000286102295,2.7200000286102295,2.5999999046325684,2.5999999046325684,60662300
2020-11-04,1.1699724197387695,2.740000009536743,2.819999933242798,2.680000066757202,2.7200000286102295,54724400
2020-11-05,1.1870523691177368,2.7799999713897705,2.819999933242798,2.740000009536743,2.759999990463257,61200900
2020-11-06,1.1699724197387695,2.740000009536743,2.799999952316284,2.740000009536743,2.7799999713897705,18667400
2020-11-09,1.1870523691177368,2.7799999713897705,2.8399999141693115,2.759999990463257,2.759999990463257,52418900
2020-11-10,1.2212120294570923,2.859999895095825,2.880000114440918,2.7799999713897705,2.819999933242798,78125100
2020-11-11,1.246832013130188,2.9200000762939453,2.9600000381469727,2.880000114440918,2.9000000953674316,66606500
2020-11-12,1.2212120294570923,2.859999895095825,2.9200000762939453,2.819999933242798,2.9200000762939453,39377300
2020-11-13,1.2297520637512207,2.880000114440918,2.9600000381469727,2.8399999141693115,2.859999895095825,48557700
2020-11-16,1.2382920980453491,2.9000000953674316,2.9200000762939453,2.8399999141693115,2.859999895095825,50393000
2020-11-17,1.2041321992874146,2.819999933242798,2.9200000762939453,2.7799999713897705,2.9000000953674316,48697300
2020-11-18,1.2212120294570923,2.859999895095825,2.859999895095825,2.799999952316284,2.819999933242798,19186700
2020-11-19,1.2382920980453491,2.9000000953674316,2.9200000762939453,2.8399999141693115,2.859999895095825,35357800
2020-11-20,1.246832013130188,2.9200000762939453,2.9600000381469727,2.880000114440918,2.9200000762939453,90808900
2020-11-23,1.4432506561279297,3.380000114440918,3.4000000953674316,3.059999942779541,3.0999999046325684,535291500
2020-11-24,1.417630672454834,3.319999933242798,3.5,3.299999952316284,3.380000114440918,282799100
2020-11-25,1.4347106218338013,3.359999895095825,3.4000000953674316,3.299999952316284,3.380000114440918,129773000
2020-11-26,1.4432506561279297,3.380000114440918,3.380000114440918,3.3399999141693115,3.380000114440918,65999700
2020-11-27,1.4261707067489624,3.3399999141693115,3.380000114440918,3.319999933242798,3.359999895095825,61981400
2020-11-30,1.4261707067489624,3.3399999141693115,3.3399999141693115,3.299999952316284,3.3399999141693115,69696500
2020-12-01,1.4261707067489624,3.3399999141693115,3.4200000762939453,3.319999933242798,3.3399999141693115,126530300
2020-12-02,1.4090907573699951,3.299999952316284,3.380000114440918,3.299999952316284,3.359999895095825,80373700
2020-12-03,1.4363635778427124,3.1600000858306885,3.200000047683716,3.0999999046325684,3.0999999046325684,109753600
2020-12-04,1.445454478263855,3.180000066757202,3.2200000286102295,3.140000104904175,3.180000066757202,70094700
2020-12-08,1.4545453786849976,3.200000047683716,3.2200000286102295,3.1600000858306885,3.180000066757202,66892200
2020-12-09,1.445454478263855,3.180000066757202,3.259999990463257,3.180000066757202,3.2200000286102295,68567800
2020-12-14,1.445454478263855,3.180000066757202,3.259999990463257,3.180000066757202,3.200000047683716,87664700
2020-12-15,1.4363635778427124,3.1600000858306885,3.200000047683716,3.140000104904175,3.180000066757202,37953900
2020-12-16,1.4545453786849976,3.200000047683716,3.2200000286102295,3.180000066757202,3.200000047683716,23472100
2020-12-17,1.509090781211853,3.319999933242798,3.359999895095825,3.200000047683716,3.200000047683716,182313800
2020-12-18,1.4818180799484253,3.259999990463257,3.3399999141693115,3.2200000286102295,3.319999933242798,76177500
2020-12-21,1.3545454740524292,2.9800000190734863,3.1600000858306885,2.9800000190734863,3.119999885559082,143012000
2020-12-22,1.3999998569488525,3.0799999237060547,3.0999999046325684,2.940000057220459,2.9800000190734863,92326300
2020-12-23,1.39090895652771,3.059999942779541,3.119999885559082,3.0399999618530273,3.0799999237060547,41295200
2020-12-24,1.4090907573699951,3.0999999046325684,3.119999885559082,3.0199999809265137,3.059999942779541,37911200
2020-12-25,1.4363635778427124,3.1600000858306885,3.180000066757202,3.0999999046325684,3.119999885559082,52992700
2020-12-28,1.4727271795272827,3.240000009536743,3.3399999141693115,3.180000066757202,3.2200000286102295,134398800
2020-12-29,1.4909089803695679,3.2799999713897705,3.299999952316284,3.2200000286102295,3.2799999713897705,55583400
2020-12-30,1.445454478263855,3.180000066757202,3.299999952316284,3.140000104904175,3.2799999713897705,48766700
2021-01-04,1.445454478263855,3.180000066757202,3.200000047683716,3.059999942779541,3.0799999237060547,32530500
2021-01-05,1.445454478263855,3.180000066757202,3.200000047683716,3.140000104904175,3.1600000858306885,25670200
2021-01-06,1.4636362791061401,3.2200000286102295,3.2799999713897705,3.180000066757202,3.180000066757202,59642800
2021-01-07,1.4999998807907104,3.299999952316284,3.3399999141693115,3.240000009536743,3.259999990463257,114430300
2021-01-08,1.4999998807907104,3.299999952316284,3.359999895095825,3.2799999713897705,3.3399999141693115,78969000
2021-01-11,1.4818180799484253,3.259999990463257,3.3399999141693115,3.240000009536743,3.299999952316284,41115700
2021-01-12,1.4636362791061401,3.2200000286102295,3.2799999713897705,3.200000047683716,3.259999990463257,35908100
2021-01-13,1.4636362791061401,3.2200000286102295,3.259999990463257,3.200000047683716,3.2200000286102295,31400700
2021-01-14,1.4818180799484253,3.259999990463257,3.299999952316284,3.240000009536743,3.299999952316284,57935200
2021-01-15,1.4545453786849976,3.200000047683716,3.299999952316284,3.200000047683716,3.240000009536743,66644600
2021-01-18,1.445454478263855,3.180000066757202,3.2200000286102295,3.1600000858306885,3.200000047683716,25474100
2021-01-19,1.4545453786849976,3.200000047683716,3.2200000286102295,3.180000066757202,3.200000047683716,18856400
2021-01-20,1.4545453786849976,3.200000047683716,3.240000009536743,3.180000066757202,3.200000047683716,19067100
2021-01-21,1.4545453786849976,3.200000047683716,3.259999990463257,3.180000066757202,3.2200000286102295,38802300
2021-01-22,1.445454478263855,3.180000066757202,3.2200000286102295,3.1600000858306885,3.200000047683716,23862000
2021-01-25,1.4272726774215698,3.140000104904175,3.180000066757202,3.140000104904175,3.1600000858306885,21534500
2021-01-26,1.4181816577911377,3.119999885559082,3.1600000858306885,3.0999999046325684,3.140000104904175,24590500
2021-01-27,1.4181816577911377,3.119999885559082,3.1600000858306885,3.119999885559082,3.119999885559082,15012800
2021-01-28,1.4090907573699951,3.0999999046325684,3.1600000858306885,3.0799999237060547,3.119999885559082,29795900
2021-01-29,1.3727271556854248,3.0199999809265137,3.119999885559082,2.9800000190734863,3.119999885559082,53378000
2021-02-01,1.39090895652771,3.059999942779541,3.059999942779541,3.0,3.0199999809265137,17711900
2021-02-02,1.3999998569488525,3.0799999237060547,3.119999885559082,3.059999942779541,3.059999942779541,30574000
2021-02-03,1.3999998569488525,3.0799999237060547,3.0999999046325684,3.059999942779541,3.0799999237060547,13608800
2021-02-04,1.4090907573699951,3.0999999046325684,3.0999999046325684,3.059999942779541,3.059999942779541,13169700
2021-02-05,1.3999998569488525,3.0799999237060547,3.119999885559082,3.059999942779541,3.119999885559082,13965700
2021-02-08,1.4272726774215698,3.140000104904175,3.140000104904175,3.0799999237060547,3.0999999046325684,27535400
2021-02-09,1.4090907573699951,3.0999999046325684,3.140000104904175,3.0999999046325684,3.140000104904175,25376800
2021-02-10,1.4090907573699951,3.0999999046325684,3.140000104904175,3.0799999237060547,3.0999999046325684,44462000
2021-02-11,1.4090907573699951,3.0999999046325684,3.0999999046325684,3.059999942779541,3.0999999046325684,16144500
2021-02-15,1.39090895652771,3.059999942779541,3.0999999046325684,3.0399999618530273,3.0999999046325684,35739500
2021-02-16,1.39090895652771,3.059999942779541,3.059999942779541,3.0399999618530273,3.059999942779541,20905700
2021-02-17,1.3727271556854248,3.0199999809265137,3.059999942779541,3.0199999809265137,3.0399999618530273,19949800
2021-02-18,1.3727271556854248,3.0199999809265137,3.059999942779541,3.0,3.0399999618530273,41712400
2021-02-19,1.3636362552642822,3.0,3.0199999809265137,2.9800000190734863,3.0199999809265137,22461600
2021-02-22,1.3545454740524292,2.9800000190734863,3.0399999618530273,2.9800000190734863,3.0,18087800
2021-02-23,1.3818180561065674,3.0399999618530273,3.059999942779541,2.9800000190734863,3.0,23666900
2021-02-24,1.3727271556854248,3.0199999809265137,3.059999942779541,3.0199999809265137,3.0399999618530273,14147100
2021-02-25,1.3818180561065674,3.0399999618530273,3.0399999618530273,3.0199999809265137,3.0399999618530273,16903300
2021-03-01,1.3818180561065674,3.0399999618530273,3.059999942779541,3.0,3.0199999809265137,18003000
2021-03-02,1.3454545736312866,2.9600000381469727,3.0,2.819999933242798,2.9800000190734863,56165600
2021-03-03,1.2999999523162842,2.859999895095825,2.9200000762939453,2.819999933242798,2.9000000953674316,84029500
2021-03-04,1.2999999523162842,2.859999895095825,2.880000114440918,2.8399999141693115,2.8399999141693115,30897000
2021-03-05,1.3090909719467163,2.880000114440918,2.9600000381469727,2.8399999141693115,2.859999895095825,58077900
2021-03-08,1.281818151473999,2.819999933242798,2.9000000953674316,2.819999933242798,2.9000000953674316,44242300
2021-03-09,1.2999999523162842,2.859999895095825,2.859999895095825,2.819999933242798,2.8399999141693115,34658000
2021-03-10,1.3181818723678589,2.9000000953674316,2.940000057220459,2.859999895095825,2.859999895095825,77167700
2021-03-11,1.2999999523162842,2.859999895095825,2.9200000762939453,2.859999895095825,2.9000000953674316,29329100
2021-03-12,1.2999999523162842,2.859999895095825,2.880000114440918,2.8399999141693115,2.859999895095825,25119300
2021-03-15,1.2999999523162842,2.859999895095825,2.880000114440918,2.8399999141693115,2.859999895095825,25277900
2021-03-16,1.3272727727890015,2.9200000762939453,2.940000057220459,2.859999895095825,2.880000114440918,70779600
2021-03-17,1.3181818723678589,2.9000000953674316,2.9600000381469727,2.9000000953674316,2.940000057220459,41522300
2021-03-18,1.336363673210144,2.940000057220459,2.940000057220459,2.9000000953674316,2.9200000762939453,29654800
2021-03-19,1.336363673210144,2.940000057220459,2.9800000190734863,2.9000000953674316,2.9200000762939453,79027300
2021-03-22,1.3181818723678589,2.9000000953674316,2.940000057220459,2.880000114440918,2.9200000762939453,28551200
2021-03-23,1.3090909719467163,2.880000114440918,2.9200000762939453,2.859999895095825,2.9200000762939453,27319300
2021-03-24,1.3090909719467163,2.880000114440918,2.9000000953674316,2.859999895095825,2.880000114440918,14039400
2021-03-25,1.3727271556854248,3.0199999809265137,3.0799999237060547,2.880000114440918,2.9000000953674316,216048100
2021-03-26,1.3545454740524292,2.9800000190734863,3.059999942779541,2.9800000190734863,3.059999942779541,84853600
2021-03-29,1.3454545736312866,2.9600000381469727,3.0,2.940000057220459,3.0,34844900
2021-03-30,1.336363673210144,2.940000057220459,2.9800000190734863,2.940000057220459,2.9600000381469727,47175800
2021-03-31,1.3272727727890015,2.9200000762939453,2.9600000381469727,2.9200000762939453,2.9600000381469727,30912700
2021-04-01,1.3272727727890015,2.9200000762939453,2.9600000381469727,2.9000000953674316,2.940000057220459,43869200
2021-04-02,1.3090909719467163,2.880000114440918,2.940000057220459,2.880000114440918,2.940000057220459,54644800
2021-04-05,1.2999999523162842,2.859999895095825,2.9200000762939453,2.859999895095825,2.9000000953674316,49209400
2021-04-07,1.2909090518951416,2.8399999141693115,2.9000000953674316,2.8399999141693115,2.859999895095825,54896900
2021-04-08,1.3090909719467163,2.880000114440918,2.9000000953674316,2.8399999141693115,2.859999895095825,26197200
2021-04-09,1.2999999523162842,2.859999895095825,2.9000000953674316,2.859999895095825,2.9000000953674316,19808400
2021-04-12,1.281818151473999,2.819999933242798,2.859999895095825,2.799999952316284,2.8399999141693115,28510800
2021-04-16,1.281818151473999,2.819999933242798,2.819999933242798,2.740000009536743,2.799999952316284,26109200
2021-04-19,1.2909090518951416,2.8399999141693115,2.859999895095825,2.819999933242798,2.8399999141693115,19448900
2021-04-20,1.3272727727890015,2.9200000762939453,2.9600000381469727,2.8399999141693115,2.859999895095825,84999900
2021-04-21,1.3181818723678589,2.9000000953674316,2.940000057220459,2.9000000953674316,2.9200000762939453,27305700
2021-04-22,1.2999999523162842,2.859999895095825,2.9200000762939453,2.859999895095825,2.9200000762939453,23160800
2021-04-23,1.2999999523162842,2.859999895095825,2.880000114440918,2.8399999141693115,2.859999895095825,24622200
2021-04-26,1.281818151473999,2.819999933242798,2.859999895095825,2.819999933242798,2.8399999141693115,21733800
2021-04-27,1.2909090518951416,2.8399999141693115,2.9000000953674316,2.819999933242798,2.8399999141693115,32492400
2021-04-28,1.2909090518951416,2.8399999141693115,2.880000114440918,2.8399999141693115,2.8399999141693115,14371100
2021-04-29,1.3090909719467163,2.880000114440918,2.940000057220459,2.8399999141693115,2.8399999141693115,41484200
2021-04-30,1.3181818723678589,2.9000000953674316,2.9200000762939453,2.859999895095825,2.9000000953674316,26719500
2021-05-05,1.281818151473999,2.819999933242798,2.9200000762939453,2.819999933242798,2.9000000953674316,43243500
2021-05-06,1.281818151473999,2.819999933242798,2.859999895095825,2.819999933242798,2.8399999141693115,18064400
2021-05-07,1.281818151473999,2.819999933242798,2.859999895095825,2.819999933242798,2.8399999141693115,13786800
2021-05-10,1.2909090518951416,2.8399999141693115,2.880000114440918,2.819999933242798,2.8399999141693115,40208200
2021-05-11,1.2727272510528564,2.799999952316284,2.880000114440918,2.799999952316284,2.8399999141693115,46151600
2021-05-12,1.281818151473999,2.819999933242798,2.8399999141693115,2.799999952316284,2.819999933242798,25253300
2021-05-13,1.2545454502105713,2.759999990463257,2.8399999141693115,2.740000009536743,2.799999952316284,49633900
2021-05-14,1.2727272510528564,2.799999952316284,2.859999895095825,2.7799999713897705,2.819999933242798,63159400
2021-05-17,1.2636363506317139,2.7799999713897705,2.819999933242798,2.759999990463257,2.799999952316284,33193500
2021-05-18,1.2545454502105713,2.759999990463257,2.799999952316284,2.759999990463257,2.7799999713897705,26484000
2021-05-19,1.2545454502105713,2.759999990463257,2.799999952316284,2.759999990463257,2.759999990463257,17209900
2021-05-20,1.2545454502105713,2.759999990463257,2.8399999141693115,2.759999990463257,2.7799999713897705,53136800
2021-05-21,1.2545454502105713,2.759999990463257,2.7799999713897705,2.759999990463257,2.7799999713897705,15328400
2021-05-24,1.2363636493682861,2.7200000286102295,2.7799999713897705,2.700000047683716,2.7799999713897705,45683400
2021-05-25,1.2454545497894287,2.740000009536743,2.759999990463257,2.7200000286102295,2.740000009536743,27139600
2021-05-27,1.2727272510528564,2.799999952316284,2.799999952316284,2.7200000286102295,2.740000009536743,43445200
2021-05-28,1.2636363506317139,2.7799999713897705,2.819999933242798,2.7799999713897705,2.819999933242798,25980900
2021-05-31,1.2727272510528564,2.799999952316284,2.859999895095825,2.7799999713897705,2.799999952316284,39904300
2021-06-01,1.2727272510528564,2.799999952316284,2.859999895095825,2.799999952316284,2.799999952316284,40893000
2021-06-02,1.3090909719467163,2.880000114440918,2.9000000953674316,2.819999933242798,2.819999933242798,77353200
2021-06-04,1.2909090518951416,2.8399999141693115,2.9000000953674316,2.8399999141693115,2.9000000953674316,18189300
2021-06-07,1.281818151473999,2.819999933242798,2.880000114440918,2.819999933242798,2.859999895095825,31726300
2021-06-08,1.2909090518951416,2.8399999141693115,2.880000114440918,2.799999952316284,2.8399999141693115,72269200
2021-06-09,1.3181818723678589,2.9000000953674316,2.940000057220459,2.859999895095825,2.859999895095825,77374100
2021-06-10,1.3181818723678589,2.9000000953674316,2.9600000381469727,2.9000000953674316,2.9200000762939453,85744600
2021-06-11,1.3454545736312866,2.9600000381469727,3.0,2.9000000953674316,2.9200000762939453,93370100
2021-06-14,1.5363636016845703,3.380000114440918,3.5199999809265137,3.0199999809265137,3.0199999809265137,1588567700
2021-06-15,1.4818180799484253,3.259999990463257,3.440000057220459,3.2200000286102295,3.3399999141693115,552490200
2021-06-16,1.4909089803695679,3.2799999713897705,3.359999895095825,3.240000009536743,3.2799999713897705,273741700
2021-06-17,1.4545453786849976,3.200000047683716,3.319999933242798,3.200000047683716,3.299999952316284,213641000
2021-06-18,1.4090907573699951,3.0999999046325684,3.2200000286102295,3.059999942779541,3.200000047683716,412798500
2021-06-21,1.3636362552642822,3.0,3.059999942779541,2.940000057220459,2.940000057220459,77350300
2021-06-22,1.336363673210144,2.940000057220459,3.0399999618530273,2.940000057220459,3.0199999809265137,45311000
2021-06-23,1.3181818723678589,2.9000000953674316,2.9800000190734863,2.9000000953674316,2.9600000381469727,34940600
2021-06-24,1.281818151473999,2.819999933242798,2.9000000953674316,2.7799999713897705,2.9000000953674316,61843000
2021-06-25,1.2636363506317139,2.7799999713897705,2.859999895095825,2.7799999713897705,2.8399999141693115,26013600
2021-06-28,1.2909090518951416,2.8399999141693115,2.8399999141693115,2.740000009536743,2.759999990463257,19061500
2021-06-29,1.3090909719467163,2.880000114440918,2.9200000762939453,2.8399999141693115,2.8399999141693115,30650900
2021-06-30,1.3181818723678589,2.9000000953674316,2.940000057220459,2.880000114440918,2.9000000953674316,13687200
2021-07-01,1.3181818723678589,2.9000000953674316,2.9200000762939453,2.859999895095825,2.880000114440918,14297200
2021-07-02,1.2909090518951416,2.8399999141693115,2.9000000953674316,2.8399999141693115,2.880000114440918,20353200
2021-07-05,1.2909090518951416,2.8399999141693115,2.8399999141693115,2.799999952316284,2.799999952316284,14258300
2021-07-06,1.3181818723678589,2.9000000953674316,2.9000000953674316,2.819999933242798,2.8399999141693115,9248100
2021-07-07,1.281818151473999,2.819999933242798,2.9000000953674316,2.819999933242798,2.9000000953674316,14376500
2021-07-08,1.2454545497894287,2.740000009536743,2.819999933242798,2.740000009536743,2.799999952316284,35226900
2021-07-09,1.281818151473999,2.819999933242798,2.819999933242798,2.7200000286102295,2.7200000286102295,17770800
2021-07-12,1.2545454502105713,2.759999990463257,2.819999933242798,2.759999990463257,2.799999952316284,9005700
2021-07-13,1.281818151473999,2.819999933242798,2.819999933242798,2.7799999713897705,2.7799999713897705,10989400
2021-07-14,1.2636363506317139,2.7799999713897705,2.819999933242798,2.7799999713897705,2.799999952316284,11273200
2021-07-15,1.281818151473999,2.819999933242798,2.819999933242798,2.7799999713897705,2.799999952316284,4644000
2021-07-16,1.281818151473999,2.819999933242798,2.8399999141693115,2.799999952316284,2.799999952316284,5073900
2021-07-19,1.281818151473999,2.819999933242798,2.8399999141693115,2.7799999713897705,2.7799999713897705,15308900
2021-07-20,1.3454545736312866,2.9600000381469727,2.9800000190734863,2.799999952316284,2.8399999141693115,64397500
2021-07-21,1.3454545736312866,2.9600000381469727,3.0,2.9200000762939453,2.9800000190734863,37350100
2021-07-22,1.3818180561065674,3.0399999618530273,3.059999942779541,2.9600000381469727,2.9800000190734863,43437100
2021-07-23,1.336363673210144,2.940000057220459,3.059999942779541,2.9000000953674316,3.059999942779541,51207700
2021-07-27,1.336363673210144,2.940000057220459,3.0,2.940000057220459,2.9800000190734863,25537700
2021-07-29,1.3727271556854248,3.0199999809265137,3.0399999618530273,2.9200000762939453,2.9600000381469727,42017800
2021-07-30,1.3454545736312866,2.9600000381469727,3.0199999809265137,2.9200000762939453,3.0199999809265137,54042300
2021-08-02,1.2727272510528564,2.799999952316284,2.9200000762939453,2.7799999713897705,2.9000000953674316,51234900
2021-08-03,1.2909090518951416,2.8399999141693115,2.880000114440918,2.799999952316284,2.819999933242798,13736600
2021-08-04,1.2909090518951416,2.8399999141693115,2.880000114440918,2.819999933242798,2.8399999141693115,12513000
2021-08-05,1.2727272510528564,2.799999952316284,2.8399999141693115,2.799999952316284,2.819999933242798,12364200
2021-08-06,1.2727272510528564,2.799999952316284,2.8399999141693115,2.7799999713897705,2.819999933242798,14007700
2021-08-09,1.281818151473999,2.819999933242798,2.8399999141693115,2.799999952316284,2.819999933242798,10697600
2021-08-10,1.2727272510528564,2.799999952316284,2.880000114440918,2.7799999713897705,2.819999933242798,28653600
2021-08-11,1.2090909481048584,2.6600000858306885,2.799999952316284,2.619999885559082,2.799999952316284,70866800
2021-08-13,1.2090909481048584,2.6600000858306885,2.700000047683716,2.640000104904175,2.640000104904175,19814400
2021-08-16,1.1818181276321411,2.5999999046325684,2.6600000858306885,2.559999942779541,2.640000104904175,26877100
2021-08-17,1.218181848526001,2.680000066757202,2.680000066757202,2.619999885559082,2.619999885559082,12375600
2021-08-18,1.218181848526001,2.680000066757202,2.700000047683716,2.680000066757202,2.700000047683716,8538800
2021-08-19,1.218181848526001,2.680000066757202,2.700000047683716,2.6600000858306885,2.6600000858306885,5824500
2021-08-20,1.2454545497894287,2.740000009536743,2.7799999713897705,2.680000066757202,2.700000047683716,29025700
2021-08-23,1.2636363506317139,2.7799999713897705,2.8399999141693115,2.7799999713897705,2.7799999713897705,26621800
2021-08-24,1.2999999523162842,2.859999895095825,2.9000000953674316,2.799999952316284,2.819999933242798,51304000
2021-08-25,1.2909090518951416,2.8399999141693115,2.9000000953674316,2.819999933242798,2.880000114440918,55829900
2021-08-26,1.2909090518951416,2.8399999141693115,2.9000000953674316,2.8399999141693115,2.859999895095825,23583500
2021-08-27,1.3090909719467163,2.880000114440918,2.9000000953674316,2.8399999141693115,2.859999895095825,47633900
2021-08-30,1.3181818723678589,2.9000000953674316,2.9200000762939453,2.880000114440918,2.880000114440918,48822000
2021-08-31,1.3272727727890015,2.9200000762939453,2.9200000762939453,2.880000114440918,2.9200000762939453,28072400
2021-09-01,1.3090909719467163,2.880000114440918,2.940000057220459,2.859999895095825,2.940000057220459,22796400
2021-09-02,1.3272727727890015,2.9200000762939453,2.940000057220459,2.859999895095825,2.880000114440918,35501200
2021-09-03,1.3272727727890015,2.9200000762939453,2.9800000190734863,2.9200000762939453,2.940000057220459,54125800
2021-09-06,1.3181818723678589,2.9000000953674316,2.940000057220459,2.880000114440918,2.9200000762939453,23637500
2021-09-07,1.3454545736312866,2.9600000381469727,2.9800000190734863,2.880000114440918,2.9000000953674316,74368800
2021-09-08,1.336363673210144,2.940000057220459,3.0999999046325684,2.9200000762939453,2.9600000381469727,244073800
2021-09-09,1.3090909719467163,2.880000114440918,2.9800000190734863,2.880000114440918,2.9600000381469727,61523700
2021-09-10,1.2999999523162842,2.859999895095825,2.9200000762939453,2.8399999141693115,2.9000000953674316,42891100
2021-09-13,1.2999999523162842,2.859999895095825,2.9000000953674316,2.819999933242798,2.859999895095825,30464000
2021-09-14,1.2909090518951416,2.8399999141693115,2.9000000953674316,2.8399999141693115,2.880000114440918,23504400
2021-09-15,1.2999999523162842,2.859999895095825,2.859999895095825,2.819999933242798,2.859999895095825,22413700
2021-09-16,1.2909090518951416,2.8399999141693115,2.880000114440918,2.8399999141693115,2.880000114440918,15285100
2021-09-17,1.2909090518951416,2.8399999141693115,2.859999895095825,2.819999933242798,2.8399999141693115,19146700
2021-09-20,1.2636363506317139,2.7799999713897705,2.8399999141693115,2.7799999713897705,2.8399999141693115,31003900
2021-09-21,1.281818151473999,2.819999933242798,2.8399999141693115,2.7799999713897705,2.7799999713897705,18111300
2021-09-22,1.3272727727890015,2.9200000762939453,2.9200000762939453,2.799999952316284,2.799999952316284,51698400
2021-09-23,1.3272727727890015,2.9200000762939453,2.9600000381469727,2.8399999141693115,2.940000057220459,107345100
2021-09-27,1.3272727727890015,2.9200000762939453,3.0999999046325684,2.9000000953674316,2.9200000762939453,299162500
2021-09-28,1.3272727727890015,2.9200000762939453,2.9600000381469727,2.880000114440918,2.940000057220459,50972300
2021-09-29,1.336363673210144,2.940000057220459,2.9800000190734863,2.9000000953674316,2.9000000953674316,48572500
2021-09-30,1.2999999523162842,2.859999895095825,2.9600000381469727,2.859999895095825,2.9200000762939453,39735500
2021-10-01,1.2909090518951416,2.8399999141693115,2.880000114440918,2.8399999141693115,2.8399999141693115,32898100
2021-10-04,1.3181818723678589,2.9000000953674316,2.9200000762939453,2.859999895095825,2.859999895095825,30110200
2021-10-05,1.3272727727890015,2.9200000762939453,2.9600000381469727,2.880000114440918,2.9000000953674316,33396200
2021-10-06,1.3545454740524292,2.9800000190734863,3.0,2.9000000953674316,2.9200000762939453,103854600
2021-10-07,1.3545454740524292,2.9800000190734863,3.119999885559082,2.9600000381469727,2.9800000190734863,294483300
2021-10-08,1.4727271795272827,3.240000009536743,3.259999990463257,2.9800000190734863,3.0,677078800
2021-10-11,1.4181816577911377,3.119999885559082,3.200000047683716,3.059999942779541,3.200000047683716,433335600
2021-10-12,1.4181816577911377,3.119999885559082,3.180000066757202,3.0799999237060547,3.140000104904175,223877000
2021-10-14,1.3999998569488525,3.0799999237060547,3.180000066757202,3.0799999237060547,3.119999885559082,220078300
2021-10-15,1.3636362552642822,3.0,3.0999999046325684,3.0,3.0799999237060547,135789300
2021-10-18,1.3272727727890015,2.9200000762939453,2.9800000190734863,2.9000000953674316,2.9600000381469727,60050000
2021-10-19,1.2999999523162842,2.859999895095825,2.940000057220459,2.859999895095825,2.9200000762939453,37919000
2021-10-20,1.3090909719467163,2.880000114440918,2.880000114440918,2.8399999141693115,2.859999895095825,23532200
2021-10-21,1.3181818723678589,2.9000000953674316,2.9200000762939453,2.880000114440918,2.880000114440918,12033000
2021-10-25,1.2999999523162842,2.859999895095825,2.9000000953674316,2.859999895095825,2.9000000953674316,11817000
2021-10-26,1.3090909719467163,2.880000114440918,2.880000114440918,2.859999895095825,2.859999895095825,9769600
2021-10-27,1.2999999523162842,2.859999895095825,2.9000000953674316,2.859999895095825,2.880000114440918,14302300
2021-10-28,1.2909090518951416,2.8399999141693115,2.859999895095825,2.819999933242798,2.8399999141693115,19772700
2021-10-29,1.2999999523162842,2.859999895095825,2.859999895095825,2.799999952316284,2.8399999141693115,17931100
2021-11-01,1.2727272510528564,2.799999952316284,2.859999895095825,2.799999952316284,2.8399999141693115,10905800
2021-11-02,1.2727272510528564,2.799999952316284,2.819999933242798,2.7799999713897705,2.819999933242798,10077100
2021-11-03,1.2636363506317139,2.7799999713897705,2.8399999141693115,2.7799999713897705,2.819999933242798,18457900
2021-11-04,1.2727272510528564,2.799999952316284,2.819999933242798,2.7799999713897705,2.7799999713897705,6758900
2021-11-05,1.2909090518951416,2.8399999141693115,2.8399999141693115,2.7799999713897705,2.799999952316284,4644900
2021-11-08,1.2909090518951416,2.8399999141693115,2.859999895095825,2.819999933242798,2.8399999141693115,5592000
2021-11-09,1.281818151473999,2.819999933242798,2.8399999141693115,2.819999933242798,2.8399999141693115,4817600
2021-11-10,1.281818151473999,2.819999933242798,2.8399999141693115,2.799999952316284,2.819999933242798,6917500
2021-11-11,1.281818151473999,2.819999933242798,2.8399999141693115,2.819999933242798,2.819999933242798,5074700
2021-11-12,1.2727272510528564,2.799999952316284,2.8399999141693115,2.799999952316284,2.819999933242798,11426700
2021-11-15,1.2909090518951416,2.8399999141693115,2.880000114440918,2.799999952316284,2.799999952316284,14405300
2021-11-16,1.3181818723678589,2.9000000953674316,2.9200000762939453,2.859999895095825,2.859999895095825,32176900
2021-11-17,1.3181818723678589,2.9000000953674316,2.9200000762939453,2.880000114440918,2.9200000762939453,9503900
2021-11-18,1.336363673210144,2.940000057220459,2.9600000381469727,2.9000000953674316,2.9000000953674316,22087000
2021-11-19,1.3181818723678589,2.9000000953674316,2.9600000381469727,2.9000000953674316,2.940000057220459,14185000
2021-11-22,1.3545454740524292,2.9800000190734863,2.9800000190734863,2.9200000762939453,2.940000057220459,40114900
2021-11-23,1.336363673210144,2.940000057220459,3.0,2.9200000762939453,3.0,23562200
2021-11-24,1.336363673210144,2.940000057220459,2.9800000190734863,2.9200000762939453,2.940000057220459,13487500
2021-11-25,1.336363673210144,2.940000057220459,2.9800000190734863,2.9200000762939453,2.9600000381469727,16367700
2021-11-26,1.2909090518951416,2.8399999141693115,2.940000057220459,2.8399999141693115,2.9200000762939453,44566500
2021-11-29,1.3272727727890015,2.9200000762939453,3.0799999237060547,2.880000114440918,2.880000114440918,220287700
2021-11-30,1.2999999523162842,2.859999895095825,3.0,2.8399999141693115,2.9600000381469727,99708900
2021-12-01,1.336363673210144,2.940000057220459,2.9600000381469727,2.880000114440918,2.9000000953674316,44928800
2021-12-02,1.336363673210144,2.940000057220459,2.9600000381469727,2.9200000762939453,2.940000057220459,26225800
2021-12-03,1.3727271556854248,3.0199999809265137,3.059999942779541,2.9600000381469727,2.9600000381469727,226047800
2021-12-07,1.3636362552642822,3.0,3.0399999618530273,2.940000057220459,3.0199999809265137,83204200
2021-12-08,1.3999998569488525,3.0799999237060547,3.0999999046325684,3.0,3.0199999809265137,186882600
2021-12-09,1.4727271795272827,3.240000009536743,3.2799999713897705,3.0799999237060547,3.0999999046325684,684968200
2021-12-13,1.5818181037902832,3.4800000190734863,3.5,3.319999933242798,3.3399999141693115,699547900
2021-12-14,1.6818181276321411,3.700000047683716,3.7200000286102295,3.4200000762939453,3.440000057220459,765664300
2021-12-15,1.5363636016845703,3.380000114440918,3.940000057220459,3.359999895095825,3.700000047683716,1235041000
2021-12-16,1.4999998807907104,3.299999952316284,3.5,3.259999990463257,3.4200000762939453,541782600
2021-12-17,1.6363635063171387,3.5999999046325684,3.619999885559082,3.4000000953674316,3.4200000762939453,700429000
2021-12-20,1.545454502105713,3.4000000953674316,3.559999942779541,3.3399999141693115,3.5399999618530273,130967200
2021-12-21,1.563636302947998,3.440000057220459,3.4600000381469727,3.299999952316284,3.4200000762939453,50393400
2021-12-22,1.545454502105713,3.4000000953674316,3.440000057220459,3.359999895095825,3.440000057220459,28995300
2021-12-23,1.5999999046325684,3.5199999809265137,3.5799999237060547,3.380000114440918,3.4000000953674316,118449100
2021-12-24,1.563636302947998,3.440000057220459,3.5199999809265137,3.359999895095825,3.5,68694700
2021-12-27,1.5909090042114258,3.5,3.559999942779541,3.4600000381469727,3.5199999809265137,66293300
2021-12-28,1.5909090042114258,3.5,3.5199999809265137,3.4200000762939453,3.5,45715400
2021-12-29,1.5727272033691406,3.4600000381469727,3.5199999809265137,3.440000057220459,3.5,30716300
2021-12-30,1.5909090042114258,3.5,3.5,3.380000114440918,3.440000057220459,39652100
2022-01-04,1.5999999046325684,3.5199999809265137,3.5199999809265137,3.4600000381469727,3.4800000190734863,30234400
2022-01-05,1.6363635063171387,3.5999999046325684,3.6600000858306885,3.5399999618530273,3.5399999618530273,112213700
2022-01-06,1.5999999046325684,3.5199999809265137,3.5999999046325684,3.5,3.5999999046325684,56691900
2022-01-07,1.5999999046325684,3.5199999809265137,3.5199999809265137,3.4200000762939453,3.5,35479700
2022-01-10,1.5727272033691406,3.4600000381469727,3.5399999618530273,3.4600000381469727,3.5199999809265137,25889000
2022-01-11,1.5909090042114258,3.5,3.5199999809265137,3.440000057220459,3.440000057220459,25088800
2022-01-12,1.663636326789856,3.6600000858306885,3.6600000858306885,3.5,3.5199999809265137,111390100
2022-01-13,1.6999999284744263,3.740000009536743,3.759999990463257,3.619999885559082,3.680000066757202,110258700
2022-01-14,1.7181817293167114,3.7799999713897705,3.799999952316284,3.700000047683716,3.759999990463257,98069200
2022-01-17,1.8545453548431396,4.079999923706055,4.079999923706055,3.799999952316284,3.819999933242798,320202700
2022-01-18,1.827272653579712,4.019999980926514,4.039999961853027,3.7799999713897705,3.799999952316284,267296300
2022-01-19,1.8363635540008545,4.039999961853027,4.099999904632568,3.940000057220459,4.039999961853027,87647200
2022-01-20,1.7727272510528564,3.9000000953674316,4.179999828338623,3.7799999713897705,4.059999942779541,287047000
2022-01-21,1.7727272510528564,3.9000000953674316,3.9200000762939453,3.799999952316284,3.880000114440918,43845500
2022-01-24,1.6727272272109985,3.680000066757202,3.940000057220459,3.6600000858306885,3.859999895095825,85323100
2022-01-25,1.6545454263687134,3.640000104904175,3.640000104904175,3.4800000190734863,3.5799999237060547,96178300
2022-01-26,1.445454478263855,3.180000066757202,3.619999885559082,3.0399999618530273,3.619999885559082,287256600
2022-01-27,1.4818180799484253,3.259999990463257,3.299999952316284,3.119999885559082,3.240000009536743,129057300
2022-01-28,1.4545453786849976,3.200000047683716,3.299999952316284,3.180000066757202,3.259999990463257,79513400
2022-01-31,1.5272725820541382,3.359999895095825,3.4000000953674316,3.259999990463257,3.2799999713897705,145101200
2022-02-01,1.5181816816329956,3.3399999141693115,3.380000114440918,3.2799999713897705,3.3399999141693115,69966200
2022-02-02,1.5181816816329956,3.3399999141693115,3.359999895095825,3.2799999713897705,3.359999895095825,52819100
2022-02-03,1.5818181037902832,3.4800000190734863,3.5399999618530273,3.2799999713897705,3.3399999141693115,521998700
2022-02-04,1.5909090042114258,3.5,3.559999942779541,3.380000114440918,3.4600000381469727,310938500
2022-02-07,1.5272725820541382,3.359999895095825,3.5,3.359999895095825,3.5,169429600
2022-02-08,1.563636302947998,3.440000057220459,3.4800000190734863,3.359999895095825,3.359999895095825,112482900
2022-02-09,1.5909090042114258,3.5,3.5199999809265137,3.440000057220459,3.4600000381469727,81885000
2022-02-10,1.5727272033691406,3.4600000381469727,3.559999942779541,3.440000057220459,3.5199999809265137,98648700
2022-02-11,1.609090805053711,3.5399999618530273,3.5399999618530273,3.4200000762939453,3.440000057220459,51781900
2022-02-14,1.6818181276321411,3.700000047683716,3.759999990463257,3.4600000381469727,3.5199999809265137,336027000
2022-02-15,1.6545454263687134,3.640000104904175,3.7200000286102295,3.5799999237060547,3.7200000286102295,174206300
2022-02-17,1.6727272272109985,3.680000066757202,3.740000009536743,3.640000104904175,3.680000066757202,93180400
2022-02-18,1.6999999284744263,3.740000009536743,3.8399999141693115,3.6600000858306885,3.680000066757202,211720400
2022-02-21,1.6363635063171387,3.5999999046325684,3.7799999713897705,3.5999999046325684,3.759999990463257,184976900
2022-02-22,1.609090805053711,3.5399999618530273,3.619999885559082,3.4600000381469727,3.5399999618530273,102190100
2022-02-23,1.5545454025268555,3.4200000762939453,3.640000104904175,3.380000114440918,3.559999942779541,210890400
2022-02-24,1.5272725820541382,3.359999895095825,3.4800000190734863,3.319999933242798,3.359999895095825,112148600
2022-02-25,1.609090805053711,3.5399999618530273,3.5799999237060547,3.380000114440918,3.4000000953674316,135846800
2022-02-28,1.6363635063171387,3.5999999046325684,3.680000066757202,3.4800000190734863,3.5399999618530273,117143300
2022-03-01,1.7545453310012817,3.859999895095825,3.9000000953674316,3.619999885559082,3.7200000286102295,477387000
2022-03-02,1.6909090280532837,3.7200000286102295,3.8399999141693115,3.6600000858306885,3.7799999713897705,285734200
2022-03-03,1.6818181276321411,3.700000047683716,3.759999990463257,3.680000066757202,3.740000009536743,74980600
2022-03-04,1.663636326789856,3.6600000858306885,3.7200000286102295,3.6600000858306885,3.700000047683716,50890300
2022-03-07,1.609090805053711,3.5399999618530273,3.680000066757202,3.4800000190734863,3.5799999237060547,123464600
2022-03-08,1.5545454025268555,3.4200000762939453,3.619999885559082,3.3399999141693115,3.4800000190734863,208893000
2022-03-09,1.5999999046325684,3.5199999809265137,3.5199999809265137,3.380000114440918,3.4600000381469727,85919000
2022-03-10,1.5545454025268555,3.4200000762939453,3.559999942779541,3.4200000762939453,3.559999942779541,87991900
2022-03-11,1.5545454025268555,3.4200000762939453,3.4800000190734863,3.359999895095825,3.4000000953674316,70133400
2022-03-14,1.609090805053711,3.5399999618530273,3.680000066757202,3.4800000190734863,3.5,219754500
2022-03-15,1.5545454025268555,3.4200000762939453,3.5399999618530273,3.4200000762939453,3.5399999618530273,118747700
2022-03-16,1.5545454025268555,3.4200000762939453,3.4800000190734863,3.4000000953674316,3.4600000381469727,79758300
2022-03-17,1.5909090042114258,3.5,3.5199999809265137,3.4200000762939453,3.440000057220459,88320800
2022-03-18,1.5818181037902832,3.4800000190734863,3.5399999618530273,3.440000057220459,3.5199999809265137,297814200
2022-03-21,1.609090805053711,3.5399999618530273,3.5999999046325684,3.4800000190734863,3.5,141199600
2022-03-22,1.627272605895996,3.5799999237060547,3.619999885559082,3.5199999809265137,3.559999942779541,86088900
2022-03-23,1.627272605895996,3.5799999237060547,3.680000066757202,3.5799999237060547,3.5999999046325684,170315400
2022-03-24,1.6909090280532837,3.7200000286102295,3.759999990463257,3.5799999237060547,3.5799999237060547,239350700
2022-03-25,1.6909090280532837,3.7200000286102295,3.7799999713897705,3.700000047683716,3.740000009536743,187403400
2022-03-28,1.7363635301589966,3.819999933242798,3.8399999141693115,3.700000047683716,3.7200000286102295,218656300
2022-03-29,1.7727272510528564,3.9000000953674316,3.940000057220459,3.8399999141693115,3.8399999141693115,205866300
2022-03-30,1.7636363506317139,3.880000114440918,3.940000057220459,3.8399999141693115,3.9200000762939453,150716100
2022-03-31,1.8545453548431396,4.079999923706055,4.099999904632568,3.9000000953674316,3.9000000953674316,369934000
2022-04-01,1.8545453548431396,4.079999923706055,4.139999866485596,4.039999961853027,4.099999904632568,209449300
2022-04-04,1.8181817531585693,4.0,4.139999866485596,3.799999952316284,4.119999885559082,361714900
2022-04-05,1.827272653579712,4.019999980926514,4.039999961853027,3.940000057220459,3.9800000190734863,92961800
2022-04-07,1.8818180561065674,4.139999866485596,4.139999866485596,3.9600000381469727,3.9800000190734863,120882000
2022-04-08,1.845454454421997,4.059999942779541,4.199999809265137,3.9600000381469727,4.139999866485596,249217300
2022-04-11,1.8090908527374268,3.9800000190734863,4.099999904632568,3.9800000190734863,4.039999961853027,83029300
2022-04-12,1.7999999523162842,3.9600000381469727,4.039999961853027,3.940000057220459,3.9800000190734863,103613400
2022-04-18,1.8090908527374268,3.9800000190734863,4.019999980926514,3.9600000381469727,3.9800000190734863,37737100
2022-04-19,1.6727272272109985,3.680000066757202,4.039999961853027,3.680000066757202,3.9600000381469727,411878400
2022-04-20,1.663636326789856,3.6600000858306885,3.740000009536743,3.619999885559082,3.7200000286102295,116965000
2022-04-21,1.6727272272109985,3.680000066757202,3.7200000286102295,3.6600000858306885,3.680000066757202,87643600
2022-04-22,1.6454544067382812,3.619999885559082,3.740000009536743,3.5999999046325684,3.680000066757202,132787500
2022-04-25,1.6818181276321411,3.700000047683716,3.799999952316284,3.5399999618530273,3.5399999618530273,166326800
2022-04-26,1.6909090280532837,3.7200000286102295,3.740000009536743,3.700000047683716,3.7200000286102295,56469600
2022-04-27,1.6727272272109985,3.680000066757202,3.740000009536743,3.640000104904175,3.700000047683716,40045100
2022-04-28,1.6818181276321411,3.700000047683716,3.740000009536743,3.680000066757202,3.7200000286102295,48324100
2022-04-29,1.6727272272109985,3.680000066757202,3.7200000286102295,3.6600000858306885,3.7200000286102295,35626700
2022-05-03,1.6363635063171387,3.5999999046325684,3.680000066757202,3.5999999046325684,3.680000066757202,39765200
2022-05-05,1.627272605895996,3.5799999237060547,3.6600000858306885,3.5199999809265137,3.640000104904175,63886300
2022-05-06,1.5818181037902832,3.4800000190734863,3.5399999618530273,3.4600000381469727,3.4800000190734863,61916000
2022-05-09,1.5181816816329956,3.3399999141693115,3.5,3.3399999141693115,3.4800000190734863,94419900
2022-05-10,1.509090781211853,3.319999933242798,3.3399999141693115,3.240000009536743,3.240000009536743,94808900
2022-05-11,1.4636362791061401,3.2200000286102295,3.319999933242798,3.2200000286102295,3.319999933242798,71871600
2022-05-12,1.4181816577911377,3.119999885559082,3.259999990463257,3.119999885559082,3.200000047683716,111127800
2022-05-13,1.4181816577911377,3.119999885559082,3.200000047683716,3.059999942779541,3.1600000858306885,72851600
2022-05-17,1.4636362791061401,3.2200000286102295,3.240000009536743,3.0999999046325684,3.180000066757202,75894100
2022-05-18,1.4545453786849976,3.200000047683716,3.240000009536743,3.180000066757202,3.240000009536743,35108400
2022-05-19,1.4272726774215698,3.140000104904175,3.180000066757202,3.0999999046325684,3.119999885559082,45825800
2022-05-20,1.4999998807907104,3.299999952316284,3.319999933242798,3.1600000858306885,3.180000066757202,109641800
2022-05-23,1.5363636016845703,3.380000114440918,3.440000057220459,3.299999952316284,3.319999933242798,80368200
2022-05-24,1.5272725820541382,3.359999895095825,3.4600000381469727,3.3399999141693115,3.4600000381469727,46855900
2022-05-25,1.5181816816329956,3.3399999141693115,3.4200000762939453,3.299999952316284,3.4000000953674316,42806500
2022-05-26,1.5363636016845703,3.380000114440918,3.440000057220459,3.359999895095825,3.359999895095825,37139700
2022-05-27,1.5363636016845703,3.380000114440918,3.4000000953674316,3.3399999141693115,3.4000000953674316,19935500
2022-05-30,1.5363636016845703,3.380000114440918,3.4000000953674316,3.359999895095825,3.4000000953674316,19507700
2022-05-31,1.5909090042114258,3.5,3.5,3.359999895095825,3.4000000953674316,68992900
2022-06-01,1.5727272033691406,3.4600000381469727,3.5199999809265137,3.440000057220459,3.5199999809265137,54044800
2022-06-02,1.563636302947998,3.440000057220459,3.4800000190734863,3.4000000953674316,3.4800000190734863,30276300
2022-06-06,1.5545454025268555,3.4200000762939453,3.4600000381469727,3.3399999141693115,3.4600000381469727,41544300
2022-06-07,1.5909090042114258,3.5,3.559999942779541,3.440000057220459,3.440000057220459,86632200
2022-06-08,1.6181817054748535,3.559999942779541,3.559999942779541,3.4600000381469727,3.5,43880800
2022-06-09,1.6545454263687134,3.640000104904175,3.640000104904175,3.5199999809265137,3.559999942779541,69385500
2022-06-10,1.6545454263687134,3.640000104904175,3.7200000286102295,3.5799999237060547,3.619999885559082,81497300
2022-06-13,1.5909090042114258,3.5,3.5799999237060547,3.4800000190734863,3.5799999237060547,67373400
2022-06-14,1.627272605895996,3.5799999237060547,3.5799999237060547,3.4200000762939453,3.4800000190734863,66408400
2022-06-15,1.6181817054748535,3.559999942779541,3.5799999237060547,3.4800000190734863,3.5799999237060547,40921300
2022-06-16,1.4818180799484253,3.259999990463257,3.6600000858306885,3.240000009536743,3.640000104904175,370258400
2022-06-17,1.6818181276321411,3.700000047683716,3.700000047683716,3.299999952316284,3.5,290844500
2022-06-20,1.6727272272109985,3.680000066757202,3.880000114440918,3.6600000858306885,3.799999952316284,313360000
2022-06-21,1.609090805053711,3.5399999618530273,3.619999885559082,3.4200000762939453,3.5999999046325684,248091600
2022-06-22,1.545454502105713,3.4000000953674316,3.5399999618530273,3.359999895095825,3.5,159268600
2022-06-23,1.545454502105713,3.4000000953674316,3.5,3.4000000953674316,3.4000000953674316,93056600
2022-06-24,1.5363636016845703,3.380000114440918,3.4800000190734863,3.3399999141693115,3.440000057220459,95071900
2022-06-27,1.545454502105713,3.4000000953674316,3.4200000762939453,3.380000114440918,3.4200000762939453,33456300
2022-06-28,1.563636302947998,3.440000057220459,3.4800000190734863,3.380000114440918,3.4200000762939453,37556100
2022-06-29,1.5727272033691406,3.4600000381469727,3.4800000190734863,3.4000000953674316,3.4200000762939453,38849600
2022-06-30,1.563636302947998,3.440000057220459,3.559999942779541,3.4200000762939453,3.5,108802000
2022-07-01,1.6363635063171387,3.5999999046325684,3.5999999046325684,3.4000000953674316,3.4600000381469727,90708000
2022-07-04,1.4181816577911377,3.119999885559082,3.5799999237060547,3.119999885559082,3.5799999237060547,512689700
2022-07-05,1.3818180561065674,3.0399999618530273,3.259999990463257,3.0199999809265137,3.180000066757202,284540400
2022-07-06,1.2000000476837158,2.640000104904175,2.9800000190734863,2.4800000190734863,2.9800000190734863,1044357800
2022-07-07,1.2545454502105713,2.759999990463257,2.7799999713897705,2.619999885559082,2.700000047683716,314866200
2022-07-08,1.2090909481048584,2.6600000858306885,2.740000009536743,2.619999885559082,2.740000009536743,176020000
2022-07-11,1.2272727489471436,2.700000047683716,2.740000009536743,2.619999885559082,2.680000066757202,76058700
2022-07-12,1.2272727489471436,2.700000047683716,2.7200000286102295,2.6600000858306885,2.700000047683716,66882000
2022-07-14,1.2454545497894287,2.740000009536743,2.8399999141693115,2.700000047683716,2.700000047683716,156723200
2022-07-15,1.2272727489471436,2.700000047683716,2.759999990463257,2.680000066757202,2.759999990463257,63092300
2022-07-18,1.2545454502105713,2.759999990463257,2.799999952316284,2.7200000286102295,2.740000009536743,64710000
2022-07-19,1.2545454502105713,2.759999990463257,2.759999990463257,2.700000047683716,2.740000009536743,46082800
2022-07-20,1.2363636493682861,2.7200000286102295,2.7799999713897705,2.7200000286102295,2.7799999713897705,48398700
2022-07-21,1.2454545497894287,2.740000009536743,2.799999952316284,2.700000047683716,2.7200000286102295,76365700
2022-07-22,1.2272727489471436,2.700000047683716,2.7799999713897705,2.700000047683716,2.740000009536743,56020100
2022-07-25,1.2363636493682861,2.7200000286102295,2.740000009536743,2.680000066757202,2.7200000286102295,24586400
2022-07-26,1.1818181276321411,2.5999999046325684,2.7200000286102295,2.559999942779541,2.700000047683716,102845400
2022-07-27,1.1909090280532837,2.619999885559082,2.640000104904175,2.5199999809265137,2.619999885559082,86841300
2022-08-01,1.2000000476837158,2.640000104904175,2.680000066757202,2.619999885559082,2.640000104904175,33599100
2022-08-02,1.2090909481048584,2.6600000858306885,2.7200000286102295,2.6600000858306885,2.680000066757202,64005300
2022-08-03,1.2000000476837158,2.640000104904175,2.680000066757202,2.640000104904175,2.680000066757202,23221000
2022-08-04,1.2000000476837158,2.640000104904175,2.680000066757202,2.619999885559082,2.6600000858306885,19159300
2022-08-05,1.1818181276321411,2.5999999046325684,2.6600000858306885,2.5999999046325684,2.6600000858306885,40119100
2022-08-08,1.1727272272109985,2.5799999237060547,2.619999885559082,2.5399999618530273,2.619999885559082,34101400
2022-08-09,1.2000000476837158,2.640000104904175,2.640000104904175,2.5999999046325684,2.5999999046325684,26806300
2022-08-10,1.1909090280532837,2.619999885559082,2.680000066757202,2.5999999046325684,2.619999885559082,32119800
2022-08-11,1.1818181276321411,2.5999999046325684,2.640000104904175,2.5999999046325684,2.640000104904175,16364700
2022-08-15,1.1818181276321411,2.5999999046325684,2.640000104904175,2.5799999237060547,2.5999999046325684,20408700
2022-08-16,1.1818181276321411,2.5999999046325684,2.640000104904175,2.5999999046325684,2.619999885559082,15069400
2022-08-17,1.1727272272109985,2.5799999237060547,2.640000104904175,2.5799999237060547,2.619999885559082,32173300
2022-08-18,1.1818181276321411,2.5999999046325684,2.640000104904175,2.559999942779541,2.5999999046325684,32709700
2022-08-19,1.1818181276321411,2.5999999046325684,2.6600000858306885,2.5799999237060547,2.619999885559082,39681400
2022-08-22,1.1727272272109985,2.5799999237060547,2.5999999046325684,2.559999942779541,2.5999999046325684,24031200
2022-08-23,1.2000000476837158,2.640000104904175,2.6600000858306885,2.559999942779541,2.5799999237060547,32415100
2022-08-24,1.1909090280532837,2.619999885559082,2.640000104904175,2.5999999046325684,2.640000104904175,11932200
2022-08-25,1.2090909481048584,2.6600000858306885,2.680000066757202,2.619999885559082,2.619999885559082,30099600
2022-08-26,1.2000000476837158,2.640000104904175,2.680000066757202,2.619999885559082,2.680000066757202,19850600
2022-08-29,1.1818181276321411,2.5999999046325684,2.640000104904175,2.5799999237060547,2.5999999046325684,27318200
2022-08-30,1.1909090280532837,2.619999885559082,2.640000104904175,2.5999999046325684,2.619999885559082,21883500
2022-08-31,1.163636326789856,2.559999942779541,2.619999885559082,2.5199999809265137,2.619999885559082,51455500
2022-09-01,1.0818182229995728,2.380000114440918,2.559999942779541,2.359999895095825,2.559999942779541,161979900
2022-09-02,1.0909091234207153,2.4000000953674316,2.440000057220459,2.380000114440918,2.4000000953674316,33420000
2022-09-05,1.0909091234207153,2.4000000953674316,2.4200000762939453,2.2799999713897705,2.4000000953674316,107964800
2022-09-06,1.0818182229995728,2.380000114440918,2.440000057220459,2.3399999141693115,2.4200000762939453,50288100
2022-09-07,1.118181824684143,2.4600000381469727,2.5,2.380000114440918,2.380000114440918,65378200
2022-09-08,1.1272727251052856,2.4800000190734863,2.5,2.4200000762939453,2.4600000381469727,48219600
2022-09-09,1.1363636255264282,2.5,2.5399999618530273,2.4800000190734863,2.5,21014000
2022-09-12,1.1727272272109985,2.5799999237060547,2.619999885559082,2.5399999618530273,2.5399999618530273,75431600
2022-09-13,1.1727272272109985,2.5799999237060547,2.5999999046325684,2.5399999618530273,2.5999999046325684,20331100
2022-09-14,1.1818181276321411,2.5999999046325684,2.5999999046325684,2.5199999809265137,2.559999942779541,32350300
2022-09-15,1.1818181276321411,2.5999999046325684,2.6600000858306885,2.5999999046325684,2.5999999046325684,47489300
2022-09-16,1.1909090280532837,2.619999885559082,2.619999885559082,2.5399999618530273,2.5999999046325684,32283400
2022-09-19,1.1818181276321411,2.5999999046325684,2.680000066757202,2.5799999237060547,2.619999885559082,55894000
2022-09-20,1.1909090280532837,2.619999885559082,2.619999885559082,2.5799999237060547,2.5999999046325684,18015400
2022-09-21,1.1909090280532837,2.619999885559082,2.6600000858306885,2.619999885559082,2.619999885559082,28695200
2022-09-22,1.2090909481048584,2.6600000858306885,2.680000066757202,2.619999885559082,2.619999885559082,51753300
2022-09-23,1.2090909481048584,2.6600000858306885,2.7200000286102295,2.640000104904175,2.680000066757202,76932200
2022-09-26,1.2636363506317139,2.7799999713897705,2.799999952316284,2.680000066757202,2.700000047683716,138242400
2022-09-27,1.2272727489471436,2.700000047683716,2.8399999141693115,2.700000047683716,2.7799999713897705,113208000
2022-09-28,1.1909090280532837,2.619999885559082,2.700000047683716,2.619999885559082,2.680000066757202,41952200
2022-09-29,1.2000000476837158,2.640000104904175,2.700000047683716,2.619999885559082,2.640000104904175,40567500
2022-09-30,1.1909090280532837,2.619999885559082,2.6600000858306885,2.5799999237060547,2.640000104904175,25134300
2022-10-03,1.1545454263687134,2.5399999618530273,2.6600000858306885,2.5199999809265137,2.640000104904175,48680300
2022-10-04,1.1363636255264282,2.5,2.5999999046325684,2.4800000190734863,2.5799999237060547,53954500
2022-10-05,1.1363636255264282,2.5,2.5399999618530273,2.4600000381469727,2.5399999618530273,34975400
2022-10-06,1.1272727251052856,2.4800000190734863,2.5199999809265137,2.4800000190734863,2.5,10358800
2022-10-07,1.1090909242630005,2.440000057220459,2.5199999809265137,2.440000057220459,2.4800000190734863,25008600
2022-10-10,1.1090909242630005,2.440000057220459,2.4800000190734863,2.380000114440918,2.4200000762939453,22658700
2022-10-11,1.0909091234207153,2.4000000953674316,2.4600000381469727,2.4000000953674316,2.440000057220459,15992500
2022-10-12,1.0909091234207153,2.4000000953674316,2.4200000762939453,2.359999895095825,2.4000000953674316,19011200
2022-10-17,1.0909091234207153,2.4000000953674316,2.4200000762939453,2.319999933242798,2.4000000953674316,37964200
2022-10-18,1.1545454263687134,2.5399999618530273,2.559999942779541,2.4000000953674316,2.4000000953674316,68961900
2022-10-19,1.0818182229995728,2.380000114440918,2.440000057220459,2.3399999141693115,2.4000000953674316,93079900
2022-10-20,1.0818182229995728,2.380000114440918,2.4000000953674316,2.319999933242798,2.380000114440918,35563400
2022-10-21,1.0818182229995728,2.380000114440918,2.4600000381469727,2.359999895095825,2.4000000953674316,45149300
2022-10-25,1.0727272033691406,2.359999895095825,2.4000000953674316,2.3399999141693115,2.4000000953674316,22003800
2022-10-26,1.0727272033691406,2.359999895095825,2.380000114440918,2.359999895095825,2.380000114440918,5359400
2022-10-27,1.0909091234207153,2.4000000953674316,2.4200000762939453,2.359999895095825,2.359999895095825,17351500
2022-10-28,1.0818182229995728,2.380000114440918,2.4200000762939453,2.380000114440918,2.4000000953674316,8887900
2022-10-31,1.100000023841858,2.4200000762939453,2.4600000381469727,2.4000000953674316,2.4000000953674316,33315700
2022-11-01,1.1363636255264282,2.5,2.5199999809265137,2.4200000762939453,2.440000057220459,43689500
2022-11-02,1.1363636255264282,2.5,2.5199999809265137,2.4800000190734863,2.4800000190734863,23956900
2022-11-03,1.118181824684143,2.4600000381469727,2.5,2.440000057220459,2.4800000190734863,22076500
2022-11-04,1.118181824684143,2.4600000381469727,2.5199999809265137,2.440000057220459,2.4600000381469727,21865800
2022-11-07,1.1272727251052856,2.4800000190734863,2.5,2.4600000381469727,2.4800000190734863,12822100
2022-11-08,1.1090909242630005,2.440000057220459,2.4800000190734863,2.440000057220459,2.4800000190734863,20125800
2022-11-09,1.1090909242630005,2.440000057220459,2.4800000190734863,2.440000057220459,2.4600000381469727,13256400
2022-11-10,1.0909091234207153,2.4000000953674316,2.440000057220459,2.380000114440918,2.440000057220459,22065100
2022-11-11,1.0727272033691406,2.359999895095825,2.380000114440918,2.319999933242798,2.359999895095825,46593400
2022-11-14,1.0818182229995728,2.380000114440918,2.4200000762939453,2.359999895095825,2.359999895095825,18586800
2022-11-15,1.1545454263687134,2.5399999618530273,2.5399999618530273,2.359999895095825,2.380000114440918,87961900
2022-11-16,1.1363636255264282,2.5,2.5799999237060547,2.440000057220459,2.440000057220459,112618400
2022-11-17,1.1454545259475708,2.5199999809265137,2.5999999046325684,2.5199999809265137,2.5799999237060547,45049700
2022-11-18,1.1090909242630005,2.440000057220459,2.5199999809265137,2.4200000762939453,2.5199999809265137,42239700
2022-11-21,1.063636302947998,2.3399999141693115,2.4800000190734863,2.3399999141693115,2.4200000762939453,69815300
2022-11-22,1.063636302947998,2.3399999141693115,2.4000000953674316,2.319999933242798,2.359999895095825,37937600
2022-11-23,1.0727272033691406,2.359999895095825,2.380000114440918,2.3399999141693115,2.359999895095825,18561700
2022-11-24,1.0727272033691406,2.359999895095825,2.380000114440918,2.299999952316284,2.359999895095825,42359800
2022-11-25,1.0818182229995728,2.380000114440918,2.4000000953674316,2.359999895095825,2.359999895095825,17768300
2022-11-28,1.063636302947998,2.3399999141693115,2.380000114440918,2.319999933242798,2.380000114440918,22832900
2022-11-29,1.063636302947998,2.3399999141693115,2.380000114440918,2.319999933242798,2.380000114440918,10660800
2022-11-30,1.063636302947998,2.3399999141693115,2.359999895095825,2.319999933242798,2.3399999141693115,10104000
2022-12-01,1.063636302947998,2.3399999141693115,2.380000114440918,2.3399999141693115,2.359999895095825,15145400
2022-12-02,1.063636302947998,2.3399999141693115,2.359999895095825,2.319999933242798,2.359999895095825,9590700
2022-12-06,1.0545454025268555,2.319999933242798,2.3399999141693115,2.319999933242798,2.3399999141693115,10906800
2022-12-07,1.0363636016845703,2.2799999713897705,2.319999933242798,2.2799999713897705,2.319999933242798,40083800
2022-12-08,1.045454502105713,2.299999952316284,2.319999933242798,2.2799999713897705,2.2799999713897705,9959400
2022-12-09,1.0545454025268555,2.319999933242798,2.319999933242798,2.299999952316284,2.299999952316284,2553500
2022-12-13,1.0363636016845703,2.2799999713897705,2.319999933242798,2.2799999713897705,2.319999933242798,13085800
2022-12-14,1.045454502105713,2.299999952316284,2.319999933242798,2.2799999713897705,2.299999952316284,7890800
2022-12-15,1.0090909004211426,2.2200000286102295,2.299999952316284,2.2200000286102295,2.299999952316284,36785400
2022-12-16,1.0,2.200000047683716,2.240000009536743,2.200000047683716,2.2200000286102295,16297800
2022-12-19,1.0090909004211426,2.2200000286102295,2.240000009536743,2.200000047683716,2.2200000286102295,12329100
2022-12-20,0.945454478263855,2.0799999237060547,2.2200000286102295,2.0399999618530273,2.2200000286102295,106624900
2022-12-21,0.9727272987365723,2.140000104904175,2.180000066757202,2.0999999046325684,2.0999999046325684,27424900
2022-12-22,0.945454478263855,2.0799999237060547,2.1600000858306885,2.0799999237060547,2.1600000858306885,27773800
2022-12-23,0.9545453786849976,2.0999999046325684,2.119999885559082,2.0799999237060547,2.0999999046325684,15946200
2022-12-26,0.9727272987365723,2.140000104904175,2.1600000858306885,2.0999999046325684,2.0999999046325684,11683000
2022-12-27,1.0,2.200000047683716,2.200000047683716,2.119999885559082,2.119999885559082,24857600
2022-12-28,0.9909090995788574,2.180000066757202,2.2200000286102295,2.180000066757202,2.2200000286102295,22533100
2022-12-29,0.9909090995788574,2.180000066757202,2.200000047683716,2.1600000858306885,2.180000066757202,11074200
2022-12-30,1.0,2.200000047683716,2.2200000286102295,2.180000066757202,2.180000066757202,11524400
2023-01-03,0.9909090995788574,2.180000066757202,2.2200000286102295,2.1600000858306885,2.200000047683716,11403400
2023-01-04,0.9909090995788574,2.180000066757202,2.2200000286102295,2.1600000858306885,2.180000066757202,11541100
2023-01-05,1.0181818008422852,2.240000009536743,2.299999952316284,2.200000047683716,2.200000047683716,34017300
2023-01-06,1.0363636016845703,2.2799999713897705,2.299999952316284,2.240000009536743,2.240000009536743,17211400
2023-01-09,1.0272727012634277,2.259999990463257,2.319999933242798,2.240000009536743,2.299999952316284,17390400
2023-01-10,1.0363636016845703,2.2799999713897705,2.299999952316284,2.259999990463257,2.259999990463257,24070500
2023-01-11,1.063636302947998,2.3399999141693115,2.3399999141693115,2.259999990463257,2.299999952316284,28742800
2023-01-12,1.0545454025268555,2.319999933242798,2.359999895095825,2.2799999713897705,2.3399999141693115,26066000
2023-01-13,1.045454502105713,2.299999952316284,2.3399999141693115,2.299999952316284,2.299999952316284,15224700
2023-01-16,1.0545454025268555,2.319999933242798,2.359999895095825,2.299999952316284,2.299999952316284,20866200
2023-01-17,1.045454502105713,2.299999952316284,2.3399999141693115,2.299999952316284,2.319999933242798,12950400
2023-01-18,1.045454502105713,2.299999952316284,2.3399999141693115,2.299999952316284,2.319999933242798,8650000
2023-01-19,1.0545454025268555,2.319999933242798,2.3399999141693115,2.299999952316284,2.319999933242798,7068400
2023-01-20,1.045454502105713,2.299999952316284,2.3399999141693115,2.2799999713897705,2.3399999141693115,13815200
2023-01-23,1.045454502105713,2.299999952316284,2.3399999141693115,2.299999952316284,2.319999933242798,10086700
2023-01-24,1.0545454025268555,2.319999933242798,2.319999933242798,2.299999952316284,2.299999952316284,3046500
2023-01-25,1.045454502105713,2.299999952316284,2.319999933242798,2.299999952316284,2.299999952316284,6800300
2023-01-26,1.0545454025268555,2.319999933242798,2.319999933242798,2.2799999713897705,2.319999933242798,11822700
2023-01-27,1.063636302947998,2.3399999141693115,2.3399999141693115,2.299999952316284,2.319999933242798,7497300
2023-01-30,1.0818182229995728,2.380000114440918,2.4600000381469727,2.3399999141693115,2.3399999141693115,83199100
2023-01-31,1.0545454025268555,2.319999933242798,2.380000114440918,2.299999952316284,2.380000114440918,58531100
2023-02-01,1.063636302947998,2.3399999141693115,2.359999895095825,2.319999933242798,2.3399999141693115,16385200
2023-02-02,1.063636302947998,2.3399999141693115,2.359999895095825,2.319999933242798,2.359999895095825,10823500
2023-02-03,1.0545454025268555,2.319999933242798,2.359999895095825,2.319999933242798,2.359999895095825,7818500
2023-02-06,1.0545454025268555,2.319999933242798,2.3399999141693115,2.319999933242798,2.319999933242798,8305100
2023-02-07,1.0727272033691406,2.359999895095825,2.359999895095825,2.319999933242798,2.3399999141693115,13297100
2023-02-08,1.045454502105713,2.299999952316284,2.359999895095825,2.299999952316284,2.359999895095825,18389800
2023-02-09,1.0363636016845703,2.2799999713897705,2.319999933242798,2.240000009536743,2.319999933242798,30888600
2023-02-10,1.0363636016845703,2.2799999713897705,2.299999952316284,2.2799999713897705,2.2799999713897705,4053300
2023-02-13,1.0363636016845703,2.2799999713897705,2.319999933242798,2.2799999713897705,2.299999952316284,5602800
2023-02-14,1.0090909004211426,2.2200000286102295,2.299999952316284,2.2200000286102295,2.299999952316284,23936500
2023-02-15,1.0090909004211426,2.2200000286102295,2.2799999713897705,2.200000047683716,2.200000047683716,24512300
2023-02-16,1.045454502105713,2.299999952316284,2.4200000762939453,2.2799999713897705,2.359999895095825,57217800
2023-02-17,1.045454502105713,2.299999952316284,2.319999933242798,2.259999990463257,2.299999952316284,19312900
2023-02-20,1.0545454025268555,2.319999933242798,2.3399999141693115,2.2799999713897705,2.299999952316284,11045700
2023-02-21,1.063636302947998,2.3399999141693115,2.3399999141693115,2.299999952316284,2.319999933242798,10775700
2023-02-22,1.063636302947998,2.3399999141693115,2.380000114440918,2.319999933242798,2.3399999141693115,19821400
2023-02-23,1.0545454025268555,2.319999933242798,2.359999895095825,2.299999952316284,2.3399999141693115,9295300
2023-02-24,1.0363636016845703,2.2799999713897705,2.319999933242798,2.259999990463257,2.319999933242798,15674900
2023-02-27,1.0272727012634277,2.259999990463257,2.299999952316284,2.259999990463257,2.2799999713897705,8355400
2023-02-28,1.0090909004211426,2.2200000286102295,2.2799999713897705,2.200000047683716,2.259999990463257,24449700
2023-03-01,0.9363635778427124,2.059999942779541,2.2200000286102295,2.0199999809265137,2.200000047683716,82582500
2023-03-02,0.945454478263855,2.0799999237060547,2.0999999046325684,2.059999942779541,2.059999942779541,22010800
2023-03-03,0.9727272987365723,2.140000104904175,2.1600000858306885,2.0799999237060547,2.0999999046325684,29010600
2023-03-07,0.9727272987365723,2.140000104904175,2.180000066757202,2.119999885559082,2.119999885559082,14330800
2023-03-08,0.9545453786849976,2.0999999046325684,2.140000104904175,2.0799999237060547,2.140000104904175,13312300
2023-03-09,0.9545453786849976,2.0999999046325684,2.119999885559082,2.0799999237060547,2.0999999046325684,12853100
2023-03-10,0.945454478263855,2.0799999237060547,2.140000104904175,2.059999942779541,2.0999999046325684,26072300
2023-03-13,0.863636314868927,1.899999976158142,2.0799999237060547,1.899999976158142,2.059999942779541,123097800
2023-03-14,0.8045454025268555,1.7699999809265137,1.940000057220459,1.7699999809265137,1.8899999856948853,97945500
2023-03-15,0.863636314868927,1.899999976158142,1.9299999475479126,1.8200000524520874,1.8300000429153442,36223300
2023-03-16,0.863636314868927,1.899999976158142,1.9299999475479126,1.840000033378601,1.899999976158142,33368200
2023-03-17,0.8772726655006409,1.9299999475479126,1.9600000381469727,1.8899999856948853,1.9199999570846558,26024000
2023-03-20,0.863636314868927,1.899999976158142,1.940000057220459,1.8899999856948853,1.9199999570846558,16365100
2023-03-21,0.9090908765792847,2.0,2.0199999809265137,1.909999966621399,1.9199999570846558,31277000
2023-03-22,0.8999999761581421,1.9800000190734863,2.059999942779541,1.9700000286102295,2.0199999809265137,36256600
2023-03-23,0.945454478263855,2.0799999237060547,2.119999885559082,1.9600000381469727,1.9600000381469727,54508700
2023-03-24,0.9636362791061401,2.119999885559082,2.1600000858306885,2.059999942779541,2.059999942779541,25847800
2023-03-27,0.945454478263855,2.0799999237060547,2.140000104904175,2.059999942779541,2.119999885559082,17907100
2023-03-28,0.945454478263855,2.0799999237060547,2.119999885559082,2.059999942779541,2.0999999046325684,13469800
2023-03-29,0.9545453786849976,2.0999999046325684,2.119999885559082,2.0799999237060547,2.0999999046325684,10288200
2023-03-30,0.9545453786849976,2.0999999046325684,2.119999885559082,2.0799999237060547,2.0999999046325684,19164200
2023-03-31,0.9727272987365723,2.140000104904175,2.1600000858306885,2.0999999046325684,2.119999885559082,16851800
2023-04-03,0.9818181991577148,2.1600000858306885,2.200000047683716,2.119999885559082,2.1600000858306885,38879800
2023-04-04,0.9636362791061401,2.119999885559082,2.180000066757202,2.0999999046325684,2.180000066757202,12399700
2023-04-05,0.9181817770004272,2.0199999809265137,2.119999885559082,2.0,2.119999885559082,45031800
2023-04-07,0.9181817770004272,2.0199999809265137,2.059999942779541,1.9800000190734863,2.0,26102000
2023-04-10,0.9181817770004272,2.0199999809265137,2.059999942779541,2.0,2.0199999809265137,11333200
2023-04-11,0.9090908765792847,2.0,2.0399999618530273,2.0,2.0199999809265137,10859900
2023-04-12,0.9045454263687134,1.9900000095367432,2.0199999809265137,1.9800000190734863,2.0199999809265137,27702900
2023-04-17,0.9045454263687134,1.9900000095367432,2.0399999618530273,1.9800000190734863,2.0,21721600
2023-04-18,0.9181817770004272,2.0199999809265137,2.0399999618530273,1.940000057220459,1.9900000095367432,55900800
2023-04-19,0.9090908765792847,2.0,2.0199999809265137,1.9900000095367432,2.0,15699000
2023-04-20,0.9045454263687134,1.9900000095367432,2.0,1.9800000190734863,2.0,12915900
2023-04-21,0.8863636255264282,1.9500000476837158,2.0,1.9500000476837158,2.0,26263500
2023-04-24,0.863636314868927,1.899999976158142,1.9800000190734863,1.8899999856948853,1.9600000381469727,25268700
2023-04-25,0.8272727131843567,1.8200000524520874,1.909999966621399,1.809999942779541,1.909999966621399,45857800
2023-04-26,0.8363636136054993,1.840000033378601,1.8600000143051147,1.809999942779541,1.8300000429153442,25983000
2023-04-27,0.831818163394928,1.8300000429153442,1.850000023841858,1.809999942779541,1.840000033378601,10197100
2023-04-28,0.8454545140266418,1.8600000143051147,1.8600000143051147,1.840000033378601,1.840000033378601,7247200
2023-05-02,0.8181817531585693,1.7999999523162842,1.8600000143051147,1.7799999713897705,1.8600000143051147,22692300
2023-05-03,0.831818163394928,1.8300000429153442,1.840000033378601,1.7599999904632568,1.7999999523162842,19476900
2023-05-08,0.8409090638160706,1.850000023841858,1.8700000047683716,1.8300000429153442,1.840000033378601,11663800
2023-05-09,0.8545454144477844,1.8799999952316284,1.899999976158142,1.8600000143051147,1.8700000047683716,6384500
2023-05-10,0.8545454144477844,1.8799999952316284,1.899999976158142,1.8700000047683716,1.8700000047683716,6069200
2023-05-11,0.8090908527374268,1.7799999713897705,1.8600000143051147,1.7799999713897705,1.840000033378601,29354900
2023-05-12,0.5681818127632141,1.25,1.7000000476837158,1.25,1.7000000476837158,205898200
2023-05-15,0.6727272868156433,1.4800000190734863,1.5499999523162842,1.159999966621399,1.25,151932900
2023-05-16,0.668181836605072,1.4700000286102295,1.5099999904632568,1.350000023841858,1.4600000381469727,40933900
2023-05-17,0.6545454859733582,1.440000057220459,1.5099999904632568,1.409999966621399,1.4700000286102295,15274600
2023-05-18,0.6545454859733582,1.440000057220459,1.4600000381469727,1.4299999475479126,1.4600000381469727,6653400
2023-05-19,0.6454545259475708,1.4199999570846558,1.440000057220459,1.399999976158142,1.4299999475479126,11706800
2023-05-22,0.6318181753158569,1.3899999856948853,1.4199999570846558,1.350000023841858,1.399999976158142,16972200
2023-05-23,0.6454545259475708,1.4199999570846558,1.4299999475479126,1.3700000047683716,1.3899999856948853,10022200
2023-05-24,0.6318181753158569,1.3899999856948853,1.409999966621399,1.3600000143051147,1.399999976158142,18758300
2023-05-25,0.6499999761581421,1.4299999475479126,1.4500000476837158,1.3899999856948853,1.399999976158142,11093100
2023-05-26,0.6636363863945007,1.4600000381469727,1.4600000381469727,1.4299999475479126,1.4299999475479126,6844900
2023-05-29,0.7727272510528564,1.7000000476837158,1.7400000095367432,1.4600000381469727,1.4600000381469727,73175800
2023-05-30,0.7545453906059265,1.659999966621399,1.7400000095367432,1.6299999952316284,1.7000000476837158,12599500
2023-05-31,0.7681818008422852,1.690000057220459,1.7100000381469727,1.6200000047683716,1.6299999952316284,10967600
2023-06-01,0.7454544901847839,1.6399999856948853,1.690000057220459,1.6200000047683716,1.690000057220459,11178000
2023-06-02,0.7272726893424988,1.600000023841858,1.6299999952316284,1.590000033378601,1.6299999952316284,6227600
2023-06-06,0.7272726893424988,1.600000023841858,1.659999966621399,1.5700000524520874,1.6299999952316284,14792400
2023-06-07,0.7272726893424988,1.600000023841858,1.6200000047683716,1.5800000429153442,1.5800000429153442,3836600
2023-06-08,0.7227272391319275,1.590000033378601,1.6200000047683716,1.5499999523162842,1.600000023841858,10790300
2023-06-09,0.7181817889213562,1.5800000429153442,1.590000033378601,1.559999942779541,1.5700000524520874,4523200
2023-06-12,0.6909090280532837,1.5199999809265137,1.5700000524520874,1.4900000095367432,1.559999942779541,17656200
2023-06-13,0.6909090280532837,1.5199999809265137,1.5299999713897705,1.440000057220459,1.5199999809265137,14594300
2023-06-14,0.6727272868156433,1.4800000190734863,1.5199999809265137,1.4700000286102295,1.5099999904632568,9146500
2023-06-15,0.6272727251052856,1.3799999952316284,1.5,1.3600000143051147,1.5,18301700
2023-06-16,0.6136363744735718,1.350000023841858,1.4199999570846558,1.2799999713897705,1.3799999952316284,26944400
2023-06-19,0.5863636136054993,1.2899999618530273,1.350000023841858,1.25,1.350000023841858,34023800
2023-06-20,0.6136363744735718,1.350000023841858,1.3899999856948853,1.2200000286102295,1.2799999713897705,28274100
2023-06-21,0.5954545140266418,1.309999942779541,1.350000023841858,1.2899999618530273,1.3200000524520874,8055200
2023-06-22,0.5681818127632141,1.25,1.309999942779541,1.2300000190734863,1.309999942779541,22529700
2023-06-23,0.5772727131843567,1.2699999809265137,1.2799999713897705,1.2300000190734863,1.2599999904632568,14525800
2023-06-26,0.5590909123420715,1.2300000190734863,1.2799999713897705,1.2000000476837158,1.2799999713897705,17096500
2023-06-27,0.5545454621315002,1.2200000286102295,1.2599999904632568,1.2000000476837158,1.2100000381469727,10276200
2023-06-28,0.5545454621315002,1.2200000286102295,1.25,1.2100000381469727,1.2300000190734863,7989200
2023-06-29,0.5772727131843567,1.2699999809265137,1.309999942779541,1.2100000381469727,1.2200000286102295,13377400
2023-06-30,0.6272727251052856,1.3799999952316284,1.409999966621399,1.2599999904632568,1.2599999904632568,27867100
2023-07-03,0.5954545140266418,1.309999942779541,1.4299999475479126,1.25,1.3600000143051147,24763200
2023-07-04,0.6000000238418579,1.3200000524520874,1.3600000143051147,1.3200000524520874,1.3300000429153442,14989500
2023-07-05,0.6000000238418579,1.3200000524520874,1.350000023841858,1.309999942779541,1.340000033378601,7056500
2023-07-06,0.5636363625526428,1.2400000095367432,1.3200000524520874,1.2100000381469727,1.3200000524520874,29415100
2023-07-07,0.5772727131843567,1.2699999809265137,1.2699999809265137,1.2300000190734863,1.2400000095367432,4361300
2023-07-10,0.581818163394928,1.2799999713897705,1.2799999713897705,1.2400000095367432,1.2599999904632568,6799700
2023-07-11,0.5772727131843567,1.2699999809265137,1.2799999713897705,1.2599999904632568,1.2699999809265137,2772600
2023-07-12,0.6090909242630005,1.340000033378601,1.399999976158142,1.2899999618530273,1.2999999523162842,37663700
2023-07-13,0.6000000238418579,1.3200000524520874,1.3300000429153442,1.2899999618530273,1.3300000429153442,7235300
2023-07-14,0.6045454740524292,1.3300000429153442,1.3700000047683716,1.2999999523162842,1.3200000524520874,10392500
2023-07-17,0.6227272748947144,1.3700000047683716,1.3799999952316284,1.3300000429153442,1.340000033378601,9505100
2023-07-18,0.6181818246841431,1.3600000143051147,1.3700000047683716,1.3300000429153442,1.3600000143051147,7277100
2023-07-19,0.6409090757369995,1.409999966621399,1.409999966621399,1.3600000143051147,1.3700000047683716,16044600
2023-07-20,0.6363636255264282,1.399999976158142,1.4600000381469727,1.399999976158142,1.4199999570846558,14690400
2023-07-21,0.6318181753158569,1.3899999856948853,1.399999976158142,1.3700000047683716,1.3899999856948853,3939700
2023-07-24,0.6136363744735718,1.350000023841858,1.3899999856948853,1.340000033378601,1.3899999856948853,6600200
2023-07-25,0.6363636255264282,1.399999976158142,1.409999966621399,1.350000023841858,1.350000023841858,6795900
2023-07-26,0.6545454859733582,1.440000057220459,1.4600000381469727,1.399999976158142,1.409999966621399,11708500
2023-07-27,0.6727272868156433,1.4800000190734863,1.4900000095367432,1.440000057220459,1.4500000476837158,15981100
2023-07-31,0.695454478263855,1.5299999713897705,1.5299999713897705,1.5,1.5,6351700
2023-08-02,0.6999999284744263,1.5399999618530273,1.5800000429153442,1.5199999809265137,1.5199999809265137,10527600
2023-08-03,0.6999999284744263,1.5399999618530273,1.5499999523162842,1.5099999904632568,1.5399999618530273,7116300
2023-08-04,0.7045453786849976,1.5499999523162842,1.559999942779541,1.5299999713897705,1.5499999523162842,4489200
2023-08-07,0.7499999403953552,1.649999976158142,1.659999966621399,1.5399999618530273,1.5499999523162842,28676700
2023-08-08,0.7499999403953552,1.649999976158142,1.6699999570846558,1.600000023841858,1.649999976158142,13503900
2023-08-09,0.7681818008422852,1.690000057220459,1.7000000476837158,1.649999976158142,1.659999966621399,13193700
2023-08-10,0.7636362910270691,1.6799999475479126,1.7100000381469727,1.659999966621399,1.659999966621399,11444700
2023-08-11,0.7727272510528564,1.7000000476837158,1.7100000381469727,1.659999966621399,1.7000000476837158,11244500
2023-08-15,0.7545453906059265,1.659999966621399,1.7000000476837158,1.559999942779541,1.690000057220459,33202800
2023-08-16,0.7545453906059265,1.659999966621399,1.6799999475479126,1.649999976158142,1.659999966621399,5127900
2023-08-17,0.7499999403953552,1.649999976158142,1.6699999570846558,1.6399999856948853,1.659999966621399,3493300
2023-08-18,0.7954545021057129,1.75,1.7699999809265137,1.659999966621399,1.659999966621399,29386100
2023-08-21,0.8045454025268555,1.7699999809265137,1.7699999809265137,1.7200000286102295,1.7200000286102295,12478800
2023-08-22,0.8045454025268555,1.7699999809265137,1.7999999523162842,1.7200000286102295,1.7699999809265137,25357300
2023-08-23,0.8409090638160706,1.850000023841858,1.8700000047683716,1.7599999904632568,1.7799999713897705,24095700
2023-08-24,0.8272727131843567,1.8200000524520874,1.8600000143051147,1.7999999523162842,1.850000023841858,20459200
2023-08-25,0.9272726774215698,2.0399999618530273,2.0799999237060547,1.8600000143051147,1.899999976158142,91454000
2023-08-28,0.9545453786849976,2.0999999046325684,2.0999999046325684,2.0399999618530273,2.059999942779541,35578100
2023-08-29,0.9090908765792847,2.0,2.1600000858306885,1.9700000286102295,2.140000104904175,54486200
2023-08-30,0.9272726774215698,2.0399999618530273,2.0399999618530273,1.9800000190734863,1.9800000190734863,12165000
2023-08-31,0.9090908765792847,2.0,2.0399999618530273,1.9900000095367432,2.0199999809265137,12126200
2023-09-01,0.9090908765792847,2.0,2.0399999618530273,1.9900000095367432,2.0199999809265137,6381300
2023-09-04,0.9090908765792847,2.0,2.0399999618530273,1.9800000190734863,2.0,12424200
2023-09-05,0.945454478263855,2.0799999237060547,2.0799999237060547,2.0,2.0199999809265137,17179600
2023-09-06,0.9272726774215698,2.0399999618530273,2.0999999046325684,2.0199999809265137,2.0799999237060547,14955200
2023-09-07,0.9181817770004272,2.0199999809265137,2.059999942779541,2.0,2.059999942779541,4874500
2023-09-08,0.9090908765792847,2.0,2.0399999618530273,2.0,2.0199999809265137,5969200
2023-09-11,0.9090908765792847,2.0,2.0199999809265137,1.9900000095367432,2.0,4324900
2023-09-12,0.8727272152900696,1.9199999570846558,2.0199999809265137,1.909999966621399,2.0,18158100
2023-09-13,0.8772726655006409,1.9299999475479126,1.9299999475479126,1.8799999952316284,1.9199999570846558,8421200
2023-09-14,0.8954545259475708,1.9700000286102295,1.9800000190734863,1.8899999856948853,1.909999966621399,8244000
2023-09-15,0.8954545259475708,1.9700000286102295,2.0,1.9600000381469727,1.9800000190734863,7503100
2023-09-18,0.9181817770004272,2.0199999809265137,2.0399999618530273,1.9500000476837158,1.9700000286102295,9861300
2023-09-19,0.9727272987365723,2.140000104904175,2.180000066757202,2.0399999618530273,2.059999942779541,62665000
2023-09-20,0.9818181991577148,2.1600000858306885,2.1600000858306885,2.0999999046325684,2.1600000858306885,21550300
2023-09-21,0.9727272987365723,2.140000104904175,2.200000047683716,2.0999999046325684,2.1600000858306885,18518200
2023-09-22,0.9636362791061401,2.119999885559082,2.119999885559082,2.0399999618530273,2.0799999237060547,21492600
2023-09-25,0.945454478263855,2.0799999237060547,2.140000104904175,2.059999942779541,2.119999885559082,8763900
2023-09-26,0.9272726774215698,2.0399999618530273,2.0999999046325684,2.0199999809265137,2.0799999237060547,10234800
2023-09-27,0.945454478263855,2.0799999237060547,2.0799999237060547,2.0399999618530273,2.0399999618530273,3802400
2023-09-28,0.9272726774215698,2.0399999618530273,2.0999999046325684,2.0199999809265137,2.059999942779541,10089800
2023-09-29,0.945454478263855,2.0799999237060547,2.119999885559082,2.0399999618530273,2.0399999618530273,8134800
2023-10-02,0.945454478263855,2.0799999237060547,2.119999885559082,2.059999942779541,2.0999999046325684,5707500
2023-10-03,0.945454478263855,2.0799999237060547,2.0999999046325684,2.0199999809265137,2.0799999237060547,7788400
2023-10-04,0.9363635778427124,2.059999942779541,2.0999999046325684,2.0399999618530273,2.059999942779541,5859300
2023-10-05,0.9181817770004272,2.0199999809265137,2.0799999237060547,2.0,2.0799999237060547,7658900
2023-10-06,0.9181817770004272,2.0199999809265137,2.059999942779541,2.0,2.0,4847400
2023-10-09,0.945454478263855,2.0799999237060547,2.0999999046325684,1.9900000095367432,2.0,7120100
2023-10-10,0.9363635778427124,2.059999942779541,2.0999999046325684,2.0399999618530273,2.0799999237060547,3421100
2023-10-11,0.9272726774215698,2.0399999618530273,2.140000104904175,2.0,2.059999942779541,19509000
2023-10-12,0.945454478263855,2.0799999237060547,2.119999885559082,2.059999942779541,2.059999942779541,10237100
2023-10-16,0.9090908765792847,2.0,2.0799999237060547,1.940000057220459,2.0799999237060547,27988300
2023-10-17,0.9181817770004272,2.0199999809265137,2.0399999618530273,1.9900000095367432,2.0,5583800
2023-10-18,0.9272726774215698,2.0399999618530273,2.0399999618530273,2.0,2.0,2964400
2023-10-19,0.9272726774215698,2.0399999618530273,2.059999942779541,2.0,2.0199999809265137,3234200
2023-10-20,0.9090908765792847,2.0,2.0399999618530273,1.9900000095367432,2.0199999809265137,21583200
2023-10-24,0.945454478263855,2.0799999237060547,2.0799999237060547,1.9900000095367432,2.0,6349500
2023-10-25,0.9545453786849976,2.0999999046325684,2.140000104904175,2.0399999618530273,2.0799999237060547,12212600
2023-10-26,0.9272726774215698,2.0399999618530273,2.059999942779541,2.0199999809265137,2.059999942779541,5662900
2023-10-27,0.9181817770004272,2.0199999809265137,2.0399999618530273,2.0,2.0399999618530273,5764500
2023-10-30,0.9363635778427124,2.059999942779541,2.0799999237060547,2.0,2.0,5796600
2023-10-31,0.9363635778427124,2.059999942779541,2.059999942779541,2.0199999809265137,2.0199999809265137,5443700
2023-11-01,0.9272726774215698,2.0399999618530273,2.059999942779541,1.9900000095367432,2.0199999809265137,6051300
2023-11-02,0.9272726774215698,2.0399999618530273,2.059999942779541,2.0199999809265137,2.0399999618530273,2154100
2023-11-03,0.9363635778427124,2.059999942779541,2.119999885559082,2.0399999618530273,2.0399999618530273,22540800
2023-11-06,0.9818181991577148,2.1600000858306885,2.1600000858306885,2.0799999237060547,2.0999999046325684,21820900
2023-11-07,0.9727272987365723,2.140000104904175,2.180000066757202,2.119999885559082,2.1600000858306885,10833700
2023-11-08,1.0181818008422852,2.240000009536743,2.299999952316284,2.119999885559082,2.119999885559082,43027000
2023-11-09,1.045454502105713,2.299999952316284,2.3399999141693115,2.2200000286102295,2.299999952316284,35120000
2023-11-10,1.0363636016845703,2.2799999713897705,2.359999895095825,2.2799999713897705,2.3399999141693115,45146000
2023-11-13,1.0545454025268555,2.319999933242798,2.359999895095825,2.259999990463257,2.3399999141693115,35852200
2023-11-14,0.9909090995788574,2.180000066757202,2.319999933242798,2.140000104904175,2.299999952316284,37197100
2023-11-15,1.0,2.200000047683716,2.259999990463257,2.119999885559082,2.200000047683716,41548100
2023-11-16,0.9272726774215698,2.0399999618530273,2.180000066757202,2.0199999809265137,2.180000066757202,75369200
2023-11-17,0.9363635778427124,2.059999942779541,2.0999999046325684,2.0199999809265137,2.0399999618530273,22073800
2023-11-20,0.9545453786849976,2.0999999046325684,2.119999885559082,2.059999942779541,2.059999942779541,14253100
2023-11-21,0.9363635778427124,2.059999942779541,2.0999999046325684,2.0399999618530273,2.0999999046325684,19638400
2023-11-22,0.9363635778427124,2.059999942779541,2.0799999237060547,2.0399999618530273,2.0799999237060547,9712800
2023-11-23,0.9090908765792847,2.0,2.059999942779541,1.9900000095367432,2.059999942779541,27969400
2023-11-24,0.831818163394928,1.8300000429153442,1.9800000190734863,1.8300000429153442,1.9800000190734863,101416600
2023-11-27,0.863636314868927,1.899999976158142,1.940000057220459,1.7799999713897705,1.840000033378601,55301500
2023-11-28,0.9181817770004272,2.0199999809265137,2.0799999237060547,1.9600000381469727,1.9800000190734863,124905100
2023-11-29,0.8818181753158569,1.940000057220459,2.0199999809265137,1.9299999475479126,2.0,65776200
2023-11-30,1.0545454025268555,2.319999933242798,2.319999933242798,2.0799999237060547,2.1600000858306885,595175600
2023-12-01,1.0545454025268555,2.319999933242798,2.359999895095825,2.2799999713897705,2.3399999141693115,232625700
2023-12-04,1.0363636016845703,2.2799999713897705,2.319999933242798,2.2799999713897705,2.299999952316284,68625700
2023-12-06,1.0545454025268555,2.319999933242798,2.380000114440918,2.240000009536743,2.2799999713897705,183859800
2023-12-07,1.045454502105713,2.299999952316284,2.3399999141693115,2.2799999713897705,2.299999952316284,77404900
2023-12-08,1.0272727012634277,2.259999990463257,2.319999933242798,2.240000009536743,2.299999952316284,141130600
2023-12-12,1.0,2.200000047683716,2.2799999713897705,2.200000047683716,2.259999990463257,146998500
2023-12-13,1.5499999523162842,1.5499999523162842,1.649999976158142,1.5399999618530273,1.590000033378601,238897400
2023-12-14,1.4900000095367432,1.4900000095367432,1.5700000524520874,1.4600000381469727,1.5700000524520874,143245300
2023-12-15,1.600000023841858,1.600000023841858,1.6200000047683716,1.5,1.5,126072100
2023-12-18,1.6100000143051147,1.6100000143051147,1.6299999952316284,1.590000033378601,1.590000033378601,87392500
2023-12-19,1.6200000047683716,1.6200000047683716,1.649999976158142,1.6100000143051147,1.6100000143051147,68721700
2023-12-20,2.0199999809265137,2.0199999809265137,2.0799999237060547,1.6200000047683716,1.6299999952316284,635711800
2023-12-21,1.9500000476837158,1.9500000476837158,1.9700000286102295,1.8300000429153442,1.8700000047683716,103088800
2023-12-22,1.9500000476837158,1.9500000476837158,1.9900000095367432,1.9199999570846558,1.940000057220459,44213600
2023-12-25,1.9700000286102295,1.9700000286102295,1.9900000095367432,1.940000057220459,1.9500000476837158,25076700
2023-12-26,2.0199999809265137,2.0199999809265137,2.0399999618530273,1.940000057220459,1.9800000190734863,58010000
2023-12-27,2.059999942779541,2.059999942779541,2.0799999237060547,2.0,2.0199999809265137,55743800
2023-12-28,2.0999999046325684,2.0999999046325684,2.0999999046325684,2.059999942779541,2.059999942779541,39108900
2024-01-03,2.1600000858306885,2.1600000858306885,2.240000009536743,2.0199999809265137,2.0799999237060547,86179300
2024-01-04,2.119999885559082,2.119999885559082,2.180000066757202,2.059999942779541,2.140000104904175,58104500
2024-01-05,2.1600000858306885,2.1600000858306885,2.180000066757202,2.0799999237060547,2.119999885559082,37252400
2024-01-08,2.140000104904175,2.140000104904175,2.180000066757202,2.119999885559082,2.140000104904175,22459200
2024-01-09,2.200000047683716,2.200000047683716,2.2200000286102295,2.140000104904175,2.1600000858306885,38431000
2024-01-10,2.200000047683716,2.200000047683716,2.2200000286102295,2.1600000858306885,2.2200000286102295,32883300
2024-01-11,2.200000047683716,2.200000047683716,2.2799999713897705,2.180000066757202,2.200000047683716,77674900
2024-01-12,2.180000066757202,2.180000066757202,2.2200000286102295,2.180000066757202,2.200000047683716,33536000
2024-01-15,2.1600000858306885,2.1600000858306885,2.200000047683716,2.140000104904175,2.1600000858306885,22930900
2024-01-16,2.180000066757202,2.180000066757202,2.200000047683716,2.0799999237060547,2.1600000858306885,55089700
2024-01-17,2.1600000858306885,2.1600000858306885,2.2200000286102295,2.140000104904175,2.200000047683716,35538900
2024-01-18,2.1600000858306885,2.1600000858306885,2.180000066757202,2.140000104904175,2.1600000858306885,22319700
2024-01-19,2.140000104904175,2.140000104904175,2.200000047683716,2.119999885559082,2.180000066757202,24651700
2024-01-22,2.119999885559082,2.119999885559082,2.1600000858306885,2.0999999046325684,2.1600000858306885,16872400
2024-01-23,2.059999942779541,2.059999942779541,2.1600000858306885,2.0399999618530273,2.140000104904175,48921700
2024-01-24,2.0799999237060547,2.0799999237060547,2.119999885559082,2.059999942779541,2.059999942779541,31661500
2024-01-25,2.059999942779541,2.059999942779541,2.0999999046325684,2.0199999809265137,2.0999999046325684,24874300
2024-01-26,2.059999942779541,2.059999942779541,2.119999885559082,2.0399999618530273,2.059999942779541,27251200
2024-01-29,2.0799999237060547,2.0799999237060547,2.119999885559082,2.0399999618530273,2.059999942779541,21422400
2024-01-30,2.0999999046325684,2.0999999046325684,2.1600000858306885,2.0799999237060547,2.0999999046325684,28952600
2024-01-31,2.059999942779541,2.059999942779541,2.119999885559082,2.0199999809265137,2.0999999046325684,48986800
2024-02-01,2.059999942779541,2.059999942779541,2.0799999237060547,2.0399999618530273,2.059999942779541,11669700
2024-02-02,2.059999942779541,2.059999942779541,2.0999999046325684,2.0399999618530273,2.059999942779541,24589900
2024-02-05,2.059999942779541,2.059999942779541,2.0999999046325684,2.059999942779541,2.059999942779541,10162100
2024-02-06,2.140000104904175,2.140000104904175,2.1600000858306885,2.0799999237060547,2.0799999237060547,41857300
2024-02-07,2.0999999046325684,2.0999999046325684,2.1600000858306885,2.0999999046325684,2.1600000858306885,26177300
2024-02-08,2.0999999046325684,2.0999999046325684,2.119999885559082,2.0799999237060547,2.119999885559082,16065100
2024-02-09,2.119999885559082,2.119999885559082,2.119999885559082,2.0799999237060547,2.0999999046325684,6362900
2024-02-12,2.140000104904175,2.140000104904175,2.140000104904175,2.0999999046325684,2.119999885559082,8059500
2024-02-13,2.119999885559082,2.119999885559082,2.1600000858306885,2.0999999046325684,2.140000104904175,14531300
2024-02-14,2.140000104904175,2.140000104904175,2.180000066757202,2.0999999046325684,2.119999885559082,23531800
2024-02-15,2.140000104904175,2.140000104904175,2.1600000858306885,2.119999885559082,2.140000104904175,15933300
2024-02-16,2.140000104904175,2.140000104904175,2.180000066757202,2.140000104904175,2.140000104904175,25215100
2024-02-19,2.1600000858306885,2.1600000858306885,2.1600000858306885,2.119999885559082,2.140000104904175,22768100
2024-02-20,1.840000033378601,1.840000033378601,2.059999942779541,1.8200000524520874,2.0,254820600
2024-02-21,1.909999966621399,1.909999966621399,1.940000057220459,1.7899999618530273,1.8300000429153442,127668400
2024-02-22,2.119999885559082,2.119999885559082,2.1600000858306885,1.9199999570846558,1.9199999570846558,172581900
2024-02-23,2.0999999046325684,2.0999999046325684,2.180000066757202,2.0799999237060547,2.119999885559082,74396100
2024-02-27,2.0999999046325684,2.0999999046325684,2.140000104904175,2.059999942779541,2.119999885559082,38295400
2024-02-28,2.0799999237060547,2.0799999237060547,2.119999885559082,2.0799999237060547,2.0999999046325684,19947000
2024-02-29,2.0399999618530273,2.0399999618530273,2.119999885559082,2.0399999618530273,2.0999999046325684,34695800
2024-03-01,2.0199999809265137,2.0199999809265137,2.0799999237060547,2.0,2.0399999618530273,23238500
2024-03-04,2.0,2.0,2.059999942779541,2.0,2.0399999618530273,14196700
2024-03-05,1.9299999475479126,1.9299999475479126,2.0199999809265137,1.9299999475479126,2.0199999809265137,43935100
2024-03-06,1.9500000476837158,1.9500000476837158,1.9600000381469727,1.9199999570846558,1.9299999475479126,29419800
2024-03-07,1.9900000095367432,1.9900000095367432,1.9900000095367432,1.9600000381469727,1.9600000381469727,22069800
2024-03-08,1.9800000190734863,1.9800000190734863,2.0199999809265137,1.9700000286102295,1.9900000095367432,17472100
2024-03-11,1.9500000476837158,1.9500000476837158,1.9800000190734863,1.9299999475479126,1.9700000286102295,26580400
2024-03-12,1.9500000476837158,1.9500000476837158,1.9500000476837158,1.9500000476837158,1.9500000476837158,0
2024-03-13,1.9800000190734863,1.9800000190734863,2.0199999809265137,1.9299999475479126,1.9500000476837158,48539000
2024-03-14,2.0199999809265137,2.0199999809265137,2.0199999809265137,1.9500000476837158,1.9700000286102295,25775900
2024-03-15,2.0199999809265137,2.0199999809265137,2.0199999809265137,2.0199999809265137,2.0199999809265137,0
2024-03-18,1.9900000095367432,1.9900000095367432,2.0199999809265137,1.9800000190734863,2.0199999809265137,8584400
2024-03-19,1.9800000190734863,1.9800000190734863,2.0399999618530273,1.9800000190734863,1.9900000095367432,25154500
2024-03-20,1.9800000190734863,1.9800000190734863,1.9800000190734863,1.9800000190734863,1.9800000190734863,0
2024-03-21,2.0799999237060547,2.0799999237060547,2.119999885559082,1.9600000381469727,1.9600000381469727,83691600
2024-03-22,2.0799999237060547,2.0799999237060547,2.0799999237060547,2.0799999237060547,2.0799999237060547,0
2024-03-25,2.1600000858306885,2.1600000858306885,2.200000047683716,2.119999885559082,2.119999885559082,68891800
2024-03-26,2.1600000858306885,2.1600000858306885,2.1600000858306885,2.1600000858306885,2.1600000858306885,0
2024-03-27,2.299999952316284,2.299999952316284,2.3399999141693115,2.259999990463257,2.259999990463257,86311200
2024-03-28,2.299999952316284,2.299999952316284,2.299999952316284,2.299999952316284,2.299999952316284,0
2024-03-29,2.299999952316284,2.299999952316284,2.3399999141693115,2.299999952316284,2.319999933242798,28166000
2024-04-01,2.3399999141693115,2.3399999141693115,2.359999895095825,2.240000009536743,2.2799999713897705,74300000
2024-04-02,2.4000000953674316,2.4000000953674316,2.440000057220459,2.3399999141693115,2.3399999141693115,103047000
2024-04-03,2.680000066757202,2.680000066757202,2.740000009536743,2.4000000953674316,2.4200000762939453,324856300
2024-04-04,2.700000047683716,2.700000047683716,2.7200000286102295,2.5799999237060547,2.700000047683716,136906300
2024-04-05,2.619999885559082,2.619999885559082,2.7200000286102295,2.5999999046325684,2.700000047683716,67682500
2024-04-09,2.6600000858306885,2.6600000858306885,2.740000009536743,2.5999999046325684,2.619999885559082,79178400
2024-04-10,2.680000066757202,2.680000066757202,2.700000047683716,2.640000104904175,2.640000104904175,40567200
2024-04-11,2.7799999713897705,2.7799999713897705,2.799999952316284,2.6600000858306885,2.680000066757202,99645800
2024-04-17,2.7799999713897705,2.7799999713897705,2.7799999713897705,2.7799999713897705,2.7799999713897705,0
2024-04-18,2.7799999713897705,2.7799999713897705,2.7799999713897705,2.7799999713897705,2.7799999713897705,0
2024-04-19,2.7799999713897705,2.7799999713897705,2.7799999713897705,2.7799999713897705,2.7799999713897705,0
2024-04-22,3.4000000953674316,3.4000000953674316,3.5999999046325684,3.240000009536743,3.240000009536743,494015600
2024-04-23,3.4000000953674316,3.4000000953674316,3.5199999809265137,3.3399999141693115,3.359999895095825,243108900
2024-04-24,3.240000009536743,3.240000009536743,3.4600000381469727,3.059999942779541,3.4200000762939453,251034400
2024-04-25,3.2200000286102295,3.2200000286102295,3.2799999713897705,3.140000104904175,3.2200000286102295,94466500
2024-04-26,3.200000047683716,3.200000047683716,3.319999933242798,3.180000066757202,3.200000047683716,148496900
2024-04-29,3.200000047683716,3.200000047683716,3.319999933242798,3.180000066757202,3.200000047683716,88950400
2024-04-30,3.200000047683716,3.200000047683716,3.4000000953674316,3.180000066757202,3.259999990463257,277813700
2024-05-02,3.180000066757202,3.180000066757202,3.2799999713897705,3.180000066757202,3.2200000286102295,57824900
2024-05-03,3.0999999046325684,3.0999999046325684,3.2200000286102295,3.0799999237060547,3.200000047683716,79293100
2024-05-07,3.0999999046325684,3.0999999046325684,3.0999999046325684,3.0999999046325684,3.0999999046325684,0
2024-05-08,3.1600000858306885,3.1600000858306885,3.200000047683716,3.059999942779541,3.0799999237060547,84069300
2024-05-09,3.0,3.0,3.180000066757202,2.9800000190734863,3.140000104904175,97225800
2024-05-10,3.180000066757202,3.180000066757202,3.200000047683716,2.9000000953674316,3.0,170794700
2024-05-13,3.240000009536743,3.240000009536743,3.2799999713897705,3.140000104904175,3.1600000858306885,97923200
2024-05-14,3.2799999713897705,3.2799999713897705,3.319999933242798,3.240000009536743,3.240000009536743,59643700
2024-05-15,3.259999990463257,3.259999990463257,3.299999952316284,3.180000066757202,3.2799999713897705,70323900
2024-05-16,3.259999990463257,3.259999990463257,3.259999990463257,3.259999990463257,3.259999990463257,0
2024-05-17,3.3399999141693115,3.3399999141693115,3.380000114440918,3.259999990463257,3.259999990463257,73268100
2024-05-20,3.3399999141693115,3.3399999141693115,3.3399999141693115,3.3399999141693115,3.3399999141693115,0
2024-05-21,3.440000057220459,3.440000057220459,3.440000057220459,3.319999933242798,3.359999895095825,88804200
2024-05-23,3.559999942779541,3.559999942779541,3.5799999237060547,3.4000000953674316,3.4200000762939453,153838400
2024-05-24,3.559999942779541,3.559999942779541,3.559999942779541,3.559999942779541,3.559999942779541,0
2024-05-27,3.359999895095825,3.359999895095825,3.619999885559082,3.359999895095825,3.5199999809265137,175137700
2024-05-28,3.440000057220459,3.440000057220459,3.4600000381469727,3.319999933242798,3.380000114440918,80740600
2024-05-29,3.440000057220459,3.440000057220459,3.4600000381469727,3.4000000953674316,3.4200000762939453,44954000
2024-05-30,3.440000057220459,3.440000057220459,3.440000057220459,3.440000057220459,3.440000057220459,0
2024-05-31,3.440000057220459,3.440000057220459,3.440000057220459,3.440000057220459,3.440000057220459,0
2024-06-04,3.380000114440918,3.380000114440918,3.440000057220459,3.319999933242798,3.440000057220459,47015500
2024-06-05,3.380000114440918,3.380000114440918,3.380000114440918,3.380000114440918,3.380000114440918,0
2024-06-06,3.440000057220459,3.440000057220459,3.440000057220459,3.380000114440918,3.4200000762939453,25336000
2024-06-07,3.440000057220459,3.440000057220459,3.440000057220459,3.440000057220459,3.440000057220459,0
2024-06-10,3.4200000762939453,3.4200000762939453,3.5199999809265137,3.4000000953674316,3.4000000953674316,38777000
2024-06-11,3.299999952316284,3.299999952316284,3.440000057220459,3.299999952316284,3.440000057220459,49112900
2024-06-12,3.240000009536743,3.240000009536743,3.3399999141693115,3.240000009536743,3.2799999713897705,35140800
2024-06-13,3.259999990463257,3.259999990463257,3.4000000953674316,3.240000009536743,3.259999990463257,50100300
2024-06-14,3.200000047683716,3.200000047683716,3.2799999713897705,3.200000047683716,3.259999990463257,32624500
2024-06-17,3.119999885559082,3.119999885559082,3.259999990463257,3.0999999046325684,3.180000066757202,45366500
2024-06-18,3.0799999237060547,3.0799999237060547,3.180000066757202,3.0799999237060547,3.1600000858306885,18655600
2024-06-19,3.0799999237060547,3.0799999237060547,3.0799999237060547,3.0799999237060547,3.0799999237060547,0
2024-06-20,3.0,3.0,3.0199999809265137,2.940000057220459,2.9600000381469727,32637500
2024-06-21,3.0799999237060547,3.0799999237060547,3.140000104904175,2.9600000381469727,3.0,41459600
2024-06-24,3.1600000858306885,3.1600000858306885,3.180000066757202,3.0399999618530273,3.119999885559082,23921700
2024-06-25,3.1600000858306885,3.1600000858306885,3.1600000858306885,3.1600000858306885,3.1600000858306885,0
2024-06-26,3.1600000858306885,3.1600000858306885,3.1600000858306885,3.1600000858306885,3.1600000858306885,0
2024-06-27,2.9800000190734863,2.9800000190734863,3.0999999046325684,2.9800000190734863,3.0999999046325684,35542900
2024-06-28,3.0199999809265137,3.0199999809265137,3.059999942779541,2.9800000190734863,3.0,17309000
2024-07-01,3.0399999618530273,3.0399999618530273,3.119999885559082,3.0199999809265137,3.0399999618530273,12961600
2024-07-02,3.0,3.0,3.0999999046325684,3.0,3.0399999618530273,17428800
2024-07-03,3.0,3.0,3.0399999618530273,2.9600000381469727,3.0,17539400
2024-07-04,2.940000057220459,2.940000057220459,3.0399999618530273,2.940000057220459,3.0,40945100
2024-07-05,2.9200000762939453,2.9200000762939453,2.9800000190734863,2.9000000953674316,2.9600000381469727,41161800
2024-07-08,2.9000000953674316,2.9000000953674316,2.9600000381469727,2.799999952316284,2.9200000762939453,42135200
2024-07-09,2.9000000953674316,2.9000000953674316,2.9000000953674316,2.9000000953674316,2.9000000953674316,0
2024-07-10,2.859999895095825,2.859999895095825,2.880000114440918,2.819999933242798,2.859999895095825,22126400
2024-07-11,2.8399999141693115,2.8399999141693115,2.9200000762939453,2.819999933242798,2.880000114440918,19617200
2024-07-12,2.8399999141693115,2.8399999141693115,2.8399999141693115,2.8399999141693115,2.8399999141693115,0
2024-07-15,2.8399999141693115,2.8399999141693115,2.8399999141693115,2.8399999141693115,2.8399999141693115,0
2024-07-16,2.8399999141693115,2.8399999141693115,2.940000057220459,2.8399999141693115,2.9000000953674316,24330000
2024-07-17,2.8399999141693115,2.8399999141693115,2.8399999141693115,2.8399999141693115,2.8399999141693115,0
2024-07-18,3.380000114440918,3.380000114440918,3.380000114440918,2.880000114440918,2.9200000762939453,179126300
2024-07-19,3.2799999713897705,3.2799999713897705,3.4600000381469727,3.259999990463257,3.4200000762939453,117947800
2024-07-23,3.200000047683716,3.200000047683716,3.3399999141693115,3.0799999237060547,3.2799999713897705,66533600
2024-07-24,3.0799999237060547,3.0799999237060547,3.2799999713897705,3.0799999237060547,3.2200000286102295,59563600
2024-07-25,2.9600000381469727,2.9600000381469727,3.059999942779541,2.9200000762939453,3.0199999809265137,68352900
2024-07-26,2.880000114440918,2.880000114440918,2.9000000953674316,2.819999933242798,2.9000000953674316,52975500
2024-07-30,2.880000114440918,2.880000114440918,2.880000114440918,2.880000114440918,2.880000114440918,0
2024-07-31,2.7799999713897705,2.7799999713897705,2.940000057220459,2.7799999713897705,2.9000000953674316,64533400
2024-08-01,2.700000047683716,2.700000047683716,2.819999933242798,2.6600000858306885,2.759999990463257,62774100
2024-08-02,2.700000047683716,2.700000047683716,2.700000047683716,2.700000047683716,2.700000047683716,0
2024-08-05,2.5199999809265137,2.5199999809265137,2.619999885559082,2.5199999809265137,2.5799999237060547,45348200
2024-08-06,2.4800000190734863,2.4800000190734863,2.559999942779541,2.4200000762939453,2.5399999618530273,44925300
2024-08-07,2.559999942779541,2.559999942779541,2.5799999237060547,2.4800000190734863,2.4800000190734863,29243300
2024-08-08,2.559999942779541,2.559999942779541,2.559999942779541,2.559999942779541,2.559999942779541,0
2024-08-09,2.5799999237060547,2.5799999237060547,2.6600000858306885,2.5799999237060547,2.640000104904175,41950600
2024-08-13,2.5,2.5,2.619999885559082,2.5,2.5999999046325684,24404900
2024-08-14,2.5199999809265137,2.5199999809265137,2.6600000858306885,2.4600000381469727,2.619999885559082,58586900
2024-08-15,2.4200000762939453,2.4200000762939453,2.559999942779541,2.4200000762939453,2.559999942779541,30077200
2024-08-16,2.640000104904175,2.640000104904175,2.6600000858306885,2.440000057220459,2.4600000381469727,58498600
2024-08-19,2.6600000858306885,2.6600000858306885,2.680000066757202,2.5799999237060547,2.6600000858306885,36149500
2024-08-20,2.680000066757202,2.680000066757202,2.7799999713897705,2.640000104904175,2.700000047683716,58509600
2024-08-21,2.700000047683716,2.700000047683716,2.740000009536743,2.680000066757202,2.700000047683716,31569900
2024-08-22,2.700000047683716,2.700000047683716,2.700000047683716,2.700000047683716,2.700000047683716,0
2024-08-23,2.619999885559082,2.619999885559082,2.6600000858306885,2.5799999237060547,2.619999885559082,32680300
2024-08-26,2.5999999046325684,2.5999999046325684,2.640000104904175,2.559999942779541,2.619999885559082,25451500
2024-08-27,2.5799999237060547,2.5799999237060547,2.5999999046325684,2.5399999618530273,2.5999999046325684,25126300
2024-08-28,2.619999885559082,2.619999885559082,2.680000066757202,2.559999942779541,2.5799999237060547,43355100
2024-08-29,2.559999942779541,2.559999942779541,2.700000047683716,2.5399999618530273,2.5999999046325684,56453400
2024-08-30,2.5799999237060547,2.5799999237060547,2.5999999046325684,2.5399999618530273,2.559999942779541,29515900
2024-09-02,2.5799999237060547,2.5799999237060547,2.5799999237060547,2.5799999237060547,2.5799999237060547,0
2024-09-03,2.5799999237060547,2.5799999237060547,2.5799999237060547,2.5799999237060547,2.5799999237060547,0
2024-09-04,2.5799999237060547,2.5799999237060547,2.5799999237060547,2.5799999237060547,2.5799999237060547,0
2024-09-05,2.5799999237060547,2.5799999237060547,2.619999885559082,2.5199999809265137,2.5399999618530273,30762700
2024-09-06,2.619999885559082,2.619999885559082,2.640000104904175,2.5999999046325684,2.5999999046325684,45681400
2024-09-09,2.619999885559082,2.619999885559082,2.619999885559082,2.619999885559082,2.619999885559082,0
2024-09-10,2.5999999046325684,2.5999999046325684,2.680000066757202,2.5999999046325684,2.619999885559082,71035000
2024-09-11,2.5199999809265137,2.5199999809265137,2.619999885559082,2.5199999809265137,2.5999999046325684,54628800
2024-09-12,2.5,2.5,2.559999942779541,2.5,2.5399999618530273,27738300
2024-09-13,2.5199999809265137,2.5199999809265137,2.5199999809265137,2.4200000762939453,2.5,34212000
2024-09-16,2.5199999809265137,2.5199999809265137,2.5199999809265137,2.5199999809265137,2.5199999809265137,0
2024-09-17,2.5799999237060547,2.5799999237060547,2.619999885559082,2.559999942779541,2.5999999046325684,29044000
2024-09-18,2.5799999237060547,2.5799999237060547,2.5799999237060547,2.5799999237060547,2.5799999237060547,0
2024-09-19,2.5799999237060547,2.5799999237060547,2.5799999237060547,2.5799999237060547,2.5799999237060547,0
2024-09-20,2.7799999713897705,2.7799999713897705,2.8399999141693115,2.7799999713897705,2.819999933242798,55655800
2024-09-23,2.700000047683716,2.700000047683716,2.799999952316284,2.6600000858306885,2.7799999713897705,64059400
2024-09-24,2.7200000286102295,2.7200000286102295,2.7200000286102295,2.6600000858306885,2.680000066757202,34927700
2024-09-25,2.759999990463257,2.759999990463257,2.799999952316284,2.700000047683716,2.7200000286102295,43837800
2024-09-26,2.700000047683716,2.700000047683716,2.7799999713897705,2.680000066757202,2.759999990463257,42367700
2024-09-27,2.700000047683716,2.700000047683716,2.700000047683716,2.700000047683716,2.700000047683716,0
2024-09-30,2.9800000190734863,2.9800000190734863,3.0,2.700000047683716,2.700000047683716,203675900
2024-10-01,2.9600000381469727,2.9600000381469727,2.9800000190734863,2.9200000762939453,2.9600000381469727,84012800
2024-10-02,2.880000114440918,2.880000114440918,3.0,2.859999895095825,2.9600000381469727,114478500
2024-10-03,2.819999933242798,2.819999933242798,2.9000000953674316,2.799999952316284,2.859999895095825,75319700
2024-10-04,2.819999933242798,2.819999933242798,2.819999933242798,2.819999933242798,2.819999933242798,0
2024-10-07,2.4200000762939453,2.4200000762939453,2.5,2.4200000762939453,2.4200000762939453,119447200
2024-10-08,2.5799999237060547,2.5799999237060547,2.619999885559082,2.4200000762939453,2.4200000762939453,130241500
2024-10-09,2.640000104904175,2.640000104904175,2.6600000858306885,2.559999942779541,2.5799999237060547,61747000
2024-10-10,2.5199999809265137,2.5199999809265137,2.6600000858306885,2.4600000381469727,2.640000104904175,136836000
2024-10-11,2.4800000190734863,2.4800000190734863,2.559999942779541,2.4600000381469727,2.4800000190734863,57381300
2024-10-15,2.4200000762939453,2.4200000762939453,2.5,2.4200000762939453,2.5,35802600
2024-10-16,2.4200000762939453,2.4200000762939453,2.4200000762939453,2.4200000762939453,2.4200000762939453,0
2024-10-17,2.4000000953674316,2.4000000953674316,2.4800000190734863,2.4000000953674316,2.4200000762939453,60266400
2024-10-18,2.4600000381469727,2.4600000381469727,2.5,2.359999895095825,2.4200000762939453,108428500
2024-10-21,2.4000000953674316,2.4000000953674316,2.440000057220459,2.380000114440918,2.4000000953674316,59243200
2024-10-22,2.4000000953674316,2.4000000953674316,2.4000000953674316,2.4000000953674316,2.4000000953674316,0
2024-10-24,2.359999895095825,2.359999895095825,2.4000000953674316,2.359999895095825,2.380000114440918,16136800
2024-10-25,2.359999895095825,2.359999895095825,2.359999895095825,2.359999895095825,2.359999895095825,0
2024-10-28,2.2200000286102295,2.2200000286102295,2.299999952316284,2.200000047683716,2.299999952316284,54419100
2024-10-29,2.2200000286102295,2.2200000286102295,2.2200000286102295,2.2200000286102295,2.2200000286102295,0
2024-10-30,2.259999990463257,2.259999990463257,2.299999952316284,2.2200000286102295,2.240000009536743,16912800
2024-10-31,2.319999933242798,2.319999933242798,2.3399999141693115,2.240000009536743,2.240000009536743,27518000
2024-11-01,2.299999952316284,2.299999952316284,2.3399999141693115,2.2799999713897705,2.319999933242798,14143600
2024-11-04,2.319999933242798,2.319999933242798,2.380000114440918,2.299999952316284,2.299999952316284,23607000
2024-11-05,2.3399999141693115,2.3399999141693115,2.359999895095825,2.319999933242798,2.359999895095825,21238400
2024-11-06,2.259999990463257,2.259999990463257,2.359999895095825,2.259999990463257,2.359999895095825,27365700
2024-11-07,2.2799999713897705,2.2799999713897705,2.319999933242798,2.259999990463257,2.259999990463257,33982100
2024-11-08,2.259999990463257,2.259999990463257,2.3399999141693115,2.259999990463257,2.299999952316284,21663200
2024-11-11,2.380000114440918,2.380000114440918,2.4600000381469727,2.240000009536743,2.259999990463257,148773500
2024-11-12,2.380000114440918,2.380000114440918,2.5799999237060547,2.380000114440918,2.5399999618530273,235252500
2024-11-13,2.440000057220459,2.440000057220459,2.5,2.4000000953674316,2.440000057220459,48929300
2024-11-14,2.359999895095825,2.359999895095825,2.4600000381469727,2.3399999141693115,2.440000057220459,77019100
2024-11-15,2.3399999141693115,2.3399999141693115,2.440000057220459,2.3399999141693115,2.359999895095825,44591900
2024-11-18,2.2799999713897705,2.2799999713897705,2.380000114440918,2.2799999713897705,2.359999895095825,37583700
2024-11-19,2.2799999713897705,2.2799999713897705,2.3399999141693115,2.2799999713897705,2.299999952316284,23926200
2024-11-20,2.2799999713897705,2.2799999713897705,2.299999952316284,2.240000009536743,2.299999952316284,53253800
2024-11-21,2.319999933242798,2.319999933242798,2.3399999141693115,2.259999990463257,2.2799999713897705,46899500
2024-11-22,2.359999895095825,2.359999895095825,2.4000000953674316,2.299999952316284,2.3399999141693115,69796700
2024-11-25,2.319999933242798,2.319999933242798,2.4200000762939453,2.319999933242798,2.4000000953674316,35416500
2024-11-26,2.3399999141693115,2.3399999141693115,2.380000114440918,2.2799999713897705,2.299999952316284,62572800
2024-11-27,2.2799999713897705,2.2799999713897705,2.359999895095825,2.259999990463257,2.3399999141693115,46174900
2024-11-28,2.2799999713897705,2.2799999713897705,2.319999933242798,2.259999990463257,2.2799999713897705,26504500
2024-11-29,2.319999933242798,2.319999933242798,2.380000114440918,2.299999952316284,2.299999952316284,65341400
2024-12-02,2.2799999713897705,2.2799999713897705,2.319999933242798,2.259999990463257,2.319999933242798,52883300
2024-12-03,2.2799999713897705,2.2799999713897705,2.299999952316284,2.240000009536743,2.2799999713897705,38703000
2024-12-04,2.259999990463257,2.259999990463257,2.299999952316284,2.240000009536743,2.2799999713897705,30308400
2024-12-06,2.259999990463257,2.259999990463257,2.2799999713897705,2.240000009536743,2.259999990463257,15860600
2024-12-09,2.259999990463257,2.259999990463257,2.259999990463257,2.2200000286102295,2.259999990463257,25989200
2024-12-11,2.2200000286102295,2.2200000286102295,2.259999990463257,2.2200000286102295,2.240000009536743,9354600
2024-12-12,2.259999990463257,2.259999990463257,2.319999933242798,2.2200000286102295,2.2200000286102295,65263900
2024-12-13,2.4000000953674316,2.4000000953674316,2.4600000381469727,2.259999990463257,2.259999990463257,160918600
2024-12-16,2.359999895095825,2.359999895095825,2.440000057220459,2.359999895095825,2.4000000953674316,67112100
2024-12-17,2.240000009536743,2.240000009536743,2.380000114440918,2.240000009536743,2.359999895095825,92120500
2024-12-18,2.259999990463257,2.259999990463257,2.299999952316284,2.240000009536743,2.240000009536743,28375400
2024-12-19,2.1600000858306885,2.1600000858306885,2.259999990463257,2.1600000858306885,2.240000009536743,45063600
2024-12-20,2.0799999237060547,2.0799999237060547,2.200000047683716,2.0799999237060547,2.200000047683716,50688000
2024-12-23,2.0999999046325684,2.0999999046325684,2.119999885559082,2.0799999237060547,2.0999999046325684,21118200
2024-12-24,2.140000104904175,2.140000104904175,2.200000047683716,2.0999999046325684,2.119999885559082,38387100
2024-12-25,2.1600000858306885,2.1600000858306885,2.180000066757202,2.140000104904175,2.140000104904175,21119700
2024-12-26,2.140000104904175,2.140000104904175,2.1600000858306885,2.0999999046325684,2.1600000858306885,19380900
2024-12-27,2.119999885559082,2.119999885559082,2.1600000858306885,2.119999885559082,2.119999885559082,11546300
2024-12-30,2.140000104904175,2.140000104904175,2.1600000858306885,2.119999885559082,2.140000104904175,12288400
2025-01-02,2.119999885559082,2.119999885559082,2.1600000858306885,2.0999999046325684,2.140000104904175,14037700
2025-01-03,2.140000104904175,2.140000104904175,2.180000066757202,2.0999999046325684,2.119999885559082,18031600
2025-01-06,2.0999999046325684,2.0999999046325684,2.180000066757202,2.0999999046325684,2.1600000858306885,14179800
2025-01-07,2.0999999046325684,2.0999999046325684,2.119999885559082,2.0799999237060547,2.0999999046325684,21903600
2025-01-08,2.0799999237060547,2.0799999237060547,2.119999885559082,2.0799999237060547,2.0999999046325684,14649400
2025-01-09,1.9600000381469727,1.9600000381469727,2.0999999046325684,1.9600000381469727,2.0799999237060547,48590900
2025-01-10,2.0199999809265137,2.0199999809265137,2.0399999618530273,1.9600000381469727,1.9700000286102295,24533400
2025-01-13,2.0,2.0,2.0399999618530273,1.9700000286102295,2.0,21743400
2025-01-14,1.9700000286102295,1.9700000286102295,2.0399999618530273,1.9700000286102295,2.0199999809265137,10988000
2025-01-15,2.0,2.0,2.0199999809265137,1.9700000286102295,1.9800000190734863,12379200
2025-01-16,1.9800000190734863,1.9800000190734863,2.0199999809265137,1.9800000190734863,2.0199999809265137,9506900
2025-01-17,1.9299999475479126,1.9299999475479126,2.0199999809265137,1.9199999570846558,1.9900000095367432,29001100
2025-01-20,1.9500000476837158,1.9500000476837158,1.9700000286102295,1.9199999570846558,1.9299999475479126,15377000
2025-01-21,2.0,2.0,2.0199999809265137,1.9500000476837158,1.9500000476837158,21699200
2025-01-22,2.0,2.0,2.0399999618530273,1.9900000095367432,2.0,7639700
2025-01-23,1.9600000381469727,1.9600000381469727,2.0199999809265137,1.9600000381469727,2.0,18670500
2025-01-24,1.9800000190734863,1.9800000190734863,2.0,1.9700000286102295,1.9800000190734863,11465700
2025-01-27,1.9600000381469727,1.9600000381469727,2.0199999809265137,1.9600000381469727,1.9800000190734863,16752200
2025-01-28,1.9700000286102295,1.9700000286102295,1.9900000095367432,1.9500000476837158,1.9600000381469727,12525100
2025-01-29,1.9600000381469727,1.9600000381469727,2.0,1.9600000381469727,1.9800000190734863,13428800
2025-01-30,1.9600000381469727,1.9600000381469727,2.0,1.9600000381469727,1.9800000190734863,15137500
2025-01-31,1.9500000476837158,1.9500000476837158,1.9800000190734863,1.9500000476837158,1.9700000286102295,13438000
2025-02-03,1.9299999475479126,1.9299999475479126,1.9500000476837158,1.909999966621399,1.9500000476837158,17414600
2025-02-04,1.899999976158142,1.899999976158142,1.9500000476837158,1.8799999952316284,1.9299999475479126,14395900
2025-02-05,1.7899999618530273,1.7899999618530273,1.909999966621399,1.7899999618530273,1.909999966621399,22838500
2025-02-06,1.7400000095367432,1.7400000095367432,1.8200000524520874,1.7300000190734863,1.7899999618530273,27491000
2025-02-07,1.7699999809265137,1.7699999809265137,1.7699999809265137,1.690000057220459,1.7400000095367432,17489200
2025-02-10,1.7699999809265137,1.7699999809265137,1.8200000524520874,1.75,1.7599999904632568,17701200
2025-02-11,1.809999942779541,1.809999942779541,1.8200000524520874,1.7599999904632568,1.7699999809265137,8954400
2025-02-13,1.7300000190734863,1.7300000190734863,1.8200000524520874,1.7300000190734863,1.809999942779541,13932700
2025-02-14,1.75,1.75,1.7699999809265137,1.7400000095367432,1.7400000095367432,5791900
2025-02-17,1.7699999809265137,1.7699999809265137,1.7699999809265137,1.7100000381469727,1.7300000190734863,8904100
2025-02-18,1.7799999713897705,1.7799999713897705,1.809999942779541,1.7699999809265137,1.7699999809265137,10385800
2025-02-19,1.7799999713897705,1.7799999713897705,1.8200000524520874,1.7699999809265137,1.7799999713897705,9187300
2025-02-20,1.7699999809265137,1.7699999809265137,1.8200000524520874,1.7699999809265137,1.7899999618530273,16888500
2025-02-21,1.7699999809265137,1.7699999809265137,1.7899999618530273,1.7699999809265137,1.7699999809265137,5589200
2025-02-24,1.75,1.75,1.7699999809265137,1.7400000095367432,1.7699999809265137,5390400
2025-02-25,1.7300000190734863,1.7300000190734863,1.7599999904632568,1.7100000381469727,1.75,8723800
2025-02-26,1.7400000095367432,1.7400000095367432,1.7599999904632568,1.7200000286102295,1.7300000190734863,7649100
2025-02-27,1.7200000286102295,1.7200000286102295,1.7699999809265137,1.7100000381469727,1.7300000190734863,8994000
2025-02-28,1.6399999856948853,1.6399999856948853,1.7200000286102295,1.6399999856948853,1.7200000286102295,21766700
2025-03-03,1.5499999523162842,1.5499999523162842,1.6399999856948853,1.5399999618530273,1.6399999856948853,26561700
2025-03-04,1.590000033378601,1.590000033378601,1.6399999856948853,1.5399999618530273,1.5399999618530273,22872700
2025-03-05,1.6699999570846558,1.6699999570846558,1.6699999570846558,1.5700000524520874,1.5800000429153442,27246000
2025-03-06,1.6399999856948853,1.6399999856948853,1.6799999475479126,1.600000023841858,1.659999966621399,22699600
2025-03-07,1.7000000476837158,1.7000000476837158,1.7200000286102295,1.6299999952316284,1.6299999952316284,29285300
2025-03-10,1.7100000381469727,1.7100000381469727,1.7899999618530273,1.6799999475479126,1.690000057220459,44719700
2025-03-11,1.7200000286102295,1.7200000286102295,1.7200000286102295,1.6799999475479126,1.7000000476837158,21006900
2025-03-12,1.6399999856948853,1.6399999856948853,1.75,1.6399999856948853,1.7300000190734863,30199900
2025-03-13,1.6200000047683716,1.6200000047683716,1.659999966621399,1.6100000143051147,1.649999976158142,16154300
2025-03-14,1.7200000286102295,1.7200000286102295,1.7200000286102295,1.6200000047683716,1.6299999952316284,31810600
2025-03-17,1.7200000286102295,1.7200000286102295,1.7699999809265137,1.7000000476837158,1.7400000095367432,24958700
2025-03-18,1.7100000381469727,1.7100000381469727,1.75,1.7100000381469727,1.75,14839500
2025-03-19,1.7300000190734863,1.7300000190734863,1.75,1.7100000381469727,1.7200000286102295,20586500
2025-03-20,1.7000000476837158,1.7000000476837158,1.75,1.690000057220459,1.75,23640400
2025-03-21,1.7400000095367432,1.7400000095367432,1.7699999809265137,1.7100000381469727,1.7200000286102295,20816200
2025-03-24,1.690000057220459,1.690000057220459,1.7300000190734863,1.6699999570846558,1.7300000190734863,27347400
2025-03-25,1.6399999856948853,1.6399999856948853,1.7100000381469727,1.6399999856948853,1.7000000476837158,27781100
2025-03-26,1.600000023841858,1.600000023841858,1.659999966621399,1.600000023841858,1.659999966621399,21528000
2025-03-27,1.5700000524520874,1.5700000524520874,1.6100000143051147,1.5700000524520874,1.6100000143051147,19924700
2025-03-28,1.5,1.5,1.5800000429153442,1.4900000095367432,1.5800000429153442,28671800
2025-03-31,1.5099999904632568,1.5099999904632568,1.5099999904632568,1.4299999475479126,1.440000057220459,21077400
2025-04-01,1.5800000429153442,1.5800000429153442,1.5800000429153442,1.4900000095367432,1.5199999809265137,14336600
2025-04-02,1.5700000524520874,1.5700000524520874,1.600000023841858,1.5499999523162842,1.5700000524520874,8795100
2025-04-03,1.5299999713897705,1.5299999713897705,1.559999942779541,1.5199999809265137,1.559999942779541,10229600
2025-04-04,1.4600000381469727,1.4600000381469727,1.5199999809265137,1.4500000476837158,1.5199999809265137,15912200
2025-04-08,1.2699999809265137,1.2699999809265137,1.4199999570846558,1.2599999904632568,1.399999976158142,26871900
2025-04-09,1.3300000429153442,1.3300000429153442,1.3300000429153442,1.2100000381469727,1.2799999713897705,21465000
2025-04-10,1.350000023841858,1.350000023841858,1.409999966621399,1.350000023841858,1.3899999856948853,30929500
2025-04-11,1.350000023841858,1.350000023841858,1.3799999952316284,1.3300000429153442,1.350000023841858,9064300
2025-04-16,1.3700000047683716,1.3700000047683716,1.399999976158142,1.340000033378601,1.340000033378601,18110100
2025-04-17,1.3600000143051147,1.3600000143051147,1.3899999856948853,1.350000023841858,1.3700000047683716,23085600
2025-04-18,1.3799999952316284,1.3799999952316284,1.3799999952316284,1.3300000429153442,1.3700000047683716,27013700
2025-04-21,1.399999976158142,1.399999976158142,1.4800000190734863,1.3799999952316284,1.3899999856948853,54949200
2025-04-22,1.5399999618530273,1.5399999618530273,1.5800000429153442,1.409999966621399,1.4199999570846558,106687300
2025-04-23,1.5199999809265137,1.5199999809265137,1.559999942779541,1.5,1.5499999523162842,68222100
2025-04-24,1.6399999856948853,1.6399999856948853,1.690000057220459,1.5099999904632568,1.5399999618530273,166004200
2025-04-25,1.6299999952316284,1.6299999952316284,1.7000000476837158,1.6200000047683716,1.6200000047683716,114735200
2025-04-28,1.659999966621399,1.659999966621399,1.659999966621399,1.6200000047683716,1.6299999952316284,47666500
2025-04-29,1.6299999952316284,1.6299999952316284,1.6699999570846558,1.6299999952316284,1.6699999570846558,45836500
2025-04-30,1.5199999809265137,1.5199999809265137,1.6200000047683716,1.5,1.6200000047683716,84315500
2025-05-02,1.5499999523162842,1.5499999523162842,1.5800000429153442,1.5299999713897705,1.5399999618530273,51905500
2025-05-06,1.600000023841858,1.600000023841858,1.6200000047683716,1.5499999523162842,1.559999942779541,70757700
2025-05-07,1.6299999952316284,1.6299999952316284,1.659999966621399,1.600000023841858,1.6200000047683716,76160200
2025-05-08,1.5800000429153442,1.5800000429153442,1.6299999952316284,1.5800000429153442,1.6200000047683716,39357500
2025-05-09,1.5399999618530273,1.5399999618530273,1.600000023841858,1.5399999618530273,1.590000033378601,47622800
2025-05-13,1.5700000524520874,1.5700000524520874,1.6100000143051147,1.5499999523162842,1.5499999523162842,31689800
2025-05-14,1.5399999618530273,1.5399999618530273,1.590000033378601,1.5399999618530273,1.5800000429153442,28774700
2025-05-15,1.559999942779541,1.559999942779541,1.6399999856948853,1.559999942779541,1.600000023841858,74458600
2025-05-16,1.559999942779541,1.559999942779541,1.590000033378601,1.5499999523162842,1.5800000429153442,40868400
2025-05-19,1.7200000286102295,1.7200000286102295,1.7799999713897705,1.559999942779541,1.559999942779541,246521700
2025-05-20,1.7100000381469727,1.7100000381469727,1.7799999713897705,1.6799999475479126,1.7400000095367432,178088700
2025-05-21,1.75,1.75,1.7999999523162842,1.690000057220459,1.7100000381469727,171034000
2025-05-22,1.7000000476837158,1.7000000476837158,1.7899999618530273,1.659999966621399,1.7200000286102295,187997300
2025-05-23,1.690000057220459,1.690000057220459,1.7200000286102295,1.6799999475479126,1.7000000476837158,35578100
2025-05-26,1.7400000095367432,1.7400000095367432,1.7599999904632568,1.659999966621399,1.6799999475479126,79428700
2025-05-27,1.7400000095367432,1.7400000095367432,1.7699999809265137,1.7300000190734863,1.7599999904632568,87971200
2025-05-28,1.7000000476837158,1.7000000476837158,1.7699999809265137,1.7000000476837158,1.7599999904632568,88199100
2025-05-29,1.6799999475479126,1.6799999475479126,1.7200000286102295,1.6699999570846558,1.7100000381469727,52751300
2025-05-30,1.590000033378601,1.590000033378601,1.6799999475479126,1.590000033378601,1.659999966621399,213278500
2025-06-04,1.399999976158142,1.399999976158142,1.590000033378601,1.399999976158142,1.590000033378601,210013300
2025-06-05,1.399999976158142,1.399999976158142,1.4600000381469727,1.3799999952316284,1.4199999570846558,87380800
2025-06-06,1.4500000476837158,1.4500000476837158,1.4800000190734863,1.409999966621399,1.4199999570846558,85200500
2025-06-09,1.440000057220459,1.440000057220459,1.4800000190734863,1.440000057220459,1.4600000381469727,50949500
2025-06-10,1.4800000190734863,1.4800000190734863,1.5099999904632568,1.4500000476837158,1.4500000476837158,92360600
2025-06-11,1.4800000190734863,1.4800000190734863,1.5299999713897705,1.4800000190734863,1.5,72949400
2025-06-12,1.440000057220459,1.440000057220459,1.5099999904632568,1.440000057220459,1.5,44546500
2025-06-13,1.409999966621399,1.409999966621399,1.440000057220459,1.409999966621399,1.409999966621399,39178600
2025-06-16,1.340000033378601,1.340000033378601,1.4199999570846558,1.2999999523162842,1.4199999570846558,87812700
2025-06-17,1.350000023841858,1.350000023841858,1.3899999856948853,1.340000033378601,1.3600000143051147,43211500
2025-06-18,1.340000033378601,1.340000033378601,1.3899999856948853,1.340000033378601,1.3600000143051147,53245900
2025-06-19,1.3200000524520874,1.3200000524520874,1.340000033378601,1.309999942779541,1.3300000429153442,43469200
2025-06-20,1.309999942779541,1.309999942779541,1.3600000143051147,1.309999942779541,1.3300000429153442,30616600
2025-06-23,1.2100000381469727,1.2100000381469727,1.2799999713897705,1.2100000381469727,1.2699999809265137,102004600
2025-06-24,1.2999999523162842,1.2999999523162842,1.309999942779541,1.2400000095367432,1.2400000095367432,62797700
2025-06-25,1.2899999618530273,1.2899999618530273,1.3200000524520874,1.2699999809265137,1.2999999523162842,41760200
2025-06-26,1.340000033378601,1.340000033378601,1.3700000047683716,1.2899999618530273,1.2899999618530273,54150700
2025-06-27,1.2999999523162842,1.2999999523162842,1.340000033378601,1.2899999618530273,1.3300000429153442,35483100
2025-06-30,1.309999942779541,1.309999942779541,1.340000033378601,1.2999999523162842,1.309999942779541,24987700
2025-07-01,1.3200000524520874,1.3200000524520874,1.3300000429153442,1.2899999618530273,1.3200000524520874,28856700
2025-07-02,1.350000023841858,1.350000023841858,1.350000023841858,1.2999999523162842,1.309999942779541,24577400
2025-07-03,1.3600000143051147,1.3600000143051147,1.3799999952316284,1.3300000429153442,1.350000023841858,44167400
2025-07-04,1.340000033378601,1.340000033378601,1.3700000047683716,1.340000033378601,1.3600000143051147,31109900
2025-07-07,1.350000023841858,1.350000023841858,1.3600000143051147,1.3300000429153442,1.340000033378601,22983000
2025-07-08,1.3600000143051147,1.3600000143051147,1.3700000047683716,1.3300000429153442,1.340000033378601,23270400
2025-07-09,1.340000033378601,1.340000033378601,1.3700000047683716,1.3300000429153442,1.3600000143051147,28972700
2025-07-11,1.3700000047683716,1.3700000047683716,1.3799999952316284,1.350000023841858,1.350000023841858,29562600
2025-07-14,1.399999976158142,1.399999976158142,1.409999966621399,1.3600000143051147,1.3700000047683716,38060200
2025-07-15,1.409999966621399,1.409999966621399,1.4199999570846558,1.3799999952316284,1.399999976158142,33923400
2025-07-16,1.399999976158142,1.399999976158142,1.4299999475479126,1.3899999856948853,1.4199999570846558,36653900
2025-07-17,1.4500000476837158,1.4500000476837158,1.4600000381469727,1.409999966621399,1.409999966621399,59921400
2025-07-18,1.4299999475479126,1.4299999475479126,1.4600000381469727,1.4299999475479126,1.4500000476837158,47785600
2025-07-21,1.4199999570846558,1.4199999570846558,1.4700000286102295,1.4199999570846558,1.4500000476837158,33963100
2025-07-22,1.3799999952316284,1.3799999952316284,1.440000057220459,1.3799999952316284,1.4199999570846558,45393200
2025-07-23,1.4199999570846558,1.4199999570846558,1.4299999475479126,1.3899999856948853,1.3899999856948853,30170000
2025-07-24,1.399999976158142,1.399999976158142,1.4299999475479126,1.3899999856948853,1.409999966621399,37762600
2025-07-25,1.409999966621399,1.409999966621399,1.440000057220459,1.3899999856948853,1.399999976158142,29604800
2025-07-29,1.4500000476837158,1.4500000476837158,1.4500000476837158,1.399999976158142,1.4199999570846558,36703100
2025-07-30,1.4600000381469727,1.4600000381469727,1.4700000286102295,1.4299999475479126,1.4500000476837158,46480800
2025-07-31,1.5299999713897705,1.5299999713897705,1.5399999618530273,1.4600000381469727,1.4700000286102295,154622400
2025-08-01,1.7000000476837158,1.7000000476837158,1.75,1.6100000143051147,1.690000057220459,351675800
2025-08-04,1.6399999856948853,1.6399999856948853,1.7200000286102295,1.6299999952316284,1.7100000381469727,112355700
2025-08-05,1.6699999570846558,1.6699999570846558,1.690000057220459,1.6200000047683716,1.649999976158142,96779400
2025-08-06,1.6699999570846558,1.6699999570846558,1.7100000381469727,1.600000023841858,1.6699999570846558,158180600
2025-08-07,1.6399999856948853,1.6399999856948853,1.7000000476837158,1.6200000047683716,1.690000057220459,183699000
2025-08-08,1.600000023841858,1.600000023841858,1.659999966621399,1.590000033378601,1.6399999856948853,112903200
2025-08-13,1.5700000524520874,1.5700000524520874,1.6299999952316284,1.559999942779541,1.6200000047683716,60963100
2025-08-14,1.4900000095367432,1.4900000095367432,1.5499999523162842,1.4800000190734863,1.5499999523162842,98728300
2025-08-15,1.5099999904632568,1.5099999904632568,1.5399999618530273,1.4800000190734863,1.5,61843800
2025-08-18,1.5499999523162842,1.5499999523162842,1.600000023841858,1.5399999618530273,1.5700000524520874,122200800
2025-08-19,1.5199999809265137,1.5199999809265137,1.5800000429153442,1.5199999809265137,1.559999942779541,52054000
2025-08-20,1.5199999809265137,1.5199999809265137,1.5399999618530273,1.5,1.5299999713897705,34855500
2025-08-21,1.5199999809265137,1.5199999809265137,1.5399999618530273,1.5,1.5199999809265137,26440700
2025-08-22,1.5499999523162842,1.5499999523162842,1.559999942779541,1.5199999809265137,1.5199999809265137,53843400
2025-08-25,1.559999942779541,1.559999942779541,1.590000033378601,1.5399999618530273,1.559999942779541,56096700
2025-08-26,1.5399999618530273,1.5399999618530273,1.5700000524520874,1.5399999618530273,1.559999942779541,33463600
2025-08-27,1.5299999713897705,1.5299999713897705,1.559999942779541,1.5299999713897705,1.5399999618530273,18584700
2025-08-28,1.5199999809265137,1.5199999809265137,1.5399999618530273,1.5099999904632568,1.5299999713897705,14755100
2025-08-29,1.5,1.5,1.5299999713897705,1.4900000095367432,1.5199999809265137,49526600
2025-09-01,1.5299999713897705,1.5299999713897705,1.5399999618530273,1.5,1.5,32583400
2025-09-02,1.5199999809265137,1.5199999809265137,1.5499999523162842,1.5199999809265137,1.5299999713897705,23200700
2025-09-03,1.5700000524520874,1.5700000524520874,1.5700000524520874,1.5199999809265137,1.5199999809265137,45019300
2025-09-04,1.5399999618530273,1.5399999618530273,1.5800000429153442,1.5399999618530273,1.5700000524520874,38340500
2025-09-05,1.590000033378601,1.590000033378601,1.600000023841858,1.5399999618530273,1.5399999618530273,74716900
2025-09-08,1.6200000047683716,1.6200000047683716,1.6299999952316284,1.590000033378601,1.590000033378601,53703800
2025-09-09,1.600000023841858,1.600000023841858,1.6299999952316284,1.600000023841858,1.6100000143051147,55825000
2025-09-10,1.5499999523162842,1.5499999523162842,1.6100000143051147,1.5399999618530273,1.6100000143051147,79889600
2025-09-11,1.5800000429153442,1.5800000429153442,1.590000033378601,1.5499999523162842,1.5499999523162842,72236100
2025-09-12,1.5199999809265137,1.5199999809265137,1.600000023841858,1.5199999809265137,1.5800000429153442,127260400
2025-09-15,1.5199999809265137,1.5199999809265137,1.5399999618530273,1.5,1.5299999713897705,47813900
2025-09-16,1.5099999904632568,1.5099999904632568,1.5299999713897705,1.5,1.5299999713897705,33793600
2025-09-17,1.5,1.5,1.5299999713897705,1.5,1.5199999809265137,35695700
2025-09-18,1.4500000476837158,1.4500000476837158,1.5099999904632568,1.4500000476837158,1.5099999904632568,82027300
2025-09-19,1.4500000476837158,1.4500000476837158,1.4700000286102295,1.4500000476837158,1.4500000476837158,23100500
2025-09-22,1.4600000381469727,1.4600000381469727,1.4900000095367432,1.4500000476837158,1.4500000476837158,34437400
2025-09-23,1.4199999570846558,1.4199999570846558,1.4700000286102295,1.4199999570846558,1.4600000381469727,29292300
2025-09-24,1.4800000190734863,1.4800000190734863,1.4900000095367432,1.409999966621399,1.4199999570846558,45271200
2025-09-25,1.4900000095367432,1.4900000095367432,1.5099999904632568,1.4800000190734863,1.4900000095367432,25500300
2025-09-26,1.4900000095367432,1.4900000095367432,1.5,1.4800000190734863,1.4900000095367432,14492700
2025-09-29,1.4600000381469727,1.4600000381469727,1.5,1.4500000476837158,1.4800000190734863,26061100
2025-09-30,1.4299999475479126,1.4299999475479126,1.4700000286102295,1.4299999475479126,1.4600000381469727,23678100
2025-10-01,1.409999966621399,1.409999966621399,1.4500000476837158,1.409999966621399,1.440000057220459,22761600
2025-10-02,1.4199999570846558,1.4199999570846558,1.440000057220459,1.4199999570846558,1.4199999570846558,21097300
2025-10-03,1.409999966621399,1.409999966621399,1.440000057220459,1.409999966621399,1.4199999570846558,12664100
2025-10-06,1.4500000476837158,1.4500000476837158,1.4600000381469727,1.409999966621399,1.4199999570846558,37126200
2025-10-07,1.4500000476837158,1.4500000476837158,1.4500000476837158,1.4500000476837158,1.4500000476837158,0
2025-10-08,1.4900000095367432,1.4900000095367432,1.5199999809265137,1.4900000095367432,1.5099999904632568,22393300
2025-10-09,1.559999942779541,1.559999942779541,1.559999942779541,1.4900000095367432,1.5,48702500
2025-10-10,1.5199999809265137,1.5199999809265137,1.590000033378601,1.5199999809265137,1.5800000429153442,76196500
2025-10-14,1.4900000095367432,1.4900000095367432,1.5399999618530273,1.4900000095367432,1.5299999713897705,32882200
2025-10-15,1.5199999809265137,1.5199999809265137,1.5299999713897705,1.5,1.5,16254400
2025-10-16,1.5,1.5,1.5299999713897705,1.5,1.5299999713897705,16802100
2025-10-17,1.4600000381469727,1.4600000381469727,1.5,1.4600000381469727,1.4900000095367432,21006800
2025-10-20,1.4500000476837158,1.4500000476837158,1.4800000190734863,1.4500000476837158,1.4700000286102295,11789300
2025-10-21,1.440000057220459,1.440000057220459,1.4600000381469727,1.440000057220459,1.4500000476837158,13108500
2025-10-22,1.4500000476837158,1.4500000476837158,1.4700000286102295,1.440000057220459,1.440000057220459,15922300
2025-10-24,1.4500000476837158,1.4500000476837158,1.4600000381469727,1.440000057220459,1.4500000476837158,10906700
2025-10-27,1.4299999475479126,1.4299999475479126,1.4700000286102295,1.4299999475479126,1.4500000476837158,12741600
2025-10-28,1.3899999856948853,1.3899999856948853,1.4299999475479126,1.3899999856948853,1.4299999475479126,32349800
2025-10-29,1.3899999856948853,1.3899999856948853,1.409999966621399,1.3799999952316284,1.3899999856948853,13597700
2025-10-30,1.4299999475479126,1.4299999475479126,1.4299999475479126,1.3899999856948853,1.3899999856948853,7939800
2025-10-31,1.409999966621399,1.409999966621399,1.4299999475479126,1.409999966621399,1.4299999475479126,7823000
2025-11-03,1.3899999856948853,1.3899999856948853,1.4299999475479126,1.3899999856948853,1.4199999570846558,11931900
2025-11-04,1.3700000047683716,1.3700000047683716,1.409999966621399,1.340000033378601,1.3899999856948853,18691700
2025-11-05,1.350000023841858,1.350000023841858,1.3700000047683716,1.350000023841858,1.3600000143051147,9982800
2025-11-06,1.3600000143051147,1.3600000143051147,1.3799999952316284,1.350000023841858,1.350000023841858,9343800
2025-11-07,1.3799999952316284,1.3799999952316284,1.4199999570846558,1.309999942779541,1.3200000524520874,43989700
2025-11-10,1.350000023841858,1.350000023841858,1.3899999856948853,1.340000033378601,1.3600000143051147,17522500
2025-11-11,1.3600000143051147,1.3600000143051147,1.3799999952316284,1.350000023841858,1.3600000143051147,8120100
2025-11-12,1.340000033378601,1.340000033378601,1.3799999952316284,1.340000033378601,1.3700000047683716,9507700
2025-11-13,1.3799999952316284,1.3799999952316284,1.409999966621399,1.3799999952316284,1.399999976158142,23263300
2025-11-14,1.3600000143051147,1.3600000143051147,1.399999976158142,1.3600000143051147,1.3799999952316284,16745100
2025-11-17,1.3700000047683716,1.3700000047683716,1.3799999952316284,1.3600000143051147,1.3700000047683716,6150300
2025-11-18,1.3600000143051147,1.3600000143051147,1.3899999856948853,1.3600000143051147,1.3600000143051147,12443500
2025-11-19,1.3600000143051147,1.3600000143051147,1.3799999952316284,1.350000023841858,1.3600000143051147,8488400
2025-11-20,1.3600000143051147,1.3600000143051147,1.3799999952316284,1.350000023841858,1.3600000143051147,10774000
2025-11-21,1.3200000524520874,1.3200000524520874,1.3600000143051147,1.309999942779541,1.3600000143051147,21405800
2025-11-24,1.2899999618530273,1.2899999618530273,1.3300000429153442,1.2799999713897705,1.3200000524520874,22802700
2025-11-25,1.2899999618530273,1.2899999618530273,1.309999942779541,1.2899999618530273,1.2999999523162842,13848400
2025-11-26,1.2899999618530273,1.2899999618530273,1.309999942779541,1.2899999618530273,1.2999999523162842,6554600
2025-11-27,1.350000023841858,1.350000023841858,1.350000023841858,1.2899999618530273,1.2899999618530273,15957300
2025-11-28,1.3700000047683716,1.3700000047683716,1.3799999952316284,1.340000033378601,1.3600000143051147,24348300
2025-12-01,1.409999966621399,1.409999966621399,1.409999966621399,1.3600000143051147,1.3600000143051147,27383700
2025-12-02,1.409999966621399,1.409999966621399,1.4199999570846558,1.3899999856948853,1.409999966621399,15634200
2025-12-03,1.3899999856948853,1.3899999856948853,1.409999966621399,1.3799999952316284,1.409999966621399,12496000
2025-12-04,1.3799999952316284,1.3799999952316284,1.409999966621399,1.3799999952316284,1.3899999856948853,7812000
2025-12-08,1.399999976158142,1.399999976158142,1.4500000476837158,1.350000023841858,1.3799999952316284,53369700
2025-12-09,1.409999966621399,1.409999966621399,1.4199999570846558,1.3899999856948853,1.409999966621399,16564800
2025-12-11,1.3300000429153442,1.3300000429153442,1.409999966621399,1.3200000524520874,1.409999966621399,33497400
2025-12-12,1.3600000143051147,1.3600000143051147,1.3700000047683716,1.3200000524520874,1.3300000429153442,17160600
2025-12-15,1.3899999856948853,1.3899999856948853,1.399999976158142,1.3700000047683716,1.3700000047683716,18402300
2025-12-16,1.399999976158142,1.399999976158142,1.409999966621399,1.3799999952316284,1.3899999856948853,16061700
2025-12-17,1.3899999856948853,1.3899999856948853,1.409999966621399,1.3799999952316284,1.3899999856948853,17227700
2025-12-18,1.3700000047683716,1.3700000047683716,1.409999966621399,1.350000023841858,1.3899999856948853,25744600
2025-12-19,1.3700000047683716,1.3700000047683716,1.3899999856948853,1.3600000143051147,1.3700000047683716,8135900
2025-12-22,1.3799999952316284,1.3799999952316284,1.3799999952316284,1.3700000047683716,1.3700000047683716,4165500
2025-12-23,1.4199999570846558,1.4199999570846558,1.4299999475479126,1.409999966621399,1.409999966621399,31077900
2025-12-24,1.409999966621399,1.409999966621399,1.440000057220459,1.399999976158142,1.4199999570846558,14948700
2025-12-25,1.3700000047683716,1.3700000047683716,1.409999966621399,1.3700000047683716,1.409999966621399,20358500
2025-12-26,1.350000023841858,1.350000023841858,1.3799999952316284,1.350000023841858,1.3700000047683716,15265800
2025-12-29,1.340000033378601,1.340000033378601,1.3600000143051147,1.3300000429153442,1.350000023841858,13928900
2025-12-30,1.340000033378601,1.340000033378601,1.350000023841858,1.3300000429153442,1.340000033378601,6675600
2026-01-05,1.3600000143051147,1.3600000143051147,1.3700000047683716,1.340000033378601,1.340000033378601,5972200
2026-01-06,1.3300000429153442,1.3300000429153442,1.350000023841858,1.3300000429153442,1.350000023841858,15376100
2026-01-07,1.3300000429153442,1.3300000429153442,1.350000023841858,1.3200000524520874,1.3300000429153442,13119500
2026-01-08,1.2999999523162842,1.2999999523162842,1.3300000429153442,1.2999999523162842,1.3300000429153442,26435800
2026-01-09,1.2999999523162842,1.2999999523162842,1.3200000524520874,1.2999999523162842,1.309999942779541,9518900
2026-01-12,1.2899999618530273,1.2899999618530273,1.309999942779541,1.2899999618530273,1.2999999523162842,9000100
2026-01-13,1.2899999618530273,1.2899999618530273,1.309999942779541,1.2799999713897705,1.2899999618530273,8285700
2026-01-14,1.2799999713897705,1.2799999713897705,1.2999999523162842,1.2799999713897705,1.2899999618530273,6631600
2026-01-15,1.2899999618530273,1.2899999618530273,1.2899999618530273,1.2400000095367432,1.2799999713897705,24017500
2026-01-16,1.309999942779541,1.309999942779541,1.3200000524520874,1.2899999618530273,1.2899999618530273,15331700
2026-01-19,1.3300000429153442,1.3300000429153442,1.340000033378601,1.309999942779541,1.3200000524520874,11386000
2026-01-20,1.3300000429153442,1.3300000429153442,1.350000023841858,1.3300000429153442,1.3300000429153442,9514300
2026-01-21,1.3300000429153442,1.3300000429153442,1.340000033378601,1.3200000524520874,1.3200000524520874,10386000
2026-01-22,1.3200000524520874,1.3200000524520874,1.340000033378601,1.309999942779541,1.3300000429153442,9209200
2026-01-23,1.309999942779541,1.309999942779541,1.340000033378601,1.309999942779541,1.3200000524520874,8233700
2026-01-26,1.2999999523162842,1.2999999523162842,1.309999942779541,1.2899999618530273,1.309999942779541,6250200
2026-01-27,1.2999999523162842,1.2999999523162842,1.3200000524520874,1.2999999523162842,1.2999999523162842,9592600
2026-01-28,1.2899999618530273,1.2899999618530273,1.309999942779541,1.2899999618530273,1.2999999523162842,14471100
2026-01-29,1.2899999618530273,1.2899999618530273,1.2899999618530273,1.2799999713897705,1.2799999713897705,6285100
2026-01-30,1.2799999713897705,1.2799999713897705,1.2899999618530273,1.2699999809265137,1.2899999618530273,7361100
2026-02-02,1.2699999809265137,1.2699999809265137,1.2799999713897705,1.2599999904632568,1.2799999713897705,8908300
2026-02-03,1.2799999713897705,1.2799999713897705,1.2899999618530273,1.2699999809265137,1.2799999713897705,7135800
2026-02-04,1.2699999809265137,1.2699999809265137,1.2899999618530273,1.2699999809265137,1.2799999713897705,7104200
2026-02-05,1.2899999618530273,1.2899999618530273,1.2999999523162842,1.2699999809265137,1.2699999809265137,16114100
2026-02-06,1.2999999523162842,1.2999999523162842,1.309999942779541,1.2799999713897705,1.2899999618530273,28537500
2026-02-09,1.3200000524520874,1.3200000524520874,1.3300000429153442,1.309999942779541,1.309999942779541,18740300
2026-02-10,1.3600000143051147,1.3600000143051147,1.3700000047683716,1.3300000429153442,1.3300000429153442,41319200
2026-02-11,1.3300000429153442,1.3300000429153442,1.3600000143051147,1.3300000429153442,1.350000023841858,26258600
2026-02-12,1.3899999856948853,1.3899999856948853,1.399999976158142,1.3300000429153442,1.3300000429153442,57631400
2026-02-13,1.4800000190734863,1.4800000190734863,1.5,1.3799999952316284,1.3899999856948853,113580500
2026-02-16,1.4299999475479126,1.4299999475479126,1.4800000190734863,1.4199999570846558,1.4800000190734863,63274600
2026-02-17,1.4500000476837158,1.4500000476837158,1.4600000381469727,1.3799999952316284,1.4299999475479126,69143400
2026-02-18,1.440000057220459,1.440000057220459,1.4700000286102295,1.440000057220459,1.4500000476837158,39584400
2026-02-19,1.4800000190734863,1.4800000190734863,1.4900000095367432,1.4500000476837158,1.4600000381469727,61259100
2026-02-20,1.4299999475479126,1.4299999475479126,1.5,1.4199999570846558,1.4600000381469727,67963000
2026-02-23,1.399999976158142,1.399999976158142,1.4500000476837158,1.3799999952316284,1.4299999475479126,59477600
2026-02-24,1.4199999570846558,1.4199999570846558,1.4199999570846558,1.3899999856948853,1.399999976158142,17404800
2026-02-25,1.4199999570846558,1.4199999570846558,1.4500000476837158,1.409999966621399,1.4299999475479126,29278500
2026-02-26,1.309999942779541,1.309999942779541,1.3700000047683716,1.309999942779541,1.350000023841858,104690300
2026-02-27,1.3200000524520874,1.3200000524520874,1.340000033378601,1.309999942779541,1.3200000524520874,27082200
2026-03-02,1.190000057220459,1.190000057220459,1.2699999809265137,1.190000057220459,1.25,109509700
2026-03-04,1.090000033378601,1.090000033378601,1.1299999952316284,1.059999942779541,1.100000023841858,103097100
2026-03-05,1.1299999952316284,1.1299999952316284,1.1399999856948853,1.090000033378601,1.1200000047683716,48299100
2026-03-06,1.1200000047683716,1.1200000047683716,1.1399999856948853,1.100000023841858,1.1399999856948853,33386800
2026-03-09,1.1100000143051147,1.1100000143051147,1.1100000143051147,1.059999942779541,1.0700000524520874,26525700
2026-03-10,1.1299999952316284,1.1299999952316284,1.1399999856948853,1.1200000047683716,1.1299999952316284,14908800
2026-03-11,1.25,1.25,1.3300000429153442,1.1699999570846558,1.1799999475479126,175671000
2026-03-12,1.2699999809265137,1.2699999809265137,1.2799999713897705,1.2400000095367432,1.2599999904632568,63122500
2026-03-13,1.25,1.25,1.2699999809265137,1.2200000286102295,1.2599999904632568,29930400
2026-03-16,1.2100000381469727,1.2100000381469727,1.2599999904632568,1.2000000476837158,1.25,30191300
2026-03-17,1.2100000381469727,1.2100000381469727,1.2400000095367432,1.2100000381469727,1.2200000286102295,31113400
2026-03-18,1.1799999475479126,1.1799999475479126,1.2300000190734863,1.1799999475479126,1.2200000286102295,38638400
2026-03-19,1.159999966621399,1.159999966621399,1.190000057220459,1.149999976158142,1.1799999475479126,24010600
2026-03-20,1.190000057220459,1.190000057220459,1.2000000476837158,1.159999966621399,1.1699999570846558,20731700
2026-03-23,1.1399999856948853,1.1399999856948853,1.1799999475479126,1.1399999856948853,1.1699999570846558,23309000
2026-03-24,1.1399999856948853,1.1399999856948853,1.1799999475479126,1.1399999856948853,1.159999966621399,25730800
2026-03-25,1.149999976158142,1.149999976158142,1.159999966621399,1.1299999952316284,1.149999976158142,32236900
2026-03-26,1.1299999952316284,1.1299999952316284,1.159999966621399,1.1200000047683716,1.149999976158142,10259900
2026-03-27,1.1200000047683716,1.1200000047683716,1.159999966621399,1.1200000047683716,1.1299999952316284,25358900
2026-03-30,1.149999976158142,1.149999976158142,1.159999966621399,1.1200000047683716,1.1200000047683716,52941300
2026-03-31,1.1399999856948853,1.1399999856948853,1.159999966621399,1.1299999952316284,1.149999976158142,24767200
2026-04-01,1.149999976158142,1.149999976158142,1.1699999570846558,1.1399999856948853,1.149999976158142,29722500
2026-04-02,1.1299999952316284,1.1299999952316284,1.149999976158142,1.1299999952316284,1.1399999856948853,21013400
2026-04-03,1.1299999952316284,1.1299999952316284,1.1399999856948853,1.1200000047683716,1.1399999856948853,9934100
2026-04-07,1.1200000047683716,1.1200000047683716,1.1399999856948853,1.1100000143051147,1.1200000047683716,18161700
2026-04-08,1.1399999856948853,1.1399999856948853,1.149999976158142,1.1200000047683716,1.149999976158142,34103700
2026-04-09,1.100000023841858,1.100000023841858,1.1399999856948853,1.100000023841858,1.1200000047683716,28178200
2026-04-10,1.1100000143051147,1.1100000143051147,1.1299999952316284,1.1100000143051147,1.1100000143051147,8020300
2026-04-16,1.1200000047683716,1.1200000047683716,1.1299999952316284,1.1100000143051147,1.1100000143051147,13474100
2026-04-17,1.1100000143051147,1.1100000143051147,1.1299999952316284,1.1100000143051147,1.1200000047683716,8073700
2026-04-20,1.100000023841858,1.100000023841858,1.1200000047683716,1.090000033378601,1.1100000143051147,18261700
2026-04-21,1.1100000143051147,1.1100000143051147,1.1200000047683716,1.100000023841858,1.1100000143051147,9531500
2026-04-22,1.1100000143051147,1.1100000143051147,1.1299999952316284,1.1100000143051147,1.1200000047683716,13883400
2026-04-23,1.100000023841858,1.100000023841858,1.1200000047683716,1.100000023841858,1.1100000143051147,11122400
2026-04-24,1.100000023841858,1.100000023841858,1.1100000143051147,1.090000033378601,1.100000023841858,18515500
2026-04-27,1.100000023841858,1.100000023841858,1.1200000047683716,1.100000023841858,1.1100000143051147,8730100
2026-04-28,1.1200000047683716,1.1200000047683716,1.1399999856948853,1.100000023841858,1.1100000143051147,30870700
2026-04-29,1.1399999856948853,1.1399999856948853,1.149999976158142,1.1200000047683716,1.1200000047683716,23813700
2026-04-30,1.1299999952316284,1.1299999952316284,1.1399999856948853,1.1200000047683716,1.1399999856948853,9874200
2026-05-01,1.1299999952316284,1.1299999952316284,1.1299999952316284,1.1299999952316284,1.1299999952316284,0
2026-05-04,1.1299999952316284,1.1299999952316284,1.1299999952316284,1.1299999952316284,1.1299999952316284,0
2026-05-05,1.1200000047683716,1.1200000047683716,1.1299999952316284,1.1100000143051147,1.1299999952316284,17720100
2026-05-06,1.1200000047683716,1.1200000047683716,1.1299999952316284,1.1100000143051147,1.1200000047683716,12242500
2026-05-07,1.1100000143051147,1.1100000143051147,1.1399999856948853,1.1100000143051147,1.1200000047683716,32729700
2026-05-08,1.1100000143051147,1.1100000143051147,1.1299999952316284,1.1100000143051147,1.1100000143051147,15035700
2026-05-11,1.100000023841858,1.100000023841858,1.1200000047683716,1.100000023841858,1.1100000143051147,8371200
2026-05-12,1.149999976158142,1.149999976158142,1.159999966621399,1.100000023841858,1.1100000143051147,63611800
2026-05-13,1.1699999570846558,1.1699999570846558,1.2000000476837158,1.149999976158142,1.149999976158142,69715300
2026-05-14,1.1200000047683716,1.1200000047683716,1.159999966621399,1.1100000143051147,1.159999966621399,42167600
2026-05-15,1.1200000047683716,1.1200000047683716,1.1399999856948853,1.1200000047683716,1.1299999952316284,9291500
2026-05-18,1.1200000047683716,1.1200000047683716,1.1299999952316284,1.1100000143051147,1.1200000047683716,6490200
2026-05-19,1.1399999856948853,1.1399999856948853,1.1399999856948853,1.1200000047683716,1.1299999952316284,4221600
2026-05-20,1.1200000047683716,1.1200000047683716,1.149999976158142,1.1200000047683716,1.1399999856948853,7406200
2026-05-21,1.1299999952316284,1.1299999952316284,1.1299999952316284,1.1100000143051147,1.1200000047683716,9323300
2026-05-22,1.1200000047683716,1.1200000047683716,1.1299999952316284,1.1100000143051147,1.1299999952316284,8219100
2026-05-25,1.1200000047683716,1.1200000047683716,1.1299999952316284,1.1100000143051147,1.1200000047683716,10138800
2026-05-26,1.1200000047683716,1.1200000047683716,1.1200000047683716,1.1200000047683716,1.1200000047683716,0
2026-05-27,1.090000033378601,1.090000033378601,1.1200000047683716,1.090000033378601,1.1200000047683716,40185000
2026-05-28,1.090000033378601,1.090000033378601,1.1100000143051147,1.090000033378601,1.090000033378601,24475500
2026-05-29,1.100000023841858,1.100000023841858,1.1100000143051147,1.090000033378601,1.100000023841858,12458700
2026-06-01,1.100000023841858,1.100000023841858,1.100000023841858,1.100000023841858,1.100000023841858,0
2026-06-02,1.100000023841858,1.100000023841858,1.1100000143051147,1.090000033378601,1.100000023841858,25510000
2026-06-03,1.100000023841858,1.100000023841858,1.100000023841858,1.100000023841858,1.100000023841858,0
2026-06-04,1.2599999904632568,1.2599999904632568,1.2899999618530273,1.1200000047683716,1.1200000047683716,462101100
2026-06-05,1.149999976158142,1.149999976158142,1.2599999904632568,1.1200000047683716,1.2400000095367432,253638700
2026-06-08,1.149999976158142,1.149999976158142,1.2100000381469727,1.1100000143051147,1.1299999952316284,153145000
2026-06-09,1.2100000381469727,1.2100000381469727,1.25,1.149999976158142,1.149999976158142,354489600
2026-06-10,1.159999966621399,1.159999966621399,1.2400000095367432,1.159999966621399,1.2200000286102295,208179600
2026-06-11,1.2400000095367432,1.2400000095367432,1.3200000524520874,1.2200000286102295,1.2599999904632568,461804100
2026-06-12,1.2200000286102295,1.2200000286102295,1.309999942779541,1.2200000286102295,1.309999942779541,244810400
2026-06-15,1.2000000476837158,1.2000000476837158,1.2599999904632568,1.2000000476837158,1.2400000095367432,77621600
2026-06-16,1.2000000476837158,1.2000000476837158,1.2400000095367432,1.2000000476837158,1.2100000381469727,76199500
2026-06-17,1.2100000381469727,1.2100000381469727,1.2400000095367432,1.2000000476837158,1.2000000476837158,108742200
2026-06-18,1.2100000381469727,1.2100000381469727,1.2400000095367432,1.2100000381469727,1.2200000286102295,55929100
2026-06-19,1.1699999570846558,1.1699999570846558,1.2200000286102295,1.1699999570846558,1.2200000286102295,81945100
2026-06-22,1.149999976158142,1.149999976158142,1.190000057220459,1.149999976158142,1.1699999570846558,50703600
2026-06-23,1.1200000047683716,1.1200000047683716,1.149999976158142,1.1200000047683716,1.1399999856948853,61714200
2026-06-24,1.1200000047683716,1.1200000047683716,1.1399999856948853,1.1100000143051147,1.1200000047683716,39519600
2026-06-25,1.1100000143051147,1.1100000143051147,1.1399999856948853,1.1100000143051147,1.1200000047683716,35789600
2026-06-26,1.1100000143051147,1.1100000143051147,1.1200000047683716,1.090000033378601,1.100000023841858,28728400
2026-06-29,1.149999976158142,1.149999976158142,1.149999976158142,1.1100000143051147,1.1100000143051147,91407500
2026-06-30,1.1299999952316284,1.1299999952316284,1.149999976158142,1.1299999952316284,1.149999976158142,36641500
2026-07-01,1.1299999952316284,1.1299999952316284,1.1399999856948853,1.1200000047683716,1.1299999952316284,18577900
2026-07-02,1.1200000047683716,1.1200000047683716,1.1299999952316284,1.1100000143051147,1.1200000047683716,16766700
2026-07-03,1.1299999952316284,1.1299999952316284,1.1399999856948853,1.1200000047683716,1.1200000047683716,16532200
2026-07-06,1.1399999856948853,1.1399999856948853,1.159999966621399,1.1200000047683716,1.1299999952316284,74001100
2026-07-07,1.1299999952316284,1.1299999952316284,1.149999976158142,1.1299999952316284,1.1399999856948853,8847500
2026-07-08,1.1100000143051147,1.1100000143051147,1.159999966621399,1.100000023841858,1.1299999952316284,139315200
2026-07-09,1.1299999952316284,1.1299999952316284,1.1299999952316284,1.1100000143051147,1.1200000047683716,21129200
2026-07-10,1.1299999952316284,1.1299999952316284,1.1399999856948853,1.1200000047683716,1.1299999952316284,16343000
2026-07-13,1.1299999952316284,1.1299999952316284,1.1399999856948853,1.1100000143051147,1.1200000047683716,18382300
2026-07-14,1.1200000047683716,1.1200000047683716,1.1299999952316284,1.1100000143051147,1.1200000047683716,12859600
2026-07-15,1.1200000047683716,1.1200000047683716,1.1399999856948853,1.1100000143051147,1.1299999952316284,20861600
2026-07-16,1.1200000047683716,1.1200000047683716,1.1299999952316284,1.1200000047683716,1.1200000047683716,12764000
2026-07-17,1.1200000047683716,1.1200000047683716,1.1299999952316284,1.1100000143051147,1.1100000143051147,15683800
2026-07-20,1.1100000143051147,1.1100000143051147,1.1299999952316284,1.1100000143051147,1.1200000047683716,11004200
2026-07-21,1.1100000143051147,1.1100000143051147,1.1200000047683716,1.1100000143051147,1.1200000047683716,6772600
2026-07-22,1.100000023841858,1.100000023841858,1.1200000047683716,1.100000023841858,1.1100000143051147,20910900
2026-07-23,1.100000023841858,1.100000023841858,1.1100000143051147,1.100000023841858,1.1100000143051147,9977900
2026-07-24,1.100000023841858,1.100000023841858,1.1100000143051147,1.0800000429153442,1.100000023841858,12979700
2026-07-27,1.090000033378601,1.090000033378601,1.100000023841858,1.0800000429153442,1.100000023841858,19251000
2026-07-28,1.090000033378601,1.090000033378601,1.090000033378601,1.090000033378601,1.090000033378601,0
2026-07-29,1.090000033378601,1.090000033378601,1.090000033378601,1.090000033378601,1.090000033378601,0
2026-07-30,1.059999942779541,1.059999942779541,1.090000033378601,1.059999942779541,1.090000033378601,25283000
2026-07-31,1.090000033378601,1.090000033378601,1.090000033378601,1.0700000524520874,1.0700000524520874,7521100
2026-08-03,1.090000033378601,1.090000033378601,1.090000033378601,1.0800000429153442,1.090000033378601,7432400
2026-08-04,1.0700000524520874,1.0700000524520874,1.090000033378601,1.059999942779541,1.090000033378601,17944700
2026-08-05,1.0700000524520874,1.0700000524520874,1.0800000429153442,1.059999942779541,1.0700000524520874,10905500
2026-08-06,1.0700000524520874,1.0700000524520874,1.0700000524520874,1.059999942779541,1.0700000524520874,7357800
2026-08-07,1.0700000524520874,1.0700000524520874,1.0800000429153442,1.059999942779541,1.0700000524520874,9784900
2026-08-10,1.0700000524520874,1.0700000524520874,1.090000033378601,1.0700000524520874,1.0800000429153442,16000800
2026-08-11,1.059999942779541,1.059999942779541,1.090000033378601,1.059999942779541,1.0700000524520874,8680000
2026-08-12,1.059999942779541,1.059999942779541,1.059999942779541,1.059999942779541,1.059999942779541,0
2026-08-13,1.059999942779541,1.059999942779541,1.0700000524520874,1.059999942779541,1.059999942779541,8286100
2026-08-14,1.0499999523162842,1.0499999523162842,1.0700000524520874,1.0499999523162842,1.059999942779541,7913300
2026-08-17,1.0,1.0,1.0399999618530273,1.0,1.0399999618530273,65979600
2026-08-18,1.0099999904632568,1.0099999904632568,1.0199999809265137,1.0,1.0099999904632568,18560800
2026-08-19,1.0,1.0,1.0099999904632568,1.0,1.0099999904632568,7766800
2026-08-20,0.9800000190734863,0.9800000190734863,1.0199999809265137,0.9800000190734863,1.0099999904632568,37666400
2026-08-21,0.9900000095367432,0.9900000095367432,1.0,0.9800000190734863,0.9800000190734863,27743600
2026-08-24,0.9900000095367432,0.9900000095367432,1.0099999904632568,0.9800000190734863,0.9900000095367432,16887100
2026-08-25,0.9800000190734863,0.9800000190734863,1.0,0.9800000190734863,1.0,11766500
2026-08-26,0.9800000190734863,0.9800000190734863,0.9900000095367432,0.9700000286102295,0.9800000190734863,16596300
2026-08-27,0.9300000071525574,0.9300000071525574,0.9900000095367432,0.9300000071525574,0.9800000190734863,58336400
