Date,Open,High,Low,Close,Volume
2016-08-26,195.0,199.0,195.0,198.0,6790000.0
2016-08-29,198.5,198.5,196.0,197.5,5830000.0
2016-08-30,198.5,198.5,197.0,198.0,5260000.0
2016-08-31,197.5,198.5,196.5,197.5,6000000.0
2016-09-01,199.0,199.5,197.5,199.0,13020000.0
2016-09-02,198.5,199.0,192.5,193.0,15140000.0
2016-09-05,194.5,195.0,188.0,189.0,11940000.0
2016-09-06,188.5,190.5,188.0,189.0,6620000.0
2016-09-07,190.0,192.5,189.0,190.0,10310000.0
2016-09-08,190.5,191.0,187.0,188.0,13140000.0
2016-09-09,188.0,188.5,184.5,185.5,9240000.0
2016-09-12,183.5,186.5,180.0,180.0,14710000.0
2016-09-13,183.5,187.5,182.5,186.0,14600000.0
2016-09-14,185.5,189.0,185.0,189.0,9440000.0
2016-09-15,190.0,190.0,187.0,188.0,7900000.0
2016-09-16,189.5,189.5,186.0,187.5,27450000.0
2016-09-19,189.0,190.0,186.5,188.0,6230000.0
2016-09-20,186.5,186.5,185.0,185.5,5870000.0
2016-09-21,186.0,190.0,186.0,188.5,7580000.0
2016-09-22,191.5,192.0,190.5,191.0,9430000.0
2016-09-23,191.0,191.0,186.5,187.5,6790000.0
2016-09-26,185.5,189.5,185.5,189.0,5600000.0
2016-09-27,190.0,190.0,187.5,188.0,5520000.0
2016-09-28,187.5,188.0,185.5,186.5,4510000.0
2016-09-29,188.0,190.0,187.5,189.0,6940000.0
2016-09-30,187.0,189.0,186.5,187.5,5620000.0
2016-10-03,190.0,190.0,187.5,188.0,4810000.0
2016-10-04,189.0,197.0,188.5,195.0,16700000.0
2016-10-05,195.0,195.0,192.5,193.0,10160000.0
2016-10-06,194.0,196.0,193.0,194.0,7150000.0
2016-10-07,193.5,193.5,191.0,192.0,5390000.0
2016-10-10,186.5,189.0,184.0,185.5,12460000.0
2016-10-11,186.5,187.5,182.5,185.0,9940000.0
2016-10-12,183.0,183.0,169.0,182.0,26860000.0
2016-10-13,180.0,187.0,177.0,187.0,20120000.0
2016-10-14,195.0,196.0,187.0,189.5,31420000.0
2016-10-17,181.0,182.0,178.5,179.5,42670000.0
2016-10-18,179.5,179.5,176.0,176.0,20320000.0
2016-10-19,175.0,177.5,175.0,176.5,21460000.0
2016-10-20,177.0,179.5,176.0,178.5,15270000.0
2016-10-21,178.0,178.5,176.5,176.5,8830000.0
2016-10-25,176.5,177.0,173.5,175.0,13770000.0
2016-10-26,174.5,175.0,172.0,172.0,11700000.0
2016-10-27,172.0,174.0,171.5,173.0,10890000.0
2016-10-28,173.0,173.5,171.0,172.0,7210000.0
2016-10-31,172.0,173.5,171.5,172.0,8450000.0
2016-11-01,172.5,173.0,170.0,170.5,11330000.0
2016-11-02,170.0,170.5,169.0,170.0,10810000.0
2016-11-03,169.5,170.0,167.0,167.0,9740000.0
2016-11-04,166.0,167.5,165.5,166.5,10120000.0
2016-11-07,168.0,171.0,168.0,170.0,12620000.0
2016-11-08,170.5,171.5,169.0,171.5,10630000.0
2016-11-09,169.0,170.5,167.5,170.5,13720000.0
2016-11-10,171.5,174.0,171.0,172.0,10260000.0
2016-11-11,170.0,170.0,168.5,169.5,7880000.0
2016-11-14,167.0,168.0,165.5,168.0,7920000.0
2016-11-15,168.0,169.0,166.0,168.0,7850000.0
2016-11-16,168.0,168.5,166.5,166.5,5990000.0
2016-11-17,167.0,170.0,167.0,170.0,6320000.0
2016-11-18,169.5,171.5,169.0,170.0,7110000.0
2016-11-21,170.0,171.0,169.5,170.0,3030000.0
2016-11-22,171.0,171.5,170.0,170.0,2040000.0
2016-11-23,171.0,172.0,170.5,171.5,3700000.0
2016-11-24,170.5,171.0,169.5,169.5,3630000.0
2016-11-25,170.5,171.5,169.5,171.5,3040000.0
2016-11-28,171.0,171.5,170.0,170.5,2550000.0
2016-11-29,171.5,172.0,169.0,169.0,5290000.0
2016-11-30,168.5,171.5,168.5,169.5,4730000.0
2016-12-01,171.0,171.0,169.5,170.0,6530000.0
2016-12-02,169.5,170.0,169.0,170.0,3480000.0
2016-12-06,169.0,170.0,167.5,169.0,4540000.0
2016-12-07,168.5,171.5,168.5,171.0,6190000.0
2016-12-08,172.0,175.0,172.0,174.0,10730000.0
2016-12-09,175.5,175.5,173.5,174.0,5850000.0
2016-12-13,173.0,173.5,171.5,173.0,7950000.0
2016-12-14,172.0,172.5,170.0,171.0,5300000.0
2016-12-15,169.5,171.0,169.5,170.0,7820000.0
2016-12-16,170.5,172.5,170.0,170.0,3280000.0
2016-12-19,169.0,171.0,169.0,171.0,7090000.0
2016-12-20,170.5,172.0,170.0,171.0,3260000.0
2016-12-21,171.5,172.0,170.5,171.0,2790000.0
2016-12-22,171.0,172.0,170.5,172.0,2830000.0
2016-12-23,172.5,174.0,171.5,173.0,4700000.0
2016-12-26,173.5,174.5,173.5,174.0,2830000.0
2016-12-27,174.0,175.5,173.5,175.0,3560000.0
2016-12-28,175.0,175.5,174.0,174.5,1980000.0
2016-12-29,174.5,177.0,174.0,176.0,5560000.0
2016-12-30,177.0,177.5,176.0,177.5,6350000.0
2017-01-04,180.0,182.0,179.5,182.0,14900000.0
2017-01-05,182.0,183.5,181.5,183.5,9020000.0
2017-01-06,183.0,184.5,182.0,183.0,7050000.0
2017-01-09,184.0,186.0,183.0,186.0,10700000.0
2017-01-10,186.5,190.5,186.0,189.0,11800000.0
2017-01-11,190.5,191.0,188.5,190.5,7540000.0
2017-01-12,190.5,191.0,188.0,188.5,7200000.0
2017-01-13,189.0,189.0,186.5,187.5,4790000.0
2017-01-16,186.5,187.5,184.0,185.5,5010000.0
2017-01-17,185.0,187.0,185.0,185.0,3500000.0
2017-01-18,187.0,188.0,185.0,185.0,4250000.0
2017-01-19,184.0,184.0,181.5,182.0,6410000.0
2017-01-20,181.5,187.5,181.0,184.0,6360000.0
2017-01-23,184.5,186.0,184.0,186.0,5520000.0
2017-01-24,186.0,188.5,186.0,187.0,4490000.0
2017-01-25,188.0,191.0,188.0,191.0,7750000.0
2017-01-26,193.0,193.5,189.0,190.0,8040000.0
2017-01-27,189.0,189.5,187.0,187.5,4990000.0
2017-01-30,187.0,189.0,186.5,189.0,1730000.0
2017-01-31,188.5,188.5,187.0,188.5,4290000.0
2017-02-01,187.0,191.5,187.0,191.0,7890000.0
2017-02-02,191.5,191.5,189.0,189.5,3890000.0
2017-02-03,189.5,192.0,189.0,191.0,4910000.0
2017-02-06,192.0,196.0,191.5,195.5,9430000.0
2017-02-07,195.0,196.0,194.5,195.5,5610000.0
2017-02-08,195.0,196.5,194.5,195.5,5140000.0
2017-02-09,195.5,199.0,195.5,198.5,7160000.0
2017-02-10,199.5,201.0,196.5,198.0,12730000.0
2017-02-14,199.5,199.5,194.0,194.5,5910000.0
2017-02-15,193.5,195.0,191.0,193.0,6950000.0
2017-02-16,193.0,196.5,191.5,195.0,5710000.0
2017-02-17,195.5,197.5,195.5,197.5,2250000.0
2017-02-20,197.5,197.5,194.0,197.0,2780000.0
2017-02-21,196.5,197.0,191.5,193.0,7880000.0
2017-02-22,193.0,194.5,191.0,193.0,6210000.0
2017-02-23,192.0,193.0,190.0,190.5,7760000.0
2017-02-24,190.5,191.0,189.5,189.5,4600000.0
2017-02-27,189.0,189.5,187.5,187.5,5640000.0
2017-02-28,189.0,191.5,188.5,191.5,3660000.0
2017-03-01,192.5,195.0,192.0,195.0,4290000.0
2017-03-02,195.5,196.5,195.0,196.0,5800000.0
2017-03-03,196.0,196.0,194.0,195.0,2160000.0
2017-03-06,194.0,194.5,191.5,192.0,3060000.0
2017-03-07,192.0,193.0,191.0,192.0,2550000.0
2017-03-08,191.0,192.5,189.0,192.0,5130000.0
2017-03-09,191.5,191.5,189.5,190.0,4520000.0
2017-03-10,190.0,192.0,189.0,190.0,4390000.0
2017-03-13,189.5,190.0,188.0,189.0,4860000.0
2017-03-14,190.0,191.5,189.5,190.0,6980000.0
2017-03-15,189.5,190.5,189.0,189.5,2980000.0
2017-03-16,190.5,193.5,190.0,192.5,8960000.0
2017-03-17,193.0,193.5,192.0,193.0,4320000.0
2017-03-20,193.5,194.5,191.5,192.0,6730000.0
2017-03-21,192.0,193.0,191.5,193.0,3980000.0
2017-03-22,191.0,192.0,190.5,190.5,4980000.0
2017-03-23,191.5,192.5,191.0,191.0,3630000.0
2017-03-24,191.0,191.5,190.0,191.0,3190000.0
2017-03-27,191.0,192.0,191.0,191.0,4240000.0
2017-03-28,192.0,193.5,191.0,192.0,5760000.0
2017-03-29,192.5,193.0,192.0,192.5,4060000.0
2017-03-30,193.0,193.0,191.0,191.0,6820000.0
2017-03-31,192.0,192.0,189.0,189.0,7720000.0
2017-04-03,189.5,191.0,189.0,190.5,2600000.0
2017-04-04,190.5,193.0,190.5,192.5,3050000.0
2017-04-05,192.5,193.5,192.0,193.5,3430000.0
2017-04-07,191.0,193.5,190.5,193.5,5300000.0
2017-04-10,193.5,193.5,192.0,193.5,1920000.0
2017-04-11,193.5,197.0,193.0,195.5,6910000.0
2017-04-12,196.0,197.0,195.0,195.0,3290000.0
2017-04-17,194.5,195.0,193.0,193.5,1440000.0
2017-04-18,194.0,195.5,192.0,192.5,3940000.0
2017-04-19,192.0,193.0,186.0,186.0,8850000.0
2017-04-20,187.0,190.0,186.0,188.5,8360000.0
2017-04-21,189.0,190.0,188.5,189.0,4060000.0
2017-04-24,189.0,189.5,184.5,185.5,8450000.0
2017-04-25,186.0,186.5,184.0,185.0,9010000.0
2017-04-26,185.5,186.0,184.0,185.0,8090000.0
2017-04-27,184.5,185.5,183.5,183.5,3990000.0
2017-04-28,184.5,185.5,184.0,185.0,5640000.0
2017-05-02,186.0,189.0,185.0,187.0,8270000.0
2017-05-03,187.5,189.5,187.0,189.0,3260000.0
2017-05-04,190.0,193.0,190.0,193.0,8480000.0
2017-05-05,191.5,193.0,191.0,192.0,4080000.0
2017-05-08,192.5,193.5,191.5,192.5,4050000.0
2017-05-09,193.0,194.0,191.0,193.0,3280000.0
2017-05-11,191.0,191.0,188.5,189.5,9320000.0
2017-05-12,189.0,189.5,187.0,189.5,8400000.0
2017-05-15,189.5,190.0,184.5,185.0,8240000.0
2017-05-16,184.0,184.0,182.5,182.5,14500000.0
2017-05-17,182.5,186.0,182.5,185.0,6610000.0
2017-05-18,184.0,185.5,184.0,185.0,3130000.0
2017-05-19,185.0,188.0,185.0,187.0,5710000.0
2017-05-22,188.0,191.0,187.5,190.5,6900000.0
2017-05-23,190.5,191.5,189.0,191.5,4390000.0
2017-05-24,191.5,191.5,189.5,190.5,5030000.0
2017-05-25,192.0,192.0,190.0,190.0,3430000.0
2017-05-26,190.5,191.0,189.0,190.0,2850000.0
2017-05-29,190.0,191.0,190.0,190.5,1280000.0
2017-05-30,190.5,191.5,190.5,190.5,1070000.0
2017-05-31,190.5,191.0,187.5,187.5,3640000.0
2017-06-01,187.5,190.0,187.5,190.0,2540000.0
2017-06-02,191.0,191.0,188.5,189.0,2900000.0
2017-06-05,189.5,190.5,189.0,190.5,2880000.0
2017-06-06,190.0,190.5,188.5,189.5,1260000.0
2017-06-07,189.5,190.0,187.5,188.0,3920000.0
2017-06-08,188.5,189.5,187.5,188.0,4880000.0
2017-06-09,188.0,190.5,187.5,189.0,5440000.0
2017-06-12,189.0,190.5,189.0,190.0,2050000.0
2017-06-13,191.0,191.5,190.0,191.5,2860000.0
2017-06-14,191.5,192.0,190.5,192.0,2330000.0
2017-06-15,190.5,191.5,189.0,189.5,4190000.0
2017-06-16,190.5,192.0,189.5,192.0,3690000.0
2017-06-19,192.0,192.5,191.5,192.0,1970000.0
2017-06-20,192.5,193.0,192.0,192.0,5710000.0
2017-06-21,192.0,194.5,191.5,193.5,4760000.0
2017-06-22,192.0,194.0,192.0,192.5,3420000.0
2017-06-23,192.0,194.0,192.0,193.0,9010000.0
2017-06-26,193.5,195.0,193.0,194.0,3290000.0
2017-06-27,194.0,195.5,193.5,195.5,4030000.0
2017-06-28,195.0,198.0,194.5,198.0,12150000.0
2017-06-29,198.5,200.0,198.5,199.0,12430000.0
2017-06-30,199.0,199.5,197.5,198.5,7130000.0
2017-07-03,198.5,199.0,196.5,197.0,3760000.0
2017-07-04,198.0,199.5,197.0,199.0,3830000.0
2017-07-05,198.5,199.5,197.0,199.0,3090000.0
2017-07-06,198.0,199.5,197.5,198.0,3770000.0
2017-07-07,197.0,197.5,195.5,196.0,3200000.0
2017-07-11,198.0,199.5,197.5,199.0,4480000.0
2017-07-12,200.0,205.0,200.0,203.0,12270000.0
2017-07-13,205.0,207.0,202.0,203.0,9350000.0
2017-07-14,204.0,204.0,201.0,202.0,5220000.0
2017-07-17,202.0,203.0,199.5,200.0,4870000.0
2017-07-18,201.0,201.0,197.5,197.5,6300000.0
2017-07-19,198.0,199.0,197.0,198.5,3270000.0
2017-07-20,197.0,197.0,195.0,195.5,7990000.0
2017-07-21,196.5,198.5,195.5,197.0,6330000.0
2017-07-24,196.5,198.5,196.0,198.5,3620000.0
2017-07-25,199.0,199.5,197.0,197.5,3060000.0
2017-07-26,198.5,199.0,196.5,198.5,3570000.0
2017-07-27,199.0,199.5,196.5,197.5,3050000.0
2017-07-31,197.5,198.0,191.0,192.5,10910000.0
2017-08-01,190.0,190.5,188.5,190.0,11960000.0
2017-08-02,190.0,191.5,188.0,190.0,9450000.0
2017-08-03,189.5,191.0,188.5,188.5,6120000.0
2017-08-04,189.0,189.5,188.0,188.5,3630000.0
2017-08-07,188.0,189.0,186.0,189.0,4170000.0
2017-08-08,190.0,194.0,189.5,193.5,6200000.0
2017-08-09,192.5,193.5,191.5,193.5,3070000.0
2017-08-10,193.5,194.0,191.5,194.0,3490000.0
2017-08-11,193.0,193.5,191.5,193.5,4520000.0
2017-08-15,194.5,195.0,192.5,192.5,2720000.0
2017-08-16,192.0,192.0,189.5,191.0,4250000.0
2017-08-17,191.5,192.0,190.0,190.0,2510000.0
2017-08-18,189.5,191.5,189.5,191.0,2130000.0
2017-08-21,191.0,192.0,190.0,191.0,3690000.0
2017-08-22,192.0,195.0,191.5,194.5,5840000.0
2017-08-23,195.0,197.5,194.0,197.5,6480000.0
2017-08-24,197.5,197.5,195.5,196.5,3320000.0
2017-08-25,195.5,199.0,195.5,197.5,7290000.0
2017-08-28,198.5,201.0,196.0,200.0,9180000.0
2017-08-29,199.0,204.0,198.0,203.0,13570000.0
2017-08-30,203.0,205.0,202.0,205.0,6180000.0
2017-08-31,204.0,205.0,200.0,201.0,6890000.0
2017-09-01,203.0,206.0,202.0,204.0,6550000.0
2017-09-04,203.0,204.0,201.0,204.0,5510000.0
2017-09-05,204.0,204.0,201.0,202.0,3820000.0
2017-09-06,201.0,202.0,199.0,201.0,5800000.0
2017-09-07,201.0,205.0,200.0,205.0,6590000.0
2017-09-08,205.0,212.0,205.0,208.0,12330000.0
2017-09-11,209.0,215.0,209.0,213.0,11470000.0
2017-09-12,213.0,214.0,209.0,211.0,4850000.0
2017-09-13,212.0,214.0,210.0,211.0,6590000.0
2017-09-14,210.0,218.0,210.0,218.0,10460000.0
2017-09-15,215.0,216.0,212.0,214.0,15420000.0
2017-09-18,214.0,217.0,213.0,216.0,7820000.0
2017-09-19,215.0,216.0,213.0,216.0,4140000.0
2017-09-20,214.0,216.0,211.0,213.0,7200000.0
2017-09-21,212.0,213.0,209.0,210.0,5760000.0
2017-09-22,208.0,210.0,206.0,206.0,10400000.0
2017-09-25,207.0,209.0,205.0,209.0,5490000.0
2017-09-26,209.0,211.0,207.0,208.0,5520000.0
2017-09-27,209.0,211.0,207.0,209.0,5770000.0
2017-09-28,210.0,210.0,205.0,206.0,5620000.0
2017-09-29,206.0,209.0,205.0,207.0,3640000.0
2017-10-02,208.0,210.0,206.0,208.0,7170000.0
2017-10-03,209.0,210.0,207.0,207.0,3360000.0
2017-10-04,209.0,209.0,207.0,207.0,2430000.0
2017-10-05,207.0,209.0,206.0,208.0,5120000.0
2017-10-06,209.0,210.0,206.0,207.0,4090000.0
2017-10-09,207.0,208.0,206.0,207.0,1100000.0
2017-10-10,207.0,213.0,206.0,212.0,8650000.0
2017-10-11,214.0,217.0,212.0,217.0,9640000.0
2017-10-12,217.0,218.0,214.0,216.0,6350000.0
2017-10-16,216.0,217.0,214.0,217.0,4260000.0
2017-10-17,217.0,218.0,215.0,217.0,4030000.0
2017-10-18,217.0,218.0,214.0,215.0,4800000.0
2017-10-19,216.0,216.0,211.0,212.0,6340000.0
2017-10-20,208.0,213.0,207.0,213.0,9520000.0
2017-10-24,211.0,214.0,210.0,210.0,4750000.0
2017-10-25,211.0,213.0,209.0,212.0,4200000.0
2017-10-27,214.0,215.0,212.0,213.0,5390000.0
2017-10-30,213.0,220.0,210.0,220.0,10690000.0
2017-10-31,222.0,224.0,219.0,220.0,8880000.0
2017-11-01,222.0,226.0,221.0,224.0,8190000.0
2017-11-02,223.0,225.0,221.0,223.0,5120000.0
2017-11-03,223.0,225.0,222.0,223.0,3220000.0
2017-11-06,223.0,224.0,218.0,220.0,4130000.0
2017-11-07,221.0,221.0,218.0,220.0,3330000.0
2017-11-08,220.0,223.0,220.0,222.0,3470000.0
2017-11-09,223.0,224.0,220.0,220.0,3040000.0
2017-11-10,218.0,220.0,217.0,217.0,3370000.0
2017-11-13,216.0,219.0,215.0,217.0,3410000.0
2017-11-14,218.0,224.0,217.0,224.0,4850000.0
2017-11-15,223.0,223.0,220.0,220.0,3880000.0
2017-11-16,220.0,223.0,220.0,221.0,3440000.0
2017-11-17,223.0,225.0,222.0,224.0,5720000.0
2017-11-20,225.0,226.0,223.0,223.0,2390000.0
2017-11-21,224.0,225.0,221.0,223.0,5660000.0
2017-11-22,224.0,226.0,223.0,224.0,5620000.0
2017-11-23,224.0,226.0,223.0,223.0,3110000.0
2017-11-24,223.0,224.0,221.0,222.0,3720000.0
2017-11-27,222.0,223.0,219.0,221.0,3640000.0
2017-11-28,221.0,222.0,220.0,222.0,1790000.0
2017-11-29,224.0,229.0,223.0,229.0,13740000.0
2017-11-30,228.0,231.0,225.0,227.0,12180000.0
2017-12-01,227.0,228.0,223.0,223.0,5890000.0
2017-12-04,225.0,229.0,224.0,225.0,6250000.0
2017-12-06,225.0,230.0,224.0,229.0,5590000.0
2017-12-07,229.0,231.0,227.0,230.0,4030000.0
2017-12-08,231.0,231.0,228.0,228.0,4460000.0
2017-12-12,229.0,230.0,226.0,226.0,5800000.0
2017-12-13,226.0,226.0,224.0,224.0,6010000.0
2017-12-14,226.0,229.0,225.0,228.0,5740000.0
2017-12-15,228.0,230.0,227.0,230.0,4660000.0
2017-12-18,229.0,231.0,228.0,230.0,3390000.0
2017-12-19,231.0,235.0,230.0,231.0,8430000.0
2017-12-20,231.0,234.0,229.0,234.0,4470000.0
2017-12-21,235.0,235.0,231.0,233.0,3870000.0
2017-12-22,234.0,234.0,231.0,233.0,4010000.0
2017-12-25,233.0,236.0,233.0,234.0,2510000.0
2017-12-26,234.0,237.0,234.0,235.0,3860000.0
2017-12-27,235.0,236.0,233.0,235.0,2260000.0
2017-12-28,234.0,235.0,231.0,233.0,3940000.0
2017-12-29,235.0,236.0,232.0,232.0,6120000.0
2018-01-03,234.0,237.0,233.0,237.0,6820000.0
2018-01-04,239.0,244.0,238.0,242.0,8120000.0
2018-01-05,242.0,244.0,240.0,241.0,6620000.0
2018-01-08,243.0,245.0,241.0,241.0,8450000.0
2018-01-09,240.0,240.0,234.0,235.0,13250000.0
2018-01-10,235.0,236.0,232.0,233.0,7990000.0
2018-01-11,233.0,233.0,230.0,233.0,9910000.0
2018-01-12,233.0,239.0,233.0,238.0,7720000.0
2018-01-15,239.0,240.0,233.0,234.0,8600000.0
2018-01-16,236.0,236.0,233.0,234.0,4320000.0
2018-01-17,233.0,234.0,231.0,232.0,6950000.0
2018-01-18,232.0,233.0,226.0,227.0,13080000.0
2018-01-19,222.0,227.0,218.0,227.0,22470000.0
2018-01-22,223.0,223.0,220.0,221.0,19840000.0
2018-01-23,222.0,227.0,222.0,227.0,15030000.0
2018-01-24,227.0,228.0,225.0,226.0,10310000.0
2018-01-25,227.0,231.0,226.0,226.0,9370000.0
2018-01-26,226.0,230.0,226.0,229.0,7090000.0
2018-01-29,231.0,234.0,229.0,232.0,12040000.0
2018-01-30,233.0,234.0,231.0,234.0,8580000.0
2018-01-31,233.0,234.0,230.0,230.0,9370000.0
2018-02-01,232.0,232.0,229.0,229.0,4820000.0
2018-02-02,230.0,232.0,228.0,230.0,5110000.0
2018-02-05,227.0,229.0,226.0,229.0,7560000.0
2018-02-06,227.0,229.0,224.0,228.0,11510000.0
2018-02-07,229.0,230.0,225.0,227.0,4940000.0
2018-02-08,227.0,227.0,223.0,223.0,6500000.0
2018-02-09,220.0,225.0,220.0,224.0,7680000.0
2018-02-12,224.0,226.0,222.0,225.0,3950000.0
2018-02-13,225.0,226.0,223.0,225.0,5100000.0
2018-02-14,225.0,225.0,224.0,224.0,1200000.0
2018-02-15,227.0,228.0,225.0,228.0,4210000.0
2018-02-16,228.0,230.0,228.0,228.0,2890000.0
2018-02-19,228.0,230.0,227.0,228.0,1260000.0
2018-02-20,228.0,228.0,226.0,227.0,1650000.0
2018-02-21,227.0,228.0,226.0,228.0,2870000.0
2018-02-22,228.0,229.0,223.0,225.0,4970000.0
2018-02-23,225.0,227.0,223.0,226.0,3220000.0
2018-02-26,226.0,230.0,225.0,230.0,4380000.0
2018-02-27,230.0,235.0,229.0,233.0,9600000.0
2018-02-28,232.0,235.0,232.0,232.0,5410000.0
2018-03-02,230.0,232.0,228.0,230.0,4420000.0
2018-03-05,230.0,232.0,226.0,228.0,3980000.0
2018-03-06,229.0,231.0,227.0,228.0,3480000.0
2018-03-07,226.0,229.0,226.0,227.0,3920000.0
2018-03-08,227.0,231.0,227.0,228.0,5060000.0
2018-03-09,229.0,230.0,228.0,230.0,2660000.0
2018-03-12,232.0,233.0,230.0,232.0,4520000.0
2018-03-13,233.0,233.0,226.0,228.0,8120000.0
2018-03-14,227.0,228.0,225.0,225.0,5370000.0
2018-03-15,225.0,226.0,222.0,224.0,5670000.0
2018-03-16,223.0,225.0,222.0,223.0,9580000.0
2018-03-19,223.0,224.0,222.0,223.0,2670000.0
2018-03-20,223.0,225.0,222.0,225.0,2960000.0
2018-03-21,226.0,226.0,220.0,222.0,5910000.0
2018-03-22,223.0,223.0,218.0,220.0,8690000.0
2018-03-23,217.0,221.0,217.0,221.0,4980000.0
2018-03-26,220.0,222.0,219.0,222.0,2680000.0
2018-03-27,221.0,224.0,220.0,222.0,4960000.0
2018-03-28,220.0,221.0,212.0,213.0,17820000.0
2018-03-29,213.0,216.0,211.0,212.0,12190000.0
2018-03-30,212.0,214.0,211.0,212.0,4590000.0
2018-04-02,214.0,215.0,213.0,214.0,5550000.0
2018-04-03,212.0,214.0,211.0,212.0,4020000.0
2018-04-04,213.0,213.0,195.5,195.5,24520000.0
2018-04-05,197.5,198.5,192.0,192.0,21400000.0
2018-04-09,192.5,195.0,192.5,193.0,11320000.0
2018-04-10,194.0,198.5,193.5,197.0,8090000.0
2018-04-11,196.0,201.0,195.0,201.0,9090000.0
2018-04-12,201.0,203.0,198.0,200.0,4940000.0
2018-04-17,201.0,201.0,198.0,199.5,4900000.0
2018-04-18,200.0,202.0,199.0,202.0,5170000.0
2018-04-19,201.0,201.0,197.0,197.5,10020000.0
2018-04-20,199.0,201.0,197.0,197.5,11000000.0
2018-04-23,198.0,198.0,195.5,196.5,7530000.0
2018-04-24,195.5,196.5,193.5,194.5,10810000.0
2018-04-25,193.5,193.5,188.5,190.0,18510000.0
2018-04-26,190.0,194.5,190.0,193.5,8600000.0
2018-04-27,194.5,195.0,192.5,195.0,5270000.0
2018-04-30,195.0,196.0,194.0,195.5,3810000.0
2018-05-02,195.5,196.0,194.0,195.5,5790000.0
2018-05-03,194.5,195.0,191.0,191.0,7270000.0
2018-05-04,190.0,191.0,189.0,189.0,9420000.0
2018-05-07,189.5,192.5,189.5,192.5,2550000.0
2018-05-08,194.5,195.5,193.0,194.5,7610000.0
2018-05-09,194.5,194.5,190.0,190.5,5860000.0
2018-05-10,190.5,193.0,189.5,192.0,3690000.0
2018-05-11,192.0,195.0,192.0,195.0,3880000.0
2018-05-14,195.5,195.5,194.0,195.0,5120000.0
2018-05-15,194.5,195.0,193.5,194.0,2620000.0
2018-05-16,192.0,194.0,192.0,192.5,3650000.0
2018-05-17,192.0,192.0,189.0,189.0,5950000.0
2018-05-18,188.0,188.5,187.0,188.5,6160000.0
2018-05-21,189.0,193.0,189.0,193.0,5470000.0
2018-05-22,193.5,196.0,193.0,195.0,10260000.0
2018-05-23,194.5,195.0,193.5,194.5,4380000.0
2018-05-24,194.0,195.0,191.0,191.5,5970000.0
2018-05-25,192.0,193.0,190.0,192.0,5850000.0
2018-05-28,192.0,195.5,192.0,195.5,6800000.0
2018-05-30,194.0,194.5,192.0,193.5,6540000.0
2018-05-31,193.0,193.5,190.0,191.5,8770000.0
2018-06-01,192.5,195.5,191.5,195.0,5570000.0
2018-06-04,195.0,197.0,194.5,196.5,12300000.0
2018-06-05,196.5,205.0,196.5,204.0,17800000.0
2018-06-06,204.0,206.0,201.0,203.0,7930000.0
2018-06-07,204.0,206.0,199.5,199.5,8620000.0
2018-06-08,200.0,200.0,194.5,194.5,15910000.0
2018-06-11,195.0,199.0,195.0,197.5,6980000.0
2018-06-12,197.0,203.0,197.0,199.5,8570000.0
2018-06-13,198.5,201.0,197.5,200.0,6660000.0
2018-06-14,199.0,201.0,197.0,200.0,11850000.0
2018-06-15,199.0,202.0,198.0,199.5,11930000.0
2018-06-18,199.0,201.0,198.5,199.5,4610000.0
2018-06-19,198.0,200.0,194.0,195.0,13520000.0
2018-06-20,197.0,199.5,196.0,198.5,9270000.0
2018-06-21,198.0,198.0,194.0,194.0,7520000.0
2018-06-22,194.0,195.5,190.5,193.0,11160000.0
2018-06-25,192.5,193.5,190.0,190.0,6100000.0
2018-06-26,189.0,194.0,188.5,193.0,6100000.0
2018-06-27,193.0,194.0,191.0,191.0,7950000.0
2018-06-28,191.5,192.5,189.0,189.5,7710000.0
2018-06-29,192.0,194.0,190.5,194.0,7730000.0
2018-07-02,195.0,195.0,190.0,193.0,6840000.0
2018-07-03,193.5,195.0,192.5,194.5,5480000.0
2018-07-04,194.0,197.5,192.0,197.5,7260000.0
2018-07-05,197.0,197.5,194.0,194.5,2990000.0
2018-07-06,193.5,198.0,193.0,197.0,7060000.0
2018-07-09,196.5,197.5,193.0,193.5,8670000.0
2018-07-10,193.0,195.5,191.0,195.5,11830000.0
2018-07-11,193.5,195.0,193.0,195.0,3670000.0
2018-07-12,195.0,196.0,194.0,195.0,3440000.0
2018-07-13,195.5,196.0,194.0,194.5,1860000.0
2018-07-16,193.0,194.0,192.5,193.5,2100000.0
2018-07-17,194.0,197.5,193.0,197.5,7260000.0
2018-07-18,199.0,200.0,196.5,199.5,8070000.0
2018-07-19,201.0,201.0,198.5,198.5,5410000.0
2018-07-20,206.0,211.0,204.0,210.0,25040000.0
2018-07-23,210.0,213.0,208.0,213.0,8800000.0
2018-07-24,213.0,213.0,206.0,208.0,8600000.0
2018-07-25,209.0,212.0,208.0,210.0,3980000.0
2018-07-26,216.0,216.0,213.0,215.0,7660000.0
2018-07-31,218.0,220.0,216.0,217.0,8660000.0
2018-08-01,217.0,218.0,213.0,217.0,8880000.0
2018-08-02,216.0,217.0,210.0,212.0,11090000.0
2018-08-03,213.0,218.0,212.0,216.0,8690000.0
2018-08-06,218.0,220.0,216.0,217.0,6870000.0
2018-08-07,217.0,218.0,213.0,214.0,9830000.0
2018-08-08,216.0,218.0,214.0,216.0,9710000.0
2018-08-09,216.0,219.0,216.0,217.0,6860000.0
2018-08-10,217.0,221.0,217.0,217.0,6530000.0
2018-08-14,215.0,216.0,212.0,215.0,5720000.0
2018-08-15,214.0,215.0,213.0,213.0,3730000.0
2018-08-16,214.0,215.0,212.0,212.0,6860000.0
2018-08-17,214.0,216.0,213.0,215.0,4960000.0
2018-08-20,217.0,219.0,215.0,216.0,5880000.0
2018-08-21,217.0,218.0,215.0,216.0,4220000.0
2018-08-22,217.0,219.0,216.0,217.0,2860000.0
2018-08-23,218.0,219.0,216.0,217.0,2500000.0
2018-08-24,216.0,217.0,215.0,215.0,1680000.0
2018-08-27,216.0,218.0,216.0,218.0,2770000.0
2018-08-28,219.0,219.0,215.0,215.0,3400000.0
2018-08-29,215.0,216.0,213.0,215.0,5160000.0
2018-08-30,215.0,215.0,212.0,213.0,3920000.0
2018-08-31,212.0,213.0,210.0,211.0,8630000.0
2018-09-03,210.0,213.0,210.0,212.0,2380000.0
2018-09-04,212.0,213.0,210.0,212.0,2840000.0
2018-09-05,211.0,212.0,207.0,208.0,6410000.0
2018-09-06,208.0,210.0,207.0,210.0,6310000.0
2018-09-07,208.0,209.0,207.0,208.0,3800000.0
2018-09-10,207.0,209.0,205.0,208.0,2580000.0
2018-09-11,207.0,209.0,201.0,203.0,5960000.0
2018-09-12,201.0,207.0,201.0,206.0,5400000.0
2018-09-13,210.0,216.0,209.0,214.0,11330000.0
2018-09-14,215.0,218.0,215.0,217.0,5870000.0
2018-09-17,215.0,216.0,211.0,212.0,4620000.0
2018-09-18,213.0,218.0,210.0,216.0,10020000.0
2018-09-19,217.0,219.0,216.0,216.0,6680000.0
2018-09-20,217.0,217.0,213.0,214.0,4660000.0
2018-09-21,215.0,217.0,214.0,217.0,4550000.0
2018-09-24,216.0,217.0,214.0,215.0,3110000.0
2018-09-25,215.0,216.0,213.0,215.0,2020000.0
2018-09-26,215.0,216.0,213.0,213.0,3750000.0
2018-09-27,213.0,215.0,212.0,214.0,5870000.0
2018-09-28,216.0,216.0,214.0,216.0,5710000.0
2018-10-01,217.0,217.0,214.0,215.0,5320000.0
2018-10-02,214.0,216.0,213.0,213.0,3370000.0
2018-10-03,214.0,215.0,213.0,213.0,2790000.0
2018-10-04,213.0,214.0,212.0,214.0,4700000.0
2018-10-05,213.0,215.0,210.0,211.0,4460000.0
2018-10-08,210.0,212.0,209.0,209.0,6800000.0
2018-10-09,209.0,213.0,209.0,210.0,4090000.0
2018-10-10,212.0,215.0,211.0,213.0,6660000.0
2018-10-11,210.0,212.0,208.0,209.0,7440000.0
2018-10-12,209.0,211.0,208.0,209.0,5720000.0
2018-10-16,209.0,209.0,205.0,209.0,6260000.0
2018-10-17,210.0,211.0,207.0,207.0,5910000.0
2018-10-18,208.0,208.0,206.0,206.0,3420000.0
2018-10-19,205.0,206.0,202.0,202.0,9360000.0
2018-10-22,202.0,208.0,202.0,207.0,4200000.0
2018-10-24,206.0,208.0,205.0,205.0,5120000.0
2018-10-25,204.0,209.0,203.0,209.0,5380000.0
2018-10-26,208.0,209.0,205.0,206.0,3880000.0
2018-10-29,204.0,205.0,197.5,199.5,14070000.0
2018-10-30,199.5,200.0,196.0,196.5,11010000.0
2018-10-31,197.5,199.5,196.5,199.5,10880000.0
2018-11-01,201.0,203.0,199.5,203.0,8080000.0
2018-11-02,205.0,207.0,203.0,204.0,9210000.0
2018-11-05,201.0,202.0,199.0,201.0,4880000.0
2018-11-06,201.0,204.0,201.0,204.0,3510000.0
2018-11-07,205.0,206.0,203.0,206.0,4360000.0
2018-11-08,208.0,210.0,205.0,206.0,5030000.0
2018-11-09,206.0,207.0,205.0,207.0,2760000.0
2018-11-12,206.0,207.0,201.0,201.0,4600000.0
2018-11-13,201.0,203.0,200.0,202.0,4830000.0
2018-11-14,200.0,201.0,199.0,200.0,5880000.0
2018-11-15,200.0,201.0,198.5,199.0,4850000.0
2018-11-16,199.0,199.0,197.0,198.5,5790000.0
2018-11-19,198.0,198.0,196.0,196.5,5360000.0
2018-11-20,195.5,195.5,190.5,192.0,13200000.0
2018-11-21,191.0,194.5,190.5,193.5,10600000.0
2018-11-22,193.5,195.0,190.5,190.5,8070000.0
2018-11-23,191.5,193.5,190.0,192.5,8700000.0
2018-11-26,193.0,194.0,192.5,193.5,9100000.0
2018-11-27,194.0,195.0,193.5,195.0,8820000.0
2018-11-28,195.0,195.5,191.5,191.5,9010000.0
2018-11-29,193.0,193.0,191.5,192.0,5930000.0
2018-11-30,192.5,193.5,190.5,193.5,11490000.0
2018-12-03,197.0,198.0,196.5,196.5,13330000.0
2018-12-04,197.0,199.0,197.0,198.0,6430000.0
2018-12-06,195.5,196.0,193.0,193.5,7730000.0
2018-12-07,193.5,193.5,191.5,192.5,8180000.0
2018-12-11,191.5,192.0,190.0,191.0,8410000.0
2018-12-12,192.0,192.5,189.5,190.0,8740000.0
2018-12-13,192.0,192.0,188.0,188.0,9570000.0
2018-12-14,187.5,189.0,183.5,185.0,11950000.0
2018-12-17,185.0,186.5,183.0,185.0,5590000.0
2018-12-18,183.5,186.5,183.0,185.0,8170000.0
2018-12-19,185.0,189.0,185.0,188.5,11640000.0
2018-12-20,187.5,188.0,184.5,188.0,7680000.0
2018-12-21,187.0,188.0,185.0,188.0,8030000.0
2018-12-24,186.5,188.0,185.5,185.5,3660000.0
2018-12-25,184.0,184.5,182.0,182.5,4400000.0
2018-12-26,182.5,183.5,182.5,183.0,3230000.0
2018-12-27,187.5,188.0,182.5,182.5,7560000.0
2018-12-28,183.0,185.0,183.0,185.0,4600000.0
2019-01-02,185.0,186.0,184.0,185.0,4410000.0
2019-01-03,186.5,187.0,185.0,186.0,4600000.0
2019-01-04,185.5,186.0,183.5,186.0,8780000.0
2019-01-07,186.0,188.0,185.5,188.0,7170000.0
2019-01-08,187.5,188.0,186.0,186.5,4040000.0
2019-01-09,187.0,188.0,186.0,186.0,6530000.0
2019-01-10,186.5,187.0,178.5,180.0,16520000.0
2019-01-11,181.5,182.5,180.5,181.5,6510000.0
2019-01-14,181.5,182.0,180.5,181.0,3900000.0
2019-01-15,181.5,183.0,181.0,182.0,3850000.0
2019-01-16,182.5,183.0,181.0,183.0,4440000.0
2019-01-17,183.0,185.5,182.5,184.5,10670000.0
2019-01-18,186.0,186.5,181.5,183.0,18590000.0
2019-01-21,185.0,189.0,184.0,187.5,16660000.0
2019-01-22,187.0,189.0,185.5,189.0,9200000.0
2019-01-23,189.5,191.5,188.5,190.5,20620000.0
2019-01-24,191.5,192.5,188.5,192.5,12480000.0
2019-01-25,193.5,194.5,193.0,193.5,8790000.0
2019-01-28,194.0,194.0,192.0,193.0,6000000.0
2019-01-29,192.5,193.5,192.0,193.5,4100000.0
2019-01-30,193.0,193.0,191.5,193.0,7900000.0
2019-01-31,195.0,200.0,194.5,200.0,17960000.0
2019-02-01,201.0,202.0,199.0,201.0,10440000.0
2019-02-04,201.0,203.0,200.0,202.0,4540000.0
2019-02-05,201.0,202.0,199.0,200.0,3110000.0
2019-02-06,201.0,203.0,200.0,202.0,6400000.0
2019-02-07,203.0,205.0,201.0,202.0,10320000.0
2019-02-08,199.0,201.0,197.5,199.0,13090000.0
2019-02-11,197.5,198.0,195.5,196.0,12830000.0
2019-02-12,196.5,198.5,196.0,197.0,4030000.0
2019-02-13,198.5,198.5,196.5,197.0,4480000.0
2019-02-14,197.5,197.5,196.0,197.0,3790000.0
2019-02-15,196.0,196.5,194.0,195.5,4840000.0
2019-02-18,196.5,197.5,196.0,197.0,2540000.0
2019-02-20,197.5,198.0,193.5,194.5,6220000.0
2019-02-21,195.0,196.0,195.0,196.0,3640000.0
2019-02-22,195.0,195.5,193.5,195.0,6640000.0
2019-02-25,196.0,199.5,195.5,198.0,8530000.0
2019-02-26,197.5,201.0,197.5,199.0,6770000.0
2019-02-27,200.0,200.0,198.0,199.0,5590000.0
2019-02-28,199.5,199.5,197.0,197.5,4050000.0
2019-03-01,197.0,197.5,195.5,196.5,4180000.0
2019-03-04,195.0,196.0,194.0,194.5,4390000.0
2019-03-05,194.0,195.0,193.0,193.5,5500000.0
2019-03-06,193.0,193.0,189.5,189.5,8990000.0
2019-03-07,189.5,192.0,189.0,192.0,6240000.0
2019-03-08,192.5,194.0,192.0,193.0,6840000.0
2019-03-11,193.5,194.0,192.5,192.5,2690000.0
2019-03-12,192.5,193.5,192.0,193.0,2710000.0
2019-03-13,192.5,193.0,191.0,192.5,4170000.0
2019-03-14,192.5,193.0,191.5,192.5,2940000.0
2019-03-15,192.0,192.5,189.0,189.0,9220000.0
2019-03-18,189.5,190.0,188.5,189.0,3870000.0
2019-03-19,189.5,191.5,189.0,191.0,7310000.0
2019-03-20,191.0,192.5,191.0,191.5,3090000.0
2019-03-21,192.5,193.0,191.5,191.5,3710000.0
2019-03-22,191.5,193.0,191.5,193.0,7050000.0
2019-03-25,191.5,192.0,189.5,190.5,6220000.0
2019-03-26,191.0,193.0,190.5,192.5,4430000.0
2019-03-27,192.5,193.5,192.0,192.0,4120000.0
2019-03-28,191.0,191.5,186.5,188.0,16700000.0
2019-03-29,188.5,189.0,187.5,187.5,6730000.0
2019-04-01,188.5,189.0,186.5,186.5,6820000.0
2019-04-02,187.5,189.0,187.0,189.0,4830000.0
2019-04-03,189.5,190.0,188.0,189.5,3700000.0
2019-04-04,190.0,190.5,189.0,189.0,3020000.0
2019-04-05,190.0,191.0,189.5,190.0,3250000.0
2019-04-09,191.5,193.0,191.0,193.0,6300000.0
2019-04-10,193.0,193.5,192.5,193.0,3680000.0
2019-04-11,190.5,191.0,189.5,190.5,5240000.0
2019-04-12,190.0,191.0,190.0,191.0,2750000.0
2019-04-17,191.0,191.5,190.5,191.5,6110000.0
2019-04-18,191.5,193.0,190.5,193.0,5580000.0
2019-04-19,193.0,193.0,190.0,190.0,6270000.0
2019-04-22,190.0,191.0,190.0,190.5,2620000.0
2019-04-23,190.5,191.5,190.0,191.5,2800000.0
2019-04-24,192.0,193.0,191.0,193.0,6900000.0
2019-04-25,192.5,193.5,192.5,193.0,3600000.0
2019-04-26,193.5,193.5,190.5,190.5,4720000.0
2019-04-29,190.0,190.5,188.5,190.0,5320000.0
2019-04-30,189.5,191.5,189.5,191.0,3180000.0
2019-05-02,191.5,193.0,191.5,192.5,4270000.0
2019-05-03,192.0,193.0,191.5,192.5,3220000.0
2019-05-07,191.0,191.5,190.0,190.5,5010000.0
2019-05-08,190.0,190.0,188.0,188.5,5980000.0
2019-05-09,188.0,188.5,187.5,187.5,5080000.0
2019-05-10,188.0,188.5,186.0,187.0,5100000.0
2019-05-13,187.0,188.0,186.5,187.0,3230000.0
2019-05-14,187.0,188.0,186.0,187.5,5220000.0
2019-05-15,188.0,189.5,187.5,187.5,5280000.0
2019-05-16,188.0,189.0,186.5,186.5,6150000.0
2019-05-17,187.0,188.0,186.0,186.0,4310000.0
2019-05-21,187.0,188.0,186.5,188.0,5080000.0
2019-05-22,188.0,189.5,188.0,189.0,4520000.0
2019-05-23,188.5,190.5,187.5,187.5,5960000.0
2019-05-24,188.0,190.0,188.0,189.0,4090000.0
2019-05-27,189.5,190.0,189.0,189.5,3790000.0
2019-05-28,190.0,190.5,186.5,186.5,23050000.0
2019-05-29,187.0,188.0,182.5,183.5,8170000.0
2019-05-30,183.5,186.5,183.5,184.5,4710000.0
2019-05-31,184.5,186.5,184.0,186.5,6210000.0
2019-06-04,187.0,190.0,186.5,190.0,7180000.0
2019-06-05,191.0,193.0,191.0,192.5,10640000.0
2019-06-06,192.5,193.0,191.5,192.5,3640000.0
2019-06-07,192.5,192.5,191.0,191.0,1980000.0
2019-06-10,191.5,192.5,191.0,192.0,4020000.0
2019-06-11,192.5,193.5,191.5,193.0,4310000.0
2019-06-12,193.0,193.5,192.5,193.5,3070000.0
2019-06-13,193.5,194.0,192.5,193.5,3280000.0
2019-06-14,194.0,194.0,192.5,193.5,3060000.0
2019-06-17,193.0,193.5,191.0,191.5,4330000.0
2019-06-18,191.0,192.0,187.5,190.0,13680000.0
2019-06-19,191.5,193.0,191.0,192.5,7220000.0
2019-06-20,193.0,194.0,192.5,193.5,4590000.0
2019-06-21,193.5,193.5,191.0,192.0,7130000.0
2019-06-24,192.5,192.5,189.5,190.5,6140000.0
2019-06-25,190.0,192.5,189.5,191.0,5800000.0
2019-06-26,189.5,190.0,188.5,188.5,12350000.0
2019-06-27,189.0,189.5,188.0,188.5,6300000.0
2019-06-28,188.0,189.0,188.0,188.0,5290000.0
2019-07-01,189.5,191.0,188.5,188.5,6820000.0
2019-07-02,188.5,189.5,188.0,188.5,3800000.0
2019-07-03,188.5,189.5,188.0,189.0,3520000.0
2019-07-04,189.0,190.0,187.0,187.0,7620000.0
2019-07-05,187.0,188.0,187.0,187.5,2390000.0
2019-07-08,187.0,188.0,186.0,187.0,4350000.0
2019-07-09,186.5,187.5,186.5,186.5,3170000.0
2019-07-10,187.0,189.0,187.0,188.5,5010000.0
2019-07-11,189.5,190.0,187.5,187.5,6220000.0
2019-07-12,188.5,189.0,187.5,188.0,7910000.0
2019-07-15,187.5,188.0,185.0,185.5,8040000.0
2019-07-17,184.5,185.0,183.5,183.5,6460000.0
2019-07-18,183.0,183.5,180.0,180.0,13120000.0
2019-07-19,181.5,183.0,180.0,180.0,11340000.0
2019-07-22,180.0,180.5,178.5,179.0,8070000.0
2019-07-23,178.5,179.5,177.0,177.0,12350000.0
2019-07-24,178.0,178.5,177.5,178.5,4560000.0
2019-07-25,178.5,179.0,177.0,177.0,4640000.0
2019-07-26,177.0,177.0,174.0,174.5,11250000.0
2019-07-30,175.0,175.5,172.0,172.0,7280000.0
2019-07-31,172.0,173.5,172.0,172.5,5190000.0
2019-08-01,172.0,173.0,172.0,173.0,5190000.0
2019-08-02,172.5,176.0,172.5,176.0,9460000.0
2019-08-05,175.0,175.5,172.5,172.5,7810000.0
2019-08-06,172.0,175.0,170.5,173.5,8380000.0
2019-08-07,173.5,174.5,166.0,167.5,21160000.0
2019-08-08,168.0,168.0,164.5,165.5,14990000.0
2019-08-09,165.5,167.5,165.0,165.5,13770000.0
2019-08-13,165.0,166.5,163.5,164.0,10220000.0
2019-08-14,165.5,166.0,155.0,155.0,26840000.0
2019-08-15,155.0,157.5,154.0,155.0,22650000.0
2019-08-16,156.0,158.5,156.0,157.5,15120000.0
2019-08-19,159.0,161.5,158.5,161.0,13200000.0
2019-08-20,162.0,162.5,157.5,158.0,8220000.0
2019-08-21,159.0,159.5,155.0,155.5,13170000.0
2019-08-22,156.0,157.0,154.5,156.0,10720000.0
2019-08-23,157.0,159.5,156.5,159.5,6370000.0
2019-08-26,156.5,157.5,155.5,157.0,5560000.0
2019-08-27,156.5,157.0,152.5,154.0,11360000.0
2019-08-28,155.0,157.0,155.0,155.5,5490000.0
2019-08-29,156.0,158.0,156.0,158.0,3830000.0
2019-08-30,160.0,161.0,159.0,160.0,8330000.0
2019-09-02,160.5,161.0,159.5,160.0,4060000.0
2019-09-03,159.5,160.0,155.5,156.5,6500000.0
2019-09-04,156.0,158.0,155.0,156.0,8260000.0
2019-09-05,157.5,159.5,157.0,159.0,6100000.0
2019-09-06,160.5,162.0,158.5,158.5,5630000.0
2019-09-09,159.0,160.5,158.5,160.5,4740000.0
2019-09-10,162.0,165.5,161.0,165.5,14920000.0
2019-09-11,167.0,169.0,166.5,169.0,12040000.0
2019-09-12,173.0,174.5,169.5,169.5,13720000.0
2019-09-13,170.0,170.5,165.0,165.5,14020000.0
2019-09-16,165.0,165.0,160.5,163.0,9780000.0
2019-09-17,161.5,162.0,160.0,160.5,13490000.0
2019-09-18,161.5,164.5,161.0,164.0,10790000.0
2019-09-19,165.0,166.0,163.0,165.0,6710000.0
2019-09-20,165.0,166.0,162.0,165.0,11810000.0
2019-09-23,164.0,164.5,162.5,162.5,4580000.0
2019-09-24,161.0,164.0,159.5,162.0,6570000.0
2019-09-25,160.5,162.0,160.0,161.5,6230000.0
2019-09-26,162.0,162.0,158.5,159.5,8260000.0
2019-09-27,160.0,161.0,158.5,161.0,6590000.0
2019-09-30,160.5,160.5,156.5,156.5,9580000.0
2019-10-01,157.0,158.0,155.5,157.0,7240000.0
2019-10-02,155.5,156.0,152.0,152.0,14740000.0
2019-10-03,150.5,152.5,150.0,150.5,13400000.0
2019-10-04,150.5,151.0,148.5,148.5,8700000.0
2019-10-07,149.5,152.0,149.0,151.5,5320000.0
2019-10-08,153.0,153.5,150.5,150.5,4080000.0
2019-10-09,149.5,150.5,148.5,149.5,7460000.0
2019-10-10,149.0,149.5,147.0,148.0,5190000.0
2019-10-11,148.5,148.5,146.5,147.5,6040000.0
2019-10-15,148.5,151.5,148.0,151.0,9610000.0
2019-10-16,152.0,154.5,152.0,153.5,8720000.0
2019-10-17,154.0,156.0,154.0,156.0,8270000.0
2019-10-18,156.0,156.5,151.5,153.0,7760000.0
2019-10-21,153.0,153.5,148.5,150.0,9250000.0
2019-10-22,150.0,150.0,148.0,149.0,5360000.0
2019-10-24,143.5,145.5,136.0,138.0,32900000.0
2019-10-25,138.0,140.0,135.5,136.5,21580000.0
2019-10-28,136.5,137.0,134.5,136.0,10430000.0
2019-10-29,136.0,136.0,130.5,131.0,21510000.0
2019-10-30,132.0,137.0,131.5,136.0,26930000.0
2019-10-31,136.5,142.0,136.5,139.0,23430000.0
2019-11-01,139.0,140.5,138.5,139.0,7990000.0
2019-11-04,141.0,144.0,140.5,142.5,12970000.0
2019-11-05,145.5,146.0,144.0,146.0,16160000.0
2019-11-06,147.0,151.5,145.5,148.0,29220000.0
2019-11-07,149.5,151.0,147.5,151.0,12430000.0
2019-11-08,153.0,153.0,150.5,152.5,9300000.0
2019-11-11,151.0,151.5,148.0,148.0,10830000.0
2019-11-12,148.5,152.0,148.5,151.5,8730000.0
2019-11-13,150.5,151.5,149.0,149.5,6870000.0
2019-11-14,149.5,150.0,148.0,149.0,9520000.0
2019-11-15,150.5,151.5,149.0,149.0,6690000.0
2019-11-18,149.5,149.5,145.5,146.5,9170000.0
2019-11-19,146.0,149.0,144.5,149.0,8430000.0
2019-11-20,147.5,150.0,147.0,147.0,7120000.0
2019-11-21,146.5,149.5,145.5,149.5,6950000.0
2019-11-22,150.5,154.0,149.0,153.0,10960000.0
2019-11-25,154.5,157.5,154.0,156.0,17120000.0
2019-11-26,155.5,156.5,154.0,155.5,14780000.0
2019-11-27,155.0,156.0,154.5,155.5,5920000.0
2019-11-28,156.0,158.0,155.0,157.5,6760000.0
2019-11-29,156.5,157.0,153.0,155.0,9370000.0
2019-12-02,155.5,155.5,150.0,151.5,9920000.0
2019-12-03,151.5,153.0,151.0,152.0,4370000.0
2019-12-04,150.5,151.0,146.0,147.0,14310000.0
2019-12-06,147.0,149.0,144.5,147.0,14760000.0
2019-12-09,148.0,148.5,145.5,148.0,4730000.0
2019-12-11,146.5,146.5,142.0,142.0,16500000.0
2019-12-12,143.0,143.5,139.5,140.0,16830000.0
2019-12-13,143.5,146.5,143.0,145.5,18340000.0
2019-12-16,145.5,145.5,142.5,142.5,4370000.0
2019-12-17,143.5,147.0,142.0,145.5,7710000.0
2019-12-18,146.0,148.5,146.0,148.5,8680000.0
2019-12-19,148.0,149.5,146.0,148.5,8040000.0
2019-12-20,148.5,149.5,147.5,149.5,7820000.0
2019-12-23,149.5,151.0,149.0,149.5,4530000.0
2019-12-24,150.0,150.5,148.0,148.0,7220000.0
2019-12-25,147.5,151.0,147.0,151.0,4200000.0
2019-12-26,151.0,151.5,149.5,150.0,4140000.0
2019-12-27,151.0,151.5,149.0,150.0,5250000.0
2019-12-30,150.0,152.0,150.0,151.0,4280000.0
2020-01-02,151.5,153.5,150.5,153.5,4990000.0
2020-01-03,153.0,154.5,151.5,152.5,5490000.0
2020-01-06,146.5,147.0,143.5,143.5,20070000.0
2020-01-07,145.0,146.5,141.0,143.0,17780000.0
2020-01-08,140.0,140.5,138.5,140.0,16560000.0
2020-01-09,142.0,142.5,137.0,138.5,17900000.0
2020-01-10,139.0,140.0,136.5,137.5,14660000.0
2020-01-13,138.0,138.5,135.0,136.0,13670000.0
2020-01-14,135.5,135.5,132.0,133.0,17900000.0
2020-01-15,132.5,135.5,131.5,131.5,18790000.0
2020-01-16,132.0,138.5,131.0,138.0,26640000.0
2020-01-17,141.0,143.0,141.0,141.5,20190000.0
2020-01-20,136.0,137.5,134.0,135.0,18090000.0
2020-01-21,137.5,140.0,137.0,139.0,19680000.0
2020-01-22,140.0,141.5,139.5,140.0,7490000.0
2020-01-23,139.0,141.5,138.5,141.5,32620000.0
2020-01-24,142.5,143.0,140.0,141.0,10350000.0
2020-01-27,139.5,140.5,135.0,135.5,9450000.0
2020-01-28,135.0,138.0,134.0,135.5,8790000.0
2020-01-29,136.5,137.0,131.0,133.5,16620000.0
2020-01-30,131.5,142.0,131.0,141.5,24660000.0
2020-01-31,144.0,144.0,140.0,140.5,13730000.0
2020-02-03,140.0,141.5,138.0,138.0,8900000.0
2020-02-04,138.0,139.5,138.0,138.5,7450000.0
2020-02-05,139.0,140.5,137.0,139.5,12030000.0
2020-02-06,140.5,144.0,139.0,143.0,11870000.0
2020-02-07,144.5,144.5,142.0,143.5,6200000.0
2020-02-11,143.5,144.0,140.0,141.0,9070000.0
2020-02-12,142.0,144.0,141.5,142.5,10590000.0
2020-02-13,143.0,143.0,141.0,143.0,6190000.0
2020-02-14,144.5,145.0,142.5,143.5,9870000.0
2020-02-17,143.0,144.0,143.0,144.0,4750000.0
2020-02-18,143.0,143.0,140.0,140.0,11930000.0
2020-02-19,140.5,142.0,138.0,139.0,10880000.0
2020-02-20,139.0,139.0,133.5,134.0,18710000.0
2020-02-21,133.0,134.5,133.0,134.5,7420000.0
2020-02-24,133.5,134.0,129.5,129.5,14870000.0
2020-02-25,130.0,130.5,125.5,128.0,16960000.0
2020-02-26,125.0,125.5,115.0,115.5,36940000.0
2020-02-27,116.5,122.5,116.5,122.5,24060000.0
2020-02-28,113.0,122.0,113.0,119.0,21720000.0
2020-03-02,120.5,124.0,120.0,122.0,19880000.0
2020-03-03,123.0,126.0,123.0,123.5,15540000.0
2020-03-04,122.0,124.5,120.0,122.5,10880000.0
2020-03-05,124.0,125.5,121.5,122.5,9720000.0
2020-03-06,120.5,121.0,116.5,117.0,14280000.0
2020-03-09,112.0,113.5,105.5,107.0,16470000.0
2020-03-10,107.0,110.5,106.5,107.0,12160000.0
2020-03-11,107.0,109.5,104.0,105.5,13890000.0
2020-03-12,98.0,99.0,94.5,95.5,22960000.0
2020-03-13,86.0,100.5,84.0,95.5,27970000.0
2020-03-16,88.25,92.25,87.0,87.75,15080000.0
2020-03-17,86.5,89.25,86.0,86.0,16190000.0
2020-03-18,88.0,88.75,85.5,87.25,16100000.0
2020-03-19,86.75,88.0,86.0,86.5,15540000.0
2020-03-20,90.0,94.75,87.5,93.0,15810000.0
2020-03-23,82.0,84.5,79.25,79.25,17950000.0
2020-03-24,82.5,83.0,79.0,79.0,17140000.0
2020-03-25,81.5,82.75,79.75,81.5,15670000.0
2020-03-26,80.5,85.75,80.5,84.0,19250000.0
2020-03-27,87.0,93.5,86.75,89.25,28580000.0
2020-03-30,88.25,88.25,84.75,85.0,20690000.0
2020-03-31,88.0,92.25,87.5,91.5,18810000.0
2020-04-01,90.75,91.75,88.25,88.25,14470000.0
2020-04-02,88.0,89.5,86.0,89.5,14330000.0
2020-04-03,89.0,89.25,86.5,87.75,13180000.0
2020-04-07,92.0,96.5,90.5,95.75,20920000.0
2020-04-08,95.25,103.0,94.25,100.0,27760000.0
2020-04-09,97.0,101.0,95.5,97.5,22780000.0
2020-04-10,97.0,97.0,93.5,95.0,7440000.0
2020-04-13,94.0,96.0,94.0,95.0,5030000.0
2020-04-14,96.0,98.75,95.5,98.75,9250000.0
2020-04-15,99.75,101.5,95.5,95.5,11700000.0
2020-04-16,94.75,96.75,94.25,96.5,7520000.0
2020-04-17,99.75,101.0,96.5,99.0,13200000.0
2020-04-20,100.0,105.0,99.25,103.5,19990000.0
2020-04-21,101.0,101.0,97.0,97.0,17940000.0
2020-04-22,93.25,93.5,90.0,90.25,31340000.0
2020-04-23,90.5,92.5,90.25,90.5,14070000.0
2020-04-24,90.5,91.0,88.0,88.5,14400000.0
2020-04-27,89.0,89.25,86.0,86.25,13870000.0
2020-04-28,85.75,86.5,83.5,84.25,26080000.0
2020-04-29,84.75,85.75,83.75,84.0,20750000.0
2020-04-30,84.5,87.0,84.0,86.25,33180000.0
2020-05-05,86.0,87.5,85.5,86.5,16990000.0
2020-05-07,86.25,86.75,83.25,83.25,16950000.0
2020-05-08,83.75,84.5,83.5,83.5,6690000.0
2020-05-11,84.25,86.25,84.25,85.0,8940000.0
2020-05-12,84.75,85.0,84.0,84.25,14080000.0
2020-05-13,84.25,85.25,84.0,85.25,7890000.0
2020-05-14,84.75,84.75,84.0,84.25,4950000.0
2020-05-15,84.0,84.25,82.75,82.75,10400000.0
2020-05-18,83.0,83.75,82.25,82.25,9260000.0
2020-05-19,84.25,87.75,84.0,87.0,26620000.0
2020-05-20,88.0,88.5,87.0,88.0,16670000.0
2020-05-21,88.5,88.5,86.75,87.25,12980000.0
2020-05-22,86.75,86.75,84.75,85.5,12040000.0
2020-05-25,86.0,87.5,86.0,87.0,6000000.0
2020-05-26,87.75,89.25,87.5,88.25,13290000.0
2020-05-27,89.25,91.75,89.25,90.5,26100000.0
2020-05-28,94.25,96.25,94.25,96.0,38820000.0
2020-05-29,95.0,96.0,94.0,96.0,21770000.0
2020-06-01,97.0,99.5,96.75,97.75,20530000.0
2020-06-02,99.0,100.5,98.5,100.0,22900000.0
2020-06-04,105.0,115.0,104.5,115.0,53260000.0
2020-06-05,119.0,120.0,115.0,117.0,34000000.0
2020-06-08,117.5,117.5,112.5,114.0,19460000.0
2020-06-09,114.0,118.5,111.0,113.0,26020000.0
2020-06-10,114.5,117.0,114.0,116.5,23180000.0
2020-06-11,114.5,115.5,110.5,112.0,19660000.0
2020-06-12,107.5,109.0,107.0,107.5,20000000.0
2020-06-15,104.0,104.5,98.0,98.0,35060000.0
2020-06-16,104.0,104.5,99.0,99.0,30230000.0
2020-06-17,98.25,101.5,97.0,99.75,19240000.0
2020-06-18,96.5,98.25,95.25,97.75,26830000.0
2020-06-19,97.0,97.25,95.0,95.75,19900000.0
2020-06-22,89.25,92.5,89.25,89.25,65240000.0
2020-06-23,89.75,91.0,88.75,89.0,40560000.0
2020-06-24,90.0,92.5,90.0,90.25,35720000.0
2020-06-25,89.75,92.25,89.5,92.25,24140000.0
2020-06-26,92.75,93.0,90.75,91.0,15790000.0
2020-06-29,90.0,93.0,90.0,92.75,16830000.0
2020-06-30,93.75,94.75,93.25,93.25,19700000.0
2020-07-01,93.5,94.5,92.5,94.25,13500000.0
2020-07-02,95.0,96.0,94.0,95.25,17090000.0
2020-07-03,94.75,95.25,92.5,92.5,17670000.0
2020-07-07,94.0,94.0,90.75,90.75,13940000.0
2020-07-08,90.75,93.5,90.75,92.75,14620000.0
2020-07-09,93.25,94.0,92.5,92.5,9930000.0
2020-07-10,92.0,92.75,91.0,91.5,11350000.0
2020-07-13,92.0,92.25,89.75,90.0,7700000.0
2020-07-14,89.0,91.75,88.75,91.5,13390000.0
2020-07-15,92.5,93.5,91.5,92.0,12550000.0
2020-07-16,91.75,92.0,90.75,91.25,9100000.0
2020-07-17,91.0,91.5,90.0,90.25,9000000.0
2020-07-20,90.25,90.25,86.75,87.0,34760000.0
2020-07-21,87.75,89.25,87.25,87.5,19510000.0
2020-07-22,87.0,87.25,86.0,86.25,12080000.0
2020-07-23,86.25,87.75,86.0,86.75,13490000.0
2020-07-24,86.0,86.25,85.5,85.75,9490000.0
2020-07-29,85.75,86.0,82.25,83.0,26130000.0
2020-07-30,83.5,84.75,82.5,82.5,13850000.0
2020-07-31,80.25,81.25,79.75,81.0,28830000.0
2020-08-03,80.5,83.0,80.0,82.25,18880000.0
2020-08-04,83.0,84.75,82.75,83.0,13090000.0
2020-08-05,84.0,84.25,82.5,83.0,13250000.0
2020-08-06,82.75,84.0,82.75,83.25,9000000.0
2020-08-07,83.25,83.75,82.75,83.0,6600000.0
2020-08-10,84.0,84.25,82.75,82.75,6890000.0
2020-08-11,83.5,86.25,83.25,85.25,25090000.0
2020-08-13,87.25,91.75,87.0,91.5,54640000.0
2020-08-14,91.0,91.25,88.5,89.0,19870000.0
2020-08-17,89.25,89.75,87.25,87.75,18290000.0
2020-08-18,88.0,89.5,87.75,89.25,18630000.0
2020-08-19,89.75,89.75,86.75,87.75,22280000.0
2020-08-20,86.25,87.0,85.5,85.75,16490000.0
2020-08-21,86.5,86.75,85.5,85.5,5370000.0
2020-08-24,86.25,86.5,82.75,83.25,26790000.0
2020-08-25,84.75,87.75,84.75,86.0,22390000.0
2020-08-26,86.5,86.75,84.75,86.0,12860000.0
2020-08-27,85.75,86.25,84.75,85.5,9260000.0
2020-08-28,86.75,88.5,86.5,86.75,24570000.0
2020-08-31,87.25,88.0,84.0,84.25,27110000.0
2020-09-01,84.5,85.0,82.25,82.75,17960000.0
2020-09-02,83.0,83.5,82.0,83.5,14090000.0
2020-09-03,83.75,84.0,82.25,82.25,10600000.0
2020-09-08,82.0,82.5,81.25,81.5,11230000.0
2020-09-09,80.75,82.75,80.5,82.75,14120000.0
2020-09-10,82.5,83.0,81.5,82.25,7560000.0
2020-09-11,82.25,83.0,81.5,81.5,11560000.0
2020-09-14,82.0,82.0,80.5,80.75,10350000.0
2020-09-15,81.5,81.5,80.5,81.0,8800000.0
2020-09-16,80.75,80.75,79.25,79.75,15540000.0
2020-09-17,80.0,80.25,78.5,78.5,19900000.0
2020-09-18,79.5,80.5,79.25,80.25,16630000.0
2020-09-21,80.0,80.5,78.5,79.0,14200000.0
2020-09-22,78.0,78.25,76.0,76.5,18260000.0
2020-09-23,76.75,77.25,74.25,74.25,23320000.0
2020-09-24,73.5,77.5,73.0,75.75,27880000.0
2020-09-25,77.0,77.5,75.5,76.0,14700000.0
2020-09-28,77.25,79.75,77.0,79.5,15510000.0
2020-09-29,79.25,79.75,77.75,78.0,13140000.0
2020-09-30,78.25,79.25,76.75,77.0,16230000.0
2020-10-01,77.5,78.5,77.25,77.75,17510000.0
2020-10-02,77.5,77.75,75.0,75.75,17380000.0
2020-10-05,76.0,77.5,75.25,75.5,9770000.0
2020-10-06,76.0,76.0,73.75,75.0,23750000.0
2020-10-07,75.0,75.25,74.0,74.75,14720000.0
2020-10-08,75.0,76.5,75.0,75.5,19420000.0
2020-10-09,75.75,76.25,75.25,75.25,12520000.0
2020-10-12,75.25,76.0,75.0,75.0,17520000.0
2020-10-14,74.0,74.25,72.0,72.25,38580000.0
2020-10-15,71.75,74.0,71.0,73.0,33750000.0
2020-10-16,73.75,74.0,72.5,73.25,18080000.0
2020-10-19,73.0,73.0,70.0,70.75,25970000.0
2020-10-20,71.75,73.75,71.75,73.25,25170000.0
2020-10-21,74.5,76.0,74.25,75.75,37080000.0
2020-10-22,75.25,76.0,74.25,75.25,16610000.0
2020-10-26,75.5,75.5,74.5,74.5,10840000.0
2020-10-27,74.5,74.75,73.5,74.25,19190000.0
2020-10-28,74.75,75.75,74.5,75.0,15390000.0
2020-10-29,74.25,76.75,74.0,76.5,19820000.0
2020-10-30,76.25,76.75,75.0,76.25,20200000.0
2020-11-02,76.0,76.75,75.25,76.5,12110000.0
2020-11-03,77.5,78.0,76.5,78.0,29360000.0
2020-11-04,78.75,79.0,76.75,76.75,18790000.0
2020-11-05,77.0,78.5,76.25,78.5,38780000.0
2020-11-06,78.25,81.75,77.25,80.25,52520000.0
2020-11-09,81.5,81.75,80.0,80.5,30660000.0
2020-11-10,87.0,94.75,85.75,94.25,118680000.0
2020-11-11,96.0,98.0,91.25,93.0,92490000.0
2020-11-12,91.25,91.5,88.25,90.25,75200000.0
2020-11-13,91.5,95.75,91.0,94.25,76410000.0
2020-11-16,96.0,96.5,94.0,94.75,33620000.0
2020-11-17,94.25,95.5,93.0,94.0,50340000.0
2020-11-18,93.0,95.0,92.0,94.5,40800000.0
2020-11-19,94.0,97.5,93.75,97.5,63460000.0
2020-11-20,99.25,107.0,97.5,106.0,101380000.0
2020-11-23,106.0,108.0,104.0,108.0,41680000.0
2020-11-24,110.0,110.0,105.0,105.5,40310000.0
2020-11-25,109.0,114.5,107.5,114.5,61910000.0
2020-11-26,112.5,115.0,111.5,114.5,37490000.0
2020-11-27,114.0,114.5,113.0,113.5,18930000.0
2020-11-30,112.5,113.5,110.0,110.0,36530000.0
2020-12-01,112.0,114.5,111.5,112.5,25810000.0
2020-12-02,112.5,114.0,111.5,111.5,33770000.0
2020-12-03,112.5,116.0,112.0,115.5,33790000.0
2020-12-04,116.0,117.5,115.5,116.5,23450000.0
2020-12-08,117.0,126.0,116.5,123.0,67950000.0
2020-12-09,122.5,126.5,120.5,121.5,54500000.0
2020-12-14,121.0,122.5,116.5,117.0,47230000.0
2020-12-15,113.5,117.5,113.0,117.0,40970000.0
2020-12-16,119.0,120.5,117.5,120.5,26390000.0
2020-12-17,120.0,122.0,120.0,121.5,19190000.0
2020-12-18,120.0,121.0,118.5,119.0,24700000.0
2020-12-21,112.5,115.5,110.0,110.0,55070000.0
2020-12-22,112.5,115.0,111.0,115.0,32720000.0
2020-12-23,115.0,115.5,112.5,112.5,19830000.0
2020-12-24,113.0,115.5,112.0,115.5,19120000.0
2020-12-25,115.5,116.5,114.0,116.0,9630000.0
2020-12-28,116.0,116.0,111.5,111.5,17200000.0
2020-12-29,112.0,115.0,112.0,115.0,13480000.0
2020-12-30,116.0,116.0,112.0,113.0,13310000.0
2021-01-04,110.0,113.0,110.0,113.0,21940000.0
2021-01-05,113.0,114.5,111.5,114.0,16060000.0
2021-01-06,115.0,120.0,113.5,116.5,42350000.0
2021-01-07,123.0,123.0,120.5,122.5,45570000.0
2021-01-08,123.5,124.0,121.0,121.5,22650000.0
2021-01-11,121.0,121.5,119.5,120.0,12180000.0
2021-01-12,120.0,120.0,118.0,119.5,14570000.0
2021-01-13,120.0,123.0,119.5,121.5,19840000.0
2021-01-14,120.0,121.5,119.0,119.5,12530000.0
2021-01-15,119.5,120.0,117.0,118.0,14870000.0
2021-01-18,116.5,117.0,115.0,115.5,16750000.0
2021-01-19,116.5,117.5,114.0,115.0,24200000.0
2021-01-20,116.0,116.5,114.5,116.0,13910000.0
2021-01-21,121.0,125.5,120.5,125.0,67320000.0
2021-01-22,126.0,130.0,125.5,129.0,46010000.0
2021-01-25,127.0,128.0,124.0,126.5,24130000.0
2021-01-26,126.5,128.5,124.5,127.5,22020000.0
2021-01-27,127.0,128.0,125.0,125.5,20590000.0
2021-01-28,124.5,124.5,122.0,122.5,23670000.0
2021-01-29,126.5,128.5,124.0,127.0,43120000.0
2021-02-01,127.5,133.0,127.0,132.0,33850000.0
2021-02-02,135.0,135.0,130.5,131.0,22940000.0
2021-02-03,134.0,135.0,132.0,133.5,30350000.0
2021-02-04,134.5,137.0,132.0,135.0,23770000.0
2021-02-05,136.5,138.0,136.0,138.0,17130000.0
2021-02-08,139.5,147.0,138.5,147.0,43850000.0
2021-02-09,147.0,148.5,144.5,146.0,29690000.0
2021-02-10,146.0,146.5,142.5,144.5,18240000.0
2021-02-11,144.5,146.0,142.5,145.0,10890000.0
2021-02-15,145.5,145.5,142.0,143.0,14400000.0
2021-02-16,146.0,146.5,143.0,143.5,14890000.0
2021-02-17,143.5,147.5,143.0,146.5,18070000.0
2021-02-18,146.5,146.5,143.0,143.5,13570000.0
2021-02-19,142.0,142.5,138.5,141.0,20130000.0
2021-02-22,140.0,141.0,136.5,136.5,16190000.0
2021-02-23,141.5,142.0,138.5,139.5,15220000.0
2021-02-24,140.5,141.0,137.0,138.5,16830000.0
2021-02-25,141.0,143.0,139.5,141.5,30420000.0
2021-03-01,143.5,144.5,142.0,144.0,16360000.0
2021-03-02,145.0,145.5,143.5,143.5,9560000.0
2021-03-03,144.5,147.0,143.0,147.0,18050000.0
2021-03-04,145.5,146.5,144.0,144.5,14630000.0
2021-03-05,144.5,150.5,143.5,149.5,33960000.0
2021-03-08,152.0,153.0,148.0,148.5,17800000.0
2021-03-09,148.0,148.0,145.5,148.0,14450000.0
2021-03-10,146.0,149.5,144.5,149.5,20870000.0
2021-03-11,151.5,152.0,149.5,150.5,15870000.0
2021-03-12,150.5,151.0,147.0,147.0,16000000.0
2021-03-15,147.5,148.0,145.0,145.5,12420000.0
2021-03-16,145.5,146.5,144.5,145.0,13290000.0
2021-03-17,145.5,147.5,145.0,147.0,11450000.0
2021-03-18,148.5,149.5,147.0,147.5,17830000.0
2021-03-19,147.0,147.5,146.5,147.5,9150000.0
2021-03-22,147.5,147.5,145.5,145.5,8720000.0
2021-03-23,145.0,146.0,144.0,144.5,15150000.0
2021-03-24,143.0,145.0,143.0,145.0,14160000.0
2021-03-25,145.5,147.5,144.0,146.0,15870000.0
2021-03-26,146.5,146.5,144.5,146.5,5650000.0
2021-03-29,147.0,147.0,145.5,146.5,5010000.0
2021-03-30,146.5,147.5,146.0,147.0,4910000.0
2021-03-31,147.0,147.5,145.0,145.0,10380000.0
2021-04-01,145.0,148.5,145.0,148.0,20640000.0
2021-04-02,149.5,149.5,146.5,147.0,7810000.0
2021-04-05,147.0,147.5,145.0,145.0,6150000.0
2021-04-07,144.5,145.0,143.0,143.0,12080000.0
2021-04-08,142.0,145.0,141.5,143.0,11430000.0
2021-04-09,143.5,144.0,143.0,143.0,6530000.0
2021-04-12,141.0,141.5,138.0,138.5,18150000.0
2021-04-16,136.0,136.5,133.0,134.5,33940000.0
2021-04-19,135.5,137.0,134.5,137.0,20510000.0
2021-04-20,135.0,142.0,132.5,140.0,37230000.0
2021-04-21,139.5,140.5,138.0,140.0,21380000.0
2021-04-22,141.5,141.5,136.5,137.0,26800000.0
2021-04-23,134.5,135.5,131.0,132.0,40420000.0
2021-04-26,131.0,133.0,130.0,131.5,23960000.0
2021-04-27,132.0,133.0,130.5,131.0,19780000.0
2021-04-28,131.5,132.5,130.0,131.5,22400000.0
2021-04-29,132.5,135.0,131.5,134.5,18440000.0
2021-04-30,134.5,134.5,131.5,132.0,19220000.0
2021-05-05,130.0,130.5,125.5,126.0,49520000.0
2021-05-06,125.5,128.0,124.5,127.0,28120000.0
2021-05-07,127.5,127.5,124.0,125.0,31950000.0
2021-05-10,126.5,127.0,125.0,125.5,17730000.0
2021-05-11,124.5,126.0,124.5,125.0,21780000.0
2021-05-12,119.0,121.0,118.5,119.5,50400000.0
2021-05-13,117.5,122.5,116.5,122.5,35420000.0
2021-05-14,124.0,124.5,120.5,121.0,23400000.0
2021-05-17,120.0,122.5,119.0,122.0,27400000.0
2021-05-18,124.0,124.5,122.0,124.0,15850000.0
2021-05-19,123.0,123.5,121.0,122.0,15070000.0
2021-05-20,122.0,123.5,121.0,122.0,19970000.0
2021-05-21,121.5,122.0,120.0,120.5,18860000.0
2021-05-24,120.5,121.0,118.5,118.5,19910000.0
2021-05-25,119.5,124.0,119.0,124.0,29950000.0
2021-05-27,125.0,125.5,121.5,121.5,172610000.0
2021-05-28,123.0,123.0,119.5,119.5,44940000.0
2021-05-31,119.0,120.0,118.0,119.0,17790000.0
2021-06-01,120.0,123.0,119.5,122.5,34280000.0
2021-06-02,120.0,121.5,119.0,119.5,47750000.0
2021-06-04,119.0,120.5,118.5,118.5,67320000.0
2021-06-07,119.5,121.5,119.5,121.0,30480000.0
2021-06-08,123.0,125.0,122.5,124.5,48690000.0
2021-06-09,125.5,129.0,125.0,128.0,70030000.0
2021-06-10,130.5,130.5,126.5,127.5,51260000.0
2021-06-11,128.5,129.0,127.0,129.0,22390000.0
2021-06-14,130.0,130.0,129.0,130.0,19020000.0
2021-06-15,129.5,130.0,124.0,125.0,42930000.0
2021-06-16,124.0,125.5,123.5,124.5,20870000.0
2021-06-17,124.0,125.5,124.0,124.5,19590000.0
2021-06-18,124.5,125.0,122.5,123.5,24030000.0
2021-06-21,121.5,122.0,120.5,121.0,19660000.0
2021-06-22,122.5,123.5,120.5,121.0,20940000.0
2021-06-23,121.5,122.0,120.0,120.0,12560000.0
2021-06-24,119.0,120.0,118.0,119.5,31360000.0
2021-06-25,120.5,120.5,119.0,120.0,18320000.0
2021-06-28,118.5,119.5,118.5,119.0,18600000.0
2021-06-29,119.0,121.0,118.0,118.5,38490000.0
2021-06-30,119.0,119.5,118.0,118.0,17940000.0
2021-07-01,118.5,123.0,118.0,122.0,37860000.0
2021-07-02,121.0,121.5,117.5,118.5,44750000.0
2021-07-05,118.0,118.5,116.0,116.5,29730000.0
2021-07-06,117.0,118.5,117.0,118.0,15760000.0
2021-07-07,117.0,118.0,116.0,117.0,16920000.0
2021-07-08,115.0,115.5,111.5,111.5,43760000.0
2021-07-09,111.0,115.0,110.5,114.0,25070000.0
2021-07-12,114.5,115.5,113.5,114.5,15310000.0
2021-07-13,115.5,117.0,115.0,116.5,12880000.0
2021-07-14,115.5,116.0,113.5,114.5,16390000.0
2021-07-15,115.0,116.5,114.0,115.0,17650000.0
2021-07-16,115.0,116.5,114.5,114.5,15480000.0
2021-07-19,113.5,113.5,112.5,112.5,12720000.0
2021-07-20,112.0,112.5,108.5,109.0,40610000.0
2021-07-21,110.5,110.5,104.0,105.0,71660000.0
2021-07-22,106.0,108.5,105.5,107.0,42650000.0
2021-07-23,107.0,107.0,104.5,105.5,18630000.0
2021-07-27,105.5,106.0,102.5,103.5,26840000.0
2021-07-29,103.0,104.0,102.5,103.5,20480000.0
2021-07-30,102.5,103.0,101.5,103.0,25450000.0
2021-08-02,102.5,102.5,101.0,102.0,12250000.0
2021-08-03,102.0,105.5,101.5,105.5,24360000.0
2021-08-04,104.5,105.5,103.5,105.5,14350000.0
2021-08-05,105.0,105.5,104.0,104.5,10470000.0
2021-08-06,104.0,105.0,103.5,104.5,10850000.0
2021-08-09,105.0,109.0,104.5,108.5,20840000.0
2021-08-10,108.0,108.5,106.5,107.0,18930000.0
2021-08-11,107.0,107.5,104.5,105.0,22060000.0
2021-08-13,103.0,104.0,102.0,103.5,21310000.0
2021-08-16,103.0,105.5,103.0,105.0,12120000.0
2021-08-17,105.5,108.0,105.0,107.5,22590000.0
2021-08-18,106.5,107.0,105.5,106.5,14670000.0
2021-08-19,106.0,107.0,105.5,106.0,20610000.0
2021-08-20,106.0,108.5,106.0,108.5,20240000.0
2021-08-23,115.5,118.5,113.5,118.0,72050000.0
2021-08-24,118.5,119.0,116.5,118.0,43900000.0
2021-08-25,118.0,121.5,117.5,121.0,50710000.0
2021-08-26,121.0,121.0,118.0,119.5,32450000.0
2021-08-27,119.5,123.0,119.5,123.0,42110000.0
2021-08-30,124.5,126.0,121.5,123.5,54990000.0
2021-08-31,123.0,124.0,121.5,123.0,30990000.0
2021-09-01,122.5,123.0,121.0,121.5,23830000.0
2021-09-02,121.5,123.5,120.5,123.5,20260000.0
2021-09-03,123.5,124.0,121.5,122.5,15560000.0
2021-09-06,123.0,123.5,121.0,122.0,8440000.0
2021-09-07,122.0,122.0,118.0,118.5,25790000.0
2021-09-08,118.0,119.5,117.0,119.5,18360000.0
2021-09-09,119.0,122.5,118.5,122.0,31170000.0
2021-09-10,121.5,122.0,120.5,121.0,12910000.0
2021-09-13,121.5,124.0,120.5,122.0,19380000.0
2021-09-14,123.5,123.5,122.5,122.5,14890000.0
2021-09-15,122.5,123.0,122.0,122.0,11430000.0
2021-09-16,122.5,123.0,122.0,123.0,11330000.0
2021-09-17,123.0,124.5,121.5,122.0,29740000.0
2021-09-20,121.0,122.0,118.5,118.5,27460000.0
2021-09-21,119.5,121.5,119.0,121.0,17770000.0
2021-09-22,123.0,123.0,121.5,122.0,20370000.0
2021-09-23,131.0,132.5,126.0,131.0,149570000.0
2021-09-27,135.5,140.0,134.0,135.0,128170000.0
2021-09-28,134.5,135.0,131.5,133.0,46380000.0
2021-09-29,131.5,137.5,131.0,137.5,65510000.0
2021-09-30,137.0,137.0,132.5,133.5,39350000.0
2021-10-01,133.5,134.5,132.5,134.5,24910000.0
2021-10-04,134.5,137.5,133.5,137.0,31790000.0
2021-10-05,136.0,138.5,135.0,137.5,33270000.0
2021-10-06,138.0,138.0,136.0,136.0,20870000.0
2021-10-07,137.0,142.0,137.0,141.5,58860000.0
2021-10-08,142.0,143.0,139.5,140.0,32610000.0
2021-10-11,141.0,141.5,137.5,138.5,32460000.0
2021-10-12,140.5,141.5,140.0,140.5,21080000.0
2021-10-14,141.5,141.5,139.0,140.5,20050000.0
2021-10-15,141.5,143.0,141.0,142.5,34580000.0
2021-10-18,143.5,145.0,143.0,145.0,33800000.0
2021-10-19,145.5,145.5,140.0,141.0,44080000.0
2021-10-20,141.5,143.0,140.0,142.5,25310000.0
2021-10-21,143.5,143.5,141.5,141.5,21740000.0
2021-10-25,141.0,141.5,140.0,141.0,28470000.0
2021-10-26,141.0,141.5,138.5,139.5,27100000.0
2021-10-27,139.5,140.0,138.0,139.0,17040000.0
2021-10-28,139.0,139.0,137.0,138.0,13730000.0
2021-10-29,138.0,141.0,137.5,141.0,18620000.0
2021-11-01,140.5,141.0,139.5,141.0,14800000.0
2021-11-02,141.0,142.5,139.5,142.0,22760000.0
2021-11-03,142.0,143.0,141.5,142.0,23580000.0
2021-11-04,142.5,148.5,141.5,147.5,81140000.0
2021-11-05,147.0,147.5,145.0,147.0,29700000.0
2021-11-08,148.0,150.0,147.5,149.0,37140000.0
2021-11-09,149.0,149.5,147.0,148.5,21760000.0
2021-11-10,148.0,148.5,147.5,148.0,10840000.0
2021-11-11,149.0,149.0,147.5,149.0,13560000.0
2021-11-12,149.5,149.5,148.0,148.0,21150000.0
2021-11-15,148.5,149.0,148.0,148.0,6020000.0
2021-11-16,148.5,149.0,147.0,147.5,22830000.0
2021-11-17,148.0,151.0,147.5,149.5,21730000.0
2021-11-18,149.5,150.0,149.0,149.0,9500000.0
2021-11-19,149.5,150.5,146.0,146.5,32480000.0
2021-11-22,147.0,148.0,146.5,147.0,11350000.0
2021-11-23,147.5,148.0,143.5,143.5,25260000.0
2021-11-24,144.0,146.0,144.0,144.0,15340000.0
2021-11-25,146.5,147.5,145.5,147.0,21150000.0
2021-11-26,145.5,146.5,141.5,142.5,44000000.0
2021-11-29,140.0,140.5,136.0,136.5,62560000.0
2021-11-30,137.5,138.0,129.5,132.0,120360000.0
2021-12-01,134.0,136.0,132.5,135.0,47260000.0
2021-12-02,133.0,134.0,132.0,134.0,29660000.0
2021-12-03,133.5,134.5,133.0,134.0,12800000.0
2021-12-07,135.5,137.5,134.0,137.5,32450000.0
2021-12-08,138.0,138.5,136.5,137.5,20480000.0
2021-12-09,138.0,139.0,137.5,139.0,21850000.0
2021-12-13,139.0,139.5,138.0,139.0,15260000.0
2021-12-14,137.5,139.0,136.0,139.0,24440000.0
2021-12-15,139.0,139.0,137.5,138.5,9610000.0
2021-12-16,140.0,143.0,139.5,143.0,35090000.0
2021-12-17,142.0,142.0,140.0,141.0,25510000.0
2021-12-20,138.5,139.0,136.5,136.5,25760000.0
2021-12-21,137.5,138.5,136.0,137.0,13220000.0
2021-12-22,137.5,139.0,137.0,137.0,10360000.0
2021-12-23,138.0,139.5,137.5,138.5,10640000.0
2021-12-24,138.5,138.5,137.5,138.0,3490000.0
2021-12-27,138.5,139.0,137.5,138.0,5980000.0
2021-12-28,138.5,141.5,138.5,141.0,17640000.0
2021-12-29,141.0,142.5,140.5,142.0,20210000.0
2021-12-30,142.5,142.5,140.5,142.0,14040000.0
2022-01-04,143.0,146.0,143.0,145.5,29820000.0
2022-01-05,146.0,147.0,144.5,146.0,34850000.0
2022-01-06,144.0,144.5,141.5,142.5,35290000.0
2022-01-07,142.0,143.0,141.5,142.5,23770000.0
2022-01-10,143.0,144.0,142.0,143.0,24850000.0
2022-01-11,142.5,143.5,142.0,143.5,12020000.0
2022-01-12,144.5,144.5,143.0,144.0,14340000.0
2022-01-13,144.0,145.5,143.5,145.0,19840000.0
2022-01-14,144.5,145.5,143.5,145.0,12570000.0
2022-01-17,144.0,145.0,143.5,144.5,16040000.0
2022-01-18,145.0,147.5,143.5,144.0,48930000.0
2022-01-19,143.5,144.0,140.5,141.0,35560000.0
2022-01-20,141.0,142.0,140.5,141.0,18830000.0
2022-01-21,140.0,140.5,139.0,140.0,25530000.0
2022-01-24,139.5,141.0,139.5,140.0,10310000.0
2022-01-25,140.5,144.0,140.0,143.5,36420000.0
2022-01-26,144.5,148.5,144.0,147.5,37700000.0
2022-01-27,145.5,148.0,145.0,147.5,38020000.0
2022-01-28,148.5,149.0,147.0,148.0,25640000.0
2022-01-31,148.0,150.5,148.0,149.5,23470000.0
2022-02-01,150.5,151.0,149.5,150.5,19180000.0
2022-02-02,151.0,151.0,149.5,150.5,13800000.0
2022-02-03,150.0,151.5,150.0,150.5,11480000.0
2022-02-04,151.0,153.0,150.5,152.0,31420000.0
2022-02-07,152.5,152.5,150.0,152.0,20040000.0
2022-02-08,152.5,155.0,152.0,154.5,34700000.0
2022-02-09,155.5,162.5,155.0,162.5,64890000.0
2022-02-10,164.0,168.0,162.0,166.5,90020000.0
2022-02-11,164.5,168.5,164.0,168.0,54330000.0
2022-02-14,167.0,168.5,166.0,168.0,32030000.0
2022-02-15,168.5,170.5,167.0,170.5,23890000.0
2022-02-17,172.0,175.0,169.0,170.5,52120000.0
2022-02-18,169.5,172.0,168.0,169.0,35240000.0
2022-02-21,168.0,169.5,164.5,165.0,42860000.0
2022-02-22,162.5,165.0,161.5,164.5,31610000.0
2022-02-23,166.0,169.5,166.0,168.5,33400000.0
2022-02-24,167.0,167.5,162.0,163.0,50190000.0
2022-02-25,165.0,166.0,162.5,163.5,33030000.0
2022-02-28,162.5,165.0,161.5,163.5,24990000.0
2022-03-01,165.0,165.5,162.5,163.0,24480000.0
2022-03-02,162.0,162.5,160.0,160.5,28750000.0
2022-03-03,163.5,166.0,161.5,162.0,27840000.0
2022-03-04,160.5,162.5,160.5,161.0,14550000.0
2022-03-07,156.5,157.0,153.0,154.0,35290000.0
2022-03-08,153.5,156.5,148.5,156.0,45800000.0
2022-03-09,157.5,160.0,155.0,159.5,45100000.0
2022-03-10,161.5,161.5,156.0,157.0,37120000.0
2022-03-11,155.5,157.0,154.5,157.0,20020000.0
2022-03-14,156.5,162.0,156.0,162.0,29280000.0
2022-03-15,161.0,161.0,158.0,158.5,25040000.0
2022-03-16,159.5,162.5,159.0,162.5,29980000.0
2022-03-17,164.0,165.0,162.0,163.0,22740000.0
2022-03-18,162.5,163.0,160.5,161.5,32100000.0
2022-03-21,161.0,161.5,157.5,158.5,24010000.0
2022-03-22,155.5,158.0,155.0,158.0,28070000.0
2022-03-23,159.5,160.5,158.0,158.0,17350000.0
2022-03-24,158.0,160.0,158.0,159.0,14580000.0
2022-03-25,159.5,159.5,158.0,158.5,6730000.0
2022-03-28,158.5,159.0,157.0,158.0,11650000.0
2022-03-29,158.5,159.0,157.5,158.5,10270000.0
2022-03-30,159.0,162.0,159.0,160.0,27040000.0
2022-03-31,160.0,162.5,160.0,161.5,22720000.0
2022-04-01,161.0,163.0,160.0,163.0,16630000.0
2022-04-04,164.5,164.5,160.5,161.0,23430000.0
2022-04-05,161.5,162.5,160.5,161.5,10320000.0
2022-04-07,160.0,160.5,157.5,159.5,20440000.0
2022-04-08,159.5,160.0,157.5,158.5,16760000.0
2022-04-11,158.0,158.5,156.0,156.5,17370000.0
2022-04-12,156.0,156.5,155.0,155.5,13640000.0
2022-04-18,153.0,154.5,152.0,152.0,15230000.0
2022-04-19,153.0,153.5,152.0,152.5,14200000.0
2022-04-20,153.5,158.0,153.0,157.5,24710000.0
2022-04-21,158.5,159.0,154.0,154.5,29050000.0
2022-04-22,154.5,155.0,152.0,153.5,17700000.0
2022-04-25,152.0,152.0,150.0,151.0,20730000.0
2022-04-26,152.0,154.0,152.0,152.5,13900000.0
2022-04-27,152.5,153.5,151.0,151.5,16010000.0
2022-04-28,153.5,154.5,152.5,153.5,15990000.0
2022-04-29,154.0,154.5,152.0,153.0,14500000.0
2022-05-03,151.5,152.0,150.0,151.0,8180000.0
2022-05-05,152.5,152.5,147.5,147.5,28140000.0
2022-05-06,145.0,148.0,144.5,147.0,14130000.0
2022-05-09,146.0,147.0,145.5,146.5,7680000.0
2022-05-10,146.0,147.0,144.5,147.0,16770000.0
2022-05-11,146.5,146.5,144.0,145.5,13090000.0
2022-05-12,144.0,144.5,141.5,142.5,18010000.0
2022-05-13,144.0,144.5,141.0,142.0,11510000.0
2022-05-17,143.0,145.5,142.5,144.5,15730000.0
2022-05-18,145.0,146.0,142.5,144.0,20340000.0
2022-05-19,142.0,143.5,142.0,142.0,10970000.0
2022-05-20,143.5,145.0,143.0,144.5,12290000.0
2022-05-23,144.5,147.0,143.0,145.5,15850000.0
2022-05-24,146.0,146.5,144.5,145.0,8910000.0
2022-05-25,145.5,146.0,143.0,143.0,11610000.0
2022-05-26,143.5,145.5,143.5,144.5,5620000.0
2022-05-27,146.0,148.0,145.5,146.5,12940000.0
2022-05-30,148.0,148.5,147.5,148.0,10120000.0
2022-05-31,148.0,148.0,146.0,147.0,8560000.0
2022-06-01,146.5,148.0,146.5,147.0,4670000.0
2022-06-02,146.5,147.5,146.0,146.5,4100000.0
2022-06-06,146.5,147.0,144.5,145.5,9330000.0
2022-06-07,145.0,145.5,144.0,144.0,7290000.0
2022-06-08,144.5,145.0,144.0,144.5,9010000.0
2022-06-09,145.5,151.0,144.5,149.5,39640000.0
2022-06-10,149.0,150.5,148.0,149.5,14750000.0
2022-06-13,147.5,148.5,147.0,147.0,12710000.0
2022-06-14,148.0,148.5,146.0,147.5,11540000.0
2022-06-15,148.0,151.0,147.5,150.0,13750000.0
2022-06-16,152.5,153.0,147.5,148.0,31680000.0
2022-06-17,148.0,151.5,147.0,150.0,26740000.0
2022-06-20,149.5,150.0,146.5,148.5,12630000.0
2022-06-21,149.5,150.0,148.5,149.5,4250000.0
2022-06-22,149.0,149.5,147.5,148.0,6900000.0
2022-06-23,149.0,149.5,147.0,147.5,9890000.0
2022-06-24,149.0,149.0,147.0,148.0,8770000.0
2022-06-27,149.5,151.0,149.0,150.0,14130000.0
2022-06-28,150.5,151.0,149.5,150.5,8040000.0
2022-06-29,150.0,150.5,149.5,150.0,6580000.0
2022-06-30,150.5,152.0,150.5,150.5,18370000.0
2022-07-01,151.5,152.5,151.0,151.5,13090000.0
2022-07-04,151.0,151.5,149.0,149.5,6820000.0
2022-07-05,150.0,150.0,147.0,147.5,9080000.0
2022-07-06,148.0,149.0,146.5,147.5,14030000.0
2022-07-07,148.0,148.0,144.5,146.0,18370000.0
2022-07-08,147.0,147.5,143.5,143.5,20690000.0
2022-07-11,143.5,147.5,143.5,146.0,12560000.0
2022-07-12,146.0,147.5,145.5,146.5,8700000.0
2022-07-14,146.5,146.5,144.0,144.5,15800000.0
2022-07-15,144.5,144.5,137.5,140.0,35220000.0
2022-07-18,141.0,142.0,140.5,141.0,9860000.0
2022-07-19,140.0,140.0,137.5,139.0,19720000.0
2022-07-20,140.5,141.5,138.5,139.5,12550000.0
2022-07-21,140.5,141.0,137.5,140.5,24690000.0
2022-07-22,141.5,142.5,139.5,140.0,19220000.0
2022-07-25,140.0,143.0,140.0,143.0,17690000.0
2022-07-26,145.0,147.5,144.0,145.0,31370000.0
2022-07-27,145.0,146.5,144.0,146.0,13730000.0
2022-08-01,147.0,147.0,144.0,145.0,20230000.0
2022-08-02,144.0,146.0,144.0,145.0,8900000.0
2022-08-03,145.0,145.5,143.5,145.0,10210000.0
2022-08-04,145.5,146.0,144.5,145.0,8230000.0
2022-08-05,145.0,147.5,144.5,147.0,16610000.0
2022-08-08,147.5,150.0,147.0,149.5,21750000.0
2022-08-09,149.5,150.0,148.5,149.5,13890000.0
2022-08-10,149.5,150.0,147.5,149.0,17500000.0
2022-08-11,149.5,150.0,147.0,149.0,21050000.0
2022-08-15,150.0,152.5,149.5,151.5,29390000.0
2022-08-16,151.5,152.5,151.0,151.5,15820000.0
2022-08-17,152.0,154.5,151.0,154.0,33550000.0
2022-08-18,153.0,154.5,153.0,154.0,15420000.0
2022-08-19,154.0,155.5,153.5,154.0,16910000.0
2022-08-22,153.5,154.0,152.5,153.5,14560000.0
2022-08-23,152.5,155.5,152.0,155.0,19940000.0
2022-08-24,155.0,157.0,154.0,156.0,21240000.0
2022-08-25,157.0,158.0,156.5,157.5,18700000.0
2022-08-26,157.5,158.5,156.0,157.0,26520000.0
2022-08-29,154.5,156.0,154.0,155.0,20460000.0
2022-08-30,155.0,156.5,155.0,155.5,23150000.0
2022-08-31,155.5,156.0,153.0,153.5,82610000.0
2022-09-01,153.0,154.0,151.5,152.5,17360000.0
2022-09-02,153.0,153.5,151.5,152.0,11850000.0
2022-09-05,152.0,153.0,151.0,152.5,10360000.0
2022-09-06,152.5,152.5,150.5,151.0,11670000.0
2022-09-07,150.5,150.5,147.0,148.0,18980000.0
2022-09-08,149.0,149.5,147.0,147.0,8310000.0
2022-09-09,148.0,150.0,148.0,149.0,8650000.0
2022-09-12,150.0,152.0,150.0,151.0,8260000.0
2022-09-13,151.5,152.0,150.5,151.0,5610000.0
2022-09-14,149.5,151.0,149.0,150.0,12290000.0
2022-09-15,149.5,150.0,148.5,148.5,8770000.0
2022-09-16,147.5,148.5,147.0,148.0,13320000.0
2022-09-19,148.0,149.5,148.0,149.5,10170000.0
2022-09-20,150.0,151.5,150.0,150.5,9070000.0
2022-09-21,150.5,151.0,149.5,150.0,6500000.0
2022-09-22,150.0,152.0,149.0,151.0,17420000.0
2022-09-23,151.0,152.0,149.5,151.5,11780000.0
2022-09-26,151.0,151.5,149.0,149.5,12450000.0
2022-09-27,148.5,149.0,144.0,145.0,28590000.0
2022-09-28,144.5,145.0,143.5,143.5,12500000.0
2022-09-29,145.0,146.5,144.0,144.5,14830000.0
2022-09-30,143.5,144.0,142.5,144.0,12200000.0
2022-10-03,143.0,143.5,140.0,140.5,18280000.0
2022-10-04,142.5,143.0,142.0,142.5,8040000.0
2022-10-05,143.5,143.5,141.5,142.0,16290000.0
2022-10-06,142.5,144.0,142.5,142.5,16150000.0
2022-10-07,143.0,143.5,142.0,143.0,6800000.0
2022-10-10,142.0,142.5,141.5,142.0,4900000.0
2022-10-11,142.0,143.5,141.0,143.5,7810000.0
2022-10-12,143.5,145.0,143.5,144.0,7740000.0
2022-10-17,144.0,145.5,143.5,145.5,12220000.0
2022-10-18,146.0,147.0,145.5,146.5,10070000.0
2022-10-19,147.0,148.5,146.5,148.0,8630000.0
2022-10-20,147.5,149.0,147.0,148.5,8830000.0
2022-10-21,146.5,148.0,145.5,146.0,18400000.0
2022-10-25,144.5,144.5,140.5,141.5,44880000.0
2022-10-26,142.0,142.0,140.0,141.5,18220000.0
2022-10-27,142.0,143.0,141.0,143.0,14530000.0
2022-10-28,143.0,143.5,142.0,142.5,9930000.0
2022-10-31,143.5,146.5,143.0,146.0,17750000.0
2022-11-01,147.5,147.5,145.5,146.5,11550000.0
2022-11-02,147.0,147.5,145.5,147.0,9630000.0
2022-11-03,147.0,149.5,146.5,149.5,14690000.0
2022-11-04,149.0,149.5,148.0,148.5,12160000.0
2022-11-07,149.0,149.5,148.0,148.0,5120000.0
2022-11-08,149.0,149.5,148.0,148.5,5570000.0
2022-11-09,149.5,150.0,147.5,147.5,9540000.0
2022-11-10,146.5,149.0,146.0,148.0,10170000.0
2022-11-11,149.0,149.5,147.5,148.0,12980000.0
2022-11-14,146.0,147.0,144.0,144.5,17570000.0
2022-11-15,144.5,146.0,144.5,144.5,13430000.0
2022-11-16,144.5,145.0,144.0,145.0,9770000.0
2022-11-17,145.0,145.0,143.0,143.5,10770000.0
2022-11-18,143.5,143.5,142.0,143.0,9260000.0
2022-11-21,143.0,143.5,142.0,142.5,10000000.0
2022-11-22,142.5,144.0,142.5,143.5,5290000.0
2022-11-23,143.5,143.5,142.5,143.0,6270000.0
2022-11-24,143.5,144.0,143.0,143.5,2780000.0
2022-11-25,144.0,144.5,143.0,143.5,5740000.0
2022-11-28,142.5,143.5,141.5,143.5,7090000.0
2022-11-29,143.5,146.0,143.0,145.5,11820000.0
2022-11-30,145.0,145.0,144.0,144.5,15370000.0
2022-12-01,144.5,145.0,144.0,144.0,10180000.0
2022-12-02,143.5,144.0,142.5,142.5,9240000.0
2022-12-06,141.5,142.0,141.0,142.0,17250000.0
2022-12-07,142.0,144.0,142.0,142.5,10370000.0
2022-12-08,142.5,143.0,142.0,142.0,3490000.0
2022-12-09,143.0,143.0,142.0,143.0,3370000.0
2022-12-13,144.0,144.0,143.0,143.5,5280000.0
2022-12-14,144.0,144.0,142.0,142.0,7010000.0
2022-12-15,142.5,143.5,142.0,143.0,7670000.0
2022-12-16,143.0,143.5,142.5,143.5,6840000.0
2022-12-19,144.0,144.0,143.5,144.0,3690000.0
2022-12-20,144.0,144.0,143.0,143.0,6400000.0
2022-12-21,143.5,144.5,143.0,144.5,5610000.0
2022-12-22,145.0,145.5,144.0,145.0,7340000.0
2022-12-23,144.0,144.5,143.0,144.0,7340000.0
2022-12-26,143.5,144.5,143.5,144.5,1970000.0
2022-12-27,144.5,146.0,144.0,145.5,10670000.0
2022-12-28,145.5,146.5,145.0,146.0,7970000.0
2022-12-29,146.0,147.0,145.0,147.0,7430000.0
2022-12-30,147.5,148.5,147.0,147.5,11880000.0
2023-01-03,148.0,149.5,147.0,149.0,12820000.0
2023-01-04,149.0,151.5,149.0,151.5,23010000.0
2023-01-05,152.5,154.0,150.5,151.0,24460000.0
2023-01-06,152.0,154.0,151.5,153.0,12680000.0
2023-01-09,154.5,155.0,153.0,154.5,11930000.0
2023-01-10,155.0,155.5,153.5,155.5,17720000.0
2023-01-11,155.0,155.5,154.0,155.0,17710000.0
2023-01-12,156.0,157.5,155.5,156.5,20050000.0
2023-01-13,157.0,157.5,155.0,155.0,18390000.0
2023-01-16,155.0,156.0,154.5,155.0,7470000.0
2023-01-17,155.0,156.0,152.5,153.0,10530000.0
2023-01-18,152.0,153.0,151.0,152.5,13140000.0
2023-01-19,151.0,154.0,151.0,153.5,11860000.0
2023-01-20,148.0,148.0,144.5,144.5,80180000.0
2023-01-23,144.5,145.0,143.0,143.5,32340000.0
2023-01-24,144.5,145.5,143.5,143.5,19020000.0
2023-01-25,144.0,144.5,143.0,143.5,14090000.0
2023-01-26,145.0,146.0,144.5,145.5,19220000.0
2023-01-27,147.0,148.5,146.0,147.5,33620000.0
2023-01-30,148.0,148.5,146.0,146.0,16260000.0
2023-01-31,146.0,146.0,144.0,145.0,15250000.0
2023-02-01,145.0,146.0,144.0,144.5,20550000.0
2023-02-02,144.5,145.5,144.0,144.0,12020000.0
2023-02-03,144.5,145.0,143.5,144.0,9400000.0
2023-02-06,143.5,144.5,143.5,144.0,7690000.0
2023-02-07,144.0,144.5,143.5,143.5,6620000.0
2023-02-08,143.5,144.5,143.5,143.5,6120000.0
2023-02-09,143.5,144.5,143.0,144.5,11070000.0
2023-02-10,144.5,145.0,143.0,143.0,17660000.0
2023-02-13,142.5,144.0,142.5,143.5,4900000.0
2023-02-14,144.0,144.0,142.5,142.5,8930000.0
2023-02-15,142.5,142.5,141.0,141.5,15550000.0
2023-02-16,141.0,141.5,138.5,139.5,17410000.0
2023-02-17,138.5,139.0,137.5,138.0,10690000.0
2023-02-20,138.5,140.5,138.0,139.0,24620000.0
2023-02-21,139.0,139.5,135.0,139.5,46620000.0
2023-02-22,138.5,139.0,136.5,136.5,25070000.0
2023-02-23,137.0,137.0,135.5,137.0,22550000.0
2023-02-24,136.5,138.0,135.5,135.5,19320000.0
2023-02-27,136.0,136.5,135.5,136.0,14050000.0
2023-02-28,136.5,138.5,136.5,137.0,17080000.0
2023-03-01,137.5,138.0,136.5,136.5,10110000.0
2023-03-02,137.0,138.0,136.5,137.0,10570000.0
2023-03-03,137.5,139.5,137.0,139.5,14730000.0
2023-03-07,140.0,141.0,139.5,141.0,14540000.0
2023-03-08,139.5,140.0,137.5,137.5,21650000.0
2023-03-09,137.5,139.0,137.0,137.5,15200000.0
2023-03-10,135.5,136.0,135.5,136.0,12940000.0
2023-03-13,135.0,135.5,128.0,128.0,56560000.0
2023-03-14,126.0,129.5,126.0,126.5,46180000.0
2023-03-15,129.5,132.0,129.0,131.5,23490000.0
2023-03-16,128.5,131.0,127.5,129.5,24640000.0
2023-03-17,132.0,133.0,130.5,132.0,22380000.0
2023-03-20,132.0,132.0,128.0,129.5,20430000.0
2023-03-21,130.5,132.5,129.5,132.0,9060000.0
2023-03-22,132.5,133.5,130.0,130.5,16580000.0
2023-03-23,130.0,132.5,129.5,131.5,11540000.0
2023-03-24,132.0,132.5,130.5,131.5,10940000.0
2023-03-27,131.5,132.5,130.5,132.5,10880000.0
2023-03-28,133.5,135.0,133.5,134.0,17600000.0
2023-03-29,134.5,135.0,133.0,134.5,14070000.0
2023-03-30,134.5,135.5,133.0,133.5,10790000.0
2023-03-31,134.0,134.5,132.0,132.5,10150000.0
2023-04-03,133.0,134.5,132.5,133.0,18050000.0
2023-04-04,133.0,133.5,131.0,131.5,11940000.0
2023-04-05,131.0,131.5,129.5,129.5,23720000.0
2023-04-07,130.0,131.0,129.5,130.0,5560000.0
2023-04-10,130.5,133.5,130.5,132.0,12080000.0
2023-04-11,133.0,135.5,132.5,135.0,13570000.0
2023-04-12,135.0,137.0,134.0,136.0,18990000.0
2023-04-17,132.0,135.0,132.0,133.5,24360000.0
2023-04-18,133.5,133.5,132.0,132.5,13900000.0
2023-04-19,132.0,133.0,131.5,131.5,11450000.0
2023-04-20,129.0,129.5,125.0,126.0,57340000.0
2023-04-21,127.0,129.5,126.5,128.5,28780000.0
2023-04-24,129.0,129.5,127.0,127.5,12120000.0
2023-04-25,128.0,128.0,125.5,126.0,16610000.0
2023-04-26,126.0,127.5,126.0,127.0,9900000.0
2023-04-27,126.5,127.0,126.0,126.5,8870000.0
2023-04-28,127.0,127.0,125.0,125.0,12030000.0
2023-05-02,126.0,128.0,125.5,127.5,10860000.0
2023-05-03,127.0,127.5,126.0,127.0,7850000.0
2023-05-08,129.0,130.0,128.0,129.5,15990000.0
2023-05-09,131.0,133.5,130.5,133.5,22770000.0
2023-05-10,133.0,135.0,132.0,134.0,28060000.0
2023-05-11,133.0,135.5,133.0,134.5,20920000.0
2023-05-12,135.0,136.0,134.5,135.5,17580000.0
2023-05-15,137.0,138.0,136.0,137.0,20540000.0
2023-05-16,137.5,137.5,134.5,135.5,12090000.0
2023-05-17,135.5,136.0,133.0,133.5,13700000.0
2023-05-18,134.0,135.5,134.0,134.0,8670000.0
2023-05-19,134.0,134.5,132.0,132.5,10390000.0
2023-05-22,132.0,133.0,131.0,133.0,13080000.0
2023-05-23,132.0,134.5,131.5,134.5,14930000.0
2023-05-24,134.5,136.5,134.0,136.0,11370000.0
2023-05-25,135.5,135.5,134.0,134.5,7370000.0
2023-05-26,134.0,134.5,132.0,132.5,10520000.0
2023-05-29,133.0,133.5,132.0,132.5,9000000.0
2023-05-30,132.0,132.5,129.5,130.0,17570000.0
2023-05-31,128.5,130.5,128.5,129.5,23700000.0
2023-06-01,130.0,130.0,128.5,129.0,9670000.0
2023-06-02,130.0,132.0,130.0,131.5,9950000.0
2023-06-06,132.5,133.0,131.5,132.0,9580000.0
2023-06-07,132.5,133.0,131.0,132.0,7310000.0
2023-06-08,131.5,133.5,131.5,133.5,20010000.0
2023-06-09,133.0,133.5,132.0,132.5,15950000.0
2023-06-12,132.5,132.5,131.0,132.0,10110000.0
2023-06-13,132.0,133.0,131.5,132.5,8550000.0
2023-06-14,132.5,133.5,132.0,132.5,10110000.0
2023-06-15,132.5,132.5,130.0,130.5,14960000.0
2023-06-16,131.0,131.5,129.5,130.5,16950000.0
2023-06-19,130.0,130.5,129.0,130.0,9640000.0
2023-06-20,130.5,132.0,129.5,129.5,13180000.0
2023-06-21,129.5,130.5,129.0,130.0,4800000.0
2023-06-22,130.0,130.5,128.5,129.5,9480000.0
2023-06-23,129.5,130.0,129.0,130.0,4960000.0
2023-06-26,129.5,130.5,129.0,129.5,4630000.0
2023-06-27,129.5,130.0,128.5,129.0,6570000.0
2023-06-28,130.0,130.0,127.5,127.5,16380000.0
2023-06-29,127.0,129.5,124.5,128.0,24380000.0
2023-06-30,128.0,130.0,127.5,129.5,10200000.0
2023-07-03,130.0,131.5,129.5,131.5,7280000.0
2023-07-04,131.5,134.0,131.0,133.5,18530000.0
2023-07-05,133.5,134.5,133.0,134.5,13960000.0
2023-07-06,134.0,134.0,131.5,131.5,10510000.0
2023-07-07,130.5,131.0,129.0,129.5,15490000.0
2023-07-10,129.5,131.0,129.0,130.5,6740000.0
2023-07-11,131.5,132.5,130.5,131.5,10430000.0
2023-07-12,131.5,132.5,130.0,130.5,10090000.0
2023-07-13,130.5,132.0,130.0,131.5,10700000.0
2023-07-14,131.0,133.0,131.0,132.5,7530000.0
2023-07-17,133.5,135.0,133.0,134.5,12560000.0
2023-07-18,134.5,136.0,134.5,135.5,14110000.0
2023-07-19,136.0,136.5,133.5,134.5,12340000.0
2023-07-20,134.5,135.0,133.0,133.5,14220000.0
2023-07-21,134.5,135.0,128.0,129.0,62730000.0
2023-07-24,128.0,128.5,124.0,124.5,76990000.0
2023-07-25,125.0,126.0,124.0,124.5,38290000.0
2023-07-26,125.0,125.5,122.5,123.0,52440000.0
2023-07-27,123.0,125.0,121.5,125.0,46460000.0
2023-07-31,125.5,126.5,124.5,126.0,38000000.0
2023-08-02,126.0,127.0,125.0,125.5,37490000.0
2023-08-03,125.0,125.0,122.0,123.0,40980000.0
2023-08-04,123.0,123.5,121.5,122.0,36030000.0
2023-08-07,122.0,124.0,121.5,123.0,27880000.0
2023-08-08,123.5,124.0,122.5,123.0,18030000.0
2023-08-09,123.5,127.0,123.0,127.0,30680000.0
2023-08-10,126.5,127.5,125.5,127.0,25760000.0
2023-08-11,127.0,128.5,126.5,128.0,33150000.0
2023-08-15,128.5,128.5,126.0,127.0,25590000.0
2023-08-16,126.5,126.5,125.0,126.5,16130000.0
2023-08-17,126.5,128.0,125.5,127.5,18500000.0
2023-08-18,127.0,129.0,126.5,128.5,25490000.0
2023-08-21,128.5,130.0,128.0,129.0,16230000.0
2023-08-22,130.5,130.5,129.0,130.0,34940000.0
2023-08-23,132.0,133.0,130.5,132.5,49600000.0
2023-08-24,132.5,133.5,130.5,131.0,17740000.0
2023-08-25,130.5,132.0,130.0,132.0,9300000.0
2023-08-28,132.5,133.0,132.0,133.0,13330000.0
2023-08-29,133.0,133.0,132.0,132.5,9140000.0
2023-08-30,131.0,131.5,130.0,131.5,21540000.0
2023-08-31,131.0,131.5,130.5,130.5,10090000.0
2023-09-01,130.5,131.5,129.5,129.5,9730000.0
2023-09-04,130.5,131.5,130.0,130.5,6530000.0
2023-09-05,130.5,131.0,129.5,130.0,4210000.0
2023-09-06,130.0,131.5,130.0,131.0,12340000.0
2023-09-07,131.5,131.5,130.0,130.5,8620000.0
2023-09-08,130.5,131.0,129.5,129.5,7540000.0
2023-09-11,129.5,130.5,129.0,129.5,6020000.0
2023-09-12,129.5,129.5,128.0,128.0,7140000.0
2023-09-13,128.0,130.0,128.0,128.5,7860000.0
2023-09-14,129.0,131.5,129.0,131.0,11910000.0
2023-09-15,131.5,132.0,130.5,130.5,10430000.0
2023-09-18,130.0,130.5,128.5,129.0,7230000.0
2023-09-19,129.0,129.5,126.5,127.0,13500000.0
2023-09-20,127.0,128.5,126.5,128.0,6730000.0
2023-09-21,128.0,128.5,127.0,127.0,8090000.0
2023-09-22,127.0,127.0,124.5,126.0,22930000.0
2023-09-25,126.0,127.0,125.5,125.5,10430000.0
2023-09-26,126.0,126.0,122.5,123.0,21620000.0
2023-09-27,123.5,124.5,123.0,124.5,13260000.0
2023-09-28,125.0,126.0,124.0,124.5,15620000.0
2023-09-29,125.0,127.5,125.0,126.0,17970000.0
2023-10-02,126.5,127.0,125.0,126.0,6600000.0
2023-10-03,125.0,126.5,124.0,126.5,12930000.0
2023-10-04,125.0,127.5,125.0,127.0,8450000.0
2023-10-05,127.5,128.0,126.0,126.5,7290000.0
2023-10-06,127.0,128.0,126.5,127.0,9830000.0
2023-10-09,126.5,128.0,126.5,127.0,7250000.0
2023-10-10,128.0,128.0,126.0,126.5,6440000.0
2023-10-11,126.5,128.5,126.0,128.5,14940000.0
2023-10-12,128.0,129.0,127.0,127.5,8660000.0
2023-10-16,126.5,127.0,125.0,126.0,10230000.0
2023-10-17,126.5,127.5,126.0,127.0,6590000.0
2023-10-18,126.5,128.0,126.5,126.5,8020000.0
2023-10-19,126.5,127.0,125.5,126.5,5820000.0
2023-10-20,129.0,129.0,127.5,129.0,28670000.0
2023-10-24,129.5,131.0,129.0,130.5,22650000.0
2023-10-25,131.5,133.5,130.5,133.0,27790000.0
2023-10-26,133.0,133.0,129.0,129.5,18890000.0
2023-10-27,130.5,132.5,129.5,132.0,15260000.0
2023-10-30,131.5,132.5,130.5,132.5,12580000.0
2023-10-31,133.0,133.0,131.0,131.5,8620000.0
2023-11-01,131.5,133.0,131.0,132.5,11990000.0
2023-11-02,133.0,133.5,132.0,132.5,11590000.0
2023-11-03,133.0,134.5,132.5,133.5,12270000.0
2023-11-06,134.0,134.0,132.0,132.0,10100000.0
2023-11-07,131.5,133.5,130.5,131.5,12100000.0
2023-11-08,132.0,133.5,131.0,133.0,8140000.0
2023-11-09,133.0,133.0,131.0,131.5,10410000.0
2023-11-10,131.0,132.5,130.5,131.5,10490000.0
2023-11-13,131.5,132.0,130.5,131.5,6980000.0
2023-11-14,132.0,133.0,131.5,132.0,8090000.0
2023-11-15,133.0,133.0,132.0,132.0,12000000.0
2023-11-16,132.5,132.5,131.5,132.0,3640000.0
2023-11-17,131.5,133.5,131.5,133.0,9090000.0
2023-11-20,133.0,133.0,131.0,131.0,6740000.0
2023-11-21,131.5,132.5,131.0,131.5,5120000.0
2023-11-22,132.0,132.5,131.0,132.0,5050000.0
2023-11-23,132.5,133.0,131.5,132.0,2880000.0
2023-11-24,132.0,132.5,131.5,132.0,1780000.0
2023-11-27,131.5,133.0,131.0,132.5,7810000.0
2023-11-28,133.0,133.5,132.0,133.0,4730000.0
2023-11-29,133.0,133.5,131.0,131.5,5500000.0
2023-11-30,131.5,131.5,127.5,128.0,22950000.0
2023-12-01,129.0,130.0,128.0,129.5,5980000.0
2023-12-04,128.5,130.0,128.5,129.0,4350000.0
2023-12-06,129.0,130.0,127.0,127.5,12250000.0
2023-12-07,127.0,128.5,127.0,127.5,6580000.0
2023-12-08,128.0,128.5,127.0,127.0,5340000.0
2023-12-12,128.0,128.5,127.0,128.0,11580000.0
2023-12-13,128.0,128.0,126.0,126.0,5780000.0
2023-12-14,127.0,129.5,127.0,128.5,8670000.0
2023-12-15,129.0,130.5,128.5,130.5,16090000.0
2023-12-18,130.0,131.0,128.0,130.5,7660000.0
2023-12-19,130.5,130.5,129.5,130.5,6230000.0
2023-12-20,131.0,131.5,130.5,131.0,5660000.0
2023-12-21,131.0,132.0,131.0,131.5,4000000.0
2023-12-22,131.5,132.0,131.0,131.5,2520000.0
2023-12-25,131.5,132.0,130.5,131.0,2380000.0
2023-12-26,131.0,132.5,131.0,132.0,8050000.0
2023-12-27,132.5,133.5,132.0,133.0,9790000.0
2023-12-28,133.5,135.0,133.0,135.0,17290000.0
2024-01-02,134.5,135.0,133.5,134.5,8400000.0
2024-01-03,134.0,135.0,134.0,135.0,4780000.0
2024-01-04,134.0,135.0,133.0,134.5,8260000.0
2024-01-05,133.5,136.0,133.5,136.0,14450000.0
2024-01-08,135.5,135.5,132.0,132.0,10630000.0
2024-01-09,133.0,134.0,132.0,132.5,12150000.0
2024-01-10,132.0,132.0,128.5,129.5,21430000.0
2024-01-11,129.5,130.5,128.5,129.0,11470000.0
2024-01-12,130.0,132.5,129.5,132.5,15370000.0
2024-01-15,132.5,132.5,131.0,131.5,6440000.0
2024-01-16,131.0,131.5,130.5,130.5,7330000.0
2024-01-17,130.5,132.0,130.0,131.0,12070000.0
2024-01-18,131.0,131.5,129.0,129.0,11680000.0
2024-01-19,129.0,129.0,125.0,125.5,32160000.0
2024-01-22,122.0,123.5,119.0,120.5,52930000.0
2024-01-23,120.5,122.5,120.5,121.0,23310000.0
2024-01-24,121.5,122.5,121.0,122.0,25770000.0
2024-01-25,122.5,124.0,122.0,123.0,17840000.0
2024-01-26,123.0,123.5,121.5,122.0,16240000.0
2024-01-29,122.0,122.5,120.5,122.0,13610000.0
2024-01-30,122.5,122.5,121.0,121.5,6730000.0
2024-01-31,121.0,121.0,119.0,120.0,16150000.0
2024-02-01,120.0,121.5,119.5,119.5,7530000.0
2024-02-02,120.5,122.0,120.0,121.5,9840000.0
2024-02-05,122.0,122.5,121.0,121.5,5280000.0
2024-02-06,121.5,123.0,121.0,122.0,6820000.0
2024-02-07,123.5,124.5,123.0,123.5,11100000.0
2024-02-08,123.5,124.0,120.5,120.5,20380000.0
2024-02-09,120.5,121.0,118.5,119.5,14680000.0
2024-02-12,120.5,121.5,120.0,121.0,4630000.0
2024-02-13,121.5,122.0,120.5,120.5,7080000.0
2024-02-14,120.0,121.5,120.0,120.5,7320000.0
2024-02-15,120.5,120.5,118.5,119.0,14700000.0
2024-02-16,120.0,120.5,118.5,120.0,6750000.0
2024-02-19,120.0,120.5,119.0,119.5,6100000.0
2024-02-20,120.0,121.5,119.5,121.5,7770000.0
2024-02-21,122.5,124.0,122.0,124.0,19680000.0
2024-02-22,123.5,125.0,123.0,124.5,11420000.0
2024-02-23,125.0,126.0,122.5,124.0,11120000.0
2024-02-27,124.0,125.0,122.5,123.0,10260000.0
2024-02-28,122.5,123.5,121.5,123.0,5850000.0
2024-02-29,123.5,124.0,122.5,123.0,8950000.0
2024-03-01,124.5,126.0,123.5,123.5,21820000.0
2024-03-04,123.5,124.0,122.0,124.0,10230000.0
2024-03-05,123.5,124.5,122.5,123.5,6170000.0
2024-03-06,123.0,124.0,122.5,122.5,10330000.0
2024-03-07,122.5,123.5,122.0,122.0,8980000.0
2024-03-08,122.0,123.5,121.5,123.5,5680000.0
2024-03-11,123.5,123.5,122.0,122.0,5430000.0
2024-03-12,123.0,123.5,122.5,123.0,4310000.0
2024-03-13,123.5,124.0,122.5,123.5,7630000.0
2024-03-14,124.0,125.0,122.5,125.0,17020000.0
2024-03-15,125.0,125.0,123.5,125.0,10610000.0
2024-03-18,125.5,125.5,124.0,124.0,10390000.0
2024-03-19,124.5,126.0,124.5,124.5,14210000.0
2024-03-20,125.0,125.0,123.5,124.0,6470000.0
2024-03-21,125.0,125.0,123.5,123.5,10440000.0
2024-03-22,123.5,125.0,123.5,124.0,6710000.0
2024-03-25,124.0,124.5,122.0,122.0,9080000.0
2024-03-26,122.0,125.0,122.0,125.0,9360000.0
2024-03-27,124.5,125.5,124.5,124.5,4490000.0
2024-03-28,125.0,125.0,123.5,124.0,4530000.0
2024-03-29,124.5,125.0,124.0,124.0,2570000.0
2024-04-01,124.5,125.0,124.0,124.0,2960000.0
2024-04-02,124.0,124.0,121.5,122.5,14670000.0
2024-04-03,122.5,123.5,121.5,122.5,8870000.0
2024-04-04,123.0,123.5,122.5,122.5,3550000.0
2024-04-05,122.5,124.0,122.0,124.0,5050000.0
2024-04-09,124.0,125.5,123.5,125.5,13310000.0
2024-04-10,125.5,126.5,124.5,126.0,12710000.0
2024-04-11,126.0,128.0,125.5,126.5,12510000.0
2024-04-17,126.0,126.5,124.5,125.0,13020000.0
2024-04-18,125.5,127.0,125.0,126.0,16150000.0
2024-04-19,125.0,125.0,123.5,124.0,13640000.0
2024-04-22,122.5,124.5,121.5,124.0,23600000.0
2024-04-23,125.0,130.0,125.0,125.0,34580000.0
2024-04-24,126.0,127.0,124.0,127.0,13550000.0
2024-04-25,127.0,127.5,126.0,126.5,14250000.0
2024-04-26,127.0,130.0,126.5,129.0,32820000.0
2024-04-29,129.5,130.5,129.0,129.5,12860000.0
2024-04-30,132.0,132.0,130.0,130.5,14050000.0
2024-05-02,130.5,131.5,130.5,131.0,5930000.0
2024-05-03,130.5,131.0,130.0,131.0,8220000.0
2024-05-07,131.5,132.5,131.0,132.0,11030000.0
2024-05-08,132.5,134.0,132.5,132.5,13800000.0
2024-05-09,132.5,134.0,132.5,133.0,9130000.0
2024-05-10,133.0,134.0,133.0,133.5,5470000.0
2024-05-13,133.5,133.5,132.0,133.0,8720000.0
2024-05-14,132.5,133.5,130.5,132.0,11790000.0
2024-05-15,132.5,132.5,131.5,131.5,6660000.0
2024-05-16,132.0,134.0,132.0,133.5,9220000.0
2024-05-17,133.5,134.0,133.0,134.0,8410000.0
2024-05-20,134.0,134.5,133.5,134.0,4750000.0
2024-05-21,134.0,134.5,133.5,134.0,6950000.0
2024-05-23,134.0,135.0,134.0,134.0,5210000.0
2024-05-24,134.0,135.0,133.5,134.5,5740000.0
2024-05-27,134.5,135.0,134.0,134.0,4570000.0
2024-05-28,134.0,134.0,133.0,133.5,4390000.0
2024-05-29,133.5,134.0,132.5,132.5,4830000.0
2024-05-30,132.0,132.0,129.5,131.0,14240000.0
2024-05-31,131.0,132.0,130.0,131.0,12590000.0
2024-06-04,132.0,132.0,129.5,130.0,5080000.0
2024-06-05,130.5,131.5,129.0,129.0,6530000.0
2024-06-06,129.0,129.0,127.5,128.0,8260000.0
2024-06-07,128.0,130.0,127.5,128.5,7600000.0
2024-06-10,128.5,128.5,127.0,127.5,4430000.0
2024-06-11,127.5,127.5,125.5,125.5,9400000.0
2024-06-12,125.5,127.5,125.0,126.0,6060000.0
2024-06-13,127.0,130.0,127.0,129.0,11660000.0
2024-06-14,130.0,130.5,129.0,130.0,5260000.0
2024-06-17,129.5,130.0,126.0,126.5,11420000.0
2024-06-18,126.0,126.5,125.0,126.0,19050000.0
2024-06-19,125.0,125.5,121.5,124.5,32210000.0
2024-06-20,124.5,125.0,123.5,124.5,10040000.0
2024-06-21,124.5,125.5,123.5,125.0,7480000.0
2024-06-24,125.5,127.0,125.0,127.0,5940000.0
2024-06-25,127.5,128.0,126.5,127.5,8240000.0
2024-06-26,127.5,127.5,126.5,126.5,7090000.0
2024-06-27,126.0,127.0,125.5,126.0,7510000.0
2024-06-28,127.0,127.0,125.5,125.5,8600000.0
2024-07-01,126.5,126.5,125.5,125.5,4990000.0
2024-07-02,124.5,125.0,123.0,124.5,7920000.0
2024-07-03,124.5,126.0,124.0,126.0,9640000.0
2024-07-04,127.0,128.0,126.5,127.5,6170000.0
2024-07-05,127.5,130.0,127.5,129.5,8330000.0
2024-07-08,129.0,130.0,128.5,130.0,6600000.0
2024-07-09,129.0,129.5,127.5,128.5,9250000.0
2024-07-10,128.5,129.5,127.5,128.5,3660000.0
2024-07-11,128.5,129.0,127.0,128.0,5920000.0
2024-07-12,128.5,129.0,128.0,128.0,7570000.0
2024-07-15,127.5,127.5,124.5,124.5,9350000.0
2024-07-16,126.0,126.5,125.0,125.5,6120000.0
2024-07-17,126.0,127.0,125.5,126.5,9480000.0
2024-07-18,127.5,128.5,127.5,127.5,8110000.0
2024-07-19,129.0,129.5,126.5,128.0,14840000.0
2024-07-23,129.0,130.0,127.5,128.5,7730000.0
2024-07-24,129.0,129.0,127.5,127.5,3900000.0
2024-07-25,127.5,128.5,127.0,127.0,5440000.0
2024-07-26,127.0,128.5,127.0,128.0,6990000.0
2024-07-30,129.0,133.5,128.0,132.0,25070000.0
2024-07-31,133.0,133.0,131.5,131.5,8700000.0
2024-08-01,134.5,134.5,132.5,133.0,9650000.0
2024-08-02,132.5,133.0,132.0,133.0,6720000.0
2024-08-05,131.5,132.0,129.5,129.5,9440000.0
2024-08-06,131.0,132.0,129.0,129.0,6230000.0
2024-08-07,130.0,131.0,129.5,130.0,6340000.0
2024-08-08,128.0,129.0,127.0,128.5,16550000.0
2024-08-09,129.5,130.5,128.5,129.5,7490000.0
2024-08-13,130.5,132.5,130.0,132.5,8190000.0
2024-08-14,132.5,132.5,129.5,131.0,8940000.0
2024-08-15,131.0,131.0,128.5,130.5,9200000.0
2024-08-16,131.0,134.0,130.5,133.5,12030000.0
2024-08-19,134.0,138.5,133.0,138.5,34960000.0
2024-08-20,139.0,140.0,138.0,138.5,17230000.0
2024-08-21,139.0,140.5,138.5,140.0,8770000.0
2024-08-22,140.0,141.0,139.5,140.0,12660000.0
2024-08-23,140.5,143.0,140.0,143.0,22850000.0
2024-08-26,143.5,144.5,141.5,144.5,12440000.0
2024-08-27,144.0,144.5,142.5,143.5,12030000.0
2024-08-28,143.0,144.0,142.5,143.5,9050000.0
2024-08-29,144.0,145.5,143.0,143.5,13690000.0
2024-08-30,143.5,144.0,142.5,143.0,12260000.0
2024-09-02,142.5,143.0,140.5,141.5,11720000.0
2024-09-03,142.0,144.5,142.0,144.0,14860000.0
2024-09-04,143.0,144.0,142.5,143.0,10780000.0
2024-09-05,144.5,147.5,144.5,146.5,21670000.0
2024-09-06,147.0,152.5,147.0,152.5,35270000.0
2024-09-09,157.0,159.0,154.0,155.5,33330000.0
2024-09-10,155.0,156.0,154.5,155.5,18340000.0
2024-09-11,155.0,156.0,154.5,156.0,17920000.0
2024-09-12,156.5,158.0,155.5,158.0,18750000.0
2024-09-13,158.0,158.5,157.0,157.5,15890000.0
2024-09-16,157.0,158.0,156.5,157.5,10930000.0
2024-09-17,157.5,158.0,157.0,158.0,5620000.0
2024-09-18,158.5,158.5,156.5,157.0,20350000.0
2024-09-19,155.5,157.0,154.5,157.0,17420000.0
2024-09-20,157.0,157.5,156.0,157.5,12870000.0
2024-09-23,157.5,159.0,157.0,158.0,12400000.0
2024-09-24,158.0,158.5,156.5,156.5,9930000.0
2024-09-25,156.5,157.5,155.5,156.0,7300000.0
2024-09-26,156.0,156.5,153.0,154.0,12680000.0
2024-09-27,153.5,153.5,148.0,149.5,21730000.0
2024-09-30,149.0,151.5,148.0,150.0,16140000.0
2024-10-01,150.0,153.0,149.5,152.0,11790000.0
2024-10-02,152.0,153.0,150.0,151.0,13700000.0
2024-10-03,150.5,151.5,149.0,149.0,11780000.0
2024-10-04,149.0,150.5,148.5,149.5,9130000.0
2024-10-07,150.5,152.0,149.5,150.0,8970000.0
2024-10-08,150.0,152.0,149.0,152.0,11110000.0
2024-10-09,152.5,154.0,152.0,152.0,7430000.0
2024-10-10,153.0,153.0,151.5,152.5,6000000.0
2024-10-11,153.0,154.5,152.5,154.0,16420000.0
2024-10-15,155.0,155.5,153.5,154.0,12730000.0
2024-10-16,153.5,154.0,151.0,151.0,14440000.0
2024-10-17,150.5,154.0,150.5,154.0,10960000.0
2024-10-18,154.0,154.0,151.5,151.5,7070000.0
2024-10-21,152.5,153.0,149.0,150.0,10000000.0
2024-10-22,149.0,149.5,145.0,147.0,22550000.0
2024-10-24,147.5,148.5,146.0,146.5,13270000.0
2024-10-25,147.0,148.5,146.5,147.5,8290000.0
2024-10-28,148.0,149.0,148.0,149.0,3810000.0
2024-10-29,149.0,149.5,148.0,148.5,3210000.0
2024-10-30,148.0,148.5,145.5,145.5,6250000.0
2024-10-31,145.5,147.5,145.5,146.5,7160000.0
2024-11-01,146.5,147.5,146.5,147.0,4080000.0
2024-11-04,147.0,147.5,146.0,146.5,3860000.0
2024-11-05,146.5,147.5,146.0,146.5,5280000.0
2024-11-06,147.0,149.0,146.5,146.5,7040000.0
2024-11-07,147.0,148.5,147.0,148.0,11880000.0
2024-11-08,148.5,149.0,148.0,148.5,8790000.0
2024-11-11,148.0,148.5,146.5,147.5,5860000.0
2024-11-12,147.5,148.0,147.0,147.0,3750000.0
2024-11-13,147.5,148.5,147.5,148.0,4040000.0
2024-11-14,147.5,147.5,145.5,146.0,9960000.0
2024-11-15,146.0,148.0,146.0,147.5,7020000.0
2024-11-18,148.0,149.5,148.0,149.0,12730000.0
2024-11-19,150.0,151.0,148.5,149.5,9810000.0
2024-11-20,148.5,149.5,147.0,148.5,7800000.0
2024-11-21,149.0,150.0,148.5,149.0,4770000.0
2024-11-22,150.0,150.0,148.5,149.5,7660000.0
2024-11-25,150.0,151.0,149.5,150.0,10820000.0
2024-11-26,150.5,151.0,149.5,149.5,4670000.0
2024-11-27,149.5,149.5,149.0,149.5,5250000.0
2024-11-28,150.0,150.5,149.5,150.0,3820000.0
2024-11-29,149.5,151.0,149.5,150.5,5660000.0
2024-12-02,150.5,151.5,149.0,151.5,5380000.0
2024-12-03,150.5,153.5,150.5,153.5,17710000.0
2024-12-04,153.5,155.5,153.0,155.0,15860000.0
2024-12-06,155.5,156.5,154.5,156.0,7540000.0
2024-12-09,157.0,157.5,155.5,156.5,17010000.0
2024-12-11,156.0,156.5,154.0,154.5,9900000.0
2024-12-12,155.0,157.5,155.0,156.5,14170000.0
2024-12-13,157.0,158.5,156.0,158.0,12710000.0
2024-12-16,157.0,157.5,156.5,157.0,6010000.0
2024-12-17,157.0,157.5,153.5,153.5,7100000.0
2024-12-18,155.0,155.0,153.5,154.5,6640000.0
2024-12-19,153.0,154.0,152.5,154.0,9570000.0
2024-12-20,153.0,153.0,151.5,152.5,8420000.0
2024-12-23,152.0,154.5,152.0,154.5,3970000.0
2024-12-24,155.0,156.0,154.5,154.5,4060000.0
2024-12-25,155.0,156.5,155.0,156.0,5150000.0
2024-12-26,156.0,157.5,156.0,157.0,5350000.0
2024-12-27,157.0,157.5,156.0,156.0,4970000.0
2024-12-30,156.0,157.0,155.5,155.5,3800000.0
2025-01-02,155.0,156.0,154.5,155.0,4250000.0
2025-01-03,155.0,156.0,154.0,154.5,4380000.0
2025-01-06,155.0,159.0,154.5,158.0,14870000.0
2025-01-07,159.0,160.0,158.5,159.5,17610000.0
2025-01-08,158.5,160.5,157.0,159.0,8200000.0
2025-01-09,159.0,160.0,158.0,160.0,7650000.0
2025-01-10,161.0,161.0,158.0,159.5,7860000.0
2025-01-13,159.5,163.0,159.5,162.0,13830000.0
2025-01-14,162.5,162.5,160.5,162.0,10910000.0
2025-01-15,162.0,163.5,160.5,163.5,12130000.0
2025-01-16,163.0,163.0,160.0,161.5,10690000.0
2025-01-17,160.5,161.5,160.0,161.0,9680000.0
2025-01-20,160.5,161.0,158.5,160.0,6400000.0
2025-01-21,160.0,160.0,156.5,158.5,16190000.0
2025-01-22,158.0,161.0,156.0,159.5,15490000.0
2025-01-23,160.0,161.5,159.0,159.0,7940000.0
2025-01-24,159.0,161.0,158.0,158.5,7190000.0
2025-01-27,158.0,160.0,158.0,159.0,3670000.0
2025-01-28,159.5,161.5,159.0,161.0,7820000.0
2025-01-29,161.5,161.5,160.0,160.0,3240000.0
2025-01-30,160.5,161.5,160.0,161.5,3400000.0
2025-01-31,161.0,161.5,159.5,160.5,6840000.0
2025-02-03,157.5,159.5,156.5,159.0,18040000.0
2025-02-04,160.0,163.5,159.5,163.0,15270000.0
2025-02-05,163.5,163.5,160.0,160.5,12860000.0
2025-02-06,161.5,162.0,160.0,161.0,6950000.0
2025-02-07,160.5,161.0,158.0,160.0,9420000.0
2025-02-10,159.5,160.0,158.0,159.0,11390000.0
2025-02-11,159.0,160.0,158.0,158.0,8680000.0
2025-02-13,159.5,160.0,154.5,155.0,15510000.0
2025-02-14,155.5,155.5,153.0,153.5,14830000.0
2025-02-17,155.0,158.0,154.0,158.0,8470000.0
2025-02-18,159.5,162.5,158.0,162.5,18110000.0
2025-02-19,162.5,163.5,161.5,163.5,13260000.0
2025-02-20,163.5,164.5,161.0,164.0,13940000.0
2025-02-21,163.0,163.5,159.0,159.0,13120000.0
2025-02-24,159.5,160.5,157.5,157.5,7660000.0
2025-02-25,157.5,158.5,154.5,154.5,11130000.0
2025-02-26,154.5,157.0,149.5,150.0,19680000.0
2025-02-27,148.5,154.0,147.5,151.5,14920000.0
2025-02-28,150.5,151.5,148.5,151.5,14400000.0
2025-03-03,152.5,154.0,151.5,152.5,10450000.0
2025-03-04,152.5,153.5,150.0,152.5,8210000.0
2025-03-05,152.5,152.5,150.5,151.5,8020000.0
2025-03-06,151.0,151.0,148.5,148.5,8240000.0
2025-03-07,147.0,148.5,146.0,148.0,13980000.0
2025-03-10,148.5,150.5,148.0,148.0,9530000.0
2025-03-11,147.0,150.5,146.0,150.5,10840000.0
2025-03-12,151.0,151.5,149.0,151.0,11380000.0
2025-03-13,150.5,151.0,149.0,149.5,9410000.0
2025-03-14,149.5,150.0,148.0,149.0,11220000.0
2025-03-17,153.0,154.0,151.5,152.5,19980000.0
2025-03-18,153.5,157.5,153.0,156.0,16730000.0
2025-03-19,156.5,158.5,155.5,157.5,14360000.0
2025-03-20,159.5,162.0,159.0,160.5,19030000.0
2025-03-21,161.0,164.0,161.0,164.0,12280000.0
2025-03-24,163.5,163.5,161.0,162.5,6900000.0
2025-03-25,162.5,163.5,162.0,162.0,6910000.0
2025-03-26,162.0,163.0,161.0,162.5,7610000.0
2025-03-27,163.0,165.0,162.5,164.5,9190000.0
2025-03-28,164.0,165.0,163.5,164.0,3440000.0
2025-03-31,162.0,163.5,161.0,161.5,12870000.0
2025-04-01,162.0,164.0,161.5,163.5,9220000.0
2025-04-02,163.5,164.0,163.0,164.0,7960000.0
2025-04-03,163.0,163.5,161.0,161.5,18800000.0
2025-04-04,161.0,161.0,157.0,159.5,20570000.0
2025-04-08,152.0,155.5,145.0,146.0,35640000.0
2025-04-09,146.0,150.5,145.0,149.5,22220000.0
2025-04-10,155.0,155.5,152.0,152.0,26300000.0
2025-04-11,149.5,152.0,148.5,151.0,16750000.0
2025-04-16,150.5,155.5,150.5,154.5,25090000.0
2025-04-17,147.5,152.0,147.0,151.0,18870000.0
2025-04-18,151.0,151.5,148.0,148.5,12580000.0
2025-04-21,150.5,151.5,148.0,148.5,16250000.0
2025-04-22,147.5,149.0,147.0,149.0,16500000.0
2025-04-23,150.0,152.0,149.5,151.5,12690000.0
2025-04-24,151.0,154.5,150.0,154.0,21650000.0
2025-04-25,154.5,155.0,153.5,154.0,11790000.0
2025-04-28,154.0,155.0,154.0,154.5,10870000.0
2025-04-29,155.0,155.5,153.5,154.5,9610000.0
2025-04-30,154.5,160.0,153.5,159.5,25340000.0
2025-05-02,160.5,161.0,157.5,159.0,13150000.0
2025-05-06,159.5,163.5,159.5,162.0,23600000.0
2025-05-07,162.5,164.5,162.0,164.5,18400000.0
2025-05-08,165.0,166.0,164.0,165.0,7970000.0
2025-05-09,165.0,165.0,163.0,164.5,12360000.0
2025-05-13,163.5,165.0,163.0,164.0,11540000.0
2025-05-14,163.0,164.0,162.0,164.0,11710000.0
2025-05-15,161.5,163.0,161.0,162.0,9320000.0
2025-05-16,162.0,163.5,161.5,163.5,11850000.0
2025-05-19,163.0,164.5,161.5,163.5,16240000.0
2025-05-20,164.0,167.5,163.0,167.5,42380000.0
2025-05-21,167.0,167.5,164.0,164.5,28540000.0
2025-05-22,163.5,165.5,163.5,164.0,22230000.0
2025-05-23,165.0,166.0,163.0,164.0,19880000.0
2025-05-26,164.5,165.0,162.5,163.5,6140000.0
2025-05-27,163.0,163.0,159.5,161.0,20110000.0
2025-05-28,161.0,161.0,155.5,156.0,29820000.0
2025-05-29,156.5,156.5,153.5,154.5,14690000.0
2025-05-30,153.5,155.5,153.5,154.0,15780000.0
2025-06-04,154.0,156.0,152.5,152.5,12800000.0
2025-06-05,152.5,157.5,151.5,156.5,19300000.0
2025-06-06,157.0,157.5,154.0,155.0,7630000.0
2025-06-09,156.0,156.5,154.5,155.0,5700000.0
2025-06-10,155.0,156.5,154.5,156.0,10250000.0
2025-06-11,155.5,156.0,155.0,156.0,6660000.0
2025-06-12,155.5,156.5,152.0,152.5,13580000.0
2025-06-13,151.5,154.5,151.5,152.5,24750000.0
2025-06-16,153.0,154.0,152.0,152.5,16880000.0
2025-06-17,152.5,153.5,152.5,153.5,8020000.0
2025-06-18,153.0,153.5,151.0,151.0,13400000.0
2025-06-19,148.0,150.0,147.0,148.5,19530000.0
2025-06-20,148.5,153.0,148.5,151.5,15150000.0
2025-06-23,151.0,152.5,150.5,152.0,7650000.0
2025-06-24,153.5,155.0,152.5,155.0,11260000.0
2025-06-25,154.0,155.0,153.0,154.5,10010000.0
2025-06-26,155.0,157.0,154.5,155.5,10360000.0
2025-06-27,155.0,155.5,153.0,154.0,8220000.0
2025-06-30,154.0,154.0,151.5,153.5,10490000.0
2025-07-01,153.0,155.5,152.0,154.5,14690000.0
2025-07-02,153.0,156.0,153.0,155.5,12880000.0
2025-07-03,155.0,156.5,155.0,155.5,10630000.0
2025-07-04,156.0,156.5,155.0,156.0,4600000.0
2025-07-07,155.5,157.0,155.0,156.5,7550000.0
2025-07-08,155.5,157.0,155.5,156.5,9310000.0
2025-07-09,156.5,159.5,156.5,157.5,12600000.0
2025-07-11,158.5,159.0,157.0,157.5,11850000.0
2025-07-14,157.5,158.5,157.5,158.5,5760000.0
2025-07-15,157.5,158.0,154.0,156.5,16200000.0
2025-07-16,157.0,159.0,156.0,157.0,11990000.0
2025-07-17,157.0,158.5,156.5,158.0,10700000.0
2025-07-18,159.0,161.5,158.5,160.0,17370000.0
2025-07-21,159.0,160.5,159.0,160.5,15240000.0
2025-07-22,158.5,159.0,157.0,158.0,29010000.0
2025-07-23,158.5,160.5,158.5,159.5,12210000.0
2025-07-24,159.0,161.0,159.0,160.5,15290000.0
2025-07-25,160.0,160.0,158.0,159.0,6650000.0
2025-07-29,159.0,160.5,158.5,160.5,8960000.0
2025-07-30,160.5,161.0,160.0,160.5,8160000.0
2025-07-31,160.0,162.0,159.5,162.0,9340000.0
2025-08-01,162.0,162.5,160.0,160.5,6500000.0
2025-08-04,161.0,162.5,160.0,162.5,9680000.0
2025-08-05,161.5,164.0,161.5,164.0,11620000.0
2025-08-06,165.0,166.5,165.0,166.5,11760000.0
2025-08-07,166.5,168.5,165.5,166.5,18780000.0
2025-08-08,166.5,169.5,166.5,168.0,13320000.0
2025-08-13,169.0,170.0,167.5,169.0,14990000.0
2025-08-14,168.5,169.0,167.5,169.0,8450000.0
2025-08-15,168.5,170.0,168.5,169.0,7170000.0
2025-08-18,169.0,170.0,168.0,168.5,5260000.0
2025-08-19,168.5,171.5,168.0,169.0,18380000.0
2025-08-20,169.0,171.0,168.0,169.5,11760000.0
2025-08-21,170.0,170.5,166.5,167.0,16540000.0
2025-08-22,167.5,168.5,166.0,167.0,14390000.0
2025-08-25,167.5,168.0,164.5,165.5,16170000.0
2025-08-26,165.0,166.0,163.5,164.0,18510000.0
2025-08-27,164.5,165.5,163.0,163.5,15170000.0
2025-08-28,164.0,168.0,164.0,167.5,12470000.0
2025-08-29,168.0,169.5,167.5,168.5,17760000.0
2025-09-01,168.0,171.0,167.5,170.5,8650000.0
2025-09-02,171.0,171.0,169.0,170.5,6630000.0
2025-09-03,171.0,172.0,169.5,170.5,8220000.0
2025-09-04,171.0,171.5,169.5,171.0,10700000.0
2025-09-05,171.0,171.0,167.5,170.0,16480000.0
2025-09-08,171.0,173.0,171.0,172.0,12680000.0
2025-09-09,172.0,173.0,170.0,171.0,11690000.0
2025-09-10,169.5,169.5,168.0,168.5,6920000.0
2025-09-11,168.5,169.0,167.0,167.5,9080000.0
2025-09-12,167.0,168.0,166.0,166.0,10380000.0
2025-09-15,166.5,168.0,165.5,167.0,6310000.0
2025-09-16,167.0,167.0,164.0,164.0,16550000.0
2025-09-17,165.0,165.0,163.0,163.5,16870000.0
2025-09-18,164.0,164.5,162.5,162.5,8230000.0
2025-09-19,163.5,165.5,163.0,164.5,6680000.0
2025-09-22,165.0,165.5,163.0,163.0,7090000.0
2025-09-23,163.5,164.5,162.5,163.0,5780000.0
2025-09-24,164.0,165.5,162.0,163.0,10650000.0
2025-09-25,164.0,166.5,163.5,166.5,9090000.0
2025-09-26,166.5,168.0,165.0,166.0,9940000.0
2025-09-29,167.5,169.0,166.5,168.0,10560000.0
2025-09-30,168.0,168.5,166.5,167.5,7000000.0
2025-10-01,166.5,167.0,165.0,165.5,6690000.0
2025-10-02,166.0,167.5,165.5,165.5,6220000.0
2025-10-03,165.5,166.0,165.0,165.5,4820000.0
2025-10-06,165.5,166.0,164.5,165.0,6120000.0
2025-10-07,165.5,166.5,165.0,166.0,4440000.0
2025-10-08,167.0,168.0,166.0,167.5,6060000.0
2025-10-09,167.0,167.0,166.0,166.5,6000000.0
2025-10-10,167.0,167.5,165.5,166.5,8730000.0
2025-10-14,166.5,167.0,166.0,166.5,10280000.0
2025-10-15,167.5,171.0,167.0,170.5,16960000.0
2025-10-16,172.0,173.0,170.0,171.0,13190000.0
2025-10-17,170.5,172.5,170.5,171.5,10000000.0
2025-10-20,173.0,173.5,171.0,173.0,5590000.0
2025-10-21,174.0,178.0,174.0,177.5,18880000.0
2025-10-22,178.0,182.0,177.0,180.5,29230000.0
2025-10-24,184.5,185.5,182.5,183.0,16590000.0
2025-10-27,183.0,183.0,180.5,180.5,19330000.0
2025-10-28,180.5,181.0,178.0,180.5,11020000.0
2025-10-29,180.0,180.0,178.5,179.0,11510000.0
2025-10-30,178.5,186.0,178.5,185.5,25100000.0
2025-10-31,184.5,188.0,184.5,186.5,15930000.0
2025-11-03,186.5,187.5,183.5,187.5,16720000.0
2025-11-04,186.5,188.5,184.5,185.0,13930000.0
2025-11-05,184.5,185.5,182.0,182.5,18320000.0
2025-11-06,183.0,184.0,181.0,183.0,13290000.0
2025-11-07,182.5,183.0,179.5,180.0,10890000.0
2025-11-10,180.5,182.5,180.0,182.0,10170000.0
2025-11-11,182.5,183.5,180.0,181.0,11730000.0
2025-11-12,181.0,182.0,180.5,181.5,5910000.0
2025-11-13,181.5,183.0,181.5,182.5,4780000.0
2025-11-14,182.0,183.0,181.5,182.0,7670000.0
2025-11-17,182.5,185.5,181.5,185.5,18360000.0
2025-11-18,185.0,186.5,184.0,186.0,11940000.0
2025-11-19,186.5,186.5,184.0,185.0,10680000.0
2025-11-20,185.5,187.5,184.5,187.0,7740000.0
2025-11-21,186.5,187.0,185.5,186.5,10000000.0
2025-11-24,186.5,188.5,186.0,188.0,12200000.0
2025-11-25,188.0,188.5,187.0,188.0,5060000.0
2025-11-26,189.0,189.0,187.5,188.5,4960000.0
2025-11-27,188.5,188.5,186.0,187.0,3310000.0
2025-11-28,187.5,188.0,186.0,186.5,6780000.0
2025-12-01,186.5,189.0,186.5,189.0,10020000.0
2025-12-02,189.0,191.5,188.5,190.0,11600000.0
2025-12-03,189.5,191.5,188.5,191.0,9550000.0
2025-12-04,191.0,192.0,190.0,191.0,10720000.0
2025-12-08,193.0,194.0,189.0,191.5,14260000.0
2025-12-09,191.0,192.0,190.0,191.5,9590000.0
2025-12-11,192.0,193.0,191.0,192.5,9260000.0
2025-12-12,192.0,193.0,190.0,192.0,8100000.0
2025-12-15,191.5,192.0,190.5,191.0,14470000.0
2025-12-16,191.0,191.5,190.5,190.5,9600000.0
2025-12-17,191.0,192.0,190.5,190.5,8660000.0
2025-12-18,191.5,197.0,191.0,197.0,12010000.0
2025-12-19,197.0,197.0,194.0,195.5,8480000.0
2025-12-22,195.5,195.5,191.0,192.5,10590000.0
2025-12-23,193.0,194.0,192.0,192.5,5370000.0
2025-12-24,192.5,193.5,191.0,192.5,4040000.0
2025-12-25,192.5,193.5,192.0,193.5,2310000.0
2025-12-26,193.5,194.5,192.5,194.0,2810000.0
2025-12-29,194.0,194.0,192.5,193.5,5290000.0
2025-12-30,193.0,195.5,193.0,194.5,8280000.0
2026-01-05,195.5,198.0,194.5,194.5,9310000.0
2026-01-06,192.0,194.5,192.0,194.5,7360000.0
2026-01-07,194.5,195.0,191.5,191.5,9610000.0
2026-01-08,192.0,196.0,191.5,194.5,12430000.0
2026-01-09,196.5,197.5,191.5,191.5,14890000.0
2026-01-12,192.0,192.5,190.0,191.5,9510000.0
2026-01-13,192.0,192.0,191.0,191.5,12290000.0
2026-01-14,191.0,192.5,188.5,192.0,12940000.0
2026-01-15,192.0,193.5,191.5,191.5,6460000.0
2026-01-16,192.0,194.0,191.5,194.0,12400000.0
2026-01-19,194.0,194.0,191.5,191.5,7940000.0
2026-01-20,192.5,193.5,191.5,192.0,8190000.0
2026-01-21,191.5,192.0,189.0,189.0,26830000.0
2026-01-22,189.0,190.5,188.5,189.0,22200000.0
2026-01-23,189.0,191.0,189.0,190.0,11970000.0
2026-01-26,190.0,191.0,189.5,190.0,11350000.0
2026-01-27,191.0,192.0,190.5,192.0,14260000.0
2026-01-28,192.0,192.0,189.5,191.0,8690000.0
2026-01-29,191.0,191.5,187.0,187.0,21680000.0
2026-01-30,190.0,190.0,188.0,188.0,10760000.0
2026-02-02,187.5,188.5,187.5,187.5,9440000.0
2026-02-03,188.0,189.0,187.0,187.0,9850000.0
2026-02-04,188.5,192.5,188.0,190.0,25370000.0
2026-02-05,190.5,190.5,188.5,190.0,11500000.0
2026-02-06,189.5,190.0,187.0,188.5,18960000.0
2026-02-09,190.0,194.0,189.0,194.0,26290000.0
2026-02-10,194.0,196.5,192.5,194.5,29810000.0
2026-02-11,193.5,194.0,192.0,193.0,17420000.0
2026-02-12,193.5,198.5,193.0,198.5,24670000.0
2026-02-13,198.0,199.0,195.5,195.5,21930000.0
2026-02-16,198.0,201.0,197.5,199.0,24020000.0
2026-02-17,199.0,208.0,198.5,206.0,24700000.0
2026-02-18,207.0,208.0,204.0,207.0,25360000.0
2026-02-19,206.0,208.0,204.0,205.0,24340000.0
2026-02-20,205.0,206.0,202.0,205.0,28840000.0
2026-02-23,204.0,206.0,199.5,201.0,20450000.0
2026-02-24,202.0,202.0,198.0,201.0,26550000.0
2026-02-25,200.0,201.0,194.5,196.5,46980000.0
2026-02-26,197.0,200.0,196.5,198.5,26170000.0
2026-02-27,200.0,204.0,199.5,201.0,31350000.0
2026-03-02,196.5,199.5,196.0,197.0,23270000.0
2026-03-04,193.0,193.0,185.5,190.0,52950000.0
2026-03-05,194.0,194.0,188.5,190.0,40000000.0
2026-03-06,188.5,189.5,187.5,188.0,27380000.0
2026-03-09,179.0,185.0,178.0,184.5,30780000.0
2026-03-10,187.0,189.0,186.5,188.0,19810000.0
2026-03-11,188.5,191.0,187.0,189.5,18540000.0
2026-03-12,188.5,189.5,187.5,189.0,16190000.0
2026-03-13,188.0,190.5,188.0,189.0,12940000.0
2026-03-16,188.5,188.5,185.0,185.0,23430000.0
2026-03-17,187.0,189.0,186.5,188.5,12420000.0
2026-03-18,189.0,190.5,188.5,189.5,7570000.0
2026-03-19,189.0,189.0,187.0,187.0,16050000.0
2026-03-20,189.0,190.0,188.0,189.5,14720000.0
2026-03-23,187.0,188.0,186.5,186.5,12650000.0
2026-03-24,188.0,191.5,187.5,189.0,16950000.0
2026-03-25,191.0,191.5,189.5,191.5,12190000.0
2026-03-26,190.0,192.5,190.0,192.0,13210000.0
2026-03-27,192.0,192.5,190.5,191.0,11700000.0
2026-03-30,190.0,190.5,189.0,190.0,8210000.0
2026-03-31,190.5,192.0,189.5,191.0,9390000.0
2026-04-01,193.0,193.5,192.0,192.5,10990000.0
2026-04-02,192.0,194.0,191.0,192.0,6980000.0
2026-04-03,192.0,192.0,190.0,190.5,11180000.0
2026-04-07,191.0,192.0,190.0,191.5,6180000.0
2026-04-08,193.0,194.0,192.5,193.0,11120000.0
2026-04-09,192.0,193.0,191.0,191.0,12500000.0
2026-04-10,191.5,193.0,191.0,192.0,10360000.0
2026-04-16,193.0,193.0,189.0,189.0,30660000.0
2026-04-17,190.5,191.5,188.0,189.0,21010000.0
2026-04-20,189.0,189.5,187.5,188.0,26780000.0
2026-04-21,178.5,183.5,178.0,183.5,59180000.0
2026-04-22,188.0,192.0,187.0,189.0,36050000.0
2026-04-23,190.5,192.0,188.5,191.5,24050000.0
2026-04-24,190.5,190.5,188.5,190.0,20540000.0
2026-04-27,190.0,191.0,189.0,190.5,10770000.0
2026-04-28,189.5,194.0,189.0,194.0,20930000.0
2026-04-29,194.0,195.0,193.0,195.0,10670000.0
2026-04-30,194.5,196.0,192.5,194.0,19920000.0
2026-05-05,193.0,195.5,192.0,193.5,21600000.0
2026-05-06,193.5,196.5,193.5,196.5,17840000.0
2026-05-07,196.5,197.0,194.0,194.0,17950000.0
2026-05-08,194.0,195.5,194.0,195.0,10870000.0
2026-05-11,195.5,198.0,194.5,197.0,21980000.0
2026-05-12,196.5,196.5,194.5,196.0,12820000.0
2026-05-13,196.5,197.0,195.0,195.0,10790000.0
2026-05-14,196.5,198.0,196.5,197.0,17850000.0
2026-05-15,196.5,198.0,195.0,196.5,16270000.0
2026-05-18,197.0,199.0,196.5,198.5,17770000.0
2026-05-19,198.5,199.5,197.5,198.0,12210000.0
2026-05-20,198.0,199.0,196.0,198.5,19260000.0
2026-05-21,199.0,199.0,196.5,197.0,9710000.0
2026-05-22,197.0,198.5,195.5,197.0,15650000.0
2026-05-25,197.5,197.5,195.5,196.0,10390000.0
2026-05-26,196.5,199.0,196.0,198.0,22450000.0
2026-05-27,198.5,199.0,196.5,198.5,18600000.0
2026-05-28,198.5,200.0,198.0,199.0,17400000.0
2026-05-29,200.0,202.0,199.0,201.0,19030000.0
2026-06-02,201.0,204.0,201.0,204.0,18520000.0
2026-06-04,201.0,204.0,200.0,203.0,14170000.0
2026-06-05,203.0,204.0,201.0,201.0,16860000.0
2026-06-08,201.0,203.0,199.5,200.0,14040000.0
2026-06-09,201.0,201.0,196.0,197.0,30270000.0
2026-06-10,197.5,199.0,197.0,198.0,10090000.0
2026-06-11,198.0,199.0,197.0,197.5,10160000.0
2026-06-12,198.5,203.0,198.0,203.0,18240000.0
2026-06-15,204.0,205.0,201.0,202.0,13780000.0
2026-06-16,203.0,206.0,202.0,206.0,19100000.0
2026-06-17,206.0,206.0,203.0,205.0,11570000.0
2026-06-18,204.0,207.0,203.0,206.0,14070000.0
2026-06-19,206.0,207.0,204.0,207.0,11810000.0
2026-06-22,208.0,211.0,207.0,210.0,22810000.0
2026-06-23,210.0,211.0,207.0,207.0,21350000.0
2026-06-24,209.0,212.0,208.0,208.0,13390000.0
2026-06-25,209.0,213.0,208.0,212.0,19060000.0
2026-06-26,213.0,215.0,213.0,215.0,13340000.0
2026-06-29,215.0,217.0,213.0,217.0,15730000.0
2026-06-30,217.0,219.0,216.0,218.0,12530000.0
2026-07-01,218.0,220.0,216.0,218.0,12510000.0
2026-07-02,221.0,233.0,221.0,233.0,41170000.0
2026-07-03,233.0,234.0,230.0,233.0,17690000.0
2026-07-06,232.0,232.0,227.0,229.0,17760000.0
2026-07-07,228.0,232.0,227.0,230.0,20740000.0
2026-07-08,231.0,232.0,227.0,228.0,14790000.0
2026-07-09,229.0,231.0,227.0,230.0,16750000.0
2026-07-10,231.0,233.0,230.0,232.0,13730000.0
2026-07-13,232.0,235.0,231.0,233.0,16130000.0
2026-07-14,232.0,234.0,230.0,231.0,21630000.0
2026-07-15,234.0,234.0,230.0,231.0,11140000.0
2026-07-16,231.0,237.0,230.0,235.0,17930000.0
2026-07-17,234.0,235.0,232.0,234.0,12780000.0
2026-07-20,235.0,238.0,232.0,238.0,16230000.0
2026-07-21,240.0,240.0,232.0,235.0,28250000.0
2026-07-22,234.0,235.0,231.0,232.0,23190000.0
2026-07-23,234.0,236.0,233.0,234.0,17250000.0
2026-07-24,233.0,241.0,232.0,240.0,23250000.0
2026-07-27,240.0,244.0,238.0,242.0,18180000.0
2026-07-30,246.0,246.0,240.0,242.0,24320000.0
2026-07-31,241.0,245.0,239.0,244.0,10500000.0
2026-08-03,244.0,245.0,242.0,244.0,8830000.0
2026-08-04,244.0,248.0,244.0,247.0,13270000.0
2026-08-05,248.0,249.0,245.0,247.0,12990000.0
2026-08-06,247.0,254.0,246.0,252.0,14720000.0
2026-08-07,252.0,252.0,250.0,250.0,11160000.0
2026-08-10,249.0,251.0,247.0,248.0,7360000.0
2026-08-11,250.0,252.0,248.0,249.0,7050000.0
2026-08-13,250.0,250.0,246.0,249.0,15620000.0
2026-08-14,250.0,252.0,247.0,248.0,9570000.0
2026-08-17,249.0,251.0,248.0,249.0,6390000.0
2026-08-18,249.0,250.0,245.0,247.0,11150000.0
2026-08-19,248.0,251.0,247.0,249.0,10320000.0
2026-08-20,250.0,253.0,250.0,253.0,6780000.0
2026-08-21,254.0,257.0,253.0,257.0,8350000.0
2026-08-24,256.0,257.0,252.0,254.0,9650000.0
2026-08-25,255.0,256.0,253.0,253.0,11420000.0
2026-08-26,255.0,257.0,253.0,255.0,14490000.0
2026-08-27,259.0,259.0,248.0,248.0,16170000.0
2026-08-28,249.0,251.0,246.0,247.0,12530000.0
