Date,Adj Close,Close,High,Low,Open,Volume
2016-08-26,36.106285095214844,40.87779998779297,41.12405014038086,39.892791748046875,40.139041900634766,16682009
2016-08-29,36.106285095214844,40.87779998779297,40.87779998779297,40.139041900634766,40.87779998779297,6120868
2016-08-30,35.888771057128906,40.63154602050781,40.87779998779297,40.139041900634766,40.87779998779297,6994771
2016-08-31,35.888771057128906,40.63154602050781,40.63154602050781,40.139041900634766,40.38529586791992,7350098
2016-09-01,35.45375442504883,40.139041900634766,40.63154602050781,39.892791748046875,40.63154602050781,10562257
2016-09-02,34.58372116088867,39.15403747558594,40.38529586791992,38.90778350830078,40.38529586791992,13209954
2016-09-05,33.93120193481445,38.415279388427734,39.40028762817383,37.6765251159668,39.15403747558594,13563860
2016-09-06,33.71369552612305,38.169029235839844,38.90778350830078,37.92277526855469,38.415279388427734,14738978
2016-09-07,33.71369552612305,38.169029235839844,39.15403747558594,38.169029235839844,38.169029235839844,10547943
2016-09-08,33.06117248535156,37.43027114868164,38.169029235839844,37.18402099609375,37.92277526855469,14779384
2016-09-09,33.06117248535156,37.43027114868164,37.6765251159668,36.93777084350586,37.18402099609375,11487834
2016-09-12,31.973628997802734,36.199012756347656,37.18402099609375,35.952762603759766,36.6915168762207,10956468
2016-09-13,32.62615966796875,36.93777084350586,37.43027114868164,36.199012756347656,36.6915168762207,15191665
2016-09-14,32.843666076660156,37.18402099609375,37.92277526855469,36.6915168762207,36.93777084350586,10379416
2016-09-15,33.496192932128906,37.92277526855469,37.92277526855469,37.18402099609375,37.43027114868164,5747470
2016-09-16,33.496192932128906,37.92277526855469,37.92277526855469,37.18402099609375,37.92277526855469,39471284
2016-09-19,33.93120193481445,38.415279388427734,38.415279388427734,37.6765251159668,37.92277526855469,4745955
2016-09-20,33.93120193481445,38.415279388427734,38.415279388427734,37.6765251159668,38.415279388427734,8156285
2016-09-21,34.3662223815918,38.90778350830078,38.90778350830078,38.169029235839844,38.415279388427734,7184312
2016-09-22,34.3662223815918,38.90778350830078,39.40028762817383,38.415279388427734,39.40028762817383,7733242
2016-09-23,34.3662223815918,38.90778350830078,39.15403747558594,38.169029235839844,38.90778350830078,5849906
2016-09-26,33.93120193481445,38.415279388427734,38.90778350830078,38.169029235839844,38.66153335571289,7460351
2016-09-27,33.71369552612305,38.169029235839844,38.66153335571289,37.92277526855469,38.66153335571289,4556514
2016-09-28,33.496192932128906,37.92277526855469,38.415279388427734,37.6765251159668,38.169029235839844,3365153
2016-09-29,33.496192932128906,37.92277526855469,38.66153335571289,37.92277526855469,38.415279388427734,7876592
2016-09-30,33.93120193481445,38.415279388427734,38.66153335571289,37.6765251159668,37.6765251159668,8035169
2016-10-03,34.14870834350586,38.66153335571289,39.15403747558594,38.415279388427734,38.90778350830078,4517631
2016-10-04,34.3662223815918,38.90778350830078,39.15403747558594,38.415279388427734,38.415279388427734,6786346
2016-10-05,34.80123519897461,39.40028762817383,39.892791748046875,38.90778350830078,39.15403747558594,11712604
2016-10-06,35.23624801635742,39.892791748046875,40.139041900634766,39.646541595458984,39.646541595458984,7262383
2016-10-07,35.45375442504883,40.139041900634766,40.38529586791992,39.892791748046875,40.139041900634766,7570909
2016-10-10,34.14870834350586,38.66153335571289,39.40028762817383,38.169029235839844,38.90778350830078,14038780
2016-10-11,33.27867889404297,37.6765251159668,38.90778350830078,37.43027114868164,38.66153335571289,10906823
2016-10-12,31.756128311157227,35.952762603759766,37.6765251159668,33.73649597167969,37.6765251159668,37204803
2016-10-13,32.40864562988281,36.6915168762207,37.18402099609375,34.475250244140625,35.46025848388672,21938215
2016-10-14,33.93120193481445,38.415279388427734,39.40028762817383,37.92277526855469,38.415279388427734,21215580
2016-10-17,33.71369552612305,38.169029235839844,38.66153335571289,37.6765251159668,38.66153335571289,8095778
2016-10-18,33.71369552612305,38.169029235839844,38.66153335571289,37.6765251159668,38.169029235839844,4715396
2016-10-19,33.06117248535156,37.43027114868164,37.92277526855469,37.18402099609375,37.92277526855469,12554019
2016-10-20,33.06117248535156,37.43027114868164,37.92277526855469,37.18402099609375,37.6765251159668,7723902
2016-10-21,33.496192932128906,37.92277526855469,38.415279388427734,37.6765251159668,37.6765251159668,6651220
2016-10-25,33.496192932128906,37.92277526855469,38.169029235839844,37.43027114868164,37.92277526855469,6077011
2016-10-26,33.496192932128906,37.92277526855469,38.169029235839844,37.6765251159668,38.169029235839844,2096634
2016-10-27,33.496192932128906,37.92277526855469,38.169029235839844,37.6765251159668,37.92277526855469,2101608
2016-10-28,33.27867889404297,37.6765251159668,37.92277526855469,37.6765251159668,37.92277526855469,2679168
2016-10-31,33.496192932128906,37.92277526855469,37.92277526855469,37.6765251159668,37.6765251159668,2861298
2016-11-01,32.843666076660156,37.18402099609375,37.92277526855469,36.93777084350586,37.6765251159668,15101513
2016-11-02,32.19114685058594,36.44526672363281,37.18402099609375,36.44526672363281,37.18402099609375,7125328
2016-11-03,31.973628997802734,36.199012756347656,36.6915168762207,35.952762603759766,36.44526672363281,8106133
2016-11-04,31.756128311157227,35.952762603759766,36.199012756347656,35.706512451171875,35.952762603759766,4544941
2016-11-07,31.538616180419922,35.706512451171875,36.199012756347656,35.46025848388672,35.952762603759766,12786911
2016-11-08,32.40864562988281,36.6915168762207,37.18402099609375,35.706512451171875,35.706512451171875,17915300
2016-11-09,32.843666076660156,37.18402099609375,37.18402099609375,35.952762603759766,36.199012756347656,10170280
2016-11-10,32.40864562988281,36.6915168762207,37.43027114868164,36.44526672363281,37.18402099609375,9415565
2016-11-11,31.756128311157227,35.952762603759766,36.93777084350586,35.952762603759766,36.6915168762207,6890812
2016-11-14,30.451080322265625,34.475250244140625,35.952762603759766,34.229000091552734,35.952762603759766,15254812
2016-11-15,30.451080322265625,34.475250244140625,34.96775436401367,34.229000091552734,34.475250244140625,14974408
2016-11-16,30.451080322265625,34.475250244140625,35.21400833129883,33.98274612426758,34.72150421142578,10150890
2016-11-17,30.016061782836914,33.98274612426758,34.96775436401367,33.73649597167969,34.475250244140625,13804873
2016-11-18,29.581050872802734,33.4902458190918,33.98274612426758,33.24399185180664,33.73649597167969,12199809
2016-11-21,30.233572006225586,34.229000091552734,34.72150421142578,33.4902458190918,33.73649597167969,10375457
2016-11-22,30.451080322265625,34.475250244140625,34.72150421142578,34.229000091552734,34.475250244140625,7134973
2016-11-23,30.233572006225586,34.229000091552734,34.475250244140625,33.73649597167969,34.475250244140625,14142536
2016-11-24,30.016061782836914,33.98274612426758,34.229000091552734,33.98274612426758,34.229000091552734,2089933
2016-11-25,31.538616180419922,35.706512451171875,35.952762603759766,33.98274612426758,34.229000091552734,29324557
2016-11-28,31.538616180419922,35.706512451171875,35.952762603759766,34.96775436401367,35.706512451171875,11430677
2016-11-29,31.103599548339844,35.21400833129883,35.706512451171875,34.96775436401367,35.46025848388672,14034922
2016-11-30,32.62615966796875,36.93777084350586,36.93777084350586,35.21400833129883,35.21400833129883,21976793
2016-12-01,31.973628997802734,36.199012756347656,37.43027114868164,36.199012756347656,37.43027114868164,20645229
2016-12-02,31.973628997802734,36.199012756347656,36.44526672363281,35.706512451171875,36.199012756347656,7052334
2016-12-06,31.973628997802734,36.199012756347656,36.6915168762207,35.706512451171875,36.44526672363281,8682677
2016-12-07,31.538616180419922,35.706512451171875,36.199012756347656,35.46025848388672,35.952762603759766,10205306
2016-12-08,31.973628997802734,36.199012756347656,36.44526672363281,35.706512451171875,35.952762603759766,6682387
2016-12-09,31.973628997802734,36.199012756347656,36.44526672363281,35.952762603759766,36.199012756347656,4390729
2016-12-13,31.973628997802734,36.199012756347656,36.199012756347656,35.706512451171875,35.952762603759766,7181571
2016-12-14,31.756128311157227,35.952762603759766,36.44526672363281,35.706512451171875,36.44526672363281,5446356
2016-12-15,31.32111358642578,35.46025848388672,35.952762603759766,35.21400833129883,35.952762603759766,4997222
2016-12-16,30.451080322265625,34.475250244140625,35.46025848388672,34.229000091552734,35.46025848388672,23612111
2016-12-19,30.451080322265625,34.475250244140625,34.96775436401367,34.229000091552734,34.475250244140625,13941014
2016-12-20,30.451080322265625,34.475250244140625,34.72150421142578,33.98274612426758,34.475250244140625,9029883
2016-12-21,30.016061782836914,33.98274612426758,34.475250244140625,33.4902458190918,34.475250244140625,12164784
2016-12-22,29.798553466796875,33.73649597167969,34.229000091552734,33.4902458190918,33.98274612426758,10293528
2016-12-23,29.798553466796875,33.73649597167969,33.98274612426758,33.24399185180664,33.73649597167969,9894140
2016-12-26,30.233572006225586,34.229000091552734,34.72150421142578,33.98274612426758,34.229000091552734,7410199
2016-12-27,30.233572006225586,34.229000091552734,34.475250244140625,34.229000091552734,34.475250244140625,6711626
2016-12-28,30.668588638305664,34.72150421142578,34.96775436401367,34.229000091552734,34.475250244140625,7105734
2016-12-29,30.886098861694336,34.96775436401367,35.21400833129883,34.475250244140625,34.72150421142578,6502896
2016-12-30,31.103599548339844,35.21400833129883,35.46025848388672,34.72150421142578,34.96775436401367,8009687
2017-01-04,31.756128311157227,35.952762603759766,35.952762603759766,35.21400833129883,35.46025848388672,9506834
2017-01-05,31.538616180419922,35.706512451171875,35.952762603759766,34.72150421142578,35.952762603759766,18680574
2017-01-06,31.32111358642578,35.46025848388672,35.952762603759766,35.21400833129883,35.706512451171875,7768166
2017-01-09,31.32111358642578,35.46025848388672,35.706512451171875,35.21400833129883,35.46025848388672,10486014
2017-01-10,31.32111358642578,35.46025848388672,35.706512451171875,34.96775436401367,35.46025848388672,11711284
2017-01-11,30.886098861694336,34.96775436401367,35.46025848388672,34.72150421142578,35.21400833129883,10101245
2017-01-12,31.103599548339844,35.21400833129883,35.46025848388672,34.96775436401367,35.21400833129883,6167873
2017-01-16,30.451080322265625,34.475250244140625,35.46025848388672,34.475250244140625,35.46025848388672,9284602
2017-01-17,30.451080322265625,34.475250244140625,34.72150421142578,34.229000091552734,34.72150421142578,14013095
2017-01-18,30.233572006225586,34.229000091552734,34.72150421142578,33.98274612426758,34.475250244140625,7838622
2017-01-19,29.798553466796875,33.73649597167969,34.229000091552734,33.4902458190918,33.98274612426758,15224964
2017-01-20,29.581050872802734,33.4902458190918,33.73649597167969,33.24399185180664,33.4902458190918,21066343
2017-01-23,29.581050872802734,33.4902458190918,33.98274612426758,33.24399185180664,33.4902458190918,19681581
2017-01-24,30.016061782836914,33.98274612426758,34.475250244140625,33.4902458190918,33.4902458190918,21722176
2017-01-25,30.451080322265625,34.475250244140625,34.96775436401367,34.229000091552734,34.475250244140625,20330511
2017-01-26,30.668588638305664,34.72150421142578,34.96775436401367,33.98274612426758,34.72150421142578,18207481
2017-01-27,30.668588638305664,34.72150421142578,35.21400833129883,33.98274612426758,34.96775436401367,15718869
2017-01-30,30.233572006225586,34.229000091552734,34.96775436401367,34.229000091552734,34.72150421142578,6841371
2017-01-31,30.233572006225586,34.229000091552734,34.72150421142578,34.229000091552734,34.475250244140625,6817310
2017-02-01,30.016061782836914,33.98274612426758,34.475250244140625,33.4902458190918,34.475250244140625,17200787
2017-02-02,30.233572006225586,34.229000091552734,34.475250244140625,33.73649597167969,33.98274612426758,6573657
2017-02-03,29.798553466796875,33.73649597167969,34.475250244140625,33.73649597167969,34.229000091552734,10326421
2017-02-06,30.016061782836914,33.98274612426758,34.475250244140625,33.98274612426758,33.98274612426758,8444506
2017-02-07,30.233572006225586,34.229000091552734,34.72150421142578,33.98274612426758,34.229000091552734,6111325
2017-02-08,31.32111358642578,35.46025848388672,35.952762603759766,34.96775436401367,34.96775436401367,36162273
2017-02-09,31.32111358642578,35.46025848388672,35.952762603759766,35.21400833129883,35.706512451171875,10312005
2017-02-10,30.668588638305664,34.72150421142578,35.706512451171875,34.229000091552734,35.46025848388672,27697665
2017-02-14,30.668588638305664,34.72150421142578,34.96775436401367,34.475250244140625,34.72150421142578,10311498
2017-02-15,30.668588638305664,34.72150421142578,35.21400833129883,34.229000091552734,34.96775436401367,9077395
2017-02-16,30.233572006225586,34.229000091552734,34.72150421142578,33.98274612426758,34.72150421142578,11329561
2017-02-17,30.233572006225586,34.229000091552734,34.475250244140625,33.98274612426758,34.475250244140625,7467661
2017-02-20,30.233572006225586,34.229000091552734,34.475250244140625,34.229000091552734,34.475250244140625,4704432
2017-02-21,29.36353874206543,33.24399185180664,33.98274612426758,33.24399185180664,33.4902458190918,32910926
2017-02-22,29.581050872802734,33.4902458190918,33.73649597167969,32.99774169921875,33.4902458190918,16821907
2017-02-23,29.14603614807129,32.99774169921875,33.4902458190918,32.751487731933594,33.24399185180664,13729442
2017-02-24,29.581050872802734,33.4902458190918,33.98274612426758,32.751487731933594,32.99774169921875,9575564
2017-02-27,29.798553466796875,33.73649597167969,34.229000091552734,33.24399185180664,33.4902458190918,8057402
2017-02-28,29.798553466796875,33.73649597167969,34.72150421142578,33.73649597167969,33.98274612426758,15971355
2017-03-01,30.016061782836914,33.98274612426758,34.475250244140625,33.98274612426758,33.98274612426758,9175567
2017-03-02,30.016061782836914,33.98274612426758,34.475250244140625,33.73649597167969,34.229000091552734,9115770
2017-03-03,30.233572006225586,34.229000091552734,34.475250244140625,33.98274612426758,33.98274612426758,3964844
2017-03-06,30.233572006225586,34.229000091552734,34.72150421142578,34.229000091552734,34.72150421142578,4864939
2017-03-07,30.016061782836914,33.98274612426758,34.475250244140625,33.73649597167969,34.475250244140625,6130208
2017-03-08,30.016061782836914,33.98274612426758,34.475250244140625,33.73649597167969,33.98274612426758,6301070
2017-03-09,29.798553466796875,33.73649597167969,33.98274612426758,33.4902458190918,33.98274612426758,5287067
2017-03-10,29.798553466796875,33.73649597167969,33.98274612426758,33.4902458190918,33.73649597167969,4093777
2017-03-13,29.798553466796875,33.73649597167969,33.98274612426758,33.4902458190918,33.4902458190918,6965228
2017-03-14,29.798553466796875,33.73649597167969,33.73649597167969,33.24399185180664,33.4902458190918,8068570
2017-03-15,29.798553466796875,33.73649597167969,33.98274612426758,33.24399185180664,33.73649597167969,5331128
2017-03-16,30.233572006225586,34.229000091552734,34.72150421142578,33.73649597167969,33.98274612426758,13090767
2017-03-17,30.233572006225586,34.229000091552734,34.96775436401367,34.229000091552734,34.475250244140625,12894728
2017-03-20,30.668588638305664,34.72150421142578,34.96775436401367,34.229000091552734,34.475250244140625,12147525
2017-03-21,30.451080322265625,34.475250244140625,34.96775436401367,34.475250244140625,34.72150421142578,7707659
2017-03-22,30.886098861694336,34.96775436401367,35.21400833129883,34.229000091552734,34.475250244140625,13621829
2017-03-23,31.32111358642578,35.46025848388672,35.706512451171875,34.96775436401367,35.21400833129883,15711255
2017-03-24,31.32111358642578,35.46025848388672,35.46025848388672,34.96775436401367,35.21400833129883,5347169
2017-03-27,31.538616180419922,35.706512451171875,35.706512451171875,35.21400833129883,35.46025848388672,4742706
2017-03-28,31.756128311157227,35.952762603759766,35.952762603759766,35.46025848388672,35.706512451171875,8565318
2017-03-29,31.756128311157227,35.952762603759766,36.199012756347656,35.46025848388672,35.952762603759766,3945960
2017-03-30,31.973628997802734,36.199012756347656,36.44526672363281,35.706512451171875,35.952762603759766,8858209
2017-03-31,31.973628997802734,36.199012756347656,36.44526672363281,35.952762603759766,36.199012756347656,5003415
2017-04-03,31.973628997802734,36.199012756347656,36.6915168762207,35.952762603759766,36.44526672363281,5437523
2017-04-04,32.19114685058594,36.44526672363281,36.6915168762207,36.199012756347656,36.199012756347656,5214581
2017-04-05,32.62615966796875,36.93777084350586,37.18402099609375,36.44526672363281,36.6915168762207,9319424
2017-04-07,32.62615966796875,36.93777084350586,37.43027114868164,36.6915168762207,36.93777084350586,12542750
2017-04-10,32.7139778137207,36.6915168762207,36.93777084350586,36.199012756347656,36.44526672363281,6579850
2017-04-11,32.494422912597656,36.44526672363281,36.93777084350586,36.44526672363281,36.6915168762207,6664215
2017-04-12,32.494422912597656,36.44526672363281,36.6915168762207,35.46025848388672,36.6915168762207,6940761
2017-04-17,32.0553092956543,35.952762603759766,36.44526672363281,35.952762603759766,36.44526672363281,3467690
2017-04-18,32.494422912597656,36.44526672363281,36.6915168762207,35.952762603759766,36.199012756347656,8960848
2017-04-19,32.933536529541016,36.93777084350586,36.93777084350586,36.44526672363281,36.6915168762207,7630096
2017-04-20,32.7139778137207,36.6915168762207,36.93777084350586,35.706512451171875,36.93777084350586,10937077
2017-04-21,32.274864196777344,36.199012756347656,36.6915168762207,35.706512451171875,36.44526672363281,4267176
2017-04-24,32.274864196777344,36.199012756347656,36.6915168762207,35.952762603759766,35.952762603759766,5593258
2017-04-25,32.494422912597656,36.44526672363281,36.93777084350586,36.199012756347656,36.44526672363281,9660741
2017-04-26,32.933536529541016,36.93777084350586,37.18402099609375,36.44526672363281,36.44526672363281,13060716
2017-04-27,32.933536529541016,36.93777084350586,37.18402099609375,36.6915168762207,37.18402099609375,2532367
2017-04-28,32.7139778137207,36.6915168762207,37.18402099609375,36.6915168762207,36.93777084350586,4132660
2017-05-02,32.933536529541016,36.93777084350586,37.18402099609375,36.6915168762207,36.93777084350586,5026156
2017-05-03,32.7139778137207,36.6915168762207,36.93777084350586,36.199012756347656,36.6915168762207,5805033
2017-05-04,32.7139778137207,36.6915168762207,36.93777084350586,36.199012756347656,36.44526672363281,5247981
2017-05-08,32.494422912597656,36.44526672363281,36.93777084350586,36.199012756347656,36.6915168762207,10146829
2017-05-09,32.7139778137207,36.6915168762207,36.6915168762207,36.199012756347656,36.6915168762207,4339359
2017-05-11,32.7139778137207,36.6915168762207,36.93777084350586,36.44526672363281,36.6915168762207,10633932
2017-05-12,31.835758209228516,35.706512451171875,36.6915168762207,34.96775436401367,36.44526672363281,24122260
2017-05-15,31.616195678710938,35.46025848388672,35.46025848388672,35.46025848388672,35.46025848388672,481214
2017-05-16,31.835758209228516,35.706512451171875,35.952762603759766,35.21400833129883,35.46025848388672,6576195
2017-05-17,30.737966537475586,34.475250244140625,35.706512451171875,34.229000091552734,35.706512451171875,17213985
2017-05-18,30.51841163635254,34.229000091552734,34.72150421142578,33.98274612426758,34.475250244140625,9614955
2017-05-19,32.0553092956543,35.952762603759766,36.44526672363281,34.229000091552734,34.229000091552734,22943385
2017-05-22,32.274864196777344,36.199012756347656,37.18402099609375,35.706512451171875,36.199012756347656,17378756
2017-05-23,32.933536529541016,36.93777084350586,36.93777084350586,35.952762603759766,36.199012756347656,11650270
2017-05-24,32.933536529541016,36.93777084350586,36.93777084350586,36.44526672363281,36.93777084350586,5617725
2017-05-25,32.7139778137207,36.6915168762207,36.93777084350586,36.44526672363281,36.93777084350586,2911958
2017-05-26,32.933536529541016,36.93777084350586,36.93777084350586,36.44526672363281,36.6915168762207,4343318
2017-05-29,33.15309524536133,37.18402099609375,37.18402099609375,36.6915168762207,36.93777084350586,4804330
2017-05-30,33.15309524536133,37.18402099609375,37.18402099609375,36.93777084350586,37.18402099609375,2099680
2017-05-31,32.933536529541016,36.93777084350586,37.18402099609375,36.44526672363281,37.18402099609375,7885830
2017-06-01,32.494422912597656,36.44526672363281,37.43027114868164,36.199012756347656,37.18402099609375,5681075
2017-06-02,32.274864196777344,36.199012756347656,36.93777084350586,35.952762603759766,36.44526672363281,8714149
2017-06-05,32.0553092956543,35.952762603759766,36.6915168762207,35.952762603759766,36.44526672363281,5486457
2017-06-06,32.933536529541016,36.93777084350586,37.18402099609375,36.199012756347656,36.199012756347656,8213848
2017-06-07,32.494422912597656,36.44526672363281,37.18402099609375,36.44526672363281,37.18402099609375,4163522
2017-06-08,32.7139778137207,36.6915168762207,36.93777084350586,36.44526672363281,36.44526672363281,2883735
2017-06-09,32.494422912597656,36.44526672363281,36.93777084350586,36.199012756347656,36.6915168762207,6731422
2017-06-12,32.494422912597656,36.44526672363281,36.93777084350586,36.44526672363281,36.44526672363281,5678537
2017-06-13,33.15309524536133,37.18402099609375,37.18402099609375,36.6915168762207,36.6915168762207,10398705
2017-06-14,33.15309524536133,37.18402099609375,37.18402099609375,36.6915168762207,36.93777084350586,3959260
2017-06-15,34.470436096191406,38.66153335571289,38.66153335571289,37.18402099609375,37.18402099609375,26896554
2017-06-16,34.68999481201172,38.90778350830078,39.15403747558594,38.169029235839844,38.415279388427734,14558878
2017-06-19,34.9095458984375,39.15403747558594,39.892791748046875,38.66153335571289,39.40028762817383,16687593
2017-06-20,34.470436096191406,38.66153335571289,39.646541595458984,38.415279388427734,39.15403747558594,13138178
2017-06-21,34.68999481201172,38.90778350830078,38.90778350830078,38.415279388427734,38.66153335571289,4656514
2017-06-22,35.78777313232422,40.139041900634766,40.38529586791992,38.90778350830078,38.90778350830078,22029483
2017-06-23,35.78777313232422,40.139041900634766,40.87779998779297,39.892791748046875,39.892791748046875,16442214
2017-06-26,35.78777313232422,40.139041900634766,40.63154602050781,39.646541595458984,40.38529586791992,6352034
2017-06-27,36.885555267333984,41.37030029296875,41.37030029296875,40.139041900634766,40.38529586791992,25169663
2017-06-28,36.446449279785156,40.87779998779297,41.12405014038086,40.63154602050781,40.87779998779297,13895228
2017-06-29,35.348663330078125,39.646541595458984,41.12405014038086,39.40028762817383,40.87779998779297,15136234
2017-06-30,35.348663330078125,39.646541595458984,40.139041900634766,39.40028762817383,39.646541595458984,11455855
2017-07-03,36.0073356628418,40.38529586791992,40.38529586791992,39.892791748046875,39.892791748046875,11438698
2017-07-04,35.568214416503906,39.892791748046875,40.87779998779297,39.646541595458984,40.63154602050781,13524774
2017-07-05,35.348663330078125,39.646541595458984,40.139041900634766,39.646541595458984,40.139041900634766,10838296
2017-07-06,34.9095458984375,39.15403747558594,39.892791748046875,38.415279388427734,39.892791748046875,16595817
2017-07-07,35.348663330078125,39.646541595458984,40.139041900634766,39.40028762817383,39.40028762817383,11664483
2017-07-11,36.0073356628418,40.38529586791992,40.38529586791992,39.40028762817383,39.40028762817383,8897193
2017-07-12,35.78777313232422,40.139041900634766,40.87779998779297,39.892791748046875,40.63154602050781,6928375
2017-07-13,36.0073356628418,40.38529586791992,40.87779998779297,40.139041900634766,40.38529586791992,12471583
2017-07-14,36.22689437866211,40.63154602050781,40.87779998779297,39.646541595458984,40.38529586791992,7515884
2017-07-17,35.78777313232422,40.139041900634766,41.12405014038086,40.139041900634766,40.87779998779297,7081877
2017-07-18,36.22689437866211,40.63154602050781,41.12405014038086,40.139041900634766,40.38529586791992,14131571
2017-07-19,36.0073356628418,40.38529586791992,40.63154602050781,39.892791748046875,40.63154602050781,6426958
2017-07-20,36.0073356628418,40.38529586791992,40.63154602050781,40.139041900634766,40.38529586791992,5107678
2017-07-21,36.0073356628418,40.38529586791992,40.87779998779297,40.139041900634766,40.63154602050781,8136184
2017-07-24,36.446449279785156,40.87779998779297,40.87779998779297,40.38529586791992,40.63154602050781,6836295
2017-07-25,36.22689437866211,40.63154602050781,41.12405014038086,40.139041900634766,41.12405014038086,7660553
2017-07-26,36.22689437866211,40.63154602050781,40.87779998779297,40.38529586791992,40.38529586791992,3898245
2017-07-27,36.446449279785156,40.87779998779297,40.87779998779297,40.38529586791992,40.38529586791992,5881479
2017-07-31,37.10512161254883,41.616554260253906,41.616554260253906,40.63154602050781,40.87779998779297,19357015
2017-08-01,36.22689437866211,40.63154602050781,41.8628044128418,40.63154602050781,41.8628044128418,10060637
2017-08-02,36.22689437866211,40.63154602050781,41.37030029296875,40.63154602050781,40.63154602050781,9162674
2017-08-03,36.0073356628418,40.38529586791992,40.87779998779297,40.139041900634766,40.63154602050781,6112239
2017-08-04,35.78777313232422,40.139041900634766,40.63154602050781,40.139041900634766,40.38529586791992,5998940
2017-08-07,36.0073356628418,40.38529586791992,40.87779998779297,40.139041900634766,40.139041900634766,11244080
2017-08-08,35.568214416503906,39.892791748046875,40.63154602050781,39.892791748046875,40.139041900634766,7909180
2017-08-09,34.68999481201172,38.90778350830078,40.63154602050781,38.90778350830078,39.892791748046875,21307864
2017-08-10,35.12910842895508,39.40028762817383,39.892791748046875,38.90778350830078,38.90778350830078,8315472
2017-08-11,34.25088119506836,38.415279388427734,39.40028762817383,38.169029235839844,39.15403747558594,21455985
2017-08-15,34.470436096191406,38.66153335571289,38.90778350830078,38.169029235839844,38.415279388427734,10837484
2017-08-16,34.9095458984375,39.15403747558594,39.40028762817383,38.169029235839844,38.415279388427734,21291722
2017-08-17,34.470436096191406,38.66153335571289,39.15403747558594,38.169029235839844,39.15403747558594,27055436
2017-08-18,33.811767578125,37.92277526855469,38.66153335571289,37.92277526855469,38.415279388427734,15915924
2017-08-21,34.03131866455078,38.169029235839844,38.415279388427734,37.6765251159668,37.92277526855469,8211818
2017-08-22,34.03131866455078,38.169029235839844,38.415279388427734,37.92277526855469,38.415279388427734,11016569
2017-08-23,34.470436096191406,38.66153335571289,38.66153335571289,38.169029235839844,38.415279388427734,12641633
2017-08-24,34.03131866455078,38.169029235839844,38.66153335571289,37.6765251159668,38.66153335571289,23559726
2017-08-25,34.03131866455078,38.169029235839844,38.66153335571289,38.169029235839844,38.415279388427734,6336603
2017-08-28,34.470436096191406,38.66153335571289,38.66153335571289,38.66153335571289,38.66153335571289,1587907
2017-08-29,34.9095458984375,39.15403747558594,39.40028762817383,38.169029235839844,38.66153335571289,28283041
2017-08-30,34.9095458984375,39.15403747558594,39.646541595458984,38.90778350830078,39.15403747558594,17733474
2017-08-31,34.9095458984375,39.15403747558594,39.646541595458984,38.90778350830078,39.40028762817383,15431054
2017-09-01,34.9095458984375,39.15403747558594,39.40028762817383,38.90778350830078,39.40028762817383,12370061
2017-09-04,34.68999481201172,38.90778350830078,39.40028762817383,38.90778350830078,39.15403747558594,8494760
2017-09-05,34.470436096191406,38.66153335571289,39.15403747558594,38.66153335571289,38.90778350830078,8434659
2017-09-06,34.470436096191406,38.66153335571289,38.90778350830078,38.415279388427734,38.66153335571289,9449575
2017-09-07,34.470436096191406,38.66153335571289,38.90778350830078,38.415279388427734,38.66153335571289,6979847
2017-09-08,34.68999481201172,38.90778350830078,39.40028762817383,38.66153335571289,38.90778350830078,18221694
2017-09-11,34.25088119506836,38.415279388427734,39.15403747558594,38.169029235839844,38.90778350830078,15320192
2017-09-12,34.25088119506836,38.415279388427734,38.66153335571289,37.92277526855469,38.415279388427734,11540220
2017-09-13,33.811767578125,37.92277526855469,38.66153335571289,37.92277526855469,38.415279388427734,12700414
2017-09-14,34.03131866455078,38.169029235839844,38.415279388427734,37.92277526855469,38.169029235839844,20579544
2017-09-15,34.25088119506836,38.415279388427734,38.415279388427734,37.92277526855469,38.169029235839844,15525571
2017-09-18,34.470436096191406,38.66153335571289,38.90778350830078,38.169029235839844,38.66153335571289,26251280
2017-09-19,34.9095458984375,39.15403747558594,39.646541595458984,38.415279388427734,38.90778350830078,68377367
2017-09-20,35.12910842895508,39.40028762817383,39.646541595458984,39.15403747558594,39.40028762817383,37876474
2017-09-21,35.12910842895508,39.40028762817383,39.40028762817383,39.15403747558594,39.40028762817383,13358277
2017-09-22,34.470436096191406,38.66153335571289,39.15403747558594,38.415279388427734,39.15403747558594,23206124
2017-09-25,34.470436096191406,38.66153335571289,38.90778350830078,38.415279388427734,38.415279388427734,19694576
2017-09-26,34.68999481201172,38.90778350830078,38.90778350830078,38.66153335571289,38.66153335571289,20201172
2017-09-27,35.78777313232422,40.139041900634766,40.38529586791992,38.90778350830078,39.15403747558594,53328239
2017-09-28,35.568214416503906,39.892791748046875,40.139041900634766,39.40028762817383,40.139041900634766,25306616
2017-09-29,35.78777313232422,40.139041900634766,40.139041900634766,39.40028762817383,39.892791748046875,15927091
2017-10-02,36.446449279785156,40.87779998779297,41.12405014038086,40.139041900634766,40.139041900634766,26977670
2017-10-03,36.446449279785156,40.87779998779297,40.87779998779297,40.38529586791992,40.87779998779297,10154037
2017-10-04,36.0073356628418,40.38529586791992,40.87779998779297,39.892791748046875,40.87779998779297,12409858
2017-10-05,36.446449279785156,40.87779998779297,41.12405014038086,40.38529586791992,40.38529586791992,9457392
2017-10-06,36.446449279785156,40.87779998779297,41.12405014038086,40.63154602050781,40.87779998779297,15057148
2017-10-09,35.568214416503906,39.892791748046875,41.12405014038086,39.646541595458984,41.12405014038086,15540596
2017-10-10,35.78777313232422,40.139041900634766,40.63154602050781,39.892791748046875,40.139041900634766,15797346
2017-10-11,36.446449279785156,40.87779998779297,41.12405014038086,40.139041900634766,40.38529586791992,20193354
2017-10-12,36.446449279785156,40.87779998779297,41.37030029296875,40.63154602050781,41.12405014038086,17718753
2017-10-16,36.446449279785156,40.87779998779297,40.87779998779297,40.87779998779297,40.87779998779297,1181514
2017-10-17,36.446449279785156,40.87779998779297,41.12405014038086,40.63154602050781,40.87779998779297,10107743
2017-10-18,36.0073356628418,40.38529586791992,40.87779998779297,40.38529586791992,40.87779998779297,10915859
2017-10-19,35.348663330078125,39.646541595458984,40.87779998779297,39.40028762817383,40.63154602050781,12874829
2017-10-20,35.78777313232422,40.139041900634766,40.38529586791992,39.15403747558594,39.646541595458984,7583396
2017-10-24,36.22689437866211,40.63154602050781,40.87779998779297,40.139041900634766,40.38529586791992,8112732
2017-10-25,36.446449279785156,40.87779998779297,40.87779998779297,40.63154602050781,40.87779998779297,3343934
2017-10-27,37.54423141479492,42.10905838012695,42.355308532714844,40.87779998779297,41.12405014038086,27376652
2017-10-30,37.98334503173828,42.6015625,43.09406661987305,41.8628044128418,42.355308532714844,24624083
2017-10-31,37.98334503173828,42.6015625,43.09406661987305,42.355308532714844,42.84781265258789,12076561
2017-11-01,37.98334503173828,42.6015625,42.84781265258789,42.10905838012695,42.84781265258789,12106713
2017-11-02,37.763790130615234,42.355308532714844,43.09406661987305,42.10905838012695,42.6015625,10058302
2017-11-03,38.42246627807617,43.09406661987305,43.58656692504883,42.6015625,42.6015625,32121693
2017-11-06,39.73979568481445,44.57157516479492,44.57157516479492,43.09406661987305,43.58656692504883,19788383
2017-11-07,39.300689697265625,44.079071044921875,44.57157516479492,43.832820892333984,44.32532501220703,19842291
2017-11-08,38.64200973510742,43.34031677246094,44.079071044921875,43.09406661987305,43.832820892333984,21302788
2017-11-09,38.202903747558594,42.84781265258789,43.58656692504883,42.10905838012695,43.34031677246094,22758209
2017-11-10,37.324668884277344,41.8628044128418,42.6015625,41.616554260253906,42.6015625,23740536
2017-11-13,37.54423141479492,42.10905838012695,42.355308532714844,41.616554260253906,41.616554260253906,8230193
2017-11-14,38.42246627807617,43.09406661987305,43.34031677246094,41.8628044128418,42.10905838012695,15471460
2017-11-15,37.763790130615234,42.355308532714844,43.09406661987305,42.355308532714844,42.84781265258789,13229750
2017-11-16,37.98334503173828,42.6015625,42.84781265258789,41.8628044128418,42.355308532714844,17141905
2017-11-17,38.861568450927734,43.58656692504883,44.32532501220703,42.84781265258789,42.84781265258789,28375020
2017-11-20,38.861568450927734,43.58656692504883,44.32532501220703,43.34031677246094,43.832820892333984,13763351
2017-11-21,39.52024459838867,44.32532501220703,44.32532501220703,44.32532501220703,44.32532501220703,22850695
2017-11-22,38.64200973510742,43.34031677246094,44.57157516479492,43.09406661987305,44.32532501220703,11954024
2017-11-23,38.42246627807617,43.09406661987305,43.34031677246094,42.84781265258789,43.09406661987305,8760240
2017-11-24,37.98334503173828,42.6015625,43.58656692504883,42.355308532714844,43.09406661987305,11778492
2017-11-27,38.202903747558594,42.84781265258789,42.84781265258789,42.10905838012695,42.355308532714844,9633533
2017-11-28,39.08112716674805,43.832820892333984,44.32532501220703,42.6015625,42.84781265258789,17603221
2017-11-29,38.42246627807617,43.09406661987305,44.079071044921875,42.84781265258789,43.832820892333984,14254210
2017-11-30,38.202903747558594,42.84781265258789,43.58656692504883,42.84781265258789,42.84781265258789,10289772
2017-12-01,38.202903747558594,42.84781265258789,43.58656692504883,42.84781265258789,43.34031677246094,7897099
2017-12-04,37.10512161254883,41.616554260253906,43.09406661987305,41.12405014038086,43.09406661987305,25192404
2017-12-06,36.6660041809082,41.12405014038086,41.616554260253906,40.87779998779297,41.616554260253906,18691842
2017-12-07,37.324668884277344,41.8628044128418,41.8628044128418,40.87779998779297,41.37030029296875,13929035
2017-12-08,37.10512161254883,41.616554260253906,42.355308532714844,41.616554260253906,42.10905838012695,8733337
2017-12-12,36.6660041809082,41.12405014038086,42.10905838012695,40.139041900634766,41.8628044128418,23933530
2017-12-13,36.446449279785156,40.87779998779297,41.8628044128418,40.38529586791992,41.37030029296875,18356413
2017-12-14,37.10512161254883,41.616554260253906,41.8628044128418,40.63154602050781,41.12405014038086,15386790
2017-12-15,37.10512161254883,41.616554260253906,42.10905838012695,41.37030029296875,42.10905838012695,16224957
2017-12-18,37.54423141479492,42.10905838012695,42.10905838012695,41.616554260253906,42.10905838012695,7482584
2017-12-19,37.98334503173828,42.6015625,42.6015625,41.8628044128418,42.10905838012695,12733917
2017-12-20,38.64200973510742,43.34031677246094,43.34031677246094,42.355308532714844,42.6015625,11962552
2017-12-21,37.98334503173828,42.6015625,43.58656692504883,42.6015625,43.34031677246094,13994923
2017-12-22,37.763790130615234,42.355308532714844,42.84781265258789,42.355308532714844,42.6015625,8160955
2017-12-25,38.202903747558594,42.84781265258789,43.09406661987305,42.355308532714844,42.6015625,3822611
2017-12-26,38.202903747558594,42.84781265258789,43.34031677246094,42.6015625,42.84781265258789,6946446
2017-12-27,39.08112716674805,43.832820892333984,43.832820892333984,42.84781265258789,43.09406661987305,19584323
2017-12-28,38.42246627807617,43.09406661987305,43.832820892333984,42.355308532714844,43.832820892333984,15757448
2017-12-29,38.42246627807617,43.09406661987305,43.58656692504883,42.355308532714844,43.34031677246094,11221237
2018-01-03,38.42246627807617,43.09406661987305,43.832820892333984,42.6015625,43.58656692504883,20711016
2018-01-04,37.10512161254883,41.616554260253906,43.34031677246094,41.12405014038086,43.09406661987305,32068293
2018-01-05,36.22689437866211,40.63154602050781,41.8628044128418,40.63154602050781,41.616554260253906,43255318
2018-01-08,36.885555267333984,41.37030029296875,41.8628044128418,40.87779998779297,40.87779998779297,25054334
2018-01-09,37.324668884277344,41.8628044128418,41.8628044128418,41.8628044128418,41.8628044128418,1487501
2018-01-10,37.54423141479492,42.10905838012695,42.355308532714844,41.616554260253906,42.10905838012695,18979252
2018-01-11,37.763790130615234,42.355308532714844,42.355308532714844,41.616554260253906,42.10905838012695,10531191
2018-01-12,37.54423141479492,42.10905838012695,42.6015625,41.8628044128418,42.355308532714844,12682445
2018-01-15,38.861568450927734,43.58656692504883,43.58656692504883,42.10905838012695,42.355308532714844,28072485
2018-01-16,38.64200973510742,43.34031677246094,44.079071044921875,42.84781265258789,43.832820892333984,20111528
2018-01-17,39.08112716674805,43.832820892333984,44.079071044921875,42.84781265258789,43.09406661987305,15694606
2018-01-18,39.08112716674805,43.832820892333984,44.32532501220703,43.58656692504883,43.832820892333984,15178670
2018-01-19,38.42246627807617,43.09406661987305,43.832820892333984,42.10905838012695,43.58656692504883,15237655
2018-01-22,38.64200973510742,43.34031677246094,43.832820892333984,42.84781265258789,43.09406661987305,5679552
2018-01-23,38.64200973510742,43.34031677246094,43.832820892333984,42.6015625,43.58656692504883,10062058
2018-01-24,38.64200973510742,43.34031677246094,43.58656692504883,43.09406661987305,43.34031677246094,2879978
2018-01-25,37.98334503173828,42.6015625,43.58656692504883,42.6015625,43.34031677246094,7632329
2018-01-26,38.202903747558594,42.84781265258789,42.84781265258789,42.10905838012695,42.355308532714844,8696383
2018-01-29,38.42246627807617,43.09406661987305,43.34031677246094,42.6015625,42.84781265258789,4372252
2018-01-30,38.42246627807617,43.09406661987305,43.34031677246094,42.355308532714844,43.09406661987305,8501359
2018-01-31,38.64200973510742,43.34031677246094,43.34031677246094,42.6015625,42.84781265258789,7396088
2018-02-01,38.861568450927734,43.58656692504883,43.832820892333984,43.09406661987305,43.34031677246094,14190556
2018-02-02,38.64200973510742,43.34031677246094,43.832820892333984,42.6015625,43.58656692504883,9147953
2018-02-05,38.202903747558594,42.84781265258789,43.09406661987305,42.355308532714844,42.355308532714844,8691814
2018-02-06,37.324668884277344,41.8628044128418,42.10905838012695,40.63154602050781,41.37030029296875,21021978
2018-02-07,37.324668884277344,41.8628044128418,42.355308532714844,41.616554260253906,41.8628044128418,8551206
2018-02-08,37.763790130615234,42.355308532714844,42.355308532714844,41.37030029296875,41.616554260253906,7009085
2018-02-09,37.324668884277344,41.8628044128418,42.10905838012695,41.37030029296875,41.37030029296875,6684824
2018-02-12,37.324668884277344,41.8628044128418,42.10905838012695,41.616554260253906,41.8628044128418,4905750
2018-02-13,37.763790130615234,42.355308532714844,42.6015625,42.10905838012695,42.10905838012695,6597921
2018-02-14,38.42246627807617,43.09406661987305,43.34031677246094,42.355308532714844,42.6015625,12290366
2018-02-15,38.202903747558594,42.84781265258789,43.09406661987305,42.10905838012695,43.09406661987305,9464803
2018-02-16,37.54423141479492,42.10905838012695,42.84781265258789,41.616554260253906,42.6015625,8783692
2018-02-19,37.10512161254883,41.616554260253906,42.355308532714844,41.37030029296875,42.10905838012695,12649349
2018-02-20,35.78777313232422,40.139041900634766,41.37030029296875,40.139041900634766,41.12405014038086,31511444
2018-02-21,35.12910842895508,39.40028762817383,40.63154602050781,39.15403747558594,40.139041900634766,20380663
2018-02-22,34.68999481201172,38.90778350830078,39.892791748046875,38.66153335571289,39.15403747558594,20150106
2018-02-23,35.78777313232422,40.139041900634766,40.38529586791992,39.15403747558594,39.40028762817383,19467573
2018-02-26,36.0073356628418,40.38529586791992,40.63154602050781,39.892791748046875,40.38529586791992,10356269
2018-02-27,35.78777313232422,40.139041900634766,40.87779998779297,39.892791748046875,40.63154602050781,15369329
2018-02-28,35.568214416503906,39.892791748046875,40.38529586791992,39.40028762817383,39.892791748046875,20633250
2018-03-02,34.9095458984375,39.15403747558594,39.892791748046875,38.66153335571289,39.646541595458984,17971442
2018-03-05,34.68999481201172,38.90778350830078,38.90778350830078,38.415279388427734,38.66153335571289,15061615
2018-03-06,34.25088119506836,38.415279388427734,39.646541595458984,37.92277526855469,38.90778350830078,17911138
2018-03-07,34.25088119506836,38.415279388427734,38.66153335571289,37.6765251159668,38.415279388427734,11546311
2018-03-08,34.25088119506836,38.415279388427734,38.66153335571289,37.6765251159668,38.169029235839844,10062261
2018-03-09,34.25088119506836,38.415279388427734,38.90778350830078,37.92277526855469,38.66153335571289,9074146
2018-03-12,34.03131866455078,38.169029235839844,38.90778350830078,37.92277526855469,38.66153335571289,10015459
2018-03-13,32.933536529541016,36.93777084350586,37.6765251159668,36.199012756347656,37.6765251159668,35321061
2018-03-14,34.470436096191406,38.66153335571289,38.66153335571289,36.6915168762207,36.93777084350586,24687230
2018-03-15,34.25088119506836,38.415279388427734,38.90778350830078,38.169029235839844,38.66153335571289,10815859
2018-03-16,33.37264633178711,37.43027114868164,38.415279388427734,36.93777084350586,38.415279388427734,37395665
2018-03-19,33.37264633178711,37.43027114868164,37.92277526855469,36.93777084350586,37.18402099609375,7868977
2018-03-20,34.03131866455078,38.169029235839844,38.415279388427734,37.18402099609375,37.43027114868164,10805809
2018-03-21,33.37264633178711,37.43027114868164,38.169029235839844,36.93777084350586,37.92277526855469,13398379
2018-03-22,33.15309524536133,37.18402099609375,37.6765251159668,36.93777084350586,37.6765251159668,6886751
2018-03-23,32.7139778137207,36.6915168762207,37.18402099609375,36.44526672363281,36.93777084350586,8301157
2018-03-26,32.7139778137207,36.6915168762207,36.93777084350586,36.44526672363281,36.6915168762207,9500336
2018-03-27,33.811767578125,37.92277526855469,38.415279388427734,36.6915168762207,36.93777084350586,17347487
2018-03-28,33.15309524536133,37.18402099609375,38.169029235839844,37.18402099609375,37.92277526855469,6758123
2018-03-29,33.37264633178711,37.43027114868164,38.169029235839844,36.93777084350586,37.18402099609375,14288118
2018-03-30,33.59220504760742,37.6765251159668,37.92277526855469,36.6915168762207,37.6765251159668,8636688
2018-04-02,33.811767578125,37.92277526855469,38.169029235839844,37.43027114868164,37.92277526855469,5874474
2018-04-03,33.59220504760742,37.6765251159668,37.92277526855469,37.43027114868164,37.92277526855469,4471540
2018-04-04,32.933536529541016,36.93777084350586,37.6765251159668,36.93777084350586,37.6765251159668,9871805
2018-04-05,34.25088119506836,38.415279388427734,38.66153335571289,36.93777084350586,37.18402099609375,18108090
2018-04-09,35.12910842895508,39.40028762817383,39.646541595458984,38.415279388427734,38.415279388427734,22740544
2018-04-10,35.262168884277344,39.15403747558594,39.646541595458984,38.66153335571289,38.90778350830078,12653917
2018-04-11,35.483943939208984,39.40028762817383,39.646541595458984,38.90778350830078,39.15403747558594,7268677
2018-04-12,35.0403938293457,38.90778350830078,39.40028762817383,38.415279388427734,39.40028762817383,8790595
2018-04-17,35.0403938293457,38.90778350830078,39.40028762817383,38.66153335571289,39.40028762817383,7511214
2018-04-18,35.262168884277344,39.15403747558594,39.646541595458984,38.66153335571289,38.90778350830078,8905518
2018-04-19,35.0403938293457,38.90778350830078,39.40028762817383,38.66153335571289,39.40028762817383,10842560
2018-04-20,35.0403938293457,38.90778350830078,39.646541595458984,38.66153335571289,39.15403747558594,11307734
2018-04-23,35.483943939208984,39.40028762817383,39.646541595458984,38.90778350830078,39.15403747558594,5255596
2018-04-24,35.70572280883789,39.646541595458984,40.38529586791992,39.40028762817383,39.646541595458984,11148344
2018-04-25,35.483943939208984,39.40028762817383,39.646541595458984,39.15403747558594,39.40028762817383,6297415
2018-04-26,35.483943939208984,39.40028762817383,39.646541595458984,38.90778350830078,39.40028762817383,6043509
2018-04-27,35.483943939208984,39.40028762817383,39.646541595458984,38.90778350830078,39.40028762817383,3593070
2018-04-30,35.70572280883789,39.646541595458984,39.646541595458984,38.90778350830078,39.40028762817383,6648174
2018-05-02,35.483943939208984,39.40028762817383,39.646541595458984,38.90778350830078,39.646541595458984,5375798
2018-05-03,35.483943939208984,39.40028762817383,40.139041900634766,39.40028762817383,39.40028762817383,5553868
2018-05-04,35.483943939208984,39.40028762817383,39.646541595458984,39.15403747558594,39.40028762817383,8722474
2018-05-07,35.262168884277344,39.15403747558594,39.646541595458984,38.90778350830078,39.40028762817383,7247053
2018-05-08,34.37507247924805,38.169029235839844,39.40028762817383,37.6765251159668,39.40028762817383,13528632
2018-05-09,34.37507247924805,38.169029235839844,38.90778350830078,37.92277526855469,38.415279388427734,7552635
2018-05-10,34.818626403808594,38.66153335571289,39.15403747558594,37.92277526855469,38.169029235839844,9787847
2018-05-11,34.818626403808594,38.66153335571289,38.66153335571289,37.92277526855469,38.415279388427734,5866454
2018-05-14,33.487972259521484,37.18402099609375,38.66153335571289,36.44526672363281,38.415279388427734,25863465
2018-05-15,33.26620101928711,36.93777084350586,37.18402099609375,36.44526672363281,36.93777084350586,15074712
2018-05-16,33.70974349975586,37.43027114868164,37.6765251159668,36.6915168762207,36.93777084350586,8544302
2018-05-17,33.26620101928711,36.93777084350586,37.43027114868164,36.44526672363281,37.18402099609375,13781422
2018-05-18,33.26620101928711,36.93777084350586,37.18402099609375,36.44526672363281,36.6915168762207,5245139
2018-05-21,33.70974349975586,37.43027114868164,37.6765251159668,36.93777084350586,36.93777084350586,6539647
2018-05-22,33.487972259521484,37.18402099609375,37.43027114868164,36.93777084350586,37.18402099609375,4722808
2018-05-23,31.93555450439453,35.46025848388672,36.93777084350586,35.46025848388672,36.6915168762207,33526049
2018-05-24,30.826675415039062,34.229000091552734,35.46025848388672,33.98274612426758,35.46025848388672,36174354
2018-05-25,31.048446655273438,34.475250244140625,35.706512451171875,33.98274612426758,34.72150421142578,28233803
2018-05-28,31.048446655273438,34.475250244140625,34.96775436401367,33.98274612426758,34.475250244140625,14564969
2018-05-30,30.161354064941406,33.4902458190918,34.229000091552734,32.99774169921875,33.98274612426758,27464063
2018-05-31,28.830703735351562,32.012733459472656,33.73649597167969,31.52022933959961,33.4902458190918,71098566
2018-06-01,28.16537857055664,31.273977279663086,32.99774169921875,30.781475067138672,32.5052375793457,38265709
2018-06-04,29.49602699279785,32.751487731933594,32.99774169921875,32.012733459472656,32.012733459472656,27304571
2018-06-05,29.939577102661133,33.24399185180664,33.73649597167969,32.5052375793457,33.24399185180664,27031274
2018-06-06,31.713773727416992,35.21400833129883,35.706512451171875,32.012733459472656,32.99774169921875,52532204
2018-06-07,31.713773727416992,35.21400833129883,35.706512451171875,34.72150421142578,35.46025848388672,24974233
2018-06-08,31.27022933959961,34.72150421142578,35.21400833129883,34.475250244140625,35.21400833129883,12482142
2018-06-11,31.27022933959961,34.72150421142578,35.21400833129883,34.475250244140625,34.475250244140625,6687971
2018-06-12,31.27022933959961,34.72150421142578,35.46025848388672,34.72150421142578,34.72150421142578,13029244
2018-06-13,31.048446655273438,34.475250244140625,35.21400833129883,34.229000091552734,34.96775436401367,13464571
2018-06-14,30.383127212524414,33.73649597167969,34.475250244140625,33.4902458190918,34.475250244140625,23748252
2018-06-15,30.383127212524414,33.73649597167969,33.98274612426758,33.24399185180664,33.73649597167969,14188424
2018-06-18,30.161354064941406,33.4902458190918,33.73649597167969,32.751487731933594,33.4902458190918,10254645
2018-06-19,29.49602699279785,32.751487731933594,33.24399185180664,32.25898361206055,32.99774169921875,21102891
2018-06-20,30.161354064941406,33.4902458190918,33.73649597167969,31.766481399536133,32.99774169921875,22120650
2018-06-21,28.830703735351562,32.012733459472656,33.24399185180664,31.766481399536133,33.24399185180664,25956358
2018-06-22,29.052474975585938,32.25898361206055,33.4902458190918,32.012733459472656,32.5052375793457,18549001
2018-06-25,29.052474975585938,32.25898361206055,33.24399185180664,32.012733459472656,32.5052375793457,12401838
2018-06-26,29.49602699279785,32.751487731933594,33.24399185180664,31.52022933959961,31.766481399536133,16384347
2018-06-27,29.052474975585938,32.25898361206055,32.99774169921875,32.012733459472656,32.751487731933594,10123580
2018-06-28,28.608932495117188,31.766481399536133,32.5052375793457,31.766481399536133,32.25898361206055,15160295
2018-06-29,28.830703735351562,32.012733459472656,32.25898361206055,31.273977279663086,31.766481399536133,15503338
2018-07-02,28.830703735351562,32.012733459472656,32.25898361206055,31.027725219726562,32.25898361206055,13280410
2018-07-03,30.383127212524414,33.73649597167969,34.229000091552734,31.52022933959961,32.012733459472656,25011187
2018-07-04,29.717805862426758,32.99774169921875,33.73649597167969,32.751487731933594,33.4902458190918,18458849
2018-07-05,28.830703735351562,32.012733459472656,33.24399185180664,31.273977279663086,33.24399185180664,20748883
2018-07-06,30.161354064941406,33.4902458190918,33.73649597167969,31.52022933959961,32.012733459472656,16343839
2018-07-09,29.717805862426758,32.99774169921875,33.4902458190918,32.25898361206055,33.4902458190918,13689138
2018-07-10,29.717805862426758,32.99774169921875,33.24399185180664,32.012733459472656,33.24399185180664,11076873
2018-07-11,29.939577102661133,33.24399185180664,33.24399185180664,32.5052375793457,32.5052375793457,5422904
2018-07-12,30.383127212524414,33.73649597167969,33.98274612426758,32.751487731933594,32.99774169921875,12701836
2018-07-13,30.826675415039062,34.229000091552734,34.475250244140625,33.73649597167969,33.73649597167969,10860326
2018-07-16,29.939577102661133,33.24399185180664,34.475250244140625,32.99774169921875,34.475250244140625,11385195
2018-07-17,29.939577102661133,33.24399185180664,33.98274612426758,32.5052375793457,32.99774169921875,8503288
2018-07-18,29.717805862426758,32.99774169921875,33.73649597167969,32.751487731933594,33.4902458190918,8629480
2018-07-19,30.161354064941406,33.4902458190918,33.98274612426758,32.99774169921875,32.99774169921875,9469575
2018-07-20,30.604902267456055,33.98274612426758,34.475250244140625,33.4902458190918,33.73649597167969,14649232
2018-07-23,30.826675415039062,34.229000091552734,34.72150421142578,33.73649597167969,33.73649597167969,10381548
2018-07-24,31.048446655273438,34.475250244140625,34.72150421142578,34.229000091552734,34.475250244140625,7159643
2018-07-25,32.157318115234375,35.706512451171875,36.199012756347656,34.475250244140625,34.72150421142578,32554584
2018-07-26,32.37910461425781,35.952762603759766,36.44526672363281,35.46025848388672,35.46025848388672,14948215
2018-07-31,33.70974349975586,37.43027114868164,37.6765251159668,35.706512451171875,35.952762603759766,29026082
2018-08-01,34.15329360961914,37.92277526855469,38.169029235839844,36.93777084350586,37.43027114868164,23328154
2018-08-02,33.70974349975586,37.43027114868164,37.6765251159668,36.6915168762207,37.43027114868164,16817440
2018-08-03,33.487972259521484,37.18402099609375,37.6765251159668,36.93777084350586,37.43027114868164,13194725
2018-08-06,33.70974349975586,37.43027114868164,37.92277526855469,37.18402099609375,37.43027114868164,12247423
2018-08-07,34.37507247924805,38.169029235839844,38.66153335571289,37.18402099609375,37.6765251159668,18637528
2018-08-08,34.37507247924805,38.169029235839844,38.66153335571289,37.6765251159668,38.169029235839844,20461068
2018-08-09,34.15329360961914,37.92277526855469,38.415279388427734,37.92277526855469,38.169029235839844,7130709
2018-08-10,33.70974349975586,37.43027114868164,38.169029235839844,37.18402099609375,37.92277526855469,17009317
2018-08-14,33.931522369384766,37.6765251159668,37.92277526855469,36.44526672363281,36.6915168762207,11393419
2018-08-15,33.487972259521484,37.18402099609375,37.43027114868164,36.44526672363281,37.18402099609375,14462026
2018-08-16,32.60087203979492,36.199012756347656,36.93777084350586,35.706512451171875,36.93777084350586,23351910
2018-08-17,33.487972259521484,37.18402099609375,37.6765251159668,36.199012756347656,36.199012756347656,15974807
2018-08-20,33.26620101928711,36.93777084350586,37.92277526855469,36.44526672363281,37.18402099609375,13795635
2018-08-21,33.04442596435547,36.6915168762207,37.18402099609375,36.199012756347656,36.93777084350586,14708623
2018-08-22,33.04442596435547,36.6915168762207,37.43027114868164,36.44526672363281,36.6915168762207,11679609
2018-08-23,33.26620101928711,36.93777084350586,37.43027114868164,36.6915168762207,36.93777084350586,9924698
2018-08-24,33.04442596435547,36.6915168762207,36.93777084350586,36.199012756347656,36.93777084350586,8970492
2018-08-27,33.487972259521484,37.18402099609375,37.18402099609375,36.44526672363281,36.6915168762207,5293463
2018-08-28,34.15329360961914,37.92277526855469,38.169029235839844,37.18402099609375,37.6765251159668,24383171
2018-08-29,34.59684371948242,38.415279388427734,38.415279388427734,37.18402099609375,37.92277526855469,15147300
2018-08-30,34.818626403808594,38.66153335571289,38.90778350830078,37.92277526855469,38.169029235839844,13037874
2018-08-31,35.0403938293457,38.90778350830078,38.90778350830078,38.169029235839844,38.415279388427734,7772328
2018-09-03,34.818626403808594,38.66153335571289,38.90778350830078,38.169029235839844,38.90778350830078,7390402
2018-09-04,34.37507247924805,38.169029235839844,38.66153335571289,37.92277526855469,38.415279388427734,9598203
2018-09-05,33.931522369384766,37.6765251159668,38.415279388427734,37.6765251159668,38.169029235839844,8000449
2018-09-06,34.37507247924805,38.169029235839844,38.66153335571289,37.6765251159668,37.6765251159668,11389967
2018-09-07,34.15329360961914,37.92277526855469,38.415279388427734,37.43027114868164,38.169029235839844,8047859
2018-09-10,33.931522369384766,37.6765251159668,38.169029235839844,37.6765251159668,37.6765251159668,4864228
2018-09-11,33.70974349975586,37.43027114868164,38.169029235839844,37.43027114868164,37.6765251159668,4799964
2018-09-12,33.70974349975586,37.43027114868164,38.169029235839844,36.6915168762207,37.18402099609375,9609168
2018-09-13,34.15329360961914,37.92277526855469,38.66153335571289,37.43027114868164,37.43027114868164,11172202
2018-09-14,35.0403938293457,38.90778350830078,38.90778350830078,38.169029235839844,38.169029235839844,11358901
2018-09-17,35.0403938293457,38.90778350830078,39.40028762817383,38.66153335571289,38.66153335571289,10112717
2018-09-18,35.483943939208984,39.40028762817383,39.40028762817383,38.415279388427734,38.90778350830078,14333499
2018-09-19,35.70572280883789,39.646541595458984,40.38529586791992,39.40028762817383,39.40028762817383,25878287
2018-09-20,35.483943939208984,39.40028762817383,40.139041900634766,39.40028762817383,39.892791748046875,10583780
2018-09-21,35.262168884277344,39.15403747558594,40.139041900634766,39.15403747558594,39.40028762817383,12997874
2018-09-24,35.483943939208984,39.40028762817383,39.892791748046875,38.90778350830078,39.15403747558594,11556260
2018-09-25,35.92749786376953,39.892791748046875,40.139041900634766,39.15403747558594,39.40028762817383,8300852
2018-09-26,36.14926528930664,40.139041900634766,40.38529586791992,39.892791748046875,39.892791748046875,6395181
2018-09-27,35.92749786376953,39.892791748046875,40.139041900634766,39.15403747558594,40.139041900634766,21458827
2018-09-28,36.37104415893555,40.38529586791992,40.38529586791992,39.646541595458984,40.139041900634766,15839071
2018-10-01,37.03636932373047,41.12405014038086,41.616554260253906,40.38529586791992,40.63154602050781,22301156
2018-10-02,36.14926528930664,40.139041900634766,41.616554260253906,39.40028762817383,41.12405014038086,25929251
2018-10-03,35.92749786376953,39.892791748046875,40.38529586791992,39.646541595458984,40.139041900634766,6315689
2018-10-04,35.0403938293457,38.90778350830078,39.892791748046875,38.66153335571289,39.646541595458984,19149504
2018-10-05,35.0403938293457,38.90778350830078,39.646541595458984,38.66153335571289,39.15403747558594,10747129
2018-10-08,33.931522369384766,37.6765251159668,38.90778350830078,37.6765251159668,38.90778350830078,19820667
2018-10-09,34.37507247924805,38.169029235839844,38.66153335571289,37.43027114868164,37.92277526855469,11630371
2018-10-10,34.818626403808594,38.66153335571289,38.90778350830078,37.92277526855469,38.415279388427734,10411497
2018-10-11,33.70974349975586,37.43027114868164,37.92277526855469,36.6915168762207,37.6765251159668,21071520
2018-10-12,34.37507247924805,38.169029235839844,38.415279388427734,37.43027114868164,37.92277526855469,11003168
2018-10-16,33.931522369384766,37.6765251159668,38.415279388427734,37.6765251159668,37.6765251159668,8509379
2018-10-17,34.15329360961914,37.92277526855469,38.415279388427734,37.92277526855469,38.169029235839844,5658232
2018-10-18,33.487972259521484,37.18402099609375,37.92277526855469,37.18402099609375,37.6765251159668,8272223
2018-10-19,34.15329360961914,37.92277526855469,38.169029235839844,36.6915168762207,37.18402099609375,11338191
2018-10-22,33.70974349975586,37.43027114868164,38.169029235839844,36.93777084350586,38.169029235839844,4531438
2018-10-24,32.60087203979492,36.199012756347656,37.43027114868164,35.952762603759766,36.93777084350586,14327204
2018-10-25,32.60087203979492,36.199012756347656,36.6915168762207,34.72150421142578,35.46025848388672,19872443
2018-10-26,32.37910461425781,35.952762603759766,36.93777084350586,35.706512451171875,35.706512451171875,9304906
2018-10-29,31.048446655273438,34.475250244140625,36.199012756347656,33.73649597167969,34.475250244140625,31636113
2018-10-30,31.27022933959961,34.72150421142578,35.21400833129883,33.98274612426758,34.475250244140625,18045553
2018-10-31,32.37910461425781,35.952762603759766,35.952762603759766,34.96775436401367,35.21400833129883,17760986
2018-11-01,32.157318115234375,35.706512451171875,36.199012756347656,35.46025848388672,35.952762603759766,16900587
2018-11-02,32.82265090942383,36.44526672363281,37.43027114868164,35.706512451171875,36.199012756347656,15477754
2018-11-05,33.26620101928711,36.93777084350586,36.93777084350586,36.199012756347656,36.44526672363281,6461881
2018-11-06,32.60087203979492,36.199012756347656,37.43027114868164,35.952762603759766,37.18402099609375,10922458
2018-11-07,33.04442596435547,36.6915168762207,37.18402099609375,35.706512451171875,36.199012756347656,13500814
2018-11-08,32.82265090942383,36.44526672363281,37.43027114868164,36.199012756347656,37.43027114868164,9004299
2018-11-09,32.60087203979492,36.199012756347656,36.6915168762207,36.199012756347656,36.199012756347656,3481598
2018-11-12,32.60087203979492,36.199012756347656,36.93777084350586,35.952762603759766,36.199012756347656,2637442
2018-11-13,31.713773727416992,35.21400833129883,36.44526672363281,34.96775436401367,35.952762603759766,22885010
2018-11-14,31.713773727416992,35.21400833129883,36.6915168762207,35.21400833129883,35.21400833129883,17971239
2018-11-15,31.93555450439453,35.46025848388672,36.199012756347656,35.46025848388672,35.46025848388672,9704192
2018-11-16,31.713773727416992,35.21400833129883,35.706512451171875,34.96775436401367,35.46025848388672,9105720
2018-11-19,31.048446655273438,34.475250244140625,35.21400833129883,33.98274612426758,35.21400833129883,13426805
2018-11-20,30.604902267456055,33.98274612426758,34.475250244140625,33.4902458190918,34.229000091552734,9753228
2018-11-21,30.383127212524414,33.73649597167969,33.98274612426758,32.99774169921875,33.4902458190918,14482533
2018-11-22,30.383127212524414,33.73649597167969,34.96775436401367,33.4902458190918,33.73649597167969,15097656
2018-11-23,31.048446655273438,34.475250244140625,34.72150421142578,33.4902458190918,33.73649597167969,7470706
2018-11-26,31.27022933959961,34.72150421142578,34.96775436401367,33.98274612426758,34.475250244140625,5722496
2018-11-27,31.713773727416992,35.21400833129883,35.46025848388672,34.475250244140625,34.72150421142578,8340345
2018-11-28,31.713773727416992,35.21400833129883,36.199012756347656,34.96775436401367,35.21400833129883,14116038
2018-11-29,31.713773727416992,35.21400833129883,35.952762603759766,35.21400833129883,35.21400833129883,5993357
2018-11-30,32.157318115234375,35.706512451171875,35.706512451171875,34.72150421142578,35.46025848388672,12934524
2018-12-03,32.157318115234375,35.706512451171875,35.952762603759766,35.21400833129883,35.952762603759766,11409764
2018-12-04,31.93555450439453,35.46025848388672,36.199012756347656,35.21400833129883,35.952762603759766,12601329
2018-12-06,31.713773727416992,35.21400833129883,35.21400833129883,34.72150421142578,34.96775436401367,7739131
2018-12-07,31.713773727416992,35.21400833129883,35.46025848388672,34.72150421142578,35.21400833129883,4805142
2018-12-11,31.048446655273438,34.475250244140625,35.21400833129883,34.475250244140625,35.21400833129883,7224211
2018-12-12,31.27022933959961,34.72150421142578,35.21400833129883,34.475250244140625,34.72150421142578,6629697
2018-12-13,31.27022933959961,34.72150421142578,35.21400833129883,34.475250244140625,34.72150421142578,5401889
2018-12-14,31.048446655273438,34.475250244140625,34.96775436401367,33.73649597167969,34.72150421142578,7529691
2018-12-17,30.826675415039062,34.229000091552734,34.475250244140625,33.73649597167969,34.475250244140625,5248794
2018-12-18,30.826675415039062,34.229000091552734,34.475250244140625,33.73649597167969,33.73649597167969,6993248
2018-12-19,31.27022933959961,34.72150421142578,34.96775436401367,33.4902458190918,33.73649597167969,11253724
2018-12-20,31.27022933959961,34.72150421142578,34.72150421142578,33.98274612426758,34.475250244140625,5911631
2018-12-21,30.383127212524414,33.73649597167969,34.72150421142578,33.73649597167969,34.475250244140625,11461032
2018-12-24,30.826675415039062,34.229000091552734,34.72150421142578,33.24399185180664,33.4902458190918,8208061
2018-12-25,30.383127212524414,33.73649597167969,33.98274612426758,33.24399185180664,33.73649597167969,4859659
2018-12-26,30.161354064941406,33.4902458190918,33.98274612426758,33.24399185180664,33.98274612426758,5687978
2018-12-27,29.939577102661133,33.24399185180664,34.475250244140625,32.99774169921875,34.475250244140625,8993538
2018-12-28,30.161354064941406,33.4902458190918,33.73649597167969,32.751487731933594,32.99774169921875,7761466
2019-01-02,29.939577102661133,33.24399185180664,34.475250244140625,33.24399185180664,34.229000091552734,8467552
2019-01-03,29.939577102661133,33.24399185180664,33.98274612426758,32.99774169921875,33.24399185180664,9196683
2019-01-04,30.161354064941406,33.4902458190918,33.73649597167969,32.25898361206055,33.24399185180664,12514527
2019-01-07,30.826675415039062,34.229000091552734,34.475250244140625,33.73649597167969,33.98274612426758,8514760
2019-01-08,30.826675415039062,34.229000091552734,34.475250244140625,33.98274612426758,34.475250244140625,5290215
2019-01-09,30.826675415039062,34.229000091552734,34.72150421142578,33.98274612426758,34.475250244140625,6304420
2019-01-10,31.492000579833984,34.96775436401367,35.46025848388672,34.229000091552734,34.229000091552734,14730856
2019-01-11,31.713773727416992,35.21400833129883,35.21400833129883,34.475250244140625,35.21400833129883,8872117
2019-01-14,31.27022933959961,34.72150421142578,35.21400833129883,34.475250244140625,35.21400833129883,4182101
2019-01-15,31.27022933959961,34.72150421142578,34.96775436401367,34.229000091552734,34.72150421142578,5774272
2019-01-16,31.27022933959961,34.72150421142578,35.21400833129883,34.229000091552734,34.72150421142578,11235653
2019-01-17,31.492000579833984,34.96775436401367,35.46025848388672,34.72150421142578,34.96775436401367,10589262
2019-01-18,32.37910461425781,35.952762603759766,36.199012756347656,35.21400833129883,35.46025848388672,14156952
2019-01-21,32.157318115234375,35.706512451171875,36.199012756347656,35.46025848388672,36.199012756347656,6339953
2019-01-22,33.04442596435547,36.6915168762207,36.93777084350586,35.952762603759766,35.952762603759766,15863335
2019-01-23,33.04442596435547,36.6915168762207,37.92277526855469,36.44526672363281,36.6915168762207,17343020
2019-01-24,33.487972259521484,37.18402099609375,38.169029235839844,37.18402099609375,37.92277526855469,17616825
2019-01-25,33.70974349975586,37.43027114868164,37.92277526855469,37.18402099609375,37.43027114868164,7840957
2019-01-28,34.37507247924805,38.169029235839844,38.415279388427734,37.18402099609375,37.43027114868164,12855438
2019-01-29,34.37507247924805,38.169029235839844,38.415279388427734,37.6765251159668,38.169029235839844,8556790
2019-01-30,34.37507247924805,38.169029235839844,38.415279388427734,37.43027114868164,38.415279388427734,7074262
2019-01-31,34.37507247924805,38.169029235839844,38.66153335571289,37.43027114868164,38.415279388427734,15345573
2019-02-01,34.15329360961914,37.92277526855469,38.415279388427734,37.92277526855469,38.169029235839844,6358633
2019-02-04,34.15329360961914,37.92277526855469,38.169029235839844,37.6765251159668,38.169029235839844,5021181
2019-02-05,34.37507247924805,38.169029235839844,38.169029235839844,37.43027114868164,37.92277526855469,5601786
2019-02-06,34.37507247924805,38.169029235839844,38.169029235839844,37.6765251159668,38.169029235839844,4407480
2019-02-07,34.15329360961914,37.92277526855469,38.169029235839844,37.43027114868164,37.92277526855469,4727681
2019-02-08,33.70974349975586,37.43027114868164,37.92277526855469,36.93777084350586,37.92277526855469,6608073
2019-02-11,33.487972259521484,37.18402099609375,37.43027114868164,36.6915168762207,36.93777084350586,8202985
2019-02-12,33.931522369384766,37.6765251159668,37.92277526855469,37.18402099609375,37.18402099609375,4135604
2019-02-13,34.37507247924805,38.169029235839844,38.169029235839844,37.43027114868164,37.6765251159668,9127445
2019-02-14,34.15329360961914,37.92277526855469,38.415279388427734,37.6765251159668,38.169029235839844,5653055
2019-02-15,33.70974349975586,37.43027114868164,38.169029235839844,37.18402099609375,37.92277526855469,6144726
2019-02-18,33.487972259521484,37.18402099609375,37.6765251159668,37.18402099609375,37.43027114868164,3302310
2019-02-20,33.70974349975586,37.43027114868164,37.92277526855469,37.18402099609375,37.43027114868164,5924931
2019-02-21,33.04442596435547,36.6915168762207,37.43027114868164,36.44526672363281,37.18402099609375,13853096
2019-02-22,33.487972259521484,37.18402099609375,37.43027114868164,36.199012756347656,36.44526672363281,9064705
2019-02-25,33.26620101928711,36.93777084350586,37.6765251159668,36.93777084350586,36.93777084350586,15573693
2019-02-26,33.04442596435547,36.6915168762207,37.43027114868164,36.6915168762207,36.93777084350586,10329670
2019-02-27,34.15329360961914,37.92277526855469,38.415279388427734,36.93777084350586,36.93777084350586,20339242
2019-02-28,34.37507247924805,38.169029235839844,38.169029235839844,37.6765251159668,37.92277526855469,11751690
2019-03-01,34.59684371948242,38.415279388427734,38.415279388427734,37.6765251159668,38.415279388427734,12897773
2019-03-04,34.37507247924805,38.169029235839844,38.415279388427734,37.6765251159668,38.415279388427734,5157830
2019-03-05,33.931522369384766,37.6765251159668,38.169029235839844,37.43027114868164,38.169029235839844,5704628
2019-03-06,33.70974349975586,37.43027114868164,37.92277526855469,37.18402099609375,37.43027114868164,7039339
2019-03-07,34.15329360961914,37.92277526855469,37.92277526855469,36.93777084350586,37.43027114868164,6104320
2019-03-08,34.15329360961914,37.92277526855469,37.92277526855469,37.43027114868164,37.6765251159668,4475703
2019-03-11,33.931522369384766,37.6765251159668,37.92277526855469,37.43027114868164,37.92277526855469,5691836
2019-03-12,34.15329360961914,37.92277526855469,37.92277526855469,37.43027114868164,37.6765251159668,6342796
2019-03-13,34.59684371948242,38.415279388427734,38.415279388427734,37.43027114868164,37.92277526855469,10950884
2019-03-14,34.818626403808594,38.66153335571289,38.90778350830078,38.169029235839844,38.66153335571289,14938469
2019-03-15,33.931522369384766,37.6765251159668,38.66153335571289,37.6765251159668,38.66153335571289,12802647
2019-03-18,33.70974349975586,37.43027114868164,37.92277526855469,37.18402099609375,37.6765251159668,12424579
2019-03-19,34.15329360961914,37.92277526855469,38.169029235839844,37.43027114868164,37.43027114868164,6657311
2019-03-20,34.15329360961914,37.92277526855469,38.415279388427734,37.6765251159668,37.92277526855469,11205095
2019-03-21,34.37507247924805,38.169029235839844,38.415279388427734,37.6765251159668,37.92277526855469,5635999
2019-03-22,34.59684371948242,38.415279388427734,38.415279388427734,37.92277526855469,38.169029235839844,7491011
2019-03-25,34.15329360961914,37.92277526855469,38.415279388427734,37.18402099609375,37.92277526855469,10707129
2019-03-26,34.15329360961914,37.92277526855469,37.92277526855469,37.43027114868164,37.6765251159668,7999129
2019-03-27,33.931522369384766,37.6765251159668,37.92277526855469,37.43027114868164,37.6765251159668,6121173
2019-03-28,33.931522369384766,37.6765251159668,37.92277526855469,37.43027114868164,37.43027114868164,4948085
2019-03-29,34.59684371948242,38.415279388427734,38.415279388427734,37.43027114868164,37.92277526855469,10859311
2019-04-01,34.818626403808594,38.66153335571289,38.90778350830078,38.415279388427734,38.66153335571289,7806846
2019-04-02,35.0403938293457,38.90778350830078,39.40028762817383,38.415279388427734,38.66153335571289,14059084
2019-04-03,34.15329360961914,37.92277526855469,38.90778350830078,37.43027114868164,38.90778350830078,21623801
2019-04-04,33.487972259521484,37.18402099609375,38.169029235839844,37.18402099609375,37.92277526855469,17228807
2019-04-05,33.70974349975586,37.43027114868164,37.43027114868164,36.44526672363281,37.43027114868164,23313331
2019-04-09,33.70974349975586,37.43027114868164,37.43027114868164,36.93777084350586,37.18402099609375,9421352
2019-04-10,33.04442596435547,36.6915168762207,37.43027114868164,36.6915168762207,37.43027114868164,15768514
2019-04-11,33.26620101928711,36.93777084350586,37.18402099609375,36.44526672363281,36.6915168762207,9129882
2019-04-12,33.04442596435547,36.6915168762207,36.93777084350586,36.199012756347656,36.93777084350586,17755707
2019-04-17,33.26620101928711,36.93777084350586,37.18402099609375,36.44526672363281,36.93777084350586,14011877
2019-04-18,33.70974349975586,37.43027114868164,37.6765251159668,36.93777084350586,36.93777084350586,10655048
2019-04-19,33.487972259521484,37.18402099609375,37.6765251159668,36.93777084350586,37.43027114868164,5774881
2019-04-22,33.26620101928711,36.93777084350586,37.43027114868164,36.93777084350586,37.18402099609375,3204138
2019-04-23,33.487972259521484,37.18402099609375,37.18402099609375,36.6915168762207,36.93777084350586,6419546
2019-04-24,33.70974349975586,37.43027114868164,37.6765251159668,36.93777084350586,37.43027114868164,11613823
2019-04-25,33.487972259521484,37.18402099609375,37.6765251159668,36.93777084350586,37.6765251159668,7448168
2019-04-26,33.3983154296875,36.6915168762207,36.93777084350586,36.44526672363281,36.6915168762207,7020354
2019-04-29,33.3983154296875,36.6915168762207,36.93777084350586,36.199012756347656,36.93777084350586,12710769
2019-04-30,33.622467041015625,36.93777084350586,36.93777084350586,36.44526672363281,36.6915168762207,12415746
2019-05-02,33.622467041015625,36.93777084350586,37.43027114868164,36.6915168762207,37.18402099609375,11862349
2019-05-03,33.84661102294922,37.18402099609375,37.43027114868164,36.93777084350586,37.18402099609375,7405935
2019-05-07,33.622467041015625,36.93777084350586,37.18402099609375,36.6915168762207,36.93777084350586,9549067
2019-05-08,32.95001220703125,36.199012756347656,36.93777084350586,36.199012756347656,36.6915168762207,18506869
2019-05-09,32.501708984375,35.706512451171875,36.44526672363281,35.706512451171875,35.952762603759766,10799311
2019-05-10,32.725868225097656,35.952762603759766,36.199012756347656,35.21400833129883,35.706512451171875,16708405
2019-05-13,32.725868225097656,35.952762603759766,36.199012756347656,35.706512451171875,35.706512451171875,6703605
2019-05-14,32.501708984375,35.706512451171875,35.952762603759766,34.475250244140625,35.706512451171875,20361069
2019-05-15,33.174163818359375,36.44526672363281,36.6915168762207,35.706512451171875,35.952762603759766,14779079
2019-05-16,32.95001220703125,36.199012756347656,36.6915168762207,35.952762603759766,36.6915168762207,12999194
2019-05-17,32.95001220703125,36.199012756347656,36.6915168762207,35.952762603759766,36.199012756347656,12126814
2019-05-21,33.174163818359375,36.44526672363281,36.44526672363281,35.952762603759766,35.952762603759766,9594447
2019-05-22,33.622467041015625,36.93777084350586,37.18402099609375,36.44526672363281,36.44526672363281,10867534
2019-05-23,33.3983154296875,36.6915168762207,37.43027114868164,36.6915168762207,36.93777084350586,8036286
2019-05-24,33.84661102294922,37.18402099609375,37.6765251159668,36.44526672363281,36.6915168762207,12123566
2019-05-27,34.07075881958008,37.43027114868164,37.43027114868164,36.93777084350586,37.43027114868164,8494354
2019-05-28,34.51905822753906,37.92277526855469,38.169029235839844,37.18402099609375,37.18402099609375,57791049
2019-05-29,33.84661102294922,37.18402099609375,38.169029235839844,36.93777084350586,37.6765251159668,11775142
2019-05-30,34.29491424560547,37.6765251159668,37.92277526855469,36.93777084350586,37.18402099609375,8028773
2019-05-31,34.74321365356445,38.169029235839844,38.169029235839844,37.18402099609375,37.6765251159668,14316138
2019-06-04,34.51905822753906,37.92277526855469,38.415279388427734,37.43027114868164,38.415279388427734,19056916
2019-06-05,34.74321365356445,38.169029235839844,38.169029235839844,37.6765251159668,37.92277526855469,14941007
2019-06-06,34.96735763549805,38.415279388427734,38.415279388427734,37.92277526855469,38.169029235839844,6202391
2019-06-07,34.51905822753906,37.92277526855469,38.415279388427734,37.92277526855469,38.415279388427734,4436211
2019-06-10,35.4156608581543,38.90778350830078,38.90778350830078,38.169029235839844,38.169029235839844,16582010
2019-06-11,35.639808654785156,39.15403747558594,39.15403747558594,38.415279388427734,38.66153335571289,12964981
2019-06-12,35.639808654785156,39.15403747558594,39.15403747558594,38.66153335571289,38.90778350830078,6440257
2019-06-13,35.4156608581543,38.90778350830078,39.15403747558594,38.66153335571289,38.90778350830078,7904003
2019-06-14,35.4156608581543,38.90778350830078,39.15403747558594,38.66153335571289,38.90778350830078,4650930
2019-06-17,34.74321365356445,38.169029235839844,39.15403747558594,38.169029235839844,38.66153335571289,6919340
2019-06-18,35.1915168762207,38.66153335571289,38.66153335571289,37.92277526855469,38.169029235839844,7712227
2019-06-19,35.639808654785156,39.15403747558594,39.15403747558594,38.66153335571289,38.90778350830078,8533947
2019-06-20,35.4156608581543,38.90778350830078,39.40028762817383,38.66153335571289,39.15403747558594,6805737
2019-06-21,35.4156608581543,38.90778350830078,39.15403747558594,38.415279388427734,38.90778350830078,11897273
2019-06-24,35.4156608581543,38.90778350830078,39.15403747558594,38.415279388427734,39.15403747558594,5508792
2019-06-25,35.1915168762207,38.66153335571289,38.90778350830078,38.169029235839844,38.90778350830078,11814431
2019-06-26,34.74321365356445,38.169029235839844,38.66153335571289,38.169029235839844,38.415279388427734,4530626
2019-06-27,36.76055908203125,40.38529586791992,40.38529586791992,38.415279388427734,38.66153335571289,38380937
2019-06-28,36.76055908203125,40.38529586791992,40.87779998779297,40.139041900634766,40.38529586791992,23431199
2019-07-01,37.88130569458008,41.616554260253906,42.10905838012695,40.63154602050781,41.12405014038086,21765323
2019-07-02,37.43301010131836,41.12405014038086,41.37030029296875,40.38529586791992,41.37030029296875,15309126
2019-07-03,37.657161712646484,41.37030029296875,41.8628044128418,40.87779998779297,41.616554260253906,13087924
2019-07-04,36.984710693359375,40.63154602050781,40.87779998779297,40.139041900634766,40.87779998779297,19969397
2019-07-05,36.984710693359375,40.63154602050781,40.87779998779297,39.646541595458984,40.38529586791992,10125814
2019-07-08,36.984710693359375,40.63154602050781,40.87779998779297,40.139041900634766,40.63154602050781,9506630
2019-07-09,36.76055908203125,40.38529586791992,40.87779998779297,40.139041900634766,40.38529586791992,9296886
2019-07-10,37.208858489990234,40.87779998779297,40.87779998779297,40.139041900634766,40.63154602050781,12297676
2019-07-11,36.984710693359375,40.63154602050781,41.12405014038086,40.38529586791992,40.87779998779297,6862893
2019-07-12,36.76055908203125,40.38529586791992,40.87779998779297,40.139041900634766,40.63154602050781,11234740
2019-07-15,36.536407470703125,40.139041900634766,40.87779998779297,39.892791748046875,40.38529586791992,7522279
2019-07-17,36.536407470703125,40.139041900634766,40.63154602050781,39.892791748046875,40.139041900634766,10277691
2019-07-18,36.536407470703125,40.139041900634766,40.38529586791992,39.892791748046875,39.892791748046875,7334159
2019-07-19,38.1054573059082,41.8628044128418,41.8628044128418,40.139041900634766,40.38529586791992,26996046
2019-07-22,36.536407470703125,40.139041900634766,41.37030029296875,39.892791748046875,41.12405014038086,32555497
2019-07-23,36.536407470703125,40.139041900634766,40.38529586791992,38.66153335571289,40.139041900634766,38264288
2019-07-24,35.86396026611328,39.40028762817383,40.38529586791992,39.15403747558594,40.139041900634766,13932893
2019-07-25,35.639808654785156,39.15403747558594,39.646541595458984,38.90778350830078,39.40028762817383,9104603
2019-07-26,36.08811569213867,39.646541595458984,40.38529586791992,39.15403747558594,39.892791748046875,26134529
2019-07-30,35.86396026611328,39.40028762817383,40.139041900634766,38.90778350830078,39.646541595458984,11844278
2019-07-31,36.08811569213867,39.646541595458984,39.646541595458984,38.66153335571289,39.15403747558594,16642314
2019-08-01,35.4156608581543,38.90778350830078,39.646541595458984,38.66153335571289,39.40028762817383,12200316
2019-08-02,34.96735763549805,38.415279388427734,38.90778350830078,37.43027114868164,38.169029235839844,28306493
2019-08-05,34.29491424560547,37.6765251159668,38.415279388427734,37.43027114868164,37.6765251159668,10143885
2019-08-06,34.07075881958008,37.43027114868164,37.43027114868164,36.6915168762207,37.43027114868164,17457740
2019-08-07,33.622467041015625,36.93777084350586,37.92277526855469,36.44526672363281,37.18402099609375,29479479
2019-08-08,34.07075881958008,37.43027114868164,38.169029235839844,36.93777084350586,37.18402099609375,13712488
2019-08-09,33.84661102294922,37.18402099609375,38.415279388427734,37.18402099609375,37.6765251159668,10303884
2019-08-13,32.725868225097656,35.952762603759766,37.18402099609375,35.952762603759766,36.93777084350586,20484317
2019-08-14,33.3983154296875,36.6915168762207,37.43027114868164,36.199012756347656,36.44526672363281,21664511
2019-08-15,33.3983154296875,36.6915168762207,37.18402099609375,35.952762603759766,36.6915168762207,15101919
2019-08-16,34.51905822753906,37.92277526855469,38.169029235839844,36.93777084350586,37.18402099609375,16825663
2019-08-19,34.51905822753906,37.92277526855469,38.66153335571289,37.6765251159668,38.169029235839844,14404970
2019-08-20,34.29491424560547,37.6765251159668,38.169029235839844,37.43027114868164,37.92277526855469,12707318
2019-08-21,34.74321365356445,38.169029235839844,38.66153335571289,37.6765251159668,37.6765251159668,13097975
2019-08-22,34.29491424560547,37.6765251159668,38.169029235839844,37.43027114868164,37.6765251159668,8153341
2019-08-23,34.29491424560547,37.6765251159668,38.169029235839844,37.43027114868164,37.43027114868164,10252716
2019-08-26,33.622467041015625,36.93777084350586,37.43027114868164,36.44526672363281,37.18402099609375,13622946
2019-08-27,33.84661102294922,37.18402099609375,37.92277526855469,36.6915168762207,36.93777084350586,14854104
2019-08-28,33.84661102294922,37.18402099609375,37.6765251159668,37.18402099609375,37.18402099609375,6447973
2019-08-29,34.07075881958008,37.43027114868164,37.92277526855469,36.93777084350586,37.6765251159668,10921036
2019-08-30,34.07075881958008,37.43027114868164,37.6765251159668,36.93777084350586,37.18402099609375,9437494
2019-09-02,34.74321365356445,38.169029235839844,38.66153335571289,37.18402099609375,37.43027114868164,13975329
2019-09-03,34.29491424560547,37.6765251159668,38.415279388427734,37.6765251159668,38.169029235839844,6623504
2019-09-04,35.1915168762207,38.66153335571289,38.66153335571289,37.6765251159668,37.92277526855469,12766201
2019-09-05,35.639808654785156,39.15403747558594,39.15403747558594,38.66153335571289,38.90778350830078,10292513
2019-09-06,34.74321365356445,38.169029235839844,39.15403747558594,37.92277526855469,39.15403747558594,10330381
2019-09-09,34.51905822753906,37.92277526855469,38.415279388427734,37.92277526855469,38.169029235839844,4524738
2019-09-10,34.29491424560547,37.6765251159668,38.66153335571289,37.43027114868164,37.92277526855469,13236045
2019-09-11,34.96735763549805,38.415279388427734,38.66153335571289,37.6765251159668,37.92277526855469,10414543
2019-09-12,34.51905822753906,37.92277526855469,38.90778350830078,37.6765251159668,38.415279388427734,11667325
2019-09-13,34.29491424560547,37.6765251159668,37.92277526855469,37.18402099609375,37.6765251159668,7491620
2019-09-16,33.84661102294922,37.18402099609375,37.92277526855469,36.93777084350586,37.6765251159668,7708370
2019-09-17,34.07075881958008,37.43027114868164,37.6765251159668,36.6915168762207,36.93777084350586,13486703
2019-09-18,34.07075881958008,37.43027114868164,37.6765251159668,37.18402099609375,37.6765251159668,5867368
2019-09-19,32.501708984375,35.706512451171875,37.6765251159668,35.21400833129883,37.6765251159668,29750543
2019-09-20,33.174163818359375,36.44526672363281,36.6915168762207,34.72150421142578,35.21400833129883,34684111
2019-09-23,32.95001220703125,36.199012756347656,36.6915168762207,35.706512451171875,36.44526672363281,8837092
2019-09-24,33.3983154296875,36.6915168762207,36.6915168762207,35.952762603759766,35.952762603759766,7132536
2019-09-25,33.3983154296875,36.6915168762207,36.6915168762207,35.706512451171875,36.6915168762207,11003066
2019-09-26,33.622467041015625,36.93777084350586,37.43027114868164,36.199012756347656,36.6915168762207,7667050
2019-09-27,33.622467041015625,36.93777084350586,37.43027114868164,36.44526672363281,36.6915168762207,6922284
2019-09-30,33.622467041015625,36.93777084350586,37.43027114868164,36.6915168762207,36.93777084350586,9546427
2019-10-01,32.95001220703125,36.199012756347656,36.93777084350586,36.199012756347656,36.93777084350586,5352651
2019-10-02,32.725868225097656,35.952762603759766,36.44526672363281,35.952762603759766,35.952762603759766,5337016
2019-10-03,32.501708984375,35.706512451171875,35.952762603759766,35.706512451171875,35.706512451171875,4135401
2019-10-04,32.27756881713867,35.46025848388672,35.952762603759766,34.96775436401367,35.706512451171875,5717623
2019-10-07,32.725868225097656,35.952762603759766,35.952762603759766,35.46025848388672,35.706512451171875,5045952
2019-10-08,32.95001220703125,36.199012756347656,36.93777084350586,35.952762603759766,36.199012756347656,5425239
2019-10-09,32.95001220703125,36.199012756347656,36.44526672363281,35.706512451171875,36.199012756347656,4659965
2019-10-10,31.829265594482422,34.96775436401367,36.44526672363281,34.72150421142578,36.44526672363281,12738688
2019-10-11,32.27756881713867,35.46025848388672,35.706512451171875,34.96775436401367,34.96775436401367,8849173
2019-10-15,32.27756881713867,35.46025848388672,35.706512451171875,35.21400833129883,35.706512451171875,3513984
2019-10-16,32.501708984375,35.706512451171875,36.199012756347656,35.46025848388672,35.46025848388672,5141891
2019-10-17,33.174163818359375,36.44526672363281,36.44526672363281,35.952762603759766,35.952762603759766,8079128
2019-10-18,32.27756881713867,35.46025848388672,36.6915168762207,34.72150421142578,36.199012756347656,11657782
2019-10-21,32.27756881713867,35.46025848388672,35.706512451171875,35.21400833129883,35.21400833129883,4119462
2019-10-22,32.725868225097656,35.952762603759766,36.199012756347656,35.21400833129883,35.46025848388672,5274580
2019-10-24,32.95001220703125,36.199012756347656,36.44526672363281,35.952762603759766,36.44526672363281,4841690
2019-10-25,32.05341339111328,35.21400833129883,36.44526672363281,34.72150421142578,36.44526672363281,9563381
2019-10-28,32.05341339111328,35.21400833129883,35.21400833129883,33.98274612426758,35.21400833129883,7214261
2019-10-29,31.829265594482422,34.96775436401367,35.706512451171875,34.72150421142578,35.46025848388672,4760269
2019-10-30,32.501708984375,35.706512451171875,35.952762603759766,35.21400833129883,35.21400833129883,4719660
2019-10-31,32.27756881713867,35.46025848388672,36.44526672363281,35.21400833129883,35.706512451171875,8555368
2019-11-01,32.725868225097656,35.952762603759766,36.44526672363281,35.46025848388672,35.952762603759766,6470307
2019-11-04,32.725868225097656,35.952762603759766,36.44526672363281,35.706512451171875,36.44526672363281,6243101
2019-11-05,33.3983154296875,36.6915168762207,36.6915168762207,35.952762603759766,36.44526672363281,11566717
2019-11-06,32.95001220703125,36.199012756347656,36.93777084350586,35.706512451171875,36.93777084350586,11048041
2019-11-07,33.174163818359375,36.44526672363281,36.93777084350586,35.706512451171875,35.952762603759766,9507747
2019-11-08,33.3983154296875,36.6915168762207,36.93777084350586,36.199012756347656,36.199012756347656,4335805
2019-11-11,33.174163818359375,36.44526672363281,36.6915168762207,36.199012756347656,36.44526672363281,3030637
2019-11-12,33.3983154296875,36.6915168762207,36.93777084350586,36.44526672363281,36.6915168762207,6728986
2019-11-13,32.05341339111328,35.21400833129883,36.199012756347656,34.96775436401367,36.199012756347656,18607072
2019-11-14,32.05341339111328,35.21400833129883,35.21400833129883,34.475250244140625,34.96775436401367,10872610
2019-11-15,32.27756881713867,35.46025848388672,35.706512451171875,34.96775436401367,35.21400833129883,5894271
2019-11-18,32.725868225097656,35.952762603759766,36.199012756347656,35.46025848388672,35.706512451171875,8533034
2019-11-19,32.95001220703125,36.199012756347656,36.199012756347656,35.706512451171875,35.952762603759766,3245864
2019-11-20,32.725868225097656,35.952762603759766,36.199012756347656,35.706512451171875,35.952762603759766,3349721
2019-11-21,32.95001220703125,36.199012756347656,36.199012756347656,35.46025848388672,35.46025848388672,5282194
2019-11-22,32.95001220703125,36.199012756347656,36.199012756347656,35.952762603759766,35.952762603759766,1023342
2019-11-25,33.84661102294922,37.18402099609375,37.18402099609375,36.199012756347656,36.44526672363281,11082964
2019-11-26,34.07075881958008,37.43027114868164,37.92277526855469,37.18402099609375,37.6765251159668,18254688
2019-11-27,34.29491424560547,37.6765251159668,37.92277526855469,37.18402099609375,37.43027114868164,9710487
2019-11-28,34.07075881958008,37.43027114868164,37.92277526855469,37.18402099609375,37.43027114868164,6641372
2019-11-29,34.51905822753906,37.92277526855469,37.92277526855469,36.93777084350586,37.18402099609375,8991710
2019-12-02,33.84661102294922,37.18402099609375,38.169029235839844,36.93777084350586,38.169029235839844,7024821
2019-12-03,34.07075881958008,37.43027114868164,37.43027114868164,36.93777084350586,37.43027114868164,4301085
2019-12-04,33.622467041015625,36.93777084350586,37.18402099609375,36.44526672363281,36.93777084350586,3779464
2019-12-06,33.622467041015625,36.93777084350586,37.18402099609375,36.6915168762207,36.93777084350586,2321911
2019-12-09,33.622467041015625,36.93777084350586,36.93777084350586,36.199012756347656,36.6915168762207,3489822
2019-12-11,33.622467041015625,36.93777084350586,37.6765251159668,36.6915168762207,36.93777084350586,7846643
2019-12-12,33.84661102294922,37.18402099609375,37.6765251159668,36.44526672363281,36.6915168762207,8924401
2019-12-13,33.174163818359375,36.44526672363281,37.6765251159668,36.199012756347656,37.18402099609375,8442273
2019-12-16,32.501708984375,35.706512451171875,36.6915168762207,35.706512451171875,36.6915168762207,6148381
2019-12-17,31.829265594482422,34.96775436401367,35.952762603759766,34.475250244140625,35.706512451171875,10470786
2019-12-18,32.501708984375,35.706512451171875,35.706512451171875,34.72150421142578,34.72150421142578,9262571
2019-12-19,32.05341339111328,35.21400833129883,35.706512451171875,34.72150421142578,34.96775436401367,11294536
2019-12-20,32.27756881713867,35.46025848388672,35.952762603759766,35.46025848388672,35.46025848388672,9035872
2019-12-23,32.27756881713867,35.46025848388672,36.199012756347656,35.46025848388672,35.46025848388672,5913256
2019-12-24,32.05341339111328,35.21400833129883,35.46025848388672,34.96775436401367,35.46025848388672,4876715
2019-12-25,32.05341339111328,35.21400833129883,35.46025848388672,34.96775436401367,34.96775436401367,8380852
2019-12-26,32.05341339111328,35.21400833129883,35.706512451171875,34.96775436401367,34.96775436401367,4658849
2019-12-27,32.05341339111328,35.21400833129883,35.952762603759766,35.21400833129883,35.706512451171875,9077192
2019-12-30,32.27756881713867,35.46025848388672,35.952762603759766,35.21400833129883,35.46025848388672,5772038
2020-01-02,32.05341339111328,35.21400833129883,36.199012756347656,34.96775436401367,35.706512451171875,13307719
2020-01-03,31.829265594482422,34.96775436401367,35.46025848388672,34.72150421142578,34.96775436401367,13696752
2020-01-06,30.260215759277344,33.24399185180664,34.72150421142578,32.99774169921875,34.72150421142578,27689543
2020-01-07,31.156814575195312,34.229000091552734,34.475250244140625,33.4902458190918,33.73649597167969,11725904
2020-01-08,30.036069869995117,32.99774169921875,33.98274612426758,32.5052375793457,33.98274612426758,12411685
2020-01-09,30.260215759277344,33.24399185180664,33.98274612426758,32.99774169921875,33.4902458190918,15137351
2020-01-10,30.260215759277344,33.24399185180664,33.73649597167969,32.99774169921875,33.4902458190918,7623091
2020-01-13,30.48436737060547,33.4902458190918,34.229000091552734,33.24399185180664,33.4902458190918,6900558
2020-01-14,30.932666778564453,33.98274612426758,34.229000091552734,33.4902458190918,33.73649597167969,8038113
2020-01-15,30.708515167236328,33.73649597167969,33.73649597167969,33.24399185180664,33.73649597167969,7511823
2020-01-16,30.932666778564453,33.98274612426758,34.229000091552734,33.4902458190918,33.73649597167969,5614882
2020-01-17,31.38096046447754,34.475250244140625,34.72150421142578,33.98274612426758,33.98274612426758,7280860
2020-01-20,31.156814575195312,34.229000091552734,34.96775436401367,33.73649597167969,34.72150421142578,7092943
2020-01-21,29.5877685546875,32.5052375793457,33.4902458190918,31.766481399536133,33.4902458190918,31050737
2020-01-22,29.5877685546875,32.5052375793457,32.5052375793457,30.53522300720215,32.012733459472656,37143484
2020-01-23,29.36361312866211,32.25898361206055,32.99774169921875,32.012733459472656,32.25898361206055,8011921
2020-01-24,30.036069869995117,32.99774169921875,33.24399185180664,32.012733459472656,32.5052375793457,13325486
2020-01-27,28.018720626831055,30.781475067138672,31.273977279663086,30.0427188873291,30.53522300720215,26814626
2020-01-28,28.242870330810547,31.027725219726562,31.766481399536133,30.53522300720215,30.53522300720215,25113217
2020-01-29,28.467016220092773,31.273977279663086,31.766481399536133,30.781475067138672,31.273977279663086,14220302
2020-01-30,27.79456901550293,30.53522300720215,31.027725219726562,29.796466827392578,31.027725219726562,20059650
2020-01-31,27.57042121887207,30.288970947265625,31.52022933959961,30.288970947265625,30.781475067138672,14537964
2020-02-03,27.346267700195312,30.0427188873291,31.027725219726562,30.0427188873291,30.781475067138672,11505398
2020-02-04,29.139467239379883,32.012733459472656,32.25898361206055,30.53522300720215,30.781475067138672,23509878
2020-02-05,29.811914443969727,32.751487731933594,32.751487731933594,31.52022933959961,32.012733459472656,23502264
2020-02-06,30.036069869995117,32.99774169921875,33.4902458190918,32.751487731933594,33.24399185180664,22028569
2020-02-07,30.260215759277344,33.24399185180664,33.24399185180664,32.5052375793457,32.751487731933594,9639117
2020-02-11,29.36361312866211,32.25898361206055,33.24399185180664,31.766481399536133,33.24399185180664,15432069
2020-02-12,29.811914443969727,32.751487731933594,33.24399185180664,32.25898361206055,32.5052375793457,8069179
2020-02-13,29.139467239379883,32.012733459472656,32.751487731933594,31.52022933959961,32.5052375793457,12209047
2020-02-14,29.5877685546875,32.5052375793457,32.751487731933594,32.012733459472656,32.25898361206055,8546739
2020-02-17,29.5877685546875,32.5052375793457,32.5052375793457,32.012733459472656,32.5052375793457,2587087
2020-02-18,28.915319442749023,31.766481399536133,32.25898361206055,31.52022933959961,32.012733459472656,6915583
2020-02-19,29.36361312866211,32.25898361206055,32.25898361206055,31.52022933959961,31.766481399536133,6997512
2020-02-20,28.242870330810547,31.027725219726562,32.5052375793457,31.027725219726562,32.25898361206055,7833749
2020-02-21,28.6911678314209,31.52022933959961,31.766481399536133,31.027725219726562,31.027725219726562,7415681
2020-02-24,25.777217864990234,28.31895637512207,31.027725219726562,27.826452255249023,31.027725219726562,35962579
2020-02-25,26.001371383666992,28.565208435058594,29.550216674804688,27.5802001953125,28.072704315185547,20857613
2020-02-26,24.432321548461914,26.841445922851562,28.565208435058594,26.59519386291504,27.826452255249023,27317059
2020-02-27,24.8806209564209,27.333948135375977,28.072704315185547,26.841445922851562,27.5802001953125,17357334
2020-02-28,24.65647315979004,27.087697982788086,27.5802001953125,26.102689743041992,26.348941802978516,18964937
2020-03-02,25.553070068359375,28.072704315185547,28.811460494995117,26.59519386291504,28.072704315185547,27064675
2020-03-03,26.001371383666992,28.565208435058594,29.05771255493164,28.31895637512207,28.565208435058594,25202658
2020-03-04,26.001371383666992,28.565208435058594,29.550216674804688,28.31895637512207,28.31895637512207,21668572
2020-03-05,26.225522994995117,28.811460494995117,29.05771255493164,28.072704315185547,28.565208435058594,24427841
2020-03-06,25.777217864990234,28.31895637512207,28.565208435058594,27.826452255249023,28.31895637512207,20073152
2020-03-09,23.984020233154297,26.348941802978516,27.826452255249023,25.8564395904541,25.8564395904541,31362308
2020-03-10,23.984020233154297,26.348941802978516,27.826452255249023,26.102689743041992,26.841445922851562,35908671
2020-03-11,23.984020233154297,26.348941802978516,27.087697982788086,26.102689743041992,26.348941802978516,14745272
2020-03-12,20.173479080200195,22.162662506103516,24.871431350708008,21.571657180786133,24.871431350708008,51558810
2020-03-13,20.083816528320312,22.06416130065918,23.44317054748535,17.53312873840332,19.503141403198242,58219472
2020-03-16,17.304359436035156,19.010639190673828,22.162662506103516,18.71513557434082,20.19264793395996,35435578
2020-03-17,15.869803428649902,17.434627532958984,19.10913848876953,17.434627532958984,18.616636276245117,41159800
2020-03-18,14.34558391571045,15.760114669799805,18.321134567260742,15.56311321258545,17.33612632751465,65949162
2020-03-19,13.807624816894531,15.169110298156738,15.366111755371094,14.085602760314941,14.578105926513672,58911751
2020-03-20,14.883543014526367,16.351118087768555,17.237625122070312,15.070610046386719,15.85861587524414,93842257
2020-03-23,12.731704711914062,13.987101554870605,14.972108840942383,13.987101554870605,14.184103012084961,42841717
2020-03-24,12.283406257629395,13.494598388671875,14.676607131958008,13.29759693145752,14.676607131958008,47744016
2020-03-25,12.642045974731445,13.888601303100586,14.479604721069336,13.69159984588623,13.79010009765625,68997667
2020-03-26,14.166264533996582,15.56311321258545,15.95711612701416,13.888601303100586,13.888601303100586,100682715
2020-03-27,14.524904251098633,15.95711612701416,16.942123413085938,15.661614418029785,16.351118087768555,69087514
2020-03-30,14.435243606567383,15.85861587524414,15.85861587524414,15.85861587524414,15.85861587524414,2929623
2020-03-31,15.06286334991455,16.548120498657227,17.13912582397461,16.154117584228516,16.548120498657227,77438824
2020-04-01,14.79388427734375,16.25261878967285,16.8436222076416,16.05561637878418,16.44961929321289,41572893
2020-04-02,14.79388427734375,16.25261878967285,16.548120498657227,15.85861587524414,16.25261878967285,32893769
2020-04-03,14.524904251098633,15.95711612701416,16.7451229095459,15.95711612701416,16.44961929321289,23832617
2020-04-07,16.676742553710938,18.321134567260742,18.321134567260742,16.646621704101562,17.040624618530273,79805507
2020-04-08,16.856060028076172,18.51813507080078,19.010639190673828,17.828630447387695,18.321134567260742,75537213
2020-04-09,16.676742553710938,18.321134567260742,19.207639694213867,17.92713165283203,18.51813507080078,86075309
2020-04-10,17.03537940979004,18.71513557434082,18.71513557434082,18.025630950927734,18.321134567260742,36023289
2020-04-13,18.02164077758789,19.798643112182617,20.19264793395996,18.912137985229492,19.010639190673828,76145534
2020-04-14,20.083816528320312,22.06416130065918,22.65516471862793,20.19264793395996,20.19264793395996,103838529
2020-04-15,18.469938278198242,20.291147232055664,22.26116180419922,20.19264793395996,22.162662506103516,89633760
2020-04-16,17.93198013305664,19.700143814086914,20.3896484375,19.207639694213867,19.700143814086914,74024940
2020-04-17,18.469938278198242,20.291147232055664,20.78365135192871,19.897144317626953,20.685150146484375,62266346
2020-04-20,18.649259567260742,20.488149642944336,21.079153060913086,19.99564552307129,20.291147232055664,78120443
2020-04-21,18.649259567260742,20.488149642944336,20.685150146484375,20.094146728515625,20.094146728515625,30486477
2020-04-22,18.469938278198242,20.291147232055664,20.3896484375,19.798643112182617,20.291147232055664,37365919
2020-04-23,18.559600830078125,20.3896484375,20.586650848388672,20.094146728515625,20.3896484375,24914741
2020-04-24,18.828580856323242,20.685150146484375,21.571657180786133,20.488149642944336,20.488149642944336,97319288
2020-04-27,18.649259567260742,20.488149642944336,21.079153060913086,20.3896484375,21.079153060913086,31240482
2020-04-28,18.559600830078125,20.3896484375,20.78365135192871,20.094146728515625,20.3896484375,30067597
2020-04-29,18.649259567260742,20.488149642944336,20.882152557373047,20.3896484375,20.586650848388672,27622132
2020-04-30,18.91823959350586,20.78365135192871,20.980653762817383,20.586650848388672,20.78365135192871,42277051
2020-05-05,17.93198013305664,19.700143814086914,20.291147232055664,19.700143814086914,20.19264793395996,41901723
2020-05-07,16.945724487304688,18.616636276245117,19.503141403198242,18.419633865356445,19.306140899658203,60367781
2020-05-08,17.03537940979004,18.71513557434082,19.010639190673828,18.51813507080078,18.71513557434082,23510792
2020-05-11,17.304359436035156,19.010639190673828,19.404640197753906,18.912137985229492,18.912137985229492,27860303
2020-05-12,17.394020080566406,19.10913848876953,19.404640197753906,18.912137985229492,19.10913848876953,29296740
2020-05-13,17.304359436035156,19.010639190673828,19.207639694213867,18.912137985229492,19.010639190673828,18160577
2020-05-14,16.587081909179688,18.222633361816406,18.71513557434082,18.12413215637207,18.71513557434082,45362815
2020-05-15,16.22844123840332,17.828630447387695,18.321134567260742,17.73012924194336,18.321134567260742,36094761
2020-05-18,15.06286334991455,16.548120498657227,17.53312873840332,16.351118087768555,17.13912582397461,100651954
2020-05-19,16.138784408569336,17.73012924194336,18.419633865356445,15.267610549926758,16.548120498657227,308197643
2020-05-20,15.511164665222168,17.040624618530273,17.631628036499023,16.8436222076416,17.53312873840332,107238606
2020-05-21,15.06286334991455,16.548120498657227,17.73012924194336,16.44961929321289,16.548120498657227,148384295
2020-05-22,15.1525239944458,16.646621704101562,16.942123413085938,16.351118087768555,16.44961929321289,65379115
2020-05-25,15.600824356079102,17.13912582397461,17.33612632751465,16.646621704101562,16.8436222076416,54288942
2020-05-26,17.214702606201172,18.912137985229492,19.601642608642578,18.222633361816406,18.71513557434082,224635209
2020-05-27,17.663000106811523,19.404640197753906,19.601642608642578,18.51813507080078,18.912137985229492,125751161
2020-05-28,17.214702606201172,18.912137985229492,19.798643112182617,18.912137985229492,19.601642608642578,110468735
2020-05-29,16.676742553710938,18.321134567260742,18.912137985229492,18.025630950927734,18.51813507080078,113108106
2020-06-01,16.945724487304688,18.616636276245117,18.912137985229492,18.419633865356445,18.71513557434082,40100011
2020-06-02,17.394020080566406,19.10913848876953,19.207639694213867,18.71513557434082,18.813636779785156,68558584
2020-06-04,18.828580856323242,20.685150146484375,21.079153060913086,19.503141403198242,19.798643112182617,183848502
2020-06-05,19.81484031677246,21.768659591674805,21.867158889770508,20.291147232055664,20.882152557373047,135537688
2020-06-08,20.71143913269043,22.753665924072266,23.541671752929688,21.571657180786133,21.867158889770508,232281752
2020-06-09,21.4287166595459,23.541671752929688,25.8564395904541,22.950666427612305,23.04916763305664,336379062
2020-06-10,20.53211784362793,22.556665420532227,24.625179290771484,22.556665420532227,24.034175872802734,299338013
2020-06-11,19.725177764892578,21.67015838623047,22.65516471862793,21.276155471801758,22.162662506103516,152810455
2020-06-12,20.442459106445312,22.45816421508789,22.556665420532227,20.586650848388672,21.079153060913086,147691508
2020-06-15,19.366539001464844,21.276155471801758,22.753665924072266,21.177654266357422,22.06416130065918,132763800
2020-06-16,19.635520935058594,21.571657180786133,22.45816421508789,21.374656677246094,22.26116180419922,64049277
2020-06-17,20.71143913269043,22.753665924072266,23.541671752929688,21.571657180786133,21.67015838623047,181463342
2020-06-18,20.442459106445312,22.45816421508789,22.8521671295166,22.26116180419922,22.556665420532227,83600809
2020-06-19,19.81484031677246,21.768659591674805,22.65516471862793,21.571657180786133,22.556665420532227,77537097
2020-06-22,18.559600830078125,20.3896484375,21.67015838623047,20.19264793395996,21.67015838623047,77905419
2020-06-23,18.469938278198242,20.291147232055664,20.78365135192871,19.99564552307129,20.586650848388672,64402168
2020-06-24,18.73891830444336,20.586650848388672,21.67015838623047,20.488149642944336,20.980653762817383,111981820
2020-06-25,18.200960159301758,19.99564552307129,20.882152557373047,19.700143814086914,20.488149642944336,85626581
2020-06-26,18.29595184326172,20.100000381469727,20.700000762939453,20.0,20.700000762939453,44017600
2020-06-29,17.93185043334961,19.700000762939453,20.100000381469727,19.5,20.0,37867800
2020-06-30,18.477994918823242,20.299999237060547,20.600000381469727,19.899999618530273,20.100000381469727,55194500
2020-07-01,18.29595184326172,20.100000381469727,20.5,19.899999618530273,20.5,35933200
2020-07-02,19.388242721557617,21.299999237060547,21.399999618530273,20.100000381469727,20.200000762939453,105188600
2020-07-03,18.933122634887695,20.799999237060547,21.399999618530273,20.700000762939453,21.200000762939453,74711500
2020-07-07,18.751073837280273,20.600000381469727,21.299999237060547,20.600000381469727,21.100000381469727,57916900
2020-07-08,18.66004753112793,20.5,20.899999618530273,20.399999618530273,20.600000381469727,28007900
2020-07-09,18.11389923095703,19.899999618530273,20.700000762939453,19.799999237060547,20.600000381469727,70747200
2020-07-10,17.65877342224121,19.399999618530273,19.899999618530273,19.399999618530273,19.700000762939453,40370900
2020-07-13,17.749799728393555,19.5,20.200000762939453,19.399999618530273,19.700000762939453,64293200
2020-07-14,17.38570213317871,19.100000381469727,19.399999618530273,19.0,19.299999237060547,50777500
2020-07-15,17.476728439331055,19.200000762939453,19.600000381469727,18.5,19.200000762939453,77612600
2020-07-16,16.930580139160156,18.600000381469727,19.299999237060547,18.5,19.200000762939453,41826900
2020-07-17,17.294677734375,19.0,19.100000381469727,18.5,18.700000762939453,41963000
2020-07-20,17.0216007232666,18.700000762939453,19.200000762939453,18.399999618530273,18.899999618530273,35840900
2020-07-21,18.477994918823242,20.299999237060547,20.5,18.899999618530273,18.899999618530273,147000700
2020-07-22,18.11389923095703,19.899999618530273,20.600000381469727,19.600000381469727,20.5,94910900
2020-07-23,18.477994918823242,20.299999237060547,20.399999618530273,19.899999618530273,20.0,48389000
2020-07-24,17.840824127197266,19.600000381469727,20.100000381469727,19.600000381469727,20.100000381469727,43094300
2020-07-29,17.20365333557129,18.899999618530273,19.700000762939453,18.799999237060547,19.700000762939453,43098700
2020-07-30,16.202381134033203,17.799999237060547,19.100000381469727,17.700000762939453,18.600000381469727,58687000
2020-07-31,16.566482543945312,18.200000762939453,18.399999618530273,17.700000762939453,17.899999618530273,32276800
2020-08-03,16.293407440185547,17.899999618530273,18.399999618530273,17.899999618530273,18.299999237060547,19386800
2020-08-04,16.930580139160156,18.600000381469727,19.0,17.899999618530273,18.0,79630300
2020-08-05,16.748531341552734,18.399999618530273,18.700000762939453,18.299999237060547,18.700000762939453,33859100
2020-08-06,16.748531341552734,18.399999618530273,18.799999237060547,18.399999618530273,18.399999618530273,33404600
2020-08-07,16.65750503540039,18.299999237060547,18.700000762939453,18.200000762939453,18.399999618530273,18673500
2020-08-10,16.65750503540039,18.299999237060547,18.600000381469727,18.200000762939453,18.399999618530273,14147100
2020-08-11,18.386974334716797,20.200000762939453,20.600000381469727,18.5,18.5,173411600
2020-08-13,18.933122634887695,20.799999237060547,21.399999618530273,20.200000762939453,21.100000381469727,120295800
2020-08-14,18.29595184326172,20.100000381469727,20.799999237060547,19.799999237060547,20.600000381469727,49707700
2020-08-17,18.842098236083984,20.700000762939453,20.899999618530273,19.899999618530273,20.200000762939453,75339900
2020-08-18,18.751073837280273,20.600000381469727,20.700000762939453,20.100000381469727,20.5,52516500
2020-08-19,17.840824127197266,19.600000381469727,20.899999618530273,19.299999237060547,20.700000762939453,100250500
2020-08-20,18.204923629760742,20.0,20.100000381469727,19.299999237060547,19.399999618530273,42767000
2020-08-21,18.56902313232422,20.399999618530273,20.5,20.100000381469727,20.200000762939453,40805300
2020-08-24,19.934389114379883,21.899999618530273,22.299999237060547,20.5,20.600000381469727,173004500
2020-08-25,20.025415420532227,22.0,22.600000381469727,21.5,22.0,115488200
2020-08-26,20.11644172668457,22.100000381469727,22.200000762939453,21.600000381469727,21.700000762939453,41656100
2020-08-27,20.20746421813965,22.200000762939453,22.600000381469727,21.899999618530273,22.0,53402400
2020-08-28,20.93566131591797,23.0,23.5,22.700000762939453,22.799999237060547,140782800
2020-08-31,20.38951301574707,22.399999618530273,23.0,21.799999237060547,22.899999618530273,99877700
2020-09-01,19.84336280822754,21.799999237060547,22.5,21.5,22.399999618530273,62989700
2020-09-02,20.48053741455078,22.5,22.600000381469727,21.799999237060547,21.799999237060547,66009900
2020-09-03,20.571563720703125,22.600000381469727,23.299999237060547,22.399999618530273,22.600000381469727,86943200
2020-09-08,20.48053741455078,22.5,22.799999237060547,22.200000762939453,22.299999237060547,37661300
2020-09-09,20.38951301574707,22.399999618530273,22.5,21.899999618530273,21.899999618530273,52670100
2020-09-10,20.38951301574707,22.399999618530273,22.600000381469727,22.100000381469727,22.600000381469727,38726900
2020-09-11,19.66131591796875,21.600000381469727,22.5,21.600000381469727,22.399999618530273,58361900
2020-09-14,19.84336280822754,21.799999237060547,22.399999618530273,21.700000762939453,21.899999618530273,50515000
2020-09-15,20.93566131591797,23.0,23.100000381469727,21.600000381469727,22.0,95499500
2020-09-16,21.208736419677734,23.299999237060547,23.600000381469727,22.600000381469727,22.899999618530273,86796700
2020-09-17,20.662588119506836,22.700000762939453,23.200000762939453,22.600000381469727,23.200000762939453,38217300
2020-09-18,20.662588119506836,22.700000762939453,22.899999618530273,22.200000762939453,22.799999237060547,28648000
2020-09-21,20.571563720703125,22.600000381469727,23.200000762939453,22.5,22.799999237060547,46350800
2020-09-22,19.29722023010254,21.200000762939453,22.600000381469727,21.0,22.200000762939453,103430700
2020-09-23,19.29722023010254,21.200000762939453,21.600000381469727,20.899999618530273,21.5,59690000
2020-09-24,18.842098236083984,20.700000762939453,21.299999237060547,20.600000381469727,21.100000381469727,52362200
2020-09-25,18.29595184326172,20.100000381469727,21.0,20.0,20.899999618530273,70038000
2020-09-28,18.933122634887695,20.799999237060547,20.899999618530273,20.100000381469727,20.299999237060547,42509100
2020-09-29,18.386974334716797,20.200000762939453,21.0,20.200000762939453,21.0,43510900
2020-09-30,18.204923629760742,20.0,20.5,19.799999237060547,20.299999237060547,33253200
2020-10-01,18.02287483215332,19.799999237060547,20.299999237060547,19.700000762939453,20.200000762939453,41243500
2020-10-02,17.567752838134766,19.299999237060547,19.799999237060547,19.200000762939453,19.600000381469727,67380600
2020-10-05,17.93185043334961,19.700000762939453,20.0,19.399999618530273,19.5,34660800
2020-10-06,17.749799728393555,19.5,19.899999618530273,19.5,19.799999237060547,33651400
2020-10-07,18.933122634887695,20.799999237060547,20.899999618530273,19.299999237060547,19.399999618530273,73306600
2020-10-08,18.66004753112793,20.5,21.100000381469727,20.5,20.899999618530273,65884600
2020-10-09,18.11389923095703,19.899999618530273,20.600000381469727,19.799999237060547,20.600000381469727,40763600
2020-10-12,18.29595184326172,20.100000381469727,20.200000762939453,19.5,19.899999618530273,43704900
2020-10-14,17.749799728393555,19.5,19.899999618530273,19.399999618530273,19.700000762939453,50794200
2020-10-15,17.0216007232666,18.700000762939453,19.399999618530273,18.600000381469727,19.299999237060547,61825700
2020-10-16,16.65750503540039,18.299999237060547,19.0,18.100000381469727,18.799999237060547,49700100
2020-10-19,16.202381134033203,17.799999237060547,18.100000381469727,17.600000381469727,18.0,46430700
2020-10-20,16.748531341552734,18.399999618530273,18.600000381469727,17.799999237060547,17.799999237060547,53287000
2020-10-21,16.475454330444336,18.100000381469727,18.700000762939453,18.0,18.5,42394200
2020-10-22,16.202381134033203,17.799999237060547,18.200000762939453,17.600000381469727,18.0,54577200
2020-10-26,16.202381134033203,17.799999237060547,18.0,17.600000381469727,17.899999618530273,30653000
2020-10-27,15.656232833862305,17.200000762939453,17.700000762939453,16.899999618530273,17.600000381469727,76742400
2020-10-28,15.83828353881836,17.399999618530273,17.799999237060547,17.100000381469727,17.100000381469727,58916000
2020-10-29,15.474185943603516,17.0,17.200000762939453,16.799999237060547,17.100000381469727,37488200
2020-10-30,15.201111793518066,16.700000762939453,17.299999237060547,16.600000381469727,17.100000381469727,47966700
2020-11-02,15.656232833862305,17.200000762939453,17.200000762939453,16.399999618530273,16.600000381469727,51042600
2020-11-03,16.020334243774414,17.600000381469727,17.700000762939453,17.399999618530273,17.5,31925600
2020-11-04,15.747257232666016,17.299999237060547,17.700000762939453,17.200000762939453,17.5,30452700
2020-11-05,16.293407440185547,17.899999618530273,18.100000381469727,17.399999618530273,17.5,68481700
2020-11-06,16.293407440185547,17.899999618530273,18.200000762939453,17.799999237060547,18.100000381469727,33862600
2020-11-09,16.65750503540039,18.299999237060547,19.0,18.0,18.200000762939453,63878200
2020-11-10,21.026683807373047,23.100000381469727,23.600000381469727,21.600000381469727,22.799999237060547,411238400
2020-11-11,20.753610610961914,22.799999237060547,23.200000762939453,22.299999237060547,23.0,143832800
2020-11-12,21.299758911132812,23.399999618530273,23.600000381469727,22.200000762939453,22.700000762939453,156691600
2020-11-13,21.117708206176758,23.200000762939453,23.5,22.799999237060547,22.899999618530273,73387400
2020-11-16,22.0279598236084,24.200000762939453,24.700000762939453,23.299999237060547,23.5,139675400
2020-11-17,21.57283592224121,23.700000762939453,25.25,23.600000381469727,24.799999237060547,160140500
2020-11-18,22.0279598236084,24.200000762939453,24.299999237060547,23.600000381469727,23.799999237060547,91771500
2020-11-19,22.210006713867188,24.399999618530273,24.700000762939453,24.0,24.100000381469727,78038800
2020-11-20,22.118982315063477,24.299999237060547,24.600000381469727,24.100000381469727,24.299999237060547,54993500
2020-11-23,22.118982315063477,24.299999237060547,25.25,24.100000381469727,24.200000762939453,122312800
2020-11-24,22.0279598236084,24.200000762939453,24.799999237060547,24.200000762939453,24.5,78383900
2020-11-25,22.392053604125977,24.600000381469727,25.25,24.299999237060547,24.600000381469727,111004900
2020-11-26,23.211278915405273,25.5,25.75,24.700000762939453,24.799999237060547,83101500
2020-11-27,23.211278915405273,25.5,26.0,25.0,25.25,49136100
2020-11-30,22.574106216430664,24.799999237060547,25.75,24.700000762939453,25.25,77080300
2020-12-01,23.211278915405273,25.5,25.75,25.0,25.25,36075600
2020-12-02,23.666397094726562,26.0,26.5,24.899999618530273,25.25,71070100
2020-12-03,23.893962860107422,26.25,26.5,25.75,26.0,24229100
2020-12-04,23.893962860107422,26.25,26.5,25.75,26.5,29483200
2020-12-08,25.486892700195312,28.0,28.0,26.0,26.25,51130900
2020-12-09,25.486892700195312,28.0,29.5,27.75,28.25,44864400
2020-12-14,25.031770706176758,27.5,28.75,26.75,28.5,38564700
2020-12-15,24.57664680480957,27.0,27.5,26.5,27.5,34512600
2020-12-16,25.25933265686035,27.75,27.75,26.75,27.0,40309400
2020-12-17,25.031770706176758,27.5,28.0,27.25,27.5,26244600
2020-12-18,24.349084854125977,26.75,27.75,26.75,27.5,51834700
2020-12-21,22.756155014038086,25.0,26.0,24.899999618530273,25.0,83032000
2020-12-22,22.983713150024414,25.25,25.75,24.899999618530273,25.25,39826000
2020-12-23,22.574106216430664,24.799999237060547,25.5,24.700000762939453,25.25,37879200
2020-12-24,23.211278915405273,25.5,25.75,24.299999237060547,25.0,37268100
2020-12-25,23.666397094726562,26.0,26.0,25.0,25.5,22006400
2020-12-28,22.756155014038086,25.0,26.25,25.0,26.25,17468600
2020-12-29,23.438838958740234,25.75,25.75,25.0,25.25,22222200
2020-12-30,23.438838958740234,25.75,26.0,25.25,25.75,20956400
2021-01-04,24.804208755493164,27.25,27.25,24.799999237060547,25.0,34436200
2021-01-05,24.57664680480957,27.0,27.25,26.0,27.25,31171900
2021-01-06,23.438838958740234,25.75,27.0,25.75,27.0,33666900
2021-01-07,23.438838958740234,25.75,26.5,25.5,26.0,32524000
2021-01-08,23.211278915405273,25.5,26.25,25.0,26.0,28432600
2021-01-11,24.121522903442383,26.5,26.5,25.5,25.75,20113400
2021-01-12,23.893962860107422,26.25,26.5,25.5,26.5,12782900
2021-01-13,23.666397094726562,26.0,26.5,25.75,26.25,14965800
2021-01-14,23.211278915405273,25.5,26.25,25.5,26.25,19461800
2021-01-15,22.983713150024414,25.25,26.0,25.0,25.75,12654000
2021-01-18,23.211278915405273,25.5,25.5,25.0,25.25,11593800
2021-01-19,23.211278915405273,25.5,25.75,25.0,25.75,14374000
2021-01-20,24.121522903442383,26.5,26.5,25.0,25.5,27561400
2021-01-21,24.804208755493164,27.25,27.5,26.5,27.0,46840000
2021-01-22,23.893962860107422,26.25,27.25,26.0,27.25,26925300
2021-01-25,23.438838958740234,25.75,26.25,25.25,26.0,21544900
2021-01-26,23.893962860107422,26.25,26.5,25.25,25.5,20486900
2021-01-27,23.211278915405273,25.5,26.5,25.5,26.25,17428300
2021-01-28,22.756155014038086,25.0,25.75,24.899999618530273,25.0,26030100
2021-01-29,22.574106216430664,24.799999237060547,25.5,24.399999618530273,25.25,39216100
2021-02-01,22.756155014038086,25.0,25.5,24.399999618530273,24.899999618530273,27222500
2021-02-02,23.211278915405273,25.5,25.75,25.25,25.5,10555100
2021-02-03,23.893962860107422,26.25,28.0,25.5,25.75,63574300
2021-02-04,24.121522903442383,26.5,27.0,26.0,26.25,31427000
2021-02-05,25.486892700195312,28.0,28.0,26.75,26.75,47420200
2021-02-08,27.30738639831543,30.0,30.0,28.25,28.5,54592300
2021-02-09,26.62470245361328,29.25,30.0,28.25,30.0,37716300
2021-02-10,26.852262496948242,29.5,31.25,29.0,30.0,47378300
2021-02-11,26.397140502929688,29.0,29.25,28.75,29.0,16117300
2021-02-15,26.169580459594727,28.75,29.5,28.25,29.25,21141200
2021-02-16,26.62470245361328,29.25,30.0,29.0,29.25,26263100
2021-02-17,26.397140502929688,29.0,29.5,28.75,29.25,12713600
2021-02-18,26.852262496948242,29.5,29.75,29.0,29.25,25713800
2021-02-19,26.62470245361328,29.25,29.75,28.75,29.25,21474500
2021-02-22,26.397140502929688,29.0,30.25,28.5,29.75,25185000
2021-02-23,28.217632293701172,31.0,31.75,29.25,29.5,78156000
2021-02-24,27.76250648498535,30.5,31.75,29.5,31.25,56644100
2021-02-25,27.53494644165039,30.25,31.25,30.25,31.0,42489100
2021-03-01,27.53494644165039,30.25,31.0,29.75,30.0,22885100
2021-03-02,27.30738639831543,30.0,31.0,29.75,30.25,19070800
2021-03-03,27.990070343017578,30.75,30.75,30.0,30.5,30831900
2021-03-04,27.53494644165039,30.25,31.25,30.0,30.75,34253500
2021-03-05,27.76250648498535,30.5,31.0,30.0,30.0,18151100
2021-03-08,27.30738639831543,30.0,31.0,30.0,31.0,17802500
2021-03-09,27.990070343017578,30.75,31.0,30.0,30.5,24940400
2021-03-10,27.990070343017578,30.75,31.25,30.0,30.75,29545000
2021-03-11,28.217632293701172,31.0,32.0,30.5,31.0,36101200
2021-03-12,27.53494644165039,30.25,31.25,30.0,31.0,25443700
2021-03-15,27.30738639831543,30.0,30.5,29.75,30.25,22776200
2021-03-16,27.990070343017578,30.75,31.25,30.0,30.5,22273100
2021-03-17,27.76250648498535,30.5,31.25,30.5,30.75,7416100
2021-03-18,27.76250648498535,30.5,31.5,30.5,31.0,12880900
2021-03-19,28.217632293701172,31.0,31.0,30.5,30.5,11740900
2021-03-22,29.12787437438965,32.0,32.25,30.75,31.25,32845300
2021-03-23,29.355436325073242,32.25,32.75,32.0,32.5,22622100
2021-03-24,28.672754287719727,31.5,32.0,31.25,31.75,25769900
2021-03-25,28.90031623840332,31.75,32.0,31.5,31.75,12357600
2021-03-26,29.58300018310547,32.5,32.75,31.75,32.0,20358200
2021-03-29,29.58300018310547,32.5,33.25,32.25,32.75,22220200
2021-03-30,29.355436325073242,32.25,33.0,32.25,32.75,14486500
2021-03-31,29.58300018310547,32.5,32.5,31.75,32.5,9876300
2021-04-01,29.12787437438965,32.0,32.75,32.0,32.5,13551700
2021-04-02,29.355436325073242,32.25,33.0,32.0,32.0,25030300
2021-04-05,28.217632293701172,31.0,32.5,30.75,32.5,25364600
2021-04-07,28.217632293701172,31.0,31.0,29.5,30.5,40913400
2021-04-08,27.990070343017578,30.75,31.0,29.75,31.0,36040700
2021-04-09,27.990070343017578,30.75,31.0,30.0,30.5,12255000
2021-04-12,27.53494644165039,30.25,30.75,30.0,30.25,17233100
2021-04-16,27.53494644165039,30.25,30.75,30.0,30.25,10736800
2021-04-19,28.4451904296875,31.25,31.25,30.25,30.5,11173600
2021-04-20,27.990070343017578,30.75,31.5,30.5,31.0,12994900
2021-04-21,27.30738639831543,30.0,30.75,29.5,30.5,26806900
2021-04-22,27.53494644165039,30.25,30.75,29.75,30.0,19943000
2021-04-23,26.169580459594727,28.75,30.5,28.75,29.75,30946800
2021-04-26,27.079822540283203,29.75,30.0,28.5,29.0,29289700
2021-04-27,27.30738639831543,30.0,30.25,29.5,30.0,17554600
2021-04-28,27.76250648498535,30.5,30.75,30.0,30.25,10038700
2021-04-29,27.76250648498535,30.5,31.5,30.25,31.0,20256600
2021-04-30,27.30738639831543,30.0,30.5,29.75,30.5,15623500
2021-05-05,26.397140502929688,29.0,30.25,28.5,29.75,30088500
2021-05-06,27.079822540283203,29.75,30.0,28.75,28.75,17027800
2021-05-07,26.62470245361328,29.25,30.0,29.0,29.75,16446900
2021-05-10,26.852262496948242,29.5,30.0,29.0,29.5,11611800
2021-05-11,26.397140502929688,29.0,29.25,28.5,29.25,17373100
2021-05-12,25.714452743530273,28.25,29.0,27.75,29.0,16417500
2021-05-13,25.942014694213867,28.5,29.0,27.75,28.0,25358700
2021-05-14,26.852262496948242,29.5,29.75,28.25,28.75,23425700
2021-05-17,27.079822540283203,29.75,30.25,28.75,29.75,20217400
2021-05-18,28.672754287719727,31.5,31.5,30.0,30.5,42522500
2021-05-19,28.672754287719727,31.5,31.75,30.75,31.5,20639100
2021-05-20,28.672754287719727,31.5,31.75,31.0,31.5,15775500
2021-05-21,28.217632293701172,31.0,31.75,30.75,31.75,23541800
2021-05-24,27.76250648498535,30.5,31.0,30.25,30.75,18789600
2021-05-25,28.217632293701172,31.0,31.25,30.5,30.75,12625500
2021-05-27,29.12787437438965,32.0,32.0,30.75,31.25,46116500
2021-05-28,28.672754287719727,31.5,32.5,31.5,32.25,9663200
2021-05-31,29.12787437438965,32.0,32.0,31.5,31.5,8108500
2021-06-01,29.355436325073242,32.25,32.75,31.75,32.5,17096100
2021-06-02,29.355436325073242,32.25,32.5,31.75,32.25,10385700
2021-06-04,29.355436325073242,32.25,33.0,32.0,32.25,26520100
2021-06-07,29.58300018310547,32.5,33.0,32.25,32.75,11383300
2021-06-08,29.810558319091797,32.75,33.0,32.25,32.75,9294800
2021-06-09,30.493242263793945,33.5,33.75,32.75,33.0,19154400
2021-06-10,30.03812026977539,33.0,33.75,32.75,33.5,10180900
2021-06-11,30.03812026977539,33.0,33.5,32.75,33.25,12474000
2021-06-14,29.810558319091797,32.75,33.25,32.5,33.25,6268400
2021-06-15,30.03812026977539,33.0,33.0,32.5,33.0,5910600
2021-06-16,30.03812026977539,33.0,33.25,32.0,33.0,14942000
2021-06-17,30.03812026977539,33.0,33.5,32.75,32.75,7725700
2021-06-18,28.90031623840332,31.75,33.0,31.5,32.75,41190200
2021-06-21,29.12787437438965,32.0,32.25,31.25,31.25,7327500
2021-06-22,28.90031623840332,31.75,32.0,31.5,32.0,6609000
2021-06-23,27.990070343017578,30.75,31.75,30.5,31.75,22049700
2021-06-24,27.990070343017578,30.75,31.0,30.0,30.75,19796100
2021-06-25,27.53494644165039,30.25,31.0,30.0,30.75,14678600
2021-06-28,27.76250648498535,30.5,30.75,29.75,30.0,13438900
2021-06-29,27.30738639831543,30.0,30.5,29.25,30.5,22745600
2021-06-30,27.30738639831543,30.0,30.25,29.75,30.0,11402100
2021-07-01,27.53494644165039,30.25,30.75,29.75,30.25,14448400
2021-07-02,27.079822540283203,29.75,30.25,29.25,30.0,22421100
2021-07-05,26.62470245361328,29.25,29.75,29.0,29.5,14056900
2021-07-06,27.30738639831543,30.0,30.25,29.25,29.5,16266400
2021-07-07,27.30738639831543,30.0,30.25,29.25,29.75,11320600
2021-07-08,26.62470245361328,29.25,29.5,28.75,29.5,19982000
2021-07-09,26.62470245361328,29.25,29.5,28.75,29.25,18092400
2021-07-12,26.852262496948242,29.5,30.0,28.75,29.0,11559100
2021-07-13,26.852262496948242,29.5,30.0,29.25,29.5,13357600
2021-07-14,27.079822540283203,29.75,29.75,29.0,29.25,11368500
2021-07-15,26.62470245361328,29.25,29.75,29.25,29.5,5344700
2021-07-16,27.30738639831543,30.0,30.0,29.0,29.5,9361200
2021-07-19,26.397140502929688,29.0,29.5,28.75,29.5,11035200
2021-07-20,25.25933265686035,27.75,28.75,27.25,28.75,39667800
2021-07-21,25.714452743530273,28.25,28.5,27.75,27.75,14152700
2021-07-22,26.62470245361328,29.25,29.5,28.25,28.25,12833100
2021-07-23,26.397140502929688,29.0,29.5,28.25,29.25,9033100
2021-07-27,26.62470245361328,29.25,29.25,28.5,29.0,14044000
2021-07-29,27.079822540283203,29.75,30.25,28.75,29.25,20281300
2021-07-30,27.079822540283203,29.75,30.25,29.25,29.75,24751600
2021-08-02,27.30738639831543,30.0,30.25,29.5,30.25,11054900
2021-08-03,27.76250648498535,30.5,30.75,29.75,29.75,13680500
2021-08-04,27.53494644165039,30.25,30.75,30.0,30.5,7521100
2021-08-05,26.62470245361328,29.25,30.5,29.0,30.5,14098500
2021-08-06,26.62470245361328,29.25,29.75,28.5,29.5,11600400
2021-08-09,27.079822540283203,29.75,30.25,29.0,29.25,11612700
2021-08-10,27.079822540283203,29.75,30.25,29.5,29.75,5639300
2021-08-11,27.079822540283203,29.75,30.25,29.5,30.0,9149400
2021-08-13,27.079822540283203,29.75,30.25,29.5,29.5,7726700
2021-08-16,27.990070343017578,30.75,31.5,29.75,30.25,21494700
2021-08-17,27.990070343017578,30.75,31.25,30.75,30.75,15449500
2021-08-18,28.672754287719727,31.5,32.25,30.75,31.0,33054200
2021-08-19,29.355436325073242,32.25,32.75,31.5,31.75,24012900
2021-08-20,29.12787437438965,32.0,32.5,31.75,32.25,12681300
2021-08-23,29.810558319091797,32.75,33.0,32.25,32.5,22742200
2021-08-24,29.58300018310547,32.5,33.0,32.0,32.75,10784700
2021-08-25,29.58300018310547,32.5,32.75,32.25,32.25,7924500
2021-08-26,29.58300018310547,32.5,33.0,32.5,32.5,9625000
2021-08-27,29.58300018310547,32.5,33.0,32.25,32.75,11716500
2021-08-30,30.265684127807617,33.25,33.25,32.5,32.75,18598800
2021-08-31,29.810558319091797,32.75,33.5,32.75,33.25,24056400
2021-09-01,29.810558319091797,32.75,33.25,32.25,33.0,12178300
2021-09-02,29.58300018310547,32.5,33.0,31.75,32.75,21912300
2021-09-03,29.58300018310547,32.5,32.75,32.0,32.5,11109600
2021-09-06,29.12787437438965,32.0,32.75,31.75,32.5,7722300
2021-09-07,29.12787437438965,32.0,32.75,31.75,32.25,9198600
2021-09-08,29.355436325073242,32.25,32.5,31.5,32.0,8281400
2021-09-09,28.90031623840332,31.75,32.25,31.25,32.25,14739200
2021-09-10,28.90031623840332,31.75,32.0,31.0,31.75,9575600
2021-09-13,29.810558319091797,32.75,33.0,31.5,31.75,17017800
2021-09-14,30.03812026977539,33.0,33.0,32.5,32.75,9742000
2021-09-15,30.03812026977539,33.0,33.25,32.5,33.0,9023200
2021-09-16,30.03812026977539,33.0,33.5,32.75,33.25,12339000
2021-09-17,29.12787437438965,32.0,33.25,32.0,33.0,22505200
2021-09-20,29.12787437438965,32.0,32.5,31.75,31.75,8461600
2021-09-21,29.355436325073242,32.25,32.75,32.0,32.25,11809000
2021-09-22,29.58300018310547,32.5,33.0,32.5,32.5,7374500
2021-09-23,29.810558319091797,32.75,33.5,32.25,32.75,24719100
2021-09-27,29.58300018310547,32.5,33.0,32.0,32.75,9089100
2021-09-28,29.355436325073242,32.25,32.75,32.25,32.5,8955200
2021-09-29,29.12787437438965,32.0,32.5,31.5,32.25,14503900
2021-09-30,28.672754287719727,31.5,32.5,31.0,31.75,27472700
2021-10-01,28.4451904296875,31.25,31.75,31.0,31.75,13149800
2021-10-04,29.58300018310547,32.5,34.0,32.0,32.5,45717500
2021-10-05,29.810558319091797,32.75,33.0,32.0,32.25,15888800
2021-10-06,29.355436325073242,32.25,32.75,32.0,32.75,16742900
2021-10-07,30.03812026977539,33.0,33.25,32.25,32.25,22172600
2021-10-08,30.72081184387207,33.75,34.0,32.75,33.25,22930900
2021-10-11,30.265684127807617,33.25,34.0,33.0,34.0,14339300
2021-10-12,30.72081184387207,33.75,34.75,33.25,34.25,33840900
2021-10-14,30.72081184387207,33.75,34.0,33.25,34.0,13484100
2021-10-15,30.493242263793945,33.5,34.0,32.75,33.75,21515700
2021-10-18,30.03812026977539,33.0,33.75,32.75,33.5,14212700
2021-10-19,30.03812026977539,33.0,33.25,32.75,33.0,10783800
2021-10-20,30.265684127807617,33.25,33.5,32.75,33.25,12295300
2021-10-21,30.493242263793945,33.5,33.75,33.0,33.5,8073500
2021-10-25,29.810558319091797,32.75,33.5,32.5,33.5,16090700
2021-10-26,29.58300018310547,32.5,33.0,32.0,32.5,11164900
2021-10-27,29.58300018310547,32.5,32.75,32.25,32.25,9181400
2021-10-28,29.355436325073242,32.25,32.75,32.25,32.5,8523200
2021-10-29,29.810558319091797,32.75,32.75,32.25,32.25,3967200
2021-11-01,29.355436325073242,32.25,33.25,32.25,33.25,10753500
2021-11-02,30.03812026977539,33.0,33.25,32.0,32.5,14931400
2021-11-03,30.03812026977539,33.0,33.0,32.5,33.0,6406100
2021-11-04,29.810558319091797,32.75,33.25,32.75,33.0,2930700
2021-11-05,30.265684127807617,33.25,33.25,32.75,33.0,3720900
2021-11-08,30.94837188720703,34.0,34.25,33.75,33.75,15943500
2021-11-09,30.94837188720703,34.0,34.25,33.75,34.0,13696700
2021-11-10,30.94837188720703,34.0,34.0,33.5,33.75,4244200
2021-11-11,30.72081184387207,33.75,34.0,33.5,34.0,2987500
2021-11-12,30.265684127807617,33.25,33.75,32.5,33.75,20857100
2021-11-15,29.58300018310547,32.5,33.5,32.0,33.25,13001100
2021-11-16,29.810558319091797,32.75,33.5,32.5,32.5,14831100
2021-11-17,30.03812026977539,33.0,33.25,32.5,33.0,10287300
2021-11-18,30.265684127807617,33.25,33.5,32.75,33.25,6882300
2021-11-19,29.810558319091797,32.75,33.25,32.25,33.25,13532400
2021-11-22,28.90031623840332,31.75,32.5,31.75,32.25,19101200
2021-11-23,28.672754287719727,31.5,32.0,31.0,31.75,21860300
2021-11-24,28.4451904296875,31.25,31.5,31.0,31.25,16056300
2021-11-25,27.990070343017578,30.75,31.25,30.5,31.25,18790000
2021-11-26,26.62470245361328,29.25,30.5,29.0,30.25,50295200
2021-11-29,25.714452743530273,28.25,29.5,28.0,29.25,58101600
2021-11-30,24.804208755493164,27.25,29.25,27.25,28.75,68848700
2021-12-01,25.486892700195312,28.0,28.25,27.0,28.0,35901900
2021-12-02,25.25933265686035,27.75,28.0,27.0,27.75,27750600
2021-12-03,25.25933265686035,27.75,28.25,27.25,28.0,20145600
2021-12-07,26.62470245361328,29.25,29.5,28.25,28.75,58130600
2021-12-08,26.397140502929688,29.0,29.75,28.75,29.25,25352100
2021-12-09,26.397140502929688,29.0,29.25,28.5,29.25,12053900
2021-12-13,26.62470245361328,29.25,29.5,28.75,29.25,12982700
2021-12-14,26.852262496948242,29.5,29.5,28.5,29.0,23690500
2021-12-15,26.852262496948242,29.5,29.75,29.0,29.5,12016400
2021-12-16,27.079822540283203,29.75,29.75,29.0,29.5,18689300
2021-12-17,26.852262496948242,29.5,29.5,28.75,29.5,16899100
2021-12-20,25.486892700195312,28.0,29.0,27.75,29.0,42653800
2021-12-21,25.486892700195312,28.0,28.5,27.75,28.0,13577400
2021-12-22,25.25933265686035,27.75,28.5,27.75,28.0,14244400
2021-12-23,25.714452743530273,28.25,28.5,28.0,28.0,13380700
2021-12-24,25.714452743530273,28.25,28.75,28.0,28.5,6946400
2021-12-27,25.714452743530273,28.25,28.5,28.0,28.5,8749600
2021-12-28,25.942014694213867,28.5,28.75,28.25,28.5,8606100
2021-12-29,25.942014694213867,28.5,29.0,28.5,28.5,12310200
2021-12-30,26.169580459594727,28.75,28.75,28.25,28.75,9030300
2022-01-04,27.079822540283203,29.75,30.25,28.75,29.0,33652900
2022-01-05,27.079822540283203,29.75,30.0,29.25,29.75,12115000
2022-01-06,25.942014694213867,28.5,29.75,28.5,29.75,26253800
2022-01-07,26.169580459594727,28.75,29.0,28.5,28.5,13795200
2022-01-10,26.397140502929688,29.0,29.0,28.25,28.75,12688700
2022-01-11,26.169580459594727,28.75,29.25,28.5,29.25,8547100
2022-01-12,26.397140502929688,29.0,29.25,28.5,28.5,15898300
2022-01-13,26.397140502929688,29.0,29.5,28.75,29.0,11946300
2022-01-14,26.852262496948242,29.5,29.75,28.75,29.0,20871500
2022-01-17,26.852262496948242,29.5,30.0,29.25,29.75,14316000
2022-01-18,26.852262496948242,29.5,30.5,29.5,30.0,26024600
2022-01-19,27.30738639831543,30.0,30.0,29.0,29.5,14786000
2022-01-20,27.990070343017578,30.75,31.0,30.0,30.25,35752300
2022-01-21,27.990070343017578,30.75,31.25,30.25,31.0,20565600
2022-01-24,27.76250648498535,30.5,31.0,30.25,31.0,9915600
2022-01-25,27.76250648498535,30.5,30.5,29.5,30.5,18038500
2022-01-26,27.76250648498535,30.5,30.75,29.75,30.75,16881500
2022-01-27,27.53494644165039,30.25,30.25,29.5,30.0,16314000
2022-01-28,27.53494644165039,30.25,30.5,30.0,30.0,13715700
2022-01-31,27.76250648498535,30.5,31.5,30.5,30.75,17962500
2022-02-01,27.990070343017578,30.75,31.25,30.75,31.25,10889000
2022-02-02,27.76250648498535,30.5,31.0,30.25,30.75,10535100
2022-02-03,27.53494644165039,30.25,30.75,30.25,30.5,10293100
2022-02-04,27.76250648498535,30.5,31.0,30.5,30.5,7308100
2022-02-07,27.990070343017578,30.75,31.0,30.25,30.5,8716400
2022-02-08,28.672754287719727,31.5,31.5,30.5,30.75,22341500
2022-02-09,29.12787437438965,32.0,32.25,31.5,31.75,22038500
2022-02-10,29.58300018310547,32.5,32.5,31.75,32.5,17398000
2022-02-11,29.58300018310547,32.5,32.75,32.0,32.0,16884100
2022-02-14,28.90031623840332,31.75,32.25,31.25,32.0,25963600
2022-02-15,29.355436325073242,32.25,32.5,31.75,31.75,15754400
2022-02-17,29.810558319091797,32.75,33.0,32.25,32.25,19832300
2022-02-18,29.810558319091797,32.75,33.0,32.25,32.75,11100000
2022-02-21,29.12787437438965,32.0,32.75,32.0,32.5,11229000
2022-02-22,28.217632293701172,31.0,31.75,30.5,31.25,37441100
2022-02-23,28.4451904296875,31.25,31.75,30.5,31.0,24805900
2022-02-24,27.53494644165039,30.25,31.0,29.75,30.75,34798900
2022-02-25,27.53494644165039,30.25,30.75,30.0,30.5,18319500
2022-02-28,27.990070343017578,30.75,31.25,30.25,31.0,35679100
2022-03-01,28.4451904296875,31.25,31.75,31.0,31.25,16763600
2022-03-02,28.4451904296875,31.25,31.5,30.5,31.0,14836400
2022-03-03,28.90031623840332,31.75,32.25,31.25,31.25,12603400
2022-03-04,27.76250648498535,30.5,31.75,30.5,31.75,20797200
2022-03-07,26.62470245361328,29.25,29.75,27.5,27.75,45197200
2022-03-08,26.852262496948242,29.5,29.75,28.5,29.25,38159600
2022-03-09,27.30738639831543,30.0,30.5,29.25,29.5,29757800
2022-03-10,27.990070343017578,30.75,31.25,30.25,30.5,24334700
2022-03-11,28.217632293701172,31.0,31.5,30.5,30.75,12959400
2022-03-14,27.990070343017578,30.75,31.25,30.25,30.5,11019600
2022-03-15,27.990070343017578,30.75,31.25,30.5,31.0,10544600
2022-03-16,28.4451904296875,31.25,31.75,30.75,31.0,14177300
2022-03-17,28.90031623840332,31.75,32.25,31.5,32.0,16753500
2022-03-18,28.90031623840332,31.75,32.25,31.75,31.75,21090800
2022-03-21,28.90031623840332,31.75,32.5,31.5,32.0,17485900
2022-03-22,29.12787437438965,32.0,32.25,31.5,32.0,17731100
2022-03-23,28.672754287719727,31.5,32.25,31.25,32.0,17319000
2022-03-24,28.90031623840332,31.75,32.0,30.75,31.0,16147600
2022-03-25,28.90031623840332,31.75,32.0,31.25,31.75,9789000
2022-03-28,29.355436325073242,32.25,32.5,31.5,31.5,16222800
2022-03-29,29.58300018310547,32.5,33.0,32.25,32.5,22650500
2022-03-30,29.810558319091797,32.75,33.25,32.5,33.0,37105200
2022-03-31,30.493242263793945,33.5,33.5,32.75,33.25,31156400
2022-04-01,30.94837188720703,34.0,34.0,33.25,34.0,26446600
2022-04-04,31.175931930541992,34.25,34.5,33.75,34.25,25313500
2022-04-05,31.175931930541992,34.25,34.5,34.0,34.5,11051400
2022-04-07,30.94837188720703,34.0,34.5,33.25,34.25,22312100
2022-04-08,31.403493881225586,34.5,34.75,34.0,34.25,29040000
2022-04-11,31.175931930541992,34.25,34.5,34.0,34.5,17240700
2022-04-12,31.403493881225586,34.5,34.75,33.5,33.5,13064400
2022-04-18,31.63105583190918,34.75,35.25,34.25,34.5,20436400
2022-04-19,31.63105583190918,34.75,35.25,34.5,35.0,17609800
2022-04-20,31.403493881225586,34.5,35.0,34.5,35.0,16285600
2022-04-21,31.63105583190918,34.75,35.0,34.5,34.5,15609500
2022-04-22,32.086177825927734,35.25,35.75,34.25,34.5,26593000
2022-04-25,31.403493881225586,34.5,35.25,34.5,35.25,11392000
2022-04-26,32.76885986328125,36.0,36.0,34.75,35.0,30929400
2022-04-27,32.31373977661133,35.5,35.75,35.0,35.75,20330000
2022-04-28,32.76885986328125,36.0,36.25,35.25,35.5,24547800
2022-04-29,31.85861587524414,35.0,36.25,35.0,36.25,16525900
2022-05-03,32.086177825927734,35.25,35.75,35.0,35.25,15171500
2022-05-05,31.175931930541992,34.25,35.75,34.0,35.5,12673500
2022-05-06,30.94837188720703,34.0,34.5,33.5,33.75,16720400
2022-05-09,30.72081184387207,33.75,34.5,33.5,34.0,8906500
2022-05-10,30.493242263793945,33.5,34.25,33.0,33.75,21182800
2022-05-11,30.265684127807617,33.25,33.75,33.0,33.75,13261400
2022-05-12,29.58300018310547,32.5,33.75,32.25,33.25,19080600
2022-05-13,29.12787437438965,32.0,33.5,31.5,33.0,30906800
2022-05-17,30.03812026977539,33.0,33.25,32.0,32.0,19794900
2022-05-18,30.03812026977539,33.0,33.75,32.5,33.5,19256900
2022-05-19,30.03812026977539,33.0,33.25,32.25,32.5,12145500
2022-05-20,30.72081184387207,33.75,34.0,33.25,33.75,17585000
2022-05-23,31.175931930541992,34.25,34.5,33.75,34.0,16465200
2022-05-24,30.72081184387207,33.75,34.5,33.25,34.25,21156600
2022-05-25,30.72081184387207,33.75,34.25,33.5,33.75,10912300
2022-05-26,31.175931930541992,34.25,34.5,33.75,34.0,16434700
2022-05-27,31.63105583190918,34.75,35.0,34.25,34.75,17501600
2022-05-30,31.63105583190918,34.75,35.5,34.75,35.25,18148000
2022-05-31,31.85861587524414,35.0,35.0,34.25,34.75,33781000
2022-06-01,31.85861587524414,35.0,35.25,34.5,35.25,7655200
2022-06-02,31.175931930541992,34.25,35.0,34.0,35.0,15433500
2022-06-06,31.63105583190918,34.75,35.0,34.25,34.5,12701000
2022-06-07,31.403493881225586,34.5,34.75,34.25,34.75,11865500
2022-06-08,31.403493881225586,34.5,35.0,34.5,34.75,5916100
2022-06-09,31.63105583190918,34.75,35.5,34.5,34.5,23963500
2022-06-10,32.086177825927734,35.25,35.75,34.75,34.75,15404000
2022-06-13,31.403493881225586,34.5,35.0,34.25,34.5,9441800
2022-06-14,30.94837188720703,34.0,34.5,33.75,34.5,19593900
2022-06-15,30.493242263793945,33.5,34.25,33.5,34.0,11400200
2022-06-16,29.810558319091797,32.75,34.25,32.75,33.75,19544600
2022-06-17,29.810558319091797,32.75,33.5,32.75,32.75,27687000
2022-06-20,30.493242263793945,33.5,34.0,32.75,32.75,14378400
2022-06-21,31.403493881225586,34.5,34.75,34.0,34.25,12912300
2022-06-22,31.175931930541992,34.25,34.5,33.5,34.25,11278800
2022-06-23,30.72081184387207,33.75,34.5,33.75,34.25,11503200
2022-06-24,30.94837188720703,34.0,34.5,33.5,34.5,11023300
2022-06-27,30.493242263793945,33.5,34.5,33.25,34.25,10011100
2022-06-28,31.175931930541992,34.25,34.5,33.5,33.5,15025300
2022-06-29,31.175931930541992,34.25,34.25,33.75,34.0,8641600
2022-06-30,30.94837188720703,34.0,34.5,33.75,34.25,15280500
2022-07-01,30.94837188720703,34.0,34.5,33.5,34.5,6698000
2022-07-04,30.03812026977539,33.0,34.0,32.75,33.75,9636500
2022-07-05,29.58300018310547,32.5,33.5,32.25,33.25,17104100
2022-07-06,30.493242263793945,33.5,33.75,32.5,32.5,25316600
2022-07-07,30.94837188720703,34.0,34.0,33.25,33.75,9283800
2022-07-08,30.493242263793945,33.5,34.0,33.0,34.0,7818800
2022-07-11,29.58300018310547,32.5,33.75,32.5,33.5,14060300
2022-07-12,29.810558319091797,32.75,33.0,32.5,32.5,9175000
2022-07-14,29.58300018310547,32.5,33.0,32.25,32.75,7836100
2022-07-15,29.355436325073242,32.25,32.75,31.75,32.5,17498000
2022-07-18,30.03812026977539,33.0,33.5,32.25,32.5,14839500
2022-07-19,30.265684127807617,33.25,33.25,32.75,33.0,12075900
2022-07-20,30.265684127807617,33.25,34.0,33.0,33.5,13505500
2022-07-21,30.265684127807617,33.25,33.75,33.0,33.25,13420600
2022-07-22,30.265684127807617,33.25,33.75,33.25,33.25,6280100
2022-07-25,30.493242263793945,33.5,33.75,33.25,33.25,4816900
2022-07-26,29.58300018310547,32.5,33.5,32.5,33.25,16343100
2022-07-27,30.493242263793945,33.5,33.5,32.5,32.5,13568800
2022-08-01,30.72081184387207,33.75,34.5,33.75,34.25,16858800
2022-08-02,30.72081184387207,33.75,34.0,33.25,33.75,5747200
2022-08-03,30.94837188720703,34.0,34.0,33.5,33.5,3306100
2022-08-04,30.72081184387207,33.75,34.25,33.25,34.25,16382200
2022-08-05,30.493242263793945,33.5,34.0,33.0,34.0,11301400
2022-08-08,30.94837188720703,34.0,34.0,33.0,33.5,12809100
2022-08-09,30.94837188720703,34.0,34.5,33.75,34.0,15533700
2022-08-10,30.94837188720703,34.0,34.0,33.5,34.0,13404100
2022-08-11,30.94837188720703,34.0,34.5,33.5,34.25,23802800
2022-08-15,30.94837188720703,34.0,34.25,33.75,33.75,15085000
2022-08-16,30.72081184387207,33.75,34.25,33.5,34.0,11045000
2022-08-17,30.94837188720703,34.0,34.25,33.75,34.0,19289900
2022-08-18,30.493242263793945,33.5,34.0,33.25,33.75,10788000
2022-08-19,30.493242263793945,33.5,33.75,33.0,33.5,16998300
2022-08-22,30.03812026977539,33.0,33.5,32.75,33.25,18063600
2022-08-23,30.265684127807617,33.25,33.5,32.5,32.75,17941500
2022-08-24,30.265684127807617,33.25,33.25,32.75,33.25,12122900
2022-08-25,30.03812026977539,33.0,33.5,33.0,33.25,8198100
2022-08-26,30.03812026977539,33.0,33.5,32.75,33.0,13849900
2022-08-29,29.12787437438965,32.0,32.5,31.5,32.25,43141900
2022-08-30,29.58300018310547,32.5,32.75,32.0,32.0,26052100
2022-08-31,29.810558319091797,32.75,32.75,32.25,32.5,17225200
2022-09-01,29.355436325073242,32.25,32.75,31.75,32.75,30447800
2022-09-02,29.355436325073242,32.25,32.25,31.75,32.25,15895100
2022-09-05,28.217632293701172,31.0,32.0,30.5,32.0,43704700
2022-09-06,27.76250648498535,30.5,31.25,30.5,31.0,20915600
2022-09-07,28.217632293701172,31.0,31.0,30.5,30.5,22032100
2022-09-08,27.30738639831543,30.0,31.0,30.0,31.0,26723900
2022-09-09,27.53494644165039,30.25,30.5,30.0,30.25,19365700
2022-09-12,27.76250648498535,30.5,31.0,30.25,30.25,25829100
2022-09-13,27.53494644165039,30.25,30.75,30.25,30.5,24271000
2022-09-14,27.079822540283203,29.75,30.0,29.5,30.0,39173100
2022-09-15,25.714452743530273,28.25,28.25,27.25,27.5,100613500
2022-09-16,25.031770706176758,27.5,28.5,27.25,28.0,102933700
2022-09-19,25.031770706176758,27.5,28.0,27.25,27.5,26933900
2022-09-20,25.714452743530273,28.25,28.75,27.75,27.75,46190000
2022-09-21,25.486892700195312,28.0,28.75,28.0,28.25,27739500
2022-09-22,25.486892700195312,28.0,28.5,27.75,28.0,28069900
2022-09-23,25.714452743530273,28.25,28.5,27.75,28.25,19541300
2022-09-26,25.25933265686035,27.75,28.0,27.25,27.75,30592700
2022-09-27,25.25933265686035,27.75,28.0,27.5,27.75,16673800
2022-09-28,24.804208755493164,27.25,27.75,27.25,27.5,18069500
2022-09-29,23.666397094726562,26.0,27.75,26.0,27.5,60800600
2022-09-30,24.121522903442383,26.5,27.25,25.75,26.0,22171400
2022-10-03,23.893962860107422,26.25,27.5,26.0,27.0,37765700
2022-10-04,24.349084854125977,26.75,27.25,26.5,26.75,26281900
2022-10-05,25.031770706176758,27.5,28.0,27.5,27.5,33065100
2022-10-06,25.031770706176758,27.5,28.0,27.5,27.75,17239600
2022-10-07,24.57664680480957,27.0,27.5,26.5,27.25,23564500
2022-10-10,23.666397094726562,26.0,26.75,25.75,26.75,35333100
2022-10-11,23.211278915405273,25.5,26.0,25.25,25.75,28986200
2022-10-12,22.756155014038086,25.0,25.5,24.899999618530273,25.5,33180900
2022-10-17,22.301029205322266,24.5,25.0,24.100000381469727,25.0,74837800
2022-10-18,23.893962860107422,26.25,27.0,24.899999618530273,25.0,70650600
2022-10-19,24.121522903442383,26.5,26.75,26.0,26.25,29229100
2022-10-20,24.57664680480957,27.0,27.25,26.0,26.25,35413800
2022-10-21,24.349084854125977,26.75,27.0,26.5,27.0,15707000
2022-10-25,24.57664680480957,27.0,27.5,26.5,27.5,34984800
2022-10-26,25.714452743530273,28.25,28.5,27.5,27.5,55620700
2022-10-27,26.169580459594727,28.75,28.75,28.25,28.5,24399800
2022-10-28,25.942014694213867,28.5,28.75,28.0,28.75,22451000
2022-10-31,25.714452743530273,28.25,29.0,28.0,28.75,22251600
2022-11-01,26.169580459594727,28.75,28.75,28.25,28.75,17245200
2022-11-02,26.169580459594727,28.75,29.0,28.5,28.75,19936600
2022-11-03,25.942014694213867,28.5,28.75,28.25,28.5,20768400
2022-11-04,26.397140502929688,29.0,29.5,28.5,28.75,32097700
2022-11-07,26.169580459594727,28.75,29.25,28.75,29.0,17668600
2022-11-08,26.62470245361328,29.25,29.75,28.75,29.0,33945700
2022-11-09,26.397140502929688,29.0,29.5,28.0,29.5,40354500
2022-11-10,27.079822540283203,29.75,30.75,28.75,29.0,69035900
2022-11-11,28.4451904296875,31.25,31.5,30.5,30.5,83948100
2022-11-14,28.217632293701172,31.0,31.5,30.5,31.25,31194100
2022-11-15,28.217632293701172,31.0,31.5,30.75,31.0,20264100
2022-11-16,27.990070343017578,30.75,31.25,30.25,31.0,21099100
2022-11-17,27.76250648498535,30.5,30.75,30.25,30.75,17294300
2022-11-18,27.53494644165039,30.25,31.0,30.0,31.0,17104400
2022-11-21,27.53494644165039,30.25,30.5,29.75,30.25,10460200
2022-11-22,27.53494644165039,30.25,30.75,30.25,30.5,13217000
2022-11-23,27.30738639831543,30.0,30.5,30.0,30.25,16402800
2022-11-24,27.53494644165039,30.25,30.5,29.75,30.0,14916800
2022-11-25,27.30738639831543,30.0,30.25,29.5,30.0,18127800
2022-11-28,27.079822540283203,29.75,30.0,29.75,30.0,5230000
2022-11-29,27.53494644165039,30.25,30.75,29.75,29.75,16537600
2022-11-30,27.990070343017578,30.75,30.75,30.25,30.5,33360000
2022-12-01,27.990070343017578,30.75,31.25,30.5,31.0,33159700
2022-12-02,27.990070343017578,30.75,31.0,30.5,30.75,16387000
2022-12-06,27.53494644165039,30.25,31.0,30.25,31.0,18832600
2022-12-07,27.53494644165039,30.25,30.75,30.0,30.25,15025200
2022-12-08,27.990070343017578,30.75,30.75,30.25,30.5,23299100
2022-12-09,27.990070343017578,30.75,31.0,30.5,30.75,9955300
2022-12-13,28.217632293701172,31.0,31.25,30.75,30.75,20253000
2022-12-14,28.672754287719727,31.5,31.5,30.75,31.0,18075500
2022-12-15,28.4451904296875,31.25,31.5,30.75,31.5,24171700
2022-12-16,28.90031623840332,31.75,31.75,30.5,31.0,31815600
2022-12-19,28.4451904296875,31.25,31.75,30.75,31.5,11391400
2022-12-20,28.4451904296875,31.25,31.5,30.75,31.5,18154300
2022-12-21,28.672754287719727,31.5,31.75,31.0,31.25,14318300
2022-12-22,28.672754287719727,31.5,31.5,31.25,31.5,4682200
2022-12-23,28.4451904296875,31.25,31.75,31.25,31.25,12508600
2022-12-26,28.672754287719727,31.5,31.75,31.25,31.5,7776500
2022-12-27,29.355436325073242,32.25,32.25,31.75,32.0,42769800
2022-12-28,29.58300018310547,32.5,32.75,32.25,32.5,24683800
2022-12-29,29.810558319091797,32.75,32.75,32.25,32.5,17857800
2022-12-30,29.355436325073242,32.25,33.0,32.25,33.0,17139200
2023-01-03,29.58300018310547,32.5,33.0,32.0,32.25,21343800
2023-01-04,29.810558319091797,32.75,33.0,32.25,32.5,16492700
2023-01-05,30.265684127807617,33.25,33.5,32.75,33.0,47037000
2023-01-06,30.493242263793945,33.5,34.0,33.25,33.5,27176800
2023-01-09,30.493242263793945,33.5,34.0,33.5,33.5,33875500
2023-01-10,30.72081184387207,33.75,34.25,33.25,33.5,36386100
2023-01-11,30.72081184387207,33.75,34.25,33.75,33.75,33342500
2023-01-12,30.94837188720703,34.0,34.25,33.5,34.0,31972200
2023-01-13,30.94837188720703,34.0,34.25,33.5,34.25,22472200
2023-01-16,30.72081184387207,33.75,34.0,33.5,34.0,19531400
2023-01-17,29.810558319091797,32.75,33.75,32.75,33.5,33663900
2023-01-18,29.810558319091797,32.75,33.25,32.25,32.75,39742000
2023-01-19,30.03812026977539,33.0,33.25,32.5,32.75,27410600
2023-01-20,29.58300018310547,32.5,33.25,32.25,33.0,31054500
2023-01-23,29.58300018310547,32.5,32.75,32.25,32.5,24478800
2023-01-24,30.265684127807617,33.25,33.75,32.25,32.5,45295900
2023-01-25,30.72081184387207,33.75,34.25,33.25,33.5,42065900
2023-01-26,30.94837188720703,34.0,34.25,33.75,34.0,15396900
2023-01-27,30.94837188720703,34.0,34.25,33.75,34.0,24617800
2023-01-30,30.72081184387207,33.75,34.0,33.5,33.75,9987200
2023-01-31,30.265684127807617,33.25,33.75,33.0,33.5,22703100
2023-02-01,30.265684127807617,33.25,33.5,32.75,33.5,13297400
2023-02-02,30.493242263793945,33.5,33.75,33.0,33.0,25703200
2023-02-03,30.72081184387207,33.75,34.0,33.25,33.75,21649700
2023-02-06,30.493242263793945,33.5,33.75,33.25,33.5,10723500
2023-02-07,30.265684127807617,33.25,33.75,33.0,33.5,26087400
2023-02-08,30.493242263793945,33.5,33.75,33.0,33.25,16397900
2023-02-09,30.72081184387207,33.75,34.0,33.25,33.5,19809900
2023-02-10,30.94837188720703,34.0,34.0,33.5,33.5,7521100
2023-02-13,30.493242263793945,33.5,34.0,33.25,33.75,10886400
2023-02-14,30.72081184387207,33.75,33.75,33.5,33.5,5842000
2023-02-15,30.72081184387207,33.75,34.0,33.5,33.75,11961800
2023-02-16,30.72081184387207,33.75,33.75,33.5,33.75,8659500
2023-02-17,30.493242263793945,33.5,34.0,33.25,33.5,8963800
2023-02-20,30.265684127807617,33.25,33.5,33.0,33.25,8827100
2023-02-21,30.493242263793945,33.5,33.5,32.75,33.0,16578200
2023-02-22,30.493242263793945,33.5,33.75,33.25,33.5,23290000
2023-02-23,31.175931930541992,34.25,34.25,33.5,33.75,41207400
2023-02-24,31.403493881225586,34.5,34.75,33.75,34.25,44415000
2023-02-27,31.175931930541992,34.25,34.75,34.0,34.5,15219400
2023-02-28,30.493242263793945,33.5,34.5,33.5,34.5,22358500
2023-03-01,30.72081184387207,33.75,34.0,33.25,33.75,15453300
2023-03-02,30.03812026977539,33.0,33.75,33.0,33.5,21501900
2023-03-03,30.265684127807617,33.25,33.75,33.25,33.25,8220300
2023-03-07,30.493242263793945,33.5,34.0,33.25,33.75,12889100
2023-03-08,30.72081184387207,33.75,33.75,33.25,33.25,20482700
2023-03-09,30.03812026977539,33.0,33.75,33.0,33.5,19309400
2023-03-10,29.810558319091797,32.75,33.0,32.5,33.0,15473300
2023-03-13,29.355436325073242,32.25,33.25,32.0,33.25,26423700
2023-03-14,28.217632293701172,31.0,32.5,30.5,32.0,39355100
2023-03-15,28.672754287719727,31.5,32.25,31.25,31.5,28451800
2023-03-16,28.90031623840332,31.75,32.0,30.25,30.5,27377300
2023-03-17,29.12787437438965,32.0,32.5,31.75,31.75,22771000
2023-03-20,28.4451904296875,31.25,32.25,31.25,32.0,22138000
2023-03-21,29.355436325073242,32.25,32.5,31.5,31.75,14439400
2023-03-22,29.810558319091797,32.75,33.25,32.25,32.75,15179200
2023-03-23,30.265684127807617,33.25,33.5,32.5,32.75,14932900
2023-03-24,29.810558319091797,32.75,33.5,32.75,33.25,20688300
2023-03-27,29.58300018310547,32.5,33.0,32.0,33.0,18387000
2023-03-28,29.58300018310547,32.5,32.75,32.0,32.5,22336500
2023-03-29,29.355436325073242,32.25,32.75,31.75,32.5,17164200
2023-03-30,28.90031623840332,31.75,32.5,31.75,32.0,25587100
2023-03-31,29.355436325073242,32.25,32.5,31.75,32.0,18515300
2023-04-03,29.58300018310547,32.5,32.75,32.25,32.75,11377500
2023-04-04,29.355436325073242,32.25,32.75,32.0,32.5,9346700
2023-04-05,27.990070343017578,30.75,32.0,30.75,32.0,28361300
2023-04-07,27.990070343017578,30.75,31.0,30.5,31.0,10473900
2023-04-10,27.76250648498535,30.5,31.0,30.25,30.75,17076300
2023-04-11,28.217632293701172,31.0,31.25,30.5,30.5,14971100
2023-04-12,28.4451904296875,31.25,31.25,30.5,31.0,8078100
2023-04-17,28.4451904296875,31.25,31.5,30.5,31.25,17787400
2023-04-18,28.672754287719727,31.5,32.0,31.25,31.75,17411200
2023-04-19,28.4451904296875,31.25,32.0,31.0,31.25,17662100
2023-04-20,28.672754287719727,31.5,31.75,30.75,31.25,16337600
2023-04-21,28.217632293701172,31.0,31.5,30.25,31.5,25230300
2023-04-24,28.4451904296875,31.25,31.25,30.5,31.0,8422400
2023-04-25,27.990070343017578,30.75,31.25,30.5,31.0,11499800
2023-04-26,28.217632293701172,31.0,31.5,30.75,31.0,11822200
2023-04-27,29.135278701782227,31.75,32.0,30.75,31.0,13806300
2023-04-28,28.905866622924805,31.5,32.0,31.25,32.0,15249300
2023-05-02,29.594100952148438,32.25,32.25,31.5,32.0,18642900
2023-05-03,30.51174545288086,33.25,33.25,31.5,32.0,24597300
2023-05-08,30.74115562438965,33.5,34.0,33.0,34.0,23791400
2023-05-09,30.74115562438965,33.5,34.25,32.25,33.25,31124500
2023-05-10,30.51174545288086,33.25,33.5,33.0,33.5,11074000
2023-05-11,30.282333374023438,33.0,33.25,32.5,33.0,9735900
2023-05-12,30.282333374023438,33.0,33.5,32.5,33.0,12126800
2023-05-15,30.052921295166016,32.75,33.75,32.25,33.75,15748300
2023-05-16,30.052921295166016,32.75,33.0,32.25,32.5,8299400
2023-05-17,29.135278701782227,31.75,33.5,31.5,33.25,18769700
2023-05-18,30.052921295166016,32.75,33.25,32.0,32.0,14036900
2023-05-19,29.823511123657227,32.5,33.0,32.5,32.75,8392700
2023-05-22,30.51174545288086,33.25,33.75,32.25,32.5,22071200
2023-05-23,30.970569610595703,33.75,34.0,33.25,33.5,17649700
2023-05-24,30.74115562438965,33.5,34.25,33.25,34.0,24168000
2023-05-25,30.970569610595703,33.75,34.0,33.25,34.0,21991600
2023-05-26,31.199983596801758,34.0,34.25,33.5,33.75,12465700
2023-05-29,31.199983596801758,34.0,34.25,33.5,34.0,6148700
2023-05-30,30.74115562438965,33.5,34.25,33.25,34.0,13065500
2023-05-31,30.970569610595703,33.75,34.0,33.5,33.5,6186200
2023-06-01,31.199983596801758,34.0,34.0,33.5,34.0,6445800
2023-06-02,31.199983596801758,34.0,34.0,33.5,34.0,8236100
2023-06-06,31.199983596801758,34.0,34.25,33.5,34.0,13470400
2023-06-07,31.199983596801758,34.0,34.0,33.5,34.0,10944200
2023-06-08,31.6588077545166,34.5,34.5,33.75,34.0,15435100
2023-06-09,30.970569610595703,33.75,34.75,33.75,34.75,16294600
2023-06-12,31.42939567565918,34.25,34.5,33.75,33.75,13727200
2023-06-13,31.6588077545166,34.5,34.75,34.0,34.25,12825100
2023-06-14,31.199983596801758,34.0,34.75,34.0,34.5,13040300
2023-06-15,31.6588077545166,34.5,34.5,33.75,34.0,10042400
2023-06-16,31.888219833374023,34.75,34.5,33.75,34.5,15780500
2023-06-19,31.6588077545166,34.5,34.75,34.25,34.5,8971300
2023-06-20,31.6588077545166,34.5,35.0,34.25,34.75,13563200
2023-06-21,31.888219833374023,34.75,34.75,34.0,34.25,13995400
2023-06-22,31.42939567565918,34.25,34.75,33.75,34.75,31350400
2023-06-23,30.970569610595703,33.75,34.0,33.0,34.0,23766100
2023-06-26,30.74115562438965,33.5,33.75,33.0,33.5,17959500
2023-06-27,30.052921295166016,32.75,33.75,32.75,33.75,24004000
2023-06-28,30.74115562438965,33.5,34.25,33.25,33.75,20932900
2023-06-29,31.199983596801758,34.0,34.5,33.25,33.5,13118700
2023-06-30,31.42939567565918,34.25,34.5,34.0,34.5,12724000
2023-07-03,31.6588077545166,34.5,34.75,34.25,34.5,11691100
2023-07-04,31.199983596801758,34.0,34.75,33.75,34.5,10723800
2023-07-05,30.970569610595703,33.75,34.25,33.75,34.0,5376100
2023-07-06,30.51174545288086,33.25,33.75,33.0,33.75,14248200
2023-07-07,30.282333374023438,33.0,33.25,32.75,33.25,12276500
2023-07-10,30.51174545288086,33.25,33.5,32.5,32.75,11861600
2023-07-11,30.282333374023438,33.0,33.5,32.5,33.25,11964100
2023-07-12,29.594100952148438,32.25,33.25,32.25,32.75,16018200
2023-07-13,29.364688873291016,32.0,32.5,31.0,32.0,24831200
2023-07-14,30.282333374023438,33.0,33.0,32.0,32.0,12122600
2023-07-17,30.51174545288086,33.25,33.25,32.75,33.0,18163300
2023-07-18,30.052921295166016,32.75,33.0,32.25,32.75,19107500
2023-07-19,29.594100952148438,32.25,32.75,32.25,32.75,17091400
2023-07-20,29.364688873291016,32.0,32.5,31.75,32.25,18466400
2023-07-21,29.135278701782227,31.75,32.25,31.5,32.0,22670900
2023-07-24,28.44704246520996,31.0,32.0,31.0,31.75,19280600
2023-07-25,29.823511123657227,32.5,32.75,31.25,31.5,14181400
2023-07-26,29.823511123657227,32.5,32.75,32.0,32.5,13003100
2023-07-27,30.282333374023438,33.0,33.25,32.5,33.0,21899100
2023-07-31,30.282333374023438,33.0,33.25,33.0,33.0,2242100
2023-08-02,30.052921295166016,32.75,33.0,32.5,32.75,9840500
2023-08-03,29.135278701782227,31.75,32.75,31.75,32.5,15377400
2023-08-04,29.135278701782227,31.75,32.25,31.75,31.75,8576800
2023-08-07,29.135278701782227,31.75,32.25,31.25,31.75,13442800
2023-08-08,28.905866622924805,31.5,32.0,31.5,31.75,6297800
2023-08-09,29.364688873291016,32.0,32.25,31.5,31.5,7942100
2023-08-10,29.364688873291016,32.0,32.0,31.25,31.75,15243900
2023-08-11,30.282333374023438,33.0,33.0,31.75,32.25,19032100
2023-08-15,29.823511123657227,32.5,33.0,32.25,33.0,16775700
2023-08-16,29.823511123657227,32.5,32.75,31.75,32.5,17441200
2023-08-17,30.282333374023438,33.0,33.25,32.25,32.25,10834300
2023-08-18,30.052921295166016,32.75,33.0,32.5,33.0,10481400
2023-08-21,30.052921295166016,32.75,33.0,32.25,32.5,10971800
2023-08-22,30.74115562438965,33.5,34.0,33.0,33.0,23742300
2023-08-23,30.74115562438965,33.5,34.0,33.5,33.5,14835700
2023-08-24,30.74115562438965,33.5,33.75,33.25,33.5,6001000
2023-08-25,30.51174545288086,33.25,33.5,32.75,33.25,9760300
2023-08-28,30.74115562438965,33.5,33.75,33.0,33.25,13540300
2023-08-29,30.74115562438965,33.5,33.75,33.25,33.5,17986100
2023-08-30,30.74115562438965,33.5,34.0,33.25,33.75,9954100
2023-08-31,30.74115562438965,33.25,33.75,33.25,33.25,14099800
2023-09-01,30.972293853759766,33.5,34.0,33.25,33.5,19122500
2023-09-04,30.74115562438965,33.25,33.75,33.0,33.5,8735900
2023-09-05,30.510021209716797,33.0,33.5,32.75,33.5,8679000
2023-09-06,30.74115562438965,33.25,33.75,33.0,33.0,7314900
2023-09-07,30.74115562438965,33.25,33.25,32.75,33.25,10437800
2023-09-08,30.278886795043945,32.75,33.25,32.75,33.25,5576000
2023-09-11,30.278886795043945,32.75,33.0,32.5,32.75,12823600
2023-09-12,29.585477828979492,32.0,33.0,31.75,32.75,16732200
2023-09-13,29.12320327758789,31.5,32.25,31.5,32.0,10937500
2023-09-14,29.354337692260742,31.75,32.0,31.5,32.0,6876400
2023-09-15,29.354337692260742,31.75,32.25,31.75,32.0,5522800
2023-09-18,29.354337692260742,31.75,32.0,31.25,31.75,7777200
2023-09-19,28.660930633544922,31.0,31.75,31.0,31.75,11578800
2023-09-20,28.429794311523438,30.75,31.25,30.5,31.0,17369100
2023-09-21,28.892066955566406,31.25,31.75,30.5,30.75,14431300
2023-09-22,29.12320327758789,31.5,32.25,31.5,31.75,15360600
2023-09-25,28.892066955566406,31.25,31.5,31.0,31.5,4019600
2023-09-26,28.892066955566406,31.25,31.5,30.75,31.0,10892200
2023-09-27,29.12320327758789,31.5,31.5,30.75,31.5,10549700
2023-09-28,28.429794311523438,30.75,31.5,30.75,31.25,13580400
2023-09-29,28.892066955566406,31.25,31.75,31.0,31.25,17334200
2023-10-02,29.12320327758789,31.5,31.75,31.0,31.5,13344000
2023-10-03,28.660930633544922,31.0,31.5,30.5,31.25,17917200
2023-10-04,28.429794311523438,30.75,30.75,30.0,30.25,12768500
2023-10-05,28.892066955566406,31.25,31.5,30.5,30.75,9990600
2023-10-06,28.429794311523438,30.75,31.25,30.75,31.25,3920100
2023-10-09,27.274110794067383,29.5,30.75,29.25,30.75,22668400
2023-10-10,27.505247116088867,29.75,30.25,29.5,29.75,19167300
2023-10-11,28.19865608215332,30.5,30.5,29.5,30.0,19279300
2023-10-12,28.19865608215332,30.5,31.0,30.25,30.5,7955000
2023-10-16,27.274110794067383,29.5,30.5,28.75,30.25,22050000
2023-10-17,27.505247116088867,29.75,30.25,29.5,29.5,7922800
2023-10-18,27.73638153076172,30.0,30.0,29.5,29.75,6225100
2023-10-19,27.274110794067383,29.5,29.75,29.25,29.5,4207900
2023-10-20,26.118427276611328,28.25,29.25,28.0,29.25,15836700
2023-10-24,26.118427276611328,28.25,29.0,28.0,28.25,13912200
2023-10-25,26.349567413330078,28.5,29.0,28.25,28.5,5665000
2023-10-26,25.887290954589844,28.0,28.5,27.5,28.25,12667600
2023-10-27,26.118427276611328,28.25,28.5,27.75,28.25,5566800
2023-10-30,26.118427276611328,28.25,28.5,27.75,28.0,9980100
2023-10-31,25.887290954589844,28.0,28.5,27.75,28.25,8792100
2023-11-01,25.65615463256836,27.75,28.5,27.5,28.5,12373300
2023-11-02,26.349567413330078,28.5,28.75,27.75,27.75,8181900
2023-11-03,27.04297637939453,29.25,29.5,28.5,28.5,14830700
2023-11-06,26.811840057373047,29.0,29.75,29.0,29.75,18887500
2023-11-07,26.118427276611328,28.25,29.0,28.25,28.75,13488300
2023-11-08,26.349567413330078,28.5,29.0,28.25,28.25,6152200
2023-11-09,25.65615463256836,27.75,28.5,27.25,28.5,24226600
2023-11-10,25.65615463256836,27.75,28.0,27.25,27.25,8681000
2023-11-13,25.19388198852539,27.25,27.75,27.0,27.5,14905500
2023-11-14,24.962745666503906,27.0,27.25,26.5,27.25,18341400
2023-11-15,25.887290954589844,28.0,28.25,27.5,27.5,19986900
2023-11-16,25.19388198852539,27.25,28.0,26.75,28.0,25970800
2023-11-17,25.425018310546875,27.5,27.75,26.75,27.0,10927200
2023-11-20,25.887290954589844,28.0,28.0,27.25,27.75,9201000
2023-11-21,25.887290954589844,28.0,28.25,27.75,28.0,9999600
2023-11-22,25.887290954589844,28.0,28.25,27.5,28.0,8897800
2023-11-23,25.65615463256836,27.75,28.5,27.75,28.25,5216700
2023-11-24,25.65615463256836,27.75,28.0,27.5,28.0,5262600
2023-11-27,25.425018310546875,27.5,27.75,27.0,27.75,12209200
2023-11-28,25.19388198852539,27.25,27.75,26.75,27.5,13557700
2023-11-29,24.962745666503906,27.0,27.5,26.75,27.5,12620600
2023-11-30,25.19388198852539,27.25,27.5,26.75,27.0,22505000
2023-12-01,25.19388198852539,27.25,27.75,27.0,27.75,8198400
2023-12-04,24.731611251831055,26.75,27.25,26.5,27.0,11264400
2023-12-06,25.19388198852539,27.25,27.25,26.5,26.75,6197300
2023-12-07,25.425018310546875,27.5,27.5,26.75,27.0,9858300
2023-12-08,25.19388198852539,27.25,27.5,26.5,27.5,13005500
2023-12-12,24.500471115112305,26.5,27.5,26.0,27.25,15815200
2023-12-13,24.500471115112305,26.5,26.5,25.75,26.5,12996200
2023-12-14,24.962745666503906,27.0,27.5,26.5,26.75,15117100
2023-12-15,25.425018310546875,27.5,28.0,27.0,27.25,28175200
2023-12-18,25.19388198852539,27.25,27.5,27.0,27.5,10645000
2023-12-19,24.962745666503906,27.0,27.25,26.75,27.0,10449100
2023-12-20,25.19388198852539,27.25,27.75,27.25,27.25,12209300
2023-12-21,25.19388198852539,27.25,27.5,26.75,27.25,11425000
2023-12-22,24.962745666503906,27.0,27.5,26.75,27.5,11445500
2023-12-25,25.19388198852539,27.25,27.25,26.75,27.0,2316900
2023-12-26,26.580699920654297,28.75,29.0,27.0,27.25,28112700
2023-12-27,27.04297637939453,29.25,30.0,28.75,29.25,27425400
2023-12-28,27.274110794067383,29.5,30.0,29.0,29.0,17367800
2024-01-03,27.04297637939453,29.25,29.75,29.0,29.5,18647700
2024-01-04,27.274110794067383,29.5,29.5,29.0,29.0,9695100
2024-01-05,27.04297637939453,29.25,29.5,29.0,29.25,6289200
2024-01-08,26.811840057373047,29.0,29.5,28.75,29.25,9092400
2024-01-09,26.118427276611328,28.25,29.25,28.0,29.0,29815100
2024-01-10,25.65615463256836,27.75,28.25,27.5,28.25,24538100
2024-01-11,25.425018310546875,27.5,28.0,27.5,27.75,8284800
2024-01-12,26.118427276611328,28.25,28.25,27.75,27.75,43414200
2024-01-15,26.118427276611328,28.25,28.25,28.0,28.25,6680600
2024-01-16,25.65615463256836,27.75,28.25,27.75,28.0,7950200
2024-01-17,25.65615463256836,27.75,28.25,27.5,27.75,20685300
2024-01-18,24.962745666503906,27.0,27.75,26.75,27.75,20445900
2024-01-19,25.425018310546875,27.5,27.75,27.25,27.25,8741100
2024-01-22,25.425018310546875,27.5,27.75,27.0,27.5,7929800
2024-01-23,25.65615463256836,27.75,28.25,27.5,27.75,26068600
2024-01-24,26.811840057373047,29.0,29.25,28.0,28.25,37102800
2024-01-25,27.274110794067383,29.5,29.75,29.0,29.25,24288200
2024-01-26,27.04297637939453,29.25,29.75,29.25,29.75,14500500
2024-01-29,27.96752166748047,30.25,30.5,29.5,29.75,30533100
2024-01-30,27.96752166748047,30.25,30.5,29.75,30.0,20866000
2024-01-31,28.19865608215332,30.5,30.5,29.75,30.25,19229700
2024-02-01,28.19865608215332,30.5,31.0,30.25,30.75,22759600
2024-02-02,28.429794311523438,30.75,31.0,30.5,30.5,6326200
2024-02-05,28.19865608215332,30.5,31.0,30.5,30.75,12583200
2024-02-06,28.429794311523438,30.75,31.0,30.25,30.5,16449500
2024-02-07,28.429794311523438,30.75,31.0,30.5,30.75,6427200
2024-02-08,28.660930633544922,31.0,31.25,30.75,31.0,27631300
2024-02-09,28.19865608215332,30.5,31.25,30.25,30.75,33140200
2024-02-12,27.73638153076172,30.0,30.5,29.75,30.5,20897100
2024-02-13,28.429794311523438,30.75,31.0,29.75,29.75,15146200
2024-02-14,28.429794311523438,30.75,30.75,30.0,30.5,9449000
2024-02-15,28.892066955566406,31.25,31.25,30.5,30.75,9129300
2024-02-16,28.660930633544922,31.0,31.5,30.75,31.5,8301900
2024-02-19,28.429794311523438,30.75,30.75,30.5,30.75,3905800
2024-02-20,28.660930633544922,31.0,31.0,30.0,30.5,19295300
2024-02-21,28.429794311523438,30.75,31.0,30.5,31.0,17691700
2024-02-22,28.660930633544922,31.0,31.25,30.75,30.75,20006700
2024-02-23,29.354337692260742,31.75,32.0,31.0,31.25,27564600
2024-02-27,29.585477828979492,32.0,32.0,31.5,32.0,15162800
2024-02-28,29.585477828979492,32.0,32.0,31.5,32.0,13928000
2024-02-29,29.354337692260742,31.75,32.0,31.5,31.75,23544100
2024-03-01,29.585477828979492,32.0,32.5,31.75,32.0,16980400
2024-03-04,29.585477828979492,32.0,32.75,31.5,32.0,20903000
2024-03-05,29.816614151000977,32.25,32.25,31.5,32.0,16793800
2024-03-06,29.585477828979492,32.0,32.5,32.0,32.0,8600000
2024-03-07,29.585477828979492,32.0,32.25,31.5,32.0,7287500
2024-03-08,30.278886795043945,32.75,32.75,31.75,32.0,9844500
2024-03-11,29.816614151000977,32.25,33.0,32.25,33.0,10281400
2024-03-12,29.816614151000977,32.25,32.25,32.25,32.25,0
2024-03-13,30.047748565673828,32.5,32.75,32.0,32.25,6876400
2024-03-14,30.972293853759766,33.5,33.5,32.5,32.5,14368800
2024-03-15,30.972293853759766,33.5,33.5,33.5,33.5,0
2024-03-18,30.510021209716797,33.0,33.25,32.5,33.0,13640800
2024-03-19,30.510021209716797,33.0,33.0,32.75,32.75,2766400
2024-03-20,30.510021209716797,33.0,33.0,33.0,33.0,0
2024-03-21,30.74115562438965,33.25,34.0,33.25,33.5,19918200
2024-03-22,30.74115562438965,33.25,33.25,33.25,33.25,0
2024-03-25,30.278886795043945,32.75,33.5,32.5,33.5,17274100
2024-03-26,30.278886795043945,32.75,32.75,32.75,32.75,0
2024-03-27,30.510021209716797,33.0,33.5,32.5,32.5,6336800
2024-03-28,30.510021209716797,33.0,33.0,33.0,33.0,0
2024-03-29,30.74115562438965,33.25,33.25,32.75,33.0,5281000
2024-04-01,30.510021209716797,33.0,33.75,33.0,33.5,3459800
2024-04-02,30.278886795043945,32.75,33.25,32.25,33.0,20874600
2024-04-03,30.278886795043945,32.75,33.25,32.5,32.5,9757000
2024-04-04,30.278886795043945,32.75,32.75,32.75,32.75,0
2024-04-05,30.510021209716797,33.0,33.5,33.0,33.25,6289200
2024-04-09,30.510021209716797,33.0,33.0,33.0,33.0,0
2024-04-10,30.510021209716797,33.0,33.75,32.75,33.75,13443300
2024-04-11,30.510021209716797,33.0,33.25,32.5,33.0,10288900
2024-04-17,29.354337692260742,31.75,33.25,31.5,33.0,38436000
2024-04-18,29.354337692260742,31.75,31.75,31.75,31.75,0
2024-04-19,29.354337692260742,31.75,31.75,31.75,31.75,0
2024-04-22,29.354337692260742,31.75,32.0,31.25,31.75,25796500
2024-04-23,30.047748565673828,32.5,32.75,32.0,32.25,15879500
2024-04-24,30.047748565673828,32.5,32.5,32.5,32.5,0
2024-04-25,30.74115562438965,33.25,33.25,32.5,33.0,17768800
2024-04-26,30.510021209716797,33.0,33.25,33.0,33.25,14842800
2024-04-29,30.972293853759766,33.5,33.5,33.0,33.0,17034600
2024-04-30,30.510021209716797,33.0,33.5,33.0,33.5,13186200
2024-05-02,29.87517547607422,32.0,33.25,32.0,33.0,19384800
2024-05-03,30.34197235107422,32.5,32.5,32.0,32.25,9088900
2024-05-07,30.34197235107422,32.5,32.5,32.5,32.5,0
2024-05-08,30.34197235107422,32.5,32.75,32.0,32.75,17382900
2024-05-09,31.042171478271484,33.25,33.25,32.5,32.5,9110200
2024-05-10,30.808773040771484,33.0,33.0,32.25,33.0,15690500
2024-05-13,31.042171478271484,33.25,33.25,32.75,33.0,4006400
2024-05-14,31.042171478271484,33.25,33.75,33.0,33.0,17218500
2024-05-15,31.27557373046875,33.5,33.75,32.5,33.75,15382200
2024-05-16,31.27557373046875,33.5,33.5,33.5,33.5,0
2024-05-17,30.808773040771484,33.0,33.0,32.5,32.75,17270200
2024-05-20,30.808773040771484,33.0,33.0,33.0,33.0,0
2024-05-21,29.87517547607422,32.0,32.25,31.5,32.25,13852300
2024-05-23,29.408374786376953,31.5,32.0,31.25,31.75,22773100
2024-05-24,29.408374786376953,31.5,31.5,31.5,31.5,0
2024-05-27,29.408374786376953,31.5,31.5,31.5,31.5,0
2024-05-28,30.10857582092285,32.25,32.5,31.25,31.75,21412900
2024-05-29,29.17497444152832,31.25,32.25,31.0,32.0,44919400
2024-05-30,29.17497444152832,31.25,31.25,31.25,31.25,0
2024-05-31,29.17497444152832,31.25,31.25,31.25,31.25,0
2024-06-04,28.474773406982422,30.5,31.25,30.5,31.0,13774200
2024-06-05,28.94157600402832,31.0,31.25,30.0,30.75,19002200
2024-06-06,28.708175659179688,30.75,31.25,30.5,31.0,8678600
2024-06-07,28.708175659179688,30.75,30.75,30.75,30.75,0
2024-06-10,28.00797462463379,30.0,30.75,29.75,30.75,13815800
2024-06-11,28.00797462463379,30.0,30.25,29.5,30.0,20556700
2024-06-12,28.241376876831055,30.25,30.25,29.5,30.0,10389800
2024-06-13,28.241376876831055,30.25,30.75,29.75,30.5,14848700
2024-06-14,27.774574279785156,29.75,30.5,28.75,30.0,36025600
2024-06-17,27.774574279785156,29.75,29.75,29.75,29.75,0
2024-06-18,27.774574279785156,29.75,29.75,29.75,29.75,0
2024-06-19,27.774574279785156,29.75,29.75,29.75,29.75,0
2024-06-20,28.00797462463379,30.0,30.5,29.5,30.0,19938800
2024-06-21,28.241376876831055,30.25,30.5,29.5,30.0,16994500
2024-06-24,28.241376876831055,30.25,30.25,30.25,30.25,0
2024-06-25,28.241376876831055,30.25,30.25,30.25,30.25,0
2024-06-26,28.241376876831055,30.25,30.25,30.25,30.25,0
2024-06-27,28.00797462463379,30.0,30.5,29.75,30.5,14494700
2024-06-28,28.00797462463379,30.0,30.5,29.75,30.25,14052400
2024-07-01,27.774574279785156,29.75,30.25,29.75,30.0,5402200
2024-07-02,27.54117774963379,29.5,30.0,29.25,30.0,15217500
2024-07-03,27.54117774963379,29.5,29.75,29.0,29.25,16782700
2024-07-04,28.241376876831055,30.25,30.5,29.5,29.5,13736900
2024-07-05,28.241376876831055,30.25,30.5,29.75,30.25,9330500
2024-07-08,27.774574279785156,29.75,30.0,29.5,30.0,10682000
2024-07-09,27.774574279785156,29.75,29.75,29.75,29.75,0
2024-07-10,27.30777931213379,29.25,29.75,29.0,29.25,10787200
2024-07-11,27.30777931213379,29.25,29.5,29.0,29.25,12485600
2024-07-12,27.30777931213379,29.25,29.25,29.25,29.25,0
2024-07-15,27.30777931213379,29.25,29.25,29.25,29.25,0
2024-07-16,28.241376876831055,30.25,30.5,29.5,30.0,19011600
2024-07-17,28.241376876831055,30.25,30.25,30.25,30.25,0
2024-07-18,28.474773406982422,30.5,31.0,29.75,29.75,16477200
2024-07-19,28.474773406982422,30.5,30.75,30.0,30.5,13572900
2024-07-23,27.54117774963379,29.5,30.5,29.5,30.5,13278800
2024-07-24,28.241376876831055,30.25,30.75,29.5,29.5,15920200
2024-07-25,28.241376876831055,30.25,31.0,30.0,30.25,17205400
2024-07-26,28.241376876831055,30.25,30.75,30.25,30.5,10488600
2024-07-30,28.241376876831055,30.25,30.25,30.25,30.25,0
2024-07-31,27.07437515258789,29.0,29.75,29.0,29.5,21945000
2024-08-01,27.07437515258789,29.0,29.75,29.0,29.25,16777900
2024-08-02,27.07437515258789,29.0,29.0,29.0,29.0,0
2024-08-05,25.207176208496094,27.0,27.75,26.75,27.5,15580400
2024-08-06,23.806779861450195,25.5,27.5,24.700000762939453,27.25,54300100
2024-08-07,24.740379333496094,26.5,26.75,25.75,25.75,32006000
2024-08-08,24.740379333496094,26.5,26.5,26.5,26.5,0
2024-08-09,23.573379516601562,25.25,26.75,25.25,26.5,21387400
2024-08-13,23.246620178222656,24.899999618530273,25.5,24.5,25.0,18741500
2024-08-14,22.966541290283203,24.600000381469727,25.5,24.299999237060547,24.799999237060547,29462800
2024-08-15,22.406381607055664,24.0,24.799999237060547,23.799999237060547,24.700000762939453,22920300
2024-08-16,23.15325927734375,24.799999237060547,24.899999618530273,24.100000381469727,24.100000381469727,20815900
2024-08-19,23.15325927734375,24.799999237060547,24.799999237060547,24.799999237060547,24.799999237060547,0
2024-08-20,24.50697898864746,26.25,26.5,26.0,26.25,13769900
2024-08-21,24.740379333496094,26.5,26.75,26.0,26.25,8297400
2024-08-22,24.740379333496094,26.5,26.5,26.5,26.5,0
2024-08-23,24.50697898864746,26.25,27.25,26.0,26.75,21189100
2024-08-26,24.740379333496094,26.5,26.75,26.0,26.5,17152600
2024-08-27,24.973779678344727,26.75,27.0,25.75,26.75,25375600
2024-08-28,24.740379333496094,26.5,26.75,26.0,26.75,11311800
2024-08-29,24.740379333496094,26.5,26.75,26.5,26.5,6568400
2024-08-30,25.207176208496094,27.0,27.0,26.25,26.5,18582400
2024-09-02,25.207176208496094,27.0,27.0,27.0,27.0,0
2024-09-03,25.442758560180664,27.0,27.0,27.0,27.0,0
2024-09-04,25.442758560180664,27.0,27.0,27.0,27.0,0
2024-09-05,26.385086059570312,28.0,28.0,26.75,26.75,29825400
2024-09-06,26.620664596557617,28.25,28.5,28.0,28.25,15799800
2024-09-09,26.620664596557617,28.25,28.25,28.25,28.25,0
2024-09-10,26.620664596557617,28.25,28.75,28.0,28.75,24046400
2024-09-11,26.385086059570312,28.0,28.5,27.75,28.25,16008500
2024-09-12,26.385086059570312,28.0,28.5,27.75,28.0,6381900
2024-09-13,26.385086059570312,28.0,28.5,28.0,28.25,7126600
2024-09-16,26.385086059570312,28.0,28.0,28.0,28.0,0
2024-09-17,26.385086059570312,28.0,28.0,28.0,28.0,0
2024-09-18,26.385086059570312,28.0,28.0,28.0,28.0,0
2024-09-19,26.385086059570312,28.0,28.0,28.0,28.0,0
2024-09-20,26.385086059570312,28.0,28.0,28.0,28.0,0
2024-09-23,27.091827392578125,28.75,29.25,28.5,29.0,13750000
2024-09-24,26.856246948242188,28.5,29.0,28.5,29.0,9297200
2024-09-25,26.856246948242188,28.5,29.0,28.5,28.5,15775000
2024-09-26,26.856246948242188,28.5,28.75,28.25,28.5,9738000
2024-09-27,26.856246948242188,28.5,28.5,28.5,28.5,0
2024-09-30,26.620664596557617,28.25,28.75,28.25,28.5,18883700
2024-10-01,27.562992095947266,29.25,29.5,28.5,28.5,22349900
2024-10-02,27.327407836914062,29.0,29.5,28.75,29.0,14189900
2024-10-03,27.091827392578125,28.75,29.25,28.5,29.0,17482700
2024-10-04,27.091827392578125,28.75,28.75,28.75,28.75,0
2024-10-07,27.327407836914062,29.0,29.0,28.5,28.5,19695500
2024-10-08,27.327407836914062,29.0,29.0,28.5,28.75,9015800
2024-10-09,27.091827392578125,28.75,29.0,28.5,29.0,12131800
2024-10-10,27.327407836914062,29.0,29.0,28.5,28.75,10345700
2024-10-11,27.091827392578125,28.75,29.25,28.75,29.0,5904900
2024-10-15,27.091827392578125,28.75,29.0,28.5,28.75,10292500
2024-10-16,27.091827392578125,28.75,28.75,28.75,28.75,0
2024-10-17,27.091827392578125,28.75,29.25,28.5,29.0,12625300
2024-10-18,27.327407836914062,29.0,29.5,28.5,28.75,16178900
2024-10-21,27.091827392578125,28.75,29.25,28.75,29.0,7407900
2024-10-22,27.091827392578125,28.75,28.75,28.75,28.75,0
2024-10-24,25.678340911865234,27.25,28.5,27.0,28.25,34957300
2024-10-25,25.678340911865234,27.25,27.25,27.25,27.25,0
2024-10-28,25.442758560180664,27.0,27.5,26.75,27.25,21956200
2024-10-29,25.442758560180664,27.0,27.25,26.5,27.0,17350400
2024-10-30,24.97159767150879,26.5,27.0,26.25,26.75,23449300
2024-10-31,25.20718002319336,26.75,27.0,26.5,26.5,15408500
2024-11-01,25.678340911865234,27.25,27.25,26.75,26.75,10700300
2024-11-04,25.442758560180664,27.0,27.25,27.0,27.0,5045200
2024-11-05,25.678340911865234,27.25,27.5,27.0,27.25,6745400
2024-11-06,25.20718002319336,26.75,27.25,26.5,27.25,6641800
2024-11-07,24.97159767150879,26.5,27.0,26.5,26.75,5984200
2024-11-08,24.73601722717285,26.25,26.75,26.25,26.5,7166100
2024-11-11,24.73601722717285,26.25,26.25,25.5,26.0,12615700
2024-11-12,24.50043487548828,26.0,26.75,25.0,26.25,25304800
2024-11-13,24.264854431152344,25.75,26.0,25.25,26.0,14779600
2024-11-14,23.793691635131836,25.25,25.75,25.25,25.5,12803700
2024-11-15,23.793691635131836,25.25,25.5,25.0,25.25,8763600
2024-11-18,24.264854431152344,25.75,26.25,25.25,25.25,11756200
2024-11-19,25.442758560180664,27.0,27.75,26.0,26.0,35554800
2024-11-20,25.442758560180664,27.0,28.0,26.5,27.75,26075300
2024-11-21,25.442758560180664,27.0,27.25,26.5,27.0,11229500
2024-11-22,25.442758560180664,27.0,27.25,26.75,27.0,5891800
2024-11-25,25.913921356201172,27.5,27.5,27.0,27.0,15989600
2024-11-26,25.678340911865234,27.25,28.0,27.0,27.5,22459800
2024-11-27,25.20718002319336,26.75,27.25,26.25,27.25,10680700
2024-11-28,25.442758560180664,27.0,27.25,26.25,26.5,13990600
2024-11-29,25.20718002319336,26.75,27.0,26.5,27.0,7721300
2024-12-02,25.442758560180664,27.0,27.25,26.75,27.0,5081400
2024-12-03,26.149503707885742,27.75,27.75,26.75,27.0,16294100
2024-12-04,26.385086059570312,28.0,28.5,27.5,27.75,25590400
2024-12-06,25.913921356201172,27.5,28.5,27.5,28.0,9642900
2024-12-09,25.678340911865234,27.25,28.0,27.0,27.5,10810400
2024-12-11,25.913921356201172,27.5,28.0,27.0,27.25,14136000
2024-12-12,25.678340911865234,27.25,27.75,27.0,27.75,10043300
2024-12-13,25.678340911865234,27.25,27.75,27.0,27.5,12466600
2024-12-16,25.678340911865234,27.25,27.25,26.75,27.0,8152700
2024-12-17,24.97159767150879,26.5,27.5,25.5,27.25,23808800
2024-12-18,24.97159767150879,26.5,26.5,25.75,26.25,13068900
2024-12-19,24.50043487548828,26.0,26.25,25.5,25.75,11816300
2024-12-20,24.029273986816406,25.5,26.25,25.25,26.25,17112900
2024-12-23,24.264854431152344,25.75,26.25,25.5,25.5,10082300
2024-12-24,24.73601722717285,26.25,27.0,26.0,26.25,10554300
2024-12-25,24.97159767150879,26.5,26.75,26.25,26.5,4857500
2024-12-26,24.73601722717285,26.25,26.75,26.0,26.5,11275000
2024-12-27,24.97159767150879,26.5,27.0,26.25,26.25,8032100
2024-12-30,24.50043487548828,26.0,26.75,25.75,26.5,10716100
2025-01-02,24.73601722717285,26.25,26.5,26.0,26.25,6313800
2025-01-03,24.50043487548828,26.0,26.25,25.75,26.25,9393200
2025-01-06,24.264854431152344,25.75,26.25,25.5,26.25,8737100
2025-01-07,24.50043487548828,26.0,26.0,25.5,25.5,5451900
2025-01-08,24.029273986816406,25.5,26.0,25.25,25.75,10940900
2025-01-09,23.181182861328125,24.600000381469727,25.5,24.399999618530273,25.25,16411600
2025-01-10,22.615787506103516,24.0,24.600000381469727,23.200000762939453,24.5,46433100
2025-01-13,22.427322387695312,23.799999237060547,24.100000381469727,23.100000381469727,23.899999618530273,40072000
2025-01-14,22.144624710083008,23.5,24.399999618530273,23.399999618530273,23.899999618530273,21851500
2025-01-15,22.52155303955078,23.899999618530273,24.100000381469727,23.200000762939453,23.5,26248900
2025-01-16,22.52155303955078,23.899999618530273,24.100000381469727,23.700000762939453,23.899999618530273,14590800
2025-01-17,22.52155303955078,23.899999618530273,24.5,23.799999237060547,23.799999237060547,18260200
2025-01-20,22.427322387695312,23.799999237060547,24.299999237060547,23.700000762939453,24.0,11651200
2025-01-21,22.898483276367188,24.299999237060547,24.899999618530273,24.0,24.0,38160700
2025-01-22,22.710020065307617,24.100000381469727,24.600000381469727,23.899999618530273,24.399999618530273,18347200
2025-01-23,22.427322387695312,23.799999237060547,24.100000381469727,23.600000381469727,23.899999618530273,19507800
2025-01-24,22.52155303955078,23.899999618530273,24.100000381469727,23.600000381469727,24.0,17178400
2025-01-27,21.956157684326172,23.299999237060547,23.799999237060547,22.899999618530273,23.799999237060547,33339600
2025-01-28,22.52155303955078,23.899999618530273,23.899999618530273,23.100000381469727,23.299999237060547,25457800
2025-01-29,22.615787506103516,24.0,24.100000381469727,23.600000381469727,24.0,31166300
2025-01-30,22.898483276367188,24.299999237060547,24.799999237060547,24.200000762939453,24.200000762939453,27371100
2025-01-31,22.615787506103516,24.0,24.5,23.799999237060547,24.399999618530273,34752300
2025-02-03,23.275413513183594,24.700000762939453,24.700000762939453,23.5,23.600000381469727,31497200
2025-02-04,23.55811309814453,25.0,25.5,24.700000762939453,24.799999237060547,27600700
2025-02-05,23.55811309814453,25.0,25.25,24.399999618530273,25.25,21303600
2025-02-06,23.463878631591797,24.899999618530273,25.5,24.600000381469727,25.0,24066300
2025-02-07,24.029273986816406,25.5,26.0,24.899999618530273,25.0,18414200
2025-02-10,24.029273986816406,25.5,26.25,25.25,25.75,27097500
2025-02-11,24.264854431152344,25.75,26.0,25.25,25.5,17384100
2025-02-13,24.97159767150879,26.5,27.0,26.25,26.75,27134400
2025-02-14,25.442758560180664,27.0,27.25,26.5,26.75,21427400
2025-02-17,26.149503707885742,27.75,27.75,27.0,27.5,24435200
2025-02-18,26.149503707885742,27.75,28.0,27.25,27.25,36712100
2025-02-19,26.620664596557617,28.25,28.5,27.75,28.0,28595500
2025-02-20,26.620664596557617,28.25,28.5,27.5,28.25,27767900
2025-02-21,27.327407836914062,29.0,29.25,28.25,28.5,30953000
2025-02-24,27.091827392578125,28.75,28.75,28.0,28.75,16757700
2025-02-25,26.385086059570312,28.0,29.0,28.0,29.0,27264000
2025-02-26,27.327407836914062,29.0,29.5,28.0,28.25,17721900
2025-02-27,27.562992095947266,29.25,29.25,28.5,29.0,19071500
2025-02-28,27.327407836914062,29.0,29.0,28.25,28.25,32232700
2025-03-03,27.091827392578125,28.75,29.5,28.75,29.25,16185000
2025-03-04,26.856246948242188,28.5,29.0,28.25,28.5,17754800
2025-03-05,27.327407836914062,29.0,29.5,28.5,28.75,18783100
2025-03-06,27.091827392578125,28.75,29.0,28.5,29.0,14318200
2025-03-07,27.798572540283203,29.5,29.5,28.75,28.75,9012400
2025-03-10,26.856246948242188,28.5,29.25,28.5,29.0,7703700
2025-03-11,26.620664596557617,28.25,28.5,27.75,28.0,17130900
2025-03-12,25.913921356201172,27.5,28.0,27.25,28.0,13293400
2025-03-13,26.385086059570312,28.0,28.5,27.0,27.5,18013400
2025-03-14,25.913921356201172,27.5,27.75,27.25,27.75,17897900
2025-03-17,25.913921356201172,27.5,28.0,27.0,27.25,13286300
2025-03-18,25.913921356201172,27.5,27.75,27.0,27.5,8731500
2025-03-19,26.149503707885742,27.75,28.25,27.25,27.5,12544600
2025-03-20,25.913921356201172,27.5,28.0,27.25,27.75,11920000
2025-03-21,25.678340911865234,27.25,27.75,27.0,27.5,11661800
2025-03-24,25.442758560180664,27.0,27.5,26.5,27.25,10225000
2025-03-25,24.97159767150879,26.5,27.0,26.25,26.75,13843400
2025-03-26,25.20718002319336,26.75,27.25,26.25,26.25,9365800
2025-03-27,25.20718002319336,26.75,27.5,26.5,27.0,12235700
2025-03-28,24.97159767150879,26.5,26.75,26.0,26.5,7510700
2025-03-31,24.73601722717285,26.25,26.5,25.25,25.25,15145300
2025-04-01,24.50043487548828,26.0,26.75,25.75,26.5,10465900
2025-04-02,24.50043487548828,26.0,26.5,25.75,26.0,8151600
2025-04-03,25.20718002319336,26.75,27.5,25.75,26.0,18775700
2025-04-04,24.50043487548828,26.0,26.75,25.75,26.75,12520000
2025-04-08,22.52155303955078,23.899999618530273,25.0,23.600000381469727,24.700000762939453,26707300
2025-04-09,22.615787506103516,24.0,24.5,23.5,23.700000762939453,11160800
2025-04-10,24.264854431152344,25.75,27.0,25.0,25.75,20456500
2025-04-11,24.50043487548828,26.0,26.5,25.5,25.75,13700600
2025-04-16,24.97159767150879,26.5,27.0,25.75,26.5,17605800
2025-04-17,24.73601722717285,26.25,27.0,26.25,26.5,10681500
2025-04-18,24.97159767150879,26.5,26.5,25.75,26.25,6052800
2025-04-21,24.50043487548828,26.0,26.5,25.75,26.5,6705800
2025-04-22,24.73601722717285,26.25,26.5,25.75,25.75,6371200
2025-04-23,24.73601722717285,26.25,26.75,26.0,26.5,7163300
2025-04-24,24.264854431152344,25.75,26.25,25.5,26.0,6666100
2025-04-25,24.50043487548828,26.0,26.75,26.0,26.0,5544100
2025-04-28,24.50043487548828,26.0,26.25,25.75,26.0,4557000
2025-04-29,25.20718002319336,26.75,26.75,25.5,26.0,9976000
2025-04-30,25.20718002319336,26.75,26.75,26.0,26.5,10119300
2025-05-02,25.442758560180664,27.0,27.25,26.75,27.0,9542800
2025-05-06,24.264854431152344,25.75,27.5,25.75,27.5,13981900
2025-05-07,24.360387802124023,25.5,26.25,24.700000762939453,25.75,28526400
2025-05-08,23.118484497070312,24.200000762939453,25.5,24.200000762939453,25.5,33296200
2025-05-09,23.309545516967773,24.399999618530273,24.600000381469727,24.0,24.399999618530273,19187100
2025-05-13,24.121559143066406,25.25,26.0,24.5,24.799999237060547,33556300
2025-05-14,24.599212646484375,25.75,26.25,25.0,25.25,15316600
2025-05-15,23.596139907836914,24.700000762939453,25.5,24.5,25.5,21041800
2025-05-16,23.405075073242188,24.5,25.5,24.5,24.600000381469727,19695600
2025-05-19,23.022953033447266,24.100000381469727,24.399999618530273,23.899999618530273,24.399999618530273,17758800
2025-05-20,24.121559143066406,25.25,25.25,24.5,24.5,22448900
2025-05-21,23.309545516967773,24.399999618530273,25.25,24.100000381469727,25.25,25338700
2025-05-22,24.121559143066406,25.25,25.5,24.299999237060547,24.299999237060547,30959600
2025-05-23,23.882732391357422,25.0,25.5,24.899999618530273,25.5,16629500
2025-05-26,24.599212646484375,25.75,26.0,25.25,25.5,12185100
2025-05-27,24.360387802124023,25.5,26.25,25.25,25.5,26361900
2025-05-28,24.121559143066406,25.25,25.75,25.25,25.25,10276300
2025-05-29,23.882732391357422,25.0,25.75,25.0,25.5,9881400
2025-05-30,23.691669464111328,24.799999237060547,25.5,24.600000381469727,24.799999237060547,18895200
2025-06-04,23.882732391357422,25.0,25.5,25.0,25.25,15085500
2025-06-05,23.882732391357422,25.0,25.25,24.899999618530273,25.25,6234100
2025-06-06,23.787199020385742,24.899999618530273,25.25,24.799999237060547,25.25,8162500
2025-06-09,23.691669464111328,24.799999237060547,25.25,24.799999237060547,24.899999618530273,6408700
2025-06-10,23.596139907836914,24.700000762939453,25.25,24.5,24.899999618530273,17903700
2025-06-11,23.214014053344727,24.299999237060547,24.700000762939453,24.0,24.600000381469727,16904800
2025-06-12,22.831890106201172,23.899999618530273,24.299999237060547,23.899999618530273,24.0,10275000
2025-06-13,22.35423469543457,23.399999618530273,24.0,23.299999237060547,23.799999237060547,11949200
2025-06-16,21.207866668701172,22.200000762939453,23.100000381469727,22.0,23.100000381469727,29909400
2025-06-17,21.97211265563965,23.0,23.5,22.200000762939453,22.399999618530273,25271700
2025-06-18,22.163177490234375,23.200000762939453,23.899999618530273,23.100000381469727,23.100000381469727,16267100
2025-06-19,21.303396224975586,22.299999237060547,23.200000762939453,22.200000762939453,23.0,21547600
2025-06-20,21.207866668701172,22.200000762939453,22.899999618530273,22.200000762939453,22.299999237060547,25395700
2025-06-23,21.016803741455078,22.0,22.299999237060547,21.700000762939453,22.200000762939453,10707600
2025-06-24,22.163177490234375,23.200000762939453,23.200000762939453,22.299999237060547,22.799999237060547,21296400
2025-06-25,22.449766159057617,23.5,23.799999237060547,22.700000762939453,23.200000762939453,14004500
2025-06-26,22.640830993652344,23.700000762939453,24.200000762939453,23.200000762939453,23.600000381469727,14252800
2025-06-27,22.067646026611328,23.100000381469727,23.5,22.799999237060547,23.299999237060547,14649400
2025-06-30,22.163177490234375,23.200000762939453,23.700000762939453,22.899999618530273,23.200000762939453,11030600
2025-07-01,23.022953033447266,24.100000381469727,24.200000762939453,22.899999618530273,23.600000381469727,21624800
2025-07-02,23.022953033447266,24.100000381469727,24.299999237060547,23.600000381469727,24.299999237060547,9569500
2025-07-03,23.214014053344727,24.299999237060547,24.600000381469727,24.0,24.0,10539900
2025-07-04,22.640830993652344,23.700000762939453,24.399999618530273,23.600000381469727,24.299999237060547,8863900
2025-07-07,22.831890106201172,23.899999618530273,24.100000381469727,23.299999237060547,23.700000762939453,11756300
2025-07-08,23.022953033447266,24.100000381469727,24.200000762939453,23.5,24.0,11253600
2025-07-09,23.022953033447266,24.100000381469727,24.299999237060547,23.799999237060547,24.200000762939453,8643900
2025-07-11,23.118484497070312,24.200000762939453,24.399999618530273,23.899999618530273,24.100000381469727,5582300
2025-07-14,23.118484497070312,24.200000762939453,24.5,23.600000381469727,23.899999618530273,20861600
2025-07-15,24.121559143066406,25.25,25.25,24.100000381469727,24.100000381469727,22485100
2025-07-16,23.787199020385742,24.899999618530273,25.25,24.5,24.799999237060547,32932500
2025-07-17,24.599212646484375,25.75,26.0,24.799999237060547,25.25,36340700
2025-07-18,23.882732391357422,25.0,26.25,24.799999237060547,25.75,42176900
2025-07-21,23.118484497070312,24.200000762939453,24.799999237060547,23.600000381469727,24.799999237060547,51378600
2025-07-22,22.831890106201172,23.899999618530273,24.5,23.899999618530273,24.299999237060547,15144900
2025-07-23,23.500608444213867,24.600000381469727,25.0,24.100000381469727,24.100000381469727,28080400
2025-07-24,23.596139907836914,24.700000762939453,25.25,24.600000381469727,24.600000381469727,27509700
2025-07-25,23.596139907836914,24.700000762939453,24.700000762939453,24.299999237060547,24.5,10601900
2025-07-29,23.691669464111328,24.799999237060547,25.0,24.299999237060547,24.799999237060547,10959500
2025-07-30,23.787199020385742,24.899999618530273,25.0,24.5,24.700000762939453,11725400
2025-07-31,23.882732391357422,25.0,25.75,24.399999618530273,24.799999237060547,21928800
2025-08-01,22.640830993652344,23.700000762939453,25.5,23.600000381469727,25.5,33581000
2025-08-04,22.736360549926758,23.799999237060547,24.0,23.5,23.899999618530273,21028000
2025-08-05,23.214014053344727,24.299999237060547,24.5,23.700000762939453,23.799999237060547,19947900
2025-08-06,23.214014053344727,24.299999237060547,24.399999618530273,24.0,24.100000381469727,36681200
2025-08-07,23.596139907836914,24.700000762939453,25.25,24.5,24.5,25768800
2025-08-08,23.405075073242188,24.5,24.799999237060547,24.299999237060547,24.5,13435100
2025-08-13,23.500608444213867,24.600000381469727,24.700000762939453,24.399999618530273,24.600000381469727,14857600
2025-08-14,23.596139907836914,24.700000762939453,24.700000762939453,24.100000381469727,24.5,10680900
2025-08-15,23.309545516967773,24.399999618530273,24.600000381469727,24.299999237060547,24.5,7741800
2025-08-18,23.022953033447266,24.100000381469727,24.600000381469727,24.100000381469727,24.399999618530273,9926900
2025-08-19,23.022953033447266,24.100000381469727,24.399999618530273,24.100000381469727,24.200000762939453,5295500
2025-08-20,23.596139907836914,24.700000762939453,25.25,23.899999618530273,24.100000381469727,16483600
2025-08-21,23.214014053344727,24.299999237060547,24.700000762939453,24.100000381469727,24.700000762939453,14092400
2025-08-22,23.405075073242188,24.5,24.700000762939453,24.299999237060547,24.299999237060547,8508600
2025-08-25,23.596139907836914,24.700000762939453,24.899999618530273,24.399999618530273,24.700000762939453,20309200
2025-08-26,22.92742156982422,24.0,24.600000381469727,24.0,24.600000381469727,21647300
2025-08-27,22.831890106201172,23.899999618530273,24.399999618530273,23.799999237060547,24.200000762939453,13665200
2025-08-28,22.831890106201172,23.899999618530273,24.200000762939453,23.799999237060547,24.0,11423400
2025-08-29,22.35423469543457,23.399999618530273,24.100000381469727,23.299999237060547,23.799999237060547,25141900
2025-09-01,22.741323471069336,23.5,23.600000381469727,23.100000381469727,23.299999237060547,8581300
2025-09-02,22.838096618652344,23.600000381469727,23.700000762939453,23.299999237060547,23.600000381469727,9470800
2025-09-03,23.03163719177246,23.799999237060547,24.0,23.5,23.600000381469727,12069900
2025-09-04,23.418725967407227,24.200000762939453,24.600000381469727,23.600000381469727,23.799999237060547,19710600
2025-09-05,23.51549530029297,24.299999237060547,24.700000762939453,24.0,24.399999618530273,14503100
2025-09-08,23.51549530029297,24.299999237060547,24.600000381469727,24.200000762939453,24.5,10083700
2025-09-09,23.32195281982422,24.100000381469727,24.299999237060547,23.700000762939453,24.200000762939453,20739100
2025-09-10,23.128408432006836,23.899999618530273,24.100000381469727,23.700000762939453,24.100000381469727,15020400
2025-09-11,23.128408432006836,23.899999618530273,24.100000381469727,23.700000762939453,23.899999618530273,22293800
2025-09-12,23.418725967407227,24.200000762939453,24.5,23.899999618530273,24.0,26340100
2025-09-15,23.32195281982422,24.100000381469727,24.200000762939453,23.700000762939453,24.200000762939453,16638100
2025-09-16,23.9025821685791,24.700000762939453,24.700000762939453,24.100000381469727,24.100000381469727,39256400
2025-09-17,23.70903968811035,24.5,25.25,24.399999618530273,24.700000762939453,38010300
2025-09-18,23.225181579589844,24.0,24.700000762939453,23.899999618530273,24.600000381469727,29734900
2025-09-19,23.03163719177246,23.799999237060547,24.100000381469727,23.799999237060547,24.0,19928500
2025-09-22,22.547779083251953,23.299999237060547,23.899999618530273,23.299999237060547,23.899999618530273,22305400
2025-09-23,22.64455223083496,23.399999618530273,24.0,23.200000762939453,23.5,25986000
2025-09-24,22.547779083251953,23.299999237060547,23.5,23.100000381469727,23.299999237060547,19330500
2025-09-25,22.93486785888672,23.700000762939453,23.799999237060547,23.399999618530273,23.399999618530273,10149700
2025-09-26,22.64455223083496,23.399999618530273,23.700000762939453,23.299999237060547,23.700000762939453,12230300
2025-09-29,22.741323471069336,23.5,23.600000381469727,23.200000762939453,23.600000381469727,12106751
2025-09-30,22.354236602783203,23.100000381469727,23.399999618530273,22.799999237060547,23.399999618530273,20298700
2025-10-01,22.257465362548828,23.0,23.299999237060547,22.899999618530273,23.299999237060547,9497100
2025-10-02,22.354236602783203,23.100000381469727,23.399999618530273,23.0,23.200000762939453,11608700
2025-10-03,22.257465362548828,23.0,23.200000762939453,22.899999618530273,23.100000381469727,8685900
2025-10-06,22.063922882080078,22.799999237060547,23.100000381469727,22.600000381469727,23.100000381469727,11756800
2025-10-07,22.063922882080078,22.799999237060547,22.799999237060547,22.799999237060547,22.799999237060547,0
2025-10-08,22.257465362548828,23.0,23.200000762939453,22.799999237060547,23.200000762939453,8296900
2025-10-09,22.160694122314453,22.899999618530273,23.0,22.700000762939453,23.0,8176700
2025-10-10,22.354236602783203,23.100000381469727,23.200000762939453,22.600000381469727,23.0,11163300
2025-10-14,21.483293533325195,22.200000762939453,23.0,22.200000762939453,22.899999618530273,18651100
2025-10-15,21.676836013793945,22.399999618530273,22.600000381469727,22.299999237060547,22.399999618530273,11276500
2025-10-16,21.870380401611328,22.600000381469727,22.700000762939453,22.399999618530273,22.5,9697300
2025-10-17,21.580062866210938,22.299999237060547,22.600000381469727,22.200000762939453,22.399999618530273,7531900
2025-10-20,22.257465362548828,23.0,23.0,22.600000381469727,22.700000762939453,6312500
2025-10-21,21.967151641845703,22.700000762939453,23.100000381469727,22.700000762939453,23.100000381469727,5316600
2025-10-22,22.257465362548828,23.0,23.100000381469727,22.600000381469727,22.700000762939453,8366600
2025-10-24,22.160694122314453,22.899999618530273,23.100000381469727,22.799999237060547,23.100000381469727,3894600
2025-10-27,21.77360725402832,22.5,23.299999237060547,22.5,22.899999618530273,14896200
2025-10-28,21.967151641845703,22.700000762939453,22.700000762939453,22.399999618530273,22.700000762939453,7064600
2025-10-29,21.676836013793945,22.399999618530273,22.700000762939453,22.399999618530273,22.600000381469727,6814100
2025-10-30,21.870380401611328,22.600000381469727,22.700000762939453,22.299999237060547,22.299999237060547,9035200
2025-10-31,22.257465362548828,23.0,23.0,22.5,22.600000381469727,10486900
2025-11-03,21.676836013793945,22.399999618530273,23.100000381469727,22.399999618530273,23.100000381469727,10100200
2025-11-04,21.483293533325195,22.200000762939453,22.600000381469727,22.100000381469727,22.5,9992500
2025-11-05,21.386520385742188,22.100000381469727,22.200000762939453,22.0,22.100000381469727,4189700
2025-11-06,21.192977905273438,21.899999618530273,22.200000762939453,20.799999237060547,22.100000381469727,53795100
2025-11-07,21.289751052856445,22.0,22.399999618530273,21.700000762939453,21.799999237060547,25698100
2025-11-10,21.096206665039062,21.799999237060547,22.100000381469727,21.600000381469727,22.0,12043200
2025-11-11,20.70911979675293,21.399999618530273,22.299999237060547,21.299999237060547,22.0,25175300
2025-11-12,20.70911979675293,21.399999618530273,21.600000381469727,21.0,21.399999618530273,10916100
2025-11-13,20.612346649169922,21.299999237060547,21.700000762939453,21.0,21.399999618530273,15872400
2025-11-14,20.031719207763672,20.700000762939453,21.200000762939453,20.5,21.200000762939453,18160100
2025-11-17,20.031719207763672,20.700000762939453,21.0,20.5,21.0,16792000
2025-11-18,19.547863006591797,20.200000762939453,20.700000762939453,20.100000381469727,20.600000381469727,17501500
2025-11-19,19.45108985900879,20.100000381469727,20.299999237060547,20.0,20.200000762939453,13076800
2025-11-20,19.547863006591797,20.200000762939453,20.600000381469727,20.100000381469727,20.299999237060547,19460500
2025-11-21,19.16077423095703,19.799999237060547,20.5,19.600000381469727,20.100000381469727,37734400
2025-11-24,20.225261688232422,20.899999618530273,20.899999618530273,20.100000381469727,20.100000381469727,63583600
2025-11-25,20.225261688232422,20.899999618530273,21.100000381469727,20.5,20.899999618530273,25463100
2025-11-26,20.51557731628418,21.200000762939453,21.299999237060547,20.799999237060547,21.0,17663000
2025-11-27,20.70911979675293,21.399999618530273,21.799999237060547,21.100000381469727,21.299999237060547,21192100
2025-11-28,21.289751052856445,22.0,22.200000762939453,21.399999618530273,21.5,36699900
2025-12-01,21.967151641845703,22.700000762939453,22.700000762939453,22.100000381469727,22.299999237060547,33495100
2025-12-02,21.870380401611328,22.600000381469727,23.0,22.399999618530273,22.899999618530273,29738100
2025-12-03,21.967151641845703,22.700000762939453,22.799999237060547,22.200000762939453,22.600000381469727,22554300
2025-12-04,21.77360725402832,22.5,22.700000762939453,22.299999237060547,22.600000381469727,20643400
2025-12-08,23.225181579589844,24.0,24.0,22.700000762939453,22.700000762939453,74279400
2025-12-09,22.741323471069336,23.5,24.0,23.5,24.0,43700700
2025-12-11,22.741323471069336,23.5,24.0,23.200000762939453,24.0,31838200
2025-12-12,23.128408432006836,23.899999618530273,24.299999237060547,23.799999237060547,23.799999237060547,30951500
2025-12-15,23.128408432006836,23.899999618530273,23.899999618530273,23.5,23.600000381469727,17689200
2025-12-16,23.03163719177246,23.799999237060547,24.0,23.600000381469727,23.799999237060547,25842300
2025-12-17,23.128408432006836,23.899999618530273,24.100000381469727,23.600000381469727,23.700000762939453,11704900
2025-12-18,22.93486785888672,23.700000762939453,24.100000381469727,23.399999618530273,23.899999618530273,24942700
2025-12-19,23.128408432006836,23.899999618530273,24.0,23.700000762939453,23.899999618530273,16731300
2025-12-22,23.225181579589844,24.0,24.5,23.799999237060547,24.100000381469727,16875200
2025-12-23,23.32195281982422,24.100000381469727,24.200000762939453,23.899999618530273,24.0,13032000
2025-12-24,23.80581283569336,24.600000381469727,24.799999237060547,24.0,24.200000762939453,24127500
2025-12-25,23.612268447875977,24.399999618530273,24.600000381469727,24.200000762939453,24.600000381469727,9538000
2025-12-26,23.612268447875977,24.399999618530273,24.5,24.299999237060547,24.399999618530273,5013700
2025-12-29,23.612268447875977,24.399999618530273,24.600000381469727,24.200000762939453,24.399999618530273,12402800
2025-12-30,23.51549530029297,24.299999237060547,24.600000381469727,24.200000762939453,24.399999618530273,7410100
2026-01-05,23.70903968811035,24.5,24.700000762939453,24.399999618530273,24.5,13783800
2026-01-06,23.418725967407227,24.200000762939453,24.5,24.0,24.5,11237100
2026-01-07,23.128408432006836,23.899999618530273,24.200000762939453,23.700000762939453,24.100000381469727,16454100
2026-01-08,23.03163719177246,23.799999237060547,24.0,23.600000381469727,23.600000381469727,13811300
2026-01-09,23.128408432006836,23.899999618530273,24.100000381469727,23.799999237060547,23.899999618530273,7927500
2026-01-12,22.741323471069336,23.5,23.899999618530273,23.200000762939453,23.899999618530273,16794800
2026-01-13,22.547779083251953,23.299999237060547,23.799999237060547,23.100000381469727,23.600000381469727,16164200
2026-01-14,21.77360725402832,22.5,23.200000762939453,22.399999618530273,23.200000762939453,28412100
2026-01-15,21.676836013793945,22.399999618530273,22.799999237060547,21.899999618530273,22.600000381469727,52307300
2026-01-16,21.580062866210938,22.299999237060547,22.5,21.5,22.5,46061000
2026-01-19,21.77360725402832,22.5,22.600000381469727,22.100000381469727,22.200000762939453,23859500
2026-01-20,22.063922882080078,22.799999237060547,23.299999237060547,22.5,22.700000762939453,34950000
2026-01-21,22.547779083251953,23.299999237060547,23.399999618530273,22.899999618530273,23.100000381469727,23278200
2026-01-22,22.741323471069336,23.5,23.600000381469727,23.0,23.100000381469727,23528900
2026-01-23,22.160694122314453,22.899999618530273,23.700000762939453,22.799999237060547,23.299999237060547,21519700
2026-01-26,22.257465362548828,23.0,23.0,22.5,22.799999237060547,12890200
2026-01-27,22.547779083251953,23.299999237060547,23.700000762939453,22.899999618530273,23.0,21416500
2026-01-28,22.838096618652344,23.600000381469727,23.799999237060547,23.399999618530273,23.399999618530273,12212400
2026-01-29,22.160694122314453,22.899999618530273,23.5,22.799999237060547,23.399999618530273,15274900
2026-01-30,22.160694122314453,22.899999618530273,23.200000762939453,22.600000381469727,22.899999618530273,16301300
2026-02-02,23.225181579589844,24.0,24.0,23.0,23.299999237060547,37844600
2026-02-03,24.09612464904785,24.899999618530273,25.25,24.0,24.0,53574100
2026-02-04,24.434825897216797,25.25,25.5,25.0,25.0,17462800
2026-02-05,24.434825897216797,25.25,25.5,25.0,25.25,20331000
2026-02-06,24.434825897216797,25.25,25.75,25.0,25.0,19772700
2026-02-09,24.918684005737305,25.75,26.0,25.25,25.75,22088100
2026-02-10,24.918684005737305,25.75,26.0,25.25,26.0,16058900
2026-02-11,24.918684005737305,25.75,26.75,25.5,25.5,26308600
2026-02-12,25.64447021484375,26.5,26.5,25.5,25.75,19702600
2026-02-13,25.88640022277832,26.75,26.75,25.5,26.25,19224400
2026-02-16,25.64447021484375,26.5,26.75,25.75,26.75,20872600
2026-02-17,25.402542114257812,26.25,26.75,26.0,26.5,19357700
2026-02-18,25.64447021484375,26.5,26.75,26.25,26.25,11231400
2026-02-19,25.88640022277832,26.75,27.0,26.5,26.5,11328900
2026-02-20,24.918684005737305,25.75,26.75,25.75,26.5,20497000
2026-02-23,25.160614013671875,26.0,26.5,25.75,26.0,15775800
2026-02-24,25.402542114257812,26.25,26.25,25.25,26.0,18315200
2026-02-25,25.64447021484375,26.5,27.0,26.0,26.25,18358600
2026-02-26,25.402542114257812,26.25,26.75,26.0,26.25,9993700
2026-02-27,25.160614013671875,26.0,27.0,26.0,26.25,32852200
2026-03-02,23.03163719177246,23.799999237060547,24.399999618530273,23.0,23.899999618530273,81815200
2026-03-04,20.418806076049805,21.100000381469727,22.100000381469727,20.100000381469727,21.200000762939453,109540000
2026-03-05,20.999435424804688,21.700000762939453,22.200000762939453,20.799999237060547,22.200000762939453,57803300
2026-03-06,20.70911979675293,21.399999618530273,21.600000381469727,21.0,21.299999237060547,32610400
2026-03-09,20.32203483581543,21.0,21.0,19.700000762939453,20.0,45901600
2026-03-10,21.386520385742188,22.100000381469727,22.200000762939453,21.5,22.0,37655800
2026-03-11,22.257465362548828,23.0,23.5,22.600000381469727,22.700000762939453,40333400
2026-03-12,21.967151641845703,22.700000762939453,22.799999237060547,21.799999237060547,22.299999237060547,51126100
2026-03-13,21.386520385742188,22.100000381469727,22.5,22.0,22.399999618530273,25115500
2026-03-16,22.160694122314453,22.899999618530273,23.200000762939453,22.0,22.100000381469727,44924500
2026-03-17,21.580062866210938,22.299999237060547,23.200000762939453,22.200000762939453,23.200000762939453,23955100
2026-03-18,21.289751052856445,22.0,22.600000381469727,22.0,22.5,20361200
2026-03-19,20.225261688232422,20.899999618530273,21.799999237060547,20.899999618530273,21.799999237060547,28152400
2026-03-20,20.805891036987305,21.5,21.5,21.0,21.100000381469727,31298700
2026-03-23,20.32203483581543,21.0,21.200000762939453,20.600000381469727,20.799999237060547,29025700
2026-03-24,21.289751052856445,22.0,22.0,21.200000762939453,21.5,30207400
2026-03-25,21.676836013793945,22.399999618530273,22.5,22.100000381469727,22.5,24104600
2026-03-26,20.805891036987305,21.5,22.200000762939453,21.399999618530273,22.200000762939453,27621000
2026-03-27,20.805891036987305,21.5,21.799999237060547,21.200000762939453,21.700000762939453,22825000
2026-03-30,20.70911979675293,21.399999618530273,21.600000381469727,20.799999237060547,20.899999618530273,27638300
2026-03-31,20.902664184570312,21.600000381469727,21.700000762939453,21.200000762939453,21.5,32278200
2026-04-01,21.676836013793945,22.399999618530273,22.600000381469727,22.200000762939453,22.5,31379300
2026-04-02,21.386520385742188,22.100000381469727,22.5,21.899999618530273,22.100000381469727,25580900
2026-04-03,21.096206665039062,21.799999237060547,22.200000762939453,21.700000762939453,22.200000762939453,17584500
2026-04-07,21.096206665039062,21.799999237060547,21.899999618530273,21.5,21.799999237060547,25945200
2026-04-08,22.160694122314453,22.899999618530273,23.0,22.399999618530273,22.5,33244900
2026-04-09,21.580062866210938,22.299999237060547,22.700000762939453,22.200000762939453,22.600000381469727,19683700
2026-04-10,21.77360725402832,22.5,22.600000381469727,22.399999618530273,22.399999618530273,5693700
2026-04-16,22.063922882080078,22.799999237060547,23.299999237060547,22.600000381469727,22.799999237060547,29986000
2026-04-17,21.77360725402832,22.5,22.799999237060547,22.399999618530273,22.799999237060547,15271900
2026-04-20,21.580062866210938,22.299999237060547,22.700000762939453,22.200000762939453,22.5,11922600
2026-04-21,21.289751052856445,22.0,22.5,21.899999618530273,22.299999237060547,22858800
2026-04-22,21.289751052856445,22.0,22.100000381469727,21.899999618530273,22.0,9503900
2026-04-23,20.902664184570312,21.600000381469727,21.899999618530273,21.5,21.899999618530273,20688800
2026-04-24,20.902664184570312,21.600000381469727,21.700000762939453,21.299999237060547,21.600000381469727,12365400
2026-04-27,20.902664184570312,21.600000381469727,21.799999237060547,21.399999618530273,21.600000381469727,7657100
2026-04-28,19.83817481994629,20.5,21.200000762939453,20.200000762939453,21.200000762939453,71306900
2026-04-29,20.031719207763672,20.700000762939453,20.899999618530273,20.5,20.600000381469727,25898400
2026-04-30,20.031719207763672,20.700000762939453,20.700000762939453,20.299999237060547,20.5,25711300
2026-05-01,20.031719207763672,20.700000762939453,20.700000762939453,20.700000762939453,20.700000762939453,0
2026-05-04,20.031719207763672,20.700000762939453,20.700000762939453,20.700000762939453,20.700000762939453,0
2026-05-05,20.03171730041504,20.299999237060547,20.5,20.200000762939453,20.5,14380000
2026-05-06,20.426433563232422,20.700000762939453,20.700000762939453,20.200000762939453,20.399999618530273,54099300
2026-05-07,20.623788833618164,20.899999618530273,21.600000381469727,20.899999618530273,21.200000762939453,56892700
2026-05-08,20.919824600219727,21.200000762939453,21.399999618530273,20.600000381469727,20.700000762939453,26958400
2026-05-11,20.82114601135254,21.100000381469727,21.200000762939453,20.700000762939453,21.0,16040600
2026-05-12,21.413217544555664,21.700000762939453,22.299999237060547,20.899999618530273,21.0,105914400
2026-05-13,21.21586036682129,21.5,22.200000762939453,21.299999237060547,22.100000381469727,52452400
2026-05-14,21.610572814941406,21.899999618530273,22.0,21.5,21.600000381469727,53065200
2026-05-15,21.413217544555664,21.700000762939453,22.0,21.5,21.799999237060547,20397900
2026-05-18,21.610572814941406,21.899999618530273,21.899999618530273,21.5,21.5,19665300
2026-05-19,21.413217544555664,21.700000762939453,22.100000381469727,21.600000381469727,21.899999618530273,30315400
2026-05-20,21.610572814941406,21.899999618530273,22.200000762939453,21.700000762939453,21.799999237060547,34492100
2026-05-21,21.709251403808594,22.0,22.399999618530273,21.799999237060547,22.100000381469727,44088300
2026-05-22,21.610572814941406,21.899999618530273,22.100000381469727,21.799999237060547,22.0,14952500
2026-05-25,22.103965759277344,22.399999618530273,22.5,21.899999618530273,22.100000381469727,46923200
2026-05-26,22.103965759277344,22.399999618530273,22.399999618530273,22.399999618530273,22.399999618530273,0
2026-05-27,21.90660858154297,22.200000762939453,22.399999618530273,21.899999618530273,22.100000381469727,26363600
2026-05-28,22.20264434814453,22.5,22.5,22.100000381469727,22.100000381469727,27050500
2026-05-29,22.20264434814453,22.5,22.600000381469727,22.200000762939453,22.399999618530273,55450400
2026-06-01,22.20264434814453,22.5,22.5,22.5,22.5,0
2026-06-02,21.80792999267578,22.100000381469727,22.5,22.0,22.399999618530273,47735200
2026-06-03,21.80792999267578,22.100000381469727,22.100000381469727,22.100000381469727,22.100000381469727,0
2026-06-04,21.90660858154297,22.200000762939453,22.299999237060547,22.0,22.0,37007800
2026-06-05,22.59735679626465,22.899999618530273,23.0,22.200000762939453,22.299999237060547,94231700
2026-06-08,21.90660858154297,22.200000762939453,22.700000762939453,22.0,22.5,42744300
2026-06-09,21.80792999267578,22.100000381469727,22.5,21.700000762939453,22.399999618530273,55783400
2026-06-10,21.709251403808594,22.0,22.200000762939453,22.0,22.0,18615500
2026-06-11,21.610572814941406,21.899999618530273,22.100000381469727,21.700000762939453,21.899999618530273,16719600
2026-06-12,21.90660858154297,22.200000762939453,22.299999237060547,22.0,22.200000762939453,36027500
2026-06-15,23.880176544189453,24.200000762939453,24.399999618530273,22.700000762939453,22.799999237060547,117799200
2026-06-16,23.880176544189453,24.200000762939453,24.200000762939453,23.700000762939453,24.200000762939453,67825500
2026-06-17,23.880176544189453,24.200000762939453,24.700000762939453,24.100000381469727,24.5,36180900
2026-06-18,23.58414077758789,23.899999618530273,24.200000762939453,23.799999237060547,24.100000381469727,20713600
2026-06-19,24.176212310791016,24.5,24.899999618530273,23.799999237060547,23.899999618530273,88256400
2026-06-22,24.077533721923828,24.399999618530273,24.5,24.0,24.299999237060547,32854300
2026-06-23,23.781497955322266,24.100000381469727,24.5,24.0,24.299999237060547,20325800
2026-06-24,24.176212310791016,24.5,24.700000762939453,24.200000762939453,24.299999237060547,37442900
2026-06-25,24.472246170043945,24.799999237060547,25.5,24.799999237060547,25.0,41148400
2026-06-26,24.472246170043945,24.799999237060547,25.0,24.5,24.600000381469727,25235200
2026-06-29,24.37356948852539,24.700000762939453,24.899999618530273,24.600000381469727,24.899999618530273,19288000
2026-06-30,24.37356948852539,24.700000762939453,25.25,24.600000381469727,24.799999237060547,43326300
2026-07-01,24.077533721923828,24.399999618530273,24.799999237060547,24.399999618530273,24.799999237060547,38766200
2026-07-02,24.077533721923828,24.399999618530273,24.700000762939453,24.200000762939453,24.600000381469727,25647800
2026-07-03,24.37356948852539,24.700000762939453,24.899999618530273,24.399999618530273,24.399999618530273,40235200
2026-07-06,24.472246170043945,24.799999237060547,25.0,24.600000381469727,24.700000762939453,23979200
2026-07-07,23.880176544189453,24.200000762939453,24.600000381469727,24.100000381469727,24.5,23709200
2026-07-08,22.992069244384766,23.299999237060547,24.299999237060547,23.100000381469727,24.100000381469727,59510800
2026-07-09,23.28810691833496,23.600000381469727,23.700000762939453,23.100000381469727,23.200000762939453,25000900
2026-07-10,23.189428329467773,23.5,23.899999618530273,23.299999237060547,23.799999237060547,34177611
2026-07-13,23.090749740600586,23.399999618530273,23.5,23.200000762939453,23.299999237060547,26307800
2026-07-14,22.794713973999023,23.100000381469727,23.299999237060547,23.0,23.100000381469727,26490600
2026-07-15,22.89339256286621,23.200000762939453,23.5,23.200000762939453,23.200000762939453,15701400
2026-07-16,23.485462188720703,23.799999237060547,24.0,23.299999237060547,23.299999237060547,40421800
2026-07-17,23.28810691833496,23.600000381469727,23.899999618530273,23.5,23.600000381469727,19408700
2026-07-20,23.781497955322266,24.100000381469727,24.100000381469727,23.600000381469727,23.799999237060547,31340400
2026-07-21,23.682819366455078,24.0,24.200000762939453,23.799999237060547,24.100000381469727,20573000
2026-07-22,23.189428329467773,23.5,24.0,23.299999237060547,24.0,24511300
2026-07-23,22.005285263061523,22.299999237060547,23.399999618530273,22.0,23.399999618530273,92753600
2026-07-24,22.005285263061523,22.299999237060547,22.5,21.899999618530273,21.899999618530273,55960100
2026-07-27,22.696035385131836,23.0,23.399999618530273,22.5,22.700000762939453,73484800
2026-07-28,22.696035385131836,23.0,23.0,23.0,23.0,0
2026-07-29,22.696035385131836,23.0,23.0,23.0,23.0,0
2026-07-30,22.794713973999023,23.100000381469727,23.299999237060547,22.700000762939453,22.700000762939453,29583900
2026-07-31,23.28810691833496,23.600000381469727,24.0,23.200000762939453,23.200000762939453,54070800
2026-08-03,23.38678550720215,23.700000762939453,24.399999618530273,23.600000381469727,23.799999237060547,48852400
2026-08-04,23.38678550720215,23.700000762939453,23.899999618530273,23.5,23.799999237060547,23849200
2026-08-05,22.992069244384766,23.299999237060547,24.0,23.200000762939453,23.899999618530273,30304900
2026-08-06,22.89339256286621,23.200000762939453,23.399999618530273,23.100000381469727,23.299999237060547,14941800
2026-08-07,23.090749740600586,23.399999618530273,23.399999618530273,23.100000381469727,23.200000762939453,16051400
2026-08-10,22.992069244384766,23.299999237060547,23.5,23.200000762939453,23.399999618530273,21590700
2026-08-11,22.59735679626465,22.899999618530273,23.399999618530273,22.799999237060547,23.200000762939453,27745200
2026-08-12,22.59735679626465,22.899999618530273,22.899999618530273,22.899999618530273,22.899999618530273,0
2026-08-13,22.794713973999023,23.100000381469727,23.200000762939453,22.899999618530273,22.899999618530273,24258900
2026-08-14,22.696035385131836,23.0,23.200000762939453,22.799999237060547,23.100000381469727,19553800
2026-08-17,22.696035385131836,23.0,23.200000762939453,22.899999618530273,23.100000381469727,13122600
2026-08-18,22.400001525878906,22.700000762939453,23.299999237060547,22.600000381469727,23.0,35117400
2026-08-19,22.20264434814453,22.5,22.700000762939453,22.399999618530273,22.700000762939453,15640600
2026-08-20,22.400001525878906,22.700000762939453,22.899999618530273,22.5,22.600000381469727,20536200
2026-08-21,22.30132293701172,22.600000381469727,22.799999237060547,22.5,22.700000762939453,21642500
2026-08-24,22.005285263061523,22.299999237060547,22.600000381469727,22.299999237060547,22.600000381469727,21059300
2026-08-25,22.30132293701172,22.600000381469727,22.799999237060547,22.399999618530273,22.399999618530273,27059400
2026-08-26,22.400001525878906,22.700000762939453,22.899999618530273,22.700000762939453,22.700000762939453,13178700
2026-08-27,22.399999618530273,22.399999618530273,22.600000381469727,22.299999237060547,22.5,16469600
