Date,Adj Close,Close,High,Low,Open,Volume
2018-10-17,19.36372184753418,27.25,30.0,27.0,30.0,377490600
2018-10-18,18.120176315307617,25.5,27.0,25.5,27.0,163858100
2018-10-19,17.94253158569336,25.25,26.25,25.25,25.5,108483300
2018-10-22,16.841106414794922,23.700000762939453,25.75,23.700000762939453,25.25,123428600
2018-10-24,16.343690872192383,23.0,24.0,22.799999237060547,23.299999237060547,119530400
2018-10-25,17.338523864746094,24.399999618530273,24.5,22.899999618530273,23.0,94749500
2018-10-26,16.98322296142578,23.899999618530273,24.399999618530273,23.899999618530273,24.200000762939453,41549500
2018-10-29,16.98322296142578,23.899999618530273,24.299999237060547,23.799999237060547,24.100000381469727,24216100
2018-10-30,17.480642318725586,24.600000381469727,24.799999237060547,23.799999237060547,24.0,60730500
2018-10-31,18.29783058166504,25.75,26.25,24.799999237060547,24.799999237060547,75400400
2018-11-01,18.29783058166504,25.75,26.0,25.5,25.75,18428000
2018-11-02,18.120176315307617,25.5,26.25,25.5,26.0,23227000
2018-11-05,17.05428695678711,24.0,25.25,23.600000381469727,25.25,71456200
2018-11-06,17.05428695678711,24.0,24.399999618530273,23.799999237060547,24.299999237060547,32387600
2018-11-07,17.2674617767334,24.299999237060547,24.299999237060547,23.899999618530273,24.0,11461300
2018-11-08,17.2674617767334,24.299999237060547,24.700000762939453,24.200000762939453,24.399999618530273,12836800
2018-11-09,17.196401596069336,24.200000762939453,24.5,24.200000762939453,24.200000762939453,4475400
2018-11-12,17.05428695678711,24.0,24.399999618530273,24.0,24.399999618530273,4957900
2018-11-13,17.05428695678711,24.0,24.399999618530273,23.799999237060547,23.899999618530273,10148900
2018-11-14,17.125343322753906,24.100000381469727,24.299999237060547,24.0,24.100000381469727,5955500
2018-11-15,17.05428695678711,24.0,24.200000762939453,23.899999618530273,24.0,8423100
2018-11-16,17.05428695678711,24.0,24.200000762939453,23.899999618530273,24.100000381469727,6230200
2018-11-19,17.338523864746094,24.399999618530273,24.5,24.0,24.0,8445600
2018-11-20,17.196401596069336,24.200000762939453,24.399999618530273,24.100000381469727,24.299999237060547,9031200
2018-11-21,17.40958023071289,24.5,24.600000381469727,24.100000381469727,24.100000381469727,13327900
2018-11-22,17.40958023071289,24.5,25.25,24.399999618530273,24.799999237060547,33446900
2018-11-23,17.693824768066406,24.899999618530273,25.0,24.399999618530273,24.600000381469727,11951500
2018-11-26,17.76487922668457,25.0,25.25,24.799999237060547,25.0,17541200
2018-11-27,17.76487922668457,25.0,25.25,25.0,25.25,5064000
2018-11-28,17.94253158569336,25.25,25.5,25.0,25.0,4794600
2018-11-29,17.693824768066406,24.899999618530273,25.25,24.899999618530273,25.25,9231200
2018-11-30,17.76487922668457,25.0,25.25,24.899999618530273,25.0,3550000
2018-12-03,17.76487922668457,25.0,25.25,25.0,25.0,5165400
2018-12-04,17.94253158569336,25.25,25.25,25.0,25.0,3661700
2018-12-06,17.76487922668457,25.0,25.25,24.799999237060547,25.0,9194700
2018-12-07,17.76487922668457,25.0,25.25,24.899999618530273,25.0,3832700
2018-12-11,17.76487922668457,25.0,25.25,25.0,25.0,4617700
2018-12-12,17.94253158569336,25.25,25.75,25.0,25.25,10452900
2018-12-13,17.693824768066406,24.899999618530273,25.25,24.899999618530273,25.25,6780400
2018-12-14,17.622760772705078,24.799999237060547,25.0,24.5,24.899999618530273,8947800
2018-12-17,17.622760772705078,24.799999237060547,25.0,24.5,24.899999618530273,7880900
2018-12-18,17.338523864746094,24.399999618530273,24.799999237060547,24.299999237060547,24.799999237060547,8872000
2018-12-19,17.622760772705078,24.799999237060547,24.799999237060547,24.399999618530273,24.5,2617600
2018-12-20,17.40958023071289,24.5,24.799999237060547,24.299999237060547,24.799999237060547,3967900
2018-12-21,17.40958023071289,24.5,24.700000762939453,24.299999237060547,24.399999618530273,4215900
2018-12-24,17.338523864746094,24.399999618530273,24.600000381469727,24.299999237060547,24.5,3384800
2018-12-25,17.125343322753906,24.100000381469727,24.399999618530273,24.100000381469727,24.299999237060547,4608600
2018-12-26,17.125343322753906,24.100000381469727,24.299999237060547,24.100000381469727,24.200000762939453,1283100
2018-12-27,16.98322296142578,23.899999618530273,24.5,23.899999618530273,24.399999618530273,2680700
2018-12-28,17.40958023071289,24.5,24.5,23.899999618530273,24.0,4784800
2019-01-02,17.05428695678711,24.0,24.399999618530273,23.899999618530273,24.399999618530273,4525400
2019-01-03,17.05428695678711,24.0,24.700000762939453,23.899999618530273,24.200000762939453,8887400
2019-01-04,16.91216468811035,23.799999237060547,24.100000381469727,23.700000762939453,24.0,11349000
2019-01-07,16.91216468811035,23.799999237060547,24.100000381469727,23.700000762939453,23.899999618530273,3564900
2019-01-08,16.91216468811035,23.799999237060547,24.200000762939453,23.799999237060547,23.899999618530273,5433600
2019-01-09,17.125343322753906,24.100000381469727,24.399999618530273,23.899999618530273,23.899999618530273,7574000
2019-01-10,17.125343322753906,24.100000381469727,24.299999237060547,24.0,24.200000762939453,5037100
2019-01-11,17.338523864746094,24.399999618530273,24.399999618530273,24.0,24.200000762939453,4936400
2019-01-14,17.125343322753906,24.100000381469727,24.399999618530273,24.0,24.299999237060547,3394200
2019-01-15,17.05428695678711,24.0,24.200000762939453,24.0,24.200000762939453,2252700
2019-01-16,16.841106414794922,23.700000762939453,24.0,23.5,24.0,6093800
2019-01-17,16.841106414794922,23.700000762939453,23.899999618530273,23.600000381469727,23.799999237060547,1376500
2019-01-18,16.77004623413086,23.600000381469727,23.899999618530273,23.5,23.799999237060547,2201800
2019-01-21,16.556867599487305,23.299999237060547,23.700000762939453,23.299999237060547,23.600000381469727,2521000
2019-01-22,16.98322296142578,23.899999618530273,24.0,23.299999237060547,23.399999618530273,5811900
2019-01-23,17.196401596069336,24.200000762939453,24.299999237060547,23.700000762939453,23.799999237060547,6715200
2019-01-24,18.120176315307617,25.5,25.5,24.299999237060547,24.299999237060547,20294000
2019-01-25,18.120176315307617,25.5,25.5,25.0,25.5,12276600
2019-01-28,18.120176315307617,25.5,25.75,25.25,25.5,10306000
2019-01-29,17.94253158569336,25.25,25.75,25.0,25.5,7345900
2019-01-30,18.475479125976562,26.0,26.0,25.25,25.5,12604200
2019-01-31,18.83077621459961,26.5,27.0,26.0,26.25,18928700
2019-02-01,19.0084228515625,26.75,27.0,26.25,26.5,14253100
2019-02-04,18.83077621459961,26.5,26.75,26.0,26.75,3907700
2019-02-05,18.653125762939453,26.25,26.5,26.0,26.5,2068900
2019-02-06,18.653125762939453,26.25,26.5,26.0,26.25,4076700
2019-02-07,18.29783058166504,25.75,27.0,25.5,26.25,16106900
2019-02-08,18.29783058166504,25.75,26.0,25.0,25.25,8230300
2019-02-11,18.29783058166504,25.75,26.0,25.5,25.75,4547500
2019-02-12,18.33377456665039,25.5,25.75,25.25,25.75,4425700
2019-02-13,18.69326400756836,26.0,26.25,25.5,25.75,5069500
2019-02-14,19.052751541137695,26.5,26.5,26.0,26.25,4627600
2019-02-15,19.23249053955078,26.75,27.0,26.25,26.5,16177800
2019-02-18,19.052751541137695,26.5,27.0,26.25,26.75,3837900
2019-02-20,19.052751541137695,26.5,26.75,26.25,26.5,2748500
2019-02-21,19.591978073120117,27.25,27.75,26.5,26.5,33093400
2019-02-22,19.771724700927734,27.5,28.0,27.25,27.25,27051400
2019-02-25,19.771724700927734,27.5,27.75,27.5,27.75,4803700
2019-02-26,19.412233352661133,27.0,27.5,27.0,27.5,9251100
2019-02-27,19.591978073120117,27.25,27.5,27.0,27.0,3123100
2019-02-28,20.131206512451172,28.0,28.25,27.25,27.5,20892600
2019-03-01,20.131206512451172,28.0,28.25,27.5,28.25,13097900
2019-03-04,19.771724700927734,27.5,28.0,26.75,27.75,7638400
2019-03-05,19.951459884643555,27.75,27.75,27.25,27.25,5499200
2019-03-06,19.591978073120117,27.25,27.75,27.0,27.5,4607500
2019-03-07,19.951459884643555,27.75,27.75,27.0,27.25,3228800
2019-03-08,19.771724700927734,27.5,27.75,27.25,27.75,3562500
2019-03-11,19.591978073120117,27.25,27.75,27.0,27.5,4269300
2019-03-12,19.412233352661133,27.0,27.5,27.0,27.5,3809800
2019-03-13,19.771724700927734,27.5,27.5,26.25,27.0,6796600
2019-03-14,19.591978073120117,27.25,27.5,27.0,27.5,3992900
2019-03-15,19.23249053955078,26.75,27.25,26.5,27.25,3833400
2019-03-18,18.69326400756836,26.0,27.0,26.0,27.0,3397600
2019-03-19,19.23249053955078,26.75,27.0,26.0,26.25,2095200
2019-03-20,19.23249053955078,26.75,27.5,26.75,27.0,6392600
2019-03-21,19.591978073120117,27.25,27.75,27.0,27.0,11861300
2019-03-22,19.591978073120117,27.25,27.5,27.0,27.25,4596900
2019-03-25,19.23249053955078,26.75,27.25,26.5,27.0,2602800
2019-03-26,19.052751541137695,26.5,27.0,26.25,26.5,7299500
2019-03-27,19.052751541137695,26.5,26.75,26.25,26.75,3755800
2019-03-28,19.591978073120117,27.25,27.5,26.25,26.75,7178800
2019-03-29,19.771724700927734,27.5,27.75,27.25,27.25,5139500
2019-04-01,19.412233352661133,27.0,27.75,27.0,27.5,2645100
2019-04-02,19.771724700927734,27.5,27.75,27.0,27.5,4915100
2019-04-03,19.951459884643555,27.75,28.0,27.5,27.5,7298400
2019-04-04,20.670434951782227,28.75,29.0,27.75,27.75,30920800
2019-04-05,20.670434951782227,28.75,29.0,28.5,28.75,6475000
2019-04-09,20.85017967224121,29.0,29.5,28.5,28.5,14832900
2019-04-10,20.85017967224121,29.0,29.25,28.75,28.75,8437700
2019-04-11,21.029918670654297,29.25,29.5,29.0,29.0,7569300
2019-04-12,21.20966148376465,29.5,29.5,29.0,29.25,4665600
2019-04-17,21.029918670654297,29.25,29.5,29.0,29.5,9345700
2019-04-18,21.029918670654297,29.25,29.75,29.0,29.25,19850300
2019-04-19,20.49068832397461,28.5,29.5,28.25,29.25,9546200
2019-04-22,20.49068832397461,28.5,28.75,28.25,28.75,7121700
2019-04-23,20.85017967224121,29.0,29.5,28.5,28.5,11888500
2019-04-24,21.20966148376465,29.5,29.75,29.0,29.25,10973900
2019-04-25,21.56914710998535,30.0,30.25,29.5,29.75,24640500
2019-04-26,22.108375549316406,30.75,31.0,29.75,30.0,24378700
2019-04-29,22.108375549316406,30.75,31.0,30.25,30.5,15544800
2019-04-30,22.392377853393555,30.75,30.75,30.25,30.5,5903200
2019-05-02,22.756481170654297,31.25,31.5,30.75,30.75,10615600
2019-05-03,23.848793029785156,32.75,32.75,31.0,31.25,11401900
2019-05-07,24.394948959350586,33.5,34.25,32.0,32.0,24631800
2019-05-08,23.484689712524414,32.25,33.75,31.5,33.5,27595700
2019-05-09,23.484689712524414,32.25,32.75,31.75,32.25,10294300
2019-05-10,23.6667423248291,32.5,32.75,31.25,32.5,12795100
2019-05-13,23.484689712524414,32.25,32.75,32.0,32.5,5506400
2019-05-14,22.93852996826172,31.5,32.25,31.5,32.0,9490500
2019-05-15,22.756481170654297,31.25,32.0,30.75,31.75,13727600
2019-05-16,23.302635192871094,32.0,32.0,30.0,31.25,16835200
2019-05-17,23.120582580566406,31.75,32.25,31.0,31.75,12825200
2019-05-21,24.2128963470459,33.25,33.25,31.5,31.75,10109900
2019-05-22,24.030841827392578,33.0,34.25,33.0,33.5,13777400
2019-05-23,23.484689712524414,32.25,33.25,32.25,32.75,15100000
2019-05-24,24.030841827392578,33.0,33.5,32.25,32.25,15782800
2019-05-27,24.759048461914062,34.0,34.25,32.5,33.25,21217900
2019-05-28,24.394948959350586,33.5,34.25,33.5,34.25,8872000
2019-05-29,24.2128963470459,33.25,34.0,33.25,33.5,8084000
2019-05-30,24.2128963470459,33.25,33.75,33.0,33.25,5104900
2019-05-31,24.030841827392578,33.0,33.5,33.0,33.25,5713300
2019-06-04,25.12316131591797,34.5,35.0,32.75,33.0,19169900
2019-06-05,25.851362228393555,35.5,35.75,34.25,34.75,25038500
2019-06-06,25.669313430786133,35.25,36.75,35.0,35.5,19969100
2019-06-07,25.30521011352539,34.75,35.75,34.75,35.25,11378200
2019-06-10,25.487262725830078,35.0,35.75,34.5,35.0,22105600
2019-06-11,25.12316131591797,34.5,35.25,34.5,35.25,15211500
2019-06-12,25.30521011352539,34.75,35.25,34.0,34.5,12795100
2019-06-13,25.12316131591797,34.5,35.25,34.5,34.75,9175200
2019-06-14,25.12316131591797,34.5,34.75,34.0,34.5,10573100
2019-06-17,24.941102981567383,34.25,35.0,34.25,34.5,10860200
2019-06-18,25.487262725830078,35.0,35.0,34.0,34.25,12463600
2019-06-19,25.669313430786133,35.25,36.0,34.75,35.5,28919400
2019-06-20,25.487262725830078,35.0,35.5,34.75,35.25,9990300
2019-06-21,25.487262725830078,35.0,35.5,34.5,35.25,43790400
2019-06-24,24.759048461914062,34.0,35.25,33.25,35.25,30783500
2019-06-25,24.759048461914062,34.0,34.25,33.5,34.0,6573400
2019-06-26,25.12316131591797,34.5,34.5,33.75,33.75,7911000
2019-06-27,24.941102981567383,34.25,34.75,33.75,34.5,10503100
2019-06-28,25.30521011352539,34.75,35.5,34.25,34.25,41597000
2019-07-01,24.941102981567383,34.25,34.75,33.75,34.75,24287400
2019-07-02,24.759048461914062,34.0,34.75,34.0,34.5,12642900
2019-07-03,24.941102981567383,34.25,34.75,34.0,34.25,9865100
2019-07-04,24.576997756958008,33.75,34.75,33.5,34.25,15291100
2019-07-05,25.851362228393555,35.5,35.5,33.75,34.0,16735900
2019-07-08,25.851362228393555,35.5,35.75,35.0,35.25,14530600
2019-07-09,25.12316131591797,34.5,35.5,34.5,35.25,9036000
2019-07-10,26.033414840698242,35.75,36.0,34.5,34.5,20506800
2019-07-11,26.761627197265625,36.75,36.75,35.5,35.75,28253400
2019-07-12,26.579570770263672,36.5,37.25,36.0,36.75,16110100
2019-07-15,26.033414840698242,35.75,36.5,35.5,36.25,8184600
2019-07-17,26.033414840698242,35.75,36.25,35.5,35.5,12368000
2019-07-18,25.487262725830078,35.0,35.75,34.5,35.5,13430400
2019-07-19,26.033414840698242,35.75,35.75,35.0,35.25,11571700
2019-07-22,25.487262725830078,35.0,35.5,34.5,35.5,9723500
2019-07-23,25.669313430786133,35.25,35.5,34.75,35.0,6845100
2019-07-24,26.397518157958984,36.25,36.5,35.25,35.25,17989600
2019-07-25,26.761627197265625,36.75,37.5,36.0,36.25,23491600
2019-07-26,27.12571907043457,37.25,37.25,36.5,36.5,9382000
2019-07-30,26.397518157958984,36.25,37.25,36.25,37.25,12169200
2019-07-31,26.761627197265625,36.75,37.0,36.25,36.25,7832500
2019-08-01,26.215465545654297,36.0,36.5,35.5,36.25,14637400
2019-08-02,25.669313430786133,35.25,35.5,34.5,35.25,26479400
2019-08-05,25.487262725830078,35.0,35.5,34.75,34.75,6043500
2019-08-06,25.487262725830078,35.0,35.5,34.25,34.5,7007400
2019-08-07,25.669313430786133,35.25,35.75,35.0,35.0,11105900
2019-08-08,25.30521011352539,34.75,35.5,34.75,35.5,5133500
2019-08-09,25.30521011352539,34.75,35.25,34.75,35.0,6007600
2019-08-13,24.759048461914062,34.0,35.0,34.0,35.0,5721600
2019-08-14,24.2128963470459,33.25,34.5,31.75,34.25,29437100
2019-08-15,25.30521011352539,34.75,35.25,33.25,33.25,14823900
2019-08-16,26.761627197265625,36.75,37.5,35.5,35.5,41307300
2019-08-19,26.761627197265625,36.75,37.0,36.75,37.0,11177900
2019-08-20,26.761627197265625,36.75,37.0,36.25,37.0,9944400
2019-08-21,26.761627197265625,36.75,37.0,36.5,36.5,7891400
2019-08-22,26.761627197265625,36.75,37.25,36.5,36.75,11059400
2019-08-23,27.12571907043457,37.25,37.25,36.75,36.75,6597600
2019-08-26,26.761627197265625,36.75,37.0,36.5,36.5,6512500
2019-08-27,27.386550903320312,37.25,37.5,36.75,36.75,9008000
2019-08-28,27.754154205322266,37.75,38.0,37.0,37.25,15436000
2019-08-29,27.754154205322266,37.75,37.75,37.25,37.75,3605100
2019-08-30,27.20274543762207,37.0,37.75,36.75,37.5,5330300
2019-09-02,28.121763229370117,38.25,38.5,37.0,37.0,14850400
2019-09-03,28.121763229370117,38.25,38.5,37.5,38.25,11280000
2019-09-04,27.937965393066406,38.0,38.5,37.75,38.0,9768900
2019-09-05,28.305559158325195,38.5,38.5,37.75,38.0,8207600
2019-09-06,28.121763229370117,38.25,38.5,37.75,38.25,6246500
2019-09-09,27.937965393066406,38.0,38.25,37.75,38.25,4302100
2019-09-10,27.570350646972656,37.5,38.0,37.25,37.75,10409500
2019-09-11,26.835145950317383,36.5,37.5,36.0,37.5,16227700
2019-09-12,26.283735275268555,35.75,37.25,35.75,36.75,11722300
2019-09-13,26.651338577270508,36.25,36.75,35.75,36.0,4375400
2019-09-16,27.018939971923828,36.75,37.25,36.0,36.25,8324700
2019-09-17,27.386550903320312,37.25,37.75,36.5,36.75,7838400
2019-09-18,27.20274543762207,37.0,37.5,36.75,37.0,8294200
2019-09-19,26.651338577270508,36.25,37.0,36.25,37.0,4978800
2019-09-20,26.835145950317383,36.5,36.75,36.25,36.5,3345800
2019-09-23,26.835145950317383,36.5,37.0,36.25,36.25,4908200
2019-09-24,26.283735275268555,35.75,36.5,35.25,36.5,9716400
2019-09-25,25.732328414916992,35.0,35.5,34.75,35.25,16064700
2019-09-26,26.283735275268555,35.75,35.75,35.25,35.25,7364100
2019-09-27,27.20274543762207,37.0,37.5,35.5,35.75,16007300
2019-09-30,27.386550903320312,37.25,37.25,36.5,37.0,5077600
2019-10-01,27.018939971923828,36.75,37.5,36.5,37.0,7174400
2019-10-02,26.46753692626953,36.0,36.75,36.0,36.75,4194400
2019-10-03,26.46753692626953,36.0,36.0,35.25,35.5,4865000
2019-10-04,26.651338577270508,36.25,36.25,35.5,36.25,2303400
2019-10-07,26.651338577270508,36.25,36.5,35.75,36.25,2969400
2019-10-08,26.835145950317383,36.5,37.0,36.25,36.25,5737600
2019-10-09,26.835145950317383,36.5,36.75,36.25,36.25,2124000
2019-10-10,26.651338577270508,36.25,36.75,36.0,36.5,2318000
2019-10-11,27.570350646972656,37.5,37.5,36.25,36.25,13789600
2019-10-15,27.754154205322266,37.75,38.0,37.25,37.5,7670800
2019-10-16,28.856964111328125,39.25,39.75,38.0,38.25,32763000
2019-10-17,29.592182159423828,40.25,40.75,39.0,39.5,17214200
2019-10-18,31.062597274780273,42.25,43.0,39.75,40.0,26277400
2019-10-21,31.614009857177734,43.0,43.75,42.0,42.0,19922100
2019-10-22,32.71681594848633,44.5,44.5,43.0,43.25,12628500
2019-10-24,32.16541290283203,43.75,44.5,43.5,44.25,13875900
2019-10-25,31.98161506652832,43.5,45.0,41.0,44.0,28574000
2019-10-28,32.9006233215332,44.75,44.75,42.75,43.5,12281400
2019-10-29,32.71681594848633,44.5,45.5,43.75,45.0,19507700
2019-10-30,30.511188507080078,41.5,44.5,40.5,44.25,30684500
2019-10-31,31.24640655517578,42.5,43.25,41.5,41.75,12511500
2019-11-01,31.614009857177734,43.0,43.5,42.25,42.75,8040100
2019-11-04,33.4520263671875,45.5,45.5,42.75,43.5,21814500
2019-11-05,33.08442306518555,45.0,45.5,44.5,45.25,10529500
2019-11-06,31.797805786132812,43.25,45.75,42.75,45.0,24997800
2019-11-07,32.34921646118164,44.0,44.25,43.0,43.25,11440900
2019-11-08,32.53302001953125,44.25,45.0,44.0,44.25,13952600
2019-11-11,32.16541290283203,43.75,44.25,43.5,44.0,7625600
2019-11-12,31.797805786132812,43.25,44.75,42.75,44.0,15528200
2019-11-13,31.614009857177734,43.0,44.0,42.75,43.0,8071000
2019-11-14,30.87879753112793,42.0,43.25,41.25,42.75,23912900
2019-11-15,30.87879753112793,42.0,42.75,42.0,42.25,11393700
2019-11-18,31.24640655517578,42.5,43.0,42.0,42.25,6324600
2019-11-19,31.430208206176758,42.75,43.0,42.25,42.5,6846300
2019-11-20,31.062597274780273,42.25,42.75,42.0,42.5,4695800
2019-11-21,30.87879753112793,42.0,42.5,42.0,42.0,4098100
2019-11-22,31.062597274780273,42.25,42.5,41.75,42.0,8671900
2019-11-25,31.24640655517578,42.5,43.25,42.0,42.75,23336900
2019-11-26,30.327388763427734,41.25,43.0,41.0,42.75,99472200
2019-11-27,30.511188507080078,41.5,42.25,40.25,41.25,13597700
2019-11-28,30.143585205078125,41.0,41.5,41.0,41.5,4508500
2019-11-29,30.143585205078125,41.0,41.75,40.5,40.5,13658000
2019-12-02,29.040775299072266,39.5,41.0,39.0,41.0,19244900
2019-12-03,29.408370971679688,40.0,40.5,39.25,39.25,8133800
2019-12-04,30.143585205078125,41.0,41.0,39.75,40.0,13052700
2019-12-06,29.408370971679688,40.0,41.0,40.0,41.0,10936900
2019-12-09,29.224571228027344,39.75,40.25,39.5,40.0,5244000
2019-12-11,29.592182159423828,40.25,40.5,39.75,40.0,7785400
2019-12-12,29.77597999572754,40.5,41.25,40.25,40.5,15302700
2019-12-13,30.327388763427734,41.25,41.5,40.5,40.75,29233400
2019-12-16,29.592182159423828,40.25,41.25,40.0,41.25,13896200
2019-12-17,29.592182159423828,40.25,40.75,39.75,40.5,11692000
2019-12-18,30.143585205078125,41.0,41.5,40.5,40.75,9577100
2019-12-19,30.143585205078125,41.0,41.25,40.25,41.0,9355500
2019-12-20,29.95978546142578,40.75,41.0,40.5,41.0,7406600
2019-12-23,29.040775299072266,39.5,40.75,39.0,40.5,21749100
2019-12-24,29.224571228027344,39.75,40.25,39.5,39.5,7402600
2019-12-25,29.224571228027344,39.75,40.0,39.5,39.75,2926000
2019-12-26,29.408370971679688,40.0,40.25,39.5,39.5,3614200
2019-12-27,29.592182159423828,40.25,40.5,39.75,40.0,11809200
2019-12-30,29.77597999572754,40.5,40.5,40.0,40.25,4016800
2020-01-02,29.77597999572754,40.5,41.0,40.0,40.5,13876100
2020-01-03,30.327388763427734,41.25,41.75,40.25,40.5,21867300
2020-01-06,30.143585205078125,41.0,41.5,40.25,40.75,13206000
2020-01-07,30.694990158081055,41.75,42.25,41.25,41.25,20972500
2020-01-08,31.062597274780273,42.25,42.5,41.0,41.0,19880500
2020-01-09,32.34921646118164,44.0,44.0,42.25,42.5,21971000
2020-01-10,32.34921646118164,44.0,44.25,43.25,44.25,15073200
2020-01-13,32.34921646118164,44.0,44.25,43.75,44.0,9729300
2020-01-14,32.71681594848633,44.5,45.25,43.75,44.0,18614000
2020-01-15,32.9006233215332,44.75,45.0,44.0,44.75,7974800
2020-01-16,32.71681594848633,44.5,44.75,43.75,44.75,7276200
2020-01-17,32.71681594848633,44.5,45.25,44.25,44.75,13918500
2020-01-20,33.4520263671875,45.5,46.0,44.5,44.75,16943400
2020-01-21,33.4520263671875,45.5,46.0,45.25,45.75,9726500
2020-01-22,34.18723678588867,46.5,46.5,45.75,46.0,11335300
2020-01-23,34.7386474609375,47.25,47.75,46.0,46.5,9153200
2020-01-24,34.18723678588867,46.5,47.5,45.5,47.25,11315200
2020-01-27,32.9006233215332,44.75,46.0,44.25,45.75,11191300
2020-01-28,32.71681594848633,44.5,46.0,43.5,45.5,12859900
2020-01-29,33.4520263671875,45.5,45.75,44.75,44.75,5654600
2020-01-30,33.08442306518555,45.0,45.75,44.5,45.0,4119200
2020-01-31,32.53302001953125,44.25,45.5,44.25,45.0,4976100
2020-02-03,31.797805786132812,43.25,44.0,43.0,43.5,7155000
2020-02-04,32.53302001953125,44.25,44.25,43.25,43.5,8753800
2020-02-05,32.9006233215332,44.75,45.0,43.5,44.25,6817100
2020-02-06,32.53302001953125,44.25,45.0,44.0,44.5,5222900
2020-02-07,32.53302001953125,44.25,44.25,43.75,44.25,5097200
2020-02-11,32.53302001953125,44.25,44.5,43.75,44.5,4158800
2020-02-12,32.53302001953125,44.25,44.75,44.0,44.5,4395400
2020-02-13,34.554840087890625,47.0,47.25,43.75,44.25,20444200
2020-02-14,32.9006233215332,44.75,48.25,44.0,47.0,24708800
2020-02-17,32.53302001953125,44.25,45.25,43.25,44.5,15033400
2020-02-18,31.98161506652832,43.5,44.0,43.0,44.0,10018400
2020-02-19,32.16541290283203,43.75,44.25,43.25,43.75,5559500
2020-02-20,31.614009857177734,43.0,43.75,41.5,43.75,10609100
2020-02-21,32.16541290283203,43.75,43.75,42.25,42.5,10832900
2020-02-24,30.511188507080078,41.5,43.25,41.5,43.0,6017900
2020-02-25,30.327388763427734,41.25,43.0,38.0,41.75,25208400
2020-02-26,29.592182159423828,40.25,41.25,39.5,40.0,9747600
2020-02-27,31.24640655517578,42.5,43.5,39.0,40.0,19740500
2020-02-28,30.694990158081055,41.75,42.0,39.75,40.5,16946900
2020-03-02,29.95978546142578,40.75,42.75,39.75,42.25,9755300
2020-03-03,30.694990158081055,41.75,42.25,40.75,41.25,14269800
2020-03-04,31.614009857177734,43.0,43.75,41.25,41.75,12254000
2020-03-05,31.797805786132812,43.25,43.75,43.0,43.25,9214900
2020-03-06,31.614009857177734,43.0,43.25,41.5,42.5,10559400
2020-03-09,29.592182159423828,40.25,43.25,40.25,42.0,10233000
2020-03-10,30.327388763427734,41.25,41.5,40.5,41.0,6837300
2020-03-11,29.408370971679688,40.0,41.25,39.5,41.25,11431500
2020-03-12,24.99712371826172,34.0,38.75,32.5,38.25,27053300
2020-03-13,26.099931716918945,35.5,36.0,28.0,29.0,32392700
2020-03-16,22.975296020507812,31.25,46.0,29.75,32.5,36901800
2020-03-17,22.975296020507812,31.25,32.75,30.5,31.25,18624600
2020-03-18,24.261911392211914,33.0,33.5,31.25,32.0,12562600
2020-03-19,24.99712371826172,34.0,34.25,31.5,31.75,13667800
2020-03-20,28.673166275024414,39.0,39.0,35.25,35.25,11077400
2020-03-23,24.445711135864258,33.25,35.0,33.25,33.25,15204800
2020-03-24,24.261911392211914,33.0,35.0,33.0,35.0,10653800
2020-03-25,25.91613006591797,35.25,37.0,33.5,34.25,11972400
2020-03-26,25.732328414916992,35.0,36.25,34.25,35.0,6006000
2020-03-27,26.651338577270508,36.25,37.5,35.75,36.0,7015800
2020-03-30,25.732328414916992,35.0,35.0,35.0,35.0,1042600
2020-03-31,26.283735275268555,35.75,36.5,35.0,35.0,9631900
2020-04-01,25.54852294921875,34.75,36.0,34.5,35.5,5579100
2020-04-02,26.283735275268555,35.75,36.0,34.75,35.0,5949700
2020-04-03,26.283735275268555,35.75,36.0,35.25,36.0,3886400
2020-04-07,29.204153060913086,39.0,39.25,36.25,37.0,11637600
2020-04-08,28.268117904663086,37.75,39.0,36.75,39.0,6729500
2020-04-09,28.455331802368164,38.0,40.25,37.25,39.0,10073500
2020-04-10,28.455331802368164,38.0,38.5,37.5,37.75,8129700
2020-04-13,28.268117904663086,37.75,39.0,37.75,37.75,5074900
2020-04-14,29.204153060913086,39.0,40.0,38.0,38.25,8192100
2020-04-15,28.82973861694336,38.5,39.0,37.5,38.75,10906300
2020-04-16,27.706499099731445,37.0,38.25,37.0,37.5,7600000
2020-04-17,29.204153060913086,39.0,39.25,38.0,38.0,8891000
2020-04-20,30.14018440246582,40.25,40.5,39.5,40.0,9284700
2020-04-21,29.952966690063477,40.0,40.75,39.5,39.75,5811600
2020-04-22,31.450624465942383,42.0,42.0,39.5,39.75,9646200
2020-04-23,31.26341438293457,41.75,43.0,41.5,42.5,6899400
2020-04-24,30.701801300048828,41.0,42.0,39.75,42.0,6063100
2020-04-27,30.889007568359375,41.25,42.0,40.75,42.0,4047900
2020-04-28,31.450624465942383,42.0,42.0,40.5,41.5,3892100
2020-04-29,30.889007568359375,41.25,42.5,41.25,42.0,4674700
2020-04-30,31.076210021972656,41.5,42.0,41.0,42.0,3076000
2020-05-05,30.701801300048828,41.0,41.5,40.5,41.25,2274400
2020-05-07,30.51459503173828,40.75,41.0,39.5,40.75,4236600
2020-05-08,30.51459503173828,40.75,41.0,40.25,40.75,4176800
2020-05-11,31.450624465942383,42.0,43.0,41.0,41.25,8301200
2020-05-12,32.386653900146484,43.25,43.25,42.25,42.75,8921100
2020-05-13,32.012245178222656,42.75,43.25,42.0,43.25,4678000
2020-05-14,30.889007568359375,41.25,42.5,41.0,42.0,6355800
2020-05-15,31.26341438293457,41.75,42.25,41.0,41.5,8118600
2020-05-18,31.26341438293457,41.75,42.25,41.5,42.0,3915800
2020-05-19,31.26341438293457,41.75,42.5,41.75,42.0,8800500
2020-05-20,31.26341438293457,41.75,42.25,41.5,41.75,10497400
2020-05-21,31.076210021972656,41.5,42.5,41.5,41.75,7719100
2020-05-22,30.889007568359375,41.25,41.25,40.25,41.0,7873600
2020-05-25,31.825037002563477,42.5,42.75,40.75,41.25,11438000
2020-05-26,31.825037002563477,42.5,43.5,42.5,43.0,9886700
2020-05-27,31.450624465942383,42.0,42.75,41.5,42.5,6547500
2020-05-28,31.076210021972656,41.5,42.5,41.0,42.25,5626600
2020-05-29,31.825037002563477,42.5,43.0,41.25,41.75,13367600
2020-06-01,31.637832641601562,42.25,43.0,42.25,42.75,2856700
2020-06-02,31.637832641601562,42.25,42.5,41.75,42.25,6603000
2020-06-04,31.450624465942383,42.0,42.75,42.0,42.5,7188200
2020-06-05,31.637832641601562,42.25,43.0,41.75,42.25,12629800
2020-06-08,30.327388763427734,40.5,42.75,40.5,42.25,23479800
2020-06-09,30.14018440246582,40.25,41.5,39.75,40.5,14910400
2020-06-10,30.51459503173828,40.75,41.0,40.0,40.5,7724600
2020-06-11,30.51459503173828,40.75,41.5,40.0,41.0,8718100
2020-06-12,30.327388763427734,40.5,41.0,39.75,40.0,20369200
2020-06-15,30.14018440246582,40.25,40.75,39.75,40.25,8928100
2020-06-16,30.327388763427734,40.5,41.0,40.25,40.5,8540000
2020-06-17,30.327388763427734,40.5,40.75,40.0,40.25,8012900
2020-06-18,30.51459503173828,40.75,41.0,40.0,40.25,7664300
2020-06-19,31.076210021972656,41.5,41.5,40.5,41.0,10100400
2020-06-22,29.952966690063477,40.0,42.0,40.0,41.5,13382100
2020-06-23,29.765766143798828,39.75,40.25,39.0,40.25,8259500
2020-06-24,29.016944885253906,38.75,40.0,38.5,40.0,8198500
2020-06-25,28.82973861694336,38.5,39.0,38.0,38.0,5441500
2020-06-26,29.391353607177734,39.25,39.5,38.5,39.0,5755600
2020-06-29,28.455331802368164,38.0,38.5,37.5,37.5,30345600
2020-06-30,28.455331802368164,38.0,38.5,37.75,38.25,21381100
2020-07-01,28.455331802368164,38.0,38.25,37.75,38.0,14787700
2020-07-02,29.391353607177734,39.25,39.75,37.75,38.25,25859400
2020-07-03,29.204153060913086,39.0,39.75,38.75,39.5,17329900
2020-07-07,29.578567504882812,39.5,40.5,39.25,39.5,15093000
2020-07-08,29.578567504882812,39.5,40.25,39.5,39.75,12295300
2020-07-09,29.765766143798828,39.75,40.0,39.25,39.75,5098400
2020-07-10,29.391353607177734,39.25,39.75,39.0,39.5,7587400
2020-07-13,29.204153060913086,39.0,39.75,38.75,39.5,4800200
2020-07-14,29.204153060913086,39.0,39.25,38.25,39.0,4572500
2020-07-15,30.701801300048828,41.0,41.0,39.0,39.75,27556000
2020-07-16,30.51459503173828,40.75,42.0,40.75,41.0,31209400
2020-07-17,30.889007568359375,41.25,41.75,41.0,41.0,17116200
2020-07-20,30.701801300048828,41.0,41.75,40.75,41.5,12187200
2020-07-21,30.889007568359375,41.25,41.75,40.75,41.25,10351900
2020-07-22,31.076210021972656,41.5,42.5,41.25,41.5,24757000
2020-07-23,31.26341438293457,41.75,42.0,41.25,41.75,11281700
2020-07-24,31.26341438293457,41.75,42.0,40.75,41.5,8992700
2020-07-29,32.94827651977539,44.0,44.5,42.0,42.0,37845400
2020-07-30,31.637832641601562,42.25,45.25,41.75,44.5,30630000
2020-07-31,31.825037002563477,42.5,42.5,41.5,42.0,12390900
2020-08-03,31.825037002563477,42.5,42.75,42.0,42.5,6993600
2020-08-04,31.825037002563477,42.5,43.25,42.25,43.0,10108800
2020-08-05,31.450624465942383,42.0,42.75,41.5,42.75,8544000
2020-08-06,31.450624465942383,42.0,42.25,41.5,42.0,4571700
2020-08-07,31.076210021972656,41.5,42.0,41.25,42.0,7446300
2020-08-10,30.701801300048828,41.0,42.0,41.0,41.75,4639100
2020-08-11,30.51459503173828,40.75,41.5,40.5,41.5,10493800
2020-08-13,30.327388763427734,40.5,41.25,40.0,41.0,6633700
2020-08-14,30.51459503173828,40.75,41.5,40.25,41.25,11291000
2020-08-17,29.952966690063477,40.0,40.75,39.0,40.75,14782400
2020-08-18,29.765766143798828,39.75,40.25,39.25,39.75,7982700
2020-08-19,29.204153060913086,39.0,40.25,39.0,39.75,8134200
2020-08-20,28.642536163330078,38.25,39.25,38.0,38.5,13395800
2020-08-21,28.642536163330078,38.25,38.75,38.25,38.5,7416800
2020-08-24,29.578567504882812,39.5,39.75,38.5,38.75,11200700
2020-08-25,29.578567504882812,39.5,40.0,39.5,40.0,8661500
2020-08-26,29.952966690063477,40.0,40.5,39.75,40.0,12037100
2020-08-27,30.29377555847168,40.0,40.0,39.5,39.75,6806600
2020-08-28,30.104442596435547,39.75,40.25,39.5,40.0,5342400
2020-08-31,29.34709930419922,38.75,40.0,38.5,39.75,14577800
2020-09-01,29.34709930419922,38.75,39.0,38.5,38.5,8176400
2020-09-02,29.15776252746582,38.5,38.75,38.0,38.25,11552400
2020-09-03,29.536434173583984,39.0,39.5,38.5,38.75,8769600
2020-09-08,29.536434173583984,39.0,39.25,38.25,39.0,4436300
2020-09-09,29.15776252746582,38.5,39.0,38.25,38.5,4744900
2020-09-10,29.15776252746582,38.5,39.0,38.5,38.75,2341300
2020-09-11,28.968427658081055,38.25,38.75,38.0,38.5,3388900
2020-09-14,28.211082458496094,37.25,38.25,37.0,38.25,12904200
2020-09-15,28.02174949645996,37.0,37.5,36.25,37.25,13858900
2020-09-16,28.968427658081055,38.25,38.5,37.0,37.0,10177200
2020-09-17,28.77909278869629,38.0,38.25,37.5,37.75,3355200
2020-09-18,28.400415420532227,37.5,38.0,37.25,38.0,6400700
2020-09-21,27.64307403564453,36.5,38.0,36.5,37.5,12270200
2020-09-22,27.4537410736084,36.25,36.75,35.5,36.5,18035600
2020-09-23,27.4537410736084,36.25,37.0,36.0,36.5,10573800
2020-09-24,26.88572883605957,35.5,37.0,35.5,36.5,12754200
2020-09-25,26.88572883605957,35.5,36.0,35.0,35.5,13738400
2020-09-28,27.264402389526367,36.0,36.5,35.75,36.25,5224400
2020-09-29,27.0750675201416,35.75,36.25,35.5,36.25,4607200
2020-09-30,26.507055282592773,35.0,36.0,34.75,35.75,5748800
2020-10-01,27.0750675201416,35.75,36.0,34.75,35.25,5580500
2020-10-02,26.696395874023438,35.25,35.75,35.0,35.5,5530000
2020-10-05,26.88572883605957,35.5,35.5,34.75,35.5,4742700
2020-10-06,27.0750675201416,35.75,36.25,35.0,35.75,11985600
2020-10-07,27.0750675201416,35.75,36.25,35.25,35.5,7804300
2020-10-08,27.264402389526367,36.0,36.75,35.75,36.0,9177100
2020-10-09,26.507055282592773,35.0,36.25,34.75,36.0,13583200
2020-10-12,26.128385543823242,34.5,35.5,34.5,35.0,9925700
2020-10-14,25.749713897705078,34.0,34.75,34.0,34.5,5801900
2020-10-15,24.23502540588379,32.0,34.0,31.75,33.75,30043300
2020-10-16,24.045690536499023,31.75,33.0,31.5,32.25,11634600
2020-10-19,24.23502540588379,32.0,32.75,30.75,31.25,13110300
2020-10-20,24.23502540588379,32.0,33.0,31.5,32.5,13167000
2020-10-21,24.045690536499023,31.75,32.5,31.5,32.0,13471800
2020-10-22,24.045690536499023,31.75,32.25,31.25,31.75,7876700
2020-10-26,24.23502540588379,32.0,32.25,31.5,32.0,4258900
2020-10-27,24.23502540588379,32.0,32.5,31.25,31.5,8313500
2020-10-28,24.23502540588379,32.0,32.5,31.5,32.0,6254000
2020-10-29,24.424360275268555,32.25,32.25,31.75,31.75,5275200
2020-10-30,24.23502540588379,32.0,32.5,31.75,32.25,6097000
2020-11-02,24.613698959350586,32.5,32.5,31.75,32.25,5682900
2020-11-03,25.18170166015625,33.25,33.5,32.5,32.75,10093500
2020-11-04,26.128385543823242,34.5,34.75,33.25,33.5,17295300
2020-11-05,27.0750675201416,35.75,36.0,34.5,34.5,26752200
2020-11-06,26.696395874023438,35.25,36.0,34.75,36.0,9212900
2020-11-09,27.264402389526367,36.0,36.25,35.25,36.0,12069500
2020-11-10,27.4537410736084,36.25,36.5,35.5,36.5,12213300
2020-11-11,27.4537410736084,36.25,36.75,35.5,36.5,8073400
2020-11-12,28.589757919311523,37.75,37.75,36.25,36.75,18816500
2020-11-13,28.211082458496094,37.25,37.75,37.0,37.0,13668200
2020-11-16,28.400415420532227,37.5,38.5,37.5,37.75,9636200
2020-11-17,28.02174949645996,37.0,37.75,36.5,37.5,16129100
2020-11-18,28.02174949645996,37.0,37.25,36.0,37.25,12650400
2020-11-19,27.832408905029297,36.75,37.5,36.5,37.0,5951600
2020-11-20,28.400415420532227,37.5,37.5,36.25,37.0,10866700
2020-11-23,28.589757919311523,37.75,38.25,37.25,38.0,11387900
2020-11-24,28.400415420532227,37.5,38.25,37.25,38.0,7430500
2020-11-25,28.211082458496094,37.25,38.0,36.5,37.75,8056200
2020-11-26,28.211082458496094,37.25,38.0,37.0,37.75,12135300
2020-11-27,28.02174949645996,37.0,37.5,36.75,37.25,8012300
2020-11-30,27.64307403564453,36.5,37.0,36.25,36.75,11742700
2020-12-01,27.64307403564453,36.5,37.25,36.5,36.5,8170800
2020-12-02,27.64307403564453,36.5,37.0,36.5,36.5,5255600
2020-12-03,27.832408905029297,36.75,37.0,36.5,36.5,4080200
2020-12-04,27.832408905029297,36.75,37.0,36.5,36.5,8626100
2020-12-08,29.15776252746582,38.5,38.5,36.5,36.5,24267300
2020-12-09,30.104442596435547,39.75,40.25,39.25,39.25,35538600
2020-12-14,28.77909278869629,38.0,40.0,37.75,40.0,27228400
2020-12-15,29.15776252746582,38.5,38.75,37.25,38.0,13246500
2020-12-16,28.77909278869629,38.0,39.0,37.75,38.75,9008900
2020-12-17,28.77909278869629,38.0,38.75,38.0,38.0,7599400
2020-12-18,28.77909278869629,38.0,38.75,37.5,38.0,14248300
2020-12-21,26.88572883605957,35.5,37.25,35.5,36.0,15638400
2020-12-22,26.507055282592773,35.0,35.5,34.5,35.25,16241100
2020-12-23,26.696395874023438,35.25,35.75,34.75,35.0,11614600
2020-12-24,27.264402389526367,36.0,36.0,35.0,35.25,7220200
2020-12-25,27.0750675201416,35.75,36.5,35.75,36.25,4665700
2020-12-28,26.696395874023438,35.25,36.75,35.0,36.25,9711500
2020-12-29,27.264402389526367,36.0,36.25,35.25,35.5,7548300
2020-12-30,26.88572883605957,35.5,36.25,35.25,36.0,5523100
2021-01-04,27.0750675201416,35.75,36.0,34.5,35.0,4995100
2021-01-05,27.0750675201416,35.75,36.25,35.25,35.5,7335800
2021-01-06,26.696395874023438,35.25,36.0,35.0,35.75,13574900
2021-01-07,26.88572883605957,35.5,35.75,35.0,35.5,14060100
2021-01-08,26.317720413208008,34.75,35.75,34.25,35.75,17690200
2021-01-11,25.93904685974121,34.25,34.75,34.25,34.5,9666700
2021-01-12,26.317720413208008,34.75,35.0,34.25,34.25,14019000
2021-01-13,26.317720413208008,34.75,35.5,34.5,34.75,15524600
2021-01-14,27.0750675201416,35.75,36.0,34.75,34.75,13884100
2021-01-15,26.696395874023438,35.25,36.0,35.0,36.0,10257000
2021-01-18,27.0750675201416,35.75,35.75,34.75,35.25,9154400
2021-01-19,27.0750675201416,35.75,36.5,35.5,35.75,12988600
2021-01-20,26.507055282592773,35.0,36.0,34.75,36.0,15309500
2021-01-21,26.317720413208008,34.75,35.5,34.5,35.25,12259700
2021-01-22,26.128385543823242,34.5,35.0,34.25,34.75,8870700
2021-01-25,26.696395874023438,35.25,35.75,34.5,34.5,11741000
2021-01-26,27.832408905029297,36.75,37.25,35.25,35.25,35289200
2021-01-27,28.02174949645996,37.0,38.0,36.75,37.0,32063200
2021-01-28,27.64307403564453,36.5,37.25,36.25,36.5,17760700
2021-01-29,27.0750675201416,35.75,37.25,35.25,36.75,14690400
2021-02-01,26.696395874023438,35.25,35.5,33.75,35.25,38486000
2021-02-02,27.264402389526367,36.0,36.25,35.0,35.0,12591800
2021-02-03,26.696395874023438,35.25,36.5,35.25,36.5,8512200
2021-02-04,26.507055282592773,35.0,35.5,34.5,35.25,7814600
2021-02-05,26.507055282592773,35.0,35.25,34.75,35.0,3197800
2021-02-08,26.696395874023438,35.25,35.5,34.75,35.0,8597200
2021-02-09,26.317720413208008,34.75,35.5,34.75,35.25,9104900
2021-02-10,26.317720413208008,34.75,35.25,34.75,35.0,4290300
2021-02-11,26.317720413208008,34.75,35.0,34.5,34.75,6110500
2021-02-15,26.128385543823242,34.5,35.0,34.5,34.75,7037100
2021-02-16,26.317720413208008,34.75,35.5,34.5,34.75,9750800
2021-02-17,26.128385543823242,34.5,35.0,34.0,34.75,9893500
2021-02-18,25.93904685974121,34.25,34.5,33.75,34.5,14369400
2021-02-19,25.56037712097168,33.75,34.25,33.75,34.0,7347200
2021-02-22,24.80303382873535,32.75,34.0,32.25,33.5,12519600
2021-02-23,25.18170166015625,33.25,33.5,32.5,32.75,4491600
2021-02-24,25.56037712097168,33.75,34.0,33.25,33.25,6959400
2021-02-25,26.317720413208008,34.75,35.0,34.0,34.25,21913600
2021-03-01,26.317720413208008,34.75,35.0,34.0,35.0,13762400
2021-03-02,26.88572883605957,35.5,35.75,34.25,34.25,21305100
2021-03-03,27.264402389526367,36.0,36.0,35.0,35.5,22330500
2021-03-04,27.264402389526367,36.0,36.25,35.5,35.75,13250200
2021-03-05,27.4537410736084,36.25,36.5,35.25,35.5,10549000
2021-03-08,26.696395874023438,35.25,36.5,35.0,36.25,11784200
2021-03-09,26.696395874023438,35.25,35.75,35.0,35.25,13448200
2021-03-10,27.0750675201416,35.75,36.0,35.0,35.25,9343300
2021-03-11,27.4537410736084,36.25,36.5,35.75,36.0,12197600
2021-03-12,27.0750675201416,35.75,36.5,35.5,36.5,10336200
2021-03-15,26.507055282592773,35.0,35.5,35.0,35.5,12732700
2021-03-16,26.317720413208008,34.75,35.5,34.25,35.0,16079700
2021-03-17,26.128385543823242,34.5,34.75,34.0,34.5,16182800
2021-03-18,25.93904685974121,34.25,34.75,34.0,34.75,16880500
2021-03-19,26.317720413208008,34.75,34.75,34.25,34.5,9345400
2021-03-22,26.128385543823242,34.5,34.75,34.25,34.5,7000000
2021-03-23,26.317720413208008,34.75,35.0,34.25,34.75,9683900
2021-03-24,25.93904685974121,34.25,34.5,34.25,34.5,7973300
2021-03-25,25.93904685974121,34.25,34.5,34.0,34.25,5767400
2021-03-26,25.93904685974121,34.25,34.5,34.25,34.5,2370200
2021-03-29,25.749713897705078,34.0,34.5,33.75,34.25,10722500
2021-03-30,26.507055282592773,35.0,35.0,33.5,34.0,35963800
2021-03-31,26.696395874023438,35.25,36.5,35.0,35.5,57305400
2021-04-01,26.507055282592773,35.0,35.75,34.75,35.25,16522900
2021-04-02,25.93904685974121,34.25,35.25,34.25,35.25,21388200
2021-04-05,25.56037712097168,33.75,34.25,33.5,34.25,11642600
2021-04-07,25.56037712097168,33.75,34.25,33.5,33.75,11650200
2021-04-08,25.56037712097168,33.75,34.0,33.5,33.75,5977200
2021-04-09,25.749713897705078,34.0,34.5,33.75,33.75,7239100
2021-04-12,25.56037712097168,33.75,34.0,33.75,34.0,14243100
2021-04-16,25.56037712097168,33.75,34.0,33.5,33.75,8708100
2021-04-19,26.507055282592773,35.0,35.0,33.75,33.75,15679800
2021-04-20,26.317720413208008,34.75,35.25,34.5,35.0,11332600
2021-04-21,28.02174949645996,37.0,37.0,34.75,35.0,31719200
2021-04-22,27.264402389526367,36.0,37.25,35.75,37.0,26987600
2021-04-23,26.696395874023438,35.25,36.25,35.0,36.0,17276700
2021-04-26,25.93904685974121,34.25,35.25,34.0,35.25,16404800
2021-04-27,26.128385543823242,34.5,35.0,34.25,34.25,9410600
2021-04-28,26.507055282592773,35.0,35.25,34.25,34.5,9213500
2021-04-29,26.696395874023438,35.25,35.5,35.0,35.0,7265000
2021-04-30,27.0750675201416,35.75,35.75,35.25,35.25,6555400
2021-05-05,26.419401168823242,34.25,35.25,34.0,35.0,13599800
2021-05-06,26.612241744995117,34.5,34.75,34.0,34.25,11989800
2021-05-07,26.805086135864258,34.75,35.0,34.25,34.5,5616900
2021-05-10,27.190773010253906,35.25,35.25,34.5,34.75,6982300
2021-05-11,26.9979248046875,35.0,35.0,34.5,35.0,7497900
2021-05-12,26.9979248046875,35.0,35.5,34.5,35.25,18287800
2021-05-13,26.419401168823242,34.25,35.0,33.5,34.75,17289400
2021-05-14,26.9979248046875,35.0,35.5,34.25,34.75,17587900
2021-05-17,27.383609771728516,35.5,35.75,34.75,35.25,19026200
2021-05-18,27.962139129638672,36.25,37.0,35.5,35.75,31855800
2021-05-19,28.154983520507812,36.5,36.5,36.0,36.25,10379200
2021-05-20,27.962139129638672,36.25,37.0,36.25,36.5,14612900
2021-05-21,28.34782600402832,36.75,36.75,36.25,36.5,13496600
2021-05-24,28.34782600402832,36.75,37.0,36.25,37.0,13695500
2021-05-25,28.54067039489746,37.0,37.75,36.75,37.0,25293600
2021-05-27,28.154983520507812,36.5,37.5,36.5,37.0,40296500
2021-05-28,28.34782600402832,36.75,37.0,36.5,36.75,8873000
2021-05-31,28.54067039489746,37.0,37.0,36.5,36.75,9359600
2021-06-01,28.54067039489746,37.0,37.5,36.75,37.0,11098300
2021-06-02,28.926349639892578,37.5,37.75,37.0,37.25,8697800
2021-06-04,28.34782600402832,36.75,37.5,36.75,37.25,6448700
2021-06-07,28.34782600402832,36.75,37.25,36.5,36.75,9414300
2021-06-08,28.54067039489746,37.0,37.5,36.5,36.75,13955800
2021-06-09,28.733509063720703,37.25,37.25,36.75,37.0,6528200
2021-06-10,28.54067039489746,37.0,37.5,36.5,37.25,7092100
2021-06-11,28.154983520507812,36.5,37.0,36.0,37.0,10413700
2021-06-14,28.154983520507812,36.5,36.75,36.5,36.5,5086300
2021-06-15,28.154983520507812,36.5,36.75,36.5,36.5,2392700
2021-06-16,28.54067039489746,37.0,37.0,36.25,36.5,8363200
2021-06-17,29.119197845458984,37.75,38.0,37.0,37.0,17512100
2021-06-18,28.733509063720703,37.25,38.0,37.25,37.5,13691200
2021-06-21,28.733509063720703,37.25,37.25,36.75,37.0,6319900
2021-06-22,28.733509063720703,37.25,37.5,37.25,37.5,5561100
2021-06-23,28.54067039489746,37.0,37.5,36.75,37.5,7255100
2021-06-24,28.54067039489746,37.0,37.25,36.75,37.0,6778700
2021-06-25,28.54067039489746,37.0,37.25,36.75,37.0,1777800
2021-06-28,28.54067039489746,37.0,37.5,36.25,36.75,9387500
2021-06-29,28.926349639892578,37.5,37.5,37.0,37.0,8896800
2021-06-30,29.119197845458984,37.75,37.75,37.0,37.25,8976500
2021-07-01,29.5048828125,38.25,38.75,37.75,37.75,23161800
2021-07-02,29.119197845458984,37.75,38.75,37.75,38.25,13251300
2021-07-05,29.5048828125,38.25,38.25,37.5,38.0,6792100
2021-07-06,29.69771957397461,38.5,38.75,38.0,38.25,11217300
2021-07-07,29.5048828125,38.25,38.5,38.0,38.25,7695800
2021-07-08,29.119197845458984,37.75,38.25,37.25,38.0,20855500
2021-07-09,28.926349639892578,37.5,37.75,37.25,37.5,9358400
2021-07-12,28.926349639892578,37.5,37.75,37.25,37.5,3573900
2021-07-13,29.31203842163086,38.0,38.5,37.25,37.5,8829700
2021-07-14,29.31203842163086,38.0,38.5,38.0,38.0,4188400
2021-07-15,29.890565872192383,38.75,38.75,38.0,38.25,9061600
2021-07-16,29.5048828125,38.25,39.0,38.0,39.0,6231200
2021-07-19,29.5048828125,38.25,38.5,37.75,38.0,4729100
2021-07-20,29.31203842163086,38.0,38.25,37.75,38.25,4986700
2021-07-21,29.31203842163086,38.0,38.25,37.75,38.0,2046500
2021-07-22,28.926349639892578,37.5,38.0,37.25,38.0,14112700
2021-07-23,28.54067039489746,37.0,37.75,36.75,37.75,10529200
2021-07-27,27.769298553466797,36.0,37.0,36.0,37.0,8325600
2021-07-29,27.190773010253906,35.25,36.25,35.0,36.0,10768700
2021-07-30,27.190773010253906,35.25,35.5,34.5,35.0,7716800
2021-08-02,26.419401168823242,34.25,35.5,34.25,35.25,11051400
2021-08-03,26.9979248046875,35.0,35.25,34.5,34.5,5377900
2021-08-04,26.805086135864258,34.75,35.0,34.5,34.75,4822100
2021-08-05,26.612241744995117,34.5,34.75,34.25,34.75,5400000
2021-08-06,26.805086135864258,34.75,34.75,33.75,34.5,10686800
2021-08-09,26.805086135864258,34.75,34.75,34.25,34.5,4531900
2021-08-10,26.805086135864258,34.75,35.0,34.5,34.75,8579300
2021-08-11,26.805086135864258,34.75,34.75,34.25,34.75,7797800
2021-08-13,27.769298553466797,36.0,36.0,35.0,35.0,11665000
2021-08-16,27.962139129638672,36.25,36.5,35.25,36.0,12714700
2021-08-17,28.154983520507812,36.5,36.5,35.75,36.25,10318400
2021-08-18,28.154983520507812,36.5,36.5,36.0,36.25,7231000
2021-08-19,28.54067039489746,37.0,37.0,36.25,36.25,9266000
2021-08-20,28.34782600402832,36.75,37.0,36.5,36.75,5105100
2021-08-23,28.154983520507812,36.5,37.0,36.25,36.75,11112100
2021-08-24,28.311180114746094,36.25,36.5,36.0,36.25,5504700
2021-08-25,27.920684814453125,35.75,36.25,35.25,36.25,10824700
2021-08-26,28.11593246459961,36.0,36.0,35.5,35.75,4935300
2021-08-27,27.920684814453125,35.75,36.25,35.5,35.75,9648900
2021-08-30,28.506431579589844,36.5,36.5,36.0,36.25,7159700
2021-08-31,28.506431579589844,36.5,36.75,36.25,36.5,8747800
2021-09-01,27.920684814453125,35.75,36.5,35.25,36.25,12215600
2021-09-02,27.334930419921875,35.0,35.75,35.0,35.5,11569700
2021-09-03,27.334930419921875,35.0,35.75,34.75,35.25,12548500
2021-09-06,27.334930419921875,35.0,35.0,34.5,35.0,12505100
2021-09-07,27.13968276977539,34.75,35.5,34.75,35.25,6282900
2021-09-08,27.334930419921875,35.0,35.0,34.5,34.75,3998500
2021-09-09,27.334930419921875,35.0,35.25,34.5,34.75,7707300
2021-09-10,27.334930419921875,35.0,35.25,34.75,35.0,3217800
2021-09-13,27.334930419921875,35.0,35.25,34.5,35.25,4116100
2021-09-14,27.13968276977539,34.75,35.25,34.75,35.0,6885800
2021-09-15,27.334930419921875,35.0,35.25,34.5,34.75,6076400
2021-09-16,27.53018569946289,35.25,36.0,35.25,35.5,10167600
2021-09-17,27.53018569946289,35.25,35.5,34.75,35.25,10173400
2021-09-20,27.13968276977539,34.75,35.0,34.5,35.0,9658800
2021-09-21,27.13968276977539,34.75,35.0,34.5,34.75,4268600
2021-09-22,27.334930419921875,35.0,35.25,34.5,35.0,7500600
2021-09-23,27.334930419921875,35.0,35.25,34.5,35.0,13089800
2021-09-27,26.944433212280273,34.5,35.0,34.25,34.75,16046800
2021-09-28,27.13968276977539,34.75,34.75,34.25,34.25,5625800
2021-09-29,26.944433212280273,34.5,34.75,34.25,34.5,8123000
2021-09-30,26.553936004638672,34.0,34.75,33.75,34.5,14177500
2021-10-01,26.358688354492188,33.75,34.25,33.5,33.75,15672800
2021-10-04,26.553936004638672,34.0,34.25,33.75,33.75,4535800
2021-10-05,26.358688354492188,33.75,34.25,33.75,34.0,4538300
2021-10-06,26.163434982299805,33.5,34.25,33.0,33.75,13214900
2021-10-07,26.553936004638672,34.0,34.25,33.5,33.5,5154200
2021-10-08,26.553936004638672,34.0,34.25,34.0,34.0,3300200
2021-10-11,26.553936004638672,34.0,34.25,34.0,34.0,3441900
2021-10-12,26.74918556213379,34.25,34.5,34.0,34.25,4615100
2021-10-14,26.553936004638672,34.0,34.25,33.75,34.25,3228900
2021-10-15,26.553936004638672,34.0,34.0,33.5,34.0,12745100
2021-10-18,26.553936004638672,34.0,34.0,33.75,33.75,2502800
2021-10-19,26.358688354492188,33.75,34.0,33.5,33.75,6333900
2021-10-20,26.358688354492188,33.75,33.75,33.0,33.75,14903600
2021-10-21,25.968185424804688,33.25,33.75,33.0,33.75,9555300
2021-10-25,26.163434982299805,33.5,33.5,33.0,33.5,10503300
2021-10-26,25.968185424804688,33.25,33.5,33.0,33.5,9873200
2021-10-27,25.968185424804688,33.25,33.5,33.0,33.25,4856700
2021-10-28,25.968185424804688,33.25,33.5,33.0,33.5,5930100
2021-10-29,25.57769012451172,32.75,33.5,32.5,33.25,16356100
2021-11-01,25.57769012451172,32.75,33.25,32.5,32.75,5992900
2021-11-02,25.968185424804688,33.25,33.25,32.0,32.75,21368100
2021-11-03,25.57769012451172,32.75,33.5,32.5,33.25,12231600
2021-11-04,25.968185424804688,33.25,33.75,32.5,32.75,9164900
2021-11-05,26.163434982299805,33.5,33.5,33.25,33.25,2517700
2021-11-08,25.968185424804688,33.25,33.5,32.5,33.5,9318700
2021-11-09,25.968185424804688,33.25,33.25,33.0,33.25,1625400
2021-11-10,25.772939682006836,33.0,33.25,33.0,33.25,1361000
2021-11-11,26.74918556213379,34.25,34.5,33.25,33.25,24207900
2021-11-12,27.334930419921875,35.0,35.25,34.0,34.5,30221400
2021-11-15,27.13968276977539,34.75,35.5,34.5,35.0,16850600
2021-11-16,27.13968276977539,34.75,35.0,34.5,35.0,5497400
2021-11-17,27.13968276977539,34.75,35.0,34.5,34.75,3108400
2021-11-18,27.13968276977539,34.75,35.0,34.5,35.0,4458300
2021-11-19,26.944433212280273,34.5,34.75,34.25,34.5,4942600
2021-11-22,26.74918556213379,34.25,34.5,34.25,34.5,5959800
2021-11-23,26.74918556213379,34.25,34.75,34.0,34.25,7180500
2021-11-24,26.553936004638672,34.0,34.5,33.75,34.25,13408500
2021-11-25,26.553936004638672,34.0,34.25,33.75,34.25,12087800
2021-11-26,25.968185424804688,33.25,34.25,32.75,34.0,19261000
2021-11-29,25.57769012451172,32.75,33.25,32.25,33.0,13483700
2021-11-30,24.991939544677734,32.0,33.0,31.75,32.75,26848000
2021-12-01,25.38243865966797,32.5,32.5,31.5,32.0,9284300
2021-12-02,25.18718910217285,32.25,32.5,32.0,32.25,4484000
2021-12-03,25.18718910217285,32.25,32.5,32.25,32.5,3574600
2021-12-07,25.772939682006836,33.0,33.5,32.5,32.5,7552700
2021-12-08,25.772939682006836,33.0,33.5,32.75,33.25,4328400
2021-12-09,25.968185424804688,33.25,33.25,33.0,33.0,1037500
2021-12-13,26.358688354492188,33.75,33.75,33.25,33.75,3401500
2021-12-14,26.163434982299805,33.5,33.75,33.0,33.5,4302900
2021-12-15,26.163434982299805,33.5,33.5,33.25,33.5,1663400
2021-12-16,26.163434982299805,33.5,33.5,33.0,33.5,5443400
2021-12-17,26.163434982299805,33.5,33.5,33.25,33.25,4917200
2021-12-20,25.772939682006836,33.0,33.5,32.75,33.25,5230800
2021-12-21,26.163434982299805,33.5,33.5,33.0,33.25,5849800
2021-12-22,25.772939682006836,33.0,33.5,32.75,33.5,5410700
2021-12-23,25.968185424804688,33.25,33.25,33.0,33.25,2846700
2021-12-24,25.772939682006836,33.0,33.25,32.75,33.0,3528000
2021-12-27,25.772939682006836,33.0,33.25,32.75,33.0,1820600
2021-12-28,26.163434982299805,33.5,33.5,33.0,33.25,3076200
2021-12-29,26.944433212280273,34.5,34.5,33.25,33.5,17664100
2021-12-30,26.74918556213379,34.25,34.5,34.0,34.5,9462500
2022-01-04,26.944433212280273,34.5,34.5,34.0,34.5,5820600
2022-01-05,26.74918556213379,34.25,35.25,34.25,34.5,22409900
2022-01-06,26.553936004638672,34.0,34.25,33.5,34.25,13167800
2022-01-07,26.358688354492188,33.75,34.5,33.75,34.0,10699600
2022-01-10,26.358688354492188,33.75,34.75,33.5,33.75,19123000
2022-01-11,26.358688354492188,33.75,34.0,33.75,33.75,5130900
2022-01-12,26.553936004638672,34.0,34.25,33.75,34.0,7523800
2022-01-13,26.358688354492188,33.75,34.0,33.5,33.75,9155400
2022-01-14,26.163434982299805,33.5,33.75,33.25,33.75,7659400
2022-01-17,26.358688354492188,33.75,33.75,33.0,33.5,14065700
2022-01-18,25.57769012451172,32.75,33.75,32.5,33.75,23175500
2022-01-19,25.772939682006836,33.0,33.0,32.25,32.75,11156900
2022-01-20,25.57769012451172,32.75,33.0,32.25,33.0,7740400
2022-01-21,25.18718910217285,32.25,32.75,32.25,32.5,11598100
2022-01-24,25.57769012451172,32.75,33.0,32.25,32.5,10149200
2022-01-25,25.772939682006836,33.0,33.5,32.5,32.75,10891700
2022-01-26,25.57769012451172,32.75,33.25,32.5,33.25,11744000
2022-01-27,25.18718910217285,32.25,33.0,32.0,32.75,14869800
2022-01-28,25.38243865966797,32.5,32.75,32.25,32.25,6444600
2022-01-31,25.18718910217285,32.25,32.75,32.0,32.75,21187900
2022-02-01,25.57769012451172,32.75,32.75,32.0,32.25,4021500
2022-02-02,25.57769012451172,32.75,33.0,32.25,32.75,6421400
2022-02-03,25.38243865966797,32.5,33.0,32.25,32.5,13337900
2022-02-04,25.38243865966797,32.5,32.75,32.25,32.5,8289300
2022-02-07,25.18718910217285,32.25,32.75,32.0,32.25,5537000
2022-02-08,25.18718910217285,32.25,32.75,32.0,32.25,12252000
2022-02-09,26.553936004638672,34.0,34.75,32.5,32.5,39652200
2022-02-10,26.553936004638672,34.0,34.25,33.5,34.0,14721500
2022-02-11,25.968185424804688,33.25,34.0,33.0,34.0,20366500
2022-02-14,25.772939682006836,33.0,33.5,32.75,32.75,9381400
2022-02-15,26.163434982299805,33.5,33.75,33.25,33.25,5364000
2022-02-17,26.358688354492188,33.75,34.0,33.5,33.75,7003900
2022-02-18,26.358688354492188,33.75,34.0,33.5,33.5,7635100
2022-02-21,26.553936004638672,34.0,34.25,33.5,33.75,8369600
2022-02-22,26.553936004638672,34.0,34.0,33.25,33.75,12640900
2022-02-23,26.553936004638672,34.0,34.0,33.75,33.75,6548700
2022-02-24,26.163434982299805,33.5,33.75,32.75,33.5,21618100
2022-02-25,27.920684814453125,35.75,36.0,33.75,34.0,62858400
2022-02-28,27.53018569946289,35.25,36.0,35.0,36.0,35074700
2022-03-01,29.092180252075195,37.25,37.5,35.25,35.5,66134900
2022-03-02,29.28742790222168,37.5,37.5,36.5,37.0,19039800
2022-03-03,29.48267936706543,37.75,38.0,37.25,37.5,22351300
2022-03-04,29.48267936706543,37.75,38.25,37.25,37.5,19901100
2022-03-07,27.920684814453125,35.75,37.25,35.5,37.0,54316600
2022-03-08,27.920684814453125,35.75,36.0,34.25,35.75,52278900
2022-03-09,27.920684814453125,35.75,36.0,35.0,35.5,19742100
2022-03-10,27.920684814453125,35.75,36.5,35.25,36.25,23980900
2022-03-11,27.725433349609375,35.5,36.25,35.25,35.5,18978500
2022-03-14,27.725433349609375,35.5,35.5,34.75,35.25,13010400
2022-03-15,27.725433349609375,35.5,36.0,35.25,35.25,19651300
2022-03-16,28.311180114746094,36.25,36.5,35.5,36.0,23877900
2022-03-17,28.506431579589844,36.5,37.0,36.0,36.5,19228100
2022-03-18,28.506431579589844,36.5,36.5,36.0,36.25,12566000
2022-03-21,28.89693260192871,37.0,37.5,36.5,36.75,23724000
2022-03-22,28.701677322387695,36.75,37.25,36.25,37.0,16118500
2022-03-23,28.701677322387695,36.75,37.25,36.25,36.75,11628600
2022-03-24,28.506431579589844,36.5,36.5,36.0,36.5,10236200
2022-03-25,28.506431579589844,36.5,36.75,36.25,36.25,9292200
2022-03-28,28.89693260192871,37.0,37.25,36.25,36.5,16154900
2022-03-29,28.89693260192871,37.0,37.0,36.5,36.75,13766800
2022-03-30,29.28742790222168,37.5,38.0,36.75,36.75,19642100
2022-03-31,29.28742790222168,37.5,37.75,37.25,37.5,7051200
2022-04-01,29.28742790222168,37.5,37.5,37.25,37.25,3388600
2022-04-04,29.28742790222168,37.5,37.75,37.0,37.75,6175200
2022-04-05,28.89693260192871,37.0,37.75,36.75,37.5,14696100
2022-04-07,28.506431579589844,36.5,36.75,35.75,36.5,23809100
2022-04-08,26.944433212280273,34.5,36.25,34.0,36.0,74012200
2022-04-11,27.13968276977539,34.75,35.0,34.0,34.5,17665300
2022-04-12,26.944433212280273,34.5,34.75,34.25,34.5,13927100
2022-04-18,26.944433212280273,34.5,34.5,34.0,34.25,16838600
2022-04-19,26.944433212280273,34.5,35.0,34.25,34.5,8092600
2022-04-20,26.944433212280273,34.5,35.0,34.25,34.5,14269800
2022-04-21,27.13968276977539,34.75,35.25,34.5,34.5,11479200
2022-04-22,27.13968276977539,34.75,35.25,34.5,34.75,11375500
2022-04-25,26.944433212280273,34.5,35.0,34.25,34.5,13124400
2022-04-26,27.334930419921875,35.0,35.5,34.75,35.0,13139300
2022-04-27,27.334930419921875,35.0,35.0,34.5,34.75,7559900
2022-04-28,27.334930419921875,35.0,35.25,34.75,35.0,6638000
2022-04-29,27.334930419921875,35.0,35.25,35.0,35.0,3840900
2022-05-03,27.334930419921875,35.0,35.0,34.25,35.0,7836900
2022-05-05,27.056413650512695,34.0,34.75,33.25,34.75,22877900
2022-05-06,26.658527374267578,33.5,33.75,33.0,33.75,20096000
2022-05-09,26.260639190673828,33.0,33.25,32.5,33.25,15611700
2022-05-10,26.459583282470703,33.25,33.25,32.75,33.0,5493400
2022-05-11,26.658527374267578,33.5,33.75,33.25,33.5,6681800
2022-05-12,26.260639190673828,33.0,33.5,32.25,33.25,18532500
2022-05-13,26.857471466064453,33.75,34.25,33.25,33.25,33293200
2022-05-17,27.255359649658203,34.25,34.75,33.75,33.75,14886900
2022-05-18,27.653244018554688,34.75,35.25,34.25,34.5,17122900
2022-05-19,27.653244018554688,34.75,34.75,34.25,34.25,8283700
2022-05-20,27.653244018554688,34.75,35.25,34.5,35.0,8010700
2022-05-23,27.852188110351562,35.0,35.25,34.75,34.75,6256800
2022-05-24,27.653244018554688,34.75,35.25,34.75,35.0,6025700
2022-05-25,27.653244018554688,34.75,35.25,34.75,34.75,7123700
2022-05-26,27.852188110351562,35.0,35.0,34.5,35.0,9791500
2022-05-27,27.852188110351562,35.0,35.25,34.75,35.25,7915400
2022-05-30,27.852188110351562,35.0,35.25,35.0,35.25,6734500
2022-05-31,27.653244018554688,34.75,35.25,34.75,35.0,38348900
2022-06-01,27.653244018554688,34.75,35.25,34.5,34.75,7837500
2022-06-02,27.454299926757812,34.5,35.0,34.5,35.0,4718900
2022-06-06,27.454299926757812,34.5,34.75,33.5,34.75,18261600
2022-06-07,27.056413650512695,34.0,34.5,33.75,34.25,7835100
2022-06-08,27.056413650512695,34.0,34.25,34.0,34.25,2414500
2022-06-09,27.056413650512695,34.0,34.25,33.75,33.75,3719800
2022-06-10,27.056413650512695,34.0,34.0,33.75,33.75,2990000
2022-06-13,26.658527374267578,33.5,34.0,33.5,33.5,4461800
2022-06-14,26.857471466064453,33.75,33.75,33.5,33.75,2881900
2022-06-15,26.658527374267578,33.5,34.0,33.5,34.0,4627800
2022-06-16,26.459583282470703,33.25,33.75,32.75,33.75,11757200
2022-06-17,26.459583282470703,33.25,33.75,32.5,33.0,11410500
2022-06-20,26.459583282470703,33.25,34.0,33.25,33.75,6722700
2022-06-21,26.658527374267578,33.5,34.25,33.25,33.25,13439100
2022-06-22,26.459583282470703,33.25,33.75,33.0,33.5,10628800
2022-06-23,26.658527374267578,33.5,34.5,33.25,33.25,13165200
2022-06-24,27.056413650512695,34.0,34.5,33.75,33.75,12222700
2022-06-27,27.454299926757812,34.5,35.25,34.0,34.5,18282900
2022-06-28,27.454299926757812,34.5,34.75,34.25,34.25,8437500
2022-06-29,27.454299926757812,34.5,34.75,34.0,34.75,6498500
2022-06-30,27.255359649658203,34.25,34.75,33.75,34.5,8068800
2022-07-01,27.056413650512695,34.0,34.5,33.75,34.5,4662400
2022-07-04,27.056413650512695,34.0,34.75,34.0,34.0,12780100
2022-07-05,26.857471466064453,33.75,34.25,33.75,34.25,10809400
2022-07-06,27.056413650512695,34.0,34.25,33.75,34.0,7272100
2022-07-07,27.255359649658203,34.25,34.75,33.75,34.0,8383000
2022-07-08,27.454299926757812,34.5,34.75,34.0,34.5,10764500
2022-07-11,27.454299926757812,34.5,35.0,34.25,34.5,3878700
2022-07-12,27.454299926757812,34.5,34.75,34.25,34.5,4567600
2022-07-14,27.454299926757812,34.5,34.75,34.25,34.25,7042700
2022-07-15,27.454299926757812,34.5,34.75,34.0,34.75,8809500
2022-07-18,26.857471466064453,33.75,34.5,33.5,34.25,19472400
2022-07-19,26.061691284179688,32.75,34.0,31.75,33.75,39011900
2022-07-20,26.061691284179688,32.75,33.0,32.0,33.0,20090200
2022-07-21,25.265914916992188,31.75,32.75,30.75,32.5,57776100
2022-07-22,25.06696891784668,31.5,31.5,31.0,31.5,17151800
2022-07-25,25.06696891784668,31.5,31.75,31.0,31.75,7029900
2022-07-26,24.66908073425293,31.0,31.5,31.0,31.5,16408500
2022-07-27,24.868024826049805,31.25,31.5,31.0,31.25,7116700
2022-08-01,25.265914916992188,31.75,31.75,31.25,31.25,10021100
2022-08-02,25.265914916992188,31.75,32.25,31.5,31.5,12130100
2022-08-03,25.265914916992188,31.75,32.0,31.5,31.75,8688300
2022-08-04,25.06696891784668,31.5,31.75,31.25,31.75,9412100
2022-08-05,25.265914916992188,31.75,31.75,31.25,31.5,6439800
2022-08-08,25.265914916992188,31.75,31.75,31.25,31.5,9998300
2022-08-09,25.265914916992188,31.75,32.25,31.5,31.75,15736900
2022-08-10,25.265914916992188,31.75,32.0,31.5,31.75,8029000
2022-08-11,25.265914916992188,31.75,32.0,31.5,31.75,10310900
2022-08-15,25.265914916992188,31.75,32.25,31.75,32.0,7261700
2022-08-16,25.464859008789062,32.0,32.25,31.75,32.0,7292900
2022-08-17,25.464859008789062,32.0,32.25,31.75,32.0,9575000
2022-08-18,25.464859008789062,32.0,32.25,31.75,32.0,4529200
2022-08-19,25.265914916992188,31.75,32.0,31.25,32.0,15439100
2022-08-22,25.265914916992188,31.75,31.75,31.25,31.5,8011900
2022-08-23,25.265914916992188,31.75,32.0,31.25,31.75,12458500
2022-08-24,25.22555160522461,31.25,31.5,31.0,31.5,12085500
2022-08-25,25.22555160522461,31.25,31.5,31.25,31.25,1250600
2022-08-26,25.22555160522461,31.25,31.5,31.25,31.5,3256800
2022-08-29,25.02374839782715,31.0,31.25,30.75,31.0,8662200
2022-08-30,25.02374839782715,31.0,31.25,30.75,31.0,12340600
2022-08-31,25.22555160522461,31.25,31.5,31.0,31.0,11598700
2022-09-01,25.02374839782715,31.0,31.25,30.75,31.0,7174200
2022-09-02,24.821945190429688,30.75,31.25,30.75,31.25,1878700
2022-09-05,24.620141983032227,30.5,31.0,30.5,30.75,6668000
2022-09-06,24.821945190429688,30.75,31.0,30.5,30.5,6388400
2022-09-07,24.821945190429688,30.75,31.0,30.5,30.75,7461600
2022-09-08,24.821945190429688,30.75,31.0,30.5,31.0,5090300
2022-09-09,24.821945190429688,30.75,31.0,30.75,30.75,3695200
2022-09-12,24.821945190429688,30.75,31.0,30.75,31.0,4844200
2022-09-13,24.821945190429688,30.75,31.0,30.75,30.75,2832200
2022-09-14,24.821945190429688,30.75,30.75,30.5,30.5,2966900
2022-09-15,24.216533660888672,30.0,30.75,29.75,30.5,25888900
2022-09-16,23.207509994506836,28.75,30.0,28.5,29.75,27098100
2022-09-19,22.80390167236328,28.25,28.75,28.25,28.75,8637100
2022-09-20,23.005704879760742,28.5,29.25,28.25,28.5,11375500
2022-09-21,22.80390167236328,28.25,29.0,28.25,28.5,5035100
2022-09-22,23.005704879760742,28.5,28.75,28.25,28.5,4943600
2022-09-23,23.207509994506836,28.75,29.0,28.5,28.5,5135100
2022-09-26,22.80390167236328,28.25,28.75,28.25,28.75,8116100
2022-09-27,23.005704879760742,28.5,28.75,28.0,28.25,11432500
2022-09-28,22.400291442871094,27.75,28.5,27.5,28.25,14237500
2022-09-29,21.593076705932617,26.75,28.0,26.75,27.75,19534500
2022-09-30,21.996686935424805,27.25,27.5,26.5,26.5,8302900
2022-10-03,21.39126968383789,26.5,27.5,26.5,27.0,15857800
2022-10-04,21.189464569091797,26.25,27.0,26.0,26.75,15472900
2022-10-05,20.98765754699707,26.0,26.5,25.75,26.5,13914200
2022-10-06,21.593076705932617,26.75,27.25,26.0,26.0,14041500
2022-10-07,21.189464569091797,26.25,27.25,26.0,26.75,11644500
2022-10-10,20.98765754699707,26.0,26.25,25.5,26.0,4770800
2022-10-11,20.785856246948242,25.75,26.0,25.5,25.75,6768600
2022-10-12,20.785856246948242,25.75,26.25,25.75,26.0,4155100
2022-10-17,20.382247924804688,25.25,25.75,24.799999237060547,25.5,27523100
2022-10-18,20.382247924804688,25.25,25.75,25.0,25.25,16592100
2022-10-19,20.382247924804688,25.25,26.0,25.0,25.5,13246800
2022-10-20,20.382247924804688,25.25,26.0,25.25,25.25,8713700
2022-10-21,20.584049224853516,25.5,25.75,25.25,25.5,4382000
2022-10-25,21.189464569091797,26.25,26.25,25.5,25.75,8601000
2022-10-26,21.189464569091797,26.25,26.75,26.25,26.5,4208500
2022-10-27,21.794878005981445,27.0,27.25,26.25,26.25,12277100
2022-10-28,21.593076705932617,26.75,27.25,26.5,27.25,10378300
2022-10-31,21.39126968383789,26.5,27.0,26.5,26.75,6192400
2022-11-01,21.39126968383789,26.5,27.0,26.5,26.5,5868400
2022-11-02,21.39126968383789,26.5,26.75,26.25,26.5,4631700
2022-11-03,21.189464569091797,26.25,26.5,26.0,26.5,6783600
2022-11-04,21.39126968383789,26.5,27.0,26.25,26.25,6579100
2022-11-07,21.593076705932617,26.75,27.0,26.5,26.5,5767100
2022-11-08,21.996686935424805,27.25,27.25,26.75,26.75,3765400
2022-11-09,21.593076705932617,26.75,27.5,26.25,27.25,12671700
2022-11-10,21.39126968383789,26.5,27.0,26.5,26.5,7018800
2022-11-11,22.198486328125,27.5,27.75,26.75,27.0,11288700
2022-11-14,22.198486328125,27.5,27.75,27.25,27.75,7716300
2022-11-15,22.80390167236328,28.25,28.25,27.5,27.5,10404200
2022-11-16,22.602092742919922,28.0,28.25,27.75,28.25,9343700
2022-11-17,22.602092742919922,28.0,28.0,27.5,28.0,4243400
2022-11-18,22.80390167236328,28.25,28.25,27.75,28.0,2827800
2022-11-21,22.80390167236328,28.25,28.25,27.75,28.25,4824900
2022-11-22,22.400291442871094,27.75,28.75,27.5,28.25,7364300
2022-11-23,22.602092742919922,28.0,28.25,27.75,28.0,6109900
2022-11-24,22.80390167236328,28.25,28.25,28.0,28.25,3491700
2022-11-25,22.602092742919922,28.0,28.25,27.75,28.25,4133000
2022-11-28,22.602092742919922,28.0,28.25,27.75,27.75,4156400
2022-11-29,22.602092742919922,28.0,28.5,27.75,28.0,4923000
2022-11-30,22.80390167236328,28.25,28.75,28.0,28.0,23315200
2022-12-01,22.80390167236328,28.25,28.5,28.25,28.5,2523200
2022-12-02,22.80390167236328,28.25,28.5,28.0,28.25,4195200
2022-12-06,23.005704879760742,28.5,28.75,28.0,28.0,5451400
2022-12-07,22.80390167236328,28.25,28.5,28.0,28.5,3242100
2022-12-08,22.400291442871094,27.75,28.25,27.25,28.0,6804100
2022-12-09,23.207509994506836,28.75,28.75,27.75,27.75,5506900
2022-12-13,23.207509994506836,28.75,28.75,28.5,28.75,3725200
2022-12-14,23.61111831665039,29.25,29.25,28.75,28.75,5570200
2022-12-15,23.005704879760742,28.5,29.25,28.25,29.0,6374300
2022-12-16,23.207509994506836,28.75,28.75,28.25,28.5,2512200
2022-12-19,23.005704879760742,28.5,28.75,28.25,28.75,2684600
2022-12-20,21.996686935424805,27.25,28.5,27.0,28.5,19816400
2022-12-21,21.996686935424805,27.25,27.5,27.0,27.5,3922500
2022-12-22,21.996686935424805,27.25,27.75,27.25,27.5,2610700
2022-12-23,21.996686935424805,27.25,27.75,27.25,27.25,1748200
2022-12-26,22.198486328125,27.5,27.5,27.25,27.25,3049600
2022-12-27,22.602092742919922,28.0,28.25,27.25,27.5,8878900
2022-12-28,22.80390167236328,28.25,28.5,28.0,28.25,5499700
2022-12-29,23.005704879760742,28.5,28.5,28.0,28.0,4790100
2022-12-30,22.80390167236328,28.25,28.75,28.25,28.5,5843100
2023-01-03,22.80390167236328,28.25,28.5,28.25,28.25,2444600
2023-01-04,23.005704879760742,28.5,28.5,28.0,28.5,2836700
2023-01-05,22.602092742919922,28.0,28.5,27.75,28.5,8842500
2023-01-06,23.207509994506836,28.75,29.5,28.0,28.25,28942000
2023-01-09,24.418338775634766,30.25,30.25,29.25,29.25,28197700
2023-01-10,24.216533660888672,30.0,30.25,29.75,30.0,12059100
2023-01-11,24.216533660888672,30.0,30.25,29.75,30.0,12126800
2023-01-12,23.81292152404785,29.5,30.5,29.25,30.25,9673500
2023-01-13,24.216533660888672,30.0,30.25,29.75,29.75,10167000
2023-01-16,24.418338775634766,30.25,30.25,29.75,30.25,6018200
2023-01-17,24.014726638793945,29.75,30.5,29.75,30.5,6753400
2023-01-18,24.216533660888672,30.0,30.25,29.75,29.75,5869800
2023-01-19,24.216533660888672,30.0,30.25,29.75,30.25,5419300
2023-01-20,24.014726638793945,29.75,30.0,29.25,29.75,4855000
2023-01-23,24.014726638793945,29.75,30.0,29.5,30.0,4172400
2023-01-24,24.014726638793945,29.75,29.75,29.25,29.75,1772200
2023-01-25,23.81292152404785,29.5,30.0,29.5,29.75,3617100
2023-01-26,23.61111831665039,29.25,29.75,29.0,29.5,7875200
2023-01-27,23.61111831665039,29.25,29.25,29.0,29.25,2318500
2023-01-30,23.409313201904297,29.0,29.25,28.75,29.0,3370800
2023-01-31,22.602092742919922,28.0,29.25,27.75,29.0,19264300
2023-02-01,22.80390167236328,28.25,28.5,28.0,28.0,3247000
2023-02-02,23.005704879760742,28.5,28.75,28.0,28.75,5434900
2023-02-03,23.005704879760742,28.5,28.5,28.25,28.25,2396200
2023-02-06,22.80390167236328,28.25,28.5,28.25,28.5,2553900
2023-02-07,23.005704879760742,28.5,28.5,28.0,28.25,5471100
2023-02-08,22.80390167236328,28.25,28.5,28.25,28.5,2024400
2023-02-09,23.005704879760742,28.5,28.75,28.25,28.5,4883200
2023-02-10,23.005704879760742,28.5,28.75,28.25,28.5,2426300
2023-02-13,22.80390167236328,28.25,28.5,28.25,28.5,1322200
2023-02-14,23.005704879760742,28.5,28.5,28.0,28.25,4650300
2023-02-15,23.207509994506836,28.75,28.75,28.0,28.25,6385400
2023-02-16,24.620141983032227,30.5,33.0,30.5,31.75,76357300
2023-02-17,25.427356719970703,31.5,31.75,30.75,31.25,25087800
2023-02-20,24.821945190429688,30.75,31.0,30.0,31.0,13816200
2023-02-21,25.629161834716797,31.75,31.75,30.75,30.75,20466300
2023-02-22,25.83096694946289,32.0,32.0,31.25,31.75,7948700
2023-02-23,25.83096694946289,32.0,32.5,31.25,32.0,19552800
2023-02-24,25.629161834716797,31.75,31.75,31.0,31.5,10356300
2023-02-27,25.83096694946289,32.0,32.25,31.5,31.5,9607200
2023-02-28,26.032772064208984,32.25,32.25,31.25,32.0,14580300
2023-03-01,25.427356719970703,31.5,32.0,31.25,31.75,5838800
2023-03-02,25.629161834716797,31.75,31.75,31.25,31.75,7017900
2023-03-03,25.427356719970703,31.5,31.75,31.0,31.5,5900800
2023-03-07,25.629161834716797,31.75,32.0,31.25,31.5,4100700
2023-03-08,26.032772064208984,32.25,32.25,31.5,31.5,16638900
2023-03-09,26.43638038635254,32.75,33.0,32.0,32.25,23028000
2023-03-10,26.234575271606445,32.5,33.0,32.25,32.75,6421200
2023-03-13,26.234575271606445,32.5,32.75,32.25,32.5,10757400
2023-03-14,25.22555160522461,31.25,32.25,31.25,32.0,17085000
2023-03-15,25.427356719970703,31.5,31.75,31.25,31.5,10543000
2023-03-16,25.427356719970703,31.5,31.75,31.0,31.25,6606000
2023-03-17,25.427356719970703,31.5,32.0,31.5,31.75,6604700
2023-03-20,25.22555160522461,31.25,31.75,31.25,31.5,6763100
2023-03-21,25.629161834716797,31.75,32.0,31.25,31.25,7476400
2023-03-22,25.83096694946289,32.0,32.0,31.75,32.0,2740200
2023-03-23,26.234575271606445,32.5,32.5,31.75,32.0,5263900
2023-03-24,25.629161834716797,31.75,32.5,31.75,32.5,11614800
2023-03-27,25.22555160522461,31.25,32.0,31.25,31.75,8358700
2023-03-28,25.22555160522461,31.25,31.5,31.0,31.25,4874500
2023-03-29,25.02374839782715,31.0,31.25,30.75,31.0,6708000
2023-03-30,24.821945190429688,30.75,31.0,30.5,30.75,4322500
2023-03-31,24.821945190429688,30.75,31.0,30.5,30.5,6012200
2023-04-03,24.821945190429688,30.75,31.0,30.5,30.75,3699400
2023-04-04,24.821945190429688,30.75,31.0,30.5,30.75,7220800
2023-04-05,24.418338775634766,30.25,31.0,30.25,30.75,5381400
2023-04-07,23.61111831665039,29.25,30.25,29.25,30.0,10659300
2023-04-10,24.014726638793945,29.75,30.0,29.25,29.25,4490800
2023-04-11,24.014726638793945,29.75,30.0,29.5,29.75,2261300
2023-04-12,23.207509994506836,28.75,30.25,28.25,30.0,14327100
2023-04-17,23.409313201904297,29.0,29.5,28.0,28.75,15173500
2023-04-18,23.409313201904297,29.0,29.25,28.5,29.0,2966700
2023-04-19,22.80390167236328,28.25,29.0,28.25,28.75,8678000
2023-04-20,22.400291442871094,27.75,28.5,27.25,28.25,13508800
2023-04-21,22.198486328125,27.5,27.5,27.0,27.5,7203000
2023-04-24,22.602092742919922,28.0,28.25,27.0,27.25,22695200
2023-04-25,23.005704879760742,28.5,28.5,27.5,28.25,16820700
2023-04-26,23.207509994506836,28.75,29.0,28.5,28.5,6152600
2023-04-27,23.409313201904297,29.0,29.25,28.75,28.75,5188700
2023-04-28,23.81292152404785,29.5,29.5,29.0,29.25,8335900
2023-05-02,23.409313201904297,29.0,29.5,28.75,29.25,7014200
2023-05-03,23.983272552490234,29.25,29.25,28.25,28.75,9119700
2023-05-08,24.39324188232422,29.75,30.0,29.0,29.25,5382500
2023-05-09,24.598230361938477,30.0,30.25,29.5,29.5,6018300
2023-05-10,24.598230361938477,30.0,30.0,29.25,30.0,2988600
2023-05-11,25.623151779174805,31.25,32.0,30.5,30.5,19413800
2023-05-12,25.623151779174805,31.25,31.5,30.0,31.0,10099600
2023-05-15,25.00819969177246,30.5,31.5,30.25,31.25,8063000
2023-05-16,25.213184356689453,30.75,31.25,30.5,30.5,5603600
2023-05-17,25.213184356689453,30.75,31.0,30.25,31.0,4107300
2023-05-18,25.00819969177246,30.5,31.25,30.25,31.0,9196600
2023-05-19,24.803213119506836,30.25,30.5,30.0,30.5,5338500
2023-05-22,24.803213119506836,30.25,30.5,29.5,30.25,5606400
2023-05-23,24.803213119506836,30.25,30.5,29.5,30.25,5527800
2023-05-24,24.39324188232422,29.75,30.5,29.5,30.25,6612700
2023-05-25,24.188257217407227,29.5,29.75,29.0,29.5,10134400
2023-05-26,23.983272552490234,29.25,29.5,29.0,29.5,2619300
2023-05-29,23.77828598022461,29.0,29.5,28.75,29.25,3689000
2023-05-30,23.163331985473633,28.25,29.0,28.0,29.0,12985100
2023-05-31,23.77828598022461,29.0,29.0,28.25,28.25,4447300
2023-06-01,23.77828598022461,29.0,29.5,28.75,29.25,4508300
2023-06-02,24.598230361938477,30.0,30.25,28.75,29.0,13294800
2023-06-06,24.39324188232422,29.75,30.0,29.0,30.0,4485500
2023-06-07,24.598230361938477,30.0,30.25,29.0,30.0,8466600
2023-06-08,25.00819969177246,30.5,30.5,29.75,30.0,4814300
2023-06-09,24.598230361938477,30.0,30.75,29.75,30.5,5210800
2023-06-12,24.598230361938477,30.0,30.25,29.5,29.75,2831100
2023-06-13,24.803213119506836,30.25,30.25,29.75,30.0,3924000
2023-06-14,24.803213119506836,30.25,30.5,29.75,30.0,3961000
2023-06-15,25.00819969177246,30.5,30.75,29.75,30.25,5906400
2023-06-16,25.00819969177246,30.5,30.75,30.25,30.5,5312700
2023-06-19,24.803213119506836,30.25,30.5,30.0,30.5,1648800
2023-06-20,24.803213119506836,30.25,30.5,30.0,30.5,2577000
2023-06-21,24.598230361938477,30.0,30.25,29.5,30.25,6945800
2023-06-22,24.598230361938477,30.0,30.25,29.75,30.25,3403600
2023-06-23,24.803213119506836,30.25,30.25,29.75,30.0,1318800
2023-06-26,25.418169021606445,31.0,31.0,30.0,30.25,7570000
2023-06-27,24.39324188232422,29.75,30.5,29.5,30.5,15122000
2023-06-28,24.598230361938477,30.0,30.0,29.5,29.5,3960600
2023-06-29,24.39324188232422,29.75,30.5,29.75,30.0,3677700
2023-06-30,24.39324188232422,29.75,30.25,29.5,30.0,9556800
2023-07-03,24.39324188232422,29.75,30.0,29.5,30.0,2763000
2023-07-04,25.129804611206055,29.0,29.25,28.75,29.0,5750800
2023-07-05,24.91316795349121,28.75,29.25,28.5,29.0,4676800
2023-07-06,24.696531295776367,28.5,28.75,28.0,28.75,3949400
2023-07-07,24.04662322998047,27.75,28.5,27.5,28.25,11715500
2023-07-10,24.04662322998047,27.75,28.0,27.0,27.75,8530400
2023-07-11,24.26325798034668,28.0,28.25,27.75,28.0,4389500
2023-07-12,24.04662322998047,27.75,28.0,27.25,28.0,4295800
2023-07-13,23.829986572265625,27.5,27.75,27.5,27.5,2447800
2023-07-14,24.26325798034668,28.0,28.25,27.5,27.75,3317200
2023-07-17,24.479896545410156,28.25,28.5,27.75,28.0,4332300
2023-07-18,24.91316795349121,28.75,28.75,28.25,28.5,3015100
2023-07-19,25.563077926635742,29.5,29.75,28.5,28.75,9164800
2023-07-20,25.3464412689209,29.25,29.5,29.0,29.25,3913600
2023-07-21,25.129804611206055,29.0,29.5,28.5,29.25,7199100
2023-07-24,24.91316795349121,28.75,29.5,28.5,29.0,3601800
2023-07-25,24.91316795349121,28.75,29.0,28.25,29.0,2240600
2023-07-26,24.91316795349121,28.75,29.0,28.5,28.75,2452500
2023-07-27,25.563077926635742,29.5,29.75,28.75,28.75,4730700
2023-07-31,25.3464412689209,29.25,29.5,29.25,29.5,368100
2023-08-02,24.91316795349121,28.75,29.25,28.75,29.25,3874700
2023-08-03,24.696531295776367,28.5,29.25,28.5,28.75,3565800
2023-08-04,24.696531295776367,28.5,29.0,28.25,28.5,6670100
2023-08-07,24.479896545410156,28.25,28.75,28.0,28.75,5266900
2023-08-08,24.479896545410156,28.25,28.75,28.0,28.5,2607900
2023-08-09,24.91316795349121,28.75,28.75,28.0,28.25,2365600
2023-08-10,24.91316795349121,28.75,29.0,28.0,28.75,6269200
2023-08-11,25.563077926635742,29.5,30.0,28.75,29.0,10227600
2023-08-15,25.129804611206055,29.0,29.75,28.5,29.75,6977800
2023-08-16,25.129804611206055,29.0,29.0,28.75,29.0,1998000
2023-08-17,25.563077926635742,29.5,30.0,29.0,29.25,7235500
2023-08-18,25.129804611206055,29.0,29.5,29.0,29.5,6263600
2023-08-21,25.3464412689209,29.25,29.25,28.75,29.25,2878500
2023-08-22,25.77971649169922,29.75,29.75,29.25,29.5,3422600
2023-08-23,25.691877365112305,29.25,29.75,29.0,29.5,4735600
2023-08-24,25.691877365112305,29.25,29.5,29.25,29.25,3589900
2023-08-25,25.4722900390625,29.0,29.25,28.5,29.0,6997900
2023-08-28,25.911466598510742,29.5,29.75,29.0,29.25,9953900
2023-08-29,26.789825439453125,30.5,30.75,29.75,29.75,19149700
2023-08-30,26.789825439453125,30.5,30.75,30.0,30.5,8182000
2023-08-31,26.350648880004883,30.0,30.25,30.0,30.0,4099700
2023-09-01,26.131057739257812,29.75,30.25,29.5,30.25,7942700
2023-09-04,25.911466598510742,29.5,29.75,29.0,29.75,4265500
2023-09-05,25.4722900390625,29.0,29.5,29.0,29.25,3006800
2023-09-06,25.4722900390625,29.0,29.25,28.5,29.0,6071300
2023-09-07,25.4722900390625,29.0,29.25,28.75,29.0,1643900
2023-09-08,25.691877365112305,29.25,29.5,29.0,29.0,3019200
2023-09-11,25.4722900390625,29.0,29.25,28.75,29.25,2117700
2023-09-12,25.4722900390625,29.0,29.0,28.75,29.0,2009300
2023-09-13,25.252700805664062,28.75,29.0,28.5,29.0,2585700
2023-09-14,25.033111572265625,28.5,29.0,28.5,28.75,2007400
2023-09-15,24.81352424621582,28.25,29.0,28.0,28.75,4120000
2023-09-18,24.81352424621582,28.25,28.5,28.0,28.25,1049500
2023-09-19,24.374345779418945,27.75,28.25,27.5,28.25,4303400
2023-09-20,23.935171127319336,27.25,27.75,27.0,27.75,4400800
2023-09-21,23.495994567871094,26.75,27.25,26.25,27.0,16476500
2023-09-22,23.495994567871094,26.75,27.25,26.75,26.75,5035500
2023-09-25,23.495994567871094,26.75,27.0,26.5,27.0,4384300
2023-09-26,23.276403427124023,26.5,27.0,26.25,26.75,6333000
2023-09-27,22.617637634277344,25.75,25.75,25.25,25.75,10940000
2023-09-28,21.783199310302734,24.799999237060547,25.75,24.799999237060547,25.75,18358800
2023-09-29,21.95886993408203,25.0,25.25,24.899999618530273,25.0,12209900
2023-10-02,22.398046493530273,25.5,26.0,25.0,25.25,7910400
2023-10-03,21.95886993408203,25.0,25.5,24.799999237060547,25.5,10290200
2023-10-04,21.783199310302734,24.799999237060547,25.0,24.399999618530273,24.5,9850300
2023-10-05,21.519691467285156,24.5,24.899999618530273,24.100000381469727,24.899999618530273,9872300
2023-10-06,21.168350219726562,24.100000381469727,24.700000762939453,24.0,24.600000381469727,10371900
2023-10-09,21.344022750854492,24.299999237060547,24.399999618530273,23.899999618530273,24.100000381469727,12152000
2023-10-10,21.43185806274414,24.399999618530273,24.700000762939453,23.799999237060547,24.399999618530273,15307700
2023-10-11,21.43185806274414,24.399999618530273,24.700000762939453,24.200000762939453,24.399999618530273,9438000
2023-10-12,21.43185806274414,24.399999618530273,24.899999618530273,24.200000762939453,24.5,11481800
2023-10-16,20.992679595947266,23.899999618530273,24.299999237060547,23.399999618530273,24.200000762939453,13179200
2023-10-17,20.992679595947266,23.899999618530273,24.100000381469727,23.600000381469727,23.899999618530273,7125900
2023-10-18,20.553504943847656,23.399999618530273,23.899999618530273,22.799999237060547,23.899999618530273,27832400
2023-10-19,20.641340255737305,23.5,23.700000762939453,22.899999618530273,23.0,12752500
2023-10-20,20.11432647705078,22.899999618530273,23.600000381469727,22.799999237060547,23.5,12475100
2023-10-24,21.168350219726562,24.100000381469727,24.600000381469727,23.200000762939453,23.200000762939453,18253900
2023-10-25,21.080514907836914,24.0,24.200000762939453,23.799999237060547,24.100000381469727,7900000
2023-10-26,20.553504943847656,23.399999618530273,23.899999618530273,23.100000381469727,23.899999618530273,15528400
2023-10-27,20.729177474975586,23.600000381469727,23.899999618530273,23.100000381469727,23.600000381469727,7185600
2023-10-30,20.904844284057617,23.799999237060547,23.899999618530273,23.299999237060547,23.399999618530273,4642200
2023-10-31,20.641340255737305,23.5,24.0,23.299999237060547,24.0,6964700
2023-11-01,20.904844284057617,23.799999237060547,24.100000381469727,23.299999237060547,23.399999618530273,10502200
2023-11-02,21.080514907836914,24.0,24.399999618530273,23.799999237060547,24.100000381469727,9844200
2023-11-03,21.607528686523438,24.600000381469727,24.899999618530273,24.0,24.100000381469727,13323700
2023-11-06,21.695363998413086,24.700000762939453,25.25,24.700000762939453,25.0,8620100
2023-11-07,21.080514907836914,24.0,24.700000762939453,23.899999618530273,24.600000381469727,9664600
2023-11-08,21.43185806274414,24.399999618530273,24.5,24.0,24.100000381469727,6055800
2023-11-09,21.080514907836914,24.0,24.700000762939453,23.299999237060547,24.600000381469727,21624900
2023-11-10,20.81700897216797,23.700000762939453,24.299999237060547,23.5,23.600000381469727,12962100
2023-11-13,20.992679595947266,23.899999618530273,24.100000381469727,23.5,23.700000762939453,7062400
2023-11-14,20.729177474975586,23.600000381469727,24.100000381469727,23.200000762939453,24.0,9633800
2023-11-15,21.783199310302734,24.799999237060547,25.25,24.0,24.0,21616400
2023-11-16,21.344022750854492,24.299999237060547,24.799999237060547,24.200000762939453,24.799999237060547,10902900
2023-11-17,21.344022750854492,24.299999237060547,25.0,24.100000381469727,24.100000381469727,13440700
2023-11-20,21.168350219726562,24.100000381469727,24.600000381469727,23.700000762939453,24.399999618530273,12363600
2023-11-21,21.168350219726562,24.100000381469727,24.299999237060547,23.899999618530273,24.200000762939453,6523000
2023-11-22,20.904844284057617,23.799999237060547,24.200000762939453,23.600000381469727,24.100000381469727,8698000
2023-11-23,20.992679595947266,23.899999618530273,24.0,23.600000381469727,23.899999618530273,4228400
2023-11-24,20.641340255737305,23.5,24.0,23.399999618530273,23.799999237060547,9530000
2023-11-27,20.377832412719727,23.200000762939453,23.600000381469727,23.100000381469727,23.5,9857600
2023-11-28,20.553504943847656,23.399999618530273,23.700000762939453,23.200000762939453,23.299999237060547,9219700
2023-11-29,20.377832412719727,23.200000762939453,23.700000762939453,23.0,23.399999618530273,12298500
2023-11-30,20.11432647705078,22.899999618530273,23.299999237060547,22.600000381469727,23.299999237060547,19744900
2023-12-01,20.026491165161133,22.799999237060547,23.100000381469727,22.700000762939453,23.0,5215500
2023-12-04,19.762985229492188,22.5,23.0,22.299999237060547,22.700000762939453,10491300
2023-12-06,20.026491165161133,22.799999237060547,22.899999618530273,22.5,22.600000381469727,5984600
2023-12-07,19.938657760620117,22.700000762939453,22.799999237060547,22.399999618530273,22.600000381469727,6399000
2023-12-08,18.884628295898438,21.5,22.700000762939453,21.5,22.600000381469727,23918800
2023-12-12,18.621124267578125,21.200000762939453,21.600000381469727,20.799999237060547,21.5,21828900
2023-12-13,18.445449829101562,21.0,21.299999237060547,20.700000762939453,21.200000762939453,10638800
2023-12-14,18.533287048339844,21.100000381469727,21.5,20.899999618530273,21.5,12243200
2023-12-15,18.972463607788086,21.600000381469727,21.799999237060547,21.200000762939453,21.399999618530273,20281800
2023-12-18,19.060300827026367,21.700000762939453,21.899999618530273,21.5,21.700000762939453,11520800
2023-12-19,18.884628295898438,21.5,21.700000762939453,21.0,21.600000381469727,16542300
2023-12-20,18.884628295898438,21.5,21.799999237060547,21.299999237060547,21.600000381469727,9004100
2023-12-21,18.972463607788086,21.600000381469727,21.600000381469727,21.299999237060547,21.399999618530273,5622200
2023-12-22,19.060300827026367,21.700000762939453,21.799999237060547,21.200000762939453,21.600000381469727,9762000
2023-12-25,19.148134231567383,21.799999237060547,22.299999237060547,21.700000762939453,21.799999237060547,9139700
2023-12-26,19.235971450805664,21.899999618530273,22.0,21.700000762939453,21.899999618530273,8441300
2023-12-27,19.323806762695312,22.0,22.0,21.700000762939453,21.899999618530273,10816300
2023-12-28,19.323806762695312,22.0,22.200000762939453,21.799999237060547,22.0,16283500
2024-01-03,19.67514991760254,22.399999618530273,22.600000381469727,22.200000762939453,22.399999618530273,8002800
2024-01-04,19.67514991760254,22.399999618530273,22.5,22.0,22.200000762939453,8998300
2024-01-05,19.850820541381836,22.600000381469727,22.799999237060547,22.200000762939453,22.399999618530273,12355200
2024-01-08,19.850820541381836,22.600000381469727,22.799999237060547,22.399999618530273,22.600000381469727,10941800
2024-01-09,18.884628295898438,21.5,22.899999618530273,21.5,22.700000762939453,25446400
2024-01-10,18.884628295898438,21.5,21.799999237060547,21.399999618530273,21.399999618530273,20303100
2024-01-11,19.148134231567383,21.799999237060547,21.799999237060547,21.399999618530273,21.600000381469727,10711900
2024-01-12,19.41164207458496,22.100000381469727,22.299999237060547,21.5,21.700000762939453,15155000
2024-01-15,19.41164207458496,22.100000381469727,22.5,22.0,22.200000762939453,12541800
2024-01-16,19.323806762695312,22.0,22.200000762939453,21.799999237060547,22.100000381469727,8033300
2024-01-17,18.972463607788086,21.600000381469727,21.899999618530273,21.5,21.799999237060547,9480000
2024-01-18,19.060300827026367,21.700000762939453,21.899999618530273,21.399999618530273,21.700000762939453,6061000
2024-01-19,18.972463607788086,21.600000381469727,21.799999237060547,21.600000381469727,21.700000762939453,2870300
2024-01-22,18.796794891357422,21.399999618530273,21.700000762939453,21.100000381469727,21.700000762939453,28543700
2024-01-23,18.621124267578125,21.200000762939453,21.700000762939453,21.200000762939453,21.5,7761000
2024-01-24,19.060300827026367,21.700000762939453,21.799999237060547,20.899999618530273,21.299999237060547,11210700
2024-01-25,18.972463607788086,21.600000381469727,21.700000762939453,21.5,21.600000381469727,3092600
2024-01-26,18.621124267578125,21.200000762939453,21.700000762939453,21.200000762939453,21.600000381469727,9366400
2024-01-29,18.884628295898438,21.5,21.700000762939453,21.299999237060547,21.299999237060547,5469000
2024-01-30,18.533287048339844,21.100000381469727,21.600000381469727,21.0,21.600000381469727,10789200
2024-01-31,18.2697811126709,20.799999237060547,21.100000381469727,20.5,21.100000381469727,12026300
2024-02-01,18.0941104888916,20.600000381469727,21.0,20.5,20.700000762939453,7807700
2024-02-02,18.533287048339844,21.100000381469727,21.299999237060547,20.700000762939453,20.700000762939453,8689800
2024-02-05,18.357616424560547,20.899999618530273,21.200000762939453,20.799999237060547,21.200000762939453,3985000
2024-02-06,18.621124267578125,21.200000762939453,21.299999237060547,20.799999237060547,20.899999618530273,5781500
2024-02-07,18.533287048339844,21.100000381469727,21.299999237060547,21.0,21.200000762939453,6525700
2024-02-08,18.2697811126709,20.799999237060547,21.200000762939453,20.799999237060547,21.100000381469727,3275400
2024-02-09,18.18194580078125,20.700000762939453,21.0,20.5,20.899999618530273,4320900
2024-02-12,18.006271362304688,20.5,20.799999237060547,20.5,20.700000762939453,3231000
2024-02-13,18.357616424560547,20.899999618530273,20.899999618530273,20.200000762939453,20.5,13277000
2024-02-14,18.18194580078125,20.700000762939453,20.899999618530273,20.5,20.700000762939453,5309700
2024-02-15,18.533287048339844,21.100000381469727,21.200000762939453,20.700000762939453,20.700000762939453,10984900
2024-02-16,18.445449829101562,21.0,21.200000762939453,20.899999618530273,21.200000762939453,2841600
2024-02-19,18.533287048339844,21.100000381469727,21.200000762939453,20.899999618530273,20.899999618530273,4324100
2024-02-20,18.18194580078125,20.700000762939453,21.100000381469727,20.700000762939453,21.100000381469727,4558100
2024-02-21,18.357616424560547,20.899999618530273,21.100000381469727,20.600000381469727,20.700000762939453,7602600
2024-02-22,18.70895767211914,21.299999237060547,21.5,20.899999618530273,21.0,7616700
2024-02-23,18.2697811126709,20.799999237060547,21.399999618530273,20.700000762939453,21.299999237060547,7252300
2024-02-27,17.83060073852539,20.299999237060547,20.899999618530273,19.700000762939453,20.899999618530273,21425000
2024-02-28,18.0941104888916,20.600000381469727,20.799999237060547,20.0,20.200000762939453,10565000
2024-02-29,17.83060073852539,20.299999237060547,21.100000381469727,20.100000381469727,20.899999618530273,119701300
2024-03-01,16.86441421508789,19.200000762939453,20.399999618530273,19.100000381469727,20.299999237060547,34159300
2024-03-04,16.68874168395996,19.0,19.600000381469727,18.799999237060547,19.299999237060547,22343000
2024-03-05,16.513072967529297,18.799999237060547,18.899999618530273,18.299999237060547,18.799999237060547,20246200
2024-03-06,16.77657699584961,19.100000381469727,19.299999237060547,18.799999237060547,18.799999237060547,12012900
2024-03-07,16.86441421508789,19.200000762939453,19.399999618530273,19.100000381469727,19.299999237060547,7256100
2024-03-08,17.303592681884766,19.700000762939453,19.899999618530273,19.100000381469727,19.200000762939453,12397800
2024-03-11,17.391427993774414,19.799999237060547,20.200000762939453,19.700000762939453,19.799999237060547,10687700
2024-03-12,17.391427993774414,19.799999237060547,19.799999237060547,19.799999237060547,19.799999237060547,0
2024-03-13,17.742765426635742,20.200000762939453,20.399999618530273,20.0,20.0,10679800
2024-03-14,18.0941104888916,20.600000381469727,20.799999237060547,20.200000762939453,20.200000762939453,18022400
2024-03-15,18.0941104888916,20.600000381469727,20.600000381469727,20.600000381469727,20.600000381469727,0
2024-03-18,17.918437957763672,20.399999618530273,20.700000762939453,20.399999618530273,20.5,7439200
2024-03-19,17.65493392944336,20.100000381469727,20.399999618530273,19.899999618530273,20.399999618530273,10789000
2024-03-20,17.391427993774414,19.799999237060547,20.100000381469727,19.600000381469727,20.100000381469727,9550600
2024-03-21,17.479263305664062,19.899999618530273,20.299999237060547,19.899999618530273,20.0,6027300
2024-03-22,17.479263305664062,19.899999618530273,19.899999618530273,19.899999618530273,19.899999618530273,0
2024-03-25,17.391427993774414,19.799999237060547,20.200000762939453,19.700000762939453,20.200000762939453,6852900
2024-03-26,17.918437957763672,20.399999618530273,20.600000381469727,20.0,20.0,13602900
2024-03-27,18.0941104888916,20.600000381469727,20.700000762939453,20.200000762939453,20.299999237060547,11809900
2024-03-28,18.0941104888916,20.600000381469727,20.600000381469727,20.600000381469727,20.600000381469727,0
2024-03-29,17.83060073852539,20.299999237060547,20.799999237060547,20.200000762939453,20.700000762939453,4914300
2024-04-01,18.2697811126709,20.799999237060547,21.200000762939453,20.399999618530273,20.399999618530273,15415900
2024-04-02,18.0941104888916,20.600000381469727,20.899999618530273,20.5,20.799999237060547,6993600
2024-04-03,17.918437957763672,20.399999618530273,20.600000381469727,20.399999618530273,20.5,6056800
2024-04-04,17.83060073852539,20.299999237060547,20.600000381469727,20.100000381469727,20.5,7781800
2024-04-05,17.742765426635742,20.200000762939453,20.299999237060547,20.0,20.100000381469727,5502900
2024-04-09,17.918437957763672,20.399999618530273,20.5,19.899999618530273,20.299999237060547,15756600
2024-04-10,18.006271362304688,20.5,20.700000762939453,20.299999237060547,20.299999237060547,10188700
2024-04-11,17.742765426635742,20.200000762939453,20.600000381469727,20.100000381469727,20.5,14270200
2024-04-17,17.742765426635742,20.200000762939453,20.200000762939453,20.200000762939453,20.200000762939453,0
2024-04-18,17.127918243408203,19.5,19.799999237060547,19.299999237060547,19.700000762939453,10396100
2024-04-19,16.68874168395996,19.0,19.100000381469727,18.600000381469727,18.600000381469727,9876300
2024-04-22,17.83060073852539,20.299999237060547,20.600000381469727,19.100000381469727,19.299999237060547,30462400
2024-04-23,18.445449829101562,21.0,21.399999618530273,20.600000381469727,20.600000381469727,33881100
2024-04-24,18.70895767211914,21.299999237060547,21.600000381469727,21.100000381469727,21.200000762939453,17024800
2024-04-25,18.884628295898438,21.5,21.700000762939453,21.100000381469727,21.200000762939453,9864900
2024-04-26,18.70895767211914,21.299999237060547,21.700000762939453,21.200000762939453,21.700000762939453,11351900
2024-04-29,18.533287048339844,21.100000381469727,21.5,21.100000381469727,21.399999618530273,10834300
2024-04-30,18.884628295898438,21.5,21.600000381469727,21.200000762939453,21.200000762939453,11811600
2024-05-02,18.839771270751953,21.0,21.5,21.0,21.200000762939453,11689600
2024-05-03,18.929485321044922,21.100000381469727,21.299999237060547,20.799999237060547,21.200000762939453,6680000
2024-05-07,18.929485321044922,21.100000381469727,21.100000381469727,21.100000381469727,21.100000381469727,0
2024-05-08,18.839771270751953,21.0,21.200000762939453,20.700000762939453,21.0,7954300
2024-05-09,18.750059127807617,20.899999618530273,21.299999237060547,20.700000762939453,21.0,10686000
2024-05-10,18.66034698486328,20.799999237060547,21.100000381469727,20.700000762939453,21.0,5547300
2024-05-13,18.929485321044922,21.100000381469727,21.600000381469727,20.799999237060547,20.899999618530273,25627300
2024-05-14,19.288339614868164,21.5,21.799999237060547,21.200000762939453,21.299999237060547,24491000
2024-05-15,19.198625564575195,21.399999618530273,21.600000381469727,21.0,21.5,18110200
2024-05-16,19.198625564575195,21.399999618530273,21.399999618530273,21.399999618530273,21.399999618530273,0
2024-05-17,19.288339614868164,21.5,21.799999237060547,21.399999618530273,21.700000762939453,9591600
2024-05-20,19.288339614868164,21.5,21.5,21.5,21.5,0
2024-05-21,19.288339614868164,21.5,21.700000762939453,21.299999237060547,21.600000381469727,9072900
2024-05-23,19.557477951049805,21.799999237060547,21.799999237060547,21.100000381469727,21.5,18078500
2024-05-24,19.3780517578125,21.600000381469727,21.700000762939453,21.5,21.600000381469727,3748300
2024-05-27,19.3780517578125,21.600000381469727,21.600000381469727,21.600000381469727,21.600000381469727,0
2024-05-28,19.198625564575195,21.399999618530273,21.799999237060547,21.399999618530273,21.600000381469727,9655200
2024-05-29,20.00604248046875,22.299999237060547,22.700000762939453,21.299999237060547,21.399999618530273,56230100
2024-05-30,20.45461082458496,22.799999237060547,22.899999618530273,22.299999237060547,22.299999237060547,24280000
2024-05-31,20.45461082458496,22.799999237060547,22.799999237060547,22.5,22.700000762939453,12600700
2024-06-04,20.634035110473633,23.0,23.299999237060547,22.700000762939453,22.899999618530273,17981400
2024-06-05,20.992889404296875,23.399999618530273,23.399999618530273,23.0,23.100000381469727,13441900
2024-06-06,20.903175354003906,23.299999237060547,23.5,23.0,23.399999618530273,21536700
2024-06-07,20.7237491607666,23.100000381469727,23.5,22.899999618530273,23.399999618530273,26855600
2024-06-10,20.813461303710938,23.200000762939453,23.5,23.0,23.100000381469727,9671500
2024-06-11,20.813461303710938,23.200000762939453,23.399999618530273,22.700000762939453,23.299999237060547,20141200
2024-06-12,20.634035110473633,23.0,23.299999237060547,22.799999237060547,23.299999237060547,6097000
2024-06-13,20.185470581054688,22.5,23.200000762939453,22.399999618530273,23.100000381469727,14136100
2024-06-14,19.916332244873047,22.200000762939453,22.600000381469727,22.100000381469727,22.5,12473700
2024-06-17,19.916332244873047,22.200000762939453,22.5,22.0,22.299999237060547,9678300
2024-06-18,19.916332244873047,22.200000762939453,22.200000762939453,22.200000762939453,22.200000762939453,0
2024-06-19,19.916332244873047,22.200000762939453,22.200000762939453,22.200000762939453,22.200000762939453,0
2024-06-20,20.00604248046875,22.299999237060547,22.700000762939453,22.200000762939453,22.399999618530273,12471700
2024-06-21,20.634035110473633,23.0,23.100000381469727,22.100000381469727,22.100000381469727,15781700
2024-06-24,20.903175354003906,23.299999237060547,23.399999618530273,22.700000762939453,23.0,12422800
2024-06-25,20.813461303710938,23.200000762939453,23.399999618530273,22.899999618530273,23.399999618530273,10229800
2024-06-26,20.813461303710938,23.200000762939453,23.200000762939453,23.200000762939453,23.200000762939453,0
2024-06-27,20.813461303710938,23.200000762939453,23.399999618530273,23.0,23.200000762939453,5367200
2024-06-28,20.634035110473633,23.0,23.299999237060547,22.799999237060547,23.200000762939453,9707700
2024-07-01,21.17231559753418,23.600000381469727,24.0,23.0,23.0,15712500
2024-07-02,20.903175354003906,23.299999237060547,23.600000381469727,23.0,23.600000381469727,17765400
2024-07-03,20.992889404296875,23.399999618530273,23.5,23.100000381469727,23.399999618530273,6032800
2024-07-04,20.813461303710938,23.200000762939453,23.399999618530273,23.100000381469727,23.299999237060547,8474400
2024-07-05,20.992889404296875,23.399999618530273,23.5,23.0,23.100000381469727,8197400
2024-07-08,21.17231559753418,23.600000381469727,23.700000762939453,23.299999237060547,23.399999618530273,7377000
2024-07-09,20.992889404296875,23.399999618530273,23.600000381469727,23.299999237060547,23.5,6839900
2024-07-10,20.813461303710938,23.200000762939453,23.600000381469727,23.200000762939453,23.399999618530273,4994700
2024-07-11,20.634035110473633,23.0,23.299999237060547,23.0,23.200000762939453,6050400
2024-07-12,20.903175354003906,23.299999237060547,23.5,23.100000381469727,23.100000381469727,8799000
2024-07-15,20.903175354003906,23.299999237060547,23.299999237060547,23.299999237060547,23.299999237060547,0
2024-07-16,21.620882034301758,24.100000381469727,24.299999237060547,23.700000762939453,23.899999618530273,14613200
2024-07-17,21.620882034301758,24.100000381469727,24.299999237060547,23.799999237060547,24.299999237060547,12307800
2024-07-18,22.24887466430664,24.799999237060547,24.899999618530273,24.100000381469727,24.100000381469727,11502200
2024-07-19,22.159160614013672,24.700000762939453,25.0,24.600000381469727,24.799999237060547,6270800
2024-07-23,21.441455841064453,23.899999618530273,24.899999618530273,23.399999618530273,24.899999618530273,19510300
2024-07-24,21.17231559753418,23.600000381469727,24.0,23.399999618530273,24.0,13388900
2024-07-25,20.813461303710938,23.200000762939453,23.600000381469727,23.100000381469727,23.399999618530273,12933300
2024-07-26,21.082603454589844,23.5,23.700000762939453,23.299999237060547,23.299999237060547,10067400
2024-07-30,21.082603454589844,23.5,23.5,23.5,23.5,0
2024-07-31,21.620882034301758,24.100000381469727,24.299999237060547,23.799999237060547,23.799999237060547,11979100
2024-08-01,21.35173988342285,23.799999237060547,24.100000381469727,23.399999618530273,24.100000381469727,11144100
2024-08-02,21.17231559753418,23.600000381469727,23.799999237060547,23.399999618530273,23.600000381469727,5930100
2024-08-05,20.813461303710938,23.200000762939453,23.799999237060547,23.100000381469727,23.399999618530273,9718200
2024-08-06,20.634035110473633,23.0,23.5,22.899999618530273,23.299999237060547,8082800
2024-08-07,21.17231559753418,23.600000381469727,23.799999237060547,23.0,23.0,6434600
2024-08-08,21.17231559753418,23.600000381469727,23.700000762939453,23.200000762939453,23.200000762939453,5626500
2024-08-09,21.082603454589844,23.5,23.799999237060547,23.399999618530273,23.600000381469727,4976400
2024-08-13,21.35173988342285,23.799999237060547,24.100000381469727,23.399999618530273,23.700000762939453,8073700
2024-08-14,21.26202964782715,23.700000762939453,24.100000381469727,23.299999237060547,23.799999237060547,10194900
2024-08-15,20.185470581054688,22.5,23.5,22.299999237060547,23.5,19011900
2024-08-16,19.826618194580078,22.100000381469727,22.799999237060547,21.700000762939453,22.5,28070600
2024-08-19,19.826618194580078,22.100000381469727,22.100000381469727,22.100000381469727,22.100000381469727,0
2024-08-20,19.73690414428711,22.0,22.5,21.799999237060547,22.399999618530273,19192300
2024-08-21,19.826618194580078,22.100000381469727,22.200000762939453,21.700000762939453,22.0,12147200
2024-08-22,20.45461082458496,22.799999237060547,22.899999618530273,22.200000762939453,22.299999237060547,15898900
2024-08-23,20.634035110473633,23.0,23.200000762939453,22.799999237060547,22.799999237060547,7867900
2024-08-26,20.45461082458496,22.799999237060547,23.299999237060547,22.399999618530273,23.299999237060547,16393300
2024-08-27,20.45461082458496,22.799999237060547,22.799999237060547,22.600000381469727,22.799999237060547,9238900
2024-08-28,20.364898681640625,22.700000762939453,22.899999618530273,22.600000381469727,22.799999237060547,7812800
2024-08-29,20.455812454223633,22.5,22.899999618530273,22.399999618530273,22.5,6897200
2024-08-30,20.364896774291992,22.399999618530273,22.600000381469727,22.200000762939453,22.399999618530273,7148100
2024-09-02,19.001176834106445,20.899999618530273,21.5,20.5,21.5,37705400
2024-09-03,20.092151641845703,22.100000381469727,22.200000762939453,21.200000762939453,21.200000762939453,35752800
2024-09-04,20.092151641845703,22.100000381469727,22.299999237060547,21.899999618530273,22.100000381469727,13491000
2024-09-05,20.63764190673828,22.700000762939453,22.700000762939453,22.200000762939453,22.200000762939453,14840500
2024-09-06,20.63764190673828,22.700000762939453,23.299999237060547,22.600000381469727,23.0,21548100
2024-09-09,20.63764190673828,22.700000762939453,22.700000762939453,22.700000762939453,22.700000762939453,0
2024-09-10,21.72861671447754,23.899999618530273,24.200000762939453,23.5,23.600000381469727,15735600
2024-09-11,21.6377010345459,23.799999237060547,24.0,23.399999618530273,24.0,13158700
2024-09-12,21.6377010345459,23.799999237060547,24.0,23.5,24.0,6958100
2024-09-13,21.2740421295166,23.399999618530273,23.799999237060547,23.299999237060547,23.799999237060547,12340000
2024-09-16,21.18312644958496,23.299999237060547,23.700000762939453,23.200000762939453,23.399999618530273,11676300
2024-09-17,21.092214584350586,23.200000762939453,23.5,23.100000381469727,23.100000381469727,6911300
2024-09-18,21.001298904418945,23.100000381469727,23.600000381469727,23.100000381469727,23.200000762939453,8723500
2024-09-19,21.45587158203125,23.600000381469727,23.600000381469727,23.200000762939453,23.200000762939453,10990300
2024-09-20,21.72861671447754,23.899999618530273,24.299999237060547,23.600000381469727,23.700000762939453,23458000
2024-09-23,21.45587158203125,23.600000381469727,23.899999618530273,23.399999618530273,23.799999237060547,14300300
2024-09-24,21.45587158203125,23.600000381469727,23.799999237060547,23.399999618530273,23.700000762939453,11703400
2024-09-25,21.546789169311523,23.700000762939453,23.799999237060547,23.600000381469727,23.600000381469727,5118400
2024-09-26,21.364957809448242,23.5,23.899999618530273,23.5,23.899999618530273,10707900
2024-09-27,21.001298904418945,23.100000381469727,23.700000762939453,23.0,23.600000381469727,19363400
2024-09-30,21.001298904418945,23.100000381469727,23.299999237060547,22.899999618530273,23.0,13438000
2024-10-01,21.092214584350586,23.200000762939453,23.200000762939453,22.899999618530273,23.100000381469727,14077500
2024-10-02,20.81947135925293,22.899999618530273,23.299999237060547,22.899999618530273,23.200000762939453,9022500
2024-10-03,20.72855567932129,22.799999237060547,23.200000762939453,22.799999237060547,23.0,9399000
2024-10-04,20.183069229125977,22.200000762939453,22.799999237060547,22.0,22.799999237060547,18354000
2024-10-07,20.183069229125977,22.200000762939453,22.200000762939453,22.200000762939453,22.200000762939453,0
2024-10-08,20.63764190673828,22.700000762939453,22.799999237060547,22.299999237060547,22.600000381469727,10073300
2024-10-09,20.364896774291992,22.399999618530273,22.700000762939453,22.299999237060547,22.700000762939453,11898400
2024-10-10,20.54672622680664,22.600000381469727,22.799999237060547,22.399999618530273,22.5,5639300
2024-10-11,20.27398109436035,22.299999237060547,22.600000381469727,22.100000381469727,22.600000381469727,14293700
2024-10-15,20.092151641845703,22.100000381469727,22.399999618530273,22.100000381469727,22.399999618530273,4480700
2024-10-16,20.092151641845703,22.100000381469727,22.100000381469727,22.100000381469727,22.100000381469727,0
2024-10-17,20.27398109436035,22.299999237060547,22.5,22.200000762939453,22.399999618530273,3479500
2024-10-18,20.001237869262695,22.0,22.5,21.899999618530273,22.299999237060547,13329000
2024-10-21,19.455747604370117,21.399999618530273,22.0,21.200000762939453,21.899999618530273,23678500
2024-10-22,19.183006286621094,21.100000381469727,21.5,20.899999618530273,21.299999237060547,16918900
2024-10-24,18.819347381591797,20.700000762939453,21.100000381469727,20.600000381469727,21.100000381469727,9549100
2024-10-25,18.546600341796875,20.399999618530273,20.700000762939453,20.299999237060547,20.600000381469727,7867800
2024-10-28,18.546600341796875,20.399999618530273,20.700000762939453,20.299999237060547,20.700000762939453,11430100
2024-10-29,18.910263061523438,20.799999237060547,21.100000381469727,20.5,20.5,18205500
2024-10-30,18.728431701660156,20.600000381469727,21.100000381469727,20.600000381469727,21.0,9366500
2024-10-31,18.819347381591797,20.700000762939453,20.899999618530273,20.600000381469727,20.700000762939453,5577100
2024-11-01,19.092092514038086,21.0,21.100000381469727,20.700000762939453,20.700000762939453,5139800
2024-11-04,19.001176834106445,20.899999618530273,21.100000381469727,20.799999237060547,21.0,3456700
2024-11-05,19.273921966552734,21.200000762939453,21.299999237060547,20.799999237060547,21.0,6021100
2024-11-06,18.819347381591797,20.700000762939453,21.299999237060547,20.5,21.299999237060547,10997700
2024-11-07,18.728431701660156,20.600000381469727,20.799999237060547,20.5,20.700000762939453,4031200
2024-11-08,18.728431701660156,20.600000381469727,20.899999618530273,20.5,20.700000762939453,4083200
2024-11-11,18.637516021728516,20.5,20.600000381469727,20.0,20.600000381469727,5981800
2024-11-12,18.27385711669922,20.100000381469727,20.399999618530273,20.0,20.299999237060547,5266500
2024-11-13,18.001113891601562,19.799999237060547,20.200000762939453,19.799999237060547,20.0,10376300
2024-11-14,19.092092514038086,21.0,21.299999237060547,20.299999237060547,20.299999237060547,28905900
2024-11-15,19.092092514038086,21.0,21.200000762939453,20.700000762939453,21.100000381469727,8668200
2024-11-18,19.183006286621094,21.100000381469727,21.299999237060547,20.899999618530273,21.100000381469727,7501200
2024-11-19,19.092092514038086,21.0,21.299999237060547,20.899999618530273,21.200000762939453,7600300
2024-11-20,18.819347381591797,20.700000762939453,21.0,20.700000762939453,21.0,3447800
2024-11-21,19.001176834106445,20.899999618530273,21.299999237060547,20.799999237060547,21.0,6065100
2024-11-22,19.001176834106445,20.899999618530273,21.0,20.700000762939453,20.899999618530273,6793100
2024-11-25,19.273921966552734,21.200000762939453,21.399999618530273,21.0,21.0,8477300
2024-11-26,19.36483383178711,21.299999237060547,21.700000762939453,21.299999237060547,21.399999618530273,7586100
2024-11-27,19.455747604370117,21.399999618530273,21.5,21.0,21.299999237060547,5616600
2024-11-28,19.546663284301758,21.5,21.5,21.100000381469727,21.399999618530273,5853400
2024-11-29,19.637577056884766,21.600000381469727,21.700000762939453,21.299999237060547,21.5,5449100
2024-12-02,19.637577056884766,21.600000381469727,21.799999237060547,21.5,21.799999237060547,3886700
2024-12-03,19.546663284301758,21.5,21.600000381469727,21.299999237060547,21.600000381469727,6708600
2024-12-04,19.546663284301758,21.5,21.700000762939453,21.399999618530273,21.600000381469727,3909000
2024-12-06,19.637577056884766,21.600000381469727,21.700000762939453,21.399999618530273,21.5,4277800
2024-12-09,19.637577056884766,21.600000381469727,21.700000762939453,21.5,21.600000381469727,3607600
2024-12-11,19.637577056884766,21.600000381469727,22.100000381469727,21.600000381469727,21.799999237060547,8752500
2024-12-12,19.36483383178711,21.299999237060547,21.600000381469727,21.100000381469727,21.600000381469727,9498100
2024-12-13,19.273921966552734,21.200000762939453,21.399999618530273,21.100000381469727,21.200000762939453,3175700
2024-12-16,19.001176834106445,20.899999618530273,21.299999237060547,20.799999237060547,21.200000762939453,5029400
2024-12-17,18.455686569213867,20.299999237060547,20.899999618530273,20.200000762939453,20.899999618530273,6704300
2024-12-18,19.092092514038086,21.0,21.100000381469727,20.100000381469727,20.299999237060547,11253200
2024-12-19,19.001176834106445,20.899999618530273,21.100000381469727,20.600000381469727,20.799999237060547,5531000
2024-12-20,19.273921966552734,21.200000762939453,21.200000762939453,20.700000762939453,20.899999618530273,8840900
2024-12-23,19.455747604370117,21.399999618530273,21.399999618530273,21.0,21.299999237060547,4797700
2024-12-24,19.36483383178711,21.299999237060547,21.5,21.200000762939453,21.5,5618100
2024-12-25,19.546663284301758,21.5,21.5,21.100000381469727,21.399999618530273,5105700
2024-12-26,19.36483383178711,21.299999237060547,21.5,21.200000762939453,21.5,1820500
2024-12-27,19.273921966552734,21.200000762939453,21.399999618530273,21.100000381469727,21.200000762939453,3527800
2024-12-30,18.910263061523438,20.799999237060547,21.600000381469727,20.799999237060547,21.299999237060547,11740600
2025-01-02,18.728431701660156,20.600000381469727,20.899999618530273,20.399999618530273,20.700000762939453,10741800
2025-01-03,18.819347381591797,20.700000762939453,20.899999618530273,20.600000381469727,20.600000381469727,8169800
2025-01-06,18.637516021728516,20.5,20.799999237060547,20.5,20.799999237060547,4880800
2025-01-07,18.819347381591797,20.700000762939453,21.100000381469727,20.5,20.5,6886100
2025-01-08,19.273921966552734,21.200000762939453,21.299999237060547,20.5,20.700000762939453,12263200
2025-01-09,18.910263061523438,20.799999237060547,21.299999237060547,20.600000381469727,21.299999237060547,9399700
2025-01-10,19.183006286621094,21.100000381469727,21.299999237060547,20.600000381469727,20.700000762939453,11651900
2025-01-13,19.183006286621094,21.100000381469727,21.200000762939453,20.799999237060547,20.899999618530273,5656300
2025-01-14,18.910263061523438,20.799999237060547,21.200000762939453,20.700000762939453,21.200000762939453,3463300
2025-01-15,19.36483383178711,21.299999237060547,21.5,20.799999237060547,20.899999618530273,11789100
2025-01-16,19.36483383178711,21.299999237060547,21.5,21.0,21.299999237060547,8298400
2025-01-17,19.183006286621094,21.100000381469727,21.399999618530273,21.0,21.200000762939453,4464800
2025-01-20,19.273921966552734,21.200000762939453,21.299999237060547,20.899999618530273,21.100000381469727,4700400
2025-01-21,19.546663284301758,21.5,21.600000381469727,21.200000762939453,21.299999237060547,8807700
2025-01-22,18.910263061523438,20.799999237060547,21.600000381469727,20.799999237060547,21.399999618530273,16447100
2025-01-23,18.910263061523438,20.799999237060547,20.899999618530273,20.600000381469727,20.899999618530273,9861000
2025-01-24,18.819347381591797,20.700000762939453,20.799999237060547,20.299999237060547,20.799999237060547,9095100
2025-01-27,18.637516021728516,20.5,20.799999237060547,20.299999237060547,20.799999237060547,4479600
2025-01-28,17.182880401611328,18.899999618530273,20.700000762939453,18.299999237060547,20.5,48661700
2025-01-29,16.00098991394043,17.600000381469727,18.600000381469727,17.399999618530273,18.5,53961900
2025-01-30,15.546418190002441,17.100000381469727,17.600000381469727,16.600000381469727,17.5,63326000
2025-01-31,14.728184700012207,16.200000762939453,17.399999618530273,16.100000381469727,17.100000381469727,54370500
2025-02-03,14.091781616210938,15.5,15.699999809265137,14.899999618530273,15.300000190734863,37844500
2025-02-04,13.909952163696289,15.300000190734863,16.0,15.300000190734863,15.899999618530273,27894600
2025-02-05,14.364524841308594,15.800000190734863,16.100000381469727,15.399999618530273,15.399999618530273,27591600
2025-02-06,13.546293258666992,14.899999618530273,15.800000190734863,14.899999618530273,15.800000190734863,33250400
2025-02-07,13.819036483764648,15.199999809265137,15.199999809265137,14.600000381469727,15.0,26054100
2025-02-10,13.364463806152344,14.699999809265137,15.0,14.399999618530273,15.0,16369200
2025-02-11,13.546293258666992,14.899999618530273,15.100000381469727,14.399999618530273,14.600000381469727,18452600
2025-02-13,13.182633399963379,14.5,15.0,14.5,14.899999618530273,10663300
2025-02-14,13.273548126220703,14.600000381469727,14.699999809265137,14.399999618530273,14.600000381469727,8604400
2025-02-17,13.63720703125,15.0,15.0,14.699999809265137,15.0,7659400
2025-02-18,13.909952163696289,15.300000190734863,15.5,15.0,15.199999809265137,14658400
2025-02-19,14.000866889953613,15.399999618530273,15.800000190734863,15.399999618530273,15.600000381469727,11029500
2025-02-20,13.546293258666992,14.899999618530273,15.300000190734863,14.600000381469727,15.300000190734863,22213000
2025-02-21,12.909890174865723,14.199999809265137,14.899999618530273,14.199999809265137,14.899999618530273,23386500
2025-02-24,12.728060722351074,14.0,14.399999618530273,13.800000190734863,14.199999809265137,18457600
2025-02-25,12.546231269836426,13.800000190734863,14.0,13.5,13.899999618530273,12310000
2025-02-26,13.182633399963379,14.5,14.899999618530273,13.899999618530273,14.100000381469727,23021300
2025-02-27,13.000804901123047,14.300000190734863,14.5,13.800000190734863,14.300000190734863,16521600
2025-02-28,13.546293258666992,14.899999618530273,15.100000381469727,13.899999618530273,14.0,26348600
2025-03-03,13.546293258666992,14.899999618530273,15.0,14.5,14.699999809265137,10759300
2025-03-04,13.364463806152344,14.699999809265137,15.0,14.399999618530273,14.800000190734863,12455900
2025-03-05,13.819036483764648,15.199999809265137,15.399999618530273,14.600000381469727,14.800000190734863,12762200
2025-03-06,14.27361011505127,15.699999809265137,16.100000381469727,15.399999618530273,15.399999618530273,40057800
2025-03-07,14.728184700012207,16.200000762939453,16.200000762939453,15.399999618530273,15.600000381469727,15792700
2025-03-10,14.182696342468262,15.600000381469727,16.100000381469727,15.5,16.100000381469727,8567300
2025-03-11,14.27361011505127,15.699999809265137,15.699999809265137,15.300000190734863,15.300000190734863,10038400
2025-03-12,13.819036483764648,15.199999809265137,15.600000381469727,15.199999809265137,15.600000381469727,6906900
2025-03-13,13.546293258666992,14.899999618530273,15.300000190734863,14.800000190734863,15.300000190734863,15600000
2025-03-14,13.63720703125,15.0,15.300000190734863,14.899999618530273,15.0,8273700
2025-03-17,13.728121757507324,15.100000381469727,15.300000190734863,15.0,15.0,4181500
2025-03-18,13.909952163696289,15.300000190734863,15.399999618530273,15.0,15.199999809265137,7993100
2025-03-19,14.000866889953613,15.399999618530273,15.699999809265137,15.199999809265137,15.300000190734863,6918400
2025-03-20,13.819036483764648,15.199999809265137,15.600000381469727,15.199999809265137,15.399999618530273,5530200
2025-03-21,13.819036483764648,15.199999809265137,15.399999618530273,15.199999809265137,15.199999809265137,6571100
2025-03-24,13.63720703125,15.0,15.300000190734863,15.0,15.100000381469727,7612300
2025-03-25,12.909890174865723,14.199999809265137,15.0,14.0,14.899999618530273,23701200
2025-03-26,13.091718673706055,14.399999618530273,14.600000381469727,14.199999809265137,14.5,7826700
2025-03-27,13.455379486083984,14.800000190734863,15.0,14.399999618530273,14.5,12115700
2025-03-28,13.273548126220703,14.600000381469727,14.899999618530273,14.5,14.800000190734863,3461600
2025-03-31,12.273486137390137,13.5,13.800000190734863,13.100000381469727,13.600000381469727,33442100
2025-04-01,12.455316543579102,13.699999809265137,14.100000381469727,13.600000381469727,13.600000381469727,11681600
2025-04-02,12.728060722351074,14.0,14.100000381469727,13.699999809265137,13.699999809265137,9385700
2025-04-03,12.909890174865723,14.199999809265137,14.300000190734863,13.600000381469727,13.899999618530273,14535600
2025-04-04,12.637145042419434,13.899999618530273,14.199999809265137,13.699999809265137,14.100000381469727,11768300
2025-04-08,12.00074291229248,13.199999809265137,13.5,12.899999618530273,13.399999618530273,9528000
2025-04-09,12.182571411132812,13.399999618530273,13.600000381469727,12.899999618530273,13.199999809265137,8298300
2025-04-10,12.455316543579102,13.699999809265137,14.100000381469727,13.399999618530273,14.0,12655600
2025-04-11,12.455316543579102,13.699999809265137,13.800000190734863,13.5,13.800000190734863,7367000
2025-04-16,13.091718673706055,14.399999618530273,14.5,13.800000190734863,13.800000190734863,7179400
2025-04-17,13.000804901123047,14.300000190734863,14.399999618530273,13.800000190734863,14.100000381469727,8083400
2025-04-18,13.182633399963379,14.5,14.699999809265137,14.300000190734863,14.300000190734863,3904900
2025-04-21,13.000804901123047,14.300000190734863,14.5,14.100000381469727,14.5,5050600
2025-04-22,13.455379486083984,14.800000190734863,14.899999618530273,14.399999618530273,14.399999618530273,9442800
2025-04-23,13.364463806152344,14.699999809265137,14.899999618530273,14.600000381469727,14.800000190734863,5544800
2025-04-24,13.819036483764648,15.199999809265137,15.300000190734863,14.600000381469727,14.600000381469727,14983900
2025-04-25,14.455439567565918,15.899999618530273,16.100000381469727,15.300000190734863,15.399999618530273,17422700
2025-04-28,14.182696342468262,15.600000381469727,16.0,15.399999618530273,16.0,10868900
2025-04-29,14.364524841308594,15.800000190734863,15.800000190734863,15.399999618530273,15.600000381469727,10601200
2025-04-30,14.364524841308594,15.800000190734863,15.899999618530273,15.600000381469727,15.800000190734863,6438100
2025-05-02,14.27361011505127,15.699999809265137,16.0,15.699999809265137,15.899999618530273,8354300
2025-05-06,13.909952163696289,15.300000190734863,16.0,15.300000190734863,15.899999618530273,15053800
2025-05-07,14.455439567565918,15.899999618530273,16.100000381469727,15.399999618530273,15.5,21105800
2025-05-08,14.177451133728027,15.300000190734863,15.699999809265137,15.199999809265137,15.5,12446200
2025-05-09,14.177451133728027,15.300000190734863,15.399999618530273,15.100000381469727,15.399999618530273,4369100
2025-05-13,14.177451133728027,15.300000190734863,15.600000381469727,15.100000381469727,15.5,6433000
2025-05-14,13.899460792541504,15.0,15.300000190734863,14.800000190734863,15.300000190734863,7635500
2025-05-15,14.084787368774414,15.199999809265137,15.699999809265137,15.0,15.399999618530273,24288000
2025-05-16,14.270112991333008,15.399999618530273,15.699999809265137,15.199999809265137,15.300000190734863,10278600
2025-05-19,13.621472358703613,14.699999809265137,15.399999618530273,14.699999809265137,15.300000190734863,11386500
2025-05-20,13.714136123657227,14.800000190734863,14.899999618530273,14.5,14.800000190734863,15156700
2025-05-21,13.436145782470703,14.5,15.0,14.300000190734863,14.899999618530273,12625000
2025-05-22,14.084787368774414,15.199999809265137,15.399999618530273,14.5,14.5,25282900
2025-05-23,15.75272274017334,17.0,17.0,16.299999237060547,16.299999237060547,32287100
2025-05-26,15.474733352661133,16.700000762939453,16.899999618530273,16.399999618530273,16.899999618530273,23085900
2025-05-27,15.011418342590332,16.200000762939453,16.899999618530273,16.100000381469727,16.600000381469727,23128600
2025-05-28,15.289407730102539,16.5,16.700000762939453,15.899999618530273,16.100000381469727,20331500
2025-05-29,15.011418342590332,16.200000762939453,16.700000762939453,16.200000762939453,16.600000381469727,11821900
2025-05-30,14.733428001403809,15.899999618530273,16.200000762939453,15.899999618530273,16.0,7051200
2025-06-04,14.640766143798828,15.800000190734863,16.299999237060547,15.699999809265137,16.0,9973200
2025-06-05,14.640766143798828,15.800000190734863,16.0,15.699999809265137,15.699999809265137,6094600
2025-06-06,14.918755531311035,16.100000381469727,16.100000381469727,15.300000190734863,15.800000190734863,12324200
2025-06-09,14.640766143798828,15.800000190734863,16.200000762939453,15.800000190734863,16.200000762939453,3392500
2025-06-10,14.733428001403809,15.899999618530273,16.100000381469727,15.800000190734863,15.800000190734863,3515300
2025-06-11,14.918755531311035,16.100000381469727,16.299999237060547,15.699999809265137,16.0,10793200
2025-06-12,14.640766143798828,15.800000190734863,16.100000381469727,15.699999809265137,16.0,7831700
2025-06-13,14.270112991333008,15.399999618530273,15.699999809265137,15.199999809265137,15.699999809265137,7964000
2025-06-16,13.992124557495117,15.100000381469727,15.5,14.899999618530273,15.399999618530273,9451000
2025-06-17,13.992124557495117,15.100000381469727,15.399999618530273,15.100000381469727,15.100000381469727,3664900
2025-06-18,13.806797981262207,14.899999618530273,15.5,14.800000190734863,15.100000381469727,6618500
2025-06-19,13.25082015991211,14.300000190734863,14.699999809265137,14.300000190734863,14.399999618530273,6815900
2025-06-20,12.972830772399902,14.0,14.5,14.0,14.300000190734863,7027000
2025-06-23,12.787505149841309,13.800000190734863,14.100000381469727,13.600000381469727,14.100000381469727,7902000
2025-06-24,13.528809547424316,14.600000381469727,14.600000381469727,14.0,14.0,9486200
2025-06-25,13.806797981262207,14.899999618530273,14.899999618530273,14.399999618530273,14.600000381469727,8327600
2025-06-26,13.528809547424316,14.600000381469727,14.899999618530273,14.5,14.899999618530273,7716600
2025-06-27,13.34348201751709,14.399999618530273,14.899999618530273,14.399999618530273,14.600000381469727,5497500
2025-06-30,13.899460792541504,15.0,15.0,14.5,14.5,6876100
2025-07-01,13.992124557495117,15.100000381469727,15.100000381469727,14.5,15.100000381469727,10754500
2025-07-02,14.084787368774414,15.199999809265137,15.199999809265137,14.800000190734863,15.100000381469727,6392100
2025-07-03,14.640766143798828,15.800000190734863,16.0,15.100000381469727,15.100000381469727,10199000
2025-07-04,14.084787368774414,15.199999809265137,15.699999809265137,15.199999809265137,15.699999809265137,6524300
2025-07-07,14.270112991333008,15.399999618530273,15.399999618530273,15.0,15.199999809265137,3161600
2025-07-08,14.270112991333008,15.399999618530273,15.399999618530273,15.0,15.100000381469727,4034900
2025-07-09,14.362776756286621,15.5,15.600000381469727,15.199999809265137,15.399999618530273,9431000
2025-07-11,14.270112991333008,15.399999618530273,15.600000381469727,15.199999809265137,15.600000381469727,6141700
2025-07-14,14.640766143798828,15.800000190734863,15.899999618530273,15.199999809265137,15.199999809265137,9797700
2025-07-15,15.289407730102539,16.5,16.700000762939453,15.699999809265137,15.699999809265137,14071700
2025-07-16,15.382072448730469,16.600000381469727,16.899999618530273,16.100000381469727,16.299999237060547,19421700
2025-07-17,15.382072448730469,16.600000381469727,16.799999237060547,16.299999237060547,16.700000762939453,12297900
2025-07-18,15.382072448730469,16.600000381469727,16.899999618530273,16.5,16.600000381469727,8934400
2025-07-21,15.104081153869629,16.299999237060547,16.700000762939453,16.100000381469727,16.600000381469727,7995800
2025-07-22,15.474733352661133,16.700000762939453,17.0,16.399999618530273,16.399999618530273,22001100
2025-07-23,16.123374938964844,17.399999618530273,17.399999618530273,16.899999618530273,17.0,23571600
2025-07-24,15.56739616394043,16.799999237060547,17.100000381469727,16.700000762939453,17.0,20508900
2025-07-25,16.123374938964844,17.399999618530273,17.399999618530273,16.700000762939453,16.700000762939453,13169500
2025-07-29,16.308700561523438,17.600000381469727,17.899999618530273,17.200000762939453,17.5,13992000
2025-07-30,16.86467933654785,18.200000762939453,18.200000762939453,17.600000381469727,17.799999237060547,13127600
2025-07-31,16.58669090270996,17.899999618530273,18.200000762939453,17.799999237060547,18.100000381469727,7833600
2025-08-01,16.308700561523438,17.600000381469727,18.299999237060547,17.5,18.100000381469727,8757500
2025-08-04,16.401365280151367,17.700000762939453,17.799999237060547,17.399999618530273,17.799999237060547,3153700
2025-08-05,16.86467933654785,18.200000762939453,18.299999237060547,17.799999237060547,18.0,7995100
2025-08-06,17.420658111572266,18.799999237060547,18.899999618530273,18.0,18.0,14212600
2025-08-07,17.142669677734375,18.5,18.799999237060547,18.399999618530273,18.799999237060547,9800400
2025-08-08,17.050004959106445,18.399999618530273,18.5,18.200000762939453,18.399999618530273,6740100
2025-08-13,17.050004959106445,18.399999618530273,18.700000762939453,18.299999237060547,18.399999618530273,6463500
2025-08-14,16.772014617919922,18.100000381469727,18.5,18.0,18.5,16006000
2025-08-15,16.494028091430664,17.799999237060547,18.100000381469727,17.600000381469727,18.100000381469727,9164500
2025-08-18,16.123374938964844,17.399999618530273,18.100000381469727,17.399999618530273,17.799999237060547,5071600
2025-08-19,15.56739616394043,16.799999237060547,17.399999618530273,16.799999237060547,17.399999618530273,18678300
2025-08-20,16.030712127685547,17.299999237060547,17.399999618530273,16.700000762939453,16.799999237060547,15874600
2025-08-21,16.216039657592773,17.5,17.700000762939453,17.200000762939453,17.399999618530273,10715000
2025-08-22,16.030712127685547,17.299999237060547,17.600000381469727,17.299999237060547,17.5,4000000
2025-08-25,16.401365280151367,17.700000762939453,17.799999237060547,17.299999237060547,17.5,3737800
2025-08-26,15.75272274017334,17.0,17.700000762939453,17.0,17.700000762939453,11504100
2025-08-27,15.84538745880127,17.100000381469727,17.299999237060547,17.0,17.200000762939453,6053600
2025-08-28,15.655620574951172,16.5,16.700000762939453,16.299999237060547,16.600000381469727,13151900
2025-08-29,15.560738563537598,16.399999618530273,16.600000381469727,16.200000762939453,16.5,11154800
2025-09-01,15.37097454071045,16.200000762939453,16.5,15.899999618530273,16.299999237060547,6876800
2025-09-02,15.655620574951172,16.5,16.700000762939453,16.200000762939453,16.299999237060547,4365800
2025-09-03,16.224916458129883,17.100000381469727,17.200000762939453,16.600000381469727,16.600000381469727,13975100
2025-09-04,16.319799423217773,17.200000762939453,17.5,17.0,17.100000381469727,15023700
2025-09-05,16.699329376220703,17.600000381469727,17.899999618530273,17.200000762939453,17.399999618530273,12442100
2025-09-08,17.932802200317383,18.899999618530273,19.100000381469727,18.100000381469727,18.200000762939453,28782300
2025-09-09,18.407215118408203,19.399999618530273,19.399999618530273,18.799999237060547,18.899999618530273,18976800
2025-09-10,18.502098083496094,19.5,19.5,19.0,19.299999237060547,16086700
2025-09-11,18.027685165405273,19.0,19.399999618530273,19.0,19.100000381469727,14654700
2025-09-12,18.027685165405273,19.0,19.299999237060547,18.899999618530273,19.200000762939453,2566500
2025-09-15,17.932802200317383,18.899999618530273,19.0,18.700000762939453,19.0,3213500
2025-09-16,18.027685165405273,19.0,19.299999237060547,18.799999237060547,18.899999618530273,5316300
2025-09-17,18.027685165405273,19.0,19.200000762939453,18.799999237060547,19.0,6455800
2025-09-18,17.932802200317383,18.899999618530273,19.100000381469727,18.600000381469727,19.0,6561300
2025-09-19,17.837919235229492,18.799999237060547,18.799999237060547,18.399999618530273,18.600000381469727,8516100
2025-09-22,17.173742294311523,18.100000381469727,18.799999237060547,18.0,18.799999237060547,15906500
2025-09-23,16.319799423217773,17.200000762939453,18.100000381469727,17.100000381469727,18.0,21080300
2025-09-24,16.414682388305664,17.299999237060547,17.5,16.700000762939453,17.100000381469727,17736100
2025-09-25,16.699329376220703,17.600000381469727,17.700000762939453,17.200000762939453,17.299999237060547,8177100
2025-09-26,16.88909339904785,17.799999237060547,17.899999618530273,17.600000381469727,17.799999237060547,5546800
2025-09-29,16.794212341308594,17.700000762939453,17.799999237060547,17.5,17.799999237060547,7168000
2025-09-30,16.319799423217773,17.200000762939453,17.600000381469727,17.100000381469727,17.600000381469727,10842100
2025-10-01,16.130033493041992,17.0,17.299999237060547,16.899999618530273,17.200000762939453,6753500
2025-10-02,16.130033493041992,17.0,17.299999237060547,17.0,17.100000381469727,7744300
2025-10-03,16.035152435302734,16.899999618530273,17.100000381469727,16.799999237060547,17.0,7188500
2025-10-06,15.940267562866211,16.799999237060547,17.100000381469727,16.799999237060547,17.100000381469727,4792500
2025-10-07,15.940267562866211,16.799999237060547,16.799999237060547,16.799999237060547,16.799999237060547,0
2025-10-08,16.130033493041992,17.0,17.299999237060547,16.899999618530273,17.100000381469727,6164100
2025-10-09,16.035152435302734,16.899999618530273,17.0,16.799999237060547,17.0,6704200
2025-10-10,15.84538745880127,16.700000762939453,16.899999618530273,16.600000381469727,16.899999618530273,4140300
2025-10-14,15.465855598449707,16.299999237060547,16.899999618530273,16.299999237060547,16.799999237060547,10705000
2025-10-15,15.465855598449707,16.299999237060547,16.5,16.200000762939453,16.399999618530273,7527700
2025-10-16,15.276091575622559,16.100000381469727,16.5,15.899999618530273,16.299999237060547,11026000
2025-10-17,15.086324691772461,15.899999618530273,16.200000762939453,15.699999809265137,16.0,12279000
2025-10-20,15.37097454071045,16.200000762939453,16.399999618530273,16.0,16.100000381469727,12048200
2025-10-21,15.276091575622559,16.100000381469727,16.299999237060547,16.0,16.299999237060547,5359200
2025-10-22,15.37097454071045,16.200000762939453,16.399999618530273,15.800000190734863,16.100000381469727,7364700
2025-10-24,15.750504493713379,16.600000381469727,16.700000762939453,16.100000381469727,16.299999237060547,6470300
2025-10-27,15.750504493713379,16.600000381469727,17.100000381469727,16.600000381469727,17.100000381469727,6560100
2025-10-28,14.991443634033203,15.800000190734863,16.5,15.699999809265137,16.399999618530273,13901800
2025-10-29,14.706795692443848,15.5,15.899999618530273,15.399999618530273,15.699999809265137,6032800
2025-10-30,14.896560668945312,15.699999809265137,15.699999809265137,15.399999618530273,15.399999618530273,4115400
2025-10-31,14.896560668945312,15.699999809265137,15.699999809265137,15.399999618530273,15.600000381469727,2582600
2025-11-03,14.517030715942383,15.300000190734863,15.800000190734863,15.300000190734863,15.699999809265137,3536900
2025-11-04,14.327265739440918,15.100000381469727,15.600000381469727,14.899999618530273,15.600000381469727,6157600
2025-11-05,14.042617797851562,14.800000190734863,15.199999809265137,14.600000381469727,15.0,8816000
2025-11-06,14.327265739440918,15.100000381469727,15.199999809265137,14.600000381469727,14.800000190734863,6305300
2025-11-07,14.137499809265137,14.899999618530273,15.100000381469727,14.899999618530273,14.899999618530273,1235800
2025-11-10,14.801678657531738,15.600000381469727,15.899999618530273,15.199999809265137,15.199999809265137,14696000
2025-11-11,14.991443634033203,15.800000190734863,15.800000190734863,15.199999809265137,15.399999618530273,6487600
2025-11-12,14.801678657531738,15.600000381469727,15.699999809265137,15.300000190734863,15.699999809265137,3325400
2025-11-13,15.181208610534668,16.0,16.0,15.100000381469727,15.699999809265137,14277800
2025-11-14,14.896560668945312,15.699999809265137,15.899999618530273,15.399999618530273,15.800000190734863,7865300
2025-11-17,15.086324691772461,15.899999618530273,15.899999618530273,15.5,15.699999809265137,3908000
2025-11-18,14.611912727355957,15.399999618530273,15.800000190734863,15.399999618530273,15.600000381469727,6240400
2025-11-19,14.422148704528809,15.199999809265137,15.5,15.100000381469727,15.399999618530273,5263000
2025-11-20,14.517030715942383,15.300000190734863,15.600000381469727,15.199999809265137,15.399999618530273,5988400
2025-11-21,14.422148704528809,15.199999809265137,15.300000190734863,15.0,15.100000381469727,9383100
2025-11-24,14.896560668945312,15.699999809265137,16.0,15.199999809265137,15.199999809265137,17224500
2025-11-25,14.801678657531738,15.600000381469727,15.800000190734863,15.5,15.699999809265137,4714700
2025-11-26,14.801678657531738,15.600000381469727,16.200000762939453,15.600000381469727,16.0,11989500
2025-11-27,14.896560668945312,15.699999809265137,15.800000190734863,15.5,15.600000381469727,3427600
2025-11-28,14.991443634033203,15.800000190734863,15.899999618530273,15.699999809265137,15.800000190734863,5107200
2025-12-01,15.181208610534668,16.0,16.0,15.800000190734863,15.899999618530273,7053600
2025-12-02,15.181208610534668,16.0,16.100000381469727,15.800000190734863,16.0,4823700
2025-12-03,14.991443634033203,15.800000190734863,16.100000381469727,15.699999809265137,16.100000381469727,5804500
2025-12-04,14.991443634033203,15.800000190734863,15.899999618530273,15.699999809265137,15.800000190734863,6392000
2025-12-08,14.327265739440918,15.100000381469727,15.699999809265137,15.100000381469727,15.699999809265137,5384900
2025-12-09,14.896560668945312,15.699999809265137,15.699999809265137,15.100000381469727,15.100000381469727,5189800
2025-12-11,14.991443634033203,15.800000190734863,15.800000190734863,15.300000190734863,15.800000190734863,3216500
2025-12-12,14.991443634033203,15.800000190734863,15.899999618530273,15.399999618530273,15.800000190734863,8214700
2025-12-15,15.276091575622559,16.100000381469727,16.100000381469727,15.699999809265137,15.800000190734863,9755200
2025-12-16,15.181208610534668,16.0,16.100000381469727,15.800000190734863,16.0,4503000
2025-12-17,15.086324691772461,15.899999618530273,16.299999237060547,15.899999618530273,16.0,5440800
2025-12-18,15.181208610534668,16.0,16.100000381469727,15.800000190734863,15.800000190734863,3872100
2025-12-19,15.465855598449707,16.299999237060547,16.299999237060547,15.899999618530273,16.0,8083000
2025-12-22,15.465855598449707,16.299999237060547,16.5,16.0,16.399999618530273,7845100
2025-12-23,15.560738563537598,16.399999618530273,16.700000762939453,16.299999237060547,16.5,6508700
2025-12-24,15.465855598449707,16.299999237060547,16.700000762939453,16.200000762939453,16.399999618530273,6435900
2025-12-25,14.991443634033203,15.800000190734863,16.299999237060547,15.699999809265137,16.299999237060547,11597900
2025-12-26,14.706795692443848,15.5,15.899999618530273,15.399999618530273,15.899999618530273,14934400
2025-12-29,14.991443634033203,15.800000190734863,15.899999618530273,15.5,15.600000381469727,9333900
2025-12-30,15.276091575622559,16.100000381469727,16.200000762939453,15.699999809265137,15.699999809265137,6325300
2026-01-05,15.086324691772461,15.899999618530273,16.299999237060547,15.699999809265137,16.200000762939453,6440100
2026-01-06,14.991443634033203,15.800000190734863,16.100000381469727,15.800000190734863,15.899999618530273,7084800
2026-01-07,15.655620574951172,16.5,16.5,16.0,16.0,10501400
2026-01-08,15.37097454071045,16.200000762939453,16.5,16.100000381469727,16.399999618530273,9791400
2026-01-09,15.655620574951172,16.5,16.700000762939453,16.200000762939453,16.200000762939453,7857200
2026-01-12,15.655620574951172,16.5,16.799999237060547,16.5,16.700000762939453,10855300
2026-01-13,15.84538745880127,16.700000762939453,17.399999618530273,16.5,17.0,20218400
2026-01-14,16.130033493041992,17.0,17.0,16.600000381469727,16.700000762939453,9954500
2026-01-15,16.319799423217773,17.200000762939453,17.200000762939453,16.799999237060547,17.0,8133800
2026-01-16,16.794212341308594,17.700000762939453,17.700000762939453,16.799999237060547,17.200000762939453,14992500
2026-01-19,16.509563446044922,17.399999618530273,17.700000762939453,17.100000381469727,17.700000762939453,16327700
2026-01-20,16.319799423217773,17.200000762939453,17.600000381469727,17.200000762939453,17.399999618530273,14178000
2026-01-21,16.794212341308594,17.700000762939453,17.799999237060547,17.399999618530273,17.399999618530273,10389800
2026-01-22,16.509563446044922,17.399999618530273,17.700000762939453,17.200000762939453,17.600000381469727,7421500
2026-01-23,16.035152435302734,16.899999618530273,17.399999618530273,16.700000762939453,17.399999618530273,12798900
2026-01-26,16.130033493041992,17.0,17.299999237060547,16.799999237060547,17.100000381469727,8380200
2026-01-27,16.414682388305664,17.299999237060547,17.399999618530273,17.0,17.0,6300800
2026-01-28,16.414682388305664,17.299999237060547,17.399999618530273,17.100000381469727,17.200000762939453,4400400
2026-01-29,16.604446411132812,17.5,17.600000381469727,17.200000762939453,17.399999618530273,8815000
2026-01-30,16.794212341308594,17.700000762939453,17.799999237060547,17.399999618530273,17.5,15587200
2026-02-02,16.983976364135742,17.899999618530273,17.899999618530273,17.399999618530273,17.600000381469727,8650500
2026-02-03,16.88909339904785,17.799999237060547,18.200000762939453,17.799999237060547,17.899999618530273,10200500
2026-02-04,16.88909339904785,17.799999237060547,17.799999237060547,17.399999618530273,17.799999237060547,9222000
2026-02-05,16.983976364135742,17.899999618530273,17.899999618530273,17.5,17.700000762939453,4235800
2026-02-06,16.88909339904785,17.799999237060547,18.100000381469727,17.700000762939453,17.899999618530273,3617700
2026-02-09,17.458389282226562,18.399999618530273,18.399999618530273,18.100000381469727,18.299999237060547,15234100
2026-02-10,17.458389282226562,18.399999618530273,18.399999618530273,18.100000381469727,18.399999618530273,8954700
2026-02-11,17.363506317138672,18.299999237060547,18.5,18.100000381469727,18.5,11571100
2026-02-12,17.553272247314453,18.5,18.700000762939453,18.299999237060547,18.299999237060547,8430900
2026-02-13,17.363506317138672,18.299999237060547,18.600000381469727,18.100000381469727,18.399999618530273,9276800
2026-02-16,17.458389282226562,18.399999618530273,18.5,18.200000762939453,18.399999618530273,4116700
2026-02-17,17.553272247314453,18.5,18.5,18.0,18.299999237060547,14334600
2026-02-18,17.743038177490234,18.700000762939453,18.799999237060547,18.5,18.5,8438000
2026-02-19,17.837919235229492,18.799999237060547,18.899999618530273,18.5,18.600000381469727,6793400
2026-02-20,17.648155212402344,18.600000381469727,18.799999237060547,18.299999237060547,18.799999237060547,7925700
2026-02-23,17.553272247314453,18.5,18.600000381469727,18.100000381469727,18.600000381469727,5708700
2026-02-24,17.553272247314453,18.5,18.600000381469727,18.100000381469727,18.399999618530273,3889400
2026-02-25,17.648155212402344,18.600000381469727,18.799999237060547,18.600000381469727,18.700000762939453,5249100
2026-02-26,16.983976364135742,17.899999618530273,18.399999618530273,17.899999618530273,18.399999618530273,26148300
2026-02-27,16.319799423217773,17.200000762939453,17.899999618530273,17.200000762939453,17.899999618530273,31159300
2026-03-02,15.276091575622559,16.100000381469727,17.100000381469727,15.899999618530273,16.700000762939453,36587300
2026-03-04,14.232382774353027,15.0,15.399999618530273,14.199999809265137,15.100000381469727,25883800
2026-03-05,14.042617797851562,14.800000190734863,15.699999809265137,14.5,15.699999809265137,38839600
2026-03-06,14.137499809265137,14.899999618530273,15.0,14.699999809265137,14.699999809265137,15113900
2026-03-09,14.042617797851562,14.800000190734863,14.800000190734863,13.699999809265137,14.0,17307100
2026-03-10,13.947735786437988,14.699999809265137,15.100000381469727,14.399999618530273,15.100000381469727,22330000
2026-03-11,13.568204879760742,14.300000190734863,14.899999618530273,14.300000190734863,14.800000190734863,15596400
2026-03-12,13.852852821350098,14.600000381469727,14.699999809265137,14.199999809265137,14.300000190734863,17839600
2026-03-13,13.663086891174316,14.399999618530273,14.5,14.199999809265137,14.5,8280800
2026-03-16,13.473322868347168,14.199999809265137,14.300000190734863,14.100000381469727,14.199999809265137,9873400
2026-03-17,13.568204879760742,14.300000190734863,14.600000381469727,14.300000190734863,14.399999618530273,15839500
2026-03-18,13.757970809936523,14.5,14.699999809265137,14.300000190734863,14.399999618530273,18102400
2026-03-19,13.283557891845703,14.0,14.399999618530273,13.899999618530273,14.300000190734863,17746000
2026-03-20,13.663086891174316,14.399999618530273,14.399999618530273,14.0,14.199999809265137,11899900
2026-03-23,13.283557891845703,14.0,14.199999809265137,13.899999618530273,13.899999618530273,10195700
2026-03-24,13.473322868347168,14.199999809265137,14.199999809265137,13.899999618530273,14.199999809265137,7807800
2026-03-25,13.852852821350098,14.600000381469727,14.600000381469727,14.300000190734863,14.399999618530273,8510300
2026-03-26,13.568204879760742,14.300000190734863,14.399999618530273,14.100000381469727,14.399999618530273,10193500
2026-03-27,13.663086891174316,14.399999618530273,14.5,14.199999809265137,14.399999618530273,12804100
2026-03-30,13.757970809936523,14.5,14.600000381469727,14.100000381469727,14.199999809265137,11767700
2026-03-31,14.042617797851562,14.800000190734863,14.899999618530273,14.5,14.600000381469727,15584400
2026-04-01,14.422148704528809,15.199999809265137,15.399999618530273,15.0,15.199999809265137,18592400
2026-04-02,14.232382774353027,15.0,15.100000381469727,14.899999618530273,14.899999618530273,8045000
2026-04-03,14.042617797851562,14.800000190734863,15.100000381469727,14.699999809265137,15.0,8992400
2026-04-07,14.327265739440918,15.100000381469727,15.100000381469727,14.699999809265137,15.0,7799300
2026-04-08,14.517030715942383,15.300000190734863,15.300000190734863,15.100000381469727,15.300000190734863,7772700
2026-04-09,14.232382774353027,15.0,15.199999809265137,14.899999618530273,15.199999809265137,5477700
2026-04-10,14.327265739440918,15.100000381469727,15.100000381469727,14.899999618530273,15.0,3446600
2026-04-16,14.422148704528809,15.199999809265137,15.399999618530273,15.0,15.0,5522600
2026-04-17,14.327265739440918,15.100000381469727,15.199999809265137,15.0,15.199999809265137,3138000
2026-04-20,14.327265739440918,15.100000381469727,15.199999809265137,14.899999618530273,15.100000381469727,2559100
2026-04-21,14.422148704528809,15.199999809265137,15.300000190734863,15.0,15.199999809265137,5885500
2026-04-22,14.422148704528809,15.199999809265137,15.199999809265137,15.0,15.100000381469727,4489500
2026-04-23,14.422148704528809,15.199999809265137,15.199999809265137,14.899999618530273,15.0,5464500
2026-04-24,14.422148704528809,15.199999809265137,15.300000190734863,15.0,15.199999809265137,5075900
2026-04-27,14.896560668945312,15.699999809265137,15.800000190734863,15.300000190734863,15.399999618530273,12383100
2026-04-28,14.327265739440918,15.100000381469727,15.699999809265137,15.100000381469727,15.699999809265137,13869000
2026-04-29,14.327265739440918,15.100000381469727,15.199999809265137,15.0,15.100000381469727,9096600
2026-04-30,14.137499809265137,14.899999618530273,15.100000381469727,14.800000190734863,15.0,10278600
2026-05-01,14.137499809265137,14.899999618530273,14.899999618530273,14.899999618530273,14.899999618530273,0
2026-05-04,14.137499809265137,14.899999618530273,14.899999618530273,14.899999618530273,14.899999618530273,0
2026-05-05,13.947735786437988,14.699999809265137,15.0,14.600000381469727,15.0,10814100
2026-05-06,14.137499809265137,14.899999618530273,15.0,14.800000190734863,14.800000190734863,13986100
2026-05-07,14.137500762939453,14.5,14.800000190734863,14.5,14.699999809265137,16202400
2026-05-08,14.137500762939453,14.5,14.699999809265137,14.399999618530273,14.5,7352200
2026-05-11,13.942500114440918,14.300000190734863,14.5,14.300000190734863,14.399999618530273,5534800
2026-05-12,13.7475004196167,14.100000381469727,14.399999618530273,14.0,14.300000190734863,13669000
2026-05-13,13.845000267028809,14.199999809265137,14.199999809265137,14.0,14.100000381469727,11610900
2026-05-14,14.235000610351562,14.600000381469727,14.699999809265137,14.300000190734863,14.300000190734863,18010900
2026-05-15,14.332500457763672,14.699999809265137,14.800000190734863,14.5,14.699999809265137,14193100
2026-05-18,14.137500762939453,14.5,14.600000381469727,14.300000190734863,14.600000381469727,6590200
2026-05-19,14.625,15.0,15.199999809265137,14.399999618530273,14.399999618530273,26911500
2026-05-20,14.722500801086426,15.100000381469727,15.5,14.899999618530273,15.100000381469727,24089200
2026-05-21,14.722500801086426,15.100000381469727,15.199999809265137,14.899999618530273,15.100000381469727,8471400
2026-05-22,14.625,15.0,15.199999809265137,15.0,15.100000381469727,5439100
2026-05-25,14.820000648498535,15.199999809265137,15.300000190734863,15.100000381469727,15.199999809265137,12158400
2026-05-26,14.820000648498535,15.199999809265137,15.300000190734863,15.100000381469727,15.300000190734863,9065300
2026-05-27,14.820000648498535,15.199999809265137,15.300000190734863,15.100000381469727,15.300000190734863,8718800
2026-05-28,14.917500495910645,15.300000190734863,15.399999618530273,15.100000381469727,15.199999809265137,8022100
2026-05-29,14.917500495910645,15.300000190734863,15.399999618530273,15.199999809265137,15.300000190734863,13696700
2026-06-01,14.917500495910645,15.300000190734863,15.300000190734863,15.300000190734863,15.300000190734863,0
2026-06-02,15.112500190734863,15.5,15.5,15.199999809265137,15.300000190734863,8475200
2026-06-03,15.112500190734863,15.5,15.5,15.5,15.5,0
2026-06-04,14.917500495910645,15.300000190734863,15.399999618530273,15.199999809265137,15.399999618530273,6098200
2026-06-05,15.112500190734863,15.5,15.699999809265137,15.300000190734863,15.5,13129200
2026-06-08,14.820000648498535,15.199999809265137,15.300000190734863,15.100000381469727,15.199999809265137,7006400
2026-06-09,14.917500495910645,15.300000190734863,15.399999618530273,15.100000381469727,15.300000190734863,6039200
2026-06-10,14.917500495910645,15.300000190734863,15.399999618530273,15.100000381469727,15.199999809265137,5757300
2026-06-11,14.722500801086426,15.100000381469727,15.300000190734863,15.100000381469727,15.300000190734863,3897900
2026-06-12,14.917500495910645,15.300000190734863,15.399999618530273,15.199999809265137,15.199999809265137,3970300
2026-06-15,15.015000343322754,15.399999618530273,15.5,15.199999809265137,15.399999618530273,5674600
2026-06-16,15.210000991821289,15.600000381469727,15.699999809265137,15.399999618530273,15.5,14385900
2026-06-17,15.5024995803833,15.899999618530273,16.100000381469727,15.600000381469727,15.600000381469727,22470300
2026-06-18,15.405000686645508,15.800000190734863,16.0,15.600000381469727,15.899999618530273,7389100
2026-06-19,15.600000381469727,16.0,16.100000381469727,15.699999809265137,15.800000190734863,17136600
2026-06-22,15.892499923706055,16.299999237060547,16.399999618530273,16.0,16.100000381469727,14205900
2026-06-23,16.477500915527344,16.899999618530273,17.100000381469727,16.299999237060547,16.399999618530273,34133200
2026-06-24,17.0625,17.5,17.5,16.899999618530273,17.0,31436700
2026-06-25,17.25750160217285,17.700000762939453,18.0,17.600000381469727,17.799999237060547,28319100
2026-06-26,17.25750160217285,17.700000762939453,17.799999237060547,17.5,17.700000762939453,10698000
2026-06-29,17.354999542236328,17.799999237060547,17.799999237060547,17.5,17.700000762939453,8796800
2026-06-30,16.96500015258789,17.399999618530273,17.799999237060547,17.299999237060547,17.700000762939453,16826200
2026-07-01,16.96500015258789,17.399999618530273,17.5,17.0,17.399999618530273,12409700
2026-07-02,16.96500015258789,17.399999618530273,17.5,17.200000762939453,17.399999618530273,6234900
2026-07-03,17.0625,17.5,17.600000381469727,17.299999237060547,17.399999618530273,10012700
2026-07-06,17.0625,17.5,17.700000762939453,17.399999618530273,17.399999618530273,7881700
2026-07-07,17.0625,17.5,17.600000381469727,17.200000762939453,17.600000381469727,10631600
2026-07-08,16.477500915527344,16.899999618530273,17.5,16.899999618530273,17.5,11684300
2026-07-09,16.86750030517578,17.299999237060547,17.399999618530273,17.100000381469727,17.100000381469727,6016500
2026-07-10,16.96500015258789,17.399999618530273,17.600000381469727,17.200000762939453,17.299999237060547,9693000
2026-07-13,17.0625,17.5,17.600000381469727,17.200000762939453,17.399999618530273,8170500
2026-07-14,17.0625,17.5,17.5,17.200000762939453,17.299999237060547,7324000
2026-07-15,16.86750030517578,17.299999237060547,17.700000762939453,17.200000762939453,17.5,12065900
2026-07-16,16.96500015258789,17.399999618530273,17.5,17.299999237060547,17.399999618530273,4649300
2026-07-17,16.96500015258789,17.399999618530273,17.399999618530273,17.200000762939453,17.399999618530273,6840000
2026-07-20,17.452499389648438,17.899999618530273,18.0,17.299999237060547,17.299999237060547,22148700
2026-07-21,17.25750160217285,17.700000762939453,18.0,17.600000381469727,18.0,5099300
2026-07-22,17.0625,17.5,17.600000381469727,17.299999237060547,17.5,11810300
2026-07-23,16.86750030517578,17.299999237060547,17.600000381469727,17.100000381469727,17.5,9896300
2026-07-24,16.770000457763672,17.200000762939453,17.399999618530273,16.899999618530273,17.0,8126900
2026-07-27,16.96500015258789,17.399999618530273,17.5,17.200000762939453,17.299999237060547,8490400
2026-07-28,16.96500015258789,17.399999618530273,17.399999618530273,17.399999618530273,17.399999618530273,0
2026-07-29,16.96500015258789,17.399999618530273,17.399999618530273,17.399999618530273,17.399999618530273,0
2026-07-30,17.0625,17.5,17.5,17.200000762939453,17.200000762939453,8748500
2026-07-31,17.15999984741211,17.600000381469727,17.600000381469727,17.299999237060547,17.5,5023300
2026-08-03,17.25750160217285,17.700000762939453,17.700000762939453,17.399999618530273,17.600000381469727,7401900
2026-08-04,17.15999984741211,17.600000381469727,17.799999237060547,17.5,17.799999237060547,10460000
2026-08-05,16.96500015258789,17.399999618530273,18.0,17.299999237060547,17.899999618530273,16710800
2026-08-06,17.15999984741211,17.600000381469727,17.799999237060547,17.399999618530273,17.399999618530273,10054800
2026-08-07,17.354999542236328,17.799999237060547,17.899999618530273,17.5,17.600000381469727,8604600
2026-08-10,17.15999984741211,17.600000381469727,17.799999237060547,17.5,17.700000762939453,3267300
2026-08-11,16.96500015258789,17.399999618530273,17.600000381469727,17.399999618530273,17.5,6591800
2026-08-12,16.96500015258789,17.399999618530273,17.399999618530273,17.399999618530273,17.399999618530273,0
2026-08-13,17.0625,17.5,17.600000381469727,17.299999237060547,17.399999618530273,5078800
2026-08-14,17.15999984741211,17.600000381469727,17.700000762939453,17.399999618530273,17.600000381469727,9670900
2026-08-17,17.64750099182129,18.100000381469727,18.200000762939453,17.600000381469727,17.600000381469727,28099800
2026-08-18,17.25750160217285,17.700000762939453,18.299999237060547,17.600000381469727,18.200000762939453,21326800
2026-08-19,17.0625,17.5,17.700000762939453,17.399999618530273,17.600000381469727,17422400
2026-08-20,17.0625,17.5,17.700000762939453,17.399999618530273,17.5,12142500
2026-08-21,17.0625,17.5,17.600000381469727,17.399999618530273,17.5,10923200
2026-08-24,16.96500015258789,17.399999618530273,17.5,17.299999237060547,17.399999618530273,13069400
2026-08-25,17.15999984741211,17.600000381469727,17.700000762939453,17.399999618530273,17.5,9580000
2026-08-26,17.55000114440918,18.0,18.0,17.600000381469727,17.700000762939453,18605900
2026-08-27,17.100000381469727,17.100000381469727,17.600000381469727,17.100000381469727,17.600000381469727,21710200
