Date,Adj Close,Close,High,Low,Open,Volume
2016-08-26,21.317401885986328,35.099998474121094,35.099998474121094,34.70000076293945,34.70000076293945,41809000
2016-08-29,21.378141403198242,35.20000076293945,35.29999923706055,35.0,35.20000076293945,26635000
2016-08-30,21.499603271484375,35.400001525878906,35.70000076293945,35.29999923706055,35.29999923706055,45530000
2016-08-31,21.561382293701172,34.900001525878906,34.900001525878906,34.599998474121094,34.79999923706055,51712000
2016-09-01,21.31426239013672,34.5,34.900001525878906,34.5,34.79999923706055,45657000
2016-09-02,20.696455001831055,33.5,34.599998474121094,33.20000076293945,34.599998474121094,119559000
2016-09-05,20.572895050048828,33.29999923706055,33.900001525878906,32.5,33.79999923706055,108190000
2016-09-06,20.572895050048828,33.29999923706055,33.70000076293945,33.20000076293945,33.400001525878906,59354000
2016-09-07,20.572895050048828,33.29999923706055,33.70000076293945,33.099998474121094,33.5,59338000
2016-09-08,20.572895050048828,33.29999923706055,33.599998474121094,33.099998474121094,33.599998474121094,78727000
2016-09-09,20.078651428222656,32.5,33.5,32.29999923706055,33.5,116536000
2016-09-12,19.213726043701172,31.100000381469727,32.0,31.100000381469727,31.899999618530273,112082000
2016-09-13,19.955089569091797,32.29999923706055,32.599998474121094,31.399999618530273,31.600000381469727,111518000
2016-09-14,19.831527709960938,32.099998474121094,32.5,31.799999237060547,32.099998474121094,78259000
2016-09-15,19.707965850830078,31.899999618530273,32.20000076293945,31.799999237060547,31.899999618530273,48373000
2016-09-16,20.140438079833984,32.599998474121094,32.599998474121094,32.0,32.20000076293945,191017000
2016-09-19,20.325777053833008,32.900001525878906,33.0,32.5,32.70000076293945,29015000
2016-09-20,20.140438079833984,32.599998474121094,32.70000076293945,32.29999923706055,32.599998474121094,58922000
2016-09-21,20.572895050048828,33.29999923706055,33.29999923706055,32.79999923706055,32.900001525878906,44242000
2016-09-22,20.820016860961914,33.70000076293945,33.70000076293945,33.400001525878906,33.599998474121094,53800000
2016-09-23,20.572895050048828,33.29999923706055,33.79999923706055,33.099998474121094,33.70000076293945,59706000
2016-09-26,20.44933319091797,33.099998474121094,33.29999923706055,32.70000076293945,32.900001525878906,32562000
2016-09-27,20.44933319091797,33.099998474121094,33.400001525878906,33.0,33.20000076293945,37400000
2016-09-28,20.325777053833008,32.900001525878906,33.20000076293945,32.79999923706055,33.0,25251000
2016-09-29,21.12891960144043,34.20000076293945,34.29999923706055,33.70000076293945,33.79999923706055,122938000
2016-09-30,20.943580627441406,33.900001525878906,34.5,33.79999923706055,34.20000076293945,86237000
2016-10-03,21.437824249267578,34.70000076293945,34.70000076293945,34.20000076293945,34.29999923706055,50306000
2016-10-04,21.376041412353516,34.599998474121094,34.900001525878906,34.5,34.79999923706055,66064000
2016-10-05,21.437824249267578,34.70000076293945,34.900001525878906,34.599998474121094,34.900001525878906,36783000
2016-10-06,21.437824249267578,34.70000076293945,35.0,34.70000076293945,34.900001525878906,45853000
2016-10-07,21.31426239013672,34.5,35.0,34.5,34.900001525878906,36564000
2016-10-10,20.696455001831055,33.5,33.900001525878906,33.099998474121094,33.5,59446000
2016-10-11,20.820016860961914,33.70000076293945,34.400001525878906,33.20000076293945,34.0,82001000
2016-10-12,20.820016860961914,33.70000076293945,34.0,32.0,33.70000076293945,196124000
2016-10-13,20.881799697875977,33.79999923706055,33.79999923706055,32.5,33.400001525878906,147945000
2016-10-14,21.808504104614258,35.29999923706055,35.70000076293945,34.5,34.79999923706055,123975000
2016-10-17,21.74673080444336,35.20000076293945,35.5,34.79999923706055,35.400001525878906,60042000
2016-10-18,21.93206787109375,35.5,36.099998474121094,35.0,35.20000076293945,91061000
2016-10-19,21.87028694152832,35.400001525878906,36.099998474121094,35.29999923706055,35.400001525878906,69100000
2016-10-20,22.055625915527344,35.70000076293945,36.29999923706055,35.70000076293945,36.0,66088000
2016-10-21,21.74673080444336,35.20000076293945,35.70000076293945,35.099998474121094,35.599998474121094,60102000
2016-10-25,21.87028694152832,35.400001525878906,35.5,35.20000076293945,35.400001525878906,39662000
2016-10-26,21.437824249267578,34.70000076293945,35.29999923706055,34.70000076293945,35.29999923706055,32226000
2016-10-27,21.68494415283203,35.099998474121094,35.400001525878906,34.599998474121094,34.70000076293945,44266000
2016-10-28,21.561382293701172,34.900001525878906,35.099998474121094,34.70000076293945,35.0,39966000
2016-10-31,21.376041412353516,34.599998474121094,34.70000076293945,34.400001525878906,34.599998474121094,33599000
2016-11-01,21.376041412353516,34.599998474121094,34.79999923706055,34.29999923706055,34.599998474121094,35592000
2016-11-02,21.12891960144043,34.20000076293945,34.400001525878906,34.099998474121094,34.400001525878906,32028000
2016-11-03,21.005359649658203,34.0,34.599998474121094,34.0,34.0,42346000
2016-11-04,20.820016860961914,33.70000076293945,34.099998474121094,33.599998474121094,33.900001525878906,42114000
2016-11-07,21.376041412353516,34.599998474121094,34.599998474121094,33.79999923706055,34.099998474121094,26992000
2016-11-08,21.561382293701172,34.900001525878906,35.0,34.400001525878906,34.599998474121094,38205000
2016-11-09,21.31426239013672,34.5,34.599998474121094,33.79999923706055,34.400001525878906,83727000
2016-11-10,21.067140579223633,34.099998474121094,34.70000076293945,34.099998474121094,34.70000076293945,57591000
2016-11-11,20.696455001831055,33.5,34.0,33.5,33.900001525878906,52138000
2016-11-14,20.20221519470215,32.70000076293945,32.900001525878906,32.5,32.599998474121094,64731000
2016-11-15,20.820016860961914,33.70000076293945,33.79999923706055,32.70000076293945,32.900001525878906,48542000
2016-11-16,20.820016860961914,33.70000076293945,34.400001525878906,33.70000076293945,34.29999923706055,76063000
2016-11-17,21.005359649658203,34.0,34.0,33.5,33.900001525878906,26695000
2016-11-18,21.25248146057129,34.400001525878906,34.400001525878906,33.599998474121094,33.900001525878906,55313000
2016-11-21,21.067140579223633,34.099998474121094,34.70000076293945,34.099998474121094,34.5,49270000
2016-11-22,21.25248146057129,34.400001525878906,34.70000076293945,34.400001525878906,34.599998474121094,46651000
2016-11-23,21.6231632232666,35.0,35.0,34.5,34.599998474121094,55610000
2016-11-24,21.561382293701172,34.900001525878906,35.099998474121094,34.599998474121094,35.0,35083000
2016-11-25,21.499603271484375,34.79999923706055,35.099998474121094,34.599998474121094,35.0,30734000
2016-11-28,21.25248146057129,34.400001525878906,34.79999923706055,34.29999923706055,34.79999923706055,37788000
2016-11-29,21.12891960144043,34.20000076293945,34.79999923706055,34.20000076293945,34.70000076293945,40617000
2016-11-30,21.561382293701172,34.900001525878906,34.900001525878906,34.20000076293945,34.20000076293945,77901000
2016-12-01,22.488094329833984,36.400001525878906,36.5,35.400001525878906,35.5,159670000
2016-12-02,21.993846893310547,35.599998474121094,37.0,35.599998474121094,36.70000076293945,109641000
2016-12-06,22.673433303833008,36.70000076293945,36.70000076293945,35.400001525878906,36.0,63390000
2016-12-07,22.54987335205078,36.5,36.79999923706055,36.400001525878906,36.599998474121094,51880000
2016-12-08,22.364530563354492,36.20000076293945,36.599998474121094,36.20000076293945,36.599998474121094,46079000
2016-12-09,22.796993255615234,36.900001525878906,37.0,36.599998474121094,36.79999923706055,65290000
2016-12-13,22.735212326049805,36.79999923706055,37.29999923706055,36.79999923706055,37.099998474121094,85396000
2016-12-14,22.61165428161621,36.599998474121094,36.79999923706055,36.400001525878906,36.70000076293945,51709000
2016-12-15,22.364530563354492,36.20000076293945,36.5,36.0,36.20000076293945,58271000
2016-12-16,22.426311492919922,36.29999923706055,36.599998474121094,36.29999923706055,36.29999923706055,54103000
2016-12-19,22.54987335205078,36.5,36.599998474121094,36.400001525878906,36.599998474121094,32187000
2016-12-20,22.488094329833984,36.400001525878906,36.400001525878906,35.900001525878906,36.20000076293945,44475000
2016-12-21,22.426311492919922,36.29999923706055,36.599998474121094,36.29999923706055,36.400001525878906,20093000
2016-12-22,22.426311492919922,36.29999923706055,36.400001525878906,36.0,36.29999923706055,30709000
2016-12-23,22.54987335205078,36.5,36.70000076293945,36.29999923706055,36.29999923706055,28730000
2016-12-26,22.54987335205078,36.5,36.79999923706055,36.29999923706055,36.599998474121094,15572000
2016-12-27,22.54987335205078,36.5,36.599998474121094,36.400001525878906,36.5,15425000
2016-12-28,22.796993255615234,36.900001525878906,36.900001525878906,36.400001525878906,36.5,33264000
2016-12-29,23.167675018310547,37.5,37.70000076293945,36.70000076293945,36.70000076293945,57663000
2016-12-30,22.982336044311523,37.20000076293945,37.70000076293945,37.20000076293945,37.400001525878906,44540000
2017-01-04,23.476573944091797,38.0,38.099998474121094,37.29999923706055,37.400001525878906,75879000
2017-01-05,23.909042358398438,38.70000076293945,38.79999923706055,38.20000076293945,38.20000076293945,75282000
2017-01-06,24.032604217529297,38.900001525878906,38.900001525878906,38.5,38.70000076293945,45129000
2017-01-09,23.66192626953125,38.29999923706055,39.0,38.20000076293945,38.900001525878906,40455000
2017-01-10,23.970823287963867,38.79999923706055,38.900001525878906,38.20000076293945,38.29999923706055,43224000
2017-01-11,23.78548240661621,38.5,38.900001525878906,38.5,38.5,38177000
2017-01-12,23.66192626953125,38.29999923706055,38.900001525878906,38.29999923706055,38.900001525878906,35313000
2017-01-16,24.032604217529297,38.900001525878906,39.099998474121094,38.5,38.599998474121094,42809000
2017-01-17,23.909042358398438,38.70000076293945,39.0,38.599998474121094,38.79999923706055,32141000
2017-01-18,23.78548240661621,38.5,38.79999923706055,38.5,38.70000076293945,23665000
2017-01-19,23.78548240661621,38.5,38.599998474121094,38.29999923706055,38.5,32121000
2017-01-20,23.847259521484375,38.599998474121094,38.79999923706055,38.5,38.70000076293945,33027000
2017-01-23,24.032604217529297,38.900001525878906,38.900001525878906,38.5,38.70000076293945,24963000
2017-01-24,25.20643424987793,40.79999923706055,40.79999923706055,38.900001525878906,38.900001525878906,128983000
2017-01-25,25.32999038696289,41.0,41.20000076293945,40.20000076293945,40.79999923706055,74923000
2017-01-26,25.947799682617188,42.0,43.0,41.400001525878906,42.0,121160000
2017-01-27,25.824237823486328,41.79999923706055,42.20000076293945,41.400001525878906,42.0,43895000
2017-01-30,25.824237823486328,41.79999923706055,42.0,41.400001525878906,41.599998474121094,28986000
2017-01-31,24.95931053161621,40.400001525878906,41.599998474121094,40.400001525878906,41.599998474121094,70486000
2017-02-01,24.95931053161621,40.400001525878906,41.0,40.0,40.400001525878906,80764000
2017-02-02,24.95931053161621,40.400001525878906,40.599998474121094,40.20000076293945,40.20000076293945,45951000
2017-02-03,25.32999038696289,41.0,41.599998474121094,40.20000076293945,40.400001525878906,69129000
2017-02-06,25.700672149658203,41.599998474121094,41.79999923706055,40.599998474121094,41.0,62098000
2017-02-07,25.32999038696289,41.0,41.400001525878906,40.79999923706055,41.20000076293945,43756000
2017-02-08,25.20643424987793,40.79999923706055,41.20000076293945,40.599998474121094,41.0,43053000
2017-02-09,24.34150505065918,39.400001525878906,41.20000076293945,39.400001525878906,41.0,128031000
2017-02-10,24.46506690979004,39.599998474121094,39.79999923706055,39.29999923706055,39.79999923706055,132435000
2017-02-14,23.847259521484375,38.599998474121094,39.400001525878906,38.599998474121094,39.400001525878906,133047000
2017-02-15,24.52684783935547,39.70000076293945,39.70000076293945,38.599998474121094,38.70000076293945,106851000
2017-02-16,24.34150505065918,39.400001525878906,39.79999923706055,39.099998474121094,39.70000076293945,56206000
2017-02-17,24.46506690979004,39.599998474121094,39.900001525878906,39.5,39.5,58265000
2017-02-20,24.52684783935547,39.70000076293945,39.79999923706055,39.5,39.70000076293945,21270000
2017-02-21,24.52684783935547,39.70000076293945,40.20000076293945,39.599998474121094,39.79999923706055,55256000
2017-02-22,24.835750579833984,40.20000076293945,40.20000076293945,39.70000076293945,39.900001525878906,56561000
2017-02-23,24.588624954223633,39.79999923706055,40.0,39.599998474121094,40.0,38878000
2017-02-24,24.650407791137695,39.900001525878906,40.0,39.599998474121094,39.70000076293945,30676000
2017-02-27,24.712182998657227,40.0,40.0,39.70000076293945,39.70000076293945,24447000
2017-02-28,24.52684783935547,39.70000076293945,40.0,39.70000076293945,40.0,30061000
2017-03-01,24.650407791137695,39.900001525878906,39.900001525878906,39.400001525878906,39.79999923706055,47124000
2017-03-02,24.650407791137695,39.900001525878906,40.20000076293945,39.70000076293945,39.900001525878906,40710000
2017-03-03,24.46506690979004,39.599998474121094,39.70000076293945,39.5,39.5,35614000
2017-03-06,23.970823287963867,38.79999923706055,39.599998474121094,38.70000076293945,39.5,85752000
2017-03-07,24.032604217529297,38.900001525878906,39.099998474121094,38.79999923706055,38.79999923706055,47171000
2017-03-08,24.34150505065918,39.400001525878906,39.400001525878906,38.79999923706055,38.900001525878906,60501000
2017-03-09,24.09438133239746,39.0,39.20000076293945,38.79999923706055,39.099998474121094,49430000
2017-03-10,24.09438133239746,39.0,39.099998474121094,38.70000076293945,39.0,37112000
2017-03-13,24.34150505065918,39.400001525878906,39.400001525878906,38.79999923706055,39.0,40327000
2017-03-14,24.52684783935547,39.70000076293945,39.79999923706055,39.099998474121094,39.400001525878906,84833000
2017-03-15,24.403287887573242,39.5,39.79999923706055,39.5,39.70000076293945,42234000
2017-03-16,24.52684783935547,39.70000076293945,40.0,39.5,40.0,67448000
2017-03-17,24.46506690979004,39.599998474121094,39.900001525878906,39.599998474121094,39.79999923706055,53444000
2017-03-20,24.835750579833984,40.20000076293945,40.400001525878906,39.900001525878906,40.0,60715000
2017-03-21,25.082870483398438,40.599998474121094,40.79999923706055,40.20000076293945,40.400001525878906,40390000
2017-03-22,25.082870483398438,40.599998474121094,40.79999923706055,40.20000076293945,40.400001525878906,35429000
2017-03-23,24.835750579833984,40.20000076293945,40.79999923706055,40.20000076293945,40.79999923706055,33499000
2017-03-24,25.20643424987793,40.79999923706055,40.79999923706055,40.20000076293945,40.400001525878906,28918000
2017-03-27,24.95931053161621,40.400001525878906,40.79999923706055,40.20000076293945,40.79999923706055,71246000
2017-03-28,24.95931053161621,40.400001525878906,40.599998474121094,40.20000076293945,40.400001525878906,57818000
2017-03-29,25.022659301757812,39.5,39.70000076293945,39.400001525878906,39.599998474121094,31458000
2017-03-30,25.022659301757812,39.5,39.79999923706055,39.400001525878906,39.5,76110000
2017-03-31,24.515869140625,38.70000076293945,39.79999923706055,38.70000076293945,39.70000076293945,103687000
2017-04-03,24.832611083984375,39.20000076293945,39.400001525878906,38.900001525878906,39.0,38942000
2017-04-04,24.832611083984375,39.20000076293945,39.400001525878906,39.0,39.099998474121094,55023000
2017-04-05,24.705917358398438,39.0,39.29999923706055,38.900001525878906,39.29999923706055,53016000
2017-04-07,24.832611083984375,39.20000076293945,39.29999923706055,38.900001525878906,39.099998474121094,46657000
2017-04-10,25.022659301757812,39.5,39.5,39.20000076293945,39.29999923706055,35646000
2017-04-11,24.95931053161621,39.400001525878906,39.599998474121094,39.29999923706055,39.599998474121094,32476000
2017-04-12,25.149356842041016,39.70000076293945,39.70000076293945,39.400001525878906,39.5,42293000
2017-04-17,24.895959854125977,39.29999923706055,39.599998474121094,39.29999923706055,39.5,27718000
2017-04-18,24.832611083984375,39.20000076293945,39.5,39.20000076293945,39.400001525878906,29205000
2017-04-19,24.895959854125977,39.29999923706055,39.5,39.20000076293945,39.20000076293945,26153000
2017-04-20,24.832611083984375,39.20000076293945,39.5,39.099998474121094,39.400001525878906,30203000
2017-04-21,24.705917358398438,39.0,39.400001525878906,39.0,39.29999923706055,30323000
2017-04-24,24.64257049560547,38.900001525878906,39.29999923706055,38.900001525878906,39.29999923706055,29944000
2017-04-25,24.705917358398438,39.0,39.099998474121094,38.79999923706055,38.900001525878906,31018000
2017-04-26,24.5792179107666,38.79999923706055,39.20000076293945,38.599998474121094,39.099998474121094,48800000
2017-04-27,24.5792179107666,38.79999923706055,39.099998474121094,38.599998474121094,38.70000076293945,21043000
2017-04-28,24.64257049560547,38.900001525878906,39.20000076293945,38.900001525878906,39.099998474121094,24511000
2017-05-02,24.64257049560547,38.900001525878906,39.099998474121094,38.79999923706055,38.79999923706055,34586000
2017-05-03,24.64257049560547,38.900001525878906,39.099998474121094,38.79999923706055,38.79999923706055,25868000
2017-05-04,24.705917358398438,39.0,39.099998474121094,38.900001525878906,39.0,27784000
2017-05-08,24.64257049560547,38.900001525878906,39.0,38.70000076293945,39.0,34961000
2017-05-09,24.515869140625,38.70000076293945,39.0,38.70000076293945,39.0,23221000
2017-05-11,24.452518463134766,38.599998474121094,39.0,38.599998474121094,38.900001525878906,39760000
2017-05-12,24.13577651977539,38.099998474121094,38.900001525878906,37.900001525878906,38.79999923706055,101677000
2017-05-15,24.452518463134766,38.599998474121094,38.599998474121094,38.599998474121094,38.599998474121094,2347000
2017-05-16,24.895959854125977,39.29999923706055,39.400001525878906,38.79999923706055,39.0,91450000
2017-05-17,24.64257049560547,38.900001525878906,39.5,38.900001525878906,39.20000076293945,30017000
2017-05-18,24.832611083984375,39.20000076293945,39.29999923706055,39.0,39.20000076293945,26467000
2017-05-19,24.895959854125977,39.29999923706055,39.400001525878906,39.099998474121094,39.20000076293945,27021000
2017-05-22,24.895959854125977,39.29999923706055,39.5,39.099998474121094,39.400001525878906,35929000
2017-05-23,24.895959854125977,39.29999923706055,39.5,39.20000076293945,39.400001525878906,40191000
2017-05-24,25.022659301757812,39.5,39.599998474121094,39.29999923706055,39.29999923706055,39768000
2017-05-25,24.95931053161621,39.400001525878906,39.599998474121094,39.29999923706055,39.599998474121094,27641000
2017-05-26,24.895959854125977,39.29999923706055,39.400001525878906,39.099998474121094,39.20000076293945,30386000
2017-05-29,24.95931053161621,39.400001525878906,39.400001525878906,39.20000076293945,39.29999923706055,14873000
2017-05-30,24.832611083984375,39.20000076293945,39.5,39.099998474121094,39.400001525878906,13446000
2017-05-31,24.895959854125977,39.29999923706055,39.400001525878906,39.099998474121094,39.29999923706055,66392000
2017-06-01,24.705917358398438,39.0,39.29999923706055,38.79999923706055,39.20000076293945,32902000
2017-06-02,24.769264221191406,39.099998474121094,39.099998474121094,38.900001525878906,39.0,22348000
2017-06-05,24.262481689453125,38.29999923706055,39.29999923706055,38.20000076293945,39.20000076293945,88069000
2017-06-06,24.389179229736328,38.5,38.599998474121094,38.20000076293945,38.5,53708000
2017-06-07,24.389179229736328,38.5,38.900001525878906,38.5,38.599998474121094,44418000
2017-06-08,24.199121475219727,38.20000076293945,38.5,38.099998474121094,38.400001525878906,52907000
2017-06-09,24.262481689453125,38.29999923706055,38.29999923706055,38.0,38.29999923706055,48017000
2017-06-12,24.13577651977539,38.099998474121094,38.400001525878906,38.0,38.400001525878906,22450000
2017-06-13,24.389179229736328,38.5,38.599998474121094,37.900001525878906,38.20000076293945,64574000
2017-06-14,24.32582664489746,38.400001525878906,38.599998474121094,38.29999923706055,38.5,26723000
2017-06-15,24.072425842285156,38.0,38.400001525878906,37.900001525878906,38.29999923706055,52396000
2017-06-16,24.009082794189453,37.900001525878906,38.20000076293945,37.70000076293945,38.0,40507000
2017-06-19,24.072425842285156,38.0,38.20000076293945,38.0,38.0,16749000
2017-06-20,24.32582664489746,38.400001525878906,38.400001525878906,38.0,38.099998474121094,24501000
2017-06-21,23.88238525390625,37.70000076293945,38.20000076293945,37.70000076293945,38.20000076293945,80741000
2017-06-22,23.945735931396484,37.79999923706055,38.0,37.599998474121094,37.70000076293945,37459000
2017-06-23,24.072425842285156,38.0,38.099998474121094,37.79999923706055,37.79999923706055,24888000
2017-06-26,24.009082794189453,37.900001525878906,38.20000076293945,37.900001525878906,38.0,19854000
2017-06-27,24.072425842285156,38.0,38.099998474121094,37.900001525878906,38.0,19561000
2017-06-28,23.88238525390625,37.70000076293945,38.099998474121094,37.70000076293945,38.0,47308000
2017-06-29,23.755687713623047,37.5,37.900001525878906,37.5,37.79999923706055,76289000
2017-06-30,23.438945770263672,37.0,37.5,37.0,37.5,103831000
2017-07-03,23.628992080688477,37.29999923706055,37.400001525878906,37.099998474121094,37.20000076293945,33027000
2017-07-04,23.692337036132812,37.400001525878906,37.70000076293945,37.400001525878906,37.5,29610000
2017-07-05,23.628992080688477,37.29999923706055,37.5,37.20000076293945,37.400001525878906,26015000
2017-07-06,23.37559700012207,36.900001525878906,37.20000076293945,36.5,37.20000076293945,112079000
2017-07-07,23.692337036132812,37.400001525878906,37.400001525878906,36.70000076293945,36.70000076293945,44647000
2017-07-11,23.628992080688477,37.29999923706055,37.400001525878906,37.099998474121094,37.400001525878906,34718000
2017-07-12,23.565645217895508,37.20000076293945,37.5,37.20000076293945,37.400001525878906,34383000
2017-07-13,23.81903839111328,37.599998474121094,37.70000076293945,37.29999923706055,37.29999923706055,46734000
2017-07-14,23.692337036132812,37.400001525878906,37.70000076293945,37.29999923706055,37.599998474121094,32488000
2017-07-17,23.81903839111328,37.599998474121094,37.70000076293945,37.400001525878906,37.599998474121094,20325000
2017-07-18,24.072425842285156,38.0,38.0,37.5,37.599998474121094,31945000
2017-07-19,24.072425842285156,38.0,38.099998474121094,37.900001525878906,38.0,17774000
2017-07-20,23.945735931396484,37.79999923706055,38.20000076293945,37.79999923706055,38.20000076293945,22367000
2017-07-21,23.945735931396484,37.79999923706055,38.0,37.79999923706055,37.79999923706055,12618000
2017-07-24,23.945735931396484,37.79999923706055,37.900001525878906,37.599998474121094,37.79999923706055,19704000
2017-07-25,24.389179229736328,38.5,38.5,37.70000076293945,37.900001525878906,62237000
2017-07-26,24.5792179107666,38.79999923706055,39.0,38.599998474121094,38.599998474121094,76631000
2017-07-27,24.5792179107666,38.79999923706055,38.900001525878906,38.70000076293945,38.900001525878906,26683000
2017-07-31,24.5792179107666,38.79999923706055,39.0,38.5,39.0,99014000
2017-08-01,24.452518463134766,38.599998474121094,38.79999923706055,38.5,38.70000076293945,33341000
2017-08-02,24.13577651977539,38.099998474121094,38.599998474121094,38.099998474121094,38.5,58428000
2017-08-03,24.072425842285156,38.0,38.400001525878906,38.0,38.099998474121094,46016000
2017-08-04,24.13577651977539,38.099998474121094,38.29999923706055,37.900001525878906,38.0,27719000
2017-08-07,24.199121475219727,38.20000076293945,38.29999923706055,38.099998474121094,38.099998474121094,15638000
2017-08-08,24.199121475219727,38.20000076293945,38.400001525878906,38.099998474121094,38.29999923706055,23598000
2017-08-09,24.32582664489746,38.400001525878906,38.400001525878906,38.099998474121094,38.20000076293945,20249000
2017-08-10,24.199121475219727,38.20000076293945,38.5,38.20000076293945,38.400001525878906,24355000
2017-08-11,24.13577651977539,38.099998474121094,38.29999923706055,38.0,38.099998474121094,37503000
2017-08-15,24.32582664489746,38.400001525878906,38.5,38.20000076293945,38.400001525878906,26372000
2017-08-16,24.32582664489746,38.400001525878906,38.5,38.29999923706055,38.29999923706055,18087000
2017-08-17,24.389179229736328,38.5,38.599998474121094,38.29999923706055,38.5,22242000
2017-08-18,24.64257049560547,38.900001525878906,39.0,38.400001525878906,38.5,43101000
2017-08-21,24.895959854125977,39.29999923706055,39.5,39.0,39.0,49173000
2017-08-22,24.832611083984375,39.20000076293945,39.29999923706055,39.099998474121094,39.29999923706055,26078000
2017-08-23,24.95931053161621,39.400001525878906,39.400001525878906,39.20000076293945,39.29999923706055,20586000
2017-08-24,24.895959854125977,39.29999923706055,39.5,39.20000076293945,39.400001525878906,32167000
2017-08-25,24.95931053161621,39.400001525878906,39.5,39.099998474121094,39.29999923706055,38937000
2017-08-28,24.95931053161621,39.400001525878906,39.400001525878906,39.400001525878906,39.400001525878906,5629000
2017-08-29,25.33939552307129,40.0,40.79999923706055,39.29999923706055,39.400001525878906,199823000
2017-08-30,25.466100692749023,40.20000076293945,40.79999923706055,40.0,40.400001525878906,96940000
2017-08-31,25.789274215698242,39.900001525878906,40.20000076293945,39.400001525878906,39.5,86320000
2017-09-01,25.853900909423828,40.0,40.20000076293945,39.79999923706055,40.20000076293945,49800000
2017-09-04,25.789274215698242,39.900001525878906,40.20000076293945,39.79999923706055,39.79999923706055,34769000
2017-09-05,25.853900909423828,40.0,40.20000076293945,39.79999923706055,40.0,33978000
2017-09-06,25.72463607788086,39.79999923706055,40.20000076293945,39.79999923706055,40.20000076293945,49190000
2017-09-07,26.241716384887695,40.599998474121094,40.79999923706055,40.0,40.0,72311000
2017-09-08,26.241716384887695,40.599998474121094,40.79999923706055,40.400001525878906,40.599998474121094,75716000
2017-09-11,26.11244773864746,40.400001525878906,40.599998474121094,40.20000076293945,40.599998474121094,46902000
2017-09-12,26.241716384887695,40.599998474121094,41.0,40.400001525878906,40.599998474121094,78435000
2017-09-13,26.11244773864746,40.400001525878906,40.79999923706055,40.400001525878906,40.79999923706055,50220000
2017-09-14,26.500255584716797,41.0,41.400001525878906,40.400001525878906,40.599998474121094,104967000
2017-09-15,26.6295223236084,41.20000076293945,41.400001525878906,40.79999923706055,41.0,71128000
2017-09-18,26.888057708740234,41.599998474121094,42.20000076293945,41.400001525878906,41.400001525878906,97165000
2017-09-19,27.146596908569336,42.0,42.20000076293945,41.400001525878906,41.79999923706055,61043000
2017-09-20,26.888057708740234,41.599998474121094,42.0,41.599998474121094,42.0,27694000
2017-09-21,26.75879669189453,41.400001525878906,42.0,41.400001525878906,41.79999923706055,45799000
2017-09-22,26.241716384887695,40.599998474121094,41.599998474121094,40.599998474121094,41.400001525878906,75798000
2017-09-25,26.6295223236084,41.20000076293945,41.20000076293945,40.400001525878906,40.79999923706055,23149000
2017-09-26,27.017335891723633,41.79999923706055,42.0,41.400001525878906,41.599998474121094,52447000
2017-09-27,27.017335891723633,41.79999923706055,42.0,41.20000076293945,41.79999923706055,46064000
2017-09-28,26.75879669189453,41.400001525878906,41.79999923706055,41.20000076293945,41.79999923706055,42127000
2017-09-29,26.370988845825195,40.79999923706055,41.20000076293945,40.79999923706055,41.20000076293945,55952000
2017-10-02,27.017335891723633,41.79999923706055,42.0,40.79999923706055,40.79999923706055,76069000
2017-10-03,27.275869369506836,42.20000076293945,42.20000076293945,41.599998474121094,42.0,64154000
2017-10-04,27.40514373779297,42.400001525878906,42.79999923706055,42.0,42.20000076293945,77317000
2017-10-05,27.017335891723633,41.79999923706055,42.400001525878906,41.79999923706055,42.20000076293945,36932000
2017-10-06,27.146596908569336,42.0,42.20000076293945,41.79999923706055,42.0,37248000
2017-10-09,27.017335891723633,41.79999923706055,42.400001525878906,41.79999923706055,42.0,25586000
2017-10-10,27.663681030273438,42.79999923706055,43.0,41.79999923706055,42.0,77577000
2017-10-11,27.792945861816406,43.0,43.599998474121094,42.599998474121094,43.400001525878906,70610000
2017-10-12,27.40514373779297,42.400001525878906,43.400001525878906,42.20000076293945,43.20000076293945,81823000
2017-10-16,27.663681030273438,42.79999923706055,43.0,42.599998474121094,43.0,47780000
2017-10-17,27.792945861816406,43.0,43.0,42.400001525878906,42.599998474121094,44418000
2017-10-18,27.275869369506836,42.20000076293945,42.79999923706055,42.0,42.79999923706055,66002000
2017-10-19,26.888057708740234,41.599998474121094,42.400001525878906,41.400001525878906,42.20000076293945,81675000
2017-10-20,26.500255584716797,41.0,41.599998474121094,40.599998474121094,41.599998474121094,113327000
2017-10-24,26.500255584716797,41.0,41.400001525878906,41.0,41.0,34294000
2017-10-25,26.500255584716797,41.0,41.599998474121094,41.0,41.20000076293945,51057000
2017-10-27,26.888057708740234,41.599998474121094,42.0,41.20000076293945,41.20000076293945,47465000
2017-10-30,27.146596908569336,42.0,42.400001525878906,41.599998474121094,42.0,86355000
2017-10-31,27.146596908569336,42.0,42.400001525878906,42.0,42.0,28636000
2017-11-01,27.146596908569336,42.0,42.400001525878906,41.79999923706055,42.400001525878906,45474000
2017-11-02,26.888057708740234,41.599998474121094,42.20000076293945,41.20000076293945,41.79999923706055,51148000
2017-11-03,26.888057708740234,41.599998474121094,41.79999923706055,41.20000076293945,41.79999923706055,36638000
2017-11-06,27.275869369506836,42.20000076293945,42.20000076293945,41.400001525878906,41.79999923706055,42919000
2017-11-07,27.40514373779297,42.400001525878906,42.79999923706055,42.400001525878906,42.400001525878906,66284000
2017-11-08,27.146596908569336,42.0,42.599998474121094,42.0,42.400001525878906,37231000
2017-11-09,26.888057708740234,41.599998474121094,42.20000076293945,41.599998474121094,41.79999923706055,47493000
2017-11-10,26.75879669189453,41.400001525878906,41.79999923706055,41.400001525878906,41.599998474121094,39600000
2017-11-13,26.75879669189453,41.400001525878906,41.599998474121094,41.20000076293945,41.400001525878906,33346000
2017-11-14,27.017335891723633,41.79999923706055,42.0,41.20000076293945,41.20000076293945,59775000
2017-11-15,26.6295223236084,41.20000076293945,41.599998474121094,40.79999923706055,41.599998474121094,73862000
2017-11-16,26.500255584716797,41.0,41.400001525878906,41.0,41.20000076293945,38859000
2017-11-17,27.017335891723633,41.79999923706055,41.79999923706055,41.0,41.20000076293945,55735000
2017-11-20,26.888057708740234,41.599998474121094,42.0,41.20000076293945,42.0,30240000
2017-11-21,26.75879669189453,41.400001525878906,41.400001525878906,41.400001525878906,41.400001525878906,39749000
2017-11-22,26.75879669189453,41.400001525878906,41.79999923706055,41.400001525878906,41.400001525878906,30347000
2017-11-23,26.6295223236084,41.20000076293945,41.79999923706055,41.20000076293945,41.599998474121094,44993000
2017-11-24,26.75879669189453,41.400001525878906,41.400001525878906,41.0,41.20000076293945,43300000
2017-11-27,26.888057708740234,41.599998474121094,41.599998474121094,41.20000076293945,41.20000076293945,23443000
2017-11-28,26.75879669189453,41.400001525878906,41.400001525878906,41.20000076293945,41.400001525878906,30440000
2017-11-29,26.6295223236084,41.20000076293945,41.599998474121094,41.0,41.20000076293945,32796000
2017-11-30,26.6295223236084,41.20000076293945,41.400001525878906,41.0,41.20000076293945,41112000
2017-12-01,27.146596908569336,42.0,42.20000076293945,41.20000076293945,41.599998474121094,60773000
2017-12-04,27.146596908569336,42.0,42.20000076293945,41.79999923706055,42.20000076293945,25998000
2017-12-06,27.275869369506836,42.20000076293945,42.20000076293945,41.79999923706055,42.0,61696000
2017-12-07,27.146596908569336,42.0,42.20000076293945,41.79999923706055,42.20000076293945,38396000
2017-12-08,27.275869369506836,42.20000076293945,42.20000076293945,41.599998474121094,41.79999923706055,47730000
2017-12-12,27.663681030273438,42.79999923706055,42.79999923706055,42.20000076293945,42.400001525878906,77993000
2017-12-13,27.534408569335938,42.599998474121094,43.0,42.599998474121094,42.79999923706055,61753000
2017-12-14,27.792945861816406,43.0,43.0,42.599998474121094,42.79999923706055,36901000
2017-12-15,27.922218322753906,43.20000076293945,43.20000076293945,42.599998474121094,42.79999923706055,70332000
2017-12-18,28.180755615234375,43.599998474121094,43.599998474121094,43.0,43.20000076293945,62442000
2017-12-19,28.310022354125977,43.79999923706055,43.79999923706055,43.599998474121094,43.599998474121094,36153000
2017-12-20,28.43929672241211,44.0,44.0,43.599998474121094,43.79999923706055,32203000
2017-12-21,28.310022354125977,43.79999923706055,44.0,43.599998474121094,44.0,40940000
2017-12-22,28.827104568481445,44.599998474121094,44.599998474121094,43.79999923706055,44.0,58815000
2017-12-25,28.956371307373047,44.79999923706055,45.20000076293945,44.599998474121094,44.79999923706055,43682000
2017-12-26,28.43929672241211,44.0,44.79999923706055,43.79999923706055,44.599998474121094,68052000
2017-12-27,28.43929672241211,44.0,44.79999923706055,44.0,44.400001525878906,59254000
2017-12-28,28.310022354125977,43.79999923706055,44.20000076293945,43.79999923706055,44.0,45493000
2017-12-29,28.43929672241211,44.0,44.20000076293945,43.599998474121094,44.20000076293945,34749000
2018-01-03,29.085647583007812,45.0,45.0,44.0,44.20000076293945,81239000
2018-01-04,30.507612228393555,47.20000076293945,47.20000076293945,45.0,45.20000076293945,124259000
2018-01-05,30.24907112121582,46.79999923706055,47.400001525878906,46.400001525878906,47.20000076293945,87860000
2018-01-08,30.119802474975586,46.599998474121094,47.20000076293945,46.599998474121094,46.79999923706055,63976000
2018-01-09,30.119802474975586,46.599998474121094,46.599998474121094,46.599998474121094,46.599998474121094,5658000
2018-01-10,30.378341674804688,47.0,47.79999923706055,47.0,47.0,125555000
2018-01-11,30.507612228393555,47.20000076293945,47.20000076293945,46.20000076293945,46.79999923706055,72251000
2018-01-12,30.378341674804688,47.0,47.599998474121094,46.79999923706055,47.400001525878906,56663000
2018-01-15,31.28322982788086,48.400001525878906,48.79999923706055,47.79999923706055,47.79999923706055,75603000
2018-01-16,31.153959274291992,48.20000076293945,49.400001525878906,48.20000076293945,48.79999923706055,48780000
2018-01-17,31.28322982788086,48.400001525878906,48.599998474121094,47.79999923706055,48.20000076293945,76105000
2018-01-18,31.024682998657227,48.0,49.0,48.0,49.0,64940000
2018-01-19,30.895416259765625,47.79999923706055,48.20000076293945,47.599998474121094,47.79999923706055,56392000
2018-01-22,31.28322982788086,48.400001525878906,48.599998474121094,47.79999923706055,48.0,38327000
2018-01-23,31.541767120361328,48.79999923706055,49.20000076293945,48.400001525878906,48.79999923706055,57940000
2018-01-24,31.800312042236328,49.20000076293945,49.20000076293945,48.599998474121094,48.79999923706055,38894000
2018-01-25,31.412494659423828,48.599998474121094,49.79999923706055,48.400001525878906,49.599998474121094,61458000
2018-01-26,31.671035766601562,49.0,49.0,48.400001525878906,48.79999923706055,65887000
2018-01-29,32.18811798095703,49.79999923706055,50.0,49.20000076293945,49.599998474121094,58510000
2018-01-30,31.671035766601562,49.0,49.79999923706055,48.79999923706055,49.400001525878906,80868000
2018-01-31,31.800312042236328,49.20000076293945,49.79999923706055,48.599998474121094,48.599998474121094,87819000
2018-02-01,32.18811798095703,49.79999923706055,50.0,49.20000076293945,49.599998474121094,67874000
2018-02-02,32.446651458740234,50.20000076293945,51.0,50.0,50.400001525878906,97839000
2018-02-05,32.31737518310547,50.0,50.20000076293945,49.20000076293945,49.20000076293945,83664000
2018-02-06,31.28322982788086,48.400001525878906,49.0,48.0,48.599998474121094,238469000
2018-02-07,31.28322982788086,48.400001525878906,49.0,48.20000076293945,49.0,102954000
2018-02-08,31.024682998657227,48.0,49.0,48.0,48.400001525878906,106229000
2018-02-09,31.024682998657227,48.0,48.20000076293945,47.400001525878906,47.599998474121094,93569000
2018-02-12,31.541767120361328,48.79999923706055,48.79999923706055,47.79999923706055,48.0,53925000
2018-02-13,31.541767120361328,48.79999923706055,49.20000076293945,48.400001525878906,49.20000076293945,56410000
2018-02-14,31.024682998657227,48.0,49.0,48.0,48.79999923706055,68945000
2018-02-15,31.412494659423828,48.599998474121094,48.79999923706055,48.0,48.400001525878906,47286000
2018-02-16,31.412494659423828,48.599998474121094,49.0,48.400001525878906,49.0,29076000
2018-02-19,31.541767120361328,48.79999923706055,49.20000076293945,48.79999923706055,49.0,66162000
2018-02-20,31.671035766601562,49.0,49.20000076293945,48.599998474121094,48.79999923706055,40499000
2018-02-21,33.739349365234375,52.20000076293945,52.599998474121094,50.79999923706055,50.79999923706055,330376000
2018-02-22,34.902774810791016,54.0,54.79999923706055,52.20000076293945,52.400001525878906,332671000
2018-02-23,34.773502349853516,53.79999923706055,54.79999923706055,53.20000076293945,54.599998474121094,167569000
2018-02-26,36.583282470703125,56.599998474121094,56.79999923706055,53.599998474121094,54.20000076293945,204246000
2018-02-27,37.1003532409668,57.400001525878906,58.79999923706055,56.79999923706055,57.20000076293945,298401000
2018-02-28,36.71255111694336,56.79999923706055,57.79999923706055,56.400001525878906,57.0,221819000
2018-03-02,35.93693161010742,55.599998474121094,56.400001525878906,55.20000076293945,56.0,208658000
2018-03-05,36.324745178222656,56.20000076293945,56.400001525878906,55.0,56.0,169267000
2018-03-06,36.45682907104492,55.20000076293945,56.0,55.20000076293945,55.599998474121094,122723000
2018-03-07,35.66428756713867,54.0,55.0,54.0,55.0,161007000
2018-03-08,35.135929107666016,53.20000076293945,54.599998474121094,53.20000076293945,54.400001525878906,204969000
2018-03-09,35.26802444458008,53.400001525878906,53.400001525878906,52.20000076293945,53.400001525878906,183815000
2018-03-12,36.85309600830078,55.79999923706055,55.79999923706055,54.20000076293945,54.400001525878906,149250000
2018-03-13,37.3814582824707,56.599998474121094,56.599998474121094,55.20000076293945,55.400001525878906,142055000
2018-03-14,36.98518753051758,56.0,56.599998474121094,55.400001525878906,56.400001525878906,132393000
2018-03-15,36.85309600830078,55.79999923706055,56.400001525878906,55.599998474121094,56.0,78002000
2018-03-16,36.19264221191406,54.79999923706055,55.599998474121094,54.599998474121094,55.400001525878906,160472000
2018-03-19,35.400108337402344,53.599998474121094,54.599998474121094,53.599998474121094,54.599998474121094,132993000
2018-03-20,35.79637145996094,54.20000076293945,54.79999923706055,53.400001525878906,53.599998474121094,107076000
2018-03-21,35.79637145996094,54.20000076293945,54.79999923706055,54.0,54.599998474121094,84649000
2018-03-22,35.928470611572266,54.400001525878906,55.400001525878906,54.20000076293945,54.599998474121094,105139000
2018-03-23,36.324737548828125,55.0,55.0,53.400001525878906,53.400001525878906,127146000
2018-03-26,36.98518753051758,56.0,56.0,55.20000076293945,55.20000076293945,102487000
2018-03-27,36.98518753051758,56.0,56.400001525878906,55.79999923706055,56.20000076293945,83788000
2018-03-28,36.98518753051758,56.0,57.0,55.599998474121094,55.79999923706055,160142000
2018-03-29,36.19264221191406,54.79999923706055,56.0,54.20000076293945,56.0,220320000
2018-03-30,36.45682907104492,55.20000076293945,55.599998474121094,54.400001525878906,55.0,129086000
2018-04-02,36.45682907104492,55.20000076293945,55.400001525878906,54.79999923706055,55.0,57952000
2018-04-03,36.0605583190918,54.599998474121094,55.0,54.20000076293945,54.599998474121094,81677000
2018-04-04,35.135929107666016,53.20000076293945,54.79999923706055,53.20000076293945,54.599998474121094,159905000
2018-04-05,35.79637145996094,54.20000076293945,54.20000076293945,53.400001525878906,53.79999923706055,83408000
2018-04-09,36.324737548828125,55.0,55.400001525878906,53.79999923706055,53.79999923706055,97806000
2018-04-10,36.45682907104492,55.20000076293945,55.599998474121094,54.79999923706055,55.400001525878906,85706000
2018-04-11,36.0605583190918,54.599998474121094,55.599998474121094,54.20000076293945,55.599998474121094,115582000
2018-04-12,36.324737548828125,55.0,55.400001525878906,54.400001525878906,55.0,110041000
2018-04-17,36.0605583190918,54.599998474121094,55.20000076293945,54.599998474121094,55.0,86401000
2018-04-18,36.324737548828125,55.0,55.0,54.599998474121094,55.0,61960000
2018-04-19,38.30608367919922,58.0,58.0,55.400001525878906,55.400001525878906,273007000
2018-04-20,38.83444595336914,58.79999923706055,59.0,57.599998474121094,58.599998474121094,211704000
2018-04-23,37.77772903442383,57.20000076293945,58.79999923706055,57.20000076293945,58.599998474121094,191878000
2018-04-24,38.30608367919922,58.0,59.5,57.25,57.75,325306300
2018-04-25,37.975868225097656,57.5,57.75,56.75,57.5,157002500
2018-04-26,37.31541442871094,56.5,57.75,56.5,57.5,113278500
2018-04-27,37.31541442871094,56.5,57.0,56.0,57.0,104864700
2018-04-30,37.31541442871094,56.5,57.0,56.25,56.5,83708300
2018-05-02,37.6456413269043,57.0,57.0,55.25,56.25,110577500
2018-05-03,37.975868225097656,57.5,57.75,56.5,56.5,135296800
2018-05-04,37.48052978515625,56.75,57.5,56.25,57.25,115768300
2018-05-07,37.48052978515625,56.75,57.5,56.5,57.25,107637800
2018-05-08,36.65496826171875,55.5,57.0,55.25,56.75,126756000
2018-05-09,37.15030288696289,56.25,56.5,55.5,55.75,95601800
2018-05-10,36.98518753051758,56.0,57.0,56.0,57.0,78033200
2018-05-11,37.48052978515625,56.75,56.75,55.5,56.0,78480800
2018-05-14,37.6456413269043,57.0,57.25,56.75,56.75,46814100
2018-05-15,37.31541442871094,56.5,57.0,56.0,56.75,80006000
2018-05-16,37.31541442871094,56.5,56.75,56.25,56.25,55780100
2018-05-17,37.810752868652344,57.25,57.75,56.25,56.75,119569500
2018-05-18,37.6456413269043,57.0,57.5,56.75,57.25,57711700
2018-05-21,37.6456413269043,57.0,57.5,56.75,57.25,56374800
2018-05-22,36.489845275878906,55.25,57.0,55.0,57.0,167858200
2018-05-23,35.334068298339844,53.5,54.25,52.75,54.0,273302200
2018-05-24,33.51782989501953,50.75,53.0,50.75,53.0,235261800
2018-05-25,34.34339141845703,52.0,52.0,50.5,51.25,142250800
2018-05-28,33.18760681152344,50.25,51.25,50.0,50.75,107089500
2018-05-30,34.01316452026367,51.5,51.75,49.0,49.25,226064000
2018-05-31,34.508506774902344,52.25,53.5,51.75,52.25,206712100
2018-06-01,34.01316452026367,51.5,52.5,51.25,52.25,129175400
2018-06-04,34.17828369140625,51.75,52.25,51.25,51.75,78044400
2018-06-05,34.34339141845703,52.0,52.25,51.0,51.75,75242400
2018-06-06,34.673614501953125,52.5,53.0,52.0,52.0,91991700
2018-06-07,34.508506774902344,52.25,52.75,52.0,52.5,49200600
2018-06-08,33.68293762207031,51.0,52.5,51.0,52.5,73894100
2018-06-11,33.51782989501953,50.75,51.25,50.5,51.0,62354000
2018-06-12,34.01316452026367,51.5,52.25,50.75,51.0,68496600
2018-06-13,33.68293762207031,51.0,51.75,51.0,51.5,51645800
2018-06-14,33.68293762207031,51.0,51.25,50.0,51.0,103017600
2018-06-15,33.02248764038086,50.0,50.75,49.75,50.5,125894600
2018-06-18,32.36204147338867,49.0,49.5,48.75,49.25,157428000
2018-06-19,31.53647804260254,47.75,49.25,47.5,48.75,171700000
2018-06-20,32.19693374633789,48.75,49.0,48.0,48.5,110820500
2018-06-21,31.371366500854492,47.5,48.75,47.0,48.75,109123800
2018-06-22,31.701589584350586,48.0,48.75,47.5,48.25,81454200
2018-06-25,31.701589584350586,48.0,49.25,48.0,48.75,85629500
2018-06-26,31.701589584350586,48.0,48.25,47.25,47.5,110144800
2018-06-27,31.701589584350586,48.0,49.0,47.5,48.75,93749900
2018-06-28,31.371366500854492,47.5,48.5,47.5,48.5,85942200
2018-06-29,31.701589584350586,48.0,48.0,47.25,48.0,74551000
2018-07-02,31.53647804260254,47.75,48.0,47.0,48.0,66120400
2018-07-03,31.371366500854492,47.5,48.0,47.0,47.75,80016400
2018-07-04,31.53647804260254,47.75,47.75,47.0,47.5,58381700
2018-07-05,30.545801162719727,46.25,47.75,46.25,47.5,77335700
2018-07-06,30.545801162719727,46.25,46.5,44.25,46.25,157614000
2018-07-09,31.041141510009766,47.0,47.25,46.5,47.0,51029600
2018-07-10,32.19693374633789,48.75,48.75,46.5,47.0,84328400
2018-07-11,32.03181076049805,48.5,48.75,47.75,48.0,74055100
2018-07-12,31.701589584350586,48.0,48.5,47.75,48.0,54379100
2018-07-13,31.371366500854492,47.5,48.25,47.5,48.0,36081100
2018-07-16,31.371366500854492,47.5,48.0,47.25,47.25,29481300
2018-07-17,31.53647804260254,47.75,48.25,47.25,47.5,58694800
2018-07-18,32.6922607421875,49.5,49.75,48.25,48.5,96638300
2018-07-19,32.6922607421875,49.5,50.0,49.0,49.75,53977500
2018-07-20,34.01316452026367,51.5,51.5,49.25,49.5,117827700
2018-07-23,33.68293762207031,51.0,51.5,50.75,51.25,45791600
2018-07-24,33.18760681152344,50.25,51.75,50.25,51.25,63252200
2018-07-25,33.68293762207031,51.0,51.5,50.25,50.25,56717600
2018-07-26,34.17828369140625,51.75,51.75,50.75,51.5,68520700
2018-07-31,33.84804916381836,51.25,51.75,50.75,51.5,84223400
2018-08-01,34.673614501953125,52.5,52.75,50.75,51.25,115565400
2018-08-02,34.34339141845703,52.0,52.5,51.5,52.0,77496200
2018-08-03,34.17828369140625,51.75,52.25,51.5,51.75,41694900
2018-08-06,34.01316452026367,51.5,52.25,51.25,52.0,39754800
2018-08-07,34.508506774902344,52.25,52.5,51.25,51.75,58994400
2018-08-08,35.003841400146484,53.0,53.0,52.25,52.25,82988200
2018-08-09,34.673614501953125,52.5,53.0,52.5,52.5,50597000
2018-08-10,34.17828369140625,51.75,52.75,51.75,52.25,47011600
2018-08-14,34.17828369140625,51.75,52.0,51.0,51.5,58340400
2018-08-15,33.68293762207031,51.0,51.75,50.75,51.5,52610500
2018-08-16,33.35271072387695,50.5,50.75,49.5,50.5,94396000
2018-08-17,34.01316452026367,51.5,52.0,51.0,51.0,70988500
2018-08-20,34.508506774902344,52.25,52.5,52.0,52.0,34657600
2018-08-21,34.17828369140625,51.75,52.75,51.5,52.5,75318000
2018-08-22,34.17828369140625,51.75,52.5,51.25,51.75,68004900
2018-08-23,34.34339141845703,52.0,52.5,51.75,52.25,50542900
2018-08-24,34.17828369140625,51.75,52.25,51.5,51.75,55900700
2018-08-27,34.34339141845703,52.0,52.25,51.75,52.0,51157200
2018-08-28,34.673614501953125,52.5,53.0,52.25,52.25,92789300
2018-08-29,34.673614501953125,52.5,52.5,52.0,52.5,57306100
2018-08-30,34.34339141845703,52.0,52.75,52.0,52.5,49662200
2018-08-31,34.673614501953125,52.5,52.5,51.75,51.75,54766500
2018-09-03,34.83872985839844,52.75,52.75,52.25,52.5,37571700
2018-09-04,34.508506774902344,52.25,53.0,52.25,52.75,78851600
2018-09-05,33.35271072387695,50.5,52.0,50.5,51.75,81497900
2018-09-06,33.35271072387695,50.5,50.5,49.75,50.5,75705800
2018-09-07,33.02248764038086,50.0,50.25,49.5,50.25,61471900
2018-09-10,33.18760681152344,50.25,50.25,49.5,50.0,34077100
2018-09-11,32.19693374633789,48.75,50.25,48.75,50.0,89541500
2018-09-12,32.6922607421875,49.5,49.75,48.75,49.0,70998100
2018-09-13,34.34339141845703,52.0,52.25,50.25,50.25,118417200
2018-09-14,34.17828369140625,51.75,52.25,51.5,52.25,48676600
2018-09-17,33.68293762207031,51.0,51.75,50.75,51.5,51129800
2018-09-18,34.34339141845703,52.0,52.25,50.75,50.75,102707000
2018-09-19,34.673614501953125,52.5,53.0,52.0,52.25,116079600
2018-09-20,35.334068298339844,53.5,53.75,52.75,53.0,117463700
2018-09-21,35.499176025390625,53.75,54.0,53.25,53.75,102535600
2018-09-24,35.66428756713867,54.0,54.0,53.25,53.5,42751100
2018-09-25,35.66428756713867,54.0,54.25,53.75,54.0,45177600
2018-09-26,35.82939910888672,54.25,54.5,54.0,54.25,41601500
2018-09-27,35.66428756713867,54.0,54.5,53.0,54.25,88924300
2018-09-28,35.82939910888672,54.25,54.5,54.0,54.5,49890000
2018-10-01,36.15962600708008,54.75,55.0,54.5,54.75,56906200
2018-10-02,35.9945182800293,54.5,55.25,54.25,54.75,75827200
2018-10-03,35.334068298339844,53.5,54.75,53.25,54.5,57174600
2018-10-04,35.003841400146484,53.0,53.75,52.5,53.25,79805500
2018-10-05,34.673614501953125,52.5,53.0,52.25,52.5,45275600
2018-10-08,34.17828369140625,51.75,53.0,51.75,52.5,62608300
2018-10-09,34.508506774902344,52.25,52.5,51.75,52.0,60714800
2018-10-10,35.66428756713867,54.0,54.0,52.75,52.75,84425100
2018-10-11,34.189449310302734,51.0,52.0,50.75,51.25,161422900
2018-10-12,34.52463912963867,51.5,52.0,51.0,51.5,78177000
2018-10-16,34.189449310302734,51.0,51.75,51.0,51.5,43143300
2018-10-17,34.189449310302734,51.0,51.75,51.0,51.5,39322500
2018-10-18,34.189449310302734,51.0,51.5,50.5,50.75,42968200
2018-10-19,33.85425567626953,50.5,51.0,50.5,50.75,60801700
2018-10-22,33.686668395996094,50.25,51.0,50.25,50.75,25528000
2018-10-24,32.513492584228516,48.5,49.25,48.5,48.75,99742400
2018-10-25,33.183876037597656,49.5,50.0,47.75,47.75,110238500
2018-10-26,32.34590530395508,48.25,49.5,48.25,49.25,94270400
2018-10-29,32.68109130859375,48.75,49.5,48.5,48.5,30536400
2018-10-30,33.01628494262695,49.25,49.5,48.5,48.75,43117500
2018-10-31,34.189449310302734,51.0,51.0,49.5,50.0,72326100
2018-11-01,33.183876037597656,49.5,51.0,49.5,50.75,101938000
2018-11-02,33.35146713256836,49.75,50.25,49.25,49.75,76979500
2018-11-05,33.01628494262695,49.25,49.5,49.0,49.25,46735900
2018-11-06,33.35146713256836,49.75,50.25,49.5,49.5,45290000
2018-11-07,33.686668395996094,50.25,50.5,49.5,50.25,61291900
2018-11-08,34.021854400634766,50.75,51.25,50.75,50.75,56791700
2018-11-09,33.35146713256836,49.75,50.5,49.75,50.25,47183700
2018-11-12,33.35146713256836,49.75,50.25,49.75,50.0,35330100
2018-11-13,33.519065856933594,50.0,50.5,49.5,49.5,60123200
2018-11-14,32.84868621826172,49.0,49.5,48.5,49.5,75095100
2018-11-15,32.68109130859375,48.75,49.25,48.5,49.0,57846600
2018-11-16,32.68109130859375,48.75,49.25,48.5,48.75,39354100
2018-11-19,32.68109130859375,48.75,49.0,48.5,48.75,36193800
2018-11-20,32.513492584228516,48.5,49.0,48.25,48.75,27612900
2018-11-21,32.34590530395508,48.25,48.75,48.0,48.0,53508900
2018-11-22,32.178306579589844,48.0,48.75,48.0,48.5,26426300
2018-11-23,32.68109130859375,48.75,49.0,48.0,48.25,39162200
2018-11-26,32.513492584228516,48.5,48.75,48.25,48.5,27399400
2018-11-27,32.68109130859375,48.75,49.0,48.25,48.25,32470700
2018-11-28,32.84868621826172,49.0,49.5,48.75,49.0,32987600
2018-11-29,33.01628494262695,49.25,50.0,49.25,49.25,31648400
2018-11-30,33.01628494262695,49.25,50.0,49.0,49.5,50870800
2018-12-03,34.692230224609375,51.75,52.25,50.25,50.5,102166400
2018-12-04,34.52463912963867,51.5,51.75,51.0,51.5,59150400
2018-12-06,33.686668395996094,50.25,50.75,50.0,50.5,57776700
2018-12-07,33.183876037597656,49.5,50.75,49.5,50.5,60108000
2018-12-11,33.01628494262695,49.25,49.75,49.0,49.5,51995700
2018-12-12,32.84868621826172,49.0,49.75,48.75,49.5,55457100
2018-12-13,31.843114852905273,47.5,49.25,47.0,49.0,107105500
2018-12-14,32.01070785522461,47.75,48.25,47.25,47.5,51388700
2018-12-17,32.178306579589844,48.0,48.25,47.75,47.75,39167300
2018-12-18,32.178306579589844,48.0,47.75,47.0,47.5,65021900
2018-12-19,31.507925033569336,47.0,47.25,46.25,46.75,87102700
2018-12-20,31.34032440185547,46.75,47.25,46.5,46.75,41622600
2018-12-21,31.843114852905273,47.5,47.5,46.5,46.5,52923700
2018-12-24,31.843114852905273,47.5,48.25,47.0,47.25,30399200
2018-12-25,30.334760665893555,45.25,46.75,45.25,46.75,57988500
2018-12-26,30.50235366821289,45.5,45.75,45.25,45.5,48055200
2018-12-27,30.50235366821289,45.5,47.5,45.25,47.0,92559300
2018-12-28,30.83753776550293,46.0,46.5,45.75,45.75,40796100
2019-01-02,31.00514030456543,46.25,46.75,46.25,46.25,30481900
2019-01-03,30.50235366821289,45.5,47.0,45.25,46.5,53438400
2019-01-04,31.34032440185547,46.75,47.0,45.25,45.5,60708300
2019-01-07,32.178306579589844,48.0,48.75,47.25,47.25,86356300
2019-01-08,32.178306579589844,48.0,48.75,47.75,48.25,50671500
2019-01-09,32.34590530395508,48.25,49.25,48.0,49.25,61760500
2019-01-10,32.68109130859375,48.75,49.0,48.0,48.25,70224300
2019-01-11,33.01628494262695,49.25,49.25,48.75,48.75,46822700
2019-01-14,32.178306579589844,48.0,49.0,47.5,48.75,63594700
2019-01-15,32.01070785522461,47.75,48.5,47.5,48.25,42908000
2019-01-16,31.843114852905273,47.5,48.25,47.0,48.0,71303600
2019-01-17,31.675518035888672,47.25,48.0,47.25,47.25,53656000
2019-01-18,32.34590530395508,48.25,48.5,47.75,48.0,43114000
2019-01-21,32.68109130859375,48.75,49.0,48.5,48.5,40896500
2019-01-22,33.183876037597656,49.5,49.75,48.75,48.75,60630600
2019-01-23,33.183876037597656,49.5,50.0,49.25,49.5,97284200
2019-01-24,32.84868621826172,49.0,50.0,49.0,49.5,65759600
2019-01-25,32.68109130859375,48.75,49.25,48.25,49.0,68842000
2019-01-28,32.68109130859375,48.75,49.25,48.5,48.75,44516700
2019-01-29,32.34590530395508,48.25,48.75,47.25,48.5,82281100
2019-01-30,32.34590530395508,48.25,48.5,47.5,48.5,51236800
2019-01-31,32.513492584228516,48.5,49.25,48.5,48.5,61479100
2019-02-01,33.183876037597656,49.5,49.5,48.5,48.75,45486300
2019-02-04,33.01628494262695,49.25,49.75,49.25,49.75,42524900
2019-02-05,33.01628494262695,49.25,49.25,48.75,49.25,18570600
2019-02-06,32.68109130859375,48.75,49.25,48.75,49.25,30913700
2019-02-07,32.84868621826172,49.0,49.5,48.75,48.75,43047500
2019-02-08,32.513492584228516,48.5,49.0,48.5,48.75,52078500
2019-02-11,32.34590530395508,48.25,48.5,48.0,48.25,45073400
2019-02-12,32.513492584228516,48.5,48.5,48.0,48.25,25236800
2019-02-13,32.84868621826172,49.0,49.25,48.25,48.75,55507500
2019-02-14,32.34590530395508,48.25,49.25,48.25,49.0,66581400
2019-02-15,32.34590530395508,48.25,48.5,47.75,48.25,51281500
2019-02-18,32.513492584228516,48.5,48.75,48.25,48.5,38098300
2019-02-20,32.84868621826172,49.0,49.0,48.25,48.25,54250800
2019-02-21,32.68109130859375,48.75,49.25,48.75,49.0,39701600
2019-02-22,33.01628494262695,49.25,49.5,48.25,48.5,54555900
2019-02-25,33.35146713256836,49.75,50.0,49.25,49.5,66032200
2019-02-26,32.84868621826172,49.0,49.5,49.0,49.5,56262500
2019-02-27,33.01628494262695,49.25,49.5,48.75,49.0,36652900
2019-02-28,32.513492584228516,48.5,49.5,48.5,49.25,74772600
2019-03-01,32.68109130859375,48.75,48.75,48.25,48.5,50324500
2019-03-04,32.68109130859375,48.75,49.0,48.25,48.5,42714600
2019-03-05,32.68109130859375,48.75,49.0,48.5,48.5,40786100
2019-03-06,32.646732330322266,47.5,48.0,47.5,48.0,39502400
2019-03-07,32.81855773925781,47.75,48.0,47.25,47.5,45868600
2019-03-08,32.646732330322266,47.5,48.0,47.25,47.75,42416300
2019-03-11,32.47489929199219,47.25,48.0,47.25,47.5,34589700
2019-03-12,32.47489929199219,47.25,47.75,47.25,47.5,34074500
2019-03-13,32.81855773925781,47.75,47.75,46.75,47.25,50919200
2019-03-14,32.99037551879883,48.0,48.5,47.75,48.0,47689700
2019-03-15,33.16220474243164,48.25,48.5,47.75,48.25,67054000
2019-03-18,32.81855773925781,47.75,48.5,47.5,48.25,50423100
2019-03-19,33.334022521972656,48.5,48.75,47.75,47.75,40416300
2019-03-20,33.16220474243164,48.25,48.75,48.0,48.5,37376700
2019-03-21,33.16220474243164,48.25,48.75,48.25,48.25,47539000
2019-03-22,33.50585174560547,48.75,49.25,48.5,48.75,46427000
2019-03-25,32.81855773925781,47.75,48.5,47.5,48.25,75544200
2019-03-26,32.99037551879883,48.0,48.25,47.5,48.0,48308300
2019-03-27,32.646732330322266,47.5,48.0,47.25,47.75,59392600
2019-03-28,32.646732330322266,47.5,47.75,47.0,47.25,45521900
2019-03-29,32.99037551879883,48.0,48.0,47.5,47.75,31394100
2019-04-01,32.99037551879883,48.0,48.5,48.0,48.25,42727400
2019-04-02,32.99037551879883,48.0,48.5,48.0,48.25,34675200
2019-04-03,33.16220474243164,48.25,48.5,47.75,48.25,62638000
2019-04-04,32.99037551879883,48.0,48.25,47.75,48.25,26875900
2019-04-05,32.81855773925781,47.75,48.25,47.5,48.0,28256400
2019-04-09,32.99037551879883,48.0,48.25,47.75,47.75,41015400
2019-04-10,33.16220474243164,48.25,48.5,48.0,48.0,47147000
2019-04-11,33.16220474243164,48.25,48.5,48.0,48.25,21735500
2019-04-12,32.99037551879883,48.0,48.5,48.0,48.25,20434800
2019-04-17,33.334022521972656,48.5,48.75,48.0,48.25,80575800
2019-04-18,33.50585174560547,48.75,48.75,48.25,48.75,26839600
2019-04-19,33.334022521972656,48.5,48.75,48.5,48.5,9213100
2019-04-22,33.84950256347656,49.25,49.5,48.5,48.5,85567700
2019-04-23,34.021324157714844,49.5,50.0,49.25,49.25,59826300
2019-04-24,34.021324157714844,49.5,50.25,49.5,50.0,66025200
2019-04-25,34.021324157714844,49.5,49.75,49.25,49.5,36027300
2019-04-26,33.84950256347656,49.25,49.75,49.0,49.75,42478000
2019-04-29,33.50585174560547,48.75,49.25,48.75,49.0,31093700
2019-04-30,33.50585174560547,48.75,49.25,48.5,49.0,36313700
2019-05-02,33.67767333984375,49.0,49.25,48.75,49.0,24142900
2019-05-03,33.84950256347656,49.25,49.5,48.75,49.0,34370400
2019-05-07,33.50585174560547,48.75,49.0,48.25,49.0,71380400
2019-05-08,32.99037551879883,48.0,48.5,48.0,48.5,60392200
2019-05-09,32.646732330322266,47.5,48.25,47.5,48.0,65309100
2019-05-10,32.81855773925781,47.75,48.0,47.5,47.75,39293800
2019-05-13,32.646732330322266,47.5,48.0,47.25,47.75,42830900
2019-05-14,32.47489929199219,47.25,47.75,47.0,47.25,53515100
2019-05-15,32.47489929199219,47.25,47.75,47.25,47.5,26120400
2019-05-16,32.303077697753906,47.0,47.5,47.0,47.25,38097800
2019-05-17,31.959428787231445,46.5,47.5,46.5,47.25,59669500
2019-05-21,31.7876033782959,46.25,46.75,46.25,46.5,63587200
2019-05-22,31.959428787231445,46.5,46.75,46.25,46.25,50385300
2019-05-23,31.443958282470703,45.75,46.5,45.75,46.25,32282200
2019-05-24,31.443958282470703,45.75,46.0,45.0,45.25,65756200
2019-05-27,31.7876033782959,46.25,46.75,46.0,46.0,25633000
2019-05-28,32.47489929199219,47.25,47.25,46.0,46.5,105796000
2019-05-29,31.959428787231445,46.5,47.0,46.5,47.0,32579800
2019-05-30,31.7876033782959,46.25,46.75,46.25,46.5,41340600
2019-05-31,31.7876033782959,46.25,46.75,46.0,46.25,38579900
2019-06-04,31.959428787231445,46.5,46.75,45.75,46.0,62919700
2019-06-05,32.303077697753906,47.0,47.25,46.75,47.0,41894200
2019-06-06,32.303077697753906,47.0,47.25,46.75,47.0,29504100
2019-06-07,32.303077697753906,47.0,47.25,46.75,47.25,31203700
2019-06-10,32.47489929199219,47.25,47.75,47.0,47.25,62287800
2019-06-11,32.646732330322266,47.5,47.75,47.25,47.25,53160200
2019-06-12,32.303077697753906,47.0,47.5,47.0,47.25,29206300
2019-06-13,32.303077697753906,47.0,47.0,46.5,46.75,53014500
2019-06-14,31.959428787231445,46.5,47.0,46.5,46.75,23853800
2019-06-17,31.959428787231445,46.5,47.0,46.5,46.75,29257600
2019-06-18,32.646732330322266,47.5,47.5,46.5,46.75,43570800
2019-06-19,32.99037551879883,48.0,48.5,47.75,47.75,96102900
2019-06-20,33.50585174560547,48.75,49.0,48.0,48.25,96692400
2019-06-21,33.67767333984375,49.0,49.5,48.5,49.25,101717200
2019-06-24,33.67767333984375,49.0,49.25,48.75,49.0,41335300
2019-06-25,33.50585174560547,48.75,49.25,48.25,49.0,63759000
2019-06-26,33.334022521972656,48.5,49.0,48.25,48.75,61454600
2019-06-27,33.50585174560547,48.75,49.0,48.5,48.75,41623900
2019-06-28,33.50585174560547,48.75,49.0,48.75,48.75,26162200
2019-07-01,34.021324157714844,49.5,49.5,49.0,49.5,52067800
2019-07-02,33.334022521972656,48.5,49.5,48.5,49.25,51490800
2019-07-03,33.16220474243164,48.25,48.5,48.0,48.5,44524800
2019-07-04,33.16220474243164,48.25,48.75,48.0,48.5,49509400
2019-07-05,33.16220474243164,48.25,48.5,48.0,48.25,20907100
2019-07-08,33.16220474243164,48.25,48.25,48.0,48.0,12375900
2019-07-09,32.81855773925781,47.75,48.25,47.75,48.0,39812400
2019-07-10,33.16220474243164,48.25,48.5,47.75,48.0,56289300
2019-07-11,33.16220474243164,48.25,48.75,48.25,48.5,47516200
2019-07-12,32.81855773925781,47.75,48.5,47.75,48.5,52101300
2019-07-15,32.81855773925781,47.75,48.5,47.5,47.75,52288400
2019-07-17,32.99037551879883,48.0,48.25,47.5,47.75,40867000
2019-07-18,32.81855773925781,47.75,48.0,47.5,47.75,42921300
2019-07-19,32.81855773925781,47.75,48.0,47.5,48.0,32629400
2019-07-22,32.81855773925781,47.75,48.0,47.5,47.5,34406000
2019-07-23,32.81855773925781,47.75,48.0,47.5,48.0,21060200
2019-07-24,32.81855773925781,47.75,48.0,47.25,47.75,34429900
2019-07-25,32.81855773925781,47.75,48.0,47.5,47.75,20087500
2019-07-26,32.47489929199219,47.25,47.75,47.0,47.5,41728200
2019-07-30,32.47489929199219,47.25,47.5,47.0,47.25,23789900
2019-07-31,32.47489929199219,47.25,47.5,47.0,47.0,34634400
2019-08-01,32.47489929199219,47.25,47.25,46.75,47.0,25010600
2019-08-02,31.61577796936035,46.0,46.75,45.75,46.75,109691800
2019-08-05,31.443958282470703,45.75,46.5,45.75,46.0,54457300
2019-08-06,31.27212905883789,45.5,45.75,45.25,45.25,63979300
2019-08-07,30.92847442626953,45.0,45.75,45.0,45.5,61688200
2019-08-08,30.413002014160156,44.25,45.25,44.0,45.0,89147100
2019-08-09,30.413002014160156,44.25,44.75,44.0,44.25,40806300
2019-08-13,29.553876876831055,43.0,44.25,42.5,44.0,101437800
2019-08-14,29.72570037841797,43.25,44.0,43.0,43.5,84574000
2019-08-15,29.038408279418945,42.25,43.25,42.0,42.75,99627300
2019-08-16,29.382051467895508,42.75,43.0,42.25,42.5,43127600
2019-08-19,29.72570037841797,43.25,43.5,42.75,43.0,47577500
2019-08-20,29.382051467895508,42.75,43.5,42.5,43.5,33490200
2019-08-21,29.553876876831055,43.0,43.5,42.75,43.0,29780800
2019-08-22,29.038408279418945,42.25,42.75,42.0,42.5,83616100
2019-08-23,29.210229873657227,42.5,42.75,42.25,42.5,20612900
2019-08-26,28.179277420043945,41.0,42.0,41.0,41.75,88299000
2019-08-27,28.007455825805664,40.75,41.5,40.75,41.25,80169300
2019-08-28,28.179277420043945,41.0,41.25,40.75,41.0,28287600
2019-08-29,29.72570037841797,43.25,43.5,41.0,41.25,109703100
2019-08-30,30.413002014160156,44.25,44.5,43.5,43.75,94049500
2019-09-02,29.897531509399414,43.5,44.25,43.5,44.0,48614200
2019-09-03,29.382051467895508,42.75,43.75,42.75,43.5,46176100
2019-09-04,29.897531509399414,43.5,43.75,42.75,43.25,45669600
2019-09-05,30.413002014160156,44.25,44.5,44.0,44.25,51698600
2019-09-06,30.584823608398438,44.5,44.75,44.25,44.5,29316600
2019-09-09,30.92847442626953,45.0,45.0,44.25,44.5,33094400
2019-09-10,31.27212905883789,45.5,45.5,45.0,45.25,44756700
2019-09-11,31.443958282470703,45.75,45.75,45.0,45.25,43756200
2019-09-12,31.27212905883789,45.5,46.25,45.5,45.75,37933400
2019-09-13,31.27212905883789,45.5,45.75,45.25,45.5,37103000
2019-09-16,32.303077697753906,47.0,47.25,46.75,46.75,109572700
2019-09-17,32.47489929199219,47.25,47.75,47.0,47.25,83573700
2019-09-18,31.443958282470703,45.75,46.75,45.5,46.5,91383800
2019-09-19,31.10030174255371,45.25,45.75,45.0,45.5,46595800
2019-09-20,31.27212905883789,45.5,45.75,44.75,45.0,72291500
2019-09-23,31.443958282470703,45.75,46.0,45.0,45.5,43060500
2019-09-24,31.7876033782959,46.25,46.5,45.75,45.75,39281300
2019-09-25,31.61577796936035,46.0,46.0,45.5,45.75,38430600
2019-09-26,31.61577796936035,46.0,46.5,46.0,46.0,41834400
2019-09-27,31.61577796936035,46.0,46.25,45.75,46.0,42434900
2019-09-30,31.7876033782959,46.25,46.25,45.75,46.25,48000500
2019-10-01,31.443958282470703,45.75,46.0,45.5,46.0,35882000
2019-10-02,31.443958282470703,45.75,45.75,45.25,45.5,41306600
2019-10-03,31.27212905883789,45.5,45.75,45.25,45.5,51159300
2019-10-04,31.443958282470703,45.75,46.0,45.5,45.75,18036800
2019-10-07,31.61577796936035,46.0,46.0,45.5,45.75,24833700
2019-10-08,31.443958282470703,45.75,46.5,45.75,46.25,25986400
2019-10-09,31.443958282470703,45.75,46.0,45.5,46.0,28119300
2019-10-10,31.198566436767578,44.5,45.25,44.5,45.0,44578000
2019-10-11,31.72439193725586,45.25,45.75,44.5,44.5,49071300
2019-10-15,31.549116134643555,45.0,45.75,44.75,45.25,31686200
2019-10-16,31.549116134643555,45.0,45.5,44.5,45.0,33940300
2019-10-17,31.02330207824707,44.25,45.25,44.25,45.0,41839500
2019-10-18,31.198566436767578,44.5,44.75,44.0,44.25,25782300
2019-10-21,31.02330207824707,44.25,44.75,44.0,44.5,21384300
2019-10-22,31.373842239379883,44.75,45.0,44.25,44.5,15780100
2019-10-24,31.373842239379883,44.75,45.25,44.25,45.25,41726700
2019-10-25,31.198566436767578,44.5,45.0,44.25,44.75,27856900
2019-10-28,31.198566436767578,44.5,44.75,44.25,44.5,23898200
2019-10-29,31.198566436767578,44.5,45.0,44.25,44.75,28255100
2019-10-30,31.89966583251953,45.5,45.75,44.25,44.5,59666100
2019-10-31,31.72439193725586,45.25,46.0,45.0,45.75,61242200
2019-11-01,31.72439193725586,45.25,45.5,44.75,45.25,30744800
2019-11-04,31.89966583251953,45.5,45.75,44.75,45.5,58485500
2019-11-05,32.07493209838867,45.75,46.0,45.5,46.0,54410800
2019-11-06,31.89966583251953,45.5,46.0,45.25,45.75,51214200
2019-11-07,32.250205993652344,46.0,46.25,45.0,45.25,80378200
2019-11-08,31.89966583251953,45.5,46.25,45.25,46.0,66256800
2019-11-11,31.72439193725586,45.25,45.75,45.0,45.25,45495600
2019-11-12,31.72439193725586,45.25,45.75,45.0,45.5,36738100
2019-11-13,31.72439193725586,45.25,45.25,45.0,45.0,19448300
2019-11-14,31.373842239379883,44.75,45.25,44.75,45.25,48616100
2019-11-15,31.373842239379883,44.75,45.0,44.5,45.0,28837900
2019-11-18,31.198566436767578,44.5,45.0,44.5,44.75,43191600
2019-11-19,30.672754287719727,43.75,44.5,43.25,44.5,96012900
2019-11-20,30.146936416625977,43.0,43.5,42.75,43.5,63434600
2019-11-21,30.322202682495117,43.25,43.25,42.75,43.25,39145000
2019-11-22,30.322202682495117,43.25,43.5,43.0,43.25,14441700
2019-11-25,30.497482299804688,43.5,43.5,43.0,43.5,38908500
2019-11-26,30.322202682495117,43.25,44.25,43.25,43.5,80037300
2019-11-27,30.497482299804688,43.5,43.75,43.0,43.25,47384800
2019-11-28,30.497482299804688,43.5,43.5,43.25,43.5,12772600
2019-11-29,30.322202682495117,43.25,43.75,43.0,43.25,43033900
2019-12-02,29.796388626098633,42.5,43.25,42.5,43.25,51835600
2019-12-03,29.27056884765625,41.75,42.5,41.75,42.5,50405700
2019-12-04,29.62111473083496,42.25,43.0,41.25,41.5,44312600
2019-12-06,29.445837020874023,42.0,42.75,42.0,42.25,34376400
2019-12-09,29.62111473083496,42.25,42.75,42.0,42.5,26918700
2019-12-11,29.445837020874023,42.0,42.5,41.5,42.5,61259700
2019-12-12,29.971660614013672,42.75,43.25,42.25,42.25,48892000
2019-12-13,30.848020553588867,44.0,44.75,44.0,44.25,61368700
2019-12-16,30.497482299804688,43.5,44.25,43.5,44.25,47295200
2019-12-17,30.672754287719727,43.75,44.25,43.25,43.75,41898500
2019-12-18,31.373842239379883,44.75,44.75,44.0,44.25,42178000
2019-12-19,31.02330207824707,44.25,44.5,43.25,44.0,64486600
2019-12-20,31.198566436767578,44.5,44.5,43.5,44.25,59579700
2019-12-23,31.373842239379883,44.75,45.25,44.25,44.5,23862100
2019-12-24,31.02330207824707,44.25,45.0,44.0,45.0,32913200
2019-12-25,31.02330207824707,44.25,44.25,43.75,44.25,11687500
2019-12-26,31.198566436767578,44.5,44.5,44.25,44.25,11117700
2019-12-27,31.02330207824707,44.25,44.75,43.5,44.5,55385800
2019-12-30,30.848020553588867,44.0,44.75,44.0,44.25,33688500
2020-01-02,31.89966583251953,45.5,45.5,44.0,44.25,59084700
2020-01-03,32.60075378417969,46.5,47.0,46.0,46.25,147370600
2020-01-06,32.951297760009766,47.0,47.75,46.5,47.25,91026800
2020-01-07,33.12656784057617,47.25,47.25,46.25,47.25,60059600
2020-01-08,32.776031494140625,46.75,47.75,46.75,47.5,57759900
2020-01-09,32.951297760009766,47.0,47.0,45.75,46.25,52687500
2020-01-10,32.60075378417969,46.5,47.0,46.0,47.0,46958400
2020-01-13,32.60075378417969,46.5,47.0,46.25,46.5,34881800
2020-01-14,32.250205993652344,46.0,46.5,45.75,46.0,33151000
2020-01-15,31.89966583251953,45.5,46.0,45.5,45.75,54902500
2020-01-16,32.250205993652344,46.0,46.0,45.25,45.5,22148600
2020-01-17,32.250205993652344,46.0,46.5,45.75,46.0,35360400
2020-01-20,32.425479888916016,46.25,46.25,45.75,46.0,18111800
2020-01-21,32.60075378417969,46.5,46.75,45.75,46.25,41680400
2020-01-22,32.425479888916016,46.25,47.0,46.25,46.75,27232000
2020-01-23,32.07493209838867,45.75,46.0,45.25,45.75,42931800
2020-01-24,31.72439193725586,45.25,45.75,45.0,45.5,48022500
2020-01-27,30.497482299804688,43.5,44.75,43.5,44.75,81866700
2020-01-28,30.672754287719727,43.75,44.0,43.25,43.25,52014600
2020-01-29,30.497482299804688,43.5,44.0,43.25,44.0,58874300
2020-01-30,30.497482299804688,43.5,43.75,43.25,43.5,15786000
2020-01-31,30.322202682495117,43.25,43.75,43.0,43.5,33971300
2020-02-03,29.971660614013672,42.75,43.25,42.5,43.25,41357700
2020-02-04,30.146936416625977,43.0,43.0,42.25,42.75,48374600
2020-02-05,30.322202682495117,43.25,43.5,42.5,43.0,53322800
2020-02-06,30.672754287719727,43.75,44.25,43.25,43.5,57822000
2020-02-07,30.497482299804688,43.5,44.25,43.25,44.0,38887000
2020-02-11,30.146936416625977,43.0,43.75,43.0,43.5,47458700
2020-02-12,30.322202682495117,43.25,43.5,43.0,43.5,40596700
2020-02-13,30.146936416625977,43.0,43.75,43.0,43.25,30805100
2020-02-14,30.146936416625977,43.0,43.5,43.0,43.25,24283500
2020-02-17,30.146936416625977,43.0,43.25,42.75,43.0,29068200
2020-02-18,29.971660614013672,42.75,43.25,42.75,43.0,19227100
2020-02-19,30.848020553588867,44.0,44.5,43.0,43.0,79842400
2020-02-20,31.373842239379883,44.75,45.0,43.5,44.5,59181300
2020-02-21,31.198566436767578,44.5,44.5,43.75,43.75,45151700
2020-02-24,29.971660614013672,42.75,44.0,42.75,43.75,79722500
2020-02-25,29.796388626098633,42.5,43.25,42.5,42.75,68580100
2020-02-26,29.095294952392578,41.5,42.5,41.5,42.25,91569300
2020-02-27,29.27056884765625,41.75,42.25,41.0,41.5,78430600
2020-02-28,27.34256362915039,39.0,40.75,38.0,40.75,135415600
2020-03-02,27.517841339111328,39.25,40.5,39.25,39.5,131743600
2020-03-03,28.56947898864746,40.75,40.75,39.75,40.0,82152500
2020-03-04,28.461400985717773,39.5,40.0,39.0,39.5,62206800
2020-03-05,28.10112190246582,39.0,40.0,39.0,40.0,52775600
2020-03-06,27.020313262939453,37.5,38.5,37.5,38.5,71759400
2020-03-09,20.175167083740234,28.0,31.5,26.75,26.75,643782000
2020-03-10,20.535436630249023,28.5,29.5,28.0,29.0,325595400
2020-03-11,21.07584571838379,29.25,30.25,28.5,29.25,273511400
2020-03-12,19.094356536865234,26.5,28.0,26.25,27.25,252899600
2020-03-13,20.175167083740234,28.0,29.5,23.600000381469727,24.200000762939453,390830800
2020-03-16,18.914216995239258,26.25,28.0,26.25,27.0,168223100
2020-03-17,18.734085083007812,26.0,27.5,26.0,26.5,193054600
2020-03-18,19.094356536865234,26.5,27.25,25.5,26.5,121063700
2020-03-19,18.5539493560791,25.75,26.0,24.600000381469727,25.0,156500700
2020-03-20,21.2559814453125,29.5,29.5,26.75,27.25,199378000
2020-03-23,19.6347599029541,27.25,28.5,26.5,27.0,166909300
2020-03-24,20.895709991455078,29.0,29.75,27.75,29.25,185795900
2020-03-25,22.516929626464844,31.25,32.75,29.5,30.0,225148500
2020-03-26,22.516929626464844,31.25,32.0,30.5,30.75,142242900
2020-03-27,21.616249084472656,30.0,31.75,29.5,31.5,148090400
2020-03-30,20.895709991455078,29.0,29.0,29.0,29.0,7500500
2020-03-31,22.156658172607422,30.75,30.75,29.0,29.0,113739000
2020-04-01,21.79638671875,30.25,31.25,30.0,30.25,112603400
2020-04-02,24.31828498840332,33.75,34.5,30.5,30.75,235135400
2020-04-03,25.579233169555664,35.5,36.75,34.0,35.5,267035700
2020-04-07,27.560720443725586,38.25,38.75,37.0,38.5,214399300
2020-04-08,25.939504623413086,36.0,37.5,35.75,37.5,171353300
2020-04-09,25.75936508178711,35.75,37.25,35.0,37.0,155937800
2020-04-10,25.939504623413086,36.0,36.25,34.5,35.0,79974300
2020-04-13,25.75936508178711,35.75,36.0,35.0,35.5,65183100
2020-04-14,25.939504623413086,36.0,36.5,35.75,36.25,79894600
2020-04-15,25.579233169555664,35.5,36.0,35.0,35.5,89542500
2020-04-16,23.958011627197266,33.25,35.25,33.0,35.0,129900200
2020-04-17,24.678552627563477,34.25,34.75,33.25,34.5,122747300
2020-04-20,25.399091720581055,35.25,35.75,33.75,34.0,87463700
2020-04-21,24.498416900634766,34.0,34.75,33.75,34.5,109237800
2020-04-22,23.958011627197266,33.25,33.75,32.5,33.25,145407200
2020-04-23,24.31828498840332,33.75,34.25,33.5,33.75,102677100
2020-04-24,24.498416900634766,34.0,35.0,33.75,34.25,122083100
2020-04-27,24.498416900634766,34.0,34.75,33.75,34.75,52826400
2020-04-28,24.138145446777344,33.5,34.0,33.0,33.5,87950300
2020-04-29,24.498416900634766,34.0,34.25,33.5,34.0,70051700
2020-04-30,25.579233169555664,35.5,35.5,34.5,35.0,182032900
2020-05-05,25.218957901000977,35.0,35.75,34.5,35.25,93125700
2020-05-07,24.678552627563477,34.25,35.25,34.25,35.0,64787000
2020-05-08,25.399091720581055,35.25,35.5,34.5,34.75,68596200
2020-05-11,25.579233169555664,35.5,36.0,35.25,35.75,88413800
2020-05-12,26.1196346282959,36.25,36.25,35.25,35.5,71991100
2020-05-13,25.939504623413086,36.0,36.5,35.75,36.0,49095100
2020-05-14,25.579233169555664,35.5,35.75,35.0,35.5,45709300
2020-05-15,25.579233169555664,35.5,36.0,35.25,35.75,78668000
2020-05-18,25.939504623413086,36.0,36.5,36.0,36.0,77226800
2020-05-19,26.299772262573242,36.5,37.0,36.5,37.0,106752100
2020-05-20,26.47990608215332,36.75,37.0,36.25,36.5,46700700
2020-05-21,26.660043716430664,37.0,37.25,36.5,37.0,47689600
2020-05-22,25.75936508178711,35.75,36.75,35.5,36.5,69384300
2020-05-25,26.1196346282959,36.25,36.5,35.75,35.75,25186200
2020-05-26,26.47990608215332,36.75,37.25,36.5,36.75,47875500
2020-05-27,26.299772262573242,36.5,36.75,36.0,36.5,39041200
2020-05-28,25.579233169555664,35.5,36.75,35.5,36.5,74678900
2020-05-29,25.579233169555664,35.5,35.75,35.0,35.5,92200800
2020-06-01,25.939504623413086,36.0,36.5,35.75,35.75,57097800
2020-06-02,26.660043716430664,37.0,37.0,35.75,36.25,53305400
2020-06-04,27.380582809448242,38.0,38.25,37.25,37.75,112629200
2020-06-05,28.461400985717773,39.5,40.5,37.5,38.0,172777600
2020-06-08,29.362075805664062,40.75,41.5,40.25,40.5,120902300
2020-06-09,28.10112190246582,39.0,40.5,38.75,40.25,116567300
2020-06-10,28.281261444091797,39.25,39.5,38.5,39.5,66057000
2020-06-11,27.740856170654297,38.5,39.25,38.0,39.0,55341900
2020-06-12,26.840179443359375,37.25,37.75,36.75,37.25,93979600
2020-06-15,26.299772262573242,36.5,37.25,36.0,36.75,74051700
2020-06-16,27.380582809448242,38.0,38.5,37.25,37.75,78565000
2020-06-17,27.380582809448242,38.0,38.0,37.0,37.5,77566900
2020-06-18,27.200448989868164,37.75,38.0,37.0,37.25,34172200
2020-06-19,27.560720443725586,38.25,38.25,37.5,38.0,48335300
2020-06-22,27.740856170654297,38.5,38.5,37.75,38.0,43698000
2020-06-23,27.92098617553711,38.75,38.75,38.25,38.75,27061200
2020-06-24,27.020313262939453,37.5,39.0,37.25,39.0,45653000
2020-06-25,26.840179443359375,37.25,37.25,36.25,37.0,50161000
2020-06-26,26.660043716430664,37.0,38.0,37.0,37.75,32050100
2020-06-29,26.840179443359375,37.25,37.5,36.5,36.5,35798700
2020-06-30,27.200448989868164,37.75,38.25,37.5,37.75,48960900
2020-07-01,27.740856170654297,38.5,38.5,37.5,38.0,51477700
2020-07-02,28.10112190246582,39.0,39.75,38.25,38.5,85892400
2020-07-03,28.281261444091797,39.25,39.75,38.75,39.25,45900700
2020-07-07,29.001802444458008,40.25,41.0,39.75,39.75,98297800
2020-07-08,28.461400985717773,39.5,40.5,39.0,40.0,75150800
2020-07-09,28.281261444091797,39.25,39.75,39.0,39.5,52227100
2020-07-10,27.560720443725586,38.25,39.0,38.0,38.75,51049000
2020-07-13,27.020313262939453,37.5,38.75,37.5,38.5,51480300
2020-07-14,27.380582809448242,38.0,38.0,37.0,37.25,33133600
2020-07-15,27.92098617553711,38.75,39.0,38.0,38.25,44600300
2020-07-16,27.560720443725586,38.25,38.75,37.75,38.75,37275700
2020-07-17,27.92098617553711,38.75,39.0,38.0,38.5,27833900
2020-07-20,27.740856170654297,38.5,39.0,38.25,38.5,25566500
2020-07-21,29.001802444458008,40.25,40.5,39.0,39.0,65615400
2020-07-22,28.461400985717773,39.5,40.75,39.0,40.25,65462200
2020-07-23,28.64153480529785,39.75,40.0,39.0,39.5,36524100
2020-07-24,27.740856170654297,38.5,39.25,38.5,39.0,42731400
2020-07-29,27.740856170654297,38.5,38.75,38.25,38.5,29212400
2020-07-30,27.380582809448242,38.0,39.0,38.0,38.5,37445600
2020-07-31,28.10112190246582,39.0,39.25,37.25,38.25,75399200
2020-08-03,27.740856170654297,38.5,39.0,38.25,39.0,35058600
2020-08-04,27.380582809448242,38.0,39.0,38.0,38.75,60854500
2020-08-05,28.10112190246582,39.0,39.25,38.0,38.25,61561600
2020-08-06,27.92098617553711,38.75,39.5,38.5,38.75,34953700
2020-08-07,27.560720443725586,38.25,38.75,37.75,38.5,59234200
2020-08-10,27.200448989868164,37.75,38.5,37.75,38.25,23190400
2020-08-11,27.020313262939453,37.5,38.5,37.5,38.0,61644200
2020-08-13,27.560720443725586,38.25,38.75,37.75,37.75,61045300
2020-08-14,27.200448989868164,37.75,38.5,37.5,38.25,38129200
2020-08-17,27.380582809448242,38.0,38.25,37.75,38.0,20152300
2020-08-18,27.380582809448242,38.0,38.25,37.75,38.0,31995400
2020-08-19,26.840179443359375,37.25,38.25,37.25,38.25,55437600
2020-08-20,26.1196346282959,36.25,37.25,36.25,37.0,49667200
2020-08-21,26.299772262573242,36.5,37.0,36.25,36.75,35237700
2020-08-24,26.47990608215332,36.75,37.25,36.25,36.5,40119000
2020-08-25,26.840179443359375,37.25,37.75,37.0,37.0,40673600
2020-08-26,26.660043716430664,37.0,37.5,36.75,37.25,32468600
2020-08-27,26.840179443359375,37.25,38.0,37.0,37.25,66120700
2020-08-28,26.47990608215332,36.75,37.75,36.5,37.5,60845600
2020-08-31,25.939504623413086,36.0,37.25,36.0,36.75,58945200
2020-09-01,26.1196346282959,36.25,36.5,36.0,36.25,32744800
2020-09-02,26.299772262573242,36.5,36.5,36.0,36.25,31752700
2020-09-03,25.939504623413086,36.0,36.5,36.0,36.25,33798000
2020-09-08,25.218957901000977,35.0,35.75,35.0,35.5,38232100
2020-09-09,25.399091720581055,35.25,35.5,33.75,34.25,52814100
2020-09-10,25.399091720581055,35.25,35.75,35.0,35.25,33592600
2020-09-11,25.218957901000977,35.0,35.5,35.0,35.0,22348300
2020-09-14,25.218957901000977,35.0,35.5,35.0,35.25,30045200
2020-09-15,25.399091720581055,35.25,35.5,34.5,35.0,45036600
2020-09-16,25.399091720581055,35.25,35.5,35.0,35.25,37845700
2020-09-17,25.75936508178711,35.75,35.75,35.0,35.25,32618600
2020-09-18,25.399091720581055,35.25,35.75,35.0,35.75,56531100
2020-09-21,25.218957901000977,35.0,35.5,34.75,35.25,30099100
2020-09-22,24.678552627563477,34.25,34.75,34.0,34.5,53563000
2020-09-23,24.138145446777344,33.5,34.5,33.5,34.5,53308400
2020-09-24,23.4176025390625,32.5,33.5,32.5,33.0,65105400
2020-09-25,23.4176025390625,32.5,33.0,32.25,32.5,43553600
2020-09-28,24.138145446777344,33.5,33.5,32.5,32.75,43085800
2020-09-29,23.958011627197266,33.25,33.5,33.0,33.5,34346000
2020-09-30,23.182832717895508,32.0,33.25,32.0,33.0,55633600
2020-10-01,23.90730094909668,33.0,33.25,32.0,32.5,35311400
2020-10-02,23.363954544067383,32.25,33.0,31.75,32.75,46626700
2020-10-05,23.363954544067383,32.25,32.75,32.0,32.5,33832700
2020-10-06,23.90730094909668,33.0,33.25,32.5,32.75,67785500
2020-10-07,23.90730094909668,33.0,33.0,32.25,32.75,43231700
2020-10-08,23.90730094909668,33.0,33.75,32.75,33.0,55614500
2020-10-09,24.08841323852539,33.25,33.5,32.75,33.25,38909600
2020-10-12,24.81287956237793,34.25,34.5,33.0,33.25,78586500
2020-10-14,24.08841323852539,33.25,34.0,33.0,33.75,60663600
2020-10-15,23.90730094909668,33.0,33.5,32.75,33.0,61294100
2020-10-16,23.726184844970703,32.75,33.25,32.5,33.0,49334500
2020-10-19,23.545066833496094,32.5,32.75,32.25,32.5,37145300
2020-10-20,23.363954544067383,32.25,32.5,31.5,32.0,54014500
2020-10-21,23.363954544067383,32.25,32.5,31.75,32.25,49705800
2020-10-22,23.363954544067383,32.25,32.75,31.5,32.0,38068700
2020-10-26,23.363954544067383,32.25,32.25,31.5,32.0,32681300
2020-10-27,23.182832717895508,32.0,32.25,31.5,31.75,47632800
2020-10-28,22.820602416992188,31.5,32.25,31.5,31.75,51605900
2020-10-29,22.458372116088867,31.0,31.25,30.5,31.0,52314400
2020-10-30,22.458372116088867,31.0,31.25,30.5,31.0,56732200
2020-11-02,22.458372116088867,31.0,31.25,30.5,31.0,30857500
2020-11-03,23.726184844970703,32.75,32.75,31.25,31.25,65590200
2020-11-04,23.545066833496094,32.5,33.0,32.25,32.5,45413600
2020-11-05,24.63176155090332,34.0,34.0,33.0,33.25,82258200
2020-11-06,24.63176155090332,34.0,34.5,33.25,34.0,60023200
2020-11-09,25.17510986328125,34.75,35.75,34.5,34.5,93598600
2020-11-10,27.710729598999023,38.25,38.5,36.25,36.75,176251200
2020-11-11,27.710729598999023,38.25,38.75,37.25,38.5,110716000
2020-11-12,26.986268997192383,37.25,38.0,36.75,37.75,100172800
2020-11-13,27.167383193969727,37.5,38.0,36.5,36.75,71186700
2020-11-16,27.167383193969727,37.5,38.25,37.5,38.0,48351600
2020-11-17,27.167383193969727,37.5,38.0,37.25,37.5,66524600
2020-11-18,27.529617309570312,38.0,38.0,37.0,37.0,56396500
2020-11-19,27.348499298095703,37.75,38.25,37.5,38.0,51648000
2020-11-20,27.710729598999023,38.25,38.5,37.5,37.75,67251700
2020-11-23,29.34078025817871,40.5,40.5,38.75,38.75,138790200
2020-11-24,28.978544235229492,40.0,41.25,40.0,40.75,162888600
2020-11-25,30.06524085998535,41.5,42.0,40.25,41.25,195748500
2020-11-26,30.427473068237305,42.0,42.0,41.25,41.75,83353600
2020-11-27,30.246353149414062,41.75,42.0,41.5,41.5,54491000
2020-11-30,28.978544235229492,40.0,41.5,39.75,41.25,108599500
2020-12-01,29.7030086517334,41.0,41.5,40.25,40.5,55254600
2020-12-02,29.7030086517334,41.0,41.5,40.25,40.25,73399900
2020-12-03,30.60858917236328,42.25,42.5,40.75,41.5,96101000
2020-12-04,31.151931762695312,43.0,43.25,42.5,42.5,92410000
2020-12-08,31.333053588867188,43.25,44.0,42.25,42.5,117678700
2020-12-09,31.151931762695312,43.0,43.5,42.5,43.25,71762300
2020-12-14,30.60858917236328,42.25,43.5,42.25,42.75,77686300
2020-12-15,30.9708194732666,42.75,43.0,41.75,42.25,64379400
2020-12-16,30.78970718383789,42.5,43.25,42.25,43.0,52564400
2020-12-17,30.60858917236328,42.25,42.75,42.25,42.75,35362500
2020-12-18,30.9708194732666,42.75,43.25,42.25,42.25,134028200
2020-12-21,29.34078025817871,40.5,42.25,40.5,41.75,106732300
2020-12-22,29.884119033813477,41.25,41.75,40.0,40.75,97200700
2020-12-23,29.15965461730957,40.25,41.75,40.25,41.0,122121200
2020-12-24,29.884119033813477,41.25,41.5,40.75,40.75,45405500
2020-12-25,30.427473068237305,42.0,42.25,41.25,41.25,32414000
2020-12-28,29.7030086517334,41.0,42.75,41.0,42.25,60698100
2020-12-29,30.78970718383789,42.5,42.5,41.0,41.25,41046600
2020-12-30,30.78970718383789,42.5,43.25,42.25,43.25,67293300
2021-01-04,30.78970718383789,42.5,42.75,40.75,41.0,74638600
2021-01-05,30.427473068237305,42.0,42.5,41.25,42.25,75867500
2021-01-06,30.9708194732666,42.75,43.5,42.5,43.0,88565400
2021-01-07,30.78970718383789,42.5,43.25,42.25,43.0,63128900
2021-01-08,30.9708194732666,42.75,43.5,42.0,42.75,83698400
2021-01-11,31.151931762695312,43.0,43.0,42.5,42.75,45553200
2021-01-12,31.695280075073242,43.75,44.0,42.5,43.0,101081900
2021-01-13,32.23862838745117,44.5,45.0,44.0,44.0,129830400
2021-01-14,31.876401901245117,44.0,44.75,44.0,44.5,66527800
2021-01-15,31.333053588867188,43.25,44.75,43.0,44.25,124773600
2021-01-18,30.78970718383789,42.5,43.25,42.0,43.0,82965000
2021-01-19,29.7030086517334,41.0,42.5,41.0,42.25,154588600
2021-01-20,29.7030086517334,41.0,41.75,41.0,41.25,93360500
2021-01-21,29.52189064025879,40.75,41.5,40.5,41.5,73920700
2021-01-22,28.616310119628906,39.5,40.75,39.5,40.75,105024200
2021-01-25,28.978544235229492,40.0,40.5,39.5,39.5,78808700
2021-01-26,28.797428131103516,39.75,40.0,39.25,39.75,66223400
2021-01-27,28.43519401550293,39.25,39.75,39.25,39.5,53759100
2021-01-28,27.891847610473633,38.5,39.0,38.5,39.0,78536000
2021-01-29,27.348499298095703,37.75,39.0,37.75,38.75,99172400
2021-02-01,28.43519401550293,39.25,39.25,37.0,37.5,161452500
2021-02-02,28.072961807250977,38.75,40.0,38.75,39.75,123434300
2021-02-03,27.710729598999023,38.25,39.5,38.0,39.25,103367800
2021-02-04,27.710729598999023,38.25,38.75,38.0,38.75,92014700
2021-02-05,28.25408172607422,39.0,39.5,38.5,38.75,103580800
2021-02-08,29.15965461730957,40.25,40.75,39.25,39.5,128518800
2021-02-09,29.7030086517334,41.0,41.75,40.75,41.0,135090700
2021-02-10,29.52189064025879,40.75,41.25,40.25,41.0,73597200
2021-02-11,29.15965461730957,40.25,41.25,40.0,41.0,63452700
2021-02-15,29.884119033813477,41.25,41.5,40.75,40.75,84832900
2021-02-16,29.884119033813477,41.25,42.0,41.25,41.75,69476400
2021-02-17,29.52189064025879,40.75,41.25,40.5,41.0,46059200
2021-02-18,29.34078025817871,40.5,41.5,40.0,40.75,78147700
2021-02-19,28.978544235229492,40.0,40.25,39.5,40.0,60699900
2021-02-22,28.978544235229492,40.0,40.5,39.5,40.0,51572700
2021-02-23,29.34078025817871,40.5,41.25,40.0,40.25,98305000
2021-02-24,28.616310119628906,39.5,40.75,39.5,40.5,88002400
2021-02-25,28.978544235229492,40.0,40.75,39.75,40.25,106429500
2021-03-01,28.978544235229492,40.0,40.25,39.75,40.0,55518400
2021-03-02,28.797428131103516,39.75,40.25,39.5,39.75,54742000
2021-03-03,29.7030086517334,41.0,41.0,40.0,40.0,76191500
2021-03-04,29.5699405670166,40.0,40.5,40.0,40.25,85198500
2021-03-05,29.93956756591797,40.5,41.25,40.25,40.25,90370700
2021-03-08,31.048437118530273,42.0,42.5,41.5,41.5,126615700
2021-03-09,30.493999481201172,41.25,42.25,41.0,42.25,95147400
2021-03-10,30.67881202697754,41.5,41.5,40.75,41.0,79871400
2021-03-11,30.67881202697754,41.5,42.0,41.25,41.75,61501400
2021-03-12,30.863622665405273,41.75,42.0,41.25,41.75,63249100
2021-03-15,30.493999481201172,41.25,42.0,41.0,41.75,80602500
2021-03-16,30.124378204345703,40.75,41.25,40.5,41.25,63962400
2021-03-17,29.93956756591797,40.5,40.75,40.0,40.5,94213200
2021-03-18,29.93956756591797,40.5,41.25,40.5,40.75,48932200
2021-03-19,29.93956756591797,40.5,40.5,39.75,40.0,80270400
2021-03-22,29.93956756591797,40.5,40.75,40.0,40.5,34058900
2021-03-23,29.7547550201416,40.25,40.5,40.0,40.25,35990800
2021-03-24,29.7547550201416,40.25,40.25,39.75,40.0,45431600
2021-03-25,29.7547550201416,40.25,40.5,40.0,40.25,41435200
2021-03-26,29.7547550201416,40.25,40.5,40.0,40.25,23495900
2021-03-29,30.124378204345703,40.75,41.0,40.25,40.5,49691200
2021-03-30,30.124378204345703,40.75,41.25,40.5,41.0,45195300
2021-03-31,30.309188842773438,41.0,41.25,40.5,40.5,57139700
2021-04-01,30.124378204345703,40.75,41.25,40.75,41.0,52230600
2021-04-02,29.93956756591797,40.5,41.25,40.5,41.25,40479900
2021-04-05,29.5699405670166,40.0,40.75,40.0,40.5,28921000
2021-04-07,29.200319290161133,39.5,40.0,39.25,39.75,83189600
2021-04-08,28.8306941986084,39.0,39.5,39.0,39.25,37568700
2021-04-09,29.0155086517334,39.25,39.75,39.0,39.0,51489000
2021-04-12,28.8306941986084,39.0,39.5,38.75,39.25,37609500
2021-04-16,29.3851375579834,39.75,40.0,39.25,39.5,60260500
2021-04-19,29.3851375579834,39.75,40.0,39.5,39.75,30128300
2021-04-20,29.3851375579834,39.75,40.25,39.5,39.75,34410000
2021-04-21,29.0155086517334,39.25,39.5,39.0,39.5,40084200
2021-04-22,28.8306941986084,39.0,39.5,39.0,39.25,36460500
2021-04-23,28.645885467529297,38.75,39.0,38.5,39.0,33893600
2021-04-26,28.645885467529297,38.75,39.0,38.5,38.75,34829000
2021-04-27,28.8306941986084,39.0,39.0,38.5,38.75,26567400
2021-04-28,29.0155086517334,39.25,39.5,38.75,39.0,35232600
2021-04-29,29.93956756591797,40.5,40.75,39.5,39.75,77856600
2021-04-30,29.5699405670166,40.0,40.75,40.0,40.5,53259900
2021-05-05,29.200319290161133,39.5,41.0,39.25,40.75,97820000
2021-05-06,29.3851375579834,39.75,40.25,39.25,39.75,51747300
2021-05-07,29.93956756591797,40.5,40.5,39.75,40.0,43201900
2021-05-10,29.93956756591797,40.5,41.0,40.0,40.75,39373600
2021-05-11,29.7547550201416,40.25,40.5,39.75,40.0,45648500
2021-05-12,29.3851375579834,39.75,40.25,39.5,40.0,57783300
2021-05-13,29.5699405670166,40.0,40.0,39.25,39.5,76074000
2021-05-14,29.7547550201416,40.25,40.5,39.5,40.25,75052100
2021-05-17,29.3851375579834,39.75,40.5,39.75,40.25,57341500
2021-05-18,29.5699405670166,40.0,40.5,39.75,40.0,61374500
2021-05-19,29.3851375579834,39.75,39.75,39.25,39.5,53432200
2021-05-20,28.8306941986084,39.0,39.75,38.75,39.75,76811700
2021-05-21,28.461069107055664,38.5,39.0,38.0,38.75,108867200
2021-05-24,28.27625846862793,38.25,39.0,38.0,38.5,53404300
2021-05-25,28.645885467529297,38.75,39.0,38.5,38.75,47606200
2021-05-27,28.645885467529297,38.75,39.25,38.5,39.0,201215000
2021-05-28,29.0155086517334,39.25,39.5,39.0,39.25,47154300
2021-05-31,29.200319290161133,39.5,39.5,39.0,39.25,32629600
2021-06-01,30.67881202697754,41.5,41.5,40.0,40.0,139641800
2021-06-02,30.67881202697754,41.5,42.0,41.25,41.75,90445900
2021-06-04,30.493999481201172,41.25,41.75,41.0,41.25,76905100
2021-06-07,30.493999481201172,41.25,41.75,41.0,41.5,65914800
2021-06-08,29.93956756591797,40.5,41.5,40.5,41.25,49609300
2021-06-09,30.124378204345703,40.75,41.25,40.75,40.75,36053500
2021-06-10,30.124378204345703,40.75,41.0,40.5,40.75,28605300
2021-06-11,30.67881202697754,41.5,41.5,40.75,41.0,38833600
2021-06-14,30.67881202697754,41.5,41.75,41.25,41.75,26194000
2021-06-15,30.124378204345703,40.75,41.5,40.75,41.25,55556800
2021-06-16,30.493999481201172,41.25,42.0,40.75,41.0,117516500
2021-06-17,30.309188842773438,41.0,41.75,41.0,41.25,36768900
2021-06-18,29.5699405670166,40.0,41.25,40.0,41.0,122846500
2021-06-21,29.3851375579834,39.75,40.0,39.5,39.75,71785600
2021-06-22,29.5699405670166,40.0,40.75,40.0,40.0,50246400
2021-06-23,29.5699405670166,40.0,40.5,40.0,40.25,31244600
2021-06-24,29.5699405670166,40.0,40.25,39.5,40.0,43225600
2021-06-25,29.3851375579834,39.75,40.5,39.75,40.0,41171000
2021-06-28,29.3851375579834,39.75,40.0,39.5,39.75,30819800
2021-06-29,29.200319290161133,39.5,40.0,39.5,39.75,38739300
2021-06-30,29.0155086517334,39.25,39.75,39.25,39.5,41053800
2021-07-01,28.8306941986084,39.0,39.5,39.0,39.25,57676100
2021-07-02,28.645885467529297,38.75,39.5,38.5,39.25,102326100
2021-07-05,28.8306941986084,39.0,39.25,38.5,38.75,37405700
2021-07-06,28.8306941986084,39.0,39.5,39.0,39.25,20708400
2021-07-07,28.645885467529297,38.75,39.25,38.75,39.0,32207000
2021-07-08,27.537010192871094,37.25,38.75,37.0,38.5,127566500
2021-07-09,27.537010192871094,37.25,38.0,37.0,37.25,57764800
2021-07-12,27.35219383239746,37.0,37.75,37.0,37.5,52279800
2021-07-13,27.906633377075195,37.75,38.0,37.0,37.0,44033500
2021-07-14,27.721818923950195,37.5,38.0,37.25,37.75,43594900
2021-07-15,27.537010192871094,37.25,37.75,37.0,37.75,80596200
2021-07-16,27.721818923950195,37.5,37.5,37.0,37.25,25437600
2021-07-19,26.98257064819336,36.5,37.25,36.5,37.0,67501000
2021-07-20,26.42813491821289,35.75,36.5,35.5,36.25,139101700
2021-07-21,26.61294937133789,36.0,36.25,35.5,35.75,71498400
2021-07-22,26.797761917114258,36.25,36.5,36.0,36.25,25587300
2021-07-23,26.42813491821289,35.75,36.25,35.5,36.0,41631800
2021-07-27,26.24332618713379,35.5,36.0,35.25,35.75,38861800
2021-07-29,26.24332618713379,35.5,35.75,35.0,35.5,58569300
2021-07-30,25.688886642456055,34.75,35.25,34.5,35.0,80028700
2021-08-02,25.873703002929688,35.0,35.0,34.25,34.75,67631700
2021-08-03,26.05851173400879,35.25,35.5,34.75,35.0,42044900
2021-08-04,25.873703002929688,35.0,35.5,35.0,35.25,51778500
2021-08-05,25.50407600402832,34.5,35.0,34.5,34.75,63568300
2021-08-06,25.50407600402832,34.5,34.75,34.0,34.5,69864700
2021-08-09,25.50407600402832,34.5,34.75,34.25,34.75,51686900
2021-08-10,25.688886642456055,34.75,35.25,34.5,34.75,79799300
2021-08-11,25.50407600402832,34.5,35.0,34.25,35.0,81840800
2021-08-13,25.873703002929688,35.0,35.25,34.25,34.75,74494100
2021-08-16,26.05851173400879,35.25,35.25,34.75,34.75,45881900
2021-08-17,26.61294937133789,36.0,36.0,35.0,35.25,112879000
2021-08-18,26.42813491821289,35.75,36.5,35.75,36.0,83022700
2021-08-19,26.05851173400879,35.25,35.75,35.25,35.5,47716600
2021-08-20,25.873703002929688,35.0,35.75,34.75,35.25,56414400
2021-08-23,26.61294937133789,36.0,36.5,35.0,35.25,87545600
2021-08-24,27.35219383239746,37.0,38.0,36.75,37.0,142064800
2021-08-25,27.537010192871094,37.25,37.75,36.75,37.25,88846900
2021-08-26,27.35219383239746,37.0,37.5,37.0,37.5,45226100
2021-08-27,27.906633377075195,37.75,37.75,37.0,37.25,66171000
2021-08-30,28.645885467529297,38.75,38.75,38.0,38.0,97994200
2021-08-31,28.27625846862793,38.25,38.75,38.0,38.5,98277700
2021-09-01,27.721818923950195,37.5,38.5,37.5,38.25,83087800
2021-09-02,28.091445922851562,38.0,38.25,37.25,37.5,53803000
2021-09-03,28.27625846862793,38.25,38.5,37.75,38.25,49420400
2021-09-06,28.091445922851562,38.0,38.25,37.5,38.0,28381900
2021-09-07,27.721818923950195,37.5,38.25,37.5,37.75,75256800
2021-09-08,27.537010192871094,37.25,37.75,37.0,37.25,41794200
2021-09-09,27.537010192871094,37.25,37.75,37.0,37.0,52432500
2021-09-10,28.091445922851562,38.0,38.25,37.0,37.5,41561200
2021-09-13,28.27625846862793,38.25,38.5,37.75,38.0,62065800
2021-09-14,28.8306941986084,39.0,39.0,38.25,38.5,75280400
2021-09-15,28.8306941986084,39.0,39.5,38.75,39.0,59325300
2021-09-16,29.3851375579834,39.75,39.75,39.25,39.25,81297200
2021-09-17,28.8306941986084,39.0,40.25,39.0,40.0,141093900
2021-09-20,28.8306941986084,39.0,39.25,38.5,38.75,75862900
2021-09-21,29.200319290161133,39.5,39.5,38.75,38.75,57929900
2021-09-22,29.200319290161133,39.5,39.75,39.25,39.5,44421800
2021-09-23,29.5699405670166,40.0,40.25,39.5,39.75,63355900
2021-09-27,29.93956756591797,40.5,40.75,40.0,40.25,114666600
2021-09-28,29.93956756591797,40.5,41.0,40.25,40.75,104953600
2021-09-29,29.90147590637207,39.25,39.5,39.0,39.25,90070800
2021-09-30,29.711021423339844,39.0,39.25,38.75,39.0,63650300
2021-10-01,29.52056884765625,38.75,39.0,38.5,38.75,38212800
2021-10-04,29.711021423339844,39.0,39.5,39.0,39.0,53749600
2021-10-05,30.282386779785156,39.75,39.75,39.25,39.25,42021700
2021-10-06,30.472837448120117,40.0,40.25,39.5,39.75,67639600
2021-10-07,30.09193229675293,39.5,40.0,39.25,40.0,77452800
2021-10-08,30.282386779785156,39.75,40.0,39.5,39.75,25810400
2021-10-11,30.472837448120117,40.0,40.25,39.75,40.0,58294200
2021-10-12,30.472837448120117,40.0,40.25,39.5,40.0,40520000
2021-10-14,30.09193229675293,39.5,40.0,39.25,39.75,51400700
2021-10-15,29.90147590637207,39.25,40.0,39.0,39.75,51076700
2021-10-18,30.472837448120117,40.0,40.0,39.5,39.5,39184000
2021-10-19,30.09193229675293,39.5,40.25,39.25,40.0,54502400
2021-10-20,30.09193229675293,39.5,39.75,39.25,39.5,43860200
2021-10-21,30.472837448120117,40.0,40.0,39.5,39.75,45160800
2021-10-25,30.09193229675293,39.5,40.0,39.25,39.75,23571500
2021-10-26,29.90147590637207,39.25,39.75,38.75,39.5,54563900
2021-10-27,29.52056884765625,38.75,39.25,38.75,39.25,35816700
2021-10-28,29.1396541595459,38.25,38.75,38.0,38.5,57779100
2021-10-29,28.949201583862305,38.0,38.5,38.0,38.25,49185600
2021-11-01,28.949201583862305,38.0,38.5,37.5,38.0,54152100
2021-11-02,28.949201583862305,38.0,38.25,37.75,38.0,38169900
2021-11-03,28.758743286132812,37.75,38.25,37.5,38.0,26751000
2021-11-04,28.568286895751953,37.5,37.75,37.0,37.5,57080200
2021-11-05,28.37783432006836,37.25,37.75,37.25,37.5,34196500
2021-11-08,29.1396541595459,38.25,38.25,37.5,37.5,52474600
2021-11-09,29.1396541595459,38.25,39.0,38.25,38.25,68309500
2021-11-10,29.330108642578125,38.5,38.75,38.0,38.25,40667200
2021-11-11,28.949201583862305,38.0,38.5,38.0,38.25,27612600
2021-11-12,28.568286895751953,37.5,38.25,37.5,38.25,34319600
2021-11-15,28.949201583862305,38.0,38.25,37.5,37.5,27749200
2021-11-16,28.758743286132812,37.75,38.5,37.75,37.75,57516600
2021-11-17,28.949201583862305,38.0,38.5,38.0,38.0,45437900
2021-11-18,28.758743286132812,37.75,38.25,37.75,38.0,37107700
2021-11-19,28.758743286132812,37.75,38.25,37.5,38.0,40590100
2021-11-22,28.37783432006836,37.25,37.75,37.0,37.75,93525700
2021-11-23,28.1873779296875,37.0,37.75,37.0,37.5,55594000
2021-11-24,28.758743286132812,37.75,38.0,37.5,37.5,40737600
2021-11-25,28.758743286132812,37.75,38.25,37.5,38.0,30842500
2021-11-26,28.1873779296875,37.0,37.75,36.75,37.5,68866700
2021-11-29,27.42555809020996,36.0,37.0,36.0,36.75,76252300
2021-11-30,27.044649124145508,35.5,36.75,35.5,36.5,121299400
2021-12-01,27.996923446655273,36.75,37.0,35.5,35.75,64936900
2021-12-02,28.37783432006836,37.25,37.25,36.0,36.25,61302400
2021-12-03,27.996923446655273,36.75,37.5,36.75,37.25,36459300
2021-12-07,28.568286895751953,37.5,37.75,37.0,37.25,61053200
2021-12-08,28.568286895751953,37.5,38.0,37.5,37.5,34299900
2021-12-09,28.568286895751953,37.5,37.75,37.0,37.5,52624400
2021-12-13,28.568286895751953,37.5,38.0,37.0,37.75,84879300
2021-12-14,28.758743286132812,37.75,37.75,37.25,37.5,36242300
2021-12-15,28.568286895751953,37.5,37.75,37.25,37.5,38990500
2021-12-16,28.568286895751953,37.5,37.75,37.0,37.5,35239100
2021-12-17,28.949201583862305,38.0,38.0,37.5,37.5,67784100
2021-12-20,28.37783432006836,37.25,37.75,37.0,37.5,39688100
2021-12-21,28.1873779296875,37.0,37.5,37.0,37.5,21118200
2021-12-22,28.568286895751953,37.5,37.5,37.25,37.5,9297200
2021-12-23,28.949201583862305,38.0,38.0,37.5,37.5,41667500
2021-12-24,28.949201583862305,38.0,38.25,37.75,38.0,19817700
2021-12-27,28.758743286132812,37.75,38.0,37.5,38.0,29699300
2021-12-28,28.949201583862305,38.0,38.0,37.75,37.75,18096900
2021-12-29,29.1396541595459,38.25,38.25,37.75,37.75,42015700
2021-12-30,28.949201583862305,38.0,38.5,38.0,38.5,45388600
2022-01-04,28.949201583862305,38.0,38.5,38.0,38.25,59500200
2022-01-05,29.711021423339844,39.0,39.0,38.0,38.25,76590500
2022-01-06,28.949201583862305,38.0,39.0,38.0,39.0,71677600
2022-01-07,29.52056884765625,38.75,38.75,38.25,38.5,59556500
2022-01-10,29.330108642578125,38.5,38.75,38.0,38.75,34789500
2022-01-11,29.711021423339844,39.0,39.0,38.25,38.25,35007100
2022-01-12,29.90147590637207,39.25,39.5,39.0,39.25,36693300
2022-01-13,29.90147590637207,39.25,39.5,38.75,39.5,41109600
2022-01-14,29.52056884765625,38.75,39.0,38.5,39.0,34315800
2022-01-17,29.52056884765625,38.75,39.25,38.5,39.0,32721000
2022-01-18,28.949201583862305,38.0,38.75,38.0,38.75,45708100
2022-01-19,29.711021423339844,39.0,39.25,38.25,38.25,94167200
2022-01-20,30.09193229675293,39.5,39.5,39.0,39.5,45122000
2022-01-21,29.52056884765625,38.75,39.25,38.25,39.0,69342700
2022-01-24,29.330108642578125,38.5,38.75,38.0,38.5,63689200
2022-01-25,29.1396541595459,38.25,38.5,38.0,38.25,39626500
2022-01-26,29.711021423339844,39.0,39.0,38.25,38.5,51285800
2022-01-27,29.52056884765625,38.75,38.75,38.0,38.5,53237100
2022-01-28,29.52056884765625,38.75,39.0,38.5,38.75,33797400
2022-01-31,29.711021423339844,39.0,39.5,38.75,39.0,69888200
2022-02-01,29.52056884765625,38.75,39.5,38.75,39.5,29896300
2022-02-02,29.52056884765625,38.75,39.0,38.25,38.75,35655800
2022-02-03,29.52056884765625,38.75,39.0,38.5,38.5,50852600
2022-02-04,30.282386779785156,39.75,40.0,39.0,39.0,107894100
2022-02-07,30.472837448120117,40.0,40.25,39.5,40.0,88542300
2022-02-08,30.663301467895508,40.25,40.5,40.0,40.0,103839300
2022-02-09,30.853750228881836,40.5,40.75,39.5,40.25,132279000
2022-02-10,30.853750228881836,40.5,40.75,40.25,40.5,68752900
2022-02-11,30.663301467895508,40.25,40.5,40.0,40.25,52130700
2022-02-14,30.853750228881836,40.5,41.25,40.5,40.75,75857700
2022-02-15,30.663301467895508,40.25,40.75,40.0,40.5,57052600
2022-02-17,30.472837448120117,40.0,40.5,40.0,40.25,35510200
2022-02-18,30.09193229675293,39.5,40.0,39.5,40.0,63088500
2022-02-21,29.52056884765625,38.75,39.5,38.5,39.5,81379000
2022-02-22,29.711021423339844,39.0,39.25,38.5,39.0,79687700
2022-02-23,29.330108642578125,38.5,39.0,38.25,39.0,91735100
2022-02-24,29.52056884765625,38.75,39.0,38.25,38.5,76774900
2022-02-25,29.711021423339844,39.0,39.25,38.75,39.0,39802200
2022-02-28,30.09193229675293,39.5,39.75,39.25,39.5,75534700
2022-03-01,29.711021423339844,39.0,40.0,39.0,39.75,59172500
2022-03-02,30.282386779785156,39.75,40.25,39.25,39.75,100744400
2022-03-03,31.098724365234375,40.0,40.25,39.5,40.0,142534500
2022-03-04,29.932525634765625,38.5,39.75,38.5,39.75,103829500
2022-03-07,29.932525634765625,38.5,39.5,38.25,39.25,117744600
2022-03-08,29.7381591796875,38.25,38.75,37.25,38.5,112177000
2022-03-09,30.12689781188965,38.75,38.75,38.0,38.5,81740400
2022-03-10,30.12689781188965,38.75,38.75,38.25,38.5,64666100
2022-03-11,30.70999526977539,39.5,39.75,38.25,38.5,89337900
2022-03-14,30.70999526977539,39.5,39.5,39.25,39.25,24802800
2022-03-15,30.12689781188965,38.75,39.0,38.25,38.75,60174700
2022-03-16,30.321260452270508,39.0,39.0,38.5,39.0,41795600
2022-03-17,30.515626907348633,39.25,39.5,39.0,39.25,54709700
2022-03-18,30.321260452270508,39.0,39.5,39.0,39.25,61983100
2022-03-21,30.321260452270508,39.0,39.25,38.75,39.25,34846800
2022-03-22,30.515626907348633,39.25,39.75,38.75,38.75,89193800
2022-03-23,30.515626907348633,39.25,39.5,39.0,39.25,40523000
2022-03-24,30.70999526977539,39.5,39.5,38.75,39.25,76967400
2022-03-25,30.321260452270508,39.0,39.5,38.75,39.25,33546900
2022-03-28,30.321260452270508,39.0,39.5,39.0,39.0,23921800
2022-03-29,30.12689781188965,38.75,39.25,38.5,39.0,36520900
2022-03-30,30.12689781188965,38.75,39.0,38.5,38.75,42685600
2022-03-31,29.932525634765625,38.5,39.0,38.5,39.0,38098600
2022-04-01,30.12689781188965,38.75,39.0,38.5,38.5,40102700
2022-04-04,30.12689781188965,38.75,39.0,38.5,38.75,35910600
2022-04-05,29.932525634765625,38.5,39.0,38.5,38.75,45728000
2022-04-07,29.7381591796875,38.25,38.5,38.0,38.5,68030700
2022-04-08,29.349424362182617,37.75,38.5,37.75,38.25,53592600
2022-04-11,29.349424362182617,37.75,38.0,37.5,37.75,26445000
2022-04-12,28.76632308959961,37.0,37.75,37.0,37.5,52893300
2022-04-18,28.960691452026367,37.25,37.5,37.0,37.25,61554400
2022-04-19,29.349424362182617,37.75,38.25,37.25,37.5,55317000
2022-04-20,29.15505599975586,37.5,38.0,37.5,37.75,27315600
2022-04-21,29.349424362182617,37.75,37.75,37.5,37.75,19730200
2022-04-22,28.960691452026367,37.25,37.5,37.0,37.5,39360500
2022-04-25,28.76632308959961,37.0,37.25,36.75,37.0,41645800
2022-04-26,28.571956634521484,36.75,37.25,36.75,37.0,36076200
2022-04-27,28.37759017944336,36.5,37.0,36.5,36.75,44241500
2022-04-28,28.960691452026367,37.25,37.25,36.5,36.75,52595000
2022-04-29,29.15505599975586,37.5,37.75,37.25,37.25,40607100
2022-05-03,28.960691452026367,37.25,37.75,37.0,37.5,32133300
2022-05-05,29.15505599975586,37.5,38.0,37.25,37.75,40723300
2022-05-06,28.960691452026367,37.25,37.5,37.25,37.25,30300400
2022-05-09,28.76632308959961,37.0,37.75,37.0,37.5,41035800
2022-05-10,28.76632308959961,37.0,37.25,36.75,37.0,84699200
2022-05-11,28.571956634521484,36.75,37.25,36.5,37.0,50440000
2022-05-12,28.37759017944336,36.5,37.0,36.25,36.75,68386000
2022-05-13,28.183223724365234,36.25,37.0,36.25,37.0,39847200
2022-05-17,28.76632308959961,37.0,37.0,36.25,36.5,78725500
2022-05-18,28.571956634521484,36.75,37.25,36.75,37.0,53076800
2022-05-19,28.183223724365234,36.25,36.5,36.25,36.25,33653100
2022-05-20,28.571956634521484,36.75,37.0,36.5,36.5,31182100
2022-05-23,29.15505599975586,37.5,37.75,36.75,36.75,62122800
2022-05-24,28.76632308959961,37.0,37.5,36.75,37.25,60315400
2022-05-25,28.571956634521484,36.75,37.25,36.75,37.0,33843300
2022-05-26,28.76632308959961,37.0,37.25,36.75,37.0,32512900
2022-05-27,29.15505599975586,37.5,37.5,37.0,37.25,36074200
2022-05-30,29.543794631958008,38.0,38.0,37.5,37.75,61181000
2022-05-31,29.7381591796875,38.25,38.25,37.5,38.0,82813300
2022-06-01,29.7381591796875,38.25,38.5,38.0,38.0,52395000
2022-06-02,29.543794631958008,38.0,38.25,37.75,37.75,30230400
2022-06-06,29.7381591796875,38.25,38.5,38.0,38.0,38003100
2022-06-07,29.543794631958008,38.0,38.25,37.75,38.25,34007000
2022-06-08,29.543794631958008,38.0,38.25,37.75,38.25,32084300
2022-06-09,29.349424362182617,37.75,38.25,37.5,38.0,36018700
2022-06-10,29.15505599975586,37.5,37.75,37.25,37.5,39593300
2022-06-13,28.37759017944336,36.5,37.25,36.5,37.25,69982900
2022-06-14,28.37759017944336,36.5,36.75,36.25,36.5,29172400
2022-06-15,27.98885726928711,36.0,36.75,36.0,36.75,64502900
2022-06-16,27.017019271850586,34.75,36.25,34.75,36.0,181631200
2022-06-17,26.04518699645996,33.5,34.5,33.5,34.5,252882700
2022-06-20,25.850818634033203,33.25,33.5,33.0,33.25,44082000
2022-06-21,26.239553451538086,33.75,34.0,33.5,33.75,66612500
2022-06-22,26.239553451538086,33.75,33.75,33.25,33.5,60696200
2022-06-23,25.850818634033203,33.25,33.75,33.0,33.5,95160600
2022-06-24,25.850818634033203,33.25,33.5,32.75,33.5,101170400
2022-06-27,26.433916091918945,34.0,34.25,33.25,33.5,60386500
2022-06-28,27.21139144897461,35.0,35.0,33.75,34.0,103017000
2022-06-29,27.21139144897461,35.0,35.25,34.5,34.75,87925800
2022-06-30,26.433916091918945,34.0,35.25,34.0,35.25,73497500
2022-07-01,26.822656631469727,34.5,34.5,34.0,34.25,26783100
2022-07-04,26.628284454345703,34.25,34.5,33.75,34.5,69448200
2022-07-05,26.628284454345703,34.25,34.25,33.75,34.0,57879800
2022-07-06,26.433916091918945,34.0,34.25,33.5,34.0,60256300
2022-07-07,27.017019271850586,34.75,35.0,33.5,34.0,73502900
2022-07-08,26.822656631469727,34.5,35.0,34.25,34.75,54322900
2022-07-11,26.433916091918945,34.0,34.5,33.75,34.25,49444500
2022-07-12,26.239553451538086,33.75,34.0,33.5,33.75,44995200
2022-07-14,26.239553451538086,33.75,34.0,33.25,33.25,68303400
2022-07-15,26.04518699645996,33.5,34.0,33.0,33.75,46734000
2022-07-18,26.822656631469727,34.5,34.5,33.5,33.5,61647600
2022-07-19,26.628284454345703,34.25,34.5,34.0,34.25,58599300
2022-07-20,26.628284454345703,34.25,34.5,34.0,34.25,62716500
2022-07-21,26.628284454345703,34.25,34.25,33.75,34.0,19639400
2022-07-22,26.822656631469727,34.5,34.5,34.0,34.25,31604300
2022-07-25,26.628284454345703,34.25,34.5,34.0,34.25,19818200
2022-07-26,26.822656631469727,34.5,34.75,34.25,34.5,30315100
2022-07-27,27.017019271850586,34.75,34.75,34.25,34.25,29089000
2022-08-01,27.4057559967041,35.25,35.5,34.5,34.75,88917000
2022-08-02,27.4057559967041,35.25,35.5,34.75,35.25,53686100
2022-08-03,27.4057559967041,35.25,35.5,35.0,35.25,27271900
2022-08-04,27.21139144897461,35.0,35.5,34.75,35.5,32575400
2022-08-05,27.60012435913086,35.5,35.5,34.5,34.75,53854700
2022-08-08,28.37759017944336,36.5,36.5,35.0,35.25,80742100
2022-08-09,28.183223724365234,36.25,36.75,36.0,36.25,46983100
2022-08-10,28.571956634521484,36.75,36.75,36.25,36.25,45477700
2022-08-11,28.76632308959961,37.0,37.0,36.25,37.0,51073400
2022-08-15,28.76632308959961,37.0,37.25,36.5,36.75,34452500
2022-08-16,29.15505599975586,37.5,37.5,37.0,37.25,75762700
2022-08-17,29.349424362182617,37.75,38.0,37.25,37.5,89352700
2022-08-18,28.960691452026367,37.25,37.75,37.0,37.5,45521500
2022-08-19,28.76632308959961,37.0,37.5,37.0,37.25,38474800
2022-08-22,28.571956634521484,36.75,37.5,36.75,37.0,52110800
2022-08-23,29.15505599975586,37.5,37.75,36.75,36.75,47634400
2022-08-24,29.349424362182617,37.75,38.25,37.5,37.75,96869700
2022-08-25,29.349424362182617,37.75,38.0,37.5,37.75,42514900
2022-08-26,29.543794631958008,38.0,38.0,37.5,37.75,35083300
2022-08-29,29.15505599975586,37.5,37.75,37.0,37.5,64898600
2022-08-30,29.543794631958008,38.0,38.0,37.5,37.5,49033400
2022-08-31,29.15505599975586,37.5,37.75,37.25,37.75,76636200
2022-09-01,28.571956634521484,36.75,37.5,36.5,37.25,68865000
2022-09-02,28.571956634521484,36.75,37.0,36.5,36.75,35303200
2022-09-05,28.76632308959961,37.0,37.25,36.5,36.75,37083900
2022-09-06,28.960691452026367,37.25,37.5,37.0,37.0,20756500
2022-09-07,28.76632308959961,37.0,37.25,36.75,37.0,36279400
2022-09-08,28.183223724365234,36.25,36.75,36.25,36.75,67305800
2022-09-09,28.571956634521484,36.75,37.0,36.25,36.5,36255000
2022-09-12,28.960691452026367,37.25,37.5,36.75,37.0,56435400
2022-09-13,28.76632308959961,37.0,37.25,36.75,37.0,44958500
2022-09-14,28.571956634521484,36.75,37.0,36.5,36.75,41145900
2022-09-15,28.571956634521484,36.75,37.25,36.75,37.0,42997100
2022-09-16,28.571956634521484,36.75,37.25,36.75,37.0,96082500
2022-09-19,28.571956634521484,36.75,37.25,36.75,37.0,31788500
2022-09-20,28.76632308959961,37.0,37.25,36.75,37.0,53669000
2022-09-21,28.76632308959961,37.0,37.25,36.75,37.0,46103900
2022-09-22,28.960691452026367,37.25,37.5,36.75,37.0,60802000
2022-09-23,28.76632308959961,37.0,37.25,37.0,37.25,38769800
2022-09-26,28.76632308959961,37.0,37.25,36.5,37.0,55859200
2022-09-27,28.571956634521484,36.75,37.0,36.75,36.75,55111300
2022-09-28,28.20926856994629,35.0,35.5,35.0,35.25,49151800
2022-09-29,27.604780197143555,34.25,35.5,34.0,35.25,96070900
2022-09-30,27.40328598022461,34.0,34.5,34.0,34.0,75492000
2022-10-03,27.40328598022461,34.0,34.25,33.75,34.0,55553600
2022-10-04,27.806278228759766,34.5,34.75,34.25,34.5,51217300
2022-10-05,27.806278228759766,34.5,34.75,34.25,34.5,69696700
2022-10-06,27.806278228759766,34.5,35.0,34.5,34.5,71940600
2022-10-07,27.806278228759766,34.5,34.75,34.25,34.5,58567500
2022-10-10,27.806278228759766,34.5,34.75,34.0,34.5,87348000
2022-10-11,27.806278228759766,34.5,34.5,34.25,34.25,20949500
2022-10-12,27.806278228759766,34.5,35.0,34.5,34.5,38256500
2022-10-17,27.604780197143555,34.25,34.5,34.0,34.5,91968100
2022-10-18,27.604780197143555,34.25,34.5,34.0,34.25,69784400
2022-10-19,27.604780197143555,34.25,34.5,34.25,34.25,10486300
2022-10-20,28.007768630981445,34.75,34.75,34.25,34.25,33038700
2022-10-21,28.007768630981445,34.75,35.25,34.75,34.75,24070000
2022-10-25,28.20926856994629,35.0,35.5,35.0,35.25,67017600
2022-10-26,28.20926856994629,35.0,35.25,34.75,35.0,41593100
2022-10-27,28.612258911132812,35.5,35.5,34.75,35.0,32737400
2022-10-28,29.01525115966797,36.0,36.0,35.25,35.25,53733200
2022-10-31,29.01525115966797,36.0,36.25,35.75,36.0,52149800
2022-11-01,29.01525115966797,36.0,36.25,35.75,36.0,60355400
2022-11-02,29.01525115966797,36.0,36.25,35.75,36.25,59855100
2022-11-03,28.813749313354492,35.75,36.0,35.5,35.75,43601200
2022-11-04,29.01525115966797,36.0,36.25,36.0,36.0,60730300
2022-11-07,28.813749313354492,35.75,36.25,35.5,36.0,78978600
2022-11-08,28.612258911132812,35.5,35.75,35.25,35.75,28564500
2022-11-09,28.20926856994629,35.0,35.5,35.0,35.5,51277300
2022-11-10,27.604780197143555,34.25,34.75,34.0,34.5,64884000
2022-11-11,28.007768630981445,34.75,35.0,34.25,34.5,54886600
2022-11-14,27.40328598022461,34.0,34.75,33.5,34.5,102696100
2022-11-15,27.000301361083984,33.5,34.0,33.25,33.75,85702900
2022-11-16,27.000301361083984,33.5,33.75,33.25,33.5,56698100
2022-11-17,26.597309112548828,33.0,33.5,33.0,33.25,71697700
2022-11-18,27.000301361083984,33.5,33.5,32.75,33.0,71033500
2022-11-21,26.798803329467773,33.25,33.5,33.0,33.25,39724000
2022-11-22,26.798803329467773,33.25,33.5,33.0,33.25,44381500
2022-11-23,27.20179557800293,33.75,34.0,33.0,33.0,68409800
2022-11-24,27.20179557800293,33.75,34.0,33.25,34.0,53964000
2022-11-25,27.20179557800293,33.75,33.75,33.25,33.75,36071400
2022-11-28,26.798803329467773,33.25,33.5,32.75,33.0,62644300
2022-11-29,26.798803329467773,33.25,33.5,33.0,33.25,55324600
2022-11-30,26.798803329467773,33.25,33.75,33.0,33.25,88354200
2022-12-01,26.798803329467773,33.25,33.75,33.25,33.5,56433700
2022-12-02,26.597309112548828,33.0,33.5,33.0,33.25,28119000
2022-12-06,26.39581298828125,32.75,33.25,32.75,33.25,60085700
2022-12-07,25.99282455444336,32.25,33.0,32.0,32.75,112248500
2022-12-08,25.589834213256836,31.75,32.25,31.75,32.25,77577900
2022-12-09,25.791332244873047,32.0,32.5,31.5,31.75,72581800
2022-12-13,25.791332244873047,32.0,32.25,31.75,32.25,65611400
2022-12-14,25.589834213256836,31.75,32.25,31.75,32.0,50389300
2022-12-15,25.38833999633789,31.5,32.0,31.25,31.75,96837000
2022-12-16,25.186845779418945,31.25,31.5,31.0,31.25,74996800
2022-12-19,25.186845779418945,31.25,31.25,30.75,31.0,47133700
2022-12-20,25.186845779418945,31.25,31.5,31.0,31.0,48572100
2022-12-21,24.9853515625,31.0,31.5,30.75,31.25,76194000
2022-12-22,25.38833999633789,31.5,31.5,31.0,31.0,30432600
2022-12-23,25.38833999633789,31.5,31.75,31.25,31.5,37979900
2022-12-26,25.99282455444336,32.25,32.25,31.5,31.5,39661000
2022-12-27,26.194320678710938,32.5,32.75,32.25,32.5,80790200
2022-12-28,26.39581298828125,32.75,32.75,32.25,32.5,49817800
2022-12-29,26.39581298828125,32.75,33.0,32.5,32.75,61347100
2022-12-30,26.798803329467773,33.25,33.5,32.75,33.0,94398400
2023-01-03,26.39581298828125,32.75,33.5,32.75,33.0,46133500
2023-01-04,25.791332244873047,32.0,32.5,32.0,32.5,54885800
2023-01-05,25.99282455444336,32.25,32.25,32.0,32.0,32895800
2023-01-06,26.194320678710938,32.5,32.75,32.25,32.25,53655400
2023-01-09,26.597309112548828,33.0,33.25,32.75,32.75,48532500
2023-01-10,26.798803329467773,33.25,33.25,32.75,33.25,39536000
2023-01-11,27.000301361083984,33.5,33.5,33.0,33.25,45429000
2023-01-12,27.20179557800293,33.75,33.75,33.25,33.5,41011700
2023-01-13,27.20179557800293,33.75,34.0,33.25,33.75,70859700
2023-01-16,27.20179557800293,33.75,34.0,33.5,33.75,67881400
2023-01-17,27.000301361083984,33.5,34.0,33.25,33.75,81911800
2023-01-18,27.000301361083984,33.5,33.75,33.25,33.25,33231900
2023-01-19,27.000301361083984,33.5,33.5,33.0,33.25,24592400
2023-01-20,26.798803329467773,33.25,33.75,33.0,33.5,64287500
2023-01-23,27.20179557800293,33.75,33.75,33.25,33.25,15055100
2023-01-24,27.000301361083984,33.5,34.0,33.5,33.75,15614500
2023-01-25,27.000301361083984,33.5,33.75,33.25,33.5,13118000
2023-01-26,26.798803329467773,33.25,33.5,33.0,33.25,50612800
2023-01-27,26.798803329467773,33.25,33.5,33.0,33.25,27506500
2023-01-30,26.798803329467773,33.25,33.5,33.25,33.25,18635300
2023-01-31,26.798803329467773,33.25,33.5,33.0,33.25,35789700
2023-02-01,26.798803329467773,33.25,33.5,33.0,33.25,30502600
2023-02-02,26.597309112548828,33.0,33.25,33.0,33.0,18714300
2023-02-03,26.597309112548828,33.0,33.0,32.5,33.0,51993500
2023-02-06,26.39581298828125,32.75,33.0,32.5,32.75,34777800
2023-02-07,26.194320678710938,32.5,33.0,32.5,32.75,33722000
2023-02-08,26.39581298828125,32.75,33.0,32.5,32.75,42268500
2023-02-09,26.194320678710938,32.5,32.75,32.25,32.75,41334100
2023-02-10,26.194320678710938,32.5,32.5,32.25,32.25,29947400
2023-02-13,25.99282455444336,32.25,32.5,32.25,32.25,18038400
2023-02-14,26.39581298828125,32.75,32.75,32.25,32.5,59581000
2023-02-15,26.39581298828125,32.75,32.75,32.5,32.5,15754100
2023-02-16,26.39581298828125,32.75,33.0,32.5,32.75,24067400
2023-02-17,27.000301361083984,33.5,33.5,32.5,32.5,58417200
2023-02-20,26.597309112548828,33.0,33.5,32.75,33.5,43001100
2023-02-21,26.798803329467773,33.25,33.25,32.75,33.0,38438700
2023-02-22,26.39581298828125,32.75,33.25,32.75,33.0,35863900
2023-02-23,25.99282455444336,32.25,32.75,32.25,32.75,48150200
2023-02-24,26.194320678710938,32.5,32.5,32.25,32.5,22536100
2023-02-27,25.791332244873047,32.0,32.5,32.0,32.25,44190500
2023-02-28,25.589834213256836,31.75,32.5,31.75,32.25,75359100
2023-03-01,25.791332244873047,32.0,32.5,32.0,32.0,36462800
2023-03-02,25.956132888793945,31.5,31.75,31.25,31.5,60011300
2023-03-03,25.956132888793945,31.5,31.75,31.5,31.5,19908100
2023-03-07,26.162134170532227,31.75,32.25,31.5,31.75,42108700
2023-03-08,25.956132888793945,31.5,31.75,31.5,31.5,24125500
2023-03-09,25.544130325317383,31.0,31.5,31.0,31.5,58118800
2023-03-10,25.3381290435791,30.75,30.75,30.25,30.75,26879800
2023-03-13,24.926124572753906,30.25,31.0,30.25,30.5,51544100
2023-03-14,24.308122634887695,29.5,30.5,29.5,30.25,110899000
2023-03-15,24.926124572753906,30.25,30.75,30.0,30.0,63129600
2023-03-16,24.514123916625977,29.75,30.0,29.5,29.75,51758200
2023-03-17,24.720123291015625,30.0,30.25,29.75,29.75,95312200
2023-03-20,24.720123291015625,30.0,30.25,29.5,29.75,50034500
2023-03-21,25.3381290435791,30.75,30.75,30.0,30.0,34149100
2023-03-22,25.956132888793945,31.5,31.5,31.0,31.0,47338800
2023-03-23,25.75012969970703,31.25,31.5,31.0,31.25,37963400
2023-03-24,25.544130325317383,31.0,31.5,31.0,31.5,24768200
2023-03-27,25.75012969970703,31.25,31.25,30.75,31.25,21350800
2023-03-28,25.956132888793945,31.5,31.75,31.25,31.5,22263200
2023-03-29,26.162134170532227,31.75,31.75,31.25,31.75,26832100
2023-03-30,25.75012969970703,31.25,31.75,31.25,31.5,38196200
2023-03-31,25.956132888793945,31.5,31.75,31.25,31.25,20385200
2023-04-03,26.162134170532227,31.75,32.0,31.25,31.75,88734400
2023-04-04,25.956132888793945,31.5,31.75,31.25,31.5,34517100
2023-04-05,25.75012969970703,31.25,31.25,30.75,31.25,39472700
2023-04-07,25.75012969970703,31.25,31.25,31.0,31.0,15385800
2023-04-10,25.956132888793945,31.5,31.5,31.0,31.0,22580200
2023-04-11,25.956132888793945,31.5,31.75,31.25,31.25,33670600
2023-04-12,25.956132888793945,31.5,31.75,31.0,31.75,39285600
2023-04-17,25.956132888793945,31.5,31.75,31.25,31.75,27799200
2023-04-18,25.956132888793945,31.5,31.5,31.25,31.25,8998200
2023-04-19,25.544130325317383,31.0,31.5,31.0,31.25,37178600
2023-04-20,25.132125854492188,30.5,31.25,30.5,31.0,31693300
2023-04-21,25.3381290435791,30.75,31.0,30.25,30.5,36070500
2023-04-24,25.544130325317383,31.0,31.0,30.5,30.5,17726300
2023-04-25,25.544130325317383,31.0,31.0,30.75,31.0,11618700
2023-04-26,25.132125854492188,30.5,31.0,30.5,30.75,30213700
2023-04-27,25.3381290435791,30.75,30.75,30.25,30.5,24268400
2023-04-28,25.544130325317383,31.0,31.25,30.75,30.75,30317000
2023-05-02,25.544130325317383,31.0,31.25,30.75,31.0,34330700
2023-05-03,25.132125854492188,30.5,30.75,30.0,30.75,76260200
2023-05-08,25.544130325317383,31.0,31.25,30.5,30.75,51404200
2023-05-09,25.956132888793945,31.5,31.5,31.0,31.25,58405400
2023-05-10,26.368135452270508,32.0,32.25,31.5,31.5,46012300
2023-05-11,26.574134826660156,32.25,32.5,32.0,32.0,37154600
2023-05-12,26.574134826660156,32.25,32.5,32.0,32.25,35997800
2023-05-15,26.574134826660156,32.25,32.5,32.0,32.5,46728900
2023-05-16,26.574134826660156,32.25,32.5,32.0,32.25,38638800
2023-05-17,26.162134170532227,31.75,32.25,31.5,32.25,38755000
2023-05-18,25.956132888793945,31.5,32.25,31.75,31.75,26434300
2023-05-19,25.75012969970703,31.25,31.75,31.25,31.75,21238600
2023-05-22,25.75012969970703,31.25,31.5,30.5,31.0,51009500
2023-05-23,25.956132888793945,31.5,31.5,31.0,31.25,33718300
2023-05-24,25.956132888793945,31.5,31.75,31.25,31.5,11832000
2023-05-25,25.75012969970703,31.25,31.75,31.25,31.5,26468100
2023-05-26,25.544130325317383,31.0,31.5,31.0,31.25,8197000
2023-05-29,25.544130325317383,31.0,31.25,30.75,31.0,43824300
2023-05-30,25.3381290435791,30.75,31.0,30.5,31.0,24932500
2023-05-31,24.720123291015625,30.0,30.5,30.0,30.5,59120500
2023-06-01,24.720123291015625,30.0,30.25,29.75,30.0,17753900
2023-06-02,24.926124572753906,30.25,30.5,30.0,30.0,17069900
2023-06-06,25.3381290435791,30.75,30.75,30.25,30.5,21804800
2023-06-07,25.3381290435791,30.75,30.75,30.25,30.5,23931000
2023-06-08,26.162134170532227,31.75,31.5,30.5,30.5,70895500
2023-06-09,26.162134170532227,31.75,32.0,31.5,31.75,21710400
2023-06-12,25.956132888793945,31.5,31.75,31.5,31.5,5939500
2023-06-13,25.956132888793945,31.5,31.75,31.25,31.5,22574700
2023-06-14,25.956132888793945,31.5,31.75,31.5,31.5,4761700
2023-06-15,25.75012969970703,31.25,31.75,31.25,31.5,13090800
2023-06-16,26.162134170532227,31.75,32.0,31.25,31.5,44010400
2023-06-19,25.956132888793945,31.5,32.0,31.5,31.75,15303600
2023-06-20,25.956132888793945,31.5,32.0,31.25,31.75,31338400
2023-06-21,26.162134170532227,31.75,32.0,31.5,31.75,28363300
2023-06-22,25.956132888793945,31.5,32.0,31.5,31.75,33735200
2023-06-23,26.162134170532227,31.75,31.75,31.25,31.5,21021500
2023-06-26,25.956132888793945,31.5,31.75,31.5,31.5,7318600
2023-06-27,25.956132888793945,31.5,31.75,31.25,31.75,30779800
2023-06-28,25.75012969970703,31.25,31.5,31.0,31.5,50943100
2023-06-29,26.98613739013672,32.75,32.75,31.25,31.5,84534700
2023-06-30,27.60413932800293,33.5,34.0,32.75,33.0,168226000
2023-07-03,27.60413932800293,33.5,33.75,33.25,33.75,48102400
2023-07-04,27.81014060974121,33.75,33.75,33.25,33.5,37024800
2023-07-05,28.01613998413086,34.0,34.0,33.5,33.75,17656100
2023-07-06,27.81014060974121,33.75,34.0,33.25,33.75,54063100
2023-07-07,27.81014060974121,33.75,33.75,33.25,33.5,33761200
2023-07-10,28.01613998413086,34.0,34.0,33.5,33.75,22586700
2023-07-11,28.01613998413086,34.0,34.25,33.5,34.0,33770600
2023-07-12,28.22214126586914,34.25,34.25,33.75,34.25,40729100
2023-07-13,28.22214126586914,34.25,34.5,34.0,34.25,53489000
2023-07-14,28.84014892578125,35.0,35.0,34.5,34.5,67013900
2023-07-17,28.428146362304688,34.5,35.0,34.25,35.0,90240700
2023-07-18,28.634143829345703,34.75,35.0,34.25,34.5,56844000
2023-07-19,28.428146362304688,34.5,35.0,34.5,34.75,46472400
2023-07-20,28.01613998413086,34.0,34.75,34.0,34.5,37481400
2023-07-21,28.634143829345703,34.75,34.75,34.0,34.25,45646900
2023-07-24,28.428146362304688,34.5,35.0,34.5,34.75,41856200
2023-07-25,28.84014892578125,35.0,35.0,34.5,34.75,24748700
2023-07-26,28.84014892578125,35.0,35.0,34.5,34.75,25716000
2023-07-27,28.634143829345703,34.75,35.25,34.5,34.75,81782000
2023-07-31,28.84014892578125,35.0,35.0,34.75,35.0,4704300
2023-08-02,29.0461483001709,35.25,35.25,34.75,35.0,24657000
2023-08-03,28.634143829345703,34.75,35.25,34.75,35.0,43519900
2023-08-04,28.634143829345703,34.75,35.25,34.75,35.0,40792500
2023-08-07,28.634143829345703,34.75,35.0,34.5,35.0,42066100
2023-08-08,28.634143829345703,34.75,35.0,34.5,34.75,31401000
2023-08-09,28.84014892578125,35.0,35.25,34.5,34.75,44663500
2023-08-10,29.458147048950195,35.75,35.75,35.0,35.0,67528400
2023-08-11,29.458147048950195,35.75,35.75,35.25,35.5,50153400
2023-08-15,29.664154052734375,36.0,36.0,35.5,35.75,28887500
2023-08-16,29.458147048950195,35.75,36.0,35.5,35.75,41009300
2023-08-17,29.664154052734375,36.0,36.0,35.5,35.5,21896800
2023-08-18,29.664154052734375,36.0,36.25,35.75,36.0,48856700
2023-08-21,29.664154052734375,36.0,36.25,35.75,36.0,45399900
2023-08-22,29.87015151977539,36.25,36.5,36.0,36.25,73642000
2023-08-23,29.458147048950195,35.75,36.25,35.5,36.0,102724900
2023-08-24,29.252151489257812,35.5,36.0,35.5,35.75,28170000
2023-08-25,29.252151489257812,35.5,35.75,35.25,35.5,40568400
2023-08-28,29.458147048950195,35.75,36.0,35.5,35.75,37590800
2023-08-29,29.664154052734375,36.0,36.0,35.5,35.75,49805300
2023-08-30,29.252151489257812,35.5,36.0,35.25,35.75,56155200
2023-08-31,28.634143829345703,34.75,35.75,34.5,35.5,96686000
2023-09-01,28.84014892578125,35.0,35.25,34.5,34.75,52576100
2023-09-04,28.634143829345703,34.75,35.5,34.75,35.25,46316700
2023-09-05,28.634143829345703,34.75,35.0,34.5,34.75,19970100
2023-09-06,29.0461483001709,35.25,35.5,34.75,34.75,69316900
2023-09-07,28.84014892578125,35.0,35.5,35.0,35.25,38540300
2023-09-08,28.84014892578125,35.0,35.0,34.75,35.0,22924100
2023-09-11,28.428146362304688,34.5,35.0,34.5,34.75,21912900
2023-09-12,28.428146362304688,34.5,34.75,34.25,34.75,43144300
2023-09-13,28.634143829345703,34.75,35.0,34.0,34.5,78765400
2023-09-14,28.634143829345703,34.75,35.0,34.5,34.75,17508900
2023-09-15,28.84014892578125,35.0,35.25,34.5,34.75,21441700
2023-09-18,28.01613998413086,34.0,35.0,33.75,35.0,100544600
2023-09-19,28.01613998413086,34.0,34.0,33.5,33.75,47534400
2023-09-20,27.39813804626465,33.25,34.0,32.75,34.0,79813700
2023-09-21,27.39813804626465,33.25,33.25,32.5,33.0,37673300
2023-09-22,27.60413932800293,33.5,34.0,33.0,33.25,84432400
2023-09-25,27.60413932800293,33.5,33.75,33.25,33.5,42607200
2023-09-26,27.81014060974121,33.75,34.0,33.5,33.5,42290100
2023-09-27,28.01613998413086,34.0,34.0,33.5,34.0,35652100
2023-09-28,27.60413932800293,33.5,34.25,33.5,34.0,70700700
2023-09-29,27.60413932800293,33.5,34.0,33.5,33.75,38018000
2023-10-02,27.39813804626465,33.25,33.75,33.0,33.5,90928100
2023-10-03,26.780136108398438,32.5,33.0,32.25,33.0,116721500
2023-10-04,27.244775772094727,32.25,32.25,31.25,31.5,48695800
2023-10-05,27.0335750579834,32.0,32.0,31.75,31.75,8903200
2023-10-06,26.822378158569336,31.75,32.25,31.5,32.0,25355300
2023-10-09,27.244775772094727,32.25,32.5,32.0,32.25,22990300
2023-10-10,27.455976486206055,32.5,32.75,32.25,32.5,14840300
2023-10-11,28.3007755279541,33.5,33.5,32.25,32.5,53942000
2023-10-12,28.3007755279541,33.5,33.5,33.0,33.25,39114000
2023-10-16,28.089576721191406,33.25,34.0,33.0,33.5,53092000
2023-10-17,27.878376007080078,33.0,33.25,32.75,33.25,23630600
2023-10-18,28.723173141479492,34.0,34.0,33.0,33.0,48688700
2023-10-19,28.3007755279541,33.5,33.75,33.25,33.5,35703400
2023-10-20,28.089576721191406,33.25,33.5,33.0,33.25,36614900
2023-10-24,27.667173385620117,32.75,33.25,32.75,33.0,38262000
2023-10-25,27.667173385620117,32.75,33.25,32.5,33.0,31823600
2023-10-26,27.667173385620117,32.75,33.0,32.5,32.75,61162200
2023-10-27,28.3007755279541,33.5,33.5,32.5,32.75,54078799
2023-10-30,28.089576721191406,33.25,33.75,33.25,33.25,23839900
2023-10-31,28.089576721191406,33.25,33.5,32.75,33.25,28287500
2023-11-01,27.878376007080078,33.0,33.25,32.75,33.25,15017000
2023-11-02,28.3007755279541,33.5,33.5,32.75,33.0,53122200
2023-11-03,28.51197624206543,33.75,34.0,33.5,33.75,32488700
2023-11-06,28.089576721191406,33.25,33.75,33.25,33.75,33418800
2023-11-07,28.089576721191406,33.25,33.5,33.0,33.0,27651300
2023-11-08,27.878376007080078,33.0,33.25,32.75,33.25,43540700
2023-11-09,28.089576721191406,33.25,33.5,32.75,33.0,48471900
2023-11-10,27.878376007080078,33.0,33.25,32.75,33.25,36165300
2023-11-13,28.089576721191406,33.25,33.25,32.5,33.0,27920800
2023-11-14,28.51197624206543,33.75,34.0,33.0,33.25,80936100
2023-11-15,28.934371948242188,34.25,34.5,33.75,34.0,39113400
2023-11-16,29.14557647705078,34.5,34.75,33.75,34.0,54842200
2023-11-17,28.934371948242188,34.25,34.5,33.75,34.25,58530500
2023-11-20,29.14557647705078,34.5,34.75,34.25,34.5,50396700
2023-11-21,29.35677146911621,34.75,35.0,34.5,34.75,51895800
2023-11-22,29.35677146911621,34.75,34.75,34.25,34.5,27252800
2023-11-23,28.934371948242188,34.25,34.75,34.25,34.5,29494000
2023-11-24,29.14557647705078,34.5,34.5,34.25,34.5,13088300
2023-11-27,29.35677146911621,34.75,34.75,34.25,34.5,28951500
2023-11-28,29.35677146911621,34.75,35.0,34.5,35.0,59310700
2023-11-29,29.56797218322754,35.0,35.0,34.75,35.0,35925700
2023-11-30,29.35677146911621,34.75,35.0,34.5,35.0,84135200
2023-12-01,29.779172897338867,35.25,35.25,34.5,34.5,62257800
2023-12-04,30.20157241821289,35.75,36.0,35.25,35.25,77737900
2023-12-06,30.20157241821289,35.75,35.75,35.25,35.5,55977900
2023-12-07,29.990375518798828,35.5,35.5,35.0,35.5,66960800
2023-12-08,30.20157241821289,35.75,35.75,35.5,35.5,27906100
2023-12-12,30.20157241821289,35.75,35.75,35.5,35.75,23832200
2023-12-13,30.20157241821289,35.75,36.0,35.5,35.5,47823600
2023-12-14,30.20157241821289,35.75,36.0,35.5,35.75,65749400
2023-12-15,30.20157241821289,35.75,36.0,35.5,35.75,63439100
2023-12-18,30.20157241821289,35.75,35.75,35.5,35.75,18612400
2023-12-19,30.20157241821289,35.75,35.75,35.25,35.75,33109200
2023-12-20,29.779172897338867,35.25,35.75,35.25,35.5,56196100
2023-12-21,29.56797218322754,35.0,35.5,34.75,35.25,73762000
2023-12-22,29.779172897338867,35.25,35.25,34.75,35.0,24537400
2023-12-25,29.990375518798828,35.5,35.5,35.0,35.0,19204200
2023-12-26,30.20157241821289,35.75,35.75,35.25,35.25,34982300
2023-12-27,30.20157241821289,35.75,36.0,35.5,35.5,52394400
2023-12-28,30.20157241821289,35.75,36.0,35.5,35.75,57344100
2024-01-03,29.779172897338867,35.25,35.5,35.0,35.5,32190700
2024-01-04,29.990375518798828,35.5,35.75,35.0,35.25,80609500
2024-01-05,29.779172897338867,35.25,35.75,35.25,35.25,21692900
2024-01-08,29.990375518798828,35.5,35.5,35.0,35.5,29953100
2024-01-09,29.779172897338867,35.25,35.5,35.0,35.5,51337400
2024-01-10,29.779172897338867,35.25,35.5,35.0,35.25,27180000
2024-01-11,29.56797218322754,35.0,35.25,35.0,35.25,8032800
2024-01-12,28.934371948242188,34.25,35.25,34.25,35.0,77705300
2024-01-15,28.3007755279541,33.5,34.25,33.5,34.25,60579100
2024-01-16,28.51197624206543,33.75,34.0,33.25,33.5,44606100
2024-01-17,28.3007755279541,33.5,33.75,33.0,33.75,83651300
2024-01-18,28.51197624206543,33.75,34.0,33.5,33.5,56301400
2024-01-19,28.934371948242188,34.25,34.5,34.0,34.0,55437000
2024-01-22,28.723173141479492,34.0,34.25,33.75,34.25,20909000
2024-01-23,28.723173141479492,34.0,34.25,33.5,34.25,38875800
2024-01-24,28.934371948242188,34.25,34.25,33.75,34.0,28836900
2024-01-25,28.934371948242188,34.25,34.5,34.0,34.25,21760400
2024-01-26,28.723173141479492,34.0,34.5,34.0,34.25,16987200
2024-01-29,29.14557647705078,34.5,34.5,34.0,34.5,28776500
2024-01-30,28.723173141479492,34.0,34.25,34.0,34.25,35241900
2024-01-31,28.51197624206543,33.75,34.25,33.75,34.0,47266600
2024-02-01,28.934371948242188,34.25,34.25,33.75,34.0,36959700
2024-02-02,28.723173141479492,34.0,34.25,34.0,34.25,19403200
2024-02-05,28.723173141479492,34.0,34.25,33.75,34.0,27945300
2024-02-06,28.934371948242188,34.25,34.5,34.0,34.25,20578900
2024-02-07,29.56797218322754,35.0,35.0,34.25,34.25,43166300
2024-02-08,29.35677146911621,34.75,35.25,34.75,35.0,39944600
2024-02-09,29.56797218322754,35.0,35.0,34.75,35.0,15907400
2024-02-12,29.35677146911621,34.75,35.0,34.75,34.75,6057800
2024-02-13,29.56797218322754,35.0,35.25,34.75,35.0,27500600
2024-02-14,29.35677146911621,34.75,35.0,34.5,34.75,23687100
2024-02-15,29.35677146911621,34.75,35.0,34.5,34.75,25626000
2024-02-16,30.20157241821289,35.75,36.0,35.0,35.25,86147000
2024-02-19,30.20157241821289,35.75,36.0,35.5,35.75,37320000
2024-02-20,30.20157241821289,35.75,36.0,35.5,35.75,23171400
2024-02-21,30.41277503967285,36.0,36.0,35.5,35.75,41840800
2024-02-22,30.41277503967285,36.0,36.25,35.75,35.75,41100400
2024-02-23,30.41277503967285,36.0,36.0,35.5,35.75,48602500
2024-02-27,30.20157241821289,35.75,36.0,35.5,35.75,47957600
2024-02-28,29.990375518798828,35.5,35.75,35.5,35.5,41754200
2024-02-29,29.9466552734375,34.25,34.75,34.0,34.5,72863600
2024-03-01,29.728065490722656,34.0,34.5,34.0,34.25,32854700
2024-03-04,29.9466552734375,34.25,34.25,33.75,34.0,42686500
2024-03-05,29.9466552734375,34.25,34.25,33.75,34.0,27978000
2024-03-06,29.9466552734375,34.25,34.5,33.75,34.0,28711800
2024-03-07,30.165245056152344,34.5,34.5,34.0,34.25,56735600
2024-03-08,29.728065490722656,34.0,34.25,33.75,34.25,46329600
2024-03-11,29.509479522705078,33.75,34.0,33.75,33.75,36316500
2024-03-12,29.509479522705078,33.75,33.75,33.75,33.75,0
2024-03-13,29.9466552734375,34.25,34.25,33.75,33.75,24096500
2024-03-14,30.38382911682129,34.75,35.0,34.0,34.0,65262600
2024-03-15,30.38382911682129,34.75,34.75,34.75,34.75,0
2024-03-18,29.9466552734375,34.25,35.0,34.25,34.75,42992200
2024-03-19,30.165245056152344,34.5,34.5,34.25,34.25,9841600
2024-03-20,30.165245056152344,34.5,34.5,34.5,34.5,0
2024-03-21,29.9466552734375,34.25,34.25,33.75,34.0,20317100
2024-03-22,29.9466552734375,34.25,34.25,34.25,34.25,0
2024-03-25,29.509479522705078,33.75,34.25,33.5,34.0,69549100
2024-03-26,29.509479522705078,33.75,33.75,33.75,33.75,0
2024-03-27,29.509479522705078,33.75,33.75,33.5,33.5,6680800
2024-03-28,29.509479522705078,33.75,33.75,33.75,33.75,0
2024-03-29,29.728065490722656,34.0,34.0,33.5,33.5,12813100
2024-04-01,29.509479522705078,33.75,34.0,33.5,34.0,39930400
2024-04-02,29.728065490722656,34.0,34.0,33.5,33.5,35655800
2024-04-03,30.165245056152344,34.5,34.75,34.0,34.0,40357800
2024-04-04,30.165245056152344,34.5,34.5,34.5,34.5,0
2024-04-05,30.38382911682129,34.75,34.75,34.25,34.5,25086500
2024-04-09,30.38382911682129,34.75,34.75,34.75,34.75,0
2024-04-10,30.38382911682129,34.75,34.75,34.75,34.75,0
2024-04-11,30.38382911682129,34.75,35.25,34.75,35.0,33644800
2024-04-17,30.38382911682129,34.75,34.75,34.75,34.75,0
2024-04-18,30.38382911682129,34.75,34.75,34.75,34.75,0
2024-04-19,30.38382911682129,34.75,34.75,34.75,34.75,0
2024-04-22,29.509479522705078,33.75,33.75,33.5,33.75,15080400
2024-04-23,29.728065490722656,34.0,34.25,33.5,33.75,24988300
2024-04-24,29.728065490722656,34.0,34.0,34.0,34.0,0
2024-04-25,29.509479522705078,33.75,34.0,33.75,33.75,6503500
2024-04-26,29.509479522705078,33.75,34.25,33.5,34.0,32118100
2024-04-29,29.509479522705078,33.75,34.0,33.25,33.75,56874300
2024-04-30,29.509479522705078,33.75,33.75,33.5,33.75,17428200
2024-05-02,29.072301864624023,33.25,33.75,33.25,33.5,39656500
2024-05-03,29.509479522705078,33.75,33.75,33.25,33.25,32885000
2024-05-07,29.509479522705078,33.75,33.75,33.75,33.75,0
2024-05-08,29.509479522705078,33.75,34.0,33.5,33.75,63054700
2024-05-09,29.509479522705078,33.75,34.0,33.5,33.75,20770900
2024-05-10,29.509479522705078,33.75,33.75,33.5,33.75,11790800
2024-05-13,29.509479522705078,33.75,33.75,33.5,33.75,4738100
2024-05-14,29.728065490722656,34.0,34.0,33.5,33.5,16463600
2024-05-15,29.728065490722656,34.0,34.0,34.0,34.0,0
2024-05-16,29.728065490722656,34.0,34.0,34.0,34.0,0
2024-05-17,29.509479522705078,33.75,34.0,33.75,34.0,10665700
2024-05-20,29.509479522705078,33.75,33.75,33.75,33.75,0
2024-05-21,29.509479522705078,33.75,33.75,33.75,33.75,0
2024-05-23,29.290891647338867,33.5,33.75,33.5,33.5,35105600
2024-05-24,29.290891647338867,33.5,33.5,33.5,33.5,0
2024-05-27,29.290891647338867,33.5,33.75,33.0,33.75,55968100
2024-05-28,28.85371208190918,33.0,33.5,33.0,33.5,66022900
2024-05-29,28.635122299194336,32.75,33.25,32.5,33.0,83231800
2024-05-30,28.635122299194336,32.75,32.75,32.75,32.75,0
2024-05-31,28.635122299194336,32.75,32.75,32.75,32.75,0
2024-06-04,28.416534423828125,32.5,33.25,32.5,32.75,35393400
2024-06-05,28.635122299194336,32.75,33.0,32.5,32.75,19277800
2024-06-06,27.97935676574707,32.0,32.75,31.75,32.75,63670200
2024-06-07,27.97935676574707,32.0,32.0,32.0,32.0,0
2024-06-10,28.19794464111328,32.25,32.25,31.75,32.0,23058700
2024-06-11,27.97935676574707,32.0,32.5,32.0,32.0,24149300
2024-06-12,27.97935676574707,32.0,32.25,32.0,32.0,29755300
2024-06-13,27.76076889038086,31.75,32.0,31.5,32.0,32166200
2024-06-14,27.76076889038086,31.75,32.0,31.5,31.5,23980700
2024-06-17,27.76076889038086,31.75,31.75,31.75,31.75,0
2024-06-18,27.76076889038086,31.75,31.75,31.75,31.75,0
2024-06-19,27.76076889038086,31.75,31.75,31.75,31.75,0
2024-06-20,28.19794464111328,32.25,32.5,32.0,32.5,25575700
2024-06-21,27.97935676574707,32.0,32.25,31.75,32.25,35584700
2024-06-24,27.97935676574707,32.0,32.0,32.0,32.0,0
2024-06-25,27.97935676574707,32.0,32.0,32.0,32.0,0
2024-06-26,27.97935676574707,32.0,32.0,32.0,32.0,0
2024-06-27,28.416534423828125,32.5,32.75,32.5,32.75,13045100
2024-06-28,28.416534423828125,32.5,32.75,32.5,32.5,21755800
2024-07-01,28.416534423828125,32.5,32.5,32.5,32.5,0
2024-07-02,28.416534423828125,32.5,32.5,32.5,32.5,0
2024-07-03,28.635122299194336,32.75,32.75,32.5,32.5,10114800
2024-07-04,28.635122299194336,32.75,33.0,32.75,32.75,13980500
2024-07-05,28.85371208190918,33.0,33.0,32.75,33.0,4758600
2024-07-08,28.85371208190918,33.0,33.0,32.75,33.0,13042600
2024-07-09,28.85371208190918,33.0,33.0,33.0,33.0,0
2024-07-10,29.072301864624023,33.25,33.25,32.75,33.0,17480800
2024-07-11,29.072301864624023,33.25,33.25,33.25,33.25,0
2024-07-12,29.072301864624023,33.25,33.25,33.25,33.25,0
2024-07-15,29.072301864624023,33.25,33.25,33.25,33.25,0
2024-07-16,27.97935676574707,32.0,32.75,32.0,32.5,40206600
2024-07-17,27.97935676574707,32.0,32.0,32.0,32.0,0
2024-07-18,28.416534423828125,32.5,32.75,32.25,32.25,14775000
2024-07-19,28.19794464111328,32.25,32.75,32.25,32.75,21537500
2024-07-23,27.97935676574707,32.0,32.5,32.0,32.25,22822100
2024-07-24,27.76076889038086,31.75,32.25,31.75,32.0,23816000
2024-07-25,27.76076889038086,31.75,32.0,31.5,31.75,25980600
2024-07-26,27.76076889038086,31.75,32.0,31.75,32.0,18522800
2024-07-30,27.76076889038086,31.75,31.75,31.75,31.75,0
2024-07-31,27.97935676574707,32.0,32.25,31.75,31.75,33634100
2024-08-01,27.76076889038086,31.75,32.25,31.75,32.0,24674200
2024-08-02,27.76076889038086,31.75,31.75,31.75,31.75,0
2024-08-05,27.323591232299805,31.25,32.0,31.25,31.75,37553100
2024-08-06,27.76076889038086,31.75,31.75,31.25,31.25,15129500
2024-08-07,27.97935676574707,32.0,32.0,31.75,31.75,12872100
2024-08-08,27.97935676574707,32.0,32.0,32.0,32.0,0
2024-08-09,29.072301864624023,33.25,33.5,32.25,32.25,82898900
2024-08-13,29.9466552734375,34.25,34.25,33.0,33.25,84608600
2024-08-14,29.509479522705078,33.75,34.5,33.5,34.25,71902700
2024-08-15,29.509479522705078,33.75,33.75,33.75,33.75,0
2024-08-16,29.9466552734375,34.25,34.5,34.0,34.25,33174800
2024-08-19,29.9466552734375,34.25,34.25,34.25,34.25,0
2024-08-20,29.9466552734375,34.25,34.5,34.0,34.5,30248300
2024-08-21,29.9466552734375,34.25,34.25,34.0,34.25,22283900
2024-08-22,29.9466552734375,34.25,34.25,34.25,34.25,0
2024-08-23,30.165245056152344,34.5,34.75,34.25,34.25,45905800
2024-08-26,30.38382911682129,34.75,34.75,34.5,34.5,15942500
2024-08-27,30.165245056152344,34.5,34.75,34.25,34.75,45996900
2024-08-28,29.76244354248047,33.25,34.0,33.25,33.75,53671900
2024-08-29,29.986223220825195,33.5,33.5,33.25,33.25,6356600
2024-08-30,29.986223220825195,33.5,33.75,33.25,33.5,63780300
2024-09-02,29.986223220825195,33.5,33.5,33.5,33.5,0
2024-09-03,29.986223220825195,33.5,33.5,33.5,33.5,0
2024-09-04,29.986223220825195,33.5,33.5,33.5,33.5,0
2024-09-05,30.21000099182129,33.75,34.0,32.75,33.0,104377100
2024-09-06,31.1051082611084,34.75,35.0,34.0,34.0,75294800
2024-09-09,31.1051082611084,34.75,34.75,34.75,34.75,0
2024-09-10,30.21000099182129,33.75,34.5,33.75,34.25,56443000
2024-09-11,29.538667678833008,33.0,33.75,32.75,33.75,111564700
2024-09-12,29.538667678833008,33.0,33.25,33.0,33.0,33553800
2024-09-13,29.538667678833008,33.0,33.25,32.75,33.0,47273100
2024-09-16,29.538667678833008,33.0,33.0,33.0,33.0,0
2024-09-17,29.538667678833008,33.0,33.0,33.0,33.0,0
2024-09-18,29.538667678833008,33.0,33.0,33.0,33.0,0
2024-09-19,29.538667678833008,33.0,33.0,33.0,33.0,0
2024-09-20,29.538667678833008,33.0,33.0,33.0,33.0,0
2024-09-23,29.76244354248047,33.25,33.5,33.0,33.5,30278900
2024-09-24,30.21000099182129,33.75,33.75,33.25,33.5,38595900
2024-09-25,29.986223220825195,33.5,34.0,33.5,33.75,28629800
2024-09-26,29.986223220825195,33.5,33.75,33.25,33.5,32310700
2024-09-27,29.986223220825195,33.5,33.5,33.5,33.5,0
2024-09-30,30.433774948120117,34.0,34.0,33.5,33.5,27238000
2024-10-01,30.433774948120117,34.0,34.0,34.0,34.0,0
2024-10-02,29.986223220825195,33.5,34.0,33.5,34.0,17749300
2024-10-03,29.986223220825195,33.5,33.75,33.5,33.5,9085400
2024-10-04,29.986223220825195,33.5,33.5,33.5,33.5,0
2024-10-07,30.433774948120117,34.0,34.0,33.75,34.0,15970700
2024-10-08,30.21000099182129,33.75,34.0,33.75,34.0,14942600
2024-10-09,29.986223220825195,33.5,34.0,33.5,33.75,15564000
2024-10-10,29.986223220825195,33.5,33.75,33.5,33.75,7270600
2024-10-11,30.657554626464844,34.25,34.75,33.75,34.0,118991700
2024-10-15,29.986223220825195,33.5,34.25,33.5,34.25,37933300
2024-10-16,29.986223220825195,33.5,33.5,33.5,33.5,0
2024-10-17,30.21000099182129,33.75,34.0,33.5,33.5,26255800
2024-10-18,30.21000099182129,33.75,34.0,33.75,33.75,14803700
2024-10-21,30.433774948120117,34.0,34.0,33.75,34.0,19053500
2024-10-22,30.433774948120117,34.0,34.0,34.0,34.0,0
2024-10-24,29.986223220825195,33.5,33.75,33.5,33.5,10521700
2024-10-25,29.986223220825195,33.5,33.5,33.5,33.5,0
2024-10-28,30.657554626464844,34.25,34.25,33.25,33.5,75145700
2024-10-29,30.657554626464844,34.25,34.25,34.25,34.25,0
2024-10-30,29.986223220825195,33.5,34.0,33.5,33.75,34992500
2024-10-31,29.986223220825195,33.5,33.75,33.5,33.5,17976900
2024-11-01,30.21000099182129,33.75,33.75,33.5,33.5,18419000
2024-11-04,29.986223220825195,33.5,34.0,33.5,33.75,9630000
2024-11-05,30.21000099182129,33.75,34.25,33.75,33.75,30125100
2024-11-06,29.986223220825195,33.5,33.75,33.5,33.75,16566200
2024-11-07,29.986223220825195,33.5,33.75,33.5,33.5,7865000
2024-11-08,29.76244354248047,33.25,33.75,33.25,33.5,17067700
2024-11-11,29.538667678833008,33.0,33.5,33.0,33.25,15618100
2024-11-12,29.538667678833008,33.0,33.25,33.0,33.0,10463600
2024-11-13,29.31488800048828,32.75,33.25,32.75,33.0,18111000
2024-11-14,29.09111213684082,32.5,33.0,32.5,32.75,35789000
2024-11-15,29.09111213684082,32.5,32.75,32.5,32.5,10765100
2024-11-18,28.867332458496094,32.25,32.75,32.25,32.75,23568700
2024-11-19,29.09111213684082,32.5,32.75,32.25,32.5,28461900
2024-11-20,28.867332458496094,32.25,32.5,32.25,32.25,14781400
2024-11-21,29.538667678833008,33.0,33.25,32.25,32.5,37966000
2024-11-22,30.21000099182129,33.75,33.75,33.25,33.25,21975600
2024-11-25,29.76244354248047,33.25,33.75,33.25,33.75,38123400
2024-11-26,29.538667678833008,33.0,33.5,32.75,33.25,21457400
2024-11-27,29.09111213684082,32.5,32.75,32.5,32.75,11700600
2024-11-28,28.867332458496094,32.25,32.75,32.25,32.5,20784500
2024-11-29,28.867332458496094,32.25,32.75,32.25,32.5,18006700
2024-12-02,28.867332458496094,32.25,32.25,32.0,32.25,24802600
2024-12-03,28.867332458496094,32.25,32.5,32.25,32.25,17691100
2024-12-04,28.867332458496094,32.25,32.75,32.0,32.5,30338600
2024-12-06,28.867332458496094,32.25,32.5,32.0,32.25,24310500
2024-12-09,28.6435546875,32.0,32.25,32.0,32.0,12600200
2024-12-11,28.867332458496094,32.25,32.5,32.0,32.25,33668400
2024-12-12,28.41977882385254,31.75,32.25,31.75,32.0,21679200
2024-12-13,28.41977882385254,31.75,32.0,31.75,31.75,5701800
2024-12-16,28.6435546875,32.0,32.5,31.75,31.75,23994800
2024-12-17,28.867332458496094,32.25,32.25,32.0,32.25,18774500
2024-12-18,29.09111213684082,32.5,32.5,32.0,32.25,29184800
2024-12-19,28.41977882385254,31.75,32.5,31.75,32.25,35334500
2024-12-20,27.748443603515625,31.0,31.75,30.5,31.75,78567400
2024-12-23,27.97222328186035,31.25,31.25,30.75,31.0,18484200
2024-12-24,28.195999145507812,31.5,31.5,31.0,31.25,16269300
2024-12-25,28.195999145507812,31.5,31.75,31.25,31.5,14585100
2024-12-26,27.97222328186035,31.25,32.0,31.25,31.5,16854100
2024-12-27,28.41977882385254,31.75,32.0,31.25,31.5,21344300
2024-12-30,28.41977882385254,31.75,32.0,31.75,31.75,12242200
2025-01-02,28.41977882385254,31.75,32.0,31.5,31.75,15869400
2025-01-03,28.6435546875,32.0,32.0,31.75,31.75,11683300
2025-01-06,28.6435546875,32.0,32.5,32.0,32.25,21436600
2025-01-07,28.6435546875,32.0,32.0,31.5,32.0,27710300
2025-01-08,28.195999145507812,31.5,32.0,31.5,32.0,23137600
2025-01-09,28.195999145507812,31.5,32.0,31.25,31.5,19876400
2025-01-10,27.97222328186035,31.25,31.75,31.0,31.5,32576800
2025-01-13,27.97222328186035,31.25,31.5,31.0,31.25,23360500
2025-01-14,27.077110290527344,30.25,31.25,30.0,31.25,74724200
2025-01-15,27.97222328186035,31.25,31.25,30.25,30.25,27152600
2025-01-16,27.748443603515625,31.0,31.5,30.75,31.25,47515200
2025-01-17,27.52466583251953,30.75,31.25,30.75,31.0,32420200
2025-01-20,27.52466583251953,30.75,31.0,30.5,31.0,18689100
2025-01-21,27.97222328186035,31.25,31.25,30.5,31.0,40292900
2025-01-22,27.97222328186035,31.25,31.5,31.0,31.25,20600800
2025-01-23,27.300888061523438,30.5,31.25,30.5,31.0,44482600
2025-01-24,27.52466583251953,30.75,31.0,30.5,30.5,26775900
2025-01-27,27.52466583251953,30.75,31.25,30.5,30.75,19802900
2025-01-28,27.748443603515625,31.0,31.25,30.75,30.75,15403000
2025-01-29,27.748443603515625,31.0,31.25,30.75,31.0,4736300
2025-01-30,27.748443603515625,31.0,31.0,30.75,31.0,4855300
2025-01-31,28.195999145507812,31.5,31.75,31.0,31.0,40135000
2025-02-03,27.748443603515625,31.0,31.0,30.5,31.0,50620400
2025-02-04,27.52466583251953,30.75,31.25,30.25,31.0,39102300
2025-02-05,26.853334426879883,30.0,30.75,30.0,30.75,35088900
2025-02-06,27.077110290527344,30.25,30.5,30.0,30.0,38887600
2025-02-07,27.52466583251953,30.75,30.75,30.0,30.25,41157300
2025-02-10,27.077110290527344,30.25,30.75,30.0,30.5,48121500
2025-02-11,27.300888061523438,30.5,30.75,30.25,30.25,14977900
2025-02-13,27.077110290527344,30.25,30.75,30.25,30.5,30759000
2025-02-14,27.748443603515625,31.0,31.0,30.25,30.25,58961600
2025-02-17,27.97222328186035,31.25,31.5,31.0,31.5,41727400
2025-02-18,28.195999145507812,31.5,31.5,30.75,31.0,39307100
2025-02-19,28.195999145507812,31.5,32.0,31.25,31.5,40329100
2025-02-20,28.195999145507812,31.5,31.75,31.0,31.25,43379300
2025-02-21,28.867332458496094,32.25,32.25,31.5,31.75,53283400
2025-02-24,28.867332458496094,32.25,32.5,32.0,32.25,35309900
2025-02-25,28.867332458496094,32.25,32.75,32.25,32.5,56817200
2025-02-26,28.6435546875,32.0,32.5,32.0,32.25,42289400
2025-02-27,28.41977882385254,31.75,32.25,31.75,32.0,27707600
2025-02-28,28.195999145507812,31.5,32.0,31.0,31.5,78835600
2025-03-03,27.748443603515625,31.0,31.75,31.0,31.75,43412100
2025-03-04,27.52466583251953,30.75,31.25,30.5,31.0,40053400
2025-03-05,27.748443603515625,31.0,31.25,30.75,30.75,43113200
2025-03-06,27.79515838623047,29.75,30.25,29.5,29.75,52970100
2025-03-07,27.79515838623047,29.75,30.0,29.5,29.75,37345200
2025-03-10,26.393722534179688,28.25,29.75,28.0,29.5,92884400
2025-03-11,26.1601505279541,28.0,28.25,27.0,28.0,126369200
2025-03-12,25.459430694580078,27.25,28.25,27.25,28.0,88194200
2025-03-13,25.459430694580078,27.25,27.75,27.0,27.25,40928000
2025-03-14,27.094440460205078,29.0,29.25,27.25,27.5,92957300
2025-03-17,27.561586380004883,29.5,29.5,28.5,29.0,78375800
2025-03-18,27.561586380004883,29.5,30.0,29.0,29.75,58312500
2025-03-19,27.79515838623047,29.75,30.0,29.25,29.5,57656100
2025-03-20,28.729450225830078,30.75,31.25,29.5,29.5,97709700
2025-03-21,29.663742065429688,31.75,32.0,31.25,31.75,82292500
2025-03-24,30.13088607788086,32.25,32.25,31.25,31.75,60701300
2025-03-25,30.364458084106445,32.5,32.5,32.0,32.25,55017000
2025-03-26,30.364458084106445,32.5,32.75,32.25,32.5,30966300
2025-03-27,30.364458084106445,32.5,32.75,32.25,32.5,29589700
2025-03-28,29.897314071655273,32.0,32.5,32.0,32.25,27547300
2025-03-31,29.897314071655273,32.0,32.25,31.5,32.0,40124600
2025-04-01,29.897314071655273,32.0,32.25,31.75,32.0,24892400
2025-04-02,30.13088607788086,32.25,32.25,31.75,31.75,32787700
2025-04-03,30.13088607788086,32.25,32.25,31.5,31.75,36044100
2025-04-04,29.4301700592041,31.5,32.25,31.0,31.75,61283900
2025-04-08,28.262304306030273,30.25,30.75,29.5,30.0,73333600
2025-04-09,28.495878219604492,30.5,30.5,30.0,30.0,51082000
2025-04-10,28.729450225830078,30.75,31.75,30.75,31.25,85360700
2025-04-11,29.4301700592041,31.5,31.5,30.25,30.75,53493900
2025-04-16,28.963022232055664,31.0,31.5,30.5,31.25,42868900
2025-04-17,28.729450225830078,30.75,31.25,30.75,31.0,17112300
2025-04-18,28.963022232055664,31.0,31.5,30.75,31.0,36229600
2025-04-21,28.729450225830078,30.75,31.0,30.25,31.0,39254200
2025-04-22,28.495878219604492,30.5,30.75,30.25,30.5,22245800
2025-04-23,28.495878219604492,30.5,31.0,30.5,30.75,36211500
2025-04-24,28.262304306030273,30.25,30.75,30.25,30.5,13586800
2025-04-25,28.495878219604492,30.5,30.5,30.25,30.5,9162000
2025-04-28,28.729450225830078,30.75,30.75,30.5,30.5,15194900
2025-04-29,28.729450225830078,30.75,31.0,30.5,30.75,11992100
2025-04-30,28.963022232055664,31.0,31.0,30.5,30.75,27889300
2025-05-02,29.19659423828125,31.25,31.25,30.75,31.0,31531400
2025-05-06,28.729450225830078,30.75,31.25,30.5,31.0,19733400
2025-05-07,29.4301700592041,31.5,31.5,30.75,30.75,52060700
2025-05-08,28.963022232055664,31.0,31.5,31.0,31.25,36019200
2025-05-09,29.19659423828125,31.25,31.25,30.75,31.25,29798300
2025-05-13,28.963022232055664,31.0,31.75,31.0,31.25,81889800
2025-05-14,29.19659423828125,31.25,31.25,31.0,31.0,36743400
2025-05-15,28.963022232055664,31.0,31.25,30.75,31.25,49774200
2025-05-16,29.19659423828125,31.25,31.25,30.75,31.0,30926700
2025-05-19,28.963022232055664,31.0,31.25,30.75,31.0,32321500
2025-05-20,28.729450225830078,30.75,31.0,30.75,31.0,10621300
2025-05-21,28.729450225830078,30.75,31.0,30.5,31.0,57019900
2025-05-22,28.495878219604492,30.5,30.75,30.25,30.5,32095000
2025-05-23,28.495878219604492,30.5,30.75,30.25,30.75,26930600
2025-05-26,28.262304306030273,30.25,30.75,30.25,30.5,29419300
2025-05-27,28.262304306030273,30.25,30.5,30.0,30.25,48403000
2025-05-28,28.262304306030273,30.25,30.5,30.25,30.25,16106200
2025-05-29,28.262304306030273,30.25,30.5,30.25,30.5,12466700
2025-05-30,27.79515838623047,29.75,30.5,29.75,30.25,84654300
2025-06-04,27.561586380004883,29.5,30.0,29.5,30.0,53393000
2025-06-05,28.028730392456055,30.0,30.0,29.5,29.5,31125700
2025-06-06,28.495878219604492,30.5,30.5,30.0,30.0,109998800
2025-06-09,28.028730392456055,30.0,30.5,29.75,30.5,23439800
2025-06-10,28.028730392456055,30.0,30.0,29.5,29.75,62648800
2025-06-11,28.262304306030273,30.25,30.5,30.0,30.0,26031700
2025-06-12,28.262304306030273,30.25,30.75,30.0,30.25,69315000
2025-06-13,28.729450225830078,30.75,31.25,30.25,30.5,91553700
2025-06-16,28.729450225830078,30.75,31.0,30.25,31.0,54946200
2025-06-17,28.262304306030273,30.25,30.75,30.25,30.5,20897500
2025-06-18,28.028730392456055,30.0,30.75,30.0,30.75,31631400
2025-06-19,28.028730392456055,30.0,30.25,29.75,30.0,34525100
2025-06-20,28.028730392456055,30.0,30.5,30.0,30.0,105807800
2025-06-23,28.028730392456055,30.0,30.25,30.0,30.0,16160500
2025-06-24,28.495878219604492,30.5,30.5,30.0,30.25,81410000
2025-06-25,28.495878219604492,30.5,30.5,30.25,30.5,21519400
2025-06-26,28.729450225830078,30.75,30.75,30.25,30.25,35866200
2025-06-27,28.028730392456055,30.0,30.75,30.0,30.5,27015300
2025-06-30,28.028730392456055,30.0,30.5,30.0,30.25,19536400
2025-07-01,28.495878219604492,30.5,30.75,30.0,30.25,85842300
2025-07-02,28.729450225830078,30.75,30.75,30.5,30.5,15618800
2025-07-03,28.495878219604492,30.5,31.0,30.5,30.75,23938100
2025-07-04,28.262304306030273,30.25,30.75,30.25,30.5,16534800
2025-07-07,28.262304306030273,30.25,30.5,30.25,30.25,10335000
2025-07-08,28.262304306030273,30.25,30.5,30.25,30.25,9767300
2025-07-09,28.262304306030273,30.25,30.5,30.25,30.25,13980100
2025-07-11,28.495878219604492,30.5,30.75,30.25,30.25,38004800
2025-07-14,28.963022232055664,31.0,31.0,30.25,30.5,38697900
2025-07-15,29.19659423828125,31.25,31.25,30.75,30.75,33444200
2025-07-16,28.963022232055664,31.0,31.5,31.0,31.25,75011600
2025-07-17,29.4301700592041,31.5,31.75,31.0,31.25,60805400
2025-07-18,29.897314071655273,32.0,32.25,31.5,31.5,131364300
2025-07-21,30.364458084106445,32.5,32.5,32.0,32.25,56566400
2025-07-22,30.13088607788086,32.25,32.5,32.0,32.5,37221300
2025-07-23,30.13088607788086,32.25,32.5,32.0,32.25,46323200
2025-07-24,29.897314071655273,32.0,32.5,31.5,32.25,93447700
2025-07-25,30.13088607788086,32.25,32.5,31.75,31.75,83289500
2025-07-29,30.83160400390625,33.0,33.0,32.25,32.5,106501800
2025-07-30,30.83160400390625,33.0,33.5,33.0,33.0,71995000
2025-07-31,31.065176010131836,33.25,33.75,32.5,33.0,170333700
2025-08-01,30.13088607788086,32.25,33.5,32.0,33.25,93477500
2025-08-04,29.897314071655273,32.0,32.5,32.0,32.25,90640700
2025-08-05,30.364458084106445,32.5,32.5,32.0,32.25,56547600
2025-08-06,30.13088607788086,32.25,32.5,32.0,32.5,44590200
2025-08-07,30.13088607788086,32.25,32.5,32.0,32.25,45232400
2025-08-08,29.897314071655273,32.0,32.5,31.75,32.25,64167700
2025-08-13,30.364458084106445,32.5,32.5,32.0,32.25,67020500
2025-08-14,30.13088607788086,32.25,32.5,32.0,32.5,59095900
2025-08-15,30.13088607788086,32.25,32.5,32.0,32.25,76094500
2025-08-18,30.13088607788086,32.25,32.5,31.5,32.25,101388000
2025-08-19,29.663742065429688,31.75,32.25,31.75,32.0,38967500
2025-08-20,29.897314071655273,32.0,32.0,31.75,31.75,26657100
2025-08-21,29.897314071655273,32.0,32.25,31.75,31.75,74002800
2025-08-22,29.897314071655273,32.0,32.25,31.75,32.0,53468200
2025-08-25,30.13088607788086,32.25,32.25,32.0,32.0,6995600
2025-08-26,29.897314071655273,32.0,32.25,31.75,32.0,68980700
2025-08-27,29.663742065429688,31.75,32.0,31.75,32.0,28235100
2025-08-28,29.4301700592041,31.5,31.75,31.25,31.75,37526400
2025-08-29,28.963022232055664,31.0,31.5,31.0,31.25,100632000
2025-09-01,29.4301700592041,31.5,31.5,30.75,31.0,45954700
2025-09-02,29.4301700592041,31.5,31.75,31.25,31.5,47210200
2025-09-03,29.897314071655273,32.0,32.25,31.5,31.75,96104500
2025-09-04,29.663742065429688,31.75,32.25,31.5,32.0,46524100
2025-09-05,29.4301700592041,31.5,32.0,31.25,31.5,56132900
2025-09-08,29.663742065429688,31.75,32.25,31.5,31.75,67635300
2025-09-09,30.364458084106445,32.5,32.5,31.75,31.75,106537000
2025-09-10,30.13088607788086,32.25,32.75,32.25,32.5,78624600
2025-09-11,31.065176010131836,33.25,33.5,32.5,32.5,130476900
2025-09-12,31.298751831054688,33.5,33.5,33.0,33.25,57207100
2025-09-15,30.598033905029297,32.75,33.5,32.75,33.5,72735800
2025-09-16,31.065176010131836,33.25,33.25,32.75,33.0,21801000
2025-09-17,31.065176010131836,33.25,33.75,33.25,33.25,97618600
2025-09-18,30.83160400390625,33.0,33.5,32.75,33.5,46476200
2025-09-19,31.065176010131836,33.25,33.5,32.75,33.25,151127900
2025-09-22,30.83160400390625,33.0,33.5,32.75,33.25,51660200
2025-09-23,30.83160400390625,33.0,33.25,32.75,33.0,36170400
2025-09-24,30.83160400390625,33.0,33.25,32.75,33.0,49613000
2025-09-25,31.065176010131836,33.25,33.5,33.0,33.25,47110700
2025-09-26,31.065176010131836,33.25,33.5,33.0,33.25,59128800
2025-09-29,31.532323837280273,33.75,33.75,33.25,33.25,78835700
2025-09-30,31.065176010131836,33.25,33.5,33.25,33.5,62626100
2025-10-01,30.969148635864258,32.25,32.5,32.0,32.25,88210000
2025-10-02,30.969148635864258,32.25,32.5,32.25,32.5,13054200
2025-10-03,30.969148635864258,32.25,32.5,32.0,32.25,21828500
2025-10-06,30.72907829284668,32.0,32.25,32.0,32.25,14738100
2025-10-07,30.72907829284668,32.0,32.0,32.0,32.0,0
2025-10-08,30.72907829284668,32.0,32.25,31.75,32.0,36496569
2025-10-09,30.72907829284668,32.0,32.0,31.75,32.0,19719000
2025-10-10,30.24893569946289,31.5,32.0,31.5,32.0,37741800
2025-10-14,29.768795013427734,31.0,31.5,31.0,31.5,69357200
2025-10-15,30.008865356445312,31.25,31.25,31.0,31.0,24356300
2025-10-16,29.528722763061523,30.75,31.25,30.5,31.25,92827800
2025-10-17,29.048582077026367,30.25,30.75,30.25,30.5,54561900
2025-10-20,29.528722763061523,30.75,31.0,30.5,30.5,44238400
2025-10-21,29.528722763061523,30.75,31.25,30.75,31.0,18926500
2025-10-22,29.768795013427734,31.0,31.25,30.5,30.75,88071500
2025-10-24,30.4890079498291,31.75,31.75,31.0,31.25,53332000
2025-10-27,30.008865356445312,31.25,32.0,31.25,31.75,80234100
2025-10-28,29.528722763061523,30.75,31.5,30.5,31.25,77078400
2025-10-29,29.528722763061523,30.75,31.25,30.75,30.75,41876700
2025-10-30,29.768795013427734,31.0,31.25,30.5,30.75,39938800
2025-10-31,29.528722763061523,30.75,31.0,30.5,31.0,30444300
2025-11-03,29.528722763061523,30.75,31.25,30.75,30.75,40377400
2025-11-04,29.288652420043945,30.5,31.0,30.5,30.75,51524200
2025-11-05,29.288652420043945,30.5,30.75,30.5,30.5,12385200
2025-11-06,29.528722763061523,30.75,30.75,30.5,30.75,22791100
2025-11-07,29.288652420043945,30.5,30.75,30.5,30.75,23501800
2025-11-10,29.288652420043945,30.5,30.75,30.25,30.75,35430900
2025-11-11,29.288652420043945,30.5,31.0,30.5,30.75,33292400
2025-11-12,29.048582077026367,30.25,30.75,30.25,30.5,33163600
2025-11-13,29.288652420043945,30.5,30.75,30.25,30.5,44361000
2025-11-14,29.288652420043945,30.5,30.75,30.25,30.5,21214700
2025-11-17,29.288652420043945,30.5,30.75,30.25,30.25,35780100
2025-11-18,29.288652420043945,30.5,30.75,30.25,30.5,21842100
2025-11-19,29.048582077026367,30.25,30.5,30.25,30.5,21285200
2025-11-20,29.288652420043945,30.5,30.75,30.25,30.5,33285600
2025-11-21,29.048582077026367,30.25,30.5,30.25,30.5,20166700
2025-11-24,29.048582077026367,30.25,30.5,30.0,30.5,76160900
2025-11-25,29.288652420043945,30.5,30.5,30.25,30.5,42111500
2025-11-26,29.288652420043945,30.5,30.5,30.25,30.5,12332400
2025-11-27,29.288652420043945,30.5,30.5,30.25,30.25,5509100
2025-11-28,29.528722763061523,30.75,31.0,30.5,30.5,44955000
2025-12-01,30.008865356445312,31.25,31.25,30.5,30.75,96383400
2025-12-02,30.008865356445312,31.25,31.5,31.0,31.25,50239500
2025-12-03,30.008865356445312,31.25,31.5,31.0,31.0,49689700
2025-12-04,30.4890079498291,31.75,32.0,31.25,31.5,74762700
2025-12-08,30.24893569946289,31.5,32.0,31.5,31.75,31791300
2025-12-09,30.24893569946289,31.5,31.75,31.25,31.5,21956900
2025-12-11,30.008865356445312,31.25,31.5,31.0,31.5,20884100
2025-12-12,30.008865356445312,31.25,31.5,31.0,31.5,21249800
2025-12-15,30.4890079498291,31.75,31.75,31.25,31.25,31807600
2025-12-16,30.008865356445312,31.25,31.75,31.25,31.5,26557400
2025-12-17,29.768795013427734,31.0,31.5,31.0,31.25,71077700
2025-12-18,30.008865356445312,31.25,31.5,31.0,31.25,93525900
2025-12-19,30.24893569946289,31.5,31.75,31.0,31.25,68503800
2025-12-22,30.4890079498291,31.75,32.0,31.5,31.75,43769800
2025-12-23,30.4890079498291,31.75,32.0,31.75,32.0,29352700
2025-12-24,30.4890079498291,31.75,32.0,31.5,31.75,30922100
2025-12-25,30.24893569946289,31.5,31.75,31.5,31.75,20533400
2025-12-26,30.24893569946289,31.5,31.75,31.25,31.5,34079000
2025-12-29,30.24893569946289,31.5,31.75,31.25,31.5,38885700
2025-12-30,30.72907829284668,32.0,32.0,31.5,31.5,41206800
2026-01-05,30.4890079498291,31.75,32.0,31.5,31.75,35811000
2026-01-06,30.4890079498291,31.75,31.75,31.5,31.75,41853000
2026-01-07,30.24893569946289,31.5,31.75,31.5,31.5,21251600
2026-01-08,30.24893569946289,31.5,31.75,31.5,31.5,26855300
2026-01-09,30.4890079498291,31.75,31.75,31.5,31.5,24892700
2026-01-12,30.72907829284668,32.0,32.0,31.75,31.75,17387000
2026-01-13,30.4890079498291,31.75,32.25,31.75,32.0,35987900
2026-01-14,31.449291229248047,32.75,32.75,32.0,32.0,102111200
2026-01-15,31.449291229248047,32.75,33.0,32.25,32.75,79427000
2026-01-16,31.689361572265625,33.0,33.25,32.75,32.75,76749200
2026-01-19,31.929433822631836,33.25,33.25,32.75,33.0,36328000
2026-01-20,32.409576416015625,33.75,33.75,33.0,33.25,118251800
2026-01-21,32.16950225830078,33.5,33.75,33.25,33.5,105371100
2026-01-22,32.409576416015625,33.75,33.75,33.25,33.75,80603200
2026-01-23,32.409576416015625,33.75,33.75,33.5,33.75,39055100
2026-01-26,32.16950225830078,33.5,33.75,33.5,33.75,27504500
2026-01-27,32.6496467590332,34.0,34.25,33.5,33.5,122223700
2026-01-28,33.36985778808594,34.75,34.75,34.25,34.25,117807500
2026-01-29,33.36985778808594,34.75,35.0,34.25,34.75,122581100
2026-01-30,32.6496467590332,34.0,34.5,34.0,34.5,70280500
2026-02-02,32.88971710205078,34.25,34.25,33.75,34.0,55076600
2026-02-03,33.12978744506836,34.5,34.75,34.25,34.25,81627200
2026-02-04,33.36985778808594,34.75,34.75,34.25,34.5,53453300
2026-02-05,33.849998474121094,35.25,35.25,34.5,34.75,178616200
2026-02-06,33.849998474121094,35.25,35.5,35.0,35.25,58615000
2026-02-09,33.849998474121094,35.25,35.75,35.0,35.5,133345600
2026-02-10,34.09007263183594,35.5,35.75,35.25,35.5,53662800
2026-02-11,34.09007263183594,35.5,35.75,35.25,35.5,58508200
2026-02-12,34.570213317871094,36.0,36.25,35.25,35.25,157673500
2026-02-13,34.330142974853516,35.75,36.0,35.5,35.75,89522800
2026-02-16,34.330142974853516,35.75,36.0,35.5,35.75,53635500
2026-02-17,34.330142974853516,35.75,36.0,35.5,35.5,69550200
2026-02-18,34.81028366088867,36.25,36.25,35.75,35.75,77636600
2026-02-19,36.01063919067383,37.5,37.5,36.5,36.5,274514900
2026-02-20,35.53049850463867,37.0,37.75,37.0,37.25,181387200
2026-02-23,35.05035400390625,36.5,37.25,36.5,37.25,130378700
2026-02-24,35.29042434692383,36.75,37.0,36.25,36.5,143067300
2026-02-25,35.77056884765625,37.25,37.75,36.75,37.0,148811400
2026-02-26,35.77056884765625,37.25,37.75,37.0,37.75,153032600
2026-02-27,35.53049850463867,37.0,37.75,37.0,37.25,212290300
2026-03-02,35.29042434692383,36.75,38.0,36.75,37.75,157966000
2026-03-04,33.849998474121094,35.25,36.5,34.25,36.5,292385800
2026-03-05,34.0,34.0,34.75,33.25,34.5,181049600
2026-03-06,34.0,34.0,34.5,33.5,34.0,79931600
2026-03-09,33.25,33.25,33.75,32.75,33.0,125226700
2026-03-10,33.5,33.5,33.75,33.25,33.5,89844500
2026-03-11,33.5,33.5,33.75,33.25,33.5,94472700
2026-03-12,35.0,35.0,35.0,33.25,33.25,175474000
2026-03-13,34.25,34.25,35.0,34.0,34.5,121083200
2026-03-16,33.5,33.5,34.5,33.25,34.5,93478100
2026-03-17,34.0,34.0,34.0,33.0,33.5,107960500
2026-03-18,33.5,33.5,34.25,33.5,34.0,45953800
2026-03-19,34.25,34.25,34.25,33.5,33.5,126676600
2026-03-20,34.0,34.0,34.5,33.5,34.25,107660500
2026-03-23,33.5,33.5,34.0,33.25,33.5,70474100
2026-03-24,33.75,33.75,34.0,33.5,33.75,49974500
2026-03-25,34.25,34.25,34.5,33.5,33.75,104453400
2026-03-26,34.5,34.5,34.75,33.75,34.0,134503000
2026-03-27,34.5,34.5,35.25,34.5,34.75,91962400
2026-03-30,35.25,35.25,35.25,34.5,34.5,77207900
2026-03-31,35.0,35.0,35.5,34.5,35.25,107133700
2026-04-01,34.75,34.75,35.5,34.5,35.5,124696800
2026-04-02,35.5,35.5,35.5,34.75,35.0,87618300
2026-04-03,34.25,34.25,35.5,34.25,35.5,96794300
2026-04-07,34.75,34.75,35.25,34.0,34.25,90396600
2026-04-08,35.0,35.0,35.25,34.25,34.5,73033000
2026-04-09,35.5,35.5,35.5,34.75,35.0,77941200
2026-04-10,34.75,34.75,35.5,34.75,35.25,48751300
2026-04-16,34.75,34.75,35.0,34.25,34.75,67617600
2026-04-17,34.75,34.75,35.0,34.5,34.5,44345500
2026-04-20,34.5,34.5,35.0,34.25,34.5,64051900
2026-04-21,34.25,34.25,34.75,34.25,34.5,43177200
2026-04-22,34.75,34.75,35.0,34.25,34.25,84206100
2026-04-23,35.0,35.0,35.0,34.5,34.5,70320800
2026-04-24,34.75,34.75,35.0,34.75,35.0,30141200
2026-04-27,35.25,35.25,35.5,35.0,35.0,59943100
2026-04-28,35.25,35.25,35.25,34.5,35.25,86701500
2026-04-29,35.25,35.25,35.5,35.0,35.25,96914100
2026-04-30,35.25,35.25,35.75,35.0,35.25,114540300
2026-05-01,35.25,35.25,35.25,35.25,35.25,0
2026-05-04,35.25,35.25,35.25,35.25,35.25,0
2026-05-05,36.5,36.5,36.5,35.25,35.5,140653200
2026-05-06,35.5,35.5,36.25,35.5,36.25,129532800
2026-05-07,35.75,35.75,36.25,35.5,35.5,72655800
2026-05-08,36.5,36.5,36.5,35.75,35.75,115038100
2026-05-11,36.5,36.5,37.0,36.0,36.25,102482500
2026-05-12,37.0,37.0,37.0,36.25,36.5,142065900
2026-05-13,37.0,37.0,37.25,36.75,37.0,71669900
2026-05-14,37.25,37.25,37.25,36.75,37.0,71422300
2026-05-15,36.25,36.25,37.0,36.25,37.0,74311500
2026-05-18,36.5,36.5,36.75,36.0,36.25,70683200
2026-05-19,36.5,36.5,36.75,36.25,36.25,36263500
2026-05-20,37.0,37.0,37.0,36.25,36.5,89864100
2026-05-21,37.25,37.25,37.25,36.75,37.0,72306300
2026-05-22,36.75,36.75,37.25,36.75,37.25,37502800
2026-05-25,36.75,36.75,37.25,36.5,36.75,63959700
2026-05-26,36.5,36.5,36.75,36.5,36.5,29126300
2026-05-27,36.5,36.5,36.75,36.25,36.5,37899300
2026-05-28,36.25,36.25,36.5,36.0,36.5,67074000
2026-05-29,36.25,36.25,36.5,36.0,36.25,69574000
2026-06-01,36.25,36.25,36.25,36.25,36.25,0
2026-06-02,36.5,36.5,37.0,36.25,36.5,85131500
2026-06-03,36.5,36.5,36.5,36.5,36.5,0
2026-06-04,36.75,36.75,37.25,36.5,36.5,81797100
2026-06-05,36.75,36.75,37.0,36.5,36.75,32086400
2026-06-08,36.5,36.5,36.75,36.25,36.5,49219100
2026-06-09,36.25,36.25,36.75,36.25,36.5,49289300
2026-06-10,36.25,36.25,36.5,36.25,36.25,24678700
2026-06-11,36.5,36.5,36.5,36.0,36.25,26907200
2026-06-12,36.0,36.0,36.5,36.0,36.25,58422400
2026-06-15,35.0,35.0,36.0,34.75,36.0,105097700
2026-06-16,35.25,35.25,35.75,35.0,35.25,69549200
2026-06-17,35.25,35.25,35.25,34.75,35.25,34418500
2026-06-18,35.5,35.5,35.75,35.25,35.25,38170100
2026-06-19,35.25,35.25,35.75,35.25,35.5,46878300
2026-06-22,35.75,35.75,35.75,35.0,35.0,57087000
2026-06-23,35.0,35.0,35.75,35.0,35.5,101075100
2026-06-24,35.0,35.0,35.25,34.75,35.25,53747100
2026-06-25,34.5,34.5,35.0,34.5,34.75,68981000
2026-06-26,35.0,35.0,35.25,34.5,34.5,84827300
2026-06-29,35.25,35.25,35.5,35.0,35.25,94776400
2026-06-30,35.5,35.5,35.75,35.0,35.0,90941100
2026-07-01,35.75,35.75,35.75,35.5,35.75,26484500
2026-07-02,35.75,35.75,36.0,35.25,35.5,84261400
2026-07-03,37.0,37.0,37.0,36.0,36.0,97194200
2026-07-06,37.25,37.25,37.25,36.75,37.0,76486400
2026-07-07,36.5,36.5,37.0,36.0,37.0,199133100
2026-07-08,36.75,36.75,37.0,36.5,36.75,111287800
2026-07-09,37.0,37.0,37.25,36.75,36.75,134795700
2026-07-10,37.5,37.5,37.5,36.75,37.0,78549600
2026-07-13,37.75,37.75,38.0,37.5,37.5,127191400
2026-07-14,38.25,38.25,38.25,37.5,37.75,135436500
2026-07-15,38.5,38.5,38.75,38.0,38.0,203198100
2026-07-16,38.75,38.75,39.0,38.5,38.75,54338300
2026-07-17,38.75,38.75,38.75,38.25,38.5,74720600
2026-07-20,39.25,39.25,39.25,38.5,38.75,160250000
2026-07-21,39.75,39.75,39.75,38.75,39.0,169781400
2026-07-22,39.25,39.25,40.0,39.0,39.75,157309500
2026-07-23,39.5,39.5,39.75,39.25,39.5,96694800
2026-07-24,39.5,39.5,39.75,39.25,39.25,61698300
2026-07-27,39.0,39.0,39.5,38.75,39.0,114161500
2026-07-28,39.0,39.0,39.0,39.0,39.0,0
2026-07-29,39.0,39.0,39.0,39.0,39.0,0
2026-07-30,38.5,38.5,39.0,38.5,38.75,106623800
2026-07-31,38.5,38.5,38.75,38.25,38.5,69605700
2026-08-03,38.5,38.5,38.75,38.25,38.5,75420500
2026-08-04,38.0,38.0,38.5,37.5,38.25,160596500
2026-08-05,38.25,38.25,38.25,37.0,37.5,187994200
2026-08-06,38.75,38.75,39.0,38.0,38.25,161240900
2026-08-07,38.75,38.75,39.25,38.5,38.75,129528200
2026-08-10,38.75,38.75,39.25,38.5,39.0,143957500
2026-08-11,39.5,39.5,39.5,39.0,39.0,80910200
2026-08-12,39.5,39.5,39.5,39.5,39.5,0
2026-08-13,39.25,39.25,39.5,39.0,39.5,44182300
2026-08-14,39.75,39.75,40.0,39.5,39.5,153701000
2026-08-17,39.5,39.5,40.0,39.25,39.75,167527500
2026-08-18,40.5,40.5,40.75,39.75,39.75,139575700
2026-08-19,40.5,40.5,40.75,40.0,40.5,99174300
2026-08-20,40.75,40.75,41.0,40.25,40.75,83483600
2026-08-21,40.75,40.75,41.25,40.5,41.0,129738000
2026-08-24,41.0,41.0,41.0,40.5,40.75,44881100
2026-08-25,40.5,40.5,41.0,40.5,40.75,81286900
2026-08-26,40.25,40.25,40.5,39.75,40.25,95957600
2026-08-27,40.25,40.25,40.5,40.0,40.25,74592700
