Date,Adj Close,Close,High,Low,Open,Volume
2016-08-26,24.95718002319336,52.75,53.25,52.5,52.75,1724100
2016-08-29,25.07546043395996,53.0,53.25,52.25,53.25,1566000
2016-08-30,25.4303035736084,53.75,54.0,53.0,53.25,1735400
2016-08-31,25.548583984375,54.0,54.5,53.25,53.75,1559400
2016-09-01,25.07546043395996,53.0,54.0,52.25,53.5,1408600
2016-09-02,25.07546043395996,53.0,53.5,52.25,53.0,2263600
2016-09-05,24.365781784057617,51.5,53.25,50.5,53.0,2514800
2016-09-06,24.365781784057617,51.5,52.0,51.25,51.75,800500
2016-09-07,24.48406219482422,51.75,53.0,51.5,51.5,1287900
2016-09-08,24.12921714782715,51.0,51.75,50.75,51.5,1786700
2016-09-09,24.12921714782715,51.0,51.25,51.0,51.0,737900
2016-09-12,24.12921714782715,51.0,51.5,50.75,51.0,1603300
2016-09-13,24.12921714782715,51.0,52.0,51.0,51.25,1132300
2016-09-14,24.365781784057617,51.5,52.0,51.0,51.0,540900
2016-09-15,24.95718002319336,52.75,53.0,51.5,51.5,853700
2016-09-16,25.07546043395996,53.0,53.25,51.75,52.5,4176300
2016-09-19,24.95718002319336,52.75,53.5,52.0,53.5,1426400
2016-09-20,24.838903427124023,52.5,53.0,52.0,53.0,1216100
2016-09-21,24.95718002319336,52.75,53.0,52.25,52.75,1557000
2016-09-22,26.02170753479004,55.0,55.0,52.75,53.25,4972900
2016-09-23,26.02170753479004,55.0,55.0,53.25,54.0,5189200
2016-09-26,25.4303035736084,53.75,55.0,53.5,53.75,4148100
2016-09-27,25.548583984375,54.0,54.75,53.75,54.0,1848500
2016-09-28,25.31202507019043,53.5,54.25,53.5,54.0,1223500
2016-09-29,25.4303035736084,53.75,54.25,53.5,53.75,311600
2016-09-30,24.838903427124023,52.5,53.75,52.5,53.5,1499100
2016-10-03,24.838903427124023,52.5,53.25,52.25,52.75,1721600
2016-10-04,24.95718002319336,52.75,53.25,52.5,52.75,2900500
2016-10-05,25.07546043395996,53.0,53.0,52.25,52.75,2060800
2016-10-06,25.785144805908203,54.5,55.0,52.75,53.0,1662600
2016-10-07,25.785144805908203,54.5,54.75,54.0,54.5,1041300
2016-10-10,25.193742752075195,53.25,54.25,52.75,53.0,1786700
2016-10-11,25.07546043395996,53.0,54.0,52.25,53.75,1621100
2016-10-12,24.602336883544922,52.0,53.0,50.75,52.5,2082900
2016-10-13,24.365781784057617,51.5,51.75,50.0,51.0,2268000
2016-10-14,24.720623016357422,52.25,53.75,52.25,52.5,3070400
2016-10-17,25.193742752075195,53.25,53.75,52.0,52.0,1758800
2016-10-18,25.193742752075195,53.25,53.5,52.75,53.5,1465800
2016-10-19,25.07546043395996,53.0,53.25,52.5,53.0,1455500
2016-10-20,24.95718002319336,52.75,53.25,52.25,53.0,1186600
2016-10-21,25.07546043395996,53.0,53.25,52.5,53.0,736600
2016-10-25,25.07546043395996,53.0,53.25,52.75,53.25,702900
2016-10-26,24.602336883544922,52.0,53.0,52.0,53.0,1002200
2016-10-27,24.95718002319336,52.75,53.0,51.75,52.0,1286900
2016-10-28,24.602336883544922,52.0,53.0,52.0,52.75,642000
2016-10-31,24.48406219482422,51.75,52.5,51.5,52.0,766100
2016-11-01,24.95718002319336,52.75,53.0,51.25,52.25,2037800
2016-11-02,24.720623016357422,52.25,52.75,52.0,52.75,335900
2016-11-03,24.720623016357422,52.25,52.75,52.0,52.25,397000
2016-11-04,24.720623016357422,52.25,52.25,52.0,52.0,469200
2016-11-07,25.548583984375,54.0,54.75,53.0,53.0,6365000
2016-11-08,26.258270263671875,55.5,56.25,54.0,54.0,3413000
2016-11-09,25.785144805908203,54.5,55.75,54.0,55.5,3349000
2016-11-10,25.785144805908203,54.5,55.25,54.0,55.0,2759800
2016-11-11,25.785144805908203,54.5,55.75,54.0,54.5,4527700
2016-11-14,25.31202507019043,53.5,54.5,53.0,54.0,1990800
2016-11-15,25.31202507019043,53.5,54.5,53.25,53.75,2931700
2016-11-16,25.4303035736084,53.75,54.75,53.75,53.75,2113100
2016-11-17,26.02170753479004,55.0,55.25,53.75,54.0,2161100
2016-11-18,25.785144805908203,54.5,55.0,54.25,55.0,448900
2016-11-21,25.548583984375,54.0,54.75,54.0,54.75,697500
2016-11-22,25.548583984375,54.0,54.0,53.5,54.0,2431100
2016-11-23,25.548583984375,54.0,54.25,52.75,54.25,3375400
2016-11-24,25.66686248779297,54.25,54.5,53.75,54.25,313300
2016-11-25,25.66686248779297,54.25,54.5,53.75,54.25,647900
2016-11-28,25.548583984375,54.0,55.0,53.75,54.0,1442500
2016-11-29,25.548583984375,54.0,54.25,53.75,54.0,927700
2016-11-30,25.548583984375,54.0,54.25,53.5,54.0,1047500
2016-12-01,25.31202507019043,53.5,54.5,53.25,54.25,2663100
2016-12-02,25.193742752075195,53.25,53.75,53.0,53.5,1470300
2016-12-06,25.193742752075195,53.25,53.5,52.75,53.5,2319200
2016-12-07,25.07546043395996,53.0,53.25,53.0,53.0,1255800
2016-12-08,25.193742752075195,53.25,54.0,52.75,53.25,3736200
2016-12-09,24.95718002319336,52.75,53.25,52.5,53.0,3373000
2016-12-13,25.548583984375,54.0,54.0,52.75,53.0,1920100
2016-12-14,25.4303035736084,53.75,54.25,53.25,54.25,1297500
2016-12-15,25.4303035736084,53.75,53.75,53.25,53.5,1137600
2016-12-16,26.139989852905273,55.25,55.25,54.0,54.5,7718800
2016-12-19,26.258270263671875,55.5,55.75,54.75,55.0,3601500
2016-12-20,25.903427124023438,54.75,55.75,54.5,55.25,3518300
2016-12-21,26.84967041015625,56.75,57.25,55.0,55.0,8569300
2016-12-22,27.441072463989258,58.0,59.25,56.25,57.0,12908600
2016-12-23,28.623876571655273,60.5,61.75,58.25,58.5,13556000
2016-12-26,28.742158889770508,60.75,61.5,60.25,60.75,2271100
2016-12-27,29.570119857788086,62.5,63.5,60.75,61.0,6696700
2016-12-28,29.45183753967285,62.25,62.5,61.25,62.25,3092000
2016-12-29,29.09699249267578,61.5,61.75,60.25,61.5,3572000
2016-12-30,28.505596160888672,60.25,61.75,60.25,61.5,3502800
2017-01-04,30.752925872802734,65.0,65.25,61.0,61.0,10259000
2017-01-05,29.80668067932129,63.0,65.75,62.25,64.75,12545400
2017-01-06,29.80668067932129,63.0,64.5,63.0,63.25,7358800
2017-01-09,29.45183753967285,62.25,63.5,62.25,63.0,6060400
2017-01-10,29.80668067932129,63.0,64.0,62.75,62.75,6776800
2017-01-11,29.688398361206055,62.75,63.5,62.75,63.25,3614300
2017-01-12,29.688398361206055,62.75,65.0,62.5,63.25,6016600
2017-01-16,29.80668067932129,63.0,63.75,62.75,63.5,1494800
2017-01-17,29.09699249267578,61.5,63.25,61.25,63.0,3995500
2017-01-18,29.333559036254883,62.0,62.75,61.75,61.75,5819400
2017-01-19,28.623876571655273,60.5,62.0,59.75,61.75,5534300
2017-01-20,29.45183753967285,62.25,62.5,60.75,61.0,6756700
2017-01-23,29.80668067932129,63.0,63.25,62.0,62.5,5445400
2017-01-24,29.333559036254883,62.0,63.0,61.5,62.75,2720400
2017-01-25,29.333559036254883,62.0,62.5,61.75,62.25,2827000
2017-01-26,28.978721618652344,61.25,62.75,60.75,62.25,4832200
2017-01-27,29.09699249267578,61.5,62.0,60.75,61.25,2550600
2017-01-30,29.09699249267578,61.5,61.75,60.75,61.5,2140700
2017-01-31,28.86043357849121,61.0,62.0,61.0,61.5,3724400
2017-02-01,29.21527671813965,61.75,61.75,61.0,61.25,3322700
2017-02-02,30.752925872802734,65.0,65.0,61.0,61.75,11185800
2017-02-03,30.043245315551758,63.5,64.5,63.0,64.25,6970100
2017-02-06,29.688398361206055,62.75,64.0,62.25,63.5,6136700
2017-02-07,29.570119857788086,62.5,63.75,62.5,63.25,5251900
2017-02-08,30.27980613708496,64.0,64.25,62.75,63.0,4850600
2017-02-09,31.93572998046875,67.5,67.5,64.0,64.0,11018000
2017-02-10,31.699169158935547,67.0,68.75,65.5,67.75,10429700
2017-02-14,32.05400848388672,67.75,68.25,66.5,67.0,5073800
2017-02-15,31.699169158935547,67.0,68.5,66.5,68.0,4062900
2017-02-16,31.462608337402344,66.5,67.5,66.0,67.0,4444700
2017-02-17,31.107769012451172,65.75,67.0,64.5,67.0,7446500
2017-02-20,31.817447662353516,67.25,68.0,66.0,66.0,3993500
2017-02-21,31.462608337402344,66.5,67.75,66.25,67.5,2924800
2017-02-22,31.699169158935547,67.0,67.5,66.25,66.5,2275100
2017-02-23,31.93572998046875,67.5,68.75,66.75,67.25,8091200
2017-02-24,31.699169158935547,67.0,67.75,66.75,67.25,1273200
2017-02-27,32.64541244506836,69.0,69.5,67.0,67.0,7563100
2017-02-28,32.40885543823242,68.5,69.25,68.0,69.0,3652800
2017-03-01,32.29057312011719,68.25,69.0,67.75,68.5,2413500
2017-03-02,32.05400848388672,67.75,68.75,67.25,68.75,2526800
2017-03-03,31.699169158935547,67.0,68.0,67.0,68.0,2189000
2017-03-06,31.226051330566406,66.0,67.5,65.5,67.0,3697500
2017-03-07,30.989482879638672,65.5,66.0,65.5,65.75,1687500
2017-03-08,30.989482879638672,65.5,65.75,64.75,65.5,3966500
2017-03-09,31.107769012451172,65.75,65.75,64.75,65.75,3397300
2017-03-10,30.989482879638672,65.5,66.0,65.25,65.5,1876700
2017-03-13,31.462608337402344,66.5,66.75,64.25,65.25,2847800
2017-03-14,31.226051330566406,66.0,68.0,65.75,66.25,6065200
2017-03-15,31.107769012451172,65.75,66.5,65.5,65.75,4476000
2017-03-16,31.580890655517578,66.75,67.25,66.0,66.0,4615500
2017-03-17,32.88197326660156,69.5,70.0,67.0,67.25,10787200
2017-03-20,32.17229080200195,68.0,70.75,68.0,69.5,6364000
2017-03-21,32.29057312011719,68.25,69.0,68.0,68.25,3444600
2017-03-22,32.76369094848633,69.25,69.75,68.0,68.0,4548400
2017-03-23,32.40885543823242,68.5,69.5,68.25,69.0,3107100
2017-03-24,32.64541244506836,69.0,69.5,68.5,68.5,1363900
2017-03-27,32.64541244506836,69.0,69.75,68.75,69.75,1608400
2017-03-28,32.88197326660156,69.5,70.0,69.0,69.0,2110400
2017-03-29,32.88197326660156,69.5,70.75,69.5,69.5,4307600
2017-03-30,34.30133819580078,72.5,72.5,69.5,70.0,6205200
2017-03-31,33.94649887084961,71.75,72.5,71.5,72.5,4629200
2017-04-03,34.65618133544922,73.25,74.25,72.0,72.25,4685500
2017-04-04,34.18305206298828,72.25,73.75,71.5,73.25,3739800
2017-04-05,33.70994186401367,71.25,72.5,70.75,72.25,4680100
2017-04-07,33.828216552734375,71.5,72.0,70.75,71.25,5093800
2017-04-10,33.828216552734375,71.5,72.0,71.0,71.5,3238500
2017-04-11,33.5916633605957,71.0,71.75,71.0,71.25,3492100
2017-04-12,33.70994186401367,71.25,72.0,71.0,71.25,3298900
2017-04-17,33.828216552734375,71.5,72.25,70.75,71.25,2487600
2017-04-18,34.77446365356445,73.5,74.0,72.25,72.25,8782900
2017-04-19,34.77446365356445,73.5,75.5,73.25,74.0,9469900
2017-04-20,34.89274215698242,73.75,75.0,73.0,73.5,10906400
2017-04-21,36.312110900878906,76.75,77.0,74.0,74.25,6551200
2017-04-24,35.9572639465332,76.0,78.0,75.75,76.75,4558800
2017-04-25,36.07554626464844,76.25,77.0,75.25,76.5,4036700
2017-04-26,35.95158386230469,72.5,74.0,72.0,73.25,6412300
2017-04-27,36.57143020629883,73.75,75.5,72.75,73.0,6164600
2017-04-28,37.81114196777344,76.25,76.25,73.75,73.75,5941600
2017-05-02,36.69540786743164,74.0,76.25,73.75,76.25,2004700
2017-05-03,36.44746780395508,73.5,74.5,73.5,74.0,5081600
2017-05-04,37.06731414794922,74.75,75.0,73.75,74.5,4079200
2017-05-08,36.57143020629883,73.75,75.25,73.75,75.0,4541600
2017-05-09,35.70363998413086,72.0,74.5,71.5,74.0,6618400
2017-05-11,37.439231872558594,75.5,76.0,72.25,72.25,8550800
2017-05-12,37.1912841796875,75.0,75.5,73.75,75.5,4061500
2017-05-15,36.81937789916992,74.25,74.25,74.25,74.25,155400
2017-05-16,37.687171936035156,76.0,76.0,74.25,74.25,2707400
2017-05-17,39.67070007324219,80.0,80.25,75.5,76.0,8595800
2017-05-18,39.422767639160156,79.5,80.75,78.75,79.5,8852200
2017-05-19,38.802913665771484,78.25,79.75,77.75,79.75,8003100
2017-05-22,38.926883697509766,78.5,80.0,78.25,78.25,3953800
2017-05-23,38.802913665771484,78.25,79.0,78.0,78.75,2215300
2017-05-24,38.18305969238281,77.0,78.5,76.25,78.25,5273600
2017-05-25,37.81114196777344,76.25,78.0,75.0,78.0,5611700
2017-05-26,37.81114196777344,76.25,77.5,75.75,76.25,3509400
2017-05-29,37.93511199951172,76.5,77.0,76.25,76.25,2379100
2017-05-30,37.81114196777344,76.25,76.75,75.5,76.5,2893000
2017-05-31,37.81114196777344,76.25,77.0,75.5,76.75,3750900
2017-06-01,37.687171936035156,76.0,76.25,75.5,76.0,1594000
2017-06-02,37.81114196777344,76.25,76.75,76.0,76.0,4462000
2017-06-05,37.687171936035156,76.0,76.5,75.75,76.25,3160000
2017-06-06,38.67893981933594,78.0,78.25,75.75,75.75,3915500
2017-06-07,38.30702209472656,77.25,78.0,77.0,77.75,1790600
2017-06-08,38.30702209472656,77.25,77.75,76.5,77.0,3571200
2017-06-09,37.31525421142578,75.25,75.75,73.0,75.25,13104300
2017-06-12,36.81937789916992,74.25,75.25,73.5,74.75,5715500
2017-06-13,37.31525421142578,75.25,76.0,74.25,74.25,5297200
2017-06-14,38.18305969238281,77.0,77.25,75.5,76.0,3936600
2017-06-15,38.059085845947266,76.75,78.25,76.25,76.75,4348800
2017-06-16,38.18305969238281,77.0,77.5,76.5,76.75,1591500
2017-06-19,38.30702209472656,77.25,78.25,76.75,77.0,2362300
2017-06-20,38.30702209472656,77.25,78.5,77.25,77.5,2647800
2017-06-21,38.30702209472656,77.25,78.0,77.0,77.25,1427000
2017-06-22,38.43099594116211,77.5,78.25,77.25,77.75,2210100
2017-06-23,38.18305969238281,77.0,78.0,77.0,77.75,1777100
2017-06-26,38.43099594116211,77.5,77.75,77.0,77.25,2755600
2017-06-27,38.30702209472656,77.25,78.25,77.0,77.5,3273800
2017-06-28,38.43099594116211,77.5,78.25,77.25,77.5,3752900
2017-06-29,38.43099594116211,77.5,78.0,77.25,77.75,1207300
2017-06-30,37.687171936035156,76.0,77.5,74.75,77.5,7573000
2017-07-03,37.687171936035156,76.0,77.0,75.75,76.0,2642700
2017-07-04,37.1912841796875,75.0,76.25,74.75,76.0,3774000
2017-07-05,35.70363998413086,72.0,75.0,71.5,74.5,15991500
2017-07-06,35.45569610595703,71.5,72.0,70.25,72.0,8854500
2017-07-07,36.07554626464844,72.75,73.25,71.5,71.75,6094500
2017-07-11,36.19951629638672,73.0,73.5,73.0,73.5,4028200
2017-07-12,37.06731414794922,74.75,75.0,73.25,73.5,8388100
2017-07-13,38.059085845947266,76.75,76.75,75.0,75.0,12427000
2017-07-14,38.67893981933594,78.0,78.0,76.75,77.0,5772500
2017-07-17,37.06731414794922,74.75,77.75,74.75,77.75,6073300
2017-07-18,37.06731414794922,74.75,75.75,74.0,74.75,6853500
2017-07-19,36.81937789916992,74.25,75.0,74.0,75.0,2796700
2017-07-20,36.44746780395508,73.5,74.75,73.25,74.25,3288600
2017-07-21,36.69540786743164,74.0,74.25,73.25,73.75,2778200
2017-07-24,36.57143020629883,73.75,74.5,73.75,74.0,1107400
2017-07-25,35.95158386230469,72.5,74.5,72.0,73.75,5074000
2017-07-26,35.95158386230469,72.5,73.25,72.25,72.5,3982900
2017-07-27,36.19951629638672,73.0,73.75,72.5,72.5,5108700
2017-07-31,36.57143020629883,73.75,74.5,72.75,73.0,5641800
2017-08-01,36.07554626464844,72.75,74.0,72.75,73.5,3578000
2017-08-02,36.323490142822266,73.25,73.5,72.75,73.0,2221800
2017-08-03,36.07554626464844,72.75,73.25,72.5,73.25,2552000
2017-08-04,36.07554626464844,72.75,73.0,72.5,72.75,1162300
2017-08-07,36.07554626464844,72.75,73.25,72.5,72.5,668300
2017-08-08,36.323490142822266,73.25,73.25,72.5,72.75,2176800
2017-08-09,36.07554626464844,72.75,73.5,72.0,73.25,1263200
2017-08-10,36.07554626464844,72.75,73.25,72.5,72.5,855800
2017-08-11,36.07554626464844,72.75,73.0,72.25,72.5,1364400
2017-08-15,35.95158386230469,72.5,73.0,72.25,72.75,1873500
2017-08-16,35.95158386230469,72.5,72.75,72.25,72.25,1382200
2017-08-17,35.45569610595703,71.5,72.5,70.75,72.25,4736800
2017-08-18,34.835838317871094,70.25,71.5,69.5,71.25,4958500
2017-08-21,35.70363998413086,72.0,72.25,69.5,70.25,5679500
2017-08-22,35.95158386230469,72.5,73.0,71.5,72.0,3615700
2017-08-23,36.07554626464844,72.75,73.25,72.5,73.0,2596800
2017-08-24,36.69540786743164,74.0,74.5,72.75,72.75,3063100
2017-08-25,36.323490142822266,73.25,73.75,73.0,73.75,1586700
2017-08-28,36.81937789916992,74.25,74.25,74.25,74.25,224300
2017-08-29,37.439231872558594,75.5,77.0,74.25,74.25,8348000
2017-08-30,37.06731414794922,74.75,75.75,74.25,75.75,4543900
2017-08-31,37.06731414794922,74.75,75.0,74.5,74.75,2586300
2017-09-01,37.1912841796875,75.0,75.75,74.75,75.0,1730400
2017-09-04,36.81937789916992,74.25,75.25,74.0,75.0,2626200
2017-09-05,36.57143020629883,73.75,74.5,73.25,74.25,2335500
2017-09-06,37.439231872558594,75.5,75.5,73.25,73.5,3058800
2017-09-07,37.06731414794922,74.75,75.75,74.25,75.5,3855200
2017-09-08,36.94334411621094,74.5,75.5,74.0,75.5,4212000
2017-09-11,36.44746780395508,73.5,75.0,73.5,75.0,2771100
2017-09-12,36.323490142822266,73.25,74.0,72.75,74.0,4351200
2017-09-13,36.323490142822266,73.25,73.75,73.0,73.75,3037500
2017-09-14,36.323490142822266,73.25,73.75,72.75,73.75,3353900
2017-09-15,36.323490142822266,73.25,73.5,72.25,73.25,5005700
2017-09-18,36.19951629638672,73.0,73.5,72.75,72.75,3563800
2017-09-19,36.94334411621094,74.5,74.5,73.0,73.25,5108000
2017-09-20,36.94334411621094,74.5,74.75,73.75,74.25,2689500
2017-09-21,37.31525421142578,75.25,75.5,74.75,75.0,4628700
2017-09-22,36.94334411621094,74.5,75.25,74.5,75.25,2905400
2017-09-25,37.687171936035156,76.0,76.0,74.5,74.5,4182700
2017-09-26,38.43099594116211,77.5,77.5,75.5,76.25,6414100
2017-09-27,38.30702209472656,77.25,77.5,76.75,77.5,3124200
2017-09-28,38.059085845947266,76.75,77.25,76.0,77.25,3033100
2017-09-29,38.18305969238281,77.0,77.25,76.5,76.75,1637400
2017-10-02,38.802913665771484,78.25,78.5,76.75,77.0,6636500
2017-10-03,39.29878616333008,79.25,79.75,78.75,79.0,6342100
2017-10-04,39.794681549072266,80.25,81.0,79.5,79.75,10065900
2017-10-05,39.67070007324219,80.0,80.75,79.5,80.5,3358800
2017-10-06,40.414527893066406,81.5,81.5,80.0,80.0,7012400
2017-10-09,39.918643951416016,80.5,82.0,80.25,81.75,2408500
2017-10-10,39.67070007324219,80.0,81.0,78.75,80.75,7015100
2017-10-11,40.414527893066406,81.5,82.25,80.75,81.25,4707100
2017-10-12,42.893951416015625,86.5,86.75,81.25,82.25,14006400
2017-10-16,42.893951416015625,86.5,86.5,86.5,86.5,264200
2017-10-17,41.77821731567383,84.25,86.5,83.75,86.5,7109300
2017-10-18,41.902183532714844,84.5,85.25,84.0,84.5,2561500
2017-10-19,41.282325744628906,83.25,85.25,82.75,84.5,3485900
2017-10-20,41.77821731567383,84.25,84.75,83.0,83.25,4801900
2017-10-24,42.274085998535156,85.25,86.0,84.5,84.5,5509500
2017-10-25,44.257625579833984,89.25,90.25,86.75,87.0,15346400
2017-10-27,43.76174545288086,88.25,89.0,88.0,89.0,2627900
2017-10-30,43.14189147949219,87.0,88.5,85.25,88.5,5954200
2017-10-31,43.513797760009766,87.75,89.0,86.25,87.0,3377500
2017-11-01,43.637779235839844,88.0,88.5,87.0,87.75,2000000
2017-11-02,43.76174545288086,88.25,88.5,87.0,88.5,3268100
2017-11-03,42.6460075378418,86.0,88.25,85.5,88.25,4638300
2017-11-06,43.513797760009766,87.75,87.75,85.75,85.75,1391600
2017-11-07,43.14189147949219,87.0,87.75,86.25,87.75,2149700
2017-11-08,43.14189147949219,87.0,87.75,86.0,86.75,2522500
2017-11-09,42.769981384277344,86.25,87.5,86.25,87.0,2189000
2017-11-10,42.893951416015625,86.5,87.25,86.0,86.0,1279900
2017-11-13,44.133663177490234,89.0,89.0,86.0,86.5,3971700
2017-11-14,43.513797760009766,87.75,89.0,87.25,89.0,3477800
2017-11-15,43.513797760009766,87.75,88.25,87.0,87.5,1752300
2017-11-16,43.14189147949219,87.0,88.0,86.5,88.0,3655200
2017-11-17,44.62954330444336,90.0,90.5,87.0,87.5,8067700
2017-11-20,44.87748336791992,90.5,92.0,90.5,90.5,5914900
2017-11-21,44.257625579833984,89.25,89.25,89.25,89.25,4861100
2017-11-22,43.513797760009766,87.75,89.25,87.75,89.25,5051800
2017-11-23,43.38983154296875,87.5,88.75,87.5,88.0,2475200
2017-11-24,43.14189147949219,87.0,88.0,86.0,87.25,2725600
2017-11-27,41.282325744628906,83.25,86.5,82.5,86.5,10832100
2017-11-28,42.3980598449707,85.5,85.5,83.5,83.5,7103600
2017-11-29,43.38983154296875,87.5,89.0,86.0,86.0,8849600
2017-11-30,43.76174545288086,88.25,88.25,86.0,87.25,4654100
2017-12-01,42.52204132080078,85.75,88.5,85.75,88.5,5456600
2017-12-04,42.3980598449707,85.5,86.5,85.0,86.5,2152700
2017-12-06,42.1501350402832,85.0,85.0,83.5,84.75,3866100
2017-12-07,42.1501350402832,85.0,85.25,84.5,84.5,1564300
2017-12-08,42.1501350402832,85.0,86.0,84.75,85.5,2095400
2017-12-12,42.1501350402832,85.0,85.75,84.5,85.0,2046200
2017-12-13,42.1501350402832,85.0,85.5,84.5,84.75,1545700
2017-12-14,42.52204132080078,85.75,87.5,84.75,85.0,8161600
2017-12-15,43.14189147949219,87.0,87.0,85.25,86.0,3858300
2017-12-18,43.26586151123047,87.25,88.0,87.0,88.0,3786300
2017-12-19,43.637779235839844,88.0,88.5,87.5,88.25,4909000
2017-12-20,43.76174545288086,88.25,88.75,87.0,87.75,5995500
2017-12-21,43.513797760009766,87.75,88.5,87.5,88.0,2919300
2017-12-22,43.637779235839844,88.0,88.5,87.75,88.0,5947900
2017-12-25,44.87748336791992,90.5,91.0,88.25,88.25,7260400
2017-12-26,45.00145721435547,90.75,91.0,89.75,90.25,4712400
2017-12-27,44.133663177490234,89.0,90.75,88.75,90.5,4122000
2017-12-28,43.76174545288086,88.25,89.0,87.5,88.75,3789700
2017-12-29,43.885711669921875,88.5,89.0,88.25,88.75,1562000
2018-01-03,44.38159942626953,89.5,90.25,88.75,88.75,7112300
2018-01-04,44.75352478027344,90.25,91.5,89.5,89.5,8068200
2018-01-05,45.2494010925293,91.25,91.75,90.25,90.75,6352100
2018-01-08,46.24116516113281,93.25,94.5,91.5,91.75,10786800
2018-01-09,46.489105224609375,93.75,93.75,93.75,93.75,314100
2018-01-10,46.36513900756836,93.5,94.75,93.25,94.0,4110700
2018-01-11,45.37337112426758,91.5,93.0,90.5,93.0,8463500
2018-01-12,46.73704528808594,94.25,95.0,92.0,92.0,9665400
2018-01-15,45.497337341308594,91.75,94.25,91.5,94.0,10995500
2018-01-16,45.125431060791016,91.0,92.5,90.5,91.75,6267800
2018-01-17,44.133663177490234,89.0,92.0,89.0,91.0,13746600
2018-01-18,44.133663177490234,89.0,90.5,89.0,89.25,6591300
2018-01-19,44.38159942626953,89.5,89.5,88.25,88.25,4356800
2018-01-22,44.75352478027344,90.25,90.5,89.5,89.75,3459400
2018-01-23,44.87748336791992,90.5,91.25,90.0,90.25,5437300
2018-01-24,44.87748336791992,90.5,91.0,90.0,90.0,7523800
2018-01-25,45.00145721435547,90.75,92.25,90.5,91.0,6803400
2018-01-26,44.87748336791992,90.5,91.0,89.25,90.5,3462800
2018-01-29,44.87748336791992,90.5,91.0,90.0,90.75,4208800
2018-01-30,44.505577087402344,89.75,90.5,89.75,90.5,2598700
2018-01-31,43.885711669921875,88.5,90.5,88.5,89.5,8433400
2018-02-01,43.513797760009766,87.75,88.75,87.25,88.5,10900800
2018-02-02,43.38983154296875,87.5,88.25,87.0,87.5,4684300
2018-02-05,42.893951416015625,86.5,86.75,86.0,86.25,4081000
2018-02-06,43.14189147949219,87.0,87.5,83.75,84.0,8999000
2018-02-07,43.01791763305664,86.75,87.75,86.5,87.25,3764300
2018-02-08,43.38983154296875,87.5,87.75,86.5,86.75,2679600
2018-02-09,43.513797760009766,87.75,87.75,86.25,86.25,3164500
2018-02-12,44.00969314575195,88.75,88.75,87.5,88.0,2459000
2018-02-13,43.38983154296875,87.5,89.0,87.5,89.0,2317400
2018-02-14,43.14189147949219,87.0,87.75,86.75,87.25,2228500
2018-02-15,43.885711669921875,88.5,88.5,86.5,86.75,3499700
2018-02-16,44.38159942626953,89.5,90.25,89.0,89.0,4530900
2018-02-19,44.257625579833984,89.25,90.0,89.25,89.5,1655900
2018-02-20,43.885711669921875,88.5,90.0,88.25,89.0,5520700
2018-02-21,42.769981384277344,86.25,88.0,85.75,88.0,12149500
2018-02-22,42.6460075378418,86.0,86.75,85.5,86.5,4264500
2018-02-23,43.01791763305664,86.75,87.25,86.0,86.25,2487600
2018-02-26,43.01791763305664,86.75,87.25,86.25,87.0,3067400
2018-02-27,44.133663177490234,89.0,90.75,89.0,89.5,12620500
2018-02-28,43.885711669921875,88.5,89.5,88.5,88.75,5121300
2018-03-02,43.885711669921875,88.5,89.25,88.0,88.5,6153800
2018-03-05,43.513797760009766,87.75,89.0,87.25,88.75,5296700
2018-03-06,43.637779235839844,88.0,88.0,88.0,88.0,233800
2018-03-07,43.14189147949219,87.0,88.0,86.5,88.0,4787100
2018-03-08,43.14189147949219,87.0,87.25,86.25,87.0,3718800
2018-03-09,43.14189147949219,87.0,87.75,86.5,87.75,4473400
2018-03-12,43.38983154296875,87.5,87.75,87.0,87.0,3266500
2018-03-13,43.26586151123047,87.25,87.75,86.75,87.5,3628800
2018-03-14,43.885711669921875,88.5,88.75,87.0,87.0,3774500
2018-03-15,44.38159942626953,89.5,89.5,88.5,88.75,2939900
2018-03-16,45.125431060791016,91.0,91.0,89.25,89.75,8532900
2018-03-19,44.87748336791992,90.5,91.75,90.25,91.5,5319400
2018-03-20,44.62954330444336,90.0,90.75,89.75,90.5,2037000
2018-03-21,44.87748336791992,90.5,90.5,90.0,90.25,1782400
2018-03-22,45.00145721435547,90.75,91.75,90.5,90.5,5080600
2018-03-23,44.62954330444336,90.0,90.25,89.5,89.75,3239400
2018-03-26,44.75352478027344,90.25,91.0,90.0,90.0,1074000
2018-03-27,44.75352478027344,90.25,90.75,90.0,90.5,2360300
2018-03-28,44.257625579833984,89.25,90.5,89.25,90.25,3373400
2018-03-29,43.637779235839844,88.0,89.75,87.75,89.25,5687100
2018-03-30,44.505577087402344,89.75,90.25,88.5,88.5,4261500
2018-04-02,45.2494010925293,91.25,91.75,89.25,89.5,6274400
2018-04-03,45.00145721435547,90.75,91.25,90.5,90.75,3873200
2018-04-04,43.513797760009766,87.75,91.25,87.0,91.25,11450700
2018-04-05,44.00969314575195,88.75,89.0,87.25,88.0,4422100
2018-04-09,45.2494010925293,91.25,91.25,88.75,88.75,5990400
2018-04-10,45.2494010925293,91.25,91.5,90.5,91.25,2243600
2018-04-11,45.125431060791016,91.0,91.5,90.75,91.5,1902200
2018-04-12,45.2494010925293,91.25,91.25,90.5,91.0,2242300
2018-04-17,45.497337341308594,91.75,92.5,91.25,91.5,5003000
2018-04-18,46.24116516113281,93.25,93.5,92.0,92.5,7984500
2018-04-19,46.86102294921875,94.5,94.75,93.25,93.5,6341100
2018-04-20,46.117183685302734,93.0,94.75,92.75,94.5,7862400
2018-04-23,46.36513900756836,93.5,94.25,93.25,93.5,3385500
2018-04-24,45.99323272705078,92.75,93.5,92.0,93.5,4561900
2018-04-25,45.99323272705078,92.75,93.0,92.0,92.25,3525600
2018-04-26,46.117183685302734,93.0,93.75,92.75,92.75,8297600
2018-04-27,46.37923049926758,88.5,88.75,87.0,87.75,7453600
2018-04-30,46.5102424621582,88.75,89.25,88.25,88.25,2832100
2018-05-02,46.37923049926758,88.5,88.75,87.5,88.5,2297300
2018-05-03,45.724151611328125,87.25,88.25,87.25,88.25,3292700
2018-05-04,45.46211624145508,86.75,87.75,86.75,87.0,2406200
2018-05-07,44.41400909423828,84.75,87.0,84.25,87.0,8900000
2018-05-08,44.282989501953125,84.5,85.75,84.5,85.0,3005000
2018-05-09,44.54502868652344,85.0,85.5,84.25,84.5,2417600
2018-05-10,45.986175537109375,87.75,87.75,85.25,85.25,6856100
2018-05-11,46.37923049926758,88.5,89.25,86.5,87.5,4936700
2018-05-14,46.1171875,88.0,88.75,88.0,88.5,1699900
2018-05-15,46.24821090698242,88.25,88.5,87.75,88.0,2583200
2018-05-16,45.59313201904297,87.0,88.0,86.5,87.5,1867800
2018-05-17,45.06907653808594,86.0,87.25,85.5,87.0,2138400
2018-05-18,44.676021575927734,85.25,86.0,85.0,85.75,2098600
2018-05-21,45.33110809326172,86.5,86.5,85.0,85.0,2348500
2018-05-22,44.93805694580078,85.75,86.25,85.5,86.25,1743400
2018-05-23,45.33110809326172,86.5,87.0,85.75,85.75,2950800
2018-05-24,45.06907653808594,86.0,86.5,85.5,86.25,1947000
2018-05-25,44.676021575927734,85.25,86.0,85.0,85.75,2669400
2018-05-28,45.724151611328125,87.25,87.5,85.0,85.5,4446200
2018-05-30,44.807044982910156,85.5,86.0,85.25,86.0,3778800
2018-05-31,43.49689865112305,83.0,85.5,82.75,85.25,6980700
2018-06-01,43.75893020629883,83.5,83.75,82.5,82.5,2111200
2018-06-04,43.62791442871094,83.25,83.25,82.75,83.25,1263700
2018-06-05,45.200103759765625,86.25,86.25,83.75,83.75,7858200
2018-06-06,45.59313201904297,87.0,87.0,86.25,86.75,4255700
2018-06-07,45.200103759765625,86.25,87.5,86.0,87.5,1413800
2018-06-08,45.33110809326172,86.5,86.5,85.75,86.0,1441400
2018-06-11,45.85516357421875,87.5,87.5,86.25,86.75,2312900
2018-06-12,45.59313201904297,87.0,87.5,86.5,87.25,2313000
2018-06-13,45.724151611328125,87.25,87.25,86.5,86.75,1212300
2018-06-14,45.85516357421875,87.5,87.5,86.5,87.25,2333600
2018-06-15,46.24821090698242,88.25,88.25,86.5,87.75,3187500
2018-06-18,45.724151611328125,87.25,87.5,87.0,87.25,1265500
2018-06-19,45.06907653808594,86.0,87.0,85.75,86.75,4162300
2018-06-20,46.1171875,88.0,88.25,86.0,86.0,3149900
2018-06-21,45.33110809326172,86.5,87.5,85.5,87.0,3928500
2018-06-22,46.37923049926758,88.5,88.5,87.0,87.5,5163600
2018-06-25,45.59313201904297,87.0,88.5,86.0,88.5,2825700
2018-06-26,44.93805694580078,85.75,86.5,85.5,86.0,3508800
2018-06-27,44.807044982910156,85.5,86.5,85.0,85.75,2343700
2018-06-28,44.151973724365234,84.25,85.25,83.75,85.0,3001700
2018-06-29,44.020957946777344,84.0,84.5,83.5,84.0,2491600
2018-07-02,45.724151611328125,87.25,87.5,83.25,84.0,4070900
2018-07-03,45.59313201904297,87.0,87.0,85.0,86.5,3417200
2018-07-04,44.93805694580078,85.75,87.0,85.5,87.0,2565200
2018-07-05,43.889949798583984,83.75,85.5,83.0,85.5,3322300
2018-07-06,43.889949798583984,83.75,85.5,83.5,83.75,3008000
2018-07-09,44.93805694580078,85.75,86.0,84.25,84.5,2130000
2018-07-10,45.200103759765625,86.25,86.25,85.5,86.0,1069000
2018-07-11,45.46211624145508,86.75,87.25,85.75,86.25,2793400
2018-07-12,44.020957946777344,84.0,85.75,83.25,85.75,11778400
2018-07-13,42.18674850463867,80.5,84.25,80.0,84.0,17414500
2018-07-16,38.9113883972168,74.25,80.0,73.75,79.75,28043600
2018-07-17,38.649356842041016,73.75,75.25,72.25,73.25,25674300
2018-07-18,39.8284912109375,76.0,76.75,74.75,75.0,15616800
2018-07-19,39.8284912109375,76.0,76.5,75.25,76.25,5028900
2018-07-20,40.3525505065918,77.0,77.5,76.0,76.25,12550800
2018-07-23,40.74559020996094,77.75,78.0,76.75,77.0,4916300
2018-07-24,40.3525505065918,77.0,78.25,76.5,78.25,6147100
2018-07-25,40.48356628417969,77.25,77.75,77.0,77.25,3659500
2018-07-26,40.8765983581543,78.0,78.25,77.0,77.5,5759300
2018-07-31,40.8765983581543,78.0,78.25,76.5,78.0,7158500
2018-08-01,41.138633728027344,78.5,78.75,77.5,78.0,4289500
2018-08-02,41.40066146850586,79.0,79.75,78.0,78.25,6430000
2018-08-03,41.40066146850586,79.0,79.75,78.75,79.25,3132000
2018-08-06,41.269649505615234,78.75,79.5,78.25,79.25,1837700
2018-08-07,41.531681060791016,79.25,79.25,78.25,78.5,2525000
2018-08-08,41.40066146850586,79.0,79.5,78.5,79.0,2295400
2018-08-09,41.662696838378906,79.5,80.25,78.75,79.25,3045500
2018-08-10,41.138633728027344,78.5,79.75,78.5,79.5,1587200
2018-08-14,41.269649505615234,78.75,78.75,78.0,78.0,3421800
2018-08-15,41.007625579833984,78.25,79.25,78.25,78.75,5172800
2018-08-16,40.8765983581543,78.0,78.5,77.5,78.0,4971200
2018-08-17,41.138633728027344,78.5,79.25,78.25,78.25,1566000
2018-08-20,41.269649505615234,78.75,79.0,78.25,78.5,1760300
2018-08-21,41.269649505615234,78.75,79.75,78.0,79.0,3637600
2018-08-22,41.138633728027344,78.5,79.25,78.5,78.5,974000
2018-08-23,41.269649505615234,78.75,79.25,78.5,78.5,1239100
2018-08-24,41.269649505615234,78.75,79.25,78.25,78.5,1173200
2018-08-27,42.84182357788086,81.75,82.25,79.0,79.25,8986700
2018-08-28,42.57979965209961,81.25,82.25,81.0,82.0,3051500
2018-08-29,42.44878005981445,81.0,81.5,80.75,81.5,1066200
2018-08-30,42.44878005981445,81.0,81.75,80.75,81.25,1370600
2018-08-31,42.972843170166016,82.0,82.5,80.75,81.0,3718300
2018-09-03,43.75893020629883,83.5,83.75,81.75,82.0,4551500
2018-09-04,42.972843170166016,82.0,83.25,81.75,83.25,4316800
2018-09-05,42.44878005981445,81.0,82.25,80.75,81.75,3884300
2018-09-06,42.84182357788086,81.75,81.75,80.5,80.75,1916700
2018-09-07,42.84182357788086,81.75,82.0,81.0,81.0,1655200
2018-09-10,42.7108154296875,81.5,81.5,81.0,81.5,922400
2018-09-11,42.57979965209961,81.25,82.75,81.25,81.5,2969400
2018-09-12,42.44878005981445,81.0,81.75,80.5,81.25,4224900
2018-09-13,43.23487854003906,82.5,83.0,81.25,81.5,4595100
2018-09-14,42.84182357788086,81.75,83.0,81.5,82.75,5236400
2018-09-17,43.10385513305664,82.25,83.0,81.75,81.75,3504600
2018-09-18,43.36588668823242,82.75,83.25,82.0,82.25,2938900
2018-09-19,43.36588668823242,82.75,83.25,82.75,83.0,4383300
2018-09-20,43.62791442871094,83.25,83.5,82.75,83.0,5332700
2018-09-21,44.020957946777344,84.0,84.5,83.75,84.0,6670400
2018-09-24,43.75893020629883,83.5,84.25,83.25,84.0,1668400
2018-09-25,43.75893020629883,83.5,84.0,83.0,83.5,1440100
2018-09-26,43.889949798583984,83.75,84.25,83.25,83.25,3474300
2018-09-27,43.889949798583984,83.75,84.0,83.25,83.75,1736300
2018-09-28,43.889949798583984,83.75,84.0,83.5,83.75,2202300
2018-10-01,44.020957946777344,84.0,84.0,83.5,83.75,1583700
2018-10-02,43.75893020629883,83.5,84.0,83.5,83.75,2904000
2018-10-03,43.889949798583984,83.75,83.75,83.25,83.5,3290100
2018-10-04,43.75893020629883,83.5,83.5,82.0,83.25,4975200
2018-10-05,43.23487854003906,82.5,83.0,82.25,82.5,2558400
2018-10-08,42.44878005981445,81.0,82.75,80.5,82.5,2467200
2018-10-09,42.31776809692383,80.75,81.5,80.5,81.0,1900500
2018-10-10,42.18674850463867,80.5,81.5,80.0,80.75,5380700
2018-10-11,41.40066146850586,79.0,79.75,78.5,78.75,6575400
2018-10-12,41.138633728027344,78.5,80.5,78.5,80.0,11004900
2018-10-16,41.531681060791016,79.25,79.5,78.5,78.75,6547700
2018-10-17,41.531681060791016,79.25,79.75,79.25,79.5,2278300
2018-10-18,40.8765983581543,78.0,79.0,78.0,78.75,2877600
2018-10-19,40.221534729003906,76.75,78.0,76.5,78.0,7050800
2018-10-22,40.48356628417969,77.25,77.75,76.5,76.5,2912600
2018-10-24,40.3525505065918,77.0,77.5,76.75,76.75,2162600
2018-10-25,41.138633728027344,78.5,79.0,76.0,76.0,4199900
2018-10-26,41.138633728027344,78.5,78.5,77.75,78.5,2023800
2018-10-29,40.8765983581543,78.0,78.75,77.75,78.5,1826400
2018-10-30,40.8765983581543,78.0,78.5,77.75,78.0,1147100
2018-10-31,41.269649505615234,78.75,78.75,77.75,78.75,1715300
2018-11-01,41.007625579833984,78.25,78.75,78.25,78.5,2473200
2018-11-02,41.924720764160156,80.0,80.25,78.75,79.0,8090600
2018-11-05,41.924720764160156,80.0,80.0,79.0,79.25,1193700
2018-11-06,41.662696838378906,79.5,80.0,79.25,80.0,1610100
2018-11-07,42.05573654174805,80.25,80.75,79.25,79.5,5460800
2018-11-08,41.924720764160156,80.0,81.0,80.0,80.25,3159100
2018-11-09,41.531681060791016,79.25,80.0,79.0,79.75,3841600
2018-11-12,41.269649505615234,78.75,79.25,78.75,79.0,2025400
2018-11-13,41.269649505615234,78.75,79.25,78.0,78.0,1990200
2018-11-14,41.924720764160156,80.0,80.5,78.75,78.75,4913700
2018-11-15,41.924720764160156,80.0,80.75,79.75,80.0,2577100
2018-11-16,41.531681060791016,79.25,80.25,79.25,80.0,1563500
2018-11-19,41.7937126159668,79.75,79.75,79.25,79.5,921000
2018-11-20,41.40066146850586,79.0,79.75,78.75,79.5,2007600
2018-11-21,41.531681060791016,79.25,79.5,78.5,79.0,1595200
2018-11-22,41.269649505615234,78.75,79.5,78.75,79.25,991300
2018-11-23,41.40066146850586,79.0,79.25,78.5,79.0,1319300
2018-11-26,42.18674850463867,80.5,80.5,79.0,79.0,2196400
2018-11-27,42.05573654174805,80.25,80.75,79.75,80.5,1966600
2018-11-28,42.44878005981445,81.0,81.5,80.5,80.5,2935300
2018-11-29,42.18674850463867,80.5,81.5,80.5,81.5,1438100
2018-11-30,41.924720764160156,80.0,80.75,80.0,80.5,3677300
2018-12-03,41.924720764160156,80.0,81.0,80.0,80.5,4048400
2018-12-04,41.924720764160156,80.0,80.75,79.75,80.0,3029900
2018-12-06,41.7937126159668,79.75,80.25,79.0,79.0,6631000
2018-12-07,42.05573654174805,80.25,81.0,79.75,80.0,3502600
2018-12-11,41.924720764160156,80.0,80.25,79.75,80.0,3476100
2018-12-12,42.44878005981445,81.0,81.25,80.0,80.5,4322400
2018-12-13,42.57979965209961,81.25,81.75,81.0,81.5,4383900
2018-12-14,42.57979965209961,81.25,81.5,80.75,81.0,4518700
2018-12-17,42.18674850463867,80.5,81.25,80.0,81.0,4754500
2018-12-18,41.40066146850586,79.0,80.25,78.75,80.0,3172900
2018-12-19,42.18674850463867,80.5,80.5,78.75,79.0,2961200
2018-12-20,42.18674850463867,80.5,80.5,79.25,80.0,1919300
2018-12-21,41.662696838378906,79.5,80.25,79.5,79.75,2116400
2018-12-24,40.74559020996094,77.75,79.25,77.5,79.25,4793900
2018-12-25,40.48356628417969,77.25,77.5,76.75,77.25,2730000
2018-12-26,40.48356628417969,77.25,77.75,77.0,77.0,1955200
2018-12-27,40.74559020996094,77.75,79.5,77.75,78.5,3915200
2018-12-28,41.007625579833984,78.25,79.0,78.0,78.0,2360300
2019-01-02,41.7937126159668,79.75,80.0,78.75,78.75,2929000
2019-01-03,41.924720764160156,80.0,80.5,79.5,79.5,2845000
2019-01-04,42.18674850463867,80.5,80.5,79.75,79.75,2321500
2019-01-07,42.44878005981445,81.0,81.5,80.25,80.25,3744100
2019-01-08,42.44878005981445,81.0,81.5,81.0,81.25,2266400
2019-01-09,42.44878005981445,81.0,82.0,80.75,81.5,2885600
2019-01-10,42.7108154296875,81.5,81.75,80.75,81.5,4054900
2019-01-11,42.57979965209961,81.25,81.75,81.0,81.25,2169000
2019-01-14,42.44878005981445,81.0,82.5,80.25,82.0,5526400
2019-01-15,41.269649505615234,78.75,80.5,78.75,80.5,5470000
2019-01-16,41.662696838378906,79.5,80.0,78.75,79.75,2340300
2019-01-17,41.7937126159668,79.75,80.25,79.25,80.0,1873900
2019-01-18,41.7937126159668,79.75,80.0,79.5,79.5,2818500
2019-01-21,42.31776809692383,80.75,81.5,79.75,79.75,2475400
2019-01-22,42.7108154296875,81.5,81.5,80.5,80.75,2100600
2019-01-23,43.36588668823242,82.75,83.0,81.25,81.25,5616800
2019-01-24,42.972843170166016,82.0,83.0,81.75,82.0,3343000
2019-01-25,42.31776809692383,80.75,82.25,80.75,82.0,3075600
2019-01-28,42.7108154296875,81.5,82.0,80.25,80.5,2860100
2019-01-29,42.7108154296875,81.5,82.0,81.25,81.75,1577900
2019-01-30,42.84182357788086,81.75,82.0,81.0,82.0,1961300
2019-01-31,43.36588668823242,82.75,83.0,82.25,82.25,3299700
2019-02-01,44.151973724365234,84.25,84.5,82.5,83.0,7493200
2019-02-04,44.151973724365234,84.25,84.75,83.5,84.25,2675800
2019-02-05,44.151973724365234,84.25,84.5,83.75,84.0,910100
2019-02-06,44.41400909423828,84.75,85.0,84.0,84.25,2064000
2019-02-07,44.020957946777344,84.0,84.75,83.75,84.75,1403700
2019-02-08,44.151973724365234,84.25,84.75,83.25,83.5,3128000
2019-02-11,43.889949798583984,83.75,84.25,83.75,84.25,1452500
2019-02-12,44.020957946777344,84.0,84.0,83.5,83.75,1526300
2019-02-13,44.282989501953125,84.5,84.75,84.0,84.0,1727000
2019-02-14,44.54502868652344,85.0,85.5,84.5,84.75,3454900
2019-02-15,44.151973724365234,84.25,85.0,83.75,85.0,3008900
2019-02-18,44.41400909423828,84.75,85.5,84.5,84.5,5152300
2019-02-20,44.54502868652344,85.0,85.25,84.5,84.75,2396400
2019-02-21,44.41400909423828,84.75,85.25,84.5,85.0,1315500
2019-02-22,45.200103759765625,86.25,86.25,84.5,85.0,6974900
2019-02-25,45.33110809326172,86.5,87.25,86.25,86.5,2230400
2019-02-26,45.200103759765625,86.25,86.75,85.75,86.5,3640900
2019-02-27,46.1171875,88.0,89.25,87.5,87.5,12429100
2019-02-28,45.85516357421875,87.5,88.5,87.25,88.25,6562900
2019-03-01,45.46211624145508,86.75,87.5,86.5,87.25,4412000
2019-03-04,45.33110809326172,86.5,87.25,86.25,86.25,3450600
2019-03-05,45.59313201904297,87.0,87.25,86.25,86.5,1945100
2019-03-06,45.59313201904297,87.0,87.75,87.0,87.0,2184200
2019-03-07,46.37923049926758,88.5,88.5,87.0,87.0,3662300
2019-03-08,46.24821090698242,88.25,88.75,88.0,88.25,1930800
2019-03-11,46.37923049926758,88.5,89.0,88.25,88.75,3139500
2019-03-12,46.77226257324219,89.25,89.75,88.5,88.5,4682900
2019-03-13,46.90328598022461,89.5,89.75,89.0,89.25,2143300
2019-03-14,47.29632568359375,90.25,90.75,89.5,89.75,5772300
2019-03-15,47.165313720703125,90.0,90.25,89.5,90.0,2503000
2019-03-18,46.77226257324219,89.25,90.25,89.0,90.0,2826500
2019-03-19,46.37923049926758,88.5,89.75,88.25,89.25,5671400
2019-03-20,46.77226257324219,89.25,89.75,88.5,88.75,4267700
2019-03-21,47.165313720703125,90.0,90.25,89.5,89.75,3799400
2019-03-22,47.0343017578125,89.75,90.5,89.5,90.0,3737400
2019-03-25,46.64125442504883,89.0,89.75,88.75,89.5,3958500
2019-03-26,46.5102424621582,88.75,89.5,88.5,89.25,4836300
2019-03-27,46.1171875,88.0,89.25,87.75,88.75,6017100
2019-03-28,46.1171875,88.0,88.25,87.25,88.0,4950300
2019-03-29,46.24821090698242,88.25,88.5,87.75,88.0,4291200
2019-04-01,46.37923049926758,88.5,89.25,88.25,88.5,3657100
2019-04-02,46.24821090698242,88.25,88.75,88.0,88.5,4328200
2019-04-03,46.64125442504883,89.0,89.0,88.25,88.5,4305800
2019-04-04,46.64125442504883,89.0,89.5,88.5,89.0,4453200
2019-04-05,46.5102424621582,88.75,89.0,88.75,89.0,1227000
2019-04-09,46.77226257324219,89.25,89.5,89.0,89.0,2931100
2019-04-10,47.165313720703125,90.0,90.0,89.5,89.5,1586100
2019-04-11,47.0343017578125,89.75,90.0,89.5,90.0,3556000
2019-04-12,47.29632568359375,90.25,90.25,89.75,89.75,3525700
2019-04-17,48.08241653442383,91.75,92.5,90.25,90.5,7819300
2019-04-18,48.475460052490234,92.5,93.25,92.0,92.5,7750900
2019-04-19,47.9514045715332,91.5,92.25,91.25,91.75,8150900
2019-04-22,48.08241653442383,91.75,91.75,91.25,91.5,4166200
2019-04-23,48.08241653442383,91.75,92.25,91.5,91.75,3635500
2019-04-24,48.08241653442383,91.75,92.0,91.25,91.75,4903400
2019-04-25,48.08241653442383,91.75,92.25,91.5,92.0,5667200
2019-04-26,48.21343231201172,92.0,92.0,91.5,91.75,9274200
2019-04-29,47.22079849243164,83.25,84.5,83.25,84.25,9301400
2019-04-30,47.50440979003906,83.75,83.75,83.0,83.25,3470300
2019-05-02,48.071632385253906,84.75,85.0,83.5,83.75,3554600
2019-05-03,48.49703598022461,85.5,86.0,84.5,84.5,5853600
2019-05-07,48.78064727783203,86.0,86.5,85.0,85.25,3761100
2019-05-08,48.21343994140625,85.0,85.75,84.75,85.75,3569400
2019-05-09,48.92245864868164,86.25,86.5,85.0,85.0,4089700
2019-05-10,48.92245864868164,86.25,86.5,85.5,86.25,3037800
2019-05-13,48.21343994140625,85.0,86.5,84.75,86.25,2081900
2019-05-14,48.21343994140625,85.0,86.0,84.75,84.75,3083100
2019-05-15,48.49703598022461,85.5,85.75,85.0,85.5,2482800
2019-05-16,48.355224609375,85.25,86.0,84.75,85.5,3596400
2019-05-17,48.63883590698242,85.75,86.0,85.0,85.5,3293500
2019-05-21,48.63883590698242,85.75,85.75,85.0,85.25,2596800
2019-05-22,49.773277282714844,87.75,88.0,85.75,85.75,6987600
2019-05-23,49.48966979980469,87.25,88.0,86.5,87.25,3213200
2019-05-24,49.631473541259766,87.5,87.5,86.5,87.0,2586600
2019-05-27,50.19869613647461,88.5,89.0,87.25,87.5,4222200
2019-05-28,50.34049987792969,88.75,88.75,87.75,88.75,5451700
2019-05-29,49.915077209472656,88.0,88.75,88.0,88.75,1180800
2019-05-30,48.92245864868164,86.25,88.0,86.0,88.0,3973500
2019-05-31,50.056888580322266,88.25,88.25,86.0,86.0,3075500
2019-06-04,50.19869613647461,88.5,88.75,87.0,88.0,5827700
2019-06-05,50.482295989990234,89.0,89.25,88.25,88.5,4673600
2019-06-06,50.62409591674805,89.25,89.75,88.25,89.0,3428100
2019-06-07,50.907711029052734,89.75,89.75,89.25,89.5,1569100
2019-06-10,51.04951477050781,90.0,90.25,89.5,89.75,2392600
2019-06-11,50.907711029052734,89.75,90.5,89.5,90.0,2101500
2019-06-12,50.62409591674805,89.25,89.75,89.0,89.75,1333900
2019-06-13,50.907711029052734,89.75,90.0,89.0,89.0,1154900
2019-06-14,50.907711029052734,89.75,90.0,89.5,89.5,1900500
2019-06-17,51.04951477050781,90.0,90.5,89.75,89.75,1513700
2019-06-18,51.04951477050781,90.0,90.75,89.5,89.75,3151300
2019-06-19,51.616729736328125,91.0,91.5,90.5,90.75,3842500
2019-06-20,52.042144775390625,91.75,92.5,91.0,91.0,4596800
2019-06-21,51.616729736328125,91.0,92.5,91.0,92.0,4350400
2019-06-24,52.467552185058594,92.5,92.5,91.25,91.25,3582600
2019-06-25,52.467552185058594,92.5,92.5,91.25,92.25,3275100
2019-06-26,52.751163482666016,93.0,93.0,92.0,92.5,3839100
2019-06-27,52.751163482666016,93.0,93.5,92.5,93.0,5210700
2019-06-28,53.03477096557617,93.5,94.0,92.75,92.75,4849900
2019-07-01,54.31101608276367,95.75,96.0,93.75,94.0,6227900
2019-07-02,54.02741241455078,95.25,96.5,94.75,95.5,3293100
2019-07-03,53.74378967285156,94.75,95.75,94.5,95.25,3932500
2019-07-04,53.60197830200195,94.5,95.75,94.5,95.5,2920300
2019-07-05,53.88560104370117,95.0,95.0,94.5,95.0,2061800
2019-07-08,53.88560104370117,95.0,95.0,94.0,94.75,1836400
2019-07-09,54.16920852661133,95.5,96.0,94.25,94.5,3118100
2019-07-10,53.88560104370117,95.0,95.75,95.0,95.5,2564700
2019-07-11,53.88560104370117,95.0,96.0,95.0,95.0,2543100
2019-07-12,53.60197830200195,94.5,95.25,91.75,94.25,8684500
2019-07-15,54.02741241455078,95.25,95.5,94.0,95.0,4065000
2019-07-17,55.02003479003906,97.0,98.75,95.25,95.5,10212600
2019-07-18,55.445438385009766,97.75,98.25,96.5,96.5,2699500
2019-07-19,55.87085723876953,98.5,99.5,98.25,98.75,4998600
2019-07-22,56.012672424316406,98.75,99.5,98.25,98.75,3843100
2019-07-23,55.87085723876953,98.5,99.25,98.25,99.25,2908200
2019-07-24,56.438072204589844,99.5,100.5,98.5,98.75,4726300
2019-07-25,58.13972854614258,102.5,103.0,99.75,99.75,6734100
2019-07-26,57.00529479980469,100.5,102.0,99.5,102.0,5351000
2019-07-30,57.00529479980469,100.5,102.0,99.5,99.5,2523800
2019-07-31,57.28889846801758,101.0,102.5,100.0,101.0,2872300
2019-08-01,56.438072204589844,99.5,102.5,98.5,102.0,6332700
2019-08-02,56.57987976074219,99.75,101.0,97.75,98.5,4074300
2019-08-05,56.15447235107422,99.0,99.75,97.75,98.0,5289300
2019-08-06,56.438072204589844,99.5,100.0,97.0,98.0,5445300
2019-08-07,58.423336029052734,103.0,103.5,98.75,99.5,8099100
2019-08-08,58.13972854614258,102.5,103.0,101.0,103.0,3209400
2019-08-09,56.7216796875,100.0,102.5,100.0,102.0,2011600
2019-08-13,56.438072204589844,99.5,101.5,99.0,100.0,2663200
2019-08-14,56.15447235107422,99.0,102.0,98.0,102.0,3222700
2019-08-15,55.587249755859375,98.0,100.0,97.75,99.0,6170600
2019-08-16,57.572505950927734,101.5,103.0,98.0,98.5,5538700
2019-08-19,57.00529479980469,100.5,103.0,100.0,102.0,2329000
2019-08-20,56.7216796875,100.0,101.5,99.5,100.5,1724600
2019-08-21,56.15447235107422,99.0,100.0,98.5,99.5,2897200
2019-08-22,57.00529479980469,100.5,100.5,98.25,98.75,3427300
2019-08-23,56.7216796875,100.0,100.5,99.5,100.0,2005900
2019-08-26,56.438072204589844,99.5,100.5,98.25,98.75,2565900
2019-08-27,56.29627990722656,99.25,100.5,99.0,99.5,3133700
2019-08-28,55.87085723876953,98.5,99.5,98.25,99.25,1902200
2019-08-29,56.7216796875,100.0,101.0,99.0,99.0,2346400
2019-08-30,57.85611343383789,102.0,102.0,99.5,100.0,3091500
2019-09-02,57.85611343383789,102.0,102.0,99.75,101.5,2497300
2019-09-03,57.572505950927734,101.5,102.5,101.0,102.0,2789000
2019-09-04,57.572505950927734,101.5,103.0,101.0,101.5,1761900
2019-09-05,57.85611343383789,102.0,103.0,101.5,102.0,2024400
2019-09-06,58.423336029052734,103.0,104.5,102.0,102.5,3417500
2019-09-09,58.706939697265625,103.5,103.5,100.5,102.0,2532100
2019-09-10,58.13972854614258,102.5,104.0,102.0,103.0,3366400
2019-09-11,58.423336029052734,103.0,104.0,102.5,103.5,2437300
2019-09-12,58.706939697265625,103.5,104.5,102.0,103.0,2582300
2019-09-13,58.99054718017578,104.0,105.0,103.0,104.0,3362900
2019-09-16,58.13972854614258,102.5,104.0,102.0,104.0,1822200
2019-09-17,57.85611343383789,102.0,103.5,101.0,102.0,2632400
2019-09-18,57.85611343383789,102.0,102.5,101.0,101.5,924900
2019-09-19,57.28889846801758,101.0,102.5,100.5,101.5,1040200
2019-09-20,56.7216796875,100.0,101.5,100.0,100.5,3544000
2019-09-23,55.16184616088867,97.25,101.0,97.0,100.5,6653700
2019-09-24,56.15447235107422,99.0,99.0,96.75,96.75,3728800
2019-09-25,57.85611343383789,102.0,102.5,98.25,98.5,4524400
2019-09-26,57.572505950927734,101.5,102.5,101.0,102.5,1492800
2019-09-27,58.13972854614258,102.5,102.5,101.0,101.5,2056800
2019-09-30,58.13972854614258,102.5,103.0,101.5,102.5,2163100
2019-10-01,57.00529479980469,100.5,102.5,100.0,102.5,1717700
2019-10-02,56.7216796875,100.0,100.5,99.5,99.5,1482400
2019-10-03,56.57987976074219,99.75,101.0,99.5,99.5,1903200
2019-10-04,57.28889846801758,101.0,101.0,99.75,99.75,2341100
2019-10-07,56.7216796875,100.0,101.0,100.0,101.0,1751000
2019-10-08,57.00529479980469,100.5,101.0,99.75,99.75,1660500
2019-10-09,56.29627990722656,99.25,100.0,99.25,100.0,1698900
2019-10-10,56.012672424316406,98.75,99.5,98.0,99.0,2408700
2019-10-11,56.7216796875,100.0,100.0,98.5,98.75,2270600
2019-10-15,56.438072204589844,99.5,101.5,99.0,101.0,3086900
2019-10-16,56.012672424316406,98.75,99.5,98.25,99.25,3903200
2019-10-17,55.72904968261719,98.25,99.75,98.0,98.75,2758600
2019-10-18,56.29627990722656,99.25,99.5,98.5,99.0,4755300
2019-10-21,56.15447235107422,99.0,99.25,98.25,99.0,1213600
2019-10-22,55.72904968261719,98.25,99.25,98.0,99.0,1898700
2019-10-24,54.02741241455078,95.25,98.25,95.0,98.0,6731200
2019-10-25,54.31101608276367,95.75,96.25,93.75,95.25,4548900
2019-10-28,54.31101608276367,95.75,97.75,95.25,95.5,2737000
2019-10-29,54.31101608276367,95.75,97.5,95.5,96.75,2397000
2019-10-30,55.72904968261719,98.25,98.5,95.75,95.75,2861200
2019-10-31,55.30364990234375,97.5,98.5,96.5,97.25,2120400
2019-11-01,54.87823486328125,96.75,97.75,96.5,97.25,1719100
2019-11-04,56.438072204589844,99.5,99.75,96.5,97.75,2844900
2019-11-05,55.445438385009766,97.75,99.0,97.25,99.0,2043800
2019-11-06,55.72904968261719,98.25,99.5,97.75,97.75,2456000
2019-11-07,56.012672424316406,98.75,99.75,98.0,98.0,2542700
2019-11-08,55.445438385009766,97.75,98.5,97.0,98.25,2053400
2019-11-11,54.452816009521484,96.0,97.5,95.25,97.25,3854900
2019-11-12,54.31101608276367,95.75,97.0,95.5,96.25,4176000
2019-11-13,54.31101608276367,95.75,96.5,95.25,95.75,2015600
2019-11-14,54.59462356567383,96.25,96.25,95.5,95.75,1084700
2019-11-15,54.73643112182617,96.5,97.0,96.0,96.0,1388000
2019-11-18,54.16920852661133,95.5,97.25,95.25,96.75,1933900
2019-11-19,54.02741241455078,95.25,95.75,94.75,95.5,2287600
2019-11-20,54.87823486328125,96.75,98.0,95.25,95.25,2561500
2019-11-21,55.30364990234375,97.5,98.0,96.5,96.75,2174100
2019-11-22,55.87085723876953,98.5,98.75,97.5,97.5,1097900
2019-11-25,56.012672424316406,98.75,99.5,98.25,98.75,1738600
2019-11-26,56.012672424316406,98.75,99.5,98.75,98.75,4494600
2019-11-27,56.012672424316406,98.75,99.25,98.25,99.25,636600
2019-11-28,55.30364990234375,97.5,98.75,97.0,98.75,1584800
2019-11-29,55.30364990234375,97.5,97.75,96.75,97.5,2446900
2019-12-02,55.30364990234375,97.5,98.0,96.25,97.0,2445500
2019-12-03,54.31101608276367,95.75,97.5,95.5,97.25,3672400
2019-12-04,54.31101608276367,95.75,97.0,95.25,95.25,2470800
2019-12-06,54.16920852661133,95.5,96.25,95.25,95.75,6214100
2019-12-09,54.16920852661133,95.5,96.25,95.0,95.5,2225000
2019-12-11,54.73643112182617,96.5,97.0,95.5,95.5,1850100
2019-12-12,55.587249755859375,98.0,98.5,96.0,97.5,2917700
2019-12-13,55.87085723876953,98.5,99.25,97.5,98.25,3037100
2019-12-16,55.02003479003906,97.0,98.5,96.75,98.5,1689400
2019-12-17,55.587249755859375,98.0,98.25,96.5,98.0,3423100
2019-12-18,55.587249755859375,98.0,98.25,97.0,98.0,2484900
2019-12-19,56.15447235107422,99.0,99.0,97.0,97.5,1981900
2019-12-20,55.02003479003906,97.0,98.75,97.0,98.75,2726600
2019-12-23,55.72904968261719,98.25,99.0,97.0,97.0,1694900
2019-12-24,55.445438385009766,97.75,98.5,97.5,98.5,736500
2019-12-25,55.587249755859375,98.0,98.5,97.75,97.75,330800
2019-12-26,56.012672424316406,98.75,99.0,98.0,98.0,1028300
2019-12-27,55.87085723876953,98.5,99.25,97.75,99.0,1970500
2019-12-30,56.29627990722656,99.25,99.25,98.25,98.5,1375000
2020-01-02,57.572505950927734,101.5,102.5,99.25,99.5,4741400
2020-01-03,57.85611343383789,102.0,102.5,100.5,100.5,2676000
2020-01-06,57.00529479980469,100.5,102.0,99.5,100.0,2674200
2020-01-07,57.28889846801758,101.0,102.5,98.75,101.5,5693800
2020-01-08,57.00529479980469,100.5,100.5,99.25,100.0,2001100
2020-01-09,57.28889846801758,101.0,102.0,100.5,101.5,2798500
2020-01-10,59.27416229248047,104.5,105.0,101.0,102.0,4692300
2020-01-13,59.27416229248047,104.5,107.0,103.5,105.5,4183800
2020-01-14,58.13972854614258,102.5,105.0,101.0,104.5,3548800
2020-01-15,57.572505950927734,101.5,103.5,101.0,101.5,4331200
2020-01-16,57.572505950927734,101.5,102.0,100.5,101.5,3481500
2020-01-17,58.13972854614258,102.5,103.5,101.0,101.5,3203800
2020-01-20,57.85611343383789,102.0,103.0,101.5,103.0,2783900
2020-01-21,57.28889846801758,101.0,102.5,101.0,102.0,2402700
2020-01-22,58.423336029052734,103.0,103.5,100.5,101.0,4633300
2020-01-23,58.423336029052734,103.0,103.5,102.0,102.5,3152300
2020-01-24,58.13972854614258,102.5,103.5,102.5,103.5,1955600
2020-01-27,57.28889846801758,101.0,102.5,100.5,101.5,4445000
2020-01-28,56.7216796875,100.0,101.5,100.0,100.0,2735800
2020-01-29,57.572505950927734,101.5,101.5,100.0,100.5,3424600
2020-01-30,57.28889846801758,101.0,102.0,101.0,101.5,1756400
2020-01-31,58.423336029052734,103.0,103.0,101.0,101.0,3755500
2020-02-03,57.572505950927734,101.5,103.5,100.5,103.0,4582800
2020-02-04,57.28889846801758,101.0,102.0,101.0,101.0,4631000
2020-02-05,57.00529479980469,100.5,102.5,100.5,101.0,4502900
2020-02-06,57.85611343383789,102.0,103.0,101.0,101.0,4346500
2020-02-07,57.85611343383789,102.0,102.5,101.5,102.0,3482400
2020-02-11,57.572505950927734,101.5,102.5,101.0,102.0,2266500
2020-02-12,58.13972854614258,102.5,103.0,101.5,102.0,2670800
2020-02-13,57.572505950927734,101.5,102.5,101.5,102.0,2061100
2020-02-14,58.423336029052734,103.0,104.0,102.0,102.0,3600800
2020-02-17,58.423336029052734,103.0,103.5,102.0,102.5,1449900
2020-02-18,58.423336029052734,103.0,104.0,102.5,103.0,2246900
2020-02-19,58.423336029052734,103.0,104.0,103.0,103.0,2607000
2020-02-20,58.13972854614258,102.5,104.0,102.5,103.5,2290600
2020-02-21,58.13972854614258,102.5,103.0,102.0,102.5,1869500
2020-02-24,56.7216796875,100.0,102.0,100.0,102.0,5204200
2020-02-25,58.423336029052734,103.0,103.0,100.0,100.0,3723900
2020-02-26,56.57987976074219,99.75,104.5,99.25,103.0,7832100
2020-02-27,57.28889846801758,101.0,101.5,99.25,100.0,6130400
2020-02-28,55.87085723876953,98.5,99.75,98.25,99.25,9356000
2020-03-02,55.445438385009766,97.75,100.0,97.5,100.0,5992900
2020-03-03,55.87085723876953,98.5,99.0,97.75,99.0,4990000
2020-03-04,57.00529479980469,100.5,100.5,97.75,98.25,2881300
2020-03-05,57.28889846801758,101.0,102.0,100.0,101.0,2750100
2020-03-06,56.29627990722656,99.25,100.0,98.75,99.75,3976300
2020-03-09,52.60936737060547,92.75,97.0,90.25,95.0,10253800
2020-03-10,52.751163482666016,93.0,94.75,93.0,93.25,5092600
2020-03-11,50.056888580322266,88.25,92.75,87.0,92.5,8774600
2020-03-12,44.24291229248047,78.0,85.0,76.5,84.5,11278700
2020-03-13,45.51914978027344,80.25,82.0,67.75,70.0,16076100
2020-03-16,42.966670989990234,75.75,80.5,74.0,76.25,8631400
2020-03-17,39.705177307128906,70.0,74.75,69.0,74.25,18193300
2020-03-18,38.570743560791016,68.0,72.0,67.25,71.75,10556300
2020-03-19,35.876461029052734,63.25,64.25,62.75,64.0,14410700
2020-03-20,38.570743560791016,68.0,68.5,63.25,64.5,26965700
2020-03-23,35.16744613647461,62.0,64.25,61.25,61.5,11464000
2020-03-24,35.451053619384766,62.5,64.25,61.5,63.75,6506300
2020-03-25,36.3018798828125,64.0,64.5,62.0,63.0,15738800
2020-03-26,36.72728729248047,64.75,65.5,62.75,63.5,13699000
2020-03-27,38.996150970458984,68.75,70.0,66.0,66.5,18297100
2020-03-30,38.712547302246094,68.25,68.75,67.0,68.25,6701800
2020-03-31,39.563377380371094,69.75,70.5,69.25,69.75,12756800
2020-04-01,39.279762268066406,69.25,70.25,69.25,69.75,7541100
2020-04-02,39.13796615600586,69.0,69.5,68.0,69.25,9015200
2020-04-03,39.563377380371094,69.75,70.25,68.5,69.5,6866600
2020-04-07,42.82487106323242,75.5,76.25,71.0,72.0,17512100
2020-04-08,42.966670989990234,75.75,77.0,74.5,75.5,12121300
2020-04-09,43.8175048828125,77.25,79.5,76.75,77.0,18785900
2020-04-10,43.53389358520508,76.75,78.5,75.0,77.25,14869000
2020-04-13,44.81012725830078,79.0,79.5,77.25,78.0,12166600
2020-04-14,45.660953521728516,80.5,81.0,79.5,80.0,10126400
2020-04-15,46.228172302246094,81.5,82.75,80.75,81.0,10040200
2020-04-16,45.0937385559082,79.5,81.5,79.25,80.75,9944600
2020-04-17,45.51914978027344,80.25,82.0,79.5,81.5,9735800
2020-04-20,45.944557189941406,81.0,82.5,80.25,81.0,13633800
2020-04-21,46.228172302246094,81.5,82.0,80.5,80.75,8675300
2020-04-22,46.08636474609375,81.25,81.5,80.75,81.0,10052500
2020-04-23,46.08636474609375,81.25,81.75,81.0,81.25,14461200
2020-04-24,45.80276107788086,80.75,81.5,80.5,81.25,18114200
2020-04-27,45.332183837890625,72.25,74.25,72.25,73.0,18493700
2020-04-28,44.704750061035156,71.25,72.25,70.25,72.0,10791900
2020-04-29,45.959617614746094,73.25,73.5,71.5,72.0,7819000
2020-04-30,46.116477966308594,73.5,74.0,73.0,74.0,6918400
2020-05-05,45.01846694946289,71.75,73.0,71.25,73.0,3824700
2020-05-07,43.76359558105469,69.75,71.75,69.0,71.5,7944100
2020-05-08,43.44987106323242,69.25,70.75,69.0,70.25,5815900
2020-05-11,43.293025970458984,69.0,70.25,69.0,69.5,6441400
2020-05-12,43.13615798950195,68.75,69.5,67.75,68.75,10918100
2020-05-13,43.76359558105469,69.75,70.0,68.25,68.75,6085800
2020-05-14,42.66558074951172,68.0,69.5,67.75,69.25,8762300
2020-05-15,42.03814697265625,67.0,68.0,67.0,68.0,5169800
2020-05-18,42.03814697265625,67.0,67.75,67.0,67.0,3941800
2020-05-19,42.508724212646484,67.75,68.25,67.25,67.75,8132500
2020-05-20,43.44987106323242,69.25,69.25,67.25,67.75,7258000
2020-05-21,44.54789352416992,71.0,71.25,69.5,69.75,11307100
2020-05-22,43.92045211791992,70.0,70.75,68.75,70.5,6081400
2020-05-25,43.44987106323242,69.25,70.25,69.0,70.0,3994200
2020-05-26,44.23417282104492,70.5,70.75,69.75,70.0,5199400
2020-05-27,45.01846694946289,71.75,72.75,71.25,71.5,12891700
2020-05-28,47.2144889831543,75.25,75.25,73.5,74.0,19158300
2020-05-29,47.05762481689453,75.0,75.25,73.0,73.75,11945100
2020-06-01,47.8419189453125,76.25,77.5,75.25,75.5,13476600
2020-06-02,48.9399299621582,78.0,78.25,77.25,77.5,9495800
2020-06-04,52.07711410522461,83.0,84.0,79.75,79.75,29905500
2020-06-05,51.763397216796875,82.5,83.5,80.25,83.25,9186000
2020-06-08,50.66537857055664,80.75,83.0,80.5,82.75,8555400
2020-06-09,50.03794860839844,79.75,82.25,79.0,81.0,10268400
2020-06-10,51.13595962524414,81.5,81.75,79.5,80.5,5255900
2020-06-11,49.56736755371094,79.0,81.25,79.0,80.75,6952100
2020-06-12,48.9399299621582,78.0,78.25,76.0,76.5,7400000
2020-06-15,47.68506622314453,76.0,78.5,75.0,78.0,8017300
2020-06-16,48.155643463134766,76.75,78.0,76.75,77.75,3791500
2020-06-17,49.096797943115234,78.25,78.75,76.75,76.75,3391700
2020-06-18,46.9007682800293,74.75,77.25,74.5,76.5,13257400
2020-06-19,46.116477966308594,73.5,74.5,73.25,74.5,13919400
2020-06-22,43.44987106323242,69.25,72.5,69.25,71.25,21424400
2020-06-23,45.01846694946289,71.75,73.25,69.75,70.25,10996600
2020-06-24,44.23417282104492,70.5,72.75,70.5,72.75,6973800
2020-06-25,44.07731246948242,70.25,70.25,69.25,69.5,5364900
2020-06-26,44.54789352416992,71.0,71.0,70.0,70.75,4954900
2020-06-29,44.23417282104492,70.5,70.5,69.5,70.25,3163000
2020-06-30,43.60673141479492,69.5,71.25,69.5,71.0,6429200
2020-07-01,44.23417282104492,70.5,70.5,69.75,69.75,2333700
2020-07-02,45.17532730102539,72.0,72.0,70.5,70.75,6379400
2020-07-03,44.391029357910156,70.75,72.0,70.5,72.0,3177800
2020-07-07,44.07731246948242,70.25,71.75,70.0,71.5,4817000
2020-07-08,43.60673141479492,69.5,70.75,69.5,70.25,3900600
2020-07-09,43.76359558105469,69.75,70.25,69.5,70.0,4020400
2020-07-10,43.13615798950195,68.75,69.5,68.5,69.25,4487800
2020-07-13,41.41071701049805,66.0,69.0,66.0,68.75,10855100
2020-07-14,42.66558074951172,68.0,68.25,65.5,66.0,6520300
2020-07-15,44.23417282104492,70.5,70.75,68.25,68.75,7660300
2020-07-16,44.07731246948242,70.25,70.75,69.25,70.5,5146300
2020-07-17,44.23417282104492,70.5,70.75,69.5,70.0,3846800
2020-07-20,42.97929763793945,68.5,70.0,68.25,69.75,8614800
2020-07-21,43.293025970458984,69.0,69.75,68.5,68.75,5986700
2020-07-22,42.66558074951172,68.0,69.5,68.0,69.5,3161400
2020-07-23,42.97929763793945,68.5,68.75,68.0,68.25,3850900
2020-07-24,42.03814697265625,67.0,68.25,67.0,68.0,3624500
2020-07-29,40.783287048339844,65.0,67.75,65.0,67.25,10018200
2020-07-30,40.62641906738281,64.75,65.75,64.5,65.25,7023500
2020-07-31,40.783287048339844,65.0,65.75,64.5,64.75,5479900
2020-08-03,40.62641906738281,64.75,65.5,64.25,65.0,3129400
2020-08-04,42.03814697265625,67.0,67.0,65.25,65.25,4292100
2020-08-05,42.03814697265625,67.0,67.75,66.75,67.75,4002200
2020-08-06,41.88129425048828,66.75,67.75,66.75,67.25,2842800
2020-08-07,41.567569732666016,66.25,66.75,66.0,66.5,2697400
2020-08-10,40.94013977050781,65.25,66.5,65.25,66.0,2240700
2020-08-11,42.195011138916016,67.25,67.25,65.75,66.5,4146700
2020-08-13,44.07731246948242,70.25,70.25,68.0,68.0,11580600
2020-08-14,42.508724212646484,67.75,70.0,67.5,70.0,6288400
2020-08-17,41.88129425048828,66.75,68.0,66.25,68.0,4510400
2020-08-18,42.97929763793945,68.5,69.5,67.0,67.0,11162100
2020-08-19,41.88129425048828,66.75,68.5,66.25,68.5,10930800
2020-08-20,41.567569732666016,66.25,66.75,66.0,66.25,3142600
2020-08-21,41.25385665893555,65.75,66.75,65.75,66.5,2918800
2020-08-24,41.41071701049805,66.0,66.5,65.5,66.25,3584000
2020-08-25,42.66558074951172,68.0,68.0,66.25,66.75,7062000
2020-08-26,42.195011138916016,67.25,67.75,66.5,67.5,5216800
2020-08-27,42.195011138916016,67.25,67.75,67.0,67.25,3903000
2020-08-28,42.66558074951172,68.0,69.0,67.5,68.0,5188200
2020-08-31,42.195011138916016,67.25,68.75,67.0,68.5,3106900
2020-09-01,41.41071701049805,66.0,67.75,66.0,67.75,3706100
2020-09-02,42.03814697265625,67.0,67.0,65.75,66.0,1730500
2020-09-03,41.724430084228516,66.5,67.25,66.25,67.25,1503300
2020-09-08,41.25385665893555,65.75,66.25,65.25,66.0,2952600
2020-09-09,40.94013977050781,65.25,65.5,64.75,65.0,3465600
2020-09-10,40.94013977050781,65.25,66.0,65.25,65.5,1009800
2020-09-11,40.783287048339844,65.0,65.5,65.0,65.25,1970300
2020-09-14,40.31269836425781,64.25,65.25,64.0,65.0,3206100
2020-09-15,39.842124938964844,63.5,64.5,63.5,64.5,4697200
2020-09-16,39.998985290527344,63.75,64.25,63.0,63.5,4485700
2020-09-17,39.685264587402344,63.25,63.75,63.0,63.75,2453500
2020-09-18,40.62641906738281,64.75,64.75,63.5,63.75,3403200
2020-09-21,40.31269836425781,64.25,65.25,63.75,65.25,2868100
2020-09-22,39.528411865234375,63.0,64.0,63.0,63.75,3668500
2020-09-23,39.528411865234375,63.0,63.5,62.75,63.25,2845400
2020-09-24,39.685264587402344,63.25,63.5,62.75,63.0,3143400
2020-09-25,39.528411865234375,63.0,64.0,63.0,64.0,3113100
2020-09-28,40.783287048339844,65.0,65.25,63.0,63.5,5833300
2020-09-29,40.46956253051758,64.5,65.25,64.25,65.0,2756000
2020-09-30,39.998985290527344,63.75,64.75,63.5,64.5,3694200
2020-10-01,39.998985290527344,63.75,64.0,63.25,64.0,2115700
2020-10-02,39.37155532836914,62.75,63.5,62.25,63.5,3870000
2020-10-05,39.528411865234375,63.0,63.25,62.5,63.0,4295400
2020-10-06,40.46956253051758,64.5,64.75,63.25,63.75,6002900
2020-10-07,40.46956253051758,64.5,64.75,63.75,64.25,2979100
2020-10-08,40.94013977050781,65.25,65.75,64.75,65.0,7723700
2020-10-09,41.41071701049805,66.0,66.5,65.0,65.75,6317600
2020-10-12,42.97929763793945,68.5,68.75,66.5,66.5,10417200
2020-10-14,42.35186767578125,67.5,68.75,67.0,68.5,6272500
2020-10-15,41.25385665893555,65.75,67.25,65.0,66.5,5144600
2020-10-16,42.82244110107422,68.25,69.75,67.75,69.0,15201600
2020-10-19,42.66558074951172,68.0,68.25,66.5,67.75,8761000
2020-10-20,42.97929763793945,68.5,69.25,68.25,68.25,6687900
2020-10-21,43.60673141479492,69.5,69.75,68.75,69.0,7076900
2020-10-22,44.23417282104492,70.5,72.0,69.5,70.0,17294400
2020-10-26,44.07731246948242,70.25,70.75,69.0,70.5,6806600
2020-10-27,44.54789352416992,71.0,71.75,69.75,70.75,6631600
2020-10-28,44.391029357910156,70.75,71.25,70.25,70.75,4572700
2020-10-29,44.86160659790039,71.5,71.75,70.0,70.0,5561600
2020-10-30,44.391029357910156,70.75,71.75,69.75,71.5,7237600
2020-11-02,45.802757263183594,73.0,73.0,70.5,70.75,7417200
2020-11-03,45.332183837890625,72.25,73.0,71.5,73.0,7229100
2020-11-04,45.64590072631836,72.75,72.75,71.5,72.25,4476400
2020-11-05,46.273338317871094,73.75,74.0,72.75,73.0,6867600
2020-11-06,45.959617614746094,73.25,74.0,71.75,73.25,7252800
2020-11-09,46.9007682800293,74.75,75.25,73.5,74.0,6448100
2020-11-10,47.2144889831543,75.25,75.5,73.5,75.0,13215200
2020-11-11,46.58705139160156,74.25,76.5,73.75,76.25,11884400
2020-11-12,45.802757263183594,73.0,74.25,73.0,73.75,10080100
2020-11-13,47.05762481689453,75.0,75.75,72.5,73.5,19766800
2020-11-16,48.3125,77.0,77.5,75.25,75.75,12485700
2020-11-17,48.62621307373047,77.5,78.5,77.0,78.25,12228200
2020-11-18,49.25365447998047,78.5,79.25,77.0,77.25,10119200
2020-11-19,49.096797943115234,78.25,78.75,77.75,78.5,5700600
2020-11-20,50.03794860839844,79.75,79.75,78.25,78.5,8496800
2020-11-23,50.351661682128906,80.25,80.5,79.0,80.0,5840000
2020-11-24,49.7242317199707,79.25,81.0,79.25,80.5,4974200
2020-11-25,49.88108444213867,79.5,80.75,79.0,79.25,4582800
2020-11-26,50.50851821899414,80.5,80.5,79.25,79.5,5614200
2020-11-27,50.351661682128906,80.25,80.5,79.75,80.5,2709200
2020-11-30,49.25365447998047,78.5,80.0,78.5,79.5,9344300
2020-12-01,50.50851821899414,80.5,81.5,78.75,78.75,9148600
2020-12-02,51.292816162109375,81.75,82.0,80.25,80.5,5830600
2020-12-03,52.39082717895508,83.5,83.75,82.0,82.5,8528100
2020-12-04,54.27313232421875,86.5,86.75,83.25,83.5,14054100
2020-12-08,56.93973159790039,90.75,91.5,86.25,86.5,16328700
2020-12-09,57.880882263183594,92.25,93.75,91.0,91.0,14743100
2020-12-14,56.93973159790039,90.75,92.5,90.75,92.25,9003400
2020-12-15,56.782875061035156,90.5,91.5,88.25,90.75,9331800
2020-12-16,57.25345230102539,91.25,92.0,90.75,91.0,5294800
2020-12-17,56.62601089477539,90.25,91.5,90.25,91.0,5013100
2020-12-18,55.99856948852539,89.25,90.25,89.0,90.25,5860000
2020-12-21,53.802547454833984,85.75,88.75,85.75,87.0,15335300
2020-12-22,54.42998123168945,86.75,87.75,84.25,85.75,10223500
2020-12-23,54.11627960205078,86.25,88.5,86.25,87.0,5317200
2020-12-24,55.52800750732422,88.5,89.25,86.25,86.5,5606500
2020-12-25,56.31229782104492,89.75,90.5,88.5,88.75,4419000
2020-12-28,54.900569915771484,87.5,91.25,87.5,91.0,3790700
2020-12-29,56.31229782104492,89.75,90.0,87.5,88.0,3573600
2020-12-30,55.52800750732422,88.5,90.75,88.25,90.5,3433300
2021-01-04,55.52800750732422,88.5,89.75,87.0,87.0,3725400
2021-01-05,55.05742263793945,87.75,89.0,87.25,88.25,6314800
2021-01-06,56.15544128417969,89.5,90.25,87.75,88.0,7314900
2021-01-07,57.410308837890625,91.5,92.25,90.75,91.75,11754700
2021-01-08,56.93973159790039,90.75,92.25,89.75,92.0,9321800
2021-01-11,56.782875061035156,90.5,90.75,89.0,90.25,6335000
2021-01-12,56.62601089477539,90.25,90.75,89.5,90.5,5232700
2021-01-13,56.93973159790039,90.75,92.0,90.5,90.75,6236800
2021-01-14,59.60633087158203,95.0,96.5,91.5,92.0,18993000
2021-01-15,58.6651725769043,93.5,95.25,93.0,95.0,7980800
2021-01-18,57.56716537475586,91.75,93.25,91.0,93.0,4681100
2021-01-19,58.97889709472656,94.0,95.0,93.5,93.5,7223600
2021-01-20,58.97889709472656,94.0,94.75,93.5,94.75,3897800
2021-01-21,59.60633087158203,95.0,95.75,94.25,94.5,8125700
2021-01-22,60.390628814697266,96.25,99.75,95.0,95.0,18670700
2021-01-25,59.76319885253906,95.25,96.25,94.0,96.25,6055100
2021-01-26,59.920047760009766,95.5,96.5,94.0,95.5,7054600
2021-01-27,58.97889709472656,94.0,95.75,94.0,95.5,5428600
2021-01-28,58.03773880004883,92.5,94.25,92.25,93.5,5861500
2021-01-29,57.880882263183594,92.25,93.25,91.25,93.25,7706500
2021-02-01,58.8220329284668,93.75,94.0,91.25,91.5,4224300
2021-02-02,58.194610595703125,92.75,94.5,92.5,94.0,3501000
2021-02-03,58.8220329284668,93.75,94.75,93.25,94.0,5374300
2021-02-04,58.6651725769043,93.5,94.25,92.25,94.25,5281500
2021-02-05,59.13574981689453,94.25,94.75,93.5,94.0,6235200
2021-02-08,59.920047760009766,95.5,96.0,94.25,94.25,8484100
2021-02-09,59.60633087158203,95.0,96.25,94.75,96.0,6296200
2021-02-10,58.97889709472656,94.0,95.0,93.75,95.0,6965200
2021-02-11,58.35145568847656,93.0,94.0,92.25,94.0,7387400
2021-02-15,57.56716537475586,91.75,93.25,91.5,93.0,8602900
2021-02-16,57.880882263183594,92.25,93.0,91.5,92.5,10522900
2021-02-17,57.880882263183594,92.25,93.25,92.25,92.25,6173700
2021-02-18,57.25345230102539,91.25,92.5,91.0,92.25,7937800
2021-02-19,56.93973159790039,90.75,91.5,90.25,91.0,6322600
2021-02-22,56.31229782104492,89.75,91.25,89.5,90.75,4952000
2021-02-23,56.93973159790039,90.75,91.25,90.0,90.0,4055600
2021-02-24,56.62601089477539,90.25,91.25,89.75,90.75,3627100
2021-02-25,59.60633087158203,95.0,96.0,93.5,93.5,19943200
2021-03-01,59.60633087158203,95.0,96.25,94.75,95.0,9719600
2021-03-02,59.76319885253906,95.25,96.25,95.25,95.75,5997900
2021-03-03,60.390628814697266,96.25,97.0,95.25,95.75,6868100
2021-03-04,59.920047760009766,95.5,97.0,95.5,96.25,6635000
2021-03-05,61.018062591552734,97.25,98.0,95.0,95.0,10195300
2021-03-08,61.018062591552734,97.25,98.5,97.25,98.0,5387700
2021-03-09,60.704349517822266,96.75,98.25,96.5,97.5,7553900
2021-03-10,61.018062591552734,97.25,97.75,96.25,97.5,5113300
2021-03-11,61.018062591552734,97.25,98.25,97.0,97.5,4543300
2021-03-12,61.174922943115234,97.5,98.5,97.25,97.5,6318400
2021-03-15,61.018062591552734,97.25,97.75,97.0,97.5,4192500
2021-03-16,61.174922943115234,97.5,98.0,97.25,97.5,2742200
2021-03-17,61.018062591552734,97.25,97.75,97.0,97.5,3837400
2021-03-18,60.704349517822266,96.75,98.0,96.5,97.75,7314400
2021-03-19,60.547489166259766,96.5,97.0,96.5,96.75,4670600
2021-03-22,60.233768463134766,96.0,96.75,95.5,96.25,5375100
2021-03-23,60.704349517822266,96.75,97.5,96.0,96.0,5890400
2021-03-24,60.547489166259766,96.5,97.0,96.25,96.5,3254500
2021-03-25,60.861202239990234,97.0,97.75,96.25,96.5,5347600
2021-03-26,60.861202239990234,97.0,97.75,96.5,97.0,3124000
2021-03-29,60.704349517822266,96.75,97.25,96.75,97.0,3238900
2021-03-30,60.704349517822266,96.75,97.25,96.25,97.0,5955700
2021-03-31,61.018062591552734,97.25,97.5,96.5,96.75,3746600
2021-04-01,61.48863220214844,98.0,98.5,97.25,97.5,8024600
2021-04-02,61.64549255371094,98.25,98.75,98.0,98.25,3255700
2021-04-05,61.33177185058594,97.75,98.5,97.5,98.25,3688100
2021-04-07,61.80235290527344,98.5,98.75,97.25,97.5,6003800
2021-04-08,61.33177185058594,97.75,100.5,97.5,98.5,15214100
2021-04-09,61.64549255371094,98.25,99.0,97.75,98.0,5042100
2021-04-12,61.80235290527344,98.5,98.75,97.75,98.25,5109500
2021-04-16,61.174922943115234,97.5,98.5,97.0,98.25,14034900
2021-04-19,61.80235290527344,98.5,99.25,97.25,97.5,8950500
2021-04-20,63.37093734741211,101.0,101.5,98.5,98.75,18187300
2021-04-21,63.998374938964844,102.0,102.5,100.5,101.0,11952800
2021-04-22,63.37093734741211,101.0,102.5,101.0,102.5,7348900
2021-04-23,63.37093734741211,101.0,102.0,100.5,101.5,7459900
2021-04-26,63.37093734741211,101.0,101.5,100.0,100.5,7776300
2021-04-27,63.05723190307617,100.5,101.5,100.0,101.0,13219700
2021-04-28,61.58454895019531,92.0,93.75,91.75,93.5,22772400
2021-04-29,61.24985122680664,91.5,93.25,91.5,92.25,12677000
2021-04-30,61.919246673583984,92.5,92.75,91.5,91.75,6678100
2021-05-05,59.91105270385742,89.5,92.5,89.5,92.5,13215400
2021-05-06,59.74369430541992,89.25,90.5,89.25,89.75,7232700
2021-05-07,59.74369430541992,89.25,89.75,89.0,89.25,8769700
2021-05-10,59.40901184082031,88.75,90.0,88.75,89.75,9032300
2021-05-11,58.73960876464844,87.75,88.75,87.5,88.5,8754000
2021-05-12,57.90286636352539,86.5,87.25,86.25,87.25,6370200
2021-05-13,57.90286636352539,86.5,86.5,85.0,85.75,11305700
2021-05-14,57.90286636352539,86.5,88.0,86.0,86.5,6566900
2021-05-17,58.404911041259766,87.25,87.5,86.25,86.5,6797600
2021-05-18,58.57225799560547,87.5,88.25,87.0,88.25,5725600
2021-05-19,58.23755645751953,87.0,88.25,86.75,87.5,4942200
2021-05-20,58.404911041259766,87.25,87.75,86.5,87.0,3350100
2021-05-21,58.23755645751953,87.0,87.5,86.75,87.0,2443000
2021-05-24,58.73960876464844,87.75,88.0,87.0,87.25,2152200
2021-05-25,59.57635498046875,89.0,89.75,88.0,88.25,6533300
2021-05-27,60.41310501098633,90.25,90.5,89.5,90.0,6418500
2021-05-28,59.91105270385742,89.5,90.5,89.0,90.25,3885600
2021-05-31,59.57635498046875,89.0,89.75,89.0,89.25,2291500
2021-06-01,60.078407287597656,89.75,90.0,89.25,89.25,2554300
2021-06-02,60.078407287597656,89.75,90.5,89.5,90.25,2962300
2021-06-04,60.078407287597656,89.75,90.25,89.25,89.75,4092500
2021-06-07,59.91105270385742,89.5,89.75,89.0,89.5,4975500
2021-06-08,59.74369430541992,89.25,89.75,89.0,89.5,3605200
2021-06-09,59.74369430541992,89.25,90.0,89.0,89.25,6128200
2021-06-10,59.74369430541992,89.25,90.5,89.0,89.5,4856800
2021-06-11,60.91515350341797,91.0,91.0,89.25,89.75,9012600
2021-06-14,60.747806549072266,90.75,92.0,90.5,92.0,5377500
2021-06-15,59.74369430541992,89.25,90.75,89.0,90.5,6939800
2021-06-16,59.74369430541992,89.25,90.0,89.0,89.0,3756000
2021-06-17,59.74369430541992,89.25,90.0,89.0,89.5,3176900
2021-06-18,60.91515350341797,91.0,91.25,89.5,89.75,7681600
2021-06-21,59.91105270385742,89.5,90.25,89.0,89.75,3802100
2021-06-22,59.74369430541992,89.25,90.5,89.0,90.0,3790600
2021-06-23,59.40901184082031,88.75,89.75,88.5,89.75,3485000
2021-06-24,59.57635498046875,89.0,89.25,87.75,88.75,5294600
2021-06-25,59.57635498046875,89.0,89.75,88.75,89.5,1938000
2021-06-28,59.24166488647461,88.5,89.0,88.5,88.75,3172100
2021-06-29,59.24166488647461,88.5,89.5,88.25,88.5,2454200
2021-06-30,59.24166488647461,88.5,89.25,88.25,88.75,3038900
2021-07-01,61.919246673583984,92.5,92.75,88.5,88.5,16635700
2021-07-02,60.747806549072266,90.75,92.25,90.75,92.25,8511500
2021-07-05,59.91105270385742,89.5,91.0,88.75,90.75,4673300
2021-07-06,61.41719436645508,91.75,92.0,89.5,89.5,6376400
2021-07-07,61.24985122680664,91.5,92.0,91.0,91.5,4452600
2021-07-08,59.91105270385742,89.5,90.75,88.75,90.5,9051600
2021-07-09,59.91105270385742,89.5,90.0,89.0,89.25,6593900
2021-07-12,61.24985122680664,91.5,91.5,89.5,89.75,5472400
2021-07-13,61.919246673583984,92.5,92.5,91.5,92.25,6187200
2021-07-14,61.919246673583984,92.5,92.5,91.25,92.25,3916900
2021-07-15,61.24985122680664,91.5,95.5,91.5,93.25,17778100
2021-07-16,60.91515350341797,91.0,92.0,90.75,92.0,4803600
2021-07-19,59.91105270385742,89.5,90.5,89.5,90.0,4737700
2021-07-20,59.40901184082031,88.75,90.0,88.5,89.5,5159600
2021-07-21,58.57225799560547,87.5,89.25,87.0,88.75,5970000
2021-07-22,59.07430648803711,88.25,89.0,87.5,88.0,3373400
2021-07-23,58.90695571899414,88.0,88.75,88.0,88.5,1899800
2021-07-27,59.24166488647461,88.5,89.0,87.5,88.25,3301800
2021-07-29,58.90695571899414,88.0,88.75,87.5,88.5,4381000
2021-07-30,58.90695571899414,88.0,88.0,87.0,87.75,3586800
2021-08-02,58.90695571899414,88.0,88.0,87.25,87.5,1666400
2021-08-03,59.57635498046875,89.0,89.5,87.75,87.75,3846800
2021-08-04,59.40901184082031,88.75,89.25,88.25,89.0,2133000
2021-08-05,59.07430648803711,88.25,89.0,88.0,88.75,3256900
2021-08-06,58.90695571899414,88.0,88.5,87.5,88.0,2979800
2021-08-09,59.57635498046875,89.0,89.5,87.75,88.25,3042900
2021-08-10,58.90695571899414,88.0,89.25,88.0,89.0,1914000
2021-08-11,59.40901184082031,88.75,89.25,88.25,88.5,1908600
2021-08-13,59.07430648803711,88.25,89.0,88.0,88.25,1875500
2021-08-16,59.57635498046875,89.0,89.25,88.25,88.25,2086600
2021-08-17,59.57635498046875,89.0,89.75,88.75,89.5,4178000
2021-08-18,59.74369430541992,89.25,89.5,89.0,89.25,1887800
2021-08-19,59.74369430541992,89.25,89.75,89.0,89.0,2441000
2021-08-20,60.747806549072266,90.75,91.25,89.5,89.75,7807600
2021-08-23,61.919246673583984,92.5,93.0,91.5,91.75,8280500
2021-08-24,62.086612701416016,92.75,93.5,92.5,93.25,5602300
2021-08-25,63.0906982421875,94.25,94.5,93.0,93.25,7455500
2021-08-26,62.75600051879883,93.75,94.0,92.75,93.75,3536900
2021-08-27,62.923343658447266,94.0,94.75,93.0,93.5,5877100
2021-08-30,62.75600051879883,93.75,95.0,93.5,94.5,6468600
2021-08-31,62.923343658447266,94.0,94.25,93.5,93.5,2750700
2021-09-01,62.253944396972656,93.0,94.25,92.75,94.0,3620100
2021-09-02,62.75600051879883,93.75,94.0,92.5,92.5,2774800
2021-09-03,62.086612701416016,92.75,93.75,92.5,93.75,3717200
2021-09-06,61.41719436645508,91.75,92.75,91.5,92.75,2840600
2021-09-07,61.08250427246094,91.25,92.75,91.25,91.75,2658600
2021-09-08,61.58454895019531,92.0,92.25,91.25,91.5,2099300
2021-09-09,61.24985122680664,91.5,92.0,91.0,91.75,3359400
2021-09-10,61.41719436645508,91.75,92.25,91.0,91.25,2616800
2021-09-13,61.75189971923828,92.25,92.5,91.5,91.75,1644400
2021-09-14,62.086612701416016,92.75,93.25,92.5,92.5,1860400
2021-09-15,61.58454895019531,92.0,92.75,92.0,92.25,1739900
2021-09-16,61.919246673583984,92.5,93.25,92.25,92.25,3447600
2021-09-17,61.75189971923828,92.25,93.25,92.0,92.75,4995700
2021-09-20,61.41719436645508,91.75,92.5,91.25,91.5,4530000
2021-09-21,62.58864212036133,93.5,94.0,91.75,92.0,9506600
2021-09-22,61.75189971923828,92.25,93.5,91.25,93.25,8311800
2021-09-23,62.086612701416016,92.75,93.25,92.25,93.0,3360600
2021-09-27,62.253944396972656,93.0,94.5,91.75,93.0,5496400
2021-09-28,61.75189971923828,92.25,93.5,92.0,93.0,2218800
2021-09-29,61.919246673583984,92.5,93.25,91.0,91.75,5408900
2021-09-30,61.41719436645508,91.75,93.0,91.5,92.5,3022800
2021-10-01,61.41719436645508,91.75,92.0,91.5,91.75,1832700
2021-10-04,61.75189971923828,92.25,92.5,91.5,91.75,942800
2021-10-05,61.919246673583984,92.5,92.75,91.75,92.0,2056200
2021-10-06,61.58454895019531,92.0,92.75,91.75,92.5,1706600
2021-10-07,62.086612701416016,92.75,93.25,92.0,92.0,3012200
2021-10-08,62.421295166015625,93.25,94.25,92.5,93.0,5381100
2021-10-11,61.75189971923828,92.25,93.75,92.0,93.5,3701800
2021-10-12,62.253944396972656,93.0,93.0,92.25,92.5,2799800
2021-10-14,61.919246673583984,92.5,93.5,92.25,93.0,2699400
2021-10-15,62.421295166015625,93.25,94.0,92.5,92.5,6047800
2021-10-18,62.253944396972656,93.0,93.5,92.75,93.0,2245600
2021-10-19,62.253944396972656,93.0,94.5,92.25,93.5,7840600
2021-10-20,61.75189971923828,92.25,92.75,92.25,92.75,4871100
2021-10-21,62.253944396972656,93.0,93.5,92.0,92.5,6434300
2021-10-25,62.086612701416016,92.75,93.75,92.5,93.25,3079300
2021-10-26,61.58454895019531,92.0,93.0,91.75,92.75,4869800
2021-10-27,61.41719436645508,91.75,92.25,91.5,92.0,2638000
2021-10-28,61.24985122680664,91.5,92.5,91.5,91.5,5797200
2021-10-29,61.75189971923828,92.25,92.25,91.25,91.75,2943800
2021-11-01,61.58454895019531,92.0,92.5,91.75,92.25,1390500
2021-11-02,61.08250427246094,91.25,92.25,91.25,92.0,7722500
2021-11-03,60.91515350341797,91.0,91.75,91.0,91.5,2031700
2021-11-04,61.58454895019531,92.0,92.5,91.0,91.25,6169200
2021-11-05,61.24985122680664,91.5,92.0,91.25,91.5,2355000
2021-11-08,61.41719436645508,91.75,92.5,91.5,92.0,2030300
2021-11-09,61.75189971923828,92.25,92.5,91.5,92.0,3009600
2021-11-10,61.919246673583984,92.5,92.5,91.5,91.75,1769100
2021-11-11,61.58454895019531,92.0,92.5,91.75,92.25,2644300
2021-11-12,61.58454895019531,92.0,92.75,91.75,92.5,1726700
2021-11-15,62.253944396972656,93.0,93.25,92.25,92.5,4859700
2021-11-16,61.75189971923828,92.25,93.25,92.0,93.0,3926100
2021-11-17,61.919246673583984,92.5,93.0,92.25,92.25,3963200
2021-11-18,62.253944396972656,93.0,93.25,92.5,92.75,2822300
2021-11-19,61.919246673583984,92.5,93.25,92.5,93.0,2623000
2021-11-22,62.253944396972656,93.0,93.0,92.5,92.75,1682500
2021-11-23,62.086612701416016,92.75,93.25,92.75,93.0,2440600
2021-11-24,62.421295166015625,93.25,93.5,92.5,92.75,5869500
2021-11-25,61.41719436645508,91.75,93.5,91.25,93.25,8871200
2021-11-26,60.41310501098633,90.25,91.5,90.0,91.5,11081300
2021-11-29,59.91105270385742,89.5,90.5,89.0,89.0,5908700
2021-11-30,60.078407287597656,89.75,90.5,89.0,90.25,8664500
2021-12-01,60.078407287597656,89.75,90.25,89.0,89.5,4306400
2021-12-02,60.078407287597656,89.75,90.25,89.5,89.75,1669300
2021-12-03,60.747806549072266,90.75,91.0,90.25,90.5,2413300
2021-12-07,61.41719436645508,91.75,92.0,90.5,91.0,4421600
2021-12-08,61.24985122680664,91.5,92.0,91.25,92.0,2790900
2021-12-09,61.58454895019531,92.0,92.25,91.25,91.25,2634000
2021-12-13,61.24985122680664,91.5,92.5,91.5,92.0,3812500
2021-12-14,61.58454895019531,92.0,92.25,91.25,91.25,4540100
2021-12-15,61.41719436645508,91.75,92.5,91.5,91.75,3450100
2021-12-16,62.086612701416016,92.75,93.0,92.0,92.25,4828800
2021-12-17,62.253944396972656,93.0,93.0,92.25,92.75,2915800
2021-12-20,61.58454895019531,92.0,93.0,91.75,92.5,3956200
2021-12-21,62.253944396972656,93.0,93.5,92.25,92.25,3861800
2021-12-22,62.58864212036133,93.5,94.0,93.25,93.25,3626800
2021-12-23,63.25803756713867,94.5,94.5,93.75,94.0,4745600
2021-12-24,63.0906982421875,94.25,94.75,94.0,94.5,1320600
2021-12-27,63.0906982421875,94.25,94.75,94.0,94.5,2977900
2021-12-28,63.760093688964844,95.25,95.25,94.5,94.5,4318300
2021-12-29,64.09477996826172,95.75,96.5,95.25,95.25,6105500
2021-12-30,64.26213836669922,96.0,96.0,95.5,95.75,2895600
2022-01-04,65.93563079833984,98.5,99.0,96.5,97.0,10442000
2022-01-05,66.10298919677734,98.75,99.25,98.0,98.5,7079200
2022-01-06,65.4335708618164,97.75,98.75,97.0,98.75,6882100
2022-01-07,65.26624298095703,97.5,98.0,96.5,97.5,11204300
2022-01-10,65.6009292602539,98.0,98.75,97.5,97.75,4131900
2022-01-11,65.76828002929688,98.25,98.5,97.5,98.0,2184800
2022-01-12,65.76828002929688,98.25,98.75,98.0,98.5,3013600
2022-01-13,65.76828002929688,98.25,99.0,98.0,98.5,4789500
2022-01-14,66.27033233642578,99.0,100.0,98.75,99.0,9785900
2022-01-17,66.10298919677734,98.75,99.0,98.0,99.0,4466100
2022-01-18,65.76828002929688,98.25,99.0,98.25,98.25,3676000
2022-01-19,65.09889221191406,97.25,99.0,97.25,98.5,7967500
2022-01-20,65.26624298095703,97.5,98.0,97.0,97.25,3539500
2022-01-21,64.93153381347656,97.0,97.5,96.5,97.0,5392000
2022-01-24,65.09889221191406,97.25,97.75,96.0,96.5,4644900
2022-01-25,65.76828002929688,98.25,98.5,97.0,97.25,5838100
2022-01-26,65.76828002929688,98.25,99.25,98.0,98.5,8729200
2022-01-27,66.10298919677734,98.75,99.25,97.5,97.75,5884900
2022-01-28,65.6009292602539,98.0,99.0,97.5,98.75,5352100
2022-01-31,66.10298919677734,98.75,99.0,98.25,98.5,3934700
2022-02-01,65.93563079833984,98.5,99.0,98.5,99.0,2748600
2022-02-02,65.76828002929688,98.25,98.75,98.0,98.5,3004300
2022-02-03,65.6009292602539,98.0,98.25,98.0,98.25,3791200
2022-02-04,65.76828002929688,98.25,98.5,98.0,98.0,3046400
2022-02-07,65.76828002929688,98.25,98.75,98.0,98.25,4797300
2022-02-08,65.76828002929688,98.25,99.0,98.0,98.25,5321600
2022-02-09,66.27033233642578,99.0,100.5,98.75,98.75,14186700
2022-02-10,65.76828002929688,98.25,99.0,98.0,98.75,11449400
2022-02-11,66.27033233642578,99.0,99.5,98.25,98.25,4906500
2022-02-14,66.10298919677734,98.75,99.0,98.25,98.5,4056000
2022-02-15,66.43768310546875,99.25,99.5,98.25,99.0,5824500
2022-02-17,66.10298919677734,98.75,99.25,98.25,99.0,11107400
2022-02-18,65.6009292602539,98.0,98.5,97.25,98.5,8115800
2022-02-21,65.76828002929688,98.25,98.75,98.0,98.25,3648400
2022-02-22,65.09889221191406,97.25,98.25,97.0,98.0,9163100
2022-02-23,65.6009292602539,98.0,98.25,97.5,97.5,2928000
2022-02-24,64.93153381347656,97.0,97.75,96.75,97.5,8862300
2022-02-25,65.26624298095703,97.5,97.75,97.0,97.5,3525500
2022-02-28,65.4335708618164,97.75,98.0,97.25,97.5,5396900
2022-03-01,65.76828002929688,98.25,99.5,98.0,99.0,8679300
2022-03-02,65.6009292602539,98.0,98.75,97.75,98.5,5032000
2022-03-03,65.93563079833984,98.5,98.75,98.25,98.25,3854900
2022-03-04,65.93563079833984,98.5,99.25,98.25,98.5,5791700
2022-03-07,65.6009292602539,98.0,98.5,97.5,98.0,12397100
2022-03-08,65.26624298095703,97.5,98.25,96.0,97.5,13678600
2022-03-09,65.6009292602539,98.0,98.25,97.0,97.5,6756900
2022-03-10,65.4335708618164,97.75,99.0,97.75,98.25,5527800
2022-03-11,65.4335708618164,97.75,98.25,97.25,97.75,4821400
2022-03-14,65.4335708618164,97.75,98.25,97.25,97.75,4338000
2022-03-15,65.93563079833984,98.5,98.75,97.75,97.75,8176300
2022-03-16,66.60502624511719,99.5,99.5,98.5,98.75,8909600
2022-03-17,66.93972778320312,100.0,100.5,99.5,100.0,10246600
2022-03-18,66.60502624511719,99.5,100.5,99.5,100.0,7707100
2022-03-21,66.43768310546875,99.25,100.0,99.0,99.5,3245800
2022-03-22,66.27033233642578,99.0,99.75,98.5,99.0,5077600
2022-03-23,66.27033233642578,99.0,99.75,99.0,99.5,2922800
2022-03-24,66.60502624511719,99.5,99.75,99.0,99.0,2862800
2022-03-25,66.77237701416016,99.75,100.5,99.5,99.75,3029700
2022-03-28,66.77237701416016,99.75,100.0,99.5,99.75,1919500
2022-03-29,66.93972778320312,100.0,101.0,99.75,100.0,3507900
2022-03-30,67.2744369506836,100.5,101.0,100.0,100.5,3736000
2022-03-31,67.2744369506836,100.5,101.0,100.0,101.0,1244700
2022-04-01,67.2744369506836,100.5,101.0,100.0,100.5,1344600
2022-04-04,67.2744369506836,100.5,101.0,100.0,100.5,2315100
2022-04-05,67.2744369506836,100.5,101.5,100.5,101.0,2582600
2022-04-07,67.60912322998047,101.0,101.0,100.0,100.5,4191700
2022-04-08,66.93972778320312,100.0,101.0,100.0,100.5,2623400
2022-04-11,66.93972778320312,100.0,100.5,99.75,100.0,4167300
2022-04-12,66.77237701416016,99.75,100.5,99.75,100.0,3891000
2022-04-18,66.93972778320312,100.0,100.5,99.5,100.0,4472900
2022-04-19,66.93972778320312,100.0,100.5,99.75,100.5,5314400
2022-04-20,67.2744369506836,100.5,100.5,100.0,100.5,5250700
2022-04-21,67.94381713867188,101.5,101.5,100.5,100.5,5606100
2022-04-22,67.94381713867188,101.5,101.5,100.5,101.0,3561400
2022-04-25,67.60912322998047,101.0,101.5,100.5,101.0,6560600
2022-04-26,66.93972778320312,100.0,101.5,100.0,101.0,7382800
2022-04-27,66.27033233642578,99.0,100.5,98.75,100.0,12219600
2022-04-28,66.60502624511719,99.5,99.75,99.0,99.25,13817300
2022-04-29,65.45106506347656,90.75,91.75,90.0,90.0,13917700
2022-05-03,65.99199676513672,91.5,92.5,91.25,91.25,9043000
2022-05-05,65.63137817382812,91.0,92.0,90.75,92.0,4520800
2022-05-06,65.0904541015625,90.25,90.75,90.0,90.25,4551200
2022-05-09,64.36923217773438,89.25,90.5,89.25,90.0,5413500
2022-05-10,65.27075958251953,90.5,90.5,89.25,89.25,5949400
2022-05-11,64.5495376586914,89.5,90.5,89.25,90.5,5841200
2022-05-12,64.7298355102539,89.75,90.25,89.5,89.5,6793100
2022-05-13,64.36923217773438,89.25,90.0,89.0,90.0,4067300
2022-05-17,64.36923217773438,89.25,89.75,89.0,89.25,5900500
2022-05-18,65.0904541015625,90.25,90.5,89.0,89.25,4518400
2022-05-19,64.5495376586914,89.5,89.75,89.0,89.5,3156000
2022-05-20,64.5495376586914,89.5,90.25,89.5,90.0,3509400
2022-05-23,64.91014862060547,90.0,90.0,89.5,89.75,2476000
2022-05-24,64.5495376586914,89.5,90.0,89.5,90.0,2119100
2022-05-25,64.5495376586914,89.5,90.25,89.5,89.75,2638700
2022-05-26,64.7298355102539,89.75,90.25,89.5,89.5,2852400
2022-05-27,64.7298355102539,89.75,90.75,89.5,90.0,5825500
2022-05-30,65.81168365478516,91.25,92.0,90.0,90.0,10078900
2022-05-31,66.17229461669922,91.75,91.75,91.0,91.25,3575300
2022-06-01,65.81168365478516,91.25,92.0,91.0,91.75,2207300
2022-06-02,65.45106506347656,90.75,91.25,90.25,91.25,3030400
2022-06-06,65.0904541015625,90.25,90.75,90.0,90.5,1816000
2022-06-07,64.91014862060547,90.0,90.25,89.75,90.25,2491100
2022-06-08,64.7298355102539,89.75,90.5,89.5,90.25,4104200
2022-06-09,64.91014862060547,90.0,90.5,89.5,89.5,7402200
2022-06-10,64.5495376586914,89.5,90.25,89.5,90.0,5447900
2022-06-13,64.7298355102539,89.75,90.25,89.25,89.25,4670200
2022-06-14,64.5495376586914,89.5,90.0,89.25,89.75,3824900
2022-06-15,64.5495376586914,89.5,90.75,89.5,89.75,4474400
2022-06-16,64.36923217773438,89.25,90.5,89.25,90.25,4377300
2022-06-17,64.7298355102539,89.75,89.75,89.0,89.5,5714300
2022-06-20,64.18893432617188,89.0,89.75,88.75,89.75,2268300
2022-06-21,64.18893432617188,89.0,89.5,89.0,89.0,3285500
2022-06-22,64.00862884521484,88.75,89.25,88.5,89.0,4742000
2022-06-23,64.18893432617188,89.0,89.75,89.0,89.0,3308900
2022-06-24,64.5495376586914,89.5,89.75,89.0,89.5,2672400
2022-06-27,64.5495376586914,89.5,90.25,89.5,90.0,3077000
2022-06-28,64.5495376586914,89.5,89.5,89.25,89.25,1547700
2022-06-29,64.00862884521484,88.75,89.25,88.5,89.25,3560300
2022-06-30,63.828311920166016,88.5,89.25,88.5,88.5,3427800
2022-07-01,63.828311920166016,88.5,89.0,88.5,88.75,1965900
2022-07-04,63.46770095825195,88.0,88.75,88.0,88.5,3949500
2022-07-05,62.74647903442383,87.0,88.5,87.0,88.0,3531200
2022-07-06,62.5661735534668,86.75,87.5,86.25,87.0,5237600
2022-07-07,62.5661735534668,86.75,87.5,86.25,87.25,5218800
2022-07-08,62.38587188720703,86.5,87.0,86.25,86.75,4099700
2022-07-11,62.38587188720703,86.5,87.5,86.5,86.5,3873800
2022-07-12,62.5661735534668,86.75,87.0,86.5,86.75,2331400
2022-07-14,62.20556640625,86.25,86.75,86.0,86.5,5742400
2022-07-15,62.5661735534668,86.75,87.0,86.0,86.25,4216100
2022-07-18,62.92678451538086,87.25,87.75,86.75,87.0,5563700
2022-07-19,62.38587188720703,86.5,87.5,86.25,87.5,6249200
2022-07-20,62.38587188720703,86.5,87.0,86.5,86.75,2713400
2022-07-21,63.648006439208984,88.25,88.5,86.5,86.75,6172700
2022-07-22,63.287391662597656,87.75,88.5,87.5,88.25,2928400
2022-07-25,64.00862884521484,88.75,89.0,87.75,88.0,3262300
2022-07-26,63.828311920166016,88.5,89.25,88.25,88.75,4123500
2022-07-27,63.828311920166016,88.5,88.75,88.25,88.5,3036300
2022-08-01,64.36923217773438,89.25,89.75,88.75,88.75,3996600
2022-08-02,64.5495376586914,89.5,90.0,89.0,89.0,3178000
2022-08-03,64.18893432617188,89.0,89.75,88.75,89.5,1763600
2022-08-04,64.18893432617188,89.0,89.5,88.5,89.0,2630500
2022-08-05,64.5495376586914,89.5,89.75,89.25,89.25,3243000
2022-08-08,64.36923217773438,89.25,89.75,89.0,89.5,3838600
2022-08-09,64.36923217773438,89.25,90.0,89.25,89.25,2961600
2022-08-10,64.91014862060547,90.0,90.25,89.25,89.25,5154600
2022-08-11,64.91014862060547,90.0,90.5,90.0,90.25,3505300
2022-08-15,65.63137817382812,91.0,91.5,90.25,90.5,4166500
2022-08-16,65.63137817382812,91.0,91.5,91.0,91.5,4047500
2022-08-17,66.17229461669922,91.75,91.75,90.75,91.0,3594800
2022-08-18,66.35260009765625,92.0,92.5,91.5,91.5,3856000
2022-08-19,66.71321868896484,92.5,92.75,92.0,92.25,4160600
2022-08-22,66.17229461669922,91.75,92.5,91.5,92.5,3353700
2022-08-23,66.71321868896484,92.5,92.75,91.25,91.5,4182500
2022-08-24,67.25413513183594,93.25,93.5,92.25,92.25,4434400
2022-08-25,67.25413513183594,93.25,93.75,93.0,93.75,1354100
2022-08-26,67.07382202148438,93.0,93.75,93.0,93.25,2738700
2022-08-29,66.71321868896484,92.5,93.0,91.5,91.75,2949900
2022-08-30,66.89352416992188,92.75,93.25,92.5,92.5,2514700
2022-08-31,67.61474609375,93.75,93.75,92.75,93.0,3267500
2022-09-01,67.07382202148438,93.0,93.75,92.5,93.25,2881500
2022-09-02,66.71321868896484,92.5,93.25,92.0,93.0,2544800
2022-09-05,67.25413513183594,93.25,93.25,92.25,92.5,2063200
2022-09-06,66.71321868896484,92.5,93.75,92.5,93.25,1501900
2022-09-07,66.71321868896484,92.5,93.0,92.25,92.75,2446500
2022-09-08,66.53291320800781,92.25,93.0,92.25,92.75,2000400
2022-09-09,66.71321868896484,92.5,93.0,92.5,92.5,1542900
2022-09-12,67.79505157470703,94.0,94.25,92.5,92.75,3193200
2022-09-13,67.61474609375,93.75,94.25,93.75,94.0,1704900
2022-09-14,67.43443298339844,93.5,94.0,93.0,93.0,2911500
2022-09-15,67.43443298339844,93.5,94.25,93.5,94.0,2902300
2022-09-16,67.61474609375,93.75,94.0,93.5,93.5,3605900
2022-09-19,68.69657897949219,95.25,95.5,94.0,94.0,4603300
2022-09-20,68.51627349853516,95.0,96.0,95.0,96.0,3020000
2022-09-21,68.33597564697266,94.75,95.25,94.25,94.75,2523000
2022-09-22,68.87687683105469,95.5,96.0,94.75,94.75,4212800
2022-09-23,68.1556625366211,94.5,96.0,94.5,95.25,3736900
2022-09-26,67.79505157470703,94.0,94.75,94.0,94.5,2768700
2022-09-27,67.43443298339844,93.5,94.5,93.25,94.0,3366200
2022-09-28,67.61474609375,93.75,94.25,93.0,93.5,3638200
2022-09-29,67.61474609375,93.75,94.75,93.75,94.5,3000100
2022-09-30,66.89352416992188,92.75,93.75,91.75,93.5,6335900
2022-10-03,65.99199676513672,91.5,92.75,91.25,92.75,4251600
2022-10-04,66.17229461669922,91.75,92.75,91.75,92.5,6227400
2022-10-05,66.53291320800781,92.25,92.75,91.5,91.75,3067000
2022-10-06,68.1556625366211,94.5,95.0,92.75,93.0,6048000
2022-10-07,67.79505157470703,94.0,94.5,93.25,94.5,3792600
2022-10-10,67.07382202148438,93.0,93.25,92.75,93.0,2023100
2022-10-11,66.89352416992188,92.75,93.5,92.75,93.5,2220100
2022-10-12,67.61474609375,93.75,94.0,92.75,93.0,2856600
2022-10-17,67.61474609375,93.75,94.25,92.75,94.0,4382100
2022-10-18,67.79505157470703,94.0,94.25,93.25,94.25,4758000
2022-10-19,67.97535705566406,94.25,94.5,93.5,94.0,2830200
2022-10-20,68.69657897949219,95.25,95.25,93.75,94.0,6130000
2022-10-21,68.87687683105469,95.5,95.75,95.0,95.25,3421300
2022-10-25,68.87687683105469,95.5,96.0,94.5,95.25,2645200
2022-10-26,69.05718994140625,95.75,95.75,95.25,95.75,1871800
2022-10-27,69.23749542236328,96.0,96.0,95.5,96.0,2368800
2022-10-28,68.69657897949219,95.25,95.75,95.0,95.75,3805200
2022-10-31,69.23749542236328,96.0,96.5,95.75,96.0,2494500
2022-11-01,69.23749542236328,96.0,96.5,96.0,96.5,2382800
2022-11-02,69.7784194946289,96.75,96.75,96.0,96.0,3093600
2022-11-03,70.31932830810547,97.5,97.75,96.0,96.25,5717900
2022-11-04,69.95872497558594,97.0,97.75,96.75,97.5,2793500
2022-11-07,70.13903045654297,97.25,97.5,96.75,97.5,1917500
2022-11-08,69.95872497558594,97.0,97.25,96.5,97.25,2805400
2022-11-09,69.59810638427734,96.5,97.5,96.5,97.0,3547500
2022-11-10,70.13903045654297,97.25,98.0,96.5,96.75,5002400
2022-11-11,70.31932830810547,97.5,98.75,97.5,98.0,4432200
2022-11-14,69.41780090332031,96.25,97.25,96.0,97.25,6135600
2022-11-15,69.95872497558594,97.0,97.0,96.25,96.25,3105200
2022-11-16,70.31932830810547,97.5,98.0,97.0,97.25,7321900
2022-11-17,69.59810638427734,96.5,97.5,96.25,97.5,3695400
2022-11-18,69.59810638427734,96.5,96.75,96.0,96.75,3272400
2022-11-21,69.41780090332031,96.25,96.5,95.75,96.5,2905100
2022-11-22,69.59810638427734,96.5,97.0,96.25,96.5,3907500
2022-11-23,69.95872497558594,97.0,97.0,96.5,96.5,3355000
2022-11-24,69.95872497558594,97.0,97.25,96.75,97.0,1312600
2022-11-25,69.95872497558594,97.0,97.0,96.5,97.0,760100
2022-11-28,69.59810638427734,96.5,97.0,96.25,96.5,2797500
2022-11-29,69.7784194946289,96.75,97.5,96.5,96.75,3050800
2022-11-30,70.31932830810547,97.5,97.5,96.25,96.75,5352400
2022-12-01,70.49962615966797,97.75,97.75,97.25,97.5,3187900
2022-12-02,70.13903045654297,97.25,97.75,97.0,97.75,1956500
2022-12-06,69.95872497558594,97.0,97.5,96.75,97.0,2752400
2022-12-07,70.49962615966797,97.75,98.0,97.25,97.5,3338100
2022-12-08,70.67994689941406,98.0,98.0,97.5,97.75,1678500
2022-12-09,70.86024475097656,98.25,98.25,97.75,98.0,1838600
2022-12-13,71.22086334228516,98.75,98.75,98.25,98.5,3649900
2022-12-14,71.40117645263672,99.0,99.0,98.5,98.75,2466800
2022-12-15,71.22086334228516,98.75,99.0,98.5,99.0,3163000
2022-12-16,71.22086334228516,98.75,99.0,98.5,98.5,3324100
2022-12-19,71.22086334228516,98.75,99.25,98.5,98.75,2891700
2022-12-20,71.40117645263672,99.0,99.0,98.5,99.0,1585800
2022-12-21,71.94207763671875,99.75,100.0,99.0,99.0,3473300
2022-12-22,71.58148193359375,99.25,99.75,99.0,99.75,3145200
2022-12-23,71.40117645263672,99.0,99.25,98.75,99.25,1490200
2022-12-26,71.58148193359375,99.25,99.5,99.0,99.0,1553100
2022-12-27,71.76177215576172,99.5,99.75,99.25,99.5,2380800
2022-12-28,71.94207763671875,99.75,99.75,99.25,99.75,2249900
2022-12-29,71.94207763671875,99.75,100.0,99.5,99.5,3258700
2022-12-30,71.58148193359375,99.25,100.0,99.25,99.75,4471400
2023-01-03,71.76177215576172,99.5,99.75,99.25,99.75,1825600
2023-01-04,71.76177215576172,99.5,100.0,99.5,99.5,3289000
2023-01-05,71.94207763671875,99.75,100.0,99.5,99.75,2476500
2023-01-06,72.12238311767578,100.0,100.5,99.75,100.0,7074700
2023-01-09,73.2042236328125,101.5,102.0,100.5,100.5,6402900
2023-01-10,73.2042236328125,101.5,102.0,101.0,101.5,6903900
2023-01-11,73.56483459472656,102.0,102.5,101.0,102.0,5468100
2023-01-12,74.28606414794922,103.0,103.0,102.0,102.5,4514700
2023-01-13,74.64667510986328,103.5,104.0,102.5,103.0,7090100
2023-01-16,73.56483459472656,102.0,104.0,102.0,104.0,6223700
2023-01-17,74.28606414794922,103.0,103.0,101.5,102.0,4192900
2023-01-18,73.56483459472656,102.0,102.5,101.5,102.5,5057600
2023-01-19,74.28606414794922,103.0,103.0,102.0,102.0,2214800
2023-01-20,73.92544555664062,102.5,103.0,102.0,103.0,6953700
2023-01-23,73.56483459472656,102.0,102.5,101.5,102.0,2929500
2023-01-24,73.56483459472656,102.0,102.5,102.0,102.0,2068300
2023-01-25,73.92544555664062,102.5,103.0,102.0,102.0,2443000
2023-01-26,74.28606414794922,103.0,103.0,102.0,102.5,2812900
2023-01-27,74.28606414794922,103.0,103.0,102.5,103.0,1639800
2023-01-30,74.28606414794922,103.0,103.0,102.5,103.0,842500
2023-01-31,73.92544555664062,102.5,103.0,102.0,102.5,3356700
2023-02-01,73.92544555664062,102.5,103.0,102.0,103.0,2359500
2023-02-02,73.56483459472656,102.0,103.0,101.5,102.5,2883100
2023-02-03,73.2042236328125,101.5,102.5,101.5,102.0,1462700
2023-02-06,74.28606414794922,103.0,103.0,101.5,102.0,2922200
2023-02-07,73.92544555664062,102.5,103.0,102.0,103.0,3756100
2023-02-08,73.92544555664062,102.5,103.0,102.0,102.5,3129500
2023-02-09,73.56483459472656,102.0,103.0,102.0,102.5,1262400
2023-02-10,73.92544555664062,102.5,102.5,102.0,102.0,1020000
2023-02-13,73.56483459472656,102.0,103.0,102.0,102.5,1338000
2023-02-14,73.56483459472656,102.0,102.5,102.0,102.0,1748400
2023-02-15,73.2042236328125,101.5,102.5,101.0,102.0,2323300
2023-02-16,73.2042236328125,101.5,101.5,100.0,101.0,4506400
2023-02-17,72.8436050415039,101.0,101.5,100.5,101.5,2348400
2023-02-20,72.8436050415039,101.0,102.0,100.5,101.0,3491300
2023-02-21,73.2042236328125,101.5,101.5,100.5,101.5,1892100
2023-02-22,73.92544555664062,102.5,103.0,102.0,102.5,6880700
2023-02-23,73.92544555664062,102.5,103.0,101.5,103.0,3597300
2023-02-24,73.56483459472656,102.0,103.0,102.0,102.5,3418400
2023-02-27,73.92544555664062,102.5,103.0,101.5,102.0,3747700
2023-02-28,74.28606414794922,103.0,103.0,102.0,103.0,7084300
2023-03-01,73.92544555664062,102.5,103.0,102.0,102.5,4826600
2023-03-02,73.92544555664062,102.5,103.0,102.0,102.5,2595300
2023-03-03,73.56483459472656,102.0,102.5,102.0,102.5,1510600
2023-03-07,73.92544555664062,102.5,102.5,101.5,102.5,2966600
2023-03-08,73.2042236328125,101.5,102.0,101.0,102.0,3340100
2023-03-09,73.2042236328125,101.5,102.5,101.0,102.0,3170600
2023-03-10,72.8436050415039,101.0,102.0,101.0,101.5,4091500
2023-03-13,72.12238311767578,100.0,101.5,100.0,101.0,6467600
2023-03-14,71.40117645263672,99.0,100.0,98.5,99.75,14013100
2023-03-15,72.8436050415039,101.0,101.0,100.0,100.0,3847200
2023-03-16,72.4830093383789,100.5,101.0,99.5,100.0,5152100
2023-03-17,72.4830093383789,100.5,101.0,100.5,100.5,4302300
2023-03-20,72.12238311767578,100.0,101.0,99.5,100.5,4495900
2023-03-21,72.4830093383789,100.5,100.5,99.75,100.0,3053300
2023-03-22,72.12238311767578,100.0,101.0,100.0,100.5,2052800
2023-03-23,72.4830093383789,100.5,101.0,100.0,100.0,2199000
2023-03-24,72.4830093383789,100.5,101.0,100.0,101.0,2696500
2023-03-27,72.8436050415039,101.0,101.0,100.0,100.5,2340600
2023-03-28,72.8436050415039,101.0,101.5,100.5,101.0,2984500
2023-03-29,73.2042236328125,101.5,102.0,101.0,101.0,2074300
2023-03-30,72.8436050415039,101.0,102.0,101.0,102.0,2402300
2023-03-31,72.4830093383789,100.5,102.0,100.5,101.0,4287200
2023-04-03,72.8436050415039,101.0,101.5,100.5,100.5,1747300
2023-04-04,73.2042236328125,101.5,102.0,101.0,101.5,2456200
2023-04-05,72.4830093383789,100.5,102.0,100.0,101.5,6498400
2023-04-07,72.8436050415039,101.0,101.0,100.0,100.5,4633600
2023-04-10,72.8436050415039,101.0,101.5,100.5,101.0,3751800
2023-04-11,72.8436050415039,101.0,101.0,100.5,101.0,2818400
2023-04-12,73.2042236328125,101.5,101.5,100.5,101.0,6382900
2023-04-17,73.56483459472656,102.0,102.5,100.5,101.0,10881600
2023-04-18,73.2042236328125,101.5,102.5,101.5,102.5,7862600
2023-04-19,71.94207763671875,99.75,101.0,99.5,101.0,19367400
2023-04-20,71.94207763671875,99.75,100.5,99.5,99.75,11318700
2023-04-21,71.74658966064453,91.75,93.0,91.0,91.0,18881100
2023-04-24,70.57361602783203,90.25,91.75,90.0,91.75,11780100
2023-04-25,69.98713684082031,89.5,90.5,89.5,90.25,11807600
2023-04-26,70.76911163330078,90.5,90.5,89.75,89.75,3826600
2023-04-27,70.96460723876953,90.75,91.0,90.25,90.5,4024900
2023-04-28,70.57361602783203,90.25,91.5,90.25,91.0,4671500
2023-05-02,70.96460723876953,90.75,90.75,90.0,90.25,3776300
2023-05-03,71.35560607910156,91.25,91.75,90.25,90.5,4935700
2023-05-08,71.74658966064453,91.75,91.75,91.0,91.5,4254800
2023-05-09,71.94208526611328,92.0,92.5,91.5,92.0,5835700
2023-05-10,72.72406005859375,93.0,93.5,91.75,92.0,4031900
2023-05-11,72.52857971191406,92.75,93.5,92.75,93.0,2894300
2023-05-12,72.13758850097656,92.25,92.75,92.25,92.75,2274800
2023-05-15,73.31055450439453,93.75,93.75,92.5,93.0,5572300
2023-05-16,73.50605010986328,94.0,94.5,93.25,93.75,3035600
2023-05-17,73.50605010986328,94.0,94.25,93.5,94.0,2816100
2023-05-18,74.28802490234375,95.0,95.5,94.0,94.0,3818400
2023-05-19,74.67900848388672,95.5,95.75,95.0,95.25,3209400
2023-05-22,74.4835205078125,95.25,95.5,94.5,95.0,4380000
2023-05-23,74.67900848388672,95.5,95.75,94.75,95.25,2631300
2023-05-24,75.26549530029297,96.25,96.5,95.0,95.25,2954400
2023-05-25,75.26549530029297,96.25,97.0,96.0,96.5,3944200
2023-05-26,75.26549530029297,96.25,96.75,96.25,96.25,1132900
2023-05-29,75.46099090576172,96.5,96.75,96.25,96.25,991500
2023-05-30,75.656494140625,96.75,97.25,96.5,96.75,2610900
2023-05-31,75.46099090576172,96.5,97.25,96.5,96.75,2653000
2023-06-01,75.85198974609375,97.0,97.0,96.5,96.75,1125700
2023-06-02,75.46099090576172,96.5,97.5,96.25,97.0,3392800
2023-06-06,75.06999969482422,96.0,96.75,95.5,96.5,3664600
2023-06-07,75.46099090576172,96.5,96.25,95.25,96.0,2752300
2023-06-08,75.656494140625,96.75,97.0,96.0,96.25,2693800
2023-06-09,75.656494140625,96.75,97.25,96.5,97.0,2543100
2023-06-12,75.656494140625,96.75,97.0,96.5,96.75,1690900
2023-06-13,76.0474853515625,97.25,97.25,96.75,97.0,2089700
2023-06-14,75.85198974609375,97.0,97.5,97.0,97.25,1362900
2023-06-15,75.46099090576172,96.5,97.25,96.5,97.25,1116900
2023-06-16,75.46099090576172,96.5,96.75,96.25,96.5,1607800
2023-06-19,75.656494140625,96.75,96.75,96.0,96.25,1387100
2023-06-20,75.46099090576172,96.5,97.25,96.5,97.0,1492200
2023-06-21,75.85198974609375,97.0,97.0,96.5,96.5,2440600
2023-06-22,75.26549530029297,96.25,97.25,96.25,97.0,3910900
2023-06-23,75.06999969482422,96.0,96.75,95.5,96.5,2906900
2023-06-26,75.26549530029297,96.25,96.5,95.75,96.0,1953900
2023-06-27,75.26549530029297,96.25,96.75,95.75,96.5,1928700
2023-06-28,74.87451171875,95.75,96.25,95.5,96.25,2724500
2023-06-29,75.26549530029297,96.25,96.5,95.75,95.75,1709200
2023-06-30,75.85198974609375,97.0,97.0,96.25,96.25,1971600
2023-07-03,75.46099090576172,96.5,97.0,96.25,97.0,1481200
2023-07-04,75.85198974609375,97.0,97.25,96.5,96.75,2186900
2023-07-05,76.0474853515625,97.25,97.25,96.75,97.0,1285500
2023-07-06,75.26549530029297,96.25,97.25,96.0,97.25,4320200
2023-07-07,75.46099090576172,96.5,96.75,96.0,96.25,1554400
2023-07-10,75.06999969482422,96.0,96.5,95.75,96.25,2266000
2023-07-11,75.26549530029297,96.25,96.5,96.0,96.25,2032300
2023-07-12,75.06999969482422,96.0,96.75,96.0,96.25,2289100
2023-07-13,75.26549530029297,96.25,97.25,96.25,96.5,5882200
2023-07-14,76.0474853515625,97.25,97.25,96.25,96.25,2913100
2023-07-17,75.85198974609375,97.0,97.5,97.0,97.25,2567800
2023-07-18,76.4384536743164,97.75,98.0,97.0,97.25,3142800
2023-07-19,76.0474853515625,97.25,98.0,96.75,97.75,3504900
2023-07-20,76.0474853515625,97.25,97.75,97.0,97.25,2567600
2023-07-21,76.4384536743164,97.75,98.0,97.0,97.25,3935600
2023-07-24,76.63396453857422,98.0,98.0,97.5,97.75,2947600
2023-07-25,76.63396453857422,98.0,98.25,97.75,97.75,1577300
2023-07-26,77.61144256591797,99.25,99.25,98.0,98.25,3458800
2023-07-27,77.80692291259766,99.5,100.5,99.0,99.25,5573700
2023-07-31,78.58891296386719,100.5,100.5,100.0,100.0,1037500
2023-08-02,77.80692291259766,99.5,100.5,99.5,100.0,3234800
2023-08-03,77.22044372558594,98.75,99.5,98.0,99.5,4425300
2023-08-04,77.41594696044922,99.0,99.25,98.5,98.5,744300
2023-08-07,78.0024185180664,99.75,100.0,99.0,99.0,1522800
2023-08-08,77.41594696044922,99.0,99.75,98.5,99.75,2230500
2023-08-09,77.80692291259766,99.5,99.5,98.75,99.25,1201500
2023-08-10,77.41594696044922,99.0,99.5,98.25,99.25,3735800
2023-08-11,77.61144256591797,99.25,99.25,98.75,99.25,1081400
2023-08-15,77.41594696044922,99.0,99.5,98.75,99.25,1909300
2023-08-16,77.80692291259766,99.5,99.5,98.5,99.25,2146200
2023-08-17,77.41594696044922,99.0,99.5,98.75,99.25,1484200
2023-08-18,77.80692291259766,99.5,99.75,99.0,99.0,2232300
2023-08-21,78.19790649414062,100.0,100.0,99.25,99.25,2169300
2023-08-22,78.19790649414062,100.0,100.5,99.75,100.0,4302200
2023-08-23,78.19790649414062,100.0,100.5,100.0,100.0,2841300
2023-08-24,78.0024185180664,99.75,101.0,99.75,100.5,3906200
2023-08-25,79.76187133789062,102.0,102.0,100.5,100.5,5343100
2023-08-28,80.15286254882812,102.5,102.5,102.0,102.0,2879100
2023-08-29,80.15286254882812,102.5,103.0,102.0,102.5,4384400
2023-08-30,80.93484497070312,103.5,103.5,102.5,103.0,4244400
2023-08-31,80.54385375976562,103.0,103.5,102.5,103.5,3841100
2023-09-01,79.76187133789062,102.0,103.0,102.0,102.5,2251300
2023-09-04,79.76187133789062,102.0,103.0,101.0,102.5,4702600
2023-09-05,79.37088775634766,101.5,102.0,101.0,102.0,4116500
2023-09-06,80.16858673095703,100.5,100.5,99.75,100.0,2368700
2023-09-07,79.37088775634766,99.5,100.5,99.25,100.0,8004000
2023-09-08,79.57030487060547,99.75,100.0,99.25,99.5,1857600
2023-09-11,79.76974487304688,100.0,100.5,100.0,100.0,1101800
2023-09-12,79.76974487304688,100.0,100.5,99.75,100.0,2449100
2023-09-13,79.76974487304688,100.0,100.5,100.0,100.0,802800
2023-09-14,80.16858673095703,100.5,100.5,100.0,100.0,449300
2023-09-15,80.16858673095703,100.5,100.5,100.0,100.5,729600
2023-09-18,79.57030487060547,99.75,100.5,99.5,100.5,2299700
2023-09-19,79.57030487060547,99.75,100.5,99.25,100.0,3464500
2023-09-20,79.57030487060547,99.75,99.75,99.25,99.5,2455200
2023-09-21,79.76974487304688,100.0,100.5,99.5,99.5,1746500
2023-09-22,79.57030487060547,99.75,100.0,98.5,100.0,4469600
2023-09-25,79.17145538330078,99.25,100.0,99.0,100.0,2264400
2023-09-26,78.97205352783203,99.0,99.75,99.0,99.25,3379500
2023-09-27,78.37376403808594,98.25,98.5,98.0,98.25,2496100
2023-09-28,78.97205352783203,99.0,99.75,98.25,98.5,2910900
2023-09-29,78.77261352539062,98.75,99.5,98.5,98.5,2664900
2023-10-02,78.57318878173828,98.5,98.75,98.0,98.75,2662400
2023-10-03,78.37376403808594,98.25,98.75,97.75,98.25,4374100
2023-10-04,77.97492218017578,97.75,99.0,97.75,98.0,3920900
2023-10-05,79.76974487304688,100.0,100.5,98.0,98.0,5629900
2023-10-06,79.17145538330078,99.25,100.0,99.0,100.0,2449000
2023-10-09,79.76974487304688,100.0,100.0,98.75,99.25,4022500
2023-10-10,80.16858673095703,100.5,100.5,99.5,100.0,1974300
2023-10-11,79.57030487060547,99.75,100.5,99.5,100.0,3305000
2023-10-12,79.76974487304688,100.0,100.5,99.75,100.5,2876100
2023-10-16,78.97205352783203,99.0,99.75,98.75,99.75,7959800
2023-10-17,78.77261352539062,98.75,99.25,98.5,99.0,2364600
2023-10-18,78.57318878173828,98.5,99.0,98.25,99.0,3122400
2023-10-19,78.17434692382812,98.0,98.5,98.0,98.5,3260800
2023-10-20,76.9778060913086,96.5,98.25,96.25,98.0,11193700
2023-10-24,75.98067474365234,95.25,96.25,94.25,96.0,9750900
2023-10-25,77.1772232055664,96.75,97.0,95.25,95.75,4880800
2023-10-26,76.18010711669922,95.5,96.75,95.5,96.5,3468600
2023-10-27,76.77836608886719,96.25,96.75,95.75,95.75,2255500
2023-10-30,76.9778060913086,96.5,97.25,95.75,96.25,4180000
2023-10-31,76.77836608886719,96.25,97.0,96.0,96.75,2982100
2023-11-01,77.37664031982422,97.0,97.25,96.25,96.25,2861100
2023-11-02,77.57606506347656,97.25,98.25,97.25,97.25,6588000
2023-11-03,77.37664031982422,97.0,97.75,97.0,97.75,1886000
2023-11-06,77.37664031982422,97.0,98.0,96.75,97.5,2771600
2023-11-07,77.37664031982422,97.0,97.5,96.5,97.25,2303800
2023-11-08,77.37664031982422,97.0,97.5,97.0,97.0,1038600
2023-11-09,77.57606506347656,97.25,97.25,96.75,97.25,2227400
2023-11-10,76.77836608886719,96.25,97.0,96.25,96.75,5269800
2023-11-13,77.1772232055664,96.75,97.0,96.25,96.5,1424800
2023-11-14,77.37664031982422,97.0,97.5,96.75,97.5,1785000
2023-11-15,77.97492218017578,97.75,98.0,97.0,97.25,1922000
2023-11-16,77.57606506347656,97.25,97.5,97.0,97.5,1970200
2023-11-17,77.57606506347656,97.25,97.75,97.0,97.25,1720400
2023-11-20,77.97492218017578,97.75,97.75,97.25,97.5,1794200
2023-11-21,78.57318878173828,98.5,98.5,97.75,97.75,2712300
2023-11-22,78.37376403808594,98.25,98.5,97.75,98.25,2059600
2023-11-23,78.37376403808594,98.25,98.5,98.0,98.25,1284700
2023-11-24,78.77261352539062,98.75,99.0,98.25,98.25,1906600
2023-11-27,78.77261352539062,98.75,99.0,98.25,98.75,2784700
2023-11-28,78.37376403808594,98.25,98.75,98.25,98.75,2626400
2023-11-29,77.77549743652344,97.5,98.25,97.25,98.25,3776400
2023-11-30,77.57606506347656,97.25,97.75,97.25,97.25,2450000
2023-12-01,77.57606506347656,97.25,97.5,97.0,97.5,1859400
2023-12-04,77.57606506347656,97.25,98.0,97.25,97.5,2496000
2023-12-06,77.97492218017578,97.75,97.75,97.0,97.5,1528500
2023-12-07,77.97492218017578,97.75,98.0,97.25,97.5,1141300
2023-12-08,77.97492218017578,97.75,98.0,97.5,97.75,1549500
2023-12-12,78.37376403808594,98.25,98.25,97.5,97.75,2283400
2023-12-13,77.97492218017578,97.75,98.25,97.75,98.25,1380100
2023-12-14,77.77549743652344,97.5,98.25,97.5,98.0,3352000
2023-12-15,78.17434692382812,98.0,98.25,97.25,97.5,3515600
2023-12-18,78.57318878173828,98.5,98.5,97.75,98.25,1355600
2023-12-19,78.37376403808594,98.25,98.5,98.0,98.0,2399500
2023-12-20,77.97492218017578,97.75,98.5,97.75,98.25,2941200
2023-12-21,78.37376403808594,98.25,98.25,97.5,97.75,2394800
2023-12-22,77.97492218017578,97.75,98.25,97.75,98.0,1843300
2023-12-25,78.17434692382812,98.0,98.5,97.75,97.75,1527600
2023-12-26,78.57318878173828,98.5,98.75,98.0,98.0,2162400
2023-12-27,78.97205352783203,99.0,99.0,98.5,98.75,1674800
2023-12-28,79.57030487060547,99.75,100.0,99.0,99.0,3810800
2024-01-03,79.76974487304688,100.0,100.5,99.5,99.5,2370500
2024-01-04,79.57030487060547,99.75,100.0,99.0,99.75,4721400
2024-01-05,79.76974487304688,100.0,100.5,99.75,100.0,1500700
2024-01-08,80.56742858886719,101.0,101.0,100.0,100.5,4347700
2024-01-09,80.16858673095703,100.5,101.0,100.0,100.5,2192100
2024-01-10,80.16858673095703,100.5,101.0,100.0,101.0,2276600
2024-01-11,80.16858673095703,100.5,101.0,100.0,100.5,1566200
2024-01-12,80.56742858886719,101.0,101.0,100.0,100.0,2395300
2024-01-15,80.16858673095703,100.5,101.0,100.0,100.5,5013200
2024-01-16,78.77261352539062,98.75,100.5,98.75,100.5,11635000
2024-01-17,78.17434692382812,98.0,98.75,97.75,98.75,7929200
2024-01-18,77.97492218017578,97.75,98.25,97.5,98.0,6919200
2024-01-19,77.97492218017578,97.75,98.25,97.5,97.75,6919300
2024-01-22,77.57606506347656,97.25,98.0,97.25,98.0,5022500
2024-01-23,77.37664031982422,97.0,97.25,96.75,97.25,6585100
2024-01-24,77.37664031982422,97.0,97.25,96.75,97.0,7063100
2024-01-25,77.77549743652344,97.5,98.0,97.0,97.0,4969700
2024-01-26,78.57318878173828,98.5,98.5,97.5,97.75,4213700
2024-01-29,78.57318878173828,98.5,98.75,98.0,98.75,2925700
2024-01-30,78.57318878173828,98.5,98.75,98.25,98.5,2108500
2024-01-31,78.97205352783203,99.0,99.0,98.25,98.5,4262000
2024-02-01,79.17145538330078,99.25,99.75,98.75,98.75,3492100
2024-02-02,79.57030487060547,99.75,99.75,98.0,99.5,9192700
2024-02-05,78.97205352783203,99.0,99.75,99.0,99.75,2695200
2024-02-06,79.17145538330078,99.25,99.5,98.75,98.75,2108300
2024-02-07,78.97205352783203,99.0,99.5,98.75,99.25,2390100
2024-02-08,78.97205352783203,99.0,99.25,98.75,99.0,2524700
2024-02-09,78.77261352539062,98.75,99.25,98.5,99.0,3614100
2024-02-12,79.17145538330078,99.25,99.5,98.75,98.75,1681100
2024-02-13,79.37088775634766,99.5,99.75,99.25,99.5,1388600
2024-02-14,79.17145538330078,99.25,99.5,99.0,99.25,2279200
2024-02-15,79.37088775634766,99.5,99.5,98.75,99.25,2604900
2024-02-16,78.97205352783203,99.0,99.5,99.0,99.5,2527500
2024-02-19,79.17145538330078,99.25,99.5,99.0,99.25,1810400
2024-02-20,78.97205352783203,99.0,99.5,99.0,99.25,2402800
2024-02-21,79.76974487304688,100.0,100.5,98.75,98.75,10349100
2024-02-22,79.76974487304688,100.0,100.0,99.25,100.0,4316900
2024-02-23,79.76974487304688,100.0,100.5,99.75,100.0,3213200
2024-02-27,79.76974487304688,100.0,100.5,99.75,100.0,3712200
2024-02-28,79.76974487304688,100.0,100.5,100.0,100.0,2996400
2024-02-29,80.16858673095703,100.5,100.5,99.5,100.0,10560100
2024-03-01,79.76974487304688,100.0,100.5,99.75,100.0,1934900
2024-03-04,79.76974487304688,100.0,100.5,100.0,100.0,1651300
2024-03-05,80.16858673095703,100.5,100.5,100.0,100.5,1514400
2024-03-06,79.76974487304688,100.0,100.5,100.0,100.0,1930900
2024-03-07,80.16858673095703,100.5,100.5,99.75,100.5,3310600
2024-03-08,80.9662857055664,101.5,101.5,100.0,100.5,4197200
2024-03-11,80.56742858886719,101.0,101.5,100.5,101.5,2028200
2024-03-12,80.56742858886719,101.0,101.0,101.0,101.0,0
2024-03-13,79.76974487304688,100.0,100.5,99.75,100.0,2265900
2024-03-14,80.16858673095703,100.5,100.5,99.75,100.0,2563500
2024-03-15,80.16858673095703,100.5,100.5,100.5,100.5,0
2024-03-18,79.76974487304688,100.0,100.5,99.5,100.0,6156900
2024-03-19,79.76974487304688,100.0,100.5,99.5,99.75,3047800
2024-03-20,79.76974487304688,100.0,100.0,100.0,100.0,0
2024-03-21,79.76974487304688,100.0,100.5,99.75,99.75,1696600
2024-03-22,79.76974487304688,100.0,100.0,100.0,100.0,0
2024-03-25,79.17145538330078,99.25,100.5,99.25,100.0,7714700
2024-03-26,79.17145538330078,99.25,99.25,99.25,99.25,0
2024-03-27,79.57030487060547,99.75,100.0,99.25,99.5,1561000
2024-03-28,79.57030487060547,99.75,99.75,99.75,99.75,0
2024-03-29,79.37088775634766,99.5,99.75,99.25,99.5,1478700
2024-04-01,79.37088775634766,99.5,100.0,99.25,99.75,2349200
2024-04-02,79.17145538330078,99.25,99.5,99.0,99.25,4739900
2024-04-03,79.17145538330078,99.25,99.75,99.0,99.25,3365400
2024-04-04,79.17145538330078,99.25,99.25,99.25,99.25,0
2024-04-05,78.97205352783203,99.0,99.5,98.5,98.75,2886500
2024-04-09,78.97205352783203,99.0,99.0,99.0,99.0,0
2024-04-10,79.57030487060547,99.75,100.0,99.5,99.75,2464700
2024-04-11,79.76974487304688,100.0,100.5,99.75,99.75,4217400
2024-04-17,79.76974487304688,100.0,100.0,100.0,100.0,0
2024-04-18,79.76974487304688,100.0,100.0,100.0,100.0,0
2024-04-19,79.76974487304688,100.0,100.0,100.0,100.0,0
2024-04-22,79.37088775634766,99.5,99.75,99.0,99.25,11221900
2024-04-23,79.37088775634766,99.5,101.0,99.5,99.5,17151000
2024-04-24,84.23896789550781,99.5,99.5,99.5,99.5,0
2024-04-25,81.27578735351562,96.0,96.0,94.5,94.75,6239700
2024-04-26,81.69911193847656,96.5,97.0,95.5,96.0,4144200
2024-04-29,81.9107666015625,96.75,97.0,96.5,96.75,2804200
2024-04-30,81.9107666015625,96.75,96.75,96.75,96.75,0
2024-05-02,81.69911193847656,96.5,97.75,96.5,97.25,3633900
2024-05-03,81.9107666015625,96.75,96.75,96.5,96.5,1844300
2024-05-07,81.9107666015625,96.75,96.75,96.75,96.75,0
2024-05-08,82.12242126464844,97.0,97.25,96.75,97.0,2349900
2024-05-09,82.12242126464844,97.0,97.25,96.75,96.75,2873200
2024-05-10,82.33407592773438,97.25,97.5,96.75,96.75,1544000
2024-05-13,82.12242126464844,97.0,97.5,97.0,97.25,1745600
2024-05-14,82.33407592773438,97.25,97.5,97.0,97.0,1504500
2024-05-15,82.33407592773438,97.25,97.25,97.25,97.25,0
2024-05-16,82.33407592773438,97.25,97.25,97.25,97.25,0
2024-05-17,83.18069458007812,98.25,98.5,98.0,98.0,2225400
2024-05-20,83.18069458007812,98.25,98.25,98.25,98.25,0
2024-05-21,83.18069458007812,98.25,98.25,98.25,98.25,0
2024-05-23,83.18069458007812,98.25,98.5,98.0,98.0,4673400
2024-05-24,83.18069458007812,98.25,98.25,98.25,98.25,0
2024-05-27,83.18069458007812,98.25,98.75,98.25,98.5,1678100
2024-05-28,83.3923568725586,98.5,98.75,98.25,98.5,2669900
2024-05-29,82.96903991699219,98.0,98.75,98.0,98.5,4538000
2024-05-30,82.96903991699219,98.0,98.0,98.0,98.0,0
2024-05-31,82.96903991699219,98.0,98.0,98.0,98.0,0
2024-06-04,82.54573059082031,97.5,98.25,97.0,97.75,4739500
2024-06-05,82.33407592773438,97.25,97.75,97.25,97.5,2384600
2024-06-06,82.12242126464844,97.0,97.5,96.5,97.25,4795200
2024-06-07,82.12242126464844,97.0,97.0,97.0,97.0,0
2024-06-10,82.12242126464844,97.0,97.5,96.75,97.5,4679500
2024-06-11,82.12242126464844,97.0,97.0,97.0,97.0,0
2024-06-12,81.69911193847656,96.5,97.0,96.25,96.5,2882200
2024-06-13,81.69911193847656,96.5,96.75,96.25,96.5,2430100
2024-06-14,81.69911193847656,96.5,97.0,96.0,96.75,4008200
2024-06-17,81.69911193847656,96.5,96.5,96.5,96.5,0
2024-06-18,81.69911193847656,96.5,96.5,96.5,96.5,0
2024-06-19,81.69911193847656,96.5,96.5,96.5,96.5,0
2024-06-20,81.27578735351562,96.0,96.25,95.75,96.0,1239600
2024-06-21,81.4874496459961,96.25,96.25,95.0,96.0,5266700
2024-06-24,81.4874496459961,96.25,96.25,96.25,96.25,0
2024-06-25,81.4874496459961,96.25,96.25,96.25,96.25,0
2024-06-26,81.4874496459961,96.25,96.25,96.25,96.25,0
2024-06-27,80.85248565673828,95.5,96.0,95.25,96.0,4268200
2024-06-28,80.85248565673828,95.5,96.0,95.25,95.75,5966200
2024-07-01,80.85248565673828,95.5,95.5,95.5,95.5,0
2024-07-02,80.85248565673828,95.5,95.5,95.5,95.5,0
2024-07-03,80.64083099365234,95.25,95.75,95.25,95.5,1782800
2024-07-04,80.85248565673828,95.5,95.75,95.25,95.25,2717500
2024-07-05,81.27578735351562,96.0,96.0,95.25,95.5,2629000
2024-07-08,81.27578735351562,96.0,96.0,95.5,96.0,1493800
2024-07-09,81.27578735351562,96.0,96.0,96.0,96.0,0
2024-07-10,81.27578735351562,96.0,96.0,96.0,96.0,0
2024-07-11,81.27578735351562,96.0,96.0,96.0,96.0,0
2024-07-12,81.27578735351562,96.0,96.0,96.0,96.0,0
2024-07-15,81.27578735351562,96.0,96.0,96.0,96.0,0
2024-07-16,80.42916870117188,95.0,95.25,95.0,95.25,4119200
2024-07-17,80.42916870117188,95.0,95.0,95.0,95.0,0
2024-07-18,80.00585174560547,94.5,95.5,94.5,95.25,6667650
2024-07-19,79.37089538574219,93.75,94.5,93.75,94.5,5641400
2024-07-23,78.10095977783203,92.25,93.75,92.25,93.75,6453900
2024-07-24,77.46598815917969,91.5,92.0,91.0,91.75,5938200
2024-07-25,78.52427673339844,92.75,92.75,91.0,91.25,5159200
2024-07-26,78.94757843017578,93.25,93.5,92.5,92.75,4416600
2024-07-30,78.94757843017578,93.25,93.25,93.25,93.25,0
2024-07-31,78.31261444091797,92.5,92.5,91.75,92.5,5214700
2024-08-01,77.88929748535156,92.0,93.0,92.0,92.75,3643600
2024-08-02,77.88929748535156,92.0,92.0,92.0,92.0,0
2024-08-05,77.25434112548828,91.25,91.75,91.0,91.5,4402900
2024-08-06,77.04267883300781,91.0,92.0,91.0,91.25,2392900
2024-08-07,77.25434112548828,91.25,91.5,91.0,91.25,2820000
2024-08-08,77.25434112548828,91.25,91.25,91.25,91.25,0
2024-08-09,76.61936950683594,90.5,91.0,90.25,90.75,4628500
2024-08-13,76.61936950683594,90.5,91.0,90.0,90.5,3427700
2024-08-14,76.8310317993164,90.75,91.25,90.5,90.75,3788600
2024-08-15,76.8310317993164,90.75,90.75,90.75,90.75,0
2024-08-16,77.25434112548828,91.25,91.5,90.5,91.0,2935000
2024-08-19,77.25434112548828,91.25,91.25,91.25,91.25,0
2024-08-20,77.88929748535156,92.0,93.0,92.0,92.75,3699600
2024-08-21,78.73591613769531,93.0,93.25,92.0,92.25,3556700
2024-08-22,78.73591613769531,93.0,93.0,93.0,93.0,0
2024-08-23,80.21751403808594,94.75,94.75,92.75,93.25,6352600
2024-08-26,80.00585174560547,94.5,94.75,93.75,94.75,5053800
2024-08-27,79.79420471191406,94.25,94.75,93.75,94.5,3820200
2024-08-28,79.79420471191406,94.25,94.25,94.25,94.25,0
2024-08-29,80.21751403808594,94.75,95.25,94.25,94.5,5039400
2024-08-30,80.85248565673828,95.5,95.5,94.5,94.75,4935200
2024-09-02,80.85248565673828,95.5,95.5,95.5,95.5,0
2024-09-03,80.85248565673828,95.5,95.5,95.5,95.5,0
2024-09-04,80.85248565673828,95.5,95.5,95.5,95.5,0
2024-09-05,81.9107666015625,96.75,96.75,95.5,95.75,6152200
2024-09-06,83.81566619873047,99.0,99.25,96.75,97.0,14759000
2024-09-09,83.81566619873047,99.0,99.0,99.0,99.0,0
2024-09-10,83.59964752197266,96.75,97.75,96.5,97.25,9412400
2024-09-11,82.95158386230469,96.0,97.0,96.0,96.75,4235500
2024-09-12,83.38362884521484,96.5,97.0,96.0,96.25,3631700
2024-09-13,84.24771118164062,97.5,97.5,96.75,96.75,4744300
2024-09-16,84.24771118164062,97.5,97.5,97.5,97.5,0
2024-09-17,84.24771118164062,97.5,97.5,97.5,97.5,0
2024-09-18,84.24771118164062,97.5,97.5,97.5,97.5,0
2024-09-19,84.24771118164062,97.5,97.5,97.5,97.5,0
2024-09-20,84.24771118164062,97.5,97.5,97.5,97.5,0
2024-09-23,84.03168487548828,97.25,97.75,97.0,97.5,1756800
2024-09-24,84.03168487548828,97.25,97.75,97.0,97.25,1447600
2024-09-25,84.03168487548828,97.25,97.5,97.0,97.25,2025200
2024-09-26,83.81566619873047,97.0,97.5,97.0,97.25,1352000
2024-09-27,83.81566619873047,97.0,97.0,97.0,97.0,0
2024-09-30,83.38362884521484,96.5,97.0,96.5,96.75,5042200
2024-10-01,83.38362884521484,96.5,96.5,96.5,96.5,0
2024-10-02,83.59964752197266,96.75,97.0,96.0,96.5,4106100
2024-10-03,83.38362884521484,96.5,96.75,96.25,96.5,2353800
2024-10-04,83.38362884521484,96.5,96.5,96.5,96.5,0
2024-10-07,83.59964752197266,96.75,97.25,96.5,97.25,3287800
2024-10-08,84.03168487548828,97.25,97.5,96.5,96.75,3216300
2024-10-09,83.81566619873047,97.0,97.5,96.75,97.25,1792700
2024-10-10,83.59964752197266,96.75,97.25,96.75,97.0,1188000
2024-10-11,83.59964752197266,96.75,96.75,96.75,96.75,0
2024-10-15,83.59964752197266,96.75,97.25,96.5,97.0,2394700
2024-10-16,83.59964752197266,96.75,96.75,96.75,96.75,0
2024-10-17,84.4637222290039,97.75,98.25,97.5,98.0,3618500
2024-10-18,84.24771118164062,97.5,98.25,97.25,97.75,2383400
2024-10-21,84.4637222290039,97.75,98.0,97.25,97.5,1602500
2024-10-22,84.4637222290039,97.75,97.75,97.75,97.75,0
2024-10-24,83.81566619873047,97.0,97.5,96.75,96.75,1341200
2024-10-25,83.81566619873047,97.0,97.0,97.0,97.0,0
2024-10-28,83.81566619873047,97.0,97.5,96.75,97.0,1043800
2024-10-29,83.81566619873047,97.0,97.0,97.0,97.0,0
2024-10-30,83.1676025390625,96.25,97.0,96.25,96.75,3328200
2024-10-31,83.38362884521484,96.5,97.0,96.25,96.25,1660200
2024-11-01,83.59964752197266,96.75,97.0,96.5,96.5,820900
2024-11-04,83.38362884521484,96.5,97.0,96.25,96.75,1408200
2024-11-05,83.38362884521484,96.5,96.75,96.25,96.5,2680600
2024-11-06,83.1676025390625,96.25,96.75,96.25,96.5,3253600
2024-11-07,83.1676025390625,96.25,97.0,96.0,96.25,3492700
2024-11-08,82.95158386230469,96.0,96.5,95.75,96.25,3820100
2024-11-11,83.1676025390625,96.25,96.25,95.75,96.0,1429700
2024-11-12,82.95158386230469,96.0,96.5,95.75,96.25,1863300
2024-11-13,82.95158386230469,96.0,96.5,96.0,96.0,1093000
2024-11-14,82.73556518554688,95.75,96.5,95.75,96.0,2005600
2024-11-15,83.1676025390625,96.25,96.25,95.75,95.75,2163300
2024-11-18,83.38362884521484,96.5,96.5,96.0,96.25,829100
2024-11-19,83.1676025390625,96.25,97.0,96.25,96.5,2015800
2024-11-20,83.38362884521484,96.5,96.5,96.0,96.25,741200
2024-11-21,83.59964752197266,96.75,96.75,96.0,96.5,3039400
2024-11-22,83.59964752197266,96.75,97.0,96.5,97.0,2304100
2024-11-25,83.1676025390625,96.25,97.0,96.25,96.75,2815000
2024-11-26,83.1676025390625,96.25,96.75,96.25,96.5,1564300
2024-11-27,82.95158386230469,96.0,96.5,95.75,96.25,3193900
2024-11-28,83.38362884521484,96.5,96.5,96.0,96.0,1584400
2024-11-29,83.38362884521484,96.5,96.5,96.0,96.25,1873700
2024-12-02,83.59964752197266,96.75,96.75,96.25,96.5,1644900
2024-12-03,83.81566619873047,97.0,97.0,96.5,96.75,2135300
2024-12-04,83.59964752197266,96.75,97.0,96.75,97.0,1365700
2024-12-06,83.59964752197266,96.75,97.0,96.5,96.75,1327700
2024-12-09,84.03168487548828,97.25,97.5,96.5,96.5,3567300
2024-12-11,83.81566619873047,97.0,97.75,96.75,97.25,2437500
2024-12-12,83.81566619873047,97.0,97.25,96.75,97.0,2091900
2024-12-13,84.24771118164062,97.5,97.5,97.0,97.0,1704400
2024-12-16,84.03168487548828,97.25,97.5,96.75,97.25,2721600
2024-12-17,84.03168487548828,97.25,97.5,97.0,97.25,3801600
2024-12-18,85.32780456542969,98.75,98.75,97.25,97.25,7262100
2024-12-19,84.89575958251953,98.25,98.75,97.75,98.25,3791400
2024-12-20,84.4637222290039,97.75,98.75,97.5,98.5,4831700
2024-12-23,85.32780456542969,98.75,98.75,97.75,98.0,2787100
2024-12-24,85.32780456542969,98.75,99.0,98.5,98.5,1552600
2024-12-25,85.54383087158203,99.0,99.0,98.5,98.75,1594000
2024-12-26,85.54383087158203,99.0,99.25,98.75,99.0,1507500
2024-12-27,85.11178588867188,98.5,99.0,98.25,99.0,1653400
2024-12-30,85.11178588867188,98.5,98.75,98.25,98.25,1172400
2025-01-02,85.11178588867188,98.5,98.75,98.0,98.5,1220500
2025-01-03,84.89575958251953,98.25,98.75,98.0,98.5,1140900
2025-01-06,85.11178588867188,98.5,99.0,98.25,98.5,2305600
2025-01-07,85.75984191894531,99.25,99.25,98.5,98.5,3252000
2025-01-08,85.75984191894531,99.25,99.25,98.75,99.0,2923800
2025-01-09,85.32780456542969,98.75,99.25,98.5,99.25,2402600
2025-01-10,85.32780456542969,98.75,99.25,98.25,98.75,2781400
2025-01-13,85.54383087158203,99.0,99.25,98.5,98.75,2534400
2025-01-14,85.32780456542969,98.75,99.25,98.75,99.0,2360200
2025-01-15,85.97586059570312,99.5,99.5,98.75,98.75,3807900
2025-01-16,85.54383087158203,99.0,99.5,98.75,99.25,3285800
2025-01-17,85.32780456542969,98.75,99.25,98.5,98.75,3603700
2025-01-20,85.32780456542969,98.75,99.0,98.25,98.75,1875100
2025-01-21,85.54383087158203,99.0,99.0,98.5,98.75,2037700
2025-01-22,85.54383087158203,99.0,99.5,98.75,99.0,2760700
2025-01-23,84.67974853515625,98.0,99.25,98.0,99.0,6353900
2025-01-24,85.11178588867188,98.5,98.75,98.0,98.25,2469400
2025-01-27,85.32780456542969,98.75,98.75,98.0,98.5,1449500
2025-01-28,85.75984191894531,99.25,99.25,98.5,99.0,3849800
2025-01-29,85.97586059570312,99.5,100.0,99.25,99.25,2533600
2025-01-30,86.19187927246094,99.75,100.0,99.5,99.75,2781100
2025-01-31,85.97586059570312,99.5,100.0,99.5,100.0,2636800
2025-02-03,86.19187927246094,99.75,100.0,98.75,99.25,4725100
2025-02-04,86.83995056152344,100.5,100.5,99.75,99.75,3741000
2025-02-05,86.83995056152344,100.5,100.5,99.75,100.5,3402100
2025-02-06,86.19187927246094,99.75,100.5,99.5,100.0,2395000
2025-02-07,85.32780456542969,98.75,99.75,98.25,99.5,6497600
2025-02-10,84.67974853515625,98.0,98.5,97.75,98.5,5986500
2025-02-11,85.11178588867188,98.5,98.75,97.75,98.0,2193800
2025-02-13,84.4637222290039,97.75,98.75,97.75,98.5,4381100
2025-02-14,84.67974853515625,98.0,98.25,97.75,97.75,2107900
2025-02-17,85.54383087158203,99.0,99.0,97.75,98.5,3528600
2025-02-18,85.97586059570312,99.5,99.5,98.75,99.0,2341600
2025-02-19,85.75984191894531,99.25,99.75,99.0,99.5,3287500
2025-02-20,85.75984191894531,99.25,99.5,98.75,99.0,3804300
2025-02-21,85.97586059570312,99.5,99.75,99.0,99.25,1926900
2025-02-24,85.97586059570312,99.5,100.0,99.25,99.5,3225200
2025-02-25,85.11178588867188,98.5,99.75,98.5,99.5,3200900
2025-02-26,85.32780456542969,98.75,99.5,98.5,98.75,5222100
2025-02-27,85.32780456542969,98.75,99.0,98.5,98.75,3443300
2025-02-28,84.89575958251953,98.25,98.75,98.0,98.5,6350900
2025-03-03,85.11178588867188,98.5,98.5,98.0,98.25,4048200
2025-03-04,84.4637222290039,97.75,98.25,97.5,98.25,6032800
2025-03-05,84.4637222290039,97.75,98.0,97.0,97.75,6665100
2025-03-06,83.81566619873047,97.0,98.0,96.75,98.0,7284300
2025-03-07,83.59964752197266,96.75,97.25,96.5,96.75,5171100
2025-03-10,83.81566619873047,97.0,97.75,96.5,96.75,4079300
2025-03-11,84.03168487548828,97.25,97.5,96.5,96.75,4531100
2025-03-12,84.4637222290039,97.75,98.25,97.0,97.5,4779800
2025-03-13,84.89575958251953,98.25,98.75,97.5,97.5,3349300
2025-03-14,85.11178588867188,98.5,99.0,98.0,98.0,2895500
2025-03-17,85.32780456542969,98.75,99.0,98.0,98.75,2778900
2025-03-18,86.40790557861328,100.0,100.5,98.75,99.0,8650500
2025-03-19,86.40790557861328,100.0,100.5,99.75,100.0,2197500
2025-03-20,86.19187927246094,99.75,100.5,99.75,100.0,3534800
2025-03-21,87.27197265625,101.0,101.0,99.75,99.75,5935100
2025-03-24,86.83995056152344,100.5,101.0,100.0,101.0,2303200
2025-03-25,86.83995056152344,100.5,101.0,100.0,100.0,2050200
2025-03-26,86.40790557861328,100.0,101.0,99.75,100.5,3449500
2025-03-27,86.40790557861328,100.0,100.5,99.75,100.0,2197800
2025-03-28,86.40790557861328,100.0,100.5,99.5,100.0,1411200
2025-03-31,85.54383087158203,99.0,99.75,98.5,98.75,3939700
2025-04-01,85.11178588867188,98.5,99.75,98.5,99.0,5047500
2025-04-02,85.54383087158203,99.0,99.25,98.5,98.75,3084700
2025-04-03,85.75984191894531,99.25,99.5,98.75,98.75,2285500
2025-04-04,84.24771118164062,97.5,99.5,97.5,99.5,8338500
2025-04-08,83.1676025390625,96.25,97.0,95.0,96.0,11007100
2025-04-09,83.1676025390625,96.25,96.5,95.25,95.75,9596800
2025-04-10,84.67974853515625,98.0,98.5,97.25,97.25,3666100
2025-04-11,84.4637222290039,97.75,98.25,97.5,98.0,3135800
2025-04-16,85.32780456542969,98.75,99.25,98.25,98.25,4003500
2025-04-17,86.40790557861328,100.0,100.0,98.75,99.0,4069900
2025-04-18,86.40790557861328,100.0,100.5,99.75,100.0,3646600
2025-04-21,86.40790557861328,100.0,101.0,100.0,100.0,5856600
2025-04-22,86.19187927246094,99.75,100.0,99.5,100.0,5828800
2025-04-23,85.97586059570312,99.5,100.5,99.25,100.0,5377900
2025-04-24,86.40790557861328,100.0,100.0,99.5,99.75,8567600
2025-04-25,88.47068786621094,96.5,96.75,95.0,95.0,11656200
2025-04-28,88.69989013671875,96.75,97.25,96.0,96.5,4598300
2025-04-29,89.38748931884766,97.5,98.0,96.75,97.0,5892500
2025-04-30,90.07508087158203,98.25,98.5,96.5,97.5,7376900
2025-05-02,89.38748931884766,97.5,98.5,97.5,98.0,3373000
2025-05-06,89.6166763305664,97.75,98.0,97.0,97.5,4457600
2025-05-07,89.84588623046875,98.0,98.25,97.5,97.5,4456200
2025-05-08,90.07508087158203,98.25,98.5,97.75,98.0,3555500
2025-05-09,89.84588623046875,98.0,98.5,97.5,98.25,3404600
2025-05-13,89.6166763305664,97.75,98.0,97.5,98.0,2880600
2025-05-14,89.84588623046875,98.0,98.25,97.5,98.0,2926900
2025-05-15,89.6166763305664,97.75,98.0,97.5,98.0,2726500
2025-05-16,89.84588623046875,98.0,98.5,97.5,97.75,4756700
2025-05-19,89.84588623046875,98.0,98.25,97.5,97.75,2735300
2025-05-20,90.53348541259766,98.75,99.25,98.0,98.0,4644000
2025-05-21,90.07508087158203,98.25,99.0,98.25,98.75,2434600
2025-05-22,90.07508087158203,98.25,98.75,98.0,98.25,2338700
2025-05-23,89.6166763305664,97.75,98.5,97.75,98.5,1109600
2025-05-26,89.84588623046875,98.0,98.25,97.5,97.75,2552800
2025-05-27,89.6166763305664,97.75,98.75,97.25,98.0,7664700
2025-05-28,89.84588623046875,98.0,98.25,97.5,97.5,1952100
2025-05-29,89.6166763305664,97.75,98.25,97.75,98.25,1878800
2025-05-30,89.38748931884766,97.5,98.0,97.5,97.75,2703200
2025-06-04,89.15828704833984,97.25,98.0,96.75,97.75,5534200
2025-06-05,89.6166763305664,97.75,97.75,96.75,97.25,2621900
2025-06-06,89.38748931884766,97.5,98.0,97.25,98.0,1143100
2025-06-09,89.38748931884766,97.5,98.0,97.25,97.75,1157200
2025-06-10,89.84588623046875,98.0,98.0,97.25,97.5,2845000
2025-06-11,89.6166763305664,97.75,98.0,97.5,98.0,2209000
2025-06-12,89.84588623046875,98.0,98.0,97.25,97.75,2446300
2025-06-13,89.84588623046875,98.0,98.0,97.5,97.75,2198200
2025-06-16,89.6166763305664,97.75,98.0,97.5,97.75,1950400
2025-06-17,89.38748931884766,97.5,97.75,97.25,97.75,3205000
2025-06-18,89.38748931884766,97.5,98.5,97.5,97.5,3178400
2025-06-19,88.92908477783203,97.0,97.5,97.0,97.5,2547300
2025-06-20,89.15828704833984,97.25,97.75,97.0,97.0,3134200
2025-06-23,88.69989013671875,96.75,97.25,96.25,97.0,3656200
2025-06-24,89.15828704833984,97.25,97.25,97.0,97.0,2138400
2025-06-25,89.38748931884766,97.5,97.5,97.0,97.25,2465200
2025-06-26,89.84588623046875,98.0,98.25,97.25,97.25,3735800
2025-06-27,89.6166763305664,97.75,98.25,97.25,97.75,2488900
2025-06-30,88.69989013671875,96.75,97.75,96.75,97.5,2927800
2025-07-01,89.38748931884766,97.5,97.5,96.75,97.0,2351300
2025-07-02,89.84588623046875,98.0,98.0,97.25,97.5,2158900
2025-07-03,90.30427551269531,98.5,98.5,98.0,98.0,2855200
2025-07-04,89.84588623046875,98.0,98.25,97.75,98.0,1102800
2025-07-07,90.07508087158203,98.25,98.5,97.5,97.75,1780200
2025-07-08,89.84588623046875,98.0,98.5,97.75,98.0,3427500
2025-07-09,90.07508087158203,98.25,98.5,98.0,98.0,1756100
2025-07-11,90.07508087158203,98.25,98.25,98.0,98.25,958600
2025-07-14,90.07508087158203,98.25,98.5,98.0,98.25,1365500
2025-07-15,90.7626724243164,99.0,99.0,98.25,98.5,2986500
2025-07-16,89.38748931884766,97.5,99.0,97.5,98.75,6255200
2025-07-17,89.84588623046875,98.0,98.0,97.25,97.5,6326400
2025-07-18,89.6166763305664,97.75,98.25,97.5,98.0,2920100
2025-07-21,89.6166763305664,97.75,98.0,97.5,98.0,3460200
2025-07-22,90.30427551269531,98.5,99.0,97.75,98.0,5326000
2025-07-23,90.53348541259766,98.75,99.0,98.5,98.75,3417900
2025-07-24,90.53348541259766,98.75,98.75,98.25,98.75,3085600
2025-07-25,90.07508087158203,98.25,98.75,98.25,98.5,820500
2025-07-29,90.53348541259766,98.75,99.0,98.25,98.5,3034300
2025-07-30,90.53348541259766,98.75,99.25,98.5,98.75,3169000
2025-07-31,90.99187469482422,99.25,99.25,98.5,99.0,5436300
2025-08-01,90.53348541259766,98.75,99.5,98.75,99.0,3139500
2025-08-04,90.7626724243164,99.0,99.0,98.5,99.0,2315100
2025-08-05,91.22107696533203,99.5,99.5,99.25,99.25,2070200
2025-08-06,91.45027160644531,99.75,100.0,99.25,99.5,4588500
2025-08-07,91.45027160644531,99.75,100.0,99.25,99.75,6046300
2025-08-08,92.59626770019531,101.0,101.0,99.5,99.5,6801800
2025-08-13,93.5130615234375,102.0,102.5,100.5,101.0,10108300
2025-08-14,92.59626770019531,101.0,102.5,100.5,102.0,4188600
2025-08-15,92.59626770019531,101.0,101.5,100.5,101.0,1741200
2025-08-18,92.59626770019531,101.0,101.5,100.5,101.0,2335700
2025-08-19,92.59626770019531,101.0,101.5,100.0,101.0,3019400
2025-08-20,92.59626770019531,101.0,101.5,100.5,101.0,1765600
2025-08-21,92.13787078857422,100.5,101.5,100.5,101.0,936300
2025-08-22,92.59626770019531,101.0,101.5,100.5,101.0,2001200
2025-08-25,92.59626770019531,101.0,101.5,100.5,101.0,2584300
2025-08-26,92.59626770019531,101.0,101.5,100.5,101.0,2952100
2025-08-27,92.59626770019531,101.0,102.0,101.0,101.0,2064900
2025-08-28,92.59626770019531,101.0,101.5,100.5,101.0,2116000
2025-08-29,92.59626770019531,101.0,102.0,101.0,101.5,2440900
2025-09-01,93.05465698242188,101.5,101.5,101.0,101.5,2427200
2025-09-02,93.5130615234375,102.0,102.0,101.0,101.5,2492700
2025-09-03,93.5130615234375,102.0,102.5,101.5,102.0,2245700
2025-09-04,93.5130615234375,102.0,102.0,101.5,101.5,1586300
2025-09-05,93.05465698242188,101.5,102.5,101.5,102.0,4274800
2025-09-08,93.9714584350586,102.5,103.0,101.5,102.0,4063000
2025-09-09,93.9714584350586,102.5,102.5,102.0,102.5,6929000
2025-09-10,93.03642272949219,99.5,101.0,99.0,101.0,12036800
2025-09-11,93.03642272949219,99.5,101.0,99.25,99.5,5018800
2025-09-12,93.50393676757812,100.0,100.5,99.75,99.75,2251200
2025-09-15,93.27017211914062,99.75,100.0,99.25,99.5,3051500
2025-09-16,93.03642272949219,99.5,100.0,99.5,99.75,2680500
2025-09-17,93.27017211914062,99.75,99.75,99.25,99.75,4247700
2025-09-18,93.50393676757812,100.0,100.5,99.75,99.75,2651300
2025-09-19,94.906494140625,101.5,101.5,100.0,100.5,4172500
2025-09-22,93.9714584350586,100.5,101.5,100.0,101.5,2451700
2025-09-23,93.9714584350586,100.5,101.0,100.0,100.5,2256900
2025-09-24,94.43897247314453,101.0,101.0,100.0,100.5,772100
2025-09-25,94.906494140625,101.5,101.5,100.5,101.0,1635800
2025-09-26,94.906494140625,101.5,102.0,101.0,101.5,2440900
2025-09-29,94.43897247314453,101.0,102.0,101.0,101.5,2511200
2025-09-30,95.37401580810547,102.0,102.0,101.0,101.0,3798900
2025-10-01,94.906494140625,101.5,102.0,101.0,102.0,1022000
2025-10-02,94.906494140625,101.5,102.0,101.0,101.5,2760800
2025-10-03,96.30905151367188,103.0,103.5,101.5,101.5,5889200
2025-10-06,95.84153747558594,102.5,103.0,102.0,103.0,1422800
2025-10-07,95.84153747558594,102.5,102.5,102.5,102.5,0
2025-10-08,95.84153747558594,102.5,103.5,102.0,102.5,3730000
2025-10-09,96.77657318115234,103.5,104.0,102.5,103.0,3087100
2025-10-10,97.24408721923828,104.0,105.0,103.0,103.5,3974800
2025-10-14,96.30905151367188,103.0,104.0,103.0,104.0,2140500
2025-10-15,99.5816879272461,106.5,107.5,103.5,103.5,16280600
2025-10-16,100.51673126220703,107.5,108.5,106.5,106.5,7272800
2025-10-17,100.9842529296875,108.0,108.5,107.0,108.0,3797800
2025-10-20,100.9842529296875,108.0,108.5,107.0,108.0,4972000
2025-10-21,100.9842529296875,108.0,109.0,107.5,108.5,4421600
2025-10-22,100.51673126220703,107.5,108.5,107.0,108.5,5447200
2025-10-24,100.9842529296875,108.0,108.5,107.0,107.5,4998800
2025-10-27,100.9842529296875,108.0,109.0,107.5,108.5,3395300
2025-10-28,101.45176696777344,108.5,108.5,107.5,108.5,4243500
2025-10-29,101.45176696777344,108.5,108.5,107.0,108.0,2935900
2025-10-30,100.51673126220703,107.5,108.5,107.0,108.0,4201700
2025-10-31,100.51673126220703,107.5,108.0,107.0,107.5,1271000
2025-11-03,100.51673126220703,107.5,108.5,107.0,107.5,2210500
2025-11-04,100.9842529296875,108.0,109.5,107.5,107.5,4205600
2025-11-05,101.9192886352539,109.0,109.5,108.0,108.0,3361200
2025-11-06,100.9842529296875,108.0,109.0,107.5,109.0,3422800
2025-11-07,100.51673126220703,107.5,108.0,107.0,108.0,1691400
2025-11-10,100.9842529296875,108.0,109.0,107.5,107.5,2002800
2025-11-11,100.9842529296875,108.0,108.5,107.5,108.0,3015000
2025-11-12,101.45176696777344,108.5,108.5,107.0,108.0,2543200
2025-11-13,100.51673126220703,107.5,108.5,107.5,108.5,1276300
2025-11-14,99.5816879272461,106.5,107.5,106.5,107.5,3522600
2025-11-17,100.0492172241211,107.0,108.0,106.0,106.5,3862600
2025-11-18,100.51673126220703,107.5,108.0,107.0,107.0,1881000
2025-11-19,100.51673126220703,107.5,108.5,107.0,108.0,3418200
2025-11-20,100.51673126220703,107.5,108.0,107.0,108.0,4027500
2025-11-21,100.0492172241211,107.0,108.0,106.5,107.0,4539300
2025-11-24,99.5816879272461,106.5,107.5,106.0,107.5,4859400
2025-11-25,100.0492172241211,107.0,107.5,106.0,106.5,2376800
2025-11-26,99.5816879272461,106.5,108.0,106.0,107.0,4839800
2025-11-27,99.11417388916016,106.0,107.0,106.0,106.5,1995700
2025-11-28,99.11417388916016,106.0,107.0,105.5,106.5,4087800
2025-12-01,99.5816879272461,106.5,107.5,106.0,106.0,4323400
2025-12-02,100.0492172241211,107.0,107.5,106.5,106.5,6101000
2025-12-03,100.0492172241211,107.0,108.0,106.5,107.0,5550400
2025-12-04,99.5816879272461,106.5,107.5,106.0,107.0,5296300
2025-12-08,100.0492172241211,107.0,107.5,106.0,106.5,2260300
2025-12-09,100.0492172241211,107.0,107.0,106.0,107.0,3099100
2025-12-11,99.5816879272461,106.5,107.0,106.0,107.0,1090100
2025-12-12,99.5816879272461,106.5,107.0,106.5,107.0,427300
2025-12-15,100.0492172241211,107.0,107.5,106.0,106.5,2916300
2025-12-16,100.9842529296875,108.0,108.0,106.5,107.0,1920500
2025-12-17,100.9842529296875,108.0,109.0,107.5,108.0,4204400
2025-12-18,103.78936767578125,111.0,111.0,108.0,108.0,8465800
2025-12-19,102.85433197021484,110.0,111.0,110.0,110.5,2590500
2025-12-22,102.85433197021484,110.0,111.0,108.5,110.0,4564600
2025-12-23,102.38681030273438,109.5,110.0,109.0,109.5,2919400
2025-12-24,103.32184600830078,110.5,110.5,109.5,109.5,2767300
2025-12-25,101.9192886352539,109.0,110.0,108.5,110.0,3656800
2025-12-26,103.32184600830078,110.5,111.0,109.5,109.5,2497100
2025-12-29,102.85433197021484,110.0,111.0,110.0,110.0,2367100
2025-12-30,103.32184600830078,110.5,111.0,110.0,111.0,2510400
2026-01-05,103.78936767578125,111.0,111.5,110.0,111.0,5051400
2026-01-06,102.38681030273438,109.5,111.0,109.0,111.0,3840400
2026-01-07,101.9192886352539,109.0,110.0,109.0,109.5,4638700
2026-01-08,102.85433197021484,110.0,110.5,108.5,109.0,4307300
2026-01-09,102.38681030273438,109.5,110.5,109.0,110.0,3279400
2026-01-12,102.38681030273438,109.5,110.0,109.0,110.0,2088700
2026-01-13,102.38681030273438,109.5,110.0,109.0,110.0,4315100
2026-01-14,103.32184600830078,110.5,111.0,108.5,109.5,5903100
2026-01-15,103.32184600830078,110.5,111.5,110.5,110.5,4046800
2026-01-16,104.25688934326172,111.5,112.0,110.5,111.0,3374700
2026-01-19,103.78936767578125,111.0,112.5,110.5,111.5,2679200
2026-01-20,103.32184600830078,110.5,111.5,110.0,110.5,5078800
2026-01-21,103.78936767578125,111.0,112.0,110.0,110.5,6509600
2026-01-22,103.32184600830078,110.5,112.0,110.5,111.0,4816200
2026-01-23,103.32184600830078,110.5,112.0,110.5,111.0,2686700
2026-01-26,103.32184600830078,110.5,111.5,110.5,111.0,2821200
2026-01-27,104.72441101074219,112.0,112.0,110.5,111.0,4198300
2026-01-28,103.78936767578125,111.0,112.0,111.0,112.0,2125700
2026-01-29,103.78936767578125,111.0,112.0,111.0,111.5,2520100
2026-01-30,105.19193267822266,112.5,112.5,111.0,111.5,4011600
2026-02-02,104.72441101074219,112.0,113.0,111.5,112.5,3391900
2026-02-03,105.19193267822266,112.5,113.5,112.0,112.0,3248600
2026-02-04,103.78936767578125,111.0,112.5,111.0,112.5,6020700
2026-02-05,104.25688934326172,111.5,112.0,110.5,111.0,5413100
2026-02-06,103.78936767578125,111.0,111.5,111.0,111.0,3324400
2026-02-09,105.19193267822266,112.5,113.0,111.5,112.0,4354500
2026-02-10,105.6594467163086,113.0,113.0,111.5,112.5,4299000
2026-02-11,104.72441101074219,112.0,113.0,112.0,113.0,3298500
2026-02-12,104.25688934326172,111.5,113.0,111.5,112.0,6008300
2026-02-13,104.72441101074219,112.0,112.5,111.5,112.0,5085500
2026-02-16,104.72441101074219,112.0,113.0,111.5,112.5,2261700
2026-02-17,107.06201171875,114.5,114.5,112.0,112.5,5773000
2026-02-18,107.52952575683594,115.0,115.0,114.0,114.5,3029700
2026-02-19,107.52952575683594,115.0,115.5,114.0,115.0,5121500
2026-02-20,107.52952575683594,115.0,115.5,114.5,115.0,2574200
2026-02-23,107.06201171875,114.5,116.5,114.0,115.0,6737200
2026-02-24,107.06201171875,114.5,115.5,114.0,115.0,2964100
2026-02-25,107.9970474243164,115.5,115.5,114.0,114.5,4102200
2026-02-26,108.46456146240234,116.0,116.0,115.0,115.0,2914300
2026-02-27,107.06201171875,114.5,116.0,114.5,116.0,5865700
2026-03-02,106.12696838378906,113.5,115.0,113.5,114.0,5431900
2026-03-04,104.72441101074219,112.0,113.0,110.5,113.0,15534400
2026-03-05,105.19193267822266,112.5,113.0,112.0,113.0,4667000
2026-03-06,104.72441101074219,112.0,113.0,112.0,112.5,3695600
2026-03-09,103.78936767578125,111.0,111.5,110.0,111.0,7739900
2026-03-10,104.25688934326172,111.5,113.0,111.5,112.0,5224000
2026-03-11,105.19193267822266,112.5,112.5,111.5,112.0,4117700
2026-03-12,105.6594467163086,113.0,113.0,112.0,112.5,3126800
2026-03-13,105.6594467163086,113.0,113.5,112.5,112.5,2211900
2026-03-16,104.72441101074219,112.0,113.0,112.0,113.0,4653300
2026-03-17,105.6594467163086,113.0,113.0,111.5,112.5,2483500
2026-03-18,105.6594467163086,113.0,114.0,112.5,112.5,3750900
2026-03-19,106.12696838378906,113.5,114.5,113.0,113.0,5256600
2026-03-20,106.12696838378906,113.5,114.0,112.0,114.0,8317800
2026-03-23,104.72441101074219,112.0,112.5,111.5,112.5,5888200
2026-03-24,105.19193267822266,112.5,113.5,111.5,112.0,6081100
2026-03-25,105.6594467163086,113.0,113.5,112.5,113.0,3703000
2026-03-26,105.6594467163086,113.0,113.5,112.5,112.5,3323500
2026-03-27,105.19193267822266,112.5,113.5,112.5,113.0,3567200
2026-03-30,105.19193267822266,112.5,113.0,112.0,112.5,3502200
2026-03-31,105.6594467163086,113.0,113.0,112.0,112.5,1970700
2026-04-01,106.12696838378906,113.5,114.0,113.0,113.5,4229500
2026-04-02,106.12696838378906,113.5,114.0,113.0,113.5,4900200
2026-04-03,106.594482421875,114.0,114.0,113.5,114.0,750900
2026-04-07,107.52952575683594,115.0,115.5,112.0,114.0,7504400
2026-04-08,107.52952575683594,115.0,115.5,114.5,115.5,3608100
2026-04-09,107.52952575683594,115.0,115.5,114.5,115.0,3298900
2026-04-10,107.52952575683594,115.0,115.5,114.5,115.0,1806800
2026-04-16,107.52952575683594,115.0,115.0,113.0,115.0,7683400
2026-04-17,106.12696838378906,113.5,115.5,113.5,114.5,4525100
2026-04-20,106.12696838378906,113.5,114.5,113.0,114.0,6909500
2026-04-21,107.06201171875,114.5,115.0,113.5,114.0,5040500
2026-04-22,106.594482421875,114.0,114.5,113.5,114.5,6782000
2026-04-23,106.12696838378906,113.5,114.5,113.5,114.0,4737700
2026-04-24,106.12696838378906,113.5,114.5,113.5,114.0,4989700
2026-04-27,107.06201171875,114.5,115.0,114.0,114.0,6215100
2026-04-28,107.52952575683594,115.0,115.0,114.0,114.5,6331200
2026-04-29,109.74409484863281,111.5,111.5,110.0,110.0,13423800
2026-04-30,107.77558898925781,109.5,111.0,109.5,111.0,6974300
2026-05-01,107.77558898925781,109.5,109.5,109.5,109.5,0
2026-05-04,107.77558898925781,109.5,109.5,109.5,109.5,0
2026-05-05,108.75984191894531,110.5,111.0,109.5,109.5,4326500
2026-05-06,110.72834777832031,112.5,112.5,110.5,110.5,5274500
2026-05-07,110.23622131347656,112.0,113.0,112.0,112.5,2879600
2026-05-08,110.23622131347656,112.0,112.5,112.0,112.0,2274100
2026-05-11,110.72834777832031,112.5,113.0,112.0,112.0,2143800
2026-05-12,110.23622131347656,112.0,112.5,111.5,112.5,1882900
2026-05-13,109.74409484863281,111.5,112.5,111.5,112.5,3059700
2026-05-14,110.23622131347656,112.0,112.5,111.5,112.0,3386600
2026-05-15,111.22047424316406,113.0,113.5,112.0,112.0,4252800
2026-05-18,111.71260070800781,113.5,114.0,112.0,112.5,5661300
2026-05-19,111.22047424316406,113.0,113.5,112.5,113.5,3439700
2026-05-20,111.22047424316406,113.0,113.5,112.5,113.0,2545700
2026-05-21,111.71260070800781,113.5,113.5,113.0,113.5,1899800
2026-05-22,111.22047424316406,113.0,113.5,112.5,113.5,2187400
2026-05-25,111.22047424316406,113.0,113.5,113.0,113.5,1514200
2026-05-26,111.71260070800781,113.5,113.5,113.0,113.0,1114800
2026-05-27,112.20472717285156,114.0,114.0,113.0,113.5,2815000
2026-05-28,111.22047424316406,113.0,114.0,113.0,114.0,1083700
2026-05-29,111.22047424316406,113.0,114.0,113.0,113.5,1749000
2026-06-01,111.22047424316406,113.0,113.0,113.0,113.0,0
2026-06-02,112.20472717285156,114.0,114.0,113.0,113.0,2820500
2026-06-03,112.20472717285156,114.0,114.0,114.0,114.0,0
2026-06-04,111.22047424316406,113.0,114.0,113.0,113.5,7604700
2026-06-05,112.20472717285156,114.0,114.0,113.0,113.5,2863100
2026-06-08,111.22047424316406,113.0,114.0,113.0,113.5,4208900
2026-06-09,112.20472717285156,114.0,114.0,113.0,113.5,3700500
2026-06-10,112.20472717285156,114.0,114.5,113.5,114.0,4065900
2026-06-11,111.71260070800781,113.5,114.5,113.0,114.0,2641900
2026-06-12,112.69685363769531,114.5,114.5,113.5,113.5,2741500
2026-06-15,113.18898010253906,115.0,115.0,114.0,114.5,2499700
2026-06-16,114.17323303222656,116.0,116.0,115.0,115.0,5908400
2026-06-17,113.68110656738281,115.5,116.5,114.5,116.5,4716500
2026-06-18,116.14173126220703,118.0,118.0,115.5,115.5,7140600
2026-06-19,114.66535186767578,116.5,118.5,116.5,118.5,4002800
2026-06-22,114.17323303222656,116.0,117.0,115.5,116.5,4335900
2026-06-23,114.66535186767578,116.5,117.5,116.0,116.5,4544000
2026-06-24,114.66535186767578,116.5,117.5,116.0,116.5,2815600
2026-06-25,115.64960479736328,117.5,118.0,116.5,117.0,3037700
2026-06-26,115.64960479736328,117.5,118.0,116.5,117.5,2411400
2026-06-29,116.14173126220703,118.0,118.0,116.5,117.5,3651400
2026-06-30,116.14173126220703,118.0,119.0,117.5,118.0,5187800
2026-07-01,116.63385772705078,118.5,118.5,117.5,118.0,1784400
2026-07-02,118.60236358642578,120.5,121.0,118.0,118.5,6896300
2026-07-03,120.07874298095703,122.0,122.0,119.5,120.5,5474000
2026-07-06,119.09449005126953,121.0,122.0,119.0,122.0,3813300
2026-07-07,119.58661651611328,121.5,122.0,120.5,121.0,5655000
2026-07-08,119.58661651611328,121.5,122.5,121.0,121.5,3282300
2026-07-09,121.06299591064453,123.0,123.5,122.0,122.0,3811200
2026-07-10,121.55512237548828,123.5,124.5,122.0,123.5,5991500
2026-07-13,124.0157470703125,126.0,126.5,123.5,123.5,3879500
2026-07-14,122.53936767578125,124.5,126.0,124.0,126.0,3390700
2026-07-15,123.031494140625,125.0,125.5,124.0,125.0,4285600
2026-07-16,125.0,127.0,128.0,125.5,125.5,4332000
2026-07-17,126.47637939453125,128.5,130.0,127.5,127.5,3287400
2026-07-20,130.905517578125,133.0,133.0,129.0,129.0,5311300
2026-07-21,128.44488525390625,130.5,133.0,129.0,133.0,6452700
2026-07-22,127.46063232421875,129.5,130.5,128.5,130.0,4022000
2026-07-23,127.9527587890625,130.0,130.5,128.5,129.0,2945800
2026-07-24,127.9527587890625,130.0,130.5,128.5,129.0,3312100
2026-07-27,126.968505859375,129.0,130.0,128.0,130.0,4568600
2026-07-28,126.968505859375,129.0,129.0,129.0,129.0,0
2026-07-29,126.968505859375,129.0,129.0,129.0,129.0,0
2026-07-30,125.9842529296875,128.0,128.5,126.0,128.5,7441200
2026-07-31,126.47637939453125,128.5,129.5,128.0,128.0,9028200
2026-08-03,126.968505859375,129.0,130.0,127.5,128.5,4496900
2026-08-04,127.9527587890625,130.0,130.0,128.5,129.0,1811600
2026-08-05,127.9527587890625,130.0,130.5,129.0,130.5,2891200
2026-08-06,127.46063232421875,129.5,130.5,129.0,129.5,4912800
2026-08-07,126.968505859375,129.0,130.0,128.5,129.5,2784800
2026-08-10,126.968505859375,129.0,129.5,128.5,129.0,1851700
2026-08-11,126.968505859375,129.0,129.5,127.5,129.0,5513400
2026-08-12,126.968505859375,129.0,129.0,129.0,129.0,0
2026-08-13,126.47637939453125,128.5,129.0,127.0,129.0,5268100
2026-08-14,125.0,127.0,129.0,127.0,128.5,2272900
2026-08-17,125.49212646484375,127.5,128.0,127.0,127.0,2555000
2026-08-18,123.52362060546875,125.5,127.5,125.0,127.5,4831900
2026-08-19,123.52362060546875,125.5,126.5,125.5,125.5,2316800
2026-08-20,122.53936767578125,124.5,126.0,124.5,126.0,4318700
2026-08-21,123.52362060546875,125.5,126.0,124.5,124.5,1976700
2026-08-24,123.031494140625,125.0,125.5,124.0,125.5,2346400
2026-08-25,124.0157470703125,126.0,126.5,124.5,125.5,3820800
2026-08-26,125.0,127.0,127.5,126.5,126.5,4341000
2026-08-27,125.0,127.0,127.0,126.0,127.0,3219900
