Date,Adj Close,Close,High,Low,Open,Volume
2016-08-26,1.3067238330841064,2.0667409896850586,2.1033198833465576,2.0667409896850586,2.0850300788879395,137295413
2016-08-29,1.3067238330841064,2.0667409896850586,2.0850300788879395,2.0484509468078613,2.0850300788879395,99565087
2016-08-30,1.3182872533798218,2.0850300788879395,2.0850300788879395,2.0484509468078613,2.0850300788879395,118288914
2016-08-31,1.3067238330841064,2.0667409896850586,2.0850300788879395,2.0667409896850586,2.0850300788879395,97022679
2016-09-01,1.2835956811904907,2.030160903930664,2.0850300788879395,2.030160903930664,2.0667409896850586,178922785
2016-09-02,1.2835956811904907,2.030160903930664,2.0484509468078613,2.011871099472046,2.0484509468078613,245510266
2016-09-05,1.2604681253433228,1.993582010269165,2.0484509468078613,1.9752919673919678,2.030160903930664,286420734
2016-09-06,1.2604681253433228,1.993582010269165,2.011871099472046,1.9752919673919678,1.993582010269165,198534322
2016-09-07,1.2604681253433228,1.993582010269165,2.030160903930664,1.993582010269165,2.011871099472046,109764465
2016-09-08,1.2489038705825806,1.9752919673919678,2.011871099472046,1.95700204372406,2.011871099472046,244451312
2016-09-09,1.2373400926589966,1.95700204372406,1.993582010269165,1.9387120008468628,1.9752919673919678,165609751
2016-09-12,1.191084384918213,1.883842945098877,1.9387120008468628,1.883842945098877,1.9387120008468628,257851609
2016-09-13,1.2142122983932495,1.9204230308532715,1.9387120008468628,1.9021329879760742,1.9021329879760742,178478602
2016-09-14,1.2373400926589966,1.95700204372406,1.95700204372406,1.9204230308532715,1.9204230308532715,54749261
2016-09-15,1.2489038705825806,1.9752919673919678,1.993582010269165,1.9387120008468628,1.9387120008468628,151139346
2016-09-16,1.2373400926589966,1.95700204372406,1.993582010269165,1.9387120008468628,1.9752919673919678,219003061
2016-09-19,1.2604681253433228,1.993582010269165,1.993582010269165,1.95700204372406,1.95700204372406,135377617
2016-09-20,1.2489038705825806,1.9752919673919678,1.993582010269165,1.9387120008468628,1.9752919673919678,94896898
2016-09-21,1.2489038705825806,1.9752919673919678,2.011871099472046,1.95700204372406,1.9752919673919678,167245093
2016-09-22,1.2720317840576172,2.011871099472046,2.030160903930664,1.993582010269165,2.011871099472046,184472781
2016-09-23,1.2604681253433228,1.993582010269165,2.011871099472046,1.9752919673919678,1.993582010269165,151663355
2016-09-26,1.2604681253433228,1.993582010269165,1.993582010269165,1.95700204372406,1.9752919673919678,78667584
2016-09-27,1.2373400926589966,1.95700204372406,1.993582010269165,1.95700204372406,1.9752919673919678,118461688
2016-09-28,1.2142122983932495,1.9204230308532715,1.95700204372406,1.9204230308532715,1.95700204372406,209166401
2016-09-29,1.2257758378982544,1.9387120008468628,1.95700204372406,1.9387120008468628,1.9387120008468628,137384643
2016-09-30,1.2257758378982544,1.9387120008468628,1.95700204372406,1.9204230308532715,1.9387120008468628,109635212
2016-10-03,1.2257758378982544,1.9387120008468628,1.95700204372406,1.9204230308532715,1.9387120008468628,159553788
2016-10-04,1.2257758378982544,1.9387120008468628,1.9387120008468628,1.9021329879760742,1.9387120008468628,393129498
2016-10-05,1.2373400926589966,1.95700204372406,1.95700204372406,1.9387120008468628,1.95700204372406,179505626
2016-10-06,1.2257758378982544,1.9387120008468628,1.95700204372406,1.9387120008468628,1.9387120008468628,68153932
2016-10-07,1.2142122983932495,1.9204230308532715,1.95700204372406,1.9204230308532715,1.9387120008468628,66330178
2016-10-10,1.191084384918213,1.883842945098877,1.9021329879760742,1.8655530214309692,1.883842945098877,268327534
2016-10-11,1.1679567098617554,1.847264051437378,1.9021329879760742,1.8289740085601807,1.883842945098877,195097752
2016-10-12,1.1217010021209717,1.7741049528121948,1.8655530214309692,1.673511028289795,1.847264051437378,599732714
2016-10-13,1.1390464305877686,1.8015389442443848,1.8015389442443848,1.7100909948349,1.7649600505828857,326662740
2016-10-14,1.1679567098617554,1.847264051437378,1.883842945098877,1.819828987121582,1.8655530214309692,474285799
2016-10-17,1.1795201301574707,1.8655530214309692,1.8655530214309692,1.8289740085601807,1.847264051437378,74465775
2016-10-18,1.1563925743103027,1.8289740085601807,1.8655530214309692,1.8289740085601807,1.8655530214309692,65030433
2016-10-19,1.1679567098617554,1.847264051437378,1.8655530214309692,1.8289740085601807,1.847264051437378,113093434
2016-10-20,1.2026481628417969,1.9021329879760742,1.9204230308532715,1.847264051437378,1.8655530214309692,358192213
2016-10-21,1.2142122983932495,1.9204230308532715,1.9204230308532715,1.883842945098877,1.9021329879760742,151315729
2016-10-25,1.2142122983932495,1.9204230308532715,1.9204230308532715,1.9021329879760742,1.9204230308532715,61266903
2016-10-26,1.191084384918213,1.883842945098877,1.9204230308532715,1.8655530214309692,1.9021329879760742,110930364
2016-10-27,1.191084384918213,1.883842945098877,1.9021329879760742,1.8655530214309692,1.883842945098877,88306209
2016-10-28,1.1795201301574707,1.8655530214309692,1.9021329879760742,1.8655530214309692,1.883842945098877,62159206
2016-10-31,1.2142122983932495,1.9204230308532715,1.9204230308532715,1.8655530214309692,1.8655530214309692,153401816
2016-11-01,1.2257758378982544,1.9387120008468628,1.9752919673919678,1.9204230308532715,1.9387120008468628,334119487
2016-11-02,1.2257758378982544,1.9387120008468628,1.9752919673919678,1.9204230308532715,1.9387120008468628,142771706
2016-11-03,1.2142122983932495,1.9204230308532715,1.95700204372406,1.9204230308532715,1.9387120008468628,96147325
2016-11-04,1.2026481628417969,1.9021329879760742,1.9387120008468628,1.883842945098877,1.9204230308532715,160844020
2016-11-07,1.2026481628417969,1.9021329879760742,1.9387120008468628,1.9021329879760742,1.9204230308532715,100439348
2016-11-08,1.2142122983932495,1.9204230308532715,1.9387120008468628,1.9021329879760742,1.9204230308532715,121900446
2016-11-09,1.2026481628417969,1.9021329879760742,1.9204230308532715,1.847264051437378,1.9021329879760742,433192059
2016-11-10,1.2026481628417969,1.9021329879760742,1.9204230308532715,1.9021329879760742,1.9204230308532715,98428057
2016-11-11,1.191084384918213,1.883842945098877,1.9021329879760742,1.883842945098877,1.9021329879760742,70919963
2016-11-14,1.1795201301574707,1.8655530214309692,1.883842945098877,1.847264051437378,1.883842945098877,83240420
2016-11-15,1.1795201301574707,1.8655530214309692,1.883842945098877,1.8289740085601807,1.8655530214309692,164092944
2016-11-16,1.1679567098617554,1.847264051437378,1.8655530214309692,1.847264051437378,1.8655530214309692,36106573
2016-11-17,1.1679567098617554,1.847264051437378,1.883842945098877,1.8289740085601807,1.847264051437378,130867876
2016-11-18,1.1679567098617554,1.847264051437378,1.8655530214309692,1.8289740085601807,1.847264051437378,83868203
2016-11-21,1.1679567098617554,1.847264051437378,1.8655530214309692,1.8289740085601807,1.847264051437378,46894914
2016-11-22,1.1795201301574707,1.8655530214309692,1.8655530214309692,1.847264051437378,1.8655530214309692,33471326
2016-11-23,1.1679567098617554,1.847264051437378,1.8655530214309692,1.847264051437378,1.8655530214309692,37152733
2016-11-24,1.1679567098617554,1.847264051437378,1.8655530214309692,1.847264051437378,1.8655530214309692,78246364
2016-11-25,1.1679567098617554,1.847264051437378,1.8655530214309692,1.847264051437378,1.847264051437378,98587490
2016-11-28,1.1679567098617554,1.847264051437378,1.8655530214309692,1.8289740085601807,1.847264051437378,112967243
2016-11-29,1.1563925743103027,1.8289740085601807,1.8655530214309692,1.8289740085601807,1.847264051437378,72949735
2016-11-30,1.1679567098617554,1.847264051437378,1.8655530214309692,1.8289740085601807,1.8289740085601807,167272759
2016-12-01,1.1679567098617554,1.847264051437378,1.883842945098877,1.847264051437378,1.8655530214309692,143717919
2016-12-02,1.1679567098617554,1.847264051437378,1.8655530214309692,1.8289740085601807,1.8655530214309692,73249903
2016-12-06,1.1795201301574707,1.8655530214309692,1.8655530214309692,1.8289740085601807,1.847264051437378,111676465
2016-12-07,1.191084384918213,1.883842945098877,1.883842945098877,1.847264051437378,1.8655530214309692,204815985
2016-12-08,1.2257758378982544,1.9387120008468628,1.9387120008468628,1.8655530214309692,1.883842945098877,334787075
2016-12-09,1.2142122983932495,1.9204230308532715,1.9387120008468628,1.9021329879760742,1.9387120008468628,126972906
2016-12-13,1.2142122983932495,1.9204230308532715,1.9387120008468628,1.9021329879760742,1.9204230308532715,108299053
2016-12-14,1.2142122983932495,1.9204230308532715,1.9387120008468628,1.9021329879760742,1.9387120008468628,61297084
2016-12-15,1.2257758378982544,1.9387120008468628,1.9387120008468628,1.9021329879760742,1.9204230308532715,76178648
2016-12-16,1.2142122983932495,1.9204230308532715,1.9387120008468628,1.9204230308532715,1.9387120008468628,43027282
2016-12-19,1.2142122983932495,1.9204230308532715,1.9387120008468628,1.9204230308532715,1.9204230308532715,84183243
2016-12-20,1.2026481628417969,1.9021329879760742,1.9204230308532715,1.9021329879760742,1.9204230308532715,71376941
2016-12-21,1.2142122983932495,1.9204230308532715,1.9204230308532715,1.9021329879760742,1.9204230308532715,41000791
2016-12-22,1.2026481628417969,1.9021329879760742,1.9204230308532715,1.883842945098877,1.9021329879760742,66283594
2016-12-23,1.2026481628417969,1.9021329879760742,1.9387120008468628,1.883842945098877,1.9021329879760742,113548224
2016-12-26,1.2026481628417969,1.9021329879760742,1.9204230308532715,1.883842945098877,1.9204230308532715,35800609
2016-12-27,1.2026481628417969,1.9021329879760742,1.9204230308532715,1.883842945098877,1.9021329879760742,39964145
2016-12-28,1.2142122983932495,1.9204230308532715,1.9204230308532715,1.9021329879760742,1.9021329879760742,20380492
2016-12-29,1.2257758378982544,1.9387120008468628,1.95700204372406,1.9021329879760742,1.9204230308532715,109662112
2016-12-30,1.2142122983932495,1.9204230308532715,1.95700204372406,1.9204230308532715,1.9387120008468628,53717973
2017-01-04,1.2489038705825806,1.9752919673919678,1.993582010269165,1.9387120008468628,1.9387120008468628,322505328
2017-01-05,1.2835956811904907,2.030160903930664,2.030160903930664,1.9752919673919678,1.9752919673919678,357454423
2017-01-06,1.3067238330841064,2.0667409896850586,2.0850300788879395,2.011871099472046,2.030160903930664,415997395
2017-01-09,1.3182872533798218,2.0850300788879395,2.0850300788879395,2.0484509468078613,2.0667409896850586,203987542
2017-01-10,1.3182872533798218,2.0850300788879395,2.121609926223755,2.0667409896850586,2.0850300788879395,349636818
2017-01-11,1.3182872533798218,2.0850300788879395,2.121609926223755,2.0667409896850586,2.1033198833465576,262333793
2017-01-12,1.3067238330841064,2.0667409896850586,2.121609926223755,2.0667409896850586,2.1033198833465576,113689178
2017-01-16,1.2951596975326538,2.0484509468078613,2.0667409896850586,1.993582010269165,2.0484509468078613,334056173
2017-01-17,1.2951596975326538,2.0484509468078613,2.1033198833465576,2.030160903930664,2.0484509468078613,243166220
2017-01-18,1.3298513889312744,2.1033198833465576,2.121609926223755,2.0667409896850586,2.0850300788879395,459656617
2017-01-19,1.3067238330841064,2.0667409896850586,2.1033198833465576,2.0484509468078613,2.0850300788879395,274285737
2017-01-20,1.3182872533798218,2.0850300788879395,2.0850300788879395,2.0484509468078613,2.0667409896850586,124573420
2017-01-23,1.2951596975326538,2.0484509468078613,2.1033198833465576,2.0484509468078613,2.0850300788879395,97289714
2017-01-24,1.3182872533798218,2.0850300788879395,2.1033198833465576,2.0484509468078613,2.0484509468078613,152881962
2017-01-25,1.3529797792434692,2.139899969100952,2.139899969100952,2.0667409896850586,2.0850300788879395,451491167
2017-01-26,1.3529797792434692,2.139899969100952,2.158189058303833,2.1033198833465576,2.139899969100952,290370817
2017-01-27,1.341415524482727,2.121609926223755,2.139899969100952,2.1033198833465576,2.121609926223755,132317978
2017-01-30,1.341415524482727,2.121609926223755,2.139899969100952,2.0850300788879395,2.1033198833465576,74830023
2017-01-31,1.3529797792434692,2.139899969100952,2.139899969100952,2.0850300788879395,2.1033198833465576,138548027
2017-02-01,1.3761072158813477,2.1764791011810303,2.1947689056396484,2.121609926223755,2.121609926223755,307287073
2017-02-02,1.3761072158813477,2.1764791011810303,2.2130589485168457,2.158189058303833,2.1764791011810303,221488388
2017-02-03,1.3992353677749634,2.2130589485168457,2.2313480377197266,2.158189058303833,2.158189058303833,289655443
2017-02-06,1.4107987880706787,2.2313480377197266,2.267927885055542,2.2130589485168457,2.2130589485168457,329187981
2017-02-07,1.4107987880706787,2.2313480377197266,2.249638080596924,2.2130589485168457,2.2313480377197266,144337392
2017-02-08,1.4107987880706787,2.2313480377197266,2.249638080596924,2.2130589485168457,2.2313480377197266,126121172
2017-02-09,1.4339268207550049,2.267927885055542,2.267927885055542,2.2313480377197266,2.2313480377197266,139127915
2017-02-10,1.4223629236221313,2.249638080596924,2.2862179279327393,2.249638080596924,2.267927885055542,122578312
2017-02-14,1.3992353677749634,2.2130589485168457,2.267927885055542,2.2130589485168457,2.249638080596924,155148806
2017-02-15,1.4107987880706787,2.2313480377197266,2.267927885055542,2.2130589485168457,2.2130589485168457,302527356
2017-02-16,1.4223629236221313,2.249638080596924,2.249638080596924,2.2313480377197266,2.249638080596924,47586340
2017-02-17,1.4223629236221313,2.249638080596924,2.267927885055542,2.2313480377197266,2.249638080596924,128163410
2017-02-20,1.4454911947250366,2.2862179279327393,2.30450701713562,2.267927885055542,2.267927885055542,280105720
2017-02-21,1.4454911947250366,2.2862179279327393,2.3227970600128174,2.267927885055542,2.2862179279327393,277362652
2017-02-22,1.4454911947250366,2.2862179279327393,2.30450701713562,2.267927885055542,2.30450701713562,164002183
2017-02-23,1.3761072158813477,2.1764791011810303,2.30450701713562,2.1764791011810303,2.30450701713562,232917088
2017-02-24,1.3992353677749634,2.2130589485168457,2.2313480377197266,2.1764791011810303,2.1947689056396484,113670807
2017-02-27,1.3992353677749634,2.2130589485168457,2.249638080596924,2.2130589485168457,2.2130589485168457,31158117
2017-02-28,1.4107987880706787,2.2313480377197266,2.249638080596924,2.2130589485168457,2.2313480377197266,59625437
2017-03-01,1.4223629236221313,2.249638080596924,2.267927885055542,2.2313480377197266,2.249638080596924,51510834
2017-03-02,1.4454911947250366,2.2862179279327393,2.30450701713562,2.249638080596924,2.267927885055542,143415673
2017-03-03,1.4107987880706787,2.2313480377197266,2.267927885055542,2.2313480377197266,2.267927885055542,62138539
2017-03-06,1.3992353677749634,2.2130589485168457,2.249638080596924,2.1947689056396484,2.2313480377197266,52725504
2017-03-07,1.4107987880706787,2.2313480377197266,2.2313480377197266,2.1947689056396484,2.2130589485168457,65308184
2017-03-08,1.3992353677749634,2.2130589485168457,2.2313480377197266,2.1764791011810303,2.2130589485168457,174574228
2017-03-09,1.4107987880706787,2.2313480377197266,2.2313480377197266,2.1947689056396484,2.2130589485168457,59849715
2017-03-10,1.3876712322235107,2.1947689056396484,2.2313480377197266,2.1947689056396484,2.2130589485168457,70859820
2017-03-13,1.341415524482727,2.121609926223755,2.1947689056396484,2.1033198833465576,2.1947689056396484,113681523
2017-03-14,1.3645431995391846,2.158189058303833,2.1947689056396484,2.1033198833465576,2.121609926223755,166352134
2017-03-15,1.3992353677749634,2.2130589485168457,2.2130589485168457,2.158189058303833,2.1764791011810303,91410463
2017-03-16,1.4107987880706787,2.2313480377197266,2.267927885055542,2.2130589485168457,2.2313480377197266,117286057
2017-03-17,1.3876712322235107,2.1947689056396484,2.249638080596924,2.1947689056396484,2.249638080596924,81450783
2017-03-20,1.4107987880706787,2.2313480377197266,2.2313480377197266,2.158189058303833,2.1764791011810303,57275814
2017-03-21,1.3992353677749634,2.2130589485168457,2.2313480377197266,2.1764791011810303,2.2130589485168457,68418343
2017-03-22,1.3761072158813477,2.1764791011810303,2.2130589485168457,2.1764791011810303,2.1764791011810303,64392261
2017-03-23,1.3876712322235107,2.1947689056396484,2.2130589485168457,2.1764791011810303,2.1947689056396484,53936565
2017-03-24,1.3876712322235107,2.1947689056396484,2.2130589485168457,2.1764791011810303,2.1764791011810303,35810123
2017-03-27,1.3761072158813477,2.1764791011810303,2.2130589485168457,2.1764791011810303,2.1947689056396484,41362415
2017-03-28,1.3645431995391846,2.158189058303833,2.2130589485168457,2.158189058303833,2.1764791011810303,74586499
2017-03-29,1.3761072158813477,2.1764791011810303,2.1947689056396484,2.158189058303833,2.158189058303833,43516737
2017-03-30,1.3992353677749634,2.2130589485168457,2.2130589485168457,2.158189058303833,2.1764791011810303,88645416
2017-03-31,1.4107987880706787,2.2313480377197266,2.249638080596924,2.1764791011810303,2.2130589485168457,134056002
2017-04-03,1.3876712322235107,2.1947689056396484,2.2313480377197266,2.1947689056396484,2.2313480377197266,54432034
2017-04-04,1.4107987880706787,2.2313480377197266,2.2313480377197266,2.1947689056396484,2.1947689056396484,34073631
2017-04-05,1.4107987880706787,2.2313480377197266,2.2313480377197266,2.2130589485168457,2.2313480377197266,26994691
2017-04-07,1.3876712322235107,2.1947689056396484,2.2313480377197266,2.1947689056396484,2.2130589485168457,59170100
2017-04-10,1.4107987880706787,2.2313480377197266,2.2313480377197266,2.1947689056396484,2.1947689056396484,63341836
2017-04-11,1.3992353677749634,2.2130589485168457,2.249638080596924,2.2130589485168457,2.2313480377197266,102206349
2017-04-12,1.4339268207550049,2.267927885055542,2.2862179279327393,2.2130589485168457,2.2313480377197266,188620132
2017-04-17,1.445777177810669,2.2313480377197266,2.2313480377197266,2.1947689056396484,2.2130589485168457,96199704
2017-04-18,1.37467360496521,2.121609926223755,2.2130589485168457,2.1033198833465576,2.2130589485168457,430989951
2017-04-19,1.2917191982269287,1.993582010269165,2.121609926223755,1.993582010269165,2.1033198833465576,584470609
2017-04-20,1.3509719371795654,2.0850300788879395,2.1033198833465576,2.011871099472046,2.011871099472046,359650298
2017-04-21,1.3272711038589478,2.0484509468078613,2.0850300788879395,2.0484509468078613,2.0850300788879395,60422495
2017-04-24,1.3391218185424805,2.0667409896850586,2.0850300788879395,2.0484509468078613,2.0667409896850586,46312621
2017-04-25,1.3272711038589478,2.0484509468078613,2.0850300788879395,2.0484509468078613,2.0667409896850586,100741594
2017-04-26,1.3391218185424805,2.0667409896850586,2.0850300788879395,2.0484509468078613,2.0667409896850586,108936241
2017-04-27,1.3272711038589478,2.0484509468078613,2.0667409896850586,2.0484509468078613,2.0667409896850586,66167136
2017-04-28,1.3509719371795654,2.0850300788879395,2.0850300788879395,2.0484509468078613,2.0667409896850586,123448636
2017-05-02,1.3628227710723877,2.1033198833465576,2.1033198833465576,2.0667409896850586,2.0850300788879395,108992775
2017-05-03,1.3391218185424805,2.0667409896850586,2.1033198833465576,2.0667409896850586,2.0850300788879395,79516256
2017-05-04,1.3509719371795654,2.0850300788879395,2.0850300788879395,2.0667409896850586,2.0667409896850586,47028541
2017-05-08,1.3391218185424805,2.0667409896850586,2.0850300788879395,2.0667409896850586,2.0850300788879395,19185943
2017-05-09,1.3272711038589478,2.0484509468078613,2.0850300788879395,2.0484509468078613,2.0667409896850586,43570319
2017-05-11,1.3154202699661255,2.030160903930664,2.0667409896850586,2.030160903930664,2.0484509468078613,80156834
2017-05-12,1.3035695552825928,2.011871099472046,2.030160903930664,1.993582010269165,2.030160903930664,165385362
2017-05-15,1.2917191982269287,1.993582010269165,1.993582010269165,1.993582010269165,1.993582010269165,6709880
2017-05-16,1.279868483543396,1.9752919673919678,2.011871099472046,1.9387120008468628,1.993582010269165,247133034
2017-05-17,1.279868483543396,1.9752919673919678,2.030160903930664,1.95700204372406,1.9752919673919678,189291000
2017-05-18,1.279868483543396,1.9752919673919678,1.993582010269165,1.9752919673919678,1.9752919673919678,46369483
2017-05-19,1.3035695552825928,2.011871099472046,2.011871099472046,1.9752919673919678,1.993582010269165,35856816
2017-05-22,1.3154202699661255,2.030160903930664,2.030160903930664,1.993582010269165,2.011871099472046,83551195
2017-05-23,1.3035695552825928,2.011871099472046,2.030160903930664,2.011871099472046,2.011871099472046,45203693
2017-05-24,1.3154202699661255,2.030160903930664,2.030160903930664,2.011871099472046,2.011871099472046,47975301
2017-05-25,1.3154202699661255,2.030160903930664,2.0484509468078613,2.011871099472046,2.030160903930664,75069392
2017-05-26,1.3035695552825928,2.011871099472046,2.0484509468078613,2.011871099472046,2.030160903930664,51407826
2017-05-29,1.2917191982269287,1.993582010269165,2.030160903930664,1.993582010269165,2.011871099472046,52875206
2017-05-30,1.2917191982269287,1.993582010269165,2.011871099472046,1.993582010269165,2.011871099472046,38756692
2017-05-31,1.279868483543396,1.9752919673919678,2.011871099472046,1.9752919673919678,2.011871099472046,110524344
2017-06-01,1.279868483543396,1.9752919673919678,1.993582010269165,1.95700204372406,1.993582010269165,188185134
2017-06-02,1.279868483543396,1.9752919673919678,1.993582010269165,1.95700204372406,1.9752919673919678,134504012
2017-06-05,1.2680177688598633,1.95700204372406,1.9752919673919678,1.9387120008468628,1.95700204372406,207061177
2017-06-06,1.2680177688598633,1.95700204372406,1.9752919673919678,1.9387120008468628,1.95700204372406,150793906
2017-06-07,1.279868483543396,1.9752919673919678,1.993582010269165,1.95700204372406,1.95700204372406,72280179
2017-06-08,1.2917191982269287,1.993582010269165,2.011871099472046,1.9752919673919678,1.9752919673919678,95412815
2017-06-09,1.279868483543396,1.9752919673919678,1.993582010269165,1.95700204372406,1.993582010269165,75859671
2017-06-12,1.279868483543396,1.9752919673919678,1.993582010269165,1.95700204372406,1.993582010269165,33762637
2017-06-13,1.279868483543396,1.9752919673919678,1.993582010269165,1.95700204372406,1.9752919673919678,57431967
2017-06-14,1.279868483543396,1.9752919673919678,1.993582010269165,1.95700204372406,1.9752919673919678,48625174
2017-06-15,1.2917191982269287,1.993582010269165,1.993582010269165,1.95700204372406,1.9752919673919678,65186149
2017-06-16,1.2680177688598633,1.95700204372406,1.993582010269165,1.95700204372406,1.9752919673919678,53980853
2017-06-19,1.2917191982269287,1.993582010269165,1.993582010269165,1.95700204372406,1.9752919673919678,117500385
2017-06-20,1.2917191982269287,1.993582010269165,2.011871099472046,1.9752919673919678,1.993582010269165,135820488
2017-06-21,1.3154202699661255,2.030160903930664,2.0484509468078613,1.993582010269165,1.993582010269165,237630222
2017-06-22,1.3628227710723877,2.1033198833465576,2.121609926223755,2.030160903930664,2.0484509468078613,555240676
2017-06-23,1.3628227710723877,2.1033198833465576,2.121609926223755,2.0667409896850586,2.1033198833465576,233260450
2017-06-26,1.3628227710723877,2.1033198833465576,2.121609926223755,2.0850300788879395,2.121609926223755,79453707
2017-06-27,1.3628227710723877,2.1033198833465576,2.121609926223755,2.0850300788879395,2.1033198833465576,45883637
2017-06-28,1.3509719371795654,2.0850300788879395,2.1033198833465576,2.0667409896850586,2.0850300788879395,66785406
2017-06-29,1.3628227710723877,2.1033198833465576,2.139899969100952,2.0667409896850586,2.0850300788879395,193495324
2017-06-30,1.3628227710723877,2.1033198833465576,2.121609926223755,2.0667409896850586,2.1033198833465576,126533425
2017-07-03,1.3509719371795654,2.0850300788879395,2.1033198833465576,2.0667409896850586,2.1033198833465576,53404464
2017-07-04,1.3391218185424805,2.0667409896850586,2.0850300788879395,2.0484509468078613,2.0850300788879395,103965149
2017-07-05,1.3391218185424805,2.0667409896850586,2.0850300788879395,2.0484509468078613,2.0667409896850586,48380774
2017-07-06,1.3391218185424805,2.0667409896850586,2.0667409896850586,2.030160903930664,2.0484509468078613,83776130
2017-07-07,1.3391218185424805,2.0667409896850586,2.0667409896850586,2.030160903930664,2.0667409896850586,22296211
2017-07-11,1.37467360496521,2.121609926223755,2.139899969100952,2.0667409896850586,2.0667409896850586,229279531
2017-07-12,1.3983746767044067,2.158189058303833,2.1764791011810303,2.1033198833465576,2.121609926223755,280180625
2017-07-13,1.3509719371795654,2.0850300788879395,2.1947689056396484,2.0850300788879395,2.158189058303833,219941073
2017-07-14,1.37467360496521,2.121609926223755,2.121609926223755,2.0667409896850586,2.0850300788879395,109704868
2017-07-17,1.3865244388580322,2.139899969100952,2.158189058303833,2.1033198833465576,2.139899969100952,204118654
2017-07-18,1.3509719371795654,2.0850300788879395,2.1764791011810303,2.0850300788879395,2.158189058303833,251602533
2017-07-19,1.37467360496521,2.121609926223755,2.139899969100952,2.0850300788879395,2.1033198833465576,72564491
2017-07-20,1.3628227710723877,2.1033198833465576,2.139899969100952,2.1033198833465576,2.121609926223755,119390843
2017-07-21,1.410225510597229,2.1764791011810303,2.1764791011810303,2.121609926223755,2.121609926223755,328703884
2017-07-24,1.410225510597229,2.1764791011810303,2.1947689056396484,2.158189058303833,2.1764791011810303,150397181
2017-07-25,1.4220761060714722,2.1947689056396484,2.249638080596924,2.1764791011810303,2.1764791011810303,440768436
2017-07-26,1.4339269399642944,2.2130589485168457,2.2130589485168457,2.158189058303833,2.1947689056396484,147899607
2017-07-27,1.4339269399642944,2.2130589485168457,2.2313480377197266,2.1764791011810303,2.2130589485168457,62857849
2017-07-31,1.3983746767044067,2.158189058303833,2.2130589485168457,2.121609926223755,2.1947689056396484,148835869
2017-08-01,1.3865244388580322,2.139899969100952,2.158189058303833,2.121609926223755,2.158189058303833,166152568
2017-08-02,1.410225510597229,2.1764791011810303,2.1764791011810303,2.139899969100952,2.139899969100952,69661334
2017-08-03,1.410225510597229,2.1764791011810303,2.1764791011810303,2.158189058303833,2.1764791011810303,39843203
2017-08-04,1.37467360496521,2.121609926223755,2.1947689056396484,2.1033198833465576,2.1764791011810303,135881177
2017-08-07,1.3865244388580322,2.139899969100952,2.139899969100952,2.0850300788879395,2.139899969100952,128106547
2017-08-08,1.410225510597229,2.1764791011810303,2.1947689056396484,2.139899969100952,2.1764791011810303,124082325
2017-08-09,1.410225510597229,2.1764791011810303,2.1764791011810303,2.139899969100952,2.158189058303833,40552234
2017-08-10,1.3865244388580322,2.139899969100952,2.1764791011810303,2.121609926223755,2.158189058303833,65368327
2017-08-11,1.37467360496521,2.121609926223755,2.139899969100952,2.0850300788879395,2.139899969100952,108200091
2017-08-15,1.37467360496521,2.121609926223755,2.139899969100952,2.1033198833465576,2.139899969100952,60490184
2017-08-16,1.37467360496521,2.121609926223755,2.139899969100952,2.0850300788879395,2.121609926223755,95007451
2017-08-17,1.3628227710723877,2.1033198833465576,2.139899969100952,2.0850300788879395,2.121609926223755,106698593
2017-08-18,1.3509719371795654,2.0850300788879395,2.121609926223755,2.0850300788879395,2.1033198833465576,65796327
2017-08-21,1.3628227710723877,2.1033198833465576,2.121609926223755,2.0850300788879395,2.0850300788879395,38667024
2017-08-22,1.3865244388580322,2.139899969100952,2.158189058303833,2.1033198833465576,2.1033198833465576,75593949
2017-08-23,1.37467360496521,2.121609926223755,2.158189058303833,2.1033198833465576,2.139899969100952,74275833
2017-08-24,1.3628227710723877,2.1033198833465576,2.139899969100952,2.0850300788879395,2.139899969100952,113433953
2017-08-25,1.410225510597229,2.1764791011810303,2.1764791011810303,2.1033198833465576,2.1033198833465576,137260639
2017-08-28,1.410225510597229,2.1764791011810303,2.1764791011810303,2.1764791011810303,2.1764791011810303,15762057
2017-08-29,1.4220761060714722,2.1947689056396484,2.2130589485168457,2.139899969100952,2.1764791011810303,302394276
2017-08-30,1.410225510597229,2.1764791011810303,2.2130589485168457,2.158189058303833,2.1947689056396484,218617927
2017-08-31,1.3983746767044067,2.158189058303833,2.1947689056396484,2.139899969100952,2.1947689056396484,193582586
2017-09-01,1.3983746767044067,2.158189058303833,2.1764791011810303,2.139899969100952,2.158189058303833,55169716
2017-09-04,1.3983746767044067,2.158189058303833,2.158189058303833,2.121609926223755,2.158189058303833,89367679
2017-09-05,1.3865244388580322,2.139899969100952,2.158189058303833,2.121609926223755,2.139899969100952,64648361
2017-09-06,1.3865244388580322,2.139899969100952,2.139899969100952,2.1033198833465576,2.139899969100952,168211427
2017-09-07,1.410225510597229,2.1764791011810303,2.1947689056396484,2.121609926223755,2.139899969100952,208620849
2017-09-08,1.3983746767044067,2.158189058303833,2.1947689056396484,2.158189058303833,2.1947689056396484,165461252
2017-09-11,1.3865244388580322,2.139899969100952,2.1764791011810303,2.121609926223755,2.1764791011810303,126705434
2017-09-12,1.3983746767044067,2.158189058303833,2.1764791011810303,2.139899969100952,2.158189058303833,152256912
2017-09-13,1.410225510597229,2.1764791011810303,2.2130589485168457,2.1764791011810303,2.1764791011810303,421584242
2017-09-14,1.445777177810669,2.2313480377197266,2.249638080596924,2.158189058303833,2.1764791011810303,316437994
2017-09-15,1.469478726387024,2.267927885055542,2.2862179279327393,2.2130589485168457,2.2313480377197266,390274893
2017-09-18,1.4813295602798462,2.2862179279327393,2.3227970600128174,2.2313480377197266,2.267927885055542,454258510
2017-09-19,1.4576280117034912,2.249638080596924,2.30450701713562,2.2313480377197266,2.2862179279327393,260724804
2017-09-20,1.4813295602798462,2.2862179279327393,2.2862179279327393,2.2130589485168457,2.249638080596924,171291623
2017-09-21,1.4576280117034912,2.249638080596924,2.267927885055542,2.2130589485168457,2.267927885055542,143564500
2017-09-22,1.445777177810669,2.2313480377197266,2.249638080596924,2.2130589485168457,2.2313480377197266,176981697
2017-09-25,1.469478726387024,2.267927885055542,2.267927885055542,2.2130589485168457,2.2313480377197266,81762980
2017-09-26,1.4576280117034912,2.249638080596924,2.267927885055542,2.2313480377197266,2.249638080596924,104016981
2017-09-27,1.4813295602798462,2.2862179279327393,2.30450701713562,2.2313480377197266,2.249638080596924,246216454
2017-09-28,1.4813295602798462,2.2862179279327393,2.2862179279327393,2.249638080596924,2.2862179279327393,142191599
2017-09-29,1.4931799173355103,2.30450701713562,2.30450701713562,2.249638080596924,2.267927885055542,125445712
2017-10-02,1.4813295602798462,2.2862179279327393,2.3227970600128174,2.249638080596924,2.30450701713562,261846963
2017-10-03,1.469478726387024,2.267927885055542,2.30450701713562,2.249638080596924,2.30450701713562,138309424
2017-10-04,1.4931799173355103,2.30450701713562,2.30450701713562,2.249638080596924,2.267927885055542,207694757
2017-10-05,1.4813295602798462,2.2862179279327393,2.3227970600128174,2.2862179279327393,2.30450701713562,99610031
2017-10-06,1.4931799173355103,2.30450701713562,2.3227970600128174,2.2862179279327393,2.30450701713562,92510095
2017-10-09,1.4813295602798462,2.2862179279327393,2.3227970600128174,2.2862179279327393,2.30450701713562,71870222
2017-10-10,1.5168815851211548,2.3410871028900146,2.3410871028900146,2.267927885055542,2.2862179279327393,415149707
2017-10-11,1.5168815851211548,2.3410871028900146,2.3776659965515137,2.3227970600128174,2.3410871028900146,268114409
2017-10-12,1.528732180595398,2.359376907348633,2.3776659965515137,2.3410871028900146,2.359376907348633,232026863
2017-10-16,1.5524333715438843,2.395956039428711,2.395956039428711,2.395956039428711,2.395956039428711,17324572
2017-10-17,1.4931799173355103,2.30450701713562,2.43253493309021,2.2862179279327393,2.395956039428711,549795220
2017-10-18,1.528732180595398,2.359376907348633,2.359376907348633,2.267927885055542,2.30450701713562,361345784
2017-10-19,1.4931799173355103,2.30450701713562,2.3776659965515137,2.30450701713562,2.3410871028900146,198563628
2017-10-20,1.528732180595398,2.359376907348633,2.359376907348633,2.30450701713562,2.30450701713562,148380860
2017-10-24,1.505030632019043,2.3227970600128174,2.359376907348633,2.30450701713562,2.3410871028900146,140714159
2017-10-25,1.4931799173355103,2.30450701713562,2.3410871028900146,2.2862179279327393,2.30450701713562,127918901
2017-10-27,1.528732180595398,2.359376907348633,2.3776659965515137,2.2862179279327393,2.30450701713562,153909314
2017-10-30,1.528732180595398,2.359376907348633,2.395956039428711,2.3227970600128174,2.359376907348633,133302246
2017-10-31,1.528732180595398,2.359376907348633,2.414246082305908,2.359376907348633,2.395956039428711,214461281
2017-11-01,1.5524333715438843,2.395956039428711,2.43253493309021,2.359376907348633,2.359376907348633,249165211
2017-11-02,1.540582299232483,2.3776659965515137,2.414246082305908,2.3776659965515137,2.3776659965515137,147569367
2017-11-03,1.528732180595398,2.359376907348633,2.395956039428711,2.359376907348633,2.3776659965515137,52492696
2017-11-06,1.540582299232483,2.3776659965515137,2.395956039428711,2.3410871028900146,2.3776659965515137,99062073
2017-11-07,1.528732180595398,2.359376907348633,2.395956039428711,2.3410871028900146,2.3776659965515137,87112207
2017-11-08,1.540582299232483,2.3776659965515137,2.395956039428711,2.359376907348633,2.359376907348633,93234983
2017-11-09,1.5168815851211548,2.3410871028900146,2.395956039428711,2.3410871028900146,2.3776659965515137,65376201
2017-11-10,1.505030632019043,2.3227970600128174,2.3410871028900146,2.30450701713562,2.3410871028900146,147909120
2017-11-13,1.5168815851211548,2.3410871028900146,2.3410871028900146,2.2862179279327393,2.30450701713562,81018956
2017-11-14,1.4931799173355103,2.30450701713562,2.3410871028900146,2.30450701713562,2.3227970600128174,100581067
2017-11-15,1.540582299232483,2.3776659965515137,2.395956039428711,2.30450701713562,2.30450701713562,196790394
2017-11-16,1.6116862297058105,2.4874050617218018,2.5056939125061035,2.395956039428711,2.395956039428711,756749453
2017-11-17,1.5998356342315674,2.4691150188446045,2.4874050617218018,2.43253493309021,2.4874050617218018,316750628
2017-11-20,1.6116862297058105,2.4874050617218018,2.523983955383301,2.4508249759674072,2.4691150188446045,165385909
2017-11-21,1.64723801612854,2.542273998260498,2.5605640411376953,2.4874050617218018,2.5056939125061035,304733839
2017-11-22,1.659089207649231,2.5605640411376953,2.5605640411376953,2.5056939125061035,2.523983955383301,199946152
2017-11-23,1.6827895641326904,2.5971429347991943,2.6154329776763916,2.5056939125061035,2.542273998260498,404678593
2017-11-24,1.659089207649231,2.5605640411376953,2.5971429347991943,2.523983955383301,2.578852891921997,175594472
2017-11-27,1.6827895641326904,2.5971429347991943,2.5971429347991943,2.523983955383301,2.542273998260498,143013043
2017-11-28,1.659089207649231,2.5605640411376953,2.5971429347991943,2.5605640411376953,2.578852891921997,101725314
2017-11-29,1.694640874862671,2.6154329776763916,2.6520121097564697,2.542273998260498,2.5605640411376953,367325966
2017-11-30,1.659089207649231,2.5605640411376953,2.633723020553589,2.5605640411376953,2.6154329776763916,200011653
2017-12-01,1.7183418273925781,2.6520121097564697,2.780040979385376,2.633723020553589,2.6520121097564697,605089705
2017-12-04,1.7301924228668213,2.670301914215088,2.7068819999694824,2.6520121097564697,2.688591957092285,205533655
2017-12-06,1.7420434951782227,2.688591957092285,2.688591957092285,2.6520121097564697,2.670301914215088,171359530
2017-12-07,1.7657444477081299,2.7251710891723633,2.7251710891723633,2.670301914215088,2.688591957092285,234780318
2017-12-08,1.7420434951782227,2.688591957092285,2.7434608936309814,2.670301914215088,2.7251710891723633,145347357
2017-12-12,1.7538939714431763,2.7068819999694824,2.7068819999694824,2.670301914215088,2.688591957092285,126241568
2017-12-13,1.7775946855545044,2.7434608936309814,2.7434608936309814,2.688591957092285,2.7068819999694824,177640318
2017-12-14,1.7657444477081299,2.7251710891723633,2.7434608936309814,2.7251710891723633,2.7434608936309814,120066194
2017-12-15,1.7775946855545044,2.7434608936309814,2.7434608936309814,2.7068819999694824,2.7251710891723633,141420785
2017-12-18,1.7775946855545044,2.7434608936309814,2.780040979385376,2.7251710891723633,2.7434608936309814,248125612
2017-12-19,1.7775946855545044,2.7434608936309814,2.780040979385376,2.7434608936309814,2.7434608936309814,190330599
2017-12-20,1.7657444477081299,2.7251710891723633,2.7617509365081787,2.7251710891723633,2.7434608936309814,124535256
2017-12-21,1.7538939714431763,2.7068819999694824,2.7434608936309814,2.7068819999694824,2.7434608936309814,71341730
2017-12-22,1.7657444477081299,2.7251710891723633,2.7434608936309814,2.7068819999694824,2.7251710891723633,143876697
2017-12-25,1.7775946855545044,2.7434608936309814,2.7617509365081787,2.7068819999694824,2.7068819999694824,183364619
2017-12-26,1.8012964725494385,2.780040979385376,2.780040979385376,2.7251710891723633,2.7617509365081787,178785222
2017-12-27,1.7894458770751953,2.7617509365081787,2.798330068588257,2.7617509365081787,2.780040979385376,123835082
2017-12-28,1.7894458770751953,2.7617509365081787,2.780040979385376,2.7251710891723633,2.780040979385376,172235540
2017-12-29,1.7894458770751953,2.7617509365081787,2.780040979385376,2.7251710891723633,2.7617509365081787,155783479
2018-01-03,1.8249976634979248,2.816620111465454,2.8349099159240723,2.7617509365081787,2.780040979385376,359806233
2018-01-04,1.8249976634979248,2.816620111465454,2.8349099159240723,2.7434608936309814,2.8349099159240723,346283244
2018-01-05,1.8012964725494385,2.780040979385376,2.816620111465454,2.7617509365081787,2.816620111465454,308409341
2018-01-08,1.7894458770751953,2.7617509365081787,2.816620111465454,2.7617509365081787,2.780040979385376,195228317
2018-01-09,1.8012964725494385,2.780040979385376,2.780040979385376,2.780040979385376,2.780040979385376,12434728
2018-01-10,1.7894458770751953,2.7617509365081787,2.798330068588257,2.7617509365081787,2.780040979385376,174962642
2018-01-11,1.7894458770751953,2.7617509365081787,2.798330068588257,2.7434608936309814,2.7617509365081787,120653955
2018-01-12,1.813146710395813,2.798330068588257,2.798330068588257,2.7617509365081787,2.780040979385376,115688440
2018-01-15,1.8249976634979248,2.816620111465454,2.8349099159240723,2.798330068588257,2.798330068588257,310201165
2018-01-16,1.836848497390747,2.8349099159240723,2.8714890480041504,2.798330068588257,2.8349099159240723,417947778
2018-01-17,1.8249976634979248,2.816620111465454,2.8349099159240723,2.780040979385376,2.816620111465454,254482398
2018-01-18,1.8249976634979248,2.816620111465454,2.8531999588012695,2.798330068588257,2.8349099159240723,265515467
2018-01-19,1.8486992120742798,2.8531999588012695,2.8531999588012695,2.798330068588257,2.816620111465454,190304464
2018-01-22,1.8012964725494385,2.780040979385376,2.8531999588012695,2.780040979385376,2.8531999588012695,147544544
2018-01-23,1.8012964725494385,2.780040979385376,2.816620111465454,2.7617509365081787,2.798330068588257,223807284
2018-01-24,1.7894458770751953,2.7617509365081787,2.798330068588257,2.7617509365081787,2.780040979385376,86802088
2018-01-25,1.7538939714431763,2.7068819999694824,2.798330068588257,2.688591957092285,2.7617509365081787,471608998
2018-01-26,1.7775946855545044,2.7434608936309814,2.7434608936309814,2.633723020553589,2.7068819999694824,372218763
2018-01-29,1.7775946855545044,2.7434608936309814,2.780040979385376,2.7251710891723633,2.7434608936309814,127972811
2018-01-30,1.7538939714431763,2.7068819999694824,2.7617509365081787,2.670301914215088,2.7434608936309814,224977120
2018-01-31,1.7183418273925781,2.6520121097564697,2.7068819999694824,2.6520121097564697,2.7068819999694824,260811738
2018-02-01,1.7183418273925781,2.6520121097564697,2.7068819999694824,2.633723020553589,2.6520121097564697,237030213
2018-02-02,1.7183418273925781,2.6520121097564697,2.7251710891723633,2.6520121097564697,2.670301914215088,320015299
2018-02-05,1.7183418273925781,2.6520121097564697,2.670301914215088,2.6154329776763916,2.633723020553589,157793786
2018-02-06,1.7420434951782227,2.688591957092285,2.7068819999694824,2.578852891921997,2.5971429347991943,450028489
2018-02-07,1.7538939714431763,2.7068819999694824,2.7434608936309814,2.688591957092285,2.7068819999694824,226274568
2018-02-08,1.7420434951782227,2.688591957092285,2.7251710891723633,2.670301914215088,2.7068819999694824,142667604
2018-02-09,1.7538939714431763,2.7068819999694824,2.7434608936309814,2.633723020553589,2.6520121097564697,185299911
2018-02-12,1.7538939714431763,2.7068819999694824,2.7251710891723633,2.670301914215088,2.7068819999694824,95902270
2018-02-13,1.7301924228668213,2.670301914215088,2.7068819999694824,2.633723020553589,2.7068819999694824,261078882
2018-02-14,1.7183418273925781,2.6520121097564697,2.670301914215088,2.633723020553589,2.6520121097564697,94187320
2018-02-15,1.7183418273925781,2.6520121097564697,2.688591957092285,2.6520121097564697,2.670301914215088,56156170
2018-02-16,1.7301924228668213,2.670301914215088,2.688591957092285,2.6520121097564697,2.6520121097564697,64496910
2018-02-19,1.7301924228668213,2.670301914215088,2.688591957092285,2.6520121097564697,2.670301914215088,60353604
2018-02-20,1.7183418273925781,2.6520121097564697,2.688591957092285,2.6520121097564697,2.670301914215088,29075420
2018-02-21,1.7183418273925781,2.6520121097564697,2.670301914215088,2.633723020553589,2.6520121097564697,51416137
2018-02-22,1.694640874862671,2.6154329776763916,2.670301914215088,2.6154329776763916,2.6520121097564697,178603043
2018-02-23,1.7183418273925781,2.6520121097564697,2.670301914215088,2.6154329776763916,2.633723020553589,89972936
2018-02-26,1.7657444477081299,2.7251710891723633,2.7251710891723633,2.670301914215088,2.670301914215088,180122146
2018-02-27,1.7775946855545044,2.7434608936309814,2.7434608936309814,2.670301914215088,2.7434608936309814,236666403
2018-02-28,1.7775946855545044,2.7434608936309814,2.7434608936309814,2.7068819999694824,2.7434608936309814,240258799
2018-03-02,1.7420434951782227,2.688591957092285,2.7434608936309814,2.670301914215088,2.7251710891723633,179908256
2018-03-05,1.7301924228668213,2.670301914215088,2.688591957092285,2.6520121097564697,2.688591957092285,99509975
2018-03-06,1.706491470336914,2.633723020553589,2.633723020553589,2.633723020553589,2.633723020553589,21689422
2018-03-07,1.7301924228668213,2.670301914215088,2.688591957092285,2.633723020553589,2.633723020553589,143611958
2018-03-08,1.7420434951782227,2.688591957092285,2.688591957092285,2.633723020553589,2.670301914215088,103322166
2018-03-09,1.7183418273925781,2.6520121097564697,2.688591957092285,2.633723020553589,2.688591957092285,114880009
2018-03-12,1.7420434951782227,2.688591957092285,2.7068819999694824,2.6520121097564697,2.688591957092285,125683878
2018-03-13,1.706491470336914,2.633723020553589,2.688591957092285,2.5971429347991943,2.688591957092285,199844346
2018-03-14,1.6827895641326904,2.5971429347991943,2.6520121097564697,2.5971429347991943,2.633723020553589,211792025
2018-03-15,1.64723801612854,2.542273998260498,2.5971429347991943,2.4508249759674072,2.578852891921997,807792703
2018-03-16,1.6353875398635864,2.523983955383301,2.5971429347991943,2.523983955383301,2.578852891921997,195597048
2018-03-19,1.64723801612854,2.542273998260498,2.5971429347991943,2.542273998260498,2.542273998260498,326564871
2018-03-20,1.659089207649231,2.5605640411376953,2.5971429347991943,2.542273998260498,2.542273998260498,136683704
2018-03-21,1.6709390878677368,2.578852891921997,2.633723020553589,2.542273998260498,2.5971429347991943,324201142
2018-03-22,1.659089207649231,2.5605640411376953,2.5971429347991943,2.542273998260498,2.578852891921997,118087818
2018-03-23,1.64723801612854,2.542273998260498,2.5605640411376953,2.523983955383301,2.542273998260498,87947429
2018-03-26,1.659089207649231,2.5605640411376953,2.578852891921997,2.542273998260498,2.542273998260498,50089929
2018-03-27,1.6353875398635864,2.523983955383301,2.5971429347991943,2.523983955383301,2.5605640411376953,232086022
2018-03-28,1.6235368251800537,2.5056939125061035,2.542273998260498,2.4874050617218018,2.523983955383301,296135578
2018-03-29,1.4931799173355103,2.30450701713562,2.4691150188446045,2.267927885055542,2.4691150188446045,1256822272
2018-03-30,1.5168815851211548,2.3410871028900146,2.359376907348633,2.2313480377197266,2.3227970600128174,626792360
2018-04-02,1.528732180595398,2.359376907348633,2.3776659965515137,2.30450701713562,2.3227970600128174,317825110
2018-04-03,1.505030632019043,2.3227970600128174,2.3776659965515137,2.3227970600128174,2.3410871028900146,289687374
2018-04-04,1.4220761060714722,2.1947689056396484,2.3410871028900146,2.158189058303833,2.3227970600128174,815730704
2018-04-05,1.4220761060714722,2.1947689056396484,2.2313480377197266,2.158189058303833,2.2130589485168457,319624370
2018-04-09,1.410225510597229,2.1764791011810303,2.2313480377197266,2.139899969100952,2.2130589485168457,304539522
2018-04-10,1.4339269399642944,2.2130589485168457,2.2313480377197266,2.1764791011810303,2.1947689056396484,235946327
2018-04-11,1.4576280117034912,2.249638080596924,2.2862179279327393,2.2130589485168457,2.2313480377197266,223100002
2018-04-12,1.4576280117034912,2.249638080596924,2.267927885055542,2.2130589485168457,2.249638080596924,103388104
2018-04-17,1.4813295602798462,2.2862179279327393,2.30450701713562,2.2313480377197266,2.249638080596924,143987032
2018-04-18,1.5168815851211548,2.3410871028900146,2.3776659965515137,2.30450701713562,2.3227970600128174,259555405
2018-04-19,1.4931799173355103,2.30450701713562,2.3776659965515137,2.249638080596924,2.359376907348633,359519952
2018-04-20,1.505030632019043,2.3227970600128174,2.3227970600128174,2.267927885055542,2.30450701713562,193364977
2018-04-23,1.4686187505722046,2.2130589485168457,2.2862179279327393,2.2130589485168457,2.267927885055542,181149607
2018-04-24,1.4564810991287231,2.1947689056396484,2.2313480377197266,2.1764791011810303,2.2313480377197266,179776160
2018-04-25,1.4322060346603394,2.158189058303833,2.1947689056396484,2.139899969100952,2.1764791011810303,254460747
2018-04-26,1.4322060346603394,2.158189058303833,2.1947689056396484,2.158189058303833,2.158189058303833,114456384
2018-04-27,1.4322060346603394,2.158189058303833,2.1764791011810303,2.1033198833465576,2.158189058303833,161037024
2018-04-30,1.4322060346603394,2.158189058303833,2.1947689056396484,2.158189058303833,2.1764791011810303,57262910
2018-05-02,1.4443438053131104,2.1764791011810303,2.1947689056396484,2.139899969100952,2.139899969100952,74344615
2018-05-03,1.4200692176818848,2.139899969100952,2.1764791011810303,2.139899969100952,2.158189058303833,203853588
2018-05-04,1.3715198040008545,2.0667409896850586,2.158189058303833,2.0667409896850586,2.139899969100952,448173132
2018-05-07,1.3957939147949219,2.1033198833465576,2.1033198833465576,2.0667409896850586,2.0667409896850586,164657195
2018-05-08,1.4322060346603394,2.158189058303833,2.1764791011810303,2.0667409896850586,2.1033198833465576,518876800
2018-05-09,1.4322060346603394,2.158189058303833,2.158189058303833,2.1033198833465576,2.139899969100952,231102082
2018-05-10,1.4322060346603394,2.158189058303833,2.1764791011810303,2.139899969100952,2.158189058303833,112965603
2018-05-11,1.4686187505722046,2.2130589485168457,2.2130589485168457,2.121609926223755,2.158189058303833,227845066
2018-05-14,1.4443438053131104,2.1764791011810303,2.2130589485168457,2.1764791011810303,2.1947689056396484,74259430
2018-05-15,1.4686187505722046,2.2130589485168457,2.2130589485168457,2.1764791011810303,2.1947689056396484,57327974
2018-05-16,1.4443438053131104,2.1764791011810303,2.2130589485168457,2.158189058303833,2.1947689056396484,87115816
2018-05-17,1.3957939147949219,2.1033198833465576,2.1764791011810303,2.1033198833465576,2.1764791011810303,217561926
2018-05-18,1.4079315662384033,2.121609926223755,2.139899969100952,2.0850300788879395,2.1033198833465576,83796032
2018-05-21,1.4807555675506592,2.2313480377197266,2.2313480377197266,2.121609926223755,2.121609926223755,258197267
2018-05-22,1.505030632019043,2.267927885055542,2.267927885055542,2.1947689056396484,2.2313480377197266,204016958
2018-05-23,1.4928932189941406,2.249638080596924,2.267927885055542,2.2130589485168457,2.249638080596924,167318030
2018-05-24,1.4564810991287231,2.1947689056396484,2.249638080596924,2.1947689056396484,2.2313480377197266,127930820
2018-05-25,1.4807555675506592,2.2313480377197266,2.2313480377197266,2.1947689056396484,2.2130589485168457,71652833
2018-05-28,1.5293049812316895,2.30450701713562,2.3410871028900146,2.2130589485168457,2.249638080596924,351641876
2018-05-30,1.5293049812316895,2.30450701713562,2.30450701713562,2.249638080596924,2.267927885055542,199486441
2018-05-31,1.505030632019043,2.267927885055542,2.3227970600128174,2.267927885055542,2.30450701713562,210465708
2018-06-01,1.505030632019043,2.267927885055542,2.2862179279327393,2.249638080596924,2.267927885055542,74379716
2018-06-04,1.4928932189941406,2.249638080596924,2.267927885055542,2.249638080596924,2.249638080596924,80810424
2018-06-05,1.5293049812316895,2.30450701713562,2.3227970600128174,2.249638080596924,2.267927885055542,222471453
2018-06-06,1.5414423942565918,2.3227970600128174,2.3410871028900146,2.2862179279327393,2.3227970600128174,161937966
2018-06-07,1.5171679258346558,2.2862179279327393,2.3410871028900146,2.2862179279327393,2.3227970600128174,115024024
2018-06-08,1.4928932189941406,2.249638080596924,2.2862179279327393,2.2313480377197266,2.2862179279327393,191006934
2018-06-11,1.505030632019043,2.267927885055542,2.2862179279327393,2.2313480377197266,2.249638080596924,80140322
2018-06-12,1.505030632019043,2.267927885055542,2.3227970600128174,2.267927885055542,2.267927885055542,146977013
2018-06-13,1.5171679258346558,2.2862179279327393,2.3227970600128174,2.267927885055542,2.267927885055542,176724613
2018-06-14,1.4928932189941406,2.249638080596924,2.2862179279327393,2.2313480377197266,2.267927885055542,149482024
2018-06-15,1.505030632019043,2.267927885055542,2.2862179279327393,2.2313480377197266,2.249638080596924,127430540
2018-06-18,1.4807555675506592,2.2313480377197266,2.267927885055542,2.2313480377197266,2.249638080596924,115155136
2018-06-19,1.4322060346603394,2.158189058303833,2.2313480377197266,2.139899969100952,2.2130589485168457,225302767
2018-06-20,1.4443438053131104,2.1764791011810303,2.2130589485168457,2.158189058303833,2.158189058303833,114582028
2018-06-21,1.4079315662384033,2.121609926223755,2.2130589485168457,2.1033198833465576,2.1764791011810303,140792782
2018-06-22,1.3957939147949219,2.1033198833465576,2.158189058303833,2.0850300788879395,2.158189058303833,194382269
2018-06-25,1.383656620979309,2.0850300788879395,2.121609926223755,2.0667409896850586,2.121609926223755,144551829
2018-06-26,1.3957939147949219,2.1033198833465576,2.121609926223755,2.0667409896850586,2.0667409896850586,129995693
2018-06-27,1.4079315662384033,2.121609926223755,2.139899969100952,2.1033198833465576,2.1033198833465576,172980985
2018-06-28,1.4079315662384033,2.121609926223755,2.158189058303833,2.1033198833465576,2.139899969100952,140500269
2018-06-29,1.3957939147949219,2.1033198833465576,2.158189058303833,2.0667409896850586,2.139899969100952,184511054
2018-07-02,1.3957939147949219,2.1033198833465576,2.121609926223755,2.0484509468078613,2.0850300788879395,185211993
2018-07-03,1.3957939147949219,2.1033198833465576,2.139899969100952,2.0850300788879395,2.1033198833465576,109777477
2018-07-04,1.4322060346603394,2.158189058303833,2.1947689056396484,2.0850300788879395,2.0850300788879395,197225173
2018-07-05,1.3957939147949219,2.1033198833465576,2.1764791011810303,2.1033198833465576,2.158189058303833,144359590
2018-07-06,1.4079315662384033,2.121609926223755,2.158189058303833,2.0850300788879395,2.121609926223755,136253299
2018-07-09,1.4686187505722046,2.2130589485168457,2.2130589485168457,2.121609926223755,2.139899969100952,163331643
2018-07-10,1.4686187505722046,2.2130589485168457,2.2313480377197266,2.1764791011810303,2.2130589485168457,133559877
2018-07-11,1.4564810991287231,2.1947689056396484,2.2130589485168457,2.1764791011810303,2.1764791011810303,59134779
2018-07-12,1.4564810991287231,2.1947689056396484,2.2130589485168457,2.1764791011810303,2.1947689056396484,59136529
2018-07-13,1.5171679258346558,2.2862179279327393,2.30450701713562,2.1947689056396484,2.2130589485168457,360594762
2018-07-16,1.505030632019043,2.267927885055542,2.30450701713562,2.2313480377197266,2.267927885055542,106431668
2018-07-17,1.4443438053131104,2.1764791011810303,2.30450701713562,2.158189058303833,2.267927885055542,362527430
2018-07-18,1.4564810991287231,2.1947689056396484,2.2313480377197266,2.158189058303833,2.1764791011810303,328125746
2018-07-19,1.4443438053131104,2.1764791011810303,2.2130589485168457,2.1764791011810303,2.1764791011810303,131310747
2018-07-20,1.3593822717666626,2.0484509468078613,2.1033198833465576,1.993582010269165,2.1033198833465576,1666875025
2018-07-23,1.3229705095291138,1.993582010269165,2.0484509468078613,1.9752919673919678,2.030160903930664,919807391
2018-07-24,1.3593822717666626,2.0484509468078613,2.0484509468078613,1.9752919673919678,2.011871099472046,930672278
2018-07-25,1.3715198040008545,2.0667409896850586,2.0850300788879395,2.030160903930664,2.0484509468078613,569336226
2018-07-26,1.3715198040008545,2.0667409896850586,2.1033198833465576,2.0484509468078613,2.1033198833465576,526177066
2018-07-31,1.3957939147949219,2.1033198833465576,2.121609926223755,2.0667409896850586,2.0850300788879395,672994537
2018-08-01,1.383656620979309,2.0850300788879395,2.121609926223755,2.0850300788879395,2.121609926223755,245842255
2018-08-02,1.383656620979309,2.0850300788879395,2.121609926223755,2.0667409896850586,2.0850300788879395,281180858
2018-08-03,1.3957939147949219,2.1033198833465576,2.121609926223755,2.0667409896850586,2.0850300788879395,172933746
2018-08-06,1.3715198040008545,2.0667409896850586,2.121609926223755,2.0667409896850586,2.1033198833465576,322159779
2018-08-07,1.3715198040008545,2.0667409896850586,2.0850300788879395,2.0484509468078613,2.0667409896850586,171732745
2018-08-08,1.383656620979309,2.0850300788879395,2.1033198833465576,2.0667409896850586,2.0850300788879395,288424261
2018-08-09,1.3957939147949219,2.1033198833465576,2.1033198833465576,2.0667409896850586,2.0850300788879395,106757971
2018-08-10,1.383656620979309,2.0850300788879395,2.1033198833465576,2.0667409896850586,2.0850300788879395,169586296
2018-08-14,1.3715198040008545,2.0667409896850586,2.0850300788879395,2.0484509468078613,2.0667409896850586,236156609
2018-08-15,1.3593822717666626,2.0484509468078613,2.0850300788879395,2.0484509468078613,2.0667409896850586,183622249
2018-08-16,1.3715198040008545,2.0667409896850586,2.0850300788879395,2.0484509468078613,2.0667409896850586,159096045
2018-08-17,1.3593822717666626,2.0484509468078613,2.0850300788879395,2.0484509468078613,2.0667409896850586,88917918
2018-08-20,1.3108329772949219,1.9752919673919678,2.0667409896850586,1.95700204372406,2.0667409896850586,1469563683
2018-08-21,1.3229705095291138,1.993582010269165,2.030160903930664,1.9752919673919678,2.011871099472046,410665117
2018-08-22,1.3229705095291138,1.993582010269165,2.011871099472046,1.9752919673919678,2.011871099472046,237951932
2018-08-23,1.3229705095291138,1.993582010269165,2.011871099472046,1.9752919673919678,2.011871099472046,88667286
2018-08-24,1.3229705095291138,1.993582010269165,1.993582010269165,1.9752919673919678,1.993582010269165,45009377
2018-08-27,1.335107445716858,2.011871099472046,2.011871099472046,1.9752919673919678,1.993582010269165,160468837
2018-08-28,1.335107445716858,2.011871099472046,2.030160903930664,1.993582010269165,2.011871099472046,116628093
2018-08-29,1.3229705095291138,1.993582010269165,2.011871099472046,1.993582010269165,2.011871099472046,87840265
2018-08-30,1.335107445716858,2.011871099472046,2.030160903930664,1.993582010269165,2.011871099472046,168676387
2018-08-31,1.335107445716858,2.011871099472046,2.030160903930664,1.993582010269165,2.011871099472046,116084728
2018-09-03,1.335107445716858,2.011871099472046,2.030160903930664,1.993582010269165,2.011871099472046,91437472
2018-09-04,1.335107445716858,2.011871099472046,2.030160903930664,1.993582010269165,2.011871099472046,189111774
2018-09-05,1.3229705095291138,1.993582010269165,2.011871099472046,1.9752919673919678,1.993582010269165,232636494
2018-09-06,1.3229705095291138,1.993582010269165,2.011871099472046,1.9752919673919678,1.993582010269165,90417447
2018-09-07,1.3229705095291138,1.993582010269165,2.011871099472046,1.9752919673919678,1.993582010269165,116891081
2018-09-10,1.3229705095291138,1.993582010269165,2.011871099472046,1.9752919673919678,1.993582010269165,87943164
2018-09-11,1.3108329772949219,1.9752919673919678,2.011871099472046,1.9752919673919678,1.993582010269165,75442935
2018-09-12,1.29869544506073,1.95700204372406,1.9752919673919678,1.95700204372406,1.9752919673919678,99882314
2018-09-13,1.3229705095291138,1.993582010269165,2.011871099472046,1.9752919673919678,1.9752919673919678,296205999
2018-09-14,1.335107445716858,2.011871099472046,2.030160903930664,1.9752919673919678,1.993582010269165,295654105
2018-09-17,1.3593822717666626,2.0484509468078613,2.0484509468078613,1.993582010269165,2.011871099472046,249482984
2018-09-18,1.383656620979309,2.0850300788879395,2.121609926223755,2.030160903930664,2.0484509468078613,679214088
2018-09-19,1.4443438053131104,2.1764791011810303,2.2862179279327393,2.139899969100952,2.2130589485168457,966
2018-09-20,1.4443438053131104,2.1764791011810303,2.1947689056396484,2.121609926223755,2.1764791011810303,388213737
2018-09-21,1.4443438053131104,2.1764791011810303,2.2313480377197266,2.1764791011810303,2.1947689056396484,461649756
2018-09-24,1.4564810991287231,2.1947689056396484,2.2313480377197266,2.158189058303833,2.1764791011810303,241026004
2018-09-25,1.4686187505722046,2.2130589485168457,2.2313480377197266,2.1947689056396484,2.1947689056396484,138380611
2018-09-26,1.4443438053131104,2.1764791011810303,2.2313480377197266,2.158189058303833,2.2130589485168457,208060426
2018-09-27,1.4079315662384033,2.121609926223755,2.1764791011810303,2.1033198833465576,2.1764791011810303,447174540
2018-09-28,1.3957939147949219,2.1033198833465576,2.158189058303833,2.1033198833465576,2.139899969100952,276513324
2018-10-01,1.4200692176818848,2.139899969100952,2.158189058303833,2.1033198833465576,2.121609926223755,157613247
2018-10-02,1.4200692176818848,2.139899969100952,2.158189058303833,2.121609926223755,2.139899969100952,171965662
2018-10-03,1.4322060346603394,2.158189058303833,2.1947689056396484,2.121609926223755,2.139899969100952,344038161
2018-10-04,1.4079315662384033,2.121609926223755,2.1764791011810303,2.1033198833465576,2.158189058303833,295997905
2018-10-05,1.4322060346603394,2.158189058303833,2.158189058303833,2.121609926223755,2.139899969100952,96068264
2018-10-08,1.4079315662384033,2.121609926223755,2.158189058303833,2.121609926223755,2.158189058303833,188495472
2018-10-09,1.4200692176818848,2.139899969100952,2.158189058303833,2.121609926223755,2.121609926223755,120924380
2018-10-10,1.4200692176818848,2.139899969100952,2.158189058303833,2.121609926223755,2.158189058303833,100239126
2018-10-11,1.383656620979309,2.0850300788879395,2.1033198833465576,2.0667409896850586,2.0850300788879395,202808302
2018-10-12,1.3957939147949219,2.1033198833465576,2.121609926223755,2.0850300788879395,2.1033198833465576,109057620
2018-10-16,1.4200692176818848,2.139899969100952,2.158189058303833,2.121609926223755,2.121609926223755,66029353
2018-10-17,1.3715198040008545,2.0667409896850586,2.1764791011810303,2.0484509468078613,2.158189058303833,785182108
2018-10-18,1.3593822717666626,2.0484509468078613,2.0850300788879395,2.0484509468078613,2.0667409896850586,194987963
2018-10-19,1.3715198040008545,2.0667409896850586,2.0850300788879395,2.0484509468078613,2.0667409896850586,139710646
2018-10-22,1.383656620979309,2.0850300788879395,2.1033198833465576,2.0484509468078613,2.0667409896850586,157493289
2018-10-24,1.3715198040008545,2.0667409896850586,2.1033198833465576,2.0484509468078613,2.0484509468078613,132379434
2018-10-25,1.383656620979309,2.0850300788879395,2.0850300788879395,2.0484509468078613,2.0484509468078613,184599190
2018-10-26,1.3593822717666626,2.0484509468078613,2.0850300788879395,2.0484509468078613,2.0667409896850586,53937222
2018-10-29,1.3593822717666626,2.0484509468078613,2.0850300788879395,2.0484509468078613,2.0484509468078613,99338622
2018-10-30,1.3593822717666626,2.0484509468078613,2.0850300788879395,2.0484509468078613,2.0667409896850586,105445213
2018-10-31,1.383656620979309,2.0850300788879395,2.0850300788879395,2.0667409896850586,2.0667409896850586,37553614
2018-11-01,1.4079315662384033,2.121609926223755,2.139899969100952,2.0667409896850586,2.1033198833465576,206236016
2018-11-02,1.4322060346603394,2.158189058303833,2.1764791011810303,2.1033198833465576,2.121609926223755,246846315
2018-11-05,1.4322060346603394,2.158189058303833,2.1947689056396484,2.139899969100952,2.158189058303833,147412667
2018-11-06,1.3957939147949219,2.1033198833465576,2.1764791011810303,2.1033198833465576,2.158189058303833,180376605
2018-11-07,1.4200692176818848,2.139899969100952,2.139899969100952,2.1033198833465576,2.121609926223755,60484279
2018-11-08,1.4322060346603394,2.158189058303833,2.158189058303833,2.139899969100952,2.158189058303833,32782634
2018-11-09,1.4079315662384033,2.121609926223755,2.158189058303833,2.121609926223755,2.139899969100952,49821910
2018-11-12,1.4079315662384033,2.121609926223755,2.139899969100952,2.121609926223755,2.139899969100952,29786747
2018-11-13,1.4079315662384033,2.121609926223755,2.139899969100952,2.1033198833465576,2.121609926223755,70310113
2018-11-14,1.4079315662384033,2.121609926223755,2.139899969100952,2.1033198833465576,2.139899969100952,65395884
2018-11-15,1.4079315662384033,2.121609926223755,2.158189058303833,2.1033198833465576,2.1033198833465576,75549990
2018-11-16,1.3957939147949219,2.1033198833465576,2.139899969100952,2.1033198833465576,2.121609926223755,84880574
2018-11-19,1.4079315662384033,2.121609926223755,2.139899969100952,2.1033198833465576,2.121609926223755,45706270
2018-11-20,1.3593822717666626,2.0484509468078613,2.121609926223755,2.0484509468078613,2.1033198833465576,149412258
2018-11-21,1.383656620979309,2.0850300788879395,2.1033198833465576,2.030160903930664,2.030160903930664,140499285
2018-11-22,1.3715198040008545,2.0667409896850586,2.1033198833465576,2.0484509468078613,2.0850300788879395,72635788
2018-11-23,1.3715198040008545,2.0667409896850586,2.0850300788879395,2.0484509468078613,2.0667409896850586,112091124
2018-11-26,1.3957939147949219,2.1033198833465576,2.1033198833465576,2.0667409896850586,2.0850300788879395,70867037
2018-11-27,1.3957939147949219,2.1033198833465576,2.1033198833465576,2.0850300788879395,2.1033198833465576,22973202
2018-11-28,1.3957939147949219,2.1033198833465576,2.121609926223755,2.1033198833465576,2.121609926223755,54241326
2018-11-29,1.383656620979309,2.0850300788879395,2.121609926223755,2.0850300788879395,2.121609926223755,51199294
2018-11-30,1.4079315662384033,2.121609926223755,2.139899969100952,2.1033198833465576,2.1033198833465576,124742257
2018-12-03,1.4322060346603394,2.158189058303833,2.158189058303833,2.121609926223755,2.139899969100952,194315783
2018-12-04,1.4322060346603394,2.158189058303833,2.1764791011810303,2.121609926223755,2.158189058303833,143989000
2018-12-06,1.4079315662384033,2.121609926223755,2.139899969100952,2.121609926223755,2.121609926223755,62729253
2018-12-07,1.4200692176818848,2.139899969100952,2.139899969100952,2.121609926223755,2.139899969100952,36414724
2018-12-11,1.3957939147949219,2.1033198833465576,2.139899969100952,2.0850300788879395,2.121609926223755,141812370
2018-12-12,1.3715198040008545,2.0667409896850586,2.121609926223755,2.0667409896850586,2.1033198833465576,137516958
2018-12-13,1.3957939147949219,2.1033198833465576,2.121609926223755,2.0850300788879395,2.0850300788879395,117147291
2018-12-14,1.3957939147949219,2.1033198833465576,2.121609926223755,2.0850300788879395,2.1033198833465576,55348286
2018-12-17,1.3957939147949219,2.1033198833465576,2.121609926223755,2.0850300788879395,2.1033198833465576,78227446
2018-12-18,1.3957939147949219,2.1033198833465576,2.121609926223755,2.0850300788879395,2.1033198833465576,73472869
2018-12-19,1.4079315662384033,2.121609926223755,2.139899969100952,2.0850300788879395,2.1033198833465576,225413976
2018-12-20,1.3715198040008545,2.0667409896850586,2.158189058303833,2.0484509468078613,2.139899969100952,243721613
2018-12-21,1.3593822717666626,2.0484509468078613,2.1033198833465576,2.0484509468078613,2.0667409896850586,221127421
2018-12-24,1.3593822717666626,2.0484509468078613,2.0667409896850586,2.0484509468078613,2.0484509468078613,62080364
2018-12-25,1.335107445716858,2.011871099472046,2.0484509468078613,2.011871099472046,2.030160903930664,122632660
2018-12-26,1.335107445716858,2.011871099472046,2.030160903930664,1.993582010269165,2.030160903930664,87553328
2018-12-27,1.3229705095291138,1.993582010269165,2.0484509468078613,1.993582010269165,2.0484509468078613,158211834
2018-12-28,1.335107445716858,2.011871099472046,2.0484509468078613,1.993582010269165,1.993582010269165,76609053
2019-01-02,1.335107445716858,2.011871099472046,2.0484509468078613,1.993582010269165,2.030160903930664,106565295
2019-01-03,1.3229705095291138,1.993582010269165,2.030160903930664,1.993582010269165,2.011871099472046,109987431
2019-01-04,1.335107445716858,2.011871099472046,2.011871099472046,1.9752919673919678,1.993582010269165,97578182
2019-01-07,1.3229705095291138,1.993582010269165,2.030160903930664,1.993582010269165,2.011871099472046,130708442
2019-01-08,1.335107445716858,2.011871099472046,2.030160903930664,1.993582010269165,2.011871099472046,65327977
2019-01-09,1.3229705095291138,1.993582010269165,2.030160903930664,1.9752919673919678,2.030160903930664,121412522
2019-01-10,1.335107445716858,2.011871099472046,2.011871099472046,1.993582010269165,1.993582010269165,31889018
2019-01-11,1.335107445716858,2.011871099472046,2.011871099472046,1.993582010269165,2.011871099472046,50503931
2019-01-14,1.3108329772949219,1.9752919673919678,2.011871099472046,1.9752919673919678,2.011871099472046,69018460
2019-01-15,1.3229705095291138,1.993582010269165,2.011871099472046,1.9752919673919678,1.993582010269165,104137814
2019-01-16,1.3715198040008545,2.0667409896850586,2.0850300788879395,1.993582010269165,2.011871099472046,185590347
2019-01-17,1.3715198040008545,2.0667409896850586,2.1033198833465576,2.0484509468078613,2.1033198833465576,125635873
2019-01-18,1.3229705095291138,1.993582010269165,2.0850300788879395,1.993582010269165,2.0667409896850586,204464968
2019-01-21,1.3229705095291138,1.993582010269165,2.030160903930664,1.993582010269165,2.011871099472046,97308194
2019-01-22,1.3229705095291138,1.993582010269165,2.030160903930664,1.993582010269165,1.993582010269165,114897724
2019-01-23,1.3472448587417603,2.030160903930664,2.0484509468078613,1.993582010269165,2.011871099472046,182418624
2019-01-24,1.335107445716858,2.011871099472046,2.0484509468078613,2.011871099472046,2.0484509468078613,92125618
2019-01-25,1.335107445716858,2.011871099472046,2.0484509468078613,1.993582010269165,2.030160903930664,119142288
2019-01-28,1.335107445716858,2.011871099472046,2.030160903930664,1.9752919673919678,2.011871099472046,167658112
2019-01-29,1.3229705095291138,1.993582010269165,2.011871099472046,1.9752919673919678,1.993582010269165,157949283
2019-01-30,1.335107445716858,2.011871099472046,2.011871099472046,1.993582010269165,2.011871099472046,88595224
2019-01-31,1.335107445716858,2.011871099472046,2.030160903930664,1.993582010269165,2.011871099472046,226646689
2019-02-01,1.335107445716858,2.011871099472046,2.030160903930664,1.993582010269165,2.011871099472046,114491813
2019-02-04,1.3472448587417603,2.030160903930664,2.030160903930664,2.011871099472046,2.011871099472046,45889870
2019-02-05,1.3715198040008545,2.0667409896850586,2.0850300788879395,2.030160903930664,2.030160903930664,280058152
2019-02-06,1.3715198040008545,2.0667409896850586,2.0850300788879395,2.0484509468078613,2.0667409896850586,146105815
2019-02-07,1.3715198040008545,2.0667409896850586,2.0667409896850586,2.0484509468078613,2.0484509468078613,41017085
2019-02-08,1.3715198040008545,2.0667409896850586,2.121609926223755,2.0484509468078613,2.1033198833465576,580704127
2019-02-11,1.3472448587417603,2.030160903930664,2.0667409896850586,2.011871099472046,2.0667409896850586,193704402
2019-02-12,1.3472448587417603,2.030160903930664,2.0667409896850586,2.030160903930664,2.030160903930664,119756731
2019-02-13,1.3593822717666626,2.0484509468078613,2.0667409896850586,2.030160903930664,2.030160903930664,182281717
2019-02-14,1.3593822717666626,2.0484509468078613,2.1033198833465576,2.030160903930664,2.0484509468078613,256463618
2019-02-15,1.3715198040008545,2.0667409896850586,2.0850300788879395,2.0484509468078613,2.0667409896850586,138609373
2019-02-18,1.3715198040008545,2.0667409896850586,2.0850300788879395,2.0484509468078613,2.0667409896850586,104581888
2019-02-20,1.3715198040008545,2.0667409896850586,2.0850300788879395,2.0484509468078613,2.0667409896850586,107063497
2019-02-21,1.3715198040008545,2.0667409896850586,2.0850300788879395,2.0484509468078613,2.0667409896850586,97885458
2019-02-22,1.3715198040008545,2.0667409896850586,2.0850300788879395,2.0484509468078613,2.0667409896850586,48185364
2019-02-25,1.383656620979309,2.0850300788879395,2.0850300788879395,2.0667409896850586,2.0667409896850586,65408022
2019-02-26,1.383656620979309,2.0850300788879395,2.0850300788879395,2.0667409896850586,2.0850300788879395,32554528
2019-02-27,1.4079315662384033,2.121609926223755,2.158189058303833,2.1033198833465576,2.121609926223755,824372159
2019-02-28,1.383656620979309,2.0850300788879395,2.139899969100952,2.0850300788879395,2.139899969100952,229957834
2019-03-01,1.3715198040008545,2.0667409896850586,2.1033198833465576,2.0667409896850586,2.1033198833465576,83584984
2019-03-04,1.3593822717666626,2.0484509468078613,2.0850300788879395,2.0484509468078613,2.0667409896850586,158101499
2019-03-05,1.3593822717666626,2.0484509468078613,2.0850300788879395,2.0484509468078613,2.0667409896850586,117067464
2019-03-06,1.3472448587417603,2.030160903930664,2.0667409896850586,2.030160903930664,2.0667409896850586,174193906
2019-03-07,1.3593822717666626,2.0484509468078613,2.0667409896850586,2.030160903930664,2.030160903930664,110323357
2019-03-08,1.3593822717666626,2.0484509468078613,2.0667409896850586,2.030160903930664,2.0484509468078613,64484444
2019-03-11,1.3593822717666626,2.0484509468078613,2.0484509468078613,2.030160903930664,2.0484509468078613,29725073
2019-03-12,1.29869544506073,1.95700204372406,2.011871099472046,1.9387120008468628,2.011871099472046,574557294
2019-03-13,1.3229705095291138,1.993582010269165,2.011871099472046,1.9387120008468628,1.95700204372406,272023595
2019-03-14,1.3108329772949219,1.9752919673919678,2.011871099472046,1.95700204372406,1.993582010269165,156986229
2019-03-15,1.29869544506073,1.95700204372406,1.9752919673919678,1.9387120008468628,1.9752919673919678,167553900
2019-03-18,1.2865580320358276,1.9387120008468628,1.9752919673919678,1.9204230308532715,1.95700204372406,302090281
2019-03-19,1.2865580320358276,1.9387120008468628,1.9752919673919678,1.9387120008468628,1.9387120008468628,66667416
2019-03-20,1.2865580320358276,1.9387120008468628,1.95700204372406,1.9387120008468628,1.9387120008468628,174883035
2019-03-21,1.2622836828231812,1.9021329879760742,1.95700204372406,1.9021329879760742,1.9387120008468628,286844032
2019-03-22,1.2865580320358276,1.9387120008468628,1.9387120008468628,1.9021329879760742,1.9021329879760742,173667053
2019-03-25,1.2744210958480835,1.9204230308532715,1.9387120008468628,1.9021329879760742,1.9204230308532715,84272692
2019-03-26,1.2501460313796997,1.883842945098877,1.9204230308532715,1.8655530214309692,1.9021329879760742,259449116
2019-03-27,1.2380084991455078,1.8655530214309692,1.9021329879760742,1.8655530214309692,1.883842945098877,137988260
2019-03-28,1.2380084991455078,1.8655530214309692,1.883842945098877,1.847264051437378,1.8655530214309692,152350079
2019-03-29,1.2380084991455078,1.8655530214309692,1.9021329879760742,1.8655530214309692,1.883842945098877,95219483
2019-04-01,1.2380084991455078,1.8655530214309692,1.9021329879760742,1.847264051437378,1.8655530214309692,163153073
2019-04-02,1.2380084991455078,1.8655530214309692,1.883842945098877,1.8655530214309692,1.8655530214309692,54948280
2019-04-03,1.2380084991455078,1.8655530214309692,1.883842945098877,1.847264051437378,1.8655530214309692,135678113
2019-04-04,1.2380084991455078,1.8655530214309692,1.883842945098877,1.847264051437378,1.8655530214309692,41001010
2019-04-05,1.2501460313796997,1.883842945098877,1.883842945098877,1.847264051437378,1.8655530214309692,92337977
2019-04-09,1.2501460313796997,1.883842945098877,1.883842945098877,1.8655530214309692,1.883842945098877,40092085
2019-04-10,1.2744210958480835,1.9204230308532715,1.9204230308532715,1.8655530214309692,1.8655530214309692,145832656
2019-04-11,1.2622836828231812,1.9021329879760742,1.9204230308532715,1.883842945098877,1.9204230308532715,67997451
2019-04-12,1.2501460313796997,1.883842945098877,1.9204230308532715,1.883842945098877,1.9021329879760742,77134265
2019-04-17,1.2622836828231812,1.9021329879760742,1.9204230308532715,1.883842945098877,1.9021329879760742,82245436
2019-04-18,1.2622836828231812,1.9021329879760742,1.9204230308532715,1.8655530214309692,1.9021329879760742,289617608
2019-04-19,1.2501460313796997,1.883842945098877,1.9021329879760742,1.883842945098877,1.883842945098877,44230580
2019-04-22,1.2622836828231812,1.9021329879760742,1.9021329879760742,1.883842945098877,1.883842945098877,81756856
2019-04-23,1.2685637474060059,1.847264051437378,1.8655530214309692,1.8289740085601807,1.847264051437378,157797832
2019-04-24,1.2685637474060059,1.847264051437378,1.8655530214309692,1.8289740085601807,1.847264051437378,140862876
2019-04-25,1.2685637474060059,1.847264051437378,1.8655530214309692,1.847264051437378,1.847264051437378,35742107
2019-04-26,1.2685637474060059,1.847264051437378,1.8655530214309692,1.819828987121582,1.847264051437378,204768527
2019-04-29,1.249723196029663,1.819828987121582,1.847264051437378,1.8106839656829834,1.8289740085601807,320421538
2019-04-30,1.2685637474060059,1.847264051437378,1.847264051437378,1.819828987121582,1.819828987121582,141386886
2019-05-02,1.2560033798217773,1.8289740085601807,1.847264051437378,1.8289740085601807,1.847264051437378,38033336
2019-05-03,1.249723196029663,1.819828987121582,1.847264051437378,1.819828987121582,1.8289740085601807,182242241
2019-05-07,1.2434433698654175,1.8106839656829834,1.8289740085601807,1.8106839656829834,1.819828987121582,137743205
2019-05-08,1.230883002281189,1.7923940420150757,1.8106839656829834,1.7832499742507935,1.8106839656829834,358486695
2019-05-09,1.2371631860733032,1.8015389442443848,1.8106839656829834,1.7923940420150757,1.7923940420150757,82819200
2019-05-10,1.230883002281189,1.7923940420150757,1.8106839656829834,1.7923940420150757,1.8015389442443848,68753175
2019-05-13,1.230883002281189,1.7923940420150757,1.847264051437378,1.7923940420150757,1.8106839656829834,252935520
2019-05-14,1.2246036529541016,1.7832499742507935,1.8015389442443848,1.7741049528121948,1.7832499742507935,166259732
2019-05-15,1.2183237075805664,1.7741049528121948,1.8015389442443848,1.7741049528121948,1.7923940420150757,94290547
2019-05-16,1.2183237075805664,1.7741049528121948,1.7923940420150757,1.7649600505828857,1.7741049528121948,69097412
2019-05-17,1.2057632207870483,1.755815029144287,1.7923940420150757,1.7466700077056885,1.7832499742507935,143597742
2019-05-21,1.1994831562042236,1.7466700077056885,1.7649600505828857,1.7283799648284912,1.755815029144287,152124926
2019-05-22,1.193203091621399,1.7375249862670898,1.755815029144287,1.7375249862670898,1.7466700077056885,57661823
2019-05-23,1.174363613128662,1.7100909948349,1.7466700077056885,1.7100909948349,1.7375249862670898,128922414
2019-05-24,1.193203091621399,1.7375249862670898,1.755815029144287,1.7009459733963013,1.7100909948349,132866811
2019-05-27,1.193203091621399,1.7375249862670898,1.7466700077056885,1.7283799648284912,1.7375249862670898,70535595
2019-05-28,1.193203091621399,1.7375249862670898,1.7466700077056885,1.7192349433898926,1.7375249862670898,178406540
2019-05-29,1.1869229078292847,1.7283799648284912,1.7375249862670898,1.7100909948349,1.7375249862670898,64907304
2019-05-30,1.1869229078292847,1.7283799648284912,1.7375249862670898,1.7192349433898926,1.7192349433898926,24335058
2019-05-31,1.1869229078292847,1.7283799648284912,1.7375249862670898,1.7192349433898926,1.7283799648284912,50311692
2019-06-04,1.1994831562042236,1.7466700077056885,1.7741049528121948,1.7283799648284912,1.7375249862670898,181894943
2019-06-05,1.2057632207870483,1.755815029144287,1.7741049528121948,1.7466700077056885,1.7466700077056885,213650007
2019-06-06,1.2120434045791626,1.7649600505828857,1.7649600505828857,1.755815029144287,1.755815029144287,42698683
2019-06-07,1.2057632207870483,1.755815029144287,1.7741049528121948,1.755815029144287,1.7649600505828857,52328014
2019-06-10,1.230883002281189,1.7923940420150757,1.7923940420150757,1.755815029144287,1.7649600505828857,123418455
2019-06-11,1.2560033798217773,1.8289740085601807,1.847264051437378,1.7923940420150757,1.7923940420150757,298895047
2019-06-12,1.2560033798217773,1.8289740085601807,1.847264051437378,1.819828987121582,1.8289740085601807,146822391
2019-06-13,1.249723196029663,1.819828987121582,1.847264051437378,1.8106839656829834,1.819828987121582,72522610
2019-06-14,1.249723196029663,1.819828987121582,1.847264051437378,1.8106839656829834,1.819828987121582,66288515
2019-06-17,1.2434433698654175,1.8106839656829834,1.8289740085601807,1.8106839656829834,1.8289740085601807,57535304
2019-06-18,1.249723196029663,1.819828987121582,1.8289740085601807,1.8015389442443848,1.8106839656829834,148201962
2019-06-19,1.249723196029663,1.819828987121582,1.847264051437378,1.8106839656829834,1.8289740085601807,134354201
2019-06-20,1.249723196029663,1.819828987121582,1.8289740085601807,1.8106839656829834,1.819828987121582,145035051
2019-06-21,1.2560033798217773,1.8289740085601807,1.847264051437378,1.819828987121582,1.8289740085601807,181695159
2019-06-24,1.2434433698654175,1.8106839656829834,1.847264051437378,1.8106839656829834,1.847264051437378,72449673
2019-06-25,1.249723196029663,1.819828987121582,1.819828987121582,1.8015389442443848,1.8106839656829834,98142760
2019-06-26,1.2371631860733032,1.8015389442443848,1.819828987121582,1.7923940420150757,1.8106839656829834,108509663
2019-06-27,1.230883002281189,1.7923940420150757,1.8106839656829834,1.7923940420150757,1.8015389442443848,76338300
2019-06-28,1.230883002281189,1.7923940420150757,1.8106839656829834,1.7923940420150757,1.7923940420150757,72342509
2019-07-01,1.2434433698654175,1.8106839656829834,1.8289740085601807,1.7923940420150757,1.8015389442443848,117250846
2019-07-02,1.2371631860733032,1.8015389442443848,1.8106839656829834,1.7923940420150757,1.8106839656829834,40442883
2019-07-03,1.230883002281189,1.7923940420150757,1.8106839656829834,1.7923940420150757,1.8015389442443848,93987098
2019-07-04,1.2371631860733032,1.8015389442443848,1.8289740085601807,1.7832499742507935,1.8015389442443848,237934326
2019-07-05,1.2183237075805664,1.7741049528121948,1.8015389442443848,1.7649600505828857,1.8015389442443848,138565742
2019-07-08,1.2120434045791626,1.7649600505828857,1.7741049528121948,1.7649600505828857,1.7741049528121948,65560129
2019-07-09,1.1869229078292847,1.7283799648284912,1.7649600505828857,1.7192349433898926,1.755815029144287,271254202
2019-07-10,1.193203091621399,1.7375249862670898,1.7466700077056885,1.7283799648284912,1.7283799648284912,102562286
2019-07-11,1.2120434045791626,1.7649600505828857,1.7923940420150757,1.7375249862670898,1.7466700077056885,216814403
2019-07-12,1.2057632207870483,1.755815029144287,1.7832499742507935,1.7466700077056885,1.7741049528121948,70177799
2019-07-15,1.1994831562042236,1.7466700077056885,1.7649600505828857,1.7466700077056885,1.755815029144287,39792355
2019-07-17,1.1994831562042236,1.7466700077056885,1.755815029144287,1.7375249862670898,1.755815029144287,46230936
2019-07-18,1.1994831562042236,1.7466700077056885,1.755815029144287,1.7375249862670898,1.7375249862670898,37914909
2019-07-19,1.2183237075805664,1.7741049528121948,1.7923940420150757,1.755815029144287,1.7649600505828857,135248473
2019-07-22,1.2057632207870483,1.755815029144287,1.7741049528121948,1.7375249862670898,1.7649600505828857,110124776
2019-07-23,1.2057632207870483,1.755815029144287,1.7741049528121948,1.755815029144287,1.7649600505828857,59051782
2019-07-24,1.2120434045791626,1.7649600505828857,1.7741049528121948,1.755815029144287,1.755815029144287,43113779
2019-07-25,1.2183237075805664,1.7741049528121948,1.7832499742507935,1.7466700077056885,1.7466700077056885,100597579
2019-07-26,1.1994831562042236,1.7466700077056885,1.7741049528121948,1.7375249862670898,1.7649600505828857,107152728
2019-07-30,1.1869229078292847,1.7283799648284912,1.7466700077056885,1.7192349433898926,1.7375249862670898,141600886
2019-07-31,1.1869229078292847,1.7283799648284912,1.7375249862670898,1.7100909948349,1.7192349433898926,95631189
2019-08-01,1.180643081665039,1.7192349433898926,1.7283799648284912,1.7192349433898926,1.7283799648284912,32330687
2019-08-02,1.174363613128662,1.7100909948349,1.7283799648284912,1.7009459733963013,1.7192349433898926,107665693
2019-08-05,1.1492429971694946,1.673511028289795,1.7100909948349,1.6643660068511963,1.7009459733963013,127677017
2019-08-06,1.14296293258667,1.6643660068511963,1.673511028289795,1.646075963973999,1.646075963973999,57873198
2019-08-07,1.130402684211731,1.646075963973999,1.6643660068511963,1.6277869939804077,1.6552209854125977,120002989
2019-08-08,1.1241230964660645,1.6369320154190063,1.6552209854125977,1.618641972541809,1.646075963973999,71393234
2019-08-09,1.0676031112670898,1.5546280145645142,1.646075963973999,1.5546280145645142,1.646075963973999,298890017
2019-08-13,0.9922424554824829,1.444888949394226,1.4997589588165283,1.444888949394226,1.4906140565872192,303970351
2019-08-14,0.9796828031539917,1.4265999794006348,1.4906140565872192,1.4265999794006348,1.4540339708328247,156151444
2019-08-15,0.9545625448226929,1.3900200128555298,1.4265999794006348,1.3808749914169312,1.4174549579620361,143926561
2019-08-16,0.9734026789665222,1.4174549579620361,1.4174549579620361,1.3717299699783325,1.3900200128555298,173062780
2019-08-19,0.9545625448226929,1.3900200128555298,1.435744047164917,1.3625849485397339,1.4174549579620361,133318211
2019-08-20,0.9608425498008728,1.3991650342941284,1.408310055732727,1.3808749914169312,1.3900200128555298,71919540
2019-08-21,0.9671227931976318,1.408310055732727,1.4174549579620361,1.3808749914169312,1.3991650342941284,78116346
2019-08-22,0.94200199842453,1.3717299699783325,1.3991650342941284,1.3717299699783325,1.3900200128555298,118669236
2019-08-23,0.9608425498008728,1.3991650342941284,1.3991650342941284,1.3717299699783325,1.3808749914169312,60305599
2019-08-26,0.9482825398445129,1.3808749914169312,1.3900200128555298,1.3625849485397339,1.3717299699783325,56784610
2019-08-27,0.9294426441192627,1.3534409999847412,1.3808749914169312,1.3442959785461426,1.3808749914169312,135352575
2019-08-28,0.9043223261833191,1.3168610334396362,1.3534409999847412,1.3077160120010376,1.3534409999847412,168869610
2019-08-29,0.9545625448226929,1.3900200128555298,1.4174549579620361,1.3260060548782349,1.3260060548782349,256624145
2019-08-30,0.9796828031539917,1.4265999794006348,1.4265999794006348,1.3900200128555298,1.3900200128555298,117816737
2019-09-02,0.9796828031539917,1.4265999794006348,1.435744047164917,1.3808749914169312,1.4265999794006348,97757626
2019-09-03,0.9608425498008728,1.3991650342941284,1.4265999794006348,1.3900200128555298,1.4265999794006348,62942706
2019-09-04,0.9796828031539917,1.4265999794006348,1.4265999794006348,1.3991650342941284,1.408310055732727,97192610
2019-09-05,0.9859621524810791,1.435744047164917,1.444888949394226,1.4174549579620361,1.435744047164917,77035850
2019-09-06,0.9859621524810791,1.435744047164917,1.4540339708328247,1.4265999794006348,1.444888949394226,55371905
2019-09-09,0.9734026789665222,1.4174549579620361,1.435744047164917,1.408310055732727,1.435744047164917,41892985
2019-09-10,0.9796828031539917,1.4265999794006348,1.435744047164917,1.408310055732727,1.4174549579620361,56833052
2019-09-11,1.0676031112670898,1.5546280145645142,1.5637730360031128,1.4265999794006348,1.4265999794006348,412521677
2019-09-12,1.1052829027175903,1.6094969511032104,1.618641972541809,1.5637730360031128,1.5729180574417114,405155472
2019-09-13,1.0801631212234497,1.5729180574417114,1.6277869939804077,1.536337971687317,1.618641972541809,330219378
2019-09-16,1.0550428628921509,1.536337971687317,1.582062005996704,1.5089030265808105,1.5729180574417114,147614092
2019-09-17,1.0864427089691162,1.582062005996704,1.5912070274353027,1.5271929502487183,1.5271929502487183,251195857
2019-09-18,1.0801631212234497,1.5729180574417114,1.5912070274353027,1.5546280145645142,1.582062005996704,159807264
2019-09-19,1.0676031112670898,1.5546280145645142,1.5912070274353027,1.5454829931259155,1.582062005996704,186490852
2019-09-20,1.1052829027175903,1.6094969511032104,1.6094969511032104,1.5637730360031128,1.5637730360031128,263670608
2019-09-23,1.0738831758499146,1.5637730360031128,1.6094969511032104,1.5637730360031128,1.6094969511032104,180503781
2019-09-24,1.0864427089691162,1.582062005996704,1.6003520488739014,1.5637730360031128,1.5637730360031128,317619093
2019-09-25,1.1115630865097046,1.618641972541809,1.6277869939804077,1.5729180574417114,1.582062005996704,420991779
2019-09-26,1.0987612009048462,1.600000023841858,1.6299999952316284,1.600000023841858,1.6100000143051147,231106500
2019-09-27,1.0781594514846802,1.5700000524520874,1.6100000143051147,1.5399999618530273,1.600000023841858,202669100
2019-09-30,1.0781594514846802,1.5700000524520874,1.5800000429153442,1.5499999523162842,1.5700000524520874,69136100
2019-10-01,1.0712920427322388,1.559999942779541,1.5700000524520874,1.5399999618530273,1.5700000524520874,58060300
2019-10-02,1.0506901741027832,1.5299999713897705,1.5499999523162842,1.5099999904632568,1.5399999618530273,105421900
2019-10-03,1.057557463645935,1.5399999618530273,1.5399999618530273,1.5099999904632568,1.5199999809265137,79261500
2019-10-04,1.0506901741027832,1.5299999713897705,1.5399999618530273,1.5099999904632568,1.5399999618530273,75498400
2019-10-07,1.043823003768921,1.5199999809265137,1.5299999713897705,1.5,1.5299999713897705,47517800
2019-10-08,1.0300884246826172,1.5,1.5199999809265137,1.4900000095367432,1.5099999904632568,110138500
2019-10-09,1.0232212543487549,1.4900000095367432,1.5,1.4800000190734863,1.5,77479100
2019-10-10,1.036955714225769,1.5099999904632568,1.5299999713897705,1.4900000095367432,1.4900000095367432,89183400
2019-10-11,1.0232212543487549,1.4900000095367432,1.5199999809265137,1.4700000286102295,1.5099999904632568,167128800
2019-10-15,1.0026196241378784,1.4600000381469727,1.4900000095367432,1.4500000476837158,1.4900000095367432,267087000
2019-10-16,0.988885223865509,1.440000057220459,1.4600000381469727,1.4199999570846558,1.4600000381469727,263614200
2019-10-17,0.988885223865509,1.440000057220459,1.4500000476837158,1.4299999475479126,1.4500000476837158,176445800
2019-10-18,0.9957525730133057,1.4500000476837158,1.4600000381469727,1.440000057220459,1.440000057220459,513295500
2019-10-21,0.9820177555084229,1.4299999475479126,1.4500000476837158,1.4299999475479126,1.4500000476837158,173854800
2019-10-22,0.9751505255699158,1.4199999570846558,1.440000057220459,1.409999966621399,1.4299999475479126,248535000
2019-10-24,0.9751505255699158,1.4199999570846558,1.4299999475479126,1.409999966621399,1.4199999570846558,248677800
2019-10-25,0.9751505255699158,1.4199999570846558,1.4299999475479126,1.409999966621399,1.4299999475479126,119189900
2019-10-28,0.9614159464836121,1.399999976158142,1.4199999570846558,1.3899999856948853,1.409999966621399,153720000
2019-10-29,0.9682832956314087,1.409999966621399,1.4299999475479126,1.399999976158142,1.409999966621399,103019000
2019-10-30,0.9751505255699158,1.4199999570846558,1.4299999475479126,1.409999966621399,1.409999966621399,197730400
2019-10-31,0.988885223865509,1.440000057220459,1.440000057220459,1.409999966621399,1.4199999570846558,169955100
2019-11-01,0.9820177555084229,1.4299999475479126,1.440000057220459,1.4199999570846558,1.4299999475479126,172658700
2019-11-04,0.988885223865509,1.440000057220459,1.4500000476837158,1.4299999475479126,1.4299999475479126,128408000
2019-11-05,0.988885223865509,1.440000057220459,1.4500000476837158,1.4299999475479126,1.440000057220459,195937600
2019-11-06,0.988885223865509,1.440000057220459,1.4500000476837158,1.4299999475479126,1.440000057220459,214097800
2019-11-07,0.9957525730133057,1.4500000476837158,1.4500000476837158,1.440000057220459,1.440000057220459,130455200
2019-11-08,1.0026196241378784,1.4600000381469727,1.4700000286102295,1.4500000476837158,1.4500000476837158,340239500
2019-11-11,0.988885223865509,1.440000057220459,1.4600000381469727,1.440000057220459,1.4600000381469727,197064600
2019-11-12,0.988885223865509,1.440000057220459,1.4500000476837158,1.440000057220459,1.4500000476837158,124127400
2019-11-13,0.9820177555084229,1.4299999475479126,1.4500000476837158,1.4299999475479126,1.4500000476837158,151947600
2019-11-14,0.9820177555084229,1.4299999475479126,1.440000057220459,1.4299999475479126,1.440000057220459,129541700
2019-11-15,0.9751505255699158,1.4199999570846558,1.440000057220459,1.409999966621399,1.4299999475479126,247564300
2019-11-18,0.9751505255699158,1.4199999570846558,1.4299999475479126,1.409999966621399,1.4299999475479126,95087900
2019-11-19,0.9614159464836121,1.399999976158142,1.4299999475479126,1.399999976158142,1.4199999570846558,255661900
2019-11-20,0.9682832956314087,1.409999966621399,1.409999966621399,1.399999976158142,1.409999966621399,227400700
2019-11-21,0.9682832956314087,1.409999966621399,1.409999966621399,1.399999976158142,1.409999966621399,236129400
2019-11-22,0.9957525730133057,1.4500000476837158,1.4500000476837158,1.409999966621399,1.409999966621399,202055200
2019-11-25,1.016353964805603,1.4800000190734863,1.5,1.4500000476837158,1.4500000476837158,294458100
2019-11-26,1.0506901741027832,1.5299999713897705,1.590000033378601,1.4800000190734863,1.4900000095367432,875046000
2019-11-27,1.1399645805358887,1.659999966621399,1.6699999570846558,1.5399999618530273,1.5499999523162842,973895500
2019-11-28,1.126230001449585,1.6399999856948853,1.7200000286102295,1.6100000143051147,1.6699999570846558,727934100
2019-11-29,1.1192350387573242,1.600000023841858,1.6200000047683716,1.5700000524520874,1.6100000143051147,615430300
2019-12-02,1.1052443981170654,1.5800000429153442,1.6100000143051147,1.5700000524520874,1.600000023841858,130339000
2019-12-03,1.0912539958953857,1.559999942779541,1.5800000429153442,1.4900000095367432,1.5299999713897705,458415900
2019-12-04,1.0562777519226074,1.5099999904632568,1.559999942779541,1.5,1.5499999523162842,559978200
2019-12-06,1.0422874689102173,1.4900000095367432,1.5399999618530273,1.4800000190734863,1.5099999904632568,417683300
2019-12-09,1.0422874689102173,1.4900000095367432,1.4900000095367432,1.440000057220459,1.4800000190734863,562466900
2019-12-11,1.070268154144287,1.5299999713897705,1.5499999523162842,1.4900000095367432,1.5099999904632568,624256900
2019-12-12,1.0352922677993774,1.4800000190734863,1.5499999523162842,1.4800000190734863,1.5499999523162842,600522400
2019-12-13,1.0562777519226074,1.5099999904632568,1.5199999809265137,1.5,1.5,285922800
2019-12-16,1.0492825508117676,1.5,1.5299999713897705,1.4900000095367432,1.5,127105600
2019-12-17,1.0982493162155151,1.5700000524520874,1.5700000524520874,1.4900000095367432,1.5099999904632568,447647600
2019-12-18,1.0842586755752563,1.5499999523162842,1.5700000524520874,1.5399999618530273,1.559999942779541,303816500
2019-12-19,1.1332253217697144,1.6200000047683716,1.6399999856948853,1.5499999523162842,1.5700000524520874,1026990500
2019-12-20,1.1122397184371948,1.590000033378601,1.649999976158142,1.590000033378601,1.6100000143051147,452785700
2019-12-23,1.1542110443115234,1.649999976158142,1.6699999570846558,1.590000033378601,1.600000023841858,571444600
2019-12-24,1.147215723991394,1.6399999856948853,1.659999966621399,1.6200000047683716,1.659999966621399,368798400
2019-12-25,1.1332253217697144,1.6200000047683716,1.659999966621399,1.6200000047683716,1.6399999856948853,167424500
2019-12-26,1.147215723991394,1.6399999856948853,1.649999976158142,1.6200000047683716,1.6299999952316284,205011600
2019-12-27,1.1332253217697144,1.6200000047683716,1.659999966621399,1.6100000143051147,1.649999976158142,189123200
2019-12-30,1.1751965284347534,1.6799999475479126,1.6799999475479126,1.6200000047683716,1.6299999952316284,261234000
2020-01-02,1.1751965284347534,1.6799999475479126,1.7100000381469727,1.649999976158142,1.6699999570846558,411018900
2020-01-03,1.1682013273239136,1.6699999570846558,1.7100000381469727,1.659999966621399,1.6799999475479126,368357600
2020-01-06,1.1122397184371948,1.590000033378601,1.6399999856948853,1.5800000429153442,1.6299999952316284,397080200
2020-01-07,1.1122397184371948,1.590000033378601,1.6299999952316284,1.559999942779541,1.6200000047683716,391311000
2020-01-08,1.0772634744644165,1.5399999618530273,1.5700000524520874,1.5199999809265137,1.5399999618530273,502289100
2020-01-09,1.1262301206588745,1.6100000143051147,1.6299999952316284,1.559999942779541,1.5700000524520874,358329400
2020-01-10,1.1192350387573242,1.600000023841858,1.6399999856948853,1.5800000429153442,1.6100000143051147,308572100
2020-01-13,1.1122397184371948,1.590000033378601,1.6200000047683716,1.5800000429153442,1.6100000143051147,126253400
2020-01-14,1.1052443981170654,1.5800000429153442,1.6100000143051147,1.559999942779541,1.590000033378601,143128400
2020-01-15,1.0982493162155151,1.5700000524520874,1.590000033378601,1.5499999523162842,1.5700000524520874,202657600
2020-01-16,1.1052443981170654,1.5800000429153442,1.590000033378601,1.5499999523162842,1.5499999523162842,202921900
2020-01-17,1.0912539958953857,1.559999942779541,1.600000023841858,1.5499999523162842,1.5800000429153442,340034200
2020-01-20,1.0562777519226074,1.5099999904632568,1.5399999618530273,1.5,1.5299999713897705,242817100
2020-01-21,1.070268154144287,1.5299999713897705,1.559999942779541,1.5099999904632568,1.5199999809265137,256824500
2020-01-22,1.070268154144287,1.5299999713897705,1.5499999523162842,1.5199999809265137,1.5199999809265137,164892800
2020-01-23,1.0632730722427368,1.5199999809265137,1.5399999618530273,1.5199999809265137,1.5199999809265137,98452500
2020-01-24,1.0632730722427368,1.5199999809265137,1.5299999713897705,1.5099999904632568,1.5199999809265137,122042900
2020-01-27,0.9933210015296936,1.4199999570846558,1.5,1.399999976158142,1.5,414284900
2020-01-28,1.014306902885437,1.4500000476837158,1.4600000381469727,1.409999966621399,1.4199999570846558,199270900
2020-01-29,1.0003161430358887,1.4299999475479126,1.4700000286102295,1.4199999570846558,1.4600000381469727,113291800
2020-01-30,1.0003161430358887,1.4299999475479126,1.4500000476837158,1.4199999570846558,1.4199999570846558,106870700
2020-01-31,0.9863258004188538,1.409999966621399,1.440000057220459,1.409999966621399,1.4299999475479126,182578100
2020-02-03,0.9793305397033691,1.399999976158142,1.4199999570846558,1.399999976158142,1.409999966621399,74969300
2020-02-04,0.9863258004188538,1.409999966621399,1.4199999570846558,1.399999976158142,1.409999966621399,130065400
2020-02-05,0.9863258004188538,1.409999966621399,1.4299999475479126,1.399999976158142,1.409999966621399,146105300
2020-02-06,1.0073115825653076,1.440000057220459,1.4600000381469727,1.409999966621399,1.409999966621399,199610100
2020-02-07,1.0282973051071167,1.4700000286102295,1.4800000190734863,1.4299999475479126,1.440000057220459,287833100
2020-02-11,1.0003161430358887,1.4299999475479126,1.4900000095367432,1.4199999570846558,1.4800000190734863,243440400
2020-02-12,1.014306902885437,1.4500000476837158,1.4500000476837158,1.4199999570846558,1.4299999475479126,117122300
2020-02-13,0.9933210015296936,1.4199999570846558,1.4500000476837158,1.4199999570846558,1.440000057220459,141582500
2020-02-14,0.9863258004188538,1.409999966621399,1.440000057220459,1.409999966621399,1.4299999475479126,100668000
2020-02-17,0.9863258004188538,1.409999966621399,1.4299999475479126,1.409999966621399,1.409999966621399,99302700
2020-02-18,0.9863258004188538,1.409999966621399,1.4199999570846558,1.399999976158142,1.409999966621399,107704000
2020-02-19,0.9723352193832397,1.3899999856948853,1.4199999570846558,1.3700000047683716,1.409999966621399,276872200
2020-02-20,0.9373592734336853,1.340000033378601,1.3799999952316284,1.3200000524520874,1.3799999952316284,430480300
2020-02-21,0.9303641319274902,1.3300000429153442,1.340000033378601,1.309999942779541,1.3200000524520874,173482200
2020-02-24,0.8674071431159973,1.2400000095367432,1.3200000524520874,1.2400000095367432,1.2999999523162842,369835100
2020-02-25,0.8534166216850281,1.2200000286102295,1.2599999904632568,1.190000057220459,1.2400000095367432,329152200
2020-02-26,0.7484882473945618,1.0700000524520874,1.2100000381469727,1.0700000524520874,1.2000000476837158,626402600
2020-02-27,0.797454833984375,1.1399999856948853,1.149999976158142,1.0800000429153442,1.0800000429153442,370068200
2020-02-28,0.7624788284301758,1.090000033378601,1.1100000143051147,1.0499999523162842,1.0700000524520874,392006200
2020-03-02,0.797454833984375,1.1399999856948853,1.149999976158142,1.100000023841858,1.1200000047683716,291319600
2020-03-03,0.797454833984375,1.1399999856948853,1.1699999570846558,1.1200000047683716,1.159999966621399,403624700
2020-03-04,0.797454833984375,1.1399999856948853,1.159999966621399,1.1100000143051147,1.1200000047683716,180211300
2020-03-05,0.7904596328735352,1.1299999952316284,1.159999966621399,1.1299999952316284,1.1399999856948853,199439500
2020-03-06,0.7484882473945618,1.0700000524520874,1.1299999952316284,1.059999942779541,1.1200000047683716,413468700
2020-03-09,0.6995218396186829,1.0,1.0499999523162842,0.9700000286102295,1.0,432635100
2020-03-10,0.6995218396186829,1.0,1.0299999713897705,0.9900000095367432,1.0,325841000
2020-03-11,0.7135122418403625,1.0199999809265137,1.0199999809265137,0.9900000095367432,1.0,224144400
2020-03-12,0.5875982642173767,0.8399999737739563,0.9900000095367432,0.8100000023841858,0.9900000095367432,551096300
2020-03-13,0.5806030631065369,0.8299999833106995,0.8700000047683716,0.6000000238418579,0.7200000286102295,789045100
2020-03-16,0.4826700687408447,0.6899999976158142,0.7900000214576721,0.6899999976158142,0.7699999809265137,463004300
2020-03-17,0.5036557912826538,0.7200000286102295,0.75,0.6899999976158142,0.699999988079071,304010800
2020-03-18,0.5176461338996887,0.7400000095367432,0.7699999809265137,0.7099999785423279,0.7400000095367432,230153400
2020-03-19,0.5246412754058838,0.75,0.7599999904632568,0.7099999785423279,0.7200000286102295,281556400
2020-03-20,0.5526221990585327,0.7900000214576721,0.8500000238418579,0.7699999809265137,0.7900000214576721,551199700
2020-03-23,0.47567492723464966,0.6800000071525574,0.7599999904632568,0.6800000071525574,0.7300000190734863,379059000
2020-03-24,0.48966526985168457,0.699999988079071,0.7400000095367432,0.6899999976158142,0.7300000190734863,357785200
2020-03-25,0.5176461338996887,0.7400000095367432,0.7599999904632568,0.7099999785423279,0.7400000095367432,333231300
2020-03-26,0.5386317372322083,0.7699999809265137,0.7699999809265137,0.7200000286102295,0.7400000095367432,446598100
2020-03-27,0.5666126608848572,0.8100000023841858,0.8500000238418579,0.7799999713897705,0.800000011920929,473563600
2020-03-30,0.573607861995697,0.8199999928474426,0.8199999928474426,0.8199999928474426,0.8199999928474426,10580300
2020-03-31,0.6155791878700256,0.8799999952316284,0.8899999856948853,0.8500000238418579,0.8600000143051147,581149300
2020-04-01,0.5666126608848572,0.8100000023841858,0.8700000047683716,0.8100000023841858,0.8700000047683716,572299000
2020-04-02,0.573607861995697,0.8199999928474426,0.8199999928474426,0.7900000214576721,0.8100000023841858,351404100
2020-04-03,0.5526221990585327,0.7900000214576721,0.8299999833106995,0.7799999713897705,0.8299999833106995,304523900
2020-04-07,0.5945935845375061,0.8500000238418579,0.8500000238418579,0.8100000023841858,0.8199999928474426,368211500
2020-04-08,0.6158289909362793,0.8700000047683716,0.8799999952316284,0.8100000023841858,0.8500000238418579,548387500
2020-04-09,0.6229075789451599,0.8799999952316284,0.9200000166893005,0.8700000047683716,0.8799999952316284,483698300
2020-04-10,0.6229075789451599,0.8799999952316284,0.8899999856948853,0.8500000238418579,0.8799999952316284,232555600
2020-04-13,0.637064516544342,0.8999999761581421,0.9200000166893005,0.8600000143051147,0.8799999952316284,213870800
2020-04-14,0.6653784513473511,0.9399999976158142,0.949999988079071,0.9100000262260437,0.9300000071525574,305146600
2020-04-15,0.6583000421524048,0.9300000071525574,0.949999988079071,0.9200000166893005,0.9399999976158142,224344700
2020-04-16,0.6229075789451599,0.8799999952316284,0.9200000166893005,0.8799999952316284,0.9200000166893005,248152100
2020-04-17,0.637064516544342,0.8999999761581421,0.9100000262260437,0.8899999856948853,0.8999999761581421,128826000
2020-04-20,0.6653784513473511,0.9399999976158142,0.949999988079071,0.8999999761581421,0.9100000262260437,346239000
2020-04-21,0.6512215733528137,0.9200000166893005,0.949999988079071,0.9100000262260437,0.9300000071525574,372156900
2020-04-22,0.6583000421524048,0.9300000071525574,0.9300000071525574,0.8999999761581421,0.9200000166893005,346436000
2020-04-23,0.6512215733528137,0.9200000166893005,0.9399999976158142,0.9200000166893005,0.9200000166893005,141375900
2020-04-24,0.6441430449485779,0.9100000262260437,0.9300000071525574,0.9100000262260437,0.9300000071525574,130604300
2020-04-27,0.6441430449485779,0.9100000262260437,0.9200000166893005,0.8999999761581421,0.9200000166893005,93534100
2020-04-28,0.6441430449485779,0.9100000262260437,0.9300000071525574,0.8999999761581421,0.9100000262260437,280091500
2020-04-29,0.6583000421524048,0.9300000071525574,0.9300000071525574,0.9100000262260437,0.9200000166893005,168890300
2020-04-30,0.6795355081558228,0.9599999785423279,0.9599999785423279,0.9200000166893005,0.9300000071525574,375506600
2020-05-05,0.6512215733528137,0.9200000166893005,0.949999988079071,0.9100000262260437,0.9399999976158142,329935500
2020-05-07,0.637064516544342,0.8999999761581421,0.9200000166893005,0.8899999856948853,0.9100000262260437,359123400
2020-05-08,0.637064516544342,0.8999999761581421,0.9200000166893005,0.8899999856948853,0.9100000262260437,202520900
2020-05-11,0.6512215733528137,0.9200000166893005,0.9300000071525574,0.8999999761581421,0.9100000262260437,260719500
2020-05-12,0.6512215733528137,0.9200000166893005,0.9300000071525574,0.9100000262260437,0.9200000166893005,131528600
2020-05-13,0.6583000421524048,0.9300000071525574,0.949999988079071,0.9200000166893005,0.9300000071525574,288212800
2020-05-14,0.6583000421524048,0.9300000071525574,0.9300000071525574,0.9100000262260437,0.9200000166893005,108435900
2020-05-15,0.6512215733528137,0.9200000166893005,0.9300000071525574,0.9200000166893005,0.9300000071525574,85730600
2020-05-18,0.6653784513473511,0.9399999976158142,0.949999988079071,0.9200000166893005,0.9300000071525574,187482000
2020-05-19,0.6866140961647034,0.9700000286102295,0.9700000286102295,0.9399999976158142,0.9599999785423279,342994500
2020-05-20,0.7361634373664856,1.0399999618530273,1.059999942779541,0.9700000286102295,0.9800000190734863,654255200
2020-05-21,0.7432419061660767,1.0499999523162842,1.059999942779541,1.0199999809265137,1.0399999618530273,316559000
2020-05-22,0.7149280309677124,1.0099999904632568,1.0399999618530273,0.9800000190734863,1.0299999713897705,406092900
2020-05-25,0.7290849685668945,1.0299999713897705,1.0399999618530273,1.0099999904632568,1.0199999809265137,135321400
2020-05-26,0.7573990225791931,1.0700000524520874,1.0700000524520874,1.0399999618530273,1.0499999523162842,451401600
2020-05-27,0.7857129573822021,1.1100000143051147,1.1399999856948853,1.0700000524520874,1.0700000524520874,941925600
2020-05-28,0.8069484233856201,1.1399999856948853,1.159999966621399,1.1200000047683716,1.1399999856948853,646050200
2020-05-29,0.814026951789856,1.149999976158142,1.149999976158142,1.100000023841858,1.1299999952316284,567314900
2020-06-01,0.821105420589447,1.159999966621399,1.1799999475479126,1.149999976158142,1.1699999570846558,399602400
2020-06-02,0.8423409461975098,1.190000057220459,1.2100000381469727,1.1699999570846558,1.1699999570846558,604204000
2020-06-04,0.9202044010162354,1.2999999523162842,1.309999942779541,1.2100000381469727,1.2200000286102295,1222897100
2020-06-05,0.9060472249984741,1.2799999713897705,1.309999942779541,1.2599999904632568,1.2999999523162842,656849500
2020-06-08,0.8848118185997009,1.25,1.2899999618530273,1.2300000190734863,1.2799999713897705,530379000
2020-06-09,0.8635764122009277,1.2200000286102295,1.2799999713897705,1.2100000381469727,1.2400000095367432,594264100
2020-06-10,0.8706548810005188,1.2300000190734863,1.25,1.2100000381469727,1.2400000095367432,447889300
2020-06-11,0.8423409461975098,1.190000057220459,1.2400000095367432,1.1799999475479126,1.2200000286102295,520322000
2020-06-12,0.814026951789856,1.149999976158142,1.1699999570846558,1.1200000047683716,1.1399999856948853,418605500
2020-06-15,0.7644774317741394,1.0800000429153442,1.159999966621399,1.0700000524520874,1.1399999856948853,647444800
2020-06-16,0.7998698353767395,1.1299999952316284,1.1399999856948853,1.1100000143051147,1.1200000047683716,232741300
2020-06-17,0.7998698353767395,1.1299999952316284,1.1399999856948853,1.100000023841858,1.1200000047683716,238498600
2020-06-18,0.7715559005737305,1.090000033378601,1.1200000047683716,1.0800000429153442,1.1100000143051147,559955700
2020-06-19,0.7786344885826111,1.100000023841858,1.100000023841858,1.0800000429153442,1.090000033378601,292965400
2020-06-22,0.7432419061660767,1.0499999523162842,1.0700000524520874,1.0299999713897705,1.0399999618530273,558553500
2020-06-23,0.7644774317741394,1.0800000429153442,1.0800000429153442,1.0499999523162842,1.059999942779541,412381100
2020-06-24,0.7503204941749573,1.059999942779541,1.1100000143051147,1.059999942779541,1.090000033378601,471841200
2020-06-25,0.7503204941749573,1.059999942779541,1.0700000524520874,1.0399999618530273,1.0499999523162842,450824200
2020-06-26,0.7432419061660767,1.0499999523162842,1.0800000429153442,1.0499999523162842,1.0700000524520874,161261300
2020-06-29,0.7361634373664856,1.0399999618530273,1.0499999523162842,1.0299999713897705,1.0399999618530273,250134700
2020-06-30,0.7432419061660767,1.0499999523162842,1.0700000524520874,1.0499999523162842,1.0499999523162842,209660500
2020-07-01,0.7503204941749573,1.059999942779541,1.0700000524520874,1.0399999618530273,1.059999942779541,215846600
2020-07-02,0.7644774317741394,1.0800000429153442,1.090000033378601,1.0499999523162842,1.059999942779541,290763200
2020-07-03,0.7503204941749573,1.059999942779541,1.090000033378601,1.0499999523162842,1.0800000429153442,164576100
2020-07-07,0.7503204941749573,1.059999942779541,1.100000023841858,1.0499999523162842,1.090000033378601,250237700
2020-07-08,0.7432419061660767,1.0499999523162842,1.0800000429153442,1.0499999523162842,1.059999942779541,198824600
2020-07-09,0.7432419061660767,1.0499999523162842,1.0700000524520874,1.0399999618530273,1.059999942779541,206345000
2020-07-10,0.7361634373664856,1.0399999618530273,1.0499999523162842,1.0299999713897705,1.0399999618530273,134045300
2020-07-13,0.7149280309677124,1.0099999904632568,1.059999942779541,1.0099999904632568,1.0499999523162842,379741300
2020-07-14,0.7078494429588318,1.0,1.0099999904632568,0.9900000095367432,1.0099999904632568,254415500
2020-07-15,0.7290849685668945,1.0299999713897705,1.0399999618530273,1.0099999904632568,1.0199999809265137,225799400
2020-07-16,0.7220063805580139,1.0199999809265137,1.0299999713897705,1.0099999904632568,1.0299999713897705,114350000
2020-07-17,0.7220063805580139,1.0199999809265137,1.0399999618530273,1.0199999809265137,1.0299999713897705,88177600
2020-07-20,0.7361634373664856,1.0399999618530273,1.0499999523162842,1.0199999809265137,1.0299999713897705,254108800
2020-07-21,0.7432419061660767,1.0499999523162842,1.059999942779541,1.0399999618530273,1.0499999523162842,217002800
2020-07-22,0.7220063805580139,1.0199999809265137,1.0499999523162842,1.0099999904632568,1.0499999523162842,232560300
2020-07-23,0.7220063805580139,1.0199999809265137,1.0399999618530273,1.0199999809265137,1.0199999809265137,159169800
2020-07-24,0.7220063805580139,1.0199999809265137,1.0199999809265137,1.0,1.0199999809265137,186565100
2020-07-29,0.7007709741592407,0.9900000095367432,1.0199999809265137,0.9800000190734863,1.0099999904632568,284619000
2020-07-30,0.6936925053596497,0.9800000190734863,1.0099999904632568,0.9800000190734863,1.0,192518600
2020-07-31,0.6724569797515869,0.949999988079071,0.9900000095367432,0.9399999976158142,0.9800000190734863,388670000
2020-08-03,0.6653784513473511,0.9399999976158142,0.949999988079071,0.9200000166893005,0.949999988079071,163310300
2020-08-04,0.6724569797515869,0.949999988079071,0.9700000286102295,0.9399999976158142,0.949999988079071,223751900
2020-08-05,0.6724569797515869,0.949999988079071,0.9599999785423279,0.9399999976158142,0.9599999785423279,153023100
2020-08-06,0.6724569797515869,0.949999988079071,0.9700000286102295,0.949999988079071,0.9599999785423279,167483500
2020-08-07,0.6653784513473511,0.9399999976158142,0.949999988079071,0.9399999976158142,0.949999988079071,66797000
2020-08-10,0.6583000421524048,0.9300000071525574,0.949999988079071,0.9300000071525574,0.949999988079071,112065100
2020-08-11,0.6724569797515869,0.949999988079071,0.9700000286102295,0.9399999976158142,0.9399999976158142,173990100
2020-08-13,0.7290849685668945,1.0299999713897705,1.0299999713897705,0.9700000286102295,0.9700000286102295,596906400
2020-08-14,0.7078494429588318,1.0,1.0199999809265137,0.9900000095367432,1.0199999809265137,315447500
2020-08-17,0.6866140961647034,0.9700000286102295,1.0099999904632568,0.9599999785423279,1.0,299536000
2020-08-18,0.6936925053596497,0.9800000190734863,1.0,0.9700000286102295,0.9700000286102295,192659000
2020-08-19,0.6795355081558228,0.9599999785423279,0.9900000095367432,0.9599999785423279,0.9900000095367432,359793900
2020-08-20,0.6583000421524048,0.9300000071525574,0.949999988079071,0.9200000166893005,0.9399999976158142,292938700
2020-08-21,0.6583000421524048,0.9300000071525574,0.949999988079071,0.9200000166893005,0.9399999976158142,114274900
2020-08-24,0.6512215733528137,0.9200000166893005,0.9399999976158142,0.9100000262260437,0.9399999976158142,154062100
2020-08-25,0.6583000421524048,0.9300000071525574,0.949999988079071,0.9200000166893005,0.9300000071525574,182690300
2020-08-26,0.6653784513473511,0.9399999976158142,0.9399999976158142,0.9200000166893005,0.9300000071525574,142613300
2020-08-27,0.6583000421524048,0.9300000071525574,0.9399999976158142,0.9200000166893005,0.9300000071525574,84349600
2020-08-28,0.6724569797515869,0.949999988079071,0.9599999785423279,0.9300000071525574,0.9399999976158142,302212700
2020-08-31,0.6653784513473511,0.9399999976158142,0.9800000190734863,0.9300000071525574,0.9599999785423279,417125900
2020-09-01,0.6653784513473511,0.9399999976158142,0.949999988079071,0.9300000071525574,0.949999988079071,97531600
2020-09-02,0.6653784513473511,0.9399999976158142,0.949999988079071,0.9200000166893005,0.9300000071525574,180560700
2020-09-03,0.6583000421524048,0.9300000071525574,0.949999988079071,0.9300000071525574,0.9399999976158142,91851300
2020-09-08,0.6512215733528137,0.9200000166893005,0.9300000071525574,0.9200000166893005,0.9300000071525574,116511600
2020-09-09,0.6441430449485779,0.9100000262260437,0.9200000166893005,0.8999999761581421,0.9200000166893005,243496100
2020-09-10,0.6512215733528137,0.9200000166893005,0.9200000166893005,0.8999999761581421,0.9100000262260437,125922500
2020-09-11,0.6441430449485779,0.9100000262260437,0.9200000166893005,0.9100000262260437,0.9100000262260437,97730900
2020-09-14,0.6441430449485779,0.9100000262260437,0.9200000166893005,0.9100000262260437,0.9100000262260437,62730800
2020-09-15,0.6441430449485779,0.9100000262260437,0.9200000166893005,0.9100000262260437,0.9200000166893005,32156000
2020-09-16,0.637064516544342,0.8999999761581421,0.9200000166893005,0.8999999761581421,0.9100000262260437,69028400
2020-09-17,0.629986047744751,0.8899999856948853,0.9100000262260437,0.8899999856948853,0.8999999761581421,107427600
2020-09-18,0.6441430449485779,0.9100000262260437,0.9100000262260437,0.8899999856948853,0.8999999761581421,186806400
2020-09-21,0.637064516544342,0.8999999761581421,0.9200000166893005,0.8899999856948853,0.9100000262260437,87281100
2020-09-22,0.6229075789451599,0.8799999952316284,0.8999999761581421,0.8700000047683716,0.8899999856948853,149920200
2020-09-23,0.637064516544342,0.8999999761581421,0.8999999761581421,0.8799999952316284,0.8799999952316284,128715500
2020-09-24,0.6441430449485779,0.9100000262260437,0.9100000262260437,0.8799999952316284,0.8799999952316284,216330600
2020-09-25,0.637064516544342,0.8999999761581421,0.9200000166893005,0.8799999952316284,0.8999999761581421,173276100
2020-09-28,0.6583000421524048,0.9300000071525574,0.9300000071525574,0.8999999761581421,0.9100000262260437,239285000
2020-09-29,0.637064516544342,0.8999999761581421,0.9300000071525574,0.8999999761581421,0.9300000071525574,182926200
2020-09-30,0.629986047744751,0.8899999856948853,0.9100000262260437,0.8799999952316284,0.8999999761581421,149736400
2020-10-01,0.629986047744751,0.8899999856948853,0.8999999761581421,0.8799999952316284,0.8999999761581421,130981400
2020-10-02,0.608750581741333,0.8600000143051147,0.8899999856948853,0.8500000238418579,0.8899999856948853,424673100
2020-10-05,0.608750581741333,0.8600000143051147,0.8700000047683716,0.8500000238418579,0.8600000143051147,173320900
2020-10-06,0.6016719937324524,0.8500000238418579,0.8600000143051147,0.8399999737739563,0.8600000143051147,122202900
2020-10-07,0.6158289909362793,0.8700000047683716,0.8799999952316284,0.8399999737739563,0.8500000238418579,213374300
2020-10-08,0.6158289909362793,0.8700000047683716,0.8899999856948853,0.8700000047683716,0.8799999952316284,156408800
2020-10-09,0.608750581741333,0.8600000143051147,0.8799999952316284,0.8500000238418579,0.8799999952316284,155082700
2020-10-12,0.608750581741333,0.8600000143051147,0.8700000047683716,0.8500000238418579,0.8600000143051147,124000300
2020-10-14,0.6016719937324524,0.8500000238418579,0.8600000143051147,0.8399999737739563,0.8500000238418579,159881200
2020-10-15,0.5945935249328613,0.8399999737739563,0.8500000238418579,0.8299999833106995,0.8399999737739563,148109800
2020-10-16,0.5945935249328613,0.8399999737739563,0.8399999737739563,0.8299999833106995,0.8399999737739563,72400700
2020-10-19,0.5804365277290344,0.8199999928474426,0.8299999833106995,0.800000011920929,0.8299999833106995,167063600
2020-10-20,0.5733579993247986,0.8100000023841858,0.8299999833106995,0.800000011920929,0.8199999928474426,152343800
2020-10-21,0.5875151753425598,0.8299999833106995,0.8399999737739563,0.8100000023841858,0.8199999928474426,195026200
2020-10-22,0.5804365277290344,0.8199999928474426,0.8299999833106995,0.8100000023841858,0.8299999833106995,104925000
2020-10-26,0.5804365277290344,0.8199999928474426,0.8299999833106995,0.8100000023841858,0.8199999928474426,97993700
2020-10-27,0.5804365277290344,0.8199999928474426,0.8299999833106995,0.800000011920929,0.8100000023841858,172083300
2020-10-28,0.5804365277290344,0.8199999928474426,0.8399999737739563,0.8100000023841858,0.8199999928474426,250850600
2020-10-29,0.5875151753425598,0.8299999833106995,0.8399999737739563,0.8100000023841858,0.8199999928474426,167571700
2020-10-30,0.5733579993247986,0.8100000023841858,0.8399999737739563,0.800000011920929,0.8299999833106995,339154600
2020-11-02,0.5804365277290344,0.8199999928474426,0.8299999833106995,0.8100000023841858,0.8100000023841858,117069300
2020-11-03,0.5945935249328613,0.8399999737739563,0.8399999737739563,0.8199999928474426,0.8299999833106995,182668200
2020-11-04,0.6016719937324524,0.8500000238418579,0.8600000143051147,0.8299999833106995,0.8399999737739563,205740300
2020-11-05,0.629986047744751,0.8899999856948853,0.8899999856948853,0.8399999737739563,0.8500000238418579,326715800
2020-11-06,0.6512215733528137,0.9200000166893005,0.9399999976158142,0.8700000047683716,0.8899999856948853,622457600
2020-11-09,0.6583000421524048,0.9300000071525574,0.9399999976158142,0.9100000262260437,0.9300000071525574,358696100
2020-11-10,0.7290849685668945,1.0299999713897705,1.0299999713897705,0.949999988079071,0.9599999785423279,1155536100
2020-11-11,0.7007709741592407,0.9900000095367432,1.0299999713897705,0.9700000286102295,1.0199999809265137,681529400
2020-11-12,0.6936925053596497,0.9800000190734863,0.9800000190734863,0.9599999785423279,0.9800000190734863,273594500
2020-11-13,0.7220063805580139,1.0199999809265137,1.0199999809265137,0.9800000190734863,0.9900000095367432,692926800
2020-11-16,0.7220063805580139,1.0199999809265137,1.0499999523162842,1.0199999809265137,1.0299999713897705,411747400
2020-11-17,0.7007709741592407,0.9900000095367432,1.0299999713897705,0.9700000286102295,1.0199999809265137,692945500
2020-11-18,0.6936925053596497,0.9800000190734863,0.9900000095367432,0.949999988079071,0.9800000190734863,464516700
2020-11-19,0.7078494429588318,1.0,1.0099999904632568,0.9700000286102295,0.9800000190734863,328629200
2020-11-20,0.7432419061660767,1.0499999523162842,1.0499999523162842,0.9900000095367432,1.0,1057932900
2020-11-23,0.821105420589447,1.159999966621399,1.159999966621399,1.0499999523162842,1.0499999523162842,1292243900
2020-11-24,0.7998698353767395,1.1299999952316284,1.2100000381469727,1.1299999952316284,1.1799999475479126,1320781900
2020-11-25,0.821105420589447,1.159999966621399,1.1699999570846558,1.1100000143051147,1.149999976158142,948826800
2020-11-26,0.814026951789856,1.149999976158142,1.149999976158142,1.1299999952316284,1.149999976158142,554380000
2020-11-27,0.7998698353767395,1.1299999952316284,1.149999976158142,1.1200000047683716,1.1399999856948853,557077900
2020-11-30,0.7432419061660767,1.0499999523162842,1.1100000143051147,1.0499999523162842,1.1100000143051147,0
2020-12-01,0.7644774317741394,1.0800000429153442,1.1100000143051147,1.0800000429153442,1.0800000429153442,1196707000
2020-12-02,0.7857129573822021,1.1100000143051147,1.1299999952316284,1.0800000429153442,1.090000033378601,1139020300
2020-12-03,0.792791485786438,1.1200000047683716,1.1299999952316284,1.090000033378601,1.100000023841858,842081500
2020-12-04,0.821105420589447,1.159999966621399,1.1799999475479126,1.1200000047683716,1.1299999952316284,1798805300
2020-12-08,0.8777334690093994,1.2400000095367432,1.2699999809265137,1.149999976158142,1.159999966621399,2095339500
2020-12-09,0.8635764122009277,1.2200000286102295,1.2699999809265137,1.2200000286102295,1.25,1089341900
2020-12-14,0.8352622389793396,1.1799999475479126,1.2400000095367432,1.1699999570846558,1.2400000095367432,1169331400
2020-12-15,0.8494192957878113,1.2000000476837158,1.2100000381469727,1.149999976158142,1.1799999475479126,672486500
2020-12-16,0.8494192957878113,1.2000000476837158,1.2300000190734863,1.190000057220459,1.2200000286102295,932363400
2020-12-17,0.8423409461975098,1.190000057220459,1.2100000381469727,1.1699999570846558,1.1799999475479126,2017216200
2020-12-18,0.8352622389793396,1.1799999475479126,1.2000000476837158,1.1699999570846558,1.190000057220459,739291000
2020-12-21,0.7573990225791931,1.0700000524520874,1.149999976158142,1.059999942779541,1.1299999952316284,1707233700
2020-12-22,0.8069484233856201,1.1399999856948853,1.1399999856948853,1.0700000524520874,1.0800000429153442,1413888500
2020-12-23,0.7786344885826111,1.100000023841858,1.1399999856948853,1.100000023841858,1.1299999952316284,787486500
2020-12-24,0.7998698353767395,1.1299999952316284,1.1399999856948853,1.090000033378601,1.100000023841858,760571200
2020-12-25,0.8069484233856201,1.1399999856948853,1.149999976158142,1.1200000047683716,1.1299999952316284,346317200
2020-12-28,0.7786344885826111,1.100000023841858,1.149999976158142,1.090000033378601,1.1399999856948853,784986500
2020-12-29,0.792791485786438,1.1200000047683716,1.1299999952316284,1.0800000429153442,1.100000023841858,614030300
2020-12-30,0.7644774317741394,1.0800000429153442,1.1299999952316284,1.0700000524520874,1.1200000047683716,937232400
2021-01-04,0.7503204941749573,1.059999942779541,1.0700000524520874,1.0299999713897705,1.0299999713897705,1282845700
2021-01-05,0.792791485786438,1.1200000047683716,1.1200000047683716,1.059999942779541,1.059999942779541,1261462500
2021-01-06,0.814026951789856,1.149999976158142,1.1699999570846558,1.1100000143051147,1.1200000047683716,1631357000
2021-01-07,0.8706548810005188,1.2300000190734863,1.25,1.1799999475479126,1.2000000476837158,0
2021-01-08,0.8564980030059814,1.2100000381469727,1.25,1.2000000476837158,1.2400000095367432,916736700
2021-01-11,0.8352622389793396,1.1799999475479126,1.2100000381469727,1.1699999570846558,1.2100000381469727,685487300
2021-01-12,0.8281838297843933,1.1699999570846558,1.1799999475479126,1.159999966621399,1.1799999475479126,316303500
2021-01-13,0.8423409461975098,1.190000057220459,1.2000000476837158,1.1699999570846558,1.1799999475479126,856252100
2021-01-14,0.8352622389793396,1.1799999475479126,1.2000000476837158,1.1699999570846558,1.190000057220459,406253400
2021-01-15,0.8352622389793396,1.1799999475479126,1.1799999475479126,1.159999966621399,1.1799999475479126,296907000
2021-01-18,0.821105420589447,1.159999966621399,1.1799999475479126,1.1399999856948853,1.1699999570846558,450956800
2021-01-19,0.8281838297843933,1.1699999570846558,1.1799999475479126,1.149999976158142,1.1699999570846558,324019500
2021-01-20,0.814026951789856,1.149999976158142,1.190000057220459,1.1399999856948853,1.1699999570846558,757873900
2021-01-21,0.8423409461975098,1.190000057220459,1.2100000381469727,1.1699999570846558,1.1799999475479126,1190313400
2021-01-22,0.821105420589447,1.159999966621399,1.190000057220459,1.159999966621399,1.1699999570846558,696943600
2021-01-25,0.814026951789856,1.149999976158142,1.1699999570846558,1.1399999856948853,1.159999966621399,513808800
2021-01-26,0.814026951789856,1.149999976158142,1.1699999570846558,1.1399999856948853,1.149999976158142,380107200
2021-01-27,0.8069484233856201,1.1399999856948853,1.159999966621399,1.1399999856948853,1.159999966621399,223751700
2021-01-28,0.7857129573822021,1.1100000143051147,1.1399999856948853,1.1100000143051147,1.1299999952316284,679316300
2021-01-29,0.7786344885826111,1.100000023841858,1.1299999952316284,1.090000033378601,1.1200000047683716,884357000
2021-02-01,0.792791485786438,1.1200000047683716,1.1299999952316284,1.090000033378601,1.1100000143051147,724073000
2021-02-02,0.7786344885826111,1.100000023841858,1.1299999952316284,1.100000023841858,1.1299999952316284,444843800
2021-02-03,0.792791485786438,1.1200000047683716,1.149999976158142,1.100000023841858,1.1100000143051147,1114612200
2021-02-04,0.792791485786438,1.1200000047683716,1.1299999952316284,1.100000023841858,1.1100000143051147,712293900
2021-02-05,0.814026951789856,1.149999976158142,1.149999976158142,1.1200000047683716,1.1299999952316284,551788400
2021-02-08,0.8494192957878113,1.2000000476837158,1.2000000476837158,1.159999966621399,1.1699999570846558,1728801300
2021-02-09,0.8423409461975098,1.190000057220459,1.2100000381469727,1.1799999475479126,1.2000000476837158,826475400
2021-02-10,0.8352622389793396,1.1799999475479126,1.2000000476837158,1.1699999570846558,1.190000057220459,471069800
2021-02-11,0.8281838297843933,1.1699999570846558,1.1799999475479126,1.159999966621399,1.1799999475479126,241056900
2021-02-15,0.821105420589447,1.159999966621399,1.1799999475479126,1.159999966621399,1.1799999475479126,216915400
2021-02-16,0.821105420589447,1.159999966621399,1.1799999475479126,1.159999966621399,1.1699999570846558,234077400
2021-02-17,0.8281838297843933,1.1699999570846558,1.1699999570846558,1.149999976158142,1.1699999570846558,345912200
2021-02-18,0.814026951789856,1.149999976158142,1.1699999570846558,1.149999976158142,1.159999966621399,150732300
2021-02-19,0.792791485786438,1.1200000047683716,1.149999976158142,1.1100000143051147,1.149999976158142,701748500
2021-02-22,0.7786344885826111,1.100000023841858,1.1299999952316284,1.100000023841858,1.1200000047683716,601052800
2021-02-23,0.792791485786438,1.1200000047683716,1.1299999952316284,1.100000023841858,1.1100000143051147,299456200
2021-02-24,0.7857129573822021,1.1100000143051147,1.1200000047683716,1.100000023841858,1.1200000047683716,199011100
2021-02-25,0.7998698353767395,1.1299999952316284,1.1399999856948853,1.1200000047683716,1.1299999952316284,438432900
2021-03-01,0.7998698353767395,1.1299999952316284,1.1299999952316284,1.1100000143051147,1.1200000047683716,276534000
2021-03-02,0.792791485786438,1.1200000047683716,1.1399999856948853,1.1200000047683716,1.1399999856948853,224850100
2021-03-03,0.821105420589447,1.159999966621399,1.159999966621399,1.1200000047683716,1.1299999952316284,895890700
2021-03-04,0.814026951789856,1.149999976158142,1.159999966621399,1.1299999952316284,1.1399999856948853,641673600
2021-03-05,0.8281838297843933,1.1699999570846558,1.190000057220459,1.1399999856948853,1.149999976158142,944814000
2021-03-08,0.8494192957878113,1.2000000476837158,1.2200000286102295,1.1799999475479126,1.2000000476837158,983719500
2021-03-09,0.8564980030059814,1.2100000381469727,1.2100000381469727,1.190000057220459,1.2000000476837158,749369000
2021-03-10,0.8777334690093994,1.2400000095367432,1.25,1.2000000476837158,1.2000000476837158,827212900
2021-03-11,0.8777334690093994,1.2400000095367432,1.2699999809265137,1.2200000286102295,1.25,798131200
2021-03-12,0.8635764122009277,1.2200000286102295,1.2400000095367432,1.2000000476837158,1.2400000095367432,873357500
2021-03-15,0.8635764122009277,1.2200000286102295,1.2400000095367432,1.2200000286102295,1.2300000190734863,394026300
2021-03-16,0.8635764122009277,1.2200000286102295,1.2400000095367432,1.2200000286102295,1.2300000190734863,312140800
2021-03-17,0.8777334690093994,1.2400000095367432,1.25,1.2200000286102295,1.2200000286102295,451788100
2021-03-18,0.8777334690093994,1.2400000095367432,1.2599999904632568,1.2300000190734863,1.25,531111200
2021-03-19,0.8777334690093994,1.2400000095367432,1.2400000095367432,1.2200000286102295,1.2300000190734863,465944800
2021-03-22,0.8777334690093994,1.2400000095367432,1.2400000095367432,1.2200000286102295,1.2400000095367432,178423900
2021-03-23,0.8564980030059814,1.2100000381469727,1.25,1.2100000381469727,1.2400000095367432,556905000
2021-03-24,0.8564980030059814,1.2100000381469727,1.2200000286102295,1.2000000476837158,1.2000000476837158,590260000
2021-03-25,0.8564980030059814,1.2100000381469727,1.2200000286102295,1.2000000476837158,1.2200000286102295,341313200
2021-03-26,0.8564980030059814,1.2100000381469727,1.2300000190734863,1.2000000476837158,1.2200000286102295,421675000
2021-03-29,0.8564980030059814,1.2100000381469727,1.2300000190734863,1.2100000381469727,1.2200000286102295,264962900
2021-03-30,0.8635764122009277,1.2200000286102295,1.2400000095367432,1.2100000381469727,1.2200000286102295,480926700
2021-03-31,0.8706548810005188,1.2300000190734863,1.2300000190734863,1.2100000381469727,1.2200000286102295,249010400
2021-04-01,0.8848118185997009,1.25,1.25,1.2100000381469727,1.2300000190734863,579890200
2021-04-02,0.8777334690093994,1.2400000095367432,1.2699999809265137,1.2400000095367432,1.2599999904632568,348463800
2021-04-05,0.8706548810005188,1.2300000190734863,1.25,1.2200000286102295,1.2400000095367432,364410600
2021-04-07,0.8494192957878113,1.2000000476837158,1.2200000286102295,1.2000000476837158,1.2100000381469727,655809800
2021-04-08,0.8494192957878113,1.2000000476837158,1.2100000381469727,1.190000057220459,1.2000000476837158,326494900
2021-04-09,0.8494192957878113,1.2000000476837158,1.2100000381469727,1.190000057220459,1.2000000476837158,208135900
2021-04-12,0.8423409461975098,1.190000057220459,1.2000000476837158,1.1799999475479126,1.190000057220459,254053900
2021-04-16,0.821105420589447,1.159999966621399,1.190000057220459,1.149999976158142,1.1799999475479126,693251800
2021-04-19,0.8352622389793396,1.1799999475479126,1.190000057220459,1.159999966621399,1.1699999570846558,302605000
2021-04-20,0.8494192957878113,1.2000000476837158,1.2100000381469727,1.1699999570846558,1.1799999475479126,435867400
2021-04-21,0.8564980030059814,1.2100000381469727,1.2100000381469727,1.190000057220459,1.190000057220459,304208200
2021-04-22,0.8423409461975098,1.190000057220459,1.2100000381469727,1.1799999475479126,1.2100000381469727,699419500
2021-04-23,0.821105420589447,1.159999966621399,1.190000057220459,1.159999966621399,1.1799999475479126,594705600
2021-04-26,0.8281838297843933,1.1699999570846558,1.1699999570846558,1.149999976158142,1.159999966621399,511760300
2021-04-27,0.8423409461975098,1.190000057220459,1.2000000476837158,1.159999966621399,1.1699999570846558,741229600
2021-04-28,0.8423409461975098,1.190000057220459,1.2100000381469727,1.1799999475479126,1.2000000476837158,487351000
2021-04-29,0.8607325553894043,1.1699999570846558,1.1799999475479126,1.159999966621399,1.159999966621399,536125500
2021-04-30,0.8607325553894043,1.1699999570846558,1.1799999475479126,1.159999966621399,1.1699999570846558,213219700
2021-05-05,0.8460192084312439,1.149999976158142,1.1799999475479126,1.149999976158142,1.1699999570846558,375388400
2021-05-06,0.8460192084312439,1.149999976158142,1.1699999570846558,1.149999976158142,1.159999966621399,397802000
2021-05-07,0.8460192084312439,1.149999976158142,1.1699999570846558,1.149999976158142,1.159999966621399,189099500
2021-05-10,0.8533759117126465,1.159999966621399,1.159999966621399,1.149999976158142,1.159999966621399,101178200
2021-05-11,0.8460192084312439,1.149999976158142,1.159999966621399,1.1299999952316284,1.149999976158142,482494900
2021-05-12,0.8386625647544861,1.1399999856948853,1.149999976158142,1.1200000047683716,1.1399999856948853,248886600
2021-05-13,0.8313058614730835,1.1299999952316284,1.1399999856948853,1.100000023841858,1.1299999952316284,645745900
2021-05-14,0.8239492177963257,1.1200000047683716,1.1299999952316284,1.100000023841858,1.1299999952316284,356339000
2021-05-17,0.8239492177963257,1.1200000047683716,1.1299999952316284,1.1100000143051147,1.1200000047683716,298067000
2021-05-18,0.8313058614730835,1.1299999952316284,1.1299999952316284,1.1200000047683716,1.1200000047683716,198121400
2021-05-19,0.8165923953056335,1.1100000143051147,1.1299999952316284,1.1100000143051147,1.1200000047683716,404280900
2021-05-20,0.8239492177963257,1.1200000047683716,1.1299999952316284,1.1100000143051147,1.1200000047683716,345450100
2021-05-21,0.8313058614730835,1.1299999952316284,1.1299999952316284,1.1100000143051147,1.1200000047683716,218231800
2021-05-24,0.8239492177963257,1.1200000047683716,1.1299999952316284,1.1100000143051147,1.1200000047683716,439408500
2021-05-25,0.8313058614730835,1.1299999952316284,1.1399999856948853,1.1200000047683716,1.1299999952316284,297168900
2021-05-27,0.8313058614730835,1.1299999952316284,1.1399999856948853,1.1200000047683716,1.1299999952316284,101674100
2021-05-28,0.8239492177963257,1.1200000047683716,1.1399999856948853,1.1200000047683716,1.1299999952316284,281129200
2021-05-31,0.8239492177963257,1.1200000047683716,1.1299999952316284,1.1100000143051147,1.1200000047683716,269932700
2021-06-01,0.8460192084312439,1.149999976158142,1.149999976158142,1.1200000047683716,1.1299999952316284,312035100
2021-06-02,0.8460192084312439,1.149999976158142,1.159999966621399,1.1399999856948853,1.149999976158142,278566100
2021-06-04,0.8386625647544861,1.1399999856948853,1.159999966621399,1.1399999856948853,1.149999976158142,249495300
2021-06-07,0.8533759117126465,1.159999966621399,1.1699999570846558,1.149999976158142,1.149999976158142,357474500
2021-06-08,0.8533759117126465,1.159999966621399,1.1699999570846558,1.149999976158142,1.159999966621399,297314000
2021-06-09,0.8607325553894043,1.1699999570846558,1.1699999570846558,1.149999976158142,1.159999966621399,118504300
2021-06-10,0.8533759117126465,1.159999966621399,1.1799999475479126,1.159999966621399,1.1699999570846558,135424300
2021-06-11,0.8607325553894043,1.1699999570846558,1.1799999475479126,1.159999966621399,1.1699999570846558,338745500
2021-06-14,0.8680891990661621,1.1799999475479126,1.190000057220459,1.1699999570846558,1.1799999475479126,292497900
2021-06-15,0.8607325553894043,1.1699999570846558,1.190000057220459,1.159999966621399,1.1799999475479126,463593900
2021-06-16,0.8607325553894043,1.1699999570846558,1.1699999570846558,1.149999976158142,1.159999966621399,274403700
2021-06-17,0.8460192084312439,1.149999976158142,1.1699999570846558,1.149999976158142,1.159999966621399,197496100
2021-06-18,0.8386625647544861,1.1399999856948853,1.159999966621399,1.1399999856948853,1.149999976158142,413189200
2021-06-21,0.8460192084312439,1.149999976158142,1.149999976158142,1.1299999952316284,1.1399999856948853,277265200
2021-06-22,0.8460192084312439,1.149999976158142,1.1699999570846558,1.1399999856948853,1.159999966621399,178182900
2021-06-23,0.8239492177963257,1.1200000047683716,1.159999966621399,1.1200000047683716,1.149999976158142,430305500
2021-06-24,0.8313058614730835,1.1299999952316284,1.1299999952316284,1.1100000143051147,1.1200000047683716,474940000
2021-06-25,0.8239492177963257,1.1200000047683716,1.1399999856948853,1.1100000143051147,1.1299999952316284,315700100
2021-06-28,0.8313058614730835,1.1299999952316284,1.1299999952316284,1.1100000143051147,1.1200000047683716,373636900
2021-06-29,0.8239492177963257,1.1200000047683716,1.1399999856948853,1.1200000047683716,1.1200000047683716,283435600
2021-06-30,0.8239492177963257,1.1200000047683716,1.1299999952316284,1.1100000143051147,1.1200000047683716,473337800
2021-07-01,0.8386625647544861,1.1399999856948853,1.1399999856948853,1.1100000143051147,1.1200000047683716,306328800
2021-07-02,0.8239492177963257,1.1200000047683716,1.1399999856948853,1.1200000047683716,1.1299999952316284,284860600
2021-07-05,0.8165923953056335,1.1100000143051147,1.1299999952316284,1.100000023841858,1.1200000047683716,337015200
2021-07-06,0.8165923953056335,1.1100000143051147,1.1200000047683716,1.1100000143051147,1.1100000143051147,113723600
2021-07-07,0.7945224642753601,1.0800000429153442,1.1200000047683716,1.0800000429153442,1.1100000143051147,722925200
2021-07-08,0.7503822445869446,1.0199999809265137,1.0700000524520874,1.0,1.0700000524520874,1379626200
2021-07-09,0.7503822445869446,1.0199999809265137,1.0199999809265137,0.9900000095367432,1.0099999904632568,835521500
2021-07-12,0.7430256009101868,1.0099999904632568,1.0299999713897705,1.0,1.0199999809265137,308876200
2021-07-13,0.7503822445869446,1.0199999809265137,1.0299999713897705,1.0099999904632568,1.0199999809265137,326446800
2021-07-14,0.7503822445869446,1.0199999809265137,1.0199999809265137,1.0,1.0199999809265137,306407200
2021-07-15,0.7577389478683472,1.0299999713897705,1.0399999618530273,1.0099999904632568,1.0199999809265137,374452000
2021-07-16,0.7503822445869446,1.0199999809265137,1.0299999713897705,1.0,1.0199999809265137,444960700
2021-07-19,0.7430256009101868,1.0099999904632568,1.0099999904632568,0.9900000095367432,1.0,233123800
2021-07-20,0.735668957233429,1.0,1.0099999904632568,0.9900000095367432,1.0,322863900
2021-07-21,0.7283122539520264,0.9900000095367432,1.0,0.9800000190734863,1.0,581632800
2021-07-22,0.735668957233429,1.0,1.0099999904632568,0.9800000190734863,0.9900000095367432,592873100
2021-07-23,0.735668957233429,1.0,1.0099999904632568,0.9900000095367432,1.0,731746000
2021-07-27,0.7283122539520264,0.9900000095367432,1.0,0.9800000190734863,1.0,270663300
2021-07-29,0.7209555506706238,0.9800000190734863,0.9900000095367432,0.9800000190734863,0.9900000095367432,150743200
2021-07-30,0.713598906993866,0.9700000286102295,0.9900000095367432,0.9599999785423279,0.9800000190734863,451880600
2021-08-02,0.7062422037124634,0.9599999785423279,0.9700000286102295,0.949999988079071,0.9700000286102295,284513500
2021-08-03,0.7209555506706238,0.9800000190734863,0.9900000095367432,0.9599999785423279,0.9599999785423279,416465000
2021-08-04,0.7209555506706238,0.9800000190734863,0.9900000095367432,0.9700000286102295,0.9800000190734863,130723700
2021-08-05,0.713598906993866,0.9700000286102295,0.9900000095367432,0.9700000286102295,0.9800000190734863,132412500
2021-08-06,0.713598906993866,0.9700000286102295,0.9800000190734863,0.9599999785423279,0.9700000286102295,117090100
2021-08-09,0.735668957233429,1.0,1.0,0.9700000286102295,0.9700000286102295,221922200
2021-08-10,0.7283122539520264,0.9900000095367432,0.9900000095367432,0.9800000190734863,0.9900000095367432,93311400
2021-08-11,0.7209555506706238,0.9800000190734863,1.0,0.9700000286102295,0.9900000095367432,144862800
2021-08-13,0.7209555506706238,0.9800000190734863,0.9800000190734863,0.9700000286102295,0.9700000286102295,115406500
2021-08-16,0.7209555506706238,0.9800000190734863,0.9800000190734863,0.9599999785423279,0.9700000286102295,213478700
2021-08-17,0.7209555506706238,0.9800000190734863,0.9900000095367432,0.9700000286102295,0.9800000190734863,297934300
2021-08-18,0.7209555506706238,0.9800000190734863,0.9800000190734863,0.9700000286102295,0.9800000190734863,163038200
2021-08-19,0.713598906993866,0.9700000286102295,0.9900000095367432,0.9700000286102295,0.9800000190734863,89673900
2021-08-20,0.7283122539520264,0.9900000095367432,1.0,0.9700000286102295,0.9800000190734863,334576000
2021-08-23,0.7650956511497498,1.0399999618530273,1.0499999523162842,1.0099999904632568,1.0099999904632568,870846700
2021-08-24,0.7798090577125549,1.059999942779541,1.059999942779541,1.0499999523162842,1.0499999523162842,325690400
2021-08-25,0.7798090577125549,1.059999942779541,1.0700000524520874,1.0499999523162842,1.059999942779541,245874200
2021-08-26,0.7724522948265076,1.0499999523162842,1.0700000524520874,1.0499999523162842,1.059999942779541,158029700
2021-08-27,0.7871657609939575,1.0700000524520874,1.0700000524520874,1.0399999618530273,1.059999942779541,351619100
2021-08-30,0.8018791675567627,1.090000033378601,1.100000023841858,1.0700000524520874,1.0800000429153442,365888600
2021-08-31,0.7871657609939575,1.0700000524520874,1.090000033378601,1.0700000524520874,1.0800000429153442,187905100
2021-09-01,0.7798090577125549,1.059999942779541,1.0800000429153442,1.059999942779541,1.0700000524520874,179173100
2021-09-02,0.7871657609939575,1.0700000524520874,1.0700000524520874,1.0499999523162842,1.059999942779541,144841700
2021-09-03,0.7871657609939575,1.0700000524520874,1.0700000524520874,1.0499999523162842,1.0700000524520874,122359400
2021-09-06,0.7798090577125549,1.059999942779541,1.0700000524520874,1.0499999523162842,1.059999942779541,111503500
2021-09-07,0.7724522948265076,1.0499999523162842,1.0700000524520874,1.0499999523162842,1.059999942779541,162517400
2021-09-08,0.7724522948265076,1.0499999523162842,1.0499999523162842,1.0299999713897705,1.0499999523162842,193742500
2021-09-09,0.7724522948265076,1.0499999523162842,1.059999942779541,1.0399999618530273,1.0499999523162842,152184200
2021-09-10,0.7724522948265076,1.0499999523162842,1.059999942779541,1.0399999618530273,1.0499999523162842,114051700
2021-09-13,0.7945224642753601,1.0800000429153442,1.090000033378601,1.0499999523162842,1.0499999523162842,387163900
2021-09-14,0.7798090577125549,1.059999942779541,1.090000033378601,1.059999942779541,1.0800000429153442,159130000
2021-09-15,0.7871657609939575,1.0700000524520874,1.0700000524520874,1.059999942779541,1.0700000524520874,49801800
2021-09-16,0.7945224642753601,1.0800000429153442,1.090000033378601,1.0700000524520874,1.0700000524520874,212894900
2021-09-17,0.7724522948265076,1.0499999523162842,1.0800000429153442,1.0499999523162842,1.0700000524520874,357088900
2021-09-20,0.7724522948265076,1.0499999523162842,1.059999942779541,1.0399999618530273,1.0499999523162842,118297600
2021-09-21,0.7871657609939575,1.0700000524520874,1.0700000524520874,1.0399999618530273,1.0499999523162842,189737100
2021-09-22,0.7945224642753601,1.0800000429153442,1.0800000429153442,1.059999942779541,1.0700000524520874,120698500
2021-09-23,0.8239492177963257,1.1200000047683716,1.1299999952316284,1.0800000429153442,1.100000023841858,1150390600
2021-09-27,0.8460192084312439,1.149999976158142,1.1699999570846558,1.1100000143051147,1.1200000047683716,1301056100
2021-09-28,0.8239492177963257,1.1200000047683716,1.149999976158142,1.1200000047683716,1.149999976158142,361968000
2021-09-29,0.8386625647544861,1.1399999856948853,1.149999976158142,1.1100000143051147,1.1100000143051147,300110800
2021-09-30,0.8165923953056335,1.1100000143051147,1.1399999856948853,1.1100000143051147,1.1399999856948853,252999900
2021-10-01,0.8165923953056335,1.1100000143051147,1.1200000047683716,1.090000033378601,1.100000023841858,468807400
2021-10-04,0.8239492177963257,1.1200000047683716,1.1299999952316284,1.100000023841858,1.1200000047683716,264212800
2021-10-05,0.8239492177963257,1.1200000047683716,1.1299999952316284,1.100000023841858,1.1100000143051147,144678700
2021-10-06,0.8165923953056335,1.1100000143051147,1.1299999952316284,1.1100000143051147,1.1200000047683716,73372500
2021-10-07,0.8533759117126465,1.159999966621399,1.159999966621399,1.1100000143051147,1.1100000143051147,861960700
2021-10-08,0.8607325553894043,1.1699999570846558,1.190000057220459,1.159999966621399,1.1699999570846558,522045400
2021-10-11,0.8533759117126465,1.159999966621399,1.1799999475479126,1.149999976158142,1.1799999475479126,288083000
2021-10-12,0.8533759117126465,1.159999966621399,1.1699999570846558,1.1399999856948853,1.1699999570846558,233475700
2021-10-14,0.8460192084312439,1.149999976158142,1.159999966621399,1.1399999856948853,1.159999966621399,266936100
2021-10-15,0.8386625647544861,1.1399999856948853,1.159999966621399,1.1399999856948853,1.1399999856948853,339415700
2021-10-18,0.8386625647544861,1.1399999856948853,1.159999966621399,1.1299999952316284,1.1399999856948853,426180000
2021-10-19,0.8165923953056335,1.1100000143051147,1.149999976158142,1.1100000143051147,1.1399999856948853,456564900
2021-10-20,0.8386625647544861,1.1399999856948853,1.1399999856948853,1.1200000047683716,1.1200000047683716,203689400
2021-10-21,0.8313058614730835,1.1299999952316284,1.149999976158142,1.1299999952316284,1.1399999856948853,162017600
2021-10-25,0.8460192084312439,1.149999976158142,1.159999966621399,1.1399999856948853,1.149999976158142,183484700
2021-10-26,0.8386625647544861,1.1399999856948853,1.159999966621399,1.1399999856948853,1.149999976158142,214556100
2021-10-27,0.8533759117126465,1.159999966621399,1.190000057220459,1.1399999856948853,1.149999976158142,701773300
2021-10-28,0.8533759117126465,1.159999966621399,1.1699999570846558,1.149999976158142,1.1699999570846558,261336300
2021-10-29,0.8533759117126465,1.159999966621399,1.1699999570846558,1.149999976158142,1.149999976158142,212516900
2021-11-01,0.8533759117126465,1.159999966621399,1.1699999570846558,1.149999976158142,1.159999966621399,139068700
2021-11-02,0.8533759117126465,1.159999966621399,1.1699999570846558,1.149999976158142,1.159999966621399,297795800
2021-11-03,0.8460192084312439,1.149999976158142,1.1699999570846558,1.1399999856948853,1.1699999570846558,449890500
2021-11-04,0.8607325553894043,1.1699999570846558,1.1699999570846558,1.149999976158142,1.149999976158142,463240300
2021-11-05,0.8533759117126465,1.159999966621399,1.1699999570846558,1.159999966621399,1.1699999570846558,173691100
2021-11-08,0.8533759117126465,1.159999966621399,1.1799999475479126,1.159999966621399,1.159999966621399,294235600
2021-11-09,0.8607325553894043,1.1699999570846558,1.1799999475479126,1.159999966621399,1.1699999570846558,308248400
2021-11-10,0.8607325553894043,1.1699999570846558,1.1799999475479126,1.1699999570846558,1.1799999475479126,173076500
2021-11-11,0.8754459619522095,1.190000057220459,1.190000057220459,1.159999966621399,1.1699999570846558,399314600
2021-11-12,0.8754459619522095,1.190000057220459,1.2000000476837158,1.1699999570846558,1.190000057220459,292467500
2021-11-15,0.8680891990661621,1.1799999475479126,1.190000057220459,1.1699999570846558,1.1799999475479126,170100600
2021-11-16,0.8680891990661621,1.1799999475479126,1.2000000476837158,1.1799999475479126,1.1799999475479126,339303500
2021-11-17,0.9048729538917542,1.2300000190734863,1.2300000190734863,1.1799999475479126,1.1799999475479126,1224639600
2021-11-18,0.9048729538917542,1.2300000190734863,1.2400000095367432,1.2200000286102295,1.2200000286102295,525739800
2021-11-19,0.8901592493057251,1.2100000381469727,1.2400000095367432,1.2100000381469727,1.2300000190734863,395401100
2021-11-22,0.8901592493057251,1.2100000381469727,1.2200000286102295,1.2000000476837158,1.2100000381469727,111291900
2021-11-23,0.8828026652336121,1.2000000476837158,1.2300000190734863,1.2000000476837158,1.2200000286102295,283536100
2021-11-24,0.8754459619522095,1.190000057220459,1.2200000286102295,1.190000057220459,1.2100000381469727,553304100
2021-11-25,0.919586181640625,1.25,1.25,1.2000000476837158,1.2100000381469727,1168838700
2021-11-26,0.8975161910057068,1.2200000286102295,1.25,1.2000000476837158,1.2400000095367432,2084944200
2021-11-29,0.8828026652336121,1.2000000476837158,1.2200000286102295,1.2000000476837158,1.2100000381469727,594869100
2021-11-30,0.8754459619522095,1.190000057220459,1.2200000286102295,1.190000057220459,1.2200000286102295,848416500
2021-12-01,0.8828026652336121,1.2000000476837158,1.2100000381469727,1.190000057220459,1.2000000476837158,400031000
2021-12-02,0.8828026652336121,1.2000000476837158,1.2100000381469727,1.2000000476837158,1.2100000381469727,266151800
2021-12-03,0.8901592493057251,1.2100000381469727,1.2200000286102295,1.2000000476837158,1.2100000381469727,416817300
2021-12-07,0.9122295379638672,1.2400000095367432,1.25,1.2200000286102295,1.2200000286102295,531566500
2021-12-08,0.9416561722755432,1.2799999713897705,1.2899999618530273,1.25,1.2599999904632568,937983500
2021-12-09,0.9563696980476379,1.2999999523162842,1.2999999523162842,1.2699999809265137,1.2799999713897705,604122900
2021-12-13,0.9637262225151062,1.309999942779541,1.309999942779541,1.2899999618530273,1.309999942779541,306051700
2021-12-14,0.9637262225151062,1.309999942779541,1.309999942779541,1.2799999713897705,1.2999999523162842,371505700
2021-12-15,0.9637262225151062,1.309999942779541,1.309999942779541,1.2999999523162842,1.309999942779541,200645300
2021-12-16,1.007866382598877,1.3700000047683716,1.3700000047683716,1.3200000524520874,1.3200000524520874,755934000
2021-12-17,1.0005097389221191,1.3600000143051147,1.3700000047683716,1.340000033378601,1.3600000143051147,609193000
2021-12-20,0.9637262225151062,1.309999942779541,1.350000023841858,1.309999942779541,1.350000023841858,641607200
2021-12-21,0.9710829257965088,1.3200000524520874,1.340000033378601,1.309999942779541,1.3200000524520874,199738000
2021-12-22,0.9637262225151062,1.309999942779541,1.340000033378601,1.309999942779541,1.3300000429153442,197850200
2021-12-23,1.0005097389221191,1.3600000143051147,1.3700000047683716,1.3200000524520874,1.3300000429153442,611574900
2021-12-24,1.0005097389221191,1.3600000143051147,1.3799999952316284,1.350000023841858,1.3700000047683716,247843800
2021-12-27,1.007866382598877,1.3700000047683716,1.3799999952316284,1.350000023841858,1.3600000143051147,198641100
2021-12-28,1.0520063638687134,1.4299999475479126,1.4500000476837158,1.3600000143051147,1.3700000047683716,1094757800
2021-12-29,1.0887900590896606,1.4800000190734863,1.4900000095367432,1.4199999570846558,1.440000057220459,943841300
2021-12-30,1.0814331769943237,1.4700000286102295,1.4900000095367432,1.4700000286102295,1.4900000095367432,522143000
2022-01-04,1.0814331769943237,1.4700000286102295,1.5,1.4600000381469727,1.4900000095367432,725268800
2022-01-05,1.0667200088500977,1.4500000476837158,1.4800000190734863,1.440000057220459,1.4700000286102295,470776900
2022-01-06,1.0372930765151978,1.409999966621399,1.4500000476837158,1.409999966621399,1.4500000476837158,945216700
2022-01-07,1.0667200088500977,1.4500000476837158,1.4500000476837158,1.409999966621399,1.4199999570846558,606113300
2022-01-10,1.0593631267547607,1.440000057220459,1.4500000476837158,1.4299999475479126,1.4500000476837158,429080200
2022-01-11,1.0593631267547607,1.440000057220459,1.440000057220459,1.4199999570846558,1.4299999475479126,278432700
2022-01-12,1.0667200088500977,1.4500000476837158,1.4600000381469727,1.4299999475479126,1.4500000476837158,393734800
2022-01-13,1.0740766525268555,1.4600000381469727,1.4700000286102295,1.4199999570846558,1.440000057220459,653592900
2022-01-14,1.0593631267547607,1.440000057220459,1.4700000286102295,1.440000057220459,1.4500000476837158,376685100
2022-01-17,1.0740766525268555,1.4600000381469727,1.4700000286102295,1.440000057220459,1.4500000476837158,275398700
2022-01-18,1.0593631267547607,1.440000057220459,1.4700000286102295,1.4299999475479126,1.4600000381469727,447976500
2022-01-19,1.0446498394012451,1.4199999570846558,1.440000057220459,1.409999966621399,1.440000057220459,573445100
2022-01-20,1.0446498394012451,1.4199999570846558,1.440000057220459,1.409999966621399,1.409999966621399,427203900
2022-01-21,1.0225796699523926,1.3899999856948853,1.4199999570846558,1.3600000143051147,1.409999966621399,1166482000
2022-01-24,0.993152916431427,1.350000023841858,1.3899999856948853,1.340000033378601,1.3799999952316284,1123566500
2022-01-25,1.007866382598877,1.3700000047683716,1.3700000047683716,1.3200000524520874,1.3300000429153442,680378000
2022-01-26,1.007866382598877,1.3700000047683716,1.399999976158142,1.3600000143051147,1.3700000047683716,615655700
2022-01-27,1.007866382598877,1.3700000047683716,1.3799999952316284,1.350000023841858,1.3600000143051147,679345400
2022-01-28,1.0005097389221191,1.3600000143051147,1.3799999952316284,1.350000023841858,1.3700000047683716,312537500
2022-01-31,1.0005097389221191,1.3600000143051147,1.3799999952316284,1.3600000143051147,1.3600000143051147,248770000
2022-02-01,1.0005097389221191,1.3600000143051147,1.3799999952316284,1.3600000143051147,1.3700000047683716,140468600
2022-02-02,1.0225796699523926,1.3899999856948853,1.3899999856948853,1.3700000047683716,1.3700000047683716,293722500
2022-02-03,0.9857962727546692,1.340000033378601,1.3899999856948853,1.3300000429153442,1.3799999952316284,1173662900
2022-02-04,0.9857962727546692,1.340000033378601,1.3600000143051147,1.3300000429153442,1.340000033378601,711759400
2022-02-07,0.9784396290779114,1.3300000429153442,1.340000033378601,1.3200000524520874,1.340000033378601,477909200
2022-02-08,0.9784396290779114,1.3300000429153442,1.340000033378601,1.3300000429153442,1.3300000429153442,244516900
2022-02-09,1.0299365520477295,1.399999976158142,1.409999966621399,1.340000033378601,1.340000033378601,1746520700
2022-02-10,1.0299365520477295,1.399999976158142,1.4199999570846558,1.3799999952316284,1.399999976158142,751679800
2022-02-11,1.0446498394012451,1.4199999570846558,1.440000057220459,1.3799999952316284,1.3899999856948853,1176741400
2022-02-14,1.0299365520477295,1.399999976158142,1.409999966621399,1.3899999856948853,1.409999966621399,483391900
2022-02-15,1.0372930765151978,1.409999966621399,1.4199999570846558,1.3700000047683716,1.399999976158142,967455400
2022-02-17,1.0593631267547607,1.440000057220459,1.4700000286102295,1.409999966621399,1.4199999570846558,1392689700
2022-02-18,1.0446498394012451,1.4199999570846558,1.4500000476837158,1.4199999570846558,1.4299999475479126,572094200
2022-02-21,1.0152230262756348,1.3799999952316284,1.4299999475479126,1.3700000047683716,1.4199999570846558,807893900
2022-02-22,1.007866382598877,1.3700000047683716,1.3799999952316284,1.350000023841858,1.3600000143051147,630472100
2022-02-23,1.0225796699523926,1.3899999856948853,1.399999976158142,1.3700000047683716,1.3799999952316284,342240100
2022-02-24,1.0005097389221191,1.3600000143051147,1.3899999856948853,1.340000033378601,1.3799999952316284,714788800
2022-02-25,1.007866382598877,1.3700000047683716,1.3799999952316284,1.3600000143051147,1.3700000047683716,413723500
2022-02-28,1.007866382598877,1.3700000047683716,1.3899999856948853,1.350000023841858,1.3700000047683716,543659200
2022-03-01,1.007866382598877,1.3700000047683716,1.3899999856948853,1.3600000143051147,1.3799999952316284,337516100
2022-03-02,1.0005097389221191,1.3600000143051147,1.3700000047683716,1.340000033378601,1.3600000143051147,440897200
2022-03-03,1.0005097389221191,1.3600000143051147,1.3799999952316284,1.350000023841858,1.3700000047683716,338428000
2022-03-04,0.9784396290779114,1.3300000429153442,1.350000023841858,1.3300000429153442,1.350000023841858,665725600
2022-03-07,0.9342995285987854,1.2699999809265137,1.2999999523162842,1.2599999904632568,1.2999999523162842,1020411200
2022-03-08,0.9490129351615906,1.2899999618530273,1.2899999618530273,1.2100000381469727,1.2699999809265137,1189074500
2022-03-09,0.9637262225151062,1.309999942779541,1.3200000524520874,1.2599999904632568,1.2899999618530273,788648900
2022-03-10,0.9563696980476379,1.2999999523162842,1.3300000429153442,1.2899999618530273,1.3300000429153442,542002600
2022-03-11,0.9637262225151062,1.309999942779541,1.309999942779541,1.2799999713897705,1.2799999713897705,282384100
2022-03-14,0.9784396290779114,1.3300000429153442,1.3300000429153442,1.2999999523162842,1.309999942779541,375667900
2022-03-15,0.9637262225151062,1.309999942779541,1.3300000429153442,1.2999999523162842,1.3300000429153442,291331000
2022-03-16,0.9784396290779114,1.3300000429153442,1.350000023841858,1.3200000524520874,1.3200000524520874,448381000
2022-03-17,0.9784396290779114,1.3300000429153442,1.350000023841858,1.3300000429153442,1.340000033378601,337572200
2022-03-18,0.9710829257965088,1.3200000524520874,1.350000023841858,1.3200000524520874,1.3300000429153442,404298500
2022-03-21,0.9637262225151062,1.309999942779541,1.3300000429153442,1.2899999618530273,1.3200000524520874,477545000
2022-03-22,0.9563696980476379,1.2999999523162842,1.2999999523162842,1.2699999809265137,1.2899999618530273,440708600
2022-03-23,0.9563696980476379,1.2999999523162842,1.3200000524520874,1.2899999618530273,1.2999999523162842,283991500
2022-03-24,0.9490129351615906,1.2899999618530273,1.309999942779541,1.2899999618530273,1.2899999618530273,245098000
2022-03-25,0.9563696980476379,1.2999999523162842,1.309999942779541,1.2899999618530273,1.2999999523162842,208880200
2022-03-28,0.9563696980476379,1.2999999523162842,1.309999942779541,1.2899999618530273,1.2999999523162842,139422900
2022-03-29,0.9563696980476379,1.2999999523162842,1.309999942779541,1.2899999618530273,1.2999999523162842,118747500
2022-03-30,0.9637262225151062,1.309999942779541,1.3200000524520874,1.2999999523162842,1.309999942779541,316549600
2022-03-31,0.9710829257965088,1.3200000524520874,1.3200000524520874,1.309999942779541,1.309999942779541,90862400
2022-04-01,0.9710829257965088,1.3200000524520874,1.3300000429153442,1.2999999523162842,1.309999942779541,405767500
2022-04-04,0.9710829257965088,1.3200000524520874,1.3300000429153442,1.309999942779541,1.3200000524520874,318549500
2022-04-05,0.9784396290779114,1.3300000429153442,1.3300000429153442,1.309999942779541,1.3200000524520874,200376200
2022-04-07,0.9637262225151062,1.309999942779541,1.3300000429153442,1.2899999618530273,1.3300000429153442,430643400
2022-04-08,0.9563696980476379,1.2999999523162842,1.309999942779541,1.2899999618530273,1.309999942779541,273192100
2022-04-11,0.9563696980476379,1.2999999523162842,1.2999999523162842,1.2899999618530273,1.2999999523162842,80762000
2022-04-12,0.9490129351615906,1.2899999618530273,1.2899999618530273,1.2799999713897705,1.2899999618530273,135586100
2022-04-18,0.9490129351615906,1.2899999618530273,1.2999999523162842,1.2699999809265137,1.2799999713897705,203412400
2022-04-19,0.9490129351615906,1.2899999618530273,1.2999999523162842,1.2799999713897705,1.2999999523162842,339099200
2022-04-20,0.9784396290779114,1.3300000429153442,1.3300000429153442,1.2899999618530273,1.2899999618530273,593187800
2022-04-21,0.9769250750541687,1.2899999618530273,1.2999999523162842,1.2899999618530273,1.2999999523162842,183345600
2022-04-22,0.9693519473075867,1.2799999713897705,1.2899999618530273,1.2699999809265137,1.2799999713897705,279095300
2022-04-25,0.9693519473075867,1.2799999713897705,1.2899999618530273,1.2699999809265137,1.2799999713897705,792737700
2022-04-26,0.9769250750541687,1.2899999618530273,1.2999999523162842,1.2799999713897705,1.2899999618530273,892984300
2022-04-27,0.9769250750541687,1.2899999618530273,1.2999999523162842,1.2799999713897705,1.2799999713897705,281989300
2022-04-28,0.9769250750541687,1.2899999618530273,1.309999942779541,1.2899999618530273,1.2899999618530273,111981800
2022-04-29,0.9844982028007507,1.2999999523162842,1.309999942779541,1.2899999618530273,1.2999999523162842,224437000
2022-05-03,0.9769250750541687,1.2899999618530273,1.309999942779541,1.2899999618530273,1.2999999523162842,316547700
2022-05-05,0.9769250750541687,1.2899999618530273,1.309999942779541,1.2799999713897705,1.2999999523162842,380605100
2022-05-06,0.9693519473075867,1.2799999713897705,1.2899999618530273,1.2699999809265137,1.2799999713897705,246278000
2022-05-09,0.9769250750541687,1.2899999618530273,1.2899999618530273,1.2699999809265137,1.2799999713897705,259663600
2022-05-10,0.9920710921287537,1.309999942779541,1.309999942779541,1.2699999809265137,1.2899999618530273,362014600
2022-05-11,0.9920710921287537,1.309999942779541,1.309999942779541,1.2899999618530273,1.309999942779541,515888100
2022-05-12,0.9617789387702942,1.2699999809265137,1.309999942779541,1.2699999809265137,1.2999999523162842,300522000
2022-05-13,0.9314868450164795,1.2300000190734863,1.2899999618530273,1.2200000286102295,1.2899999618530273,703323400
2022-05-17,0.9390597939491272,1.2400000095367432,1.25,1.2200000286102295,1.2300000190734863,352786300
2022-05-18,0.9390597939491272,1.2400000095367432,1.25,1.2300000190734863,1.25,255343100
2022-05-19,0.9239136576652527,1.2200000286102295,1.2400000095367432,1.2200000286102295,1.2200000286102295,119713700
2022-05-20,0.9390597939491272,1.2400000095367432,1.2400000095367432,1.2300000190734863,1.2400000095367432,87347000
2022-05-23,0.9466328620910645,1.25,1.2599999904632568,1.2300000190734863,1.2400000095367432,214737900
2022-05-24,0.9390597939491272,1.2400000095367432,1.2599999904632568,1.2400000095367432,1.2599999904632568,146011400
2022-05-25,0.9314868450164795,1.2300000190734863,1.25,1.2300000190734863,1.2400000095367432,139903600
2022-05-26,0.9390597939491272,1.2400000095367432,1.25,1.2300000190734863,1.2300000190734863,132268300
2022-05-27,0.9542058110237122,1.2599999904632568,1.2699999809265137,1.25,1.25,141103900
2022-05-30,0.9617789387702942,1.2699999809265137,1.2799999713897705,1.2599999904632568,1.2699999809265137,74308800
2022-05-31,0.9617789387702942,1.2699999809265137,1.2799999713897705,1.2599999904632568,1.2699999809265137,168242200
2022-06-01,0.9542058110237122,1.2599999904632568,1.2799999713897705,1.25,1.2699999809265137,277702600
2022-06-02,0.9390597939491272,1.2400000095367432,1.2599999904632568,1.2300000190734863,1.2599999904632568,266518400
2022-06-06,0.9314868450164795,1.2300000190734863,1.25,1.2200000286102295,1.2400000095367432,263205100
2022-06-07,0.9314868450164795,1.2300000190734863,1.2400000095367432,1.2200000286102295,1.2300000190734863,104466900
2022-06-08,0.9314868450164795,1.2300000190734863,1.2400000095367432,1.2200000286102295,1.2300000190734863,146246300
2022-06-09,0.9617789387702942,1.2699999809265137,1.2799999713897705,1.2300000190734863,1.2300000190734863,955605600
2022-06-10,0.9617789387702942,1.2699999809265137,1.2799999713897705,1.2599999904632568,1.2599999904632568,381606400
2022-06-13,0.9466328620910645,1.25,1.2599999904632568,1.2400000095367432,1.25,184093200
2022-06-14,0.9390597939491272,1.2400000095367432,1.25,1.2300000190734863,1.2400000095367432,238440600
2022-06-15,0.9542058110237122,1.2599999904632568,1.2699999809265137,1.2400000095367432,1.25,302927300
2022-06-16,0.9390597939491272,1.2400000095367432,1.2899999618530273,1.2400000095367432,1.2699999809265137,547150900
2022-06-17,0.9542058110237122,1.2599999904632568,1.2599999904632568,1.2300000190734863,1.2400000095367432,295671700
2022-06-20,0.9466328620910645,1.25,1.2599999904632568,1.2300000190734863,1.25,361461400
2022-06-21,0.9542058110237122,1.2599999904632568,1.2599999904632568,1.2400000095367432,1.25,152126800
2022-06-22,0.9466328620910645,1.25,1.2599999904632568,1.2300000190734863,1.2599999904632568,188503100
2022-06-23,0.9314868450164795,1.2300000190734863,1.25,1.2200000286102295,1.2400000095367432,298595600
2022-06-24,0.9314868450164795,1.2300000190734863,1.2400000095367432,1.2300000190734863,1.2400000095367432,151801700
2022-06-27,0.9390597939491272,1.2400000095367432,1.2599999904632568,1.2300000190734863,1.2400000095367432,238857300
2022-06-28,0.9466328620910645,1.25,1.2599999904632568,1.2300000190734863,1.2400000095367432,271073300
2022-06-29,0.9390597939491272,1.2400000095367432,1.25,1.2400000095367432,1.2400000095367432,149686500
2022-06-30,0.9314868450164795,1.2300000190734863,1.25,1.2200000286102295,1.25,275289500
2022-07-01,0.9239136576652527,1.2200000286102295,1.2400000095367432,1.2200000286102295,1.2300000190734863,251207600
2022-07-04,0.9087674617767334,1.2000000476837158,1.2300000190734863,1.2000000476837158,1.2200000286102295,194230600
2022-07-05,0.8936212658882141,1.1799999475479126,1.2100000381469727,1.1799999475479126,1.2100000381469727,295269900
2022-07-06,0.8784751892089844,1.159999966621399,1.190000057220459,1.149999976158142,1.1799999475479126,385063900
2022-07-07,0.8860481977462769,1.1699999570846558,1.1699999570846558,1.149999976158142,1.159999966621399,241437700
2022-07-08,0.8860481977462769,1.1699999570846558,1.190000057220459,1.159999966621399,1.1699999570846558,230933400
2022-07-11,0.8860481977462769,1.1699999570846558,1.190000057220459,1.159999966621399,1.1699999570846558,343039000
2022-07-12,0.8709021210670471,1.149999976158142,1.1699999570846558,1.149999976158142,1.1699999570846558,164033800
2022-07-14,0.8481830358505249,1.1200000047683716,1.159999966621399,1.1100000143051147,1.159999966621399,530130500
2022-07-15,0.8481830358505249,1.1200000047683716,1.1299999952316284,1.090000033378601,1.1200000047683716,443033200
2022-07-18,0.8709021210670471,1.149999976158142,1.149999976158142,1.1200000047683716,1.1299999952316284,266664800
2022-07-19,0.8557559847831726,1.1299999952316284,1.1399999856948853,1.100000023841858,1.1299999952316284,294652100
2022-07-20,0.8633291125297546,1.1399999856948853,1.149999976158142,1.1299999952316284,1.1399999856948853,148683500
2022-07-21,0.8936212658882141,1.1799999475479126,1.1799999475479126,1.1399999856948853,1.149999976158142,489079100
2022-07-22,0.8860481977462769,1.1699999570846558,1.190000057220459,1.159999966621399,1.1799999475479126,548392900
2022-07-25,0.9087674617767334,1.2000000476837158,1.2000000476837158,1.159999966621399,1.1699999570846558,199795800
2022-07-26,0.9011943936347961,1.190000057220459,1.2100000381469727,1.190000057220459,1.2000000476837158,249852000
2022-07-27,0.9087674617767334,1.2000000476837158,1.2000000476837158,1.1799999475479126,1.190000057220459,130540900
2022-08-01,0.9011943936347961,1.190000057220459,1.2100000381469727,1.1799999475479126,1.2100000381469727,480495500
2022-08-02,0.8860481977462769,1.1699999570846558,1.190000057220459,1.1699999570846558,1.1799999475479126,272093400
2022-08-03,0.8860481977462769,1.1699999570846558,1.1799999475479126,1.149999976158142,1.1699999570846558,216823800
2022-08-04,0.8860481977462769,1.1699999570846558,1.1799999475479126,1.159999966621399,1.1699999570846558,166580200
2022-08-05,0.8860481977462769,1.1699999570846558,1.190000057220459,1.1699999570846558,1.1799999475479126,249877600
2022-08-08,0.9011943936347961,1.190000057220459,1.190000057220459,1.159999966621399,1.1699999570846558,229964500
2022-08-09,0.9087674617767334,1.2000000476837158,1.2000000476837158,1.1799999475479126,1.190000057220459,184276200
2022-08-10,0.9011943936347961,1.190000057220459,1.2000000476837158,1.1799999475479126,1.2000000476837158,233958900
2022-08-11,0.9087674617767334,1.2000000476837158,1.2200000286102295,1.190000057220459,1.2000000476837158,277958700
2022-08-15,0.9087674617767334,1.2000000476837158,1.2200000286102295,1.2000000476837158,1.2100000381469727,220918000
2022-08-16,0.9011943936347961,1.190000057220459,1.2100000381469727,1.190000057220459,1.2000000476837158,247985000
2022-08-17,0.9239136576652527,1.2200000286102295,1.2300000190734863,1.2000000476837158,1.2000000476837158,320574400
2022-08-18,0.9239136576652527,1.2200000286102295,1.2300000190734863,1.2100000381469727,1.2200000286102295,131684200
2022-08-19,0.9163404107093811,1.2100000381469727,1.2300000190734863,1.2100000381469727,1.2300000190734863,107436300
2022-08-22,0.9087674617767334,1.2000000476837158,1.2100000381469727,1.2000000476837158,1.2100000381469727,141611900
2022-08-23,0.9239136576652527,1.2200000286102295,1.2200000286102295,1.190000057220459,1.2000000476837158,111244300
2022-08-24,0.9466328620910645,1.25,1.2599999904632568,1.2000000476837158,1.2100000381469727,698435700
2022-08-25,0.9769250750541687,1.2899999618530273,1.3200000524520874,1.25,1.25,599142600
2022-08-26,0.9693519473075867,1.2799999713897705,1.309999942779541,1.2799999713897705,1.2899999618530273,360099700
2022-08-29,0.9617789387702942,1.2699999809265137,1.2899999618530273,1.25,1.25,235889900
2022-08-30,0.9617789387702942,1.2699999809265137,1.2799999713897705,1.2599999904632568,1.2699999809265137,124928000
2022-08-31,0.9617789387702942,1.2699999809265137,1.2899999618530273,1.2599999904632568,1.2799999713897705,236589000
2022-09-01,0.9542058110237122,1.2599999904632568,1.2799999713897705,1.25,1.2699999809265137,226570000
2022-09-02,0.9542058110237122,1.2599999904632568,1.2699999809265137,1.2400000095367432,1.2599999904632568,434052400
2022-09-05,0.9695962071418762,1.2599999904632568,1.2599999904632568,1.2400000095367432,1.2400000095367432,129851300
2022-09-06,0.9772914052009583,1.2699999809265137,1.2699999809265137,1.25,1.2599999904632568,125277100
2022-09-07,0.9619009494781494,1.25,1.2699999809265137,1.2400000095367432,1.2599999904632568,177634300
2022-09-08,0.9619009494781494,1.25,1.2599999904632568,1.2400000095367432,1.25,108300300
2022-09-09,0.9695962071418762,1.2599999904632568,1.2699999809265137,1.25,1.25,77777500
2022-09-12,0.9926820397377014,1.2899999618530273,1.2899999618530273,1.2599999904632568,1.2699999809265137,190414200
2022-09-13,0.9772914052009583,1.2699999809265137,1.2899999618530273,1.2699999809265137,1.2899999618530273,168102400
2022-09-14,0.9849866032600403,1.2799999713897705,1.2799999713897705,1.25,1.2599999904632568,184667500
2022-09-15,0.9695962071418762,1.2599999904632568,1.2899999618530273,1.2599999904632568,1.2799999713897705,101125800
2022-09-16,0.9695962071418762,1.2599999904632568,1.2699999809265137,1.25,1.2599999904632568,299049400
2022-09-19,0.9695962071418762,1.2599999904632568,1.2699999809265137,1.25,1.2599999904632568,60747000
2022-09-20,0.9695962071418762,1.2599999904632568,1.2799999713897705,1.25,1.2599999904632568,206467500
2022-09-21,0.9695962071418762,1.2599999904632568,1.2799999713897705,1.2599999904632568,1.2599999904632568,235725300
2022-09-22,0.9849866032600403,1.2799999713897705,1.2799999713897705,1.25,1.2599999904632568,152543400
2022-09-23,0.9772914052009583,1.2699999809265137,1.2899999618530273,1.2599999904632568,1.2799999713897705,163911100
2022-09-26,0.9465107917785645,1.2300000190734863,1.2699999809265137,1.2200000286102295,1.2599999904632568,536802300
2022-09-27,0.9311201572418213,1.2100000381469727,1.2400000095367432,1.2000000476837158,1.2400000095367432,480927600
2022-09-28,0.9311201572418213,1.2100000381469727,1.2200000286102295,1.2000000476837158,1.2100000381469727,149504800
2022-09-29,0.9311201572418213,1.2100000381469727,1.2400000095367432,1.2000000476837158,1.2200000286102295,238301100
2022-09-30,0.9311201572418213,1.2100000381469727,1.2200000286102295,1.2000000476837158,1.2000000476837158,168026700
2022-10-03,0.9157297611236572,1.190000057220459,1.2100000381469727,1.1799999475479126,1.2000000476837158,205824600
2022-10-04,0.923425018787384,1.2000000476837158,1.2100000381469727,1.190000057220459,1.2100000381469727,171335900
2022-10-05,0.923425018787384,1.2000000476837158,1.2100000381469727,1.190000057220459,1.2000000476837158,136878700
2022-10-06,0.9388154745101929,1.2200000286102295,1.2300000190734863,1.2100000381469727,1.2100000381469727,384078400
2022-10-07,0.9388154745101929,1.2200000286102295,1.2300000190734863,1.2100000381469727,1.2200000286102295,127189200
2022-10-10,0.9311201572418213,1.2100000381469727,1.2200000286102295,1.2000000476837158,1.2100000381469727,128781100
2022-10-11,0.923425018787384,1.2000000476837158,1.2100000381469727,1.190000057220459,1.2100000381469727,137338000
2022-10-12,0.9311201572418213,1.2100000381469727,1.2200000286102295,1.2000000476837158,1.2000000476837158,295732400
2022-10-17,0.9388154745101929,1.2200000286102295,1.2200000286102295,1.2000000476837158,1.2200000286102295,142536400
2022-10-18,0.9465107917785645,1.2300000190734863,1.2400000095367432,1.2200000286102295,1.2200000286102295,255302000
2022-10-19,0.9542059302330017,1.2400000095367432,1.25,1.2300000190734863,1.2300000190734863,132630100
2022-10-20,0.9849866032600403,1.2799999713897705,1.2799999713897705,1.2300000190734863,1.2400000095367432,559085100
2022-10-21,0.9926820397377014,1.2899999618530273,1.2899999618530273,1.2599999904632568,1.2699999809265137,383003500
2022-10-25,1.0234626531600952,1.3300000429153442,1.3300000429153442,1.2799999713897705,1.2899999618530273,878274800
2022-10-26,1.0619388818740845,1.3799999952316284,1.3799999952316284,1.3200000524520874,1.3300000429153442,1363382600
2022-10-27,1.0465483665466309,1.3600000143051147,1.3899999856948853,1.340000033378601,1.3700000047683716,686340100
2022-10-28,1.0388530492782593,1.350000023841858,1.3600000143051147,1.340000033378601,1.350000023841858,161491800
2022-10-31,1.0465483665466309,1.3600000143051147,1.3700000047683716,1.350000023841858,1.350000023841858,203533700
2022-11-01,1.0542436838150024,1.3700000047683716,1.3799999952316284,1.350000023841858,1.3600000143051147,418100200
2022-11-02,1.0542436838150024,1.3700000047683716,1.3899999856948853,1.3700000047683716,1.3700000047683716,189865400
2022-11-03,1.0696338415145874,1.3899999856948853,1.3899999856948853,1.3600000143051147,1.3700000047683716,401393600
2022-11-04,1.0542436838150024,1.3700000047683716,1.3899999856948853,1.3700000047683716,1.3899999856948853,220425000
2022-11-07,1.0465483665466309,1.3600000143051147,1.3799999952316284,1.350000023841858,1.3700000047683716,200067100
2022-11-08,1.0465483665466309,1.3600000143051147,1.3700000047683716,1.3600000143051147,1.3600000143051147,93226400
2022-11-09,1.0465483665466309,1.3600000143051147,1.3799999952316284,1.350000023841858,1.3600000143051147,277543500
2022-11-10,1.0465483665466309,1.3600000143051147,1.3700000047683716,1.350000023841858,1.3600000143051147,118817600
2022-11-11,1.0465483665466309,1.3600000143051147,1.3799999952316284,1.350000023841858,1.3799999952316284,234813100
2022-11-14,1.0388530492782593,1.350000023841858,1.3600000143051147,1.340000033378601,1.3600000143051147,119901800
2022-11-15,1.0465483665466309,1.3600000143051147,1.3700000047683716,1.340000033378601,1.340000033378601,322131600
2022-11-16,1.0542436838150024,1.3700000047683716,1.3899999856948853,1.3700000047683716,1.3700000047683716,280167600
2022-11-17,1.0465483665466309,1.3600000143051147,1.3700000047683716,1.3600000143051147,1.3700000047683716,106250000
2022-11-18,1.0465483665466309,1.3600000143051147,1.3799999952316284,1.350000023841858,1.3700000047683716,92257600
2022-11-21,1.0465483665466309,1.3600000143051147,1.3700000047683716,1.350000023841858,1.3700000047683716,78325800
2022-11-22,1.0542436838150024,1.3700000047683716,1.3799999952316284,1.350000023841858,1.3600000143051147,124566700
2022-11-23,1.0696338415145874,1.3899999856948853,1.3899999856948853,1.3700000047683716,1.3700000047683716,166691100
2022-11-24,1.0696338415145874,1.3899999856948853,1.399999976158142,1.3899999856948853,1.3899999856948853,110200000
2022-11-25,1.0619388818740845,1.3799999952316284,1.399999976158142,1.3700000047683716,1.3899999856948853,172103200
2022-11-28,1.0542436838150024,1.3700000047683716,1.3899999856948853,1.3600000143051147,1.3799999952316284,195587400
2022-11-29,1.0619388818740845,1.3799999952316284,1.399999976158142,1.3700000047683716,1.3700000047683716,193415200
2022-11-30,1.077329158782959,1.399999976158142,1.399999976158142,1.3799999952316284,1.3899999856948853,150639900
2022-12-01,1.0696338415145874,1.3899999856948853,1.399999976158142,1.3799999952316284,1.3899999856948853,179523300
2022-12-02,1.0619388818740845,1.3799999952316284,1.3899999856948853,1.3600000143051147,1.3899999856948853,115158600
2022-12-06,1.0619388818740845,1.3799999952316284,1.3799999952316284,1.3600000143051147,1.3700000047683716,147677600
2022-12-07,1.0619388818740845,1.3799999952316284,1.3899999856948853,1.3700000047683716,1.3799999952316284,107915600
2022-12-08,1.0542436838150024,1.3700000047683716,1.3799999952316284,1.3600000143051147,1.3799999952316284,111434200
2022-12-09,1.0465483665466309,1.3600000143051147,1.3799999952316284,1.3600000143051147,1.3700000047683716,65254200
2022-12-13,1.0465483665466309,1.3600000143051147,1.3700000047683716,1.350000023841858,1.3600000143051147,56143200
2022-12-14,1.0619388818740845,1.3799999952316284,1.3799999952316284,1.350000023841858,1.3600000143051147,153451300
2022-12-15,1.0619388818740845,1.3799999952316284,1.3799999952316284,1.3700000047683716,1.3700000047683716,150260400
2022-12-16,1.0465483665466309,1.3600000143051147,1.3700000047683716,1.3600000143051147,1.3700000047683716,103159600
2022-12-19,1.0388530492782593,1.350000023841858,1.3700000047683716,1.350000023841858,1.3600000143051147,93267900
2022-12-20,1.0465483665466309,1.3600000143051147,1.3600000143051147,1.340000033378601,1.350000023841858,173271100
2022-12-21,1.0465483665466309,1.3600000143051147,1.3700000047683716,1.350000023841858,1.3600000143051147,133317500
2022-12-22,1.0542436838150024,1.3700000047683716,1.3799999952316284,1.3600000143051147,1.3700000047683716,80102000
2022-12-23,1.0542436838150024,1.3700000047683716,1.3700000047683716,1.350000023841858,1.3600000143051147,96425500
2022-12-26,1.0465483665466309,1.3600000143051147,1.3700000047683716,1.350000023841858,1.3700000047683716,116380600
2022-12-27,1.0542436838150024,1.3700000047683716,1.3799999952316284,1.350000023841858,1.3600000143051147,284619200
2022-12-28,1.0619388818740845,1.3799999952316284,1.3799999952316284,1.3700000047683716,1.3700000047683716,96591300
2022-12-29,1.0696338415145874,1.3899999856948853,1.3899999856948853,1.3700000047683716,1.3799999952316284,271432000
2022-12-30,1.085024356842041,1.409999966621399,1.4299999475479126,1.3899999856948853,1.399999976158142,662136600
2023-01-03,1.085024356842041,1.409999966621399,1.440000057220459,1.399999976158142,1.4199999570846558,358488200
2023-01-04,1.0927196741104126,1.4199999570846558,1.4299999475479126,1.399999976158142,1.4199999570846558,332662900
2023-01-05,1.0927196741104126,1.4199999570846558,1.440000057220459,1.409999966621399,1.4299999475479126,595255500
2023-01-06,1.1158052682876587,1.4500000476837158,1.4500000476837158,1.4199999570846558,1.4199999570846558,473417000
2023-01-09,1.1158052682876587,1.4500000476837158,1.4700000286102295,1.4500000476837158,1.4600000381469727,270594800
2023-01-10,1.1235004663467407,1.4600000381469727,1.4600000381469727,1.440000057220459,1.4500000476837158,228848200
2023-01-11,1.1081100702285767,1.440000057220459,1.4700000286102295,1.440000057220459,1.4600000381469727,167624500
2023-01-12,1.100414752960205,1.4299999475479126,1.4500000476837158,1.4199999570846558,1.440000057220459,224123400
2023-01-13,1.085024356842041,1.409999966621399,1.4299999475479126,1.399999976158142,1.4299999475479126,369099700
2023-01-16,1.0927196741104126,1.4199999570846558,1.4299999475479126,1.4199999570846558,1.4199999570846558,141507700
2023-01-17,1.0927196741104126,1.4199999570846558,1.4299999475479126,1.409999966621399,1.4199999570846558,132072800
2023-01-18,1.0927196741104126,1.4199999570846558,1.4299999475479126,1.409999966621399,1.4199999570846558,173624100
2023-01-19,1.0927196741104126,1.4199999570846558,1.4299999475479126,1.409999966621399,1.409999966621399,240605100
2023-01-20,1.085024356842041,1.409999966621399,1.409999966621399,1.3799999952316284,1.409999966621399,505118700
2023-01-23,1.1081100702285767,1.440000057220459,1.4500000476837158,1.399999976158142,1.409999966621399,439317800
2023-01-24,1.1081100702285767,1.440000057220459,1.4500000476837158,1.4299999475479126,1.4500000476837158,140786700
2023-01-25,1.1081100702285767,1.440000057220459,1.440000057220459,1.4299999475479126,1.4299999475479126,136125000
2023-01-26,1.1158052682876587,1.4500000476837158,1.4500000476837158,1.4199999570846558,1.440000057220459,227397400
2023-01-27,1.1158052682876587,1.4500000476837158,1.4700000286102295,1.440000057220459,1.4500000476837158,353498900
2023-01-30,1.1311956644058228,1.4700000286102295,1.4700000286102295,1.440000057220459,1.4500000476837158,447521300
2023-01-31,1.1311956644058228,1.4700000286102295,1.4700000286102295,1.4500000476837158,1.4600000381469727,248558500
2023-02-01,1.1311956644058228,1.4700000286102295,1.4800000190734863,1.4500000476837158,1.4700000286102295,265955500
2023-02-02,1.1158052682876587,1.4500000476837158,1.4700000286102295,1.4500000476837158,1.4600000381469727,105819300
2023-02-03,1.1158052682876587,1.4500000476837158,1.4600000381469727,1.440000057220459,1.4500000476837158,164136700
2023-02-06,1.1158052682876587,1.4500000476837158,1.4500000476837158,1.440000057220459,1.4500000476837158,39896000
2023-02-07,1.0927196741104126,1.4199999570846558,1.4500000476837158,1.4199999570846558,1.440000057220459,194234000
2023-02-08,1.085024356842041,1.409999966621399,1.4299999475479126,1.399999976158142,1.4199999570846558,176493700
2023-02-09,1.077329158782959,1.399999976158142,1.409999966621399,1.3899999856948853,1.399999976158142,252818800
2023-02-10,1.077329158782959,1.399999976158142,1.409999966621399,1.3899999856948853,1.399999976158142,250900900
2023-02-13,1.085024356842041,1.409999966621399,1.4199999570846558,1.3899999856948853,1.399999976158142,153473900
2023-02-14,1.077329158782959,1.399999976158142,1.4199999570846558,1.399999976158142,1.409999966621399,185535500
2023-02-15,1.0696338415145874,1.3899999856948853,1.409999966621399,1.3799999952316284,1.409999966621399,175929100
2023-02-16,1.0696338415145874,1.3899999856948853,1.399999976158142,1.3799999952316284,1.3899999856948853,78478500
2023-02-17,1.0465483665466309,1.3600000143051147,1.3899999856948853,1.3600000143051147,1.3799999952316284,308438600
2023-02-20,1.077329158782959,1.399999976158142,1.399999976158142,1.3600000143051147,1.3700000047683716,215874200
2023-02-21,1.085024356842041,1.409999966621399,1.409999966621399,1.3799999952316284,1.399999976158142,106516300
2023-02-22,1.0696338415145874,1.3899999856948853,1.409999966621399,1.3799999952316284,1.399999976158142,128232000
2023-02-23,1.0696338415145874,1.3899999856948853,1.399999976158142,1.3799999952316284,1.399999976158142,184095600
2023-02-24,1.077329158782959,1.399999976158142,1.409999966621399,1.3899999856948853,1.399999976158142,181083900
2023-02-27,1.077329158782959,1.399999976158142,1.409999966621399,1.3899999856948853,1.399999976158142,160526100
2023-02-28,1.077329158782959,1.399999976158142,1.409999966621399,1.399999976158142,1.409999966621399,140569800
2023-03-01,1.0696338415145874,1.3899999856948853,1.409999966621399,1.3899999856948853,1.399999976158142,144164800
2023-03-02,1.0542436838150024,1.3700000047683716,1.3899999856948853,1.3600000143051147,1.3899999856948853,341333400
2023-03-03,1.0696338415145874,1.3899999856948853,1.3899999856948853,1.3600000143051147,1.3700000047683716,260462400
2023-03-07,1.0696338415145874,1.3899999856948853,1.399999976158142,1.3799999952316284,1.3899999856948853,133797400
2023-03-08,1.0619388818740845,1.3799999952316284,1.3899999856948853,1.3700000047683716,1.3799999952316284,257346600
2023-03-09,1.0696338415145874,1.3899999856948853,1.3899999856948853,1.3700000047683716,1.3799999952316284,223965300
2023-03-10,1.0619388818740845,1.3799999952316284,1.399999976158142,1.3799999952316284,1.3799999952316284,155093200
2023-03-13,1.0465483665466309,1.3600000143051147,1.3899999856948853,1.350000023841858,1.3799999952316284,373853800
2023-03-14,1.0003770589828491,1.2999999523162842,1.3600000143051147,1.2899999618530273,1.350000023841858,786149800
2023-03-15,1.0157675743103027,1.3200000524520874,1.340000033378601,1.3200000524520874,1.3300000429153442,478647400
2023-03-16,1.0080722570419312,1.309999942779541,1.3200000524520874,1.2899999618530273,1.309999942779541,396713200
2023-03-17,1.0388530492782593,1.350000023841858,1.350000023841858,1.3200000524520874,1.3200000524520874,379499700
2023-03-20,1.0234626531600952,1.3300000429153442,1.340000033378601,1.3200000524520874,1.340000033378601,286906900
2023-03-21,1.0465483665466309,1.3600000143051147,1.3600000143051147,1.3300000429153442,1.350000023841858,320126100
2023-03-22,1.0619388818740845,1.3799999952316284,1.399999976158142,1.3700000047683716,1.3799999952316284,440625200
2023-03-23,1.0619388818740845,1.3799999952316284,1.3899999856948853,1.3700000047683716,1.3700000047683716,197534000
2023-03-24,1.0542436838150024,1.3700000047683716,1.3899999856948853,1.3700000047683716,1.3799999952316284,158788200
2023-03-27,1.0619388818740845,1.3799999952316284,1.3899999856948853,1.3700000047683716,1.3799999952316284,205166000
2023-03-28,1.1158052682876587,1.4500000476837158,1.4500000476837158,1.3799999952316284,1.3799999952316284,721704400
2023-03-29,1.1158052682876587,1.4500000476837158,1.4600000381469727,1.4299999475479126,1.4500000476837158,356193500
2023-03-30,1.1158052682876587,1.4500000476837158,1.4600000381469727,1.4299999475479126,1.4500000476837158,266342000
2023-03-31,1.0927196741104126,1.4199999570846558,1.4600000381469727,1.4199999570846558,1.4500000476837158,147580500
2023-04-03,1.100414752960205,1.4299999475479126,1.440000057220459,1.4199999570846558,1.4299999475479126,93648300
2023-04-04,1.100414752960205,1.4299999475479126,1.440000057220459,1.4199999570846558,1.4299999475479126,230830200
2023-04-05,1.0927196741104126,1.4199999570846558,1.4299999475479126,1.409999966621399,1.4299999475479126,178951000
2023-04-07,1.1081100702285767,1.440000057220459,1.4600000381469727,1.4199999570846558,1.4299999475479126,267540800
2023-04-10,1.1158052682876587,1.4500000476837158,1.4500000476837158,1.4299999475479126,1.4299999475479126,103938200
2023-04-11,1.1158052682876587,1.4500000476837158,1.4500000476837158,1.4299999475479126,1.4500000476837158,311201200
2023-04-12,1.1182013750076294,1.399999976158142,1.409999966621399,1.3899999856948853,1.3899999856948853,313801300
2023-04-17,1.1182013750076294,1.399999976158142,1.409999966621399,1.3899999856948853,1.3899999856948853,219106300
2023-04-18,1.1341756582260132,1.4199999570846558,1.4299999475479126,1.399999976158142,1.409999966621399,232123500
2023-04-19,1.1341756582260132,1.4199999570846558,1.4299999475479126,1.409999966621399,1.409999966621399,154405200
2023-04-20,1.1341756582260132,1.4199999570846558,1.4600000381469727,1.399999976158142,1.4500000476837158,591726300
2023-04-21,1.1900856494903564,1.4900000095367432,1.4900000095367432,1.4199999570846558,1.4199999570846558,1059572300
2023-04-24,1.1661243438720703,1.4600000381469727,1.4800000190734863,1.440000057220459,1.4800000190734863,502093300
2023-04-25,1.1421626806259155,1.4299999475479126,1.4600000381469727,1.4199999570846558,1.4500000476837158,540331900
2023-04-26,1.1741113662719727,1.4700000286102295,1.4900000095367432,1.4199999570846558,1.4299999475479126,622960300
2023-04-27,1.1581370830535889,1.4500000476837158,1.4800000190734863,1.4500000476837158,1.4800000190734863,162679400
2023-04-28,1.1581370830535889,1.4500000476837158,1.4500000476837158,1.440000057220459,1.4500000476837158,127576800
2023-05-02,1.1581370830535889,1.4500000476837158,1.4500000476837158,1.4299999475479126,1.4500000476837158,260161600
2023-05-03,1.1820985078811646,1.4800000190734863,1.4800000190734863,1.4299999475479126,1.4299999475479126,591045000
2023-05-08,1.1980727910995483,1.5,1.5,1.4600000381469727,1.4900000095367432,464264700
2023-05-09,1.1980727910995483,1.5,1.5099999904632568,1.4800000190734863,1.5,401536900
2023-05-10,1.2140471935272217,1.5199999809265137,1.5199999809265137,1.4800000190734863,1.5,192551900
2023-05-11,1.2060599327087402,1.5099999904632568,1.5299999713897705,1.5,1.5199999809265137,275200400
2023-05-12,1.1900856494903564,1.4900000095367432,1.5099999904632568,1.4800000190734863,1.5,263203000
2023-05-15,1.1900856494903564,1.4900000095367432,1.5,1.4800000190734863,1.5,413260500
2023-05-16,1.1820985078811646,1.4800000190734863,1.5,1.4600000381469727,1.4800000190734863,374470700
2023-05-17,1.1741113662719727,1.4700000286102295,1.4800000190734863,1.4600000381469727,1.4800000190734863,425071100
2023-05-18,1.1741113662719727,1.4700000286102295,1.4900000095367432,1.4700000286102295,1.4800000190734863,295677200
2023-05-19,1.2060599327087402,1.5099999904632568,1.5099999904632568,1.4700000286102295,1.4800000190734863,522744800
2023-05-22,1.1980727910995483,1.5,1.5099999904632568,1.4700000286102295,1.5,432209500
2023-05-23,1.2539830207824707,1.5700000524520874,1.5800000429153442,1.5,1.5,814992600
2023-05-24,1.2380086183547974,1.5499999523162842,1.5800000429153442,1.5499999523162842,1.559999942779541,350656500
2023-05-25,1.261970043182373,1.5800000429153442,1.5800000429153442,1.5299999713897705,1.5499999523162842,602516200
2023-05-26,1.261970043182373,1.5800000429153442,1.600000023841858,1.559999942779541,1.5800000429153442,281406100
2023-05-29,1.261970043182373,1.5800000429153442,1.590000033378601,1.5700000524520874,1.5800000429153442,197488500
2023-05-30,1.277944564819336,1.600000023841858,1.600000023841858,1.559999942779541,1.5800000429153442,424024400
2023-05-31,1.261970043182373,1.5800000429153442,1.600000023841858,1.5700000524520874,1.5800000429153442,435643200
2023-06-01,1.2939187288284302,1.6200000047683716,1.6299999952316284,1.559999942779541,1.5800000429153442,555014100
2023-06-02,1.3338544368743896,1.6699999570846558,1.6699999570846558,1.6100000143051147,1.6100000143051147,694310300
2023-06-06,1.3178801536560059,1.649999976158142,1.6699999570846558,1.6299999952316284,1.6699999570846558,594451100
2023-06-07,1.3338544368743896,1.6699999570846558,1.6699999570846558,1.6200000047683716,1.659999966621399,464396000
2023-06-08,1.3338544368743896,1.6699999570846558,1.6699999570846558,1.649999976158142,1.659999966621399,339711200
2023-06-09,1.3258672952651978,1.659999966621399,1.690000057220459,1.649999976158142,1.6699999570846558,378482400
2023-06-12,1.2859315872192383,1.6100000143051147,1.649999976158142,1.6100000143051147,1.649999976158142,648885700
2023-06-13,1.309893012046814,1.6399999856948853,1.6399999856948853,1.6100000143051147,1.6100000143051147,208644400
2023-06-14,1.301905870437622,1.6299999952316284,1.6399999856948853,1.6100000143051147,1.6299999952316284,321329200
2023-06-15,1.2939187288284302,1.6200000047683716,1.6399999856948853,1.6100000143051147,1.6299999952316284,211912900
2023-06-16,1.2939187288284302,1.6200000047683716,1.6399999856948853,1.6100000143051147,1.6299999952316284,245247600
2023-06-19,1.2939187288284302,1.6200000047683716,1.6299999952316284,1.6100000143051147,1.6100000143051147,245202500
2023-06-20,1.277944564819336,1.600000023841858,1.6399999856948853,1.5800000429153442,1.6299999952316284,866725400
2023-06-21,1.269957184791565,1.590000033378601,1.600000023841858,1.5800000429153442,1.590000033378601,450375200
2023-06-22,1.269957184791565,1.590000033378601,1.600000023841858,1.5800000429153442,1.590000033378601,276811600
2023-06-23,1.269957184791565,1.590000033378601,1.590000033378601,1.5499999523162842,1.5800000429153442,329512200
2023-06-26,1.277944564819336,1.600000023841858,1.6100000143051147,1.5700000524520874,1.5800000429153442,653305400
2023-06-27,1.261970043182373,1.5800000429153442,1.600000023841858,1.5800000429153442,1.600000023841858,366641900
2023-06-28,1.2220343351364136,1.5299999713897705,1.590000033378601,1.5199999809265137,1.590000033378601,843596300
2023-06-29,1.1980727910995483,1.5,1.5399999618530273,1.4900000095367432,1.5099999904632568,1239743700
2023-06-30,1.2380086183547974,1.5499999523162842,1.5499999523162842,1.5,1.5099999904632568,574693900
2023-07-03,1.2300214767456055,1.5399999618530273,1.559999942779541,1.5299999713897705,1.5499999523162842,209616500
2023-07-04,1.2539830207824707,1.5700000524520874,1.5800000429153442,1.5299999713897705,1.5399999618530273,397508000
2023-07-05,1.2380086183547974,1.5499999523162842,1.5800000429153442,1.5399999618530273,1.5700000524520874,425995600
2023-07-06,1.2300214767456055,1.5399999618530273,1.5499999523162842,1.5199999809265137,1.5499999523162842,245822900
2023-07-07,1.2300214767456055,1.5399999618530273,1.5499999523162842,1.5199999809265137,1.5299999713897705,174385200
2023-07-10,1.2300214767456055,1.5399999618530273,1.559999942779541,1.5299999713897705,1.5399999618530273,333387500
2023-07-11,1.2300214767456055,1.5399999618530273,1.559999942779541,1.5399999618530273,1.5399999618530273,200267400
2023-07-12,1.2140471935272217,1.5199999809265137,1.5499999523162842,1.5199999809265137,1.5399999618530273,291090700
2023-07-13,1.2220343351364136,1.5299999713897705,1.5399999618530273,1.5099999904632568,1.5299999713897705,276753300
2023-07-14,1.2459957599639893,1.559999942779541,1.5700000524520874,1.5199999809265137,1.5299999713897705,514828900
2023-07-17,1.269957184791565,1.590000033378601,1.600000023841858,1.5700000524520874,1.5800000429153442,418577300
2023-07-18,1.309893012046814,1.6399999856948853,1.6399999856948853,1.590000033378601,1.590000033378601,375737000
2023-07-19,1.301905870437622,1.6299999952316284,1.659999966621399,1.6100000143051147,1.6399999856948853,637905200
2023-07-20,1.3178801536560059,1.649999976158142,1.6699999570846558,1.6299999952316284,1.6299999952316284,404796600
2023-07-21,1.3498287200927734,1.690000057220459,1.7000000476837158,1.6299999952316284,1.649999976158142,510927100
2023-07-24,1.3338544368743896,1.6699999570846558,1.690000057220459,1.659999966621399,1.6799999475479126,347202200
2023-07-25,1.3418415784835815,1.6799999475479126,1.7000000476837158,1.6699999570846558,1.6799999475479126,266480200
2023-07-26,1.3578158617019653,1.7000000476837158,1.7000000476837158,1.6699999570846558,1.6799999475479126,199940600
2023-07-27,1.3498287200927734,1.690000057220459,1.7200000286102295,1.6799999475479126,1.7100000381469727,445493700
2023-07-31,1.3737902641296387,1.7200000286102295,1.7300000190734863,1.7000000476837158,1.7100000381469727,229226900
2023-08-02,1.3498287200927734,1.690000057220459,1.7200000286102295,1.690000057220459,1.7200000286102295,374556400
2023-08-03,1.3178801536560059,1.649999976158142,1.690000057220459,1.649999976158142,1.6799999475479126,477147500
2023-08-04,1.3498287200927734,1.690000057220459,1.690000057220459,1.649999976158142,1.649999976158142,266126100
2023-08-07,1.3658032417297363,1.7100000381469727,1.7100000381469727,1.6799999475479126,1.6799999475479126,225870200
2023-08-08,1.3498287200927734,1.690000057220459,1.7100000381469727,1.6799999475479126,1.7100000381469727,246330800
2023-08-09,1.3658032417297363,1.7100000381469727,1.7100000381469727,1.6799999475479126,1.690000057220459,237145900
2023-08-10,1.3658032417297363,1.7100000381469727,1.7200000286102295,1.690000057220459,1.7000000476837158,267465500
2023-08-11,1.3977516889572144,1.75,1.7599999904632568,1.7300000190734863,1.75,693200100
2023-08-15,1.389764428138733,1.7400000095367432,1.75,1.7200000286102295,1.7400000095367432,407588600
2023-08-16,1.4137259721755981,1.7699999809265137,1.7699999809265137,1.7300000190734863,1.7400000095367432,393725200
2023-08-17,1.4057388305664062,1.7599999904632568,1.7699999809265137,1.7400000095367432,1.7599999904632568,270666300
2023-08-18,1.4137259721755981,1.7699999809265137,1.7899999618530273,1.75,1.7599999904632568,383391700
2023-08-21,1.4137259721755981,1.7699999809265137,1.7799999713897705,1.7699999809265137,1.7699999809265137,148932800
2023-08-22,1.42171311378479,1.7799999713897705,1.7999999523162842,1.7699999809265137,1.7799999713897705,564335400
2023-08-23,1.4376872777938843,1.7999999523162842,1.7999999523162842,1.7799999713897705,1.7899999618530273,357174600
2023-08-24,1.3737902641296387,1.7200000286102295,1.7999999523162842,1.7100000381469727,1.7899999618530273,1172807300
2023-08-25,1.4057388305664062,1.7599999904632568,1.7599999904632568,1.7100000381469727,1.7200000286102295,926179300
2023-08-28,1.4137259721755981,1.7699999809265137,1.7799999713897705,1.75,1.7599999904632568,299465700
2023-08-29,1.4057388305664062,1.7599999904632568,1.7799999713897705,1.75,1.7599999904632568,300101800
2023-08-30,1.389764428138733,1.7400000095367432,1.7699999809265137,1.7300000190734863,1.7599999904632568,530851000
2023-08-31,1.3658032417297363,1.7100000381469727,1.7599999904632568,1.7200000286102295,1.7599999904632568,1009871900
2023-09-01,1.3578158617019653,1.7000000476837158,1.7200000286102295,1.690000057220459,1.7100000381469727,494814900
2023-09-04,1.3578158617019653,1.7000000476837158,1.7300000190734863,1.690000057220459,1.7100000381469727,422550600
2023-09-05,1.3418415784835815,1.6799999475479126,1.7100000381469727,1.6699999570846558,1.7000000476837158,402622600
2023-09-06,1.3817774057388306,1.7300000190734863,1.7400000095367432,1.6699999570846558,1.6799999475479126,522329300
2023-09-07,1.3737902641296387,1.7200000286102295,1.75,1.7200000286102295,1.7300000190734863,259731000
2023-09-08,1.3817774057388306,1.7300000190734863,1.7400000095367432,1.7200000286102295,1.7300000190734863,234608400
2023-09-11,1.3658032417297363,1.7100000381469727,1.7300000190734863,1.7100000381469727,1.7300000190734863,67745600
2023-09-12,1.3817774057388306,1.7300000190734863,1.7200000286102295,1.7000000476837158,1.7100000381469727,91687100
2023-09-13,1.3658032417297363,1.7100000381469727,1.7400000095367432,1.7100000381469727,1.7200000286102295,123204300
2023-09-14,1.3817774057388306,1.7300000190734863,1.7400000095367432,1.7100000381469727,1.7200000286102295,108859300
2023-09-15,1.3658032417297363,1.7100000381469727,1.7400000095367432,1.7100000381469727,1.7300000190734863,144399600
2023-09-18,1.3578158617019653,1.7000000476837158,1.7200000286102295,1.690000057220459,1.7200000286102295,86232900
2023-09-19,1.3737902641296387,1.7200000286102295,1.7300000190734863,1.7000000476837158,1.7000000476837158,159194200
2023-09-20,1.3578158617019653,1.7000000476837158,1.7300000190734863,1.7000000476837158,1.7200000286102295,151787000
2023-09-21,1.3578158617019653,1.7000000476837158,1.7100000381469727,1.690000057220459,1.7000000476837158,117068200
2023-09-22,1.3498287200927734,1.690000057220459,1.7100000381469727,1.6699999570846558,1.7000000476837158,236350200
2023-09-25,1.3258672952651978,1.659999966621399,1.690000057220459,1.659999966621399,1.690000057220459,160020200
2023-09-26,1.3258672952651978,1.659999966621399,1.6799999475479126,1.649999976158142,1.649999976158142,192460600
2023-09-27,1.3737902641296387,1.7200000286102295,1.7200000286102295,1.6799999475479126,1.690000057220459,216624800
2023-09-28,1.3498287200927734,1.690000057220459,1.7200000286102295,1.690000057220459,1.7100000381469727,283226000
2023-09-29,1.3737902641296387,1.7200000286102295,1.7300000190734863,1.7000000476837158,1.7100000381469727,124418300
2023-10-02,1.3658032417297363,1.7100000381469727,1.7300000190734863,1.690000057220459,1.7300000190734863,187621600
2023-10-03,1.3338544368743896,1.6699999570846558,1.7100000381469727,1.659999966621399,1.7100000381469727,544813300
2023-10-04,1.3498287200927734,1.690000057220459,1.7000000476837158,1.6399999856948853,1.649999976158142,308123500
2023-10-05,1.3578158617019653,1.7000000476837158,1.7000000476837158,1.6799999475479126,1.690000057220459,104546600
2023-10-06,1.3578158617019653,1.7000000476837158,1.7100000381469727,1.690000057220459,1.7000000476837158,131025800
2023-10-09,1.3825035095214844,1.6799999475479126,1.6799999475479126,1.649999976158142,1.649999976158142,163215500
2023-10-10,1.3825035095214844,1.6799999475479126,1.690000057220459,1.649999976158142,1.690000057220459,138874400
2023-10-11,1.3989619016647339,1.7000000476837158,1.7100000381469727,1.6799999475479126,1.6799999475479126,159336900
2023-10-12,1.4071911573410034,1.7100000381469727,1.7200000286102295,1.7000000476837158,1.7000000476837158,248682500
2023-10-16,1.4154202938079834,1.7200000286102295,1.7200000286102295,1.690000057220459,1.7100000381469727,205558200
2023-10-17,1.4318785667419434,1.7400000095367432,1.7400000095367432,1.7000000476837158,1.7200000286102295,209072100
2023-10-18,1.4236494302749634,1.7300000190734863,1.7400000095367432,1.7100000381469727,1.7400000095367432,156127400
2023-10-19,1.4154202938079834,1.7200000286102295,1.7400000095367432,1.7100000381469727,1.7300000190734863,235008600
2023-10-20,1.4236494302749634,1.7300000190734863,1.7400000095367432,1.7100000381469727,1.7400000095367432,394449600
2023-10-24,1.3742743730545044,1.6699999570846558,1.7400000095367432,1.659999966621399,1.7300000190734863,337781700
2023-10-25,1.3742743730545044,1.6699999570846558,1.690000057220459,1.659999966621399,1.6799999475479126,275074100
2023-10-26,1.3578158617019653,1.649999976158142,1.6799999475479126,1.6399999856948853,1.659999966621399,282794000
2023-10-27,1.3825035095214844,1.6799999475479126,1.690000057220459,1.649999976158142,1.659999966621399,244876800
2023-10-30,1.390732765197754,1.690000057220459,1.7000000476837158,1.6699999570846558,1.6699999570846558,141216900
2023-10-31,1.3742743730545044,1.6699999570846558,1.7000000476837158,1.659999966621399,1.690000057220459,133546000
2023-11-01,1.3413575887680054,1.6299999952316284,1.6799999475479126,1.6200000047683716,1.6699999570846558,292889200
2023-11-02,1.3413575887680054,1.6299999952316284,1.659999966621399,1.6299999952316284,1.6399999856948853,310136700
2023-11-03,1.3660451173782349,1.659999966621399,1.659999966621399,1.6399999856948853,1.6399999856948853,209981200
2023-11-06,1.349586844444275,1.6399999856948853,1.6799999475479126,1.6399999856948853,1.659999966621399,147174300
2023-11-07,1.3331283330917358,1.6200000047683716,1.649999976158142,1.600000023841858,1.6399999856948853,334778800
2023-11-08,1.3248991966247559,1.6100000143051147,1.6200000047683716,1.600000023841858,1.6100000143051147,143954700
2023-11-09,1.3248991966247559,1.6100000143051147,1.6299999952316284,1.590000033378601,1.6100000143051147,188160200
2023-11-10,1.308440923690796,1.590000033378601,1.6100000143051147,1.590000033378601,1.600000023841858,147151000
2023-11-13,1.3248991966247559,1.6100000143051147,1.6100000143051147,1.5800000429153442,1.600000023841858,78485600
2023-11-14,1.3166701793670654,1.600000023841858,1.6200000047683716,1.590000033378601,1.6100000143051147,92953000
2023-11-15,1.349586844444275,1.6399999856948853,1.649999976158142,1.600000023841858,1.6200000047683716,267109400
2023-11-16,1.308440923690796,1.590000033378601,1.6299999952316284,1.5800000429153442,1.6299999952316284,412774700
2023-11-17,1.2919825315475464,1.5700000524520874,1.600000023841858,1.559999942779541,1.590000033378601,400945200
2023-11-20,1.2837532758712769,1.559999942779541,1.590000033378601,1.5499999523162842,1.5700000524520874,257817200
2023-11-21,1.2837532758712769,1.559999942779541,1.5800000429153442,1.5499999523162842,1.5700000524520874,270130300
2023-11-22,1.2755240201950073,1.5499999523162842,1.5700000524520874,1.5299999713897705,1.559999942779541,436779400
2023-11-23,1.2755240201950073,1.5499999523162842,1.559999942779541,1.5399999618530273,1.5499999523162842,158411600
2023-11-24,1.2837532758712769,1.559999942779541,1.5700000524520874,1.5499999523162842,1.559999942779541,77829700
2023-11-27,1.2837532758712769,1.559999942779541,1.5800000429153442,1.5499999523162842,1.559999942779541,230084100
2023-11-28,1.2919825315475464,1.5700000524520874,1.590000033378601,1.5700000524520874,1.5700000524520874,197865700
2023-11-29,1.2919825315475464,1.5700000524520874,1.5800000429153442,1.559999942779541,1.5700000524520874,218938900
2023-11-30,1.2672948837280273,1.5399999618530273,1.5800000429153442,1.5299999713897705,1.5700000524520874,355043500
2023-12-01,1.2755240201950073,1.5499999523162842,1.559999942779541,1.5399999618530273,1.5499999523162842,120103500
2023-12-04,1.2755240201950073,1.5499999523162842,1.559999942779541,1.5399999618530273,1.5399999618530273,132025100
2023-12-06,1.2919825315475464,1.5700000524520874,1.5700000524520874,1.5399999618530273,1.5499999523162842,195694800
2023-12-07,1.2755240201950073,1.5499999523162842,1.5700000524520874,1.5499999523162842,1.559999942779541,102350200
2023-12-08,1.2837532758712769,1.559999942779541,1.5700000524520874,1.5499999523162842,1.559999942779541,80773300
2023-12-12,1.2919825315475464,1.5700000524520874,1.5700000524520874,1.5499999523162842,1.559999942779541,78178300
2023-12-13,1.2919825315475464,1.5700000524520874,1.5700000524520874,1.5499999523162842,1.5700000524520874,54891800
2023-12-14,1.2755240201950073,1.5499999523162842,1.5700000524520874,1.5499999523162842,1.5700000524520874,100723500
2023-12-15,1.3002116680145264,1.5800000429153442,1.5800000429153442,1.559999942779541,1.559999942779541,201289400
2023-12-18,1.2919825315475464,1.5700000524520874,1.5800000429153442,1.559999942779541,1.5700000524520874,73117300
2023-12-19,1.2919825315475464,1.5700000524520874,1.5800000429153442,1.559999942779541,1.5700000524520874,49616900
2023-12-20,1.3002116680145264,1.5800000429153442,1.590000033378601,1.5700000524520874,1.5700000524520874,139997200
2023-12-21,1.3166701793670654,1.600000023841858,1.6100000143051147,1.5700000524520874,1.5700000524520874,266344500
2023-12-22,1.308440923690796,1.590000033378601,1.6100000143051147,1.590000033378601,1.6100000143051147,72634200
2023-12-25,1.3166701793670654,1.600000023841858,1.6100000143051147,1.590000033378601,1.600000023841858,43271800
2023-12-26,1.3248991966247559,1.6100000143051147,1.6200000047683716,1.590000033378601,1.600000023841858,84323100
2023-12-27,1.3248991966247559,1.6100000143051147,1.6299999952316284,1.600000023841858,1.6200000047683716,104289100
2023-12-28,1.3742743730545044,1.6699999570846558,1.6799999475479126,1.6200000047683716,1.6200000047683716,422946500
2024-01-03,1.3660451173782349,1.659999966621399,1.690000057220459,1.649999976158142,1.6799999475479126,186100900
2024-01-04,1.3660451173782349,1.659999966621399,1.6799999475479126,1.649999976158142,1.649999976158142,203059500
2024-01-05,1.3742743730545044,1.6699999570846558,1.690000057220459,1.659999966621399,1.659999966621399,137008500
2024-01-08,1.3413575887680054,1.6299999952316284,1.6799999475479126,1.6299999952316284,1.6799999475479126,264409000
2024-01-09,1.3660451173782349,1.659999966621399,1.659999966621399,1.6399999856948853,1.649999976158142,119259500
2024-01-10,1.3331283330917358,1.6200000047683716,1.659999966621399,1.590000033378601,1.649999976158142,460336800
2024-01-11,1.3331283330917358,1.6200000047683716,1.6399999856948853,1.6200000047683716,1.6200000047683716,90402200
2024-01-12,1.3413575887680054,1.6299999952316284,1.6399999856948853,1.6100000143051147,1.6200000047683716,116129400
2024-01-15,1.3413575887680054,1.6299999952316284,1.6299999952316284,1.6299999952316284,1.6299999952316284,0
2024-01-16,1.3248991966247559,1.6100000143051147,1.6299999952316284,1.6100000143051147,1.6100000143051147,102170600
2024-01-17,1.308440923690796,1.590000033378601,1.6200000047683716,1.590000033378601,1.6100000143051147,183108000
2024-01-18,1.3166701793670654,1.600000023841858,1.6100000143051147,1.5700000524520874,1.590000033378601,273240500
2024-01-19,1.390732765197754,1.690000057220459,1.7100000381469727,1.600000023841858,1.6100000143051147,897170800
2024-01-22,1.4812535047531128,1.7999999523162842,1.809999942779541,1.7599999904632568,1.7599999904632568,1787127500
2024-01-23,1.473024606704712,1.7899999618530273,1.809999942779541,1.7799999713897705,1.7999999523162842,690984200
2024-01-24,1.473024606704712,1.7899999618530273,1.809999942779541,1.7799999713897705,1.7899999618530273,383369500
2024-01-25,1.4812535047531128,1.7999999523162842,1.7999999523162842,1.75,1.7799999713897705,324202700
2024-01-26,1.464795470237732,1.7799999713897705,1.7999999523162842,1.7599999904632568,1.7999999523162842,226187900
2024-01-29,1.4565662145614624,1.7699999809265137,1.7899999618530273,1.7599999904632568,1.7799999713897705,220352700
2024-01-30,1.4565662145614624,1.7699999809265137,1.7799999713897705,1.7599999904632568,1.7799999713897705,136031100
2024-01-31,1.473024606704712,1.7899999618530273,1.7999999523162842,1.7599999904632568,1.7699999809265137,328084200
2024-02-01,1.4812535047531128,1.7999999523162842,1.7999999523162842,1.7699999809265137,1.7899999618530273,223320600
2024-02-02,1.473024606704712,1.7899999618530273,1.8200000524520874,1.7899999618530273,1.809999942779541,319649700
2024-02-05,1.5388579368591309,1.8700000047683716,1.8700000047683716,1.7899999618530273,1.7999999523162842,605679100
2024-02-06,1.522399663925171,1.850000023841858,1.8799999952316284,1.850000023841858,1.8700000047683716,249450400
2024-02-07,1.5059415102005005,1.8300000429153442,1.8600000143051147,1.8300000429153442,1.850000023841858,182375100
2024-02-08,1.4894827604293823,1.809999942779541,1.840000033378601,1.809999942779541,1.8300000429153442,159735100
2024-02-09,1.4894827604293823,1.809999942779541,1.8200000524520874,1.7999999523162842,1.809999942779541,112296500
2024-02-12,1.5141706466674805,1.840000033378601,1.840000033378601,1.7799999713897705,1.7899999618530273,203441700
2024-02-13,1.4894827604293823,1.809999942779541,1.840000033378601,1.809999942779541,1.8300000429153442,258161300
2024-02-14,1.4894827604293823,1.809999942779541,1.8200000524520874,1.7999999523162842,1.7999999523162842,192341000
2024-02-15,1.5141706466674805,1.840000033378601,1.850000023841858,1.8200000524520874,1.8200000524520874,266103900
2024-02-16,1.5388579368591309,1.8700000047683716,1.8700000047683716,1.8200000524520874,1.840000033378601,278554300
2024-02-19,1.5470871925354004,1.8799999952316284,1.8899999856948853,1.850000023841858,1.8700000047683716,147842900
2024-02-20,1.5470871925354004,1.8799999952316284,1.8899999856948853,1.8700000047683716,1.8799999952316284,96491400
2024-02-21,1.5306288003921509,1.8600000143051147,1.9199999570846558,1.8600000143051147,1.8899999856948853,369253900
2024-02-22,1.5306288003921509,1.8600000143051147,1.8799999952316284,1.8200000524520874,1.8300000429153442,223806800
2024-02-23,1.5470871925354004,1.8799999952316284,1.8799999952316284,1.850000023841858,1.8600000143051147,137329500
2024-02-27,1.5388579368591309,1.8700000047683716,1.8899999856948853,1.850000023841858,1.8700000047683716,109998400
2024-02-28,1.5306288003921509,1.8600000143051147,1.8700000047683716,1.850000023841858,1.8600000143051147,79680400
2024-02-29,1.5141706466674805,1.840000033378601,1.8600000143051147,1.8300000429153442,1.8600000143051147,204665000
2024-03-01,1.522399663925171,1.850000023841858,1.8700000047683716,1.840000033378601,1.840000033378601,92992300
2024-03-04,1.5388579368591309,1.8700000047683716,1.8700000047683716,1.840000033378601,1.840000033378601,71863000
2024-03-05,1.522399663925171,1.850000023841858,1.8799999952316284,1.850000023841858,1.850000023841858,97821700
2024-03-06,1.5141706466674805,1.840000033378601,1.8600000143051147,1.840000033378601,1.850000023841858,89227300
2024-03-07,1.522399663925171,1.850000023841858,1.8799999952316284,1.850000023841858,1.850000023841858,83311200
2024-03-08,1.5306288003921509,1.8600000143051147,1.8799999952316284,1.850000023841858,1.850000023841858,63028300
2024-03-11,1.5306288003921509,1.8600000143051147,1.8799999952316284,1.850000023841858,1.8600000143051147,131198000
2024-03-12,1.5306288003921509,1.8600000143051147,1.8600000143051147,1.8600000143051147,1.8600000143051147,0
2024-03-13,1.522399663925171,1.850000023841858,1.850000023841858,1.8300000429153442,1.8300000429153442,74198800
2024-03-14,1.5141706466674805,1.840000033378601,1.850000023841858,1.8300000429153442,1.850000023841858,61687100
2024-03-15,1.5141706466674805,1.840000033378601,1.840000033378601,1.840000033378601,1.840000033378601,0
2024-03-18,1.522399663925171,1.850000023841858,1.8600000143051147,1.8300000429153442,1.8300000429153442,128102700
2024-03-19,1.5141706466674805,1.840000033378601,1.850000023841858,1.8300000429153442,1.840000033378601,57511900
2024-03-20,1.5141706466674805,1.840000033378601,1.840000033378601,1.840000033378601,1.840000033378601,0
2024-03-21,1.5388579368591309,1.8700000047683716,1.8700000047683716,1.850000023841858,1.8600000143051147,68135200
2024-03-22,1.5388579368591309,1.8700000047683716,1.8700000047683716,1.8700000047683716,1.8700000047683716,0
2024-03-25,1.5141706466674805,1.840000033378601,1.8600000143051147,1.8300000429153442,1.850000023841858,147806100
2024-03-26,1.5141706466674805,1.840000033378601,1.840000033378601,1.840000033378601,1.840000033378601,0
2024-03-27,1.5141706466674805,1.840000033378601,1.8600000143051147,1.8300000429153442,1.840000033378601,99211800
2024-03-28,1.5141706466674805,1.840000033378601,1.840000033378601,1.840000033378601,1.840000033378601,0
2024-03-29,1.4977121353149414,1.8200000524520874,1.840000033378601,1.809999942779541,1.8200000524520874,44778100
2024-04-01,1.4977121353149414,1.8200000524520874,1.8300000429153442,1.7999999523162842,1.8200000524520874,128309700
2024-04-02,1.4812535047531128,1.7999999523162842,1.8200000524520874,1.7799999713897705,1.8200000524520874,355347100
2024-04-03,1.4812535047531128,1.7999999523162842,1.7999999523162842,1.7599999904632568,1.7899999618530273,322016900
2024-04-04,1.464795470237732,1.7799999713897705,1.7999999523162842,1.7699999809265137,1.7899999618530273,110468500
2024-04-05,1.4483369588851929,1.7599999904632568,1.7799999713897705,1.7599999904632568,1.7699999809265137,120903000
2024-04-09,1.4977121353149414,1.8200000524520874,1.8200000524520874,1.7699999809265137,1.7699999809265137,213505300
2024-04-10,1.4977121353149414,1.8200000524520874,1.8300000429153442,1.7999999523162842,1.8200000524520874,178585200
2024-04-11,1.5059415102005005,1.8300000429153442,1.840000033378601,1.809999942779541,1.8200000524520874,190206400
2024-04-17,1.4932149648666382,1.7599999904632568,1.7999999523162842,1.7599999904632568,1.7899999618530273,224622000
2024-04-18,1.4932149648666382,1.7599999904632568,1.7599999904632568,1.7599999904632568,1.7599999904632568,0
2024-04-19,1.4932149648666382,1.7599999904632568,1.7599999904632568,1.7599999904632568,1.7599999904632568,0
2024-04-22,1.5016992092132568,1.7699999809265137,1.7899999618530273,1.7699999809265137,1.7899999618530273,153832200
2024-04-23,1.5271517038345337,1.7999999523162842,1.8300000429153442,1.7899999618530273,1.7899999618530273,341387300
2024-04-24,1.5271517038345337,1.7999999523162842,1.7999999523162842,1.7999999523162842,1.7999999523162842,0
2024-04-25,1.5186676979064941,1.7899999618530273,1.7999999523162842,1.7799999713897705,1.7899999618530273,213209900
2024-04-26,1.5186676979064941,1.7899999618530273,1.809999942779541,1.7799999713897705,1.7899999618530273,119833200
2024-04-29,1.5441200733184814,1.8200000524520874,1.8300000429153442,1.7899999618530273,1.7999999523162842,224963100
2024-04-30,1.5441200733184814,1.8200000524520874,1.8200000524520874,1.8200000524520874,1.8200000524520874,0
2024-05-02,1.5441200733184814,1.8200000524520874,1.8200000524520874,1.8200000524520874,1.8200000524520874,0
2024-05-03,1.4932149648666382,1.7599999904632568,1.7699999809265137,1.7400000095367432,1.7699999809265137,401471400
2024-05-07,1.4932149648666382,1.7599999904632568,1.7599999904632568,1.7599999904632568,1.7599999904632568,0
2024-05-08,1.4932149648666382,1.7599999904632568,1.7699999809265137,1.75,1.7599999904632568,203396800
2024-05-09,1.484730839729309,1.75,1.7799999713897705,1.75,1.7599999904632568,247862800
2024-05-10,1.4932149648666382,1.7599999904632568,1.7599999904632568,1.75,1.75,108120100
2024-05-13,1.484730839729309,1.75,1.75,1.7300000190734863,1.75,181649400
2024-05-14,1.47624671459198,1.7400000095367432,1.7599999904632568,1.7400000095367432,1.75,97173300
2024-05-15,1.4677625894546509,1.7300000190734863,1.75,1.7200000286102295,1.7400000095367432,170750000
2024-05-16,1.4677625894546509,1.7300000190734863,1.7300000190734863,1.7300000190734863,1.7300000190734863,0
2024-05-17,1.484730839729309,1.75,1.7599999904632568,1.7400000095367432,1.7599999904632568,92544400
2024-05-20,1.484730839729309,1.75,1.75,1.75,1.75,0
2024-05-21,1.484730839729309,1.75,1.75,1.75,1.75,0
2024-05-23,1.47624671459198,1.7400000095367432,1.7599999904632568,1.7400000095367432,1.7599999904632568,177390700
2024-05-24,1.47624671459198,1.7400000095367432,1.7400000095367432,1.7400000095367432,1.7400000095367432,0
2024-05-27,1.4507941007614136,1.7100000381469727,1.7200000286102295,1.7000000476837158,1.7100000381469727,237728800
2024-05-28,1.4677625894546509,1.7300000190734863,1.7400000095367432,1.7100000381469727,1.7200000286102295,243649200
2024-05-29,1.4592783451080322,1.7200000286102295,1.7400000095367432,1.7100000381469727,1.7200000286102295,169652500
2024-05-30,1.4592783451080322,1.7200000286102295,1.7200000286102295,1.7200000286102295,1.7200000286102295,0
2024-05-31,1.4592783451080322,1.7200000286102295,1.7200000286102295,1.7200000286102295,1.7200000286102295,0
2024-06-04,1.433825969696045,1.690000057220459,1.7200000286102295,1.690000057220459,1.7000000476837158,377667600
2024-06-05,1.433825969696045,1.690000057220459,1.690000057220459,1.690000057220459,1.690000057220459,0
2024-06-06,1.408373236656189,1.659999966621399,1.6699999570846558,1.659999966621399,1.659999966621399,185609200
2024-06-07,1.408373236656189,1.659999966621399,1.659999966621399,1.659999966621399,1.659999966621399,0
2024-06-10,1.4253416061401367,1.6799999475479126,1.6799999475479126,1.659999966621399,1.6799999475479126,130592900
2024-06-11,1.4253416061401367,1.6799999475479126,1.6799999475479126,1.6799999475479126,1.6799999475479126,0
2024-06-12,1.3998891115188599,1.649999976158142,1.6799999475479126,1.649999976158142,1.6699999570846558,264693300
2024-06-13,1.4168574810028076,1.6699999570846558,1.6799999475479126,1.659999966621399,1.659999966621399,219240600
2024-06-14,1.4253416061401367,1.6799999475479126,1.7000000476837158,1.6699999570846558,1.6699999570846558,101819700
2024-06-17,1.408373236656189,1.659999966621399,1.690000057220459,1.649999976158142,1.6799999475479126,265250200
2024-06-18,1.408373236656189,1.659999966621399,1.659999966621399,1.659999966621399,1.659999966621399,0
2024-06-19,1.408373236656189,1.659999966621399,1.659999966621399,1.659999966621399,1.659999966621399,0
2024-06-20,1.3914048671722412,1.6399999856948853,1.6399999856948853,1.600000023841858,1.6100000143051147,264333400
2024-06-21,1.4253416061401367,1.6799999475479126,1.6799999475479126,1.6200000047683716,1.6200000047683716,644017300
2024-06-24,1.4592783451080322,1.7200000286102295,1.7200000286102295,1.6799999475479126,1.690000057220459,535261600
2024-06-25,1.4592783451080322,1.7200000286102295,1.7200000286102295,1.7200000286102295,1.7200000286102295,0
2024-06-26,1.4592783451080322,1.7200000286102295,1.7200000286102295,1.7200000286102295,1.7200000286102295,0
2024-06-27,1.4507941007614136,1.7100000381469727,1.7300000190734863,1.7000000476837158,1.7200000286102295,144333600
2024-06-28,1.4507941007614136,1.7100000381469727,1.7200000286102295,1.7000000476837158,1.7100000381469727,185470400
2024-07-01,1.4507941007614136,1.7100000381469727,1.7100000381469727,1.7100000381469727,1.7100000381469727,0
2024-07-02,1.4507941007614136,1.7100000381469727,1.7100000381469727,1.7100000381469727,1.7100000381469727,0
2024-07-03,1.4592783451080322,1.7200000286102295,1.7300000190734863,1.7000000476837158,1.7100000381469727,157416500
2024-07-04,1.47624671459198,1.7400000095367432,1.7400000095367432,1.7200000286102295,1.7200000286102295,117869300
2024-07-05,1.5016992092132568,1.7699999809265137,1.7699999809265137,1.7400000095367432,1.75,219840000
2024-07-08,1.5101834535598755,1.7799999713897705,1.7799999713897705,1.7599999904632568,1.7699999809265137,276367000
2024-07-09,1.5101834535598755,1.7799999713897705,1.7799999713897705,1.7799999713897705,1.7799999713897705,0
2024-07-10,1.5101834535598755,1.7799999713897705,1.7799999713897705,1.7799999713897705,1.7799999713897705,0
2024-07-11,1.5101834535598755,1.7799999713897705,1.7799999713897705,1.7799999713897705,1.7799999713897705,0
2024-07-12,1.5101834535598755,1.7799999713897705,1.7799999713897705,1.7799999713897705,1.7799999713897705,0
2024-07-15,1.5101834535598755,1.7799999713897705,1.7799999713897705,1.7799999713897705,1.7799999713897705,0
2024-07-16,1.5101834535598755,1.7799999713897705,1.7799999713897705,1.7599999904632568,1.7799999713897705,171369100
2024-07-17,1.5101834535598755,1.7799999713897705,1.7799999713897705,1.7799999713897705,1.7799999713897705,0
2024-07-18,1.5016992092132568,1.7699999809265137,1.7799999713897705,1.7599999904632568,1.7699999809265137,294912600
2024-07-19,1.5016992092132568,1.7699999809265137,1.7699999809265137,1.7699999809265137,1.7699999809265137,0
2024-07-23,1.4677625894546509,1.7300000190734863,1.75,1.7000000476837158,1.7300000190734863,270642700
2024-07-24,1.4168574810028076,1.6699999570846558,1.7300000190734863,1.6699999570846558,1.7200000286102295,315176300
2024-07-25,1.3998891115188599,1.649999976158142,1.6699999570846558,1.6399999856948853,1.659999966621399,376851600
2024-07-26,1.4423099756240845,1.7000000476837158,1.7000000476837158,1.6399999856948853,1.649999976158142,367368500
2024-07-30,1.4423099756240845,1.7000000476837158,1.7000000476837158,1.7000000476837158,1.7000000476837158,0
2024-07-31,1.433825969696045,1.690000057220459,1.7100000381469727,1.690000057220459,1.7000000476837158,285817300
2024-08-01,1.433825969696045,1.690000057220459,1.7000000476837158,1.690000057220459,1.690000057220459,50096800
2024-08-02,1.433825969696045,1.690000057220459,1.690000057220459,1.690000057220459,1.690000057220459,0
2024-08-05,1.3829208612442017,1.6299999952316284,1.6699999570846558,1.6299999952316284,1.659999966621399,218954400
2024-08-06,1.3829208612442017,1.6299999952316284,1.659999966621399,1.6299999952316284,1.649999976158142,73687900
2024-08-07,1.408373236656189,1.659999966621399,1.6699999570846558,1.6399999856948853,1.6399999856948853,197759400
2024-08-08,1.408373236656189,1.659999966621399,1.659999966621399,1.659999966621399,1.659999966621399,0
2024-08-09,1.4168574810028076,1.6699999570846558,1.690000057220459,1.659999966621399,1.690000057220459,112385000
2024-08-13,1.4423099756240845,1.7000000476837158,1.7000000476837158,1.659999966621399,1.6799999475479126,266912500
2024-08-14,1.4507941007614136,1.7100000381469727,1.7400000095367432,1.690000057220459,1.7000000476837158,506248600
2024-08-15,1.4507941007614136,1.7100000381469727,1.7100000381469727,1.7100000381469727,1.7100000381469727,0
2024-08-16,1.484730839729309,1.75,1.7599999904632568,1.7200000286102295,1.7200000286102295,272845500
2024-08-19,1.5271517038345337,1.7999999523162842,1.7999999523162842,1.75,1.75,459046500
2024-08-20,1.5101834535598755,1.7799999713897705,1.8200000524520874,1.7799999713897705,1.7999999523162842,270730500
2024-08-21,1.5186676979064941,1.7899999618530273,1.7999999523162842,1.7699999809265137,1.7799999713897705,143663500
2024-08-22,1.5186676979064941,1.7899999618530273,1.7899999618530273,1.7899999618530273,1.7899999618530273,0
2024-08-23,1.5441200733184814,1.8200000524520874,1.8200000524520874,1.7799999713897705,1.7899999618530273,446753900
2024-08-26,1.5695726871490479,1.850000023841858,1.8700000047683716,1.809999942779541,1.8200000524520874,512429100
2024-08-27,1.5695726871490479,1.850000023841858,1.8600000143051147,1.840000033378601,1.850000023841858,277312900
2024-08-28,1.5780569314956665,1.8600000143051147,1.8700000047683716,1.8300000429153442,1.850000023841858,225896200
2024-08-29,1.5780569314956665,1.8600000143051147,1.8700000047683716,1.8200000524520874,1.8600000143051147,368102000
2024-08-30,1.5695726871490479,1.850000023841858,1.8600000143051147,1.840000033378601,1.8600000143051147,157920000
2024-09-02,1.5695726871490479,1.850000023841858,1.850000023841858,1.850000023841858,1.850000023841858,0
2024-09-03,1.5695726871490479,1.850000023841858,1.850000023841858,1.850000023841858,1.850000023841858,0
2024-09-04,1.5695726871490479,1.850000023841858,1.850000023841858,1.850000023841858,1.850000023841858,0
2024-09-05,1.586540937423706,1.8700000047683716,1.8899999856948853,1.840000033378601,1.850000023841858,440482600
2024-09-06,1.6628986597061157,1.9600000381469727,2.0,1.8799999952316284,1.8799999952316284,1095731700
2024-09-09,1.6628986597061157,1.9600000381469727,1.9600000381469727,1.9600000381469727,1.9600000381469727,0
2024-09-10,1.7307720184326172,2.0399999618530273,2.059999942779541,1.9800000190734863,2.0199999809265137,602611200
2024-09-11,1.713803768157959,2.0199999809265137,2.059999942779541,2.0,2.0399999618530273,204498100
2024-09-12,1.713803768157959,2.0199999809265137,2.059999942779541,2.0199999809265137,2.0199999809265137,227115700
2024-09-13,1.713803768157959,2.0199999809265137,2.0399999618530273,2.0,2.0,412876200
2024-09-16,1.713803768157959,2.0199999809265137,2.0199999809265137,2.0199999809265137,2.0199999809265137,0
2024-09-17,1.713803768157959,2.0199999809265137,2.0199999809265137,2.0199999809265137,2.0199999809265137,0
2024-09-18,1.713803768157959,2.0199999809265137,2.0199999809265137,2.0199999809265137,2.0199999809265137,0
2024-09-19,1.713803768157959,2.0199999809265137,2.0199999809265137,2.0199999809265137,2.0199999809265137,0
2024-09-20,1.6289616823196411,1.9199999570846558,1.9500000476837158,1.909999966621399,1.909999966621399,566599100
2024-09-23,1.6544145345687866,1.9500000476837158,1.9500000476837158,1.9199999570846558,1.9299999475479126,231449400
2024-09-24,1.645930290222168,1.940000057220459,1.9600000381469727,1.9299999475479126,1.9600000381469727,327094500
2024-09-25,1.6628986597061157,1.9600000381469727,2.0,1.9500000476837158,1.9600000381469727,746478400
2024-09-26,1.645930290222168,1.940000057220459,1.9800000190734863,1.940000057220459,1.9700000286102295,367402700
2024-09-27,1.645930290222168,1.940000057220459,1.940000057220459,1.940000057220459,1.940000057220459,0
2024-09-30,1.6713827848434448,1.9700000286102295,1.9700000286102295,1.9199999570846558,1.9299999475479126,246869800
2024-10-01,1.6713827848434448,1.9700000286102295,1.9700000286102295,1.9700000286102295,1.9700000286102295,0
2024-10-02,1.6374459266662598,1.9299999475479126,1.9700000286102295,1.9299999475479126,1.9600000381469727,295780600
2024-10-03,1.6374459266662598,1.9299999475479126,1.9500000476837158,1.9299999475479126,1.9299999475479126,298714000
2024-10-04,1.6374459266662598,1.9299999475479126,1.9299999475479126,1.9299999475479126,1.9299999475479126,0
2024-10-07,1.6506158113479614,1.8799999952316284,1.909999966621399,1.8700000047683716,1.8799999952316284,468850000
2024-10-08,1.6418359279632568,1.8700000047683716,1.8799999952316284,1.8600000143051147,1.8700000047683716,321803400
2024-10-09,1.6593958139419556,1.8899999856948853,1.899999976158142,1.8700000047683716,1.8799999952316284,202899700
2024-10-10,1.6418359279632568,1.8700000047683716,1.8899999856948853,1.8700000047683716,1.8899999856948853,138448000
2024-10-11,1.6418359279632568,1.8700000047683716,1.8700000047683716,1.8700000047683716,1.8700000047683716,0
2024-10-15,1.6593958139419556,1.8899999856948853,1.899999976158142,1.8700000047683716,1.899999976158142,236435700
2024-10-16,1.6593958139419556,1.8899999856948853,1.8899999856948853,1.8899999856948853,1.8899999856948853,0
2024-10-17,1.6593958139419556,1.8899999856948853,1.8899999856948853,1.8899999856948853,1.8899999856948853,0
2024-10-18,1.6067166328430176,1.8300000429153442,1.909999966621399,1.809999942779541,1.899999976158142,709691900
2024-10-21,1.6154963970184326,1.840000033378601,1.850000023841858,1.8200000524520874,1.8300000429153442,399151200
2024-10-22,1.6154963970184326,1.840000033378601,1.840000033378601,1.840000033378601,1.840000033378601,0
2024-10-24,1.5628172159194946,1.7799999713897705,1.8200000524520874,1.7799999713897705,1.7999999523162842,377857800
2024-10-25,1.5628172159194946,1.7799999713897705,1.7799999713897705,1.7799999713897705,1.7799999713897705,0
2024-10-28,1.5628172159194946,1.7799999713897705,1.7999999523162842,1.7699999809265137,1.7799999713897705,214852500
2024-10-29,1.5628172159194946,1.7799999713897705,1.7799999713897705,1.7799999713897705,1.7799999713897705,0
2024-10-30,1.5540372133255005,1.7699999809265137,1.8200000524520874,1.7699999809265137,1.7899999618530273,280053700
2024-10-31,1.5628172159194946,1.7799999713897705,1.7999999523162842,1.7699999809265137,1.7699999809265137,210973700
2024-11-01,1.5628172159194946,1.7799999713897705,1.7799999713897705,1.7799999713897705,1.7799999713897705,0
2024-11-04,1.5628172159194946,1.7799999713897705,1.7999999523162842,1.7699999809265137,1.7799999713897705,94542300
2024-11-05,1.5891567468643188,1.809999942779541,1.8200000524520874,1.7699999809265137,1.7799999713897705,200040900
2024-11-06,1.5715969800949097,1.7899999618530273,1.8200000524520874,1.7799999713897705,1.809999942779541,203787400
2024-11-07,1.5803768634796143,1.7999999523162842,1.8200000524520874,1.7899999618530273,1.7899999618530273,146402700
2024-11-08,1.5715969800949097,1.7899999618530273,1.809999942779541,1.7799999713897705,1.7999999523162842,133994100
2024-11-11,1.545257329940796,1.7599999904632568,1.7899999618530273,1.7599999904632568,1.7899999618530273,174866800
2024-11-12,1.5364775657653809,1.75,1.7699999809265137,1.75,1.7599999904632568,128730000
2024-11-13,1.5364775657653809,1.75,1.7699999809265137,1.75,1.75,76535700
2024-11-14,1.5189177989959717,1.7300000190734863,1.7599999904632568,1.7200000286102295,1.75,211991900
2024-11-15,1.5364775657653809,1.75,1.7599999904632568,1.7300000190734863,1.7300000190734863,117527700
2024-11-18,1.5540372133255005,1.7699999809265137,1.7799999713897705,1.75,1.7599999904632568,135284600
2024-11-19,1.5715969800949097,1.7899999618530273,1.7999999523162842,1.7699999809265137,1.7799999713897705,158169500
2024-11-20,1.5540372133255005,1.7699999809265137,1.7999999523162842,1.7699999809265137,1.7999999523162842,167936700
2024-11-21,1.5715969800949097,1.7899999618530273,1.7999999523162842,1.7799999713897705,1.7899999618530273,81607300
2024-11-22,1.5803768634796143,1.7999999523162842,1.809999942779541,1.7899999618530273,1.7999999523162842,164155600
2024-11-25,1.5891567468643188,1.809999942779541,1.809999942779541,1.7899999618530273,1.809999942779541,131488200
2024-11-26,1.5715969800949097,1.7899999618530273,1.809999942779541,1.7799999713897705,1.7999999523162842,81262000
2024-11-27,1.5628172159194946,1.7799999713897705,1.7899999618530273,1.7699999809265137,1.7799999713897705,57038200
2024-11-28,1.5540372133255005,1.7699999809265137,1.7899999618530273,1.7699999809265137,1.7799999713897705,86634100
2024-11-29,1.545257329940796,1.7599999904632568,1.7899999618530273,1.75,1.7799999713897705,187600700
2024-12-02,1.5540372133255005,1.7699999809265137,1.7799999713897705,1.75,1.7599999904632568,110963500
2024-12-03,1.5715969800949097,1.7899999618530273,1.7999999523162842,1.7699999809265137,1.7699999809265137,94356000
2024-12-04,1.5628172159194946,1.7799999713897705,1.809999942779541,1.7799999713897705,1.7899999618530273,136620600
2024-12-06,1.6067166328430176,1.8300000429153442,1.840000033378601,1.7799999713897705,1.7899999618530273,286700300
2024-12-09,1.6067166328430176,1.8300000429153442,1.850000023841858,1.8200000524520874,1.8300000429153442,152718400
2024-12-11,1.6067166328430176,1.8300000429153442,1.840000033378601,1.8200000524520874,1.8300000429153442,114100700
2024-12-12,1.6418359279632568,1.8700000047683716,1.8799999952316284,1.8300000429153442,1.840000033378601,424849300
2024-12-13,1.6242762804031372,1.850000023841858,1.8700000047683716,1.850000023841858,1.8600000143051147,155651800
2024-12-16,1.6330562829971313,1.8600000143051147,1.8600000143051147,1.840000033378601,1.8600000143051147,124035800
2024-12-17,1.6067166328430176,1.8300000429153442,1.8700000047683716,1.8200000524520874,1.8600000143051147,169223100
2024-12-18,1.5979366302490234,1.8200000524520874,1.8300000429153442,1.809999942779541,1.8200000524520874,181027000
2024-12-19,1.5891567468643188,1.809999942779541,1.840000033378601,1.7999999523162842,1.809999942779541,202431600
2024-12-20,1.5803768634796143,1.7999999523162842,1.8200000524520874,1.7799999713897705,1.809999942779541,253504300
2024-12-23,1.6067166328430176,1.8300000429153442,1.840000033378601,1.7899999618530273,1.7999999523162842,173761800
2024-12-24,1.6154963970184326,1.840000033378601,1.840000033378601,1.8300000429153442,1.840000033378601,58334400
2024-12-25,1.6242762804031372,1.850000023841858,1.8600000143051147,1.840000033378601,1.850000023841858,176869300
2024-12-26,1.6330562829971313,1.8600000143051147,1.8600000143051147,1.8300000429153442,1.840000033378601,70448800
2024-12-27,1.6154963970184326,1.840000033378601,1.8600000143051147,1.8300000429153442,1.850000023841858,75900200
2024-12-30,1.6330562829971313,1.8600000143051147,1.8600000143051147,1.8300000429153442,1.8300000429153442,156395300
2025-01-02,1.6242762804031372,1.850000023841858,1.8600000143051147,1.840000033378601,1.8600000143051147,93121100
2025-01-03,1.6242762804031372,1.850000023841858,1.8600000143051147,1.840000033378601,1.8600000143051147,80198400
2025-01-06,1.6067166328430176,1.8300000429153442,1.8700000047683716,1.8300000429153442,1.850000023841858,168476500
2025-01-07,1.6067166328430176,1.8300000429153442,1.850000023841858,1.809999942779541,1.840000033378601,263639200
2025-01-08,1.6242762804031372,1.850000023841858,1.850000023841858,1.8200000524520874,1.8300000429153442,218134100
2025-01-09,1.5803768634796143,1.7999999523162842,1.840000033378601,1.7999999523162842,1.840000033378601,247152800
2025-01-10,1.5803768634796143,1.7999999523162842,1.8200000524520874,1.7899999618530273,1.7999999523162842,273513000
2025-01-13,1.6154963970184326,1.840000033378601,1.840000033378601,1.7899999618530273,1.7899999618530273,387243000
2025-01-14,1.5979366302490234,1.8200000524520874,1.850000023841858,1.8200000524520874,1.840000033378601,172461600
2025-01-15,1.6067166328430176,1.8300000429153442,1.8300000429153442,1.7999999523162842,1.8200000524520874,184485900
2025-01-16,1.6067166328430176,1.8300000429153442,1.840000033378601,1.8200000524520874,1.8300000429153442,217366900
2025-01-17,1.5979366302490234,1.8200000524520874,1.840000033378601,1.8200000524520874,1.8300000429153442,218281600
2025-01-20,1.6242762804031372,1.850000023841858,1.850000023841858,1.8200000524520874,1.8300000429153442,237127600
2025-01-21,1.6067166328430176,1.8300000429153442,1.8600000143051147,1.8200000524520874,1.850000023841858,366778600
2025-01-22,1.6681755781173706,1.899999976158142,1.909999966621399,1.8300000429153442,1.8300000429153442,934357300
2025-01-23,1.6418359279632568,1.8700000047683716,1.9199999570846558,1.8700000047683716,1.899999976158142,556933200
2025-01-24,1.6418359279632568,1.8700000047683716,1.899999976158142,1.8600000143051147,1.8799999952316284,178706000
2025-01-27,1.6593958139419556,1.8899999856948853,1.8899999856948853,1.850000023841858,1.8600000143051147,196323400
2025-01-28,1.6769554615020752,1.909999966621399,1.9199999570846558,1.8899999856948853,1.899999976158142,414531800
2025-01-29,1.7296346426010132,1.9700000286102295,2.0199999809265137,1.940000057220459,2.0,1018719000
2025-01-30,1.7208549976348877,1.9600000381469727,1.9800000190734863,1.9500000476837158,1.9700000286102295,335696200
2025-01-31,1.7384145259857178,1.9800000190734863,1.9900000095367432,1.9600000381469727,1.9600000381469727,709091800
2025-02-03,1.7384145259857178,1.9800000190734863,1.9800000190734863,1.9199999570846558,1.940000057220459,565126600
2025-02-04,1.7296346426010132,1.9700000286102295,1.9900000095367432,1.9700000286102295,1.9800000190734863,405897800
2025-02-05,1.7296346426010132,1.9700000286102295,1.9800000190734863,1.9500000476837158,1.9800000190734863,270766200
2025-02-06,1.7208549976348877,1.9600000381469727,1.9800000190734863,1.9600000381469727,1.9700000286102295,382692200
2025-02-07,1.7120749950408936,1.9500000476837158,1.9600000381469727,1.9199999570846558,1.9600000381469727,414831600
2025-02-10,1.7208549976348877,1.9600000381469727,1.9600000381469727,1.940000057220459,1.9500000476837158,333380100
2025-02-11,1.703295111656189,1.940000057220459,1.9600000381469727,1.940000057220459,1.9500000476837158,192559800
2025-02-13,1.7120749950408936,1.9500000476837158,1.9500000476837158,1.9299999475479126,1.9500000476837158,196259200
2025-02-14,1.703295111656189,1.940000057220459,1.9600000381469727,1.9299999475479126,1.940000057220459,305856500
2025-02-17,1.7384145259857178,1.9800000190734863,1.9800000190734863,1.940000057220459,1.9500000476837158,484713600
2025-02-18,1.747194528579712,1.9900000095367432,1.9900000095367432,1.9700000286102295,1.9800000190734863,357084300
2025-02-19,1.7735340595245361,2.0199999809265137,2.0199999809265137,1.9800000190734863,1.9800000190734863,750469500
2025-02-20,1.7384145259857178,1.9800000190734863,2.0,1.9600000381469727,2.0,616425800
2025-02-21,1.7208549976348877,1.9600000381469727,1.9800000190734863,1.9600000381469727,1.9700000286102295,314026600
2025-02-24,1.7208549976348877,1.9600000381469727,1.9700000286102295,1.940000057220459,1.9600000381469727,243231600
2025-02-25,1.703295111656189,1.940000057220459,1.9700000286102295,1.940000057220459,1.9600000381469727,341485000
2025-02-26,1.6857352256774902,1.9199999570846558,1.9600000381469727,1.899999976158142,1.940000057220459,561699600
2025-02-27,1.703295111656189,1.940000057220459,1.9500000476837158,1.909999966621399,1.909999966621399,252754700
2025-02-28,1.6857352256774902,1.9199999570846558,1.9199999570846558,1.8899999856948853,1.909999966621399,496018500
2025-03-03,1.6857352256774902,1.9199999570846558,1.9500000476837158,1.909999966621399,1.9299999475479126,284190300
2025-03-04,1.6857352256774902,1.9199999570846558,1.940000057220459,1.909999966621399,1.9199999570846558,243618700
2025-03-05,1.6945152282714844,1.9299999475479126,1.940000057220459,1.909999966621399,1.9299999475479126,222060900
2025-03-06,1.6681755781173706,1.899999976158142,1.940000057220459,1.899999976158142,1.940000057220459,232669900
2025-03-07,1.6681755781173706,1.899999976158142,1.909999966621399,1.8899999856948853,1.899999976158142,115375500
2025-03-10,1.6769554615020752,1.909999966621399,1.940000057220459,1.8899999856948853,1.899999976158142,294941100
2025-03-11,1.6769554615020752,1.909999966621399,1.9199999570846558,1.8899999856948853,1.899999976158142,265095700
2025-03-12,1.6769554615020752,1.909999966621399,1.909999966621399,1.8899999856948853,1.899999976158142,256044800
2025-03-13,1.6681755781173706,1.899999976158142,1.909999966621399,1.8899999856948853,1.909999966621399,104697800
2025-03-14,1.6769554615020752,1.909999966621399,1.9199999570846558,1.899999976158142,1.899999976158142,74997100
2025-03-17,1.6857352256774902,1.9199999570846558,1.9299999475479126,1.909999966621399,1.909999966621399,172189400
2025-03-18,1.6945152282714844,1.9299999475479126,1.940000057220459,1.909999966621399,1.9199999570846558,246114500
2025-03-19,1.6857352256774902,1.9199999570846558,1.940000057220459,1.9199999570846558,1.9299999475479126,86545800
2025-03-20,1.6857352256774902,1.9199999570846558,1.940000057220459,1.9199999570846558,1.9199999570846558,135343500
2025-03-21,1.703295111656189,1.940000057220459,2.0199999809265137,1.9299999475479126,1.9700000286102295,1103930300
2025-03-24,1.703295111656189,1.940000057220459,1.940000057220459,1.9299999475479126,1.940000057220459,67214300
2025-03-25,1.703295111656189,1.940000057220459,1.9700000286102295,1.9299999475479126,1.9500000476837158,272388100
2025-03-26,1.7208549976348877,1.9600000381469727,1.9700000286102295,1.940000057220459,1.940000057220459,178733500
2025-03-27,1.755974292755127,2.0,2.0,1.9600000381469727,1.9700000286102295,429181300
2025-03-28,1.747194528579712,1.9900000095367432,2.0,1.9700000286102295,1.9900000095367432,234934900
2025-03-31,1.7208549976348877,1.9600000381469727,1.9800000190734863,1.9600000381469727,1.9700000286102295,283869300
2025-04-01,1.7296346426010132,1.9700000286102295,1.9900000095367432,1.9600000381469727,1.9600000381469727,149082700
2025-04-02,1.747194528579712,1.9900000095367432,2.0,1.9600000381469727,1.9800000190734863,311921000
2025-04-03,1.7296346426010132,1.9700000286102295,2.0,1.9700000286102295,1.9800000190734863,172268900
2025-04-04,1.6945152282714844,1.9299999475479126,1.9700000286102295,1.9199999570846558,1.9700000286102295,338054100
2025-04-08,1.6418359279632568,1.8700000047683716,1.9199999570846558,1.8200000524520874,1.909999966621399,442913100
2025-04-09,1.6418359279632568,1.8700000047683716,1.8700000047683716,1.7999999523162842,1.850000023841858,328733200
2025-04-10,1.6769554615020752,1.909999966621399,1.9299999475479126,1.8899999856948853,1.9199999570846558,219603900
2025-04-11,1.6769554615020752,1.909999966621399,1.9199999570846558,1.8899999856948853,1.899999976158142,134062600
2025-04-16,1.6857352256774902,1.9199999570846558,1.9299999475479126,1.899999976158142,1.899999976158142,184064000
2025-04-17,1.7208549976348877,1.9600000381469727,1.9600000381469727,1.909999966621399,1.9199999570846558,354364800
2025-04-18,1.6593958139419556,1.8899999856948853,1.9500000476837158,1.8799999952316284,1.9500000476837158,515741700
2025-04-21,1.5979366302490234,1.8200000524520874,1.899999976158142,1.8200000524520874,1.8899999856948853,510191500
2025-04-22,1.5891567468643188,1.809999942779541,1.840000033378601,1.7899999618530273,1.840000033378601,546269000
2025-04-23,1.5891567468643188,1.809999942779541,1.8300000429153442,1.7899999618530273,1.8200000524520874,479823600
2025-04-24,1.5891567468643188,1.809999942779541,1.8200000524520874,1.7999999523162842,1.7999999523162842,196052800
2025-04-25,1.611924171447754,1.7699999809265137,1.7699999809265137,1.7400000095367432,1.75,260255000
2025-04-28,1.6301378011703491,1.7899999618530273,1.7999999523162842,1.7599999904632568,1.7599999904632568,234511200
2025-04-29,1.6392449140548706,1.7999999523162842,1.809999942779541,1.7799999713897705,1.7899999618530273,316681800
2025-04-30,1.6665657758712769,1.8300000429153442,1.8300000429153442,1.7799999713897705,1.7999999523162842,681311700
2025-05-02,1.6665657758712769,1.8300000429153442,1.840000033378601,1.7999999523162842,1.8300000429153442,332811900
2025-05-06,1.693886399269104,1.8600000143051147,1.8799999952316284,1.8200000524520874,1.840000033378601,460258100
2025-05-07,1.7212070226669312,1.8899999856948853,1.8899999856948853,1.8600000143051147,1.8700000047683716,447903000
2025-05-08,1.7121001482009888,1.8799999952316284,1.8899999856948853,1.8600000143051147,1.8799999952316284,310689800
2025-05-09,1.7212070226669312,1.8899999856948853,1.8899999856948853,1.8600000143051147,1.8799999952316284,312407700
2025-05-13,1.730314016342163,1.899999976158142,1.9199999570846558,1.899999976158142,1.899999976158142,300433600
2025-05-14,1.7394208908081055,1.909999966621399,1.9199999570846558,1.8899999856948853,1.899999976158142,320345500
2025-05-15,1.730314016342163,1.899999976158142,1.909999966621399,1.8899999856948853,1.909999966621399,264025900
2025-05-16,1.7485277652740479,1.9199999570846558,1.940000057220459,1.8899999856948853,1.899999976158142,418384900
2025-05-19,1.7394208908081055,1.909999966621399,1.9299999475479126,1.8899999856948853,1.9199999570846558,470256300
2025-05-20,1.7849555015563965,1.9600000381469727,1.9700000286102295,1.909999966621399,1.909999966621399,525268000
2025-05-21,1.7667417526245117,1.940000057220459,1.9600000381469727,1.940000057220459,1.9500000476837158,227478300
2025-05-22,1.7576346397399902,1.9299999475479126,1.9600000381469727,1.9299999475479126,1.940000057220459,255274100
2025-05-23,1.7667417526245117,1.940000057220459,1.9500000476837158,1.9299999475479126,1.9500000476837158,105917100
2025-05-26,1.775848627090454,1.9500000476837158,1.9600000381469727,1.9299999475479126,1.940000057220459,182878900
2025-05-27,1.7485277652740479,1.9199999570846558,1.940000057220459,1.9199999570846558,1.940000057220459,282396400
2025-05-28,1.7667417526245117,1.940000057220459,1.9500000476837158,1.9199999570846558,1.9299999475479126,190452700
2025-05-29,1.7667417526245117,1.940000057220459,1.9500000476837158,1.9299999475479126,1.940000057220459,184198900
2025-05-30,1.7485277652740479,1.9199999570846558,1.940000057220459,1.9199999570846558,1.9299999475479126,205620500
2025-06-04,1.7394208908081055,1.909999966621399,1.940000057220459,1.8899999856948853,1.9299999475479126,313923200
2025-06-05,1.7667417526245117,1.940000057220459,1.9500000476837158,1.899999976158142,1.909999966621399,269887400
2025-06-06,1.7667417526245117,1.940000057220459,1.9500000476837158,1.9199999570846558,1.940000057220459,158942300
2025-06-09,1.7667417526245117,1.940000057220459,1.9500000476837158,1.9199999570846558,1.940000057220459,152686500
2025-06-10,1.775848627090454,1.9500000476837158,1.9500000476837158,1.9199999570846558,1.9299999475479126,275916900
2025-06-11,1.775848627090454,1.9500000476837158,1.9600000381469727,1.940000057220459,1.9500000476837158,310877600
2025-06-12,1.7667417526245117,1.940000057220459,1.9600000381469727,1.9299999475479126,1.9500000476837158,322352600
2025-06-13,1.7940624952316284,1.9700000286102295,1.9800000190734863,1.9299999475479126,1.940000057220459,474160800
2025-06-16,1.775848627090454,1.9500000476837158,1.9800000190734863,1.9500000476837158,1.9600000381469727,288483500
2025-06-17,1.775848627090454,1.9500000476837158,1.9700000286102295,1.9500000476837158,1.9500000476837158,185181400
2025-06-18,1.7485277652740479,1.9199999570846558,1.9600000381469727,1.9199999570846558,1.9500000476837158,505787000
2025-06-19,1.7029932737350464,1.8700000047683716,1.9199999570846558,1.8600000143051147,1.9199999570846558,372779600
2025-06-20,1.7212070226669312,1.8899999856948853,1.899999976158142,1.8700000047683716,1.8799999952316284,474035200
2025-06-23,1.684779405593872,1.850000023841858,1.8799999952316284,1.840000033378601,1.8799999952316284,246536700
2025-06-24,1.7394208908081055,1.909999966621399,1.909999966621399,1.850000023841858,1.8799999952316284,562890300
2025-06-25,1.7394208908081055,1.909999966621399,1.909999966621399,1.8799999952316284,1.899999976158142,236027400
2025-06-26,1.7485277652740479,1.9199999570846558,1.940000057220459,1.899999976158142,1.899999976158142,321069300
2025-06-27,1.7212070226669312,1.8899999856948853,1.9199999570846558,1.8799999952316284,1.9199999570846558,278571600
2025-06-30,1.7212070226669312,1.8899999856948853,1.899999976158142,1.8700000047683716,1.8899999856948853,276188100
2025-07-01,1.7394208908081055,1.909999966621399,1.909999966621399,1.8700000047683716,1.899999976158142,332942700
2025-07-02,1.7394208908081055,1.909999966621399,1.9299999475479126,1.899999976158142,1.909999966621399,233671000
2025-07-03,1.7576346397399902,1.9299999475479126,1.9299999475479126,1.899999976158142,1.909999966621399,209512800
2025-07-04,1.730314016342163,1.899999976158142,1.9199999570846558,1.8899999856948853,1.9199999570846558,169737200
2025-07-07,1.7212070226669312,1.8899999856948853,1.899999976158142,1.8799999952316284,1.8899999856948853,180613100
2025-07-08,1.7121001482009888,1.8799999952316284,1.899999976158142,1.8799999952316284,1.8899999856948853,150752400
2025-07-09,1.7121001482009888,1.8799999952316284,1.899999976158142,1.8700000047683716,1.8799999952316284,209280100
2025-07-11,1.7121001482009888,1.8799999952316284,1.8899999856948853,1.8700000047683716,1.8799999952316284,145606100
2025-07-14,1.7212070226669312,1.8899999856948853,1.899999976158142,1.8700000047683716,1.8899999856948853,157848800
2025-07-15,1.7029932737350464,1.8700000047683716,1.8899999856948853,1.8600000143051147,1.8899999856948853,426849300
2025-07-16,1.7029932737350464,1.8700000047683716,1.899999976158142,1.8700000047683716,1.8700000047683716,260337600
2025-07-17,1.7121001482009888,1.8799999952316284,1.8899999856948853,1.8700000047683716,1.8799999952316284,367151500
2025-07-18,1.7212070226669312,1.8899999856948853,1.8899999856948853,1.8700000047683716,1.8799999952316284,480030600
2025-07-21,1.730314016342163,1.899999976158142,1.909999966621399,1.8799999952316284,1.8899999856948853,457089500
2025-07-22,1.730314016342163,1.899999976158142,1.9299999475479126,1.899999976158142,1.899999976158142,551094100
2025-07-23,1.7394208908081055,1.909999966621399,1.9199999570846558,1.899999976158142,1.909999966621399,560135600
2025-07-24,1.730314016342163,1.899999976158142,1.9299999475479126,1.899999976158142,1.899999976158142,398508300
2025-07-25,1.7212070226669312,1.8899999856948853,1.909999966621399,1.8899999856948853,1.899999976158142,210097100
2025-07-29,1.7394208908081055,1.909999966621399,1.909999966621399,1.8899999856948853,1.899999976158142,229735400
2025-07-30,1.7485277652740479,1.9199999570846558,1.9199999570846558,1.8899999856948853,1.909999966621399,331708400
2025-07-31,1.7576346397399902,1.9299999475479126,1.9299999475479126,1.899999976158142,1.909999966621399,348736400
2025-08-01,1.7394208908081055,1.909999966621399,1.9299999475479126,1.909999966621399,1.9199999570846558,248341700
2025-08-04,1.7394208908081055,1.909999966621399,1.9199999570846558,1.899999976158142,1.909999966621399,123391500
2025-08-05,1.7485277652740479,1.9199999570846558,1.940000057220459,1.899999976158142,1.909999966621399,363473000
2025-08-06,1.7485277652740479,1.9199999570846558,1.940000057220459,1.909999966621399,1.9299999475479126,621146600
2025-08-07,1.7485277652740479,1.9199999570846558,1.940000057220459,1.899999976158142,1.909999966621399,568522400
2025-08-08,1.7576346397399902,1.9299999475479126,1.940000057220459,1.909999966621399,1.9199999570846558,391739300
2025-08-13,1.7667417526245117,1.940000057220459,1.9700000286102295,1.9299999475479126,1.940000057220459,539839500
2025-08-14,1.7485277652740479,1.9199999570846558,1.940000057220459,1.909999966621399,1.9299999475479126,356007000
2025-08-15,1.775848627090454,1.9500000476837158,1.9500000476837158,1.909999966621399,1.9199999570846558,480600900
2025-08-18,1.7576346397399902,1.9299999475479126,1.9600000381469727,1.9199999570846558,1.9500000476837158,150375400
2025-08-19,1.7667417526245117,1.940000057220459,1.9600000381469727,1.9299999475479126,1.9299999475479126,217453300
2025-08-20,1.7667417526245117,1.940000057220459,1.940000057220459,1.9199999570846558,1.940000057220459,255012700
2025-08-21,1.7576346397399902,1.9299999475479126,1.9500000476837158,1.9199999570846558,1.940000057220459,302068400
2025-08-22,1.7485277652740479,1.9199999570846558,1.940000057220459,1.909999966621399,1.9299999475479126,306461500
2025-08-25,1.7394208908081055,1.909999966621399,1.9299999475479126,1.909999966621399,1.9299999475479126,240351600
2025-08-26,1.7485277652740479,1.9199999570846558,1.9299999475479126,1.899999976158142,1.909999966621399,336598700
2025-08-27,1.730314016342163,1.899999976158142,1.9299999475479126,1.899999976158142,1.9199999570846558,166357900
2025-08-28,1.7394208908081055,1.909999966621399,1.9199999570846558,1.899999976158142,1.899999976158142,151679500
2025-08-29,1.730314016342163,1.899999976158142,1.9199999570846558,1.8899999856948853,1.9199999570846558,459566200
2025-09-01,1.7394208908081055,1.909999966621399,1.909999966621399,1.8899999856948853,1.899999976158142,252455400
2025-09-02,1.730314016342163,1.899999976158142,1.9199999570846558,1.899999976158142,1.909999966621399,227855500
2025-09-03,1.7394208908081055,1.909999966621399,1.9199999570846558,1.899999976158142,1.909999966621399,349599800
2025-09-04,1.7394208908081055,1.909999966621399,1.9199999570846558,1.899999976158142,1.909999966621399,181630100
2025-09-05,1.7394208908081055,1.909999966621399,1.909999966621399,1.8899999856948853,1.909999966621399,144089400
2025-09-08,1.7212070226669312,1.8899999856948853,1.9199999570846558,1.8899999856948853,1.909999966621399,414505700
2025-09-09,1.7121001482009888,1.8799999952316284,1.899999976158142,1.8799999952316284,1.899999976158142,296876900
2025-09-10,1.7212070226669312,1.8899999856948853,1.899999976158142,1.8799999952316284,1.8899999856948853,216436000
2025-09-11,1.730314016342163,1.899999976158142,1.899999976158142,1.8799999952316284,1.8899999856948853,343934800
2025-09-12,1.7212070226669312,1.8899999856948853,1.909999966621399,1.8899999856948853,1.899999976158142,194298500
2025-09-15,1.7121001482009888,1.8799999952316284,1.899999976158142,1.8799999952316284,1.8899999856948853,165877300
2025-09-16,1.7121001482009888,1.8799999952316284,1.8899999856948853,1.8700000047683716,1.8899999856948853,289307100
2025-09-17,1.7029932737350464,1.8700000047683716,1.8899999856948853,1.8700000047683716,1.8799999952316284,254468900
2025-09-18,1.7029932737350464,1.8700000047683716,1.8899999856948853,1.8700000047683716,1.8799999952316284,157925600
2025-09-19,1.7029932737350464,1.8700000047683716,1.8899999856948853,1.8700000047683716,1.8799999952316284,291670800
2025-09-22,1.693886399269104,1.8600000143051147,1.8799999952316284,1.850000023841858,1.8700000047683716,290576500
2025-09-23,1.693886399269104,1.8600000143051147,1.8700000047683716,1.850000023841858,1.850000023841858,225371100
2025-09-24,1.7212070226669312,1.8899999856948853,1.8899999856948853,1.8600000143051147,1.8700000047683716,303670900
2025-09-25,1.730314016342163,1.899999976158142,1.899999976158142,1.8799999952316284,1.8899999856948853,262426800
2025-09-26,1.730314016342163,1.899999976158142,1.909999966621399,1.899999976158142,1.899999976158142,149852800
2025-09-29,1.7394208908081055,1.909999966621399,1.9199999570846558,1.899999976158142,1.9199999570846558,483779200
2025-09-30,1.730314016342163,1.899999976158142,1.909999966621399,1.8899999856948853,1.899999976158142,451648200
2025-10-01,1.7212070226669312,1.8899999856948853,1.899999976158142,1.8899999856948853,1.899999976158142,258431200
2025-10-02,1.730314016342163,1.899999976158142,1.909999966621399,1.8899999856948853,1.899999976158142,250413900
2025-10-03,1.7394208908081055,1.909999966621399,1.909999966621399,1.8899999856948853,1.899999976158142,390484600
2025-10-06,1.745080590248108,1.850000023841858,1.8700000047683716,1.850000023841858,1.850000023841858,479623800
2025-10-07,1.745080590248108,1.850000023841858,1.850000023841858,1.850000023841858,1.850000023841858,0
2025-10-08,1.745080590248108,1.850000023841858,1.8700000047683716,1.840000033378601,1.8600000143051147,545988200
2025-10-09,1.745080590248108,1.850000023841858,1.8600000143051147,1.840000033378601,1.8600000143051147,204642800
2025-10-10,1.7356477975845337,1.840000033378601,1.850000023841858,1.840000033378601,1.850000023841858,122215400
2025-10-14,1.72621488571167,1.8300000429153442,1.850000023841858,1.8300000429153442,1.840000033378601,207473000
2025-10-15,1.7356477975845337,1.840000033378601,1.8600000143051147,1.8300000429153442,1.840000033378601,369873800
2025-10-16,1.72621488571167,1.8300000429153442,1.850000023841858,1.8300000429153442,1.840000033378601,313042500
2025-10-17,1.7073490619659424,1.809999942779541,1.8300000429153442,1.809999942779541,1.8300000429153442,270198500
2025-10-20,1.7167819738388062,1.8200000524520874,1.8200000524520874,1.7999999523162842,1.8200000524520874,237098800
2025-10-21,1.7545135021209717,1.8600000143051147,1.8700000047683716,1.8300000429153442,1.8300000429153442,576567100
2025-10-22,1.7545135021209717,1.8600000143051147,1.8700000047683716,1.850000023841858,1.8600000143051147,687495000
2025-10-24,1.7733792066574097,1.8799999952316284,1.8899999856948853,1.8600000143051147,1.8600000143051147,862778700
2025-10-27,1.7356477975845337,1.840000033378601,1.8899999856948853,1.840000033378601,1.8899999856948853,545467700
2025-10-28,1.7545135021209717,1.8600000143051147,1.8600000143051147,1.8300000429153442,1.840000033378601,545904900
2025-10-29,1.745080590248108,1.850000023841858,1.8799999952316284,1.850000023841858,1.8600000143051147,446777100
2025-10-30,1.745080590248108,1.850000023841858,1.8600000143051147,1.840000033378601,1.850000023841858,542634900
2025-10-31,1.745080590248108,1.850000023841858,1.8700000047683716,1.850000023841858,1.850000023841858,250785600
2025-11-03,1.7545135021209717,1.8600000143051147,1.8600000143051147,1.840000033378601,1.8600000143051147,244781300
2025-11-04,1.7356477975845337,1.840000033378601,1.8700000047683716,1.840000033378601,1.850000023841858,393068200
2025-11-05,1.7356477975845337,1.840000033378601,1.8600000143051147,1.8300000429153442,1.840000033378601,310582600
2025-11-06,1.7356477975845337,1.840000033378601,1.850000023841858,1.8300000429153442,1.850000023841858,396825200
2025-11-07,1.72621488571167,1.8300000429153442,1.840000033378601,1.8300000429153442,1.840000033378601,95531800
2025-11-10,1.7167819738388062,1.8200000524520874,1.840000033378601,1.8200000524520874,1.840000033378601,224785600
2025-11-11,1.7356477975845337,1.840000033378601,1.850000023841858,1.8200000524520874,1.8300000429153442,406245500
2025-11-12,1.72621488571167,1.8300000429153442,1.850000023841858,1.8200000524520874,1.840000033378601,437209600
2025-11-13,1.7356477975845337,1.840000033378601,1.850000023841858,1.8300000429153442,1.8300000429153442,169122600
2025-11-14,1.7356477975845337,1.840000033378601,1.840000033378601,1.8200000524520874,1.840000033378601,219488100
2025-11-17,1.745080590248108,1.850000023841858,1.850000023841858,1.8300000429153442,1.840000033378601,306914800
2025-11-18,1.7356477975845337,1.840000033378601,1.850000023841858,1.8300000429153442,1.8300000429153442,203640600
2025-11-19,1.7828119993209839,1.8899999856948853,1.8899999856948853,1.840000033378601,1.850000023841858,805449800
2025-11-20,1.7922449111938477,1.899999976158142,1.909999966621399,1.8700000047683716,1.8899999856948853,563801100
2025-11-21,1.8111106157302856,1.9199999570846558,1.9199999570846558,1.8799999952316284,1.8799999952316284,789798800
2025-11-24,1.8016778230667114,1.909999966621399,1.9299999475479126,1.899999976158142,1.9199999570846558,321882600
2025-11-25,1.8205435276031494,1.9299999475479126,1.9299999475479126,1.909999966621399,1.909999966621399,566859100
2025-11-26,1.8677078485488892,1.9800000190734863,1.9900000095367432,1.940000057220459,1.940000057220459,1293899800
2025-11-27,1.8299765586853027,1.940000057220459,1.9800000190734863,1.940000057220459,1.9800000190734863,322765100
2025-11-28,1.8205435276031494,1.9299999475479126,1.9500000476837158,1.909999966621399,1.9500000476837158,423094800
2025-12-01,1.8205435276031494,1.9299999475479126,1.940000057220459,1.909999966621399,1.9199999570846558,376643200
2025-12-02,1.858275055885315,1.9700000286102295,1.9700000286102295,1.9199999570846558,1.940000057220459,425741000
2025-12-03,1.858275055885315,1.9700000286102295,1.9800000190734863,1.9500000476837158,1.9600000381469727,466786600
2025-12-04,1.8677078485488892,1.9800000190734863,1.9900000095367432,1.9500000476837158,1.9600000381469727,584823700
2025-12-08,1.858275055885315,1.9700000286102295,1.9800000190734863,1.9500000476837158,1.9800000190734863,310348800
2025-12-09,1.8488421440124512,1.9600000381469727,1.9700000286102295,1.9500000476837158,1.9600000381469727,205639300
2025-12-11,1.8488421440124512,1.9600000381469727,1.9700000286102295,1.940000057220459,1.9600000381469727,375427500
2025-12-12,1.839409351348877,1.9500000476837158,1.9600000381469727,1.940000057220459,1.9600000381469727,190726000
2025-12-15,1.8677078485488892,1.9800000190734863,1.9900000095367432,1.940000057220459,1.9500000476837158,466789800
2025-12-16,1.877140760421753,1.9900000095367432,1.9900000095367432,1.9600000381469727,1.9700000286102295,457519900
2025-12-17,1.877140760421753,1.9900000095367432,2.0,1.9800000190734863,1.9800000190734863,448682300
2025-12-18,1.9620364904403687,2.0799999237060547,2.0799999237060547,1.9900000095367432,1.9900000095367432,952055000
2025-12-19,1.9054393768310547,2.0199999809265137,2.0799999237060547,2.0199999809265137,2.059999942779541,323226700
2025-12-22,1.9054393768310547,2.0199999809265137,2.059999942779541,2.0,2.0399999618530273,205219600
2025-12-23,1.8865736722946167,2.0,2.0399999618530273,2.0,2.0399999618530273,119219300
2025-12-24,1.9054393768310547,2.0199999809265137,2.059999942779541,2.0,2.0199999809265137,525566300
2025-12-25,1.9243050813674927,2.0399999618530273,2.0399999618530273,2.0199999809265137,2.0399999618530273,55658300
2025-12-26,1.9054393768310547,2.0199999809265137,2.0399999618530273,2.0,2.0199999809265137,163452800
2025-12-29,1.9243050813674927,2.0399999618530273,2.0399999618530273,2.0,2.0199999809265137,151062100
2025-12-30,1.9054393768310547,2.0199999809265137,2.059999942779541,2.0199999809265137,2.0399999618530273,303728900
2026-01-05,1.9431707859039307,2.059999942779541,2.0999999046325684,2.0399999618530273,2.0399999618530273,648636700
2026-01-06,1.9620364904403687,2.0799999237060547,2.0799999237060547,2.0399999618530273,2.059999942779541,454800900
2026-01-07,1.9054393768310547,2.0199999809265137,2.0799999237060547,2.0,2.059999942779541,577195300
2026-01-08,1.9243050813674927,2.0399999618530273,2.0399999618530273,2.0,2.0199999809265137,178293100
2026-01-09,1.9243050813674927,2.0399999618530273,2.059999942779541,2.0199999809265137,2.0399999618530273,181479000
2026-01-12,1.9243050813674927,2.0399999618530273,2.059999942779541,2.0199999809265137,2.0399999618530273,255488900
2026-01-13,1.9243050813674927,2.0399999618530273,2.059999942779541,2.0199999809265137,2.0399999618530273,172195700
2026-01-14,1.9054393768310547,2.0199999809265137,2.0399999618530273,2.0,2.0199999809265137,132503600
2026-01-15,1.9054393768310547,2.0199999809265137,2.0399999618530273,2.0199999809265137,2.0399999618530273,123229700
2026-01-16,1.9431707859039307,2.059999942779541,2.059999942779541,2.0199999809265137,2.0199999809265137,500304400
2026-01-19,1.9243050813674927,2.0399999618530273,2.059999942779541,2.0199999809265137,2.0399999618530273,325601100
2026-01-20,1.9243050813674927,2.0399999618530273,2.059999942779541,2.0399999618530273,2.0399999618530273,216220400
2026-01-21,1.9054393768310547,2.0199999809265137,2.059999942779541,2.0,2.0399999618530273,610269200
2026-01-22,1.9054393768310547,2.0199999809265137,2.0399999618530273,2.0,2.0199999809265137,241979100
2026-01-23,1.877140760421753,1.9900000095367432,2.0199999809265137,1.9800000190734863,2.0199999809265137,573244000
2026-01-26,1.877140760421753,1.9900000095367432,2.0199999809265137,1.9800000190734863,1.9900000095367432,426170900
2026-01-27,1.8865736722946167,2.0,2.0199999809265137,1.9800000190734863,1.9900000095367432,477055800
2026-01-28,1.877140760421753,1.9900000095367432,2.0,1.9800000190734863,2.0,325220800
2026-01-29,1.877140760421753,1.9900000095367432,2.0,1.9800000190734863,1.9900000095367432,231019000
2026-01-30,1.9054393768310547,2.0199999809265137,2.0199999809265137,1.9800000190734863,1.9900000095367432,255227500
2026-02-02,1.8677078485488892,1.9800000190734863,2.0199999809265137,1.9700000286102295,2.0,393858800
2026-02-03,1.877140760421753,1.9900000095367432,2.0199999809265137,1.9900000095367432,1.9900000095367432,369404800
2026-02-04,1.8677078485488892,1.9800000190734863,2.0199999809265137,1.9700000286102295,2.0,394566600
2026-02-05,1.8865736722946167,2.0,2.0,1.9800000190734863,1.9900000095367432,277251500
2026-02-06,1.8677078485488892,1.9800000190734863,2.0,1.9800000190734863,2.0,237820900
2026-02-09,1.9054393768310547,2.0199999809265137,2.0399999618530273,2.0,2.0199999809265137,2473237483
2026-02-10,1.9054393768310547,2.0199999809265137,2.0399999618530273,2.0,2.0199999809265137,176086600
2026-02-11,1.9054393768310547,2.0199999809265137,2.0399999618530273,2.0,2.0199999809265137,169794600
2026-02-12,1.9054393768310547,2.0199999809265137,2.0399999618530273,2.0,2.0,546388100
2026-02-13,1.9054393768310547,2.0199999809265137,2.0399999618530273,2.0,2.0,116990400
2026-02-16,1.9431707859039307,2.059999942779541,2.059999942779541,2.0199999809265137,2.0199999809265137,384381900
2026-02-17,1.9809021949768066,2.0999999046325684,2.0999999046325684,2.0399999618530273,2.0399999618530273,928190700
2026-02-18,2.0752310752868652,2.200000047683716,2.200000047683716,2.140000104904175,2.1600000858306885,920286600
2026-02-19,2.1318283081054688,2.259999990463257,2.2799999713897705,2.200000047683716,2.2200000286102295,613605200
2026-02-20,2.1695597171783447,2.299999952316284,2.319999933242798,2.240000009536743,2.259999990463257,723194400
2026-02-23,2.1884255409240723,2.319999933242798,2.380000114440918,2.2799999713897705,2.319999933242798,561358200
2026-02-24,2.1884255409240723,2.319999933242798,2.3399999141693115,2.2799999713897705,2.299999952316284,304585000
2026-02-25,2.1884255409240723,2.319999933242798,2.3399999141693115,2.2799999713897705,2.319999933242798,321727500
2026-02-26,2.2072908878326416,2.3399999141693115,2.359999895095825,2.299999952316284,2.299999952316284,287106800
2026-02-27,2.226156711578369,2.359999895095825,2.380000114440918,2.319999933242798,2.3399999141693115,460592900
2026-03-02,2.1695597171783447,2.299999952316284,2.3399999141693115,2.2799999713897705,2.299999952316284,460491800
2026-03-04,2.0752310752868652,2.200000047683716,2.259999990463257,2.140000104904175,2.240000009536743,741542900
2026-03-05,2.0940966606140137,2.2200000286102295,2.259999990463257,2.180000066757202,2.240000009536743,495544500
2026-03-06,2.0752310752868652,2.200000047683716,2.240000009536743,2.200000047683716,2.200000047683716,209048300
2026-03-09,2.0563652515411377,2.180000066757202,2.200000047683716,2.119999885559082,2.1600000858306885,423497300
2026-03-10,2.0752310752868652,2.200000047683716,2.2200000286102295,2.180000066757202,2.200000047683716,337376100
2026-03-11,2.0752310752868652,2.200000047683716,2.240000009536743,2.200000047683716,2.200000047683716,431950300
2026-03-12,2.0940966606140137,2.2200000286102295,2.2200000286102295,2.180000066757202,2.200000047683716,200612500
2026-03-13,2.1318283081054688,2.259999990463257,2.2799999713897705,2.200000047683716,2.200000047683716,375390600
2026-03-16,2.0940966606140137,2.2200000286102295,2.2799999713897705,2.2200000286102295,2.259999990463257,201295700
2026-03-17,2.0940966606140137,2.2200000286102295,2.259999990463257,2.2200000286102295,2.240000009536743,238271200
2026-03-18,2.1318283081054688,2.259999990463257,2.2799999713897705,2.240000009536743,2.240000009536743,500657300
2026-03-19,2.112962484359741,2.240000009536743,2.259999990463257,2.2200000286102295,2.240000009536743,281069900
2026-03-20,2.112962484359741,2.240000009536743,2.259999990463257,2.2200000286102295,2.240000009536743,280891600
2026-03-23,2.0563652515411377,2.180000066757202,2.2200000286102295,2.180000066757202,2.2200000286102295,267596400
2026-03-24,2.0752310752868652,2.200000047683716,2.2200000286102295,2.180000066757202,2.200000047683716,254798400
2026-03-25,2.1318283081054688,2.259999990463257,2.2799999713897705,2.2200000286102295,2.2200000286102295,372455400
2026-03-26,2.1695597171783447,2.299999952316284,2.319999933242798,2.240000009536743,2.259999990463257,601795200
2026-03-27,2.150693893432617,2.2799999713897705,2.3399999141693115,2.259999990463257,2.319999933242798,349416100
2026-03-30,2.1318283081054688,2.259999990463257,2.2799999713897705,2.240000009536743,2.259999990463257,119581700
2026-03-31,2.1695597171783447,2.299999952316284,2.299999952316284,2.259999990463257,2.2799999713897705,313344800
2026-04-01,2.1695597171783447,2.299999952316284,2.3399999141693115,2.2799999713897705,2.319999933242798,304872500
2026-04-02,2.1884255409240723,2.319999933242798,2.319999933242798,2.2799999713897705,2.299999952316284,175512800
2026-04-03,2.1884255409240723,2.319999933242798,2.359999895095825,2.299999952316284,2.319999933242798,388629400
2026-04-07,2.1884255409240723,2.319999933242798,2.3399999141693115,2.299999952316284,2.3399999141693115,181497200
2026-04-08,2.2072908878326416,2.3399999141693115,2.359999895095825,2.319999933242798,2.319999933242798,229139100
2026-04-09,2.226156711578369,2.359999895095825,2.380000114440918,2.3399999141693115,2.3399999141693115,264486800
2026-04-10,2.245022773742676,2.380000114440918,2.380000114440918,2.3399999141693115,2.359999895095825,246180300
2026-04-16,2.1884255409240723,2.319999933242798,2.4000000953674316,2.299999952316284,2.380000114440918,402012600
2026-04-17,2.0940966606140137,2.2200000286102295,2.319999933242798,2.2200000286102295,2.299999952316284,504224100
2026-04-20,2.1318283081054688,2.259999990463257,2.2799999713897705,2.2200000286102295,2.240000009536743,248071400
2026-04-21,2.150693893432617,2.2799999713897705,2.299999952316284,2.259999990463257,2.259999990463257,303107300
2026-04-22,2.112962484359741,2.240000009536743,2.319999933242798,2.240000009536743,2.299999952316284,288644400
2026-04-23,2.0940966606140137,2.2200000286102295,2.259999990463257,2.200000047683716,2.240000009536743,261775100
2026-04-24,2.112962484359741,2.240000009536743,2.240000009536743,2.2200000286102295,2.240000009536743,207671100
2026-04-27,2.1207449436187744,2.180000066757202,2.2200000286102295,2.180000066757202,2.200000047683716,208977800
2026-04-28,2.1596577167510986,2.2200000286102295,2.240000009536743,2.200000047683716,2.200000047683716,308472400
2026-04-29,2.237483263015747,2.299999952316284,2.299999952316284,2.240000009536743,2.240000009536743,382633300
2026-04-30,2.198570489883423,2.259999990463257,2.2799999713897705,2.240000009536743,2.259999990463257,228545100
2026-05-01,2.198570489883423,2.259999990463257,2.259999990463257,2.259999990463257,2.259999990463257,0
2026-05-04,2.198570489883423,2.259999990463257,2.259999990463257,2.259999990463257,2.259999990463257,0
2026-05-05,2.218026876449585,2.2799999713897705,2.299999952316284,2.259999990463257,2.2799999713897705,301013600
2026-05-06,2.237483263015747,2.299999952316284,2.299999952316284,2.259999990463257,2.299999952316284,293795400
2026-05-07,2.198570489883423,2.259999990463257,2.299999952316284,2.259999990463257,2.2799999713897705,150176800
2026-05-08,2.198570489883423,2.259999990463257,2.299999952316284,2.259999990463257,2.259999990463257,180457500
2026-05-11,2.1791141033172607,2.240000009536743,2.2799999713897705,2.240000009536743,2.259999990463257,207223800
2026-05-12,2.198570489883423,2.259999990463257,2.2799999713897705,2.240000009536743,2.240000009536743,131570700
2026-05-13,2.1791141033172607,2.240000009536743,2.259999990463257,2.2200000286102295,2.259999990463257,204259900
2026-05-14,2.218026876449585,2.2799999713897705,2.2799999713897705,2.240000009536743,2.240000009536743,364652900
2026-05-15,2.237483263015747,2.299999952316284,2.319999933242798,2.259999990463257,2.259999990463257,483687400
2026-05-18,2.256939649581909,2.319999933242798,2.3399999141693115,2.2799999713897705,2.2799999713897705,266669800
2026-05-19,2.256939649581909,2.319999933242798,2.359999895095825,2.299999952316284,2.319999933242798,308748100
2026-05-20,2.276395797729492,2.3399999141693115,2.3399999141693115,2.2799999713897705,2.319999933242798,173899400
2026-05-21,2.237483263015747,2.299999952316284,2.359999895095825,2.299999952316284,2.3399999141693115,188055800
2026-05-22,2.256939649581909,2.319999933242798,2.3399999141693115,2.299999952316284,2.319999933242798,103683300
2026-05-25,2.276395797729492,2.3399999141693115,2.3399999141693115,2.319999933242798,2.319999933242798,79942600
2026-05-26,2.2958521842956543,2.359999895095825,2.359999895095825,2.319999933242798,2.319999933242798,112077200
2026-05-27,2.276395797729492,2.3399999141693115,2.359999895095825,2.319999933242798,2.359999895095825,172537700
2026-05-28,2.237483263015747,2.299999952316284,2.3399999141693115,2.299999952316284,2.319999933242798,172837700
2026-05-29,2.218026876449585,2.2799999713897705,2.319999933242798,2.2799999713897705,2.299999952316284,165004300
2026-06-01,2.218026876449585,2.2799999713897705,2.2799999713897705,2.2799999713897705,2.2799999713897705,0
2026-06-02,2.256939649581909,2.319999933242798,2.3399999141693115,2.2799999713897705,2.299999952316284,233123800
2026-06-03,2.256939649581909,2.319999933242798,2.319999933242798,2.319999933242798,2.319999933242798,0
2026-06-04,2.218026876449585,2.2799999713897705,2.3399999141693115,2.2799999713897705,2.319999933242798,277580900
2026-06-05,2.256939649581909,2.319999933242798,2.3399999141693115,2.2799999713897705,2.299999952316284,322322400
2026-06-08,2.237483263015747,2.299999952316284,2.3399999141693115,2.299999952316284,2.319999933242798,153126200
2026-06-09,2.237483263015747,2.299999952316284,2.319999933242798,2.2799999713897705,2.319999933242798,199566000
2026-06-10,2.218026876449585,2.2799999713897705,2.319999933242798,2.2799999713897705,2.319999933242798,92864400
2026-06-11,2.237483263015747,2.299999952316284,2.319999933242798,2.2799999713897705,2.299999952316284,165345900
2026-06-12,2.2958521842956543,2.359999895095825,2.359999895095825,2.299999952316284,2.299999952316284,202353200
2026-06-15,2.2958521842956543,2.359999895095825,2.380000114440918,2.3399999141693115,2.359999895095825,305057767
2026-06-16,2.3347651958465576,2.4000000953674316,2.4200000762939453,2.3399999141693115,2.359999895095825,466230000
2026-06-17,2.3347651958465576,2.4000000953674316,2.4200000762939453,2.359999895095825,2.4000000953674316,303932100
2026-06-18,2.3542215824127197,2.4200000762939453,2.440000057220459,2.380000114440918,2.4000000953674316,359621100
2026-06-19,2.3153088092803955,2.380000114440918,2.4200000762939453,2.380000114440918,2.4200000762939453,213868900
2026-06-22,2.3347651958465576,2.4000000953674316,2.4200000762939453,2.380000114440918,2.4000000953674316,185389000
2026-06-23,2.3347651958465576,2.4000000953674316,2.4200000762939453,2.359999895095825,2.380000114440918,448792800
2026-06-24,2.3347651958465576,2.4000000953674316,2.4200000762939453,2.380000114440918,2.4000000953674316,169417100
2026-06-25,2.3347651958465576,2.4000000953674316,2.440000057220459,2.4000000953674316,2.4200000762939453,228348900
2026-06-26,2.373677968978882,2.440000057220459,2.440000057220459,2.4000000953674316,2.4200000762939453,170599700
2026-06-29,2.373677968978882,2.440000057220459,2.440000057220459,2.380000114440918,2.440000057220459,564042000
2026-06-30,2.393134355545044,2.4600000381469727,2.4800000190734863,2.4200000762939453,2.440000057220459,246663000
2026-07-01,2.393134355545044,2.4600000381469727,2.5,2.4600000381469727,2.4600000381469727,210283300
2026-07-02,2.4904160499572754,2.559999942779541,2.5799999237060547,2.4600000381469727,2.4800000190734863,380353700
2026-07-03,2.4904160499572754,2.559999942779541,2.559999942779541,2.5199999809265137,2.559999942779541,213646200
2026-07-06,2.4904160499572754,2.559999942779541,2.5799999237060547,2.5,2.559999942779541,234960300
2026-07-07,2.4904160499572754,2.559999942779541,2.5999999046325684,2.5399999618530273,2.559999942779541,384723600
2026-07-08,2.5293288230895996,2.5999999046325684,2.619999885559082,2.559999942779541,2.5799999237060547,404920900
2026-07-09,2.568241596221924,2.640000104904175,2.680000066757202,2.5799999237060547,2.5999999046325684,385848400
2026-07-10,2.568241596221924,2.640000104904175,2.6600000858306885,2.619999885559082,2.640000104904175,196425556
2026-07-13,2.568241596221924,2.640000104904175,2.680000066757202,2.619999885559082,2.640000104904175,243167600
2026-07-14,2.568241596221924,2.640000104904175,2.6600000858306885,2.5999999046325684,2.619999885559082,393540500
2026-07-15,2.587697982788086,2.6600000858306885,2.680000066757202,2.640000104904175,2.6600000858306885,287725300
2026-07-16,2.6460671424865723,2.7200000286102295,2.740000009536743,2.6600000858306885,2.6600000858306885,318371000
2026-07-17,2.6460671424865723,2.7200000286102295,2.740000009536743,2.700000047683716,2.7200000286102295,289350400
2026-07-20,2.8795435428619385,2.9600000381469727,3.0,2.700000047683716,2.7200000286102295,986974000
2026-07-21,2.8600873947143555,2.940000057220459,3.0,2.859999895095825,3.0,754257500
2026-07-22,2.801718235015869,2.880000114440918,2.9200000762939453,2.859999895095825,2.9200000762939453,447672200
2026-07-23,2.8211746215820312,2.9000000953674316,2.940000057220459,2.880000114440918,2.9000000953674316,354776000
2026-07-24,2.937912702560425,3.0199999809265137,3.0199999809265137,2.880000114440918,2.880000114440918,818020500
2026-07-27,2.996281862258911,3.0799999237060547,3.140000104904175,3.0,3.0199999809265137,703982500
2026-07-28,2.996281862258911,3.0799999237060547,3.0799999237060547,3.0799999237060547,3.0799999237060547,0
2026-07-29,2.996281862258911,3.0799999237060547,3.0799999237060547,3.0799999237060547,3.0799999237060547,0
2026-07-30,2.957369089126587,3.0399999618530273,3.059999942779541,2.9800000190734863,3.0399999618530273,580279100
2026-07-31,2.976825475692749,3.059999942779541,3.0999999046325684,3.0199999809265137,3.0199999809265137,556010400
2026-08-03,3.0157382488250732,3.0999999046325684,3.119999885559082,3.0399999618530273,3.0799999237060547,536406100
2026-08-04,2.996281862258911,3.0799999237060547,3.119999885559082,3.059999942779541,3.0999999046325684,381449700
2026-08-05,3.0157382488250732,3.0999999046325684,3.119999885559082,3.059999942779541,3.0999999046325684,346212600
2026-08-06,3.0741074085235596,3.1600000858306885,3.180000066757202,3.0999999046325684,3.0999999046325684,367463800
2026-08-07,3.0157382488250732,3.0999999046325684,3.1600000858306885,3.0999999046325684,3.140000104904175,201317800
2026-08-10,3.0157382488250732,3.0999999046325684,3.119999885559082,3.059999942779541,3.0999999046325684,248236900
2026-08-11,2.996281862258911,3.0799999237060547,3.119999885559082,3.0399999618530273,3.0799999237060547,304819800
2026-08-12,2.996281862258911,3.0799999237060547,3.0799999237060547,3.0799999237060547,3.0799999237060547,0
2026-08-13,2.976825475692749,3.059999942779541,3.0799999237060547,3.0,3.0799999237060547,512511200
2026-08-14,2.8989999294281006,2.9800000190734863,3.059999942779541,2.940000057220459,3.0399999618530273,820985700
2026-08-17,2.8795435428619385,2.9600000381469727,3.0,2.940000057220459,3.0,446437500
2026-08-18,2.8211746215820312,2.9000000953674316,2.9800000190734863,2.859999895095825,2.9600000381469727,859996800
2026-08-19,2.7238926887512207,2.799999952316284,2.8399999141693115,2.740000009536743,2.799999952316284,1358070204
2026-08-20,2.762805223464966,2.8399999141693115,2.9000000953674316,2.799999952316284,2.819999933242798,2062079500
2026-08-21,2.8406310081481934,2.9200000762939453,2.940000057220459,2.859999895095825,2.9000000953674316,1177848100
2026-08-24,2.8211746215820312,2.9000000953674316,2.9200000762939453,2.8399999141693115,2.9000000953674316,1346808200
2026-08-25,2.8211746215820312,2.9000000953674316,2.9000000953674316,2.8399999141693115,2.880000114440918,1218520800
2026-08-26,2.8406310081481934,2.9200000762939453,2.9600000381469727,2.9000000953674316,2.9200000762939453,919488500
2026-08-27,2.8211746215820312,2.9000000953674316,2.940000057220459,2.9000000953674316,2.9200000762939453,830299400
