Date,Price,Open,High,Low,Vol. ('000),Change %
08/26/2016,198.0,195.0,199.0,195.0,6790.0,1.54%
08/29/2016,197.5,198.5,198.5,196.0,5830.0,-0.25%
08/30/2016,198.0,198.5,198.5,197.0,5260.0,0.25%
08/31/2016,197.5,197.5,198.5,196.5,6000.0,-0.25%
09/01/2016,199.0,199.0,199.5,197.5,13020.0,0.76%
09/02/2016,193.0,198.5,199.0,192.5,15140.0,-3.02%
09/05/2016,189.0,194.5,195.0,188.0,11940.0,-2.07%
09/06/2016,189.0,188.5,190.5,188.0,6620.0,0.00%
09/07/2016,190.0,190.0,192.5,189.0,10310.0,0.53%
09/08/2016,188.0,190.5,191.0,187.0,13140.0,-1.05%
09/09/2016,185.5,188.0,188.5,184.5,9240.0,-1.33%
09/12/2016,180.0,183.5,186.5,180.0,14710.0,-2.96%
09/13/2016,186.0,183.5,187.5,182.5,14600.0,3.33%
09/14/2016,189.0,185.5,189.0,185.0,9440.0,1.61%
09/15/2016,188.0,190.0,190.0,187.0,7900.0,-0.53%
09/16/2016,187.5,189.5,189.5,186.0,27450.0,-0.27%
09/19/2016,188.0,189.0,190.0,186.5,6230.0,0.27%
09/20/2016,185.5,186.5,186.5,185.0,5870.0,-1.33%
09/21/2016,188.5,186.0,190.0,186.0,7580.0,1.62%
09/22/2016,191.0,191.5,192.0,190.5,9430.0,1.33%
09/23/2016,187.5,191.0,191.0,186.5,6790.0,-1.83%
09/26/2016,189.0,185.5,189.5,185.5,5600.0,0.80%
09/27/2016,188.0,190.0,190.0,187.5,5520.0,-0.53%
09/28/2016,186.5,187.5,188.0,185.5,4510.0,-0.80%
09/29/2016,189.0,188.0,190.0,187.5,6940.0,1.34%
09/30/2016,187.5,187.0,189.0,186.5,5620.0,-0.79%
10/03/2016,188.0,190.0,190.0,187.5,4810.0,0.27%
10/04/2016,195.0,189.0,197.0,188.5,16700.0,3.72%
10/05/2016,193.0,195.0,195.0,192.5,10160.0,-1.03%
10/06/2016,194.0,194.0,196.0,193.0,7150.0,0.52%
10/07/2016,192.0,193.5,193.5,191.0,5390.0,-1.03%
10/10/2016,185.5,186.5,189.0,184.0,12460.0,-3.39%
10/11/2016,185.0,186.5,187.5,182.5,9940.0,-0.27%
10/12/2016,182.0,183.0,183.0,169.0,26860.0,-1.62%
10/13/2016,187.0,180.0,187.0,177.0,20120.0,2.75%
10/14/2016,189.5,195.0,196.0,187.0,31420.0,1.34%
10/17/2016,179.5,181.0,182.0,178.5,42670.0,-5.28%
10/18/2016,176.0,179.5,179.5,176.0,20320.0,-1.95%
10/19/2016,176.5,175.0,177.5,175.0,21460.0,0.28%
10/20/2016,178.5,177.0,179.5,176.0,15270.0,1.13%
10/21/2016,176.5,178.0,178.5,176.5,8830.0,-1.12%
10/25/2016,175.0,176.5,177.0,173.5,13770.0,-0.85%
10/26/2016,172.0,174.5,175.0,172.0,11700.0,-1.71%
10/27/2016,173.0,172.0,174.0,171.5,10890.0,0.58%
10/28/2016,172.0,173.0,173.5,171.0,7210.0,-0.58%
10/31/2016,172.0,172.0,173.5,171.5,8450.0,0.00%
11/01/2016,170.5,172.5,173.0,170.0,11330.0,-0.87%
11/02/2016,170.0,170.0,170.5,169.0,10810.0,-0.29%
11/03/2016,167.0,169.5,170.0,167.0,9740.0,-1.76%
11/04/2016,166.5,166.0,167.5,165.5,10120.0,-0.30%
11/07/2016,170.0,168.0,171.0,168.0,12620.0,2.10%
11/08/2016,171.5,170.5,171.5,169.0,10630.0,0.88%
11/09/2016,170.5,169.0,170.5,167.5,13720.0,-0.58%
11/10/2016,172.0,171.5,174.0,171.0,10260.0,0.88%
11/11/2016,169.5,170.0,170.0,168.5,7880.0,-1.45%
11/14/2016,168.0,167.0,168.0,165.5,7920.0,-0.88%
11/15/2016,168.0,168.0,169.0,166.0,7850.0,0.00%
11/16/2016,166.5,168.0,168.5,166.5,5990.0,-0.89%
11/17/2016,170.0,167.0,170.0,167.0,6320.0,2.10%
11/18/2016,170.0,169.5,171.5,169.0,7110.0,0.00%
11/21/2016,170.0,170.0,171.0,169.5,3030.0,0.00%
11/22/2016,170.0,171.0,171.5,170.0,2040.0,0.00%
11/23/2016,171.5,171.0,172.0,170.5,3700.0,0.88%
11/24/2016,169.5,170.5,171.0,169.5,3630.0,-1.17%
11/25/2016,171.5,170.5,171.5,169.5,3040.0,1.18%
11/28/2016,170.5,171.0,171.5,170.0,2550.0,-0.58%
11/29/2016,169.0,171.5,172.0,169.0,5290.0,-0.88%
11/30/2016,169.5,168.5,171.5,168.5,4730.0,0.30%
12/01/2016,170.0,171.0,171.0,169.5,6530.0,0.29%
12/02/2016,170.0,169.5,170.0,169.0,3480.0,0.00%
12/06/2016,169.0,169.0,170.0,167.5,4540.0,-0.59%
12/07/2016,171.0,168.5,171.5,168.5,6190.0,1.18%
12/08/2016,174.0,172.0,175.0,172.0,10730.0,1.75%
12/09/2016,174.0,175.5,175.5,173.5,5850.0,0.00%
12/13/2016,173.0,173.0,173.5,171.5,7950.0,-0.57%
12/14/2016,171.0,172.0,172.5,170.0,5300.0,-1.16%
12/15/2016,170.0,169.5,171.0,169.5,7820.0,-0.58%
12/16/2016,170.0,170.5,172.5,170.0,3280.0,0.00%
12/19/2016,171.0,169.0,171.0,169.0,7090.0,0.59%
12/20/2016,171.0,170.5,172.0,170.0,3260.0,0.00%
12/21/2016,171.0,171.5,172.0,170.5,2790.0,0.00%
12/22/2016,172.0,171.0,172.0,170.5,2830.0,0.58%
12/23/2016,173.0,172.5,174.0,171.5,4700.0,0.58%
12/26/2016,174.0,173.5,174.5,173.5,2830.0,0.58%
12/27/2016,175.0,174.0,175.5,173.5,3560.0,0.57%
12/28/2016,174.5,175.0,175.5,174.0,1980.0,-0.29%
12/29/2016,176.0,174.5,177.0,174.0,5560.0,0.86%
12/30/2016,177.5,177.0,177.5,176.0,6350.0,0.85%
01/04/2017,182.0,180.0,182.0,179.5,14900.0,2.54%
01/05/2017,183.5,182.0,183.5,181.5,9020.0,0.82%
01/06/2017,183.0,183.0,184.5,182.0,7050.0,-0.27%
01/09/2017,186.0,184.0,186.0,183.0,10700.0,1.64%
01/10/2017,189.0,186.5,190.5,186.0,11800.0,1.61%
01/11/2017,190.5,190.5,191.0,188.5,7540.0,0.79%
01/12/2017,188.5,190.5,191.0,188.0,7200.0,-1.05%
01/13/2017,187.5,189.0,189.0,186.5,4790.0,-0.53%
01/16/2017,185.5,186.5,187.5,184.0,5010.0,-1.07%
01/17/2017,185.0,185.0,187.0,185.0,3500.0,-0.27%
01/18/2017,185.0,187.0,188.0,185.0,4250.0,0.00%
01/19/2017,182.0,184.0,184.0,181.5,6410.0,-1.62%
01/20/2017,184.0,181.5,187.5,181.0,6360.0,1.10%
01/23/2017,186.0,184.5,186.0,184.0,5520.0,1.09%
01/24/2017,187.0,186.0,188.5,186.0,4490.0,0.54%
01/25/2017,191.0,188.0,191.0,188.0,7750.0,2.14%
01/26/2017,190.0,193.0,193.5,189.0,8040.0,-0.52%
01/27/2017,187.5,189.0,189.5,187.0,4990.0,-1.32%
01/30/2017,189.0,187.0,189.0,186.5,1730.0,0.80%
01/31/2017,188.5,188.5,188.5,187.0,4290.0,-0.26%
02/01/2017,191.0,187.0,191.5,187.0,7890.0,1.33%
02/02/2017,189.5,191.5,191.5,189.0,3890.0,-0.79%
02/03/2017,191.0,189.5,192.0,189.0,4910.0,0.79%
02/06/2017,195.5,192.0,196.0,191.5,9430.0,2.36%
02/07/2017,195.5,195.0,196.0,194.5,5610.0,0.00%
02/08/2017,195.5,195.0,196.5,194.5,5140.0,0.00%
02/09/2017,198.5,195.5,199.0,195.5,7160.0,1.53%
02/10/2017,198.0,199.5,201.0,196.5,12730.0,-0.25%
02/14/2017,194.5,199.5,199.5,194.0,5910.0,-1.77%
02/15/2017,193.0,193.5,195.0,191.0,6950.0,-0.77%
02/16/2017,195.0,193.0,196.5,191.5,5710.0,1.04%
02/17/2017,197.5,195.5,197.5,195.5,2250.0,1.28%
02/20/2017,197.0,197.5,197.5,194.0,2780.0,-0.25%
02/21/2017,193.0,196.5,197.0,191.5,7880.0,-2.03%
02/22/2017,193.0,193.0,194.5,191.0,6210.0,0.00%
02/23/2017,190.5,192.0,193.0,190.0,7760.0,-1.30%
02/24/2017,189.5,190.5,191.0,189.5,4600.0,-0.52%
02/27/2017,187.5,189.0,189.5,187.5,5640.0,-1.06%
02/28/2017,191.5,189.0,191.5,188.5,3660.0,2.13%
03/01/2017,195.0,192.5,195.0,192.0,4290.0,1.83%
03/02/2017,196.0,195.5,196.5,195.0,5800.0,0.51%
03/03/2017,195.0,196.0,196.0,194.0,2160.0,-0.51%
03/06/2017,192.0,194.0,194.5,191.5,3060.0,-1.54%
03/07/2017,192.0,192.0,193.0,191.0,2550.0,0.00%
03/08/2017,192.0,191.0,192.5,189.0,5130.0,0.00%
03/09/2017,190.0,191.5,191.5,189.5,4520.0,-1.04%
03/10/2017,190.0,190.0,192.0,189.0,4390.0,0.00%
03/13/2017,189.0,189.5,190.0,188.0,4860.0,-0.53%
03/14/2017,190.0,190.0,191.5,189.5,6980.0,0.53%
03/15/2017,189.5,189.5,190.5,189.0,2980.0,-0.26%
03/16/2017,192.5,190.5,193.5,190.0,8960.0,1.58%
03/17/2017,193.0,193.0,193.5,192.0,4320.0,0.26%
03/20/2017,192.0,193.5,194.5,191.5,6730.0,-0.52%
03/21/2017,193.0,192.0,193.0,191.5,3980.0,0.52%
03/22/2017,190.5,191.0,192.0,190.5,4980.0,-1.30%
03/23/2017,191.0,191.5,192.5,191.0,3630.0,0.26%
03/24/2017,191.0,191.0,191.5,190.0,3190.0,0.00%
03/27/2017,191.0,191.0,192.0,191.0,4240.0,0.00%
03/28/2017,192.0,192.0,193.5,191.0,5760.0,0.52%
03/29/2017,192.5,192.5,193.0,192.0,4060.0,0.26%
03/30/2017,191.0,193.0,193.0,191.0,6820.0,-0.78%
03/31/2017,189.0,192.0,192.0,189.0,7720.0,-1.05%
04/03/2017,190.5,189.5,191.0,189.0,2600.0,0.79%
04/04/2017,192.5,190.5,193.0,190.5,3050.0,1.05%
04/05/2017,193.5,192.5,193.5,192.0,3430.0,0.52%
04/07/2017,193.5,191.0,193.5,190.5,5300.0,0.00%
04/10/2017,193.5,193.5,193.5,192.0,1920.0,0.00%
04/11/2017,195.5,193.5,197.0,193.0,6910.0,1.03%
04/12/2017,195.0,196.0,197.0,195.0,3290.0,-0.26%
04/17/2017,193.5,194.5,195.0,193.0,1440.0,-0.77%
04/18/2017,192.5,194.0,195.5,192.0,3940.0,-0.52%
04/19/2017,186.0,192.0,193.0,186.0,8850.0,-3.38%
04/20/2017,188.5,187.0,190.0,186.0,8360.0,1.34%
04/21/2017,189.0,189.0,190.0,188.5,4060.0,0.27%
04/24/2017,185.5,189.0,189.5,184.5,8450.0,-1.85%
04/25/2017,185.0,186.0,186.5,184.0,9010.0,-0.27%
04/26/2017,185.0,185.5,186.0,184.0,8090.0,0.00%
04/27/2017,183.5,184.5,185.5,183.5,3990.0,-0.81%
04/28/2017,185.0,184.5,185.5,184.0,5640.0,0.82%
05/02/2017,187.0,186.0,189.0,185.0,8270.0,1.08%
05/03/2017,189.0,187.5,189.5,187.0,3260.0,1.07%
05/04/2017,193.0,190.0,193.0,190.0,8480.0,2.12%
05/05/2017,192.0,191.5,193.0,191.0,4080.0,-0.52%
05/08/2017,192.5,192.5,193.5,191.5,4050.0,0.26%
05/09/2017,193.0,193.0,194.0,191.0,3280.0,0.26%
05/11/2017,189.5,191.0,191.0,188.5,9320.0,-1.81%
05/12/2017,189.5,189.0,189.5,187.0,8400.0,0.00%
05/15/2017,185.0,189.5,190.0,184.5,8240.0,-2.37%
05/16/2017,182.5,184.0,184.0,182.5,14500.0,-1.35%
05/17/2017,185.0,182.5,186.0,182.5,6610.0,1.37%
05/18/2017,185.0,184.0,185.5,184.0,3130.0,0.00%
05/19/2017,187.0,185.0,188.0,185.0,5710.0,1.08%
05/22/2017,190.5,188.0,191.0,187.5,6900.0,1.87%
05/23/2017,191.5,190.5,191.5,189.0,4390.0,0.52%
05/24/2017,190.5,191.5,191.5,189.5,5030.0,-0.52%
05/25/2017,190.0,192.0,192.0,190.0,3430.0,-0.26%
05/26/2017,190.0,190.5,191.0,189.0,2850.0,0.00%
05/29/2017,190.5,190.0,191.0,190.0,1280.0,0.26%
05/30/2017,190.5,190.5,191.5,190.5,1070.0,0.00%
05/31/2017,187.5,190.5,191.0,187.5,3640.0,-1.57%
06/01/2017,190.0,187.5,190.0,187.5,2540.0,1.33%
06/02/2017,189.0,191.0,191.0,188.5,2900.0,-0.53%
06/05/2017,190.5,189.5,190.5,189.0,2880.0,0.79%
06/06/2017,189.5,190.0,190.5,188.5,1260.0,-0.52%
06/07/2017,188.0,189.5,190.0,187.5,3920.0,-0.79%
06/08/2017,188.0,188.5,189.5,187.5,4880.0,0.00%
06/09/2017,189.0,188.0,190.5,187.5,5440.0,0.53%
06/12/2017,190.0,189.0,190.5,189.0,2050.0,0.53%
06/13/2017,191.5,191.0,191.5,190.0,2860.0,0.79%
06/14/2017,192.0,191.5,192.0,190.5,2330.0,0.26%
06/15/2017,189.5,190.5,191.5,189.0,4190.0,-1.30%
06/16/2017,192.0,190.5,192.0,189.5,3690.0,1.32%
06/19/2017,192.0,192.0,192.5,191.5,1970.0,0.00%
06/20/2017,192.0,192.5,193.0,192.0,5710.0,0.00%
06/21/2017,193.5,192.0,194.5,191.5,4760.0,0.78%
06/22/2017,192.5,192.0,194.0,192.0,3420.0,-0.52%
06/23/2017,193.0,192.0,194.0,192.0,9010.0,0.26%
06/26/2017,194.0,193.5,195.0,193.0,3290.0,0.52%
06/27/2017,195.5,194.0,195.5,193.5,4030.0,0.77%
06/28/2017,198.0,195.0,198.0,194.5,12150.0,1.28%
06/29/2017,199.0,198.5,200.0,198.5,12430.0,0.51%
06/30/2017,198.5,199.0,199.5,197.5,7130.0,-0.25%
07/03/2017,197.0,198.5,199.0,196.5,3760.0,-0.76%
07/04/2017,199.0,198.0,199.5,197.0,3830.0,1.02%
07/05/2017,199.0,198.5,199.5,197.0,3090.0,0.00%
07/06/2017,198.0,198.0,199.5,197.5,3770.0,-0.50%
07/07/2017,196.0,197.0,197.5,195.5,3200.0,-1.01%
07/11/2017,199.0,198.0,199.5,197.5,4480.0,1.53%
07/12/2017,203.0,200.0,205.0,200.0,12270.0,2.01%
07/13/2017,203.0,205.0,207.0,202.0,9350.0,0.00%
07/14/2017,202.0,204.0,204.0,201.0,5220.0,-0.49%
07/17/2017,200.0,202.0,203.0,199.5,4870.0,-0.99%
07/18/2017,197.5,201.0,201.0,197.5,6300.0,-1.25%
07/19/2017,198.5,198.0,199.0,197.0,3270.0,0.51%
07/20/2017,195.5,197.0,197.0,195.0,7990.0,-1.51%
07/21/2017,197.0,196.5,198.5,195.5,6330.0,0.77%
07/24/2017,198.5,196.5,198.5,196.0,3620.0,0.76%
07/25/2017,197.5,199.0,199.5,197.0,3060.0,-0.50%
07/26/2017,198.5,198.5,199.0,196.5,3570.0,0.51%
07/27/2017,197.5,199.0,199.5,196.5,3050.0,-0.50%
07/31/2017,192.5,197.5,198.0,191.0,10910.0,-2.53%
08/01/2017,190.0,190.0,190.5,188.5,11960.0,-1.30%
08/02/2017,190.0,190.0,191.5,188.0,9450.0,0.00%
08/03/2017,188.5,189.5,191.0,188.5,6120.0,-0.79%
08/04/2017,188.5,189.0,189.5,188.0,3630.0,0.00%
08/07/2017,189.0,188.0,189.0,186.0,4170.0,0.27%
08/08/2017,193.5,190.0,194.0,189.5,6200.0,2.38%
08/09/2017,193.5,192.5,193.5,191.5,3070.0,0.00%
08/10/2017,194.0,193.5,194.0,191.5,3490.0,0.26%
08/11/2017,193.5,193.0,193.5,191.5,4520.0,-0.26%
08/15/2017,192.5,194.5,195.0,192.5,2720.0,-0.52%
08/16/2017,191.0,192.0,192.0,189.5,4250.0,-0.78%
08/17/2017,190.0,191.5,192.0,190.0,2510.0,-0.52%
08/18/2017,191.0,189.5,191.5,189.5,2130.0,0.53%
08/21/2017,191.0,191.0,192.0,190.0,3690.0,0.00%
08/22/2017,194.5,192.0,195.0,191.5,5840.0,1.83%
08/23/2017,197.5,195.0,197.5,194.0,6480.0,1.54%
08/24/2017,196.5,197.5,197.5,195.5,3320.0,-0.51%
08/25/2017,197.5,195.5,199.0,195.5,7290.0,0.51%
08/28/2017,200.0,198.5,201.0,196.0,9180.0,1.27%
08/29/2017,203.0,199.0,204.0,198.0,13570.0,1.50%
08/30/2017,205.0,203.0,205.0,202.0,6180.0,0.99%
08/31/2017,201.0,204.0,205.0,200.0,6890.0,-1.95%
09/01/2017,204.0,203.0,206.0,202.0,6550.0,1.49%
09/04/2017,204.0,203.0,204.0,201.0,5510.0,0.00%
09/05/2017,202.0,204.0,204.0,201.0,3820.0,-0.98%
09/06/2017,201.0,201.0,202.0,199.0,5800.0,-0.50%
09/07/2017,205.0,201.0,205.0,200.0,6590.0,1.99%
09/08/2017,208.0,205.0,212.0,205.0,12330.0,1.46%
09/11/2017,213.0,209.0,215.0,209.0,11470.0,2.40%
09/12/2017,211.0,213.0,214.0,209.0,4850.0,-0.94%
09/13/2017,211.0,212.0,214.0,210.0,6590.0,0.00%
09/14/2017,218.0,210.0,218.0,210.0,10460.0,3.32%
09/15/2017,214.0,215.0,216.0,212.0,15420.0,-1.83%
09/18/2017,216.0,214.0,217.0,213.0,7820.0,0.93%
09/19/2017,216.0,215.0,216.0,213.0,4140.0,0.00%
09/20/2017,213.0,214.0,216.0,211.0,7200.0,-1.39%
09/21/2017,210.0,212.0,213.0,209.0,5760.0,-1.41%
09/22/2017,206.0,208.0,210.0,206.0,10400.0,-1.90%
09/25/2017,209.0,207.0,209.0,205.0,5490.0,1.46%
09/26/2017,208.0,209.0,211.0,207.0,5520.0,-0.48%
09/27/2017,209.0,209.0,211.0,207.0,5770.0,0.48%
09/28/2017,206.0,210.0,210.0,205.0,5620.0,-1.44%
09/29/2017,207.0,206.0,209.0,205.0,3640.0,0.49%
10/02/2017,208.0,208.0,210.0,206.0,7170.0,0.48%
10/03/2017,207.0,209.0,210.0,207.0,3360.0,-0.48%
10/04/2017,207.0,209.0,209.0,207.0,2430.0,0.00%
10/05/2017,208.0,207.0,209.0,206.0,5120.0,0.48%
10/06/2017,207.0,209.0,210.0,206.0,4090.0,-0.48%
10/09/2017,207.0,207.0,208.0,206.0,1100.0,0.00%
10/10/2017,212.0,207.0,213.0,206.0,8650.0,2.42%
10/11/2017,217.0,214.0,217.0,212.0,9640.0,2.36%
10/12/2017,216.0,217.0,218.0,214.0,6350.0,-0.46%
10/16/2017,217.0,216.0,217.0,214.0,4260.0,0.46%
10/17/2017,217.0,217.0,218.0,215.0,4030.0,0.00%
10/18/2017,215.0,217.0,218.0,214.0,4800.0,-0.92%
10/19/2017,212.0,216.0,216.0,211.0,6340.0,-1.40%
10/20/2017,213.0,208.0,213.0,207.0,9520.0,0.47%
10/24/2017,210.0,211.0,214.0,210.0,4750.0,-1.41%
10/25/2017,212.0,211.0,213.0,209.0,4200.0,0.95%
10/27/2017,213.0,214.0,215.0,212.0,5390.0,0.47%
10/30/2017,220.0,213.0,220.0,210.0,10690.0,3.29%
10/31/2017,220.0,222.0,224.0,219.0,8880.0,0.00%
11/01/2017,224.0,222.0,226.0,221.0,8190.0,1.82%
11/02/2017,223.0,223.0,225.0,221.0,5120.0,-0.45%
11/03/2017,223.0,223.0,225.0,222.0,3220.0,0.00%
11/06/2017,220.0,223.0,224.0,218.0,4130.0,-1.35%
11/07/2017,220.0,221.0,221.0,218.0,3330.0,0.00%
11/08/2017,222.0,220.0,223.0,220.0,3470.0,0.91%
11/09/2017,220.0,223.0,224.0,220.0,3040.0,-0.90%
11/10/2017,217.0,218.0,220.0,217.0,3370.0,-1.36%
11/13/2017,217.0,216.0,219.0,215.0,3410.0,0.00%
11/14/2017,224.0,218.0,224.0,217.0,4850.0,3.23%
11/15/2017,220.0,223.0,223.0,220.0,3880.0,-1.79%
11/16/2017,221.0,220.0,223.0,220.0,3440.0,0.45%
11/17/2017,224.0,223.0,225.0,222.0,5720.0,1.36%
11/20/2017,223.0,225.0,226.0,223.0,2390.0,-0.45%
11/21/2017,223.0,224.0,225.0,221.0,5660.0,0.00%
11/22/2017,224.0,224.0,226.0,223.0,5620.0,0.45%
11/23/2017,223.0,224.0,226.0,223.0,3110.0,-0.45%
11/24/2017,222.0,223.0,224.0,221.0,3720.0,-0.45%
11/27/2017,221.0,222.0,223.0,219.0,3640.0,-0.45%
11/28/2017,222.0,221.0,222.0,220.0,1790.0,0.45%
11/29/2017,229.0,224.0,229.0,223.0,13740.0,3.15%
11/30/2017,227.0,228.0,231.0,225.0,12180.0,-0.87%
12/01/2017,223.0,227.0,228.0,223.0,5890.0,-1.76%
12/04/2017,225.0,225.0,229.0,224.0,6250.0,0.90%
12/06/2017,229.0,225.0,230.0,224.0,5590.0,1.78%
12/07/2017,230.0,229.0,231.0,227.0,4030.0,0.44%
12/08/2017,228.0,231.0,231.0,228.0,4460.0,-0.87%
12/12/2017,226.0,229.0,230.0,226.0,5800.0,-0.88%
12/13/2017,224.0,226.0,226.0,224.0,6010.0,-0.88%
12/14/2017,228.0,226.0,229.0,225.0,5740.0,1.79%
12/15/2017,230.0,228.0,230.0,227.0,4660.0,0.88%
12/18/2017,230.0,229.0,231.0,228.0,3390.0,0.00%
12/19/2017,231.0,231.0,235.0,230.0,8430.0,0.43%
12/20/2017,234.0,231.0,234.0,229.0,4470.0,1.30%
12/21/2017,233.0,235.0,235.0,231.0,3870.0,-0.43%
12/22/2017,233.0,234.0,234.0,231.0,4010.0,0.00%
12/25/2017,234.0,233.0,236.0,233.0,2510.0,0.43%
12/26/2017,235.0,234.0,237.0,234.0,3860.0,0.43%
12/27/2017,235.0,235.0,236.0,233.0,2260.0,0.00%
12/28/2017,233.0,234.0,235.0,231.0,3940.0,-0.85%
12/29/2017,232.0,235.0,236.0,232.0,6120.0,-0.43%
01/03/2018,237.0,234.0,237.0,233.0,6820.0,2.16%
01/04/2018,242.0,239.0,244.0,238.0,8120.0,2.11%
01/05/2018,241.0,242.0,244.0,240.0,6620.0,-0.41%
01/08/2018,241.0,243.0,245.0,241.0,8450.0,0.00%
01/09/2018,235.0,240.0,240.0,234.0,13250.0,-2.49%
01/10/2018,233.0,235.0,236.0,232.0,7990.0,-0.85%
01/11/2018,233.0,233.0,233.0,230.0,9910.0,0.00%
01/12/2018,238.0,233.0,239.0,233.0,7720.0,2.15%
01/15/2018,234.0,239.0,240.0,233.0,8600.0,-1.68%
01/16/2018,234.0,236.0,236.0,233.0,4320.0,0.00%
01/17/2018,232.0,233.0,234.0,231.0,6950.0,-0.85%
01/18/2018,227.0,232.0,233.0,226.0,13080.0,-2.16%
01/19/2018,227.0,222.0,227.0,218.0,22470.0,0.00%
01/22/2018,221.0,223.0,223.0,220.0,19840.0,-2.64%
01/23/2018,227.0,222.0,227.0,222.0,15030.0,2.71%
01/24/2018,226.0,227.0,228.0,225.0,10310.0,-0.44%
01/25/2018,226.0,227.0,231.0,226.0,9370.0,0.00%
01/26/2018,229.0,226.0,230.0,226.0,7090.0,1.33%
01/29/2018,232.0,231.0,234.0,229.0,12040.0,1.31%
01/30/2018,234.0,233.0,234.0,231.0,8580.0,0.86%
01/31/2018,230.0,233.0,234.0,230.0,9370.0,-1.71%
02/01/2018,229.0,232.0,232.0,229.0,4820.0,-0.43%
02/02/2018,230.0,230.0,232.0,228.0,5110.0,0.44%
02/05/2018,229.0,227.0,229.0,226.0,7560.0,-0.43%
02/06/2018,228.0,227.0,229.0,224.0,11510.0,-0.44%
02/07/2018,227.0,229.0,230.0,225.0,4940.0,-0.44%
02/08/2018,223.0,227.0,227.0,223.0,6500.0,-1.76%
02/09/2018,224.0,220.0,225.0,220.0,7680.0,0.45%
02/12/2018,225.0,224.0,226.0,222.0,3950.0,0.45%
02/13/2018,225.0,225.0,226.0,223.0,5100.0,0.00%
02/14/2018,224.0,225.0,225.0,224.0,1200.0,-0.44%
02/15/2018,228.0,227.0,228.0,225.0,4210.0,1.79%
02/16/2018,228.0,228.0,230.0,228.0,2890.0,0.00%
02/19/2018,228.0,228.0,230.0,227.0,1260.0,0.00%
02/20/2018,227.0,228.0,228.0,226.0,1650.0,-0.44%
02/21/2018,228.0,227.0,228.0,226.0,2870.0,0.44%
02/22/2018,225.0,228.0,229.0,223.0,4970.0,-1.32%
02/23/2018,226.0,225.0,227.0,223.0,3220.0,0.44%
02/26/2018,230.0,226.0,230.0,225.0,4380.0,1.77%
02/27/2018,233.0,230.0,235.0,229.0,9600.0,1.30%
02/28/2018,232.0,232.0,235.0,232.0,5410.0,-0.43%
03/02/2018,230.0,230.0,232.0,228.0,4420.0,-0.86%
03/05/2018,228.0,230.0,232.0,226.0,3980.0,-0.87%
03/06/2018,228.0,229.0,231.0,227.0,3480.0,0.00%
03/07/2018,227.0,226.0,229.0,226.0,3920.0,-0.44%
03/08/2018,228.0,227.0,231.0,227.0,5060.0,0.44%
03/09/2018,230.0,229.0,230.0,228.0,2660.0,0.88%
03/12/2018,232.0,232.0,233.0,230.0,4520.0,0.87%
03/13/2018,228.0,233.0,233.0,226.0,8120.0,-1.72%
03/14/2018,225.0,227.0,228.0,225.0,5370.0,-1.32%
03/15/2018,224.0,225.0,226.0,222.0,5670.0,-0.44%
03/16/2018,223.0,223.0,225.0,222.0,9580.0,-0.45%
03/19/2018,223.0,223.0,224.0,222.0,2670.0,0.00%
03/20/2018,225.0,223.0,225.0,222.0,2960.0,0.90%
03/21/2018,222.0,226.0,226.0,220.0,5910.0,-1.33%
03/22/2018,220.0,223.0,223.0,218.0,8690.0,-0.90%
03/23/2018,221.0,217.0,221.0,217.0,4980.0,0.45%
03/26/2018,222.0,220.0,222.0,219.0,2680.0,0.45%
03/27/2018,222.0,221.0,224.0,220.0,4960.0,0.00%
03/28/2018,213.0,220.0,221.0,212.0,17820.0,-4.05%
03/29/2018,212.0,213.0,216.0,211.0,12190.0,-0.47%
03/30/2018,212.0,212.0,214.0,211.0,4590.0,0.00%
04/02/2018,214.0,214.0,215.0,213.0,5550.0,0.94%
04/03/2018,212.0,212.0,214.0,211.0,4020.0,-0.93%
04/04/2018,195.5,213.0,213.0,195.5,24520.0,-7.78%
04/05/2018,192.0,197.5,198.5,192.0,21400.0,-1.79%
04/09/2018,193.0,192.5,195.0,192.5,11320.0,0.52%
04/10/2018,197.0,194.0,198.5,193.5,8090.0,2.07%
04/11/2018,201.0,196.0,201.0,195.0,9090.0,2.03%
04/12/2018,200.0,201.0,203.0,198.0,4940.0,-0.50%
04/17/2018,199.5,201.0,201.0,198.0,4900.0,-0.25%
04/18/2018,202.0,200.0,202.0,199.0,5170.0,1.25%
04/19/2018,197.5,201.0,201.0,197.0,10020.0,-2.23%
04/20/2018,197.5,199.0,201.0,197.0,11000.0,0.00%
04/23/2018,196.5,198.0,198.0,195.5,7530.0,-0.51%
04/24/2018,194.5,195.5,196.5,193.5,10810.0,-1.02%
04/25/2018,190.0,193.5,193.5,188.5,18510.0,-2.31%
04/26/2018,193.5,190.0,194.5,190.0,8600.0,1.84%
04/27/2018,195.0,194.5,195.0,192.5,5270.0,0.78%
04/30/2018,195.5,195.0,196.0,194.0,3810.0,0.26%
05/02/2018,195.5,195.5,196.0,194.0,5790.0,0.00%
05/03/2018,191.0,194.5,195.0,191.0,7270.0,-2.30%
05/04/2018,189.0,190.0,191.0,189.0,9420.0,-1.05%
05/07/2018,192.5,189.5,192.5,189.5,2550.0,1.85%
05/08/2018,194.5,194.5,195.5,193.0,7610.0,1.04%
05/09/2018,190.5,194.5,194.5,190.0,5860.0,-2.06%
05/10/2018,192.0,190.5,193.0,189.5,3690.0,0.79%
05/11/2018,195.0,192.0,195.0,192.0,3880.0,1.56%
05/14/2018,195.0,195.5,195.5,194.0,5120.0,0.00%
05/15/2018,194.0,194.5,195.0,193.5,2620.0,-0.51%
05/16/2018,192.5,192.0,194.0,192.0,3650.0,-0.77%
05/17/2018,189.0,192.0,192.0,189.0,5950.0,-1.82%
05/18/2018,188.5,188.0,188.5,187.0,6160.0,-0.26%
05/21/2018,193.0,189.0,193.0,189.0,5470.0,2.39%
05/22/2018,195.0,193.5,196.0,193.0,10260.0,1.04%
05/23/2018,194.5,194.5,195.0,193.5,4380.0,-0.26%
05/24/2018,191.5,194.0,195.0,191.0,5970.0,-1.54%
05/25/2018,192.0,192.0,193.0,190.0,5850.0,0.26%
05/28/2018,195.5,192.0,195.5,192.0,6800.0,1.82%
05/30/2018,193.5,194.0,194.5,192.0,6540.0,-1.02%
05/31/2018,191.5,193.0,193.5,190.0,8770.0,-1.03%
06/01/2018,195.0,192.5,195.5,191.5,5570.0,1.83%
06/04/2018,196.5,195.0,197.0,194.5,12300.0,0.77%
06/05/2018,204.0,196.5,205.0,196.5,17800.0,3.82%
06/06/2018,203.0,204.0,206.0,201.0,7930.0,-0.49%
06/07/2018,199.5,204.0,206.0,199.5,8620.0,-1.72%
06/08/2018,194.5,200.0,200.0,194.5,15910.0,-2.51%
06/11/2018,197.5,195.0,199.0,195.0,6980.0,1.54%
06/12/2018,199.5,197.0,203.0,197.0,8570.0,1.01%
06/13/2018,200.0,198.5,201.0,197.5,6660.0,0.25%
06/14/2018,200.0,199.0,201.0,197.0,11850.0,0.00%
06/15/2018,199.5,199.0,202.0,198.0,11930.0,-0.25%
06/18/2018,199.5,199.0,201.0,198.5,4610.0,0.00%
06/19/2018,195.0,198.0,200.0,194.0,13520.0,-2.26%
06/20/2018,198.5,197.0,199.5,196.0,9270.0,1.79%
06/21/2018,194.0,198.0,198.0,194.0,7520.0,-2.27%
06/22/2018,193.0,194.0,195.5,190.5,11160.0,-0.52%
06/25/2018,190.0,192.5,193.5,190.0,6100.0,-1.55%
06/26/2018,193.0,189.0,194.0,188.5,6100.0,1.58%
06/27/2018,191.0,193.0,194.0,191.0,7950.0,-1.04%
06/28/2018,189.5,191.5,192.5,189.0,7710.0,-0.79%
06/29/2018,194.0,192.0,194.0,190.5,7730.0,2.37%
07/02/2018,193.0,195.0,195.0,190.0,6840.0,-0.52%
07/03/2018,194.5,193.5,195.0,192.5,5480.0,0.78%
07/04/2018,197.5,194.0,197.5,192.0,7260.0,1.54%
07/05/2018,194.5,197.0,197.5,194.0,2990.0,-1.52%
07/06/2018,197.0,193.5,198.0,193.0,7060.0,1.29%
07/09/2018,193.5,196.5,197.5,193.0,8670.0,-1.78%
07/10/2018,195.5,193.0,195.5,191.0,11830.0,1.03%
07/11/2018,195.0,193.5,195.0,193.0,3670.0,-0.26%
07/12/2018,195.0,195.0,196.0,194.0,3440.0,0.00%
07/13/2018,194.5,195.5,196.0,194.0,1860.0,-0.26%
07/16/2018,193.5,193.0,194.0,192.5,2100.0,-0.51%
07/17/2018,197.5,194.0,197.5,193.0,7260.0,2.07%
07/18/2018,199.5,199.0,200.0,196.5,8070.0,1.01%
07/19/2018,198.5,201.0,201.0,198.5,5410.0,-0.50%
07/20/2018,210.0,206.0,211.0,204.0,25040.0,5.79%
07/23/2018,213.0,210.0,213.0,208.0,8800.0,1.43%
07/24/2018,208.0,213.0,213.0,206.0,8600.0,-2.35%
07/25/2018,210.0,209.0,212.0,208.0,3980.0,0.96%
07/26/2018,215.0,216.0,216.0,213.0,7660.0,2.38%
07/31/2018,217.0,218.0,220.0,216.0,8660.0,0.93%
08/01/2018,217.0,217.0,218.0,213.0,8880.0,0.00%
08/02/2018,212.0,216.0,217.0,210.0,11090.0,-2.30%
08/03/2018,216.0,213.0,218.0,212.0,8690.0,1.89%
08/06/2018,217.0,218.0,220.0,216.0,6870.0,0.46%
08/07/2018,214.0,217.0,218.0,213.0,9830.0,-1.38%
08/08/2018,216.0,216.0,218.0,214.0,9710.0,0.93%
08/09/2018,217.0,216.0,219.0,216.0,6860.0,0.46%
08/10/2018,217.0,217.0,221.0,217.0,6530.0,0.00%
08/14/2018,215.0,215.0,216.0,212.0,5720.0,-0.92%
08/15/2018,213.0,214.0,215.0,213.0,3730.0,-0.93%
08/16/2018,212.0,214.0,215.0,212.0,6860.0,-0.47%
08/17/2018,215.0,214.0,216.0,213.0,4960.0,1.42%
08/20/2018,216.0,217.0,219.0,215.0,5880.0,0.47%
08/21/2018,216.0,217.0,218.0,215.0,4220.0,0.00%
08/22/2018,217.0,217.0,219.0,216.0,2860.0,0.46%
08/23/2018,217.0,218.0,219.0,216.0,2500.0,0.00%
08/24/2018,215.0,216.0,217.0,215.0,1680.0,-0.92%
08/27/2018,218.0,216.0,218.0,216.0,2770.0,1.40%
08/28/2018,215.0,219.0,219.0,215.0,3400.0,-1.38%
08/29/2018,215.0,215.0,216.0,213.0,5160.0,0.00%
08/30/2018,213.0,215.0,215.0,212.0,3920.0,-0.93%
08/31/2018,211.0,212.0,213.0,210.0,8630.0,-0.94%
09/03/2018,212.0,210.0,213.0,210.0,2380.0,0.47%
09/04/2018,212.0,212.0,213.0,210.0,2840.0,0.00%
09/05/2018,208.0,211.0,212.0,207.0,6410.0,-1.89%
09/06/2018,210.0,208.0,210.0,207.0,6310.0,0.96%
09/07/2018,208.0,208.0,209.0,207.0,3800.0,-0.95%
09/10/2018,208.0,207.0,209.0,205.0,2580.0,0.00%
09/11/2018,203.0,207.0,209.0,201.0,5960.0,-2.40%
09/12/2018,206.0,201.0,207.0,201.0,5400.0,1.48%
09/13/2018,214.0,210.0,216.0,209.0,11330.0,3.88%
09/14/2018,217.0,215.0,218.0,215.0,5870.0,1.40%
09/17/2018,212.0,215.0,216.0,211.0,4620.0,-2.30%
09/18/2018,216.0,213.0,218.0,210.0,10020.0,1.89%
09/19/2018,216.0,217.0,219.0,216.0,6680.0,0.00%
09/20/2018,214.0,217.0,217.0,213.0,4660.0,-0.93%
09/21/2018,217.0,215.0,217.0,214.0,4550.0,1.40%
09/24/2018,215.0,216.0,217.0,214.0,3110.0,-0.92%
09/25/2018,215.0,215.0,216.0,213.0,2020.0,0.00%
09/26/2018,213.0,215.0,216.0,213.0,3750.0,-0.93%
09/27/2018,214.0,213.0,215.0,212.0,5870.0,0.47%
09/28/2018,216.0,216.0,216.0,214.0,5710.0,0.93%
10/01/2018,215.0,217.0,217.0,214.0,5320.0,-0.46%
10/02/2018,213.0,214.0,216.0,213.0,3370.0,-0.93%
10/03/2018,213.0,214.0,215.0,213.0,2790.0,0.00%
10/04/2018,214.0,213.0,214.0,212.0,4700.0,0.47%
10/05/2018,211.0,213.0,215.0,210.0,4460.0,-1.40%
10/08/2018,209.0,210.0,212.0,209.0,6800.0,-0.95%
10/09/2018,210.0,209.0,213.0,209.0,4090.0,0.48%
10/10/2018,213.0,212.0,215.0,211.0,6660.0,1.43%
10/11/2018,209.0,210.0,212.0,208.0,7440.0,-1.88%
10/12/2018,209.0,209.0,211.0,208.0,5720.0,0.00%
10/16/2018,209.0,209.0,209.0,205.0,6260.0,0.00%
10/17/2018,207.0,210.0,211.0,207.0,5910.0,-0.96%
10/18/2018,206.0,208.0,208.0,206.0,3420.0,-0.48%
10/19/2018,202.0,205.0,206.0,202.0,9360.0,-1.94%
10/22/2018,207.0,202.0,208.0,202.0,4200.0,2.48%
10/24/2018,205.0,206.0,208.0,205.0,5120.0,-0.97%
10/25/2018,209.0,204.0,209.0,203.0,5380.0,1.95%
10/26/2018,206.0,208.0,209.0,205.0,3880.0,-1.44%
10/29/2018,199.5,204.0,205.0,197.5,14070.0,-3.16%
10/30/2018,196.5,199.5,200.0,196.0,11010.0,-1.50%
10/31/2018,199.5,197.5,199.5,196.5,10880.0,1.53%
11/01/2018,203.0,201.0,203.0,199.5,8080.0,1.75%
11/02/2018,204.0,205.0,207.0,203.0,9210.0,0.49%
11/05/2018,201.0,201.0,202.0,199.0,4880.0,-1.47%
11/06/2018,204.0,201.0,204.0,201.0,3510.0,1.49%
11/07/2018,206.0,205.0,206.0,203.0,4360.0,0.98%
11/08/2018,206.0,208.0,210.0,205.0,5030.0,0.00%
11/09/2018,207.0,206.0,207.0,205.0,2760.0,0.49%
11/12/2018,201.0,206.0,207.0,201.0,4600.0,-2.90%
11/13/2018,202.0,201.0,203.0,200.0,4830.0,0.50%
11/14/2018,200.0,200.0,201.0,199.0,5880.0,-0.99%
11/15/2018,199.0,200.0,201.0,198.5,4850.0,-0.50%
11/16/2018,198.5,199.0,199.0,197.0,5790.0,-0.25%
11/19/2018,196.5,198.0,198.0,196.0,5360.0,-1.01%
11/20/2018,192.0,195.5,195.5,190.5,13200.0,-2.29%
11/21/2018,193.5,191.0,194.5,190.5,10600.0,0.78%
11/22/2018,190.5,193.5,195.0,190.5,8070.0,-1.55%
11/23/2018,192.5,191.5,193.5,190.0,8700.0,1.05%
11/26/2018,193.5,193.0,194.0,192.5,9100.0,0.52%
11/27/2018,195.0,194.0,195.0,193.5,8820.0,0.78%
11/28/2018,191.5,195.0,195.5,191.5,9010.0,-1.79%
11/29/2018,192.0,193.0,193.0,191.5,5930.0,0.26%
11/30/2018,193.5,192.5,193.5,190.5,11490.0,0.78%
12/03/2018,196.5,197.0,198.0,196.5,13330.0,1.55%
12/04/2018,198.0,197.0,199.0,197.0,6430.0,0.76%
12/06/2018,193.5,195.5,196.0,193.0,7730.0,-2.27%
12/07/2018,192.5,193.5,193.5,191.5,8180.0,-0.52%
12/11/2018,191.0,191.5,192.0,190.0,8410.0,-0.78%
12/12/2018,190.0,192.0,192.5,189.5,8740.0,-0.52%
12/13/2018,188.0,192.0,192.0,188.0,9570.0,-1.05%
12/14/2018,185.0,187.5,189.0,183.5,11950.0,-1.60%
12/17/2018,185.0,185.0,186.5,183.0,5590.0,0.00%
12/18/2018,185.0,183.5,186.5,183.0,8170.0,0.00%
12/19/2018,188.5,185.0,189.0,185.0,11640.0,1.89%
12/20/2018,188.0,187.5,188.0,184.5,7680.0,-0.27%
12/21/2018,188.0,187.0,188.0,185.0,8030.0,0.00%
12/24/2018,185.5,186.5,188.0,185.5,3660.0,-1.33%
12/25/2018,182.5,184.0,184.5,182.0,4400.0,-1.62%
12/26/2018,183.0,182.5,183.5,182.5,3230.0,0.27%
12/27/2018,182.5,187.5,188.0,182.5,7560.0,-0.27%
12/28/2018,185.0,183.0,185.0,183.0,4600.0,1.37%
01/02/2019,185.0,185.0,186.0,184.0,4410.0,0.00%
01/03/2019,186.0,186.5,187.0,185.0,4600.0,0.54%
01/04/2019,186.0,185.5,186.0,183.5,8780.0,0.00%
01/07/2019,188.0,186.0,188.0,185.5,7170.0,1.08%
01/08/2019,186.5,187.5,188.0,186.0,4040.0,-0.80%
01/09/2019,186.0,187.0,188.0,186.0,6530.0,-0.27%
01/10/2019,180.0,186.5,187.0,178.5,16520.0,-3.23%
01/11/2019,181.5,181.5,182.5,180.5,6510.0,0.83%
01/14/2019,181.0,181.5,182.0,180.5,3900.0,-0.28%
01/15/2019,182.0,181.5,183.0,181.0,3850.0,0.55%
01/16/2019,183.0,182.5,183.0,181.0,4440.0,0.55%
01/17/2019,184.5,183.0,185.5,182.5,10670.0,0.82%
01/18/2019,183.0,186.0,186.5,181.5,18590.0,-0.81%
01/21/2019,187.5,185.0,189.0,184.0,16660.0,2.46%
01/22/2019,189.0,187.0,189.0,185.5,9200.0,0.80%
01/23/2019,190.5,189.5,191.5,188.5,20620.0,0.79%
01/24/2019,192.5,191.5,192.5,188.5,12480.0,1.05%
01/25/2019,193.5,193.5,194.5,193.0,8790.0,0.52%
01/28/2019,193.0,194.0,194.0,192.0,6000.0,-0.26%
01/29/2019,193.5,192.5,193.5,192.0,4100.0,0.26%
01/30/2019,193.0,193.0,193.0,191.5,7900.0,-0.26%
01/31/2019,200.0,195.0,200.0,194.5,17960.0,3.63%
02/01/2019,201.0,201.0,202.0,199.0,10440.0,0.50%
02/04/2019,202.0,201.0,203.0,200.0,4540.0,0.50%
02/05/2019,200.0,201.0,202.0,199.0,3110.0,-0.99%
02/06/2019,202.0,201.0,203.0,200.0,6400.0,1.00%
02/07/2019,202.0,203.0,205.0,201.0,10320.0,0.00%
02/08/2019,199.0,199.0,201.0,197.5,13090.0,-1.49%
02/11/2019,196.0,197.5,198.0,195.5,12830.0,-1.51%
02/12/2019,197.0,196.5,198.5,196.0,4030.0,0.51%
02/13/2019,197.0,198.5,198.5,196.5,4480.0,0.00%
02/14/2019,197.0,197.5,197.5,196.0,3790.0,0.00%
02/15/2019,195.5,196.0,196.5,194.0,4840.0,-0.76%
02/18/2019,197.0,196.5,197.5,196.0,2540.0,0.77%
02/20/2019,194.5,197.5,198.0,193.5,6220.0,-1.27%
02/21/2019,196.0,195.0,196.0,195.0,3640.0,0.77%
02/22/2019,195.0,195.0,195.5,193.5,6640.0,-0.51%
02/25/2019,198.0,196.0,199.5,195.5,8530.0,1.54%
02/26/2019,199.0,197.5,201.0,197.5,6770.0,0.51%
02/27/2019,199.0,200.0,200.0,198.0,5590.0,0.00%
02/28/2019,197.5,199.5,199.5,197.0,4050.0,-0.75%
03/01/2019,196.5,197.0,197.5,195.5,4180.0,-0.51%
03/04/2019,194.5,195.0,196.0,194.0,4390.0,-1.02%
03/05/2019,193.5,194.0,195.0,193.0,5500.0,-0.51%
03/06/2019,189.5,193.0,193.0,189.5,8990.0,-2.07%
03/07/2019,192.0,189.5,192.0,189.0,6240.0,1.32%
03/08/2019,193.0,192.5,194.0,192.0,6840.0,0.52%
03/11/2019,192.5,193.5,194.0,192.5,2690.0,-0.26%
03/12/2019,193.0,192.5,193.5,192.0,2710.0,0.26%
03/13/2019,192.5,192.5,193.0,191.0,4170.0,-0.26%
03/14/2019,192.5,192.5,193.0,191.5,2940.0,0.00%
03/15/2019,189.0,192.0,192.5,189.0,9220.0,-1.82%
03/18/2019,189.0,189.5,190.0,188.5,3870.0,0.00%
03/19/2019,191.0,189.5,191.5,189.0,7310.0,1.06%
03/20/2019,191.5,191.0,192.5,191.0,3090.0,0.26%
03/21/2019,191.5,192.5,193.0,191.5,3710.0,0.00%
03/22/2019,193.0,191.5,193.0,191.5,7050.0,0.78%
03/25/2019,190.5,191.5,192.0,189.5,6220.0,-1.30%
03/26/2019,192.5,191.0,193.0,190.5,4430.0,1.05%
03/27/2019,192.0,192.5,193.5,192.0,4120.0,-0.26%
03/28/2019,188.0,191.0,191.5,186.5,16700.0,-2.08%
03/29/2019,187.5,188.5,189.0,187.5,6730.0,-0.27%
04/01/2019,186.5,188.5,189.0,186.5,6820.0,-0.53%
04/02/2019,189.0,187.5,189.0,187.0,4830.0,1.34%
04/03/2019,189.5,189.5,190.0,188.0,3700.0,0.26%
04/04/2019,189.0,190.0,190.5,189.0,3020.0,-0.26%
04/05/2019,190.0,190.0,191.0,189.5,3250.0,0.53%
04/09/2019,193.0,191.5,193.0,191.0,6300.0,1.58%
04/10/2019,193.0,193.0,193.5,192.5,3680.0,0.00%
04/11/2019,190.5,190.5,191.0,189.5,5240.0,-1.30%
04/12/2019,191.0,190.0,191.0,190.0,2750.0,0.26%
04/17/2019,191.5,191.0,191.5,190.5,6110.0,0.26%
04/18/2019,193.0,191.5,193.0,190.5,5580.0,0.78%
04/19/2019,190.0,193.0,193.0,190.0,6270.0,-1.55%
04/22/2019,190.5,190.0,191.0,190.0,2620.0,0.26%
04/23/2019,191.5,190.5,191.5,190.0,2800.0,0.52%
04/24/2019,193.0,192.0,193.0,191.0,6900.0,0.78%
04/25/2019,193.0,192.5,193.5,192.5,3600.0,0.00%
04/26/2019,190.5,193.5,193.5,190.5,4720.0,-1.30%
04/29/2019,190.0,190.0,190.5,188.5,5320.0,-0.26%
04/30/2019,191.0,189.5,191.5,189.5,3180.0,0.53%
05/02/2019,192.5,191.5,193.0,191.5,4270.0,0.79%
05/03/2019,192.5,192.0,193.0,191.5,3220.0,0.00%
05/07/2019,190.5,191.0,191.5,190.0,5010.0,-1.04%
05/08/2019,188.5,190.0,190.0,188.0,5980.0,-1.05%
05/09/2019,187.5,188.0,188.5,187.5,5080.0,-0.53%
05/10/2019,187.0,188.0,188.5,186.0,5100.0,-0.27%
05/13/2019,187.0,187.0,188.0,186.5,3230.0,0.00%
05/14/2019,187.5,187.0,188.0,186.0,5220.0,0.27%
05/15/2019,187.5,188.0,189.5,187.5,5280.0,0.00%
05/16/2019,186.5,188.0,189.0,186.5,6150.0,-0.53%
05/17/2019,186.0,187.0,188.0,186.0,4310.0,-0.27%
05/21/2019,188.0,187.0,188.0,186.5,5080.0,1.08%
05/22/2019,189.0,188.0,189.5,188.0,4520.0,0.53%
05/23/2019,187.5,188.5,190.5,187.5,5960.0,-0.79%
05/24/2019,189.0,188.0,190.0,188.0,4090.0,0.80%
05/27/2019,189.5,189.5,190.0,189.0,3790.0,0.26%
05/28/2019,186.5,190.0,190.5,186.5,23050.0,-1.58%
05/29/2019,183.5,187.0,188.0,182.5,8170.0,-1.61%
05/30/2019,184.5,183.5,186.5,183.5,4710.0,0.54%
05/31/2019,186.5,184.5,186.5,184.0,6210.0,1.08%
06/04/2019,190.0,187.0,190.0,186.5,7180.0,1.88%
06/05/2019,192.5,191.0,193.0,191.0,10640.0,1.32%
06/06/2019,192.5,192.5,193.0,191.5,3640.0,0.00%
06/07/2019,191.0,192.5,192.5,191.0,1980.0,-0.78%
06/10/2019,192.0,191.5,192.5,191.0,4020.0,0.52%
06/11/2019,193.0,192.5,193.5,191.5,4310.0,0.52%
06/12/2019,193.5,193.0,193.5,192.5,3070.0,0.26%
06/13/2019,193.5,193.5,194.0,192.5,3280.0,0.00%
06/14/2019,193.5,194.0,194.0,192.5,3060.0,0.00%
06/17/2019,191.5,193.0,193.5,191.0,4330.0,-1.03%
06/18/2019,190.0,191.0,192.0,187.5,13680.0,-0.78%
06/19/2019,192.5,191.5,193.0,191.0,7220.0,1.32%
06/20/2019,193.5,193.0,194.0,192.5,4590.0,0.52%
06/21/2019,192.0,193.5,193.5,191.0,7130.0,-0.78%
06/24/2019,190.5,192.5,192.5,189.5,6140.0,-0.78%
06/25/2019,191.0,190.0,192.5,189.5,5800.0,0.26%
06/26/2019,188.5,189.5,190.0,188.5,12350.0,-1.31%
06/27/2019,188.5,189.0,189.5,188.0,6300.0,0.00%
06/28/2019,188.0,188.0,189.0,188.0,5290.0,-0.27%
07/01/2019,188.5,189.5,191.0,188.5,6820.0,0.27%
07/02/2019,188.5,188.5,189.5,188.0,3800.0,0.00%
07/03/2019,189.0,188.5,189.5,188.0,3520.0,0.27%
07/04/2019,187.0,189.0,190.0,187.0,7620.0,-1.06%
07/05/2019,187.5,187.0,188.0,187.0,2390.0,0.27%
07/08/2019,187.0,187.0,188.0,186.0,4350.0,-0.27%
07/09/2019,186.5,186.5,187.5,186.5,3170.0,-0.27%
07/10/2019,188.5,187.0,189.0,187.0,5010.0,1.07%
07/11/2019,187.5,189.5,190.0,187.5,6220.0,-0.53%
07/12/2019,188.0,188.5,189.0,187.5,7910.0,0.27%
07/15/2019,185.5,187.5,188.0,185.0,8040.0,-1.33%
07/17/2019,183.5,184.5,185.0,183.5,6460.0,-1.08%
07/18/2019,180.0,183.0,183.5,180.0,13120.0,-1.91%
07/19/2019,180.0,181.5,183.0,180.0,11340.0,0.00%
07/22/2019,179.0,180.0,180.5,178.5,8070.0,-0.56%
07/23/2019,177.0,178.5,179.5,177.0,12350.0,-1.12%
07/24/2019,178.5,178.0,178.5,177.5,4560.0,0.85%
07/25/2019,177.0,178.5,179.0,177.0,4640.0,-0.84%
07/26/2019,174.5,177.0,177.0,174.0,11250.0,-1.41%
07/30/2019,172.0,175.0,175.5,172.0,7280.0,-1.43%
07/31/2019,172.5,172.0,173.5,172.0,5190.0,0.29%
08/01/2019,173.0,172.0,173.0,172.0,5190.0,0.29%
08/02/2019,176.0,172.5,176.0,172.5,9460.0,1.73%
08/05/2019,172.5,175.0,175.5,172.5,7810.0,-1.99%
08/06/2019,173.5,172.0,175.0,170.5,8380.0,0.58%
08/07/2019,167.5,173.5,174.5,166.0,21160.0,-3.46%
08/08/2019,165.5,168.0,168.0,164.5,14990.0,-1.19%
08/09/2019,165.5,165.5,167.5,165.0,13770.0,0.00%
08/13/2019,164.0,165.0,166.5,163.5,10220.0,-0.91%
08/14/2019,155.0,165.5,166.0,155.0,26840.0,-5.49%
08/15/2019,155.0,155.0,157.5,154.0,22650.0,0.00%
08/16/2019,157.5,156.0,158.5,156.0,15120.0,1.61%
08/19/2019,161.0,159.0,161.5,158.5,13200.0,2.22%
08/20/2019,158.0,162.0,162.5,157.5,8220.0,-1.86%
08/21/2019,155.5,159.0,159.5,155.0,13170.0,-1.58%
08/22/2019,156.0,156.0,157.0,154.5,10720.0,0.32%
08/23/2019,159.5,157.0,159.5,156.5,6370.0,2.24%
08/26/2019,157.0,156.5,157.5,155.5,5560.0,-1.57%
08/27/2019,154.0,156.5,157.0,152.5,11360.0,-1.91%
08/28/2019,155.5,155.0,157.0,155.0,5490.0,0.97%
08/29/2019,158.0,156.0,158.0,156.0,3830.0,1.61%
08/30/2019,160.0,160.0,161.0,159.0,8330.0,1.27%
09/02/2019,160.0,160.5,161.0,159.5,4060.0,0.00%
09/03/2019,156.5,159.5,160.0,155.5,6500.0,-2.19%
09/04/2019,156.0,156.0,158.0,155.0,8260.0,-0.32%
09/05/2019,159.0,157.5,159.5,157.0,6100.0,1.92%
09/06/2019,158.5,160.5,162.0,158.5,5630.0,-0.31%
09/09/2019,160.5,159.0,160.5,158.5,4740.0,1.26%
09/10/2019,165.5,162.0,165.5,161.0,14920.0,3.12%
09/11/2019,169.0,167.0,169.0,166.5,12040.0,2.11%
09/12/2019,169.5,173.0,174.5,169.5,13720.0,0.30%
09/13/2019,165.5,170.0,170.5,165.0,14020.0,-2.36%
09/16/2019,163.0,165.0,165.0,160.5,9780.0,-1.51%
09/17/2019,160.5,161.5,162.0,160.0,13490.0,-1.53%
09/18/2019,164.0,161.5,164.5,161.0,10790.0,2.18%
09/19/2019,165.0,165.0,166.0,163.0,6710.0,0.61%
09/20/2019,165.0,165.0,166.0,162.0,11810.0,0.00%
09/23/2019,162.5,164.0,164.5,162.5,4580.0,-1.52%
09/24/2019,162.0,161.0,164.0,159.5,6570.0,-0.31%
09/25/2019,161.5,160.5,162.0,160.0,6230.0,-0.31%
09/26/2019,159.5,162.0,162.0,158.5,8260.0,-1.24%
09/27/2019,161.0,160.0,161.0,158.5,6590.0,0.94%
09/30/2019,156.5,160.5,160.5,156.5,9580.0,-2.80%
10/01/2019,157.0,157.0,158.0,155.5,7240.0,0.32%
10/02/2019,152.0,155.5,156.0,152.0,14740.0,-3.18%
10/03/2019,150.5,150.5,152.5,150.0,13400.0,-0.99%
10/04/2019,148.5,150.5,151.0,148.5,8700.0,-1.33%
10/07/2019,151.5,149.5,152.0,149.0,5320.0,2.02%
10/08/2019,150.5,153.0,153.5,150.5,4080.0,-0.66%
10/09/2019,149.5,149.5,150.5,148.5,7460.0,-0.66%
10/10/2019,148.0,149.0,149.5,147.0,5190.0,-1.00%
10/11/2019,147.5,148.5,148.5,146.5,6040.0,-0.34%
10/15/2019,151.0,148.5,151.5,148.0,9610.0,2.37%
10/16/2019,153.5,152.0,154.5,152.0,8720.0,1.66%
10/17/2019,156.0,154.0,156.0,154.0,8270.0,1.63%
10/18/2019,153.0,156.0,156.5,151.5,7760.0,-1.92%
10/21/2019,150.0,153.0,153.5,148.5,9250.0,-1.96%
10/22/2019,149.0,150.0,150.0,148.0,5360.0,-0.67%
10/24/2019,138.0,143.5,145.5,136.0,32900.0,-7.38%
10/25/2019,136.5,138.0,140.0,135.5,21580.0,-1.09%
10/28/2019,136.0,136.5,137.0,134.5,10430.0,-0.37%
10/29/2019,131.0,136.0,136.0,130.5,21510.0,-3.68%
10/30/2019,136.0,132.0,137.0,131.5,26930.0,3.82%
10/31/2019,139.0,136.5,142.0,136.5,23430.0,2.21%
11/01/2019,139.0,139.0,140.5,138.5,7990.0,0.00%
11/04/2019,142.5,141.0,144.0,140.5,12970.0,2.52%
11/05/2019,146.0,145.5,146.0,144.0,16160.0,2.46%
11/06/2019,148.0,147.0,151.5,145.5,29220.0,1.37%
11/07/2019,151.0,149.5,151.0,147.5,12430.0,2.03%
11/08/2019,152.5,153.0,153.0,150.5,9300.0,0.99%
11/11/2019,148.0,151.0,151.5,148.0,10830.0,-2.95%
11/12/2019,151.5,148.5,152.0,148.5,8730.0,2.36%
11/13/2019,149.5,150.5,151.5,149.0,6870.0,-1.32%
11/14/2019,149.0,149.5,150.0,148.0,9520.0,-0.33%
11/15/2019,149.0,150.5,151.5,149.0,6690.0,0.00%
11/18/2019,146.5,149.5,149.5,145.5,9170.0,-1.68%
11/19/2019,149.0,146.0,149.0,144.5,8430.0,1.71%
11/20/2019,147.0,147.5,150.0,147.0,7120.0,-1.34%
11/21/2019,149.5,146.5,149.5,145.5,6950.0,1.70%
11/22/2019,153.0,150.5,154.0,149.0,10960.0,2.34%
11/25/2019,156.0,154.5,157.5,154.0,17120.0,1.96%
11/26/2019,155.5,155.5,156.5,154.0,14780.0,-0.32%
11/27/2019,155.5,155.0,156.0,154.5,5920.0,0.00%
11/28/2019,157.5,156.0,158.0,155.0,6760.0,1.29%
11/29/2019,155.0,156.5,157.0,153.0,9370.0,-1.59%
12/02/2019,151.5,155.5,155.5,150.0,9920.0,-2.26%
12/03/2019,152.0,151.5,153.0,151.0,4370.0,0.33%
12/04/2019,147.0,150.5,151.0,146.0,14310.0,-3.29%
12/06/2019,147.0,147.0,149.0,144.5,14760.0,0.00%
12/09/2019,148.0,148.0,148.5,145.5,4730.0,0.68%
12/11/2019,142.0,146.5,146.5,142.0,16500.0,-4.05%
12/12/2019,140.0,143.0,143.5,139.5,16830.0,-1.41%
12/13/2019,145.5,143.5,146.5,143.0,18340.0,3.93%
12/16/2019,142.5,145.5,145.5,142.5,4370.0,-2.06%
12/17/2019,145.5,143.5,147.0,142.0,7710.0,2.11%
12/18/2019,148.5,146.0,148.5,146.0,8680.0,2.06%
12/19/2019,148.5,148.0,149.5,146.0,8040.0,0.00%
12/20/2019,149.5,148.5,149.5,147.5,7820.0,0.67%
12/23/2019,149.5,149.5,151.0,149.0,4530.0,0.00%
12/24/2019,148.0,150.0,150.5,148.0,7220.0,-1.00%
12/25/2019,151.0,147.5,151.0,147.0,4200.0,2.03%
12/26/2019,150.0,151.0,151.5,149.5,4140.0,-0.66%
12/27/2019,150.0,151.0,151.5,149.0,5250.0,0.00%
12/30/2019,151.0,150.0,152.0,150.0,4280.0,0.67%
01/02/2020,153.5,151.5,153.5,150.5,4990.0,1.66%
01/03/2020,152.5,153.0,154.5,151.5,5490.0,-0.65%
01/06/2020,143.5,146.5,147.0,143.5,20070.0,-5.90%
01/07/2020,143.0,145.0,146.5,141.0,17780.0,-0.35%
01/08/2020,140.0,140.0,140.5,138.5,16560.0,-2.10%
01/09/2020,138.5,142.0,142.5,137.0,17900.0,-1.07%
01/10/2020,137.5,139.0,140.0,136.5,14660.0,-0.72%
01/13/2020,136.0,138.0,138.5,135.0,13670.0,-1.09%
01/14/2020,133.0,135.5,135.5,132.0,17900.0,-2.21%
01/15/2020,131.5,132.5,135.5,131.5,18790.0,-1.13%
01/16/2020,138.0,132.0,138.5,131.0,26640.0,4.94%
01/17/2020,141.5,141.0,143.0,141.0,20190.0,2.54%
01/20/2020,135.0,136.0,137.5,134.0,18090.0,-4.59%
01/21/2020,139.0,137.5,140.0,137.0,19680.0,2.96%
01/22/2020,140.0,140.0,141.5,139.5,7490.0,0.72%
01/23/2020,141.5,139.0,141.5,138.5,32620.0,1.07%
01/24/2020,141.0,142.5,143.0,140.0,10350.0,-0.35%
01/27/2020,135.5,139.5,140.5,135.0,9450.0,-3.90%
01/28/2020,135.5,135.0,138.0,134.0,8790.0,0.00%
01/29/2020,133.5,136.5,137.0,131.0,16620.0,-1.48%
01/30/2020,141.5,131.5,142.0,131.0,24660.0,5.99%
01/31/2020,140.5,144.0,144.0,140.0,13730.0,-0.71%
02/03/2020,138.0,140.0,141.5,138.0,8900.0,-1.78%
02/04/2020,138.5,138.0,139.5,138.0,7450.0,0.36%
02/05/2020,139.5,139.0,140.5,137.0,12030.0,0.72%
02/06/2020,143.0,140.5,144.0,139.0,11870.0,2.51%
02/07/2020,143.5,144.5,144.5,142.0,6200.0,0.35%
02/11/2020,141.0,143.5,144.0,140.0,9070.0,-1.74%
02/12/2020,142.5,142.0,144.0,141.5,10590.0,1.06%
02/13/2020,143.0,143.0,143.0,141.0,6190.0,0.35%
02/14/2020,143.5,144.5,145.0,142.5,9870.0,0.35%
02/17/2020,144.0,143.0,144.0,143.0,4750.0,0.35%
02/18/2020,140.0,143.0,143.0,140.0,11930.0,-2.78%
02/19/2020,139.0,140.5,142.0,138.0,10880.0,-0.71%
02/20/2020,134.0,139.0,139.0,133.5,18710.0,-3.60%
02/21/2020,134.5,133.0,134.5,133.0,7420.0,0.37%
02/24/2020,129.5,133.5,134.0,129.5,14870.0,-3.72%
02/25/2020,128.0,130.0,130.5,125.5,16960.0,-1.16%
02/26/2020,115.5,125.0,125.5,115.0,36940.0,-9.77%
02/27/2020,122.5,116.5,122.5,116.5,24060.0,6.06%
02/28/2020,119.0,113.0,122.0,113.0,21720.0,-2.86%
03/02/2020,122.0,120.5,124.0,120.0,19880.0,2.52%
03/03/2020,123.5,123.0,126.0,123.0,15540.0,1.23%
03/04/2020,122.5,122.0,124.5,120.0,10880.0,-0.81%
03/05/2020,122.5,124.0,125.5,121.5,9720.0,0.00%
03/06/2020,117.0,120.5,121.0,116.5,14280.0,-4.49%
03/09/2020,107.0,112.0,113.5,105.5,16470.0,-8.55%
03/10/2020,107.0,107.0,110.5,106.5,12160.0,0.00%
03/11/2020,105.5,107.0,109.5,104.0,13890.0,-1.40%
03/12/2020,95.5,98.0,99.0,94.5,22960.0,-9.48%
03/13/2020,95.5,86.0,100.5,84.0,27970.0,0.00%
03/16/2020,87.75,88.25,92.25,87.0,15080.0,-8.12%
03/17/2020,86.0,86.5,89.25,86.0,16190.0,-1.99%
03/18/2020,87.25,88.0,88.75,85.5,16100.0,1.45%
03/19/2020,86.5,86.75,88.0,86.0,15540.0,-0.86%
03/20/2020,93.0,90.0,94.75,87.5,15810.0,7.51%
03/23/2020,79.25,82.0,84.5,79.25,17950.0,-14.78%
03/24/2020,79.0,82.5,83.0,79.0,17140.0,-0.32%
03/25/2020,81.5,81.5,82.75,79.75,15670.0,3.16%
03/26/2020,84.0,80.5,85.75,80.5,19250.0,3.07%
03/27/2020,89.25,87.0,93.5,86.75,28580.0,6.25%
03/30/2020,85.0,88.25,88.25,84.75,20690.0,-4.76%
03/31/2020,91.5,88.0,92.25,87.5,18810.0,7.65%
04/01/2020,88.25,90.75,91.75,88.25,14470.0,-3.55%
04/02/2020,89.5,88.0,89.5,86.0,14330.0,1.42%
04/03/2020,87.75,89.0,89.25,86.5,13180.0,-1.96%
04/07/2020,95.75,92.0,96.5,90.5,20920.0,9.12%
04/08/2020,100.0,95.25,103.0,94.25,27760.0,4.44%
04/09/2020,97.5,97.0,101.0,95.5,22780.0,-2.50%
04/10/2020,95.0,97.0,97.0,93.5,7440.0,-2.56%
04/13/2020,95.0,94.0,96.0,94.0,5030.0,0.00%
04/14/2020,98.75,96.0,98.75,95.5,9250.0,3.95%
04/15/2020,95.5,99.75,101.5,95.5,11700.0,-3.29%
04/16/2020,96.5,94.75,96.75,94.25,7520.0,1.05%
04/17/2020,99.0,99.75,101.0,96.5,13200.0,2.59%
04/20/2020,103.5,100.0,105.0,99.25,19990.0,4.55%
04/21/2020,97.0,101.0,101.0,97.0,17940.0,-6.28%
04/22/2020,90.25,93.25,93.5,90.0,31340.0,-6.96%
04/23/2020,90.5,90.5,92.5,90.25,14070.0,0.28%
04/24/2020,88.5,90.5,91.0,88.0,14400.0,-2.21%
04/27/2020,86.25,89.0,89.25,86.0,13870.0,-2.54%
04/28/2020,84.25,85.75,86.5,83.5,26080.0,-2.32%
04/29/2020,84.0,84.75,85.75,83.75,20750.0,-0.30%
04/30/2020,86.25,84.5,87.0,84.0,33180.0,2.68%
05/05/2020,86.5,86.0,87.5,85.5,16990.0,0.29%
05/07/2020,83.25,86.25,86.75,83.25,16950.0,-3.76%
05/08/2020,83.5,83.75,84.5,83.5,6690.0,0.30%
05/11/2020,85.0,84.25,86.25,84.25,8940.0,1.80%
05/12/2020,84.25,84.75,85.0,84.0,14080.0,-0.88%
05/13/2020,85.25,84.25,85.25,84.0,7890.0,1.19%
05/14/2020,84.25,84.75,84.75,84.0,4950.0,-1.17%
05/15/2020,82.75,84.0,84.25,82.75,10400.0,-1.78%
05/18/2020,82.25,83.0,83.75,82.25,9260.0,-0.60%
05/19/2020,87.0,84.25,87.75,84.0,26620.0,5.78%
05/20/2020,88.0,88.0,88.5,87.0,16670.0,1.15%
05/21/2020,87.25,88.5,88.5,86.75,12980.0,-0.85%
05/22/2020,85.5,86.75,86.75,84.75,12040.0,-2.01%
05/25/2020,87.0,86.0,87.5,86.0,6000.0,1.75%
05/26/2020,88.25,87.75,89.25,87.5,13290.0,1.44%
05/27/2020,90.5,89.25,91.75,89.25,26100.0,2.55%
05/28/2020,96.0,94.25,96.25,94.25,38820.0,6.08%
05/29/2020,96.0,95.0,96.0,94.0,21770.0,0.00%
06/01/2020,97.75,97.0,99.5,96.75,20530.0,1.82%
06/02/2020,100.0,99.0,100.5,98.5,22900.0,2.30%
06/04/2020,115.0,105.0,115.0,104.5,53260.0,15.00%
06/05/2020,117.0,119.0,120.0,115.0,34000.0,1.74%
06/08/2020,114.0,117.5,117.5,112.5,19460.0,-2.56%
06/09/2020,113.0,114.0,118.5,111.0,26020.0,-0.88%
06/10/2020,116.5,114.5,117.0,114.0,23180.0,3.10%
06/11/2020,112.0,114.5,115.5,110.5,19660.0,-3.86%
06/12/2020,107.5,107.5,109.0,107.0,20000.0,-4.02%
06/15/2020,98.0,104.0,104.5,98.0,35060.0,-8.84%
06/16/2020,99.0,104.0,104.5,99.0,30230.0,1.02%
06/17/2020,99.75,98.25,101.5,97.0,19240.0,0.76%
06/18/2020,97.75,96.5,98.25,95.25,26830.0,-2.01%
06/19/2020,95.75,97.0,97.25,95.0,19900.0,-2.05%
06/22/2020,89.25,89.25,92.5,89.25,65240.0,-6.79%
06/23/2020,89.0,89.75,91.0,88.75,40560.0,-0.28%
06/24/2020,90.25,90.0,92.5,90.0,35720.0,1.40%
06/25/2020,92.25,89.75,92.25,89.5,24140.0,2.22%
06/26/2020,91.0,92.75,93.0,90.75,15790.0,-1.36%
06/29/2020,92.75,90.0,93.0,90.0,16830.0,1.92%
06/30/2020,93.25,93.75,94.75,93.25,19700.0,0.54%
07/01/2020,94.25,93.5,94.5,92.5,13500.0,1.07%
07/02/2020,95.25,95.0,96.0,94.0,17090.0,1.06%
07/03/2020,92.5,94.75,95.25,92.5,17670.0,-2.89%
07/07/2020,90.75,94.0,94.0,90.75,13940.0,-1.89%
07/08/2020,92.75,90.75,93.5,90.75,14620.0,2.20%
07/09/2020,92.5,93.25,94.0,92.5,9930.0,-0.27%
07/10/2020,91.5,92.0,92.75,91.0,11350.0,-1.08%
07/13/2020,90.0,92.0,92.25,89.75,7700.0,-1.64%
07/14/2020,91.5,89.0,91.75,88.75,13390.0,1.67%
07/15/2020,92.0,92.5,93.5,91.5,12550.0,0.55%
07/16/2020,91.25,91.75,92.0,90.75,9100.0,-0.82%
07/17/2020,90.25,91.0,91.5,90.0,9000.0,-1.10%
07/20/2020,87.0,90.25,90.25,86.75,34760.0,-3.60%
07/21/2020,87.5,87.75,89.25,87.25,19510.0,0.57%
07/22/2020,86.25,87.0,87.25,86.0,12080.0,-1.43%
07/23/2020,86.75,86.25,87.75,86.0,13490.0,0.58%
07/24/2020,85.75,86.0,86.25,85.5,9490.0,-1.15%
07/29/2020,83.0,85.75,86.0,82.25,26130.0,-3.21%
07/30/2020,82.5,83.5,84.75,82.5,13850.0,-0.60%
07/31/2020,81.0,80.25,81.25,79.75,28830.0,-1.82%
08/03/2020,82.25,80.5,83.0,80.0,18880.0,1.54%
08/04/2020,83.0,83.0,84.75,82.75,13090.0,0.91%
08/05/2020,83.0,84.0,84.25,82.5,13250.0,0.00%
08/06/2020,83.25,82.75,84.0,82.75,9000.0,0.30%
08/07/2020,83.0,83.25,83.75,82.75,6600.0,-0.30%
08/10/2020,82.75,84.0,84.25,82.75,6890.0,-0.30%
08/11/2020,85.25,83.5,86.25,83.25,25090.0,3.02%
08/13/2020,91.5,87.25,91.75,87.0,54640.0,7.33%
08/14/2020,89.0,91.0,91.25,88.5,19870.0,-2.73%
08/17/2020,87.75,89.25,89.75,87.25,18290.0,-1.40%
08/18/2020,89.25,88.0,89.5,87.75,18630.0,1.71%
08/19/2020,87.75,89.75,89.75,86.75,22280.0,-1.68%
08/20/2020,85.75,86.25,87.0,85.5,16490.0,-2.28%
08/21/2020,85.5,86.5,86.75,85.5,5370.0,-0.29%
08/24/2020,83.25,86.25,86.5,82.75,26790.0,-2.63%
08/25/2020,86.0,84.75,87.75,84.75,22390.0,3.30%
08/26/2020,86.0,86.5,86.75,84.75,12860.0,0.00%
08/27/2020,85.5,85.75,86.25,84.75,9260.0,-0.58%
08/28/2020,86.75,86.75,88.5,86.5,24570.0,1.46%
08/31/2020,84.25,87.25,88.0,84.0,27110.0,-2.88%
09/01/2020,82.75,84.5,85.0,82.25,17960.0,-1.78%
09/02/2020,83.5,83.0,83.5,82.0,14090.0,0.91%
09/03/2020,82.25,83.75,84.0,82.25,10600.0,-1.50%
09/08/2020,81.5,82.0,82.5,81.25,11230.0,-0.91%
09/09/2020,82.75,80.75,82.75,80.5,14120.0,1.53%
09/10/2020,82.25,82.5,83.0,81.5,7560.0,-0.60%
09/11/2020,81.5,82.25,83.0,81.5,11560.0,-0.91%
09/14/2020,80.75,82.0,82.0,80.5,10350.0,-0.92%
09/15/2020,81.0,81.5,81.5,80.5,8800.0,0.31%
09/16/2020,79.75,80.75,80.75,79.25,15540.0,-1.54%
09/17/2020,78.5,80.0,80.25,78.5,19900.0,-1.57%
09/18/2020,80.25,79.5,80.5,79.25,16630.0,2.23%
09/21/2020,79.0,80.0,80.5,78.5,14200.0,-1.56%
09/22/2020,76.5,78.0,78.25,76.0,18260.0,-3.16%
09/23/2020,74.25,76.75,77.25,74.25,23320.0,-2.94%
09/24/2020,75.75,73.5,77.5,73.0,27880.0,2.02%
09/25/2020,76.0,77.0,77.5,75.5,14700.0,0.33%
09/28/2020,79.5,77.25,79.75,77.0,15510.0,4.61%
09/29/2020,78.0,79.25,79.75,77.75,13140.0,-1.89%
09/30/2020,77.0,78.25,79.25,76.75,16230.0,-1.28%
10/01/2020,77.75,77.5,78.5,77.25,17510.0,0.97%
10/02/2020,75.75,77.5,77.75,75.0,17380.0,-2.57%
10/05/2020,75.5,76.0,77.5,75.25,9770.0,-0.33%
10/06/2020,75.0,76.0,76.0,73.75,23750.0,-0.66%
10/07/2020,74.75,75.0,75.25,74.0,14720.0,-0.33%
10/08/2020,75.5,75.0,76.5,75.0,19420.0,1.00%
10/09/2020,75.25,75.75,76.25,75.25,12520.0,-0.33%
10/12/2020,75.0,75.25,76.0,75.0,17520.0,-0.33%
10/14/2020,72.25,74.0,74.25,72.0,38580.0,-3.67%
10/15/2020,73.0,71.75,74.0,71.0,33750.0,1.04%
10/16/2020,73.25,73.75,74.0,72.5,18080.0,0.34%
10/19/2020,70.75,73.0,73.0,70.0,25970.0,-3.41%
10/20/2020,73.25,71.75,73.75,71.75,25170.0,3.53%
10/21/2020,75.75,74.5,76.0,74.25,37080.0,3.41%
10/22/2020,75.25,75.25,76.0,74.25,16610.0,-0.66%
10/26/2020,74.5,75.5,75.5,74.5,10840.0,-1.00%
10/27/2020,74.25,74.5,74.75,73.5,19190.0,-0.34%
10/28/2020,75.0,74.75,75.75,74.5,15390.0,1.01%
10/29/2020,76.5,74.25,76.75,74.0,19820.0,2.00%
10/30/2020,76.25,76.25,76.75,75.0,20200.0,-0.33%
11/02/2020,76.5,76.0,76.75,75.25,12110.0,0.33%
11/03/2020,78.0,77.5,78.0,76.5,29360.0,1.96%
11/04/2020,76.75,78.75,79.0,76.75,18790.0,-1.60%
11/05/2020,78.5,77.0,78.5,76.25,38780.0,2.28%
11/06/2020,80.25,78.25,81.75,77.25,52520.0,2.23%
11/09/2020,80.5,81.5,81.75,80.0,30660.0,0.31%
11/10/2020,94.25,87.0,94.75,85.75,118680.0,17.08%
11/11/2020,93.0,96.0,98.0,91.25,92490.0,-1.33%
11/12/2020,90.25,91.25,91.5,88.25,75200.0,-2.96%
11/13/2020,94.25,91.5,95.75,91.0,76410.0,4.43%
11/16/2020,94.75,96.0,96.5,94.0,33620.0,0.53%
11/17/2020,94.0,94.25,95.5,93.0,50340.0,-0.79%
11/18/2020,94.5,93.0,95.0,92.0,40800.0,0.53%
11/19/2020,97.5,94.0,97.5,93.75,63460.0,3.17%
11/20/2020,106.0,99.25,107.0,97.5,101380.0,8.72%
11/23/2020,108.0,106.0,108.0,104.0,41680.0,1.89%
11/24/2020,105.5,110.0,110.0,105.0,40310.0,-2.31%
11/25/2020,114.5,109.0,114.5,107.5,61910.0,8.53%
11/26/2020,114.5,112.5,115.0,111.5,37490.0,0.00%
11/27/2020,113.5,114.0,114.5,113.0,18930.0,-0.87%
11/30/2020,110.0,112.5,113.5,110.0,36530.0,-3.08%
12/01/2020,112.5,112.0,114.5,111.5,25810.0,2.27%
12/02/2020,111.5,112.5,114.0,111.5,33770.0,-0.89%
12/03/2020,115.5,112.5,116.0,112.0,33790.0,3.59%
12/04/2020,116.5,116.0,117.5,115.5,23450.0,0.87%
12/08/2020,123.0,117.0,126.0,116.5,67950.0,5.58%
12/09/2020,121.5,122.5,126.5,120.5,54500.0,-1.22%
12/14/2020,117.0,121.0,122.5,116.5,47230.0,-3.70%
12/15/2020,117.0,113.5,117.5,113.0,40970.0,0.00%
12/16/2020,120.5,119.0,120.5,117.5,26390.0,2.99%
12/17/2020,121.5,120.0,122.0,120.0,19190.0,0.83%
12/18/2020,119.0,120.0,121.0,118.5,24700.0,-2.06%
12/21/2020,110.0,112.5,115.5,110.0,55070.0,-7.56%
12/22/2020,115.0,112.5,115.0,111.0,32720.0,4.55%
12/23/2020,112.5,115.0,115.5,112.5,19830.0,-2.17%
12/24/2020,115.5,113.0,115.5,112.0,19120.0,2.67%
12/25/2020,116.0,115.5,116.5,114.0,9630.0,0.43%
12/28/2020,111.5,116.0,116.0,111.5,17200.0,-3.88%
12/29/2020,115.0,112.0,115.0,112.0,13480.0,3.14%
12/30/2020,113.0,116.0,116.0,112.0,13310.0,-1.74%
01/04/2021,113.0,110.0,113.0,110.0,21940.0,0.00%
01/05/2021,114.0,113.0,114.5,111.5,16060.0,0.88%
01/06/2021,116.5,115.0,120.0,113.5,42350.0,2.19%
01/07/2021,122.5,123.0,123.0,120.5,45570.0,5.15%
01/08/2021,121.5,123.5,124.0,121.0,22650.0,-0.82%
01/11/2021,120.0,121.0,121.5,119.5,12180.0,-1.23%
01/12/2021,119.5,120.0,120.0,118.0,14570.0,-0.42%
01/13/2021,121.5,120.0,123.0,119.5,19840.0,1.67%
01/14/2021,119.5,120.0,121.5,119.0,12530.0,-1.65%
01/15/2021,118.0,119.5,120.0,117.0,14870.0,-1.26%
01/18/2021,115.5,116.5,117.0,115.0,16750.0,-2.12%
01/19/2021,115.0,116.5,117.5,114.0,24200.0,-0.43%
01/20/2021,116.0,116.0,116.5,114.5,13910.0,0.87%
01/21/2021,125.0,121.0,125.5,120.5,67320.0,7.76%
01/22/2021,129.0,126.0,130.0,125.5,46010.0,3.20%
01/25/2021,126.5,127.0,128.0,124.0,24130.0,-1.94%
01/26/2021,127.5,126.5,128.5,124.5,22020.0,0.79%
01/27/2021,125.5,127.0,128.0,125.0,20590.0,-1.57%
01/28/2021,122.5,124.5,124.5,122.0,23670.0,-2.39%
01/29/2021,127.0,126.5,128.5,124.0,43120.0,3.67%
02/01/2021,132.0,127.5,133.0,127.0,33850.0,3.94%
02/02/2021,131.0,135.0,135.0,130.5,22940.0,-0.76%
02/03/2021,133.5,134.0,135.0,132.0,30350.0,1.91%
02/04/2021,135.0,134.5,137.0,132.0,23770.0,1.12%
02/05/2021,138.0,136.5,138.0,136.0,17130.0,2.22%
02/08/2021,147.0,139.5,147.0,138.5,43850.0,6.52%
02/09/2021,146.0,147.0,148.5,144.5,29690.0,-0.68%
02/10/2021,144.5,146.0,146.5,142.5,18240.0,-1.03%
02/11/2021,145.0,144.5,146.0,142.5,10890.0,0.35%
02/15/2021,143.0,145.5,145.5,142.0,14400.0,-1.38%
02/16/2021,143.5,146.0,146.5,143.0,14890.0,0.35%
02/17/2021,146.5,143.5,147.5,143.0,18070.0,2.09%
02/18/2021,143.5,146.5,146.5,143.0,13570.0,-2.05%
02/19/2021,141.0,142.0,142.5,138.5,20130.0,-1.74%
02/22/2021,136.5,140.0,141.0,136.5,16190.0,-3.19%
02/23/2021,139.5,141.5,142.0,138.5,15220.0,2.20%
02/24/2021,138.5,140.5,141.0,137.0,16830.0,-0.72%
02/25/2021,141.5,141.0,143.0,139.5,30420.0,2.17%
03/01/2021,144.0,143.5,144.5,142.0,16360.0,1.77%
03/02/2021,143.5,145.0,145.5,143.5,9560.0,-0.35%
03/03/2021,147.0,144.5,147.0,143.0,18050.0,2.44%
03/04/2021,144.5,145.5,146.5,144.0,14630.0,-1.70%
03/05/2021,149.5,144.5,150.5,143.5,33960.0,3.46%
03/08/2021,148.5,152.0,153.0,148.0,17800.0,-0.67%
03/09/2021,148.0,148.0,148.0,145.5,14450.0,-0.34%
03/10/2021,149.5,146.0,149.5,144.5,20870.0,1.01%
03/11/2021,150.5,151.5,152.0,149.5,15870.0,0.67%
03/12/2021,147.0,150.5,151.0,147.0,16000.0,-2.33%
03/15/2021,145.5,147.5,148.0,145.0,12420.0,-1.02%
03/16/2021,145.0,145.5,146.5,144.5,13290.0,-0.34%
03/17/2021,147.0,145.5,147.5,145.0,11450.0,1.38%
03/18/2021,147.5,148.5,149.5,147.0,17830.0,0.34%
03/19/2021,147.5,147.0,147.5,146.5,9150.0,0.00%
03/22/2021,145.5,147.5,147.5,145.5,8720.0,-1.36%
03/23/2021,144.5,145.0,146.0,144.0,15150.0,-0.69%
03/24/2021,145.0,143.0,145.0,143.0,14160.0,0.35%
03/25/2021,146.0,145.5,147.5,144.0,15870.0,0.69%
03/26/2021,146.5,146.5,146.5,144.5,5650.0,0.34%
03/29/2021,146.5,147.0,147.0,145.5,5010.0,0.00%
03/30/2021,147.0,146.5,147.5,146.0,4910.0,0.34%
03/31/2021,145.0,147.0,147.5,145.0,10380.0,-1.36%
04/01/2021,148.0,145.0,148.5,145.0,20640.0,2.07%
04/02/2021,147.0,149.5,149.5,146.5,7810.0,-0.68%
04/05/2021,145.0,147.0,147.5,145.0,6150.0,-1.36%
04/07/2021,143.0,144.5,145.0,143.0,12080.0,-1.38%
04/08/2021,143.0,142.0,145.0,141.5,11430.0,0.00%
04/09/2021,143.0,143.5,144.0,143.0,6530.0,0.00%
04/12/2021,138.5,141.0,141.5,138.0,18150.0,-3.15%
04/16/2021,134.5,136.0,136.5,133.0,33940.0,-2.89%
04/19/2021,137.0,135.5,137.0,134.5,20510.0,1.86%
04/20/2021,140.0,135.0,142.0,132.5,37230.0,2.19%
04/21/2021,140.0,139.5,140.5,138.0,21380.0,0.00%
04/22/2021,137.0,141.5,141.5,136.5,26800.0,-2.14%
04/23/2021,132.0,134.5,135.5,131.0,40420.0,-3.65%
04/26/2021,131.5,131.0,133.0,130.0,23960.0,-0.38%
04/27/2021,131.0,132.0,133.0,130.5,19780.0,-0.38%
04/28/2021,131.5,131.5,132.5,130.0,22400.0,0.38%
04/29/2021,134.5,132.5,135.0,131.5,18440.0,2.28%
04/30/2021,132.0,134.5,134.5,131.5,19220.0,-1.86%
05/05/2021,126.0,130.0,130.5,125.5,49520.0,-4.55%
05/06/2021,127.0,125.5,128.0,124.5,28120.0,0.79%
05/07/2021,125.0,127.5,127.5,124.0,31950.0,-1.57%
05/10/2021,125.5,126.5,127.0,125.0,17730.0,0.40%
05/11/2021,125.0,124.5,126.0,124.5,21780.0,-0.40%
05/12/2021,119.5,119.0,121.0,118.5,50400.0,-4.40%
05/13/2021,122.5,117.5,122.5,116.5,35420.0,2.51%
05/14/2021,121.0,124.0,124.5,120.5,23400.0,-1.22%
05/17/2021,122.0,120.0,122.5,119.0,27400.0,0.83%
05/18/2021,124.0,124.0,124.5,122.0,15850.0,1.64%
05/19/2021,122.0,123.0,123.5,121.0,15070.0,-1.61%
05/20/2021,122.0,122.0,123.5,121.0,19970.0,0.00%
05/21/2021,120.5,121.5,122.0,120.0,18860.0,-1.23%
05/24/2021,118.5,120.5,121.0,118.5,19910.0,-1.66%
05/25/2021,124.0,119.5,124.0,119.0,29950.0,4.64%
05/27/2021,121.5,125.0,125.5,121.5,172610.0,-2.02%
05/28/2021,119.5,123.0,123.0,119.5,44940.0,-1.65%
05/31/2021,119.0,119.0,120.0,118.0,17790.0,-0.42%
06/01/2021,122.5,120.0,123.0,119.5,34280.0,2.94%
06/02/2021,119.5,120.0,121.5,119.0,47750.0,-2.45%
06/04/2021,118.5,119.0,120.5,118.5,67320.0,-0.84%
06/07/2021,121.0,119.5,121.5,119.5,30480.0,2.11%
06/08/2021,124.5,123.0,125.0,122.5,48690.0,2.89%
06/09/2021,128.0,125.5,129.0,125.0,70030.0,2.81%
06/10/2021,127.5,130.5,130.5,126.5,51260.0,-0.39%
06/11/2021,129.0,128.5,129.0,127.0,22390.0,1.18%
06/14/2021,130.0,130.0,130.0,129.0,19020.0,0.78%
06/15/2021,125.0,129.5,130.0,124.0,42930.0,-3.85%
06/16/2021,124.5,124.0,125.5,123.5,20870.0,-0.40%
06/17/2021,124.5,124.0,125.5,124.0,19590.0,0.00%
06/18/2021,123.5,124.5,125.0,122.5,24030.0,-0.80%
06/21/2021,121.0,121.5,122.0,120.5,19660.0,-2.02%
06/22/2021,121.0,122.5,123.5,120.5,20940.0,0.00%
06/23/2021,120.0,121.5,122.0,120.0,12560.0,-0.83%
06/24/2021,119.5,119.0,120.0,118.0,31360.0,-0.42%
06/25/2021,120.0,120.5,120.5,119.0,18320.0,0.42%
06/28/2021,119.0,118.5,119.5,118.5,18600.0,-0.83%
06/29/2021,118.5,119.0,121.0,118.0,38490.0,-0.42%
06/30/2021,118.0,119.0,119.5,118.0,17940.0,-0.42%
07/01/2021,122.0,118.5,123.0,118.0,37860.0,3.39%
07/02/2021,118.5,121.0,121.5,117.5,44750.0,-2.87%
07/05/2021,116.5,118.0,118.5,116.0,29730.0,-1.69%
07/06/2021,118.0,117.0,118.5,117.0,15760.0,1.29%
07/07/2021,117.0,117.0,118.0,116.0,16920.0,-0.85%
07/08/2021,111.5,115.0,115.5,111.5,43760.0,-4.70%
07/09/2021,114.0,111.0,115.0,110.5,25070.0,2.24%
07/12/2021,114.5,114.5,115.5,113.5,15310.0,0.44%
07/13/2021,116.5,115.5,117.0,115.0,12880.0,1.75%
07/14/2021,114.5,115.5,116.0,113.5,16390.0,-1.72%
07/15/2021,115.0,115.0,116.5,114.0,17650.0,0.44%
07/16/2021,114.5,115.0,116.5,114.5,15480.0,-0.43%
07/19/2021,112.5,113.5,113.5,112.5,12720.0,-1.75%
07/20/2021,109.0,112.0,112.5,108.5,40610.0,-3.11%
07/21/2021,105.0,110.5,110.5,104.0,71660.0,-3.67%
07/22/2021,107.0,106.0,108.5,105.5,42650.0,1.90%
07/23/2021,105.5,107.0,107.0,104.5,18630.0,-1.40%
07/27/2021,103.5,105.5,106.0,102.5,26840.0,-1.90%
07/29/2021,103.5,103.0,104.0,102.5,20480.0,0.00%
07/30/2021,103.0,102.5,103.0,101.5,25450.0,-0.48%
08/02/2021,102.0,102.5,102.5,101.0,12250.0,-0.97%
08/03/2021,105.5,102.0,105.5,101.5,24360.0,3.43%
08/04/2021,105.5,104.5,105.5,103.5,14350.0,0.00%
08/05/2021,104.5,105.0,105.5,104.0,10470.0,-0.95%
08/06/2021,104.5,104.0,105.0,103.5,10850.0,0.00%
08/09/2021,108.5,105.0,109.0,104.5,20840.0,3.83%
08/10/2021,107.0,108.0,108.5,106.5,18930.0,-1.38%
08/11/2021,105.0,107.0,107.5,104.5,22060.0,-1.87%
08/13/2021,103.5,103.0,104.0,102.0,21310.0,-1.43%
08/16/2021,105.0,103.0,105.5,103.0,12120.0,1.45%
08/17/2021,107.5,105.5,108.0,105.0,22590.0,2.38%
08/18/2021,106.5,106.5,107.0,105.5,14670.0,-0.93%
08/19/2021,106.0,106.0,107.0,105.5,20610.0,-0.47%
08/20/2021,108.5,106.0,108.5,106.0,20240.0,2.36%
08/23/2021,118.0,115.5,118.5,113.5,72050.0,8.76%
08/24/2021,118.0,118.5,119.0,116.5,43900.0,0.00%
08/25/2021,121.0,118.0,121.5,117.5,50710.0,2.54%
08/26/2021,119.5,121.0,121.0,118.0,32450.0,-1.24%
08/27/2021,123.0,119.5,123.0,119.5,42110.0,2.93%
08/30/2021,123.5,124.5,126.0,121.5,54990.0,0.41%
08/31/2021,123.0,123.0,124.0,121.5,30990.0,-0.40%
09/01/2021,121.5,122.5,123.0,121.0,23830.0,-1.22%
09/02/2021,123.5,121.5,123.5,120.5,20260.0,1.65%
09/03/2021,122.5,123.5,124.0,121.5,15560.0,-0.81%
09/06/2021,122.0,123.0,123.5,121.0,8440.0,-0.41%
09/07/2021,118.5,122.0,122.0,118.0,25790.0,-2.87%
09/08/2021,119.5,118.0,119.5,117.0,18360.0,0.84%
09/09/2021,122.0,119.0,122.5,118.5,31170.0,2.09%
09/10/2021,121.0,121.5,122.0,120.5,12910.0,-0.82%
09/13/2021,122.0,121.5,124.0,120.5,19380.0,0.83%
09/14/2021,122.5,123.5,123.5,122.5,14890.0,0.41%
09/15/2021,122.0,122.5,123.0,122.0,11430.0,-0.41%
09/16/2021,123.0,122.5,123.0,122.0,11330.0,0.82%
09/17/2021,122.0,123.0,124.5,121.5,29740.0,-0.81%
09/20/2021,118.5,121.0,122.0,118.5,27460.0,-2.87%
09/21/2021,121.0,119.5,121.5,119.0,17770.0,2.11%
09/22/2021,122.0,123.0,123.0,121.5,20370.0,0.83%
09/23/2021,131.0,131.0,132.5,126.0,149570.0,7.38%
09/27/2021,135.0,135.5,140.0,134.0,128170.0,3.05%
09/28/2021,133.0,134.5,135.0,131.5,46380.0,-1.48%
09/29/2021,137.5,131.5,137.5,131.0,65510.0,3.38%
09/30/2021,133.5,137.0,137.0,132.5,39350.0,-2.91%
10/01/2021,134.5,133.5,134.5,132.5,24910.0,0.75%
10/04/2021,137.0,134.5,137.5,133.5,31790.0,1.86%
10/05/2021,137.5,136.0,138.5,135.0,33270.0,0.36%
10/06/2021,136.0,138.0,138.0,136.0,20870.0,-1.09%
10/07/2021,141.5,137.0,142.0,137.0,58860.0,4.04%
10/08/2021,140.0,142.0,143.0,139.5,32610.0,-1.06%
10/11/2021,138.5,141.0,141.5,137.5,32460.0,-1.07%
10/12/2021,140.5,140.5,141.5,140.0,21080.0,1.44%
10/14/2021,140.5,141.5,141.5,139.0,20050.0,0.00%
10/15/2021,142.5,141.5,143.0,141.0,34580.0,1.42%
10/18/2021,145.0,143.5,145.0,143.0,33800.0,1.75%
10/19/2021,141.0,145.5,145.5,140.0,44080.0,-2.76%
10/20/2021,142.5,141.5,143.0,140.0,25310.0,1.06%
10/21/2021,141.5,143.5,143.5,141.5,21740.0,-0.70%
10/25/2021,141.0,141.0,141.5,140.0,28470.0,-0.35%
10/26/2021,139.5,141.0,141.5,138.5,27100.0,-1.06%
10/27/2021,139.0,139.5,140.0,138.0,17040.0,-0.36%
10/28/2021,138.0,139.0,139.0,137.0,13730.0,-0.72%
10/29/2021,141.0,138.0,141.0,137.5,18620.0,2.17%
11/01/2021,141.0,140.5,141.0,139.5,14800.0,0.00%
11/02/2021,142.0,141.0,142.5,139.5,22760.0,0.71%
11/03/2021,142.0,142.0,143.0,141.5,23580.0,0.00%
11/04/2021,147.5,142.5,148.5,141.5,81140.0,3.87%
11/05/2021,147.0,147.0,147.5,145.0,29700.0,-0.34%
11/08/2021,149.0,148.0,150.0,147.5,37140.0,1.36%
11/09/2021,148.5,149.0,149.5,147.0,21760.0,-0.34%
11/10/2021,148.0,148.0,148.5,147.5,10840.0,-0.34%
11/11/2021,149.0,149.0,149.0,147.5,13560.0,0.68%
11/12/2021,148.0,149.5,149.5,148.0,21150.0,-0.67%
11/15/2021,148.0,148.5,149.0,148.0,6020.0,0.00%
11/16/2021,147.5,148.5,149.0,147.0,22830.0,-0.34%
11/17/2021,149.5,148.0,151.0,147.5,21730.0,1.36%
11/18/2021,149.0,149.5,150.0,149.0,9500.0,-0.33%
11/19/2021,146.5,149.5,150.5,146.0,32480.0,-1.68%
11/22/2021,147.0,147.0,148.0,146.5,11350.0,0.34%
11/23/2021,143.5,147.5,148.0,143.5,25260.0,-2.38%
11/24/2021,144.0,144.0,146.0,144.0,15340.0,0.35%
11/25/2021,147.0,146.5,147.5,145.5,21150.0,2.08%
11/26/2021,142.5,145.5,146.5,141.5,44000.0,-3.06%
11/29/2021,136.5,140.0,140.5,136.0,62560.0,-4.21%
11/30/2021,132.0,137.5,138.0,129.5,120360.0,-3.30%
12/01/2021,135.0,134.0,136.0,132.5,47260.0,2.27%
12/02/2021,134.0,133.0,134.0,132.0,29660.0,-0.74%
12/03/2021,134.0,133.5,134.5,133.0,12800.0,0.00%
12/07/2021,137.5,135.5,137.5,134.0,32450.0,2.61%
12/08/2021,137.5,138.0,138.5,136.5,20480.0,0.00%
12/09/2021,139.0,138.0,139.0,137.5,21850.0,1.09%
12/13/2021,139.0,139.0,139.5,138.0,15260.0,0.00%
12/14/2021,139.0,137.5,139.0,136.0,24440.0,0.00%
12/15/2021,138.5,139.0,139.0,137.5,9610.0,-0.36%
12/16/2021,143.0,140.0,143.0,139.5,35090.0,3.25%
12/17/2021,141.0,142.0,142.0,140.0,25510.0,-1.40%
12/20/2021,136.5,138.5,139.0,136.5,25760.0,-3.19%
12/21/2021,137.0,137.5,138.5,136.0,13220.0,0.37%
12/22/2021,137.0,137.5,139.0,137.0,10360.0,0.00%
12/23/2021,138.5,138.0,139.5,137.5,10640.0,1.09%
12/24/2021,138.0,138.5,138.5,137.5,3490.0,-0.36%
12/27/2021,138.0,138.5,139.0,137.5,5980.0,0.00%
12/28/2021,141.0,138.5,141.5,138.5,17640.0,2.17%
12/29/2021,142.0,141.0,142.5,140.5,20210.0,0.71%
12/30/2021,142.0,142.5,142.5,140.5,14040.0,0.00%
01/04/2022,145.5,143.0,146.0,143.0,29820.0,2.46%
01/05/2022,146.0,146.0,147.0,144.5,34850.0,0.34%
01/06/2022,142.5,144.0,144.5,141.5,35290.0,-2.40%
01/07/2022,142.5,142.0,143.0,141.5,23770.0,0.00%
01/10/2022,143.0,143.0,144.0,142.0,24850.0,0.35%
01/11/2022,143.5,142.5,143.5,142.0,12020.0,0.35%
01/12/2022,144.0,144.5,144.5,143.0,14340.0,0.35%
01/13/2022,145.0,144.0,145.5,143.5,19840.0,0.69%
01/14/2022,145.0,144.5,145.5,143.5,12570.0,0.00%
01/17/2022,144.5,144.0,145.0,143.5,16040.0,-0.34%
01/18/2022,144.0,145.0,147.5,143.5,48930.0,-0.35%
01/19/2022,141.0,143.5,144.0,140.5,35560.0,-2.08%
01/20/2022,141.0,141.0,142.0,140.5,18830.0,0.00%
01/21/2022,140.0,140.0,140.5,139.0,25530.0,-0.71%
01/24/2022,140.0,139.5,141.0,139.5,10310.0,0.00%
01/25/2022,143.5,140.5,144.0,140.0,36420.0,2.50%
01/26/2022,147.5,144.5,148.5,144.0,37700.0,2.79%
01/27/2022,147.5,145.5,148.0,145.0,38020.0,0.00%
01/28/2022,148.0,148.5,149.0,147.0,25640.0,0.34%
01/31/2022,149.5,148.0,150.5,148.0,23470.0,1.01%
02/01/2022,150.5,150.5,151.0,149.5,19180.0,0.67%
02/02/2022,150.5,151.0,151.0,149.5,13800.0,0.00%
02/03/2022,150.5,150.0,151.5,150.0,11480.0,0.00%
02/04/2022,152.0,151.0,153.0,150.5,31420.0,1.00%
02/07/2022,152.0,152.5,152.5,150.0,20040.0,0.00%
02/08/2022,154.5,152.5,155.0,152.0,34700.0,1.64%
02/09/2022,162.5,155.5,162.5,155.0,64890.0,5.18%
02/10/2022,166.5,164.0,168.0,162.0,90020.0,2.46%
02/11/2022,168.0,164.5,168.5,164.0,54330.0,0.90%
02/14/2022,168.0,167.0,168.5,166.0,32030.0,0.00%
02/15/2022,170.5,168.5,170.5,167.0,23890.0,1.49%
02/17/2022,170.5,172.0,175.0,169.0,52120.0,0.00%
02/18/2022,169.0,169.5,172.0,168.0,35240.0,-0.88%
02/21/2022,165.0,168.0,169.5,164.5,42860.0,-2.37%
02/22/2022,164.5,162.5,165.0,161.5,31610.0,-0.30%
02/23/2022,168.5,166.0,169.5,166.0,33400.0,2.43%
02/24/2022,163.0,167.0,167.5,162.0,50190.0,-3.26%
02/25/2022,163.5,165.0,166.0,162.5,33030.0,0.31%
02/28/2022,163.5,162.5,165.0,161.5,24990.0,0.00%
03/01/2022,163.0,165.0,165.5,162.5,24480.0,-0.31%
03/02/2022,160.5,162.0,162.5,160.0,28750.0,-1.53%
03/03/2022,162.0,163.5,166.0,161.5,27840.0,0.93%
03/04/2022,161.0,160.5,162.5,160.5,14550.0,-0.62%
03/07/2022,154.0,156.5,157.0,153.0,35290.0,-4.35%
03/08/2022,156.0,153.5,156.5,148.5,45800.0,1.30%
03/09/2022,159.5,157.5,160.0,155.0,45100.0,2.24%
03/10/2022,157.0,161.5,161.5,156.0,37120.0,-1.57%
03/11/2022,157.0,155.5,157.0,154.5,20020.0,0.00%
03/14/2022,162.0,156.5,162.0,156.0,29280.0,3.18%
03/15/2022,158.5,161.0,161.0,158.0,25040.0,-2.16%
03/16/2022,162.5,159.5,162.5,159.0,29980.0,2.52%
03/17/2022,163.0,164.0,165.0,162.0,22740.0,0.31%
03/18/2022,161.5,162.5,163.0,160.5,32100.0,-0.92%
03/21/2022,158.5,161.0,161.5,157.5,24010.0,-1.86%
03/22/2022,158.0,155.5,158.0,155.0,28070.0,-0.32%
03/23/2022,158.0,159.5,160.5,158.0,17350.0,0.00%
03/24/2022,159.0,158.0,160.0,158.0,14580.0,0.63%
03/25/2022,158.5,159.5,159.5,158.0,6730.0,-0.31%
03/28/2022,158.0,158.5,159.0,157.0,11650.0,-0.32%
03/29/2022,158.5,158.5,159.0,157.5,10270.0,0.32%
03/30/2022,160.0,159.0,162.0,159.0,27040.0,0.95%
03/31/2022,161.5,160.0,162.5,160.0,22720.0,0.94%
04/01/2022,163.0,161.0,163.0,160.0,16630.0,0.93%
04/04/2022,161.0,164.5,164.5,160.5,23430.0,-1.23%
04/05/2022,161.5,161.5,162.5,160.5,10320.0,0.31%
04/07/2022,159.5,160.0,160.5,157.5,20440.0,-1.24%
04/08/2022,158.5,159.5,160.0,157.5,16760.0,-0.63%
04/11/2022,156.5,158.0,158.5,156.0,17370.0,-1.26%
04/12/2022,155.5,156.0,156.5,155.0,13640.0,-0.64%
04/18/2022,152.0,153.0,154.5,152.0,15230.0,-2.25%
04/19/2022,152.5,153.0,153.5,152.0,14200.0,0.33%
04/20/2022,157.5,153.5,158.0,153.0,24710.0,3.28%
04/21/2022,154.5,158.5,159.0,154.0,29050.0,-1.90%
04/22/2022,153.5,154.5,155.0,152.0,17700.0,-0.65%
04/25/2022,151.0,152.0,152.0,150.0,20730.0,-1.63%
04/26/2022,152.5,152.0,154.0,152.0,13900.0,0.99%
04/27/2022,151.5,152.5,153.5,151.0,16010.0,-0.66%
04/28/2022,153.5,153.5,154.5,152.5,15990.0,1.32%
04/29/2022,153.0,154.0,154.5,152.0,14500.0,-0.33%
05/03/2022,151.0,151.5,152.0,150.0,8180.0,-1.31%
05/05/2022,147.5,152.5,152.5,147.5,28140.0,-2.32%
05/06/2022,147.0,145.0,148.0,144.5,14130.0,-0.34%
05/09/2022,146.5,146.0,147.0,145.5,7680.0,-0.34%
05/10/2022,147.0,146.0,147.0,144.5,16770.0,0.34%
05/11/2022,145.5,146.5,146.5,144.0,13090.0,-1.02%
05/12/2022,142.5,144.0,144.5,141.5,18010.0,-2.06%
05/13/2022,142.0,144.0,144.5,141.0,11510.0,-0.35%
05/17/2022,144.5,143.0,145.5,142.5,15730.0,1.76%
05/18/2022,144.0,145.0,146.0,142.5,20340.0,-0.35%
05/19/2022,142.0,142.0,143.5,142.0,10970.0,-1.39%
05/20/2022,144.5,143.5,145.0,143.0,12290.0,1.76%
05/23/2022,145.5,144.5,147.0,143.0,15850.0,0.69%
05/24/2022,145.0,146.0,146.5,144.5,8910.0,-0.34%
05/25/2022,143.0,145.5,146.0,143.0,11610.0,-1.38%
05/26/2022,144.5,143.5,145.5,143.5,5620.0,1.05%
05/27/2022,146.5,146.0,148.0,145.5,12940.0,1.38%
05/30/2022,148.0,148.0,148.5,147.5,10120.0,1.02%
05/31/2022,147.0,148.0,148.0,146.0,8560.0,-0.68%
06/01/2022,147.0,146.5,148.0,146.5,4670.0,0.00%
06/02/2022,146.5,146.5,147.5,146.0,4100.0,-0.34%
06/06/2022,145.5,146.5,147.0,144.5,9330.0,-0.68%
06/07/2022,144.0,145.0,145.5,144.0,7290.0,-1.03%
06/08/2022,144.5,144.5,145.0,144.0,9010.0,0.35%
06/09/2022,149.5,145.5,151.0,144.5,39640.0,3.46%
06/10/2022,149.5,149.0,150.5,148.0,14750.0,0.00%
06/13/2022,147.0,147.5,148.5,147.0,12710.0,-1.67%
06/14/2022,147.5,148.0,148.5,146.0,11540.0,0.34%
06/15/2022,150.0,148.0,151.0,147.5,13750.0,1.69%
06/16/2022,148.0,152.5,153.0,147.5,31680.0,-1.33%
06/17/2022,150.0,148.0,151.5,147.0,26740.0,1.35%
06/20/2022,148.5,149.5,150.0,146.5,12630.0,-1.00%
06/21/2022,149.5,149.5,150.0,148.5,4250.0,0.67%
06/22/2022,148.0,149.0,149.5,147.5,6900.0,-1.00%
06/23/2022,147.5,149.0,149.5,147.0,9890.0,-0.34%
06/24/2022,148.0,149.0,149.0,147.0,8770.0,0.34%
06/27/2022,150.0,149.5,151.0,149.0,14130.0,1.35%
06/28/2022,150.5,150.5,151.0,149.5,8040.0,0.33%
06/29/2022,150.0,150.0,150.5,149.5,6580.0,-0.33%
06/30/2022,150.5,150.5,152.0,150.5,18370.0,0.33%
07/01/2022,151.5,151.5,152.5,151.0,13090.0,0.66%
07/04/2022,149.5,151.0,151.5,149.0,6820.0,-1.32%
07/05/2022,147.5,150.0,150.0,147.0,9080.0,-1.34%
07/06/2022,147.5,148.0,149.0,146.5,14030.0,0.00%
07/07/2022,146.0,148.0,148.0,144.5,18370.0,-1.02%
07/08/2022,143.5,147.0,147.5,143.5,20690.0,-1.71%
07/11/2022,146.0,143.5,147.5,143.5,12560.0,1.74%
07/12/2022,146.5,146.0,147.5,145.5,8700.0,0.34%
07/14/2022,144.5,146.5,146.5,144.0,15800.0,-1.37%
07/15/2022,140.0,144.5,144.5,137.5,35220.0,-3.11%
07/18/2022,141.0,141.0,142.0,140.5,9860.0,0.71%
07/19/2022,139.0,140.0,140.0,137.5,19720.0,-1.42%
07/20/2022,139.5,140.5,141.5,138.5,12550.0,0.36%
07/21/2022,140.5,140.5,141.0,137.5,24690.0,0.72%
07/22/2022,140.0,141.5,142.5,139.5,19220.0,-0.36%
07/25/2022,143.0,140.0,143.0,140.0,17690.0,2.14%
07/26/2022,145.0,145.0,147.5,144.0,31370.0,1.40%
07/27/2022,146.0,145.0,146.5,144.0,13730.0,0.69%
08/01/2022,145.0,147.0,147.0,144.0,20230.0,-0.68%
08/02/2022,145.0,144.0,146.0,144.0,8900.0,0.00%
08/03/2022,145.0,145.0,145.5,143.5,10210.0,0.00%
08/04/2022,145.0,145.5,146.0,144.5,8230.0,0.00%
08/05/2022,147.0,145.0,147.5,144.5,16610.0,1.38%
08/08/2022,149.5,147.5,150.0,147.0,21750.0,1.70%
08/09/2022,149.5,149.5,150.0,148.5,13890.0,0.00%
08/10/2022,149.0,149.5,150.0,147.5,17500.0,-0.33%
08/11/2022,149.0,149.5,150.0,147.0,21050.0,0.00%
08/15/2022,151.5,150.0,152.5,149.5,29390.0,1.68%
08/16/2022,151.5,151.5,152.5,151.0,15820.0,0.00%
08/17/2022,154.0,152.0,154.5,151.0,33550.0,1.65%
08/18/2022,154.0,153.0,154.5,153.0,15420.0,0.00%
08/19/2022,154.0,154.0,155.5,153.5,16910.0,0.00%
08/22/2022,153.5,153.5,154.0,152.5,14560.0,-0.32%
08/23/2022,155.0,152.5,155.5,152.0,19940.0,0.98%
08/24/2022,156.0,155.0,157.0,154.0,21240.0,0.65%
08/25/2022,157.5,157.0,158.0,156.5,18700.0,0.96%
08/26/2022,157.0,157.5,158.5,156.0,26520.0,-0.32%
08/29/2022,155.0,154.5,156.0,154.0,20460.0,-1.27%
08/30/2022,155.5,155.0,156.5,155.0,23150.0,0.32%
08/31/2022,153.5,155.5,156.0,153.0,82610.0,-1.29%
09/01/2022,152.5,153.0,154.0,151.5,17360.0,-0.65%
09/02/2022,152.0,153.0,153.5,151.5,11850.0,-0.33%
09/05/2022,152.5,152.0,153.0,151.0,10360.0,0.33%
09/06/2022,151.0,152.5,152.5,150.5,11670.0,-0.98%
09/07/2022,148.0,150.5,150.5,147.0,18980.0,-1.99%
09/08/2022,147.0,149.0,149.5,147.0,8310.0,-0.68%
09/09/2022,149.0,148.0,150.0,148.0,8650.0,1.36%
09/12/2022,151.0,150.0,152.0,150.0,8260.0,1.34%
09/13/2022,151.0,151.5,152.0,150.5,5610.0,0.00%
09/14/2022,150.0,149.5,151.0,149.0,12290.0,-0.66%
09/15/2022,148.5,149.5,150.0,148.5,8770.0,-1.00%
09/16/2022,148.0,147.5,148.5,147.0,13320.0,-0.34%
09/19/2022,149.5,148.0,149.5,148.0,10170.0,1.01%
09/20/2022,150.5,150.0,151.5,150.0,9070.0,0.67%
09/21/2022,150.0,150.5,151.0,149.5,6500.0,-0.33%
09/22/2022,151.0,150.0,152.0,149.0,17420.0,0.67%
09/23/2022,151.5,151.0,152.0,149.5,11780.0,0.33%
09/26/2022,149.5,151.0,151.5,149.0,12450.0,-1.32%
09/27/2022,145.0,148.5,149.0,144.0,28590.0,-3.01%
09/28/2022,143.5,144.5,145.0,143.5,12500.0,-1.03%
09/29/2022,144.5,145.0,146.5,144.0,14830.0,0.70%
09/30/2022,144.0,143.5,144.0,142.5,12200.0,-0.35%
10/03/2022,140.5,143.0,143.5,140.0,18280.0,-2.43%
10/04/2022,142.5,142.5,143.0,142.0,8040.0,1.42%
10/05/2022,142.0,143.5,143.5,141.5,16290.0,-0.35%
10/06/2022,142.5,142.5,144.0,142.5,16150.0,0.35%
10/07/2022,143.0,143.0,143.5,142.0,6800.0,0.35%
10/10/2022,142.0,142.0,142.5,141.5,4900.0,-0.70%
10/11/2022,143.5,142.0,143.5,141.0,7810.0,1.06%
10/12/2022,144.0,143.5,145.0,143.5,7740.0,0.35%
10/17/2022,145.5,144.0,145.5,143.5,12220.0,1.04%
10/18/2022,146.5,146.0,147.0,145.5,10070.0,0.69%
10/19/2022,148.0,147.0,148.5,146.5,8630.0,1.02%
10/20/2022,148.5,147.5,149.0,147.0,8830.0,0.34%
10/21/2022,146.0,146.5,148.0,145.5,18400.0,-1.68%
10/25/2022,141.5,144.5,144.5,140.5,44880.0,-3.08%
10/26/2022,141.5,142.0,142.0,140.0,18220.0,0.00%
10/27/2022,143.0,142.0,143.0,141.0,14530.0,1.06%
10/28/2022,142.5,143.0,143.5,142.0,9930.0,-0.35%
10/31/2022,146.0,143.5,146.5,143.0,17750.0,2.46%
11/01/2022,146.5,147.5,147.5,145.5,11550.0,0.34%
11/02/2022,147.0,147.0,147.5,145.5,9630.0,0.34%
11/03/2022,149.5,147.0,149.5,146.5,14690.0,1.70%
11/04/2022,148.5,149.0,149.5,148.0,12160.0,-0.67%
11/07/2022,148.0,149.0,149.5,148.0,5120.0,-0.34%
11/08/2022,148.5,149.0,149.5,148.0,5570.0,0.34%
11/09/2022,147.5,149.5,150.0,147.5,9540.0,-0.67%
11/10/2022,148.0,146.5,149.0,146.0,10170.0,0.34%
11/11/2022,148.0,149.0,149.5,147.5,12980.0,0.00%
11/14/2022,144.5,146.0,147.0,144.0,17570.0,-2.36%
11/15/2022,144.5,144.5,146.0,144.5,13430.0,0.00%
11/16/2022,145.0,144.5,145.0,144.0,9770.0,0.35%
11/17/2022,143.5,145.0,145.0,143.0,10770.0,-1.03%
11/18/2022,143.0,143.5,143.5,142.0,9260.0,-0.35%
11/21/2022,142.5,143.0,143.5,142.0,10000.0,-0.35%
11/22/2022,143.5,142.5,144.0,142.5,5290.0,0.70%
11/23/2022,143.0,143.5,143.5,142.5,6270.0,-0.35%
11/24/2022,143.5,143.5,144.0,143.0,2780.0,0.35%
11/25/2022,143.5,144.0,144.5,143.0,5740.0,0.00%
11/28/2022,143.5,142.5,143.5,141.5,7090.0,0.00%
11/29/2022,145.5,143.5,146.0,143.0,11820.0,1.39%
11/30/2022,144.5,145.0,145.0,144.0,15370.0,-0.69%
12/01/2022,144.0,144.5,145.0,144.0,10180.0,-0.35%
12/02/2022,142.5,143.5,144.0,142.5,9240.0,-1.04%
12/06/2022,142.0,141.5,142.0,141.0,17250.0,-0.35%
12/07/2022,142.5,142.0,144.0,142.0,10370.0,0.35%
12/08/2022,142.0,142.5,143.0,142.0,3490.0,-0.35%
12/09/2022,143.0,143.0,143.0,142.0,3370.0,0.70%
12/13/2022,143.5,144.0,144.0,143.0,5280.0,0.35%
12/14/2022,142.0,144.0,144.0,142.0,7010.0,-1.05%
12/15/2022,143.0,142.5,143.5,142.0,7670.0,0.70%
12/16/2022,143.5,143.0,143.5,142.5,6840.0,0.35%
12/19/2022,144.0,144.0,144.0,143.5,3690.0,0.35%
12/20/2022,143.0,144.0,144.0,143.0,6400.0,-0.69%
12/21/2022,144.5,143.5,144.5,143.0,5610.0,1.05%
12/22/2022,145.0,145.0,145.5,144.0,7340.0,0.35%
12/23/2022,144.0,144.0,144.5,143.0,7340.0,-0.69%
12/26/2022,144.5,143.5,144.5,143.5,1970.0,0.35%
12/27/2022,145.5,144.5,146.0,144.0,10670.0,0.69%
12/28/2022,146.0,145.5,146.5,145.0,7970.0,0.34%
12/29/2022,147.0,146.0,147.0,145.0,7430.0,0.68%
12/30/2022,147.5,147.5,148.5,147.0,11880.0,0.34%
01/03/2023,149.0,148.0,149.5,147.0,12820.0,1.02%
01/04/2023,151.5,149.0,151.5,149.0,23010.0,1.68%
01/05/2023,151.0,152.5,154.0,150.5,24460.0,-0.33%
01/06/2023,153.0,152.0,154.0,151.5,12680.0,1.32%
01/09/2023,154.5,154.5,155.0,153.0,11930.0,0.98%
01/10/2023,155.5,155.0,155.5,153.5,17720.0,0.65%
01/11/2023,155.0,155.0,155.5,154.0,17710.0,-0.32%
01/12/2023,156.5,156.0,157.5,155.5,20050.0,0.97%
01/13/2023,155.0,157.0,157.5,155.0,18390.0,-0.96%
01/16/2023,155.0,155.0,156.0,154.5,7470.0,0.00%
01/17/2023,153.0,155.0,156.0,152.5,10530.0,-1.29%
01/18/2023,152.5,152.0,153.0,151.0,13140.0,-0.33%
01/19/2023,153.5,151.0,154.0,151.0,11860.0,0.66%
01/20/2023,144.5,148.0,148.0,144.5,80180.0,-5.86%
01/23/2023,143.5,144.5,145.0,143.0,32340.0,-0.69%
01/24/2023,143.5,144.5,145.5,143.5,19020.0,0.00%
01/25/2023,143.5,144.0,144.5,143.0,14090.0,0.00%
01/26/2023,145.5,145.0,146.0,144.5,19220.0,1.39%
01/27/2023,147.5,147.0,148.5,146.0,33620.0,1.37%
01/30/2023,146.0,148.0,148.5,146.0,16260.0,-1.02%
01/31/2023,145.0,146.0,146.0,144.0,15250.0,-0.68%
02/01/2023,144.5,145.0,146.0,144.0,20550.0,-0.34%
02/02/2023,144.0,144.5,145.5,144.0,12020.0,-0.35%
02/03/2023,144.0,144.5,145.0,143.5,9400.0,0.00%
02/06/2023,144.0,143.5,144.5,143.5,7690.0,0.00%
02/07/2023,143.5,144.0,144.5,143.5,6620.0,-0.35%
02/08/2023,143.5,143.5,144.5,143.5,6120.0,0.00%
02/09/2023,144.5,143.5,144.5,143.0,11070.0,0.70%
02/10/2023,143.0,144.5,145.0,143.0,17660.0,-1.04%
02/13/2023,143.5,142.5,144.0,142.5,4900.0,0.35%
02/14/2023,142.5,144.0,144.0,142.5,8930.0,-0.70%
02/15/2023,141.5,142.5,142.5,141.0,15550.0,-0.70%
02/16/2023,139.5,141.0,141.5,138.5,17410.0,-1.41%
02/17/2023,138.0,138.5,139.0,137.5,10690.0,-1.08%
02/20/2023,139.0,138.5,140.5,138.0,24620.0,0.72%
02/21/2023,139.5,139.0,139.5,135.0,46620.0,0.36%
02/22/2023,136.5,138.5,139.0,136.5,25070.0,-2.15%
02/23/2023,137.0,137.0,137.0,135.5,22550.0,0.37%
02/24/2023,135.5,136.5,138.0,135.5,19320.0,-1.09%
02/27/2023,136.0,136.0,136.5,135.5,14050.0,0.37%
02/28/2023,137.0,136.5,138.5,136.5,17080.0,0.74%
03/01/2023,136.5,137.5,138.0,136.5,10110.0,-0.36%
03/02/2023,137.0,137.0,138.0,136.5,10570.0,0.37%
03/03/2023,139.5,137.5,139.5,137.0,14730.0,1.82%
03/07/2023,141.0,140.0,141.0,139.5,14540.0,1.08%
03/08/2023,137.5,139.5,140.0,137.5,21650.0,-2.48%
03/09/2023,137.5,137.5,139.0,137.0,15200.0,0.00%
03/10/2023,136.0,135.5,136.0,135.5,12940.0,-1.09%
03/13/2023,128.0,135.0,135.5,128.0,56560.0,-5.88%
03/14/2023,126.5,126.0,129.5,126.0,46180.0,-1.17%
03/15/2023,131.5,129.5,132.0,129.0,23490.0,3.95%
03/16/2023,129.5,128.5,131.0,127.5,24640.0,-1.52%
03/17/2023,132.0,132.0,133.0,130.5,22380.0,1.93%
03/20/2023,129.5,132.0,132.0,128.0,20430.0,-1.89%
03/21/2023,132.0,130.5,132.5,129.5,9060.0,1.93%
03/22/2023,130.5,132.5,133.5,130.0,16580.0,-1.14%
03/23/2023,131.5,130.0,132.5,129.5,11540.0,0.77%
03/24/2023,131.5,132.0,132.5,130.5,10940.0,0.00%
03/27/2023,132.5,131.5,132.5,130.5,10880.0,0.76%
03/28/2023,134.0,133.5,135.0,133.5,17600.0,1.13%
03/29/2023,134.5,134.5,135.0,133.0,14070.0,0.37%
03/30/2023,133.5,134.5,135.5,133.0,10790.0,-0.74%
03/31/2023,132.5,134.0,134.5,132.0,10150.0,-0.75%
04/03/2023,133.0,133.0,134.5,132.5,18050.0,0.38%
04/04/2023,131.5,133.0,133.5,131.0,11940.0,-1.13%
04/05/2023,129.5,131.0,131.5,129.5,23720.0,-1.52%
04/07/2023,130.0,130.0,131.0,129.5,5560.0,0.39%
04/10/2023,132.0,130.5,133.5,130.5,12080.0,1.54%
04/11/2023,135.0,133.0,135.5,132.5,13570.0,2.27%
04/12/2023,136.0,135.0,137.0,134.0,18990.0,0.74%
04/17/2023,133.5,132.0,135.0,132.0,24360.0,-1.84%
04/18/2023,132.5,133.5,133.5,132.0,13900.0,-0.75%
04/19/2023,131.5,132.0,133.0,131.5,11450.0,-0.75%
04/20/2023,126.0,129.0,129.5,125.0,57340.0,-4.18%
04/21/2023,128.5,127.0,129.5,126.5,28780.0,1.98%
04/24/2023,127.5,129.0,129.5,127.0,12120.0,-0.78%
04/25/2023,126.0,128.0,128.0,125.5,16610.0,-1.18%
04/26/2023,127.0,126.0,127.5,126.0,9900.0,0.79%
04/27/2023,126.5,126.5,127.0,126.0,8870.0,-0.39%
04/28/2023,125.0,127.0,127.0,125.0,12030.0,-1.19%
05/02/2023,127.5,126.0,128.0,125.5,10860.0,2.00%
05/03/2023,127.0,127.0,127.5,126.0,7850.0,-0.39%
05/08/2023,129.5,129.0,130.0,128.0,15990.0,1.97%
05/09/2023,133.5,131.0,133.5,130.5,22770.0,3.09%
05/10/2023,134.0,133.0,135.0,132.0,28060.0,0.37%
05/11/2023,134.5,133.0,135.5,133.0,20920.0,0.37%
05/12/2023,135.5,135.0,136.0,134.5,17580.0,0.74%
05/15/2023,137.0,137.0,138.0,136.0,20540.0,1.11%
05/16/2023,135.5,137.5,137.5,134.5,12090.0,-1.09%
05/17/2023,133.5,135.5,136.0,133.0,13700.0,-1.48%
05/18/2023,134.0,134.0,135.5,134.0,8670.0,0.37%
05/19/2023,132.5,134.0,134.5,132.0,10390.0,-1.12%
05/22/2023,133.0,132.0,133.0,131.0,13080.0,0.38%
05/23/2023,134.5,132.0,134.5,131.5,14930.0,1.13%
05/24/2023,136.0,134.5,136.5,134.0,11370.0,1.12%
05/25/2023,134.5,135.5,135.5,134.0,7370.0,-1.10%
05/26/2023,132.5,134.0,134.5,132.0,10520.0,-1.49%
05/29/2023,132.5,133.0,133.5,132.0,9000.0,0.00%
05/30/2023,130.0,132.0,132.5,129.5,17570.0,-1.89%
05/31/2023,129.5,128.5,130.5,128.5,23700.0,-0.38%
06/01/2023,129.0,130.0,130.0,128.5,9670.0,-0.39%
06/02/2023,131.5,130.0,132.0,130.0,9950.0,1.94%
06/06/2023,132.0,132.5,133.0,131.5,9580.0,0.38%
06/07/2023,132.0,132.5,133.0,131.0,7310.0,0.00%
06/08/2023,133.5,131.5,133.5,131.5,20010.0,1.14%
06/09/2023,132.5,133.0,133.5,132.0,15950.0,-0.75%
06/12/2023,132.0,132.5,132.5,131.0,10110.0,-0.38%
06/13/2023,132.5,132.0,133.0,131.5,8550.0,0.38%
06/14/2023,132.5,132.5,133.5,132.0,10110.0,0.00%
06/15/2023,130.5,132.5,132.5,130.0,14960.0,-1.51%
06/16/2023,130.5,131.0,131.5,129.5,16950.0,0.00%
06/19/2023,130.0,130.0,130.5,129.0,9640.0,-0.38%
06/20/2023,129.5,130.5,132.0,129.5,13180.0,-0.38%
06/21/2023,130.0,129.5,130.5,129.0,4800.0,0.39%
06/22/2023,129.5,130.0,130.5,128.5,9480.0,-0.38%
06/23/2023,130.0,129.5,130.0,129.0,4960.0,0.39%
06/26/2023,129.5,129.5,130.5,129.0,4630.0,-0.38%
06/27/2023,129.0,129.5,130.0,128.5,6570.0,-0.39%
06/28/2023,127.5,130.0,130.0,127.5,16380.0,-1.16%
06/29/2023,128.0,127.0,129.5,124.5,24380.0,0.39%
06/30/2023,129.5,128.0,130.0,127.5,10200.0,1.17%
07/03/2023,131.5,130.0,131.5,129.5,7280.0,1.54%
07/04/2023,133.5,131.5,134.0,131.0,18530.0,1.52%
07/05/2023,134.5,133.5,134.5,133.0,13960.0,0.75%
07/06/2023,131.5,134.0,134.0,131.5,10510.0,-2.23%
07/07/2023,129.5,130.5,131.0,129.0,15490.0,-1.52%
07/10/2023,130.5,129.5,131.0,129.0,6740.0,0.77%
07/11/2023,131.5,131.5,132.5,130.5,10430.0,0.77%
07/12/2023,130.5,131.5,132.5,130.0,10090.0,-0.76%
07/13/2023,131.5,130.5,132.0,130.0,10700.0,0.77%
07/14/2023,132.5,131.0,133.0,131.0,7530.0,0.76%
07/17/2023,134.5,133.5,135.0,133.0,12560.0,1.51%
07/18/2023,135.5,134.5,136.0,134.5,14110.0,0.74%
07/19/2023,134.5,136.0,136.5,133.5,12340.0,-0.74%
07/20/2023,133.5,134.5,135.0,133.0,14220.0,-0.74%
07/21/2023,129.0,134.5,135.0,128.0,62730.0,-3.37%
07/24/2023,124.5,128.0,128.5,124.0,76990.0,-3.49%
07/25/2023,124.5,125.0,126.0,124.0,38290.0,0.00%
07/26/2023,123.0,125.0,125.5,122.5,52440.0,-1.20%
07/27/2023,125.0,123.0,125.0,121.5,46460.0,1.63%
07/31/2023,126.0,125.5,126.5,124.5,38000.0,0.80%
08/02/2023,125.5,126.0,127.0,125.0,37490.0,-0.40%
08/03/2023,123.0,125.0,125.0,122.0,40980.0,-1.99%
08/04/2023,122.0,123.0,123.5,121.5,36030.0,-0.81%
08/07/2023,123.0,122.0,124.0,121.5,27880.0,0.82%
08/08/2023,123.0,123.5,124.0,122.5,18030.0,0.00%
08/09/2023,127.0,123.5,127.0,123.0,30680.0,3.25%
08/10/2023,127.0,126.5,127.5,125.5,25760.0,0.00%
08/11/2023,128.0,127.0,128.5,126.5,33150.0,0.79%
08/15/2023,127.0,128.5,128.5,126.0,25590.0,-0.78%
08/16/2023,126.5,126.5,126.5,125.0,16130.0,-0.39%
08/17/2023,127.5,126.5,128.0,125.5,18500.0,0.79%
08/18/2023,128.5,127.0,129.0,126.5,25490.0,0.78%
08/21/2023,129.0,128.5,130.0,128.0,16230.0,0.39%
08/22/2023,130.0,130.5,130.5,129.0,34940.0,0.78%
08/23/2023,132.5,132.0,133.0,130.5,49600.0,1.92%
08/24/2023,131.0,132.5,133.5,130.5,17740.0,-1.13%
08/25/2023,132.0,130.5,132.0,130.0,9300.0,0.76%
08/28/2023,133.0,132.5,133.0,132.0,13330.0,0.76%
08/29/2023,132.5,133.0,133.0,132.0,9140.0,-0.38%
08/30/2023,131.5,131.0,131.5,130.0,21540.0,-0.75%
08/31/2023,130.5,131.0,131.5,130.5,10090.0,-0.76%
09/01/2023,129.5,130.5,131.5,129.5,9730.0,-0.77%
09/04/2023,130.5,130.5,131.5,130.0,6530.0,0.77%
09/05/2023,130.0,130.5,131.0,129.5,4210.0,-0.38%
09/06/2023,131.0,130.0,131.5,130.0,12340.0,0.77%
09/07/2023,130.5,131.5,131.5,130.0,8620.0,-0.38%
09/08/2023,129.5,130.5,131.0,129.5,7540.0,-0.77%
09/11/2023,129.5,129.5,130.5,129.0,6020.0,0.00%
09/12/2023,128.0,129.5,129.5,128.0,7140.0,-1.16%
09/13/2023,128.5,128.0,130.0,128.0,7860.0,0.39%
09/14/2023,131.0,129.0,131.5,129.0,11910.0,1.95%
09/15/2023,130.5,131.5,132.0,130.5,10430.0,-0.38%
09/18/2023,129.0,130.0,130.5,128.5,7230.0,-1.15%
09/19/2023,127.0,129.0,129.5,126.5,13500.0,-1.55%
09/20/2023,128.0,127.0,128.5,126.5,6730.0,0.79%
09/21/2023,127.0,128.0,128.5,127.0,8090.0,-0.78%
09/22/2023,126.0,127.0,127.0,124.5,22930.0,-0.79%
09/25/2023,125.5,126.0,127.0,125.5,10430.0,-0.40%
09/26/2023,123.0,126.0,126.0,122.5,21620.0,-1.99%
09/27/2023,124.5,123.5,124.5,123.0,13260.0,1.22%
09/28/2023,124.5,125.0,126.0,124.0,15620.0,0.00%
09/29/2023,126.0,125.0,127.5,125.0,17970.0,1.20%
10/02/2023,126.0,126.5,127.0,125.0,6600.0,0.00%
10/03/2023,126.5,125.0,126.5,124.0,12930.0,0.40%
10/04/2023,127.0,125.0,127.5,125.0,8450.0,0.40%
10/05/2023,126.5,127.5,128.0,126.0,7290.0,-0.39%
10/06/2023,127.0,127.0,128.0,126.5,9830.0,0.40%
10/09/2023,127.0,126.5,128.0,126.5,7250.0,0.00%
10/10/2023,126.5,128.0,128.0,126.0,6440.0,-0.39%
10/11/2023,128.5,126.5,128.5,126.0,14940.0,1.58%
10/12/2023,127.5,128.0,129.0,127.0,8660.0,-0.78%
10/16/2023,126.0,126.5,127.0,125.0,10230.0,-1.18%
10/17/2023,127.0,126.5,127.5,126.0,6590.0,0.79%
10/18/2023,126.5,126.5,128.0,126.5,8020.0,-0.39%
10/19/2023,126.5,126.5,127.0,125.5,5820.0,0.00%
10/20/2023,129.0,129.0,129.0,127.5,28670.0,1.98%
10/24/2023,130.5,129.5,131.0,129.0,22650.0,1.16%
10/25/2023,133.0,131.5,133.5,130.5,27790.0,1.92%
10/26/2023,129.5,133.0,133.0,129.0,18890.0,-2.63%
10/27/2023,132.0,130.5,132.5,129.5,15260.0,1.93%
10/30/2023,132.5,131.5,132.5,130.5,12580.0,0.38%
10/31/2023,131.5,133.0,133.0,131.0,8620.0,-0.75%
11/01/2023,132.5,131.5,133.0,131.0,11990.0,0.76%
11/02/2023,132.5,133.0,133.5,132.0,11590.0,0.00%
11/03/2023,133.5,133.0,134.5,132.5,12270.0,0.75%
11/06/2023,132.0,134.0,134.0,132.0,10100.0,-1.12%
11/07/2023,131.5,131.5,133.5,130.5,12100.0,-0.38%
11/08/2023,133.0,132.0,133.5,131.0,8140.0,1.14%
11/09/2023,131.5,133.0,133.0,131.0,10410.0,-1.13%
11/10/2023,131.5,131.0,132.5,130.5,10490.0,0.00%
11/13/2023,131.5,131.5,132.0,130.5,6980.0,0.00%
11/14/2023,132.0,132.0,133.0,131.5,8090.0,0.38%
11/15/2023,132.0,133.0,133.0,132.0,12000.0,0.00%
11/16/2023,132.0,132.5,132.5,131.5,3640.0,0.00%
11/17/2023,133.0,131.5,133.5,131.5,9090.0,0.76%
11/20/2023,131.0,133.0,133.0,131.0,6740.0,-1.50%
11/21/2023,131.5,131.5,132.5,131.0,5120.0,0.38%
11/22/2023,132.0,132.0,132.5,131.0,5050.0,0.38%
11/23/2023,132.0,132.5,133.0,131.5,2880.0,0.00%
11/24/2023,132.0,132.0,132.5,131.5,1780.0,0.00%
11/27/2023,132.5,131.5,133.0,131.0,7810.0,0.38%
11/28/2023,133.0,133.0,133.5,132.0,4730.0,0.38%
11/29/2023,131.5,133.0,133.5,131.0,5500.0,-1.13%
11/30/2023,128.0,131.5,131.5,127.5,22950.0,-2.66%
12/01/2023,129.5,129.0,130.0,128.0,5980.0,1.17%
12/04/2023,129.0,128.5,130.0,128.5,4350.0,-0.39%
12/06/2023,127.5,129.0,130.0,127.0,12250.0,-1.16%
12/07/2023,127.5,127.0,128.5,127.0,6580.0,0.00%
12/08/2023,127.0,128.0,128.5,127.0,5340.0,-0.39%
12/12/2023,128.0,128.0,128.5,127.0,11580.0,0.79%
12/13/2023,126.0,128.0,128.0,126.0,5780.0,-1.56%
12/14/2023,128.5,127.0,129.5,127.0,8670.0,1.98%
12/15/2023,130.5,129.0,130.5,128.5,16090.0,1.56%
12/18/2023,130.5,130.0,131.0,128.0,7660.0,0.00%
12/19/2023,130.5,130.5,130.5,129.5,6230.0,0.00%
12/20/2023,131.0,131.0,131.5,130.5,5660.0,0.38%
12/21/2023,131.5,131.0,132.0,131.0,4000.0,0.38%
12/22/2023,131.5,131.5,132.0,131.0,2520.0,0.00%
12/25/2023,131.0,131.5,132.0,130.5,2380.0,-0.38%
12/26/2023,132.0,131.0,132.5,131.0,8050.0,0.76%
12/27/2023,133.0,132.5,133.5,132.0,9790.0,0.76%
12/28/2023,135.0,133.5,135.0,133.0,17290.0,1.50%
01/02/2024,134.5,134.5,135.0,133.5,8400.0,-0.37%
01/03/2024,135.0,134.0,135.0,134.0,4780.0,0.37%
01/04/2024,134.5,134.0,135.0,133.0,8260.0,-0.37%
01/05/2024,136.0,133.5,136.0,133.5,14450.0,1.12%
01/08/2024,132.0,135.5,135.5,132.0,10630.0,-2.94%
01/09/2024,132.5,133.0,134.0,132.0,12150.0,0.38%
01/10/2024,129.5,132.0,132.0,128.5,21430.0,-2.26%
01/11/2024,129.0,129.5,130.5,128.5,11470.0,-0.39%
01/12/2024,132.5,130.0,132.5,129.5,15370.0,2.71%
01/15/2024,131.5,132.5,132.5,131.0,6440.0,-0.75%
01/16/2024,130.5,131.0,131.5,130.5,7330.0,-0.76%
01/17/2024,131.0,130.5,132.0,130.0,12070.0,0.38%
01/18/2024,129.0,131.0,131.5,129.0,11680.0,-1.53%
01/19/2024,125.5,129.0,129.0,125.0,32160.0,-2.71%
01/22/2024,120.5,122.0,123.5,119.0,52930.0,-3.98%
01/23/2024,121.0,120.5,122.5,120.5,23310.0,0.41%
01/24/2024,122.0,121.5,122.5,121.0,25770.0,0.83%
01/25/2024,123.0,122.5,124.0,122.0,17840.0,0.82%
01/26/2024,122.0,123.0,123.5,121.5,16240.0,-0.81%
01/29/2024,122.0,122.0,122.5,120.5,13610.0,0.00%
01/30/2024,121.5,122.5,122.5,121.0,6730.0,-0.41%
01/31/2024,120.0,121.0,121.0,119.0,16150.0,-1.23%
02/01/2024,119.5,120.0,121.5,119.5,7530.0,-0.42%
02/02/2024,121.5,120.5,122.0,120.0,9840.0,1.67%
02/05/2024,121.5,122.0,122.5,121.0,5280.0,0.00%
02/06/2024,122.0,121.5,123.0,121.0,6820.0,0.41%
02/07/2024,123.5,123.5,124.5,123.0,11100.0,1.23%
02/08/2024,120.5,123.5,124.0,120.5,20380.0,-2.43%
02/09/2024,119.5,120.5,121.0,118.5,14680.0,-0.83%
02/12/2024,121.0,120.5,121.5,120.0,4630.0,1.26%
02/13/2024,120.5,121.5,122.0,120.5,7080.0,-0.41%
02/14/2024,120.5,120.0,121.5,120.0,7320.0,0.00%
02/15/2024,119.0,120.5,120.5,118.5,14700.0,-1.24%
02/16/2024,120.0,120.0,120.5,118.5,6750.0,0.84%
02/19/2024,119.5,120.0,120.5,119.0,6100.0,-0.42%
02/20/2024,121.5,120.0,121.5,119.5,7770.0,1.67%
02/21/2024,124.0,122.5,124.0,122.0,19680.0,2.06%
02/22/2024,124.5,123.5,125.0,123.0,11420.0,0.40%
02/23/2024,124.0,125.0,126.0,122.5,11120.0,-0.40%
02/27/2024,123.0,124.0,125.0,122.5,10260.0,-0.81%
02/28/2024,123.0,122.5,123.5,121.5,5850.0,0.00%
02/29/2024,123.0,123.5,124.0,122.5,8950.0,0.00%
03/01/2024,123.5,124.5,126.0,123.5,21820.0,0.41%
03/04/2024,124.0,123.5,124.0,122.0,10230.0,0.40%
03/05/2024,123.5,123.5,124.5,122.5,6170.0,-0.40%
03/06/2024,122.5,123.0,124.0,122.5,10330.0,-0.81%
03/07/2024,122.0,122.5,123.5,122.0,8980.0,-0.41%
03/08/2024,123.5,122.0,123.5,121.5,5680.0,1.23%
03/11/2024,122.0,123.5,123.5,122.0,5430.0,-1.21%
03/12/2024,123.0,123.0,123.5,122.5,4310.0,0.82%
03/13/2024,123.5,123.5,124.0,122.5,7630.0,0.41%
03/14/2024,125.0,124.0,125.0,122.5,17020.0,1.21%
03/15/2024,125.0,125.0,125.0,123.5,10610.0,0.00%
03/18/2024,124.0,125.5,125.5,124.0,10390.0,-0.80%
03/19/2024,124.5,124.5,126.0,124.5,14210.0,0.40%
03/20/2024,124.0,125.0,125.0,123.5,6470.0,-0.40%
03/21/2024,123.5,125.0,125.0,123.5,10440.0,-0.40%
03/22/2024,124.0,123.5,125.0,123.5,6710.0,0.40%
03/25/2024,122.0,124.0,124.5,122.0,9080.0,-1.61%
03/26/2024,125.0,122.0,125.0,122.0,9360.0,2.46%
03/27/2024,124.5,124.5,125.5,124.5,4490.0,-0.40%
03/28/2024,124.0,125.0,125.0,123.5,4530.0,-0.40%
03/29/2024,124.0,124.5,125.0,124.0,2570.0,0.00%
04/01/2024,124.0,124.5,125.0,124.0,2960.0,0.00%
04/02/2024,122.5,124.0,124.0,121.5,14670.0,-1.21%
04/03/2024,122.5,122.5,123.5,121.5,8870.0,0.00%
04/04/2024,122.5,123.0,123.5,122.5,3550.0,0.00%
04/05/2024,124.0,122.5,124.0,122.0,5050.0,1.22%
04/09/2024,125.5,124.0,125.5,123.5,13310.0,1.21%
04/10/2024,126.0,125.5,126.5,124.5,12710.0,0.40%
04/11/2024,126.5,126.0,128.0,125.5,12510.0,0.40%
04/17/2024,125.0,126.0,126.5,124.5,13020.0,-1.19%
04/18/2024,126.0,125.5,127.0,125.0,16150.0,0.80%
04/19/2024,124.0,125.0,125.0,123.5,13640.0,-1.59%
04/22/2024,124.0,122.5,124.5,121.5,23600.0,0.00%
04/23/2024,125.0,125.0,130.0,125.0,34580.0,0.81%
04/24/2024,127.0,126.0,127.0,124.0,13550.0,1.60%
04/25/2024,126.5,127.0,127.5,126.0,14250.0,-0.39%
04/26/2024,129.0,127.0,130.0,126.5,32820.0,1.98%
04/29/2024,129.5,129.5,130.5,129.0,12860.0,0.39%
04/30/2024,130.5,132.0,132.0,130.0,14050.0,0.77%
05/02/2024,131.0,130.5,131.5,130.5,5930.0,0.38%
05/03/2024,131.0,130.5,131.0,130.0,8220.0,0.00%
05/07/2024,132.0,131.5,132.5,131.0,11030.0,0.76%
05/08/2024,132.5,132.5,134.0,132.5,13800.0,0.38%
05/09/2024,133.0,132.5,134.0,132.5,9130.0,0.38%
05/10/2024,133.5,133.0,134.0,133.0,5470.0,0.38%
05/13/2024,133.0,133.5,133.5,132.0,8720.0,-0.37%
05/14/2024,132.0,132.5,133.5,130.5,11790.0,-0.75%
05/15/2024,131.5,132.5,132.5,131.5,6660.0,-0.38%
05/16/2024,133.5,132.0,134.0,132.0,9220.0,1.52%
05/17/2024,134.0,133.5,134.0,133.0,8410.0,0.37%
05/20/2024,134.0,134.0,134.5,133.5,4750.0,0.00%
05/21/2024,134.0,134.0,134.5,133.5,6950.0,0.00%
05/23/2024,134.0,134.0,135.0,134.0,5210.0,0.00%
05/24/2024,134.5,134.0,135.0,133.5,5740.0,0.37%
05/27/2024,134.0,134.5,135.0,134.0,4570.0,-0.37%
05/28/2024,133.5,134.0,134.0,133.0,4390.0,-0.37%
05/29/2024,132.5,133.5,134.0,132.5,4830.0,-0.75%
05/30/2024,131.0,132.0,132.0,129.5,14240.0,-1.13%
05/31/2024,131.0,131.0,132.0,130.0,12590.0,0.00%
06/04/2024,130.0,132.0,132.0,129.5,5080.0,-0.76%
06/05/2024,129.0,130.5,131.5,129.0,6530.0,-0.77%
06/06/2024,128.0,129.0,129.0,127.5,8260.0,-0.78%
06/07/2024,128.5,128.0,130.0,127.5,7600.0,0.39%
06/10/2024,127.5,128.5,128.5,127.0,4430.0,-0.78%
06/11/2024,125.5,127.5,127.5,125.5,9400.0,-1.57%
06/12/2024,126.0,125.5,127.5,125.0,6060.0,0.40%
06/13/2024,129.0,127.0,130.0,127.0,11660.0,2.38%
06/14/2024,130.0,130.0,130.5,129.0,5260.0,0.78%
06/17/2024,126.5,129.5,130.0,126.0,11420.0,-2.69%
06/18/2024,126.0,126.0,126.5,125.0,19050.0,-0.40%
06/19/2024,124.5,125.0,125.5,121.5,32210.0,-1.19%
06/20/2024,124.5,124.5,125.0,123.5,10040.0,0.00%
06/21/2024,125.0,124.5,125.5,123.5,7480.0,0.40%
06/24/2024,127.0,125.5,127.0,125.0,5940.0,1.60%
06/25/2024,127.5,127.5,128.0,126.5,8240.0,0.39%
06/26/2024,126.5,127.5,127.5,126.5,7090.0,-0.78%
06/27/2024,126.0,126.0,127.0,125.5,7510.0,-0.40%
06/28/2024,125.5,127.0,127.0,125.5,8600.0,-0.40%
07/01/2024,125.5,126.5,126.5,125.5,4990.0,0.00%
07/02/2024,124.5,124.5,125.0,123.0,7920.0,-0.80%
07/03/2024,126.0,124.5,126.0,124.0,9640.0,1.20%
07/04/2024,127.5,127.0,128.0,126.5,6170.0,1.19%
07/05/2024,129.5,127.5,130.0,127.5,8330.0,1.57%
07/08/2024,130.0,129.0,130.0,128.5,6600.0,0.39%
07/09/2024,128.5,129.0,129.5,127.5,9250.0,-1.15%
07/10/2024,128.5,128.5,129.5,127.5,3660.0,0.00%
07/11/2024,128.0,128.5,129.0,127.0,5920.0,-0.39%
07/12/2024,128.0,128.5,129.0,128.0,7570.0,0.00%
07/15/2024,124.5,127.5,127.5,124.5,9350.0,-2.73%
07/16/2024,125.5,126.0,126.5,125.0,6120.0,0.80%
07/17/2024,126.5,126.0,127.0,125.5,9480.0,0.80%
07/18/2024,127.5,127.5,128.5,127.5,8110.0,0.79%
07/19/2024,128.0,129.0,129.5,126.5,14840.0,0.39%
07/23/2024,128.5,129.0,130.0,127.5,7730.0,0.39%
07/24/2024,127.5,129.0,129.0,127.5,3900.0,-0.78%
07/25/2024,127.0,127.5,128.5,127.0,5440.0,-0.39%
07/26/2024,128.0,127.0,128.5,127.0,6990.0,0.79%
07/30/2024,132.0,129.0,133.5,128.0,25070.0,3.13%
07/31/2024,131.5,133.0,133.0,131.5,8700.0,-0.38%
08/01/2024,133.0,134.5,134.5,132.5,9650.0,1.14%
08/02/2024,133.0,132.5,133.0,132.0,6720.0,0.00%
08/05/2024,129.5,131.5,132.0,129.5,9440.0,-2.63%
08/06/2024,129.0,131.0,132.0,129.0,6230.0,-0.39%
08/07/2024,130.0,130.0,131.0,129.5,6340.0,0.78%
08/08/2024,128.5,128.0,129.0,127.0,16550.0,-1.15%
08/09/2024,129.5,129.5,130.5,128.5,7490.0,0.78%
08/13/2024,132.5,130.5,132.5,130.0,8190.0,2.32%
08/14/2024,131.0,132.5,132.5,129.5,8940.0,-1.13%
08/15/2024,130.5,131.0,131.0,128.5,9200.0,-0.38%
08/16/2024,133.5,131.0,134.0,130.5,12030.0,2.30%
08/19/2024,138.5,134.0,138.5,133.0,34960.0,3.75%
08/20/2024,138.5,139.0,140.0,138.0,17230.0,0.00%
08/21/2024,140.0,139.0,140.5,138.5,8770.0,1.08%
08/22/2024,140.0,140.0,141.0,139.5,12660.0,0.00%
08/23/2024,143.0,140.5,143.0,140.0,22850.0,2.14%
08/26/2024,144.5,143.5,144.5,141.5,12440.0,1.05%
08/27/2024,143.5,144.0,144.5,142.5,12030.0,-0.69%
08/28/2024,143.5,143.0,144.0,142.5,9050.0,0.00%
08/29/2024,143.5,144.0,145.5,143.0,13690.0,0.00%
08/30/2024,143.0,143.5,144.0,142.5,12260.0,-0.35%
09/02/2024,141.5,142.5,143.0,140.5,11720.0,-1.05%
09/03/2024,144.0,142.0,144.5,142.0,14860.0,1.77%
09/04/2024,143.0,143.0,144.0,142.5,10780.0,-0.69%
09/05/2024,146.5,144.5,147.5,144.5,21670.0,2.45%
09/06/2024,152.5,147.0,152.5,147.0,35270.0,4.10%
09/09/2024,155.5,157.0,159.0,154.0,33330.0,1.97%
09/10/2024,155.5,155.0,156.0,154.5,18340.0,0.00%
09/11/2024,156.0,155.0,156.0,154.5,17920.0,0.32%
09/12/2024,158.0,156.5,158.0,155.5,18750.0,1.28%
09/13/2024,157.5,158.0,158.5,157.0,15890.0,-0.32%
09/16/2024,157.5,157.0,158.0,156.5,10930.0,0.00%
09/17/2024,158.0,157.5,158.0,157.0,5620.0,0.32%
09/18/2024,157.0,158.5,158.5,156.5,20350.0,-0.63%
09/19/2024,157.0,155.5,157.0,154.5,17420.0,0.00%
09/20/2024,157.5,157.0,157.5,156.0,12870.0,0.32%
09/23/2024,158.0,157.5,159.0,157.0,12400.0,0.32%
09/24/2024,156.5,158.0,158.5,156.5,9930.0,-0.95%
09/25/2024,156.0,156.5,157.5,155.5,7300.0,-0.32%
09/26/2024,154.0,156.0,156.5,153.0,12680.0,-1.28%
09/27/2024,149.5,153.5,153.5,148.0,21730.0,-2.92%
09/30/2024,150.0,149.0,151.5,148.0,16140.0,0.33%
10/01/2024,152.0,150.0,153.0,149.5,11790.0,1.33%
10/02/2024,151.0,152.0,153.0,150.0,13700.0,-0.66%
10/03/2024,149.0,150.5,151.5,149.0,11780.0,-1.32%
10/04/2024,149.5,149.0,150.5,148.5,9130.0,0.34%
10/07/2024,150.0,150.5,152.0,149.5,8970.0,0.33%
10/08/2024,152.0,150.0,152.0,149.0,11110.0,1.33%
10/09/2024,152.0,152.5,154.0,152.0,7430.0,0.00%
10/10/2024,152.5,153.0,153.0,151.5,6000.0,0.33%
10/11/2024,154.0,153.0,154.5,152.5,16420.0,0.98%
10/15/2024,154.0,155.0,155.5,153.5,12730.0,0.00%
10/16/2024,151.0,153.5,154.0,151.0,14440.0,-1.95%
10/17/2024,154.0,150.5,154.0,150.5,10960.0,1.99%
10/18/2024,151.5,154.0,154.0,151.5,7070.0,-1.62%
10/21/2024,150.0,152.5,153.0,149.0,10000.0,-0.99%
10/22/2024,147.0,149.0,149.5,145.0,22550.0,-2.00%
10/24/2024,146.5,147.5,148.5,146.0,13270.0,-0.34%
10/25/2024,147.5,147.0,148.5,146.5,8290.0,0.68%
10/28/2024,149.0,148.0,149.0,148.0,3810.0,1.02%
10/29/2024,148.5,149.0,149.5,148.0,3210.0,-0.34%
10/30/2024,145.5,148.0,148.5,145.5,6250.0,-2.02%
10/31/2024,146.5,145.5,147.5,145.5,7160.0,0.69%
11/01/2024,147.0,146.5,147.5,146.5,4080.0,0.34%
11/04/2024,146.5,147.0,147.5,146.0,3860.0,-0.34%
11/05/2024,146.5,146.5,147.5,146.0,5280.0,0.00%
11/06/2024,146.5,147.0,149.0,146.5,7040.0,0.00%
11/07/2024,148.0,147.0,148.5,147.0,11880.0,1.02%
11/08/2024,148.5,148.5,149.0,148.0,8790.0,0.34%
11/11/2024,147.5,148.0,148.5,146.5,5860.0,-0.67%
11/12/2024,147.0,147.5,148.0,147.0,3750.0,-0.34%
11/13/2024,148.0,147.5,148.5,147.5,4040.0,0.68%
11/14/2024,146.0,147.5,147.5,145.5,9960.0,-1.35%
11/15/2024,147.5,146.0,148.0,146.0,7020.0,1.03%
11/18/2024,149.0,148.0,149.5,148.0,12730.0,1.02%
11/19/2024,149.5,150.0,151.0,148.5,9810.0,0.34%
11/20/2024,148.5,148.5,149.5,147.0,7800.0,-0.67%
11/21/2024,149.0,149.0,150.0,148.5,4770.0,0.34%
11/22/2024,149.5,150.0,150.0,148.5,7660.0,0.34%
11/25/2024,150.0,150.0,151.0,149.5,10820.0,0.33%
11/26/2024,149.5,150.5,151.0,149.5,4670.0,-0.33%
11/27/2024,149.5,149.5,149.5,149.0,5250.0,0.00%
11/28/2024,150.0,150.0,150.5,149.5,3820.0,0.33%
11/29/2024,150.5,149.5,151.0,149.5,5660.0,0.33%
12/02/2024,151.5,150.5,151.5,149.0,5380.0,0.66%
12/03/2024,153.5,150.5,153.5,150.5,17710.0,1.32%
12/04/2024,155.0,153.5,155.5,153.0,15860.0,0.98%
12/06/2024,156.0,155.5,156.5,154.5,7540.0,0.65%
12/09/2024,156.5,157.0,157.5,155.5,17010.0,0.32%
12/11/2024,154.5,156.0,156.5,154.0,9900.0,-1.28%
12/12/2024,156.5,155.0,157.5,155.0,14170.0,1.29%
12/13/2024,158.0,157.0,158.5,156.0,12710.0,0.96%
12/16/2024,157.0,157.0,157.5,156.5,6010.0,-0.63%
12/17/2024,153.5,157.0,157.5,153.5,7100.0,-2.23%
12/18/2024,154.5,155.0,155.0,153.5,6640.0,0.65%
12/19/2024,154.0,153.0,154.0,152.5,9570.0,-0.32%
12/20/2024,152.5,153.0,153.0,151.5,8420.0,-0.97%
12/23/2024,154.5,152.0,154.5,152.0,3970.0,1.31%
12/24/2024,154.5,155.0,156.0,154.5,4060.0,0.00%
12/25/2024,156.0,155.0,156.5,155.0,5150.0,0.97%
12/26/2024,157.0,156.0,157.5,156.0,5350.0,0.64%
12/27/2024,156.0,157.0,157.5,156.0,4970.0,-0.64%
12/30/2024,155.5,156.0,157.0,155.5,3800.0,-0.32%
01/02/2025,155.0,155.0,156.0,154.5,4250.0,-0.32%
01/03/2025,154.5,155.0,156.0,154.0,4380.0,-0.32%
01/06/2025,158.0,155.0,159.0,154.5,14870.0,2.27%
01/07/2025,159.5,159.0,160.0,158.5,17610.0,0.95%
01/08/2025,159.0,158.5,160.5,157.0,8200.0,-0.31%
01/09/2025,160.0,159.0,160.0,158.0,7650.0,0.63%
01/10/2025,159.5,161.0,161.0,158.0,7860.0,-0.31%
01/13/2025,162.0,159.5,163.0,159.5,13830.0,1.57%
01/14/2025,162.0,162.5,162.5,160.5,10910.0,0.00%
01/15/2025,163.5,162.0,163.5,160.5,12130.0,0.93%
01/16/2025,161.5,163.0,163.0,160.0,10690.0,-1.22%
01/17/2025,161.0,160.5,161.5,160.0,9680.0,-0.31%
01/20/2025,160.0,160.5,161.0,158.5,6400.0,-0.62%
01/21/2025,158.5,160.0,160.0,156.5,16190.0,-0.94%
01/22/2025,159.5,158.0,161.0,156.0,15490.0,0.63%
01/23/2025,159.0,160.0,161.5,159.0,7940.0,-0.31%
01/24/2025,158.5,159.0,161.0,158.0,7190.0,-0.31%
01/27/2025,159.0,158.0,160.0,158.0,3670.0,0.32%
01/28/2025,161.0,159.5,161.5,159.0,7820.0,1.26%
01/29/2025,160.0,161.5,161.5,160.0,3240.0,-0.62%
01/30/2025,161.5,160.5,161.5,160.0,3400.0,0.94%
01/31/2025,160.5,161.0,161.5,159.5,6840.0,-0.62%
02/03/2025,159.0,157.5,159.5,156.5,18040.0,-0.93%
02/04/2025,163.0,160.0,163.5,159.5,15270.0,2.52%
02/05/2025,160.5,163.5,163.5,160.0,12860.0,-1.53%
02/06/2025,161.0,161.5,162.0,160.0,6950.0,0.31%
02/07/2025,160.0,160.5,161.0,158.0,9420.0,-0.62%
02/10/2025,159.0,159.5,160.0,158.0,11390.0,-0.63%
02/11/2025,158.0,159.0,160.0,158.0,8680.0,-0.63%
02/13/2025,155.0,159.5,160.0,154.5,15510.0,-1.90%
02/14/2025,153.5,155.5,155.5,153.0,14830.0,-0.97%
02/17/2025,158.0,155.0,158.0,154.0,8470.0,2.93%
02/18/2025,162.5,159.5,162.5,158.0,18110.0,2.85%
02/19/2025,163.5,162.5,163.5,161.5,13260.0,0.62%
02/20/2025,164.0,163.5,164.5,161.0,13940.0,0.31%
02/21/2025,159.0,163.0,163.5,159.0,13120.0,-3.05%
02/24/2025,157.5,159.5,160.5,157.5,7660.0,-0.94%
02/25/2025,154.5,157.5,158.5,154.5,11130.0,-1.90%
02/26/2025,150.0,154.5,157.0,149.5,19680.0,-2.91%
02/27/2025,151.5,148.5,154.0,147.5,14920.0,1.00%
02/28/2025,151.5,150.5,151.5,148.5,14400.0,0.00%
03/03/2025,152.5,152.5,154.0,151.5,10450.0,0.66%
03/04/2025,152.5,152.5,153.5,150.0,8210.0,0.00%
03/05/2025,151.5,152.5,152.5,150.5,8020.0,-0.66%
03/06/2025,148.5,151.0,151.0,148.5,8240.0,-1.98%
03/07/2025,148.0,147.0,148.5,146.0,13980.0,-0.34%
03/10/2025,148.0,148.5,150.5,148.0,9530.0,0.00%
03/11/2025,150.5,147.0,150.5,146.0,10840.0,1.69%
03/12/2025,151.0,151.0,151.5,149.0,11380.0,0.33%
03/13/2025,149.5,150.5,151.0,149.0,9410.0,-0.99%
03/14/2025,149.0,149.5,150.0,148.0,11220.0,-0.33%
03/17/2025,152.5,153.0,154.0,151.5,19980.0,2.35%
03/18/2025,156.0,153.5,157.5,153.0,16730.0,2.30%
03/19/2025,157.5,156.5,158.5,155.5,14360.0,0.96%
03/20/2025,160.5,159.5,162.0,159.0,19030.0,1.90%
03/21/2025,164.0,161.0,164.0,161.0,12280.0,2.18%
03/24/2025,162.5,163.5,163.5,161.0,6900.0,-0.91%
03/25/2025,162.0,162.5,163.5,162.0,6910.0,-0.31%
03/26/2025,162.5,162.0,163.0,161.0,7610.0,0.31%
03/27/2025,164.5,163.0,165.0,162.5,9190.0,1.23%
03/28/2025,164.0,164.0,165.0,163.5,3440.0,-0.30%
03/31/2025,161.5,162.0,163.5,161.0,12870.0,-1.52%
04/01/2025,163.5,162.0,164.0,161.5,9220.0,1.24%
04/02/2025,164.0,163.5,164.0,163.0,7960.0,0.31%
04/03/2025,161.5,163.0,163.5,161.0,18800.0,-1.52%
04/04/2025,159.5,161.0,161.0,157.0,20570.0,-1.24%
04/08/2025,146.0,152.0,155.5,145.0,35640.0,-8.46%
04/09/2025,149.5,146.0,150.5,145.0,22220.0,2.40%
04/10/2025,152.0,155.0,155.5,152.0,26300.0,1.67%
04/11/2025,151.0,149.5,152.0,148.5,16750.0,-0.66%
04/16/2025,154.5,150.5,155.5,150.5,25090.0,2.32%
04/17/2025,151.0,147.5,152.0,147.0,18870.0,-2.27%
04/18/2025,148.5,151.0,151.5,148.0,12580.0,-1.66%
04/21/2025,148.5,150.5,151.5,148.0,16250.0,0.00%
04/22/2025,149.0,147.5,149.0,147.0,16500.0,0.34%
04/23/2025,151.5,150.0,152.0,149.5,12690.0,1.68%
04/24/2025,154.0,151.0,154.5,150.0,21650.0,1.65%
04/25/2025,154.0,154.5,155.0,153.5,11790.0,0.00%
04/28/2025,154.5,154.0,155.0,154.0,10870.0,0.32%
04/29/2025,154.5,155.0,155.5,153.5,9610.0,0.00%
04/30/2025,159.5,154.5,160.0,153.5,25340.0,3.24%
05/02/2025,159.0,160.5,161.0,157.5,13150.0,-0.31%
05/06/2025,162.0,159.5,163.5,159.5,23600.0,1.89%
05/07/2025,164.5,162.5,164.5,162.0,18400.0,1.54%
05/08/2025,165.0,165.0,166.0,164.0,7970.0,0.30%
05/09/2025,164.5,165.0,165.0,163.0,12360.0,-0.30%
05/13/2025,164.0,163.5,165.0,163.0,11540.0,-0.30%
05/14/2025,164.0,163.0,164.0,162.0,11710.0,0.00%
05/15/2025,162.0,161.5,163.0,161.0,9320.0,-1.22%
05/16/2025,163.5,162.0,163.5,161.5,11850.0,0.93%
05/19/2025,163.5,163.0,164.5,161.5,16240.0,0.00%
05/20/2025,167.5,164.0,167.5,163.0,42380.0,2.45%
05/21/2025,164.5,167.0,167.5,164.0,28540.0,-1.79%
05/22/2025,164.0,163.5,165.5,163.5,22230.0,-0.30%
05/23/2025,164.0,165.0,166.0,163.0,19880.0,0.00%
05/26/2025,163.5,164.5,165.0,162.5,6140.0,-0.30%
05/27/2025,161.0,163.0,163.0,159.5,20110.0,-1.53%
05/28/2025,156.0,161.0,161.0,155.5,29820.0,-3.11%
05/29/2025,154.5,156.5,156.5,153.5,14690.0,-0.96%
05/30/2025,154.0,153.5,155.5,153.5,15780.0,-0.32%
06/04/2025,152.5,154.0,156.0,152.5,12800.0,-0.97%
06/05/2025,156.5,152.5,157.5,151.5,19300.0,2.62%
06/06/2025,155.0,157.0,157.5,154.0,7630.0,-0.96%
06/09/2025,155.0,156.0,156.5,154.5,5700.0,0.00%
06/10/2025,156.0,155.0,156.5,154.5,10250.0,0.65%
06/11/2025,156.0,155.5,156.0,155.0,6660.0,0.00%
06/12/2025,152.5,155.5,156.5,152.0,13580.0,-2.24%
06/13/2025,152.5,151.5,154.5,151.5,24750.0,0.00%
06/16/2025,152.5,153.0,154.0,152.0,16880.0,0.00%
06/17/2025,153.5,152.5,153.5,152.5,8020.0,0.66%
06/18/2025,151.0,153.0,153.5,151.0,13400.0,-1.63%
06/19/2025,148.5,148.0,150.0,147.0,19530.0,-1.66%
06/20/2025,151.5,148.5,153.0,148.5,15150.0,2.02%
06/23/2025,152.0,151.0,152.5,150.5,7650.0,0.33%
06/24/2025,155.0,153.5,155.0,152.5,11260.0,1.97%
06/25/2025,154.5,154.0,155.0,153.0,10010.0,-0.32%
06/26/2025,155.5,155.0,157.0,154.5,10360.0,0.65%
06/27/2025,154.0,155.0,155.5,153.0,8220.0,-0.96%
06/30/2025,153.5,154.0,154.0,151.5,10490.0,-0.32%
07/01/2025,154.5,153.0,155.5,152.0,14690.0,0.65%
07/02/2025,155.5,153.0,156.0,153.0,12880.0,0.65%
07/03/2025,155.5,155.0,156.5,155.0,10630.0,0.00%
07/04/2025,156.0,156.0,156.5,155.0,4600.0,0.32%
07/07/2025,156.5,155.5,157.0,155.0,7550.0,0.32%
07/08/2025,156.5,155.5,157.0,155.5,9310.0,0.00%
07/09/2025,157.5,156.5,159.5,156.5,12600.0,0.64%
07/11/2025,157.5,158.5,159.0,157.0,11850.0,0.00%
07/14/2025,158.5,157.5,158.5,157.5,5760.0,0.63%
07/15/2025,156.5,157.5,158.0,154.0,16200.0,-1.26%
07/16/2025,157.0,157.0,159.0,156.0,11990.0,0.32%
07/17/2025,158.0,157.0,158.5,156.5,10700.0,0.64%
07/18/2025,160.0,159.0,161.5,158.5,17370.0,1.27%
07/21/2025,160.5,159.0,160.5,159.0,15240.0,0.31%
07/22/2025,158.0,158.5,159.0,157.0,29010.0,-1.56%
07/23/2025,159.5,158.5,160.5,158.5,12210.0,0.95%
07/24/2025,160.5,159.0,161.0,159.0,15290.0,0.63%
07/25/2025,159.0,160.0,160.0,158.0,6650.0,-0.93%
07/29/2025,160.5,159.0,160.5,158.5,8960.0,0.94%
07/30/2025,160.5,160.5,161.0,160.0,8160.0,0.00%
07/31/2025,162.0,160.0,162.0,159.5,9340.0,0.93%
08/01/2025,160.5,162.0,162.5,160.0,6500.0,-0.93%
08/04/2025,162.5,161.0,162.5,160.0,9680.0,1.25%
08/05/2025,164.0,161.5,164.0,161.5,11620.0,0.92%
08/06/2025,166.5,165.0,166.5,165.0,11760.0,1.52%
08/07/2025,166.5,166.5,168.5,165.5,18780.0,0.00%
08/08/2025,168.0,166.5,169.5,166.5,13320.0,0.90%
08/13/2025,169.0,169.0,170.0,167.5,14990.0,0.60%
08/14/2025,169.0,168.5,169.0,167.5,8450.0,0.00%
08/15/2025,169.0,168.5,170.0,168.5,7170.0,0.00%
08/18/2025,168.5,169.0,170.0,168.0,5260.0,-0.30%
08/19/2025,169.0,168.5,171.5,168.0,18380.0,0.30%
08/20/2025,169.5,169.0,171.0,168.0,11760.0,0.30%
08/21/2025,167.0,170.0,170.5,166.5,16540.0,-1.47%
08/22/2025,167.0,167.5,168.5,166.0,14390.0,0.00%
08/25/2025,165.5,167.5,168.0,164.5,16170.0,-0.90%
08/26/2025,164.0,165.0,166.0,163.5,18510.0,-0.91%
08/27/2025,163.5,164.5,165.5,163.0,15170.0,-0.30%
08/28/2025,167.5,164.0,168.0,164.0,12470.0,2.45%
08/29/2025,168.5,168.0,169.5,167.5,17760.0,0.60%
09/01/2025,170.5,168.0,171.0,167.5,8650.0,1.19%
09/02/2025,170.5,171.0,171.0,169.0,6630.0,0.00%
09/03/2025,170.5,171.0,172.0,169.5,8220.0,0.00%
09/04/2025,171.0,171.0,171.5,169.5,10700.0,0.29%
09/05/2025,170.0,171.0,171.0,167.5,16480.0,-0.58%
09/08/2025,172.0,171.0,173.0,171.0,12680.0,1.18%
09/09/2025,171.0,172.0,173.0,170.0,11690.0,-0.58%
09/10/2025,168.5,169.5,169.5,168.0,6920.0,-1.46%
09/11/2025,167.5,168.5,169.0,167.0,9080.0,-0.59%
09/12/2025,166.0,167.0,168.0,166.0,10380.0,-0.90%
09/15/2025,167.0,166.5,168.0,165.5,6310.0,0.60%
09/16/2025,164.0,167.0,167.0,164.0,16550.0,-1.80%
09/17/2025,163.5,165.0,165.0,163.0,16870.0,-0.30%
09/18/2025,162.5,164.0,164.5,162.5,8230.0,-0.61%
09/19/2025,164.5,163.5,165.5,163.0,6680.0,1.23%
09/22/2025,163.0,165.0,165.5,163.0,7090.0,-0.91%
09/23/2025,163.0,163.5,164.5,162.5,5780.0,0.00%
09/24/2025,163.0,164.0,165.5,162.0,10650.0,0.00%
09/25/2025,166.5,164.0,166.5,163.5,9090.0,2.15%
09/26/2025,166.0,166.5,168.0,165.0,9940.0,-0.30%
09/29/2025,168.0,167.5,169.0,166.5,10560.0,1.20%
09/30/2025,167.5,168.0,168.5,166.5,7000.0,-0.30%
10/01/2025,165.5,166.5,167.0,165.0,6690.0,-1.19%
10/02/2025,165.5,166.0,167.5,165.5,6220.0,0.00%
10/03/2025,165.5,165.5,166.0,165.0,4820.0,0.00%
10/06/2025,165.0,165.5,166.0,164.5,6120.0,-0.30%
10/07/2025,166.0,165.5,166.5,165.0,4440.0,0.61%
10/08/2025,167.5,167.0,168.0,166.0,6060.0,0.90%
10/09/2025,166.5,167.0,167.0,166.0,6000.0,-0.60%
10/10/2025,166.5,167.0,167.5,165.5,8730.0,0.00%
10/14/2025,166.5,166.5,167.0,166.0,10280.0,0.00%
10/15/2025,170.5,167.5,171.0,167.0,16960.0,2.40%
10/16/2025,171.0,172.0,173.0,170.0,13190.0,0.29%
10/17/2025,171.5,170.5,172.5,170.5,10000.0,0.29%
10/20/2025,173.0,173.0,173.5,171.0,5590.0,0.87%
10/21/2025,177.5,174.0,178.0,174.0,18880.0,2.60%
10/22/2025,180.5,178.0,182.0,177.0,29230.0,1.69%
10/24/2025,183.0,184.5,185.5,182.5,16590.0,1.39%
10/27/2025,180.5,183.0,183.0,180.5,19330.0,-1.37%
10/28/2025,180.5,180.5,181.0,178.0,11020.0,0.00%
10/29/2025,179.0,180.0,180.0,178.5,11510.0,-0.83%
10/30/2025,185.5,178.5,186.0,178.5,25100.0,3.63%
10/31/2025,186.5,184.5,188.0,184.5,15930.0,0.54%
11/03/2025,187.5,186.5,187.5,183.5,16720.0,0.54%
11/04/2025,185.0,186.5,188.5,184.5,13930.0,-1.33%
11/05/2025,182.5,184.5,185.5,182.0,18320.0,-1.35%
11/06/2025,183.0,183.0,184.0,181.0,13290.0,0.27%
11/07/2025,180.0,182.5,183.0,179.5,10890.0,-1.64%
11/10/2025,182.0,180.5,182.5,180.0,10170.0,1.11%
11/11/2025,181.0,182.5,183.5,180.0,11730.0,-0.55%
11/12/2025,181.5,181.0,182.0,180.5,5910.0,0.28%
11/13/2025,182.5,181.5,183.0,181.5,4780.0,0.55%
11/14/2025,182.0,182.0,183.0,181.5,7670.0,-0.27%
11/17/2025,185.5,182.5,185.5,181.5,18360.0,1.92%
11/18/2025,186.0,185.0,186.5,184.0,11940.0,0.27%
11/19/2025,185.0,186.5,186.5,184.0,10680.0,-0.54%
11/20/2025,187.0,185.5,187.5,184.5,7740.0,1.08%
11/21/2025,186.5,186.5,187.0,185.5,10000.0,-0.27%
11/24/2025,188.0,186.5,188.5,186.0,12200.0,0.80%
11/25/2025,188.0,188.0,188.5,187.0,5060.0,0.00%
11/26/2025,188.5,189.0,189.0,187.5,4960.0,0.27%
11/27/2025,187.0,188.5,188.5,186.0,3310.0,-0.80%
11/28/2025,186.5,187.5,188.0,186.0,6780.0,-0.27%
12/01/2025,189.0,186.5,189.0,186.5,10020.0,1.34%
12/02/2025,190.0,189.0,191.5,188.5,11600.0,0.53%
12/03/2025,191.0,189.5,191.5,188.5,9550.0,0.53%
12/04/2025,191.0,191.0,192.0,190.0,10720.0,0.00%
12/08/2025,191.5,193.0,194.0,189.0,14260.0,0.26%
12/09/2025,191.5,191.0,192.0,190.0,9590.0,0.00%
12/11/2025,192.5,192.0,193.0,191.0,9260.0,0.52%
12/12/2025,192.0,192.0,193.0,190.0,8100.0,-0.26%
12/15/2025,191.0,191.5,192.0,190.5,14470.0,-0.52%
12/16/2025,190.5,191.0,191.5,190.5,9600.0,-0.26%
12/17/2025,190.5,191.0,192.0,190.5,8660.0,0.00%
12/18/2025,197.0,191.5,197.0,191.0,12010.0,3.41%
12/19/2025,195.5,197.0,197.0,194.0,8480.0,-0.76%
12/22/2025,192.5,195.5,195.5,191.0,10590.0,-1.53%
12/23/2025,192.5,193.0,194.0,192.0,5370.0,0.00%
12/24/2025,192.5,192.5,193.5,191.0,4040.0,0.00%
12/25/2025,193.5,192.5,193.5,192.0,2310.0,0.52%
12/26/2025,194.0,193.5,194.5,192.5,2810.0,0.26%
12/29/2025,193.5,194.0,194.0,192.5,5290.0,-0.26%
12/30/2025,194.5,193.0,195.5,193.0,8280.0,0.52%
01/05/2026,194.5,195.5,198.0,194.5,9310.0,0.00%
01/06/2026,194.5,192.0,194.5,192.0,7360.0,0.00%
01/07/2026,191.5,194.5,195.0,191.5,9610.0,-1.54%
01/08/2026,194.5,192.0,196.0,191.5,12430.0,1.57%
01/09/2026,191.5,196.5,197.5,191.5,14890.0,-1.54%
01/12/2026,191.5,192.0,192.5,190.0,9510.0,0.00%
01/13/2026,191.5,192.0,192.0,191.0,12290.0,0.00%
01/14/2026,192.0,191.0,192.5,188.5,12940.0,0.26%
01/15/2026,191.5,192.0,193.5,191.5,6460.0,-0.26%
01/16/2026,194.0,192.0,194.0,191.5,12400.0,1.31%
01/19/2026,191.5,194.0,194.0,191.5,7940.0,-1.29%
01/20/2026,192.0,192.5,193.5,191.5,8190.0,0.26%
01/21/2026,189.0,191.5,192.0,189.0,26830.0,-1.56%
01/22/2026,189.0,189.0,190.5,188.5,22200.0,0.00%
01/23/2026,190.0,189.0,191.0,189.0,11970.0,0.53%
01/26/2026,190.0,190.0,191.0,189.5,11350.0,0.00%
01/27/2026,192.0,191.0,192.0,190.5,14260.0,1.05%
01/28/2026,191.0,192.0,192.0,189.5,8690.0,-0.52%
01/29/2026,187.0,191.0,191.5,187.0,21680.0,-2.09%
01/30/2026,188.0,190.0,190.0,188.0,10760.0,0.53%
02/02/2026,187.5,187.5,188.5,187.5,9440.0,-0.27%
02/03/2026,187.0,188.0,189.0,187.0,9850.0,-0.27%
02/04/2026,190.0,188.5,192.5,188.0,25370.0,1.60%
02/05/2026,190.0,190.5,190.5,188.5,11500.0,0.00%
02/06/2026,188.5,189.5,190.0,187.0,18960.0,-0.79%
02/09/2026,194.0,190.0,194.0,189.0,26290.0,2.92%
02/10/2026,194.5,194.0,196.5,192.5,29810.0,0.26%
02/11/2026,193.0,193.5,194.0,192.0,17420.0,-0.77%
02/12/2026,198.5,193.5,198.5,193.0,24670.0,2.85%
02/13/2026,195.5,198.0,199.0,195.5,21930.0,-1.51%
02/16/2026,199.0,198.0,201.0,197.5,24020.0,1.79%
02/17/2026,206.0,199.0,208.0,198.5,24700.0,3.52%
02/18/2026,207.0,207.0,208.0,204.0,25360.0,0.49%
02/19/2026,205.0,206.0,208.0,204.0,24340.0,-0.97%
02/20/2026,205.0,205.0,206.0,202.0,28840.0,0.00%
02/23/2026,201.0,204.0,206.0,199.5,20450.0,-1.95%
02/24/2026,201.0,202.0,202.0,198.0,26550.0,0.00%
02/25/2026,196.5,200.0,201.0,194.5,46980.0,-2.24%
02/26/2026,198.5,197.0,200.0,196.5,26170.0,1.02%
02/27/2026,201.0,200.0,204.0,199.5,31350.0,1.26%
03/02/2026,197.0,196.5,199.5,196.0,23270.0,-1.99%
03/04/2026,190.0,193.0,193.0,185.5,52950.0,-3.55%
03/05/2026,190.0,194.0,194.0,188.5,40000.0,0.00%
03/06/2026,188.0,188.5,189.5,187.5,27380.0,-1.05%
03/09/2026,184.5,179.0,185.0,178.0,30780.0,-1.86%
03/10/2026,188.0,187.0,189.0,186.5,19810.0,1.90%
03/11/2026,189.5,188.5,191.0,187.0,18540.0,0.80%
03/12/2026,189.0,188.5,189.5,187.5,16190.0,-0.26%
03/13/2026,189.0,188.0,190.5,188.0,12940.0,0.00%
03/16/2026,185.0,188.5,188.5,185.0,23430.0,-2.12%
03/17/2026,188.5,187.0,189.0,186.5,12420.0,1.89%
03/18/2026,189.5,189.0,190.5,188.5,7570.0,0.53%
03/19/2026,187.0,189.0,189.0,187.0,16050.0,-1.32%
03/20/2026,189.5,189.0,190.0,188.0,14720.0,1.34%
03/23/2026,186.5,187.0,188.0,186.5,12650.0,-1.58%
03/24/2026,189.0,188.0,191.5,187.5,16950.0,1.34%
03/25/2026,191.5,191.0,191.5,189.5,12190.0,1.32%
03/26/2026,192.0,190.0,192.5,190.0,13210.0,0.26%
03/27/2026,191.0,192.0,192.5,190.5,11700.0,-0.52%
03/30/2026,190.0,190.0,190.5,189.0,8210.0,-0.52%
03/31/2026,191.0,190.5,192.0,189.5,9390.0,0.53%
04/01/2026,192.5,193.0,193.5,192.0,10990.0,0.79%
04/02/2026,192.0,192.0,194.0,191.0,6980.0,-0.26%
04/03/2026,190.5,192.0,192.0,190.0,11180.0,-0.78%
04/07/2026,191.5,191.0,192.0,190.0,6180.0,0.52%
04/08/2026,193.0,193.0,194.0,192.5,11120.0,0.78%
04/09/2026,191.0,192.0,193.0,191.0,12500.0,-1.04%
04/10/2026,192.0,191.5,193.0,191.0,10360.0,0.52%
04/16/2026,189.0,193.0,193.0,189.0,30660.0,-1.56%
04/17/2026,189.0,190.5,191.5,188.0,21010.0,0.00%
04/20/2026,188.0,189.0,189.5,187.5,26780.0,-0.53%
04/21/2026,183.5,178.5,183.5,178.0,59180.0,-2.39%
04/22/2026,189.0,188.0,192.0,187.0,36050.0,3.00%
04/23/2026,191.5,190.5,192.0,188.5,24050.0,1.32%
04/24/2026,190.0,190.5,190.5,188.5,20540.0,-0.78%
04/27/2026,190.5,190.0,191.0,189.0,10770.0,0.26%
04/28/2026,194.0,189.5,194.0,189.0,20930.0,1.84%
04/29/2026,195.0,194.0,195.0,193.0,10670.0,0.52%
04/30/2026,194.0,194.5,196.0,192.5,19920.0,-0.51%
05/05/2026,193.5,193.0,195.5,192.0,21600.0,-0.26%
05/06/2026,196.5,193.5,196.5,193.5,17840.0,1.55%
05/07/2026,194.0,196.5,197.0,194.0,17950.0,-1.27%
05/08/2026,195.0,194.0,195.5,194.0,10870.0,0.52%
05/11/2026,197.0,195.5,198.0,194.5,21980.0,1.03%
05/12/2026,196.0,196.5,196.5,194.5,12820.0,-0.51%
05/13/2026,195.0,196.5,197.0,195.0,10790.0,-0.51%
05/14/2026,197.0,196.5,198.0,196.5,17850.0,1.03%
05/15/2026,196.5,196.5,198.0,195.0,16270.0,-0.25%
05/18/2026,198.5,197.0,199.0,196.5,17770.0,1.02%
05/19/2026,198.0,198.5,199.5,197.5,12210.0,-0.25%
05/20/2026,198.5,198.0,199.0,196.0,19260.0,0.25%
05/21/2026,197.0,199.0,199.0,196.5,9710.0,-0.76%
05/22/2026,197.0,197.0,198.5,195.5,15650.0,0.00%
05/25/2026,196.0,197.5,197.5,195.5,10390.0,-0.51%
05/26/2026,198.0,196.5,199.0,196.0,22450.0,1.02%
05/27/2026,198.5,198.5,199.0,196.5,18600.0,0.25%
05/28/2026,199.0,198.5,200.0,198.0,17400.0,0.25%
05/29/2026,201.0,200.0,202.0,199.0,19030.0,1.01%
06/02/2026,204.0,201.0,204.0,201.0,18520.0,1.49%
06/04/2026,203.0,201.0,204.0,200.0,14170.0,-0.49%
06/05/2026,201.0,203.0,204.0,201.0,16860.0,-0.99%
06/08/2026,200.0,201.0,203.0,199.5,14040.0,-0.50%
06/09/2026,197.0,201.0,201.0,196.0,30270.0,-1.50%
06/10/2026,198.0,197.5,199.0,197.0,10090.0,0.51%
06/11/2026,197.5,198.0,199.0,197.0,10160.0,-0.25%
06/12/2026,203.0,198.5,203.0,198.0,18240.0,2.78%
06/15/2026,202.0,204.0,205.0,201.0,13780.0,-0.49%
06/16/2026,206.0,203.0,206.0,202.0,19100.0,1.98%
06/17/2026,205.0,206.0,206.0,203.0,11570.0,-0.49%
06/18/2026,206.0,204.0,207.0,203.0,14070.0,0.49%
06/19/2026,207.0,206.0,207.0,204.0,11810.0,0.49%
06/22/2026,210.0,208.0,211.0,207.0,22810.0,1.45%
06/23/2026,207.0,210.0,211.0,207.0,21350.0,-1.43%
06/24/2026,208.0,209.0,212.0,208.0,13390.0,0.48%
06/25/2026,212.0,209.0,213.0,208.0,19060.0,1.92%
06/26/2026,215.0,213.0,215.0,213.0,13340.0,1.42%
06/29/2026,217.0,215.0,217.0,213.0,15730.0,0.93%
06/30/2026,218.0,217.0,219.0,216.0,12530.0,0.46%
07/01/2026,218.0,218.0,220.0,216.0,12510.0,0.00%
07/02/2026,233.0,221.0,233.0,221.0,41170.0,6.88%
07/03/2026,233.0,233.0,234.0,230.0,17690.0,0.00%
07/06/2026,229.0,232.0,232.0,227.0,17760.0,-1.72%
07/07/2026,230.0,228.0,232.0,227.0,20740.0,0.44%
07/08/2026,228.0,231.0,232.0,227.0,14790.0,-0.87%
07/09/2026,230.0,229.0,231.0,227.0,16750.0,0.88%
07/10/2026,232.0,231.0,233.0,230.0,13730.0,0.87%
07/13/2026,233.0,232.0,235.0,231.0,16130.0,0.43%
07/14/2026,231.0,232.0,234.0,230.0,21630.0,-0.86%
07/15/2026,231.0,234.0,234.0,230.0,11140.0,0.00%
07/16/2026,235.0,231.0,237.0,230.0,17930.0,1.73%
07/17/2026,234.0,234.0,235.0,232.0,12780.0,-0.43%
07/20/2026,238.0,235.0,238.0,232.0,16230.0,1.71%
07/21/2026,235.0,240.0,240.0,232.0,28250.0,-1.26%
07/22/2026,232.0,234.0,235.0,231.0,23190.0,-1.28%
07/23/2026,234.0,234.0,236.0,233.0,17250.0,0.86%
07/24/2026,240.0,233.0,241.0,232.0,23250.0,2.56%
07/27/2026,242.0,240.0,244.0,238.0,18180.0,0.83%
07/30/2026,242.0,246.0,246.0,240.0,24320.0,0.00%
07/31/2026,244.0,241.0,245.0,239.0,10500.0,0.83%
08/03/2026,244.0,244.0,245.0,242.0,8830.0,0.00%
08/04/2026,247.0,244.0,248.0,244.0,13270.0,1.23%
08/05/2026,247.0,248.0,249.0,245.0,12990.0,0.00%
08/06/2026,252.0,247.0,254.0,246.0,14720.0,2.02%
08/07/2026,250.0,252.0,252.0,250.0,11160.0,-0.79%
08/10/2026,248.0,249.0,251.0,247.0,7360.0,-0.80%
08/11/2026,249.0,250.0,252.0,248.0,7050.0,0.40%
08/13/2026,249.0,250.0,250.0,246.0,15620.0,0.00%
08/14/2026,248.0,250.0,252.0,247.0,9570.0,-0.40%
08/17/2026,249.0,249.0,251.0,248.0,6390.0,0.40%
08/18/2026,247.0,249.0,250.0,245.0,11150.0,-0.80%
08/19/2026,249.0,248.0,251.0,247.0,10320.0,0.81%
08/20/2026,253.0,250.0,253.0,250.0,6780.0,1.61%
08/21/2026,257.0,254.0,257.0,253.0,8350.0,1.58%
08/24/2026,254.0,256.0,257.0,252.0,9650.0,-1.17%
08/25/2026,253.0,255.0,256.0,253.0,11420.0,-0.39%
08/26/2026,255.0,255.0,257.0,253.0,14490.0,0.79%
08/27/2026,248.0,259.0,259.0,248.0,16170.0,-2.75%
08/28/2026,247.0,249.0,251.0,246.0,12530.0,-0.40%
