Date,Open,High,Low,Close,Volume
2016-08-26,171.5,173.5,170.0,171.0,6821700
2016-08-29,170.5,171.0,166.0,166.5,13229900
2016-08-30,167.0,168.5,165.5,166.0,6625000
2016-08-31,166.5,167.5,164.5,165.5,10044000
2016-09-01,165.0,166.0,164.0,164.5,5339700
2016-09-02,165.0,165.0,163.5,164.0,6052100
2016-09-05,165.5,167.0,160.5,163.0,11140500
2016-09-06,162.0,163.5,162.0,162.5,7614400
2016-09-07,163.0,164.0,160.0,160.0,7829400
2016-09-08,160.0,161.0,156.0,158.0,16851700
2016-09-09,158.5,159.0,155.5,156.5,8506300
2016-09-12,154.0,156.0,153.0,153.0,9519600
2016-09-13,155.0,158.0,155.0,158.0,7270000
2016-09-14,157.5,159.0,156.5,158.0,5802100
2016-09-15,158.0,162.0,157.5,160.5,8351500
2016-09-16,162.0,165.5,162.0,165.0,13784700
2016-09-19,166.0,168.0,165.0,166.0,11105600
2016-09-20,166.0,166.0,162.0,163.0,8541700
2016-09-21,163.5,165.0,162.0,163.0,8470100
2016-09-22,165.0,165.5,163.0,163.0,8685000
2016-09-23,163.5,163.5,161.0,162.5,6892400
2016-09-26,161.0,162.5,160.5,161.5,5505200
2016-09-27,162.5,163.5,161.5,162.0,4745200
2016-09-28,162.5,163.0,160.0,160.0,5749700
2016-09-29,161.5,162.5,160.5,162.0,5337500
2016-09-30,161.5,161.5,160.0,160.0,4215000
2016-10-03,160.5,161.5,160.5,161.0,2309400
2016-10-04,161.0,163.0,161.0,163.0,4442500
2016-10-05,164.0,164.0,162.0,163.5,5076500
2016-10-06,163.5,163.5,161.0,161.5,6293800
2016-10-07,161.5,162.0,159.5,160.0,5747800
2016-10-10,155.0,158.0,155.0,156.0,12178400
2016-10-11,156.0,156.5,152.5,153.0,12667200
2016-10-12,152.0,153.0,141.0,150.0,23562100
2016-10-13,147.0,151.0,144.0,150.5,20202200
2016-10-14,158.0,158.5,155.0,157.0,14131000
2016-10-17,156.0,158.0,155.0,157.0,6273500
2016-10-18,156.5,157.0,155.0,155.5,6006200
2016-10-19,155.0,157.0,154.0,156.0,6714200
2016-10-20,156.5,157.0,156.0,156.5,5500400
2016-10-21,156.5,156.5,155.5,156.5,4268900
2016-10-25,156.5,158.0,156.0,156.5,5269800
2016-10-26,157.0,157.0,156.0,156.5,2115600
2016-10-27,156.0,157.0,155.5,156.0,3035200
2016-10-28,156.0,156.5,155.0,155.0,3558900
2016-10-31,154.5,155.0,153.0,153.5,4483700
2016-11-01,154.0,157.0,153.5,154.0,5261100
2016-11-02,154.5,155.5,154.0,154.0,1733600
2016-11-03,154.0,155.5,153.5,153.5,3329300
2016-11-04,153.0,154.5,152.0,153.0,5140300
2016-11-07,154.0,154.0,151.0,151.0,10211800
2016-11-08,152.0,154.5,151.5,153.0,9032500
2016-11-09,151.5,153.5,150.5,152.5,11013400
2016-11-10,153.0,153.5,150.5,150.5,9305300
2016-11-11,150.0,150.0,148.5,149.0,9496400
2016-11-14,148.0,148.5,146.0,146.0,10092400
2016-11-15,146.5,147.5,146.0,146.5,6678100
2016-11-16,147.0,147.5,143.5,144.0,11704300
2016-11-17,144.0,145.0,143.5,143.5,6044800
2016-11-18,143.5,144.5,143.0,143.5,6573800
2016-11-21,143.5,145.0,143.5,143.5,5122300
2016-11-22,144.0,144.0,142.0,142.0,7976200
2016-11-23,142.0,144.0,141.0,144.0,9737500
2016-11-24,144.0,146.0,143.0,143.5,5024700
2016-11-25,143.5,145.0,143.5,144.5,4152400
2016-11-28,145.0,145.5,144.5,144.5,2816900
2016-11-29,145.0,147.0,145.0,145.0,7919800
2016-11-30,145.0,145.5,144.0,144.5,6880400
2016-12-01,144.5,145.0,142.5,143.0,6524200
2016-12-02,142.5,143.5,141.5,142.0,4941000
2016-12-06,142.5,144.0,142.0,144.0,2717000
2016-12-07,144.5,146.0,143.5,145.5,5500300
2016-12-08,146.5,148.5,146.0,147.0,9192800
2016-12-09,148.5,148.5,147.0,147.0,3447800
2016-12-13,147.0,148.0,145.0,147.5,6090700
2016-12-14,147.5,147.5,146.5,146.5,2753400
2016-12-15,146.0,148.0,145.5,147.5,3722500
2016-12-16,147.0,147.5,146.5,146.5,3379300
2016-12-19,146.0,147.5,145.5,146.5,1963900
2016-12-20,146.5,147.0,145.0,145.0,3145000
2016-12-21,146.0,146.0,145.0,145.0,1868300
2016-12-22,145.5,145.5,144.5,145.0,2350000
2016-12-23,145.0,145.5,144.0,144.5,3364400
2016-12-26,145.0,145.5,144.5,145.0,2073000
2016-12-27,145.5,145.5,144.0,144.0,2083000
2016-12-28,144.5,145.0,144.0,144.5,2412300
2016-12-29,145.0,147.5,144.5,147.0,5939500
2016-12-30,147.0,148.0,147.0,147.0,3421900
2017-01-04,147.0,150.0,147.0,149.5,7239400
2017-01-05,150.5,154.0,150.0,153.5,15745500
2017-01-06,154.0,154.0,152.5,152.5,6743100
2017-01-09,153.0,153.0,150.5,151.0,5734300
2017-01-10,151.0,153.5,151.0,153.0,4839500
2017-01-11,153.5,156.5,153.0,155.0,12043600
2017-01-12,155.5,156.0,153.5,154.0,7291300
2017-01-16,154.5,156.5,154.0,155.5,4748500
2017-01-17,155.0,156.5,154.5,156.5,5448100
2017-01-18,156.5,157.0,155.0,155.0,4458300
2017-01-19,155.0,156.0,154.5,155.0,3779900
2017-01-20,155.0,156.5,154.5,155.5,3758100
2017-01-23,155.5,156.5,155.0,155.0,1846700
2017-01-24,155.5,156.0,155.0,155.0,5032600
2017-01-25,155.5,162.0,155.0,161.5,17182900
2017-01-26,163.5,164.0,161.5,162.5,9659100
2017-01-27,162.0,164.5,161.0,163.0,7115000
2017-01-30,162.0,163.0,162.0,162.0,3392600
2017-01-31,161.0,161.0,158.5,159.0,8637100
2017-02-01,158.0,161.0,157.0,160.5,7204700
2017-02-02,160.5,161.5,160.0,160.5,2835800
2017-02-03,160.0,160.5,159.0,160.5,4846300
2017-02-06,160.5,162.0,158.5,161.5,9702200
2017-02-07,161.5,164.5,161.0,163.5,11256600
2017-02-08,164.0,171.0,163.5,170.5,28107900
2017-02-09,169.5,171.5,169.5,170.0,11464400
2017-02-10,170.5,171.0,168.5,169.0,13558500
2017-02-14,170.0,170.5,169.0,169.5,18109300
2017-02-15,168.5,170.5,168.0,169.0,19782400
2017-02-16,168.5,170.5,168.5,169.5,7248600
2017-02-17,170.5,174.0,170.5,171.5,14106500
2017-02-20,172.0,172.5,170.0,170.0,5758000
2017-02-21,170.0,170.5,168.0,168.0,6086300
2017-02-22,168.0,169.5,166.5,169.5,5839200
2017-02-23,168.5,170.5,168.0,169.0,6663300
2017-02-24,169.0,170.5,169.0,170.5,4159600
2017-02-27,169.0,170.5,169.0,169.0,6311200
2017-02-28,169.0,170.0,167.0,167.0,6185500
2017-03-01,167.5,170.5,167.0,170.0,5971200
2017-03-02,170.0,171.0,169.5,169.5,8771600
2017-03-03,170.0,171.0,169.5,169.5,5420900
2017-03-06,168.5,170.0,168.0,169.5,6453400
2017-03-07,169.0,171.5,168.5,169.5,7023800
2017-03-08,168.5,170.5,168.5,169.5,5636900
2017-03-09,170.0,171.0,168.5,169.0,8672500
2017-03-10,169.0,169.5,167.5,169.5,5652500
2017-03-13,170.0,170.5,169.5,170.5,5059500
2017-03-14,170.5,171.0,169.5,170.0,3288100
2017-03-15,170.0,171.0,169.5,171.0,5512800
2017-03-16,172.0,176.0,171.5,175.0,15796800
2017-03-17,175.5,176.5,174.5,176.0,9356700
2017-03-20,176.0,179.5,176.0,177.0,7832700
2017-03-21,177.5,178.5,177.0,177.0,3686300
2017-03-22,176.0,177.0,175.5,176.5,3744400
2017-03-23,177.5,178.0,176.5,176.5,6402000
2017-03-24,176.5,179.5,176.5,178.5,9180100
2017-03-27,179.5,179.5,178.0,178.0,3812100
2017-03-28,178.5,180.5,178.5,180.5,8550800
2017-03-29,180.0,181.0,178.5,179.0,4521800
2017-03-30,179.0,180.5,178.0,179.5,8577100
2017-03-31,179.5,180.0,178.0,178.0,3165900
2017-04-03,178.5,179.0,175.5,176.0,5464600
2017-04-04,175.0,175.5,173.5,174.0,8280800
2017-04-05,169.0,171.0,168.5,171.0,6941300
2017-04-07,171.5,175.0,171.0,174.5,6642000
2017-04-10,173.0,174.5,173.0,173.5,3502400
2017-04-11,173.5,175.5,173.5,174.0,2730800
2017-04-12,174.5,177.0,174.0,176.0,7199600
2017-04-17,175.5,175.5,174.0,175.0,2418200
2017-04-18,175.5,176.0,173.5,173.5,2617200
2017-04-19,173.5,173.5,172.0,172.0,3864600
2017-04-20,172.0,176.0,172.0,173.5,8646200
2017-04-21,174.5,175.5,174.0,174.0,6234800
2017-04-24,173.0,174.5,173.0,174.5,3997600
2017-04-25,175.0,175.5,173.0,175.5,3831500
2017-04-26,175.5,175.5,172.0,175.5,6264200
2017-04-27,174.5,175.0,173.0,175.0,5528900
2017-04-28,175.0,175.5,173.5,175.0,5928000
2017-05-02,175.5,176.0,174.5,175.5,3755300
2017-05-03,175.0,177.0,175.0,177.0,7153400
2017-05-04,177.0,178.0,176.0,177.5,3286600
2017-05-08,177.5,179.5,177.0,179.0,4121500
2017-05-09,179.0,179.5,178.0,179.5,3087600
2017-05-11,179.0,182.5,178.0,180.5,10683700
2017-05-12,181.0,181.5,178.0,179.5,6244900
2017-05-15,179.5,179.5,179.5,179.5,383100
2017-05-16,178.5,181.0,178.5,180.5,5430800
2017-05-17,180.5,181.0,179.0,180.0,5313800
2017-05-18,179.0,180.0,178.5,179.5,4287500
2017-05-19,179.5,180.0,179.0,179.5,4151300
2017-05-22,178.0,178.5,177.0,178.5,5313800
2017-05-23,178.0,179.0,177.5,177.5,3993400
2017-05-24,177.5,179.0,177.0,178.0,8098700
2017-05-25,178.0,178.5,177.0,177.5,3833200
2017-05-26,177.5,178.0,177.0,178.0,3968800
2017-05-29,177.5,178.5,177.5,178.0,3063600
2017-05-30,178.0,178.0,177.0,177.0,2765100
2017-05-31,177.5,178.0,173.0,173.0,14727500
2017-06-01,173.5,174.0,172.0,173.5,4857800
2017-06-02,173.5,175.0,173.0,174.5,5941300
2017-06-05,174.0,174.5,170.0,171.0,17782400
2017-06-06,171.0,173.5,169.5,172.5,12264700
2017-06-07,172.5,174.0,172.0,172.5,3896100
2017-06-08,173.0,173.5,171.5,173.0,7072600
2017-06-09,174.0,174.5,173.0,173.5,6487900
2017-06-12,174.0,174.0,171.5,172.5,2358900
2017-06-13,172.0,173.0,172.0,173.0,4711500
2017-06-14,173.0,174.5,172.5,174.5,3261200
2017-06-15,173.5,174.5,173.5,173.5,2159200
2017-06-16,173.5,174.0,172.5,173.5,4316600
2017-06-19,174.0,175.5,173.5,175.5,3657200
2017-06-20,175.5,176.0,175.0,175.5,1955100
2017-06-21,174.5,177.5,174.5,177.5,7936900
2017-06-22,178.0,179.5,178.0,179.0,8482700
2017-06-23,179.5,180.5,179.0,179.5,5066900
2017-06-26,179.5,180.0,178.0,178.5,1976100
2017-06-27,178.5,179.0,178.0,178.5,1962800
2017-06-28,178.5,179.0,176.0,177.0,3639600
2017-06-29,177.5,178.0,176.0,176.0,3702800
2017-06-30,176.5,179.0,176.5,177.5,4915400
2017-07-03,177.5,180.0,177.5,180.0,4406700
2017-07-04,179.5,180.0,177.0,178.0,3978500
2017-07-05,178.0,179.0,177.5,179.0,1811100
2017-07-06,179.0,180.5,179.0,179.5,6892000
2017-07-07,179.5,180.0,178.0,180.0,3907200
2017-07-11,180.0,183.5,179.5,183.5,8290200
2017-07-12,184.5,188.0,183.5,187.5,12838700
2017-07-13,189.5,190.5,186.5,187.0,8893900
2017-07-14,188.0,189.5,188.0,189.5,7397000
2017-07-17,189.5,190.0,187.0,187.5,2899700
2017-07-18,187.5,188.0,184.5,185.5,9087100
2017-07-19,186.0,189.0,185.5,187.5,5185400
2017-07-20,187.5,188.0,186.0,187.0,5036800
2017-07-21,186.0,186.5,184.0,185.0,5315400
2017-07-24,185.5,189.0,185.0,188.5,6567400
2017-07-25,189.0,191.0,188.0,191.0,9736200
2017-07-26,190.5,191.0,187.5,188.5,6931300
2017-07-27,188.5,188.5,186.5,188.0,4632200
2017-07-31,187.0,187.0,183.0,185.5,19656600
2017-08-01,185.0,186.5,184.5,185.5,6495200
2017-08-02,186.0,186.0,184.0,184.5,7627100
2017-08-03,185.0,188.5,185.0,188.0,9163700
2017-08-04,188.5,189.5,187.0,188.0,5245400
2017-08-07,184.0,184.5,182.5,182.5,5791000
2017-08-08,183.5,184.5,183.0,184.0,2945100
2017-08-09,184.5,184.5,183.0,184.0,2131800
2017-08-10,184.0,184.5,182.5,182.5,2425400
2017-08-11,182.0,182.5,178.0,178.5,7915200
2017-08-15,179.0,180.0,178.0,178.5,2907500
2017-08-16,178.5,180.5,177.0,180.0,4844700
2017-08-17,180.5,180.5,179.5,180.0,2027500
2017-08-18,180.0,180.5,179.0,180.0,3703200
2017-08-21,180.0,182.0,179.5,181.0,2985900
2017-08-22,181.5,181.5,179.0,181.5,3464000
2017-08-23,180.5,181.5,180.0,180.0,3142500
2017-08-24,180.5,180.5,179.5,180.0,1996500
2017-08-25,180.0,185.0,179.5,182.5,7722000
2017-08-28,185.0,185.0,185.0,185.0,865600
2017-08-29,186.0,189.5,185.0,188.0,15209700
2017-08-30,188.5,190.0,187.5,188.0,6119500
2017-08-31,188.0,188.5,186.0,187.5,5872600
2017-09-01,188.5,191.0,188.0,190.5,6572300
2017-09-04,190.5,192.0,189.5,192.0,4822100
2017-09-05,191.5,191.5,189.0,191.0,5339800
2017-09-06,189.5,190.5,189.0,190.0,3756100
2017-09-07,190.0,191.0,189.0,190.0,6324500
2017-09-08,191.5,194.5,191.0,192.0,17800000
2017-09-11,192.0,192.0,190.0,191.0,5127300
2017-09-12,191.5,192.5,190.0,191.0,5671200
2017-09-13,192.0,193.5,191.0,191.0,7799200
2017-09-14,191.5,195.0,191.5,195.0,7956400
2017-09-15,194.5,198.0,193.5,194.5,10633800
2017-09-18,194.5,196.5,193.5,194.0,9510400
2017-09-19,194.5,195.0,193.0,193.0,6019500
2017-09-20,193.0,193.0,190.5,190.5,5666300
2017-09-21,191.0,195.0,191.0,192.5,7126800
2017-09-22,192.0,194.0,191.5,191.5,5111000
2017-09-25,191.5,194.0,191.5,194.0,3031100
2017-09-26,194.5,194.5,193.0,193.0,4438300
2017-09-27,193.0,194.5,192.5,193.0,5002400
2017-09-28,193.5,195.0,193.0,193.5,6496400
2017-09-29,193.0,193.5,190.0,191.0,7668400
2017-10-02,191.0,192.5,190.0,191.0,8039500
2017-10-03,192.0,192.5,190.0,191.0,5771100
2017-10-04,191.5,192.0,189.5,190.0,5848200
2017-10-05,190.0,192.5,189.5,192.0,5382200
2017-10-06,192.0,193.0,191.5,191.5,4546700
2017-10-09,191.0,192.0,191.0,191.0,3010100
2017-10-10,191.5,194.5,191.5,194.0,6673500
2017-10-11,194.5,195.0,193.0,194.0,4619200
2017-10-12,194.0,195.0,193.5,195.0,4699500
2017-10-16,195.5,198.0,195.0,197.0,8551100
2017-10-17,198.0,199.5,197.0,199.5,9496100
2017-10-18,199.5,201.0,195.0,195.0,9406300
2017-10-19,194.5,195.5,192.0,192.5,6342600
2017-10-20,192.5,195.5,192.5,193.0,9439900
2017-10-24,193.5,195.5,193.5,195.0,4043000
2017-10-25,196.0,197.5,195.0,195.5,5525200
2017-10-27,196.0,197.5,193.0,193.5,5800300
2017-10-30,193.5,194.5,192.5,194.0,7409000
2017-10-31,194.5,195.0,193.5,194.5,5169400
2017-11-01,194.5,195.5,193.0,193.0,5097700
2017-11-02,193.0,193.0,185.5,187.5,13243700
2017-11-03,189.0,189.0,184.0,184.5,13517200
2017-11-06,185.0,187.5,183.5,186.5,10994500
2017-11-07,187.0,188.5,186.5,186.5,5376000
2017-11-08,187.0,187.5,184.5,184.5,7653300
2017-11-09,184.5,185.0,180.5,180.5,15130000
2017-11-10,180.0,182.0,180.0,180.5,9398400
2017-11-13,180.5,181.0,178.0,178.0,9473800
2017-11-14,179.0,181.5,178.5,180.5,5605700
2017-11-15,180.5,182.0,180.0,181.0,4439600
2017-11-16,182.0,183.0,181.0,182.0,3912400
2017-11-17,183.0,183.5,181.5,182.5,4085500
2017-11-20,183.0,183.0,179.5,179.5,3975800
2017-11-21,179.0,179.0,179.0,179.0,6717800
2017-11-22,180.0,180.0,178.5,178.5,3831900
2017-11-23,179.0,179.0,175.0,175.0,10055000
2017-11-24,175.0,177.5,174.0,177.5,7831000
2017-11-27,177.5,178.5,177.0,178.0,3105200
2017-11-28,178.0,178.5,176.0,176.0,4071100
2017-11-29,176.5,177.5,175.5,176.0,3665200
2017-11-30,175.5,177.5,174.5,174.5,8961600
2017-12-01,175.0,176.5,174.0,175.0,5503900
2017-12-04,175.5,176.5,175.0,176.0,4091500
2017-12-06,175.0,178.0,174.5,178.0,5991400
2017-12-07,177.5,178.0,177.0,178.0,3702100
2017-12-08,178.5,179.0,177.0,177.5,4003800
2017-12-12,177.5,179.5,176.5,179.0,4868000
2017-12-13,179.5,186.0,179.0,186.0,12878000
2017-12-14,185.5,187.0,185.0,187.0,7155400
2017-12-15,186.5,187.5,184.5,185.5,6619500
2017-12-18,185.5,188.0,185.5,187.0,6703000
2017-12-19,187.0,187.5,183.0,183.5,7766400
2017-12-20,184.0,186.0,184.0,184.5,4005600
2017-12-21,185.0,186.0,184.5,185.5,2187600
2017-12-22,186.0,186.0,185.0,186.0,1875900
2017-12-25,186.5,187.0,186.0,187.0,1997800
2017-12-26,187.0,187.0,186.0,186.5,1562000
2017-12-27,187.0,187.5,185.5,186.5,2968200
2017-12-28,188.0,191.0,188.0,189.0,15192700
2017-12-29,189.5,191.0,189.0,191.0,4871100
2018-01-03,191.5,197.5,191.0,196.5,15405400
2018-01-04,196.5,197.0,194.0,194.0,8361700
2018-01-05,195.0,197.0,194.5,195.0,10294800
2018-01-08,195.0,197.0,194.5,196.0,8141500
2018-01-09,194.5,194.5,194.5,194.5,690900
2018-01-10,196.0,196.5,193.5,194.0,6947400
2018-01-11,194.5,194.5,190.5,192.0,10103200
2018-01-12,192.0,193.5,191.5,192.0,9137300
2018-01-15,192.0,195.5,191.5,194.5,8688200
2018-01-16,195.5,195.5,193.5,193.5,4059500
2018-01-17,193.0,193.5,192.0,192.5,6108400
2018-01-18,192.5,194.0,192.0,192.0,7735300
2018-01-19,191.0,194.0,190.5,193.0,7728300
2018-01-22,193.0,195.0,192.5,195.0,6249100
2018-01-23,195.0,197.5,195.0,196.5,10599600
2018-01-24,196.5,198.0,195.5,198.0,5367500
2018-01-25,198.0,198.5,192.5,193.0,11350100
2018-01-26,193.5,194.5,193.0,194.0,6132500
2018-01-29,195.0,195.5,193.5,194.0,4023400
2018-01-30,193.5,194.0,192.5,193.5,3250400
2018-01-31,193.0,194.5,192.5,192.5,4256100
2018-02-01,192.5,195.0,192.5,194.0,3886800
2018-02-02,194.5,195.5,193.5,194.5,4953200
2018-02-05,192.0,194.5,192.0,194.5,6542700
2018-02-06,191.5,192.5,190.5,192.0,10929700
2018-02-07,194.0,195.5,192.0,193.0,10779300
2018-02-08,193.0,194.0,192.0,192.0,3680300
2018-02-09,191.0,192.5,190.5,192.5,5161500
2018-02-12,193.5,194.0,193.0,193.5,3315600
2018-02-13,194.0,196.0,194.0,195.5,6603800
2018-02-14,196.5,196.5,195.0,195.0,3175900
2018-02-15,195.5,196.0,194.5,196.0,2323000
2018-02-16,196.5,197.0,195.0,195.0,1881900
2018-02-19,195.0,195.5,193.5,194.0,2917800
2018-02-20,194.0,194.5,193.5,193.5,1814300
2018-02-21,194.0,194.5,192.5,192.5,3020400
2018-02-22,193.0,194.5,192.0,192.5,3616800
2018-02-23,193.0,195.0,192.5,194.5,2635900
2018-02-26,195.0,196.0,194.5,196.0,4477600
2018-02-27,197.0,200.0,195.0,196.0,14386300
2018-02-28,196.0,199.5,196.0,198.0,7233100
2018-03-02,197.5,199.5,196.0,197.0,5794800
2018-03-05,197.0,198.0,194.0,196.5,6526700
2018-03-06,200.0,200.0,200.0,200.0,812200
2018-03-07,200.0,201.0,197.5,197.5,7438000
2018-03-08,197.5,202.0,197.5,201.0,8078000
2018-03-09,203.0,206.0,202.0,204.0,10752100
2018-03-12,206.0,208.0,205.0,208.0,7325100
2018-03-13,207.0,210.0,207.0,207.0,8419900
2018-03-14,207.0,208.0,206.0,207.0,5382300
2018-03-15,206.0,209.0,203.0,207.0,7950800
2018-03-16,208.0,215.0,207.0,212.0,14273600
2018-03-19,213.0,213.0,208.0,210.0,6160600
2018-03-20,209.0,210.0,207.0,210.0,4093700
2018-03-21,212.0,215.0,209.0,210.0,8368700
2018-03-22,212.0,213.0,208.0,209.0,3840400
2018-03-23,204.0,209.0,204.0,209.0,3504100
2018-03-26,209.0,213.0,209.0,212.0,3238900
2018-03-27,213.0,213.0,206.0,206.0,10850000
2018-03-28,206.0,209.0,205.0,208.0,3843200
2018-03-29,207.0,209.0,206.0,206.0,5622200
2018-03-30,208.0,209.0,206.0,208.0,4148700
2018-04-02,208.0,209.0,207.0,209.0,3296000
2018-04-03,208.0,213.0,206.0,207.0,7549600
2018-04-04,208.0,211.0,202.0,202.0,7834600
2018-04-05,200.0,200.0,196.0,197.0,9000400
2018-04-09,197.0,201.0,197.0,201.0,5719200
2018-04-10,201.0,202.0,199.5,199.5,2482400
2018-04-11,199.0,201.0,197.5,200.0,2590400
2018-04-12,201.0,201.0,200.0,201.0,1559800
2018-04-17,202.0,205.0,201.0,204.0,5579200
2018-04-18,204.0,205.0,201.0,203.0,3210200
2018-04-19,201.0,203.0,199.0,203.0,5225400
2018-04-20,202.0,207.0,202.0,207.0,7638000
2018-04-23,206.0,206.0,204.0,204.0,4586300
2018-04-24,206.0,209.0,206.0,208.0,7889300
2018-04-25,207.0,209.0,206.0,207.0,3424800
2018-04-26,207.0,208.0,204.0,206.0,2583600
2018-04-27,207.0,209.0,205.0,209.0,5240400
2018-04-30,209.0,209.0,207.0,208.0,2166100
2018-05-02,207.0,209.0,206.0,209.0,4282400
2018-05-03,207.0,209.0,206.0,207.0,6841300
2018-05-04,207.0,208.0,206.0,206.0,2441100
2018-05-07,207.0,209.0,206.0,209.0,2481200
2018-05-08,209.0,209.0,203.0,204.0,4778300
2018-05-09,201.0,201.0,195.0,195.0,14610100
2018-05-10,193.5,197.5,193.5,194.0,8953500
2018-05-11,195.0,197.5,193.5,197.0,7377300
2018-05-14,197.5,199.5,196.0,198.5,5814100
2018-05-15,197.5,198.0,194.0,196.0,7066100
2018-05-16,194.5,195.0,190.5,191.5,8915900
2018-05-17,192.0,192.0,187.0,188.5,12349300
2018-05-18,188.5,192.5,185.5,192.0,11758000
2018-05-21,193.5,194.0,191.0,193.0,4067100
2018-05-22,193.0,195.0,193.0,194.5,5502800
2018-05-23,194.5,195.5,193.0,195.0,2744400
2018-05-24,193.5,194.5,192.0,193.5,2705600
2018-05-25,194.0,194.5,193.0,194.5,2870900
2018-05-28,194.5,195.0,193.0,193.5,1403800
2018-05-30,192.0,193.5,189.0,191.5,5514300
2018-05-31,191.0,192.5,189.0,190.5,7580000
2018-06-01,190.5,191.0,188.5,190.5,3812600
2018-06-04,189.0,195.0,189.0,194.5,3900800
2018-06-05,194.5,194.5,190.0,193.5,4989000
2018-06-06,193.0,196.0,193.0,195.5,5832100
2018-06-07,196.0,196.5,192.5,192.5,3036900
2018-06-08,193.0,195.5,192.5,193.0,3641800
2018-06-11,192.5,193.0,191.0,191.0,4662800
2018-06-12,191.5,192.5,190.5,191.0,4732200
2018-06-13,190.0,191.0,188.5,189.5,6697000
2018-06-14,188.5,189.0,186.5,189.0,7210100
2018-06-15,190.5,194.5,190.0,190.5,15715500
2018-06-18,190.0,194.5,190.0,193.0,7958900
2018-06-19,190.5,192.5,189.0,189.0,8195100
2018-06-20,189.5,192.0,188.5,191.5,6210400
2018-06-21,191.5,192.0,184.5,186.0,8973200
2018-06-22,187.5,188.5,186.0,187.5,2895800
2018-06-25,187.5,188.5,186.0,187.5,2861700
2018-06-26,187.5,188.0,185.0,186.0,3226500
2018-06-27,187.0,189.0,186.0,187.0,3507700
2018-06-28,187.5,189.0,185.5,185.5,4861600
2018-06-29,186.0,188.0,184.5,185.0,5444600
2018-07-02,186.0,191.5,185.0,191.5,5742800
2018-07-03,191.0,191.5,188.5,191.5,4284400
2018-07-04,191.0,193.5,190.5,193.5,5010400
2018-07-05,193.5,194.0,191.5,193.0,3041100
2018-07-06,194.0,196.5,192.5,196.5,6073900
2018-07-09,197.0,198.5,196.0,197.5,5124600
2018-07-10,197.5,198.0,194.5,197.0,3171400
2018-07-11,194.0,199.5,194.0,197.0,5059600
2018-07-12,197.5,198.0,196.0,197.0,1572000
2018-07-13,198.0,198.5,196.0,197.0,1880200
2018-07-16,195.0,197.5,194.5,197.5,2472100
2018-07-17,197.0,198.5,196.0,196.5,2375100
2018-07-18,196.5,197.0,195.0,197.0,1963400
2018-07-19,197.5,198.0,195.5,196.5,2533600
2018-07-20,196.5,199.5,196.5,198.0,4740000
2018-07-23,197.5,198.5,196.5,197.5,1603700
2018-07-24,199.0,199.5,196.5,197.5,4111200
2018-07-25,197.5,199.0,197.0,197.5,3687900
2018-07-26,198.0,201.0,198.0,199.5,5083000
2018-07-31,201.0,203.0,200.0,202.0,5996300
2018-08-01,204.0,206.0,202.0,204.0,5659400
2018-08-02,204.0,204.0,199.5,202.0,3440200
2018-08-03,199.0,200.0,198.5,198.5,6389700
2018-08-06,199.5,202.0,199.0,199.5,2658100
2018-08-07,199.5,201.0,198.5,199.5,2840700
2018-08-08,199.5,204.0,199.5,204.0,4271300
2018-08-09,204.0,205.0,203.0,204.0,2775400
2018-08-10,204.0,204.0,201.0,202.0,2241400
2018-08-14,201.0,201.0,198.0,200.0,6769700
2018-08-15,196.0,196.5,193.5,193.5,5489600
2018-08-16,193.0,195.0,193.0,194.5,4923200
2018-08-17,196.0,197.0,195.0,197.0,4066700
2018-08-20,197.5,201.0,197.5,200.0,7812900
2018-08-21,200.0,201.0,197.0,198.0,5089000
2018-08-22,198.5,201.0,197.0,198.0,7409400
2018-08-23,199.0,199.5,198.0,199.5,3330100
2018-08-24,198.5,199.5,198.0,199.0,2450700
2018-08-27,199.5,202.0,199.0,200.0,3441600
2018-08-28,202.0,202.0,200.0,202.0,2661100
2018-08-29,203.0,204.0,201.0,203.0,2879500
2018-08-30,203.0,204.0,200.0,201.0,2119000
2018-08-31,200.0,203.0,200.0,202.0,2455600
2018-09-03,201.0,203.0,201.0,201.0,1003000
2018-09-04,201.0,203.0,200.0,201.0,2412000
2018-09-05,200.0,201.0,197.5,198.5,4280100
2018-09-06,198.5,199.5,195.0,198.0,6008300
2018-09-07,196.5,197.0,195.5,196.5,2470600
2018-09-10,195.5,199.0,195.5,199.0,2077400
2018-09-11,199.0,202.0,199.0,199.5,6382300
2018-09-12,198.0,201.0,198.0,200.0,3087100
2018-09-13,201.0,203.0,199.5,201.0,5267400
2018-09-14,202.0,203.0,199.5,200.0,3917500
2018-09-17,200.0,202.0,199.5,201.0,2072200
2018-09-18,201.0,204.0,201.0,204.0,4332600
2018-09-19,205.0,205.0,200.0,201.0,10223900
2018-09-20,201.0,203.0,201.0,201.0,3130200
2018-09-21,201.0,202.0,200.0,202.0,5829000
2018-09-24,201.0,202.0,199.5,200.0,3537700
2018-09-25,200.0,201.0,199.0,199.5,4488300
2018-09-26,200.0,202.0,200.0,202.0,3826900
2018-09-27,202.0,203.0,199.0,202.0,5632100
2018-09-28,202.0,203.0,201.0,201.0,2841400
2018-10-01,202.0,202.0,199.0,200.0,2844900
2018-10-02,199.0,200.0,197.5,199.5,6544000
2018-10-03,199.0,200.0,198.5,199.0,1953900
2018-10-04,198.5,199.5,198.0,199.0,3569400
2018-10-05,199.5,201.0,198.5,198.5,2658200
2018-10-08,199.5,201.0,197.0,197.0,4518200
2018-10-09,196.5,197.5,195.0,195.5,4431700
2018-10-10,197.5,198.5,197.0,198.5,2315200
2018-10-11,195.0,197.0,194.5,196.0,7006800
2018-10-12,197.5,197.5,195.5,196.0,1773600
2018-10-16,196.5,197.5,195.5,197.5,3298600
2018-10-17,198.0,198.5,196.0,196.0,1932100
2018-10-18,196.0,198.0,195.5,196.5,2199500
2018-10-19,197.0,197.5,195.5,197.0,5017600
2018-10-22,197.0,197.0,195.0,195.0,2315400
2018-10-24,194.0,195.5,190.5,191.0,5097700
2018-10-25,189.5,192.5,186.5,192.5,7843300
2018-10-26,191.5,194.0,190.0,193.0,3683900
2018-10-29,192.5,194.5,191.5,194.5,1942400
2018-10-30,194.5,194.5,192.0,192.0,2214100
2018-10-31,194.0,196.0,193.0,196.0,3018800
2018-11-01,196.0,197.5,195.0,196.5,2439500
2018-11-02,191.0,191.5,187.5,189.0,21535700
2018-11-05,188.0,189.0,184.0,184.5,13995600
2018-11-06,185.5,186.5,181.0,181.5,16815000
2018-11-07,182.0,184.0,179.5,184.0,19417700
2018-11-08,184.0,184.0,181.5,183.0,10435500
2018-11-09,182.0,183.0,180.5,182.0,5185600
2018-11-12,183.0,183.0,181.0,181.5,3493300
2018-11-13,180.5,182.5,179.5,181.5,7332600
2018-11-14,180.5,181.5,180.0,181.0,3757400
2018-11-15,181.0,181.0,177.0,177.5,12312700
2018-11-16,177.5,177.5,175.5,176.5,5835700
2018-11-19,177.0,181.0,176.5,180.5,8833100
2018-11-20,180.5,180.5,176.5,177.5,6325600
2018-11-21,176.5,178.0,176.5,177.5,8189900
2018-11-22,177.5,178.0,177.0,177.0,2324500
2018-11-23,177.0,178.5,175.0,177.5,7080700
2018-11-26,178.0,179.0,177.0,178.0,4827900
2018-11-27,178.0,178.5,176.5,178.0,4634300
2018-11-28,178.5,182.0,178.0,181.5,8064200
2018-11-29,181.0,182.0,176.0,176.5,13175900
2018-11-30,176.0,178.5,175.5,178.5,10691400
2018-12-03,180.0,180.5,179.0,179.0,5404700
2018-12-04,179.0,179.5,176.0,176.5,9706700
2018-12-06,175.5,177.0,174.0,177.0,9190000
2018-12-07,175.5,176.0,174.5,175.0,4190300
2018-12-11,174.0,175.0,172.5,173.0,6475900
2018-12-12,173.5,174.0,172.0,172.5,3894800
2018-12-13,172.5,172.5,166.5,166.5,11533200
2018-12-14,165.0,170.5,165.0,170.0,10657800
2018-12-17,171.0,171.5,169.0,171.0,5921300
2018-12-18,171.0,171.0,167.0,168.0,5819700
2018-12-19,168.5,172.5,167.5,172.5,5359900
2018-12-20,172.0,173.5,170.5,173.5,4617100
2018-12-21,172.0,174.5,171.0,173.0,4763200
2018-12-24,171.5,173.5,171.5,172.5,1740300
2018-12-25,171.0,172.5,170.5,171.0,2547700
2018-12-26,171.0,172.5,169.5,170.5,3089100
2018-12-27,173.0,174.0,169.5,169.5,5425500
2018-12-28,169.5,172.5,169.5,172.5,2419500
2019-01-02,173.0,174.5,171.5,173.5,3190700
2019-01-03,174.0,176.0,172.5,172.5,5720500
2019-01-04,172.5,178.0,172.5,177.0,7425100
2019-01-07,178.0,178.0,176.5,177.0,3662300
2019-01-08,177.0,178.0,176.5,177.5,2416100
2019-01-09,178.0,179.0,177.0,178.5,4436900
2019-01-10,178.5,178.5,172.5,174.0,8214500
2019-01-11,173.5,174.0,167.5,169.0,19113700
2019-01-14,167.0,171.0,166.0,169.0,7807200
2019-01-15,170.0,172.5,169.5,172.0,5212100
2019-01-16,172.5,172.5,169.0,171.5,7527800
2019-01-17,170.0,171.5,169.5,171.0,4140800
2019-01-18,170.5,172.5,170.0,172.0,3984600
2019-01-21,172.5,173.5,171.5,172.0,2808700
2019-01-22,170.5,171.5,169.5,171.5,4445000
2019-01-23,171.0,175.5,171.0,175.0,10405100
2019-01-24,174.5,177.0,173.5,177.0,8872800
2019-01-25,177.5,177.5,175.0,177.0,3416500
2019-01-28,177.5,179.0,176.0,177.5,4648300
2019-01-29,177.0,179.5,177.0,179.5,7944300
2019-01-30,179.5,180.5,178.0,179.0,6640100
2019-01-31,180.0,180.5,178.5,178.5,5032600
2019-02-01,179.5,180.5,179.0,180.0,3859600
2019-02-04,180.0,180.5,178.5,180.0,1944600
2019-02-05,179.5,180.5,178.5,179.5,2046200
2019-02-06,180.0,180.0,179.0,180.0,2945000
2019-02-07,180.0,185.0,179.0,183.5,16660800
2019-02-08,184.0,188.0,182.0,188.0,16230100
2019-02-11,183.5,184.0,181.0,181.0,11946300
2019-02-12,180.5,183.5,180.5,181.0,6321900
2019-02-13,182.0,182.5,181.0,182.0,4215800
2019-02-14,183.5,185.5,182.5,184.5,9026200
2019-02-15,184.0,184.0,182.5,183.5,3517200
2019-02-18,184.5,184.5,182.5,183.5,3238200
2019-02-20,179.0,179.5,177.0,177.5,9733300
2019-02-21,177.5,180.0,177.0,178.0,6351400
2019-02-22,178.0,178.5,177.0,178.5,6773700
2019-02-25,179.5,181.0,179.0,179.5,7657600
2019-02-26,179.5,184.0,178.5,183.5,10751600
2019-02-27,183.5,184.0,182.0,182.5,4963500
2019-02-28,183.0,185.0,181.5,182.0,6911000
2019-03-01,183.0,183.5,182.0,182.5,4811500
2019-03-04,183.0,183.0,179.0,181.0,6022500
2019-03-05,180.5,182.0,180.5,181.0,2788800
2019-03-06,181.0,182.5,178.5,179.0,5250900
2019-03-07,178.5,181.0,178.5,180.0,4058900
2019-03-08,179.5,180.0,178.5,179.5,2099300
2019-03-11,180.0,181.0,179.0,179.0,1951100
2019-03-12,179.5,180.0,178.5,179.5,3083900
2019-03-13,179.5,181.0,178.5,181.0,4313100
2019-03-14,181.5,182.0,180.5,180.5,2275000
2019-03-15,181.0,181.0,179.0,180.5,3891800
2019-03-18,181.0,181.0,179.5,180.5,2024100
2019-03-19,181.0,182.5,180.5,182.0,2868900
2019-03-20,182.0,184.0,181.5,182.5,5562900
2019-03-21,183.0,184.5,182.5,184.5,4368300
2019-03-22,184.5,186.0,183.0,186.0,6099300
2019-03-25,182.0,183.5,180.0,181.5,5851500
2019-03-26,181.0,183.0,180.5,182.0,3393200
2019-03-27,182.0,184.5,182.0,182.5,3806000
2019-03-28,182.0,185.0,181.5,184.5,4392600
2019-03-29,185.0,185.5,184.0,184.0,3383600
2019-04-01,185.0,186.0,184.5,185.0,3064100
2019-04-02,185.5,186.5,185.0,186.5,3613500
2019-04-03,187.0,187.0,184.5,186.5,2116600
2019-04-04,186.5,186.5,184.0,185.5,3064200
2019-04-05,185.5,187.0,185.0,186.0,2743700
2019-04-09,186.0,188.0,186.0,187.5,4898400
2019-04-10,188.0,191.5,188.0,191.0,7231600
2019-04-11,190.0,192.0,189.5,190.5,6158800
2019-04-12,190.0,191.5,189.5,191.0,2734300
2019-04-17,192.0,193.5,191.0,192.5,4311500
2019-04-18,193.0,193.0,190.0,191.5,3947200
2019-04-19,191.5,192.5,190.0,190.0,1757400
2019-04-22,190.5,191.0,188.0,188.0,3294900
2019-04-23,188.0,190.5,188.0,189.0,3396400
2019-04-24,188.5,192.0,188.0,192.0,6735400
2019-04-25,190.5,192.0,190.0,190.0,2815400
2019-04-26,190.0,190.0,187.0,188.5,7490600
2019-04-29,188.0,190.0,188.0,189.0,2938900
2019-04-30,189.5,191.5,189.0,190.0,3538800
2019-05-02,190.0,192.0,190.0,190.5,2426300
2019-05-03,189.5,191.0,189.5,190.0,1855800
2019-05-07,189.0,190.5,188.0,188.5,5683700
2019-05-08,188.0,190.5,187.5,189.0,4147600
2019-05-09,190.0,191.0,188.5,189.0,2542500
2019-05-10,191.0,191.0,188.0,190.0,5290900
2019-05-13,189.0,189.5,188.0,188.5,2126200
2019-05-14,188.5,190.0,187.5,187.5,5502000
2019-05-15,187.5,188.5,186.5,186.5,2803300
2019-05-16,186.5,188.0,185.5,186.5,6211900
2019-05-17,187.5,187.5,185.5,186.0,3307800
2019-05-21,189.0,191.0,189.0,190.0,6958400
2019-05-22,191.0,191.0,188.5,190.0,3916900
2019-05-23,189.0,191.0,188.5,189.0,3972300
2019-05-24,189.0,191.0,187.0,190.5,5011700
2019-05-27,191.0,191.0,189.0,189.5,2667300
2019-05-28,189.5,192.0,188.5,192.0,18485300
2019-05-29,191.5,192.0,190.0,192.0,3644200
2019-05-30,192.0,192.5,191.0,192.0,3009600
2019-05-31,192.5,193.5,191.0,193.0,5630200
2019-06-04,194.5,196.5,193.5,193.5,8967300
2019-06-05,194.5,196.0,194.0,195.0,4789000
2019-06-06,194.0,194.5,193.0,194.5,3460700
2019-06-07,195.0,195.0,193.5,194.5,1815100
2019-06-10,196.0,196.0,194.5,195.5,2922600
2019-06-11,195.5,196.5,195.0,196.0,3902200
2019-06-12,196.0,197.5,195.0,197.5,3747500
2019-06-13,197.5,199.0,196.5,199.0,6503800
2019-06-14,198.0,198.5,196.5,198.5,3544700
2019-06-17,198.0,199.0,196.5,196.5,2660400
2019-06-18,196.0,199.5,196.0,199.0,4482200
2019-06-19,200.0,203.0,200.0,203.0,5905700
2019-06-20,203.0,205.0,201.0,204.0,7584800
2019-06-21,205.0,206.0,203.0,206.0,6073600
2019-06-24,206.0,207.0,204.0,205.0,2186800
2019-06-25,203.0,207.0,201.0,207.0,6293400
2019-06-26,205.0,208.0,205.0,206.0,6279700
2019-06-27,208.0,214.0,207.0,214.0,13302800
2019-06-28,215.0,218.0,213.0,218.0,10025600
2019-07-01,219.0,220.0,213.0,213.0,8497000
2019-07-02,213.0,214.0,211.0,212.0,5423800
2019-07-03,211.0,214.0,211.0,213.0,4494500
2019-07-04,213.0,215.0,210.0,212.0,5610400
2019-07-05,211.0,212.0,207.0,211.0,7217800
2019-07-08,210.0,214.0,208.0,212.0,6419300
2019-07-09,211.0,213.0,211.0,212.0,4564300
2019-07-10,213.0,217.0,212.0,217.0,7438800
2019-07-11,217.0,218.0,214.0,216.0,4527800
2019-07-12,216.0,217.0,211.0,212.0,6591100
2019-07-15,211.0,217.0,210.0,215.0,3804300
2019-07-17,213.0,218.0,213.0,216.0,4958200
2019-07-18,215.0,217.0,214.0,215.0,4311900
2019-07-19,217.0,218.0,215.0,218.0,3772500
2019-07-22,218.0,220.0,216.0,216.0,8592400
2019-07-23,215.0,217.0,211.0,213.0,6052000
2019-07-24,213.0,216.0,211.0,216.0,4140200
2019-07-25,216.0,216.0,213.0,215.0,2181500
2019-07-26,214.0,215.0,212.0,213.0,3072300
2019-07-30,214.0,216.0,213.0,214.0,3417000
2019-07-31,214.0,216.0,213.0,213.0,3791900
2019-08-01,212.0,214.0,210.0,212.0,4900200
2019-08-02,210.0,212.0,209.0,212.0,6546100
2019-08-05,210.0,211.0,205.0,206.0,6836100
2019-08-06,205.0,216.0,205.0,215.0,11670800
2019-08-07,217.0,220.0,215.0,220.0,11000900
2019-08-08,220.0,222.0,217.0,219.0,7413300
2019-08-09,220.0,222.0,218.0,221.0,8539400
2019-08-13,220.0,226.0,220.0,223.0,10458600
2019-08-14,225.0,226.0,220.0,224.0,6981100
2019-08-15,219.0,219.0,215.0,216.0,11485100
2019-08-16,214.0,219.0,212.0,218.0,5963400
2019-08-19,218.0,220.0,217.0,218.0,5297500
2019-08-20,223.0,224.0,220.0,224.0,6785900
2019-08-21,225.0,229.0,221.0,228.0,8631600
2019-08-22,225.0,230.0,224.0,230.0,8339700
2019-08-23,231.0,233.0,229.0,232.0,5862500
2019-08-26,227.0,232.0,225.0,232.0,6344000
2019-08-27,232.0,232.0,226.0,229.0,9499700
2019-08-28,231.0,232.0,228.0,230.0,4054900
2019-08-29,230.0,231.0,227.0,231.0,4097000
2019-08-30,231.0,232.0,228.0,232.0,4895300
2019-09-02,230.0,232.0,228.0,228.0,2905300
2019-09-03,231.0,235.0,230.0,230.0,6991000
2019-09-04,233.0,236.0,232.0,234.0,7331800
2019-09-05,237.0,238.0,234.0,237.0,6504000
2019-09-06,238.0,238.0,235.0,235.0,4318400
2019-09-09,236.0,238.0,234.0,235.0,3092000
2019-09-10,235.0,236.0,227.0,228.0,7840600
2019-09-11,228.0,230.0,224.0,229.0,9752800
2019-09-12,229.0,229.0,220.0,221.0,12393200
2019-09-13,222.0,226.0,222.0,223.0,7315700
2019-09-16,222.0,224.0,221.0,223.0,7205100
2019-09-17,223.0,228.0,222.0,225.0,13219800
2019-09-18,227.0,229.0,226.0,229.0,9224200
2019-09-19,230.0,233.0,223.0,224.0,10696900
2019-09-20,224.0,226.0,222.0,222.0,7497800
2019-09-23,221.0,221.0,211.0,211.0,13878600
2019-09-24,212.0,218.0,212.0,218.0,10148900
2019-09-25,219.0,219.0,215.0,215.0,5794200
2019-09-26,219.0,221.0,218.0,220.0,6959600
2019-09-27,221.0,222.0,217.0,221.0,6610000
2019-09-30,222.0,222.0,219.0,220.0,3537400
2019-10-01,222.0,224.0,218.0,219.0,7214200
2019-10-02,217.0,221.0,217.0,220.0,5962600
2019-10-03,221.0,222.0,219.0,221.0,3240000
2019-10-04,222.0,225.0,220.0,224.0,7844400
2019-10-07,227.0,228.0,221.0,222.0,5690500
2019-10-08,224.0,226.0,223.0,226.0,3650500
2019-10-09,225.0,228.0,224.0,228.0,3584600
2019-10-10,229.0,229.0,225.0,226.0,2838400
2019-10-11,228.0,230.0,226.0,229.0,4058800
2019-10-15,230.0,235.0,229.0,234.0,5554800
2019-10-16,235.0,237.0,232.0,236.0,5109000
2019-10-17,238.0,238.0,228.0,230.0,10312000
2019-10-18,230.0,232.0,229.0,231.0,4180400
2019-10-21,231.0,233.0,229.0,233.0,3109000
2019-10-22,232.0,233.0,229.0,231.0,3602300
2019-10-24,233.0,235.0,231.0,233.0,5182800
2019-10-25,233.0,234.0,230.0,232.0,6384900
2019-10-28,232.0,235.0,232.0,232.0,3980000
2019-10-29,232.0,238.0,232.0,238.0,8083200
2019-10-30,239.0,239.0,234.0,238.0,5115500
2019-10-31,239.0,240.0,227.0,229.0,11912600
2019-11-01,230.0,231.0,224.0,225.0,10024200
2019-11-04,227.0,232.0,225.0,231.0,6465300
2019-11-05,233.0,234.0,230.0,232.0,5310200
2019-11-06,232.0,232.0,226.0,229.0,7828200
2019-11-07,230.0,234.0,229.0,232.0,7769000
2019-11-08,232.0,232.0,229.0,230.0,4276200
2019-11-11,229.0,230.0,228.0,228.0,3695700
2019-11-12,230.0,236.0,229.0,233.0,8773300
2019-11-13,233.0,235.0,230.0,233.0,4803900
2019-11-14,235.0,235.0,231.0,232.0,5900300
2019-11-15,232.0,232.0,229.0,231.0,4866500
2019-11-18,231.0,232.0,230.0,230.0,3547100
2019-11-19,230.0,232.0,226.0,227.0,10377700
2019-11-20,225.0,229.0,224.0,227.0,8321700
2019-11-21,226.0,227.0,217.0,220.0,13165700
2019-11-22,220.0,222.0,217.0,220.0,9304200
2019-11-25,222.0,225.0,221.0,224.0,4447300
2019-11-26,227.0,227.0,221.0,221.0,9987800
2019-11-27,222.0,223.0,217.0,219.0,9713200
2019-11-28,220.0,221.0,217.0,219.0,6956600
2019-11-29,218.0,218.0,210.0,212.0,12956400
2019-12-02,212.0,212.0,205.0,207.0,16602900
2019-12-03,204.0,212.0,202.0,211.0,11708400
2019-12-04,212.0,215.0,209.0,214.0,7873800
2019-12-06,217.0,217.0,211.0,212.0,5963100
2019-12-09,212.0,215.0,210.0,214.0,4685700
2019-12-11,216.0,216.0,210.0,212.0,7025700
2019-12-12,214.0,215.0,211.0,213.0,5718400
2019-12-13,213.0,214.0,207.0,209.0,8942300
2019-12-16,209.0,212.0,208.0,208.0,5096600
2019-12-17,208.0,211.0,208.0,210.0,6345400
2019-12-18,212.0,218.0,211.0,218.0,10644800
2019-12-19,216.0,220.0,215.0,220.0,7109800
2019-12-20,221.0,221.0,215.0,216.0,7735600
2019-12-23,218.0,221.0,217.0,220.0,6129900
2019-12-24,220.0,221.0,214.0,215.0,6880100
2019-12-25,213.0,216.0,212.0,215.0,2423600
2019-12-26,216.0,216.0,214.0,215.0,1685300
2019-12-27,216.0,216.0,213.0,214.0,3996200
2019-12-30,215.0,216.0,213.0,213.0,2624300
2020-01-02,214.0,219.0,212.0,218.0,5921300
2020-01-03,216.0,217.0,215.0,216.0,4426800
2020-01-06,216.0,220.0,216.0,217.0,5147100
2020-01-07,218.0,224.0,217.0,223.0,7220900
2020-01-08,221.0,223.0,219.0,220.0,6768300
2020-01-09,222.0,223.0,217.0,218.0,8962100
2020-01-10,219.0,220.0,211.0,214.0,10177800
2020-01-13,215.0,215.0,209.0,213.0,8900500
2020-01-14,214.0,216.0,212.0,213.0,5864800
2020-01-15,212.0,214.0,210.0,213.0,5294000
2020-01-16,213.0,214.0,211.0,213.0,4052900
2020-01-17,215.0,219.0,214.0,217.0,9183500
2020-01-20,217.0,218.0,214.0,217.0,3718600
2020-01-21,219.0,220.0,217.0,219.0,4145800
2020-01-22,219.0,220.0,215.0,219.0,6313200
2020-01-23,218.0,219.0,216.0,218.0,4144800
2020-01-24,219.0,223.0,218.0,223.0,4792600
2020-01-27,221.0,223.0,216.0,216.0,6309000
2020-01-28,217.0,218.0,214.0,216.0,4915200
2020-01-29,217.0,218.0,211.0,214.0,8106700
2020-01-30,204.0,208.0,201.0,203.0,20977500
2020-01-31,204.0,207.0,204.0,204.0,8813600
2020-02-03,205.0,208.0,204.0,205.0,4785200
2020-02-04,207.0,208.0,205.0,208.0,6384700
2020-02-05,209.0,210.0,206.0,210.0,6672100
2020-02-06,209.0,210.0,203.0,204.0,7937100
2020-02-07,205.0,205.0,197.0,199.5,20780000
2020-02-11,201.0,202.0,195.5,196.5,10063800
2020-02-12,200.0,201.0,197.5,200.0,9706700
2020-02-13,200.0,201.0,197.5,198.0,5217300
2020-02-14,199.5,204.0,199.0,204.0,8611900
2020-02-17,210.0,215.0,208.0,214.0,14666900
2020-02-18,213.0,215.0,212.0,213.0,5728600
2020-02-19,210.0,211.0,208.0,210.0,7120900
2020-02-20,211.0,211.0,204.0,206.0,8440200
2020-02-21,204.0,211.0,204.0,211.0,6541700
2020-02-24,207.0,211.0,206.0,206.0,8291400
2020-02-25,207.0,210.0,204.0,207.0,9125700
2020-02-26,206.0,207.0,197.0,197.0,12846400
2020-02-27,199.0,205.0,197.5,204.0,8705700
2020-02-28,198.0,202.0,197.0,200.0,13856200
2020-03-02,202.0,202.0,193.5,197.5,12781400
2020-03-03,196.0,201.0,195.0,201.0,11241800
2020-03-04,199.0,202.0,198.5,199.5,8283400
2020-03-05,200.0,202.0,199.5,199.5,7200900
2020-03-06,198.0,198.5,195.5,196.0,10184300
2020-03-09,193.5,197.5,187.0,188.5,11617600
2020-03-10,188.5,192.5,188.0,191.5,6877700
2020-03-11,190.0,190.5,170.0,185.0,14720200
2020-03-12,175.0,178.0,168.0,173.5,18794600
2020-03-13,161.5,184.0,158.0,177.5,21569000
2020-03-16,166.0,182.0,165.5,171.5,14230600
2020-03-17,171.5,179.0,171.0,172.5,13605300
2020-03-18,174.0,184.5,172.5,180.0,17524800
2020-03-19,177.0,192.0,176.0,190.0,18088200
2020-03-20,194.5,201.0,193.0,197.5,20125700
2020-03-23,192.0,195.5,188.0,188.0,11395600
2020-03-24,193.0,195.5,191.5,194.0,16057100
2020-03-25,201.0,208.0,197.0,202.0,18404000
2020-03-26,202.0,203.0,198.5,202.0,11642400
2020-03-27,204.0,206.0,195.5,199.0,15255700
2020-03-30,198.0,198.0,198.0,198.0,628600
2020-03-31,202.0,203.0,200.0,201.0,6030600
2020-04-01,200.0,202.0,194.5,195.5,11903300
2020-04-02,197.0,200.0,196.0,199.0,8379700
2020-04-03,200.0,200.0,195.0,195.0,8752900
2020-04-07,199.0,199.5,195.0,195.0,16957800
2020-04-08,193.0,193.5,186.5,187.5,24226200
2020-04-09,189.0,192.5,188.0,191.0,14721200
2020-04-10,191.0,194.0,191.0,192.5,6618500
2020-04-13,193.0,195.0,192.0,194.5,5384700
2020-04-14,196.0,196.5,189.5,191.5,12484600
2020-04-15,190.0,192.0,189.5,190.0,5375100
2020-04-16,189.0,190.5,188.0,188.5,6532600
2020-04-17,191.0,195.0,190.0,195.0,10170600
2020-04-20,194.0,195.5,192.5,194.5,10964100
2020-04-21,193.0,196.5,193.0,195.5,7029300
2020-04-22,195.0,202.0,194.5,202.0,14231300
2020-04-23,201.0,202.0,198.0,199.5,8061100
2020-04-24,199.0,200.0,197.0,198.5,7015600
2020-04-27,199.0,201.0,197.5,200.0,5402400
2020-04-28,199.0,201.0,198.0,199.5,5255700
2020-04-29,199.5,201.0,199.0,201.0,3031100
2020-04-30,202.0,202.0,198.0,198.0,7327100
2020-05-05,197.5,199.0,197.0,198.5,4135700
2020-05-07,197.5,199.5,197.0,197.5,6325400
2020-05-08,197.0,198.5,193.0,193.5,11343000
2020-05-11,194.0,195.5,193.0,193.5,8988100
2020-05-12,192.0,192.5,189.5,190.5,13200100
2020-05-13,190.0,192.0,189.0,191.0,8059600
2020-05-14,190.0,191.0,189.5,190.0,5746400
2020-05-15,190.0,191.0,189.0,189.0,4962400
2020-05-18,189.5,190.5,188.0,188.5,6402500
2020-05-19,190.5,191.0,189.5,189.5,7610200
2020-05-20,190.0,193.5,189.0,191.5,10133400
2020-05-21,192.5,192.5,191.0,192.0,4992100
2020-05-22,190.0,190.5,188.0,188.5,5507200
2020-05-25,190.0,191.0,189.0,189.5,3734100
2020-05-26,190.5,192.5,190.5,191.0,6908200
2020-05-27,191.5,192.0,189.0,191.0,7624100
2020-05-28,192.0,192.0,189.5,189.5,7442800
2020-05-29,189.0,193.0,189.0,192.5,14201400
2020-06-01,193.5,194.0,191.0,191.5,6954000
2020-06-02,193.0,193.5,192.0,193.5,5965200
2020-06-04,195.0,199.0,194.0,197.0,17562000
2020-06-05,197.5,203.0,197.5,201.0,20702000
2020-06-08,203.0,203.0,199.5,199.5,8906700
2020-06-09,200.0,202.0,195.0,195.0,10651200
2020-06-10,196.5,197.0,195.0,196.0,5572200
2020-06-11,196.0,196.0,192.0,194.0,6956100
2020-06-12,191.0,193.0,190.5,192.5,8286100
2020-06-15,194.0,195.5,191.0,191.5,11284900
2020-06-16,194.5,194.5,192.5,193.0,5291700
2020-06-17,193.0,194.0,191.0,191.0,8477100
2020-06-18,190.5,192.0,190.0,191.0,4564100
2020-06-19,192.0,192.0,190.0,190.0,8453000
2020-06-22,190.0,191.0,190.0,190.5,3320900
2020-06-23,191.0,191.5,190.0,190.0,3771300
2020-06-24,189.5,190.0,188.0,188.0,9423400
2020-06-25,187.5,188.0,186.0,187.5,7515000
2020-06-26,188.0,189.5,185.0,186.0,8318500
2020-06-29,185.0,187.0,183.5,187.0,6195600
2020-06-30,188.5,190.0,183.5,185.0,10916700
2020-07-01,185.0,186.5,184.0,185.5,7112900
2020-07-02,186.0,189.5,186.0,189.5,6266400
2020-07-03,190.0,190.0,187.0,188.0,4221400
2020-07-07,189.0,189.5,187.5,188.0,8128100
2020-07-08,188.5,191.5,187.5,189.5,7551700
2020-07-09,190.0,192.0,190.0,190.5,6022200
2020-07-10,190.5,191.5,189.0,189.5,5344000
2020-07-13,191.0,191.0,188.0,188.0,4332900
2020-07-14,187.0,187.5,185.0,187.5,5588400
2020-07-15,188.0,188.5,186.5,186.5,3674100
2020-07-16,187.0,188.5,186.0,186.5,6780800
2020-07-17,187.5,190.0,186.5,189.5,3738100
2020-07-20,189.5,191.0,188.5,191.0,5075600
2020-07-21,191.0,191.5,187.5,187.5,9054000
2020-07-22,187.5,188.5,185.5,186.0,4807600
2020-07-23,185.5,188.0,185.0,187.0,4019000
2020-07-24,185.5,186.0,185.0,185.0,4500400
2020-07-29,185.5,187.0,185.0,186.0,3815400
2020-07-30,187.0,187.0,183.0,184.5,4265400
2020-07-31,183.0,185.5,182.5,185.0,5550200
2020-08-03,184.5,185.0,183.0,183.0,3292100
2020-08-04,184.0,186.0,183.0,184.5,4198400
2020-08-05,185.0,186.0,184.0,185.0,3047000
2020-08-06,184.0,191.5,184.0,190.0,10296300
2020-08-07,191.0,191.0,188.0,189.5,9225200
2020-08-10,190.5,191.0,189.5,190.5,3388700
2020-08-11,191.5,194.0,190.5,192.5,9838400
2020-08-13,190.0,193.0,189.0,193.0,6300400
2020-08-14,193.0,193.5,190.0,191.5,7776000
2020-08-17,192.0,192.5,191.0,191.5,3791200
2020-08-18,191.5,193.0,191.5,192.0,5895800
2020-08-19,189.5,190.0,187.0,187.0,5437700
2020-08-20,186.5,187.5,185.0,185.5,5169600
2020-08-21,186.5,187.5,185.0,185.0,2144600
2020-08-24,185.0,187.0,184.5,186.0,2311400
2020-08-25,187.0,188.5,187.0,187.5,2982900
2020-08-26,186.5,187.0,185.5,187.0,2891500
2020-08-27,186.0,186.0,184.5,184.5,4708500
2020-08-28,185.5,186.5,183.5,184.0,3881800
2020-08-31,185.0,186.0,182.5,183.0,6695700
2020-09-01,183.5,184.0,182.5,182.5,3103300
2020-09-02,182.5,184.0,182.0,183.5,2853100
2020-09-03,183.5,184.0,182.5,183.5,2651600
2020-09-08,182.5,183.5,181.5,181.5,4256700
2020-09-09,180.0,181.5,180.0,180.5,2468800
2020-09-10,180.5,182.5,180.5,182.0,3655200
2020-09-11,182.0,182.5,181.0,181.0,2110200
2020-09-14,181.5,182.0,181.0,181.5,2526100
2020-09-15,181.5,182.0,181.0,181.0,2213400
2020-09-16,181.0,182.0,180.0,181.5,3025100
2020-09-17,180.5,180.5,177.5,177.5,5636600
2020-09-18,178.0,180.5,177.5,179.0,6117200
2020-09-21,180.0,180.0,176.5,177.5,3298200
2020-09-22,177.0,177.5,175.5,176.0,3375700
2020-09-23,177.0,178.5,176.0,176.0,4224800
2020-09-24,175.0,176.5,171.0,171.0,7185500
2020-09-25,171.0,172.5,170.0,170.0,4712200
2020-09-28,171.0,175.5,170.5,174.5,6231000
2020-09-29,175.0,176.5,173.5,174.0,4357000
2020-09-30,175.0,175.0,171.0,171.0,4579600
2020-10-01,171.5,172.5,170.0,170.5,3489200
2020-10-02,170.5,171.5,169.0,170.0,3957200
2020-10-05,170.5,174.5,170.5,174.0,5650400
2020-10-06,173.0,173.5,171.0,171.5,4881500
2020-10-07,171.0,173.5,171.0,173.5,5125000
2020-10-08,173.5,177.0,173.0,176.5,6244000
2020-10-09,177.5,178.0,176.5,177.0,4305100
2020-10-12,178.0,179.0,177.0,178.5,2217500
2020-10-14,177.5,178.0,174.5,176.0,4430100
2020-10-15,174.5,176.0,173.5,175.5,4745700
2020-10-16,175.0,176.0,172.5,173.5,5105700
2020-10-19,172.5,175.5,172.5,173.5,5949600
2020-10-20,173.5,174.0,172.0,172.0,5876500
2020-10-21,172.5,172.5,171.0,171.5,4670800
2020-10-22,171.0,174.0,171.0,171.0,5647800
2020-10-26,171.0,173.0,169.5,172.5,4054000
2020-10-27,171.0,172.5,170.0,172.0,3595500
2020-10-28,171.5,173.0,171.0,173.0,3682000
2020-10-29,173.0,174.5,172.0,174.5,4034900
2020-10-30,175.0,175.0,171.5,172.5,4408800
2020-11-02,173.5,173.5,171.0,171.0,2981800
2020-11-03,171.5,172.0,170.0,170.5,6584700
2020-11-04,170.5,173.0,170.5,172.0,5860700
2020-11-05,174.0,179.5,173.0,179.0,8691500
2020-11-06,177.0,178.0,174.0,174.0,8087700
2020-11-09,178.0,181.0,178.0,179.0,11230100
2020-11-10,178.0,183.5,176.5,181.5,16305700
2020-11-11,183.5,184.5,181.0,182.0,9222600
2020-11-12,182.0,182.0,175.5,176.0,14057600
2020-11-13,174.5,176.0,173.0,174.5,12901400
2020-11-16,176.0,177.0,174.5,174.5,8479800
2020-11-17,176.0,176.0,173.5,174.5,12495700
2020-11-18,174.0,175.5,173.5,175.5,5825500
2020-11-19,175.5,180.0,175.5,176.5,20517200
2020-11-20,176.0,176.5,172.5,175.5,28570600
2020-11-23,176.5,180.0,176.0,179.5,20353600
2020-11-24,182.0,182.5,178.0,178.0,26041600
2020-11-25,178.5,179.5,175.5,177.0,15608500
2020-11-26,177.5,179.5,177.0,178.5,12646400
2020-11-27,178.0,180.5,178.0,179.5,10346100
2020-11-30,179.0,180.0,175.5,175.5,20143400
2020-12-01,176.5,179.5,176.5,178.0,12453300
2020-12-02,179.5,183.0,178.5,180.0,18803500
2020-12-03,181.5,182.0,179.5,180.5,10016400
2020-12-04,181.0,182.5,179.5,181.5,9514700
2020-12-08,182.0,186.5,182.0,185.0,18421600
2020-12-09,188.0,190.0,187.0,189.0,21196500
2020-12-14,190.5,195.0,190.5,191.0,21056400
2020-12-15,189.5,190.0,186.5,187.5,14870800
2020-12-16,189.0,189.5,188.0,188.0,8171400
2020-12-17,188.0,191.0,188.0,189.0,8686200
2020-12-18,189.5,190.5,187.0,187.5,12678900
2020-12-21,182.5,184.5,177.5,177.5,18273800
2020-12-22,178.5,180.0,175.5,178.5,12598300
2020-12-23,179.0,180.5,177.5,177.5,9969700
2020-12-24,177.5,179.5,176.5,178.5,7358400
2020-12-25,179.0,180.0,178.5,179.0,5196700
2020-12-28,180.0,180.0,176.5,177.0,7816100
2020-12-29,177.0,178.5,177.0,178.5,5908400
2020-12-30,179.0,179.0,176.0,176.0,7337300
2021-01-04,175.0,176.5,174.5,176.0,7455500
2021-01-05,176.0,179.0,175.0,178.5,9815300
2021-01-06,179.0,182.5,178.0,179.5,14578500
2021-01-07,181.5,181.5,179.5,180.5,7760600
2021-01-08,181.5,185.0,180.5,184.5,14310800
2021-01-11,185.0,185.0,181.5,182.0,12165600
2021-01-12,182.0,182.5,179.5,180.5,7747700
2021-01-13,181.5,181.5,180.0,181.5,7677900
2021-01-14,182.0,182.0,180.5,180.5,5480200
2021-01-15,181.0,183.0,180.0,180.0,7785300
2021-01-18,180.0,180.5,178.5,179.0,5328200
2021-01-19,179.5,181.0,179.0,179.0,4260500
2021-01-20,179.5,179.5,177.5,177.5,6911400
2021-01-21,178.0,179.5,176.5,177.5,7709900
2021-01-22,176.5,177.5,176.0,177.0,5155700
2021-01-25,177.5,178.0,175.0,176.0,9287900
2021-01-26,175.5,177.5,175.0,176.5,5660700
2021-01-27,176.0,177.0,175.5,175.5,4338000
2021-01-28,175.0,175.5,174.0,174.0,5659500
2021-01-29,174.5,175.0,172.0,172.0,8282600
2021-02-01,172.0,174.0,171.0,172.0,3929500
2021-02-02,173.0,174.5,172.5,173.0,5043300
2021-02-03,173.5,173.5,170.5,171.0,10454500
2021-02-04,171.0,171.5,170.0,170.0,7157600
2021-02-05,171.0,171.0,169.5,170.0,7133200
2021-02-08,172.0,173.5,172.0,173.5,6643900
2021-02-09,174.5,176.0,174.5,175.0,8260100
2021-02-10,176.0,176.0,173.5,173.5,5848300
2021-02-11,173.5,174.5,173.0,173.0,4989800
2021-02-15,173.5,174.5,173.0,173.0,4604100
2021-02-16,173.5,174.5,173.0,173.5,2764200
2021-02-17,173.5,174.0,173.0,173.5,4670300
2021-02-18,173.5,174.0,173.0,173.5,4901700
2021-02-19,170.0,171.0,169.0,170.0,5293100
2021-02-22,170.0,170.0,168.0,168.0,5407800
2021-02-23,167.5,168.0,165.0,166.0,9640200
2021-02-24,166.0,167.5,164.0,164.0,9279600
2021-02-25,165.5,168.0,164.5,165.5,7112500
2021-03-01,164.5,169.0,164.0,165.5,6619600
2021-03-02,167.5,167.5,165.5,165.5,5515900
2021-03-03,166.5,170.5,166.0,170.0,8304400
2021-03-04,168.5,169.5,168.0,168.5,4438700
2021-03-05,167.5,169.0,166.0,167.0,7622900
2021-03-08,168.5,168.5,165.5,165.5,8033300
2021-03-09,165.5,168.5,165.5,168.5,5029300
2021-03-10,169.0,173.0,169.0,172.5,13703700
2021-03-11,173.5,174.0,171.0,171.0,9106800
2021-03-12,172.0,172.5,170.5,170.5,3795900
2021-03-15,171.5,172.0,170.5,171.5,4052400
2021-03-16,172.0,172.5,171.5,172.0,6170300
2021-03-17,172.0,173.0,171.0,171.0,6244700
2021-03-18,172.5,172.5,171.0,171.5,4660600
2021-03-19,171.0,172.5,170.0,172.5,7018800
2021-03-22,171.5,172.0,170.5,170.5,4790500
2021-03-23,171.0,171.5,170.0,170.0,4353500
2021-03-24,171.0,171.0,169.0,171.0,4665800
2021-03-25,170.5,175.5,170.0,173.5,15346700
2021-03-26,175.0,175.0,172.5,173.5,6517300
2021-03-29,174.0,174.5,173.0,173.0,4654100
2021-03-30,173.5,174.0,173.0,173.0,3979900
2021-03-31,173.5,175.0,172.5,173.5,7132700
2021-04-01,173.5,174.0,173.5,173.5,1836600
2021-04-02,173.5,174.5,173.0,174.0,4415700
2021-04-05,173.5,174.0,172.0,172.0,3094700
2021-04-07,171.5,171.5,169.5,170.0,7339500
2021-04-08,170.0,171.0,169.5,170.0,3339200
2021-04-09,170.0,171.0,169.5,169.5,3115500
2021-04-12,169.0,170.0,167.0,167.0,6208800
2021-04-16,169.0,170.0,167.0,168.0,5625200
2021-04-19,167.0,169.5,166.0,169.5,11094300
2021-04-20,170.5,176.5,170.0,175.0,22866900
2021-04-21,174.5,179.0,174.0,179.0,18849000
2021-04-22,178.5,178.5,174.5,175.5,14251200
2021-04-23,174.5,175.5,173.0,174.0,8861800
2021-04-26,174.0,174.5,172.5,172.5,6194800
2021-04-27,173.5,174.5,172.5,173.0,4232200
2021-04-28,173.5,174.0,171.0,171.5,7428400
2021-04-29,172.5,173.0,171.0,172.0,5321500
2021-04-30,173.5,173.5,170.5,171.0,4932400
2021-05-05,171.0,172.5,169.0,169.0,11748700
2021-05-06,169.0,170.5,169.0,169.0,6170500
2021-05-07,170.0,171.5,169.5,170.0,3421500
2021-05-10,170.5,171.0,169.5,170.0,3093000
2021-05-11,169.0,171.0,169.0,171.0,3778300
2021-05-12,170.5,170.5,169.0,169.5,2392200
2021-05-13,168.5,169.0,167.0,169.0,8172300
2021-05-14,169.0,169.5,168.0,169.5,2618700
2021-05-17,169.0,169.5,168.0,168.5,4877500
2021-05-18,169.0,171.0,169.0,171.0,3926100
2021-05-19,170.0,170.5,169.5,169.5,2912600
2021-05-20,170.0,171.0,168.5,170.0,4540100
2021-05-21,170.0,170.5,169.0,170.0,3080100
2021-05-24,170.0,170.5,169.0,169.5,3530100
2021-05-25,170.0,170.5,168.5,168.5,4687900
2021-05-27,168.5,169.5,168.0,168.0,9872800
2021-05-28,169.5,170.5,169.0,169.0,4385000
2021-05-31,169.5,169.5,168.0,168.5,4283800
2021-06-01,168.5,170.0,168.0,169.5,5069600
2021-06-02,170.0,172.5,169.5,171.0,11350300
2021-06-04,171.0,171.5,169.5,169.5,5039400
2021-06-07,170.5,171.0,169.5,169.5,4397600
2021-06-08,170.5,173.0,170.0,172.5,11671000
2021-06-09,173.0,175.0,173.0,173.5,11997400
2021-06-10,175.0,175.5,173.5,173.5,5251100
2021-06-11,174.0,174.5,173.5,174.5,3081900
2021-06-14,175.0,176.0,174.0,174.5,4734700
2021-06-15,174.5,175.5,173.5,173.5,4870200
2021-06-16,173.5,174.0,173.0,173.5,2721300
2021-06-17,173.5,173.5,172.5,172.5,3125900
2021-06-18,172.5,173.5,172.0,173.5,5636100
2021-06-21,172.0,172.5,171.0,172.0,3989100
2021-06-22,172.5,173.5,171.0,171.5,4133500
2021-06-23,171.5,172.0,170.5,170.5,3736400
2021-06-24,170.5,171.5,170.0,171.5,4065100
2021-06-25,172.0,172.0,170.5,171.5,2563100
2021-06-28,170.5,171.5,170.0,170.0,3646200
2021-06-29,170.0,171.5,169.0,170.5,5303500
2021-06-30,171.0,172.0,171.0,171.0,4338700
2021-07-01,171.0,172.5,170.5,172.5,3169800
2021-07-02,172.5,173.0,171.5,171.5,3962700
2021-07-05,171.5,171.5,170.5,171.0,2445000
2021-07-06,171.5,172.0,170.5,171.5,3338700
2021-07-07,170.5,172.0,170.0,170.5,4552600
2021-07-08,169.0,170.5,169.0,169.0,4506500
2021-07-09,169.0,170.5,169.0,169.5,4329100
2021-07-12,170.5,171.0,169.0,170.0,2124700
2021-07-13,171.0,171.5,170.5,170.5,2213500
2021-07-14,171.0,171.0,170.0,170.5,4346800
2021-07-15,171.0,172.0,170.0,170.5,4086300
2021-07-16,171.5,171.5,170.0,170.5,3941800
2021-07-19,169.5,172.0,169.5,171.5,3980000
2021-07-20,171.5,174.5,171.0,174.5,12191500
2021-07-21,175.0,177.0,174.0,177.0,10852000
2021-07-22,176.5,177.0,175.0,176.5,5868200
2021-07-23,176.0,177.0,175.5,176.5,4257700
2021-07-27,177.0,177.0,174.0,176.0,6247700
2021-07-29,176.5,179.0,175.5,178.5,11744500
2021-07-30,178.0,180.0,177.0,179.5,10072400
2021-08-02,179.5,180.5,178.5,180.5,6492300
2021-08-03,180.0,180.0,174.5,177.0,14072900
2021-08-04,177.5,179.0,176.0,179.0,6989400
2021-08-05,179.0,179.0,175.0,175.5,7637400
2021-08-06,176.0,176.5,174.0,176.0,4276700
2021-08-09,176.5,178.0,175.5,177.5,4459300
2021-08-10,177.5,183.0,177.5,182.0,14385300
2021-08-11,182.5,186.5,182.0,185.5,22428000
2021-08-13,185.5,186.0,182.5,184.5,7590200
2021-08-16,181.0,181.0,178.5,181.0,6054600
2021-08-17,181.5,184.0,180.0,183.5,6880900
2021-08-18,183.5,184.0,182.0,182.5,4285800
2021-08-19,181.5,184.5,181.0,182.5,3908400
2021-08-20,182.5,184.5,182.0,183.5,9840600
2021-08-23,183.5,184.0,180.0,181.0,10197200
2021-08-24,181.5,183.0,180.5,181.0,5456900
2021-08-25,181.0,184.0,180.5,183.5,7122600
2021-08-26,183.5,185.0,182.0,184.0,9407000
2021-08-27,183.5,185.5,183.0,184.5,9635000
2021-08-30,185.5,186.5,183.5,184.0,8232500
2021-08-31,183.5,189.5,183.5,188.0,17957000
2021-09-01,188.5,189.5,186.0,186.0,9287500
2021-09-02,187.0,190.5,186.5,188.5,16097500
2021-09-03,189.0,190.0,188.0,190.0,6704600
2021-09-06,190.5,192.0,189.0,191.5,7256600
2021-09-07,193.0,198.0,192.5,197.5,20584400
2021-09-08,197.0,201.0,192.0,194.0,23185100
2021-09-09,195.0,197.0,190.5,191.0,20907100
2021-09-10,191.0,192.0,187.0,190.0,21824600
2021-09-13,190.0,193.5,190.0,193.5,8596600
2021-09-14,193.0,193.5,189.5,190.0,7610600
2021-09-15,189.0,193.0,189.0,192.5,6287800
2021-09-16,193.0,194.0,191.5,193.5,4477700
2021-09-17,193.0,194.0,191.5,194.0,4806900
2021-09-20,192.0,192.5,188.5,189.0,7533000
2021-09-21,189.5,193.0,189.0,193.0,7406800
2021-09-22,196.5,198.5,195.0,196.5,14177600
2021-09-23,198.5,199.5,194.0,196.5,12576100
2021-09-27,197.5,197.5,194.5,195.5,5830800
2021-09-28,195.0,196.0,193.5,195.5,3821500
2021-09-29,192.0,196.0,192.0,194.5,6049500
2021-09-30,195.0,197.0,194.0,196.0,7141100
2021-10-01,195.0,197.0,193.5,195.5,6231800
2021-10-04,194.5,195.5,193.5,194.5,4105800
2021-10-05,194.0,197.0,193.5,196.0,3684300
2021-10-06,196.0,198.0,194.5,195.5,6697800
2021-10-07,195.5,198.0,195.5,196.0,4073800
2021-10-08,196.5,196.5,193.0,193.5,7538900
2021-10-11,193.5,194.0,192.0,193.0,4580100
2021-10-12,193.0,194.0,191.5,193.0,5026200
2021-10-14,193.5,194.0,191.5,191.5,4661200
2021-10-15,191.5,193.0,190.5,190.5,4156000
2021-10-18,190.5,191.0,189.0,190.0,6083300
2021-10-19,190.0,190.5,187.0,187.0,9316700
2021-10-20,187.0,189.5,187.0,188.0,5593300
2021-10-21,189.0,189.0,187.5,188.0,2562300
2021-10-25,188.5,189.5,187.5,188.5,4426100
2021-10-26,188.5,189.5,187.5,189.0,5513800
2021-10-27,189.0,189.5,188.0,188.0,3821600
2021-10-28,188.0,191.0,187.5,189.5,4868200
2021-10-29,190.0,190.5,189.0,189.0,3488400
2021-11-01,189.5,191.5,188.5,188.5,4466000
2021-11-02,189.5,192.0,189.0,192.0,5552900
2021-11-03,192.5,192.5,189.0,189.5,4999900
2021-11-04,190.0,192.0,189.5,191.0,5281000
2021-11-05,191.5,192.5,190.0,192.0,3504000
2021-11-08,192.5,193.0,191.5,193.0,5336300
2021-11-09,193.5,195.0,193.5,194.0,5803000
2021-11-10,193.0,194.5,192.0,194.0,3520500
2021-11-11,194.0,194.5,193.0,193.5,2565700
2021-11-12,193.5,194.5,192.5,193.0,3457300
2021-11-15,192.5,195.0,192.5,194.0,3155600
2021-11-16,193.5,195.5,193.5,195.5,4339300
2021-11-17,195.0,197.0,194.0,197.0,5179200
2021-11-18,196.0,197.5,196.0,197.5,6247400
2021-11-19,197.5,198.5,195.5,196.0,7154000
2021-11-22,205.0,212.0,201.0,209.0,35129200
2021-11-23,209.0,215.0,207.0,215.0,16610400
2021-11-24,216.0,219.0,212.0,214.0,16550700
2021-11-25,214.0,215.0,209.0,210.0,6643100
2021-11-26,209.0,210.0,205.0,205.0,8125000
2021-11-29,207.0,214.0,206.0,211.0,10640100
2021-11-30,212.0,215.0,205.0,206.0,17453400
2021-12-01,209.0,211.0,204.0,211.0,11582400
2021-12-02,209.0,214.0,208.0,212.0,9273900
2021-12-03,212.0,213.0,210.0,212.0,5808100
2021-12-07,213.0,215.0,211.0,211.0,6114400
2021-12-08,212.0,220.0,212.0,220.0,7825000
2021-12-09,219.0,219.0,214.0,216.0,6901800
2021-12-13,218.0,219.0,214.0,217.0,5783500
2021-12-14,216.0,219.0,215.0,219.0,4155400
2021-12-15,218.0,221.0,217.0,218.0,4952100
2021-12-16,219.0,220.0,216.0,220.0,4817100
2021-12-17,220.0,220.0,218.0,218.0,5087500
2021-12-20,216.0,217.0,209.0,212.0,7621000
2021-12-21,214.0,219.0,213.0,218.0,6393800
2021-12-22,218.0,219.0,216.0,216.0,1872300
2021-12-23,218.0,230.0,218.0,226.0,13940900
2021-12-24,225.0,226.0,222.0,224.0,2762800
2021-12-27,224.0,226.0,222.0,223.0,2884100
2021-12-28,224.0,229.0,223.0,225.0,5460600
2021-12-29,225.0,229.0,224.0,229.0,3419700
2021-12-30,230.0,231.0,228.0,230.0,5029000
2022-01-04,230.0,232.0,227.0,228.0,5137200
2022-01-05,227.0,227.0,224.0,226.0,5786600
2022-01-06,223.0,224.0,221.0,221.0,8504200
2022-01-07,221.0,222.0,215.0,221.0,12073900
2022-01-10,221.0,221.0,218.0,219.0,6136300
2022-01-11,221.0,226.0,221.0,224.0,8143300
2022-01-12,225.0,226.0,221.0,222.0,3214800
2022-01-13,223.0,224.0,218.0,220.0,4652800
2022-01-14,220.0,222.0,219.0,220.0,6093900
2022-01-17,219.0,220.0,217.0,218.0,5103000
2022-01-18,219.0,223.0,219.0,222.0,6068000
2022-01-19,221.0,222.0,219.0,222.0,2204600
2022-01-20,222.0,223.0,221.0,221.0,2437000
2022-01-21,220.0,222.0,220.0,222.0,2847500
2022-01-24,222.0,225.0,221.0,223.0,3713900
2022-01-25,222.0,223.0,219.0,222.0,3299700
2022-01-26,223.0,224.0,221.0,221.0,2816300
2022-01-27,220.0,225.0,220.0,224.0,3657900
2022-01-28,223.0,224.0,221.0,222.0,2523300
2022-01-31,223.0,224.0,220.0,220.0,2585100
2022-02-01,221.0,222.0,220.0,221.0,2656900
2022-02-02,221.0,224.0,220.0,223.0,2557700
2022-02-03,222.0,224.0,222.0,223.0,2155700
2022-02-04,223.0,224.0,219.0,220.0,5450300
2022-02-07,219.0,220.0,218.0,219.0,2758700
2022-02-08,219.0,222.0,219.0,222.0,5941700
2022-02-09,223.0,227.0,223.0,226.0,12703100
2022-02-10,226.0,230.0,225.0,229.0,6593800
2022-02-11,228.0,237.0,226.0,237.0,13664400
2022-02-14,236.0,236.0,230.0,234.0,10761500
2022-02-15,234.0,237.0,232.0,237.0,6928800
2022-02-17,239.0,242.0,238.0,240.0,11546800
2022-02-18,236.0,239.0,235.0,238.0,6703600
2022-02-21,236.0,237.0,227.0,228.0,8389000
2022-02-22,225.0,231.0,225.0,230.0,6370800
2022-02-23,230.0,233.0,229.0,233.0,4535000
2022-02-24,230.0,233.0,226.0,227.0,6724500
2022-02-25,229.0,231.0,227.0,228.0,2600600
2022-02-28,227.0,230.0,225.0,229.0,7649300
2022-03-01,232.0,237.0,231.0,237.0,7476800
2022-03-02,241.0,242.0,236.0,236.0,8599500
2022-03-03,237.0,239.0,235.0,238.0,4608400
2022-03-04,236.0,237.0,232.0,232.0,5877200
2022-03-07,230.0,232.0,222.0,226.0,10329100
2022-03-08,225.0,227.0,221.0,226.0,9175500
2022-03-09,227.0,232.0,224.0,232.0,8919200
2022-03-10,235.0,235.0,229.0,231.0,5651900
2022-03-11,231.0,235.0,231.0,234.0,4616200
2022-03-14,236.0,237.0,233.0,235.0,3921000
2022-03-15,234.0,235.0,230.0,232.0,7052200
2022-03-16,233.0,235.0,232.0,235.0,4274000
2022-03-17,236.0,240.0,233.0,234.0,8914700
2022-03-18,234.0,235.0,231.0,232.0,5152300
2022-03-21,232.0,233.0,229.0,230.0,4189700
2022-03-22,230.0,232.0,229.0,230.0,3243800
2022-03-23,230.0,231.0,226.0,226.0,4672500
2022-03-24,227.0,233.0,227.0,231.0,6830700
2022-03-25,231.0,232.0,229.0,231.0,2823400
2022-03-28,232.0,234.0,231.0,232.0,2672100
2022-03-29,233.0,237.0,232.0,237.0,5522100
2022-03-30,237.0,237.0,232.0,235.0,5683200
2022-03-31,235.0,235.0,232.0,233.0,3648300
2022-04-01,233.0,236.0,233.0,236.0,4151200
2022-04-04,235.0,236.0,233.0,233.0,1637200
2022-04-05,235.0,236.0,233.0,234.0,3093100
2022-04-07,234.0,235.0,227.0,227.0,8726100
2022-04-08,228.0,229.0,225.0,226.0,4388900
2022-04-11,225.0,226.0,223.0,224.0,3504800
2022-04-12,222.0,225.0,221.0,223.0,2646900
2022-04-18,223.0,223.0,219.0,221.0,5392900
2022-04-19,222.0,223.0,214.0,215.0,9313500
2022-04-20,215.0,220.0,215.0,216.0,7284200
2022-04-21,218.0,221.0,218.0,219.0,7440500
2022-04-22,218.0,220.0,216.0,218.0,3601400
2022-04-25,217.0,217.0,215.0,216.0,4644400
2022-04-26,217.0,220.0,217.0,217.0,3812900
2022-04-27,218.0,220.0,217.0,219.0,5408800
2022-04-28,220.0,221.0,218.0,220.0,5937400
2022-04-29,218.0,219.0,214.0,215.0,8740400
2022-05-03,215.0,217.0,211.0,212.0,5932100
2022-05-05,210.0,212.0,207.0,209.0,11389700
2022-05-06,207.0,210.0,207.0,208.0,5578600
2022-05-09,207.0,207.0,204.0,205.0,6402600
2022-05-10,211.0,215.0,207.0,213.0,17219900
2022-05-11,214.0,217.0,212.0,214.0,8217600
2022-05-12,212.0,218.0,212.0,216.0,9042500
2022-05-13,215.0,216.0,212.0,215.0,5005100
2022-05-17,218.0,219.0,215.0,218.0,5213300
2022-05-18,219.0,220.0,216.0,219.0,6393100
2022-05-19,216.0,219.0,215.0,217.0,4322600
2022-05-20,218.0,220.0,216.0,218.0,4577000
2022-05-23,219.0,220.0,217.0,220.0,4706200
2022-05-24,221.0,225.0,221.0,224.0,10321200
2022-05-25,224.0,225.0,220.0,220.0,6623900
2022-05-26,221.0,223.0,220.0,222.0,3041000
2022-05-27,222.0,223.0,216.0,218.0,8360300
2022-05-30,218.0,219.0,216.0,217.0,3380900
2022-05-31,217.0,219.0,216.0,217.0,15004000
2022-06-01,218.0,221.0,217.0,220.0,4631200
2022-06-02,219.0,219.0,216.0,217.0,4504800
2022-06-06,217.0,217.0,211.0,214.0,6308300
2022-06-07,213.0,214.0,211.0,212.0,3961600
2022-06-08,212.0,213.0,209.0,211.0,8316200
2022-06-09,211.0,213.0,210.0,212.0,5267000
2022-06-10,211.0,211.0,207.0,208.0,6371100
2022-06-13,206.0,208.0,205.0,207.0,5286400
2022-06-14,206.0,210.0,205.0,209.0,3995600
2022-06-15,208.0,208.0,206.0,206.0,3916600
2022-06-16,207.0,208.0,198.5,199.5,14878800
2022-06-17,199.0,203.0,197.5,202.0,10878900
2022-06-20,202.0,204.0,201.0,203.0,2743700
2022-06-21,202.0,203.0,200.0,201.0,4067300
2022-06-22,200.0,202.0,197.5,198.0,8415400
2022-06-23,198.0,199.5,196.0,197.0,8709000
2022-06-24,197.5,203.0,197.0,202.0,9721300
2022-06-27,204.0,204.0,200.0,202.0,4343600
2022-06-28,202.0,204.0,200.0,204.0,4737100
2022-06-29,201.0,202.0,198.0,199.0,10647400
2022-06-30,198.5,199.5,194.5,194.5,13220100
2022-07-01,195.0,197.5,194.5,197.5,6110900
2022-07-04,201.0,203.0,199.5,200.0,11295900
2022-07-05,201.0,206.0,200.0,203.0,12766200
2022-07-06,203.0,204.0,201.0,203.0,6937600
2022-07-07,203.0,207.0,202.0,205.0,6658300
2022-07-08,206.0,206.0,203.0,204.0,5121300
2022-07-11,204.0,205.0,203.0,204.0,2121000
2022-07-12,204.0,206.0,202.0,203.0,3132700
2022-07-14,206.0,207.0,202.0,204.0,6402900
2022-07-15,205.0,205.0,203.0,205.0,3977200
2022-07-18,205.0,206.0,204.0,205.0,3059500
2022-07-19,203.0,204.0,200.0,202.0,5117900
2022-07-20,203.0,204.0,200.0,202.0,5676200
2022-07-21,202.0,204.0,200.0,202.0,3591500
2022-07-22,203.0,204.0,200.0,202.0,4698300
2022-07-25,200.0,201.0,198.0,200.0,5294300
2022-07-26,200.0,200.0,198.0,198.0,4156300
2022-07-27,200.0,201.0,198.5,201.0,4889800
2022-08-01,201.0,203.0,200.0,202.0,6402500
2022-08-02,203.0,205.0,201.0,202.0,6196500
2022-08-03,203.0,203.0,201.0,202.0,2975700
2022-08-04,202.0,203.0,201.0,202.0,2364100
2022-08-05,203.0,203.0,201.0,202.0,2602200
2022-08-08,203.0,203.0,201.0,203.0,4579800
2022-08-09,203.0,205.0,202.0,205.0,4120500
2022-08-10,204.0,205.0,201.0,202.0,6113700
2022-08-11,202.0,203.0,198.5,199.5,9791500
2022-08-15,201.0,203.0,200.0,201.0,4680300
2022-08-16,202.0,202.0,200.0,201.0,5280900
2022-08-17,200.0,201.0,199.0,200.0,6693100
2022-08-18,199.5,201.0,199.5,200.0,3976300
2022-08-19,197.0,198.5,196.0,196.0,7738700
2022-08-22,196.0,196.5,193.5,194.0,7223100
2022-08-23,194.0,195.5,192.5,193.5,8814600
2022-08-24,193.5,193.5,192.0,193.0,6082200
2022-08-25,194.0,194.5,192.0,192.5,5430200
2022-08-26,193.0,193.5,192.0,192.5,3801400
2022-08-29,190.5,191.5,189.5,191.5,6652900
2022-08-30,191.0,194.0,191.0,193.5,5947900
2022-08-31,192.0,193.5,192.0,192.0,9149400
2022-09-01,192.0,192.5,190.5,190.5,5709600
2022-09-02,190.5,192.0,190.0,191.5,3907900
2022-09-05,191.5,192.0,189.0,191.5,9130100
2022-09-06,191.0,194.0,190.5,193.5,9511900
2022-09-07,193.5,194.0,192.5,193.5,7093600
2022-09-08,193.0,193.5,192.5,193.0,5722100
2022-09-09,193.0,193.5,191.5,192.5,4915400
2022-09-12,192.0,193.0,191.5,192.0,3615200
2022-09-13,192.5,196.5,192.0,196.0,11936400
2022-09-14,194.5,196.0,194.5,195.0,8701700
2022-09-15,195.0,195.5,193.0,194.0,6661700
2022-09-16,193.0,194.0,192.5,193.0,5724300
2022-09-19,193.0,193.0,190.0,191.0,5472000
2022-09-20,191.0,192.5,190.0,191.0,5579700
2022-09-21,192.0,196.0,191.5,193.5,16742200
2022-09-22,193.5,194.5,192.5,194.0,4763400
2022-09-23,193.0,193.5,192.5,193.0,3053400
2022-09-26,192.5,200.0,192.0,198.5,19157800
2022-09-27,199.0,201.0,197.0,197.5,8648100
2022-09-28,196.5,200.0,196.0,197.5,8785400
2022-09-29,197.5,198.5,194.5,195.5,6699100
2022-09-30,195.5,197.0,194.5,195.0,5223800
2022-10-03,194.5,195.0,191.5,192.0,8462700
2022-10-04,192.0,194.0,190.0,193.0,7969800
2022-10-05,192.5,193.0,190.0,190.0,9975600
2022-10-06,190.0,190.5,185.0,186.5,20090500
2022-10-07,186.0,188.0,186.0,186.5,3662400
2022-10-10,186.0,186.0,184.0,184.5,6266200
2022-10-11,186.5,186.5,184.5,185.0,4581600
2022-10-12,185.0,185.0,183.5,184.5,3338100
2022-10-17,184.5,185.0,181.5,185.0,4854300
2022-10-18,185.0,187.5,184.0,185.0,8029600
2022-10-19,184.0,185.5,184.0,185.5,3703700
2022-10-20,185.5,190.0,184.5,189.0,14218000
2022-10-21,190.0,191.0,186.0,187.0,11680000
2022-10-25,187.0,187.5,185.0,185.5,4833900
2022-10-26,185.5,188.0,185.5,187.5,4484600
2022-10-27,188.0,188.5,187.0,188.0,5035500
2022-10-28,188.0,189.0,188.0,189.0,4206100
2022-10-31,189.5,191.5,189.0,191.0,7126800
2022-11-01,191.0,193.5,191.0,193.5,5184600
2022-11-02,193.5,194.0,192.5,192.5,5764500
2022-11-03,192.0,193.0,191.5,191.5,4463700
2022-11-04,192.0,192.0,186.5,187.0,14437300
2022-11-07,187.5,187.5,184.5,185.0,9737700
2022-11-08,185.0,188.5,185.0,187.5,6050600
2022-11-09,188.0,188.0,186.5,188.0,4485100
2022-11-10,186.0,187.0,185.0,186.5,6012800
2022-11-11,188.5,189.5,187.5,189.0,7631900
2022-11-14,188.0,190.0,188.0,188.5,4685800
2022-11-15,189.0,189.0,187.0,187.5,5067300
2022-11-16,187.0,189.0,187.0,187.5,5616900
2022-11-17,187.5,187.5,186.0,187.0,5787400
2022-11-18,188.0,190.0,187.5,190.0,7921400
2022-11-21,189.5,191.0,188.5,190.5,4995900
2022-11-22,190.5,191.5,189.5,190.0,7786200
2022-11-23,190.0,191.0,189.5,190.0,4280900
2022-11-24,190.5,191.0,188.0,189.0,4726200
2022-11-25,189.0,189.0,187.0,188.5,3167000
2022-11-28,188.0,189.0,187.0,188.5,2293800
2022-11-29,189.0,190.5,189.0,190.0,3564400
2022-11-30,189.0,190.0,188.5,189.0,8367700
2022-12-01,190.0,190.5,189.0,190.0,2908500
2022-12-02,190.0,190.0,188.5,188.5,3418300
2022-12-06,188.0,188.5,183.0,185.0,11185200
2022-12-07,185.0,187.5,185.0,186.5,3787900
2022-12-08,187.0,187.0,185.5,186.5,2847700
2022-12-09,186.0,187.5,186.0,187.0,2850000
2022-12-13,188.0,188.0,186.0,186.5,3709500
2022-12-14,187.0,187.0,185.5,186.5,3836900
2022-12-15,186.0,186.5,185.0,185.5,2776600
2022-12-16,185.0,186.0,184.5,185.0,4992000
2022-12-19,186.0,186.5,184.5,186.0,2955200
2022-12-20,186.0,187.0,185.0,186.0,2003100
2022-12-21,186.5,188.5,186.0,188.0,4693800
2022-12-22,189.0,189.5,188.0,188.5,4636500
2022-12-23,188.0,190.0,188.0,190.0,4747500
2022-12-26,190.5,193.0,190.0,192.0,7569900
2022-12-27,192.5,194.0,192.0,193.5,5127600
2022-12-28,194.0,195.0,193.5,194.0,3691100
2022-12-29,194.0,196.0,193.5,196.0,4646600
2022-12-30,196.0,197.0,194.5,195.0,6034600
2023-01-03,196.0,196.5,194.5,194.5,2992300
2023-01-04,194.5,197.5,194.0,197.0,5078000
2023-01-05,197.0,202.0,196.5,201.0,13624900
2023-01-06,201.0,202.0,199.5,201.0,4262300
2023-01-09,202.0,203.0,201.0,203.0,4561800
2023-01-10,204.0,204.0,202.0,203.0,4852900
2023-01-11,203.0,204.0,199.0,199.0,6663900
2023-01-12,200.0,203.0,199.5,201.0,7078600
2023-01-13,202.0,203.0,200.0,202.0,3937300
2023-01-16,203.0,203.0,201.0,202.0,3680700
2023-01-17,201.0,202.0,200.0,201.0,4213600
2023-01-18,200.0,202.0,200.0,202.0,3823300
2023-01-19,201.0,202.0,200.0,202.0,3115500
2023-01-20,202.0,202.0,200.0,200.0,4366200
2023-01-23,200.0,202.0,200.0,201.0,2546400
2023-01-24,201.0,202.0,200.0,200.0,2341400
2023-01-25,200.0,201.0,199.0,201.0,2432100
2023-01-26,201.0,202.0,199.0,200.0,4414300
2023-01-27,200.0,201.0,199.0,200.0,1974700
2023-01-30,200.0,201.0,196.5,197.5,8722800
2023-01-31,196.5,197.5,195.0,195.0,8277800
2023-02-01,196.0,198.5,196.0,198.0,4759400
2023-02-02,198.5,200.0,197.0,197.5,5754300
2023-02-03,197.5,198.5,197.0,198.5,2401200
2023-02-06,198.5,198.5,197.0,197.0,2112300
2023-02-07,197.0,198.0,196.0,196.5,3222700
2023-02-08,196.0,196.5,195.0,195.5,3769600
2023-02-09,195.0,201.0,194.0,199.5,11696300
2023-02-10,202.0,206.0,201.0,206.0,16099700
2023-02-13,208.0,210.0,207.0,210.0,11095800
2023-02-14,211.0,211.0,206.0,208.0,8695700
2023-02-15,207.0,210.0,206.0,209.0,5605900
2023-02-16,209.0,212.0,208.0,211.0,6836200
2023-02-17,210.0,211.0,208.0,209.0,6406500
2023-02-20,208.0,210.0,207.0,209.0,5039600
2023-02-21,210.0,211.0,208.0,210.0,6670500
2023-02-22,206.0,208.0,206.0,208.0,5605500
2023-02-23,207.0,208.0,205.0,206.0,4638800
2023-02-24,205.0,206.0,201.0,201.0,9418200
2023-02-27,201.0,201.0,198.5,200.0,7383600
2023-02-28,201.0,203.0,200.0,202.0,5706700
2023-03-01,202.0,204.0,201.0,202.0,7670600
2023-03-02,202.0,203.0,200.0,202.0,5280500
2023-03-03,203.0,203.0,200.0,203.0,4207500
2023-03-07,204.0,205.0,202.0,204.0,7244400
2023-03-08,201.0,204.0,201.0,204.0,6516900
2023-03-09,205.0,208.0,203.0,207.0,9662700
2023-03-10,206.0,209.0,205.0,209.0,7456100
2023-03-13,210.0,210.0,201.0,202.0,11559700
2023-03-14,200.0,207.0,200.0,201.0,13588700
2023-03-15,203.0,207.0,201.0,205.0,8989900
2023-03-16,202.0,207.0,202.0,207.0,6964000
2023-03-17,208.0,208.0,204.0,206.0,8668500
2023-03-20,207.0,210.0,206.0,209.0,9315100
2023-03-21,210.0,215.0,208.0,214.0,13701400
2023-03-22,214.0,214.0,211.0,214.0,9118200
2023-03-23,214.0,215.0,211.0,213.0,6941000
2023-03-24,215.0,215.0,212.0,213.0,5702200
2023-03-27,213.0,213.0,210.0,212.0,4282400
2023-03-28,213.0,214.0,211.0,214.0,3294600
2023-03-29,214.0,214.0,211.0,212.0,4271200
2023-03-30,212.0,213.0,211.0,211.0,4399900
2023-03-31,212.0,213.0,211.0,212.0,3142700
2023-04-03,213.0,213.0,211.0,213.0,2613000
2023-04-04,213.0,214.0,211.0,213.0,4915800
2023-04-05,213.0,213.0,209.0,209.0,4477700
2023-04-07,207.0,210.0,206.0,210.0,3624200
2023-04-10,211.0,213.0,209.0,212.0,4216300
2023-04-11,212.0,213.0,211.0,213.0,3171200
2023-04-12,213.0,214.0,210.0,211.0,3786300
2023-04-17,213.0,215.0,211.0,213.0,4412700
2023-04-18,213.0,214.0,212.0,212.0,2889000
2023-04-19,212.0,214.0,211.0,212.0,4750600
2023-04-20,211.0,212.0,209.0,210.0,4690700
2023-04-21,210.0,211.0,207.0,209.0,4716300
2023-04-24,209.0,209.0,206.0,208.0,5808000
2023-04-25,207.0,210.0,206.0,208.0,6072900
2023-04-26,208.0,212.0,208.0,212.0,4219100
2023-04-27,213.0,216.0,212.0,214.0,11108900
2023-04-28,214.0,216.0,212.0,214.0,4333600
2023-05-02,215.0,215.0,213.0,214.0,2332400
2023-05-03,213.0,215.0,210.0,214.0,6266800
2023-05-08,213.0,220.0,213.0,219.0,9343400
2023-05-09,219.0,219.0,216.0,218.0,4522300
2023-05-10,218.0,221.0,217.0,220.0,3517100
2023-05-11,220.0,221.0,219.0,219.0,2566400
2023-05-12,219.0,221.0,218.0,221.0,3733900
2023-05-15,222.0,222.0,210.0,211.0,12483000
2023-05-16,212.0,215.0,211.0,213.0,6325900
2023-05-17,215.0,216.0,214.0,215.0,4680900
2023-05-18,215.0,215.0,211.0,211.0,3567800
2023-05-19,211.0,212.0,209.0,210.0,2926800
2023-05-22,209.0,212.0,206.0,212.0,5255200
2023-05-23,212.0,213.0,210.0,213.0,2928400
2023-05-24,212.0,213.0,211.0,211.0,1878400
2023-05-25,212.0,213.0,210.0,212.0,3049500
2023-05-26,211.0,213.0,210.0,212.0,2034000
2023-05-29,212.0,214.0,211.0,212.0,3286300
2023-05-30,212.0,213.0,211.0,212.0,3173900
2023-05-31,211.0,213.0,211.0,211.0,2694800
2023-06-01,211.0,213.0,208.0,210.0,3622200
2023-06-02,210.0,213.0,208.0,212.0,3373100
2023-06-06,214.0,214.0,211.0,214.0,3530200
2023-06-07,215.0,215.0,213.0,215.0,3611500
2023-06-08,215.0,218.0,214.0,217.0,4091500
2023-06-09,217.0,219.0,217.0,219.0,4394600
2023-06-12,218.0,219.0,216.0,218.0,2907100
2023-06-13,217.0,219.0,216.0,218.0,3209200
2023-06-14,217.0,218.0,215.0,218.0,2466100
2023-06-15,218.0,218.0,216.0,218.0,2867500
2023-06-16,218.0,219.0,216.0,218.0,3487600
2023-06-19,217.0,218.0,215.0,216.0,1122900
2023-06-20,217.0,219.0,216.0,218.0,2842000
2023-06-21,219.0,219.0,216.0,216.0,2064600
2023-06-22,216.0,216.0,211.0,212.0,4350000
2023-06-23,211.0,213.0,209.0,211.0,3871800
2023-06-26,211.0,213.0,210.0,210.0,2093400
2023-06-27,211.0,213.0,210.0,210.0,2812100
2023-06-28,211.0,212.0,210.0,212.0,3019200
2023-06-29,212.0,213.0,211.0,211.0,2917500
2023-06-30,213.0,216.0,211.0,214.0,5817000
2023-07-03,215.0,215.0,210.0,212.0,4078500
2023-07-04,211.0,215.0,209.0,214.0,7167800
2023-07-05,215.0,218.0,215.0,216.0,6525600
2023-07-06,218.0,219.0,215.0,216.0,4167100
2023-07-07,215.0,217.0,214.0,214.0,3259300
2023-07-10,215.0,216.0,213.0,214.0,3246100
2023-07-11,214.0,216.0,213.0,216.0,3037600
2023-07-12,217.0,218.0,215.0,217.0,4900200
2023-07-13,218.0,219.0,217.0,218.0,3293000
2023-07-14,219.0,222.0,218.0,222.0,5495400
2023-07-17,223.0,223.0,220.0,222.0,4704700
2023-07-18,222.0,224.0,221.0,225.0,2584500
2023-07-19,224.0,225.0,220.0,221.0,5093400
2023-07-20,221.0,222.0,219.0,220.0,3381900
2023-07-21,220.0,223.0,218.0,222.0,3631600
2023-07-24,222.0,223.0,221.0,222.0,1923200
2023-07-25,222.0,223.0,220.0,222.0,1811300
2023-07-26,222.0,223.0,221.0,223.0,1588500
2023-07-27,223.0,225.0,221.0,224.0,4573400
2023-07-31,226.0,227.0,225.0,226.0,1626700
2023-08-02,222.0,228.0,222.0,226.0,5201600
2023-08-03,226.0,227.0,222.0,222.0,4908500
2023-08-04,222.0,226.0,222.0,224.0,1905700
2023-08-07,224.0,226.0,222.0,224.0,3945500
2023-08-08,223.0,225.0,220.0,220.0,4418800
2023-08-09,220.0,222.0,218.0,222.0,3140300
2023-08-10,221.0,222.0,219.0,221.0,4019300
2023-08-11,221.0,222.0,220.0,221.0,1810700
2023-08-15,222.0,222.0,219.0,221.0,2278100
2023-08-16,220.0,222.0,218.0,222.0,5354300
2023-08-17,221.0,223.0,220.0,223.0,2879600
2023-08-18,220.0,223.0,219.0,222.0,5947200
2023-08-21,222.0,222.0,219.0,222.0,5055700
2023-08-22,222.0,223.0,219.0,221.0,6317100
2023-08-23,220.0,223.0,220.0,222.0,3851600
2023-08-24,223.0,223.0,220.0,220.0,3924900
2023-08-25,219.0,220.0,216.0,218.0,6995900
2023-08-28,218.0,219.0,216.0,219.0,3177500
2023-08-29,219.0,220.0,213.0,214.0,11740800
2023-08-30,217.0,219.0,215.0,217.0,7439800
2023-08-31,216.0,218.0,215.0,216.0,3691500
2023-09-01,216.0,217.0,214.0,215.0,3234700
2023-09-04,214.0,215.0,212.0,213.0,3981200
2023-09-05,213.0,215.0,212.0,214.0,2597700
2023-09-06,214.0,216.0,213.0,214.0,3308800
2023-09-07,214.0,217.0,214.0,216.0,3389000
2023-09-08,216.0,217.0,215.0,216.0,1604800
2023-09-11,217.0,218.0,215.0,218.0,3640600
2023-09-12,218.0,219.0,216.0,219.0,3179100
2023-09-13,218.0,220.0,217.0,219.0,2535200
2023-09-14,220.0,221.0,219.0,221.0,2439300
2023-09-15,221.0,223.0,219.0,222.0,4147900
2023-09-18,222.0,223.0,221.0,222.0,2735500
2023-09-19,223.0,225.0,222.0,225.0,6514700
2023-09-20,225.0,225.0,221.0,221.0,5867300
2023-09-21,221.0,224.0,220.0,222.0,3185500
2023-09-22,224.0,231.0,223.0,228.0,10752000
2023-09-25,229.0,229.0,226.0,226.0,2465000
2023-09-26,225.0,228.0,225.0,225.0,5573800
2023-09-27,226.0,228.0,226.0,226.0,1747400
2023-09-28,226.0,228.0,224.0,225.0,4505100
2023-09-29,227.0,228.0,226.0,228.0,4672700
2023-10-02,229.0,230.0,226.0,228.0,7345900
2023-10-03,227.0,228.0,224.0,226.0,6836700
2023-10-04,224.0,227.0,224.0,226.0,3750100
2023-10-05,226.0,226.0,222.0,225.0,3133800
2023-10-06,226.0,226.0,222.0,223.0,2262200
2023-10-09,223.0,224.0,220.0,223.0,2550600
2023-10-10,224.0,224.0,220.0,222.0,1905400
2023-10-11,222.0,224.0,221.0,222.0,2759100
2023-10-12,222.0,224.0,222.0,224.0,1944400
2023-10-16,224.0,224.0,221.0,223.0,3116000
2023-10-17,224.0,224.0,222.0,222.0,1335300
2023-10-18,222.0,225.0,222.0,224.0,1185000
2023-10-19,226.0,227.0,223.0,226.0,4001300
2023-10-20,225.0,225.0,220.0,220.0,3641600
2023-10-24,220.0,221.0,215.0,215.0,5868400
2023-10-25,216.0,219.0,215.0,216.0,3661600
2023-10-26,216.0,219.0,215.0,215.0,4353500
2023-10-27,216.0,218.0,215.0,217.0,3157500
2023-10-30,216.0,220.0,216.0,219.0,2927600
2023-10-31,223.0,224.0,219.0,220.0,7400300
2023-11-01,217.0,217.0,211.0,212.0,10386800
2023-11-02,214.0,217.0,212.0,215.0,7659400
2023-11-03,217.0,219.0,216.0,219.0,4325300
2023-11-06,220.0,223.0,220.0,222.0,6804700
2023-11-07,224.0,226.0,221.0,221.0,8348200
2023-11-08,222.0,224.0,221.0,224.0,3506400
2023-11-09,223.0,224.0,221.0,222.0,4883700
2023-11-10,222.0,223.0,221.0,222.0,3807800
2023-11-13,222.0,225.0,221.0,225.0,2985000
2023-11-14,225.0,227.0,222.0,223.0,4574100
2023-11-15,224.0,225.0,217.0,218.0,8719300
2023-11-16,217.0,220.0,217.0,218.0,4663800
2023-11-17,218.0,220.0,217.0,218.0,3068500
2023-11-20,217.0,218.0,215.0,216.0,3674500
2023-11-21,216.0,217.0,214.0,216.0,6111500
2023-11-22,217.0,219.0,215.0,218.0,3009200
2023-11-23,218.0,219.0,216.0,218.0,2523200
2023-11-24,218.0,218.0,215.0,217.0,3781600
2023-11-27,217.0,217.0,215.0,216.0,2355700
2023-11-28,217.0,219.0,216.0,217.0,3150600
2023-11-29,218.0,218.0,217.0,218.0,2664700
2023-11-30,218.0,218.0,217.0,218.0,6075500
2023-12-01,218.0,219.0,217.0,219.0,2296900
2023-12-04,220.0,222.0,219.0,221.0,5564300
2023-12-06,221.0,222.0,219.0,221.0,4552300
2023-12-07,219.0,220.0,217.0,220.0,3642000
2023-12-08,220.0,220.0,218.0,220.0,2055300
2023-12-12,220.0,220.0,218.0,220.0,2771100
2023-12-13,219.0,220.0,217.0,218.0,2665500
2023-12-14,219.0,220.0,218.0,218.0,3042600
2023-12-15,219.0,220.0,218.0,220.0,5917900
2023-12-18,220.0,220.0,218.0,218.0,1551700
2023-12-19,218.0,219.0,217.0,219.0,2253100
2023-12-20,219.0,221.0,219.0,220.0,3086100
2023-12-21,221.0,221.0,219.0,220.0,2776800
2023-12-22,220.0,222.0,220.0,221.0,3183800
2023-12-25,221.0,222.0,220.0,221.0,1346000
2023-12-26,220.0,222.0,218.0,219.0,4789400
2023-12-27,219.0,220.0,218.0,219.0,5366300
2023-12-28,219.0,219.0,216.0,217.0,6049200
2024-01-03,218.0,220.0,218.0,219.0,3801200
2024-01-04,218.0,219.0,217.0,219.0,2936200
2024-01-05,218.0,219.0,213.0,214.0,9841600
2024-01-08,214.0,215.0,213.0,214.0,3091900
2024-01-09,216.0,217.0,215.0,217.0,5244000
2024-01-10,217.0,217.0,215.0,216.0,3885700
2024-01-11,217.0,218.0,216.0,217.0,3228900
2024-01-12,217.0,219.0,216.0,218.0,4328500
2024-01-15,218.0,218.0,216.0,217.0,3516200
2024-01-16,217.0,217.0,215.0,217.0,2600400
2024-01-17,216.0,216.0,213.0,213.0,4803600
2024-01-18,214.0,215.0,213.0,215.0,2661900
2024-01-19,215.0,218.0,215.0,218.0,3161900
2024-01-22,217.0,217.0,215.0,216.0,2477000
2024-01-23,215.0,216.0,214.0,215.0,3001200
2024-01-24,215.0,218.0,214.0,216.0,3220900
2024-01-25,216.0,218.0,216.0,218.0,2731900
2024-01-26,218.0,219.0,216.0,216.0,6715900
2024-01-29,217.0,218.0,217.0,218.0,2527200
2024-01-30,217.0,219.0,216.0,219.0,2995100
2024-01-31,218.0,219.0,217.0,219.0,4795700
2024-02-01,218.0,220.0,217.0,220.0,3231900
2024-02-02,220.0,221.0,219.0,221.0,2797000
2024-02-05,220.0,221.0,219.0,219.0,2987100
2024-02-06,220.0,221.0,217.0,218.0,5134000
2024-02-07,218.0,219.0,217.0,218.0,5227700
2024-02-08,219.0,219.0,214.0,214.0,6477600
2024-02-09,215.0,216.0,213.0,214.0,3840700
2024-02-12,215.0,216.0,215.0,215.0,1867100
2024-02-13,215.0,216.0,214.0,214.0,3549000
2024-02-14,214.0,214.0,212.0,213.0,4513500
2024-02-15,213.0,213.0,210.0,210.0,5778600
2024-02-16,211.0,214.0,211.0,213.0,7729400
2024-02-19,209.0,210.0,208.0,209.0,4822100
2024-02-20,210.0,210.0,207.0,207.0,4352500
2024-02-21,208.0,209.0,203.0,205.0,12475500
2024-02-22,205.0,211.0,204.0,209.0,9222400
2024-02-23,209.0,209.0,206.0,206.0,4196600
2024-02-27,207.0,208.0,205.0,205.0,3848800
2024-02-28,205.0,206.0,204.0,204.0,2716700
2024-02-29,205.0,205.0,200.0,201.0,10429600
2024-03-01,201.0,208.0,201.0,206.0,6041500
2024-03-04,206.0,209.0,206.0,208.0,4853400
2024-03-05,207.0,207.0,204.0,206.0,4801900
2024-03-06,205.0,207.0,204.0,206.0,2346500
2024-03-07,208.0,212.0,207.0,211.0,8100200
2024-03-08,211.0,212.0,211.0,211.0,2478000
2024-03-11,211.0,212.0,211.0,211.0,2287700
2024-03-12,211.0,211.0,211.0,211.0,0
2024-03-13,209.0,209.0,208.0,208.0,3358000
2024-03-14,209.0,210.0,208.0,209.0,3793700
2024-03-15,209.0,209.0,206.0,206.0,8691700
2024-03-18,207.0,210.0,207.0,209.0,3295400
2024-03-19,210.0,212.0,209.0,210.0,8109300
2024-03-20,210.0,210.0,210.0,210.0,0
2024-03-21,210.0,212.0,210.0,211.0,3865200
2024-03-22,211.0,211.0,211.0,211.0,0
2024-03-25,210.0,212.0,206.0,208.0,7482400
2024-03-26,208.0,208.0,208.0,208.0,0
2024-03-27,205.0,206.0,204.0,206.0,2941900
2024-03-28,206.0,206.0,206.0,206.0,0
2024-03-29,204.0,206.0,204.0,205.0,2118900
2024-04-01,205.0,207.0,204.0,205.0,3338800
2024-04-02,205.0,206.0,203.0,203.0,3181600
2024-04-03,202.0,205.0,202.0,204.0,7311700
2024-04-04,205.0,205.0,203.0,203.0,3738600
2024-04-05,203.0,205.0,203.0,204.0,2633800
2024-04-09,205.0,207.0,204.0,207.0,8294100
2024-04-10,207.0,208.0,204.0,204.0,9393600
2024-04-11,204.0,204.0,202.0,202.0,4761700
2024-04-17,202.0,202.0,198.5,199.5,8657300
2024-04-18,199.5,199.5,199.5,199.5,0
2024-04-19,199.5,199.5,199.5,199.5,0
2024-04-22,197.5,199.0,197.0,197.5,3589600
2024-04-23,198.0,199.5,196.0,198.5,3637600
2024-04-24,198.5,198.5,198.5,198.5,0
2024-04-25,196.5,198.0,196.5,197.5,2177800
2024-04-26,197.5,197.5,194.5,195.0,5166500
2024-04-29,196.0,198.0,196.0,197.0,4379100
2024-04-30,197.0,197.0,197.0,197.0,0
2024-05-02,197.0,197.0,197.0,197.0,0
2024-05-03,208.0,209.0,206.0,207.0,5684000
2024-05-07,207.0,207.0,207.0,207.0,0
2024-05-08,209.0,209.0,205.0,206.0,8836700
2024-05-09,207.0,209.0,206.0,206.0,5189900
2024-05-10,205.0,206.0,203.0,206.0,6482500
2024-05-13,205.0,206.0,204.0,205.0,4833200
2024-05-14,205.0,206.0,205.0,205.0,2669400
2024-05-15,206.0,207.0,205.0,206.0,3967000
2024-05-16,206.0,206.0,206.0,206.0,0
2024-05-17,207.0,209.0,206.0,208.0,2359300
2024-05-20,208.0,208.0,208.0,208.0,0
2024-05-21,208.0,208.0,208.0,208.0,0
2024-05-23,206.0,209.0,206.0,207.0,3522000
2024-05-24,207.0,207.0,207.0,207.0,0
2024-05-27,207.0,207.0,207.0,207.0,0
2024-05-28,207.0,208.0,207.0,207.0,2078700
2024-05-29,207.0,207.0,204.0,204.0,4858500
2024-05-30,204.0,204.0,204.0,204.0,0
2024-05-31,204.0,204.0,204.0,204.0,0
2024-06-04,203.0,208.0,202.0,207.0,6526100
2024-06-05,207.0,209.0,206.0,208.0,5464900
2024-06-06,209.0,210.0,208.0,208.0,5275900
2024-06-07,208.0,212.0,208.0,211.0,8066900
2024-06-10,211.0,212.0,208.0,209.0,7496900
2024-06-11,210.0,212.0,209.0,211.0,8577400
2024-06-12,211.0,212.0,209.0,210.0,4981600
2024-06-13,210.0,211.0,209.0,209.0,3079800
2024-06-14,210.0,211.0,209.0,211.0,1942900
2024-06-17,212.0,212.0,208.0,209.0,6861900
2024-06-18,209.0,209.0,209.0,209.0,0
2024-06-19,209.0,209.0,209.0,209.0,0
2024-06-20,206.0,208.0,204.0,208.0,4734200
2024-06-21,208.0,209.0,207.0,208.0,4354700
2024-06-24,208.0,209.0,207.0,207.0,2404500
2024-06-25,207.0,207.0,207.0,207.0,0
2024-06-26,207.0,207.0,207.0,207.0,0
2024-06-27,210.0,212.0,210.0,211.0,2200800
2024-06-28,212.0,212.0,208.0,209.0,7015000
2024-07-01,209.0,209.0,209.0,209.0,0
2024-07-02,209.0,209.0,209.0,209.0,0
2024-07-03,211.0,211.0,210.0,211.0,1807100
2024-07-04,210.0,211.0,208.0,210.0,3025900
2024-07-05,210.0,211.0,209.0,210.0,1760800
2024-07-08,210.0,214.0,210.0,213.0,3985100
2024-07-09,213.0,213.0,213.0,213.0,0
2024-07-10,219.0,222.0,218.0,221.0,7626000
2024-07-11,221.0,221.0,221.0,221.0,0
2024-07-12,221.0,221.0,221.0,221.0,0
2024-07-15,221.0,221.0,221.0,221.0,0
2024-07-16,222.0,223.0,220.0,220.0,3925700
2024-07-17,220.0,220.0,220.0,220.0,0
2024-07-18,225.0,230.0,225.0,228.0,8698000
2024-07-19,225.0,228.0,225.0,228.0,6262600
2024-07-23,228.0,228.0,224.0,224.0,3526500
2024-07-24,223.0,225.0,222.0,222.0,4756400
2024-07-25,221.0,224.0,221.0,223.0,3838800
2024-07-26,223.0,227.0,221.0,227.0,6611200
2024-07-30,227.0,227.0,227.0,227.0,0
2024-07-31,231.0,235.0,230.0,234.0,6834200
2024-08-01,233.0,235.0,233.0,233.0,4572200
2024-08-02,233.0,233.0,233.0,233.0,0
2024-08-05,237.0,246.0,237.0,240.0,17940100
2024-08-06,241.0,242.0,235.0,238.0,7480500
2024-08-07,239.0,241.0,235.0,239.0,8825900
2024-08-08,239.0,239.0,239.0,239.0,0
2024-08-09,241.0,247.0,240.0,245.0,6536600
2024-08-13,244.0,245.0,242.0,245.0,2638300
2024-08-14,246.0,247.0,240.0,245.0,5232700
2024-08-15,245.0,245.0,245.0,245.0,0
2024-08-16,245.0,245.0,240.0,241.0,3978800
2024-08-19,241.0,241.0,241.0,241.0,0
2024-08-20,241.0,246.0,241.0,244.0,6029200
2024-08-21,245.0,246.0,243.0,244.0,2802600
2024-08-22,244.0,244.0,244.0,244.0,0
2024-08-23,243.0,247.0,242.0,247.0,6215900
2024-08-26,247.0,247.0,247.0,247.0,0
2024-08-27,248.0,251.0,247.0,247.0,4971600
2024-08-28,247.0,252.0,247.0,250.0,8048500
2024-08-29,250.0,251.0,245.0,246.0,7524800
2024-08-30,248.0,248.0,245.0,247.0,7715700
2024-09-02,247.0,247.0,247.0,247.0,0
2024-09-03,247.0,247.0,247.0,247.0,0
2024-09-04,247.0,247.0,247.0,247.0,0
2024-09-05,249.0,268.0,249.0,267.0,17848400
2024-09-06,267.0,271.0,265.0,269.0,9544300
2024-09-09,269.0,269.0,269.0,269.0,0
2024-09-10,258.0,262.0,257.0,259.0,8435600
2024-09-11,258.0,261.0,257.0,259.0,6989000
2024-09-12,261.0,263.0,258.0,259.0,8424800
2024-09-13,258.0,260.0,256.0,260.0,4563500
2024-09-16,260.0,260.0,260.0,260.0,0
2024-09-17,260.0,260.0,260.0,260.0,0
2024-09-18,260.0,260.0,260.0,260.0,0
2024-09-19,260.0,260.0,260.0,260.0,0
2024-09-20,260.0,260.0,260.0,260.0,0
2024-09-23,260.0,261.0,254.0,258.0,5833100
2024-09-24,258.0,265.0,257.0,265.0,5996400
2024-09-25,264.0,268.0,264.0,265.0,5292000
2024-09-26,263.0,264.0,259.0,264.0,6523200
2024-09-27,264.0,264.0,264.0,264.0,0
2024-09-30,259.0,261.0,258.0,260.0,5697400
2024-10-01,260.0,260.0,260.0,260.0,0
2024-10-02,265.0,267.0,262.0,265.0,5001400
2024-10-03,263.0,270.0,262.0,270.0,7791100
2024-10-04,270.0,270.0,270.0,270.0,0
2024-10-07,267.0,269.0,266.0,269.0,3288100
2024-10-08,268.0,270.0,265.0,268.0,7047400
2024-10-09,268.0,271.0,267.0,270.0,4503500
2024-10-10,271.0,275.0,270.0,272.0,7135500
2024-10-11,272.0,272.0,272.0,272.0,0
2024-10-15,277.0,281.0,276.0,280.0,7246800
2024-10-16,280.0,280.0,280.0,280.0,0
2024-10-17,280.0,280.0,280.0,280.0,0
2024-10-18,295.0,296.0,280.0,282.0,17193900
2024-10-21,280.0,285.0,280.0,284.0,7422000
2024-10-22,284.0,284.0,284.0,284.0,0
2024-10-24,277.0,278.0,273.0,275.0,7671200
2024-10-25,275.0,275.0,275.0,275.0,0
2024-10-28,276.0,277.0,270.0,271.0,6489800
2024-10-29,271.0,271.0,271.0,271.0,0
2024-10-30,266.0,272.0,265.0,268.0,11440100
2024-10-31,267.0,276.0,266.0,275.0,8132800
2024-11-01,274.0,274.0,270.0,272.0,4671900
2024-11-04,274.0,275.0,269.0,272.0,4015700
2024-11-05,272.0,278.0,271.0,278.0,5135200
2024-11-06,277.0,281.0,274.0,274.0,8822200
2024-11-07,275.0,297.0,275.0,285.0,14823900
2024-11-08,286.0,288.0,280.0,283.0,4920800
2024-11-11,283.0,286.0,279.0,285.0,4470300
2024-11-12,285.0,288.0,283.0,286.0,5244100
2024-11-13,286.0,290.0,283.0,286.0,6175000
2024-11-14,285.0,287.0,279.0,285.0,13107600
2024-11-15,285.0,286.0,280.0,286.0,6895100
2024-11-18,287.0,288.0,283.0,286.0,3655500
2024-11-19,286.0,287.0,283.0,284.0,4258900
2024-11-20,285.0,286.0,282.0,282.0,4173500
2024-11-21,285.0,293.0,285.0,286.0,5753400
2024-11-22,286.0,292.0,283.0,289.0,9468900
2024-11-25,291.0,291.0,287.0,288.0,6523800
2024-11-26,288.0,288.0,282.0,283.0,5797100
2024-11-27,282.0,284.0,280.0,281.0,4338000
2024-11-28,281.0,286.0,280.0,286.0,4372800
2024-11-29,284.0,287.0,283.0,285.0,4717600
2024-12-02,286.0,288.0,285.0,286.0,2811100
2024-12-03,288.0,299.0,288.0,296.0,9576500
2024-12-04,296.0,296.0,288.0,289.0,7597100
2024-12-06,290.0,296.0,289.0,295.0,4127100
2024-12-09,292.0,297.0,290.0,295.0,4253100
2024-12-11,291.0,295.0,289.0,289.0,6583000
2024-12-12,290.0,292.0,285.0,287.0,6915900
2024-12-13,285.0,288.0,285.0,287.0,4637100
2024-12-16,285.0,286.0,283.0,286.0,3685500
2024-12-17,285.0,286.0,279.0,279.0,7877600
2024-12-18,280.0,284.0,279.0,282.0,5374600
2024-12-19,278.0,281.0,273.0,274.0,7435100
2024-12-20,271.0,276.0,268.0,274.0,8562600
2024-12-23,276.0,286.0,276.0,284.0,5399300
2024-12-24,284.0,286.0,283.0,284.0,3781900
2024-12-25,285.0,287.0,284.0,286.0,1681600
2024-12-26,286.0,288.0,285.0,287.0,2295600
2024-12-27,286.0,293.0,285.0,289.0,5168100
2024-12-30,289.0,292.0,287.0,287.0,3429200
2025-01-02,286.0,288.0,282.0,285.0,3018900
2025-01-03,285.0,286.0,283.0,285.0,3403700
2025-01-06,285.0,286.0,278.0,278.0,4809700
2025-01-07,279.0,284.0,279.0,281.0,5287600
2025-01-08,281.0,285.0,280.0,284.0,5078700
2025-01-09,282.0,282.0,272.0,276.0,9650100
2025-01-10,279.0,283.0,274.0,283.0,4631600
2025-01-13,280.0,284.0,280.0,282.0,3831500
2025-01-14,284.0,286.0,282.0,284.0,4527100
2025-01-15,284.0,287.0,278.0,287.0,7854200
2025-01-16,287.0,290.0,284.0,290.0,6273800
2025-01-17,289.0,291.0,284.0,284.0,7022200
2025-01-20,285.0,286.0,282.0,283.0,2402400
2025-01-21,283.0,288.0,282.0,288.0,3457800
2025-01-22,286.0,290.0,286.0,289.0,3977500
2025-01-23,287.0,288.0,283.0,283.0,5075300
2025-01-24,285.0,287.0,284.0,287.0,3360600
2025-01-27,285.0,289.0,285.0,287.0,2818700
2025-01-28,289.0,292.0,286.0,288.0,5881200
2025-01-29,288.0,290.0,284.0,285.0,5319000
2025-01-30,284.0,288.0,284.0,286.0,2157500
2025-01-31,286.0,288.0,280.0,284.0,4726100
2025-02-03,279.0,281.0,276.0,279.0,4830800
2025-02-04,281.0,283.0,279.0,279.0,4490500
2025-02-05,282.0,285.0,280.0,281.0,5935300
2025-02-06,282.0,283.0,275.0,275.0,4739300
2025-02-07,277.0,280.0,272.0,280.0,9770900
2025-02-10,281.0,285.0,280.0,283.0,9866500
2025-02-11,284.0,285.0,280.0,284.0,11073400
2025-02-13,287.0,307.0,286.0,304.0,28394300
2025-02-14,303.0,304.0,295.0,299.0,9535800
2025-02-17,305.0,305.0,295.0,296.0,7556700
2025-02-18,296.0,297.0,291.0,294.0,7869000
2025-02-19,295.0,298.0,292.0,295.0,8947300
2025-02-20,288.0,288.0,283.0,283.0,10032100
2025-02-21,282.0,289.0,280.0,286.0,8083300
2025-02-24,286.0,287.0,281.0,286.0,6039800
2025-02-25,284.0,285.0,276.0,277.0,9041500
2025-02-26,278.0,288.0,277.0,285.0,8128400
2025-02-27,285.0,286.0,277.0,281.0,10390100
2025-02-28,277.0,278.0,273.0,276.0,14586300
2025-03-03,278.0,280.0,270.0,271.0,8261500
2025-03-04,270.0,272.0,266.0,268.0,9743100
2025-03-05,270.0,277.0,268.0,272.0,8877900
2025-03-06,273.0,275.0,270.0,274.0,7640500
2025-03-07,274.0,276.0,271.0,274.0,6830800
2025-03-10,272.0,273.0,268.0,268.0,3706000
2025-03-11,267.0,273.0,264.0,270.0,7579300
2025-03-12,271.0,273.0,265.0,265.0,7319600
2025-03-13,267.0,271.0,267.0,269.0,3267900
2025-03-14,269.0,271.0,267.0,267.0,3704700
2025-03-17,268.0,269.0,259.0,259.0,8331600
2025-03-18,263.0,267.0,260.0,263.0,6371200
2025-03-19,264.0,268.0,262.0,266.0,6287100
2025-03-20,269.0,271.0,265.0,266.0,7067800
2025-03-21,266.0,268.0,261.0,268.0,10847800
2025-03-24,267.0,275.0,266.0,274.0,4039200
2025-03-25,273.0,275.0,271.0,275.0,5286000
2025-03-26,276.0,278.0,272.0,272.0,3712200
2025-03-27,272.0,276.0,272.0,275.0,1950700
2025-03-28,274.0,275.0,272.0,273.0,1420300
2025-03-31,270.0,275.0,270.0,275.0,4151600
2025-04-01,276.0,281.0,276.0,281.0,4856200
2025-04-02,282.0,282.0,277.0,277.0,3485000
2025-04-03,277.0,280.0,276.0,278.0,3730300
2025-04-04,277.0,278.0,270.0,272.0,4825500
2025-04-08,270.0,272.0,264.0,271.0,9973600
2025-04-09,273.0,275.0,269.0,270.0,7425100
2025-04-10,275.0,280.0,273.0,280.0,6276400
2025-04-11,281.0,285.0,278.0,284.0,5060800
2025-04-16,285.0,285.0,281.0,284.0,6199300
2025-04-17,284.0,284.0,279.0,280.0,2478100
2025-04-18,280.0,283.0,278.0,282.0,2269700
2025-04-21,282.0,283.0,279.0,281.0,1852500
2025-04-22,280.0,283.0,279.0,281.0,6551300
2025-04-23,284.0,285.0,281.0,283.0,4082523
2025-04-24,283.0,283.0,279.0,280.0,3775100
2025-04-25,281.0,282.0,276.0,277.0,3989200
2025-04-28,276.0,279.0,276.0,278.0,3060400
2025-04-29,279.0,284.0,278.0,284.0,4232600
2025-04-30,285.0,295.0,283.0,295.0,11713100
2025-05-02,300.0,300.0,292.0,295.0,4849400
2025-05-06,297.0,302.0,294.0,297.0,7672800
2025-05-07,305.0,309.0,300.0,304.0,13640800
2025-05-08,305.0,309.0,301.0,305.0,10332700
2025-05-09,306.0,309.0,300.0,303.0,7573200
2025-05-13,306.0,307.0,299.0,303.0,12389600
2025-05-14,301.0,303.0,298.0,302.0,9678100
2025-05-15,302.0,302.0,294.0,296.0,7229500
2025-05-16,297.0,297.0,286.0,289.0,12026500
2025-05-19,292.0,296.0,291.0,294.0,4286700
2025-05-20,295.0,299.0,293.0,294.0,5305800
2025-05-21,297.0,297.0,291.0,297.0,5936600
2025-05-22,296.0,298.0,294.0,297.0,4690600
2025-05-23,296.0,296.0,292.0,293.0,2153700
2025-05-26,294.0,295.0,291.0,294.0,1941600
2025-05-27,294.0,294.0,290.0,292.0,3388300
2025-05-28,292.0,294.0,287.0,288.0,5499900
2025-05-29,291.0,291.0,285.0,287.0,5844100
2025-05-30,287.0,291.0,284.0,286.0,28115200
2025-06-04,285.0,294.0,283.0,293.0,9004100
2025-06-05,295.0,295.0,291.0,293.0,4252800
2025-06-06,293.0,295.0,289.0,290.0,3482000
2025-06-09,291.0,292.0,288.0,289.0,2891700
2025-06-10,288.0,291.0,287.0,288.0,2263500
2025-06-11,288.0,293.0,288.0,292.0,3821800
2025-06-12,291.0,291.0,285.0,286.0,4361600
2025-06-13,284.0,286.0,282.0,284.0,3138900
2025-06-16,283.0,286.0,282.0,282.0,5020000
2025-06-17,284.0,285.0,280.0,282.0,6395700
2025-06-18,281.0,282.0,277.0,278.0,6284400
2025-06-19,275.0,277.0,267.0,269.0,10192800
2025-06-20,275.0,275.0,267.0,269.0,9465700
2025-06-23,267.0,276.0,267.0,274.0,8184300
2025-06-24,277.0,279.0,274.0,278.0,10748600
2025-06-25,276.0,280.0,276.0,279.0,7153800
2025-06-26,280.0,283.0,279.0,282.0,7504300
2025-06-27,280.0,281.0,269.0,270.0,12249800
2025-06-30,277.0,280.0,274.0,278.0,14996600
2025-07-01,279.0,284.0,275.0,283.0,8460600
2025-07-02,284.0,286.0,278.0,281.0,7904600
2025-07-03,281.0,282.0,278.0,280.0,5224700
2025-07-04,281.0,281.0,277.0,279.0,3052700
2025-07-07,281.0,287.0,280.0,287.0,6427600
2025-07-08,287.0,288.0,284.0,284.0,4605000
2025-07-09,284.0,285.0,282.0,284.0,5072600
2025-07-11,285.0,288.0,284.0,286.0,3314900
2025-07-14,287.0,290.0,286.0,288.0,4414600
2025-07-15,288.0,292.0,287.0,291.0,2947900
2025-07-16,290.0,291.0,288.0,289.0,3225200
2025-07-17,291.0,293.0,289.0,292.0,6117200
2025-07-18,292.0,296.0,292.0,294.0,4406300
2025-07-21,294.0,295.0,291.0,293.0,2738500
2025-07-22,294.0,296.0,291.0,292.0,4558000
2025-07-23,294.0,298.0,294.0,297.0,3003800
2025-07-24,295.0,297.0,294.0,294.0,2991000
2025-07-25,294.0,297.0,291.0,293.0,5407000
2025-07-29,294.0,295.0,288.0,292.0,5599800
2025-07-30,291.0,293.0,287.0,288.0,5390200
2025-07-31,285.0,291.0,285.0,291.0,6140500
2025-08-01,292.0,292.0,287.0,288.0,3924100
2025-08-04,289.0,290.0,287.0,290.0,3614300
2025-08-05,291.0,296.0,289.0,295.0,8272700
2025-08-06,297.0,297.0,293.0,296.0,3374800
2025-08-07,303.0,305.0,297.0,298.0,9431900
2025-08-08,301.0,302.0,295.0,297.0,7285300
2025-08-13,299.0,302.0,298.0,301.0,5196200
2025-08-14,302.0,302.0,299.0,300.0,3116700
2025-08-15,300.0,301.0,298.0,298.0,3502300
2025-08-18,299.0,299.0,294.0,294.0,5183200
2025-08-19,287.0,291.0,286.0,290.0,8790700
2025-08-20,290.0,293.0,288.0,292.0,3451600
2025-08-21,293.0,293.0,290.0,291.0,3219800
2025-08-22,292.0,294.0,291.0,291.0,2319500
2025-08-25,293.0,296.0,290.0,291.0,4350800
2025-08-26,291.0,304.0,291.0,298.0,14602600
2025-08-27,298.0,300.0,297.0,299.0,3658800
2025-08-28,299.0,301.0,297.0,299.0,5007700
2025-08-29,298.0,299.0,292.0,294.0,8879300
2025-09-01,294.0,299.0,292.0,299.0,4584300
2025-09-02,299.0,300.0,297.0,300.0,3292600
2025-09-03,300.0,302.0,296.0,298.0,5270500
2025-09-04,298.0,298.0,292.0,292.0,5349300
2025-09-05,292.0,294.0,290.0,293.0,6021100
2025-09-08,294.0,295.0,290.0,290.0,4366500
2025-09-09,291.0,293.0,290.0,290.0,4023000
2025-09-10,290.0,292.0,288.0,290.0,5141500
2025-09-11,291.0,293.0,290.0,293.0,4255700
2025-09-12,293.0,294.0,290.0,292.0,5964500
2025-09-15,292.0,295.0,290.0,295.0,3247200
2025-09-16,296.0,297.0,292.0,293.0,4134500
2025-09-17,293.0,298.0,292.0,297.0,5347000
2025-09-18,296.0,297.0,292.0,293.0,4605900
2025-09-19,293.0,295.0,292.0,294.0,5815100
2025-09-22,294.0,294.0,291.0,292.0,2388400
2025-09-23,292.0,292.0,288.0,288.0,5402900
2025-09-24,288.0,295.0,288.0,292.0,7583400
2025-09-25,293.0,294.0,291.0,291.0,4330400
2025-09-26,290.0,293.0,290.0,290.0,4059400
2025-09-29,291.0,295.0,291.0,293.0,4329500
2025-09-30,294.0,294.0,290.0,291.0,6900300
2025-10-01,291.0,295.0,290.0,292.0,5256200
2025-10-02,293.0,295.0,292.0,292.0,5268700
2025-10-03,292.0,293.0,291.0,291.0,2463000
2025-10-06,293.0,294.0,291.0,291.0,3008500
2025-10-07,291.0,291.0,291.0,291.0,0
2025-10-08,292.0,293.0,291.0,292.0,3114200
2025-10-09,292.0,298.0,292.0,298.0,6080900
2025-10-10,298.0,299.0,295.0,295.0,4809000
2025-10-14,295.0,299.0,294.0,296.0,5203000
2025-10-15,297.0,298.0,296.0,298.0,6043300
2025-10-16,299.0,300.0,296.0,297.0,2883600
2025-10-17,296.0,298.0,295.0,297.0,2149100
2025-10-20,298.0,300.0,297.0,299.0,2702500
2025-10-21,299.0,300.0,298.0,299.0,3471200
2025-10-22,299.0,306.0,297.0,303.0,7875600
2025-10-24,304.0,313.0,303.0,308.0,8735100
2025-10-27,311.0,316.0,309.0,310.0,8301400
2025-10-28,311.0,312.0,303.0,305.0,10845600
2025-10-29,305.0,310.0,304.0,308.0,4626600
2025-10-30,305.0,307.0,303.0,305.0,5450500
2025-10-31,305.0,305.0,301.0,302.0,5191900
2025-11-03,304.0,306.0,300.0,302.0,5141200
2025-11-04,301.0,305.0,298.0,303.0,11393500
2025-11-05,302.0,315.0,301.0,313.0,10900300
2025-11-06,314.0,320.0,313.0,314.0,7903500
2025-11-07,313.0,317.0,312.0,315.0,3580000
2025-11-10,316.0,319.0,312.0,316.0,5557300
2025-11-11,316.0,319.0,315.0,316.0,4453400
2025-11-12,318.0,319.0,314.0,315.0,6636300
2025-11-13,317.0,318.0,315.0,317.0,3186900
2025-11-14,315.0,316.0,308.0,309.0,7420500
2025-11-17,310.0,314.0,309.0,314.0,3849700
2025-11-18,313.0,319.0,312.0,316.0,4932900
2025-11-19,316.0,317.0,312.0,313.0,5091100
2025-11-20,314.0,317.0,313.0,315.0,4226100
2025-11-21,314.0,315.0,310.0,312.0,4347800
2025-11-24,313.0,314.0,310.0,311.0,8389100
2025-11-25,312.0,315.0,311.0,315.0,3882700
2025-11-26,315.0,315.0,308.0,309.0,4659300
2025-11-27,309.0,309.0,303.0,304.0,5959000
2025-11-28,307.0,309.0,305.0,307.0,4590600
2025-12-01,306.0,313.0,306.0,313.0,4910700
2025-12-02,313.0,313.0,309.0,312.0,4179100
2025-12-03,312.0,313.0,308.0,308.0,2857400
2025-12-04,308.0,310.0,305.0,306.0,4840400
2025-12-08,307.0,309.0,304.0,305.0,4095000
2025-12-09,305.0,310.0,304.0,310.0,3651100
2025-12-11,311.0,311.0,307.0,310.0,3877300
2025-12-12,308.0,309.0,304.0,305.0,5303600
2025-12-15,307.0,311.0,304.0,310.0,4407500
2025-12-16,310.0,314.0,309.0,310.0,3152600
2025-12-17,310.0,312.0,309.0,310.0,3262100
2025-12-18,312.0,314.0,309.0,310.0,3738400
2025-12-19,311.0,312.0,309.0,309.0,4029000
2025-12-22,310.0,313.0,309.0,313.0,2869900
2025-12-23,313.0,314.0,312.0,314.0,2389000
2025-12-24,315.0,318.0,312.0,314.0,3547500
2025-12-25,314.0,314.0,312.0,314.0,995800
2025-12-26,312.0,314.0,311.0,314.0,1181400
2025-12-29,313.0,314.0,310.0,312.0,3097600
2025-12-30,312.0,314.0,312.0,313.0,2727900
2026-01-05,315.0,325.0,315.0,321.0,8238300
2026-01-06,322.0,326.0,318.0,321.0,6542500
2026-01-07,320.0,322.0,317.0,320.0,4612300
2026-01-08,317.0,322.0,316.0,322.0,3192700
2026-01-09,321.0,323.0,319.0,320.0,2676400
2026-01-12,321.0,329.0,320.0,327.0,5344000
2026-01-13,328.0,332.0,326.0,332.0,5558000
2026-01-14,335.0,342.0,334.0,338.0,6899900
2026-01-15,335.0,343.0,335.0,339.0,6190800
2026-01-16,335.0,342.0,335.0,342.0,8105600
2026-01-19,343.0,343.0,339.0,340.0,3213000
2026-01-20,340.0,346.0,339.0,342.0,4771200
2026-01-21,348.0,354.0,347.0,349.0,5550800
2026-01-22,348.0,350.0,341.0,343.0,7525400
2026-01-23,343.0,352.0,343.0,351.0,8556900
2026-01-26,347.0,349.0,344.0,347.0,3928400
2026-01-27,349.0,354.0,347.0,351.0,7849800
2026-01-28,350.0,353.0,348.0,352.0,3591200
2026-01-29,351.0,351.0,346.0,348.0,5627600
2026-01-30,346.0,351.0,345.0,349.0,7617100
2026-02-02,353.0,359.0,352.0,359.0,7545300
2026-02-03,364.0,369.0,357.0,361.0,13367600
2026-02-04,376.0,381.0,370.0,374.0,13632200
2026-02-05,375.0,383.0,363.0,367.0,18619900
2026-02-06,365.0,373.0,363.0,365.0,10817900
2026-02-09,370.0,375.0,366.0,374.0,10444200
2026-02-10,377.0,391.0,375.0,391.0,13113300
2026-02-11,387.0,389.0,382.0,385.0,9267800
2026-02-12,387.0,396.0,386.0,395.0,12045100
2026-02-13,392.0,396.0,388.0,389.0,5259000
2026-02-16,392.0,393.0,388.0,390.0,2299400
2026-02-17,390.0,394.0,388.0,391.0,3668800
2026-02-18,391.0,391.0,386.0,389.0,4724600
2026-02-19,389.0,392.0,387.0,390.0,8263600
2026-02-20,390.0,393.0,385.0,386.0,8755800
2026-02-23,388.0,391.0,387.0,388.0,6666500
2026-02-24,389.0,395.0,387.0,394.0,8257100
2026-02-25,402.0,410.0,402.0,404.0,8912600
2026-02-26,404.0,404.0,396.0,404.0,10983200
2026-02-27,379.0,385.0,377.0,380.0,16177700
2026-03-02,377.0,378.0,365.0,365.0,12678400
2026-03-04,344.0,362.0,344.0,360.0,17788000
2026-03-05,365.0,367.0,352.0,360.0,9769000
2026-03-06,359.0,365.0,357.0,361.0,6543000
2026-03-09,348.0,357.0,342.0,356.0,11727400
2026-03-10,363.0,367.0,358.0,365.0,6765000
2026-03-11,367.0,368.0,360.0,360.0,5974600
2026-03-12,357.0,368.0,357.0,368.0,4857800
2026-03-13,366.0,367.0,360.0,363.0,6525100
2026-03-16,365.0,373.0,363.0,370.0,7348600
2026-03-17,374.0,381.0,372.0,379.0,8750700
2026-03-18,382.0,385.0,379.0,379.0,5555900
2026-03-19,377.0,382.0,375.0,376.0,6338900
2026-03-20,380.0,383.0,375.0,380.0,8648400
2026-03-23,374.0,375.0,366.0,366.0,7426800
2026-03-24,372.0,372.0,367.0,368.0,5549500
2026-03-25,372.0,373.0,369.0,371.0,5421300
2026-03-26,370.0,370.0,364.0,368.0,6641200
2026-03-27,369.0,369.0,364.0,367.0,6213700
2026-03-30,366.0,370.0,365.0,370.0,4604100
2026-03-31,370.0,374.0,368.0,373.0,8159200
2026-04-01,378.0,378.0,365.0,365.0,14195800
2026-04-02,365.0,365.0,360.0,364.0,7982500
2026-04-03,365.0,368.0,363.0,365.0,3359900
2026-04-07,367.0,367.0,362.0,364.0,5780500
2026-04-08,368.0,368.0,363.0,363.0,7590700
2026-04-09,363.0,367.0,362.0,362.0,6074200
2026-04-10,364.0,364.0,361.0,363.0,1797200
2026-04-16,364.0,372.0,361.0,368.0,15163200
2026-04-17,367.0,368.0,351.0,353.0,14586300
2026-04-20,353.0,358.0,352.0,353.0,6686000
2026-04-21,353.0,354.0,350.0,351.0,5186000
2026-04-22,349.0,353.0,349.0,349.0,5047900
2026-04-23,348.0,348.0,344.0,345.0,7707500
2026-04-24,347.0,350.0,346.0,349.0,5031500
2026-04-27,350.0,351.0,348.0,348.0,3633800
2026-04-28,351.0,352.0,348.0,349.0,7244400
2026-04-29,349.0,349.0,346.0,348.0,4093200
2026-04-30,346.0,347.0,337.0,340.0,11185000
2026-05-01,340.0,340.0,340.0,340.0,0
2026-05-04,340.0,340.0,340.0,340.0,0
2026-05-05,340.0,342.0,336.0,340.0,12024200
2026-05-06,343.0,348.0,342.0,348.0,10197000
2026-05-07,351.0,356.0,347.0,350.0,18277000
2026-05-08,353.0,355.0,349.0,350.0,12604300
2026-05-11,350.0,352.0,347.0,350.0,6589700
2026-05-12,353.0,357.0,351.0,352.0,9609300
2026-05-13,351.0,361.0,350.0,355.0,10763200
2026-05-14,357.0,363.0,356.0,363.0,9305000
2026-05-15,361.0,365.0,360.0,365.0,4250700
2026-05-18,363.0,365.0,360.0,365.0,4431000
2026-05-19,363.0,369.0,362.0,369.0,5238000
2026-05-20,369.0,372.0,367.0,368.0,6203700
2026-05-21,370.0,370.0,358.0,358.0,8446900
2026-05-22,359.0,361.0,355.0,355.0,7255200
2026-05-25,359.0,361.0,354.0,354.0,4860700
2026-05-26,355.0,357.0,353.0,353.0,3879800
2026-05-27,354.0,355.0,351.0,352.0,4755600
2026-05-28,351.0,353.0,349.0,353.0,4725600
2026-05-29,355.0,356.0,353.0,353.0,13223800
2026-06-01,353.0,353.0,353.0,353.0,0
2026-06-02,357.0,368.0,355.0,364.0,15843800
2026-06-03,364.0,364.0,364.0,364.0,0
2026-06-04,363.0,367.0,360.0,360.0,10577900
2026-06-05,362.0,364.0,359.0,361.0,5725900
2026-06-08,361.0,361.0,358.0,358.0,4161700
2026-06-09,361.0,362.0,356.0,359.0,5521800
2026-06-10,357.0,358.0,354.0,354.0,5926100
2026-06-11,354.0,362.0,354.0,359.0,6440900
2026-06-12,362.0,366.0,360.0,366.0,8451500
2026-06-15,368.0,370.0,359.0,360.0,11814200
2026-06-16,361.0,361.0,356.0,358.0,5139900
2026-06-17,359.0,359.0,355.0,358.0,3235600
2026-06-18,359.0,360.0,357.0,358.0,4537100
2026-06-19,357.0,359.0,355.0,357.0,11813300
2026-06-22,358.0,361.0,356.0,361.0,4643300
2026-06-23,360.0,363.0,358.0,358.0,7544200
2026-06-24,359.0,359.0,352.0,353.0,6802900
2026-06-25,351.0,356.0,349.0,353.0,8739800
2026-06-26,351.0,352.0,349.0,352.0,5456300
2026-06-29,354.0,358.0,352.0,357.0,6655700
2026-06-30,360.0,370.0,358.0,367.0,17066600
2026-07-01,367.0,369.0,362.0,363.0,6074400
2026-07-02,365.0,370.0,363.0,368.0,7380000
2026-07-03,370.0,376.0,368.0,375.0,7409700
2026-07-06,378.0,380.0,372.0,373.0,5043500
2026-07-07,373.0,376.0,369.0,376.0,8397700
2026-07-08,375.0,379.0,372.0,375.0,8304300
2026-07-09,376.0,380.0,375.0,378.0,7466700
2026-07-10,375.0,377.0,372.0,373.0,7164100
2026-07-13,373.0,376.0,372.0,376.0,4236200
2026-07-14,374.0,382.0,373.0,382.0,8650700
2026-07-15,384.0,384.0,374.0,374.0,9599600
2026-07-16,376.0,376.0,373.0,375.0,5459300
2026-07-17,374.0,379.0,374.0,379.0,9043800
2026-07-20,379.0,383.0,377.0,383.0,7947000
2026-07-21,384.0,387.0,383.0,384.0,7467900
2026-07-22,383.0,384.0,375.0,377.0,8252800
2026-07-23,377.0,378.0,373.0,375.0,6094200
2026-07-24,372.0,376.0,371.0,376.0,4630500
2026-07-27,376.0,376.0,370.0,373.0,5052500
2026-07-28,373.0,373.0,373.0,373.0,0
2026-07-29,373.0,373.0,373.0,373.0,0
2026-07-30,370.0,380.0,369.0,378.0,11444300
2026-07-31,378.0,382.0,377.0,380.0,8410200
2026-08-03,380.0,380.0,372.0,374.0,8734900
2026-08-04,374.0,376.0,372.0,374.0,5856200
2026-08-05,375.0,375.0,369.0,369.0,7713700
2026-08-06,371.0,378.0,371.0,375.0,14541500
2026-08-07,374.0,379.0,371.0,374.0,10137400
2026-08-10,373.0,376.0,371.0,371.0,4697500
2026-08-11,373.0,375.0,372.0,374.0,4764200
2026-08-12,374.0,374.0,374.0,374.0,0
2026-08-13,374.0,375.0,369.0,370.0,6834600
2026-08-14,372.0,373.0,370.0,371.0,3300700
2026-08-17,373.0,373.0,371.0,372.0,3524600
2026-08-18,372.0,374.0,370.0,372.0,6909900
2026-08-19,364.0,366.0,362.0,362.0,6741800
2026-08-20,364.0,364.0,357.0,358.0,6308800
2026-08-21,361.0,361.0,359.0,360.0,3320100
2026-08-24,360.0,361.0,357.0,360.0,2895200
2026-08-25,360.0,362.0,359.0,361.0,2940700
2026-08-26,361.0,362.0,356.0,356.0,6103000
2026-08-27,356.0,358.0,353.0,355.0,5065600
2026-08-28,353.0,356.0,351.0,352.0,5649600
