Date,Open,High,Low,Close,Volume
2016-08-26,195.0,199.0,195.0,198.0,6792400
2016-08-29,198.5,198.5,196.0,197.5,5833100
2016-08-30,198.5,198.5,197.0,198.0,5256000
2016-08-31,197.5,198.5,196.5,197.5,6002600
2016-09-01,199.0,199.5,197.5,199.0,13022500
2016-09-02,198.5,199.0,192.5,193.0,15138500
2016-09-05,194.5,195.0,188.0,189.0,11942700
2016-09-06,188.5,190.5,188.0,189.0,6621200
2016-09-07,190.0,192.5,189.0,190.0,10314600
2016-09-08,190.5,191.0,187.0,188.0,13138600
2016-09-09,188.0,188.5,184.5,185.5,9244400
2016-09-12,183.5,186.5,180.0,180.0,14710200
2016-09-13,183.5,187.5,182.5,186.0,14602200
2016-09-14,185.5,189.0,185.0,189.0,9436800
2016-09-15,190.0,190.0,187.0,188.0,7903300
2016-09-16,189.5,189.5,186.0,187.5,27450100
2016-09-19,189.0,190.0,186.5,188.0,6231900
2016-09-20,186.5,186.5,185.0,185.5,5867200
2016-09-21,186.0,190.0,186.0,188.5,7576000
2016-09-22,191.5,192.0,190.5,191.0,9431300
2016-09-23,191.0,191.0,186.5,187.5,6788600
2016-09-26,185.5,189.5,185.5,189.0,5596400
2016-09-27,190.0,190.0,187.5,188.0,5523200
2016-09-28,187.5,188.0,185.5,186.5,4510800
2016-09-29,188.0,190.0,187.5,189.0,6936300
2016-09-30,187.0,189.0,186.5,187.5,5620200
2016-10-03,190.0,190.0,187.5,188.0,4811600
2016-10-04,189.0,197.0,188.5,195.0,16700200
2016-10-05,195.0,195.0,192.5,193.0,10160900
2016-10-06,194.0,196.0,193.0,194.0,7145900
2016-10-07,193.5,193.5,191.0,192.0,5388000
2016-10-10,186.5,189.0,184.0,185.5,12464500
2016-10-11,186.5,187.5,182.5,185.0,9942200
2016-10-12,183.0,183.0,169.0,182.0,26858600
2016-10-13,180.0,187.0,177.0,187.0,20115600
2016-10-14,195.0,196.0,187.0,189.5,31424700
2016-10-17,181.0,182.0,178.5,179.5,42674000
2016-10-18,179.5,179.5,176.0,176.0,20318100
2016-10-19,175.0,177.5,175.0,176.5,21456400
2016-10-20,177.0,179.5,176.0,178.5,15270800
2016-10-21,178.0,178.5,176.5,176.5,8828200
2016-10-25,176.5,177.0,173.5,175.0,13768300
2016-10-26,174.5,175.0,172.0,172.0,11704700
2016-10-27,172.0,174.0,171.5,173.0,10887200
2016-10-28,173.0,173.5,171.0,172.0,7209800
2016-10-31,172.0,173.5,171.5,172.0,8448900
2016-11-01,172.5,173.0,170.0,170.5,11327300
2016-11-02,170.0,170.5,169.0,170.0,10809900
2016-11-03,169.5,170.0,167.0,167.0,9744200
2016-11-04,166.0,167.5,165.5,166.5,10122000
2016-11-07,168.0,171.0,168.0,170.0,12617400
2016-11-08,170.5,171.5,169.0,171.5,10634300
2016-11-09,169.0,170.5,167.5,170.5,13719900
2016-11-10,171.5,174.0,171.0,172.0,10261000
2016-11-11,170.0,170.0,168.5,169.5,7878000
2016-11-14,167.0,168.0,165.5,168.0,7921200
2016-11-15,168.0,169.0,166.0,168.0,7846900
2016-11-16,168.0,168.5,166.5,166.5,5988000
2016-11-17,167.0,170.0,167.0,170.0,6318000
2016-11-18,169.5,171.5,169.0,170.0,7111700
2016-11-21,170.0,171.0,169.5,170.0,3027300
2016-11-22,171.0,171.5,170.0,170.0,2042800
2016-11-23,171.0,172.0,170.5,171.5,3695200
2016-11-24,170.5,171.0,169.5,169.5,3630300
2016-11-25,170.5,171.5,169.5,171.5,3039900
2016-11-28,171.0,171.5,170.0,170.5,2549800
2016-11-29,171.5,172.0,169.0,169.0,5294700
2016-11-30,168.5,171.5,168.5,169.5,4733500
2016-12-01,171.0,171.0,169.5,170.0,6534900
2016-12-02,169.5,170.0,169.0,170.0,3481700
2016-12-06,169.0,170.0,167.5,169.0,4542300
2016-12-07,168.5,171.5,168.5,171.0,6185500
2016-12-08,172.0,175.0,172.0,174.0,10731400
2016-12-09,175.5,175.5,173.5,174.0,5852500
2016-12-13,173.0,173.5,171.5,173.0,7951400
2016-12-14,172.0,172.5,170.0,171.0,5295800
2016-12-15,169.5,171.0,169.5,170.0,7818800
2016-12-16,170.5,172.5,170.0,170.0,3280200
2016-12-19,169.0,171.0,169.0,171.0,7086100
2016-12-20,170.5,172.0,170.0,171.0,3257600
2016-12-21,171.5,172.0,170.5,171.0,2790200
2016-12-22,171.0,172.0,170.5,172.0,2831600
2016-12-23,172.5,174.0,171.5,173.0,4699600
2016-12-26,173.5,174.5,173.5,174.0,2834100
2016-12-27,174.0,175.5,173.5,175.0,3562700
2016-12-28,175.0,175.5,174.0,174.5,1983700
2016-12-29,174.5,177.0,174.0,176.0,5564400
2016-12-30,177.0,177.5,176.0,177.5,6346800
2017-01-04,180.0,182.0,179.5,182.0,14901000
2017-01-05,182.0,183.5,181.5,183.5,9019700
2017-01-06,183.0,184.5,182.0,183.0,7053100
2017-01-09,184.0,186.0,183.0,186.0,10697200
2017-01-10,186.5,190.5,186.0,189.0,11795200
2017-01-11,190.5,191.0,188.5,190.5,7535100
2017-01-12,190.5,191.0,188.0,188.5,7197900
2017-01-16,186.5,187.5,184.0,185.5,5010300
2017-01-17,185.0,187.0,185.0,185.0,3502500
2017-01-18,187.0,188.0,185.0,185.0,4248500
2017-01-19,184.0,184.0,181.5,182.0,6413100
2017-01-20,181.5,187.5,181.0,184.0,6363800
2017-01-23,184.5,186.0,184.0,186.0,5524800
2017-01-24,186.0,188.5,186.0,187.0,4494500
2017-01-25,188.0,191.0,188.0,191.0,7748900
2017-01-26,193.0,193.5,189.0,190.0,8042800
2017-01-27,189.0,189.5,187.0,187.5,4994600
2017-01-30,187.0,189.0,186.5,189.0,1734800
2017-01-31,188.5,188.5,187.0,188.5,4294400
2017-02-01,187.0,191.5,187.0,191.0,7890200
2017-02-02,191.5,191.5,189.0,189.5,3894600
2017-02-03,189.5,192.0,189.0,191.0,4912800
2017-02-06,192.0,196.0,191.5,195.5,9425800
2017-02-07,195.0,196.0,194.5,195.5,5606000
2017-02-08,195.0,196.5,194.5,195.5,5138700
2017-02-09,195.5,199.0,195.5,198.5,7160400
2017-02-10,199.5,201.0,196.5,198.0,12734300
2017-02-14,199.5,199.5,194.0,194.5,5907300
2017-02-15,193.5,195.0,191.0,193.0,6948500
2017-02-16,193.0,196.5,191.5,195.0,5710200
2017-02-17,195.5,197.5,195.5,197.5,2252300
2017-02-20,197.5,197.5,194.0,197.0,2782700
2017-02-21,196.5,197.0,191.5,193.0,7882600
2017-02-22,193.0,194.5,191.0,193.0,6210800
2017-02-23,192.0,193.0,190.0,190.5,7756500
2017-02-24,190.5,191.0,189.5,189.5,4602000
2017-02-27,189.0,189.5,187.5,187.5,5637800
2017-02-28,189.0,191.5,188.5,191.5,3657200
2017-03-01,192.5,195.0,192.0,195.0,4287000
2017-03-02,195.5,196.5,195.0,196.0,5795400
2017-03-03,196.0,196.0,194.0,195.0,2158600
2017-03-06,194.0,194.5,191.5,192.0,3057200
2017-03-07,192.0,193.0,191.0,192.0,2550800
2017-03-08,191.0,192.5,189.0,192.0,5134000
2017-03-09,191.5,191.5,189.5,190.0,4523500
2017-03-10,190.0,192.0,189.0,190.0,4386500
2017-03-13,189.5,190.0,188.0,189.0,4863200
2017-03-14,190.0,191.5,189.5,190.0,6978500
2017-03-15,189.5,190.5,189.0,189.5,2978300
2017-03-16,190.5,193.5,190.0,192.5,8960900
2017-03-17,193.0,193.5,192.0,193.0,4315200
2017-03-20,193.5,194.5,191.5,192.0,6727900
2017-03-21,192.0,193.0,191.5,193.0,3983700
2017-03-22,191.0,192.0,190.5,190.5,4978700
2017-03-23,191.5,192.5,191.0,191.0,3629300
2017-03-24,191.0,191.5,190.0,191.0,3186600
2017-03-27,191.0,192.0,191.0,191.0,4239300
2017-03-28,192.0,193.5,191.0,192.0,5761700
2017-03-29,192.5,193.0,192.0,192.5,4063100
2017-03-30,193.0,193.0,191.0,191.0,6820800
2017-03-31,192.0,192.0,189.0,189.0,7718500
2017-04-03,189.5,191.0,189.0,190.5,2604700
2017-04-04,190.5,193.0,190.5,192.5,3047500
2017-04-05,192.5,193.5,192.0,193.5,3431800
2017-04-07,191.0,193.5,190.5,193.5,5295300
2017-04-10,193.5,193.5,192.0,193.5,1915300
2017-04-11,193.5,197.0,193.0,195.5,6909000
2017-04-12,196.0,197.0,195.0,195.0,3294600
2017-04-17,194.5,195.0,193.0,193.5,1444700
2017-04-18,194.0,195.5,192.0,192.5,3944500
2017-04-19,192.0,193.0,186.0,186.0,8847400
2017-04-20,187.0,190.0,186.0,188.5,8358900
2017-04-21,189.0,190.0,188.5,189.0,4055100
2017-04-24,189.0,189.5,184.5,185.5,8450100
2017-04-25,186.0,186.5,184.0,185.0,9013900
2017-04-26,185.5,186.0,184.0,185.0,8094900
2017-04-27,184.5,185.5,183.5,183.5,3987000
2017-04-28,184.5,185.5,184.0,185.0,5638200
2017-05-02,186.0,189.0,185.0,187.0,8266500
2017-05-03,187.5,189.5,187.0,189.0,3258600
2017-05-04,190.0,193.0,190.0,193.0,8482600
2017-05-08,192.5,193.5,191.5,192.5,4054400
2017-05-09,193.0,194.0,191.0,193.0,3283500
2017-05-11,191.0,191.0,188.5,189.5,9321000
2017-05-12,189.0,189.5,187.0,189.5,8404600
2017-05-15,185.0,185.0,185.0,185.0,682100
2017-05-16,185.0,185.0,182.5,182.5,14495400
2017-05-17,182.5,186.0,182.5,185.0,6610800
2017-05-18,184.0,185.5,184.0,185.0,3131000
2017-05-19,185.0,188.0,185.0,187.0,5711600
2017-05-22,188.0,191.0,187.5,190.5,6895500
2017-05-23,190.5,191.5,189.0,191.5,4387300
2017-05-24,191.5,191.5,189.5,190.5,5025500
2017-05-25,192.0,192.0,190.0,190.0,3429000
2017-05-26,190.5,191.0,189.0,190.0,2852200
2017-05-29,190.0,191.0,190.0,190.5,1282600
2017-05-30,190.5,191.5,190.5,190.5,1067900
2017-05-31,190.5,191.0,187.5,187.5,3642300
2017-06-01,187.5,190.0,187.5,190.0,2540400
2017-06-02,191.0,191.0,188.5,189.0,2904600
2017-06-05,189.5,190.5,189.0,190.5,2879500
2017-06-06,190.0,190.5,188.5,189.5,1264200
2017-06-07,189.5,190.0,187.5,188.0,3919500
2017-06-08,188.5,189.5,187.5,188.0,4881700
2017-06-09,188.0,190.5,187.5,189.0,5435100
2017-06-12,189.0,190.5,189.0,190.0,2054600
2017-06-13,191.0,191.5,190.0,191.5,2859200
2017-06-14,191.5,192.0,190.5,192.0,2327200
2017-06-15,190.5,191.5,189.0,189.5,4188600
2017-06-16,190.5,192.0,189.5,192.0,3690600
2017-06-19,192.0,192.5,191.5,192.0,1967700
2017-06-20,192.5,193.0,192.0,192.0,5705100
2017-06-21,192.0,194.5,191.5,193.5,4759800
2017-06-22,192.0,194.0,192.0,192.5,3421300
2017-06-23,192.0,194.0,192.0,193.0,9013000
2017-06-26,193.5,195.0,193.0,194.0,3293600
2017-06-27,194.0,195.5,193.5,195.5,4032500
2017-06-28,195.0,198.0,194.5,198.0,12145800
2017-06-29,198.5,200.0,198.5,199.0,12428400
2017-06-30,199.0,199.5,197.5,198.5,7125400
2017-07-03,198.5,199.0,196.5,197.0,3760700
2017-07-04,198.0,199.5,197.0,199.0,3829300
2017-07-05,198.5,199.5,197.0,199.0,3086600
2017-07-06,198.0,199.5,197.5,198.0,3773300
2017-07-07,197.0,197.5,195.5,196.0,3201000
2017-07-11,198.0,199.5,197.5,199.0,4483800
2017-07-12,200.0,205.0,200.0,203.0,12267600
2017-07-13,205.0,207.0,202.0,203.0,9353700
2017-07-14,204.0,204.0,201.0,202.0,5220500
2017-07-17,202.0,203.0,199.5,200.0,4874300
2017-07-18,201.0,201.0,197.5,197.5,6304900
2017-07-19,198.0,199.0,197.0,198.5,3273800
2017-07-20,197.0,197.0,195.0,195.5,7988600
2017-07-21,196.5,198.5,195.5,197.0,6327700
2017-07-24,196.5,198.5,196.0,198.5,3617200
2017-07-25,199.0,199.5,197.0,197.5,3060900
2017-07-26,198.5,199.0,196.5,198.5,3566800
2017-07-27,199.0,199.5,196.5,197.5,3045800
2017-07-31,197.5,198.0,191.0,192.5,10907900
2017-08-01,190.0,190.5,188.5,190.0,11961500
2017-08-02,190.0,191.5,188.0,190.0,9452100
2017-08-03,189.5,191.0,188.5,188.5,6123900
2017-08-04,189.0,189.5,188.0,188.5,3628700
2017-08-07,188.0,189.0,186.0,189.0,4171300
2017-08-08,190.0,194.0,189.5,193.5,6201400
2017-08-09,192.5,193.5,191.5,193.5,3071600
2017-08-10,193.5,194.0,191.5,194.0,3493700
2017-08-11,193.0,193.5,191.5,193.5,4516900
2017-08-15,194.5,195.0,192.5,192.5,2717500
2017-08-16,192.0,192.0,189.5,191.0,4253000
2017-08-17,191.5,192.0,190.0,190.0,2510100
2017-08-18,189.5,191.5,189.5,191.0,2133700
2017-08-21,191.0,192.0,190.0,191.0,3685800
2017-08-22,192.0,195.0,191.5,194.5,5843600
2017-08-23,195.0,197.5,194.0,197.5,6481300
2017-08-24,197.5,197.5,195.5,196.5,3316800
2017-08-25,195.5,199.0,195.5,197.5,7288800
2017-08-28,198.5,201.0,196.0,200.0,9541900
2017-08-29,199.0,204.0,198.0,203.0,13568500
2017-08-30,203.0,205.0,202.0,205.0,6183400
2017-08-31,204.0,205.0,200.0,201.0,6887500
2017-09-01,203.0,206.0,202.0,204.0,6548200
2017-09-04,203.0,204.0,201.0,204.0,5511400
2017-09-05,204.0,204.0,201.0,202.0,3815400
2017-09-06,201.0,202.0,199.0,201.0,5800900
2017-09-07,201.0,205.0,200.0,205.0,6594700
2017-09-08,205.0,212.0,205.0,208.0,12334900
2017-09-11,209.0,215.0,209.0,213.0,11466400
2017-09-12,213.0,214.0,209.0,211.0,4853600
2017-09-13,212.0,214.0,210.0,211.0,6593000
2017-09-14,210.0,218.0,210.0,218.0,10455000
2017-09-15,215.0,216.0,212.0,214.0,15422700
2017-09-18,214.0,217.0,213.0,214.0,7900000
2017-09-19,215.0,216.0,213.0,216.0,4142600
2017-09-20,214.0,216.0,211.0,213.0,7198600
2017-09-21,212.0,213.0,209.0,210.0,5757000
2017-09-22,208.0,210.0,206.0,206.0,10403500
2017-09-25,207.0,209.0,205.0,209.0,5492000
2017-09-26,209.0,211.0,207.0,208.0,5516700
2017-09-27,209.0,211.0,207.0,209.0,5769700
2017-09-28,210.0,210.0,205.0,206.0,5618900
2017-09-29,206.0,209.0,205.0,207.0,3643000
2017-10-02,208.0,210.0,206.0,208.0,7166300
2017-10-03,209.0,210.0,207.0,207.0,3361100
2017-10-04,209.0,209.0,207.0,207.0,2427300
2017-10-05,207.0,209.0,206.0,208.0,5124300
2017-10-06,209.0,210.0,206.0,207.0,4090900
2017-10-09,207.0,208.0,206.0,207.0,1102300
2017-10-10,207.0,213.0,206.0,212.0,8645300
2017-10-11,214.0,217.0,212.0,217.0,9635600
2017-10-12,217.0,218.0,214.0,216.0,6346200
2017-10-16,217.0,217.0,217.0,217.0,531100
2017-10-17,217.0,218.0,215.0,217.0,4029700
2017-10-18,217.0,218.0,214.0,215.0,4797800
2017-10-19,216.0,216.0,211.0,212.0,6343700
2017-10-20,208.0,213.0,207.0,213.0,9519200
2017-10-24,211.0,214.0,210.0,210.0,4753300
2017-10-25,211.0,213.0,209.0,212.0,4196400
2017-10-27,214.0,215.0,212.0,213.0,5391900
2017-10-30,213.0,220.0,210.0,220.0,10689500
2017-10-31,222.0,224.0,219.0,220.0,8883500
2017-11-01,222.0,226.0,221.0,224.0,8188100
2017-11-02,223.0,225.0,221.0,223.0,5122200
2017-11-03,223.0,225.0,222.0,223.0,3217800
2017-11-06,223.0,224.0,218.0,220.0,4127400
2017-11-07,221.0,221.0,218.0,220.0,3330900
2017-11-08,220.0,223.0,220.0,222.0,3471000
2017-11-09,223.0,224.0,220.0,220.0,3035600
2017-11-10,218.0,220.0,217.0,217.0,3365200
2017-11-13,216.0,219.0,215.0,217.0,3414400
2017-11-14,218.0,224.0,217.0,224.0,4853400
2017-11-15,223.0,223.0,220.0,220.0,3879500
2017-11-16,220.0,223.0,220.0,221.0,3443400
2017-11-17,223.0,225.0,222.0,224.0,5722000
2017-11-20,225.0,226.0,223.0,223.0,2393800
2017-11-21,223.0,223.0,223.0,223.0,6388300
2017-11-22,224.0,226.0,223.0,224.0,5618000
2017-11-23,224.0,226.0,223.0,223.0,3107100
2017-11-24,223.0,224.0,221.0,222.0,3724400
2017-11-27,222.0,223.0,219.0,221.0,3636800
2017-11-28,221.0,222.0,220.0,222.0,1788600
2017-11-29,224.0,229.0,223.0,229.0,13743300
2017-11-30,228.0,231.0,225.0,227.0,12183700
2017-12-01,227.0,228.0,223.0,223.0,5890500
2017-12-04,225.0,229.0,224.0,225.0,6248300
2017-12-06,225.0,230.0,224.0,229.0,5590300
2017-12-07,229.0,231.0,227.0,230.0,4034300
2017-12-08,231.0,231.0,228.0,228.0,4456400
2017-12-12,229.0,230.0,226.0,226.0,5795500
2017-12-13,226.0,226.0,224.0,224.0,6014200
2017-12-14,226.0,229.0,225.0,228.0,5736300
2017-12-15,228.0,230.0,227.0,230.0,4657300
2017-12-18,229.0,231.0,228.0,230.0,3390300
2017-12-19,231.0,235.0,230.0,231.0,8434100
2017-12-20,231.0,234.0,229.0,234.0,4470600
2017-12-21,235.0,235.0,231.0,233.0,3874400
2017-12-22,234.0,234.0,231.0,233.0,4012800
2017-12-25,233.0,236.0,233.0,234.0,2509900
2017-12-26,234.0,237.0,234.0,235.0,3859800
2017-12-27,235.0,236.0,233.0,235.0,2262900
2017-12-28,234.0,235.0,231.0,233.0,3937200
2017-12-29,235.0,236.0,232.0,232.0,6119200
2018-01-03,234.0,237.0,233.0,237.0,6816400
2018-01-04,239.0,244.0,238.0,242.0,8123000
2018-01-05,242.0,244.0,240.0,241.0,6622100
2018-01-08,243.0,245.0,241.0,241.0,8454800
2018-01-09,240.0,240.0,234.0,235.0,13325700
2018-01-10,235.0,236.0,232.0,233.0,7991200
2018-01-11,233.0,233.0,230.0,233.0,9907000
2018-01-12,233.0,239.0,233.0,238.0,7724600
2018-01-15,239.0,240.0,233.0,234.0,8595500
2018-01-16,236.0,236.0,233.0,234.0,4317500
2018-01-17,233.0,234.0,231.0,232.0,6954100
2018-01-18,232.0,233.0,226.0,227.0,13075500
2018-01-19,222.0,227.0,218.0,227.0,22474900
2018-01-22,223.0,223.0,220.0,221.0,19842300
2018-01-23,222.0,227.0,222.0,227.0,15032300
2018-01-24,227.0,228.0,225.0,226.0,10308600
2018-01-25,227.0,231.0,226.0,226.0,9370400
2018-01-26,226.0,230.0,226.0,229.0,7085900
2018-01-29,231.0,234.0,229.0,232.0,12044800
2018-01-30,233.0,234.0,231.0,234.0,8583900
2018-01-31,233.0,234.0,230.0,230.0,9372000
2018-02-01,232.0,232.0,229.0,229.0,4815100
2018-02-02,230.0,232.0,228.0,230.0,5108700
2018-02-05,227.0,229.0,226.0,229.0,7559000
2018-02-06,227.0,229.0,224.0,228.0,11509600
2018-02-07,229.0,230.0,225.0,227.0,4942200
2018-02-08,227.0,227.0,223.0,223.0,6504100
2018-02-09,220.0,225.0,220.0,224.0,7682000
2018-02-12,224.0,226.0,222.0,225.0,3946500
2018-02-13,225.0,226.0,223.0,225.0,5097100
2018-02-14,225.0,225.0,224.0,224.0,1195700
2018-02-15,227.0,228.0,225.0,228.0,4210500
2018-02-16,228.0,230.0,228.0,228.0,2885600
2018-02-19,228.0,230.0,227.0,228.0,1261800
2018-02-20,228.0,228.0,226.0,227.0,1654600
2018-02-21,227.0,228.0,226.0,228.0,2873200
2018-02-22,228.0,229.0,223.0,225.0,4973100
2018-02-23,225.0,227.0,223.0,226.0,3220500
2018-02-26,226.0,230.0,225.0,230.0,4381400
2018-02-27,230.0,235.0,229.0,233.0,9596500
2018-02-28,232.0,235.0,232.0,232.0,5408400
2018-03-02,230.0,232.0,228.0,230.0,4420400
2018-03-05,230.0,232.0,226.0,228.0,3980500
2018-03-06,229.0,231.0,227.0,228.0,3478200
2018-03-07,226.0,229.0,226.0,227.0,3924200
2018-03-08,227.0,231.0,227.0,228.0,5057100
2018-03-09,229.0,230.0,228.0,230.0,2662500
2018-03-12,232.0,233.0,230.0,232.0,4522500
2018-03-13,233.0,233.0,226.0,228.0,8124000
2018-03-14,227.0,228.0,225.0,225.0,5367000
2018-03-15,225.0,226.0,222.0,224.0,5672200
2018-03-16,223.0,225.0,222.0,223.0,9581100
2018-03-19,223.0,224.0,222.0,223.0,2672500
2018-03-20,223.0,225.0,222.0,225.0,2962200
2018-03-21,226.0,226.0,220.0,222.0,5908400
2018-03-22,223.0,223.0,218.0,220.0,8693100
2018-03-23,217.0,221.0,217.0,221.0,4984100
2018-03-26,220.0,222.0,219.0,222.0,2683600
2018-03-27,221.0,224.0,220.0,222.0,4962500
2018-03-28,220.0,221.0,212.0,213.0,17818600
2018-03-29,213.0,216.0,211.0,212.0,12187900
2018-03-30,212.0,214.0,211.0,212.0,4592400
2018-04-02,214.0,215.0,213.0,214.0,5546400
2018-04-03,212.0,214.0,211.0,212.0,4024700
2018-04-04,213.0,213.0,195.5,195.5,24515700
2018-04-05,197.5,198.5,192.0,192.0,21398400
2018-04-09,192.5,195.0,192.5,193.0,11323000
2018-04-10,194.0,198.5,193.5,197.0,8092900
2018-04-11,196.0,201.0,195.0,201.0,9089500
2018-04-12,201.0,203.0,198.0,200.0,4941000
2018-04-17,201.0,201.0,198.0,199.5,4899200
2018-04-18,200.0,202.0,199.0,202.0,5171800
2018-04-19,201.0,201.0,197.0,197.5,10023000
2018-04-20,199.0,201.0,197.0,197.5,10997600
2018-04-23,198.0,198.0,195.5,196.5,7527900
2018-04-24,195.5,196.5,193.5,194.5,10810000
2018-04-25,193.5,193.5,188.5,190.0,18506400
2018-04-26,190.0,194.5,190.0,193.5,8596600
2018-04-27,194.5,195.0,192.5,195.0,5272500
2018-04-30,195.0,196.0,194.0,195.5,3811500
2018-05-02,195.5,196.0,194.0,195.5,5789300
2018-05-03,194.5,195.0,191.0,191.0,7274000
2018-05-04,190.0,191.0,189.0,189.0,9420900
2018-05-07,189.5,192.5,189.5,192.5,2554400
2018-05-08,194.5,195.5,193.0,194.5,7612800
2018-05-09,194.5,194.5,190.0,190.5,5857200
2018-05-10,190.5,193.0,189.5,192.0,3694500
2018-05-11,192.0,195.0,192.0,195.0,3878700
2018-05-14,195.5,195.5,194.0,195.0,5122900
2018-05-15,194.5,195.0,193.5,194.0,2622600
2018-05-16,192.0,194.0,192.0,192.5,3652600
2018-05-17,192.0,192.0,189.0,189.0,5954900
2018-05-18,188.0,188.5,187.0,188.5,6161500
2018-05-21,189.0,193.0,189.0,193.0,5467400
2018-05-22,193.5,196.0,193.0,195.0,10255500
2018-05-23,194.5,195.0,193.5,194.5,4380600
2018-05-24,194.0,195.0,191.0,191.5,5965900
2018-05-25,192.0,193.0,190.0,192.0,5845900
2018-05-28,192.0,195.5,192.0,195.5,6796900
2018-05-30,194.0,194.5,192.0,193.5,6536000
2018-05-31,193.0,193.5,190.0,191.5,8769300
2018-06-01,192.5,195.5,191.5,195.0,5567200
2018-06-04,195.0,197.0,194.5,196.5,12301300
2018-06-05,196.5,205.0,196.5,204.0,17800100
2018-06-06,204.0,206.0,201.0,203.0,7925400
2018-06-07,204.0,206.0,199.5,199.5,8618400
2018-06-08,200.0,200.0,194.5,194.5,15911000
2018-06-11,195.0,199.0,195.0,197.5,6984500
2018-06-12,197.0,203.0,197.0,199.5,8574900
2018-06-13,198.5,201.0,197.5,200.0,6660500
2018-06-14,199.0,201.0,197.0,200.0,11851500
2018-06-15,199.0,202.0,198.0,199.5,11927200
2018-06-18,199.0,201.0,198.5,199.5,4614600
2018-06-19,198.0,200.0,194.0,195.0,13522400
2018-06-20,197.0,199.5,196.0,198.5,9266600
2018-06-21,198.0,198.0,194.0,194.0,7521600
2018-06-22,194.0,195.5,190.5,193.0,11163800
2018-06-25,192.5,193.5,190.0,190.0,6104000
2018-06-26,189.0,194.0,188.5,193.0,6096300
2018-06-27,193.0,194.0,191.0,191.0,7953700
2018-06-28,191.5,192.5,189.0,189.5,7705800
2018-06-29,192.0,194.0,190.5,194.0,7725600
2018-07-02,195.0,195.0,190.0,193.0,6837300
2018-07-03,193.5,195.0,192.5,194.5,5481700
2018-07-04,194.0,197.5,192.0,197.5,7263100
2018-07-05,197.0,197.5,194.0,194.5,2987500
2018-07-06,193.5,198.0,193.0,197.0,7064400
2018-07-09,196.5,197.5,193.0,193.5,8673100
2018-07-10,193.0,195.5,191.0,195.5,11833300
2018-07-11,193.5,195.0,193.0,195.0,3670300
2018-07-12,195.0,196.0,194.0,195.0,3435100
2018-07-13,195.5,196.0,194.0,194.5,1859000
2018-07-16,193.0,194.0,192.5,193.5,2104300
2018-07-17,194.0,197.5,193.0,197.5,7262800
2018-07-18,199.0,200.0,196.5,199.5,8074000
2018-07-19,201.0,201.0,198.5,198.5,5405400
2018-07-20,206.0,211.0,204.0,210.0,25039400
2018-07-23,210.0,213.0,208.0,213.0,8798900
2018-07-24,213.0,213.0,206.0,208.0,8598700
2018-07-25,209.0,212.0,208.0,210.0,3979000
2018-07-26,216.0,216.0,213.0,215.0,7663300
2018-07-31,218.0,220.0,216.0,217.0,8659800
2018-08-01,217.0,218.0,213.0,217.0,8879600
2018-08-02,216.0,217.0,210.0,212.0,11092500
2018-08-03,213.0,218.0,212.0,216.0,8685100
2018-08-06,218.0,220.0,216.0,217.0,6873200
2018-08-07,217.0,218.0,213.0,214.0,9832500
2018-08-08,216.0,218.0,214.0,216.0,9710000
2018-08-09,216.0,219.0,216.0,217.0,6857600
2018-08-10,217.0,221.0,217.0,217.0,6534500
2018-08-14,215.0,216.0,212.0,215.0,5719900
2018-08-15,214.0,215.0,213.0,213.0,3734100
2018-08-16,214.0,215.0,212.0,212.0,6860900
2018-08-17,214.0,216.0,213.0,215.0,4964500
2018-08-20,217.0,219.0,215.0,216.0,5883400
2018-08-21,217.0,218.0,215.0,216.0,4222600
2018-08-22,217.0,219.0,216.0,217.0,2855600
2018-08-23,218.0,219.0,216.0,217.0,2498600
2018-08-24,216.0,217.0,215.0,215.0,1678100
2018-08-27,216.0,218.0,216.0,218.0,2765800
2018-08-28,219.0,219.0,215.0,215.0,3397300
2018-08-29,215.0,216.0,213.0,215.0,5155900
2018-08-30,215.0,215.0,212.0,213.0,3921700
2018-08-31,212.0,213.0,210.0,211.0,8632800
2018-09-03,210.0,213.0,210.0,212.0,2383300
2018-09-04,212.0,213.0,210.0,212.0,2840800
2018-09-05,211.0,212.0,207.0,208.0,6409700
2018-09-06,208.0,210.0,207.0,210.0,6306300
2018-09-07,208.0,209.0,207.0,208.0,3797100
2018-09-10,207.0,209.0,205.0,208.0,2579700
2018-09-11,207.0,209.0,201.0,203.0,5955800
2018-09-12,201.0,207.0,201.0,206.0,5403500
2018-09-13,210.0,216.0,209.0,214.0,11334700
2018-09-14,215.0,218.0,215.0,217.0,5865900
2018-09-17,215.0,216.0,211.0,212.0,4620400
2018-09-18,213.0,218.0,210.0,216.0,10017000
2018-09-19,217.0,219.0,216.0,216.0,6677500
2018-09-20,217.0,217.0,213.0,214.0,4658000
2018-09-21,215.0,217.0,214.0,217.0,4551600
2018-09-24,216.0,217.0,214.0,215.0,3112300
2018-09-25,215.0,216.0,213.0,215.0,2017700
2018-09-26,215.0,216.0,213.0,213.0,3751100
2018-09-27,213.0,215.0,212.0,214.0,5872100
2018-09-28,216.0,216.0,214.0,216.0,5714700
2018-10-01,217.0,217.0,214.0,215.0,5321200
2018-10-02,214.0,216.0,213.0,213.0,3369300
2018-10-03,214.0,215.0,213.0,213.0,2788600
2018-10-04,213.0,214.0,212.0,214.0,4699500
2018-10-05,213.0,215.0,210.0,211.0,4461000
2018-10-08,210.0,212.0,209.0,209.0,6804900
2018-10-09,209.0,213.0,209.0,210.0,4089000
2018-10-10,212.0,215.0,211.0,213.0,6659700
2018-10-11,210.0,212.0,208.0,209.0,7438600
2018-10-12,209.0,211.0,208.0,209.0,5717800
2018-10-16,209.0,209.0,205.0,209.0,6256400
2018-10-17,210.0,211.0,207.0,207.0,5912600
2018-10-18,208.0,208.0,206.0,206.0,3419300
2018-10-19,205.0,206.0,202.0,202.0,9360600
2018-10-22,202.0,208.0,202.0,207.0,4201900
2018-10-24,206.0,208.0,205.0,205.0,5116400
2018-10-25,204.0,209.0,203.0,209.0,5376900
2018-10-26,208.0,209.0,205.0,206.0,3876200
2018-10-29,204.0,205.0,197.5,199.5,14074600
2018-10-30,199.5,200.0,196.0,196.5,11013600
2018-10-31,197.5,199.5,196.5,199.5,10875500
2018-11-01,201.0,203.0,199.5,203.0,8080400
2018-11-02,205.0,207.0,203.0,204.0,9207900
2018-11-05,201.0,202.0,199.0,201.0,4879200
2018-11-06,201.0,204.0,201.0,204.0,3507700
2018-11-07,205.0,206.0,203.0,206.0,4359500
2018-11-08,208.0,210.0,205.0,206.0,5025200
2018-11-09,206.0,207.0,205.0,207.0,2758400
2018-11-12,206.0,207.0,201.0,201.0,4603800
2018-11-13,201.0,203.0,200.0,202.0,4830600
2018-11-14,200.0,201.0,199.0,200.0,5879500
2018-11-15,200.0,201.0,198.5,199.0,4845500
2018-11-16,199.0,199.0,197.0,198.5,5791900
2018-11-19,198.0,198.0,196.0,196.5,5361600
2018-11-20,195.5,195.5,190.5,192.0,13199100
2018-11-21,191.0,194.5,190.5,193.5,10597400
2018-11-22,193.5,195.0,190.5,190.5,8065100
2018-11-23,191.5,193.5,190.0,192.5,8702000
2018-11-26,193.0,194.0,192.5,193.5,9096300
2018-11-27,194.0,195.0,193.5,195.0,8823200
2018-11-28,195.0,195.5,191.5,191.5,9012700
2018-11-29,193.0,193.0,191.5,192.0,5933500
2018-11-30,192.5,193.5,190.5,193.5,11489500
2018-12-03,197.0,198.0,196.5,196.5,13327200
2018-12-04,197.0,199.0,197.0,198.0,6433200
2018-12-06,195.5,196.0,193.0,193.5,7728100
2018-12-07,193.5,193.5,191.5,192.5,8177300
2018-12-11,191.5,192.0,190.0,191.0,8414900
2018-12-12,192.0,192.5,189.5,190.0,8741600
2018-12-13,192.0,192.0,188.0,188.0,9567300
2018-12-14,187.5,189.0,183.5,185.0,11948700
2018-12-17,185.0,186.5,183.0,185.0,5590900
2018-12-18,183.5,186.5,183.0,185.0,8608600
2018-12-19,185.0,189.0,185.0,188.5,11635000
2018-12-20,187.5,188.0,184.5,188.0,7677300
2018-12-21,187.0,188.0,185.0,188.0,8034200
2018-12-24,186.5,188.0,185.5,185.5,3663000
2018-12-25,184.0,184.5,182.0,182.5,4398700
2018-12-26,182.5,183.5,182.5,183.0,3227700
2018-12-27,187.5,188.0,182.5,182.5,7559600
2018-12-28,183.0,185.0,183.0,185.0,4599100
2019-01-02,185.0,186.0,184.0,185.0,4410900
2019-01-03,186.5,187.0,185.0,186.0,4601300
2019-01-04,185.5,186.0,183.5,186.0,8782100
2019-01-07,186.0,188.0,185.5,188.0,7171800
2019-01-08,187.5,188.0,186.0,186.5,4042100
2019-01-09,187.0,188.0,186.0,186.0,6533600
2019-01-10,186.5,187.0,178.5,180.0,16518900
2019-01-11,181.5,182.5,180.5,181.5,6511700
2019-01-14,181.5,182.0,180.5,181.0,3899700
2019-01-15,181.5,183.0,181.0,182.0,3848600
2019-01-16,182.5,183.0,181.0,183.0,4437100
2019-01-17,183.0,185.5,182.5,184.5,10669700
2019-01-18,186.0,186.5,181.5,183.0,18590800
2019-01-21,185.0,189.0,184.0,187.5,16664800
2019-01-22,187.0,189.0,185.5,189.0,9195900
2019-01-23,189.5,191.5,188.5,190.5,20618000
2019-01-24,191.5,192.5,188.5,192.5,12477000
2019-01-25,193.5,194.5,193.0,193.5,8792500
2019-01-28,194.0,194.0,192.0,193.0,5996600
2019-01-29,192.5,193.5,192.0,193.5,4100600
2019-01-30,193.0,193.0,191.5,193.0,7899500
2019-01-31,195.0,200.0,194.5,200.0,17962300
2019-02-01,201.0,202.0,199.0,201.0,10444000
2019-02-04,201.0,203.0,200.0,202.0,4538700
2019-02-05,201.0,202.0,199.0,200.0,3108900
2019-02-06,201.0,203.0,200.0,202.0,6395000
2019-02-07,203.0,205.0,201.0,202.0,10318100
2019-02-08,199.0,201.0,197.5,199.0,13085800
2019-02-11,197.5,198.0,195.5,196.0,12830300
2019-02-12,196.5,198.5,196.0,197.0,4032500
2019-02-13,198.5,198.5,196.5,197.0,4482300
2019-02-14,197.5,197.5,196.0,197.0,3785500
2019-02-15,196.0,196.5,194.0,195.5,4837400
2019-02-18,196.5,197.5,196.0,197.0,2541400
2019-02-20,197.5,198.0,193.5,194.5,6221900
2019-02-21,195.0,196.0,195.0,196.0,3644500
2019-02-22,195.0,195.5,193.5,195.0,6644900
2019-02-25,196.0,199.5,195.5,198.0,8532300
2019-02-26,197.5,201.0,197.5,199.0,6770200
2019-02-27,200.0,200.0,198.0,199.0,5587200
2019-02-28,199.5,199.5,197.0,197.5,4045100
2019-03-01,197.0,197.5,195.5,196.5,4184900
2019-03-04,195.0,196.0,194.0,194.5,4393900
2019-03-05,194.0,195.0,193.0,193.5,5501100
2019-03-06,193.0,193.0,189.5,189.5,8990700
2019-03-07,189.5,192.0,189.0,192.0,6236200
2019-03-08,192.5,194.0,192.0,193.0,6841000
2019-03-11,193.5,194.0,192.5,192.5,2688600
2019-03-12,192.5,193.5,192.0,193.0,2714800
2019-03-13,193.0,193.0,191.0,192.5,4166400
2019-03-14,192.5,193.0,191.5,192.5,2938600
2019-03-15,192.0,192.5,189.0,189.0,9215500
2019-03-18,189.5,190.0,188.5,189.0,3874100
2019-03-19,189.5,191.5,189.0,191.0,7306000
2019-03-20,191.0,192.5,191.0,191.5,3086500
2019-03-21,192.5,193.0,191.5,191.5,3705100
2019-03-22,191.5,193.0,191.5,193.0,7046400
2019-03-25,191.5,192.0,189.5,190.5,6222900
2019-03-26,191.0,193.0,190.5,192.5,4428400
2019-03-27,192.5,193.5,192.0,192.0,4115100
2019-03-28,191.0,191.5,186.5,188.0,16697100
2019-03-29,188.5,189.0,187.5,187.5,6734400
2019-04-01,188.5,189.0,186.5,186.5,6820500
2019-04-02,187.5,189.0,187.0,189.0,4828500
2019-04-03,189.5,190.0,188.0,189.5,3698000
2019-04-04,190.0,190.5,189.0,189.0,3020300
2019-04-05,190.0,191.0,189.5,190.0,3251300
2019-04-09,191.5,193.0,191.0,193.0,6297400
2019-04-10,193.0,193.5,192.5,193.0,3677600
2019-04-11,190.5,191.0,189.5,190.5,5236900
2019-04-12,190.0,191.0,190.0,191.0,2751100
2019-04-17,191.0,191.5,190.5,191.5,6107500
2019-04-18,191.5,193.0,190.5,193.0,5582200
2019-04-19,193.0,193.0,190.0,190.0,6268200
2019-04-22,190.0,191.0,190.0,190.5,2616700
2019-04-23,190.5,191.5,190.0,191.5,2797600
2019-04-24,192.0,193.0,191.0,193.0,6896900
2019-04-25,192.5,193.5,192.5,193.0,3603400
2019-04-26,193.5,193.5,190.5,190.5,4723300
2019-04-29,190.0,190.5,188.5,190.0,5322800
2019-04-30,189.5,191.5,189.5,191.0,3182000
2019-05-02,191.5,193.0,191.5,192.5,4274300
2019-05-03,192.0,193.0,191.5,192.5,3222200
2019-05-07,191.0,191.5,190.0,190.5,5006100
2019-05-08,190.0,190.0,188.0,188.5,5981900
2019-05-09,188.0,188.5,187.5,187.5,5083100
2019-05-10,188.0,188.5,186.0,187.0,5096400
2019-05-13,187.0,188.0,186.5,187.0,3232700
2019-05-14,187.0,188.0,186.0,187.5,5220500
2019-05-15,188.0,189.5,187.5,187.5,5280400
2019-05-16,188.0,189.0,186.5,186.5,6148600
2019-05-17,187.0,188.0,186.0,186.0,4307500
2019-05-21,187.0,188.0,186.5,188.0,5082100
2019-05-22,188.0,189.5,188.0,189.0,4520100
2019-05-23,188.5,190.5,187.5,187.5,5958400
2019-05-24,188.0,190.0,188.0,189.0,4091200
2019-05-27,189.5,190.0,189.0,189.5,3790800
2019-05-28,190.0,190.5,186.5,186.5,23047600
2019-05-29,187.0,188.0,182.5,183.5,8172300
2019-05-30,183.5,186.5,183.5,184.5,4707400
2019-05-31,184.5,186.5,184.0,186.5,6210300
2019-06-04,187.0,190.0,186.5,190.0,7178600
2019-06-05,191.0,193.0,191.0,192.5,10636100
2019-06-06,192.5,193.0,191.5,192.5,3636800
2019-06-07,192.5,192.5,191.0,191.0,1982800
2019-06-10,191.5,192.5,191.0,192.0,4016800
2019-06-11,192.5,193.5,191.5,193.0,4307500
2019-06-12,193.0,193.5,192.5,193.5,3065600
2019-06-13,193.5,194.0,192.5,193.5,3283600
2019-06-14,194.0,194.0,192.5,193.5,3063800
2019-06-17,193.0,193.5,191.0,191.5,4333200
2019-06-18,191.0,192.0,187.5,190.0,13675900
2019-06-19,191.5,193.0,191.0,192.5,7222300
2019-06-20,193.0,194.0,192.5,193.5,4594800
2019-06-21,193.5,193.5,191.0,192.0,7131400
2019-06-24,192.5,192.5,189.5,190.5,6138400
2019-06-25,190.0,192.5,189.5,191.0,5800800
2019-06-26,189.5,190.0,188.5,188.5,12345500
2019-06-27,189.0,189.5,188.0,188.5,6302200
2019-06-28,188.0,189.0,188.0,188.0,5288500
2019-07-01,189.5,191.0,188.5,188.5,6817000
2019-07-02,188.5,189.5,188.0,188.5,3797000
2019-07-03,188.5,189.5,188.0,189.0,3524300
2019-07-04,189.0,190.0,187.0,187.0,7623900
2019-07-05,187.0,188.0,187.0,187.5,2385300
2019-07-08,187.0,188.0,186.0,187.0,4352000
2019-07-09,186.5,187.5,186.5,186.5,3169900
2019-07-10,187.0,189.0,187.0,188.5,5012600
2019-07-11,189.5,190.0,187.5,187.5,6218900
2019-07-12,188.5,189.0,187.5,188.0,7905400
2019-07-15,187.5,188.0,185.0,185.5,8036500
2019-07-17,184.5,185.0,183.5,183.5,6457300
2019-07-18,183.0,183.5,180.0,180.0,13115100
2019-07-19,181.5,183.0,180.0,180.0,11335800
2019-07-22,180.0,180.5,178.5,179.0,8070500
2019-07-23,178.5,179.5,177.0,177.0,12349700
2019-07-24,178.0,178.5,177.5,178.5,4556700
2019-07-25,178.5,179.0,177.0,177.0,4639200
2019-07-26,177.0,177.0,174.0,174.5,11245200
2019-07-30,175.0,175.5,172.0,172.0,7282300
2019-07-31,172.0,173.5,172.0,172.5,5191900
2019-08-01,172.0,173.0,172.0,173.0,5193400
2019-08-02,172.5,176.0,172.5,176.0,9460800
2019-08-05,175.0,175.5,172.5,172.5,7810200
2019-08-06,172.0,175.0,170.5,173.5,8382500
2019-08-07,173.5,174.5,166.0,167.5,21156200
2019-08-08,168.0,168.0,164.5,165.5,14988200
2019-08-09,165.5,167.5,165.0,165.5,13768900
2019-08-13,165.0,166.5,163.5,164.0,10215200
2019-08-14,165.5,166.0,155.0,155.0,26843600
2019-08-15,155.0,157.5,154.0,155.0,22646600
2019-08-16,156.0,158.5,156.0,157.5,15120800
2019-08-19,159.0,161.5,158.5,161.0,13202900
2019-08-20,162.0,162.5,157.5,158.0,8219500
2019-08-21,159.0,159.5,155.0,155.5,13168000
2019-08-22,156.0,157.0,154.5,156.0,10722200
2019-08-23,157.0,159.5,156.5,159.5,6367200
2019-08-26,156.5,157.5,155.5,157.0,5558700
2019-08-27,156.5,157.0,152.5,154.0,11360100
2019-08-28,155.0,157.0,155.0,155.5,5487200
2019-08-29,156.0,158.0,156.0,158.0,3832400
2019-08-30,160.0,161.0,159.0,160.0,8329400
2019-09-02,160.5,161.0,159.5,160.0,4056900
2019-09-03,159.5,160.0,155.5,156.5,6497000
2019-09-04,156.0,158.0,155.0,156.0,8260900
2019-09-05,157.5,159.5,157.0,159.0,6095900
2019-09-06,160.5,162.0,158.5,158.5,5634400
2019-09-09,159.0,160.5,158.5,160.5,4737000
2019-09-10,162.0,165.5,161.0,165.5,14919600
2019-09-11,167.0,169.0,166.5,169.0,12040900
2019-09-12,173.0,174.5,169.5,169.5,13722000
2019-09-13,170.0,170.5,165.0,165.5,14024300
2019-09-16,165.0,165.0,160.5,163.0,9784200
2019-09-17,161.5,162.0,160.0,160.5,13487900
2019-09-18,161.5,164.5,161.0,164.0,10788100
2019-09-19,165.0,166.0,163.0,165.0,6707900
2019-09-20,165.0,166.0,162.0,165.0,11808000
2019-09-23,164.0,164.5,162.5,162.5,4578500
2019-09-24,161.0,164.0,159.5,162.0,6574000
2019-09-25,160.5,162.0,160.0,161.5,6229400
2019-09-26,162.0,162.0,158.5,159.5,8258700
2019-09-27,160.0,161.0,158.5,161.0,6585800
2019-09-30,160.5,160.5,156.5,156.5,9584800
2019-10-01,157.0,158.0,155.5,157.0,7239800
2019-10-02,155.5,156.0,152.0,152.0,14744600
2019-10-03,150.5,152.5,150.0,150.5,13402700
2019-10-04,150.5,151.0,148.5,148.5,8696000
2019-10-07,149.5,152.0,149.0,151.5,5319800
2019-10-08,153.0,153.5,150.5,150.5,4081900
2019-10-09,149.5,150.5,148.5,149.5,7456700
2019-10-10,149.0,149.5,147.0,148.0,5194700
2019-10-11,148.5,148.5,146.5,147.5,6035500
2019-10-15,148.5,151.5,148.0,151.0,9608000
2019-10-16,152.0,154.5,152.0,153.5,8720100
2019-10-17,154.0,156.0,154.0,156.0,8267000
2019-10-18,156.0,156.5,151.5,153.0,7757300
2019-10-21,153.0,153.5,148.5,150.0,9245800
2019-10-22,150.0,150.0,148.0,149.0,5356700
2019-10-24,143.5,145.5,136.0,138.0,32903200
2019-10-25,138.0,140.0,135.5,136.5,21582200
2019-10-28,136.5,137.0,134.5,136.0,10427700
2019-10-29,136.0,136.0,130.5,131.0,21510100
2019-10-30,132.0,137.0,131.5,136.0,26934300
2019-10-31,136.5,142.0,136.5,139.0,23434800
2019-11-01,139.0,140.5,138.5,139.0,7991400
2019-11-04,141.0,144.0,140.5,142.5,12973300
2019-11-05,145.5,146.0,144.0,146.0,16157600
2019-11-06,147.0,151.5,145.5,148.0,29218100
2019-11-07,149.5,151.0,147.5,151.0,12432200
2019-11-08,153.0,153.0,150.5,152.5,9304200
2019-11-11,151.0,151.5,148.0,148.0,10834500
2019-11-12,148.5,152.0,148.5,151.5,8727100
2019-11-13,150.5,151.5,149.0,149.5,6865500
2019-11-14,149.5,150.0,148.0,149.0,9522900
2019-11-15,150.5,151.5,149.0,149.0,6685200
2019-11-18,149.5,149.5,145.5,146.5,9171000
2019-11-19,146.0,149.0,144.5,149.0,8432000
2019-11-20,147.5,150.0,147.0,147.0,7116800
2019-11-21,146.5,149.5,145.5,149.5,6953400
2019-11-22,149.5,154.0,149.0,153.0,10956300
2019-11-25,154.5,157.5,154.0,156.0,17123300
2019-11-26,155.5,156.5,154.0,155.5,14775800
2019-11-27,155.0,156.0,154.5,155.5,5923900
2019-11-28,156.0,158.0,155.0,157.5,6758800
2019-11-29,156.5,157.0,153.0,155.0,9369800
2019-12-02,155.5,155.5,150.0,151.5,9919900
2019-12-03,151.5,153.0,151.0,152.0,4374000
2019-12-04,150.5,151.0,146.0,147.0,14314700
2019-12-06,147.0,149.0,144.5,147.0,14762600
2019-12-09,148.0,148.5,145.5,148.0,4725000
2019-12-11,146.5,146.5,142.0,142.0,16502900
2019-12-12,143.0,143.5,139.5,140.0,16833700
2019-12-13,143.5,146.5,143.0,145.5,18335700
2019-12-16,145.5,145.5,142.5,142.5,4373000
2019-12-17,143.5,147.0,142.0,145.5,7708200
2019-12-18,146.0,148.5,146.0,148.5,8679000
2019-12-19,148.0,149.5,146.0,148.5,8037700
2019-12-20,148.5,149.5,147.5,149.5,7820900
2019-12-23,149.5,151.0,149.0,149.5,4531100
2019-12-24,150.0,150.5,148.0,148.0,7222400
2019-12-25,147.5,151.0,147.0,151.0,4195900
2019-12-26,151.0,151.5,149.5,150.0,4141800
2019-12-27,151.0,151.5,149.0,150.0,5252500
2019-12-30,150.0,152.0,150.0,151.0,4281100
2020-01-02,151.5,153.5,150.5,153.5,4994500
2020-01-03,153.0,154.5,151.5,152.5,5490800
2020-01-06,146.5,147.0,143.5,143.5,20065700
2020-01-07,145.0,146.5,141.0,143.0,17782000
2020-01-08,140.0,140.5,138.5,140.0,16559900
2020-01-09,142.0,142.5,137.0,138.5,17901700
2020-01-10,139.0,140.0,136.5,137.5,14664700
2020-01-13,138.0,138.5,135.0,136.0,13672700
2020-01-14,135.5,135.5,132.0,133.0,17895800
2020-01-15,132.5,135.5,131.5,131.5,18789100
2020-01-16,132.0,138.5,131.0,138.0,26639200
2020-01-17,141.0,143.0,141.0,141.5,20187700
2020-01-20,136.0,137.5,134.0,135.0,18087700
2020-01-21,137.5,140.0,137.0,139.0,19675300
2020-01-22,140.0,141.5,139.5,140.0,7487000
2020-01-23,139.0,141.5,138.5,141.5,32623500
2020-01-24,142.5,143.0,140.0,141.0,10347800
2020-01-27,139.5,140.5,135.0,135.5,9451800
2020-01-28,135.0,138.0,134.0,135.5,8792500
2020-01-29,136.5,137.0,131.0,133.5,16621100
2020-01-30,131.5,142.0,131.0,141.5,24659900
2020-01-31,144.0,144.0,140.0,140.5,13727000
2020-02-03,140.0,141.5,138.0,138.0,8896500
2020-02-04,138.0,139.5,138.0,138.5,7450000
2020-02-05,139.0,140.5,137.0,139.5,12028000
2020-02-06,140.5,144.0,139.0,143.0,11865600
2020-02-07,144.5,144.5,142.0,143.5,6201100
2020-02-11,143.5,144.0,140.0,141.0,9066300
2020-02-12,142.0,144.0,141.5,142.5,10590200
2020-02-13,143.0,143.0,141.0,143.0,6192800
2020-02-14,144.5,145.0,142.5,143.5,9868300
2020-02-17,143.0,144.0,143.0,144.0,4749200
2020-02-18,143.0,143.0,140.0,140.0,11930100
2020-02-19,140.5,142.0,138.0,139.0,10882300
2020-02-20,139.0,139.0,133.5,134.0,18707800
2020-02-21,133.0,134.5,133.0,134.5,7423300
2020-02-24,133.5,134.0,129.5,129.5,14870700
2020-02-25,130.0,130.5,125.5,128.0,16958000
2020-02-26,125.0,125.5,115.0,115.5,36936800
2020-02-27,116.5,122.5,116.5,122.5,24057600
2020-02-28,113.0,122.0,113.0,119.0,21719000
2020-03-02,120.5,124.0,120.0,122.0,19876600
2020-03-03,123.0,126.0,123.0,123.5,15539000
2020-03-04,122.0,124.5,120.0,122.5,10878900
2020-03-05,124.0,125.5,121.5,122.5,9719500
2020-03-06,120.5,121.0,116.5,117.0,14277300
2020-03-09,112.0,113.5,105.5,107.0,16474200
2020-03-10,107.0,110.5,106.5,107.0,12160800
2020-03-11,107.0,109.5,104.0,105.5,13894800
2020-03-12,98.0,98.75,94.5,95.5,22962500
2020-03-13,86.0,100.5,84.75,95.5,27966900
2020-03-16,88.25,92.25,87.0,87.75,15084200
2020-03-17,86.5,89.25,86.0,86.0,16193700
2020-03-18,88.0,88.75,85.5,87.25,16103700
2020-03-19,86.75,88.0,86.0,86.5,15540200
2020-03-20,90.0,94.75,87.5,93.0,15805400
2020-03-23,82.0,84.5,79.25,79.25,17947300
2020-03-24,82.5,83.0,79.0,79.0,17142300
2020-03-25,81.5,82.75,79.75,81.5,15671700
2020-03-26,80.5,85.75,80.5,84.0,19245800
2020-03-27,87.0,93.5,86.75,89.25,28582200
2020-03-30,85.0,85.0,85.0,85.0,1562500
2020-03-31,88.0,92.25,87.5,91.5,18809300
2020-04-01,90.75,91.75,88.25,88.25,14474100
2020-04-02,88.0,89.5,86.0,89.5,14329800
2020-04-03,89.0,89.25,86.5,87.75,13181500
2020-04-07,92.0,96.5,90.5,95.75,20920200
2020-04-08,95.25,103.0,94.25,100.0,27756300
2020-04-09,97.0,101.0,95.5,97.5,22777600
2020-04-10,97.0,97.0,93.5,95.0,7441800
2020-04-13,94.0,96.0,94.0,95.0,5028700
2020-04-14,96.0,98.75,95.5,98.75,9245400
2020-04-15,99.75,101.5,95.5,95.5,11697300
2020-04-16,94.75,96.75,94.25,96.5,7515100
2020-04-17,99.75,101.0,96.5,99.0,13200900
2020-04-20,100.0,105.0,99.25,103.5,19985300
2020-04-21,101.0,101.0,97.0,97.0,17942300
2020-04-22,93.25,93.5,90.0,90.25,31340700
2020-04-23,90.5,92.5,90.25,90.5,14071000
2020-04-24,90.5,91.0,88.0,88.5,14397600
2020-04-27,89.0,89.25,86.0,86.25,13870900
2020-04-28,85.75,86.5,83.5,84.25,26081400
2020-04-29,84.75,85.75,83.75,84.0,20747300
2020-04-30,84.5,87.0,84.0,86.25,33184300
2020-05-05,86.0,87.5,85.5,86.5,16987000
2020-05-07,86.25,86.75,83.25,83.25,16947700
2020-05-08,83.75,84.5,83.5,83.5,6692800
2020-05-11,84.25,86.25,84.25,85.0,8942600
2020-05-12,84.75,85.0,84.0,84.25,14080100
2020-05-13,84.25,85.25,84.0,85.25,7892000
2020-05-14,84.75,84.75,84.0,84.25,4952800
2020-05-15,84.0,84.25,82.75,82.75,10395800
2020-05-18,83.0,83.75,82.25,82.25,9259600
2020-05-19,84.25,87.75,84.0,87.0,26622000
2020-05-20,88.0,88.5,87.0,88.0,16666600
2020-05-21,88.5,88.5,86.75,87.25,12975400
2020-05-22,86.75,86.75,84.75,85.5,12036200
2020-05-25,86.0,87.5,86.0,87.0,5999300
2020-05-26,87.75,89.25,87.5,88.25,13289000
2020-05-27,89.25,91.75,89.25,90.5,26095900
2020-05-28,94.25,96.25,94.25,96.0,38821500
2020-05-29,95.0,96.0,94.0,96.0,21773100
2020-06-01,97.0,99.5,96.75,97.75,20529200
2020-06-02,99.0,100.5,98.5,100.0,22900800
2020-06-04,105.0,115.0,104.5,115.0,53256900
2020-06-05,119.0,120.0,115.0,117.0,33996600
2020-06-08,117.5,117.5,112.5,114.0,19463100
2020-06-09,114.0,118.5,111.0,113.0,26018000
2020-06-10,114.5,117.0,114.0,116.5,23181600
2020-06-11,114.5,115.5,110.5,112.0,19658200
2020-06-12,107.5,109.0,107.0,107.5,20000700
2020-06-15,104.0,104.5,98.0,98.0,35063300
2020-06-16,104.0,104.5,99.0,99.0,30227200
2020-06-17,98.25,101.5,97.0,99.75,19243200
2020-06-18,96.5,98.25,95.25,97.75,26829900
2020-06-19,97.0,97.25,95.0,95.75,19896900
2020-06-22,89.25,92.5,89.25,89.25,65244600
2020-06-23,89.75,91.0,88.75,89.0,40562800
2020-06-24,90.0,92.5,90.0,90.25,35723400
2020-06-25,89.75,92.25,89.5,92.25,24137900
2020-06-26,92.75,93.0,90.75,91.0,15789600
2020-06-29,90.0,93.0,90.0,92.75,16833100
2020-06-30,93.75,94.75,93.25,93.25,19695700
2020-07-01,93.5,94.5,92.5,94.25,13498700
2020-07-02,95.0,96.0,94.0,95.25,17088800
2020-07-03,94.75,95.25,92.5,92.5,17671100
2020-07-07,94.0,94.0,90.75,90.75,13937900
2020-07-08,90.75,93.5,90.75,92.75,14622200
2020-07-09,93.25,94.0,92.5,92.5,9928800
2020-07-10,92.0,92.75,91.0,91.5,11346500
2020-07-13,92.0,92.25,89.75,90.0,8199400
2020-07-14,89.0,91.75,88.75,91.5,13394300
2020-07-15,92.5,93.5,91.5,92.0,12546000
2020-07-16,91.75,92.0,90.75,91.25,9095400
2020-07-17,91.0,91.5,90.0,90.25,9002600
2020-07-20,90.25,90.25,86.75,87.0,34755100
2020-07-21,87.75,89.25,87.25,87.5,19514600
2020-07-22,87.0,87.25,86.0,86.25,12082000
2020-07-23,86.25,87.75,86.0,86.75,13491100
2020-07-24,86.0,86.25,85.5,85.75,9490600
2020-07-29,85.75,86.0,82.25,83.0,26130500
2020-07-30,83.5,84.75,82.5,82.5,13854300
2020-07-31,80.25,81.25,79.75,81.0,28828600
2020-08-03,80.5,83.0,80.0,82.25,18877700
2020-08-04,83.0,84.75,82.75,83.0,13091500
2020-08-05,84.0,84.25,82.5,83.0,13253200
2020-08-06,82.75,84.0,82.75,83.25,8996700
2020-08-07,83.25,83.75,82.75,83.0,6604800
2020-08-10,84.0,84.25,82.75,82.75,6893000
2020-08-11,83.5,86.25,83.25,85.25,25089400
2020-08-13,87.25,91.75,87.0,91.5,54642900
2020-08-14,91.0,91.25,88.5,89.0,19871500
2020-08-17,89.25,89.75,87.25,87.75,18287000
2020-08-18,88.0,89.5,87.75,89.25,18629700
2020-08-19,89.75,89.75,86.75,87.75,22279300
2020-08-20,86.25,87.0,85.5,85.75,16490400
2020-08-21,86.5,86.75,85.5,85.5,5366300
2020-08-24,86.25,86.5,82.75,83.25,26790200
2020-08-25,84.75,87.75,84.75,86.0,22393200
2020-08-26,86.5,86.75,84.75,86.0,12859700
2020-08-27,85.75,86.25,84.75,85.5,9261300
2020-08-28,86.75,88.5,86.5,86.75,24574200
2020-08-31,87.25,88.0,84.0,84.25,27106800
2020-09-01,84.5,85.0,82.25,82.75,17959600
2020-09-02,83.0,83.5,82.0,83.5,14094300
2020-09-03,83.75,84.0,82.25,82.25,10596400
2020-09-08,82.0,82.5,81.25,81.5,11234800
2020-09-09,80.75,82.75,80.5,82.75,14118200
2020-09-10,82.5,83.0,81.5,82.25,7555700
2020-09-11,82.25,83.0,81.5,81.5,11559200
2020-09-14,82.0,82.0,80.5,80.75,10349300
2020-09-15,81.5,81.5,80.5,81.0,8801600
2020-09-16,80.75,80.75,79.25,79.75,15542600
2020-09-17,80.0,80.25,78.5,78.5,19895600
2020-09-18,79.5,80.5,79.25,80.25,16626400
2020-09-21,80.0,80.5,78.5,79.0,14201500
2020-09-22,78.0,78.25,76.0,76.5,18257500
2020-09-23,76.75,77.25,74.25,74.25,23323700
2020-09-24,73.5,77.5,73.0,75.75,27881100
2020-09-25,77.0,77.5,75.5,76.0,14695400
2020-09-28,77.25,79.75,77.0,79.5,15505800
2020-09-29,79.25,79.75,77.75,78.0,13139400
2020-09-30,78.25,79.25,76.75,77.0,16232500
2020-10-01,77.5,78.5,77.25,77.75,17506500
2020-10-02,77.5,77.75,75.0,75.75,17375800
2020-10-05,76.0,77.5,75.25,75.5,9769100
2020-10-06,76.0,76.0,73.75,75.0,23749400
2020-10-07,75.0,75.25,74.0,74.75,14715100
2020-10-08,75.0,76.5,75.0,75.5,19422700
2020-10-09,75.75,76.25,75.25,75.25,12523200
2020-10-12,75.25,76.0,75.0,75.0,17522800
2020-10-14,74.0,74.25,72.0,72.25,38576600
2020-10-15,71.75,74.0,71.0,73.0,33749400
2020-10-16,73.75,74.0,72.5,73.25,18079100
2020-10-19,73.0,73.0,70.0,70.75,25974800
2020-10-20,71.75,73.75,71.75,73.25,25171600
2020-10-21,74.5,76.0,74.25,75.75,37083200
2020-10-22,75.25,76.0,74.25,75.25,16607100
2020-10-26,75.5,75.5,74.5,74.5,10842000
2020-10-27,74.5,74.75,73.5,74.25,19190700
2020-10-28,74.75,75.75,74.5,75.0,15392700
2020-10-29,74.25,76.75,74.0,76.5,19818900
2020-10-30,76.25,76.75,75.0,76.25,20199300
2020-11-02,76.0,76.75,75.25,76.5,12113600
2020-11-03,77.5,78.0,76.5,78.0,29357800
2020-11-04,78.75,79.0,76.75,76.75,18793800
2020-11-05,77.0,78.5,76.25,78.5,38784600
2020-11-06,78.25,81.75,77.25,80.25,52524900
2020-11-09,81.5,81.75,80.0,80.5,30661400
2020-11-10,87.0,94.75,85.75,94.25,118683700
2020-11-11,96.0,98.0,91.25,93.0,92492000
2020-11-12,91.25,91.5,88.25,90.25,75201300
2020-11-13,91.5,95.75,91.0,94.25,76412000
2020-11-16,96.0,96.5,94.0,94.75,33619700
2020-11-17,94.25,95.5,93.0,94.0,50343100
2020-11-18,93.0,95.0,92.0,94.5,40797900
2020-11-19,94.0,97.5,93.75,97.5,63456700
2020-11-20,99.25,107.0,97.5,106.0,101381600
2020-11-23,106.0,108.0,104.0,108.0,41678600
2020-11-24,110.0,110.0,105.0,105.5,40313900
2020-11-25,109.0,114.5,107.5,114.5,61907300
2020-11-26,112.5,115.0,111.5,114.5,37486500
2020-11-27,114.0,114.5,113.0,113.5,18929900
2020-11-30,112.5,113.5,110.0,110.0,36533300
2020-12-01,112.0,114.5,111.5,112.5,25805200
2020-12-02,112.5,114.0,111.5,111.5,33769200
2020-12-03,112.5,116.0,112.0,115.5,33792300
2020-12-04,116.0,117.5,115.5,116.5,23449100
2020-12-08,117.0,126.0,116.5,123.0,67949000
2020-12-09,122.5,126.5,120.5,121.5,54503200
2020-12-14,121.0,122.5,116.5,117.0,47227100
2020-12-15,117.0,117.5,113.0,117.0,40969800
2020-12-16,119.0,120.5,117.5,120.5,26393200
2020-12-17,120.0,122.0,120.0,121.5,19187900
2020-12-18,121.5,121.5,118.5,119.0,24695900
2020-12-21,112.5,115.5,110.0,110.0,55067900
2020-12-22,112.5,115.0,111.0,115.0,32724500
2020-12-23,115.0,115.5,112.5,112.5,19831100
2020-12-24,113.0,115.5,112.0,115.5,19122800
2020-12-25,115.5,116.5,114.0,116.0,9632800
2020-12-28,116.0,116.0,111.5,111.5,17195100
2020-12-29,112.0,115.0,112.0,115.0,13475500
2020-12-30,116.0,116.0,112.0,113.0,13312200
2021-01-04,110.0,113.0,110.0,113.0,21941800
2021-01-05,113.0,114.5,111.5,114.0,16063700
2021-01-06,115.0,120.0,113.5,116.5,42352500
2021-01-07,123.0,123.0,120.5,122.5,45568300
2021-01-08,123.5,124.0,121.0,121.5,22647800
2021-01-11,121.0,121.5,119.5,120.0,12177600
2021-01-12,120.0,120.0,118.0,119.5,14571600
2021-01-13,120.0,123.0,119.5,121.5,19836100
2021-01-14,120.0,121.5,119.0,119.5,12534300
2021-01-15,119.5,120.0,117.0,118.0,14866900
2021-01-18,116.5,117.0,115.0,115.5,16749100
2021-01-19,116.5,117.5,114.0,115.0,24200700
2021-01-20,116.0,116.5,114.5,116.0,13909500
2021-01-21,121.0,125.5,120.5,125.0,67323100
2021-01-22,126.0,130.0,125.5,129.0,46009700
2021-01-25,127.0,128.0,124.0,126.5,24126800
2021-01-26,126.5,128.5,124.5,127.5,22020200
2021-01-27,127.0,128.0,125.0,125.5,20591200
2021-01-28,124.5,124.5,122.0,122.5,23668400
2021-01-29,126.5,128.5,124.0,127.0,43115600
2021-02-01,127.5,133.0,127.0,132.0,33845200
2021-02-02,135.0,135.0,130.5,131.0,22938300
2021-02-03,134.0,135.0,132.0,133.5,30346200
2021-02-04,134.5,137.0,132.0,135.0,23766300
2021-02-05,136.5,138.0,136.0,138.0,17134200
2021-02-08,139.5,147.0,138.5,147.0,43852600
2021-02-09,147.0,148.5,144.5,146.0,29688500
2021-02-10,146.0,146.5,142.5,144.5,18244200
2021-02-11,144.5,146.0,142.5,145.0,10893800
2021-02-15,145.5,145.5,142.0,143.0,14396400
2021-02-16,146.0,146.5,143.0,143.5,14893400
2021-02-17,143.5,147.5,143.0,146.5,18069000
2021-02-18,146.5,146.5,143.0,143.5,13568500
2021-02-19,142.0,142.5,138.5,141.0,20132900
2021-02-22,140.0,141.0,136.5,136.5,16186600
2021-02-23,141.5,142.0,138.5,139.5,15223500
2021-02-24,140.5,141.0,137.0,138.5,16828200
2021-02-25,141.0,143.0,139.5,141.5,30423200
2021-03-01,143.5,144.5,142.0,141.5,16362100
2021-03-02,145.0,145.5,143.5,143.5,9558900
2021-03-03,144.5,147.0,143.0,147.0,18050900
2021-03-04,145.5,146.5,144.0,144.5,14627000
2021-03-05,144.5,150.5,143.5,149.5,33955700
2021-03-08,152.0,153.0,148.0,148.5,17795300
2021-03-09,148.0,148.0,145.5,148.0,14450600
2021-03-10,146.0,149.5,144.5,149.5,20868100
2021-03-11,151.5,152.0,149.5,150.5,15871400
2021-03-12,150.5,151.0,147.0,147.0,15997600
2021-03-15,147.5,148.0,145.0,145.5,12424800
2021-03-16,145.5,146.5,144.5,145.0,13289700
2021-03-17,145.5,147.5,145.0,147.0,11453500
2021-03-18,148.5,149.5,147.0,147.5,17827700
2021-03-19,147.0,147.5,146.5,147.5,9148200
2021-03-22,147.5,147.5,145.5,145.5,8724800
2021-03-23,145.0,146.0,144.0,144.5,15152200
2021-03-24,143.0,145.0,143.0,145.0,14161200
2021-03-25,145.5,147.5,144.0,146.0,15870400
2021-03-26,146.5,146.5,144.5,146.5,5654300
2021-03-29,147.0,147.0,145.5,146.5,5007600
2021-03-30,146.5,147.5,146.0,147.0,4908100
2021-03-31,147.0,147.5,145.0,145.0,10384600
2021-04-01,145.0,148.5,145.0,148.0,20643500
2021-04-02,149.5,149.5,146.5,147.0,7814300
2021-04-05,147.0,147.5,145.0,145.0,6154000
2021-04-07,144.5,145.0,143.0,143.0,12075900
2021-04-08,142.0,145.0,141.5,143.0,11431800
2021-04-09,143.5,144.0,143.0,143.0,6526800
2021-04-12,141.0,141.5,138.0,138.5,18151500
2021-04-16,136.0,136.5,133.0,134.5,33938200
2021-04-19,135.5,137.0,134.5,137.0,20513200
2021-04-20,135.0,142.0,132.5,140.0,37233200
2021-04-21,139.5,140.5,138.0,140.0,21384700
2021-04-22,141.5,141.5,136.5,137.0,26798000
2021-04-23,134.5,135.5,131.0,132.0,40418200
2021-04-26,131.0,133.0,130.0,131.5,23961600
2021-04-27,132.0,133.0,130.5,131.0,19776600
2021-04-28,131.5,132.5,130.0,131.5,22396600
2021-04-29,132.5,135.0,131.5,134.5,18439400
2021-04-30,134.5,134.5,131.5,132.0,19217700
2021-05-05,130.0,130.5,125.5,126.0,49519900
2021-05-06,125.5,128.0,124.5,127.0,28116600
2021-05-07,127.5,127.5,124.0,125.0,31950900
2021-05-10,126.5,127.0,125.0,125.5,17734700
2021-05-11,124.5,126.0,124.5,125.0,21780100
2021-05-12,119.0,121.0,118.5,119.5,50400500
2021-05-13,117.5,122.5,116.5,122.5,35416700
2021-05-14,124.0,124.5,120.5,121.0,23396700
2021-05-17,120.0,122.5,119.0,122.0,27396200
2021-05-18,124.0,124.5,122.0,124.0,15847200
2021-05-19,123.0,123.5,121.0,122.0,15066500
2021-05-20,122.0,123.5,121.0,122.0,19972500
2021-05-21,121.5,122.0,120.0,120.5,18864200
2021-05-24,120.5,121.0,118.5,118.5,19909300
2021-05-25,119.5,124.0,119.0,124.0,29952600
2021-05-27,125.0,125.5,121.5,121.5,172607800
2021-05-28,123.0,123.0,119.5,119.5,44942800
2021-05-31,119.0,120.0,118.0,119.0,17790100
2021-06-01,120.0,123.0,119.5,122.5,34284100
2021-06-02,120.0,121.5,119.0,119.5,47747700
2021-06-04,119.0,120.5,118.5,118.5,67315600
2021-06-07,119.5,121.5,119.5,121.0,30478500
2021-06-08,123.0,125.0,122.5,124.5,48686900
2021-06-09,125.5,129.0,125.0,128.0,70033900
2021-06-10,130.5,130.5,126.5,127.5,51261200
2021-06-11,128.5,129.0,127.0,129.0,22388700
2021-06-14,130.0,130.0,129.0,130.0,19016800
2021-06-15,129.5,130.0,124.0,125.0,42926600
2021-06-16,124.0,125.5,123.5,124.5,20873600
2021-06-17,124.0,125.5,124.0,124.5,19588100
2021-06-18,124.5,125.0,122.5,123.5,24032000
2021-06-21,121.5,122.0,120.5,121.0,19662500
2021-06-22,122.5,123.5,120.5,121.0,20940300
2021-06-23,121.5,122.0,120.0,120.0,12556300
2021-06-24,119.0,120.0,118.0,119.5,31362400
2021-06-25,120.5,120.5,119.0,120.0,18315000
2021-06-28,118.5,119.5,118.5,119.0,18598300
2021-06-29,119.0,121.0,118.0,118.5,38490100
2021-06-30,119.0,119.5,118.0,118.0,17941400
2021-07-01,118.5,123.0,118.0,122.0,37864400
2021-07-02,121.0,121.5,117.5,118.5,44752500
2021-07-05,118.0,118.5,116.0,116.5,29731300
2021-07-06,117.0,118.5,117.0,118.0,15758400
2021-07-07,117.0,118.0,116.0,117.0,16924800
2021-07-08,115.0,115.5,111.5,111.5,43764200
2021-07-09,111.0,115.0,110.5,114.0,25070200
2021-07-12,114.5,115.5,113.5,114.5,15312400
2021-07-13,115.5,117.0,115.0,116.5,12880600
2021-07-14,115.5,116.0,113.5,114.5,16390700
2021-07-15,115.0,116.5,114.0,115.0,17646500
2021-07-16,115.0,116.5,114.5,114.5,15477100
2021-07-19,113.5,113.5,112.5,112.5,12716200
2021-07-20,112.0,112.5,108.5,109.0,40612700
2021-07-21,110.5,110.5,104.0,105.0,71657900
2021-07-22,106.0,108.5,105.5,107.0,42651700
2021-07-23,107.0,107.0,104.5,105.5,18627300
2021-07-27,105.5,106.0,102.5,103.5,26836700
2021-07-29,103.0,104.0,102.5,103.5,20481500
2021-07-30,102.5,103.0,101.5,103.0,25449900
2021-08-02,102.5,102.5,101.0,102.0,12247200
2021-08-03,102.0,105.5,101.5,105.5,24357500
2021-08-04,104.5,105.5,103.5,105.5,14346200
2021-08-05,105.0,105.5,104.0,104.5,10467700
2021-08-06,104.0,105.0,103.5,104.5,10852100
2021-08-09,105.0,109.0,104.5,108.5,20844700
2021-08-10,108.0,108.5,106.5,107.0,18934300
2021-08-11,107.0,107.5,104.5,105.0,22060500
2021-08-13,103.0,104.0,102.0,103.5,21311500
2021-08-16,103.0,105.5,103.0,105.0,12115600
2021-08-17,105.5,108.0,105.0,107.5,22590000
2021-08-18,106.5,107.0,105.5,106.5,14668800
2021-08-19,106.0,107.0,105.5,106.0,20605800
2021-08-20,106.0,108.5,106.0,108.5,20241200
2021-08-23,115.5,118.5,113.5,118.0,72051700
2021-08-24,118.5,119.0,116.5,118.0,43903600
2021-08-25,118.0,121.5,117.5,121.0,50710100
2021-08-26,121.0,121.0,118.0,119.5,32451900
2021-08-27,119.5,123.0,119.5,123.0,42106500
2021-08-30,124.5,126.0,121.5,123.5,54987700
2021-08-31,123.0,124.0,121.5,123.0,30990300
2021-09-01,122.5,123.0,121.0,121.5,23832100
2021-09-02,121.5,123.5,120.5,123.5,20259300
2021-09-03,123.5,124.0,121.5,122.5,15556800
2021-09-06,123.0,123.5,121.0,122.0,8435400
2021-09-07,122.0,122.0,118.0,118.5,25787600
2021-09-08,118.0,119.5,117.0,119.5,18361500
2021-09-09,119.0,122.5,118.5,122.0,31167900
2021-09-10,121.5,122.0,120.5,121.0,12912600
2021-09-13,121.5,124.0,120.5,122.0,19375200
2021-09-14,123.5,123.5,122.5,122.5,14893600
2021-09-15,122.5,123.0,122.0,122.0,11429500
2021-09-16,122.5,123.0,122.0,123.0,11329700
2021-09-17,123.0,124.5,121.5,122.0,29743900
2021-09-20,121.0,122.0,118.5,118.5,27464900
2021-09-21,119.5,121.5,119.0,121.0,17773200
2021-09-22,123.0,123.0,121.5,122.0,20371000
2021-09-23,131.0,132.5,126.0,131.0,149568200
2021-09-27,135.5,140.0,134.0,135.0,128168200
2021-09-28,134.5,135.0,131.5,133.0,46376200
2021-09-29,131.5,137.5,131.0,137.5,65513500
2021-09-30,137.0,137.0,132.5,133.5,39347300
2021-10-01,133.5,134.5,132.5,134.5,24913900
2021-10-04,134.5,137.5,133.5,137.0,31786800
2021-10-05,136.0,138.5,135.0,137.5,33265100
2021-10-06,138.0,138.0,136.0,136.0,20866900
2021-10-07,136.0,142.0,136.0,141.5,58858400
2021-10-08,142.0,143.0,139.5,140.0,32605900
2021-10-11,141.0,141.5,137.5,138.5,32455300
2021-10-12,140.5,141.5,140.0,140.5,21075700
2021-10-14,141.5,141.5,139.0,140.5,20049000
2021-10-15,141.5,143.0,141.0,142.5,34578800
2021-10-18,143.5,145.0,143.0,145.0,33799400
2021-10-19,145.5,145.5,140.0,141.0,44077600
2021-10-20,141.5,143.0,140.0,142.5,25306900
2021-10-21,143.5,143.5,141.5,141.5,21738000
2021-10-25,141.0,141.5,140.0,141.0,28468200
2021-10-26,141.0,141.5,138.5,139.5,27098500
2021-10-27,139.5,140.0,138.0,139.0,17043400
2021-10-28,139.0,139.0,137.0,138.0,13726800
2021-10-29,138.0,141.0,137.5,141.0,18619700
2021-11-01,140.5,141.0,139.5,141.0,14800100
2021-11-02,141.0,142.5,139.5,142.0,22759100
2021-11-03,142.0,143.0,141.5,142.0,23579400
2021-11-04,142.5,148.5,141.5,147.5,81136400
2021-11-05,147.0,147.5,145.0,147.0,29704700
2021-11-08,148.0,150.0,147.5,149.0,37142200
2021-11-09,149.0,149.5,147.0,148.5,21757200
2021-11-10,148.0,148.5,147.5,148.0,10844500
2021-11-11,149.0,149.0,147.5,149.0,13556000
2021-11-12,149.5,149.5,148.0,148.0,21149200
2021-11-15,148.5,149.0,148.0,148.0,6023000
2021-11-16,148.5,149.0,147.0,147.5,22830100
2021-11-17,148.0,151.0,147.5,149.5,21733400
2021-11-18,149.5,150.0,149.0,149.0,9498500
2021-11-19,149.5,150.5,146.0,146.5,32479900
2021-11-22,147.0,148.0,146.5,147.0,11346200
2021-11-23,147.5,148.0,143.5,143.5,25256200
2021-11-24,144.0,146.0,144.0,144.0,15339800
2021-11-25,146.5,147.5,145.5,147.0,21150100
2021-11-26,145.5,146.5,141.5,142.5,44001300
2021-11-29,140.0,140.5,136.0,136.5,62555900
2021-11-30,137.5,138.0,129.5,132.0,120359500
2021-12-01,134.0,136.0,132.5,135.0,47261500
2021-12-02,133.0,134.0,132.0,134.0,29663000
2021-12-03,133.5,134.5,133.0,134.0,12797200
2021-12-07,135.5,137.5,134.0,137.5,32452600
2021-12-08,138.0,138.5,136.5,137.5,20477300
2021-12-09,138.0,139.0,137.5,139.0,21850500
2021-12-13,139.0,139.5,138.0,139.0,15257000
2021-12-14,137.5,139.0,136.0,139.0,24439400
2021-12-15,139.0,139.0,137.5,138.5,9606800
2021-12-16,140.0,143.0,139.5,143.0,35090000
2021-12-17,142.0,142.0,140.0,141.0,25509700
2021-12-20,138.5,139.0,136.5,136.5,25759100
2021-12-21,137.5,138.5,136.0,137.0,13216000
2021-12-22,137.5,139.0,137.0,137.0,10364200
2021-12-23,138.0,139.5,137.5,138.5,10638100
2021-12-24,138.5,138.5,137.5,138.0,3485100
2021-12-27,138.5,139.0,137.5,138.0,5978800
2021-12-28,138.5,141.5,138.5,141.0,17644900
2021-12-29,141.0,142.5,140.5,142.0,20210900
2021-12-30,142.5,142.5,140.5,142.0,14043800
2022-01-04,143.0,146.0,143.0,145.5,29820800
2022-01-05,146.0,147.0,144.5,146.0,34852000
2022-01-06,146.0,146.0,141.5,142.5,35290400
2022-01-07,142.0,143.0,141.5,142.5,23769900
2022-01-10,143.0,144.0,142.0,143.0,24845300
2022-01-11,142.5,143.5,142.0,143.5,12020300
2022-01-12,144.5,144.5,143.0,144.0,14343200
2022-01-13,144.0,145.5,143.5,145.0,19841600
2022-01-14,144.5,145.5,143.5,145.0,12568200
2022-01-17,144.0,145.0,143.5,144.5,16039800
2022-01-18,145.0,147.5,143.5,144.0,48928500
2022-01-19,143.5,144.0,140.5,141.0,35561800
2022-01-20,141.0,142.0,140.5,141.0,18825700
2022-01-21,140.0,140.5,139.0,140.0,25530400
2022-01-24,139.5,141.0,139.5,140.0,10308900
2022-01-25,140.5,144.0,140.0,143.5,36418200
2022-01-26,144.5,148.5,144.0,147.5,37695200
2022-01-27,145.5,148.0,145.0,147.5,38022300
2022-01-28,148.5,149.0,147.0,148.0,25643400
2022-01-31,148.0,150.5,148.0,149.5,23467200
2022-02-01,150.5,151.0,149.5,150.5,19178700
2022-02-02,151.0,151.0,149.5,150.5,13797000
2022-02-03,150.0,151.5,150.0,150.5,11478300
2022-02-04,151.0,153.0,150.5,152.0,31421500
2022-02-07,152.5,152.5,150.0,152.0,20035700
2022-02-08,152.0,155.0,152.0,154.5,34695000
2022-02-09,155.5,162.5,155.0,162.5,64885400
2022-02-10,164.0,168.0,162.0,166.5,90016600
2022-02-11,164.5,168.5,164.0,168.0,54325400
2022-02-14,167.0,168.5,166.0,168.0,32033100
2022-02-15,168.5,170.5,167.0,170.5,23893700
2022-02-17,172.0,175.0,169.0,170.5,52119500
2022-02-18,169.5,172.0,168.0,169.0,35239500
2022-02-21,168.0,169.5,164.5,165.0,42864700
2022-02-22,162.5,165.0,161.5,164.5,31605000
2022-02-23,166.0,169.5,166.0,168.5,33402400
2022-02-24,167.0,167.5,162.0,163.0,50186300
2022-02-25,165.0,166.0,162.5,163.5,33025800
2022-02-28,162.5,165.0,161.5,163.5,24989300
2022-03-01,165.0,165.5,162.5,163.0,24475600
2022-03-02,162.0,162.5,160.0,160.5,28754100
2022-03-03,163.5,166.0,161.5,162.0,27839200
2022-03-04,160.5,162.5,160.5,161.0,14552900
2022-03-07,156.5,157.0,153.0,154.0,35287300
2022-03-08,153.5,156.5,148.5,156.0,45795000
2022-03-09,157.5,160.0,155.0,159.5,45095300
2022-03-10,161.5,161.5,156.0,157.0,37124600
2022-03-11,155.5,157.0,154.5,157.0,20021300
2022-03-14,156.5,162.0,156.0,162.0,29282200
2022-03-15,161.0,161.0,158.0,158.5,25037900
2022-03-16,159.5,162.5,159.0,162.5,29978900
2022-03-17,164.0,165.0,162.0,163.0,22740000
2022-03-18,162.5,163.0,160.5,161.5,32104400
2022-03-21,161.0,161.5,157.5,158.5,24005400
2022-03-22,155.5,158.0,155.0,158.0,28070300
2022-03-23,159.5,160.5,158.0,158.0,17347500
2022-03-24,158.0,160.0,158.0,159.0,14578100
2022-03-25,159.5,159.5,158.0,158.5,6731900
2022-03-28,158.5,159.0,157.0,158.0,11646900
2022-03-29,158.5,159.0,157.5,158.5,10271800
2022-03-30,159.0,162.0,159.0,160.0,27035600
2022-03-31,160.0,162.5,160.0,161.5,22721700
2022-04-01,161.0,163.0,160.0,163.0,16631100
2022-04-04,164.5,164.5,160.5,161.0,23428100
2022-04-05,161.5,162.5,160.5,161.5,10320500
2022-04-07,160.0,160.5,157.5,159.5,20437100
2022-04-08,159.5,160.0,157.5,158.5,16760700
2022-04-11,158.0,158.5,156.0,156.5,17371200
2022-04-12,156.0,156.5,155.0,155.5,13641000
2022-04-18,153.0,154.5,152.0,152.0,15231400
2022-04-19,153.0,153.5,152.0,152.5,14201200
2022-04-20,153.5,158.0,153.0,157.5,24706100
2022-04-21,158.5,159.0,154.0,154.5,29054600
2022-04-22,154.5,155.0,152.0,153.5,17700500
2022-04-25,152.0,152.0,150.0,151.0,20727800
2022-04-26,152.0,154.0,152.0,152.5,13895500
2022-04-27,152.5,153.5,151.0,151.5,16013300
2022-04-28,153.5,154.5,152.5,153.5,15987200
2022-04-29,154.0,154.5,152.0,153.0,14499000
2022-05-03,151.5,152.0,150.0,151.0,8178200
2022-05-05,152.5,152.5,147.5,147.5,28138800
2022-05-06,145.0,148.0,144.5,147.0,14129200
2022-05-09,146.0,147.0,145.5,146.5,7678100
2022-05-10,146.0,147.0,144.5,147.0,16769600
2022-05-11,146.5,146.5,144.0,145.5,13086900
2022-05-12,144.0,144.5,141.5,142.5,18012700
2022-05-13,144.0,144.5,141.0,142.0,11506000
2022-05-17,143.0,145.5,142.5,144.5,15726500
2022-05-18,145.0,146.0,142.5,144.0,20337000
2022-05-19,142.0,143.5,142.0,142.0,10974800
2022-05-20,143.5,145.0,143.0,144.5,12285100
2022-05-23,144.5,147.0,143.0,145.5,15849400
2022-05-24,146.0,146.5,144.5,145.0,8908600
2022-05-25,145.5,146.0,143.0,143.0,11613000
2022-05-26,143.5,145.5,143.5,144.5,5621000
2022-05-27,146.0,148.0,145.5,146.5,12935800
2022-05-30,148.0,148.5,147.5,148.0,10122900
2022-05-31,148.0,148.0,146.0,147.0,8563000
2022-06-01,146.5,148.0,146.5,147.0,4667100
2022-06-02,146.5,147.5,146.0,146.5,4104100
2022-06-06,146.5,147.0,144.5,145.5,9330500
2022-06-07,145.0,145.5,144.0,144.0,7287700
2022-06-08,144.5,145.0,144.0,144.5,9014200
2022-06-09,145.5,151.0,144.5,149.5,39637100
2022-06-10,149.0,150.5,148.0,149.5,14753900
2022-06-13,147.5,148.5,147.0,147.0,12710500
2022-06-14,148.0,148.5,146.0,147.5,11541900
2022-06-15,148.0,151.0,147.5,150.0,13754300
2022-06-16,152.5,153.0,147.5,148.0,31681600
2022-06-17,148.0,151.5,147.0,150.0,26742400
2022-06-20,149.5,150.0,146.5,148.5,12629300
2022-06-21,149.5,150.0,148.5,149.5,4245700
2022-06-22,149.0,149.5,147.5,148.0,6898600
2022-06-23,149.0,149.5,147.0,147.5,9891900
2022-06-24,149.0,149.0,147.0,148.0,8773200
2022-06-27,149.5,151.0,149.0,150.0,14129800
2022-06-28,150.5,151.0,149.5,150.5,8036700
2022-06-29,150.0,150.5,149.5,150.0,6584200
2022-06-30,150.5,152.0,150.5,150.5,18369300
2022-07-01,151.5,152.5,151.0,151.5,13094000
2022-07-04,151.0,151.5,149.0,149.5,6822200
2022-07-05,150.0,150.0,147.0,147.5,9077100
2022-07-06,148.0,149.0,146.5,147.5,14026100
2022-07-07,148.0,148.0,144.5,146.0,18372400
2022-07-08,147.0,147.5,143.5,143.5,20688700
2022-07-11,143.5,147.5,143.5,146.0,12562900
2022-07-12,146.0,147.5,145.5,146.5,8696500
2022-07-14,146.5,146.5,144.0,144.5,15797500
2022-07-15,144.5,144.5,137.5,140.0,35224500
2022-07-18,141.0,142.0,140.5,141.0,9860500
2022-07-19,140.0,140.0,137.5,139.0,19719700
2022-07-20,140.5,141.5,138.5,139.5,12552300
2022-07-21,140.5,141.0,137.5,140.5,24686600
2022-07-22,141.5,142.5,139.5,140.0,19224900
2022-07-25,140.0,143.0,140.0,143.0,17687000
2022-07-26,145.0,147.5,144.0,145.0,31370300
2022-07-27,145.0,146.5,144.0,146.0,13729800
2022-08-01,147.0,147.0,144.0,145.0,20233500
2022-08-02,144.0,146.0,144.0,145.0,8895100
2022-08-03,145.0,145.5,143.5,145.0,10206400
2022-08-04,145.5,146.0,144.5,145.0,8230100
2022-08-05,145.0,147.5,144.5,147.0,16607200
2022-08-08,147.5,150.0,147.0,149.5,21750300
2022-08-09,149.5,150.0,148.5,149.5,13887200
2022-08-10,149.5,150.0,147.5,149.0,17503100
2022-08-11,149.5,150.0,147.0,149.0,21050100
2022-08-15,150.0,152.5,149.5,151.5,29387600
2022-08-16,151.5,152.5,151.0,151.5,15818100
2022-08-17,152.0,154.5,151.0,154.0,33554700
2022-08-18,153.0,154.5,153.0,154.0,15416200
2022-08-19,154.0,155.5,153.5,154.0,16906800
2022-08-22,153.5,154.0,152.5,153.5,14559400
2022-08-23,152.5,155.5,152.0,155.0,19938800
2022-08-24,155.0,157.0,154.0,156.0,21238500
2022-08-25,157.0,158.0,156.5,157.5,18704900
2022-08-26,157.5,158.5,156.0,157.0,26521800
2022-08-29,154.5,156.0,154.0,155.0,20463100
2022-08-30,155.0,156.5,155.0,155.5,23149500
2022-08-31,155.5,156.0,153.0,153.5,82612000
2022-09-01,153.0,154.0,151.5,152.5,17355300
2022-09-02,153.0,153.5,151.5,152.0,11854400
2022-09-05,152.0,153.0,151.0,152.5,10361400
2022-09-06,152.5,152.5,150.5,151.0,11672200
2022-09-07,150.5,150.5,147.0,148.0,18978300
2022-09-08,149.0,149.5,147.0,147.0,8312600
2022-09-09,148.0,150.0,148.0,149.0,8646300
2022-09-12,150.0,152.0,150.0,151.0,8259800
2022-09-13,151.5,152.0,150.5,151.0,5614000
2022-09-14,149.5,151.0,149.0,150.0,12294900
2022-09-15,149.5,150.0,148.5,148.5,8773200
2022-09-16,147.5,148.5,147.0,148.0,13324300
2022-09-19,148.0,149.5,148.0,149.5,10168800
2022-09-20,150.0,151.5,150.0,150.5,9069200
2022-09-21,150.5,151.0,149.5,150.0,6501900
2022-09-22,150.0,152.0,149.0,151.0,17417800
2022-09-23,151.0,152.0,149.5,151.5,11784500
2022-09-26,151.0,151.5,149.0,149.5,12446600
2022-09-27,148.5,149.0,144.0,145.0,28587000
2022-09-28,144.5,145.0,143.5,143.5,12503600
2022-09-29,145.0,146.5,144.0,144.5,14830300
2022-09-30,143.5,144.0,142.5,144.0,12203700
2022-10-03,143.0,143.5,140.0,140.5,18278900
2022-10-04,142.5,143.0,142.0,142.5,8037100
2022-10-05,143.5,143.5,141.5,142.0,16290700
2022-10-06,142.5,144.0,142.5,142.5,16147500
2022-10-07,143.0,143.5,142.0,143.0,6795100
2022-10-10,142.0,142.5,141.5,142.0,4895100
2022-10-11,142.0,143.5,141.0,143.5,7807500
2022-10-12,143.5,145.0,143.5,144.0,7743600
2022-10-17,144.0,145.5,143.5,145.5,12222600
2022-10-18,146.0,147.0,145.5,146.5,10067500
2022-10-19,147.0,148.5,146.5,148.0,8631600
2022-10-20,147.5,149.0,147.0,148.5,8832900
2022-10-21,146.5,148.0,145.5,146.0,18401000
2022-10-25,144.5,144.5,140.5,141.5,44883200
2022-10-26,142.0,142.0,140.0,141.5,18221700
2022-10-27,142.0,143.0,141.0,143.0,14530500
2022-10-28,143.0,143.5,142.0,142.5,9927500
2022-10-31,143.5,146.5,143.0,146.0,17752800
2022-11-01,147.5,147.5,145.5,146.5,11550400
2022-11-02,147.0,147.5,145.5,147.0,9627600
2022-11-03,147.0,149.5,146.5,149.5,14693000
2022-11-04,149.0,149.5,148.0,148.5,12164700
2022-11-07,149.0,149.5,148.0,148.0,5119300
2022-11-08,149.0,149.5,148.0,148.5,5572100
2022-11-09,149.5,150.0,147.5,147.5,9537100
2022-11-10,146.5,149.0,146.0,148.0,10168200
2022-11-11,149.0,149.5,147.5,148.0,12981500
2022-11-14,146.0,147.0,144.0,144.5,17568200
2022-11-15,144.5,146.0,144.5,144.5,13430800
2022-11-16,144.5,145.0,144.0,145.0,9768600
2022-11-17,145.0,145.0,143.0,143.5,10765400
2022-11-18,143.5,143.5,142.0,143.0,9257400
2022-11-21,143.0,143.5,142.0,142.5,10003000
2022-11-22,142.5,144.0,142.5,143.5,5287300
2022-11-23,143.5,143.5,142.5,143.0,6272600
2022-11-24,143.5,144.0,143.0,143.5,2776000
2022-11-25,143.5,144.5,143.0,143.5,5736300
2022-11-28,142.5,143.5,141.5,143.5,7093400
2022-11-29,143.5,146.0,143.0,145.5,11822300
2022-11-30,145.0,145.0,144.0,144.5,15367800
2022-12-01,144.5,145.0,144.0,144.0,10183900
2022-12-02,143.5,144.0,142.5,142.5,9242700
2022-12-06,141.5,142.0,141.0,142.0,17252200
2022-12-07,142.0,144.0,142.0,142.5,10374900
2022-12-08,142.5,143.0,142.0,142.0,3485800
2022-12-09,143.0,143.0,142.0,143.0,3369700
2022-12-13,144.0,144.0,143.0,143.5,5276000
2022-12-14,144.0,144.0,142.0,142.0,7011700
2022-12-15,142.5,143.5,142.0,143.0,7665200
2022-12-16,143.0,143.5,142.5,143.5,6835200
2022-12-19,144.0,144.0,143.5,144.0,3687200
2022-12-20,144.0,144.0,143.0,143.0,6398700
2022-12-21,143.5,144.5,143.0,144.5,5608700
2022-12-22,145.0,145.5,144.0,145.0,7344700
2022-12-23,144.0,144.5,143.0,144.0,7343700
2022-12-26,143.5,144.5,143.5,144.5,1967400
2022-12-27,144.5,146.0,144.0,145.5,10670900
2022-12-28,145.5,146.5,145.0,146.0,7965800
2022-12-29,146.0,147.0,145.0,147.0,7432000
2022-12-30,147.5,148.5,147.0,147.5,11883900
2023-01-03,148.0,149.5,147.0,149.0,12819900
2023-01-04,149.0,151.5,149.0,151.5,23013800
2023-01-05,152.5,154.0,150.5,151.0,24460700
2023-01-06,152.0,154.0,151.5,153.0,12682900
2023-01-09,154.5,155.0,153.0,154.5,11927300
2023-01-10,155.0,155.5,153.5,155.5,17718600
2023-01-11,155.0,155.5,154.0,155.0,17711400
2023-01-12,156.0,157.5,155.5,156.5,20051500
2023-01-13,157.0,157.5,155.0,155.0,18387900
2023-01-16,155.0,156.0,154.5,155.0,7472200
2023-01-17,155.0,156.0,152.5,153.0,10526500
2023-01-18,152.0,153.0,151.0,152.5,13143100
2023-01-19,151.0,154.0,151.0,153.5,11863500
2023-01-20,148.0,148.0,144.5,144.5,80177900
2023-01-23,144.5,145.0,143.0,143.5,32340900
2023-01-24,144.5,145.5,143.5,143.5,19023300
2023-01-25,144.0,144.5,143.0,143.5,14087700
2023-01-26,145.0,146.0,144.5,145.5,19218500
2023-01-27,147.0,148.5,146.0,147.5,33619000
2023-01-30,148.0,148.5,146.0,146.0,16260600
2023-01-31,146.0,146.0,144.0,145.0,15253100
2023-02-01,145.0,146.0,144.0,144.5,20549600
2023-02-02,144.5,145.5,144.0,144.0,12019500
2023-02-03,144.5,145.0,143.5,144.0,9404500
2023-02-06,143.5,144.5,143.5,144.0,7686100
2023-02-07,144.0,144.5,143.5,143.5,6622200
2023-02-08,143.5,144.5,143.5,143.5,6119200
2023-02-09,143.5,144.5,143.0,144.5,11073600
2023-02-10,144.5,145.0,143.0,143.0,17659200
2023-02-13,142.5,144.0,142.5,143.5,4902000
2023-02-14,144.0,144.0,142.5,142.5,8930300
2023-02-15,142.5,142.5,141.0,141.5,15552600
2023-02-16,141.0,141.5,138.5,139.5,17409800
2023-02-17,138.5,139.0,137.5,138.0,10688700
2023-02-20,138.5,140.5,138.0,139.0,24619100
2023-02-21,139.0,139.5,135.0,139.5,46616800
2023-02-22,138.5,139.0,136.5,136.5,25070300
2023-02-23,137.0,137.0,135.5,137.0,22549600
2023-02-24,136.5,138.0,135.5,135.5,19320800
2023-02-27,136.0,136.5,135.5,136.0,14053500
2023-02-28,136.5,138.5,136.5,137.0,17083500
2023-03-01,137.5,138.0,136.5,136.5,10113200
2023-03-02,137.0,138.0,136.5,137.0,10567900
2023-03-03,137.5,139.5,137.0,139.5,14731300
2023-03-07,140.0,141.0,139.5,141.0,14537600
2023-03-08,139.5,140.0,137.5,137.5,21648400
2023-03-09,137.5,139.0,137.0,137.5,15200200
2023-03-10,135.5,136.0,135.5,136.0,12942300
2023-03-13,135.0,135.5,128.0,128.0,56562800
2023-03-14,126.0,129.5,126.0,126.5,46179200
2023-03-15,129.5,132.0,129.0,131.5,23488200
2023-03-16,128.5,131.0,127.5,129.5,24639200
2023-03-17,132.0,133.0,130.5,132.0,22377000
2023-03-20,132.0,132.0,128.0,129.5,20431100
2023-03-21,130.5,132.5,129.5,132.0,9063800
2023-03-22,132.5,133.5,130.0,130.5,16576100
2023-03-23,130.0,132.5,129.5,131.5,11535800
2023-03-24,132.0,132.5,130.5,131.5,10935700
2023-03-27,131.5,132.5,130.5,132.5,10882600
2023-03-28,133.5,135.0,133.5,134.0,17597700
2023-03-29,134.5,135.0,133.0,134.5,14065100
2023-03-30,134.5,135.5,133.0,133.5,10793000
2023-03-31,134.0,134.5,132.0,132.5,10153300
2023-04-03,133.0,134.5,132.5,133.0,18048900
2023-04-04,133.0,133.5,131.0,131.5,11939100
2023-04-05,131.0,131.5,129.5,129.5,23722100
2023-04-07,130.0,131.0,129.5,130.0,5557400
2023-04-10,130.5,133.5,130.5,132.0,12080700
2023-04-11,133.0,135.5,132.5,135.0,13572700
2023-04-12,135.0,137.0,134.0,136.0,18986900
2023-04-17,132.0,135.0,132.0,133.5,24363400
2023-04-18,133.5,133.5,132.0,132.5,13896300
2023-04-19,132.0,133.0,131.5,131.5,11454500
2023-04-20,129.0,129.5,125.0,126.0,57337400
2023-04-21,127.0,129.5,126.5,128.5,28781200
2023-04-24,129.0,129.5,127.0,127.5,12123600
2023-04-25,128.0,128.0,125.5,126.0,16610500
2023-04-26,126.0,127.5,126.0,127.0,9901200
2023-04-27,126.5,127.0,126.0,126.5,8874200
2023-04-28,127.0,127.0,125.0,125.0,12027700
2023-05-02,126.0,128.0,125.5,127.5,10861100
2023-05-03,127.0,127.5,126.0,127.0,7847300
2023-05-08,129.0,130.0,128.0,129.5,13755700
2023-05-09,131.0,133.5,130.5,133.5,20310300
2023-05-10,133.0,135.0,132.0,134.0,26268000
2023-05-11,133.0,135.5,133.0,134.5,19905400
2023-05-12,135.0,136.0,134.5,135.5,16193800
2023-05-15,137.0,138.0,136.0,137.0,19738800
2023-05-16,137.5,137.5,134.5,135.5,11009800
2023-05-17,135.5,136.0,133.0,133.5,12199300
2023-05-18,134.0,135.5,134.0,134.0,7613100
2023-05-19,134.0,134.5,132.0,132.5,9206500
2023-05-22,132.0,133.0,131.0,133.0,11774100
2023-05-23,132.0,134.5,131.5,134.5,14054700
2023-05-24,134.5,136.5,134.0,136.0,10664600
2023-05-25,135.5,135.5,134.0,134.5,6313800
2023-05-26,134.0,134.5,132.0,132.5,9061100
2023-05-29,133.0,133.5,132.0,132.5,7822900
2023-05-30,132.0,132.5,129.5,130.0,15526100
2023-05-31,128.5,130.5,128.5,129.5,13444700
2023-06-01,130.0,130.0,128.5,129.0,8398000
2023-06-02,130.0,132.0,130.0,131.5,8615700
2023-06-06,132.5,133.0,131.5,132.0,8675700
2023-06-07,132.5,133.0,131.0,132.0,5541200
2023-06-08,131.5,133.5,131.5,133.5,17507000
2023-06-09,133.0,133.5,132.0,132.5,13800200
2023-06-12,132.5,132.5,131.0,132.0,9171900
2023-06-13,132.0,133.0,131.5,132.5,7523300
2023-06-14,132.5,133.5,132.0,132.5,8632100
2023-06-15,132.5,132.5,130.0,130.5,13865900
2023-06-16,131.0,131.5,129.5,130.5,10174500
2023-06-19,130.0,130.5,129.0,130.0,8716400
2023-06-20,130.5,132.0,129.5,130.0,10755000
2023-06-21,129.5,130.5,129.0,130.0,3330400
2023-06-22,130.0,130.5,128.5,129.5,8862700
2023-06-23,129.5,130.0,129.0,130.0,4305400
2023-06-26,129.5,130.5,129.0,130.0,3910500
2023-06-27,129.5,130.0,128.5,129.0,5602800
2023-06-28,130.0,130.0,127.5,127.5,14270900
2023-06-29,127.0,129.5,124.5,128.0,23063300
2023-06-30,128.0,130.0,127.5,129.5,9146200
2023-07-03,130.0,131.5,129.5,131.0,5991600
2023-07-04,131.5,134.0,131.0,133.5,17572600
2023-07-05,133.5,134.5,133.0,134.5,12627000
2023-07-06,134.0,134.0,131.5,131.5,8498100
2023-07-07,130.5,131.0,129.0,129.5,13766300
2023-07-10,129.5,131.0,129.0,130.5,5826400
2023-07-11,131.5,132.5,130.5,131.5,9784600
2023-07-12,131.5,132.5,130.0,130.5,9077000
2023-07-13,130.5,132.0,130.0,131.5,9351600
2023-07-14,131.0,133.0,131.0,132.5,6062800
2023-07-17,133.5,135.0,133.0,134.5,11676600
2023-07-18,134.5,136.0,134.5,135.5,12962700
2023-07-19,136.0,136.5,133.5,134.5,12191000
2023-07-20,134.5,135.0,133.0,133.5,13522100
2023-07-21,134.5,135.0,128.0,129.0,59361500
2023-07-24,128.0,128.5,124.0,124.5,73322100
2023-07-25,125.0,126.0,124.0,124.5,35579300
2023-07-26,125.0,125.5,122.5,123.0,49651600
2023-07-27,123.0,125.0,121.5,125.0,41538600
2023-07-31,125.5,126.5,125.0,126.0,10071500
2023-08-02,126.0,127.0,125.0,125.5,35647800
2023-08-03,125.0,125.0,122.0,123.0,38202700
2023-08-04,123.0,123.5,121.5,122.0,32405300
2023-08-07,122.0,124.0,121.5,123.0,25523900
2023-08-08,123.5,124.0,122.5,123.0,15788400
2023-08-09,123.5,127.0,123.0,127.0,27330500
2023-08-10,126.5,127.5,125.5,127.0,23640500
2023-08-11,127.0,128.5,126.5,128.0,31472400
2023-08-15,128.5,128.5,126.0,127.0,24542700
2023-08-16,126.5,126.5,125.0,126.5,15387400
2023-08-17,126.5,128.0,125.5,127.5,17287600
2023-08-18,127.0,129.0,126.5,128.5,23842200
2023-08-21,128.5,130.0,128.0,129.0,15082300
2023-08-22,130.5,130.5,129.0,130.0,32173400
2023-08-23,132.0,133.0,130.5,132.5,45981300
2023-08-24,132.5,133.5,130.5,131.0,15806200
2023-08-25,130.5,132.0,130.0,132.0,8597300
2023-08-28,132.5,133.0,132.0,133.0,11938200
2023-08-29,133.0,133.0,132.0,132.0,7723100
2023-08-30,131.0,131.5,130.0,131.5,19936900
2023-08-31,131.0,131.5,130.5,130.5,7282400
2023-09-01,130.5,131.5,129.5,129.5,8893300
2023-09-04,130.5,131.5,130.0,130.5,5908200
2023-09-05,130.5,131.0,129.5,130.0,3390800
2023-09-06,130.0,131.5,130.0,131.0,11847000
2023-09-07,131.5,131.5,130.0,130.5,7478200
2023-09-08,130.5,131.0,129.5,129.5,5561500
2023-09-11,129.5,130.5,129.0,129.5,5295300
2023-09-12,129.5,129.5,128.5,128.0,5937100
2023-09-13,128.0,130.0,128.0,128.5,7323500
2023-09-14,129.0,131.5,129.0,131.0,11127200
2023-09-15,131.5,132.0,130.5,130.5,5470200
2023-09-18,130.0,130.5,128.5,129.0,6384200
2023-09-19,129.0,129.5,126.5,127.0,11914800
2023-09-20,127.0,128.5,126.5,128.0,6017200
2023-09-21,128.0,128.5,127.0,127.0,7035300
2023-09-22,127.0,127.0,124.5,126.0,21964100
2023-09-25,126.0,127.0,125.5,125.5,9641800
2023-09-26,126.0,126.0,122.5,123.0,20103100
2023-09-27,123.5,124.5,123.0,124.5,10265300
2023-09-28,125.0,126.0,124.0,124.5,14055400
2023-09-29,125.0,127.5,125.0,126.0,15262100
2023-10-02,126.5,127.0,125.0,126.0,6154200
2023-10-03,125.0,126.5,124.0,126.5,11465400
2023-10-04,125.0,127.5,125.0,127.0,7614500
2023-10-05,127.5,128.0,126.0,126.5,6187600
2023-10-06,127.0,128.0,126.5,127.0,8701800
2023-10-09,126.5,128.0,126.5,127.0,6626700
2023-10-10,128.0,128.0,126.0,126.5,5742400
2023-10-11,126.5,128.0,126.0,128.5,11387000
2023-10-12,128.0,129.0,127.0,127.5,7814800
2023-10-16,126.5,127.0,125.0,126.0,9299600
2023-10-17,126.5,127.5,126.0,127.0,5444800
2023-10-18,126.5,128.0,126.5,127.0,4616700
2023-10-19,126.5,127.0,125.5,126.5,5251700
2023-10-20,129.0,129.0,127.5,129.0,26293800
2023-10-24,129.5,131.0,129.0,130.5,21656300
2023-10-25,131.5,133.5,130.5,133.0,27787000
2023-10-26,133.0,133.0,129.0,129.5,18766100
2023-10-27,130.5,132.5,129.5,132.0,15257500
2023-10-30,131.5,132.5,130.5,132.5,12582700
2023-10-31,133.0,133.0,131.0,131.5,8622300
2023-11-01,131.5,133.0,131.0,132.5,11985800
2023-11-02,133.0,133.5,132.0,132.5,11594300
2023-11-03,133.0,134.5,132.5,133.5,12270200
2023-11-06,134.0,134.0,132.0,132.0,10098000
2023-11-07,131.5,133.5,130.5,131.5,12180700
2023-11-08,132.0,133.5,131.0,133.0,8140400
2023-11-09,133.0,133.0,131.0,131.5,10413400
2023-11-10,131.0,132.5,130.5,131.5,11100200
2023-11-13,131.5,132.0,130.5,131.5,6976700
2023-11-14,132.0,133.0,131.5,132.0,8217500
2023-11-15,133.0,133.0,132.0,132.0,11937900
2023-11-16,132.5,132.5,131.5,132.0,3640200
2023-11-17,131.5,133.5,131.5,133.0,9088200
2023-11-20,133.0,133.0,131.0,131.0,10738000
2023-11-21,131.5,132.5,131.0,131.5,5116700
2023-11-22,132.0,132.5,131.0,132.0,5049900
2023-11-23,132.5,133.0,131.5,131.5,2592900
2023-11-24,132.0,132.5,131.5,132.0,1784900
2023-11-27,131.5,133.0,131.0,132.5,7812500
2023-11-28,133.0,133.5,132.0,133.0,4734300
2023-11-29,133.0,133.5,131.0,131.5,5497500
2023-11-30,131.5,131.5,127.5,128.0,22967000
2023-12-01,129.0,130.0,128.0,129.5,5984500
2023-12-04,129.5,130.0,129.0,129.0,3708300
2023-12-06,129.0,130.0,127.0,127.5,12307100
2023-12-07,127.0,128.5,127.0,127.5,6581200
2023-12-08,128.0,128.5,127.0,127.0,5340800
2023-12-12,128.0,128.5,127.0,128.0,11685300
2023-12-13,128.0,128.0,126.0,126.0,5779700
2023-12-14,127.0,129.5,127.0,128.5,8669600
2023-12-15,129.0,130.5,128.5,130.5,16546756
2023-12-18,130.0,131.0,128.0,130.5,7656700
2023-12-19,130.5,130.5,129.5,130.5,6829400
2023-12-20,131.0,131.5,130.5,131.0,5655500
2023-12-21,131.0,132.0,131.0,131.5,4003100
2023-12-22,131.5,132.0,131.0,131.5,2516100
2023-12-25,131.5,132.0,130.5,131.0,2429800
2023-12-26,131.0,132.5,131.0,132.0,8046700
2023-12-27,132.5,133.5,132.0,133.0,9791600
2023-12-28,133.5,135.0,133.0,135.0,17458500
2024-01-03,134.0,135.0,134.0,135.0,4784300
2024-01-04,134.0,135.0,133.0,134.5,8464700
2024-01-05,133.5,136.0,133.5,136.0,14446000
2024-01-08,135.5,135.5,132.0,132.0,10643100
2024-01-09,133.0,134.0,132.0,132.5,13149900
2024-01-10,132.0,132.0,128.5,129.5,21866600
2024-01-11,129.5,130.5,128.5,129.0,11470900
2024-01-12,130.0,132.5,129.5,132.5,15393400
2024-01-15,132.5,132.5,131.0,131.5,6441900
2024-01-16,131.0,131.5,130.5,130.5,7334700
2024-01-17,130.5,132.0,130.0,131.0,12070900
2024-01-18,131.0,131.5,129.0,129.0,11877800
2024-01-19,129.0,129.0,125.0,125.5,32356800
2024-01-22,122.0,123.5,119.0,120.5,58475500
2024-01-23,120.5,122.5,120.5,121.0,23943600
2024-01-24,121.5,122.5,121.0,122.0,25774500
2024-01-25,122.5,124.0,122.0,123.0,17840400
2024-01-26,123.0,123.5,121.5,122.0,18282300
2024-01-29,122.0,122.5,120.5,122.0,13611800
2024-01-30,122.5,122.5,121.0,121.5,6765500
2024-01-31,121.0,121.0,119.0,120.0,16204200
2024-02-01,120.0,121.5,119.5,119.5,7526800
2024-02-02,120.5,122.0,120.0,121.5,10659719
2024-02-05,122.0,122.5,121.0,121.5,5282600
2024-02-06,121.5,123.0,121.0,122.0,6822600
2024-02-07,123.5,124.5,123.0,123.5,12010400
2024-02-08,123.5,124.0,120.5,120.5,20377900
2024-02-09,120.5,121.0,118.5,119.5,14682200
2024-02-12,120.5,121.5,120.0,121.0,4636000
2024-02-13,121.5,122.0,120.5,120.5,7101200
2024-02-14,120.0,121.5,120.0,120.5,7319700
2024-02-15,120.5,120.5,118.5,119.0,14722600
2024-02-16,120.0,120.5,118.5,120.0,6754800
2024-02-19,120.0,120.5,119.0,119.5,6096200
2024-02-20,120.0,121.5,119.5,121.5,8158200
2024-02-21,122.5,124.0,122.0,124.0,19677900
2024-02-22,123.5,125.0,123.0,124.5,11831000
2024-02-23,125.0,126.0,122.5,124.0,11119400
2024-02-27,124.0,125.0,122.5,123.0,10264200
2024-02-28,122.5,123.5,121.5,123.0,5852100
2024-02-29,123.5,124.0,122.5,123.0,8951100
2024-03-01,124.5,126.0,123.5,123.5,22618200
2024-03-04,123.5,124.0,122.0,124.0,10229900
2024-03-05,123.5,124.5,122.5,123.5,6172800
2024-03-06,123.0,124.0,122.5,122.5,10531400
2024-03-07,122.5,123.5,122.0,122.0,8976700
2024-03-08,122.0,123.5,121.5,123.5,5679100
2024-03-11,123.5,123.5,122.0,122.0,5426300
2024-03-12,122.0,122.0,122.0,122.0,0
2024-03-13,123.5,124.0,122.5,123.5,7626800
2024-03-14,124.0,125.0,122.5,125.0,18934200
2024-03-15,125.0,125.0,125.0,125.0,0
2024-03-18,125.5,125.5,124.0,124.0,10391300
2024-03-19,124.5,126.0,124.5,124.5,15051300
2024-03-20,124.5,124.5,124.5,124.5,0
2024-03-21,125.0,125.0,123.5,123.5,10506600
2024-03-22,123.5,123.5,123.5,123.5,0
2024-03-25,124.0,124.5,122.0,122.0,9077000
2024-03-26,122.0,122.0,122.0,122.0,0
2024-03-27,124.5,125.5,124.5,124.5,4494400
2024-03-28,125.0,125.0,123.5,124.0,4531700
2024-03-29,124.5,125.0,124.0,124.0,2387600
2024-04-01,124.5,125.0,124.0,124.0,2957000
2024-04-02,124.0,124.0,121.5,122.5,14686500
2024-04-03,122.5,123.5,121.5,122.5,8869800
2024-04-04,122.5,122.5,122.5,122.5,0
2024-04-05,122.5,124.0,122.0,124.0,5047200
2024-04-09,124.0,124.0,124.0,124.0,0
2024-04-10,125.5,126.5,124.5,126.0,12710600
2024-04-11,126.0,128.0,125.5,126.5,12508800
2024-04-17,126.5,126.5,126.5,126.5,0
2024-04-18,126.5,126.5,126.5,126.5,0
2024-04-19,126.5,126.5,126.5,126.5,0
2024-04-22,122.5,124.5,121.5,124.0,24477100
2024-04-23,125.0,130.0,125.0,125.0,35033400
2024-04-24,125.0,125.0,125.0,125.0,0
2024-04-25,127.0,127.5,126.0,126.5,14254000
2024-04-26,127.0,130.0,126.5,129.0,32814800
2024-04-29,129.5,130.5,129.0,129.5,12864300
2024-04-30,129.5,129.5,129.5,129.5,0
2024-05-02,129.5,129.5,129.5,129.5,0
2024-05-03,130.5,131.0,130.0,131.0,8217600
2024-05-07,131.0,131.0,131.0,131.0,0
2024-05-08,132.5,134.0,132.5,132.5,13797800
2024-05-09,132.5,134.0,132.5,133.0,9130000
2024-05-10,133.0,134.0,133.0,133.5,5466200
2024-05-13,133.5,133.5,132.0,133.0,8724000
2024-05-14,132.5,133.5,130.5,132.0,11784400
2024-05-15,132.5,132.5,131.5,131.5,6686600
2024-05-16,131.5,131.5,131.5,131.5,0
2024-05-17,133.5,134.0,133.0,134.0,8410300
2024-05-20,134.0,134.0,134.0,134.0,0
2024-05-21,134.0,134.0,134.0,134.0,0
2024-05-23,134.0,135.0,134.0,134.0,5172900
2024-05-24,134.0,134.0,134.0,134.0,0
2024-05-27,134.0,134.0,134.0,134.0,0
2024-05-28,134.0,134.0,133.0,133.5,4385400
2024-05-29,133.5,134.0,132.5,132.5,4856000
2024-05-30,132.5,132.5,132.5,132.5,0
2024-05-31,132.5,132.5,132.5,132.5,0
2024-06-04,132.0,132.0,129.5,130.0,5076500
2024-06-05,130.0,130.0,130.0,130.0,0
2024-06-06,129.0,129.0,127.5,128.0,8262000
2024-06-07,128.0,128.0,128.0,128.0,0
2024-06-10,128.5,128.5,127.0,127.5,4431700
2024-06-11,127.5,127.5,127.5,127.5,0
2024-06-12,125.5,127.5,125.0,126.0,6057400
2024-06-13,127.0,130.0,127.0,129.0,11664800
2024-06-14,130.0,130.5,129.0,130.0,5284900
2024-06-17,130.0,130.0,130.0,130.0,0
2024-06-18,130.0,130.0,130.0,130.0,0
2024-06-19,130.0,130.0,130.0,130.0,0
2024-06-20,124.5,125.0,123.5,124.5,10183000
2024-06-21,124.5,125.5,123.5,125.0,7480800
2024-06-24,125.0,125.0,125.0,125.0,0
2024-06-25,125.0,125.0,125.0,125.0,0
2024-06-26,125.0,125.0,125.0,125.0,0
2024-06-27,126.0,127.0,125.5,126.0,7505700
2024-06-28,127.0,127.0,125.5,125.5,8598700
2024-07-01,125.5,125.5,125.5,125.5,0
2024-07-02,125.5,125.5,125.5,125.5,0
2024-07-03,124.5,126.0,124.0,126.0,9635000
2024-07-04,127.0,128.0,126.5,127.5,6182400
2024-07-05,127.5,130.0,127.5,129.5,8329000
2024-07-08,129.0,130.0,128.5,130.0,6597300
2024-07-09,130.0,130.0,130.0,130.0,0
2024-07-10,130.0,130.0,130.0,130.0,0
2024-07-11,130.0,130.0,130.0,130.0,0
2024-07-12,130.0,130.0,130.0,130.0,0
2024-07-15,130.0,130.0,130.0,130.0,0
2024-07-16,126.0,126.5,125.0,125.5,6116700
2024-07-17,125.5,125.5,125.5,125.5,0
2024-07-18,127.5,128.5,127.5,127.5,8199900
2024-07-19,127.5,127.5,127.5,127.5,0
2024-07-23,129.0,130.0,127.5,128.5,8637000
2024-07-24,129.0,129.0,127.5,127.5,3903700
2024-07-25,127.5,128.5,127.0,127.0,5437000
2024-07-26,127.0,128.5,127.0,128.0,7159100
2024-07-30,128.0,128.0,128.0,128.0,0
2024-07-31,133.0,133.0,131.5,131.5,8701800
2024-08-01,134.5,134.5,132.5,133.0,9648900
2024-08-02,133.0,133.0,133.0,133.0,0
2024-08-05,131.5,132.0,129.5,129.5,9436000
2024-08-06,131.0,132.0,129.0,129.0,6228700
2024-08-07,130.0,131.0,129.5,130.0,6342900
2024-08-08,130.0,130.0,130.0,130.0,0
2024-08-09,129.5,130.5,128.5,129.5,8500300
2024-08-13,130.5,132.5,130.0,132.5,8190400
2024-08-14,132.5,132.5,129.5,131.0,8944300
2024-08-15,131.0,131.0,131.0,131.0,0
2024-08-16,131.0,134.0,130.5,133.5,12028300
2024-08-19,133.5,133.5,133.5,133.5,0
2024-08-20,139.0,140.0,138.0,138.5,17232100
2024-08-21,138.5,138.5,138.5,138.5,0
2024-08-22,138.5,138.5,138.5,138.5,0
2024-08-23,138.5,138.5,138.5,138.5,0
2024-08-26,138.5,138.5,138.5,138.5,0
2024-08-27,138.5,138.5,138.5,138.5,0
2024-08-28,138.5,138.5,138.5,138.5,0
2024-08-29,144.0,145.5,143.0,143.5,13692200
2024-08-30,143.5,143.5,143.5,143.5,0
2024-09-02,143.5,143.5,143.5,143.5,0
2024-09-03,143.5,143.5,143.5,143.5,0
2024-09-04,143.5,143.5,143.5,143.5,0
2024-09-05,144.5,147.5,144.5,146.5,21604700
2024-09-06,146.5,146.5,146.5,146.5,0
2024-09-09,146.5,146.5,146.5,146.5,0
2024-09-10,155.0,156.0,154.5,155.5,18318100
2024-09-11,155.5,155.5,155.5,155.5,0
2024-09-12,156.5,158.0,155.5,158.0,16788600
2024-09-13,158.0,158.5,157.0,157.5,16266400
2024-09-16,157.5,157.5,157.5,157.5,0
2024-09-17,157.5,157.5,157.5,157.5,0
2024-09-18,157.5,157.5,157.5,157.5,0
2024-09-19,157.5,157.5,157.5,157.5,0
2024-09-20,157.5,157.5,157.5,157.5,0
2024-09-23,157.5,157.5,157.5,157.5,0
2024-09-24,158.0,158.5,156.5,156.5,10151300
2024-09-25,156.5,157.5,155.5,156.0,7094200
2024-09-26,156.0,156.5,153.0,154.0,12699100
2024-09-27,154.0,154.0,154.0,154.0,0
2024-09-30,149.0,151.5,148.0,150.0,15719100
2024-10-01,150.0,150.0,150.0,150.0,0
2024-10-02,152.0,153.0,150.0,151.0,13697200
2024-10-03,151.0,151.0,151.0,151.0,0
2024-10-04,151.0,151.0,151.0,151.0,0
2024-10-07,150.5,152.0,149.5,150.0,8955000
2024-10-08,150.0,152.0,149.0,152.0,11189600
2024-10-09,152.5,154.0,152.0,152.0,7531200
2024-10-10,153.0,153.0,151.5,152.5,6004700
2024-10-11,152.5,152.5,152.5,152.5,0
2024-10-15,155.0,155.5,153.5,154.0,12791800
2024-10-16,154.0,154.0,154.0,154.0,0
2024-10-17,154.0,154.0,154.0,154.0,0
2024-10-18,154.0,154.0,151.5,151.5,6815800
2024-10-21,152.5,153.0,149.0,150.0,10464800
2024-10-22,150.0,150.0,150.0,150.0,0
2024-10-24,147.5,148.5,146.0,146.5,14253400
2024-10-25,146.5,146.5,146.5,146.5,0
2024-10-28,148.0,149.0,148.0,149.0,3807100
2024-10-29,149.0,149.0,149.0,149.0,0
2024-10-30,148.0,148.5,145.5,145.5,6245600
2024-10-31,145.5,145.5,145.5,145.5,0
2024-11-01,145.5,145.5,145.5,145.5,0
2024-11-04,147.0,147.5,146.0,146.5,3859200
2024-11-05,146.5,147.5,146.0,146.5,5280300
2024-11-06,147.0,149.0,146.5,146.5,7036900
2024-11-07,147.0,148.5,147.0,148.0,14130800
2024-11-08,148.5,149.0,148.0,148.5,8320000
2024-11-11,148.0,148.5,146.5,147.5,5862000
2024-11-12,147.5,148.0,147.0,147.0,3739800
2024-11-13,147.5,148.5,147.5,148.0,3988100
2024-11-14,147.5,147.5,145.5,146.0,9712900
2024-11-15,146.0,148.0,146.0,147.5,7013300
2024-11-18,148.0,149.5,148.0,149.0,11436600
2024-11-19,150.0,151.0,148.5,149.5,9801000
2024-11-20,148.5,149.5,147.0,148.5,7821600
2024-11-21,149.0,150.0,148.5,149.0,4734100
2024-11-22,150.0,150.0,148.5,149.5,7517700
2024-11-25,150.0,151.0,149.5,150.0,10919500
2024-11-26,150.5,151.0,149.5,149.5,4378100
2024-11-27,149.5,149.5,149.0,149.5,5259600
2024-11-28,150.0,150.5,149.5,150.0,3829000
2024-11-29,149.5,151.0,149.5,150.5,6849300
2024-12-02,150.5,151.5,149.0,151.5,5560600
2024-12-03,150.5,153.5,150.5,153.5,17862300
2024-12-04,153.5,155.5,153.0,155.0,16038900
2024-12-06,155.5,156.5,154.5,156.0,7544400
2024-12-09,157.0,157.5,155.5,156.5,17093200
2024-12-11,156.0,156.5,154.0,154.5,9896700
2024-12-12,155.0,157.5,155.0,156.5,14244300
2024-12-13,157.0,158.5,156.0,158.0,12712800
2024-12-16,157.0,157.5,156.5,157.0,6012300
2024-12-17,157.0,157.5,153.5,153.5,7103900
2024-12-18,155.0,155.0,153.5,154.5,6805500
2024-12-19,153.0,154.0,152.5,154.0,9570200
2024-12-20,153.0,153.0,151.5,152.5,8415000
2024-12-23,152.0,154.5,152.0,154.5,3977100
2024-12-24,155.0,156.0,154.5,154.5,4055400
2024-12-25,155.0,156.5,155.0,156.0,5148300
2024-12-26,156.0,157.5,156.0,157.0,5345000
2024-12-27,157.0,157.5,156.0,156.0,4968800
2024-12-30,156.0,157.0,155.5,155.5,3799000
2025-01-02,155.0,156.0,154.5,155.0,4245400
2025-01-03,155.0,156.0,154.0,154.5,4680900
2025-01-06,155.0,159.0,154.5,158.0,14872100
2025-01-07,159.0,160.0,158.5,159.5,17842000
2025-01-08,158.5,160.5,157.0,159.0,8232500
2025-01-09,159.0,160.0,158.0,160.0,7735600
2025-01-10,161.0,161.0,158.0,159.5,7861400
2025-01-13,159.5,163.0,159.5,162.0,15461000
2025-01-14,162.5,162.5,160.5,162.0,10592100
2025-01-15,162.0,163.5,160.5,163.5,12327400
2025-01-16,163.0,163.0,160.0,161.5,10688900
2025-01-17,160.5,161.5,160.0,161.0,10076900
2025-01-20,160.5,161.0,158.5,160.0,6400800
2025-01-21,160.0,160.0,156.5,158.5,16189700
2025-01-22,158.0,161.0,156.0,159.5,15493300
2025-01-23,160.0,161.5,159.0,159.0,7935100
2025-01-24,159.0,161.0,158.0,158.5,7187400
2025-01-27,158.0,160.0,158.0,159.0,3671800
2025-01-28,159.5,161.5,159.0,161.0,8451500
2025-01-29,161.5,161.5,160.0,160.0,3237800
2025-01-30,160.5,161.5,160.0,161.5,3399500
2025-01-31,161.0,161.5,159.5,160.5,6842700
2025-02-03,157.5,159.5,156.5,159.0,17880100
2025-02-04,160.0,163.5,159.5,163.0,15268600
2025-02-05,163.5,163.5,160.0,160.5,12780300
2025-02-06,161.5,162.0,160.0,161.0,6949700
2025-02-07,160.5,161.0,158.0,160.0,9085500
2025-02-10,159.5,160.0,158.0,159.0,11391500
2025-02-11,159.0,160.0,158.0,158.0,8678800
2025-02-13,159.5,160.0,154.5,155.0,15517900
2025-02-14,155.5,155.5,153.0,153.5,14832900
2025-02-17,155.0,158.0,154.0,158.0,7553300
2025-02-18,159.5,162.5,158.0,162.5,18086600
2025-02-19,162.5,163.5,161.5,163.5,12832700
2025-02-20,163.5,164.5,161.0,164.0,13808500
2025-02-21,163.0,163.5,159.0,159.0,13115600
2025-02-24,159.5,160.5,157.5,157.5,7658900
2025-02-25,157.5,158.5,154.5,154.5,10564100
2025-02-26,154.5,157.0,149.5,150.0,19549200
2025-02-27,148.5,154.0,147.5,151.5,14083700
2025-02-28,150.5,151.5,148.5,151.5,14197400
2025-03-03,152.5,154.0,151.5,152.5,10293600
2025-03-04,152.5,153.5,150.0,152.5,8198900
2025-03-05,152.5,152.5,150.5,151.5,8062400
2025-03-06,151.0,151.0,148.5,148.5,7729600
2025-03-07,147.0,148.5,146.0,148.0,13978700
2025-03-10,148.5,150.5,148.0,148.0,9528600
2025-03-11,147.0,150.5,146.0,150.5,10790100
2025-03-12,151.0,151.5,149.0,151.0,11376800
2025-03-13,150.5,151.0,149.0,149.5,9413300
2025-03-14,149.5,150.0,148.0,149.0,11218900
2025-03-17,153.0,154.0,151.5,152.5,20065300
2025-03-18,153.5,157.5,153.0,156.0,16730500
2025-03-19,156.5,158.5,155.5,157.5,14366400
2025-03-20,159.5,162.0,159.0,160.5,19028400
2025-03-21,161.0,164.0,161.0,164.0,12279500
2025-03-24,163.5,163.5,161.0,162.5,6904700
2025-03-25,162.5,163.5,162.0,162.0,6908100
2025-03-26,162.0,163.0,161.0,162.5,7610600
2025-03-27,163.0,165.0,162.5,164.5,9192200
2025-03-28,164.0,165.0,163.5,164.0,3436000
2025-03-31,162.0,163.5,161.0,161.5,13479100
2025-04-01,162.0,164.0,161.5,163.5,9221200
2025-04-02,163.5,164.0,163.0,164.0,7958300
2025-04-03,163.0,163.5,161.0,161.5,17892800
2025-04-04,161.0,161.0,157.0,159.5,20567500
2025-04-08,152.0,155.0,145.0,146.0,32198800
2025-04-09,146.0,150.5,145.0,149.5,21687900
2025-04-10,155.0,155.5,152.0,152.0,25569800
2025-04-11,149.5,152.0,148.5,151.0,16745900
2025-04-16,150.5,155.5,150.5,154.5,25077000
2025-04-17,147.5,152.0,147.0,151.0,18873000
2025-04-18,151.0,151.5,148.0,148.5,12582500
2025-04-21,150.5,151.5,148.0,148.5,16246800
2025-04-22,147.5,149.0,147.0,149.0,16500600
2025-04-23,150.0,152.0,149.5,151.5,12693100
2025-04-24,151.0,154.5,150.0,154.0,21759800
2025-04-25,154.5,155.0,153.5,154.0,11789200
2025-04-28,154.0,155.0,154.0,154.5,10870500
2025-04-29,155.0,155.5,153.5,154.5,9608900
2025-04-30,154.5,160.0,153.5,159.5,28337900
2025-05-02,160.5,161.0,157.5,159.0,12792900
2025-05-06,159.5,163.5,159.5,162.0,23598600
2025-05-07,162.5,164.5,162.0,164.5,18447700
2025-05-08,165.0,166.0,164.0,165.0,8272800
2025-05-09,165.0,165.0,163.0,164.5,12658100
2025-05-13,163.5,165.0,163.0,164.0,21506900
2025-05-14,163.0,164.0,162.0,164.0,13157600
2025-05-15,161.5,163.0,161.0,162.0,9485900
2025-05-16,162.0,163.5,161.5,163.5,11854600
2025-05-19,163.0,164.5,161.5,163.5,16526600
2025-05-20,164.0,167.5,163.0,167.5,42753000
2025-05-21,167.0,167.5,164.0,164.5,28535500
2025-05-22,163.5,165.5,163.5,164.0,22234400
2025-05-23,165.5,165.5,163.0,164.0,15891800
2025-05-26,164.5,165.0,162.5,163.5,6140700
2025-05-27,163.0,163.0,159.5,161.0,20107400
2025-05-28,161.0,161.0,155.5,156.0,29820700
2025-05-29,156.5,156.5,153.5,154.5,14575500
2025-05-30,153.5,155.5,153.5,154.0,15823100
2025-06-04,154.0,156.0,152.5,152.5,12553700
2025-06-05,152.5,157.5,151.5,156.5,21604400
2025-06-06,157.0,157.5,154.0,155.0,7627900
2025-06-09,156.0,156.5,154.5,155.0,5699700
2025-06-10,155.0,156.5,154.5,156.0,10252100
2025-06-11,155.5,156.0,155.0,156.0,6662700
2025-06-12,155.5,156.5,152.0,152.5,13591500
2025-06-13,151.5,154.5,151.5,152.5,24947000
2025-06-16,153.0,154.0,152.0,152.5,17132900
2025-06-17,152.5,153.5,152.5,153.5,8017300
2025-06-18,153.0,153.5,151.0,151.0,13396000
2025-06-19,148.0,150.0,147.0,148.5,18585700
2025-06-20,148.5,153.0,148.5,151.5,15151900
2025-06-23,151.0,152.5,150.5,152.0,7646200
2025-06-24,153.5,155.0,152.5,155.0,11259900
2025-06-25,154.0,155.0,153.0,154.5,10011400
2025-06-26,155.0,157.0,154.5,155.5,10355100
2025-06-27,155.0,155.5,153.0,154.0,8215100
2025-06-30,154.0,154.0,151.5,153.5,10492200
2025-07-01,153.0,155.5,152.0,154.5,14112300
2025-07-02,153.0,156.0,153.0,155.5,12880400
2025-07-03,155.0,156.5,155.0,155.5,11157800
2025-07-04,156.0,156.5,155.0,156.0,4598300
2025-07-07,155.5,157.0,155.0,156.5,7592900
2025-07-08,155.5,157.0,155.5,156.5,10218600
2025-07-09,156.5,159.5,156.5,157.5,12869300
2025-07-11,158.5,159.0,157.0,157.5,12946300
2025-07-14,157.5,158.5,157.5,158.5,5755800
2025-07-15,157.5,158.0,154.0,156.5,14235100
2025-07-16,157.0,159.0,156.0,157.0,11988200
2025-07-17,157.0,158.5,156.5,158.0,10949400
2025-07-18,159.0,161.5,158.5,160.0,17397000
2025-07-21,159.0,160.5,159.0,160.5,15300000
2025-07-22,158.5,159.0,157.0,158.0,29010000
2025-07-23,158.5,160.5,158.5,159.5,12229700
2025-07-24,159.0,161.0,159.0,160.5,15291900
2025-07-25,160.0,160.0,158.0,159.0,6648700
2025-07-29,159.0,160.5,158.5,160.5,8573200
2025-07-30,160.5,161.0,160.0,160.5,8178900
2025-07-31,160.0,162.0,159.5,162.0,9335900
2025-08-01,162.0,162.5,160.0,160.5,6290900
2025-08-04,161.0,162.5,160.0,162.5,9680900
2025-08-05,161.5,164.0,161.5,164.0,11615400
2025-08-06,165.0,166.5,165.0,166.5,11759100
2025-08-07,166.5,168.5,165.5,166.5,18421500
2025-08-08,166.5,169.5,166.5,168.0,13315200
2025-08-13,169.0,170.0,167.5,169.0,14421100
2025-08-14,168.5,169.0,167.5,169.0,7984300
2025-08-15,168.5,170.0,168.5,169.0,7167900
2025-08-18,169.0,170.0,168.0,168.5,5382900
2025-08-19,168.5,171.5,168.0,169.0,18381300
2025-08-20,169.0,171.0,168.0,169.5,13764400
2025-08-21,170.0,170.5,166.5,167.0,20539200
2025-08-22,167.5,168.5,166.0,167.0,15390400
2025-08-25,167.5,168.0,164.5,165.5,16161600
2025-08-26,165.0,166.0,163.5,164.0,18514100
2025-08-27,164.5,165.5,163.0,163.5,15171300
2025-08-28,164.0,168.0,164.0,167.5,12467800
2025-08-29,168.0,169.5,167.5,168.5,17762400
2025-09-01,168.0,171.0,167.5,170.5,8653300
2025-09-02,171.0,171.0,169.0,170.5,6626800
2025-09-03,171.0,172.0,169.5,170.5,8223800
2025-09-04,171.0,171.5,169.5,171.0,10701300
2025-09-05,171.0,171.0,167.5,170.0,16477900
2025-09-08,171.0,173.0,171.0,172.0,12534300
2025-09-09,172.0,173.0,170.0,171.0,11779000
2025-09-10,169.5,169.5,168.0,168.5,6921200
2025-09-11,168.5,169.0,167.0,167.5,10048000
2025-09-12,167.0,168.0,166.0,166.0,10570800
2025-09-15,166.5,168.0,165.5,167.0,6309800
2025-09-16,167.0,167.0,164.0,164.0,16547400
2025-09-17,165.0,165.0,163.0,163.5,16865300
2025-09-18,164.0,164.5,162.5,162.5,7800800
2025-09-19,163.5,165.5,163.0,164.5,6677100
2025-09-22,165.0,165.5,163.0,163.0,7088000
2025-09-23,163.5,164.5,162.5,163.0,5782100
2025-09-24,164.0,165.5,162.0,163.0,10650500
2025-09-25,164.0,166.5,163.5,166.5,9107200
2025-09-26,166.5,168.0,165.0,166.0,9942200
2025-09-29,167.5,169.0,166.5,168.0,10578500
2025-09-30,168.0,168.5,166.5,167.5,7110700
2025-10-01,166.5,167.0,165.0,165.5,6692700
2025-10-02,166.0,167.5,165.5,165.5,6223600
2025-10-03,165.5,166.0,165.0,165.5,4818400
2025-10-06,165.5,166.0,164.5,165.0,6122800
2025-10-07,165.0,165.0,165.0,165.0,0
2025-10-08,167.0,168.0,166.0,167.5,6059800
2025-10-09,167.0,167.0,166.0,166.5,6000000
2025-10-10,167.0,167.5,165.5,166.5,8733200
2025-10-14,166.5,167.0,166.0,166.5,10278600
2025-10-15,167.5,171.0,167.0,170.5,16961300
2025-10-16,172.0,173.0,170.0,171.0,13185400
2025-10-17,170.5,172.5,170.5,171.5,10002300
2025-10-20,173.0,173.5,171.0,173.0,5588800
2025-10-21,174.0,178.0,174.0,177.5,18876700
2025-10-22,178.0,182.0,177.0,180.5,29234800
2025-10-24,184.5,185.5,182.5,183.0,16587100
2025-10-27,183.0,183.0,180.5,180.5,20351102
2025-10-28,180.5,181.0,178.0,180.5,11017300
2025-10-29,180.0,180.0,178.5,179.0,10666800
2025-10-30,178.5,186.0,178.5,185.5,25100900
2025-10-31,184.5,188.0,184.5,186.5,15976000
2025-11-03,186.5,187.5,183.5,187.5,16723600
2025-11-04,186.5,188.5,184.5,185.0,14676100
2025-11-05,184.5,185.5,182.0,182.5,18393100
2025-11-06,183.0,184.0,181.0,183.0,13291000
2025-11-07,182.5,183.0,179.5,180.0,10888800
2025-11-10,180.5,182.5,180.0,182.0,10172700
2025-11-11,182.5,183.5,180.0,181.0,11730300
2025-11-12,181.0,182.0,180.5,181.5,5912200
2025-11-13,181.5,183.0,181.5,182.5,4783600
2025-11-14,182.0,183.0,181.5,182.0,7668100
2025-11-17,182.5,185.5,181.5,185.5,18464100
2025-11-18,185.0,186.5,184.0,186.0,12373000
2025-11-19,186.5,186.5,184.0,185.0,13675200
2025-11-20,185.5,187.5,184.5,187.0,7739300
2025-11-21,186.5,187.0,185.5,186.5,9996700
2025-11-24,186.5,188.5,186.0,188.0,12197500
2025-11-25,188.0,188.5,187.0,188.0,5064700
2025-11-26,189.0,189.0,187.5,188.5,4964300
2025-11-27,188.5,188.5,186.0,187.0,3309200
2025-11-28,187.5,188.0,186.0,186.5,6779900
2025-12-01,186.5,189.0,186.5,189.0,10022700
2025-12-02,189.0,191.5,188.5,190.0,11600100
2025-12-03,189.5,191.5,188.5,191.0,9547600
2025-12-04,191.0,192.0,190.0,191.0,12176800
2025-12-08,193.0,194.0,189.0,191.5,14527200
2025-12-09,191.0,192.0,190.0,191.5,9589900
2025-12-11,192.0,193.0,191.0,192.5,9299300
2025-12-12,192.0,193.0,190.0,192.0,8100100
2025-12-15,191.5,192.0,190.5,191.0,14469300
2025-12-16,191.0,191.5,190.5,190.5,9600100
2025-12-17,191.0,192.0,190.5,190.5,8657000
2025-12-18,191.5,197.0,191.0,197.0,12008900
2025-12-19,197.0,197.0,194.0,195.5,8769400
2025-12-22,195.5,195.5,191.0,192.5,10598700
2025-12-23,192.5,194.0,192.0,192.5,4224400
2025-12-24,192.5,193.5,191.0,192.5,4036600
2025-12-25,192.5,193.5,192.0,193.5,2311600
2025-12-26,193.5,194.5,192.5,194.0,2809000
2025-12-29,194.0,194.0,192.5,193.5,5351900
2025-12-30,193.0,195.5,193.0,194.5,8284500
2026-01-05,195.5,198.0,194.5,194.5,9314200
2026-01-06,192.0,194.5,192.0,194.5,7356300
2026-01-07,194.5,195.0,191.5,191.5,9613200
2026-01-08,192.0,196.0,191.5,194.5,12425400
2026-01-09,196.5,197.5,191.5,191.5,15032800
2026-01-12,192.0,192.5,190.0,191.5,9513700
2026-01-13,192.0,192.0,191.0,191.5,12563800
2026-01-14,191.0,192.5,188.5,192.0,13028900
2026-01-15,192.0,193.5,191.5,191.5,6462900
2026-01-16,192.0,194.0,191.5,194.0,12399700
2026-01-19,194.0,194.0,191.5,191.5,7940100
2026-01-20,192.5,193.5,191.5,192.0,8187400
2026-01-21,191.5,192.0,189.0,189.0,31543000
2026-01-22,189.0,190.5,188.5,189.0,22801200
2026-01-23,189.0,191.0,189.0,190.0,11972600
2026-01-26,190.0,191.0,189.5,190.0,11354200
2026-01-27,191.0,192.0,190.5,192.0,14436300
2026-01-28,192.0,192.0,189.5,191.0,8690900
2026-01-29,191.0,191.5,187.0,187.0,23512000
2026-01-30,190.0,190.0,188.0,188.0,11205000
2026-02-02,187.5,188.5,187.5,187.5,9443500
2026-02-03,188.0,189.0,187.0,187.0,9845700
2026-02-04,188.5,192.5,188.0,190.0,25445200
2026-02-05,190.5,190.5,188.5,190.0,11503100
2026-02-06,189.5,190.0,187.0,188.5,19046600
2026-02-09,190.0,194.0,189.0,194.0,26289900
2026-02-10,194.0,196.5,192.5,194.5,29913500
2026-02-11,193.5,194.0,192.0,193.0,17378200
2026-02-12,193.5,198.5,193.0,198.5,24674800
2026-02-13,198.0,199.0,195.5,195.5,22214300
2026-02-16,198.0,201.0,197.5,199.0,24018600
2026-02-17,199.0,208.0,198.5,206.0,24697500
2026-02-18,207.0,208.0,204.0,207.0,25464300
2026-02-19,206.0,208.0,204.0,205.0,24341400
2026-02-20,205.0,206.0,202.0,205.0,28943000
2026-02-23,204.0,206.0,199.5,201.0,20454700
2026-02-24,202.0,202.0,198.0,201.0,26551400
2026-02-25,200.0,201.0,194.5,196.5,47259100
2026-02-26,197.0,200.0,196.5,198.5,26165400
2026-02-27,200.0,204.0,199.5,201.0,31346400
2026-03-02,196.5,199.5,196.0,197.0,23274400
2026-03-04,193.0,193.0,185.5,190.0,53307400
2026-03-05,194.0,194.0,188.5,190.0,40121900
2026-03-06,188.5,189.5,187.5,188.0,27380700
2026-03-09,179.0,185.0,178.0,184.5,30775200
2026-03-10,187.0,189.0,186.5,188.0,19805400
2026-03-11,188.5,191.0,187.0,189.5,18520000
2026-03-12,188.5,189.5,187.5,189.0,16191800
2026-03-13,188.0,190.5,188.0,189.0,12940900
2026-03-16,188.5,188.5,185.0,185.0,23419600
2026-03-17,187.0,189.0,186.5,188.5,12420000
2026-03-18,189.0,190.5,188.5,189.5,7574100
2026-03-19,189.0,189.0,187.0,187.0,15986900
2026-03-20,189.0,190.0,188.0,189.5,14723100
2026-03-23,187.0,188.0,186.5,186.5,12788900
2026-03-24,188.0,191.5,187.5,189.0,18074200
2026-03-25,191.0,191.5,189.5,191.5,13417100
2026-03-26,190.0,192.5,190.0,192.0,13214900
2026-03-27,192.0,192.5,190.5,191.0,11701900
2026-03-30,190.0,190.5,189.0,190.0,8787000
2026-03-31,190.5,192.0,189.5,191.0,9394500
2026-04-01,193.0,193.5,192.0,192.5,10990400
2026-04-02,192.0,194.0,191.0,192.0,6980300
2026-04-03,192.0,192.0,190.0,190.5,11180200
2026-04-07,191.0,192.0,190.0,191.5,6165500
2026-04-08,193.0,194.0,192.5,193.0,11115400
2026-04-09,192.0,193.0,191.0,191.0,12503800
2026-04-10,191.5,193.0,191.0,192.0,10358500
2026-04-16,193.0,193.0,189.0,189.0,31711200
2026-04-17,190.5,191.5,188.0,189.0,21013400
2026-04-20,189.0,189.5,187.5,188.0,26776400
2026-04-21,178.5,183.5,178.0,183.5,59242600
2026-04-22,188.0,192.0,187.0,189.0,46817900
2026-04-23,190.5,192.0,188.5,191.5,24050600
2026-04-24,190.5,190.5,188.5,190.0,23119300
2026-04-27,190.0,191.0,189.0,190.5,11517400
2026-04-28,189.5,194.0,189.0,194.0,20931400
2026-04-29,194.0,195.0,193.0,195.0,10666500
2026-04-30,194.5,196.0,192.5,194.0,19924300
2026-05-01,194.0,194.0,194.0,194.0,0
2026-05-04,194.0,194.0,194.0,194.0,0
2026-05-05,193.0,195.5,192.0,193.5,21590300
2026-05-06,193.5,196.5,193.5,196.5,17822300
2026-05-07,196.5,197.0,194.0,194.0,17954400
2026-05-08,194.0,195.5,194.0,195.0,10868100
2026-05-11,195.5,198.0,194.5,197.0,21978200
2026-05-12,196.5,196.5,194.5,196.0,12817300
2026-05-13,196.5,197.0,195.0,195.0,10794200
2026-05-14,196.5,198.0,196.5,197.0,19762300
2026-05-15,196.5,198.0,195.0,196.5,19968800
2026-05-18,197.0,199.0,196.5,198.5,19010600
2026-05-19,198.5,199.5,197.5,198.0,13401000
2026-05-20,198.0,199.0,196.0,198.5,19256000
2026-05-21,199.0,199.0,196.5,197.0,10027700
2026-05-22,197.0,198.5,195.5,197.0,17251100
2026-05-25,197.5,197.5,195.5,196.0,10389900
2026-05-26,196.5,199.0,196.0,198.0,22449800
2026-05-27,198.5,199.0,196.5,198.5,18599400
2026-05-28,198.5,200.0,198.0,199.0,19238400
2026-05-29,200.0,202.0,199.0,201.0,19025000
2026-06-01,201.0,201.0,201.0,201.0,0
2026-06-02,201.0,204.0,201.0,204.0,18516000
2026-06-03,204.0,204.0,204.0,204.0,0
2026-06-04,201.0,204.0,200.0,203.0,14163500
2026-06-05,203.0,204.0,201.0,201.0,16858200
2026-06-08,201.0,203.0,199.5,200.0,13211200
2026-06-09,201.0,201.0,196.0,197.0,32561700
2026-06-10,197.5,199.0,197.0,198.0,10055600
2026-06-11,198.0,199.0,197.0,197.5,10148800
2026-06-12,198.5,203.0,198.0,203.0,18200100
2026-06-15,204.0,205.0,201.0,202.0,13393900
2026-06-16,203.0,206.0,202.0,206.0,19056600
2026-06-17,206.0,206.0,203.0,205.0,11512300
2026-06-18,204.0,207.0,203.0,206.0,14344000
2026-06-19,206.0,207.0,204.0,207.0,11809100
2026-06-22,208.0,211.0,207.0,210.0,23086100
2026-06-23,210.0,211.0,207.0,207.0,21353900
2026-06-24,209.0,212.0,208.0,208.0,13386200
2026-06-25,209.0,213.0,208.0,212.0,19102100
2026-06-26,213.0,215.0,213.0,215.0,13339600
2026-06-29,215.0,217.0,213.0,217.0,15521100
2026-06-30,217.0,219.0,216.0,218.0,12529300
2026-07-01,218.0,220.0,216.0,218.0,12507500
2026-07-02,221.0,233.0,221.0,233.0,47168900
2026-07-03,233.0,234.0,230.0,233.0,15527400
2026-07-06,232.0,232.0,227.0,229.0,17468300
2026-07-07,228.0,232.0,227.0,230.0,20844400
2026-07-08,231.0,232.0,227.0,228.0,14775600
2026-07-09,229.0,231.0,227.0,230.0,16665500
2026-07-10,231.0,233.0,230.0,232.0,13509700
2026-07-13,232.0,235.0,231.0,233.0,15013900
2026-07-14,232.0,234.0,230.0,231.0,21554200
2026-07-15,234.0,234.0,230.0,231.0,10577600
2026-07-16,231.0,237.0,230.0,235.0,15871500
2026-07-17,234.0,235.0,232.0,234.0,12474600
2026-07-20,235.0,238.0,232.0,238.0,16189800
2026-07-21,240.0,240.0,232.0,235.0,23305200
2026-07-22,234.0,235.0,231.0,232.0,20686400
2026-07-23,234.0,236.0,233.0,234.0,16884200
2026-07-24,233.0,241.0,232.0,240.0,23193300
2026-07-27,240.0,244.0,238.0,242.0,17218100
2026-07-28,242.0,242.0,242.0,242.0,0
2026-07-29,242.0,242.0,242.0,242.0,0
2026-07-30,246.0,246.0,240.0,242.0,27145600
2026-07-31,241.0,245.0,239.0,244.0,10349000
2026-08-03,244.0,245.0,242.0,244.0,7971100
2026-08-04,244.0,248.0,244.0,247.0,13213200
2026-08-05,248.0,249.0,245.0,247.0,11566900
2026-08-06,247.0,254.0,246.0,252.0,15217000
2026-08-07,252.0,252.0,250.0,250.0,11155800
2026-08-10,249.0,251.0,247.0,248.0,7364900
2026-08-11,250.0,252.0,248.0,249.0,6829800
2026-08-12,249.0,249.0,249.0,249.0,0
2026-08-13,250.0,250.0,246.0,249.0,15092800
2026-08-14,250.0,252.0,247.0,248.0,9308700
2026-08-17,249.0,251.0,248.0,249.0,6204300
2026-08-18,249.0,250.0,245.0,247.0,11137400
2026-08-19,248.0,251.0,247.0,249.0,10272200
2026-08-20,250.0,253.0,250.0,253.0,6784700
2026-08-21,254.0,257.0,253.0,257.0,7314000
2026-08-24,256.0,257.0,252.0,254.0,9343700
2026-08-25,255.0,256.0,253.0,253.0,11422600
2026-08-26,255.0,257.0,253.0,255.0,14491200
2026-08-27,259.0,259.0,248.0,248.0,14375300
2026-08-28,249.0,251.0,246.0,247.0,13299900
