Datetime,Adj Close,Close,High,Low,Open,Volume
2023-10-02 10:00:00+07:00,125.0,125.0,127.0,125.0,127.0,0
2023-10-02 11:00:00+07:00,126.5,126.5,126.5,125.0,125.5,1040831
2023-10-02 12:00:00+07:00,126.5,126.5,126.5,126.0,126.0,206231
2023-10-02 14:00:00+07:00,126.0,126.0,126.5,126.0,126.0,749028
2023-10-02 15:00:00+07:00,126.0,126.0,126.5,125.5,126.5,852948
2023-10-02 16:00:00+07:00,126.0,126.0,126.0,125.5,125.5,377248
2023-10-03 10:00:00+07:00,124.0,124.0,125.5,124.0,125.0,3862188
2023-10-03 11:00:00+07:00,125.0,125.0,125.0,124.0,124.5,1326431
2023-10-03 12:00:00+07:00,125.0,125.0,125.0,124.5,125.0,276960
2023-10-03 14:00:00+07:00,125.0,125.0,126.0,125.0,125.0,1538006
2023-10-03 15:00:00+07:00,126.5,126.5,126.5,124.5,125.0,3063423
2023-10-03 16:00:00+07:00,126.5,126.5,126.5,126.0,126.5,1045520
2023-10-04 10:00:00+07:00,126.5,126.5,127.0,125.0,125.5,0
2023-10-04 11:00:00+07:00,127.0,127.0,127.5,126.5,127.0,2338927
2023-10-04 12:00:00+07:00,127.0,127.0,127.5,127.0,127.0,704053
2023-10-04 14:00:00+07:00,127.5,127.5,127.5,126.5,127.0,777148
2023-10-04 15:00:00+07:00,127.0,127.0,127.5,127.0,127.0,773240
2023-10-04 16:00:00+07:00,127.0,127.0,127.5,127.0,127.5,202818
2023-10-05 10:00:00+07:00,126.5,126.5,128.0,126.5,128.0,0
2023-10-05 11:00:00+07:00,127.0,127.0,127.0,126.0,126.5,1504798
2023-10-05 12:00:00+07:00,126.5,126.5,127.0,126.5,127.0,0
2023-10-05 14:00:00+07:00,127.0,127.0,127.0,126.5,126.5,4934166
2023-10-05 15:00:00+07:00,126.5,126.5,127.0,126.0,126.5,682186
2023-10-05 16:00:00+07:00,126.5,126.5,126.5,126.0,126.5,572391
2023-10-06 10:00:00+07:00,127.5,127.5,128.0,127.0,127.5,0
2023-10-06 11:00:00+07:00,127.5,127.5,127.5,127.0,127.5,519956
2023-10-06 12:00:00+07:00,127.5,127.5,127.5,127.0,127.5,179441
2023-10-06 14:00:00+07:00,127.5,127.5,127.5,126.5,126.5,1541601
2023-10-06 15:00:00+07:00,126.5,126.5,127.5,126.5,127.5,1249645
2023-10-06 16:00:00+07:00,127.0,127.0,127.0,126.5,126.5,386342
2023-10-09 10:00:00+07:00,128.0,128.0,128.0,126.5,127.5,0
2023-10-09 11:00:00+07:00,127.5,127.5,128.0,127.0,128.0,735747
2023-10-09 12:00:00+07:00,127.5,127.5,128.0,127.0,127.5,969597
2023-10-09 14:00:00+07:00,127.5,127.5,128.0,127.0,127.5,646033
2023-10-09 15:00:00+07:00,127.5,127.5,128.0,127.0,128.0,1342979
2023-10-09 16:00:00+07:00,127.5,127.5,127.5,127.0,127.0,295423
2023-10-10 10:00:00+07:00,127.0,127.0,128.0,126.5,127.5,0
2023-10-10 11:00:00+07:00,127.5,127.5,127.5,127.0,127.0,295880
2023-10-10 12:00:00+07:00,127.5,127.5,127.5,127.0,127.5,63712
2023-10-10 14:00:00+07:00,127.0,127.0,127.5,127.0,127.0,238951
2023-10-10 15:00:00+07:00,127.0,127.0,127.5,126.5,127.0,856953
2023-10-10 16:00:00+07:00,126.5,126.5,127.0,126.0,127.0,1917763
2023-10-11 10:00:00+07:00,127.5,127.5,127.5,126.5,126.5,0
2023-10-11 11:00:00+07:00,127.5,127.5,127.5,127.0,127.5,500247
2023-10-11 12:00:00+07:00,128.0,128.0,128.0,127.0,127.5,1937220
2023-10-11 14:00:00+07:00,127.5,127.5,128.0,127.0,128.0,2275336
2023-10-11 15:00:00+07:00,128.0,128.0,128.0,127.0,127.5,1419427
2023-10-11 16:00:00+07:00,128.0,128.0,128.0,127.5,128.0,2383617
2023-10-12 10:00:00+07:00,128.5,128.5,129.0,127.5,128.5,0
2023-10-12 11:00:00+07:00,128.0,128.0,128.5,127.5,128.5,461183
2023-10-12 12:00:00+07:00,128.5,128.5,128.5,128.0,128.5,192202
2023-10-12 14:00:00+07:00,128.5,128.5,128.5,128.0,128.0,1009898
2023-10-12 15:00:00+07:00,127.5,127.5,128.5,127.0,128.5,3078237
2023-10-12 16:00:00+07:00,127.5,127.5,127.5,127.0,127.5,304618
2023-10-16 10:00:00+07:00,127.0,127.0,127.0,126.0,126.5,0
2023-10-16 11:00:00+07:00,126.0,126.0,127.0,125.0,127.0,4324858
2023-10-16 12:00:00+07:00,126.0,126.0,126.0,125.5,126.0,73447
2023-10-16 14:00:00+07:00,126.0,126.0,126.5,125.5,126.0,617215
2023-10-16 15:00:00+07:00,126.0,126.0,126.5,125.5,126.0,1507587
2023-10-16 16:00:00+07:00,126.5,126.5,126.5,126.0,126.0,204615
2023-10-17 10:00:00+07:00,127.5,127.5,127.5,126.5,127.0,0
2023-10-17 11:00:00+07:00,126.5,126.5,127.5,126.5,127.5,1210585
2023-10-17 12:00:00+07:00,126.5,126.5,127.0,126.5,127.0,220681
2023-10-17 14:00:00+07:00,127.0,127.0,127.0,126.5,127.0,1661788
2023-10-17 15:00:00+07:00,127.0,127.0,127.0,126.5,127.0,468978
2023-10-17 16:00:00+07:00,126.5,126.5,127.0,126.5,127.0,439318
2023-10-18 10:00:00+07:00,127.5,127.5,127.5,126.5,127.0,0
2023-10-18 11:00:00+07:00,126.5,126.5,128.0,126.5,127.5,2894171
2023-10-18 12:00:00+07:00,127.0,127.0,127.5,126.5,126.5,1161323
2023-10-18 14:00:00+07:00,127.0,127.0,127.0,126.5,127.0,112299
2023-10-18 15:00:00+07:00,127.0,127.0,127.0,126.5,126.5,335332
2023-10-18 16:00:00+07:00,127.0,127.0,127.0,126.5,127.0,254214
2023-10-19 10:00:00+07:00,126.0,126.0,126.0,125.5,125.5,0
2023-10-19 11:00:00+07:00,126.5,126.5,126.5,125.5,126.0,585656
2023-10-19 12:00:00+07:00,127.0,127.0,127.0,126.0,126.0,937901
2023-10-19 14:00:00+07:00,126.5,126.5,127.0,126.5,127.0,207179
2023-10-19 15:00:00+07:00,126.5,126.5,127.0,126.0,127.0,878664
2023-10-19 16:00:00+07:00,126.5,126.5,127.0,126.0,126.5,379123
2023-10-20 10:00:00+07:00,128.5,128.5,129.0,127.5,128.5,5095460
2023-10-20 11:00:00+07:00,128.5,128.5,129.0,127.5,128.5,8113879
2023-10-20 12:00:00+07:00,129.0,129.0,129.0,128.0,128.5,1213911
2023-10-20 14:00:00+07:00,128.5,128.5,129.0,128.5,128.5,4633508
2023-10-20 15:00:00+07:00,128.5,128.5,129.0,128.0,128.5,1652090
2023-10-20 16:00:00+07:00,129.0,129.0,129.0,128.0,128.5,2370724
2023-10-24 10:00:00+07:00,130.0,130.0,130.0,129.0,129.5,0
2023-10-24 11:00:00+07:00,130.0,130.0,130.5,129.5,130.0,3244313
2023-10-24 12:00:00+07:00,130.5,130.5,130.5,130.0,130.5,1310506
2023-10-24 14:00:00+07:00,130.0,130.0,130.5,129.5,130.5,3744589
2023-10-24 15:00:00+07:00,130.0,130.0,130.5,130.0,130.0,2032940
2023-10-24 16:00:00+07:00,130.5,130.5,131.0,130.0,130.5,2030910
2023-10-25 10:00:00+07:00,132.0,132.0,132.5,131.0,132.0,0
2023-10-25 11:00:00+07:00,132.5,132.5,132.5,131.5,132.0,2521983
2023-10-25 12:00:00+07:00,132.0,132.0,132.5,132.0,132.5,1747055
2023-10-25 14:00:00+07:00,133.0,133.0,133.0,132.0,132.5,2981295
2023-10-25 15:00:00+07:00,133.5,133.5,133.5,132.5,132.5,6717374
2023-10-25 16:00:00+07:00,133.0,133.0,133.5,133.0,133.5,2100947
2023-10-26 10:00:00+07:00,132.5,132.5,133.0,132.0,132.5,0
2023-10-26 11:00:00+07:00,131.5,131.5,132.5,131.5,132.0,1758453
2023-10-26 12:00:00+07:00,131.5,131.5,132.0,131.0,131.5,1492709
2023-10-26 14:00:00+07:00,130.5,130.5,131.5,130.5,131.5,2083783
2023-10-26 15:00:00+07:00,130.0,130.0,131.0,129.0,130.5,5695351
2023-10-26 16:00:00+07:00,129.5,129.5,130.0,129.0,130.0,1174912
2023-10-27 10:00:00+07:00,130.0,130.0,131.5,130.0,130.5,0
2023-10-27 11:00:00+07:00,130.0,130.0,130.5,129.5,130.0,1700976
2023-10-27 12:00:00+07:00,130.0,130.0,130.5,129.5,130.0,347173
2023-10-27 14:00:00+07:00,129.5,129.5,130.5,129.5,130.0,1389138
2023-10-27 15:00:00+07:00,131.5,131.5,131.5,129.5,129.5,3473495
2023-10-27 16:00:00+07:00,132.0,132.0,132.5,131.0,131.5,3134188
2023-10-30 10:00:00+07:00,132.0,132.0,132.0,130.5,131.5,0
2023-10-30 11:00:00+07:00,132.0,132.0,132.5,131.0,131.5,1646361
2023-10-30 12:00:00+07:00,132.0,132.0,132.5,131.5,132.0,1554681
2023-10-30 14:00:00+07:00,131.5,131.5,132.5,131.5,132.0,1752088
2023-10-30 15:00:00+07:00,132.0,132.0,132.5,131.5,132.0,1819552
2023-10-30 16:00:00+07:00,132.5,132.5,132.5,132.0,132.5,922457
2023-10-31 10:00:00+07:00,132.5,132.5,133.0,132.0,132.5,0
2023-10-31 11:00:00+07:00,132.0,132.0,132.5,131.5,132.5,1870551
2023-10-31 12:00:00+07:00,131.5,131.5,132.5,131.5,132.0,997969
2023-10-31 14:00:00+07:00,132.0,132.0,132.0,131.0,132.0,1068564
2023-10-31 15:00:00+07:00,132.0,132.0,132.0,131.5,132.0,410291
2023-10-31 16:00:00+07:00,132.0,132.0,132.0,131.5,132.0,742128
2023-11-01 10:00:00+07:00,132.5,132.5,133.0,131.5,131.5,0
2023-11-01 11:00:00+07:00,132.5,132.5,133.0,132.0,133.0,515022
2023-11-01 12:00:00+07:00,133.0,133.0,133.0,132.0,132.5,3664018
2023-11-01 14:00:00+07:00,132.5,132.5,133.0,132.0,132.5,606083
2023-11-01 15:00:00+07:00,131.5,131.5,133.0,131.5,132.5,2257793
2023-11-01 16:00:00+07:00,132.5,132.5,133.0,131.5,131.5,815831
2023-11-02 10:00:00+07:00,132.0,132.0,133.5,132.0,133.0,0
2023-11-02 11:00:00+07:00,132.0,132.0,133.0,132.0,132.0,1345832
2023-11-02 12:00:00+07:00,132.0,132.0,132.5,132.0,132.0,396625
2023-11-02 14:00:00+07:00,132.5,132.5,133.0,132.0,132.5,891019
2023-11-02 15:00:00+07:00,132.5,132.5,133.5,132.5,132.5,3448087
2023-11-02 16:00:00+07:00,133.0,133.0,133.0,132.5,132.5,384208
2023-11-03 10:00:00+07:00,133.5,133.5,134.5,133.0,133.0,0
2023-11-03 11:00:00+07:00,133.0,133.0,133.5,133.0,133.5,412133
2023-11-03 12:00:00+07:00,133.5,133.5,133.5,133.0,133.0,310387
2023-11-03 14:00:00+07:00,133.5,133.5,134.0,133.0,133.5,1906107
2023-11-03 15:00:00+07:00,133.5,133.5,133.5,132.5,133.5,1937056
2023-11-03 16:00:00+07:00,133.5,133.5,133.5,133.0,133.0,562901
2023-11-06 10:00:00+07:00,132.5,132.5,133.5,132.0,133.5,0
2023-11-06 11:00:00+07:00,133.0,133.0,133.0,132.0,132.5,1634393
2023-11-06 12:00:00+07:00,133.0,133.0,133.0,132.5,133.0,268326
2023-11-06 14:00:00+07:00,133.0,133.0,133.0,132.5,133.0,141606
2023-11-06 15:00:00+07:00,133.0,133.0,133.0,132.5,133.0,513481
2023-11-06 16:00:00+07:00,132.5,132.5,133.0,132.0,133.0,1431613
2023-11-07 10:00:00+07:00,132.5,132.5,133.5,131.0,131.5,0
2023-11-07 11:00:00+07:00,132.5,132.5,133.0,132.5,133.0,774960
2023-11-07 12:00:00+07:00,132.0,132.0,132.5,132.0,132.5,501663
2023-11-07 14:00:00+07:00,131.5,131.5,133.0,131.5,132.0,1575927
2023-11-07 15:00:00+07:00,131.5,131.5,132.5,131.5,132.0,2319264
2023-11-07 16:00:00+07:00,131.5,131.5,131.5,130.5,131.5,2757242
2023-11-08 10:00:00+07:00,132.5,132.5,133.0,131.0,132.0,0
2023-11-08 11:00:00+07:00,133.0,133.0,133.0,132.0,132.5,1163966
2023-11-08 12:00:00+07:00,133.0,133.0,133.5,132.5,133.0,1156241
2023-11-08 14:00:00+07:00,132.5,132.5,133.0,132.0,133.0,551647
2023-11-08 15:00:00+07:00,132.5,132.5,133.0,132.0,132.5,1026209
2023-11-08 16:00:00+07:00,133.0,133.0,133.0,132.5,132.5,702920
2023-11-09 10:00:00+07:00,131.0,131.0,132.5,131.0,132.0,0
2023-11-09 11:00:00+07:00,132.0,132.0,132.0,131.0,131.5,574740
2023-11-09 12:00:00+07:00,132.0,132.0,132.0,131.0,132.0,1619290
2023-11-09 14:00:00+07:00,132.0,132.0,132.5,131.5,132.5,1591543
2023-11-09 15:00:00+07:00,131.5,131.5,132.5,131.5,132.0,1669883
2023-11-09 16:00:00+07:00,131.5,131.5,132.0,131.5,131.5,418578
2023-11-10 10:00:00+07:00,131.5,131.5,132.0,130.5,131.0,0
2023-11-10 11:00:00+07:00,132.0,132.0,132.5,131.5,132.0,1054192
2023-11-10 12:00:00+07:00,132.0,132.0,132.0,131.5,132.0,65210
2023-11-10 14:00:00+07:00,131.5,131.5,132.0,131.5,132.0,592209
2023-11-10 15:00:00+07:00,131.5,131.5,132.0,131.0,131.5,1083011
2023-11-10 16:00:00+07:00,131.5,131.5,132.0,131.0,131.5,3757133
2023-11-13 10:00:00+07:00,131.0,131.0,132.0,130.5,132.0,0
2023-11-13 11:00:00+07:00,131.0,131.0,131.5,131.0,131.5,826051
2023-11-13 12:00:00+07:00,131.5,131.5,131.5,131.0,131.0,347538
2023-11-13 14:00:00+07:00,131.5,131.5,131.5,131.0,131.5,1040544
2023-11-13 15:00:00+07:00,131.5,131.5,132.0,131.0,131.5,669210
2023-11-13 16:00:00+07:00,131.5,131.5,131.5,131.0,131.5,504956
2023-11-14 10:00:00+07:00,132.0,132.0,133.0,132.0,132.0,0
2023-11-14 11:00:00+07:00,132.0,132.0,132.5,131.5,132.0,1801266
2023-11-14 12:00:00+07:00,132.5,132.5,132.5,131.5,132.0,1412226
2023-11-14 14:00:00+07:00,132.5,132.5,133.0,132.0,132.0,937772
2023-11-14 15:00:00+07:00,132.0,132.0,132.5,132.0,132.0,514481
2023-11-14 16:00:00+07:00,132.0,132.0,132.5,131.5,132.0,687820
2023-11-15 10:00:00+07:00,133.0,133.0,133.0,132.0,132.5,2716000
2023-11-15 11:00:00+07:00,132.0,132.0,133.0,132.0,133.0,2644827
2023-11-15 12:00:00+07:00,132.5,132.5,133.0,132.0,132.5,2077514
2023-11-15 14:00:00+07:00,132.5,132.5,133.0,132.5,133.0,312970
2023-11-15 15:00:00+07:00,132.0,132.0,133.0,132.0,133.0,3092813
2023-11-15 16:00:00+07:00,132.5,132.5,132.5,132.0,132.0,335063
2023-11-16 10:00:00+07:00,131.5,131.5,132.5,131.5,132.0,0
2023-11-16 11:00:00+07:00,132.0,132.0,132.0,131.5,132.0,277318
2023-11-16 12:00:00+07:00,132.0,132.0,132.0,131.5,132.0,106228
2023-11-16 14:00:00+07:00,132.0,132.0,132.0,131.5,132.0,139916
2023-11-16 15:00:00+07:00,131.5,131.5,132.0,131.5,131.5,302646
2023-11-16 16:00:00+07:00,131.5,131.5,132.0,131.5,131.5,556522
2023-11-17 10:00:00+07:00,133.5,133.5,133.5,131.5,132.0,0
2023-11-17 11:00:00+07:00,133.0,133.0,133.5,133.0,133.5,692506
2023-11-17 12:00:00+07:00,133.0,133.0,133.5,132.5,133.5,2509711
2023-11-17 14:00:00+07:00,133.0,133.0,133.5,132.5,132.5,798527
2023-11-17 15:00:00+07:00,133.0,133.0,133.5,132.5,133.5,739699
2023-11-17 16:00:00+07:00,132.5,132.5,133.5,132.5,133.0,1424158
2023-11-20 10:00:00+07:00,132.0,132.0,133.0,131.5,132.5,0
2023-11-20 11:00:00+07:00,131.5,131.5,132.5,131.5,132.0,940177
2023-11-20 12:00:00+07:00,131.5,131.5,132.0,131.5,131.5,4224716
2023-11-20 14:00:00+07:00,131.5,131.5,132.0,131.5,132.0,104173
2023-11-20 15:00:00+07:00,131.0,131.0,132.0,131.0,131.5,2211797
2023-11-20 16:00:00+07:00,131.0,131.0,131.5,131.0,131.0,624447
2023-11-21 10:00:00+07:00,131.5,131.5,132.5,131.5,132.0,0
2023-11-21 11:00:00+07:00,132.0,132.0,132.5,131.5,131.5,914595
2023-11-21 12:00:00+07:00,131.5,131.5,132.0,131.5,132.0,124353
2023-11-21 14:00:00+07:00,131.0,131.0,132.0,131.0,131.5,1281210
2023-11-21 15:00:00+07:00,131.5,131.5,131.5,131.0,131.5,305902
2023-11-21 16:00:00+07:00,131.0,131.0,131.5,131.0,131.0,176811
2023-11-22 10:00:00+07:00,132.0,132.0,132.5,131.0,131.5,0
2023-11-22 11:00:00+07:00,132.0,132.0,132.0,131.5,131.5,346363
2023-11-22 12:00:00+07:00,132.0,132.0,132.0,131.5,132.0,216725
2023-11-22 14:00:00+07:00,132.0,132.0,132.5,131.5,131.5,346866
2023-11-22 15:00:00+07:00,132.0,132.0,132.5,131.5,132.5,879963
2023-11-22 16:00:00+07:00,132.0,132.0,132.5,131.5,131.5,345126
2023-11-23 10:00:00+07:00,132.5,132.5,132.5,132.0,132.5,0
2023-11-23 11:00:00+07:00,132.5,132.5,132.5,132.0,132.5,180897
2023-11-23 12:00:00+07:00,132.5,132.5,132.5,132.0,132.0,90218
2023-11-23 14:00:00+07:00,132.0,132.0,133.0,132.0,132.5,1453394
2023-11-23 15:00:00+07:00,132.0,132.0,132.5,131.5,132.0,344273
2023-11-23 16:00:00+07:00,131.5,131.5,132.0,131.5,131.5,171357
2023-11-24 10:00:00+07:00,131.5,131.5,132.5,131.5,132.0,0
2023-11-24 11:00:00+07:00,131.5,131.5,132.0,131.5,131.5,164876
2023-11-24 12:00:00+07:00,131.5,131.5,132.0,131.5,131.5,136602
2023-11-24 14:00:00+07:00,132.0,132.0,132.0,131.5,132.0,110712
2023-11-24 15:00:00+07:00,132.0,132.0,132.0,131.5,131.5,198418
2023-11-24 16:00:00+07:00,132.0,132.0,132.0,131.5,131.5,225742
2023-11-27 10:00:00+07:00,131.5,131.5,132.5,131.5,132.0,1389230
2023-11-27 11:00:00+07:00,132.5,132.5,132.5,131.5,132.0,557982
2023-11-27 12:00:00+07:00,132.5,132.5,132.5,132.0,132.0,804222
2023-11-27 14:00:00+07:00,133.0,133.0,133.0,132.0,132.5,1714301
2023-11-27 15:00:00+07:00,132.0,132.0,133.0,132.0,133.0,2139433
2023-11-27 16:00:00+07:00,132.0,132.0,132.5,132.0,132.5,149326
2023-11-28 10:00:00+07:00,133.0,133.0,133.0,132.0,132.5,1393575
2023-11-28 11:00:00+07:00,133.0,133.0,133.0,132.5,132.5,163847
2023-11-28 12:00:00+07:00,132.5,132.5,133.0,132.5,132.5,148800
2023-11-28 14:00:00+07:00,133.0,133.0,133.0,132.5,132.5,393058
2023-11-28 15:00:00+07:00,132.5,132.5,133.0,132.5,132.5,1061038
2023-11-28 16:00:00+07:00,133.0,133.0,133.5,132.5,133.0,934913
2023-11-29 10:00:00+07:00,132.5,132.5,133.5,132.5,133.5,0
2023-11-29 11:00:00+07:00,132.5,132.5,133.0,132.0,133.0,1370295
2023-11-29 12:00:00+07:00,132.5,132.5,132.5,132.0,132.5,274650
2023-11-29 14:00:00+07:00,132.5,132.5,132.5,132.0,132.5,156013
2023-11-29 15:00:00+07:00,131.5,131.5,132.5,131.5,132.0,1047125
2023-11-29 16:00:00+07:00,131.5,131.5,132.0,131.0,131.5,1304654
2023-11-30 10:00:00+07:00,128.5,128.5,131.5,128.0,131.0,3157185
2023-11-30 11:00:00+07:00,129.0,129.0,129.0,128.0,128.5,2373789
2023-11-30 12:00:00+07:00,129.5,129.5,129.5,128.5,129.0,1102031
2023-11-30 14:00:00+07:00,129.0,129.0,129.5,128.5,129.0,1135650
2023-11-30 15:00:00+07:00,128.0,128.0,129.0,127.5,129.0,4022734
2023-11-30 16:00:00+07:00,128.5,128.5,128.5,128.0,128.0,1452716
2023-12-01 10:00:00+07:00,129.0,129.0,129.5,128.0,129.0,0
2023-12-01 11:00:00+07:00,129.5,129.5,129.5,128.5,129.0,708391
2023-12-01 12:00:00+07:00,130.0,130.0,130.0,129.0,129.5,1335489
2023-12-01 14:00:00+07:00,129.0,129.0,130.0,129.0,129.5,686741
2023-12-01 15:00:00+07:00,130.0,130.0,130.0,129.5,129.5,536826
2023-12-01 16:00:00+07:00,129.5,129.5,130.0,129.0,130.0,549931
2023-12-04 10:00:00+07:00,129.5,129.5,130.0,128.5,129.0,947516
2023-12-04 11:00:00+07:00,130.0,130.0,130.0,129.0,129.5,650769
2023-12-04 12:00:00+07:00,130.0,130.0,130.0,129.5,130.0,109146
2023-12-04 14:00:00+07:00,129.0,129.0,129.5,129.0,129.5,402253
2023-12-04 15:00:00+07:00,129.0,129.0,129.5,129.0,129.0,723537
2023-12-04 16:00:00+07:00,129.0,129.0,129.5,129.0,129.0,490450
2023-12-06 10:00:00+07:00,129.5,129.5,130.0,128.5,129.0,0
2023-12-06 11:00:00+07:00,129.0,129.0,129.5,128.5,129.0,1612512
2023-12-06 12:00:00+07:00,128.5,128.5,129.0,128.5,129.0,265911
2023-12-06 14:00:00+07:00,128.0,128.0,129.5,128.0,129.0,1617489
2023-12-06 15:00:00+07:00,127.5,127.5,128.5,127.0,128.5,3780622
2023-12-06 16:00:00+07:00,127.5,127.5,128.0,127.0,127.5,1513007
2023-12-07 10:00:00+07:00,128.0,128.0,128.5,127.0,127.5,0
2023-12-07 11:00:00+07:00,128.0,128.0,128.5,128.0,128.0,327495
2023-12-07 12:00:00+07:00,128.5,128.5,128.5,128.0,128.0,257046
2023-12-07 14:00:00+07:00,128.5,128.5,128.5,127.5,128.0,698661
2023-12-07 15:00:00+07:00,128.0,128.0,128.5,128.0,128.0,372289
2023-12-07 16:00:00+07:00,127.5,127.5,128.5,127.5,128.5,1178023
2023-12-08 10:00:00+07:00,128.5,128.5,128.5,128.0,128.0,554562
2023-12-08 11:00:00+07:00,127.5,127.5,128.5,127.5,128.5,1345172
2023-12-08 12:00:00+07:00,127.5,127.5,128.0,127.5,128.0,226860
2023-12-08 14:00:00+07:00,127.5,127.5,128.0,127.0,127.5,440639
2023-12-08 15:00:00+07:00,127.0,127.0,127.5,127.0,127.5,955807
2023-12-08 16:00:00+07:00,127.5,127.5,127.5,127.0,127.5,679007
2023-12-12 10:00:00+07:00,128.0,128.0,128.5,127.0,127.5,0
2023-12-12 11:00:00+07:00,128.0,128.0,128.5,127.0,128.0,1799837
2023-12-12 12:00:00+07:00,128.0,128.0,128.0,127.5,128.0,364501
2023-12-12 14:00:00+07:00,128.0,128.0,128.0,127.5,127.5,807056
2023-12-12 15:00:00+07:00,128.0,128.0,128.5,127.5,127.5,1633518
2023-12-12 16:00:00+07:00,128.0,128.0,128.5,127.5,128.0,1516280
2023-12-13 10:00:00+07:00,128.0,128.0,128.0,127.5,127.5,0
2023-12-13 11:00:00+07:00,127.5,127.5,128.0,127.5,127.5,54322
2023-12-13 12:00:00+07:00,127.5,127.5,128.0,127.5,127.5,40334
2023-12-13 14:00:00+07:00,126.5,126.5,128.0,126.5,127.5,1939833
2023-12-13 15:00:00+07:00,126.5,126.5,127.0,126.0,126.5,1463920
2023-12-13 16:00:00+07:00,126.5,126.5,126.5,126.0,126.5,270830
2023-12-14 10:00:00+07:00,128.5,128.5,128.5,127.5,127.5,0
2023-12-14 11:00:00+07:00,128.0,128.0,129.5,128.0,128.5,1960866
2023-12-14 12:00:00+07:00,129.0,129.0,129.0,128.0,128.0,624221
2023-12-14 14:00:00+07:00,129.0,129.0,129.0,128.5,129.0,325397
2023-12-14 15:00:00+07:00,129.0,129.0,129.0,128.5,129.0,547173
2023-12-14 16:00:00+07:00,129.0,129.0,129.0,128.5,129.0,756810
2023-12-15 10:00:00+07:00,130.0,130.0,130.5,129.5,129.5,0
2023-12-15 11:00:00+07:00,130.0,130.0,130.5,129.5,130.0,1202533
2023-12-15 12:00:00+07:00,130.5,130.5,130.5,130.0,130.5,1244182
2023-12-15 14:00:00+07:00,130.0,130.0,130.5,129.5,130.5,1755506
2023-12-15 15:00:00+07:00,129.5,129.5,130.0,129.5,129.5,546905
2023-12-15 16:00:00+07:00,129.5,129.5,130.0,129.5,129.5,1864151
2023-12-18 10:00:00+07:00,129.5,129.5,130.5,128.0,129.0,0
2023-12-18 11:00:00+07:00,130.5,130.5,130.5,129.5,130.0,547965
2023-12-18 12:00:00+07:00,130.5,130.5,130.5,129.5,130.0,613110
2023-12-18 14:00:00+07:00,130.5,130.5,130.5,130.0,130.0,73885
2023-12-18 15:00:00+07:00,130.0,130.0,131.0,130.0,130.5,1168790
2023-12-18 16:00:00+07:00,130.0,130.0,130.5,130.0,130.5,396202
2023-12-19 10:00:00+07:00,130.5,130.5,130.5,129.5,130.0,2217491
2023-12-19 11:00:00+07:00,129.5,129.5,130.5,129.5,130.5,373967
2023-12-19 12:00:00+07:00,129.5,129.5,130.0,129.5,129.5,153535
2023-12-19 14:00:00+07:00,130.0,130.0,130.0,129.5,130.0,228874
2023-12-19 15:00:00+07:00,130.0,130.0,130.5,129.5,130.0,1260015
2023-12-19 16:00:00+07:00,130.5,130.5,130.5,130.0,130.5,638214
2023-12-20 10:00:00+07:00,131.0,131.0,131.5,130.5,131.0,2776166
2023-12-20 11:00:00+07:00,130.5,130.5,131.5,130.5,131.5,453100
2023-12-20 12:00:00+07:00,131.0,131.0,131.0,130.5,130.5,121614
2023-12-20 14:00:00+07:00,130.5,130.5,131.0,130.5,131.0,315302
2023-12-20 15:00:00+07:00,131.0,131.0,131.0,130.5,131.0,488466
2023-12-20 16:00:00+07:00,131.0,131.0,131.0,130.5,131.0,207064
2023-12-21 10:00:00+07:00,132.0,132.0,132.0,131.0,131.0,0
2023-12-21 11:00:00+07:00,131.5,131.5,132.0,131.0,131.5,703904
2023-12-21 12:00:00+07:00,131.5,131.5,131.5,131.0,131.0,21536
2023-12-21 14:00:00+07:00,131.5,131.5,131.5,131.0,131.5,912384
2023-12-21 15:00:00+07:00,131.5,131.5,131.5,131.0,131.5,604798
2023-12-21 16:00:00+07:00,131.5,131.5,131.5,131.0,131.5,146385
2023-12-22 10:00:00+07:00,131.0,131.0,132.0,131.0,132.0,0
2023-12-22 11:00:00+07:00,131.0,131.0,131.5,131.0,131.0,416261
2023-12-22 12:00:00+07:00,131.0,131.0,131.5,131.0,131.5,35018
2023-12-22 14:00:00+07:00,131.5,131.5,131.5,131.0,131.5,124390
2023-12-22 15:00:00+07:00,131.0,131.0,131.5,131.0,131.5,203427
2023-12-22 16:00:00+07:00,131.5,131.5,131.5,131.0,131.0,132847
2023-12-25 10:00:00+07:00,131.0,131.0,132.0,130.5,132.0,0
2023-12-25 11:00:00+07:00,131.0,131.0,131.5,131.0,131.5,79373
2023-12-25 12:00:00+07:00,131.0,131.0,131.5,131.0,131.0,57347
2023-12-25 14:00:00+07:00,131.0,131.0,131.5,131.0,131.0,170272
2023-12-25 15:00:00+07:00,131.5,131.5,131.5,131.0,131.0,146989
2023-12-25 16:00:00+07:00,131.5,131.5,131.5,131.0,131.5,545524
2023-12-26 10:00:00+07:00,132.0,132.0,132.5,131.0,131.0,0
2023-12-26 11:00:00+07:00,132.0,132.0,132.0,131.5,132.0,214999
2023-12-26 12:00:00+07:00,131.5,131.5,132.0,131.5,131.5,98417
2023-12-26 14:00:00+07:00,132.0,132.0,132.0,131.0,131.5,1585717
2023-12-26 15:00:00+07:00,131.5,131.5,132.5,131.5,132.0,3066786
2023-12-26 16:00:00+07:00,132.0,132.0,132.5,131.5,131.5,685035
2023-12-27 10:00:00+07:00,132.5,132.5,133.5,132.0,132.5,0
2023-12-27 11:00:00+07:00,132.5,132.5,133.0,132.5,132.5,569995
2023-12-27 12:00:00+07:00,132.5,132.5,133.0,132.5,133.0,455830
2023-12-27 14:00:00+07:00,133.0,133.0,133.0,132.5,133.0,1604951
2023-12-27 15:00:00+07:00,132.5,132.5,133.0,132.5,133.0,1412811
2023-12-27 16:00:00+07:00,132.5,132.5,133.5,132.5,133.0,1486225
2023-12-28 10:00:00+07:00,134.5,134.5,134.5,133.0,134.0,0
2023-12-28 11:00:00+07:00,134.0,134.0,134.5,134.0,134.0,1419974
2023-12-28 12:00:00+07:00,134.5,134.5,134.5,134.0,134.0,947064
2023-12-28 14:00:00+07:00,135.0,135.0,135.0,134.0,134.5,4296994
2023-12-28 15:00:00+07:00,135.0,135.0,135.0,134.5,134.5,614721
2023-12-28 16:00:00+07:00,134.0,134.0,135.0,134.0,135.0,1943400
2024-01-03 10:00:00+07:00,135.0,135.0,135.0,134.0,134.0,1795205
2024-01-03 11:00:00+07:00,135.0,135.0,135.0,134.5,134.5,346491
2024-01-03 12:00:00+07:00,135.0,135.0,135.0,134.5,135.0,0
2024-01-03 14:00:00+07:00,135.0,135.0,135.0,134.5,135.0,2533957
2024-01-03 15:00:00+07:00,135.0,135.0,135.0,134.5,135.0,1636335
2024-01-03 16:00:00+07:00,135.0,135.0,135.0,134.5,135.0,145310
2024-01-04 10:00:00+07:00,134.0,134.0,135.0,133.5,134.5,0
2024-01-04 11:00:00+07:00,133.5,133.5,134.5,133.5,134.0,484843
2024-01-04 12:00:00+07:00,133.5,133.5,134.0,133.5,133.5,216415
2024-01-04 14:00:00+07:00,134.0,134.0,134.0,133.5,133.5,646568
2024-01-04 15:00:00+07:00,134.0,134.0,134.0,133.5,134.0,956563
2024-01-04 16:00:00+07:00,134.0,134.0,134.0,133.0,133.5,2319893
2024-01-05 10:00:00+07:00,135.0,135.0,135.0,134.0,134.5,0
2024-01-05 11:00:00+07:00,135.5,135.5,136.0,134.5,135.0,4114409
2024-01-05 12:00:00+07:00,136.0,136.0,136.0,135.0,135.5,947960
2024-01-05 14:00:00+07:00,135.5,135.5,136.0,135.0,135.5,1728084
2024-01-05 15:00:00+07:00,136.0,136.0,136.0,135.0,135.5,3082998
2024-01-05 16:00:00+07:00,135.5,135.5,136.0,135.5,136.0,784124
2024-01-08 10:00:00+07:00,134.0,134.0,135.5,134.0,135.5,2108741
2024-01-08 11:00:00+07:00,133.5,133.5,134.5,133.5,134.0,2130725
2024-01-08 12:00:00+07:00,133.5,133.5,134.0,133.0,134.0,1829564
2024-01-08 14:00:00+07:00,132.5,132.5,133.5,132.5,133.0,716603
2024-01-08 15:00:00+07:00,133.5,133.5,133.5,132.5,132.5,1276114
2024-01-08 16:00:00+07:00,132.5,132.5,133.5,132.5,133.0,1085216
2024-01-09 10:00:00+07:00,133.0,133.0,134.0,132.5,133.0,0
2024-01-09 11:00:00+07:00,133.0,133.0,134.0,132.5,133.0,2902281
2024-01-09 12:00:00+07:00,133.5,133.5,133.5,133.0,133.0,329144
2024-01-09 14:00:00+07:00,133.0,133.0,133.5,132.0,133.0,1993480
2024-01-09 15:00:00+07:00,132.0,132.0,132.5,132.0,132.5,1786902
2024-01-09 16:00:00+07:00,132.5,132.5,133.0,132.0,132.0,1480556
2024-01-10 10:00:00+07:00,129.0,129.0,131.0,128.5,131.0,10588196
2024-01-10 11:00:00+07:00,129.5,129.5,130.0,129.0,129.5,1484130
2024-01-10 12:00:00+07:00,129.5,129.5,130.0,129.5,129.5,1509894
2024-01-10 14:00:00+07:00,130.5,130.5,130.5,129.5,129.5,2472428
2024-01-10 15:00:00+07:00,129.5,129.5,130.5,129.5,130.0,2729214
2024-01-10 16:00:00+07:00,129.5,129.5,130.0,129.5,129.5,1380647
2024-01-11 10:00:00+07:00,129.0,129.0,130.5,129.0,130.5,2350162
2024-01-11 11:00:00+07:00,129.0,129.0,129.5,129.0,129.0,1818933
2024-01-11 12:00:00+07:00,129.5,129.5,129.5,129.0,129.0,258445
2024-01-11 14:00:00+07:00,128.5,128.5,129.5,128.5,129.5,855262
2024-01-11 15:00:00+07:00,129.5,129.5,129.5,128.5,128.5,1957655
2024-01-11 16:00:00+07:00,129.0,129.0,129.5,128.5,129.0,1334206
2024-01-12 10:00:00+07:00,131.0,131.0,131.5,130.5,130.5,0
2024-01-12 11:00:00+07:00,131.0,131.0,131.5,130.5,131.5,2402987
2024-01-12 12:00:00+07:00,131.0,131.0,131.5,130.5,131.5,865549
2024-01-12 14:00:00+07:00,131.0,131.0,131.5,130.5,131.0,1210750
2024-01-12 15:00:00+07:00,131.5,131.5,131.5,130.5,131.0,1216634
2024-01-12 16:00:00+07:00,132.0,132.0,132.0,131.0,131.0,1834251
2024-01-15 10:00:00+07:00,132.5,132.5,132.5,131.5,132.0,0
2024-01-15 11:00:00+07:00,132.0,132.0,132.5,131.5,132.0,428312
2024-01-15 12:00:00+07:00,132.0,132.0,132.0,131.5,131.5,24349
2024-01-15 14:00:00+07:00,132.0,132.0,132.0,131.5,131.5,154542
2024-01-15 15:00:00+07:00,132.0,132.0,132.0,131.0,132.0,1992164
2024-01-15 16:00:00+07:00,131.5,131.5,132.0,131.5,132.0,366314
2024-01-16 10:00:00+07:00,131.0,131.0,131.5,130.5,131.5,1866050
2024-01-16 11:00:00+07:00,131.0,131.0,131.5,131.0,131.0,873145
2024-01-16 12:00:00+07:00,131.0,131.0,131.5,131.0,131.5,86014
2024-01-16 14:00:00+07:00,130.5,130.5,131.5,130.5,131.0,2271701
2024-01-16 15:00:00+07:00,130.5,130.5,131.0,130.5,130.5,332277
2024-01-16 16:00:00+07:00,130.5,130.5,131.0,130.5,130.5,380700
2024-01-17 10:00:00+07:00,131.0,131.0,131.5,130.0,131.5,0
2024-01-17 11:00:00+07:00,131.0,131.0,131.0,130.5,131.0,416079
2024-01-17 12:00:00+07:00,131.5,131.5,131.5,130.5,130.5,549455
2024-01-17 14:00:00+07:00,131.0,131.0,132.0,131.0,131.5,1751716
2024-01-17 15:00:00+07:00,131.0,131.0,131.5,131.0,131.5,937498
2024-01-17 16:00:00+07:00,131.5,131.5,131.5,131.0,131.0,961476
2024-01-18 10:00:00+07:00,131.0,131.0,131.5,130.0,130.5,0
2024-01-18 11:00:00+07:00,130.5,130.5,131.5,130.0,131.0,1294749
2024-01-18 12:00:00+07:00,131.0,131.0,131.0,130.5,130.5,224334
2024-01-18 14:00:00+07:00,130.5,130.5,131.0,130.0,130.5,1341892
2024-01-18 15:00:00+07:00,129.0,129.0,130.5,129.0,130.5,3094349
2024-01-18 16:00:00+07:00,129.5,129.5,129.5,129.0,129.5,609313
2024-01-19 10:00:00+07:00,127.5,127.5,128.0,126.0,127.0,1193704
2024-01-19 11:00:00+07:00,127.0,127.0,128.0,127.0,127.5,1338491
2024-01-19 12:00:00+07:00,126.5,126.5,127.5,126.5,127.0,1182402
2024-01-19 14:00:00+07:00,126.5,126.5,127.0,126.0,126.5,3860333
2024-01-19 15:00:00+07:00,125.5,125.5,126.5,125.0,126.5,8746781
2024-01-19 16:00:00+07:00,125.5,125.5,125.5,125.0,125.5,1088179
2024-01-22 10:00:00+07:00,120.5,120.5,123.5,119.0,122.5,0
2024-01-22 11:00:00+07:00,121.5,121.5,121.5,120.0,120.5,3156636
2024-01-22 12:00:00+07:00,121.5,121.5,122.0,121.0,121.5,2636259
2024-01-22 14:00:00+07:00,121.0,121.0,121.5,120.5,121.0,4708045
2024-01-22 15:00:00+07:00,120.5,120.5,121.5,120.5,121.0,9346151
2024-01-22 16:00:00+07:00,121.0,121.0,121.0,120.5,120.5,2835589
2024-01-23 10:00:00+07:00,122.0,122.0,122.5,121.0,122.0,0
2024-01-23 11:00:00+07:00,121.5,121.5,122.5,121.5,122.0,4327001
2024-01-23 12:00:00+07:00,122.0,122.0,122.0,121.5,122.0,0
2024-01-23 14:00:00+07:00,122.0,122.0,122.0,121.5,122.0,14392669
2024-01-23 15:00:00+07:00,120.5,120.5,122.0,120.5,122.0,5109760
2024-01-23 16:00:00+07:00,121.0,121.0,121.0,120.5,120.5,2108922
2024-01-24 10:00:00+07:00,122.0,122.0,122.0,121.0,121.5,0
2024-01-24 11:00:00+07:00,122.0,122.0,122.0,121.0,122.0,3980178
2024-01-24 12:00:00+07:00,121.5,121.5,122.0,121.5,122.0,234141
2024-01-24 14:00:00+07:00,121.5,121.5,122.0,121.5,121.5,5312203
2024-01-24 15:00:00+07:00,121.5,121.5,122.0,121.0,122.0,4861854
2024-01-24 16:00:00+07:00,122.0,122.0,122.0,121.0,121.5,3266732
2024-01-25 10:00:00+07:00,123.0,123.0,124.0,122.5,122.5,0
2024-01-25 11:00:00+07:00,123.0,123.0,123.5,122.5,123.0,2672755
2024-01-25 12:00:00+07:00,123.0,123.0,124.0,123.0,123.5,3262370
2024-01-25 14:00:00+07:00,123.0,123.0,123.5,123.0,123.0,433607
2024-01-25 15:00:00+07:00,122.5,122.5,123.5,122.5,123.0,1433684
2024-01-25 16:00:00+07:00,122.5,122.5,123.5,122.5,122.5,1351816
2024-01-26 10:00:00+07:00,123.0,123.0,123.5,122.5,123.0,0
2024-01-26 11:00:00+07:00,123.5,123.5,123.5,123.0,123.0,882883
2024-01-26 12:00:00+07:00,123.0,123.0,123.5,122.5,123.5,3624349
2024-01-26 14:00:00+07:00,122.0,122.0,123.0,122.0,123.0,3298185
2024-01-26 15:00:00+07:00,122.0,122.0,122.5,122.0,122.0,3315749
2024-01-26 16:00:00+07:00,122.0,122.0,122.5,121.5,122.5,3701019
2024-01-29 10:00:00+07:00,121.5,121.5,122.5,121.0,122.0,0
2024-01-29 11:00:00+07:00,121.0,121.0,121.5,121.0,121.5,1500564
2024-01-29 12:00:00+07:00,121.0,121.0,121.5,121.0,121.0,625534
2024-01-29 14:00:00+07:00,121.0,121.0,121.5,120.5,121.5,2197152
2024-01-29 15:00:00+07:00,122.0,122.0,122.0,120.5,120.5,3042656
2024-01-29 16:00:00+07:00,121.5,121.5,122.0,121.5,122.0,422472
2024-01-30 10:00:00+07:00,122.5,122.5,122.5,121.5,122.0,0
2024-01-30 11:00:00+07:00,122.0,122.0,122.5,121.5,122.0,956685
2024-01-30 12:00:00+07:00,122.0,122.0,122.0,121.5,122.0,241373
2024-01-30 14:00:00+07:00,122.0,122.0,122.0,121.0,121.5,977080
2024-01-30 15:00:00+07:00,122.0,122.0,122.0,121.5,122.0,612270
2024-01-30 16:00:00+07:00,121.5,121.5,122.0,121.5,122.0,352735
2024-01-31 10:00:00+07:00,120.0,120.0,120.5,119.5,120.5,3284576
2024-01-31 11:00:00+07:00,119.5,119.5,120.5,119.5,120.0,1288362
2024-01-31 12:00:00+07:00,119.5,119.5,120.0,119.5,119.5,488400
2024-01-31 14:00:00+07:00,119.5,119.5,120.0,119.0,120.0,2790875
2024-01-31 15:00:00+07:00,119.0,119.0,120.0,119.0,119.5,1819354
2024-01-31 16:00:00+07:00,119.5,119.5,120.0,119.0,119.0,1997140
2024-02-01 10:00:00+07:00,120.5,120.5,121.0,119.5,120.0,0
2024-02-01 11:00:00+07:00,120.5,120.5,121.5,120.5,120.5,1082693
2024-02-01 12:00:00+07:00,120.0,120.0,121.0,120.0,120.5,419602
2024-02-01 14:00:00+07:00,119.5,119.5,120.5,119.5,120.0,883056
2024-02-01 15:00:00+07:00,119.5,119.5,120.0,119.5,119.5,716894
2024-02-01 16:00:00+07:00,120.0,120.0,120.0,119.5,120.0,719478
2024-02-02 10:00:00+07:00,120.5,120.5,121.0,120.0,120.5,0
2024-02-02 11:00:00+07:00,121.0,121.0,121.0,120.5,121.0,581374
2024-02-02 12:00:00+07:00,120.5,120.5,121.0,120.5,120.5,1074380
2024-02-02 14:00:00+07:00,120.5,120.5,121.0,120.5,120.5,241418
2024-02-02 15:00:00+07:00,121.5,121.5,121.5,120.5,120.5,1887609
2024-02-02 16:00:00+07:00,121.0,121.0,122.0,121.0,121.0,3569873
2024-02-05 10:00:00+07:00,122.5,122.5,122.5,121.0,121.5,1675440
2024-02-05 11:00:00+07:00,122.0,122.0,122.5,122.0,122.0,929307
2024-02-05 12:00:00+07:00,121.5,121.5,122.5,121.5,122.5,448401
2024-02-05 14:00:00+07:00,122.0,122.0,122.0,121.5,121.5,191747
2024-02-05 15:00:00+07:00,122.0,122.0,122.0,121.5,122.0,742635
2024-02-05 16:00:00+07:00,121.5,121.5,122.0,121.5,122.0,437045
2024-02-06 10:00:00+07:00,121.0,121.0,122.5,121.0,122.5,0
2024-02-06 11:00:00+07:00,121.5,121.5,122.0,121.0,121.5,978871
2024-02-06 12:00:00+07:00,122.0,122.0,122.0,121.5,122.0,291633
2024-02-06 14:00:00+07:00,122.5,122.5,123.0,121.5,121.5,1317560
2024-02-06 15:00:00+07:00,122.0,122.0,122.5,121.5,122.0,1176251
2024-02-06 16:00:00+07:00,122.0,122.0,122.0,121.5,122.0,173347
2024-02-07 10:00:00+07:00,123.5,123.5,124.5,123.5,123.5,0
2024-02-07 11:00:00+07:00,123.5,123.5,124.0,123.5,123.5,1501782
2024-02-07 12:00:00+07:00,123.5,123.5,124.0,123.5,123.5,168626
2024-02-07 14:00:00+07:00,124.0,124.0,124.0,123.5,123.5,886034
2024-02-07 15:00:00+07:00,123.0,123.0,124.0,123.0,124.0,1718436
2024-02-07 16:00:00+07:00,123.5,123.5,123.5,123.0,123.0,1169327
2024-02-08 10:00:00+07:00,122.0,122.0,123.5,122.0,123.0,0
2024-02-08 11:00:00+07:00,122.0,122.0,122.5,121.5,122.5,3044673
2024-02-08 12:00:00+07:00,122.0,122.0,122.5,122.0,122.0,967858
2024-02-08 14:00:00+07:00,122.0,122.0,122.5,121.5,122.0,1790711
2024-02-08 15:00:00+07:00,121.0,121.0,122.0,120.5,121.5,6069746
2024-02-08 16:00:00+07:00,121.0,121.0,121.0,120.5,121.0,1674855
2024-02-09 10:00:00+07:00,119.0,119.0,121.0,119.0,120.5,0
2024-02-09 11:00:00+07:00,119.0,119.0,120.0,119.0,119.5,2278752
2024-02-09 12:00:00+07:00,119.5,119.5,119.5,119.0,119.5,452599
2024-02-09 14:00:00+07:00,119.0,119.0,119.5,118.5,119.0,2264185
2024-02-09 15:00:00+07:00,119.5,119.5,119.5,119.0,119.0,1167359
2024-02-09 16:00:00+07:00,120.0,120.0,120.0,119.0,119.5,1572089
2024-02-12 10:00:00+07:00,120.5,120.5,121.5,120.0,120.0,0
2024-02-12 11:00:00+07:00,120.5,120.5,121.0,120.5,120.5,99521
2024-02-12 12:00:00+07:00,120.5,120.5,121.0,120.5,120.5,56284
2024-02-12 14:00:00+07:00,120.5,120.5,120.5,120.0,120.5,580521
2024-02-12 15:00:00+07:00,120.5,120.5,121.0,120.0,120.5,277850
2024-02-12 16:00:00+07:00,121.0,121.0,121.0,120.5,120.5,304040
2024-02-13 10:00:00+07:00,121.5,121.5,121.5,120.5,121.0,0
2024-02-13 11:00:00+07:00,120.5,120.5,121.5,120.5,121.0,435462
2024-02-13 12:00:00+07:00,121.5,121.5,121.5,120.5,120.5,431642
2024-02-13 14:00:00+07:00,121.0,121.0,121.5,121.0,121.5,395199
2024-02-13 15:00:00+07:00,120.5,120.5,121.5,120.5,121.0,845155
2024-02-13 16:00:00+07:00,121.0,121.0,121.0,120.5,121.0,505047
2024-02-14 10:00:00+07:00,121.0,121.0,121.5,120.5,120.5,0
2024-02-14 11:00:00+07:00,120.5,120.5,121.5,120.5,121.0,1064719
2024-02-14 12:00:00+07:00,121.5,121.5,121.5,121.0,121.0,799183
2024-02-14 14:00:00+07:00,120.5,120.5,121.5,120.5,121.0,421215
2024-02-14 15:00:00+07:00,121.0,121.0,121.0,120.5,121.0,365137
2024-02-14 16:00:00+07:00,120.5,120.5,121.0,120.5,121.0,928281
2024-02-15 10:00:00+07:00,119.5,119.5,120.0,119.0,120.0,0
2024-02-15 11:00:00+07:00,118.5,118.5,119.5,118.5,119.5,2340643
2024-02-15 12:00:00+07:00,119.0,119.0,119.5,118.5,119.0,1565847
2024-02-15 14:00:00+07:00,119.5,119.5,119.5,118.5,119.0,4108347
2024-02-15 15:00:00+07:00,119.0,119.0,119.5,119.0,119.5,1636856
2024-02-15 16:00:00+07:00,119.5,119.5,119.5,119.0,119.0,413859
2024-02-16 10:00:00+07:00,120.0,120.0,120.0,118.5,120.0,3202614
2024-02-16 11:00:00+07:00,119.5,119.5,120.0,119.5,120.0,864845
2024-02-16 12:00:00+07:00,119.5,119.5,120.0,119.5,119.5,94238
2024-02-16 14:00:00+07:00,120.0,120.0,120.0,119.5,119.5,166986
2024-02-16 15:00:00+07:00,120.5,120.5,120.5,119.5,120.0,1143009
2024-02-16 16:00:00+07:00,120.5,120.5,120.5,120.0,120.0,656501
2024-02-19 10:00:00+07:00,119.5,119.5,120.5,119.0,120.5,0
2024-02-19 11:00:00+07:00,119.0,119.0,119.5,119.0,119.5,954055
2024-02-19 12:00:00+07:00,119.0,119.0,119.5,119.0,119.0,415453
2024-02-19 14:00:00+07:00,119.0,119.0,119.5,119.0,119.0,928412
2024-02-19 15:00:00+07:00,119.5,119.5,120.0,119.0,119.5,1112026
2024-02-19 16:00:00+07:00,119.5,119.5,120.0,119.5,120.0,422430
2024-02-20 10:00:00+07:00,120.0,120.0,121.0,119.5,119.5,0
2024-02-20 11:00:00+07:00,120.0,120.0,120.5,120.0,120.0,272998
2024-02-20 12:00:00+07:00,120.0,120.0,120.5,120.0,120.0,239028
2024-02-20 14:00:00+07:00,120.0,120.0,120.5,120.0,120.0,301978
2024-02-20 15:00:00+07:00,120.5,120.5,121.0,120.0,120.5,1501331
2024-02-20 16:00:00+07:00,121.0,121.0,121.0,120.5,121.0,1174435
2024-02-21 10:00:00+07:00,122.5,122.5,123.0,122.0,122.0,0
2024-02-21 11:00:00+07:00,123.5,123.5,124.0,122.5,122.5,4062485
2024-02-21 12:00:00+07:00,123.5,123.5,124.0,123.0,123.5,1441822
2024-02-21 14:00:00+07:00,123.5,123.5,124.0,123.0,123.5,1736629
2024-02-21 15:00:00+07:00,123.0,123.0,124.0,123.0,123.5,4009099
2024-02-21 16:00:00+07:00,123.5,123.5,124.0,123.0,123.5,1195923
2024-02-22 10:00:00+07:00,123.5,123.5,124.0,123.0,123.5,3441110
2024-02-22 11:00:00+07:00,124.0,124.0,124.0,123.5,124.0,1504824
2024-02-22 12:00:00+07:00,124.0,124.0,124.0,123.5,124.0,937580
2024-02-22 14:00:00+07:00,124.0,124.0,124.5,123.5,124.0,2693718
2024-02-22 15:00:00+07:00,124.5,124.5,124.5,124.0,124.5,856468
2024-02-22 16:00:00+07:00,125.0,125.0,125.0,124.0,124.5,1112672
2024-02-23 10:00:00+07:00,124.0,124.0,125.5,122.5,125.5,0
2024-02-23 11:00:00+07:00,124.0,124.0,124.0,123.5,123.5,810262
2024-02-23 12:00:00+07:00,123.5,123.5,124.0,123.0,123.5,282586
2024-02-23 14:00:00+07:00,123.5,123.5,124.0,123.0,123.0,416144
2024-02-23 15:00:00+07:00,124.0,124.0,124.0,123.5,124.0,335704
2024-02-23 16:00:00+07:00,124.0,124.0,124.0,123.5,124.0,652693
2024-02-27 10:00:00+07:00,123.5,123.5,125.0,122.5,124.5,0
2024-02-27 11:00:00+07:00,123.5,123.5,123.5,123.0,123.0,2195562
2024-02-27 12:00:00+07:00,123.0,123.0,123.5,123.0,123.5,760868
2024-02-27 14:00:00+07:00,123.5,123.5,123.5,123.0,123.0,651304
2024-02-27 15:00:00+07:00,123.5,123.5,123.5,123.0,123.0,1215828
2024-02-27 16:00:00+07:00,123.5,123.5,123.5,123.0,123.5,463903
2024-02-28 10:00:00+07:00,122.0,122.0,122.5,121.5,122.5,0
2024-02-28 11:00:00+07:00,122.0,122.0,122.5,122.0,122.5,119366
2024-02-28 12:00:00+07:00,122.0,122.0,122.5,122.0,122.0,61338
2024-02-28 14:00:00+07:00,123.0,123.0,123.0,122.0,122.0,470873
2024-02-28 15:00:00+07:00,123.5,123.5,123.5,122.5,122.5,857928
2024-02-28 16:00:00+07:00,123.0,123.0,123.5,123.0,123.0,514762
2024-02-29 10:00:00+07:00,123.5,123.5,124.0,123.0,123.5,0
2024-02-29 11:00:00+07:00,123.5,123.5,123.5,123.0,123.0,688410
2024-02-29 12:00:00+07:00,123.0,123.0,123.5,123.0,123.5,123913
2024-02-29 14:00:00+07:00,123.0,123.0,123.5,122.5,123.0,1301942
2024-02-29 15:00:00+07:00,123.5,123.5,123.5,122.5,123.0,1473810
2024-02-29 16:00:00+07:00,123.5,123.5,123.5,123.0,123.0,1349915
2024-03-01 10:00:00+07:00,125.0,125.0,126.0,124.5,125.5,7878092
2024-03-01 11:00:00+07:00,124.0,124.0,125.0,124.0,125.0,2612030
2024-03-01 12:00:00+07:00,124.0,124.0,124.5,123.5,124.0,1271928
2024-03-01 14:00:00+07:00,124.5,124.5,124.5,124.0,124.5,570222
2024-03-01 15:00:00+07:00,123.5,123.5,124.5,123.5,124.0,3561860
2024-03-01 16:00:00+07:00,124.0,124.0,124.0,123.5,123.5,1980595
2024-03-04 10:00:00+07:00,122.5,122.5,123.5,122.0,123.5,0
2024-03-04 11:00:00+07:00,123.5,123.5,124.0,122.5,122.5,1819133
2024-03-04 12:00:00+07:00,123.0,123.0,124.0,123.0,123.5,681081
2024-03-04 14:00:00+07:00,123.5,123.5,124.0,123.0,123.5,844530
2024-03-04 15:00:00+07:00,124.0,124.0,124.0,123.0,123.5,627560
2024-03-04 16:00:00+07:00,124.0,124.0,124.0,123.5,124.0,267113
2024-03-05 10:00:00+07:00,124.0,124.0,124.0,122.5,123.0,0
2024-03-05 11:00:00+07:00,124.0,124.0,124.5,123.5,124.0,758468
2024-03-05 12:00:00+07:00,123.5,123.5,124.5,123.5,124.0,665248
2024-03-05 14:00:00+07:00,124.0,124.0,124.5,123.5,123.5,929553
2024-03-05 15:00:00+07:00,123.5,123.5,124.5,123.5,124.0,458855
2024-03-05 16:00:00+07:00,123.5,123.5,124.0,123.5,124.0,350973
2024-03-06 10:00:00+07:00,123.5,123.5,124.0,123.0,123.0,0
2024-03-06 11:00:00+07:00,123.5,123.5,124.0,123.0,123.5,683447
2024-03-06 12:00:00+07:00,123.5,123.5,123.5,123.0,123.5,45677
2024-03-06 14:00:00+07:00,123.0,123.0,123.5,123.0,123.0,131445
2024-03-06 15:00:00+07:00,122.5,122.5,123.5,122.5,123.5,3998399
2024-03-06 16:00:00+07:00,122.5,122.5,123.0,122.5,122.5,548999
2024-03-07 10:00:00+07:00,123.0,123.0,123.5,122.5,122.5,0
2024-03-07 11:00:00+07:00,122.5,122.5,123.0,122.0,123.0,1002951
2024-03-07 12:00:00+07:00,122.5,122.5,123.0,122.0,122.5,1997566
2024-03-07 14:00:00+07:00,122.5,122.5,122.5,122.0,122.5,982131
2024-03-07 15:00:00+07:00,122.5,122.5,122.5,122.0,122.5,1067981
2024-03-07 16:00:00+07:00,122.5,122.5,122.5,122.0,122.5,1444236
2024-03-08 10:00:00+07:00,123.0,123.0,123.0,121.5,122.0,0
2024-03-08 11:00:00+07:00,122.5,122.5,123.0,122.5,123.0,352934
2024-03-08 12:00:00+07:00,123.0,123.0,123.0,122.5,122.5,379050
2024-03-08 14:00:00+07:00,123.5,123.5,123.5,122.5,123.0,645416
2024-03-08 15:00:00+07:00,123.5,123.5,123.5,123.0,123.5,382546
2024-03-08 16:00:00+07:00,123.0,123.0,123.5,123.0,123.5,385808
2024-03-11 10:00:00+07:00,123.0,123.0,123.5,122.5,123.5,0
2024-03-11 11:00:00+07:00,122.5,122.5,123.0,122.5,123.0,244789
2024-03-11 12:00:00+07:00,122.5,122.5,123.0,122.5,122.5,88389
2024-03-11 14:00:00+07:00,122.0,122.0,123.0,122.0,123.0,2173164
2024-03-11 15:00:00+07:00,122.5,122.5,123.0,122.0,122.5,774711
2024-03-11 16:00:00+07:00,122.0,122.0,122.5,122.0,122.0,101237
2024-03-12 10:00:00+07:00,123.5,123.5,123.5,122.5,123.5,1879757
2024-03-12 11:00:00+07:00,123.5,123.5,123.5,123.0,123.5,319403
2024-03-12 12:00:00+07:00,123.5,123.5,123.5,123.0,123.0,175243
2024-03-12 14:00:00+07:00,123.5,123.5,123.5,123.0,123.0,165767
2024-03-12 15:00:00+07:00,123.0,123.0,123.5,123.0,123.5,265071
2024-03-12 16:00:00+07:00,123.5,123.5,123.5,123.0,123.5,371559
2024-03-13 10:00:00+07:00,124.0,124.0,124.0,123.0,123.5,0
2024-03-13 11:00:00+07:00,124.0,124.0,124.0,123.5,123.5,1055633
2024-03-13 12:00:00+07:00,124.0,124.0,124.0,123.5,123.5,92874
2024-03-13 14:00:00+07:00,123.0,123.0,124.0,122.5,123.5,1530836
2024-03-13 15:00:00+07:00,122.5,122.5,123.0,122.5,123.0,164682
2024-03-13 16:00:00+07:00,123.5,123.5,123.5,122.5,123.0,1134688
2024-03-14 10:00:00+07:00,124.5,124.5,124.5,122.5,123.5,6706314
2024-03-14 11:00:00+07:00,125.0,125.0,125.0,124.0,124.0,3287945
2024-03-14 12:00:00+07:00,124.5,124.5,125.0,124.5,125.0,2337607
2024-03-14 14:00:00+07:00,125.0,125.0,125.0,124.5,125.0,432889
2024-03-14 15:00:00+07:00,125.0,125.0,125.0,124.5,125.0,2563189
2024-03-14 16:00:00+07:00,124.5,124.5,125.0,124.0,124.5,900713
2024-03-15 10:00:00+07:00,124.0,124.0,124.5,123.5,124.0,0
2024-03-15 11:00:00+07:00,124.5,124.5,124.5,124.0,124.0,1424601
2024-03-15 12:00:00+07:00,124.5,124.5,124.5,124.0,124.5,309348
2024-03-15 14:00:00+07:00,124.5,124.5,124.5,124.0,124.5,328431
2024-03-15 15:00:00+07:00,124.5,124.5,125.0,124.0,124.0,1943364
2024-03-15 16:00:00+07:00,124.5,124.5,125.0,124.0,124.5,1404511
2024-03-18 10:00:00+07:00,125.5,125.5,125.5,124.5,125.0,0
2024-03-18 11:00:00+07:00,124.5,124.5,125.5,124.0,125.5,4043171
2024-03-18 12:00:00+07:00,125.0,125.0,125.0,124.5,124.5,268009
2024-03-18 14:00:00+07:00,124.5,124.5,125.0,124.5,125.0,306348
2024-03-18 15:00:00+07:00,124.0,124.0,125.0,124.0,125.0,1394105
2024-03-18 16:00:00+07:00,124.5,124.5,124.5,124.0,124.0,736650
2024-03-19 10:00:00+07:00,124.5,124.5,125.0,124.5,125.0,1448539
2024-03-19 11:00:00+07:00,126.0,126.0,126.0,124.5,124.5,3409997
2024-03-19 12:00:00+07:00,125.5,125.5,126.0,125.5,126.0,253059
2024-03-19 14:00:00+07:00,125.5,125.5,126.0,125.5,125.5,218081
2024-03-19 15:00:00+07:00,124.5,124.5,126.0,124.5,126.0,5902478
2024-03-19 16:00:00+07:00,124.5,124.5,125.0,124.5,125.0,544045
2024-03-20 10:00:00+07:00,124.5,124.5,124.5,123.5,124.5,0
2024-03-20 11:00:00+07:00,124.0,124.0,124.5,124.0,124.5,198556
2024-03-20 12:00:00+07:00,124.0,124.0,124.5,124.0,124.0,98861
2024-03-20 14:00:00+07:00,124.5,124.5,124.5,124.0,124.0,150486
2024-03-20 15:00:00+07:00,124.0,124.0,124.5,123.5,124.5,1118537
2024-03-20 16:00:00+07:00,124.0,124.0,124.0,123.5,123.5,424441
2024-03-21 10:00:00+07:00,124.5,124.5,125.0,124.0,124.5,2783062
2024-03-21 11:00:00+07:00,125.0,125.0,125.0,124.5,125.0,707549
2024-03-21 12:00:00+07:00,124.5,124.5,125.0,124.0,124.5,413025
2024-03-21 14:00:00+07:00,124.0,124.0,124.5,123.5,124.5,1408107
2024-03-21 15:00:00+07:00,123.5,123.5,124.5,123.5,123.5,2241426
2024-03-21 16:00:00+07:00,124.0,124.0,124.0,123.5,123.5,213600
2024-03-22 10:00:00+07:00,125.0,125.0,125.0,123.5,124.0,0
2024-03-22 11:00:00+07:00,124.5,124.5,125.0,124.5,125.0,854093
2024-03-22 12:00:00+07:00,125.0,125.0,125.0,124.0,124.5,494215
2024-03-22 14:00:00+07:00,124.5,124.5,125.0,124.5,124.5,344614
2024-03-22 15:00:00+07:00,124.0,124.0,125.0,124.0,124.5,1487699
2024-03-22 16:00:00+07:00,124.0,124.0,124.5,124.0,124.0,499332
2024-03-25 10:00:00+07:00,123.5,123.5,124.5,122.5,124.5,0
2024-03-25 11:00:00+07:00,122.5,122.5,123.5,122.5,123.5,2384075
2024-03-25 12:00:00+07:00,122.5,122.5,123.0,122.0,122.5,972589
2024-03-25 13:00:00+07:00,122.5,122.5,122.5,122.0,122.0,506642
2024-03-25 14:00:00+07:00,122.5,122.5,122.5,122.0,122.5,286797
2024-03-25 15:00:00+07:00,122.5,122.5,122.5,122.0,122.5,468420
2024-03-25 16:00:00+07:00,122.5,122.5,122.5,122.0,122.5,257861
2024-03-26 10:00:00+07:00,123.5,123.5,124.5,122.0,122.0,0
2024-03-26 11:00:00+07:00,124.5,124.5,124.5,123.5,123.5,1245092
2024-03-26 12:00:00+07:00,124.5,124.5,124.5,124.0,124.0,165513
2024-03-26 13:00:00+07:00,124.0,124.0,124.5,124.0,124.5,27545
2024-03-26 14:00:00+07:00,124.5,124.5,124.5,124.0,124.0,282090
2024-03-26 15:00:00+07:00,124.5,124.5,124.5,124.0,124.5,2313018
2024-03-26 16:00:00+07:00,124.5,124.5,124.5,124.0,124.5,171445
2024-03-27 10:00:00+07:00,125.0,125.0,125.5,124.5,124.5,0
2024-03-27 11:00:00+07:00,125.0,125.0,125.5,125.0,125.0,256517
2024-03-27 12:00:00+07:00,125.0,125.0,125.5,125.0,125.0,170895
2024-03-27 13:00:00+07:00,125.0,125.0,125.0,124.5,125.0,702200
2024-03-27 14:00:00+07:00,124.5,124.5,125.0,124.5,125.0,749418
2024-03-27 15:00:00+07:00,124.5,124.5,125.0,124.5,124.5,291380
2024-03-27 16:00:00+07:00,125.0,125.0,125.0,124.5,124.5,279787
2024-03-28 10:00:00+07:00,124.0,124.0,125.0,124.0,125.0,0
2024-03-28 11:00:00+07:00,124.5,124.5,124.5,123.5,124.0,1322809
2024-03-28 12:00:00+07:00,124.0,124.0,124.5,124.0,124.0,107608
2024-03-28 13:00:00+07:00,124.5,124.5,124.5,124.5,124.5,31900
2024-03-28 14:00:00+07:00,124.5,124.5,124.5,124.0,124.0,66667
2024-03-28 15:00:00+07:00,124.5,124.5,124.5,124.0,124.5,72273
2024-03-28 16:00:00+07:00,123.5,123.5,124.5,123.5,124.0,712487
2024-03-29 10:00:00+07:00,124.0,124.0,125.0,124.0,124.5,0
2024-03-29 11:00:00+07:00,124.0,124.0,124.5,124.0,124.0,104355
2024-03-29 12:00:00+07:00,124.0,124.0,124.5,124.0,124.0,38111
2024-03-29 13:00:00+07:00,124.5,124.5,124.5,124.0,124.5,34300
2024-03-29 14:00:00+07:00,124.0,124.0,124.5,124.0,124.5,83040
2024-03-29 15:00:00+07:00,124.5,124.5,124.5,124.0,124.0,180063
2024-03-29 16:00:00+07:00,124.5,124.5,124.5,124.0,124.5,185084
2024-04-01 10:00:00+07:00,124.5,124.5,125.0,124.0,124.5,0
2024-04-01 11:00:00+07:00,124.5,124.5,125.0,124.0,124.5,483970
2024-04-01 12:00:00+07:00,124.5,124.5,124.5,124.0,124.0,68902
2024-04-01 13:00:00+07:00,124.0,124.0,124.5,124.0,124.5,17104
2024-04-01 14:00:00+07:00,124.0,124.0,124.5,124.0,124.0,90193
2024-04-01 15:00:00+07:00,124.0,124.0,124.5,124.0,124.0,212593
2024-04-01 16:00:00+07:00,124.0,124.0,124.5,124.0,124.0,216452
2024-04-02 10:00:00+07:00,123.0,123.0,123.5,122.5,123.5,1223931
2024-04-02 11:00:00+07:00,122.0,122.0,123.0,122.0,123.0,3578098
2024-04-02 12:00:00+07:00,122.0,122.0,122.5,121.5,122.0,2285174
2024-04-02 13:00:00+07:00,121.5,121.5,122.0,121.5,122.0,111400
2024-04-02 14:00:00+07:00,122.0,122.0,122.5,121.5,121.5,2071883
2024-04-02 15:00:00+07:00,122.0,122.0,122.5,122.0,122.0,450703
2024-04-02 16:00:00+07:00,122.5,122.5,122.5,122.0,122.0,474226
2024-04-03 10:00:00+07:00,123.0,123.0,123.5,121.5,122.0,0
2024-04-03 11:00:00+07:00,123.0,123.0,123.5,122.5,123.5,846241
2024-04-03 12:00:00+07:00,122.5,122.5,123.0,122.5,123.0,142490
2024-04-03 13:00:00+07:00,122.5,122.5,123.0,122.5,123.0,71202
2024-04-03 14:00:00+07:00,123.0,123.0,123.5,122.5,122.5,1888665
2024-04-03 15:00:00+07:00,123.0,123.0,123.5,122.5,123.0,1586318
2024-04-03 16:00:00+07:00,123.0,123.0,123.0,122.5,122.5,439526
2024-04-04 10:00:00+07:00,123.0,123.0,123.0,122.5,122.5,0
2024-04-04 11:00:00+07:00,123.0,123.0,123.0,122.5,123.0,284939
2024-04-04 12:00:00+07:00,122.5,122.5,123.0,122.5,123.0,96375
2024-04-04 13:00:00+07:00,123.0,123.0,123.0,123.0,123.0,14700
2024-04-04 14:00:00+07:00,123.0,123.0,123.0,122.5,123.0,237278
2024-04-04 15:00:00+07:00,122.5,122.5,123.0,122.5,122.5,1489031
2024-04-04 16:00:00+07:00,123.0,123.0,123.0,122.5,122.5,202617
2024-04-05 10:00:00+07:00,123.0,123.0,123.0,122.5,122.5,204965
2024-04-05 11:00:00+07:00,123.5,123.5,123.5,122.5,122.5,973235
2024-04-05 12:00:00+07:00,123.5,123.5,124.0,123.0,123.5,577320
2024-04-05 13:00:00+07:00,123.5,123.5,123.5,123.5,123.5,50070
2024-04-05 14:00:00+07:00,124.0,124.0,124.0,123.5,123.5,954020
2024-04-05 15:00:00+07:00,124.0,124.0,124.0,123.5,124.0,178715
2024-04-05 16:00:00+07:00,123.5,123.5,124.0,123.0,123.5,619268
2024-04-09 10:00:00+07:00,124.0,124.0,124.5,123.5,124.0,0
2024-04-09 11:00:00+07:00,124.0,124.0,124.5,124.0,124.0,317002
2024-04-09 12:00:00+07:00,124.5,124.5,124.5,124.0,124.5,272766
2024-04-09 13:00:00+07:00,124.5,124.5,124.5,124.0,124.5,85606
2024-04-09 14:00:00+07:00,125.0,125.0,125.0,124.0,124.0,3032039
2024-04-09 15:00:00+07:00,125.5,125.5,125.5,124.5,125.0,3409491
2024-04-09 16:00:00+07:00,125.5,125.5,125.5,124.5,125.0,1383320
2024-04-10 10:00:00+07:00,125.5,125.5,126.0,125.0,125.5,0
2024-04-10 11:00:00+07:00,125.0,125.0,125.5,125.0,125.0,1979495
2024-04-10 12:00:00+07:00,125.0,125.0,125.5,125.0,125.5,237758
2024-04-10 13:00:00+07:00,125.0,125.0,125.5,124.5,125.5,356898
2024-04-10 14:00:00+07:00,126.0,126.0,126.0,124.5,125.0,2233152
2024-04-10 15:00:00+07:00,126.0,126.0,126.0,125.5,126.0,3021021
2024-04-10 16:00:00+07:00,126.0,126.0,126.5,125.5,126.0,1044464
2024-04-11 10:00:00+07:00,126.5,126.5,128.0,126.5,126.5,0
2024-04-11 11:00:00+07:00,126.5,126.5,127.0,126.5,126.5,829181
2024-04-11 12:00:00+07:00,127.5,127.5,127.5,126.5,127.0,737335
2024-04-11 13:00:00+07:00,127.0,127.0,127.5,127.0,127.5,54345
2024-04-11 14:00:00+07:00,126.5,126.5,127.5,126.5,127.0,1653773
2024-04-11 15:00:00+07:00,127.0,127.0,127.5,126.5,127.0,1259007
2024-04-11 16:00:00+07:00,127.0,127.0,127.0,126.5,126.5,491664
2024-04-17 10:00:00+07:00,125.5,125.5,126.5,125.0,125.0,0
2024-04-17 11:00:00+07:00,125.0,125.0,126.0,125.0,125.5,2487002
2024-04-17 12:00:00+07:00,125.5,125.5,125.5,125.0,125.0,873598
2024-04-17 13:00:00+07:00,125.0,125.0,125.5,125.0,125.5,93112
2024-04-17 14:00:00+07:00,125.5,125.5,125.5,125.0,125.0,1223629
2024-04-17 15:00:00+07:00,125.0,125.0,125.5,124.5,125.5,1954584
2024-04-17 16:00:00+07:00,125.5,125.5,125.5,125.0,125.0,465619
2024-04-18 10:00:00+07:00,126.5,126.5,127.0,125.5,126.0,0
2024-04-18 11:00:00+07:00,127.0,127.0,127.0,126.0,126.5,1026608
2024-04-18 12:00:00+07:00,126.5,126.5,127.0,126.0,127.0,1507346
2024-04-18 13:00:00+07:00,126.5,126.5,126.5,126.0,126.5,77500
2024-04-18 14:00:00+07:00,126.0,126.0,126.5,125.0,126.5,3631064
2024-04-18 15:00:00+07:00,126.0,126.0,126.5,125.5,126.0,2275922
2024-04-18 16:00:00+07:00,126.0,126.0,126.5,125.5,126.0,780607
2024-04-19 10:00:00+07:00,124.5,124.5,125.0,124.0,124.5,0
2024-04-19 11:00:00+07:00,124.0,124.0,124.5,123.5,124.5,3077483
2024-04-19 12:00:00+07:00,124.0,124.0,124.5,123.5,124.5,474090
2024-04-19 13:00:00+07:00,124.5,124.5,124.5,124.0,124.0,1160100
2024-04-19 14:00:00+07:00,124.0,124.0,124.5,124.0,124.0,1848761
2024-04-19 15:00:00+07:00,124.5,124.5,124.5,124.0,124.5,1147853
2024-04-19 16:00:00+07:00,124.5,124.5,124.5,124.0,124.5,1073550
2024-04-22 10:00:00+07:00,122.5,122.5,123.0,121.5,122.5,0
2024-04-22 11:00:00+07:00,123.5,123.5,124.0,122.5,122.5,4780337
2024-04-22 12:00:00+07:00,123.5,123.5,124.0,123.0,123.5,933921
2024-04-22 13:00:00+07:00,123.5,123.5,124.0,123.0,123.5,402400
2024-04-22 14:00:00+07:00,124.5,124.5,124.5,123.5,123.5,1918697
2024-04-22 15:00:00+07:00,124.0,124.0,124.5,124.0,124.0,2427192
2024-04-22 16:00:00+07:00,124.0,124.0,124.5,124.0,124.5,1138088
2024-04-23 10:00:00+07:00,126.0,126.0,130.0,125.0,125.0,23313988
2024-04-23 11:00:00+07:00,126.5,126.5,127.5,126.0,126.0,2738356
2024-04-23 12:00:00+07:00,127.0,127.0,127.0,126.5,127.0,279091
2024-04-23 13:00:00+07:00,125.5,125.5,127.0,125.5,127.0,1733029
2024-04-23 14:00:00+07:00,125.0,125.0,126.0,125.0,125.5,1188158
2024-04-23 15:00:00+07:00,126.0,126.0,126.0,125.0,125.0,2642550
2024-04-23 16:00:00+07:00,125.5,125.5,126.0,125.5,126.0,554963
2024-04-24 10:00:00+07:00,125.0,125.0,126.0,124.5,126.0,0
2024-04-24 11:00:00+07:00,125.5,125.5,126.0,124.0,125.0,3074091
2024-04-24 12:00:00+07:00,125.0,125.0,125.5,125.0,125.5,234653
2024-04-24 13:00:00+07:00,125.5,125.5,125.5,125.5,125.5,70200
2024-04-24 14:00:00+07:00,126.0,126.0,126.0,125.0,125.5,873458
2024-04-24 15:00:00+07:00,127.0,127.0,127.0,125.5,125.5,5992423
2024-04-24 16:00:00+07:00,127.0,127.0,127.0,126.5,126.5,1064051
2024-04-25 10:00:00+07:00,126.5,126.5,127.5,126.0,126.5,0
2024-04-25 11:00:00+07:00,127.0,127.0,127.0,126.0,126.5,3081857
2024-04-25 12:00:00+07:00,127.0,127.0,127.0,126.5,126.5,1676997
2024-04-25 13:00:00+07:00,127.0,127.0,127.0,126.5,126.5,45500
2024-04-25 14:00:00+07:00,126.5,126.5,127.0,126.5,126.5,538927
2024-04-25 15:00:00+07:00,127.0,127.0,127.0,126.5,126.5,2341229
2024-04-25 16:00:00+07:00,127.0,127.0,127.0,126.5,127.0,555782
2024-04-26 10:00:00+07:00,128.5,128.5,128.5,126.5,127.0,0
2024-04-26 11:00:00+07:00,129.0,129.0,129.0,128.0,128.5,2228708
2024-04-26 12:00:00+07:00,129.0,129.0,129.0,128.5,129.0,2284492
2024-04-26 13:00:00+07:00,129.0,129.0,129.0,128.5,129.0,449300
2024-04-26 14:00:00+07:00,128.5,128.5,129.0,128.5,128.5,2467555
2024-04-26 15:00:00+07:00,130.0,130.0,130.0,128.5,128.5,7688160
2024-04-26 16:00:00+07:00,129.0,129.0,130.0,128.5,129.5,5276370
2024-04-29 10:00:00+07:00,129.5,129.5,130.5,129.0,129.0,0
2024-04-29 11:00:00+07:00,130.5,130.5,130.5,129.0,129.0,2200899
2024-04-29 12:00:00+07:00,130.0,130.0,130.5,130.0,130.5,373754
2024-04-29 13:00:00+07:00,130.5,130.5,130.5,130.0,130.5,152301
2024-04-29 14:00:00+07:00,130.0,130.0,130.5,130.0,130.5,1372857
2024-04-29 15:00:00+07:00,130.5,130.5,130.5,130.0,130.5,2047202
2024-04-29 16:00:00+07:00,130.0,130.0,130.5,130.0,130.0,444473
2024-04-30 10:00:00+07:00,130.5,130.5,131.5,130.0,131.5,7366017
2024-04-30 11:00:00+07:00,131.0,131.0,131.0,130.0,130.5,565344
2024-04-30 12:00:00+07:00,130.5,130.5,131.0,130.5,131.0,1051812
2024-04-30 13:00:00+07:00,131.0,131.0,131.0,131.0,131.0,600600
2024-04-30 14:00:00+07:00,131.0,131.0,131.0,130.5,130.5,484492
2024-04-30 15:00:00+07:00,131.0,131.0,131.0,130.5,131.0,1129776
2024-04-30 16:00:00+07:00,131.0,131.0,131.5,130.5,131.0,728704
2024-05-02 10:00:00+07:00,131.0,131.0,131.5,130.5,130.5,0
2024-05-02 11:00:00+07:00,131.0,131.0,131.0,130.5,130.5,736525
2024-05-02 12:00:00+07:00,131.0,131.0,131.0,130.5,130.5,199182
2024-05-02 13:00:00+07:00,131.0,131.0,131.0,130.5,131.0,223800
2024-05-02 14:00:00+07:00,131.0,131.0,131.0,130.5,131.0,299245
2024-05-02 15:00:00+07:00,131.0,131.0,131.0,130.5,131.0,578010
2024-05-02 16:00:00+07:00,130.5,130.5,131.0,130.5,131.0,363495
2024-05-03 10:00:00+07:00,130.5,130.5,131.0,130.0,130.5,0
2024-05-03 11:00:00+07:00,131.0,131.0,131.0,130.0,130.5,991808
2024-05-03 12:00:00+07:00,130.5,130.5,131.0,130.5,131.0,896686
2024-05-03 13:00:00+07:00,130.5,130.5,131.0,130.5,130.5,109800
2024-05-03 14:00:00+07:00,131.0,131.0,131.0,130.0,130.5,1615222
2024-05-03 15:00:00+07:00,131.0,131.0,131.0,130.5,130.5,531243
2024-05-03 16:00:00+07:00,131.0,131.0,131.0,130.5,131.0,570080
2024-05-07 10:00:00+07:00,131.5,131.5,132.0,131.0,132.0,2130895
2024-05-07 11:00:00+07:00,132.5,132.5,132.5,131.5,132.0,1084030
2024-05-07 12:00:00+07:00,132.5,132.5,132.5,132.0,132.5,459596
2024-05-07 13:00:00+07:00,132.5,132.5,132.5,132.0,132.5,76900
2024-05-07 14:00:00+07:00,132.0,132.0,132.5,132.0,132.5,1649876
2024-05-07 15:00:00+07:00,132.5,132.5,132.5,132.0,132.5,1794606
2024-05-07 16:00:00+07:00,132.5,132.5,132.5,132.0,132.5,584486
2024-05-08 10:00:00+07:00,133.0,133.0,134.0,132.5,133.0,0
2024-05-08 11:00:00+07:00,133.5,133.5,134.0,133.0,133.0,1565504
2024-05-08 12:00:00+07:00,133.5,133.5,133.5,133.0,133.5,591995
2024-05-08 13:00:00+07:00,134.0,134.0,134.0,133.5,133.5,243620
2024-05-08 14:00:00+07:00,133.5,133.5,133.5,133.0,133.5,614402
2024-05-08 15:00:00+07:00,133.5,133.5,133.5,132.5,133.5,1525268
2024-05-08 16:00:00+07:00,133.5,133.5,133.5,132.5,133.5,1216230
2024-05-09 10:00:00+07:00,133.5,133.5,133.5,132.5,132.5,0
2024-05-09 11:00:00+07:00,133.0,133.0,134.0,133.0,133.5,2656813
2024-05-09 12:00:00+07:00,133.5,133.5,134.0,133.0,133.0,878480
2024-05-09 13:00:00+07:00,133.5,133.5,133.5,133.5,133.5,223600
2024-05-09 14:00:00+07:00,133.5,133.5,134.0,133.0,133.5,897419
2024-05-09 15:00:00+07:00,133.5,133.5,134.0,133.0,133.5,1813244
2024-05-09 16:00:00+07:00,133.0,133.0,133.5,133.0,133.5,459504
2024-05-10 10:00:00+07:00,133.5,133.5,134.0,133.0,133.0,0
2024-05-10 11:00:00+07:00,133.0,133.0,133.5,133.0,133.5,813434
2024-05-10 12:00:00+07:00,133.5,133.5,133.5,133.0,133.0,155618
2024-05-10 13:00:00+07:00,133.5,133.5,133.5,133.0,133.5,41009
2024-05-10 14:00:00+07:00,133.0,133.0,133.5,133.0,133.0,328663
2024-05-10 15:00:00+07:00,133.0,133.0,133.5,133.0,133.0,1117796
2024-05-10 16:00:00+07:00,133.5,133.5,133.5,133.0,133.0,1177788
2024-05-13 10:00:00+07:00,133.0,133.0,133.0,132.0,132.5,3636115
2024-05-13 11:00:00+07:00,132.0,132.0,133.0,132.0,133.0,1305119
2024-05-13 12:00:00+07:00,132.5,132.5,132.5,132.0,132.0,308646
2024-05-13 13:00:00+07:00,132.0,132.0,132.0,132.0,132.0,72247
2024-05-13 14:00:00+07:00,132.5,132.5,133.0,132.0,132.0,1382258
2024-05-13 15:00:00+07:00,133.0,133.0,133.0,132.5,132.5,240910
2024-05-13 16:00:00+07:00,133.0,133.0,133.0,132.5,133.0,672718
2024-05-14 10:00:00+07:00,132.5,132.5,133.5,132.5,133.5,0
2024-05-14 11:00:00+07:00,130.5,130.5,132.5,130.5,132.5,3805922
2024-05-14 12:00:00+07:00,130.5,130.5,131.0,130.5,131.0,322713
2024-05-14 13:00:00+07:00,130.5,130.5,131.0,130.5,131.0,954674
2024-05-14 14:00:00+07:00,131.0,131.0,131.5,131.0,131.0,533394
2024-05-14 15:00:00+07:00,131.5,131.5,132.0,131.0,131.5,3058951
2024-05-14 16:00:00+07:00,131.5,131.5,132.0,131.5,131.5,616010
2024-05-15 10:00:00+07:00,132.0,132.0,132.5,131.5,132.0,742905
2024-05-15 11:00:00+07:00,131.5,131.5,132.5,131.5,132.0,2115712
2024-05-15 12:00:00+07:00,132.0,132.0,132.0,131.5,131.5,198125
2024-05-15 13:00:00+07:00,132.0,132.0,132.0,132.0,132.0,44236
2024-05-15 14:00:00+07:00,132.0,132.0,132.0,131.5,132.0,288582
2024-05-15 15:00:00+07:00,131.5,131.5,132.0,131.5,132.0,1809787
2024-05-15 16:00:00+07:00,132.0,132.0,132.0,131.5,132.0,347011
2024-05-16 10:00:00+07:00,133.5,133.5,133.5,132.0,132.0,3789095
2024-05-16 11:00:00+07:00,133.5,133.5,133.5,133.0,133.0,218557
2024-05-16 12:00:00+07:00,133.0,133.0,133.5,133.0,133.5,708226
2024-05-16 13:00:00+07:00,133.0,133.0,133.0,133.0,133.0,36100
2024-05-16 14:00:00+07:00,134.0,134.0,134.0,133.0,133.0,1688435
2024-05-16 15:00:00+07:00,134.0,134.0,134.0,133.5,133.5,464986
2024-05-16 16:00:00+07:00,134.0,134.0,134.0,133.5,133.5,1630926
2024-05-17 10:00:00+07:00,133.5,133.5,134.0,133.0,133.5,2446001
2024-05-17 11:00:00+07:00,133.5,133.5,133.5,133.0,133.5,386389
2024-05-17 12:00:00+07:00,133.5,133.5,133.5,133.0,133.5,159261
2024-05-17 13:00:00+07:00,133.5,133.5,134.0,133.5,133.5,422600
2024-05-17 14:00:00+07:00,134.0,134.0,134.0,133.5,134.0,2655621
2024-05-17 15:00:00+07:00,134.0,134.0,134.0,133.5,134.0,576369
2024-05-17 16:00:00+07:00,133.5,133.5,134.0,133.0,134.0,1119026
2024-05-20 10:00:00+07:00,133.5,133.5,134.5,133.5,134.0,0
2024-05-20 11:00:00+07:00,134.0,134.0,134.0,133.5,133.5,386364
2024-05-20 12:00:00+07:00,134.5,134.5,134.5,133.5,133.5,496372
2024-05-20 13:00:00+07:00,134.0,134.0,134.5,134.0,134.5,54699
2024-05-20 14:00:00+07:00,134.0,134.0,134.5,134.0,134.0,344537
2024-05-20 15:00:00+07:00,134.5,134.5,134.5,134.0,134.5,837855
2024-05-20 16:00:00+07:00,134.5,134.5,134.5,134.0,134.0,552592
2024-05-21 10:00:00+07:00,134.0,134.0,134.5,133.5,134.0,0
2024-05-21 11:00:00+07:00,134.0,134.0,134.0,133.5,133.5,197115
2024-05-21 12:00:00+07:00,134.0,134.0,134.0,133.5,134.0,311118
2024-05-21 13:00:00+07:00,134.0,134.0,134.0,133.5,134.0,80401
2024-05-21 14:00:00+07:00,133.5,133.5,134.5,133.5,134.0,1127323
2024-05-21 15:00:00+07:00,134.0,134.0,134.0,133.5,134.0,726685
2024-05-21 16:00:00+07:00,134.0,134.0,134.0,133.5,134.0,391132
2024-05-23 10:00:00+07:00,134.5,134.5,135.0,134.0,134.0,0
2024-05-23 11:00:00+07:00,134.5,134.5,134.5,134.0,134.5,236314
2024-05-23 12:00:00+07:00,134.5,134.5,134.5,134.0,134.5,215008
2024-05-23 13:00:00+07:00,134.0,134.0,134.0,134.0,134.0,73554
2024-05-23 14:00:00+07:00,134.5,134.5,134.5,134.0,134.0,300637
2024-05-23 15:00:00+07:00,134.5,134.5,134.5,134.0,134.5,491198
2024-05-23 16:00:00+07:00,134.0,134.0,134.5,134.0,134.5,358433
2024-05-24 10:00:00+07:00,135.0,135.0,135.0,133.5,133.5,0
2024-05-24 11:00:00+07:00,134.5,134.5,135.0,134.5,135.0,166251
2024-05-24 12:00:00+07:00,134.5,134.5,135.0,134.5,134.5,203822
2024-05-24 13:00:00+07:00,134.0,134.0,135.0,134.0,134.5,436208
2024-05-24 14:00:00+07:00,134.5,134.5,134.5,134.0,134.0,112957
2024-05-24 15:00:00+07:00,134.0,134.0,135.0,134.0,134.5,2068882
2024-05-24 16:00:00+07:00,134.5,134.5,134.5,134.0,134.5,472466
2024-05-27 10:00:00+07:00,134.5,134.5,135.0,134.0,135.0,0
2024-05-27 11:00:00+07:00,134.5,134.5,135.0,134.0,134.5,561257
2024-05-27 12:00:00+07:00,135.0,135.0,135.0,134.5,135.0,71343
2024-05-27 13:00:00+07:00,135.0,135.0,135.0,134.5,135.0,54000
2024-05-27 14:00:00+07:00,135.0,135.0,135.0,134.5,135.0,584789
2024-05-27 15:00:00+07:00,134.0,134.0,135.0,134.0,134.5,1395056
2024-05-27 16:00:00+07:00,134.0,134.0,134.5,134.0,134.5,195838
2024-05-28 10:00:00+07:00,133.5,133.5,134.0,133.0,133.5,2263985
2024-05-28 11:00:00+07:00,134.0,134.0,134.0,133.5,133.5,62497
2024-05-28 12:00:00+07:00,133.5,133.5,134.0,133.5,133.5,415388
2024-05-28 13:00:00+07:00,134.0,134.0,134.0,133.5,133.5,20000
2024-05-28 14:00:00+07:00,133.5,133.5,134.0,133.5,133.5,247345
2024-05-28 15:00:00+07:00,134.0,134.0,134.0,133.5,133.5,123537
2024-05-28 16:00:00+07:00,133.5,133.5,134.0,133.5,134.0,332323
2024-05-29 10:00:00+07:00,133.5,133.5,134.0,133.0,134.0,0
2024-05-29 11:00:00+07:00,133.5,133.5,133.5,133.0,133.5,141193
2024-05-29 12:00:00+07:00,133.5,133.5,133.5,133.0,133.0,108403
2024-05-29 13:00:00+07:00,133.5,133.5,133.5,133.0,133.5,21800
2024-05-29 14:00:00+07:00,133.0,133.0,133.5,133.0,133.0,209918
2024-05-29 15:00:00+07:00,133.0,133.0,133.5,132.5,133.5,1124103
2024-05-29 16:00:00+07:00,133.0,133.0,133.0,132.5,133.0,142029
2024-05-30 10:00:00+07:00,130.5,130.5,131.5,130.0,131.5,1742830
2024-05-30 11:00:00+07:00,130.0,130.0,131.0,130.0,130.0,1669980
2024-05-30 12:00:00+07:00,130.0,130.0,130.5,129.5,130.0,908350
2024-05-30 13:00:00+07:00,130.0,130.0,130.0,130.0,130.0,543300
2024-05-30 14:00:00+07:00,130.5,130.5,131.0,129.5,130.0,1335907
2024-05-30 15:00:00+07:00,130.5,130.5,131.0,130.0,130.5,1175538
2024-05-30 16:00:00+07:00,131.0,131.0,131.5,130.5,131.0,1262137
2024-05-31 10:00:00+07:00,131.5,131.5,132.0,131.0,131.0,0
2024-05-31 11:00:00+07:00,131.0,131.0,132.0,130.5,131.5,1310259
2024-05-31 12:00:00+07:00,131.0,131.0,131.5,131.0,131.0,83818
2024-05-31 13:00:00+07:00,131.5,131.5,131.5,131.0,131.0,70901
2024-05-31 14:00:00+07:00,130.5,130.5,131.5,130.5,131.5,899773
2024-05-31 15:00:00+07:00,130.0,130.0,131.0,130.0,130.5,1392148
2024-05-31 16:00:00+07:00,130.5,130.5,130.5,130.0,130.5,1344894
2024-06-04 10:00:00+07:00,130.5,130.5,131.5,130.5,130.5,0
2024-06-04 11:00:00+07:00,129.5,129.5,131.0,129.5,130.5,1258586
2024-06-04 12:00:00+07:00,130.0,130.0,130.5,129.5,129.5,279669
2024-06-04 13:00:00+07:00,130.0,130.0,130.5,130.0,130.0,53905
2024-06-04 14:00:00+07:00,130.5,130.5,130.5,129.5,130.5,501955
2024-06-04 15:00:00+07:00,130.5,130.5,130.5,130.0,130.5,221181
2024-06-04 16:00:00+07:00,130.0,130.0,130.5,129.5,130.0,294900
2024-06-05 10:00:00+07:00,130.5,130.5,131.5,129.5,130.5,1074980
2024-06-05 11:00:00+07:00,129.5,129.5,130.5,129.5,130.5,658583
2024-06-05 12:00:00+07:00,129.5,129.5,130.0,129.5,129.5,374345
2024-06-05 13:00:00+07:00,130.0,130.0,130.0,129.5,130.0,629500
2024-06-05 14:00:00+07:00,129.0,129.0,130.0,129.0,130.0,586361
2024-06-05 15:00:00+07:00,129.0,129.0,130.0,129.0,129.0,1038792
2024-06-05 16:00:00+07:00,129.0,129.0,129.5,129.0,129.0,922868
2024-06-06 10:00:00+07:00,128.0,128.0,129.0,128.0,129.0,0
2024-06-06 11:00:00+07:00,128.5,128.5,129.0,128.0,128.0,832851
2024-06-06 12:00:00+07:00,128.5,128.5,129.0,128.5,129.0,842667
2024-06-06 13:00:00+07:00,128.5,128.5,128.5,128.5,128.5,119400
2024-06-06 14:00:00+07:00,127.5,127.5,129.0,127.5,128.5,1471504
2024-06-06 15:00:00+07:00,128.0,128.0,128.5,127.5,127.5,916604
2024-06-06 16:00:00+07:00,128.0,128.0,128.5,127.5,127.5,815693
2024-06-07 10:00:00+07:00,127.5,127.5,130.0,127.5,129.5,0
2024-06-07 11:00:00+07:00,129.0,129.0,129.0,127.5,127.5,2070329
2024-06-07 12:00:00+07:00,129.0,129.0,129.5,128.5,129.0,300633
2024-06-07 13:00:00+07:00,129.0,129.0,129.5,129.0,129.5,211250
2024-06-07 14:00:00+07:00,129.0,129.0,129.5,128.5,129.0,608244
2024-06-07 15:00:00+07:00,128.5,128.5,129.5,128.5,129.0,525803
2024-06-07 16:00:00+07:00,129.0,129.0,129.0,128.0,128.5,702349
2024-06-10 10:00:00+07:00,127.5,127.5,128.5,127.0,128.5,0
2024-06-10 11:00:00+07:00,127.0,127.0,127.5,127.0,127.5,435544
2024-06-10 12:00:00+07:00,127.5,127.5,127.5,127.0,127.5,88510
2024-06-10 13:00:00+07:00,127.0,127.0,127.5,127.0,127.0,114980
2024-06-10 14:00:00+07:00,127.5,127.5,128.0,127.0,127.0,797223
2024-06-10 15:00:00+07:00,127.5,127.5,128.5,127.5,127.5,674096
2024-06-10 16:00:00+07:00,127.5,127.5,128.0,127.5,128.0,110190
2024-06-11 10:00:00+07:00,127.0,127.0,127.5,126.5,127.5,0
2024-06-11 11:00:00+07:00,126.0,126.0,127.0,126.0,126.5,1512108
2024-06-11 12:00:00+07:00,125.5,125.5,126.5,125.5,126.0,1219955
2024-06-11 13:00:00+07:00,126.0,126.0,126.0,125.5,125.5,216140
2024-06-11 14:00:00+07:00,126.5,126.5,126.5,125.5,126.0,1335271
2024-06-11 15:00:00+07:00,125.5,125.5,126.5,125.5,126.0,727374
2024-06-11 16:00:00+07:00,125.5,125.5,126.0,125.5,125.5,1320864
2024-06-12 10:00:00+07:00,126.5,126.5,127.5,126.0,126.5,0
2024-06-12 11:00:00+07:00,126.5,126.5,126.5,126.0,126.5,733724
2024-06-12 12:00:00+07:00,126.5,126.5,126.5,126.0,126.0,79178
2024-06-12 13:00:00+07:00,126.5,126.5,127.0,126.0,126.5,278130
2024-06-12 14:00:00+07:00,126.5,126.5,127.0,126.0,126.5,336746
2024-06-12 15:00:00+07:00,126.5,126.5,127.0,126.0,126.5,509889
2024-06-12 16:00:00+07:00,126.5,126.5,126.5,126.0,126.5,232968
2024-06-13 10:00:00+07:00,129.0,129.0,129.0,128.0,128.0,2908261
2024-06-13 11:00:00+07:00,129.0,129.0,129.0,128.5,129.0,347496
2024-06-13 12:00:00+07:00,129.5,129.5,129.5,128.5,129.0,1979722
2024-06-13 13:00:00+07:00,129.5,129.5,129.5,129.5,129.5,445000
2024-06-13 14:00:00+07:00,130.0,130.0,130.0,129.5,130.0,1643913
2024-06-13 15:00:00+07:00,129.0,129.0,130.0,129.0,129.5,1612092
2024-06-13 16:00:00+07:00,129.5,129.5,129.5,129.0,129.0,1339202
2024-06-14 10:00:00+07:00,129.5,129.5,130.5,129.0,130.0,0
2024-06-14 11:00:00+07:00,129.5,129.5,130.0,129.0,129.0,569452
2024-06-14 12:00:00+07:00,130.0,130.0,130.0,129.5,129.5,162673
2024-06-14 13:00:00+07:00,130.0,130.0,130.0,129.5,130.0,86000
2024-06-14 14:00:00+07:00,130.0,130.0,130.0,129.5,129.5,162060
2024-06-14 15:00:00+07:00,130.0,130.0,130.0,129.5,130.0,439170
2024-06-14 16:00:00+07:00,130.0,130.0,130.0,129.5,130.0,382601
2024-06-17 10:00:00+07:00,127.5,127.5,129.0,127.0,129.0,0
2024-06-17 11:00:00+07:00,127.0,127.0,127.5,126.5,127.5,2103953
2024-06-17 12:00:00+07:00,127.0,127.0,127.0,126.5,127.0,179055
2024-06-17 13:00:00+07:00,126.5,126.5,126.5,126.5,126.5,39610
2024-06-17 14:00:00+07:00,127.0,127.0,127.0,126.0,126.5,2565179
2024-06-17 15:00:00+07:00,126.0,126.0,127.0,126.0,127.0,1533374
2024-06-17 16:00:00+07:00,126.0,126.0,126.5,126.0,126.5,455496
2024-06-18 10:00:00+07:00,125.5,125.5,126.5,125.0,126.0,0
2024-06-18 11:00:00+07:00,126.0,126.0,126.0,125.5,125.5,2066262
2024-06-18 12:00:00+07:00,125.5,125.5,126.5,125.5,126.0,2174284
2024-06-18 13:00:00+07:00,126.0,126.0,126.0,125.5,126.0,110147
2024-06-18 14:00:00+07:00,126.0,126.0,126.0,125.5,125.5,931156
2024-06-18 15:00:00+07:00,125.5,125.5,126.0,125.0,125.5,2187420
2024-06-18 16:00:00+07:00,126.0,126.0,126.0,125.0,125.5,1007375
2024-06-19 10:00:00+07:00,122.5,122.5,125.5,121.5,125.5,1968667
2024-06-19 11:00:00+07:00,122.5,122.5,123.0,122.5,123.0,3574335
2024-06-19 12:00:00+07:00,122.5,122.5,123.0,122.0,122.5,1764173
2024-06-19 13:00:00+07:00,122.0,122.0,122.0,122.0,122.0,186767
2024-06-19 14:00:00+07:00,122.5,122.5,122.5,122.0,122.5,1698171
2024-06-19 15:00:00+07:00,123.0,123.0,123.0,122.0,122.5,3117541
2024-06-19 16:00:00+07:00,124.5,124.5,124.5,123.5,123.5,1977833
2024-06-20 10:00:00+07:00,124.5,124.5,124.5,123.5,123.5,0
2024-06-20 11:00:00+07:00,124.5,124.5,124.5,123.5,124.0,990193
2024-06-20 12:00:00+07:00,124.5,124.5,124.5,124.0,124.5,565715
2024-06-20 13:00:00+07:00,124.5,124.5,124.5,124.0,124.0,64001
2024-06-20 14:00:00+07:00,124.5,124.5,125.0,123.5,124.0,3654642
2024-06-20 15:00:00+07:00,124.5,124.5,124.5,124.0,124.0,501946
2024-06-20 16:00:00+07:00,123.5,123.5,124.5,123.5,124.0,1113009
2024-06-21 10:00:00+07:00,125.0,125.0,125.0,123.5,124.0,0
2024-06-21 11:00:00+07:00,125.0,125.0,125.0,124.5,125.0,312485
2024-06-21 12:00:00+07:00,125.0,125.0,125.0,124.5,125.0,107838
2024-06-21 13:00:00+07:00,124.5,124.5,125.0,124.5,125.0,50500
2024-06-21 14:00:00+07:00,125.0,125.0,125.5,124.5,125.0,1636839
2024-06-21 15:00:00+07:00,125.5,125.5,125.5,124.5,125.5,1202840
2024-06-21 16:00:00+07:00,125.0,125.0,125.5,125.0,125.5,297313
2024-06-24 10:00:00+07:00,125.5,125.5,126.0,125.0,125.5,0
2024-06-24 11:00:00+07:00,126.0,126.0,126.0,125.0,125.5,494488
2024-06-24 12:00:00+07:00,126.0,126.0,126.0,125.5,126.0,322684
2024-06-24 13:00:00+07:00,125.5,125.5,126.0,125.5,126.0,57101
2024-06-24 14:00:00+07:00,126.5,126.5,126.5,125.5,126.0,731233
2024-06-24 15:00:00+07:00,126.5,126.5,127.0,126.0,126.5,1385051
2024-06-24 16:00:00+07:00,127.0,127.0,127.0,126.0,126.5,836595
2024-06-25 10:00:00+07:00,126.5,126.5,128.0,126.5,128.0,0
2024-06-25 11:00:00+07:00,127.0,127.0,127.5,126.5,127.0,1813796
2024-06-25 12:00:00+07:00,127.5,127.5,127.5,127.0,127.5,75050
2024-06-25 13:00:00+07:00,127.5,127.5,127.5,127.5,127.5,50300
2024-06-25 14:00:00+07:00,127.5,127.5,127.5,127.0,127.5,502736
2024-06-25 15:00:00+07:00,127.5,127.5,127.5,127.0,127.5,590998
2024-06-25 16:00:00+07:00,127.0,127.0,127.5,126.5,127.5,1166130
2024-06-26 10:00:00+07:00,126.5,126.5,127.5,126.5,127.5,0
2024-06-26 11:00:00+07:00,126.5,126.5,127.5,126.5,127.0,1829352
2024-06-26 12:00:00+07:00,127.0,127.0,127.0,126.5,126.5,86723
2024-06-26 13:00:00+07:00,127.0,127.0,127.0,127.0,127.0,13400
2024-06-26 14:00:00+07:00,127.0,127.0,127.0,126.5,127.0,225959
2024-06-26 15:00:00+07:00,126.5,126.5,127.0,126.5,127.0,1268275
2024-06-26 16:00:00+07:00,127.0,127.0,127.0,126.5,127.0,945977
2024-06-27 10:00:00+07:00,126.5,126.5,127.0,125.5,126.0,0
2024-06-27 11:00:00+07:00,126.0,126.0,127.0,126.0,126.5,868559
2024-06-27 12:00:00+07:00,126.0,126.0,126.5,126.0,126.0,275301
2024-06-27 13:00:00+07:00,126.5,126.5,126.5,126.0,126.0,895601
2024-06-27 14:00:00+07:00,125.5,125.5,126.5,125.5,126.5,1009797
2024-06-27 15:00:00+07:00,126.5,126.5,126.5,125.5,125.5,1231484
2024-06-27 16:00:00+07:00,126.5,126.5,126.5,126.0,126.5,950074
2024-06-28 10:00:00+07:00,126.0,126.0,127.0,125.5,127.0,0
2024-06-28 11:00:00+07:00,126.0,126.0,126.0,125.5,126.0,654822
2024-06-28 12:00:00+07:00,126.0,126.0,126.0,125.5,126.0,369726
2024-06-28 13:00:00+07:00,126.0,126.0,126.0,125.5,126.0,341700
2024-06-28 14:00:00+07:00,126.0,126.0,126.0,125.5,126.0,471899
2024-06-28 15:00:00+07:00,125.5,125.5,126.0,125.5,126.0,724702
2024-06-28 16:00:00+07:00,126.0,126.0,126.0,125.5,126.0,515573
2024-07-01 10:00:00+07:00,125.5,125.5,126.0,125.5,126.0,0
2024-07-01 11:00:00+07:00,126.0,126.0,126.0,125.5,125.5,292296
2024-07-01 12:00:00+07:00,126.5,126.5,126.5,126.0,126.0,515412
2024-07-01 13:00:00+07:00,126.5,126.5,126.5,126.0,126.5,125901
2024-07-01 14:00:00+07:00,126.0,126.0,126.5,125.5,126.5,567421
2024-07-01 15:00:00+07:00,126.0,126.0,126.0,125.5,125.5,678363
2024-07-01 16:00:00+07:00,125.5,125.5,126.0,125.5,126.0,1651284
2024-07-02 10:00:00+07:00,124.5,124.5,124.5,123.0,123.5,0
2024-07-02 11:00:00+07:00,124.5,124.5,125.0,124.0,124.5,1090650
2024-07-02 12:00:00+07:00,124.5,124.5,124.5,124.0,124.5,92584
2024-07-02 13:00:00+07:00,124.0,124.0,124.5,124.0,124.5,92649
2024-07-02 14:00:00+07:00,125.0,125.0,125.0,124.0,124.0,775599
2024-07-02 15:00:00+07:00,124.5,124.5,125.0,124.0,125.0,895595
2024-07-02 16:00:00+07:00,124.5,124.5,124.5,124.0,124.0,348527
2024-07-03 10:00:00+07:00,126.0,126.0,126.0,124.0,124.0,0
2024-07-03 11:00:00+07:00,125.5,125.5,126.0,125.5,126.0,1779373
2024-07-03 12:00:00+07:00,125.5,125.5,126.0,125.5,126.0,398778
2024-07-03 13:00:00+07:00,126.0,126.0,126.0,126.0,126.0,40000
2024-07-03 14:00:00+07:00,126.0,126.0,126.0,125.5,126.0,1517729
2024-07-03 15:00:00+07:00,126.0,126.0,126.0,125.5,126.0,626959
2024-07-03 16:00:00+07:00,126.0,126.0,126.0,125.5,126.0,1417854
2024-07-04 10:00:00+07:00,127.5,127.5,128.0,127.0,127.0,0
2024-07-04 11:00:00+07:00,127.0,127.0,127.5,126.5,127.5,1052671
2024-07-04 12:00:00+07:00,127.5,127.5,127.5,127.0,127.5,67610
2024-07-04 13:00:00+07:00,127.5,127.5,127.5,127.0,127.0,66200
2024-07-04 14:00:00+07:00,127.0,127.0,127.5,127.0,127.0,118895
2024-07-04 15:00:00+07:00,127.5,127.5,127.5,127.0,127.5,341883
2024-07-04 16:00:00+07:00,127.5,127.5,127.5,127.0,127.5,157935
2024-07-05 10:00:00+07:00,128.0,128.0,128.5,127.5,128.0,0
2024-07-05 11:00:00+07:00,128.0,128.0,128.5,127.5,127.5,1162907
2024-07-05 12:00:00+07:00,129.0,129.0,129.0,128.0,128.5,525063
2024-07-05 13:00:00+07:00,129.0,129.0,129.0,129.0,129.0,35505
2024-07-05 14:00:00+07:00,129.0,129.0,129.0,128.5,128.5,1101251
2024-07-05 15:00:00+07:00,129.5,129.5,129.5,128.5,129.0,1959818
2024-07-05 16:00:00+07:00,129.5,129.5,130.0,129.0,129.5,945450
2024-07-08 10:00:00+07:00,130.0,130.0,130.0,128.5,129.5,1670773
2024-07-08 11:00:00+07:00,129.5,129.5,130.0,129.0,129.5,1199660
2024-07-08 12:00:00+07:00,128.5,128.5,129.5,128.5,129.5,473166
2024-07-08 13:00:00+07:00,128.5,128.5,128.5,128.5,128.5,17903
2024-07-08 14:00:00+07:00,129.5,129.5,129.5,128.5,128.5,715151
2024-07-08 15:00:00+07:00,129.5,129.5,129.5,129.0,129.0,136892
2024-07-08 16:00:00+07:00,129.5,129.5,129.5,129.0,129.5,271675
2024-07-09 10:00:00+07:00,128.0,128.0,129.0,127.5,129.0,3364989
2024-07-09 11:00:00+07:00,128.5,128.5,128.5,127.5,128.0,1480160
2024-07-09 12:00:00+07:00,128.5,128.5,129.0,128.0,128.5,1369966
2024-07-09 13:00:00+07:00,128.5,128.5,128.5,128.5,128.5,79001
2024-07-09 14:00:00+07:00,129.0,129.0,129.0,128.5,128.5,508514
2024-07-09 15:00:00+07:00,129.0,129.0,129.0,128.5,128.5,951582
2024-07-09 16:00:00+07:00,129.0,129.0,129.0,128.5,129.0,452155
2024-07-10 10:00:00+07:00,129.0,129.0,129.5,128.5,128.5,0
2024-07-10 11:00:00+07:00,129.0,129.0,129.0,128.5,129.0,150098
2024-07-10 12:00:00+07:00,128.5,128.5,129.0,128.5,129.0,67451
2024-07-10 13:00:00+07:00,129.0,129.0,129.0,128.5,129.0,48900
2024-07-10 14:00:00+07:00,128.5,128.5,129.0,128.0,128.5,889828
2024-07-10 15:00:00+07:00,128.0,128.0,128.5,128.0,128.0,334383
2024-07-10 16:00:00+07:00,128.0,128.0,129.0,128.0,128.0,462404
2024-07-11 10:00:00+07:00,128.0,128.0,128.5,127.5,128.0,0
2024-07-11 11:00:00+07:00,127.5,127.5,128.0,127.0,127.5,846387
2024-07-11 12:00:00+07:00,127.5,127.5,127.5,127.0,127.5,131805
2024-07-11 13:00:00+07:00,128.0,128.0,128.0,127.5,127.5,560900
2024-07-11 14:00:00+07:00,128.5,128.5,128.5,127.5,127.5,1109267
2024-07-11 15:00:00+07:00,128.0,128.0,128.5,128.0,128.5,498751
2024-07-11 16:00:00+07:00,128.0,128.0,128.5,128.0,128.5,502529
2024-07-12 10:00:00+07:00,129.0,129.0,129.0,128.0,128.5,0
2024-07-12 11:00:00+07:00,129.0,129.0,129.0,128.5,129.0,453416
2024-07-12 12:00:00+07:00,128.0,128.0,129.0,128.0,128.5,610359
2024-07-12 13:00:00+07:00,128.5,128.5,128.5,128.0,128.5,45200
2024-07-12 14:00:00+07:00,128.5,128.5,129.0,128.0,128.5,1302050
2024-07-12 15:00:00+07:00,128.0,128.0,129.0,128.0,128.5,2091433
2024-07-12 16:00:00+07:00,128.5,128.5,128.5,128.0,128.0,951735
2024-07-15 10:00:00+07:00,126.5,126.5,127.5,126.0,127.0,1146319
2024-07-15 11:00:00+07:00,125.5,125.5,126.5,125.5,126.5,1361582
2024-07-15 12:00:00+07:00,125.5,125.5,125.5,125.0,125.5,549113
2024-07-15 13:00:00+07:00,125.0,125.0,125.5,125.0,125.5,171347
2024-07-15 14:00:00+07:00,125.0,125.0,125.5,124.5,125.5,3177399
2024-07-15 15:00:00+07:00,125.0,125.0,125.0,124.5,125.0,2158023
2024-07-15 16:00:00+07:00,125.0,125.0,125.0,124.5,125.0,508681
2024-07-16 10:00:00+07:00,126.0,126.0,126.5,125.5,126.0,0
2024-07-16 11:00:00+07:00,126.0,126.0,126.0,125.0,126.0,1191598
2024-07-16 12:00:00+07:00,126.0,126.0,126.0,125.5,126.0,145025
2024-07-16 13:00:00+07:00,126.0,126.0,126.0,125.5,126.0,122405
2024-07-16 14:00:00+07:00,126.0,126.0,126.0,125.5,126.0,480702
2024-07-16 15:00:00+07:00,126.0,126.0,126.0,125.5,126.0,591884
2024-07-16 16:00:00+07:00,125.5,125.5,126.0,125.5,126.0,837767
2024-07-17 10:00:00+07:00,126.5,126.5,126.5,125.5,125.5,0
2024-07-17 11:00:00+07:00,127.0,127.0,127.0,126.0,126.5,1213090
2024-07-17 12:00:00+07:00,126.0,126.0,127.0,126.0,127.0,847152
2024-07-17 13:00:00+07:00,126.0,126.0,126.5,126.0,126.5,189200
2024-07-17 14:00:00+07:00,127.0,127.0,127.0,126.5,126.5,1202079
2024-07-17 15:00:00+07:00,127.0,127.0,127.0,126.5,127.0,661847
2024-07-17 16:00:00+07:00,127.0,127.0,127.0,126.5,127.0,638311
2024-07-18 10:00:00+07:00,128.5,128.5,128.5,127.5,127.5,2213783
2024-07-18 11:00:00+07:00,128.5,128.5,128.5,128.0,128.0,664552
2024-07-18 12:00:00+07:00,128.5,128.5,128.5,128.0,128.5,398387
2024-07-18 13:00:00+07:00,128.5,128.5,128.5,128.0,128.0,384501
2024-07-18 14:00:00+07:00,128.0,128.0,128.5,128.0,128.5,287173
2024-07-18 15:00:00+07:00,128.5,128.5,128.5,128.0,128.5,960324
2024-07-18 16:00:00+07:00,128.0,128.0,128.5,127.5,128.5,1583422
2024-07-19 10:00:00+07:00,127.5,127.5,129.5,126.5,129.0,0
2024-07-19 11:00:00+07:00,127.5,127.5,128.0,127.0,128.0,2829054
2024-07-19 12:00:00+07:00,128.0,128.0,128.0,127.5,128.0,535688
2024-07-19 13:00:00+07:00,128.0,128.0,128.0,128.0,128.0,87901
2024-07-19 14:00:00+07:00,127.0,127.0,128.0,126.5,128.0,2130000
2024-07-19 15:00:00+07:00,127.5,127.5,127.5,127.0,127.5,610756
2024-07-19 16:00:00+07:00,127.5,127.5,127.5,127.0,127.5,768598
2024-07-23 10:00:00+07:00,128.5,128.5,130.0,128.5,129.0,0
2024-07-23 11:00:00+07:00,128.5,128.5,129.0,128.0,129.0,620412
2024-07-23 12:00:00+07:00,128.0,128.0,128.5,128.0,128.5,222465
2024-07-23 13:00:00+07:00,128.0,128.0,128.5,128.0,128.0,56913
2024-07-23 14:00:00+07:00,128.0,128.0,128.5,127.5,128.5,1544102
2024-07-23 15:00:00+07:00,128.0,128.0,128.5,127.5,128.0,536821
2024-07-23 16:00:00+07:00,128.0,128.0,128.5,128.0,128.0,516457
2024-07-24 10:00:00+07:00,127.5,127.5,129.0,127.5,128.5,0
2024-07-24 11:00:00+07:00,128.0,128.0,128.0,127.5,127.5,240991
2024-07-24 12:00:00+07:00,128.0,128.0,128.0,127.5,127.5,137538
2024-07-24 13:00:00+07:00,128.0,128.0,128.0,127.5,128.0,122205
2024-07-24 14:00:00+07:00,127.5,127.5,128.0,127.5,128.0,321343
2024-07-24 15:00:00+07:00,128.0,128.0,128.0,127.5,128.0,793989
2024-07-24 16:00:00+07:00,127.5,127.5,128.0,127.5,128.0,506147
2024-07-25 10:00:00+07:00,128.0,128.0,128.0,127.0,127.5,0
2024-07-25 11:00:00+07:00,128.0,128.0,128.5,127.5,128.0,437122
2024-07-25 12:00:00+07:00,128.0,128.0,128.5,128.0,128.5,180477
2024-07-25 13:00:00+07:00,128.5,128.5,128.5,128.0,128.0,140900
2024-07-25 14:00:00+07:00,128.0,128.0,128.5,128.0,128.0,432045
2024-07-25 15:00:00+07:00,127.5,127.5,128.5,127.5,128.0,1878832
2024-07-25 16:00:00+07:00,127.5,127.5,128.0,127.0,127.5,735456
2024-07-26 10:00:00+07:00,128.0,128.0,128.5,127.0,127.0,0
2024-07-26 11:00:00+07:00,128.0,128.0,128.5,128.0,128.0,896583
2024-07-26 12:00:00+07:00,128.5,128.5,128.5,128.0,128.0,132144
2024-07-26 13:00:00+07:00,128.0,128.0,128.5,128.0,128.0,228700
2024-07-26 14:00:00+07:00,127.5,127.5,128.0,127.5,128.0,438862
2024-07-26 15:00:00+07:00,127.5,127.5,128.0,127.5,127.5,1269417
2024-07-26 16:00:00+07:00,127.5,127.5,128.0,127.5,128.0,357097
2024-07-30 10:00:00+07:00,131.5,131.5,132.0,129.0,129.5,3538786
2024-07-30 11:00:00+07:00,132.5,132.5,133.5,131.5,131.5,5662706
2024-07-30 12:00:00+07:00,132.5,132.5,133.0,132.0,132.5,1533268
2024-07-30 13:00:00+07:00,132.0,132.0,132.5,132.0,132.5,102900
2024-07-30 14:00:00+07:00,132.5,132.5,133.0,132.0,132.0,1613963
2024-07-30 15:00:00+07:00,132.5,132.5,133.0,132.5,132.5,984286
2024-07-30 16:00:00+07:00,132.5,132.5,133.0,132.5,133.0,1669609
2024-07-31 10:00:00+07:00,132.0,132.0,132.5,131.5,132.5,2198946
2024-07-31 11:00:00+07:00,132.5,132.5,132.5,131.5,132.0,1339003
2024-07-31 12:00:00+07:00,132.0,132.0,132.5,132.0,132.0,224194
2024-07-31 13:00:00+07:00,132.0,132.0,132.5,132.0,132.5,74000
2024-07-31 14:00:00+07:00,132.0,132.0,132.5,131.5,132.0,1483300
2024-07-31 15:00:00+07:00,132.0,132.0,132.5,132.0,132.0,320956
2024-07-31 16:00:00+07:00,131.5,131.5,133.0,131.5,132.5,1392130
2024-08-01 10:00:00+07:00,133.5,133.5,134.5,133.0,134.0,0
2024-08-01 11:00:00+07:00,133.5,133.5,133.5,133.0,133.0,482763
2024-08-01 12:00:00+07:00,134.0,134.0,134.0,133.5,133.5,378371
2024-08-01 13:00:00+07:00,133.5,133.5,134.0,133.5,134.0,92312
2024-08-01 14:00:00+07:00,133.0,133.0,133.5,133.0,133.5,1391356
2024-08-01 15:00:00+07:00,133.0,133.0,133.5,133.0,133.0,628927
2024-08-01 16:00:00+07:00,133.0,133.0,133.5,132.5,133.0,899239
2024-08-02 10:00:00+07:00,132.5,132.5,133.0,132.0,132.5,0
2024-08-02 11:00:00+07:00,132.5,132.5,132.5,132.0,132.5,1348224
2024-08-02 12:00:00+07:00,133.0,133.0,133.0,132.0,132.0,625474
2024-08-02 13:00:00+07:00,133.0,133.0,133.0,132.5,133.0,112235
2024-08-02 14:00:00+07:00,132.5,132.5,133.0,132.0,132.5,1580070
2024-08-02 15:00:00+07:00,132.5,132.5,133.0,132.5,132.5,464946
2024-08-02 16:00:00+07:00,133.0,133.0,133.0,132.5,133.0,672100
2024-08-05 10:00:00+07:00,131.5,131.5,131.5,130.5,130.5,0
2024-08-05 11:00:00+07:00,130.5,130.5,131.5,130.5,131.0,1128769
2024-08-05 12:00:00+07:00,131.5,131.5,131.5,130.0,130.5,1582376
2024-08-05 13:00:00+07:00,131.0,131.0,131.0,130.5,130.5,73200
2024-08-05 14:00:00+07:00,130.0,130.0,131.0,130.0,131.0,811580
2024-08-05 15:00:00+07:00,129.5,129.5,130.5,129.5,130.0,1376939
2024-08-05 16:00:00+07:00,130.0,130.0,130.5,129.5,129.5,1231507
2024-08-06 10:00:00+07:00,131.0,131.0,132.0,130.0,131.5,2814868
2024-08-06 11:00:00+07:00,130.5,130.5,131.0,130.0,130.5,552864
2024-08-06 12:00:00+07:00,130.5,130.5,131.0,130.0,130.0,277413
2024-08-06 13:00:00+07:00,130.0,130.0,130.5,130.0,130.5,14200
2024-08-06 14:00:00+07:00,129.5,129.5,130.0,129.0,130.0,903743
2024-08-06 15:00:00+07:00,129.0,129.0,130.0,129.0,129.5,966458
2024-08-06 16:00:00+07:00,129.5,129.5,129.5,129.0,129.0,186016
2024-08-07 10:00:00+07:00,130.0,130.0,130.5,129.5,130.5,0
2024-08-07 11:00:00+07:00,130.0,130.0,130.5,129.5,130.5,460605
2024-08-07 12:00:00+07:00,130.0,130.0,130.0,129.5,130.0,247922
2024-08-07 13:00:00+07:00,129.5,129.5,129.5,129.5,129.5,61900
2024-08-07 14:00:00+07:00,130.0,130.0,130.5,129.5,129.5,798825
2024-08-07 15:00:00+07:00,129.5,129.5,130.5,129.5,130.0,1008065
2024-08-07 16:00:00+07:00,130.0,130.0,131.0,129.5,129.5,954220
2024-08-08 10:00:00+07:00,128.5,128.5,129.0,127.0,128.0,2687635
2024-08-08 11:00:00+07:00,128.0,128.0,129.0,128.0,129.0,3308295
2024-08-08 12:00:00+07:00,128.0,128.0,129.0,128.0,128.5,705306
2024-08-08 13:00:00+07:00,128.0,128.0,128.5,128.0,128.5,33800
2024-08-08 14:00:00+07:00,129.0,129.0,129.0,128.0,128.0,1632437
2024-08-08 15:00:00+07:00,129.0,129.0,129.0,128.5,129.0,998561
2024-08-08 16:00:00+07:00,128.5,128.5,129.0,128.5,128.5,751023
2024-08-09 10:00:00+07:00,129.5,129.5,130.0,128.5,129.0,0
2024-08-09 11:00:00+07:00,129.5,129.5,130.0,129.0,129.5,886899
2024-08-09 12:00:00+07:00,129.5,129.5,130.5,129.5,130.0,895540
2024-08-09 13:00:00+07:00,129.5,129.5,129.5,129.5,129.5,54700
2024-08-09 14:00:00+07:00,130.5,130.5,130.5,129.5,130.0,785992
2024-08-09 15:00:00+07:00,129.5,129.5,130.5,129.5,130.5,1205187
2024-08-09 16:00:00+07:00,129.5,129.5,130.0,129.0,129.5,877614
2024-08-13 10:00:00+07:00,131.5,131.5,132.0,130.0,130.0,0
2024-08-13 11:00:00+07:00,131.5,131.5,132.0,131.0,131.5,1221018
2024-08-13 12:00:00+07:00,131.5,131.5,131.5,131.0,131.5,170948
2024-08-13 13:00:00+07:00,131.5,131.5,131.5,131.5,131.5,84400
2024-08-13 14:00:00+07:00,132.0,132.0,132.0,131.0,131.5,677651
2024-08-13 15:00:00+07:00,131.5,131.5,132.0,131.5,132.0,634347
2024-08-13 16:00:00+07:00,131.5,131.5,132.5,131.5,132.0,1578691
2024-08-14 10:00:00+07:00,132.0,132.0,132.0,131.5,132.0,0
2024-08-14 11:00:00+07:00,132.5,132.5,132.5,131.5,131.5,524549
2024-08-14 12:00:00+07:00,132.5,132.5,132.5,132.0,132.5,609624
2024-08-14 13:00:00+07:00,132.5,132.5,132.5,132.0,132.0,21401
2024-08-14 14:00:00+07:00,132.0,132.0,132.5,131.5,132.0,1291923
2024-08-14 15:00:00+07:00,130.0,130.0,132.0,129.5,132.0,3649441
2024-08-14 16:00:00+07:00,130.5,130.5,131.0,130.0,130.5,744974
2024-08-15 10:00:00+07:00,129.5,129.5,131.0,129.0,130.5,0
2024-08-15 11:00:00+07:00,128.5,128.5,129.5,128.5,129.0,1330783
2024-08-15 12:00:00+07:00,129.0,129.0,129.5,128.5,128.5,1964023
2024-08-15 13:00:00+07:00,129.0,129.0,129.5,129.0,129.0,629800
2024-08-15 14:00:00+07:00,130.0,130.0,130.0,129.0,129.0,719473
2024-08-15 15:00:00+07:00,130.5,130.5,130.5,129.5,129.5,745529
2024-08-15 16:00:00+07:00,130.0,130.0,131.0,130.0,130.5,939434
2024-08-16 10:00:00+07:00,133.5,133.5,134.0,131.0,131.0,5351074
2024-08-16 11:00:00+07:00,133.0,133.0,134.0,132.5,133.5,2263026
2024-08-16 12:00:00+07:00,133.0,133.0,133.5,133.0,133.0,341583
2024-08-16 13:00:00+07:00,132.5,132.5,133.0,132.5,133.0,38400
2024-08-16 14:00:00+07:00,132.5,132.5,133.5,132.5,133.0,1608238
2024-08-16 15:00:00+07:00,133.0,133.0,133.5,132.5,132.5,1072961
2024-08-16 16:00:00+07:00,133.0,133.0,133.5,133.0,133.5,575630
2024-08-19 10:00:00+07:00,137.0,137.0,137.5,133.0,134.0,1432160
2024-08-19 11:00:00+07:00,137.0,137.0,137.5,137.0,137.0,2499675
2024-08-19 12:00:00+07:00,137.5,137.5,137.5,136.5,137.0,3230001
2024-08-19 13:00:00+07:00,137.5,137.5,137.5,137.0,137.5,172100
2024-08-19 14:00:00+07:00,137.5,137.5,138.0,137.0,137.5,6019335
2024-08-19 15:00:00+07:00,138.0,138.0,138.5,137.0,137.5,6824874
2024-08-19 16:00:00+07:00,138.0,138.0,138.5,138.0,138.0,695135
2024-08-20 10:00:00+07:00,138.5,138.5,140.0,138.5,139.0,0
2024-08-20 11:00:00+07:00,139.0,139.0,139.5,138.5,138.5,2052670
2024-08-20 12:00:00+07:00,139.5,139.5,139.5,139.0,139.5,872032
2024-08-20 13:00:00+07:00,139.0,139.0,139.5,138.5,139.0,1282970
2024-08-20 14:00:00+07:00,138.5,138.5,139.0,138.5,139.0,243752
2024-08-20 15:00:00+07:00,139.0,139.0,139.0,138.0,138.5,2946957
2024-08-20 16:00:00+07:00,138.5,138.5,139.0,138.5,139.0,1093661
2024-08-21 10:00:00+07:00,140.5,140.5,140.5,138.5,139.5,0
2024-08-21 11:00:00+07:00,140.0,140.0,140.5,139.5,140.5,1120275
2024-08-21 12:00:00+07:00,140.0,140.0,140.0,139.5,140.0,237171
2024-08-21 13:00:00+07:00,140.0,140.0,140.0,139.5,140.0,87200
2024-08-21 14:00:00+07:00,140.0,140.0,140.0,139.5,140.0,283998
2024-08-21 15:00:00+07:00,139.5,139.5,140.0,139.5,140.0,583750
2024-08-21 16:00:00+07:00,140.0,140.0,140.0,139.5,139.5,554409
2024-08-22 10:00:00+07:00,140.0,140.0,141.0,140.0,140.5,0
2024-08-22 11:00:00+07:00,139.5,139.5,140.5,139.5,140.0,1374228
2024-08-22 12:00:00+07:00,140.0,140.0,140.0,139.5,139.5,213106
2024-08-22 13:00:00+07:00,140.0,140.0,140.0,139.5,140.0,46000
2024-08-22 14:00:00+07:00,140.5,140.5,140.5,139.5,139.5,1729420
2024-08-22 15:00:00+07:00,139.5,139.5,140.5,139.5,140.0,1213801
2024-08-22 16:00:00+07:00,140.0,140.0,140.0,139.5,139.5,2754654
2024-08-23 10:00:00+07:00,140.0,140.0,141.0,140.0,140.5,4408812
2024-08-23 11:00:00+07:00,141.0,141.0,141.5,140.0,140.5,3559807
2024-08-23 12:00:00+07:00,142.0,142.0,142.5,141.0,141.0,4021934
2024-08-23 13:00:00+07:00,142.5,142.5,142.5,142.0,142.0,212200
2024-08-23 14:00:00+07:00,142.5,142.5,143.0,141.0,142.0,4890549
2024-08-23 15:00:00+07:00,143.0,143.0,143.0,142.5,142.5,2455368
2024-08-23 16:00:00+07:00,143.0,143.0,143.0,142.5,143.0,1062439
2024-08-26 10:00:00+07:00,143.0,143.0,143.5,141.5,143.5,0
2024-08-26 11:00:00+07:00,143.5,143.5,143.5,142.5,142.5,787165
2024-08-26 12:00:00+07:00,143.5,143.5,144.0,143.0,143.5,1588725
2024-08-26 13:00:00+07:00,143.0,143.0,143.5,143.0,143.0,48120
2024-08-26 14:00:00+07:00,144.0,144.0,144.5,142.5,143.0,2345818
2024-08-26 15:00:00+07:00,144.0,144.0,144.5,143.5,144.5,1802979
2024-08-26 16:00:00+07:00,144.0,144.0,144.5,143.5,143.5,1248379
2024-08-27 10:00:00+07:00,143.0,143.0,144.0,142.5,143.5,0
2024-08-27 11:00:00+07:00,143.0,143.0,143.5,142.5,143.0,1315308
2024-08-27 12:00:00+07:00,143.0,143.0,143.5,142.5,143.0,441314
2024-08-27 13:00:00+07:00,143.0,143.0,143.5,143.0,143.0,142913
2024-08-27 14:00:00+07:00,143.0,143.0,143.5,142.5,143.0,1426338
2024-08-27 15:00:00+07:00,143.5,143.5,143.5,142.5,143.0,1311844
2024-08-27 16:00:00+07:00,143.5,143.5,143.5,142.5,143.5,2021031
2024-08-28 10:00:00+07:00,143.0,143.0,144.0,142.5,142.5,0
2024-08-28 11:00:00+07:00,143.0,143.0,143.5,142.5,142.5,1114117
2024-08-28 12:00:00+07:00,143.0,143.0,143.5,143.0,143.0,156236
2024-08-28 13:00:00+07:00,142.5,142.5,143.0,142.5,143.0,501537
2024-08-28 14:00:00+07:00,143.0,143.0,143.5,142.5,142.5,1454552
2024-08-28 15:00:00+07:00,143.5,143.5,143.5,142.5,143.0,884990
2024-08-28 16:00:00+07:00,144.0,144.0,144.0,143.0,143.5,1293480
2024-08-29 10:00:00+07:00,145.0,145.0,145.5,144.0,144.0,0
2024-08-29 11:00:00+07:00,143.5,143.5,145.0,143.5,144.5,1813943
2024-08-29 12:00:00+07:00,143.0,143.0,144.0,143.0,144.0,2054842
2024-08-29 13:00:00+07:00,144.0,144.0,144.0,143.5,144.0,566000
2024-08-29 14:00:00+07:00,144.0,144.0,144.0,143.5,143.5,377304
2024-08-29 15:00:00+07:00,143.0,143.0,144.0,143.0,143.5,760109
2024-08-29 16:00:00+07:00,144.0,144.0,144.0,143.0,143.0,2616365
2024-08-30 10:00:00+07:00,144.0,144.0,144.0,143.5,143.5,0
2024-08-30 11:00:00+07:00,144.0,144.0,144.0,143.5,144.0,805818
2024-08-30 12:00:00+07:00,144.0,144.0,144.0,143.5,144.0,256294
2024-08-30 13:00:00+07:00,144.0,144.0,144.0,143.5,143.5,50900
2024-08-30 14:00:00+07:00,143.5,143.5,144.0,143.0,144.0,2180730
2024-08-30 15:00:00+07:00,143.0,143.0,143.5,142.5,143.5,3679676
2024-08-30 16:00:00+07:00,143.5,143.5,143.5,142.5,142.5,844589
2024-09-02 10:00:00+07:00,141.0,141.0,142.0,140.5,142.0,0
2024-09-02 11:00:00+07:00,141.5,141.5,141.5,141.0,141.0,1104939
2024-09-02 12:00:00+07:00,141.5,141.5,141.5,141.0,141.5,464119
2024-09-02 13:00:00+07:00,141.0,141.0,141.0,141.0,141.0,107602
2024-09-02 14:00:00+07:00,142.0,142.0,142.5,141.0,141.0,3752327
2024-09-02 15:00:00+07:00,142.0,142.0,142.5,142.0,142.5,498828
2024-09-02 16:00:00+07:00,142.0,142.0,142.5,141.5,142.0,846686
2024-09-03 10:00:00+07:00,143.5,143.5,144.0,142.0,142.0,0
2024-09-03 11:00:00+07:00,143.5,143.5,143.5,143.0,143.5,498929
2024-09-03 12:00:00+07:00,144.0,144.0,144.0,142.5,143.5,1291586
2024-09-03 13:00:00+07:00,143.5,143.5,143.5,143.5,143.5,282600
2024-09-03 14:00:00+07:00,144.0,144.0,144.0,143.0,143.5,2986366
2024-09-03 15:00:00+07:00,144.0,144.0,144.5,143.5,144.0,3109598
2024-09-03 16:00:00+07:00,144.5,144.5,144.5,143.5,143.5,1239742
2024-09-04 10:00:00+07:00,143.5,143.5,144.0,143.0,143.0,0
2024-09-04 11:00:00+07:00,143.5,143.5,144.0,143.0,143.5,1019863
2024-09-04 12:00:00+07:00,143.0,143.0,143.5,142.5,143.5,1004625
2024-09-04 13:00:00+07:00,143.0,143.0,143.0,142.5,143.0,77900
2024-09-04 14:00:00+07:00,143.5,143.5,143.5,142.5,143.0,776295
2024-09-04 15:00:00+07:00,143.5,143.5,143.5,143.0,143.5,1852772
2024-09-04 16:00:00+07:00,143.0,143.0,143.5,142.5,143.5,1391603
2024-09-05 10:00:00+07:00,146.0,146.0,146.0,144.5,144.5,0
2024-09-05 11:00:00+07:00,146.0,146.0,146.5,145.5,146.0,4345237
2024-09-05 12:00:00+07:00,146.5,146.5,146.5,146.0,146.5,201756
2024-09-05 13:00:00+07:00,146.5,146.5,146.5,146.0,146.5,204300
2024-09-05 14:00:00+07:00,146.5,146.5,147.0,146.0,146.5,5304036
2024-09-05 15:00:00+07:00,147.0,147.0,147.0,146.5,147.0,649861
2024-09-05 16:00:00+07:00,147.0,147.0,147.5,146.5,147.0,3746362
2024-09-06 10:00:00+07:00,149.5,149.5,150.0,147.0,147.5,0
2024-09-06 11:00:00+07:00,149.5,149.5,151.0,149.5,150.0,7082958
2024-09-06 12:00:00+07:00,150.0,150.0,150.5,149.5,150.0,876561
2024-09-06 13:00:00+07:00,150.0,150.0,150.0,150.0,150.0,109600
2024-09-06 14:00:00+07:00,151.0,151.0,151.0,149.5,150.0,4055409
2024-09-06 15:00:00+07:00,151.5,151.5,152.5,150.5,151.0,8618110
2024-09-06 16:00:00+07:00,152.5,152.5,152.5,151.5,151.5,1547025
2024-09-09 10:00:00+07:00,155.0,155.0,159.0,154.5,157.5,0
2024-09-09 11:00:00+07:00,155.0,155.0,156.0,154.5,155.5,4054582
2024-09-09 12:00:00+07:00,154.5,154.5,155.5,154.5,155.5,1423077
2024-09-09 13:00:00+07:00,155.0,155.0,155.0,154.5,154.5,130501
2024-09-09 14:00:00+07:00,155.0,155.0,155.5,154.0,155.0,3437282
2024-09-09 15:00:00+07:00,155.0,155.0,155.5,154.5,155.0,2223104
2024-09-09 16:00:00+07:00,155.0,155.0,155.5,154.5,155.0,952620
2024-09-10 10:00:00+07:00,155.0,155.0,156.0,154.5,154.5,0
2024-09-10 11:00:00+07:00,155.0,155.0,155.5,154.5,155.0,1440423
2024-09-10 12:00:00+07:00,155.0,155.0,155.5,154.5,155.0,610896
2024-09-10 13:00:00+07:00,155.0,155.0,155.0,154.5,154.5,87000
2024-09-10 14:00:00+07:00,155.5,155.5,156.0,154.5,154.5,3881409
2024-09-10 15:00:00+07:00,155.5,155.5,156.0,155.0,155.5,2727006
2024-09-10 16:00:00+07:00,155.5,155.5,156.0,155.0,155.5,2913095
2024-09-11 10:00:00+07:00,155.5,155.5,156.0,154.5,155.0,8299488
2024-09-11 11:00:00+07:00,155.0,155.0,155.5,155.0,155.0,3634183
2024-09-11 12:00:00+07:00,155.0,155.0,155.5,155.0,155.0,423927
2024-09-11 13:00:00+07:00,155.0,155.0,155.5,155.0,155.0,152506
2024-09-11 14:00:00+07:00,155.0,155.0,155.5,155.0,155.0,1907403
2024-09-11 15:00:00+07:00,156.0,156.0,156.0,155.0,155.0,2096480
2024-09-11 16:00:00+07:00,155.5,155.5,156.0,155.5,155.5,401136
2024-09-12 10:00:00+07:00,157.0,157.0,157.5,156.0,156.5,0
2024-09-12 11:00:00+07:00,156.5,156.5,157.0,156.0,157.0,2511836
2024-09-12 12:00:00+07:00,157.0,157.0,157.0,156.5,156.5,96616
2024-09-12 13:00:00+07:00,157.0,157.0,157.0,156.5,156.5,91770
2024-09-12 14:00:00+07:00,157.0,157.0,157.5,156.5,157.0,1785291
2024-09-12 15:00:00+07:00,157.0,157.0,158.0,157.0,157.5,3803865
2024-09-12 16:00:00+07:00,157.5,157.5,158.0,157.0,157.0,1139770
2024-09-13 10:00:00+07:00,157.5,157.5,158.0,157.0,157.5,0
2024-09-13 11:00:00+07:00,158.0,158.0,158.0,157.5,157.5,1168842
2024-09-13 12:00:00+07:00,157.5,157.5,158.0,157.5,157.5,335995
2024-09-13 13:00:00+07:00,158.0,158.0,158.0,157.5,157.5,300675
2024-09-13 14:00:00+07:00,158.0,158.0,158.5,157.0,158.0,5070389
2024-09-13 15:00:00+07:00,157.5,157.5,158.0,157.5,157.5,678938
2024-09-13 16:00:00+07:00,157.5,157.5,158.0,157.0,157.5,3560121
2024-09-16 10:00:00+07:00,157.0,157.0,157.5,157.0,157.0,2251850
2024-09-16 11:00:00+07:00,157.0,157.0,158.0,157.0,157.0,2139402
2024-09-16 12:00:00+07:00,157.5,157.5,157.5,157.0,157.0,290112
2024-09-16 13:00:00+07:00,157.0,157.0,157.0,157.0,157.0,584002
2024-09-16 14:00:00+07:00,157.5,157.5,158.0,157.0,157.0,1830536
2024-09-16 15:00:00+07:00,157.5,157.5,158.0,157.5,157.5,489872
2024-09-16 16:00:00+07:00,157.5,157.5,158.0,157.5,157.5,337916
2024-09-17 10:00:00+07:00,157.5,157.5,158.0,157.0,157.5,0
2024-09-17 11:00:00+07:00,158.0,158.0,158.0,157.5,157.5,384484
2024-09-17 12:00:00+07:00,157.5,157.5,158.0,157.5,158.0,191445
2024-09-17 13:00:00+07:00,157.5,157.5,157.5,157.5,157.5,179100
2024-09-17 14:00:00+07:00,157.5,157.5,158.0,157.5,157.5,325060
2024-09-17 15:00:00+07:00,158.0,158.0,158.0,157.5,157.5,407929
2024-09-17 16:00:00+07:00,158.0,158.0,158.0,157.5,157.5,1929696
2024-09-18 10:00:00+07:00,157.5,157.5,158.0,157.0,157.5,3367838
2024-09-18 11:00:00+07:00,157.5,157.5,158.0,157.0,157.5,1763247
2024-09-18 12:00:00+07:00,157.5,157.5,158.0,157.0,157.5,1699634
2024-09-18 13:00:00+07:00,157.5,157.5,157.5,157.5,157.5,247105
2024-09-18 14:00:00+07:00,157.0,157.0,157.5,156.5,157.5,5420710
2024-09-18 15:00:00+07:00,157.0,157.0,157.5,156.5,157.0,5288442
2024-09-18 16:00:00+07:00,157.5,157.5,157.5,156.5,157.0,2189005
2024-09-19 10:00:00+07:00,155.5,155.5,156.0,154.5,156.0,5705425
2024-09-19 11:00:00+07:00,155.5,155.5,157.0,155.5,156.0,3429040
2024-09-19 12:00:00+07:00,155.0,155.0,156.0,155.0,155.5,1706413
2024-09-19 13:00:00+07:00,155.5,155.5,155.5,155.5,155.5,504200
2024-09-19 14:00:00+07:00,156.0,156.0,156.0,155.0,156.0,1135270
2024-09-19 15:00:00+07:00,156.0,156.0,156.5,155.0,155.5,3659704
2024-09-19 16:00:00+07:00,156.5,156.5,157.0,156.0,156.5,1339516
2024-09-20 10:00:00+07:00,156.5,156.5,157.5,156.0,157.0,0
2024-09-20 11:00:00+07:00,157.0,157.0,157.0,156.5,157.0,292603
2024-09-20 12:00:00+07:00,156.5,156.5,157.0,156.5,157.0,543320
2024-09-20 13:00:00+07:00,156.5,156.5,157.0,156.5,157.0,45500
2024-09-20 14:00:00+07:00,157.0,157.0,157.0,156.5,156.5,232259
2024-09-20 15:00:00+07:00,156.5,156.5,157.0,156.5,156.5,496334
2024-09-20 16:00:00+07:00,156.5,156.5,157.0,156.5,156.5,2039254
2024-09-23 10:00:00+07:00,158.5,158.5,158.5,157.0,157.5,0
2024-09-23 11:00:00+07:00,158.5,158.5,159.0,158.0,158.0,1861202
2024-09-23 12:00:00+07:00,158.5,158.5,159.0,158.5,158.5,335271
2024-09-23 13:00:00+07:00,158.5,158.5,159.0,158.5,158.5,146710
2024-09-23 14:00:00+07:00,158.0,158.0,159.0,158.0,159.0,2532087
2024-09-23 15:00:00+07:00,158.0,158.0,158.5,158.0,158.5,1090786
2024-09-23 16:00:00+07:00,158.0,158.0,159.0,158.0,158.5,2723477
2024-09-24 10:00:00+07:00,157.0,157.0,158.5,156.5,158.0,0
2024-09-24 11:00:00+07:00,157.5,157.5,157.5,157.0,157.0,1368095
2024-09-24 12:00:00+07:00,157.0,157.0,157.5,156.5,157.0,1014242
2024-09-24 13:00:00+07:00,157.0,157.0,157.5,157.0,157.5,521050
2024-09-24 14:00:00+07:00,157.0,157.0,157.5,156.5,157.0,1683260
2024-09-24 15:00:00+07:00,157.0,157.0,157.5,157.0,157.0,966173
2024-09-24 16:00:00+07:00,156.5,156.5,157.5,156.5,157.5,1432056
2024-09-25 10:00:00+07:00,156.0,156.0,157.5,156.0,157.0,0
2024-09-25 11:00:00+07:00,156.0,156.0,156.5,156.0,156.0,472480
2024-09-25 12:00:00+07:00,156.5,156.5,156.5,156.0,156.0,254835
2024-09-25 13:00:00+07:00,156.0,156.0,156.5,156.0,156.0,510607
2024-09-25 14:00:00+07:00,156.0,156.0,156.5,156.0,156.0,605407
2024-09-25 15:00:00+07:00,156.0,156.0,156.5,155.5,156.0,1349677
2024-09-25 16:00:00+07:00,156.0,156.0,156.0,155.5,156.0,248936
2024-09-26 10:00:00+07:00,154.5,154.5,156.0,154.0,155.5,0
2024-09-26 11:00:00+07:00,154.5,154.5,155.0,154.0,154.5,1396763
2024-09-26 12:00:00+07:00,154.5,154.5,154.5,154.0,154.0,751954
2024-09-26 13:00:00+07:00,154.0,154.0,154.5,153.5,154.0,409780
2024-09-26 14:00:00+07:00,154.0,154.0,154.5,153.5,154.0,1836334
2024-09-26 15:00:00+07:00,153.5,153.5,154.5,153.0,153.5,3730726
2024-09-26 16:00:00+07:00,153.5,153.5,154.0,153.5,153.5,1089187
2024-09-27 10:00:00+07:00,152.5,152.5,153.0,152.0,152.5,3926414
2024-09-27 11:00:00+07:00,152.5,152.5,152.5,152.0,152.5,819360
2024-09-27 12:00:00+07:00,151.5,151.5,152.5,151.5,152.0,1641550
2024-09-27 13:00:00+07:00,150.5,150.5,151.5,150.5,151.0,1306116
2024-09-27 14:00:00+07:00,150.5,150.5,151.0,150.5,150.5,2213285
2024-09-27 15:00:00+07:00,149.5,149.5,151.0,149.5,150.5,3984647
2024-09-27 16:00:00+07:00,149.0,149.0,150.0,148.0,149.5,4894739
2024-09-30 10:00:00+07:00,148.0,148.0,149.0,148.0,149.0,0
2024-09-30 11:00:00+07:00,150.5,150.5,151.5,148.0,148.0,5353190
2024-09-30 12:00:00+07:00,151.0,151.0,151.0,150.5,151.0,593789
2024-09-30 13:00:00+07:00,151.0,151.0,151.0,150.5,151.0,262100
2024-09-30 14:00:00+07:00,151.0,151.0,151.5,150.5,151.0,1158695
2024-09-30 15:00:00+07:00,150.5,150.5,151.0,150.5,150.5,688944
2024-09-30 16:00:00+07:00,150.5,150.5,151.0,150.0,150.5,1727270
2024-10-01 10:00:00+07:00,152.0,152.0,153.0,150.0,150.0,0
2024-10-01 11:00:00+07:00,152.0,152.0,153.0,152.0,152.5,1105527
2024-10-01 12:00:00+07:00,151.5,151.5,152.5,151.5,152.0,673287
2024-10-01 13:00:00+07:00,152.0,152.0,152.0,151.5,152.0,274500
2024-10-01 14:00:00+07:00,152.5,152.5,152.5,151.5,152.0,1099463
2024-10-01 15:00:00+07:00,152.0,152.0,152.5,152.0,152.5,1051021
2024-10-01 16:00:00+07:00,152.0,152.0,152.5,152.0,152.5,1070279
2024-10-02 10:00:00+07:00,152.5,152.5,153.0,151.5,151.5,0
2024-10-02 11:00:00+07:00,150.5,150.5,152.5,150.0,152.5,4173626
2024-10-02 12:00:00+07:00,151.5,151.5,151.5,150.5,150.5,884697
2024-10-02 13:00:00+07:00,150.5,150.5,151.0,150.5,151.0,71100
2024-10-02 14:00:00+07:00,151.0,151.0,151.0,150.0,151.0,1212123
2024-10-02 15:00:00+07:00,150.5,150.5,151.0,150.5,151.0,586337
2024-10-02 16:00:00+07:00,150.5,150.5,151.0,150.0,150.5,2215793
2024-10-03 10:00:00+07:00,150.5,150.5,151.5,150.0,150.5,0
2024-10-03 11:00:00+07:00,150.5,150.5,150.5,150.0,150.5,663130
2024-10-03 12:00:00+07:00,150.0,150.0,151.5,150.0,150.5,1809886
2024-10-03 13:00:00+07:00,150.5,150.5,150.5,150.0,150.0,90700
2024-10-03 14:00:00+07:00,149.5,149.5,150.5,149.0,150.0,2738415
2024-10-03 15:00:00+07:00,149.0,149.0,149.5,149.0,149.5,826560
2024-10-03 16:00:00+07:00,149.5,149.5,149.5,149.0,149.0,1422389
2024-10-04 10:00:00+07:00,150.0,150.0,150.0,148.5,150.0,2016759
2024-10-04 11:00:00+07:00,149.5,149.5,150.0,149.5,149.5,1372215
2024-10-04 12:00:00+07:00,150.5,150.5,150.5,149.5,150.0,454044
2024-10-04 13:00:00+07:00,150.0,150.0,150.5,150.0,150.5,99100
2024-10-04 14:00:00+07:00,150.5,150.5,150.5,150.0,150.0,1142933
2024-10-04 15:00:00+07:00,149.5,149.5,150.5,149.5,150.5,1781473
2024-10-04 16:00:00+07:00,150.0,150.0,150.0,149.5,150.0,778110
2024-10-07 10:00:00+07:00,150.5,150.5,152.0,150.5,151.0,3844475
2024-10-07 11:00:00+07:00,150.0,150.0,151.0,150.0,150.5,1338540
2024-10-07 12:00:00+07:00,150.0,150.0,150.5,150.0,150.0,346704
2024-10-07 13:00:00+07:00,150.5,150.5,150.5,150.0,150.5,79640
2024-10-07 14:00:00+07:00,149.5,149.5,150.5,149.5,150.5,896488
2024-10-07 15:00:00+07:00,150.0,150.0,150.0,149.5,149.5,694803
2024-10-07 16:00:00+07:00,150.0,150.0,150.0,149.5,150.0,815272
2024-10-08 10:00:00+07:00,151.0,151.0,151.5,149.0,149.5,0
2024-10-08 11:00:00+07:00,151.5,151.5,151.5,150.5,151.0,1365483
2024-10-08 12:00:00+07:00,151.5,151.5,151.5,151.0,151.5,1413061
2024-10-08 13:00:00+07:00,151.0,151.0,151.5,151.0,151.0,125823
2024-10-08 14:00:00+07:00,151.5,151.5,151.5,151.0,151.5,1541745
2024-10-08 15:00:00+07:00,151.5,151.5,151.5,151.0,151.5,1095084
2024-10-08 16:00:00+07:00,151.5,151.5,151.5,151.0,151.0,852101
2024-10-09 10:00:00+07:00,153.0,153.0,153.5,152.5,153.0,0
2024-10-09 11:00:00+07:00,152.5,152.5,153.0,152.0,152.5,974339
2024-10-09 12:00:00+07:00,153.0,153.0,153.0,152.5,152.5,588930
2024-10-09 13:00:00+07:00,153.0,153.0,153.0,152.5,152.5,37666
2024-10-09 14:00:00+07:00,152.0,152.0,153.0,152.0,152.5,887892
2024-10-09 15:00:00+07:00,152.5,152.5,152.5,152.0,152.5,648592
2024-10-09 16:00:00+07:00,152.0,152.0,152.5,152.0,152.5,635189
2024-10-10 10:00:00+07:00,151.5,151.5,152.5,151.5,152.5,0
2024-10-10 11:00:00+07:00,152.0,152.0,152.5,151.5,151.5,1028143
2024-10-10 12:00:00+07:00,152.5,152.5,152.5,152.0,152.0,250437
2024-10-10 13:00:00+07:00,151.5,151.5,152.0,151.5,152.0,352900
2024-10-10 14:00:00+07:00,152.0,152.0,152.5,151.5,151.5,974157
2024-10-10 15:00:00+07:00,152.0,152.0,152.5,151.5,151.5,986179
2024-10-10 16:00:00+07:00,152.0,152.0,152.5,152.0,152.0,368564
2024-10-11 10:00:00+07:00,153.5,153.5,153.5,152.5,153.0,0
2024-10-11 11:00:00+07:00,154.0,154.0,154.5,153.0,153.5,6772795
2024-10-11 12:00:00+07:00,153.0,153.0,154.0,153.0,153.5,598064
2024-10-11 13:00:00+07:00,153.0,153.0,153.5,153.0,153.5,170205
2024-10-11 14:00:00+07:00,153.5,153.5,154.0,153.0,153.0,1092896
2024-10-11 15:00:00+07:00,154.0,154.0,154.5,153.5,153.5,3479535
2024-10-11 16:00:00+07:00,154.0,154.0,154.5,154.0,154.0,1022810
2024-10-15 10:00:00+07:00,155.0,155.0,155.5,153.5,155.5,0
2024-10-15 11:00:00+07:00,155.0,155.0,155.0,154.0,155.0,1139164
2024-10-15 12:00:00+07:00,153.5,153.5,155.0,153.5,155.0,1132828
2024-10-15 13:00:00+07:00,154.0,154.0,154.0,153.5,153.5,152810
2024-10-15 14:00:00+07:00,153.5,153.5,154.0,153.5,153.5,1456575
2024-10-15 15:00:00+07:00,154.0,154.0,154.5,153.5,153.5,1198564
2024-10-15 16:00:00+07:00,154.0,154.0,154.5,153.5,154.0,1042884
2024-10-16 10:00:00+07:00,152.0,152.0,154.0,151.5,153.5,0
2024-10-16 11:00:00+07:00,152.5,152.5,152.5,152.0,152.0,497596
2024-10-16 12:00:00+07:00,152.0,152.0,152.5,152.0,152.0,509664
2024-10-16 13:00:00+07:00,152.0,152.0,152.0,152.0,152.0,95300
2024-10-16 14:00:00+07:00,153.0,153.0,153.5,152.0,152.0,4736932
2024-10-16 15:00:00+07:00,152.5,152.5,153.5,152.5,153.5,1073964
2024-10-16 16:00:00+07:00,152.0,152.0,153.0,151.5,152.5,2079730
2024-10-17 10:00:00+07:00,154.0,154.0,154.0,150.5,151.0,0
2024-10-17 11:00:00+07:00,153.0,153.0,154.0,152.5,154.0,2392717
2024-10-17 12:00:00+07:00,153.0,153.0,153.5,152.5,152.5,741831
2024-10-17 13:00:00+07:00,153.0,153.0,153.0,153.0,153.0,52101
2024-10-17 14:00:00+07:00,153.5,153.5,153.5,152.5,153.0,750189
2024-10-17 15:00:00+07:00,153.0,153.0,153.5,153.0,153.0,327123
2024-10-17 16:00:00+07:00,153.0,153.0,153.5,152.5,153.0,723158
2024-10-18 10:00:00+07:00,152.5,152.5,153.5,152.5,153.0,0
2024-10-18 11:00:00+07:00,153.0,153.0,153.0,152.5,152.5,508183
2024-10-18 12:00:00+07:00,153.5,153.5,153.5,152.5,152.5,1098330
2024-10-18 13:00:00+07:00,153.0,153.0,153.5,153.0,153.5,68400
2024-10-18 14:00:00+07:00,152.5,152.5,153.0,152.5,153.0,439778
2024-10-18 15:00:00+07:00,152.5,152.5,153.0,152.0,152.5,859825
2024-10-18 16:00:00+07:00,151.5,151.5,152.5,151.5,152.5,1150082
2024-10-21 10:00:00+07:00,150.0,150.0,152.5,150.0,152.0,0
2024-10-21 11:00:00+07:00,149.5,149.5,150.5,149.5,150.5,986563
2024-10-21 12:00:00+07:00,149.0,149.0,149.5,149.0,149.5,805965
2024-10-21 13:00:00+07:00,149.5,149.5,149.5,149.0,149.0,262305
2024-10-21 14:00:00+07:00,149.5,149.5,150.5,149.0,149.5,3617973
2024-10-21 15:00:00+07:00,149.5,149.5,150.0,149.5,150.0,349254
2024-10-21 16:00:00+07:00,150.0,150.0,150.0,149.5,149.5,398517
2024-10-22 10:00:00+07:00,147.5,147.5,149.0,146.5,148.5,0
2024-10-22 11:00:00+07:00,146.5,146.5,148.0,146.5,147.5,4543230
2024-10-22 12:00:00+07:00,146.5,146.5,147.0,146.5,147.0,459393
2024-10-22 13:00:00+07:00,146.5,146.5,147.0,146.5,146.5,132687
2024-10-22 14:00:00+07:00,146.5,146.5,147.0,146.0,147.0,2849228
2024-10-22 15:00:00+07:00,146.0,146.0,146.5,145.5,146.5,2163415
2024-10-22 16:00:00+07:00,146.0,146.0,146.5,145.0,146.0,3529469
2024-10-24 10:00:00+07:00,147.5,147.5,148.5,147.5,147.5,0
2024-10-24 11:00:00+07:00,147.0,147.0,148.0,146.0,147.5,2201260
2024-10-24 12:00:00+07:00,146.5,146.5,147.0,146.5,147.0,144613
2024-10-24 13:00:00+07:00,146.5,146.5,147.0,146.5,147.0,56300
2024-10-24 14:00:00+07:00,146.5,146.5,147.5,146.5,146.5,2031346
2024-10-24 15:00:00+07:00,146.0,146.0,147.5,146.0,146.5,1719649
2024-10-24 16:00:00+07:00,146.0,146.0,146.5,146.0,146.5,1699095
2024-10-25 10:00:00+07:00,147.0,147.0,148.5,146.5,148.0,0
2024-10-25 11:00:00+07:00,147.5,147.5,147.5,146.5,147.0,1847951
2024-10-25 12:00:00+07:00,147.5,147.5,148.0,147.0,147.5,371929
2024-10-25 13:00:00+07:00,147.5,147.5,148.0,147.5,147.5,351600
2024-10-25 14:00:00+07:00,147.5,147.5,147.5,147.0,147.5,221092
2024-10-25 15:00:00+07:00,148.0,148.0,148.0,147.0,147.5,518578
2024-10-25 16:00:00+07:00,147.5,147.5,148.0,147.5,148.0,483120
2024-10-28 10:00:00+07:00,148.0,148.0,149.0,148.0,148.5,0
2024-10-28 11:00:00+07:00,148.5,148.5,148.5,148.0,148.5,230535
2024-10-28 12:00:00+07:00,149.0,149.0,149.0,148.5,148.5,347318
2024-10-28 13:00:00+07:00,149.0,149.0,149.0,148.5,149.0,66100
2024-10-28 14:00:00+07:00,148.5,148.5,149.0,148.5,148.5,537665
2024-10-28 15:00:00+07:00,148.5,148.5,149.0,148.5,148.5,390348
2024-10-28 16:00:00+07:00,148.5,148.5,149.0,148.5,149.0,405029
2024-10-29 10:00:00+07:00,148.5,148.5,149.5,148.0,149.0,973791
2024-10-29 11:00:00+07:00,149.0,149.0,149.0,148.0,148.5,355717
2024-10-29 12:00:00+07:00,149.0,149.0,149.0,148.5,149.0,195450
2024-10-29 13:00:00+07:00,149.0,149.0,149.0,148.5,149.0,47900
2024-10-29 14:00:00+07:00,148.5,148.5,149.0,148.0,149.0,474617
2024-10-29 15:00:00+07:00,148.5,148.5,148.5,148.0,148.0,299145
2024-10-29 16:00:00+07:00,148.5,148.5,148.5,148.0,148.5,337895
2024-10-30 10:00:00+07:00,148.0,148.0,148.0,147.5,148.0,0
2024-10-30 11:00:00+07:00,147.0,147.0,148.0,147.0,147.5,417610
2024-10-30 12:00:00+07:00,147.0,147.0,147.5,147.0,147.0,136081
2024-10-30 13:00:00+07:00,147.0,147.0,147.0,147.0,147.0,417702
2024-10-30 14:00:00+07:00,146.0,146.0,147.0,146.0,147.0,1556238
2024-10-30 15:00:00+07:00,145.5,145.5,146.5,145.5,146.5,1027589
2024-10-30 16:00:00+07:00,145.5,145.5,146.0,145.5,145.5,503801
2024-10-31 10:00:00+07:00,147.5,147.5,147.5,145.5,145.5,0
2024-10-31 11:00:00+07:00,146.5,146.5,147.5,146.5,147.0,976353
2024-10-31 12:00:00+07:00,147.0,147.0,147.5,145.5,146.5,747573
2024-10-31 13:00:00+07:00,147.0,147.0,147.0,147.0,147.0,25570
2024-10-31 14:00:00+07:00,147.0,147.0,147.0,146.5,147.0,269421
2024-10-31 15:00:00+07:00,147.0,147.0,147.5,146.5,147.0,1086265
2024-10-31 16:00:00+07:00,147.0,147.0,147.5,147.0,147.0,586166
2024-11-01 10:00:00+07:00,147.5,147.5,147.5,146.5,146.5,0
2024-11-01 11:00:00+07:00,147.0,147.0,147.5,147.0,147.5,252538
2024-11-01 12:00:00+07:00,147.5,147.5,147.5,147.0,147.5,166908
2024-11-01 13:00:00+07:00,147.5,147.5,147.5,147.0,147.5,74900
2024-11-01 14:00:00+07:00,147.0,147.0,147.5,147.0,147.5,898837
2024-11-01 15:00:00+07:00,147.0,147.0,147.5,147.0,147.0,987273
2024-11-01 16:00:00+07:00,147.0,147.0,147.5,147.0,147.0,232927
2024-11-04 10:00:00+07:00,146.0,146.0,147.5,146.0,147.0,0
2024-11-04 11:00:00+07:00,147.0,147.0,147.0,146.0,146.0,310521
2024-11-04 12:00:00+07:00,146.5,146.5,147.0,146.5,147.0,336839
2024-11-04 13:00:00+07:00,146.5,146.5,146.5,146.5,146.5,30204
2024-11-04 14:00:00+07:00,146.5,146.5,147.0,146.5,146.5,917198
2024-11-04 15:00:00+07:00,147.0,147.0,147.0,146.5,146.5,399435
2024-11-04 16:00:00+07:00,146.5,146.5,147.0,146.5,146.5,311539
2024-11-05 10:00:00+07:00,146.5,146.5,147.5,146.0,146.0,0
2024-11-05 11:00:00+07:00,146.5,146.5,147.0,146.5,146.5,92333
2024-11-05 12:00:00+07:00,146.5,146.5,147.0,146.5,147.0,56623
2024-11-05 13:00:00+07:00,147.0,147.0,147.0,147.0,147.0,37600
2024-11-05 14:00:00+07:00,147.0,147.0,147.0,146.5,146.5,220379
2024-11-05 15:00:00+07:00,146.5,146.5,147.0,146.5,147.0,959871
2024-11-05 16:00:00+07:00,146.5,146.5,147.0,146.5,147.0,1663627
2024-11-06 10:00:00+07:00,147.5,147.5,147.5,147.0,147.5,210982
2024-11-06 11:00:00+07:00,148.0,148.0,149.0,147.5,147.5,2179336
2024-11-06 12:00:00+07:00,148.5,148.5,148.5,148.0,148.5,65766
2024-11-06 13:00:00+07:00,148.5,148.5,148.5,148.0,148.5,79991
2024-11-06 14:00:00+07:00,147.0,147.0,148.5,147.0,148.0,1334600
2024-11-06 15:00:00+07:00,147.0,147.0,147.5,147.0,147.0,1164136
2024-11-06 16:00:00+07:00,147.0,147.0,147.5,146.5,147.0,886668
2024-11-07 10:00:00+07:00,148.0,148.0,148.5,147.5,147.5,0
2024-11-07 11:00:00+07:00,148.0,148.0,148.0,147.5,148.0,2284639
2024-11-07 12:00:00+07:00,148.0,148.0,148.0,147.5,148.0,131807
2024-11-07 13:00:00+07:00,147.5,147.5,147.5,147.5,147.5,44600
2024-11-07 14:00:00+07:00,148.0,148.0,148.0,147.5,148.0,539658
2024-11-07 15:00:00+07:00,147.5,147.5,148.0,147.5,147.5,2727581
2024-11-07 16:00:00+07:00,147.5,147.5,148.0,147.5,147.5,1294066
2024-11-08 10:00:00+07:00,148.5,148.5,149.0,148.0,148.5,0
2024-11-08 11:00:00+07:00,148.5,148.5,149.0,148.0,148.5,887475
2024-11-08 12:00:00+07:00,148.5,148.5,149.0,148.5,148.5,650855
2024-11-08 13:00:00+07:00,148.5,148.5,148.5,148.5,148.5,23800
2024-11-08 14:00:00+07:00,148.5,148.5,149.0,148.5,148.5,873570
2024-11-08 15:00:00+07:00,148.5,148.5,148.5,148.5,148.5,2541782
2024-11-08 16:00:00+07:00,148.5,148.5,149.0,148.0,148.5,558398
2024-11-11 10:00:00+07:00,148.0,148.0,148.5,146.5,148.0,0
2024-11-11 11:00:00+07:00,147.5,147.5,148.0,147.5,147.5,772931
2024-11-11 12:00:00+07:00,147.5,147.5,148.0,147.5,148.0,509206
2024-11-11 13:00:00+07:00,147.5,147.5,147.5,147.5,147.5,101600
2024-11-11 14:00:00+07:00,148.0,148.0,148.0,147.5,147.5,643692
2024-11-11 15:00:00+07:00,147.5,147.5,148.0,147.5,148.0,305775
2024-11-11 16:00:00+07:00,147.5,147.5,148.0,147.5,147.5,451585
2024-11-12 10:00:00+07:00,147.5,147.5,148.0,147.5,147.5,0
2024-11-12 11:00:00+07:00,147.5,147.5,148.0,147.5,147.5,363397
2024-11-12 12:00:00+07:00,148.0,148.0,148.0,147.5,147.5,82086
2024-11-12 13:00:00+07:00,148.0,148.0,148.0,147.5,147.5,62600
2024-11-12 14:00:00+07:00,147.5,147.5,148.0,147.5,147.5,945539
2024-11-12 15:00:00+07:00,147.0,147.0,148.0,147.0,147.5,873321
2024-11-12 16:00:00+07:00,147.0,147.0,147.5,147.0,147.0,193886
2024-11-13 10:00:00+07:00,148.0,148.0,148.5,147.5,148.0,0
2024-11-13 11:00:00+07:00,148.0,148.0,148.5,147.5,148.0,379344
2024-11-13 12:00:00+07:00,148.0,148.0,148.5,147.5,148.0,195388
2024-11-13 13:00:00+07:00,148.0,148.0,148.5,148.0,148.0,302600
2024-11-13 14:00:00+07:00,148.0,148.0,148.0,147.5,148.0,241199
2024-11-13 15:00:00+07:00,148.0,148.0,148.5,147.5,147.5,1070327
2024-11-13 16:00:00+07:00,148.0,148.0,148.0,147.5,148.0,264348
2024-11-14 10:00:00+07:00,146.0,146.0,147.5,146.0,147.0,0
2024-11-14 11:00:00+07:00,146.0,146.0,146.5,146.0,146.0,383017
2024-11-14 12:00:00+07:00,146.5,146.5,146.5,146.0,146.5,312102
2024-11-14 13:00:00+07:00,146.5,146.5,146.5,146.0,146.5,89707
2024-11-14 14:00:00+07:00,146.0,146.0,147.0,146.0,146.5,1445032
2024-11-14 15:00:00+07:00,145.5,145.5,147.0,145.5,146.5,2178562
2024-11-14 16:00:00+07:00,146.0,146.0,146.5,145.5,146.0,1467361
2024-11-15 10:00:00+07:00,148.0,148.0,148.0,146.5,146.5,1128957
2024-11-15 11:00:00+07:00,147.0,147.0,148.0,147.0,147.5,1615019
2024-11-15 12:00:00+07:00,147.0,147.0,147.5,147.0,147.5,665872
2024-11-15 13:00:00+07:00,147.5,147.5,147.5,147.0,147.5,16902
2024-11-15 14:00:00+07:00,147.5,147.5,147.5,147.0,147.0,251285
2024-11-15 15:00:00+07:00,147.0,147.0,147.5,147.0,147.5,2535016
2024-11-15 16:00:00+07:00,147.5,147.5,147.5,147.0,147.0,175455
2024-11-18 10:00:00+07:00,149.5,149.5,149.5,148.5,148.5,0
2024-11-18 11:00:00+07:00,149.5,149.5,149.5,149.0,149.0,2902175
2024-11-18 12:00:00+07:00,149.5,149.5,149.5,149.0,149.0,384338
2024-11-18 13:00:00+07:00,149.5,149.5,149.5,149.0,149.0,78803
2024-11-18 14:00:00+07:00,149.0,149.0,149.5,148.5,149.5,1184462
2024-11-18 15:00:00+07:00,148.5,148.5,149.0,148.5,149.0,514430
2024-11-18 16:00:00+07:00,149.0,149.0,149.5,148.5,149.0,1264319
2024-11-19 10:00:00+07:00,150.0,150.0,151.0,149.5,150.0,0
2024-11-19 11:00:00+07:00,149.5,149.5,150.0,149.0,150.0,653730
2024-11-19 12:00:00+07:00,149.5,149.5,149.5,149.0,149.5,101114
2024-11-19 13:00:00+07:00,149.0,149.0,149.5,149.0,149.5,341680
2024-11-19 14:00:00+07:00,149.0,149.0,149.5,149.0,149.0,1126667
2024-11-19 15:00:00+07:00,149.0,149.0,149.5,148.5,149.0,601796
2024-11-19 16:00:00+07:00,148.5,148.5,149.5,148.5,148.5,760944
2024-11-20 10:00:00+07:00,148.0,148.0,149.0,147.0,148.5,0
2024-11-20 11:00:00+07:00,148.0,148.0,149.0,147.5,148.0,1687428
2024-11-20 12:00:00+07:00,148.0,148.0,148.5,148.0,148.5,334050
2024-11-20 13:00:00+07:00,148.5,148.5,148.5,148.0,148.0,30601
2024-11-20 14:00:00+07:00,148.0,148.0,148.5,148.0,148.0,400245
2024-11-20 15:00:00+07:00,148.0,148.0,148.5,148.0,148.0,659088
2024-11-20 16:00:00+07:00,148.0,148.0,148.5,148.0,148.5,786073
2024-11-21 10:00:00+07:00,150.0,150.0,150.0,149.0,149.5,1926958
2024-11-21 11:00:00+07:00,149.0,149.0,150.0,149.0,149.5,794457
2024-11-21 12:00:00+07:00,149.5,149.5,149.5,149.0,149.0,247318
2024-11-21 13:00:00+07:00,149.0,149.0,149.5,149.0,149.5,101718
2024-11-21 14:00:00+07:00,149.0,149.0,149.5,149.0,149.0,310972
2024-11-21 15:00:00+07:00,149.0,149.0,149.5,149.0,149.5,317033
2024-11-21 16:00:00+07:00,149.0,149.0,149.5,149.0,149.0,492499
2024-11-22 10:00:00+07:00,149.0,149.0,150.0,148.5,150.0,0
2024-11-22 11:00:00+07:00,149.5,149.5,150.0,148.5,149.0,1206712
2024-11-22 12:00:00+07:00,149.5,149.5,150.0,149.0,149.5,671968
2024-11-22 13:00:00+07:00,149.5,149.5,149.5,149.5,149.5,221400
2024-11-22 14:00:00+07:00,149.5,149.5,150.0,149.5,149.5,885933
2024-11-22 15:00:00+07:00,149.5,149.5,150.0,149.5,149.5,1592384
2024-11-22 16:00:00+07:00,150.0,150.0,150.0,149.5,149.5,514259
2024-11-25 10:00:00+07:00,150.0,150.0,151.0,149.5,150.0,2975351
2024-11-25 11:00:00+07:00,150.0,150.0,150.0,149.5,149.5,1266216
2024-11-25 12:00:00+07:00,150.5,150.5,150.5,149.5,149.5,793893
2024-11-25 13:00:00+07:00,150.0,150.0,150.5,150.0,150.5,175120
2024-11-25 14:00:00+07:00,150.0,150.0,150.5,150.0,150.0,366845
2024-11-25 15:00:00+07:00,149.5,149.5,150.5,149.5,150.5,1917352
2024-11-25 16:00:00+07:00,150.0,150.0,150.5,149.5,149.5,914901
2024-11-26 10:00:00+07:00,149.5,149.5,151.0,149.5,150.5,0
2024-11-26 11:00:00+07:00,149.5,149.5,150.0,149.5,149.5,512588
2024-11-26 12:00:00+07:00,149.5,149.5,150.0,149.5,149.5,226126
2024-11-26 13:00:00+07:00,149.5,149.5,150.0,149.5,149.5,122700
2024-11-26 14:00:00+07:00,150.0,150.0,150.0,149.5,149.5,273104
2024-11-26 15:00:00+07:00,149.5,149.5,150.0,149.5,150.0,578314
2024-11-26 16:00:00+07:00,149.5,149.5,150.0,149.5,149.5,314060
2024-11-27 10:00:00+07:00,149.0,149.0,149.5,149.0,149.5,0
2024-11-27 11:00:00+07:00,149.0,149.0,149.5,149.0,149.0,377026
2024-11-27 12:00:00+07:00,149.5,149.5,149.5,149.0,149.5,322811
2024-11-27 13:00:00+07:00,149.0,149.0,149.5,149.0,149.0,56102
2024-11-27 14:00:00+07:00,149.0,149.0,149.5,149.0,149.5,2061115
2024-11-27 15:00:00+07:00,149.0,149.0,149.5,149.0,149.0,103183
2024-11-27 16:00:00+07:00,149.5,149.5,149.5,149.0,149.5,246781
2024-11-28 10:00:00+07:00,150.0,150.0,150.5,149.5,150.5,0
2024-11-28 11:00:00+07:00,149.5,149.5,150.0,149.5,150.0,178056
2024-11-28 12:00:00+07:00,150.0,150.0,150.0,149.5,150.0,99900
2024-11-28 13:00:00+07:00,149.5,149.5,150.0,149.5,150.0,46790
2024-11-28 14:00:00+07:00,149.5,149.5,150.0,149.5,149.5,624341
2024-11-28 15:00:00+07:00,149.5,149.5,150.0,149.5,149.5,1438720
2024-11-28 16:00:00+07:00,150.0,150.0,150.0,149.5,149.5,390055
2024-11-29 10:00:00+07:00,150.5,150.5,151.0,149.5,150.0,0
2024-11-29 11:00:00+07:00,150.0,150.0,150.5,150.0,150.5,942019
2024-11-29 12:00:00+07:00,150.0,150.0,150.5,150.0,150.5,157433
2024-11-29 13:00:00+07:00,150.5,150.5,150.5,150.5,150.5,1251403
2024-11-29 14:00:00+07:00,150.5,150.5,150.5,150.0,150.5,479463
2024-11-29 15:00:00+07:00,150.5,150.5,150.5,150.0,150.5,480435
2024-11-29 16:00:00+07:00,150.0,150.0,150.5,150.0,150.5,411017
2024-12-02 10:00:00+07:00,150.0,150.0,150.5,149.0,150.0,0
2024-12-02 11:00:00+07:00,150.5,150.5,150.5,150.0,150.0,541221
2024-12-02 12:00:00+07:00,150.5,150.5,150.5,150.0,150.0,275321
2024-12-02 13:00:00+07:00,151.0,151.0,151.0,150.5,150.5,375800
2024-12-02 14:00:00+07:00,150.5,150.5,151.0,150.5,151.0,711463
2024-12-02 15:00:00+07:00,151.0,151.0,151.0,150.5,151.0,886558
2024-12-02 16:00:00+07:00,151.0,151.0,151.0,150.5,150.5,604306
2024-12-03 10:00:00+07:00,152.0,152.0,153.0,151.0,151.0,445034
2024-12-03 11:00:00+07:00,152.5,152.5,152.5,152.0,152.5,363211
2024-12-03 12:00:00+07:00,152.5,152.5,152.5,152.0,152.0,163516
2024-12-03 13:00:00+07:00,152.0,152.0,152.5,152.0,152.5,107738
2024-12-03 14:00:00+07:00,153.0,153.0,153.5,152.0,152.0,7340718
2024-12-03 15:00:00+07:00,153.0,153.0,153.5,152.5,153.0,2845448
2024-12-03 16:00:00+07:00,153.0,153.0,153.5,153.0,153.0,397556
2024-12-04 10:00:00+07:00,154.5,154.5,155.0,153.0,153.5,0
2024-12-04 11:00:00+07:00,155.0,155.0,155.5,154.5,154.5,5165142
2024-12-04 12:00:00+07:00,155.5,155.5,155.5,155.0,155.5,535040
2024-12-04 13:00:00+07:00,155.0,155.0,155.5,155.0,155.5,102056
2024-12-04 14:00:00+07:00,155.0,155.0,155.5,155.0,155.5,739716
2024-12-04 15:00:00+07:00,155.5,155.5,155.5,155.0,155.0,1615082
2024-12-04 16:00:00+07:00,155.0,155.0,155.5,154.5,155.0,1318066
2024-12-06 10:00:00+07:00,156.0,156.0,156.0,154.5,155.0,0
2024-12-06 11:00:00+07:00,156.0,156.0,156.0,155.5,155.5,406322
2024-12-06 12:00:00+07:00,155.5,155.5,156.0,155.5,156.0,778600
2024-12-06 13:00:00+07:00,155.5,155.5,156.0,155.5,156.0,51400
2024-12-06 14:00:00+07:00,156.0,156.0,156.0,155.5,156.0,339065
2024-12-06 15:00:00+07:00,156.5,156.5,156.5,155.5,156.0,1351638
2024-12-06 16:00:00+07:00,156.0,156.0,156.5,155.5,156.5,1079213
2024-12-09 10:00:00+07:00,157.0,157.0,157.0,156.0,156.5,0
2024-12-09 11:00:00+07:00,157.0,157.0,157.5,156.5,157.0,4049918
2024-12-09 12:00:00+07:00,156.5,156.5,157.0,156.5,157.0,1321735
2024-12-09 13:00:00+07:00,157.0,157.0,157.0,156.5,156.5,318419
2024-12-09 14:00:00+07:00,157.0,157.0,157.0,156.5,156.5,1552991
2024-12-09 15:00:00+07:00,157.0,157.0,157.0,156.5,157.0,3093250
2024-12-09 16:00:00+07:00,156.5,156.5,157.0,156.5,157.0,1398811
2024-12-11 10:00:00+07:00,154.5,154.5,156.5,154.0,156.0,3374407
2024-12-11 11:00:00+07:00,155.0,155.0,155.0,154.0,154.0,1341145
2024-12-11 12:00:00+07:00,154.5,154.5,155.0,154.5,155.0,304350
2024-12-11 13:00:00+07:00,154.5,154.5,155.0,154.5,155.0,66250
2024-12-11 14:00:00+07:00,154.5,154.5,155.0,154.5,154.5,1177220
2024-12-11 15:00:00+07:00,154.5,154.5,155.0,154.5,154.5,1032884
2024-12-11 16:00:00+07:00,154.5,154.5,155.0,154.5,154.5,459078
2024-12-12 10:00:00+07:00,156.5,156.5,157.5,155.0,155.5,4494847
2024-12-12 11:00:00+07:00,157.5,157.5,157.5,156.5,156.5,1899524
2024-12-12 12:00:00+07:00,157.5,157.5,157.5,157.0,157.5,867971
2024-12-12 13:00:00+07:00,157.0,157.0,157.5,157.0,157.0,86000
2024-12-12 14:00:00+07:00,156.5,156.5,157.5,156.5,157.5,1490448
2024-12-12 15:00:00+07:00,156.0,156.0,157.0,156.0,156.5,1633410
2024-12-12 16:00:00+07:00,156.5,156.5,156.5,156.0,156.5,294360
2024-12-13 10:00:00+07:00,157.0,157.0,157.5,156.5,157.0,0
2024-12-13 11:00:00+07:00,157.0,157.0,157.5,156.5,157.0,1147331
2024-12-13 12:00:00+07:00,157.5,157.5,157.5,157.0,157.0,420582
2024-12-13 13:00:00+07:00,157.0,157.0,157.5,157.0,157.0,93800
2024-12-13 14:00:00+07:00,157.5,157.5,157.5,157.0,157.5,553436
2024-12-13 15:00:00+07:00,157.5,157.5,157.5,156.5,157.0,1123217
2024-12-13 16:00:00+07:00,158.0,158.0,158.5,157.0,157.5,3772895
2024-12-16 10:00:00+07:00,156.5,156.5,157.5,156.5,157.0,0
2024-12-16 11:00:00+07:00,157.0,157.0,157.0,156.5,156.5,258089
2024-12-16 12:00:00+07:00,157.0,157.0,157.0,156.5,157.0,157725
2024-12-16 13:00:00+07:00,156.5,156.5,157.0,156.5,157.0,37200
2024-12-16 14:00:00+07:00,156.5,156.5,157.0,156.5,156.5,1022371
2024-12-16 15:00:00+07:00,156.5,156.5,157.0,156.5,156.5,508708
2024-12-16 16:00:00+07:00,157.5,157.5,157.5,156.5,157.0,1771276
2024-12-17 10:00:00+07:00,156.0,156.0,157.0,156.0,156.5,0
2024-12-17 11:00:00+07:00,155.5,155.5,156.5,155.5,156.5,1212276
2024-12-17 12:00:00+07:00,156.0,156.0,156.0,155.5,155.5,514336
2024-12-17 13:00:00+07:00,155.5,155.5,156.0,155.5,155.5,40600
2024-12-17 14:00:00+07:00,156.0,156.0,156.0,155.5,155.5,443691
2024-12-17 15:00:00+07:00,154.5,154.5,156.0,154.5,155.5,2238360
2024-12-17 16:00:00+07:00,154.5,154.5,155.0,154.0,154.5,944569
2024-12-18 10:00:00+07:00,154.5,154.5,155.0,154.0,154.5,1305321
2024-12-18 11:00:00+07:00,153.5,153.5,154.5,153.5,154.5,1199065
2024-12-18 12:00:00+07:00,154.0,154.0,154.0,153.5,153.5,254820
2024-12-18 13:00:00+07:00,154.0,154.0,154.0,153.5,154.0,155800
2024-12-18 14:00:00+07:00,154.5,154.5,154.5,153.5,154.0,1842945
2024-12-18 15:00:00+07:00,154.0,154.0,154.5,153.5,154.5,1010701
2024-12-18 16:00:00+07:00,154.0,154.0,154.5,154.0,154.0,293861
2024-12-19 10:00:00+07:00,153.0,153.0,154.0,152.5,153.5,0
2024-12-19 11:00:00+07:00,152.5,152.5,153.5,152.5,153.0,449151
2024-12-19 12:00:00+07:00,152.5,152.5,153.0,152.5,152.5,162832
2024-12-19 13:00:00+07:00,153.0,153.0,153.0,152.5,153.0,144201
2024-12-19 14:00:00+07:00,153.5,153.5,153.5,152.5,152.5,946913
2024-12-19 15:00:00+07:00,153.0,153.0,153.5,152.5,153.5,1944992
2024-12-19 16:00:00+07:00,153.5,153.5,153.5,152.5,153.0,835041
2024-12-20 10:00:00+07:00,151.5,151.5,153.0,151.5,153.0,0
2024-12-20 11:00:00+07:00,151.5,151.5,152.0,151.5,151.5,268455
2024-12-20 12:00:00+07:00,151.5,151.5,152.0,151.5,151.5,100473
2024-12-20 13:00:00+07:00,152.0,152.0,152.0,151.5,152.0,31800
2024-12-20 14:00:00+07:00,151.5,151.5,152.5,151.5,151.5,1134975
2024-12-20 15:00:00+07:00,152.0,152.0,152.5,151.5,151.5,885718
2024-12-20 16:00:00+07:00,152.0,152.0,152.5,151.5,152.0,1248148
2024-12-23 10:00:00+07:00,152.5,152.5,154.0,152.5,153.0,0
2024-12-23 11:00:00+07:00,153.0,153.0,153.5,152.5,152.5,523383
2024-12-23 12:00:00+07:00,153.5,153.5,154.0,153.0,153.0,171748
2024-12-23 13:00:00+07:00,153.5,153.5,153.5,153.5,153.5,63600
2024-12-23 14:00:00+07:00,153.5,153.5,154.0,153.5,153.5,331284
2024-12-23 15:00:00+07:00,154.0,154.0,154.5,153.5,153.5,1367153
2024-12-23 16:00:00+07:00,154.0,154.0,154.5,154.0,154.0,163343
2024-12-24 10:00:00+07:00,155.0,155.0,156.0,154.5,154.5,1128742
2024-12-24 11:00:00+07:00,155.0,155.0,155.0,154.5,155.0,392531
2024-12-24 12:00:00+07:00,155.5,155.5,155.5,154.5,155.0,585407
2024-12-24 13:00:00+07:00,155.0,155.0,155.0,155.0,155.0,186200
2024-12-24 14:00:00+07:00,155.0,155.0,155.5,154.5,155.0,724699
2024-12-24 15:00:00+07:00,154.5,154.5,155.0,154.5,155.0,54530
2024-12-24 16:00:00+07:00,155.0,155.0,155.0,154.5,155.0,94906
2024-12-25 10:00:00+07:00,155.5,155.5,156.0,155.0,155.0,0
2024-12-25 11:00:00+07:00,155.5,155.5,156.0,155.0,156.0,540226
2024-12-25 12:00:00+07:00,155.5,155.5,156.0,155.5,155.5,93810
2024-12-25 13:00:00+07:00,155.5,155.5,156.0,155.5,155.5,74179
2024-12-25 14:00:00+07:00,155.5,155.5,156.0,155.5,155.5,124878
2024-12-25 15:00:00+07:00,155.5,155.5,156.0,155.5,156.0,386925
2024-12-25 16:00:00+07:00,156.0,156.0,156.5,155.5,155.5,1582036
2024-12-26 10:00:00+07:00,156.5,156.5,157.0,156.0,156.5,0
2024-12-26 11:00:00+07:00,156.5,156.5,157.5,156.5,156.5,1355868
2024-12-26 12:00:00+07:00,157.0,157.0,157.0,156.5,157.0,72213
2024-12-26 13:00:00+07:00,157.0,157.0,157.0,157.0,157.0,43310
2024-12-26 14:00:00+07:00,157.0,157.0,157.5,156.5,157.0,890490
2024-12-26 15:00:00+07:00,157.0,157.0,157.5,157.0,157.5,360509
2024-12-26 16:00:00+07:00,157.5,157.5,157.5,157.0,157.0,359036
2024-12-27 10:00:00+07:00,156.0,156.0,157.5,156.0,157.5,0
2024-12-27 11:00:00+07:00,156.5,156.5,156.5,156.0,156.5,431392
2024-12-27 12:00:00+07:00,156.5,156.5,156.5,156.0,156.0,66120
2024-12-27 13:00:00+07:00,156.5,156.5,156.5,156.0,156.0,466905
2024-12-27 14:00:00+07:00,157.0,157.0,157.0,156.0,156.5,727408
2024-12-27 15:00:00+07:00,156.5,156.5,157.0,156.5,157.0,1054557
2024-12-27 16:00:00+07:00,156.5,156.5,157.0,156.0,156.5,505838
2024-12-30 10:00:00+07:00,156.0,156.0,157.0,156.0,157.0,456507
2024-12-30 11:00:00+07:00,156.0,156.0,156.5,156.0,156.0,108182
2024-12-30 12:00:00+07:00,156.5,156.5,156.5,156.0,156.0,57901
2024-12-30 13:00:00+07:00,156.5,156.5,156.5,156.0,156.0,22500
2024-12-30 14:00:00+07:00,155.5,155.5,156.5,155.5,156.0,330096
2024-12-30 15:00:00+07:00,155.5,155.5,156.0,155.5,155.5,1077513
2024-12-30 16:00:00+07:00,155.5,155.5,156.0,155.5,155.5,507750
2025-01-02 10:00:00+07:00,155.0,155.0,156.0,154.5,155.5,0
2025-01-02 11:00:00+07:00,155.5,155.5,155.5,155.0,155.5,112632
2025-01-02 12:00:00+07:00,155.0,155.0,155.5,155.0,155.5,134156
2025-01-02 13:00:00+07:00,155.5,155.5,155.5,155.0,155.0,57900
2025-01-02 14:00:00+07:00,155.5,155.5,155.5,155.0,155.5,992496
2025-01-02 15:00:00+07:00,155.0,155.0,155.5,155.0,155.5,179136
2025-01-02 16:00:00+07:00,155.0,155.0,155.5,154.5,155.5,749196
2025-01-03 10:00:00+07:00,154.5,154.5,155.5,154.5,155.5,2039534
2025-01-03 11:00:00+07:00,154.5,154.5,155.0,154.0,154.5,1239526
2025-01-03 12:00:00+07:00,154.5,154.5,154.5,154.0,154.5,28911
2025-01-03 13:00:00+07:00,154.5,154.5,154.5,154.0,154.5,50110
2025-01-03 14:00:00+07:00,155.0,155.0,155.0,154.0,154.5,339260
2025-01-03 15:00:00+07:00,154.5,154.5,155.0,154.5,154.5,282313
2025-01-03 16:00:00+07:00,155.0,155.0,155.0,154.5,154.5,197077
2025-01-06 10:00:00+07:00,158.0,158.0,159.0,155.5,155.5,1869163
2025-01-06 11:00:00+07:00,158.5,158.5,159.0,157.5,158.0,2292282
2025-01-06 12:00:00+07:00,158.5,158.5,159.0,158.5,158.5,1117733
2025-01-06 13:00:00+07:00,158.5,158.5,159.0,158.5,158.5,395717
2025-01-06 14:00:00+07:00,158.5,158.5,159.0,158.5,158.5,1971282
2025-01-06 15:00:00+07:00,158.0,158.0,159.0,158.0,158.5,1019408
2025-01-06 16:00:00+07:00,158.0,158.0,158.5,158.0,158.0,651517
2025-01-07 10:00:00+07:00,158.5,158.5,160.0,158.5,160.0,0
2025-01-07 11:00:00+07:00,159.5,159.5,159.5,158.5,159.0,1207373
2025-01-07 12:00:00+07:00,159.0,159.0,159.5,159.0,159.5,335356
2025-01-07 13:00:00+07:00,159.5,159.5,159.5,159.0,159.5,1729601
2025-01-07 14:00:00+07:00,158.5,158.5,160.0,158.5,160.0,3902248
2025-01-07 15:00:00+07:00,159.0,159.0,159.5,158.5,159.0,2774492
2025-01-07 16:00:00+07:00,159.5,159.5,160.0,158.5,158.5,1527185
2025-01-08 10:00:00+07:00,159.5,159.5,160.0,157.0,157.5,0
2025-01-08 11:00:00+07:00,159.5,159.5,160.5,159.5,159.5,1820649
2025-01-08 12:00:00+07:00,159.5,159.5,160.0,159.0,159.5,746029
2025-01-08 13:00:00+07:00,159.0,159.0,159.5,159.0,159.5,41017
2025-01-08 14:00:00+07:00,159.0,159.0,159.5,159.0,159.0,802256
2025-01-08 15:00:00+07:00,158.5,158.5,159.5,158.5,159.5,980007
2025-01-08 16:00:00+07:00,159.0,159.0,159.5,158.5,159.0,481511
2025-01-09 10:00:00+07:00,158.5,158.5,159.0,158.0,158.5,1678766
2025-01-09 11:00:00+07:00,158.5,158.5,159.0,158.0,159.0,1241356
2025-01-09 12:00:00+07:00,159.0,159.0,159.0,158.5,158.5,774016
2025-01-09 13:00:00+07:00,159.0,159.0,159.0,158.5,158.5,578700
2025-01-09 14:00:00+07:00,159.5,159.5,159.5,159.0,159.0,701480
2025-01-09 15:00:00+07:00,159.5,159.5,159.5,159.0,159.0,1226221
2025-01-09 16:00:00+07:00,159.5,159.5,160.0,159.0,159.5,966299
2025-01-10 10:00:00+07:00,159.0,159.0,160.0,158.0,160.0,0
2025-01-10 11:00:00+07:00,160.0,160.0,160.5,159.0,159.5,1582021
2025-01-10 12:00:00+07:00,159.5,159.5,160.0,159.5,160.0,126521
2025-01-10 13:00:00+07:00,159.0,159.0,159.5,159.0,159.5,164159
2025-01-10 14:00:00+07:00,159.5,159.5,160.0,158.5,159.5,1780880
2025-01-10 15:00:00+07:00,159.5,159.5,160.0,159.0,160.0,761982
2025-01-10 16:00:00+07:00,159.5,159.5,160.0,159.5,160.0,131021
2025-01-13 10:00:00+07:00,161.0,161.0,161.0,159.5,159.5,0
2025-01-13 11:00:00+07:00,161.0,161.0,161.0,160.0,160.5,1335280
2025-01-13 12:00:00+07:00,161.0,161.0,161.0,160.5,160.5,158479
2025-01-13 13:00:00+07:00,161.5,161.5,162.0,161.0,161.0,1579636
2025-01-13 14:00:00+07:00,163.0,163.0,163.0,161.5,161.5,3687205
2025-01-13 15:00:00+07:00,163.0,163.0,163.0,162.5,162.5,909831
2025-01-13 16:00:00+07:00,163.0,163.0,163.0,162.5,162.5,628251
2025-01-14 10:00:00+07:00,161.0,161.0,162.0,160.5,161.5,3104447
2025-01-14 11:00:00+07:00,161.5,161.5,161.5,160.5,161.0,1594923
2025-01-14 12:00:00+07:00,161.0,161.0,162.0,161.0,161.5,588930
2025-01-14 13:00:00+07:00,161.0,161.0,161.0,161.0,161.0,179400
2025-01-14 14:00:00+07:00,162.0,162.0,162.5,161.0,161.0,2568700
2025-01-14 15:00:00+07:00,161.5,161.5,162.0,161.0,161.5,983800
2025-01-14 16:00:00+07:00,161.5,161.5,162.0,161.5,161.5,932400
2025-01-15 10:00:00+07:00,162.0,162.0,162.0,160.5,161.5,0
2025-01-15 11:00:00+07:00,163.0,163.0,163.5,161.5,161.5,2897989
2025-01-15 12:00:00+07:00,163.0,163.0,163.0,162.0,163.0,731294
2025-01-15 13:00:00+07:00,163.0,163.0,163.0,162.5,162.5,119190
2025-01-15 14:00:00+07:00,163.5,163.5,163.5,162.5,163.0,1011876
2025-01-15 15:00:00+07:00,162.0,162.0,163.5,162.0,163.5,3717762
2025-01-15 16:00:00+07:00,162.5,162.5,162.5,162.0,162.5,863239
2025-01-16 10:00:00+07:00,160.5,160.5,162.0,160.0,162.0,2310677
2025-01-16 11:00:00+07:00,160.5,160.5,161.5,160.0,160.5,2307867
2025-01-16 12:00:00+07:00,161.0,161.0,161.5,160.5,160.5,542211
2025-01-16 13:00:00+07:00,161.5,161.5,161.5,161.5,161.5,116900
2025-01-16 14:00:00+07:00,162.5,162.5,162.5,161.0,161.0,3178131
2025-01-16 15:00:00+07:00,161.5,161.5,162.5,161.5,162.0,766415
2025-01-16 16:00:00+07:00,161.0,161.0,162.0,161.0,161.5,863798
2025-01-17 10:00:00+07:00,160.5,160.5,161.0,160.0,160.5,0
2025-01-17 11:00:00+07:00,160.5,160.5,161.5,160.0,160.0,1811953
2025-01-17 12:00:00+07:00,161.0,161.0,161.0,160.5,160.5,124817
2025-01-17 13:00:00+07:00,160.5,160.5,161.0,160.5,160.5,157450
2025-01-17 14:00:00+07:00,161.0,161.0,161.5,160.5,160.5,1015665
2025-01-17 15:00:00+07:00,160.5,160.5,161.5,160.0,161.0,2177746
2025-01-17 16:00:00+07:00,161.5,161.5,161.5,160.5,161.0,1225527
2025-01-20 10:00:00+07:00,159.0,159.0,160.0,158.5,159.5,0
2025-01-20 11:00:00+07:00,159.0,159.0,160.0,158.5,159.0,959161
2025-01-20 12:00:00+07:00,159.0,159.0,159.5,159.0,159.0,216051
2025-01-20 13:00:00+07:00,159.0,159.0,159.5,159.0,159.0,36102
2025-01-20 14:00:00+07:00,160.5,160.5,160.5,159.5,159.5,2057221
2025-01-20 15:00:00+07:00,160.0,160.0,160.5,160.0,160.5,253010
2025-01-20 16:00:00+07:00,160.5,160.5,160.5,160.0,160.5,196524
2025-01-21 10:00:00+07:00,158.0,158.0,158.5,156.5,158.0,6615178
2025-01-21 11:00:00+07:00,158.0,158.0,158.5,157.5,158.0,976283
2025-01-21 12:00:00+07:00,158.0,158.0,158.0,157.5,158.0,564984
2025-01-21 13:00:00+07:00,157.5,157.5,158.0,157.0,157.5,964200
2025-01-21 14:00:00+07:00,158.5,158.5,159.5,158.0,158.0,2283142
2025-01-21 15:00:00+07:00,159.0,159.0,159.5,158.5,159.0,2335672
2025-01-21 16:00:00+07:00,159.0,159.0,159.0,158.5,159.0,210534
2025-01-22 10:00:00+07:00,159.0,159.0,159.0,156.5,156.5,0
2025-01-22 11:00:00+07:00,160.0,160.0,160.0,158.0,159.0,1908507
2025-01-22 12:00:00+07:00,159.0,159.0,160.0,159.0,160.0,954412
2025-01-22 13:00:00+07:00,159.5,159.5,160.0,159.0,159.0,310100
2025-01-22 14:00:00+07:00,160.0,160.0,161.0,159.5,159.5,3463268
2025-01-22 15:00:00+07:00,160.5,160.5,160.5,160.0,160.5,673887
2025-01-22 16:00:00+07:00,160.0,160.0,160.5,159.5,160.5,1071428
2025-01-23 10:00:00+07:00,161.0,161.0,161.5,160.0,160.5,0
2025-01-23 11:00:00+07:00,161.5,161.5,161.5,160.5,160.5,660414
2025-01-23 12:00:00+07:00,161.5,161.5,161.5,161.0,161.5,140601
2025-01-23 13:00:00+07:00,161.0,161.0,161.5,161.0,161.0,310900
2025-01-23 14:00:00+07:00,160.0,160.0,161.0,160.0,161.0,1348761
2025-01-23 15:00:00+07:00,160.0,160.0,160.5,160.0,160.0,812959
2025-01-23 16:00:00+07:00,159.5,159.5,160.5,159.5,160.0,638572
2025-01-24 10:00:00+07:00,159.0,159.0,161.0,158.5,159.5,0
2025-01-24 11:00:00+07:00,159.0,159.0,159.5,158.5,159.5,235535
2025-01-24 12:00:00+07:00,159.5,159.5,159.5,158.5,159.0,800710
2025-01-24 13:00:00+07:00,159.5,159.5,159.5,159.0,159.5,184875
2025-01-24 14:00:00+07:00,159.0,159.0,159.5,158.5,159.5,349385
2025-01-24 15:00:00+07:00,158.5,158.5,159.0,158.0,159.0,1583303
2025-01-24 16:00:00+07:00,158.0,158.0,159.0,158.0,159.0,641813
2025-01-27 10:00:00+07:00,159.0,159.0,159.0,158.0,158.0,0
2025-01-27 11:00:00+07:00,159.5,159.5,160.0,158.5,159.0,437503
2025-01-27 12:00:00+07:00,159.0,159.0,160.0,159.0,160.0,204879
2025-01-27 13:00:00+07:00,159.0,159.0,159.5,159.0,159.0,556700
2025-01-27 14:00:00+07:00,159.0,159.0,159.5,158.5,159.0,910209
2025-01-27 15:00:00+07:00,159.0,159.0,159.5,159.0,159.5,124062
2025-01-27 16:00:00+07:00,159.0,159.0,159.5,159.0,159.5,212817
2025-01-28 10:00:00+07:00,161.0,161.0,161.0,159.5,160.0,3149684
2025-01-28 11:00:00+07:00,161.0,161.0,161.5,160.5,161.0,2423417
2025-01-28 12:00:00+07:00,160.5,160.5,161.0,160.5,161.0,161901
2025-01-28 13:00:00+07:00,161.0,161.0,161.0,160.5,160.5,418300
2025-01-28 14:00:00+07:00,161.0,161.0,161.0,160.0,161.0,906259
2025-01-28 15:00:00+07:00,160.5,160.5,161.0,160.5,160.5,519600
2025-01-28 16:00:00+07:00,160.5,160.5,161.0,160.5,161.0,339131
2025-01-29 10:00:00+07:00,160.5,160.5,161.5,160.0,161.5,0
2025-01-29 11:00:00+07:00,161.0,161.0,161.0,160.0,160.0,950137
2025-01-29 12:00:00+07:00,160.5,160.5,161.0,160.5,161.0,28905
2025-01-29 13:00:00+07:00,160.5,160.5,160.5,160.5,160.5,55103
2025-01-29 14:00:00+07:00,160.5,160.5,161.0,160.5,160.5,110830
2025-01-29 15:00:00+07:00,160.5,160.5,160.5,160.0,160.5,472571
2025-01-29 16:00:00+07:00,160.5,160.5,160.5,160.0,160.5,218609
2025-01-30 10:00:00+07:00,160.5,160.5,161.0,160.0,160.5,0
2025-01-30 11:00:00+07:00,161.0,161.0,161.0,160.5,160.5,469494
2025-01-30 12:00:00+07:00,160.5,160.5,161.0,160.5,160.5,163760
2025-01-30 13:00:00+07:00,161.0,161.0,161.0,160.5,160.5,44801
2025-01-30 14:00:00+07:00,160.5,160.5,161.0,160.5,160.5,445675
2025-01-30 15:00:00+07:00,161.0,161.0,161.5,160.5,160.5,705737
2025-01-30 16:00:00+07:00,161.0,161.0,161.5,161.0,161.5,419602
2025-01-31 10:00:00+07:00,160.5,160.5,161.5,160.0,160.5,0
2025-01-31 11:00:00+07:00,160.0,160.0,161.0,160.0,160.5,690731
2025-01-31 12:00:00+07:00,160.5,160.5,160.5,160.0,160.0,364817
2025-01-31 13:00:00+07:00,160.5,160.5,161.0,160.5,160.5,240800
2025-01-31 14:00:00+07:00,159.5,159.5,160.5,159.5,160.0,675671
2025-01-31 15:00:00+07:00,159.5,159.5,160.0,159.5,159.5,562621
2025-01-31 16:00:00+07:00,160.0,160.0,160.0,159.5,160.0,1157884
2025-02-03 10:00:00+07:00,158.0,158.0,158.0,156.5,157.0,217667
2025-02-03 11:00:00+07:00,158.0,158.0,158.5,157.5,157.5,3108458
2025-02-03 12:00:00+07:00,158.0,158.0,159.0,158.0,158.0,680024
2025-02-03 13:00:00+07:00,158.0,158.0,158.5,158.0,158.5,105066
2025-02-03 14:00:00+07:00,158.5,158.5,159.0,158.0,158.0,2889823
2025-02-03 15:00:00+07:00,158.5,158.5,159.0,158.0,158.0,1469113
2025-02-03 16:00:00+07:00,159.0,159.0,159.5,158.5,159.0,2426228
2025-02-04 10:00:00+07:00,160.0,160.0,161.5,159.5,159.5,0
2025-02-04 11:00:00+07:00,161.0,161.0,161.5,160.0,160.5,1456574
2025-02-04 12:00:00+07:00,161.5,161.5,161.5,160.5,161.0,1957599
2025-02-04 13:00:00+07:00,162.0,162.0,162.5,161.0,161.0,1659800
2025-02-04 14:00:00+07:00,163.0,163.0,163.5,162.0,162.0,3429055
2025-02-04 15:00:00+07:00,163.0,163.0,163.0,162.5,162.5,1263970
2025-02-04 16:00:00+07:00,162.5,162.5,163.0,162.5,162.5,557106
2025-02-05 10:00:00+07:00,160.5,160.5,163.5,160.0,163.0,0
2025-02-05 11:00:00+07:00,160.5,160.5,161.0,160.0,160.5,1854726
2025-02-05 12:00:00+07:00,160.5,160.5,161.0,160.0,160.5,387639
2025-02-05 13:00:00+07:00,160.5,160.5,160.5,160.0,160.5,59015
2025-02-05 14:00:00+07:00,160.0,160.0,161.0,160.0,160.5,2258292
2025-02-05 15:00:00+07:00,160.5,160.5,160.5,160.0,160.5,1841353
2025-02-05 16:00:00+07:00,160.0,160.0,160.5,160.0,160.5,418516
2025-02-06 10:00:00+07:00,161.0,161.0,161.5,161.0,161.5,985301
2025-02-06 11:00:00+07:00,161.5,161.5,162.0,161.0,161.5,645136
2025-02-06 12:00:00+07:00,162.0,162.0,162.0,161.5,162.0,285627
2025-02-06 13:00:00+07:00,161.5,161.5,162.0,161.5,162.0,173800
2025-02-06 14:00:00+07:00,160.5,160.5,161.5,160.5,161.5,1866241
2025-02-06 15:00:00+07:00,161.0,161.0,161.0,160.5,161.0,1323023
2025-02-06 16:00:00+07:00,160.5,160.5,161.0,160.0,160.5,1088156
2025-02-07 10:00:00+07:00,159.0,159.0,161.0,159.0,160.0,1752937
2025-02-07 11:00:00+07:00,159.0,159.0,159.5,159.0,159.0,1466354
2025-02-07 12:00:00+07:00,158.5,158.5,159.5,158.5,159.0,788618
2025-02-07 13:00:00+07:00,158.5,158.5,159.0,158.5,158.5,78510
2025-02-07 14:00:00+07:00,158.0,158.0,159.0,158.0,158.5,1513479
2025-02-07 15:00:00+07:00,159.5,159.5,160.0,158.0,158.0,2766685
2025-02-07 16:00:00+07:00,159.5,159.5,160.0,159.5,159.5,218118
2025-02-10 10:00:00+07:00,159.5,159.5,160.0,158.0,159.0,0
2025-02-10 11:00:00+07:00,159.5,159.5,160.0,159.5,159.5,787535
2025-02-10 12:00:00+07:00,160.0,160.0,160.0,159.5,159.5,395243
2025-02-10 13:00:00+07:00,159.5,159.5,160.0,159.5,160.0,223264
2025-02-10 14:00:00+07:00,159.5,159.5,160.0,158.5,160.0,1471162
2025-02-10 15:00:00+07:00,159.5,159.5,159.5,159.0,159.0,84315
2025-02-10 16:00:00+07:00,159.0,159.0,159.5,159.0,159.0,749573
2025-02-11 10:00:00+07:00,159.5,159.5,160.0,159.0,159.0,0
2025-02-11 11:00:00+07:00,159.5,159.5,159.5,159.0,159.5,252917
2025-02-11 12:00:00+07:00,159.0,159.0,159.5,158.5,159.5,975509
2025-02-11 13:00:00+07:00,158.5,158.5,159.0,158.5,159.0,849832
2025-02-11 14:00:00+07:00,158.0,158.0,159.0,158.0,158.5,2193251
2025-02-11 15:00:00+07:00,158.5,158.5,158.5,158.0,158.0,900964
2025-02-11 16:00:00+07:00,158.0,158.0,158.5,158.0,158.5,782489
2025-02-13 10:00:00+07:00,158.0,158.0,160.0,157.5,159.5,0
2025-02-13 11:00:00+07:00,156.5,156.5,158.5,156.0,158.0,4652441
2025-02-13 12:00:00+07:00,157.0,157.0,157.0,156.5,157.0,192182
2025-02-13 13:00:00+07:00,157.0,157.0,157.0,156.5,157.0,195718
2025-02-13 14:00:00+07:00,155.5,155.5,157.0,155.5,156.5,2004850
2025-02-13 15:00:00+07:00,155.0,155.0,156.0,155.0,155.5,1635116
2025-02-13 16:00:00+07:00,155.5,155.5,155.5,154.5,155.0,1732655
2025-02-14 10:00:00+07:00,154.5,154.5,155.5,154.0,155.0,0
2025-02-14 11:00:00+07:00,154.5,154.5,155.0,154.0,154.5,1809336
2025-02-14 12:00:00+07:00,155.0,155.0,155.0,154.5,154.5,735111
2025-02-14 13:00:00+07:00,154.5,154.5,154.5,154.5,154.5,89300
2025-02-14 14:00:00+07:00,154.5,154.5,155.5,154.0,154.5,2510726
2025-02-14 15:00:00+07:00,154.0,154.0,155.0,153.5,154.5,2888976
2025-02-14 16:00:00+07:00,153.5,153.5,154.5,153.0,154.0,2311713
2025-02-17 10:00:00+07:00,155.5,155.5,157.0,154.5,154.5,0
2025-02-17 11:00:00+07:00,155.5,155.5,156.0,155.0,155.5,883119
2025-02-17 12:00:00+07:00,155.5,155.5,156.5,155.5,156.0,409225
2025-02-17 13:00:00+07:00,156.5,156.5,156.5,156.0,156.5,91414
2025-02-17 14:00:00+07:00,157.0,157.0,157.5,156.0,156.0,2322462
2025-02-17 15:00:00+07:00,157.0,157.0,157.0,156.5,157.0,188083
2025-02-17 16:00:00+07:00,157.0,157.0,157.5,156.5,157.0,1056479
2025-02-18 10:00:00+07:00,159.0,159.0,159.5,158.0,159.0,0
2025-02-18 11:00:00+07:00,159.5,159.5,160.0,158.5,158.5,3010209
2025-02-18 12:00:00+07:00,160.0,160.0,160.0,159.5,159.5,284089
2025-02-18 14:00:00+07:00,161.5,161.5,162.5,160.0,160.0,6148222
2025-02-18 15:00:00+07:00,162.0,162.0,162.0,161.5,162.0,1669826
2025-02-18 16:00:00+07:00,162.0,162.0,162.5,161.5,162.0,1977630
2025-02-19 10:00:00+07:00,163.0,163.0,163.5,162.0,162.0,0
2025-02-19 11:00:00+07:00,162.0,162.0,162.5,162.0,162.5,423429
2025-02-19 12:00:00+07:00,162.0,162.0,162.5,162.0,162.0,145890
2025-02-19 13:00:00+07:00,162.0,162.0,162.5,162.0,162.5,196500
2025-02-19 14:00:00+07:00,163.0,163.0,163.0,162.5,162.5,1295894
2025-02-19 15:00:00+07:00,162.5,162.5,163.5,162.5,163.0,2338511
2025-02-19 16:00:00+07:00,162.5,162.5,163.0,162.5,162.5,551309
2025-02-20 10:00:00+07:00,161.0,161.0,163.0,161.0,163.0,0
2025-02-20 11:00:00+07:00,162.5,162.5,163.0,161.0,161.0,2331381
2025-02-20 12:00:00+07:00,162.5,162.5,163.0,162.5,162.5,298100
2025-02-20 13:00:00+07:00,162.5,162.5,163.0,162.5,162.5,477200
2025-02-20 14:00:00+07:00,164.0,164.0,164.5,162.5,162.5,3748868
2025-02-20 15:00:00+07:00,164.0,164.0,164.0,163.0,164.0,2654291
2025-02-20 16:00:00+07:00,164.0,164.0,164.0,163.0,163.5,885214
2025-02-21 10:00:00+07:00,162.0,162.0,163.5,161.0,163.0,0
2025-02-21 11:00:00+07:00,160.0,160.0,162.0,160.0,162.0,1984714
2025-02-21 12:00:00+07:00,160.0,160.0,160.5,160.0,160.0,796713
2025-02-21 13:00:00+07:00,159.5,159.5,160.5,159.5,160.5,645900
2025-02-21 14:00:00+07:00,160.0,160.0,160.5,159.5,159.5,2494727
2025-02-21 15:00:00+07:00,160.0,160.0,160.5,159.5,160.0,1240743
2025-02-21 16:00:00+07:00,160.0,160.0,160.0,159.0,160.0,1632141
2025-02-24 10:00:00+07:00,159.0,159.0,160.0,158.0,160.0,0
2025-02-24 11:00:00+07:00,158.0,158.0,159.0,158.0,159.0,554768
2025-02-24 12:00:00+07:00,158.0,158.0,158.5,158.0,158.0,131818
2025-02-24 13:00:00+07:00,158.0,158.0,158.0,158.0,158.0,54286
2025-02-24 14:00:00+07:00,158.5,158.5,159.0,157.5,158.0,1846900
2025-02-24 15:00:00+07:00,158.5,158.5,159.0,158.0,158.5,631257
2025-02-24 16:00:00+07:00,158.0,158.0,159.0,158.0,158.0,710365
2025-02-25 10:00:00+07:00,157.0,157.0,158.5,156.0,157.0,0
2025-02-25 11:00:00+07:00,156.0,156.0,157.5,155.5,157.0,1567410
2025-02-25 12:00:00+07:00,156.5,156.5,156.5,156.0,156.5,1155237
2025-02-25 13:00:00+07:00,156.5,156.5,156.5,156.0,156.0,20601
2025-02-25 14:00:00+07:00,156.0,156.0,156.5,155.5,156.5,985983
2025-02-25 15:00:00+07:00,155.0,155.0,156.0,155.0,156.0,1607402
2025-02-25 16:00:00+07:00,155.0,155.0,155.5,155.0,155.0,1231288
2025-02-26 10:00:00+07:00,155.0,155.0,157.0,155.0,155.5,0
2025-02-26 11:00:00+07:00,154.5,154.5,155.5,154.0,155.0,2122584
2025-02-26 12:00:00+07:00,154.5,154.5,155.0,154.5,154.5,169147
2025-02-26 13:00:00+07:00,155.0,155.0,155.0,154.5,155.0,214400
2025-02-26 14:00:00+07:00,152.0,152.0,156.0,152.0,155.0,4413293
2025-02-26 15:00:00+07:00,150.5,150.5,153.0,149.5,152.0,5779728
2025-02-26 16:00:00+07:00,150.0,150.0,150.5,149.5,150.5,3442988
2025-02-27 10:00:00+07:00,151.0,151.0,152.5,147.5,148.0,0
2025-02-27 11:00:00+07:00,151.0,151.0,152.0,150.5,151.0,1603950
2025-02-27 12:00:00+07:00,152.5,152.5,152.5,151.0,151.5,426526
2025-02-27 13:00:00+07:00,153.5,153.5,154.0,152.5,153.0,743700
2025-02-27 14:00:00+07:00,152.5,152.5,154.0,151.5,154.0,3496703
2025-02-27 15:00:00+07:00,151.5,151.5,152.5,151.5,152.0,1033624
2025-02-27 16:00:00+07:00,152.0,152.0,152.0,151.0,151.5,1329900
2025-02-28 10:00:00+07:00,150.0,150.0,150.5,148.5,150.5,0
2025-02-28 11:00:00+07:00,149.5,149.5,150.0,149.0,150.0,1194595
2025-02-28 12:00:00+07:00,151.0,151.0,151.0,149.5,149.5,1161714
2025-02-28 13:00:00+07:00,151.0,151.0,151.5,150.5,150.5,633912
2025-02-28 14:00:00+07:00,151.0,151.0,151.5,150.0,151.5,1514597
2025-02-28 15:00:00+07:00,150.0,150.0,151.5,150.0,150.5,2479497
2025-02-28 16:00:00+07:00,150.0,150.0,150.5,150.0,150.0,499343
2025-03-03 10:00:00+07:00,151.5,151.5,153.5,151.5,153.5,0
2025-03-03 11:00:00+07:00,152.5,152.5,152.5,151.5,151.5,906503
2025-03-03 12:00:00+07:00,152.5,152.5,152.5,152.0,152.0,349085
2025-03-03 13:00:00+07:00,152.5,152.5,152.5,152.0,152.0,64000
2025-03-03 14:00:00+07:00,153.5,153.5,154.0,152.0,152.0,3122271
2025-03-03 15:00:00+07:00,152.5,152.5,154.0,152.0,154.0,1087695
2025-03-03 16:00:00+07:00,152.5,152.5,152.5,151.5,152.0,1086092
2025-03-04 10:00:00+07:00,152.0,152.0,153.5,151.5,153.0,1883343
2025-03-04 11:00:00+07:00,152.5,152.5,152.5,151.5,152.0,856970
2025-03-04 12:00:00+07:00,152.0,152.0,152.5,152.0,152.5,81677
2025-03-04 13:00:00+07:00,152.0,152.0,152.0,151.5,152.0,169500
2025-03-04 14:00:00+07:00,151.5,151.5,152.0,151.0,152.0,935660
2025-03-04 15:00:00+07:00,151.0,151.0,152.0,150.5,151.5,1498109
2025-03-04 16:00:00+07:00,151.0,151.0,151.0,150.0,150.5,1080902
2025-03-05 10:00:00+07:00,151.0,151.0,151.5,150.5,151.5,0
2025-03-05 11:00:00+07:00,151.0,151.0,151.0,150.5,151.0,347370
2025-03-05 12:00:00+07:00,150.5,150.5,151.0,150.5,151.0,280702
2025-03-05 13:00:00+07:00,151.0,151.0,151.0,150.5,151.0,153101
2025-03-05 14:00:00+07:00,151.5,151.5,151.5,150.5,150.5,794134
2025-03-05 15:00:00+07:00,151.5,151.5,152.0,151.0,151.5,1151031
2025-03-05 16:00:00+07:00,151.0,151.0,151.5,151.0,151.0,554911
2025-03-06 10:00:00+07:00,149.5,149.5,150.5,149.5,150.5,0
2025-03-06 11:00:00+07:00,149.5,149.5,150.5,149.5,149.5,1231138
2025-03-06 12:00:00+07:00,149.5,149.5,150.0,149.5,150.0,276180
2025-03-06 13:00:00+07:00,150.0,150.0,150.0,150.0,150.0,43004
2025-03-06 14:00:00+07:00,149.5,149.5,150.0,149.5,150.0,328833
2025-03-06 15:00:00+07:00,149.0,149.0,150.0,148.5,149.5,3220387
2025-03-06 16:00:00+07:00,149.0,149.0,149.0,148.5,149.0,347770
2025-03-07 10:00:00+07:00,147.0,147.0,148.5,146.5,147.0,3190082
2025-03-07 11:00:00+07:00,148.0,148.0,148.5,147.0,147.0,1467388
2025-03-07 12:00:00+07:00,147.5,147.5,148.0,147.5,147.5,1050935
2025-03-07 13:00:00+07:00,147.5,147.5,147.5,147.0,147.5,184100
2025-03-07 14:00:00+07:00,146.5,146.5,147.5,146.0,147.0,2191995
2025-03-07 15:00:00+07:00,147.5,147.5,148.0,146.5,147.0,2639144
2025-03-07 16:00:00+07:00,147.5,147.5,148.0,147.5,147.5,437155
2025-03-10 10:00:00+07:00,149.0,149.0,150.5,149.0,149.0,0
2025-03-10 11:00:00+07:00,149.0,149.0,150.0,149.0,149.0,827637
2025-03-10 12:00:00+07:00,149.5,149.5,149.5,148.5,149.5,1005654
2025-03-10 13:00:00+07:00,149.0,149.0,149.5,149.0,149.0,83601
2025-03-10 14:00:00+07:00,148.5,148.5,149.5,148.5,149.5,862384
2025-03-10 15:00:00+07:00,148.0,148.0,149.0,148.0,148.5,854868
2025-03-10 16:00:00+07:00,148.5,148.5,149.0,148.0,148.0,1399605
2025-03-11 10:00:00+07:00,148.0,148.0,148.0,146.0,147.0,0
2025-03-11 11:00:00+07:00,147.5,147.5,148.0,147.5,147.5,210760
2025-03-11 12:00:00+07:00,147.5,147.5,148.0,147.0,147.5,1011130
2025-03-11 13:00:00+07:00,147.5,147.5,148.0,147.5,147.5,354801
2025-03-11 14:00:00+07:00,148.5,148.5,148.5,147.5,147.5,1350588
2025-03-11 15:00:00+07:00,150.0,150.0,150.0,148.0,148.5,2774885
2025-03-11 16:00:00+07:00,149.5,149.5,150.0,149.0,150.0,1166910
2025-03-12 10:00:00+07:00,149.5,149.5,151.5,149.0,149.5,3119456
2025-03-12 11:00:00+07:00,150.5,150.5,151.0,149.0,149.0,1855382
2025-03-12 12:00:00+07:00,150.5,150.5,150.5,150.0,150.5,239632
2025-03-12 13:00:00+07:00,150.0,150.0,151.0,150.0,150.0,261103
2025-03-12 14:00:00+07:00,151.0,151.0,151.5,149.5,150.0,2855655
2025-03-12 15:00:00+07:00,150.0,150.0,151.0,150.0,151.0,1054254
2025-03-12 16:00:00+07:00,150.5,150.5,150.5,150.0,150.0,625661
2025-03-13 10:00:00+07:00,150.0,150.0,150.5,149.0,150.0,0
2025-03-13 11:00:00+07:00,149.5,149.5,150.5,149.5,150.0,555983
2025-03-13 12:00:00+07:00,150.0,150.0,150.0,149.5,150.0,179812
2025-03-13 13:00:00+07:00,149.5,149.5,150.0,149.5,150.0,54118
2025-03-13 14:00:00+07:00,150.0,150.0,150.5,149.5,149.5,1523557
2025-03-13 15:00:00+07:00,149.5,149.5,150.0,149.5,150.0,1412164
2025-03-13 16:00:00+07:00,150.0,150.0,150.0,149.0,149.5,1359036
2025-03-14 10:00:00+07:00,149.0,149.0,150.0,149.0,149.0,2441539
2025-03-14 11:00:00+07:00,149.5,149.5,150.0,149.0,149.0,2442821
2025-03-14 12:00:00+07:00,149.5,149.5,150.0,149.0,149.5,1045529
2025-03-14 13:00:00+07:00,149.0,149.0,149.5,149.0,149.5,70001
2025-03-14 14:00:00+07:00,149.0,149.0,149.5,149.0,149.0,724896
2025-03-14 15:00:00+07:00,148.5,148.5,149.5,148.5,149.5,1502183
2025-03-14 16:00:00+07:00,149.0,149.0,149.0,148.0,148.5,1729582
2025-03-17 10:00:00+07:00,152.0,152.0,154.0,151.5,153.5,0
2025-03-17 11:00:00+07:00,152.5,152.5,153.0,151.5,152.0,1865161
2025-03-17 12:00:00+07:00,152.0,152.0,153.0,152.0,152.5,534428
2025-03-17 13:00:00+07:00,152.0,152.0,152.5,152.0,152.0,144200
2025-03-17 14:00:00+07:00,152.5,152.5,153.0,152.0,152.5,4240063
2025-03-17 15:00:00+07:00,152.5,152.5,153.0,152.0,152.5,2695667
2025-03-17 16:00:00+07:00,153.0,153.0,153.0,152.0,152.0,1536788
2025-03-18 10:00:00+07:00,156.5,156.5,156.5,153.0,153.0,0
2025-03-18 11:00:00+07:00,156.5,156.5,157.0,156.0,156.5,2435829
2025-03-18 12:00:00+07:00,156.5,156.5,157.5,156.0,156.5,1475041
2025-03-18 13:00:00+07:00,156.0,156.0,156.5,155.5,156.5,413510
2025-03-18 14:00:00+07:00,156.5,156.5,156.5,155.0,156.0,1943986
2025-03-18 15:00:00+07:00,156.5,156.5,157.0,156.0,156.5,2056997
2025-03-18 16:00:00+07:00,156.0,156.0,156.5,155.5,156.5,1023775
2025-03-19 10:00:00+07:00,158.0,158.0,158.5,155.5,156.0,0
2025-03-19 11:00:00+07:00,157.0,157.0,158.0,156.0,157.5,2082615
2025-03-19 12:00:00+07:00,156.5,156.5,157.0,156.0,157.0,1142868
2025-03-19 13:00:00+07:00,156.5,156.5,156.5,156.5,156.5,162200
2025-03-19 14:00:00+07:00,156.5,156.5,157.0,156.0,156.5,999120
2025-03-19 15:00:00+07:00,157.5,157.5,157.5,156.0,156.0,1907264
2025-03-19 16:00:00+07:00,158.5,158.5,158.5,156.5,157.5,2330813
2025-03-20 10:00:00+07:00,160.5,160.5,161.0,159.5,160.5,0
2025-03-20 11:00:00+07:00,160.0,160.0,161.0,159.5,160.0,2094782
2025-03-20 12:00:00+07:00,160.5,160.5,161.0,160.0,160.0,427917
2025-03-20 13:00:00+07:00,160.5,160.5,161.0,160.5,160.5,124400
2025-03-20 14:00:00+07:00,162.0,162.0,162.0,160.5,160.5,4024674
2025-03-20 15:00:00+07:00,161.0,161.0,162.0,161.0,162.0,2518219
2025-03-20 16:00:00+07:00,161.0,161.0,161.5,160.5,161.5,1437941
2025-03-21 10:00:00+07:00,162.0,162.0,162.5,161.5,162.0,0
2025-03-21 11:00:00+07:00,162.0,162.0,162.5,161.5,162.0,1547725
2025-03-21 12:00:00+07:00,162.5,162.5,162.5,161.5,162.0,396229
2025-03-21 13:00:00+07:00,162.0,162.0,162.5,162.0,162.0,29900
2025-03-21 14:00:00+07:00,162.0,162.0,163.0,162.0,162.0,1012326
2025-03-21 15:00:00+07:00,163.0,163.0,163.0,162.0,162.0,1361435
2025-03-21 16:00:00+07:00,163.0,163.0,163.0,162.0,162.5,1071208
2025-03-24 10:00:00+07:00,162.5,162.5,163.5,161.5,162.5,0
2025-03-24 11:00:00+07:00,161.5,161.5,162.5,161.5,162.5,469979
2025-03-24 12:00:00+07:00,161.5,161.5,162.0,161.0,161.5,806961
2025-03-24 13:00:00+07:00,161.5,161.5,161.5,161.5,161.5,225207
2025-03-24 14:00:00+07:00,162.5,162.5,162.5,161.0,161.0,1004679
2025-03-24 15:00:00+07:00,162.5,162.5,163.0,162.0,162.5,905035
2025-03-24 16:00:00+07:00,162.5,162.5,163.0,162.0,162.0,782389
2025-03-25 10:00:00+07:00,162.0,162.0,163.5,162.0,162.5,0
2025-03-25 11:00:00+07:00,162.5,162.5,163.0,162.0,162.0,866081
2025-03-25 12:00:00+07:00,162.5,162.5,162.5,162.0,162.5,220726
2025-03-25 13:00:00+07:00,162.5,162.5,162.5,162.0,162.0,139923
2025-03-25 14:00:00+07:00,162.0,162.0,162.5,162.0,162.0,182524
2025-03-25 15:00:00+07:00,162.5,162.5,162.5,162.0,162.5,843440
2025-03-25 16:00:00+07:00,162.5,162.5,162.5,162.0,162.5,230895
2025-03-26 10:00:00+07:00,161.5,161.5,162.5,161.0,162.5,0
2025-03-26 11:00:00+07:00,161.5,161.5,162.0,161.5,161.5,690908
2025-03-26 12:00:00+07:00,161.5,161.5,162.0,161.5,162.0,449463
2025-03-26 13:00:00+07:00,161.5,161.5,161.5,161.0,161.5,28100
2025-03-26 14:00:00+07:00,161.5,161.5,162.0,161.0,161.5,806723
2025-03-26 15:00:00+07:00,162.5,162.5,162.5,161.5,161.5,1207955
2025-03-26 16:00:00+07:00,162.5,162.5,162.5,161.5,162.0,1469334
2025-03-27 10:00:00+07:00,164.0,164.0,165.0,162.5,163.0,0
2025-03-27 11:00:00+07:00,164.5,164.5,164.5,164.0,164.0,206039
2025-03-27 12:00:00+07:00,164.5,164.5,165.0,164.0,164.5,2125109
2025-03-27 13:00:00+07:00,164.5,164.5,164.5,164.0,164.5,116300
2025-03-27 14:00:00+07:00,164.0,164.0,164.5,163.5,164.0,1028471
2025-03-27 15:00:00+07:00,164.5,164.5,164.5,163.5,164.0,562191
2025-03-27 16:00:00+07:00,164.5,164.5,164.5,164.0,164.5,181866
2025-03-28 10:00:00+07:00,164.5,164.5,165.0,163.5,163.5,1297508
2025-03-28 11:00:00+07:00,164.5,164.5,165.0,164.5,164.5,441220
2025-03-28 12:00:00+07:00,164.5,164.5,165.0,164.5,164.5,252989
2025-03-28 13:00:00+07:00,164.0,164.0,164.5,164.0,164.5,464967
2025-03-28 14:00:00+07:00,164.0,164.0,164.5,163.5,164.0,426100
2025-03-31 10:00:00+07:00,163.0,163.0,163.5,161.5,162.0,737192
2025-03-31 11:00:00+07:00,162.5,162.5,163.0,162.0,163.0,2554769
2025-03-31 12:00:00+07:00,162.0,162.0,162.5,162.0,162.5,140596
2025-03-31 13:00:00+07:00,162.5,162.5,162.5,162.0,162.5,84700
2025-03-31 14:00:00+07:00,161.5,161.5,162.5,161.5,162.5,1222804
2025-03-31 15:00:00+07:00,162.0,162.0,162.0,161.0,161.5,1537531
2025-03-31 16:00:00+07:00,162.0,162.0,162.0,161.5,161.5,587991
2025-04-01 10:00:00+07:00,163.5,163.5,163.5,161.5,162.0,2621716
2025-04-01 11:00:00+07:00,163.5,163.5,164.0,163.0,163.5,1381683
2025-04-01 12:00:00+07:00,163.5,163.5,164.0,163.5,163.5,663593
2025-04-01 13:00:00+07:00,164.0,164.0,164.0,163.5,163.5,68600
2025-04-01 14:00:00+07:00,164.0,164.0,164.0,163.0,164.0,1508183
2025-04-01 15:00:00+07:00,164.0,164.0,164.0,163.5,163.5,755032
2025-04-01 16:00:00+07:00,163.5,163.5,164.0,163.0,163.5,1095138
2025-04-02 10:00:00+07:00,164.0,164.0,164.0,163.0,163.5,0
2025-04-02 11:00:00+07:00,163.5,163.5,164.0,163.5,163.5,491195
2025-04-02 12:00:00+07:00,164.0,164.0,164.0,163.5,163.5,297827
2025-04-02 13:00:00+07:00,164.0,164.0,164.0,163.5,163.5,164808
2025-04-02 14:00:00+07:00,164.0,164.0,164.0,163.5,164.0,2459144
2025-04-02 15:00:00+07:00,164.0,164.0,164.0,163.5,164.0,940409
2025-04-02 16:00:00+07:00,164.0,164.0,164.0,163.5,163.5,789979
2025-04-03 10:00:00+07:00,163.0,163.0,163.5,162.0,163.5,1380047
2025-04-03 11:00:00+07:00,162.5,162.5,163.5,162.5,162.5,2231494
2025-04-03 12:00:00+07:00,162.5,162.5,163.0,162.5,163.0,157289
2025-04-03 13:00:00+07:00,162.0,162.0,163.0,162.0,163.0,1277000
2025-04-03 14:00:00+07:00,162.5,162.5,162.5,162.0,162.5,705226
2025-04-03 15:00:00+07:00,162.0,162.0,162.5,161.5,162.5,1735355
2025-04-03 16:00:00+07:00,161.5,161.5,162.0,161.0,162.0,1813850
2025-04-04 10:00:00+07:00,158.5,158.5,161.0,158.0,161.0,0
2025-04-04 11:00:00+07:00,157.5,157.5,158.5,157.5,158.5,3118671
2025-04-04 12:00:00+07:00,157.5,157.5,158.0,157.0,158.0,1250078
2025-04-04 13:00:00+07:00,157.5,157.5,157.5,157.5,157.5,176005
2025-04-04 14:00:00+07:00,158.0,158.0,158.5,157.0,157.5,4637742
2025-04-04 15:00:00+07:00,158.5,158.5,158.5,157.5,158.0,3056650
2025-04-04 16:00:00+07:00,160.0,160.0,160.0,158.0,158.5,1826566
2025-04-08 10:00:00+07:00,150.5,150.5,154.0,150.0,153.0,0
2025-04-08 11:00:00+07:00,149.5,149.5,150.5,147.5,150.5,5917846
2025-04-08 12:00:00+07:00,149.0,149.0,150.0,149.0,149.5,1412029
2025-04-08 13:00:00+07:00,149.5,149.5,150.0,149.0,149.5,440762
2025-04-08 14:00:00+07:00,147.5,147.5,150.0,147.0,149.5,4752129
2025-04-08 15:00:00+07:00,145.5,145.5,147.5,145.0,147.5,5230911
2025-04-08 16:00:00+07:00,146.5,146.5,146.5,145.0,145.5,3523702
2025-04-09 10:00:00+07:00,146.0,146.0,148.0,145.5,146.5,0
2025-04-09 11:00:00+07:00,147.0,147.0,147.0,145.5,146.0,2038643
2025-04-09 12:00:00+07:00,146.0,146.0,147.0,146.0,146.5,694339
2025-04-09 13:00:00+07:00,146.5,146.5,147.0,146.0,146.0,387195
2025-04-09 14:00:00+07:00,149.0,149.0,150.5,146.5,147.0,7067480
2025-04-09 15:00:00+07:00,149.0,149.0,149.5,148.0,149.0,2799365
2025-04-09 16:00:00+07:00,149.5,149.5,150.0,148.5,149.0,1826232
2025-04-10 10:00:00+07:00,153.5,153.5,155.5,152.5,155.0,0
2025-04-10 11:00:00+07:00,154.0,154.0,154.5,153.0,153.5,3921780
2025-04-10 12:00:00+07:00,153.5,153.5,154.5,153.5,154.0,898669
2025-04-10 13:00:00+07:00,154.5,154.5,154.5,153.5,154.0,1364105
2025-04-10 14:00:00+07:00,154.5,154.5,154.5,153.5,154.5,1468900
2025-04-10 15:00:00+07:00,154.0,154.0,154.5,153.5,154.5,3287255
2025-04-10 16:00:00+07:00,153.0,153.0,154.0,152.5,153.5,1611337
2025-04-11 10:00:00+07:00,150.5,150.5,150.5,149.0,149.5,0
2025-04-11 11:00:00+07:00,150.0,150.0,151.0,150.0,150.5,2245180
2025-04-11 12:00:00+07:00,150.5,150.5,151.0,150.0,150.0,1090964
2025-04-11 13:00:00+07:00,150.5,150.5,150.5,150.0,150.5,523016
2025-04-11 14:00:00+07:00,151.0,151.0,151.5,150.5,150.5,1469724
2025-04-11 15:00:00+07:00,151.5,151.5,151.5,150.5,151.0,1998218
2025-04-11 16:00:00+07:00,151.0,151.0,152.0,150.5,151.5,3225794
2025-04-16 10:00:00+07:00,152.0,152.0,154.0,151.5,151.5,0
2025-04-16 11:00:00+07:00,152.5,152.5,153.0,152.0,152.5,2253961
2025-04-16 12:00:00+07:00,152.5,152.5,153.0,152.0,153.0,729513
2025-04-16 13:00:00+07:00,153.0,153.0,154.0,152.5,152.5,1800875
2025-04-16 14:00:00+07:00,154.0,154.0,154.5,153.0,153.0,3861743
2025-04-16 15:00:00+07:00,155.0,155.0,155.5,154.0,154.5,5607673
2025-04-16 16:00:00+07:00,155.0,155.0,155.0,154.0,154.5,1476277
2025-04-17 10:00:00+07:00,150.0,150.0,150.5,147.5,148.5,0
2025-04-17 11:00:00+07:00,149.5,149.5,150.5,149.0,150.0,2148548
2025-04-17 12:00:00+07:00,149.5,149.5,150.0,149.0,149.5,651839
2025-04-17 13:00:00+07:00,150.5,150.5,150.5,150.0,150.0,297025
2025-04-17 14:00:00+07:00,151.5,151.5,152.0,150.0,150.5,5058456
2025-04-17 15:00:00+07:00,151.5,151.5,152.0,151.0,152.0,1363909
2025-04-17 16:00:00+07:00,151.5,151.5,152.0,151.0,152.0,723583
2025-04-18 10:00:00+07:00,148.5,148.5,150.0,148.0,150.0,0
2025-04-18 11:00:00+07:00,149.0,149.0,149.0,148.5,149.0,639395
2025-04-18 12:00:00+07:00,148.5,148.5,149.0,148.5,148.5,598979
2025-04-18 13:00:00+07:00,148.5,148.5,148.5,148.5,148.5,131732
2025-04-18 14:00:00+07:00,149.0,149.0,149.0,148.0,149.0,2588700
2025-04-18 15:00:00+07:00,149.0,149.0,149.0,148.5,149.0,941193
2025-04-18 16:00:00+07:00,149.0,149.0,149.0,148.5,149.0,847584
2025-04-21 10:00:00+07:00,150.5,150.5,151.5,149.5,151.0,0
2025-04-21 11:00:00+07:00,148.5,148.5,151.0,148.5,150.5,4611537
2025-04-21 12:00:00+07:00,149.0,149.0,149.0,148.5,148.5,455417
2025-04-21 13:00:00+07:00,149.0,149.0,149.0,148.5,148.5,131501
2025-04-21 14:00:00+07:00,148.0,148.0,149.0,148.0,149.0,856345
2025-04-21 15:00:00+07:00,148.5,148.5,149.0,148.0,148.0,2444894
2025-04-21 16:00:00+07:00,149.0,149.0,149.0,148.5,149.0,635551
2025-04-22 10:00:00+07:00,147.5,147.5,148.0,147.0,147.5,0
2025-04-22 11:00:00+07:00,148.0,148.0,148.5,147.5,148.0,724647
2025-04-22 12:00:00+07:00,147.5,147.5,148.5,147.5,148.0,385403
2025-04-22 13:00:00+07:00,147.5,147.5,147.5,147.0,147.5,365765
2025-04-22 14:00:00+07:00,148.0,148.0,148.5,147.0,147.5,3274994
2025-04-22 15:00:00+07:00,148.5,148.5,149.0,148.0,148.0,2519182
2025-04-22 16:00:00+07:00,148.5,148.5,149.0,148.5,148.5,1319448
2025-04-23 10:00:00+07:00,151.0,151.0,151.0,149.5,150.5,0
2025-04-23 11:00:00+07:00,150.5,150.5,151.0,150.5,151.0,209994
2025-04-23 12:00:00+07:00,151.0,151.0,151.5,150.5,150.5,1939910
2025-04-23 13:00:00+07:00,151.0,151.0,151.5,151.0,151.5,197300
2025-04-23 14:00:00+07:00,151.0,151.0,152.0,151.0,151.0,1456104
2025-04-23 15:00:00+07:00,152.0,152.0,152.0,151.0,151.0,1450100
2025-04-23 16:00:00+07:00,152.0,152.0,152.0,151.5,152.0,1155397
2025-04-24 10:00:00+07:00,152.5,152.5,153.5,151.0,151.0,0
2025-04-24 11:00:00+07:00,154.5,154.5,154.5,152.5,152.5,6398840
2025-04-24 12:00:00+07:00,154.5,154.5,154.5,154.0,154.0,312401
2025-04-24 13:00:00+07:00,154.0,154.0,154.5,154.0,154.0,45801
2025-04-24 14:00:00+07:00,154.0,154.0,154.5,154.0,154.0,2033514
2025-04-24 15:00:00+07:00,154.0,154.0,154.5,153.5,154.0,4862476
2025-04-24 16:00:00+07:00,154.0,154.0,154.5,154.0,154.0,545670
2025-04-25 10:00:00+07:00,154.0,154.0,154.5,154.0,154.5,0
2025-04-25 11:00:00+07:00,154.0,154.0,154.5,153.5,154.0,1424912
2025-04-25 12:00:00+07:00,154.5,154.5,154.5,154.0,154.0,183205
2025-04-25 13:00:00+07:00,154.5,154.5,154.5,154.0,154.0,105911
2025-04-25 14:00:00+07:00,154.5,154.5,154.5,154.0,154.0,542753
2025-04-25 15:00:00+07:00,154.0,154.0,154.5,154.0,154.0,2779916
2025-04-25 16:00:00+07:00,154.0,154.0,154.5,154.0,154.0,298686
2025-04-28 10:00:00+07:00,154.0,154.0,154.5,154.0,154.0,0
2025-04-28 11:00:00+07:00,155.0,155.0,155.0,154.0,154.5,2996163
2025-04-28 12:00:00+07:00,154.5,154.5,155.0,154.5,154.5,101456
2025-04-28 13:00:00+07:00,154.5,154.5,155.0,154.5,155.0,62569
2025-04-28 14:00:00+07:00,154.5,154.5,155.0,154.0,154.5,2063483
2025-04-28 15:00:00+07:00,154.5,154.5,155.0,154.5,155.0,336292
2025-04-28 16:00:00+07:00,155.0,155.0,155.0,154.5,154.5,1386464
2025-04-29 10:00:00+07:00,154.0,154.0,155.5,154.0,155.0,0
2025-04-29 11:00:00+07:00,154.0,154.0,154.5,153.5,154.0,2171545
2025-04-29 12:00:00+07:00,154.0,154.0,154.5,154.0,154.0,98328
2025-04-29 13:00:00+07:00,154.0,154.0,154.5,154.0,154.5,17001
2025-04-29 14:00:00+07:00,154.5,154.5,155.0,154.0,154.0,2046004
2025-04-29 15:00:00+07:00,154.5,154.5,155.0,154.5,154.5,1390040
2025-04-29 16:00:00+07:00,154.5,154.5,155.0,154.5,154.5,268967
2025-04-30 10:00:00+07:00,154.5,154.5,154.5,153.5,154.0,0
2025-04-30 11:00:00+07:00,155.5,155.5,156.5,154.0,154.5,4930829
2025-04-30 12:00:00+07:00,155.0,155.0,156.0,155.0,156.0,3882712
2025-04-30 13:00:00+07:00,155.5,155.5,155.5,155.0,155.0,41744
2025-04-30 14:00:00+07:00,157.5,157.5,158.0,155.0,155.5,7003652
2025-04-30 15:00:00+07:00,159.5,159.5,159.5,157.0,157.5,2924020
2025-04-30 16:00:00+07:00,159.0,159.0,160.0,158.5,159.5,3254857
2025-05-02 10:00:00+07:00,158.0,158.0,160.5,157.5,160.5,0
2025-05-02 11:00:00+07:00,158.5,158.5,159.0,158.0,158.0,1036487
2025-05-02 12:00:00+07:00,158.0,158.0,159.0,158.0,158.5,388185
2025-05-02 13:00:00+07:00,158.0,158.0,158.0,158.0,158.0,33551
2025-05-02 14:00:00+07:00,158.5,158.5,159.0,158.0,158.0,2070081
2025-05-02 15:00:00+07:00,159.0,159.0,159.0,158.5,159.0,653718
2025-05-02 16:00:00+07:00,159.0,159.0,159.5,158.5,158.5,1592289
2025-05-06 10:00:00+07:00,161.0,161.0,161.0,159.5,159.5,0
2025-05-06 11:00:00+07:00,163.0,163.0,163.0,160.5,160.5,8907382
2025-05-06 12:00:00+07:00,162.5,162.5,163.0,162.5,162.5,714120
2025-05-06 13:00:00+07:00,163.0,163.0,163.0,162.5,162.5,160974
2025-05-06 14:00:00+07:00,163.0,163.0,163.0,162.0,163.0,2509863
2025-05-06 15:00:00+07:00,162.5,162.5,163.5,162.5,163.0,4650625
2025-05-06 16:00:00+07:00,162.0,162.0,163.0,162.0,162.5,819004
2025-05-07 10:00:00+07:00,162.5,162.5,163.5,162.0,163.0,0
2025-05-07 11:00:00+07:00,163.0,163.0,163.5,162.5,162.5,2346229
2025-05-07 12:00:00+07:00,163.5,163.5,163.5,163.0,163.0,201969
2025-05-07 13:00:00+07:00,163.0,163.0,163.5,163.0,163.5,155233
2025-05-07 14:00:00+07:00,163.5,163.5,164.0,163.0,163.5,4578915
2025-05-07 15:00:00+07:00,163.5,163.5,164.0,163.5,163.5,671722
2025-05-07 16:00:00+07:00,164.0,164.0,164.5,163.5,163.5,3933178
2025-05-08 10:00:00+07:00,164.5,164.5,166.0,164.0,165.5,0
2025-05-08 11:00:00+07:00,165.0,165.0,165.0,164.5,164.5,714766
2025-05-08 12:00:00+07:00,165.0,165.0,165.0,164.5,164.5,107310
2025-05-08 13:00:00+07:00,164.5,164.5,165.0,164.5,165.0,393702
2025-05-08 14:00:00+07:00,164.5,164.5,165.0,164.5,164.5,288949
2025-05-08 15:00:00+07:00,164.5,164.5,165.0,164.5,164.5,673016
2025-05-08 16:00:00+07:00,164.5,164.5,165.0,164.5,164.5,234385
2025-05-09 10:00:00+07:00,163.0,163.0,165.0,163.0,164.5,0
2025-05-09 11:00:00+07:00,164.5,164.5,164.5,163.0,163.0,1556578
2025-05-09 12:00:00+07:00,164.5,164.5,164.5,164.0,164.5,155625
2025-05-09 13:00:00+07:00,163.5,163.5,164.5,163.5,164.0,595703
2025-05-09 14:00:00+07:00,164.0,164.0,164.5,163.5,163.5,2541183
2025-05-09 15:00:00+07:00,164.0,164.0,165.0,164.0,164.0,1792540
2025-05-09 16:00:00+07:00,164.0,164.0,165.0,164.0,164.5,571865
2025-05-13 10:00:00+07:00,164.0,164.0,165.0,163.5,164.0,0
2025-05-13 11:00:00+07:00,163.5,163.5,164.5,163.0,163.5,1546092
2025-05-13 12:00:00+07:00,164.0,164.0,164.5,163.5,164.0,1517527
2025-05-13 13:00:00+07:00,163.5,163.5,164.0,163.5,164.0,489409
2025-05-13 14:00:00+07:00,164.0,164.0,164.0,163.5,163.5,2038565
2025-05-13 15:00:00+07:00,163.5,163.5,164.0,163.5,164.0,1042959
2025-05-13 16:00:00+07:00,164.0,164.0,164.0,163.5,164.0,10436396
2025-05-14 10:00:00+07:00,163.0,163.0,163.0,162.0,163.0,3222604
2025-05-14 11:00:00+07:00,163.0,163.0,163.5,162.5,163.0,2151816
2025-05-14 12:00:00+07:00,163.5,163.5,164.0,163.0,163.0,1638148
2025-05-14 13:00:00+07:00,163.5,163.5,164.0,163.5,163.5,386735
2025-05-14 14:00:00+07:00,163.5,163.5,164.0,163.0,163.0,907548
2025-05-14 15:00:00+07:00,163.5,163.5,164.0,163.5,163.5,663485
2025-05-14 16:00:00+07:00,164.0,164.0,164.0,163.5,164.0,1239147
2025-05-15 10:00:00+07:00,162.0,162.0,163.0,161.0,163.0,0
2025-05-15 11:00:00+07:00,162.0,162.0,162.5,161.5,161.5,843485
2025-05-15 12:00:00+07:00,162.0,162.0,162.5,162.0,162.0,367943
2025-05-15 13:00:00+07:00,162.5,162.5,162.5,162.0,162.0,61905
2025-05-15 14:00:00+07:00,162.0,162.0,162.5,162.0,162.0,556972
2025-05-15 15:00:00+07:00,162.0,162.0,162.5,162.0,162.5,584895
2025-05-15 16:00:00+07:00,162.0,162.0,162.5,162.0,162.0,891902
2025-05-16 10:00:00+07:00,162.0,162.0,162.5,162.0,162.0,0
2025-05-16 11:00:00+07:00,162.0,162.0,162.5,162.0,162.0,911045
2025-05-16 12:00:00+07:00,162.5,162.5,163.0,162.0,162.5,1820339
2025-05-16 13:00:00+07:00,162.5,162.5,162.5,162.5,162.5,230100
2025-05-16 14:00:00+07:00,163.5,163.5,163.5,162.5,162.5,2288685
2025-05-16 15:00:00+07:00,163.0,163.0,163.5,162.5,163.5,2428936
2025-05-16 16:00:00+07:00,163.5,163.5,163.5,162.5,163.0,474910
2025-05-19 10:00:00+07:00,163.5,163.5,164.0,162.0,162.5,0
2025-05-19 11:00:00+07:00,163.5,163.5,164.0,163.0,163.5,3042225
2025-05-19 12:00:00+07:00,164.0,164.0,164.0,163.5,163.5,407000
2025-05-19 13:00:00+07:00,163.5,163.5,164.0,163.5,164.0,404979
2025-05-19 14:00:00+07:00,163.5,163.5,164.5,163.0,164.0,2943706
2025-05-19 15:00:00+07:00,163.5,163.5,163.5,162.5,163.5,1197293
2025-05-19 16:00:00+07:00,164.0,164.0,164.0,163.0,163.0,1364057
2025-05-20 10:00:00+07:00,163.5,163.5,165.0,163.0,163.5,0
2025-05-20 11:00:00+07:00,164.0,164.0,165.0,163.0,163.5,5347746
2025-05-20 12:00:00+07:00,164.0,164.0,164.5,164.0,164.5,197189
2025-05-20 13:00:00+07:00,164.5,164.5,164.5,164.0,164.0,143500
2025-05-20 14:00:00+07:00,166.5,166.5,166.5,164.0,164.0,8848965
2025-05-20 15:00:00+07:00,166.0,166.0,167.0,165.5,166.5,8885321
2025-05-20 16:00:00+07:00,167.5,167.5,167.5,166.0,166.5,1837058
2025-05-21 10:00:00+07:00,166.0,166.0,167.0,165.5,167.0,0
2025-05-21 11:00:00+07:00,166.0,166.0,166.5,165.5,166.0,2642387
2025-05-21 12:00:00+07:00,166.0,166.0,166.5,166.0,166.0,105010
2025-05-21 13:00:00+07:00,166.0,166.0,166.0,165.5,166.0,861557
2025-05-21 14:00:00+07:00,165.5,165.5,166.5,165.0,166.0,6079169
2025-05-21 15:00:00+07:00,165.0,165.0,165.5,164.0,165.5,6844168
2025-05-21 16:00:00+07:00,164.0,164.0,165.0,164.0,165.0,753285
2025-05-22 10:00:00+07:00,165.0,165.0,165.5,164.5,165.0,0
2025-05-22 11:00:00+07:00,165.0,165.0,165.5,164.5,164.5,7203418
2025-05-22 12:00:00+07:00,165.0,165.0,165.0,164.5,165.0,287471
2025-05-22 13:00:00+07:00,165.0,165.0,165.0,164.5,164.5,149700
2025-05-22 14:00:00+07:00,165.0,165.0,165.0,164.0,165.0,3781929
2025-05-22 15:00:00+07:00,164.5,164.5,165.0,164.0,165.0,1654904
2025-05-22 16:00:00+07:00,164.0,164.0,164.5,163.5,164.5,2485522
2025-05-23 10:00:00+07:00,164.5,164.5,166.0,164.0,164.5,0
2025-05-23 11:00:00+07:00,165.5,165.5,165.5,164.5,164.5,711346
2025-05-23 12:00:00+07:00,165.0,165.0,165.5,164.5,165.0,3608417
2025-05-23 13:00:00+07:00,164.5,164.5,165.0,164.5,165.0,486001
2025-05-23 14:00:00+07:00,164.0,164.0,165.0,164.0,164.5,2326711
2025-05-23 15:00:00+07:00,164.0,164.0,164.5,163.0,164.0,5012050
2025-05-23 16:00:00+07:00,164.0,164.0,164.0,163.5,163.5,196130
2025-05-26 10:00:00+07:00,164.5,164.5,165.0,164.0,164.5,0
2025-05-26 11:00:00+07:00,163.5,163.5,164.5,163.0,164.5,1291369
2025-05-26 12:00:00+07:00,164.0,164.0,164.0,163.5,163.5,17625
2025-05-26 13:00:00+07:00,163.5,163.5,163.5,163.0,163.0,438602
2025-05-26 14:00:00+07:00,163.5,163.5,163.5,163.0,163.5,846193
2025-05-26 15:00:00+07:00,163.5,163.5,163.5,163.0,163.0,688308
2025-05-26 16:00:00+07:00,163.5,163.5,163.5,162.5,163.0,1384467
2025-05-27 10:00:00+07:00,160.0,160.0,162.0,160.0,162.0,3224677
2025-05-27 11:00:00+07:00,160.5,160.5,161.0,160.0,160.0,3844754
2025-05-27 12:00:00+07:00,160.5,160.5,160.5,160.0,160.5,267629
2025-05-27 13:00:00+07:00,160.0,160.0,160.5,160.0,160.5,735476
2025-05-27 14:00:00+07:00,161.0,161.0,161.5,159.5,160.0,2238474
2025-05-27 15:00:00+07:00,160.0,160.0,161.5,160.0,161.0,2206396
2025-05-27 16:00:00+07:00,161.0,161.0,161.0,160.0,160.5,484930
2025-05-28 10:00:00+07:00,156.0,156.0,159.0,156.0,159.0,0
2025-05-28 11:00:00+07:00,156.0,156.0,157.5,156.0,156.5,3559961
2025-05-28 12:00:00+07:00,156.0,156.0,156.5,156.0,156.5,2124362
2025-05-28 13:00:00+07:00,156.0,156.0,156.5,156.0,156.0,82816
2025-05-28 14:00:00+07:00,156.5,156.5,157.0,156.0,156.5,4071380
2025-05-28 15:00:00+07:00,156.0,156.0,156.5,155.5,156.5,2971863
2025-05-28 16:00:00+07:00,156.0,156.0,156.5,155.5,156.5,1974030
2025-05-29 10:00:00+07:00,156.0,156.0,156.5,155.0,156.5,0
2025-05-29 11:00:00+07:00,156.0,156.0,156.0,155.0,156.0,745033
2025-05-29 12:00:00+07:00,156.0,156.0,156.0,155.5,156.0,82742
2025-05-29 13:00:00+07:00,155.5,155.5,155.5,155.0,155.5,719648
2025-05-29 14:00:00+07:00,155.5,155.5,155.5,155.0,155.0,1937665
2025-05-29 15:00:00+07:00,154.5,154.5,155.5,154.0,155.5,3314944
2025-05-29 16:00:00+07:00,154.5,154.5,154.5,153.5,154.5,2192111
2025-05-30 10:00:00+07:00,155.0,155.0,155.5,154.0,154.0,3601280
2025-05-30 11:00:00+07:00,155.0,155.0,155.5,154.5,155.0,1739056
2025-05-30 12:00:00+07:00,155.0,155.0,155.5,154.5,155.0,210982
2025-05-30 13:00:00+07:00,154.5,154.5,155.5,154.5,155.5,394511
2025-05-30 14:00:00+07:00,155.0,155.0,155.0,154.0,154.5,745145
2025-05-30 15:00:00+07:00,154.5,154.5,155.5,154.0,154.5,1325471
2025-05-30 16:00:00+07:00,154.5,154.5,155.0,154.0,154.0,1128292
2025-06-04 10:00:00+07:00,153.5,153.5,156.0,153.0,156.0,3827411
2025-06-04 11:00:00+07:00,153.5,153.5,154.0,153.0,153.5,811720
2025-06-04 12:00:00+07:00,153.5,153.5,154.0,153.5,154.0,327508
2025-06-04 13:00:00+07:00,154.0,154.0,154.0,153.5,154.0,136238
2025-06-04 14:00:00+07:00,153.5,153.5,154.0,152.5,154.0,3420065
2025-06-04 15:00:00+07:00,153.0,153.0,153.5,152.5,153.5,1225489
2025-06-04 16:00:00+07:00,152.5,152.5,153.0,152.5,153.0,846664
2025-06-05 10:00:00+07:00,155.0,155.0,155.5,152.0,152.0,0
2025-06-05 11:00:00+07:00,156.0,156.0,156.5,155.0,155.0,2792322
2025-06-05 12:00:00+07:00,157.0,157.0,157.0,156.0,156.5,1167583
2025-06-05 13:00:00+07:00,157.0,157.0,157.0,156.5,156.5,152003
2025-06-05 14:00:00+07:00,157.5,157.5,157.5,156.0,157.0,3993834
2025-06-05 15:00:00+07:00,156.5,156.5,157.5,156.0,157.5,3351215
2025-06-05 16:00:00+07:00,156.5,156.5,157.0,156.0,156.5,1102651
2025-06-06 10:00:00+07:00,156.0,156.0,157.5,155.5,156.5,0
2025-06-06 11:00:00+07:00,155.5,155.5,156.0,155.0,155.5,915861
2025-06-06 12:00:00+07:00,155.0,155.0,155.0,154.5,155.0,522344
2025-06-06 13:00:00+07:00,154.5,154.5,155.0,154.5,154.5,80900
2025-06-06 14:00:00+07:00,155.0,155.0,155.0,154.0,154.5,1164570
2025-06-06 15:00:00+07:00,155.5,155.5,155.5,154.5,155.0,899381
2025-06-06 16:00:00+07:00,155.0,155.0,155.5,155.0,155.0,346533
2025-06-09 10:00:00+07:00,155.0,155.0,156.5,154.5,156.0,0
2025-06-09 11:00:00+07:00,155.0,155.0,155.5,155.0,155.0,164561
2025-06-09 12:00:00+07:00,155.0,155.0,156.0,154.5,155.0,939555
2025-06-09 13:00:00+07:00,155.0,155.0,155.0,154.5,155.0,29200
2025-06-09 14:00:00+07:00,154.5,154.5,155.5,154.5,154.5,1703539
2025-06-09 15:00:00+07:00,154.5,154.5,155.0,154.5,154.5,40937
2025-06-09 16:00:00+07:00,154.5,154.5,155.0,154.5,154.5,172764
2025-06-10 10:00:00+07:00,156.0,156.0,156.5,154.5,154.5,0
2025-06-10 11:00:00+07:00,156.0,156.0,156.0,155.5,156.0,1641236
2025-06-10 12:00:00+07:00,155.5,155.5,156.0,155.5,156.0,516169
2025-06-10 13:00:00+07:00,155.5,155.5,155.5,155.5,155.5,39629
2025-06-10 14:00:00+07:00,155.0,155.0,155.5,154.5,155.0,900400
2025-06-10 15:00:00+07:00,155.5,155.5,156.0,155.0,155.5,1319216
2025-06-10 16:00:00+07:00,156.0,156.0,156.5,155.5,156.0,1399377
2025-06-11 10:00:00+07:00,155.5,155.5,156.0,155.0,156.0,0
2025-06-11 11:00:00+07:00,156.0,156.0,156.0,155.0,156.0,622945
2025-06-11 12:00:00+07:00,155.5,155.5,156.0,155.0,156.0,411160
2025-06-11 13:00:00+07:00,155.0,155.0,155.5,155.0,155.5,65400
2025-06-11 14:00:00+07:00,156.0,156.0,156.0,155.0,155.5,1891861
2025-06-11 15:00:00+07:00,156.0,156.0,156.0,155.5,156.0,374870
2025-06-11 16:00:00+07:00,155.5,155.5,156.0,155.5,156.0,455362
2025-06-12 10:00:00+07:00,155.0,155.0,156.5,154.5,156.5,0
2025-06-12 11:00:00+07:00,155.5,155.5,155.5,154.5,154.5,535183
2025-06-12 12:00:00+07:00,154.5,154.5,155.5,154.0,155.5,1179831
2025-06-12 13:00:00+07:00,154.5,154.5,155.0,154.5,154.5,44450
2025-06-12 14:00:00+07:00,154.5,154.5,155.0,154.0,154.5,1035612
2025-06-12 15:00:00+07:00,153.0,153.0,154.5,153.0,154.0,2771767
2025-06-12 16:00:00+07:00,153.0,153.0,153.5,152.0,153.0,2906305
2025-06-13 10:00:00+07:00,153.0,153.0,154.5,152.0,152.0,10484388
2025-06-13 11:00:00+07:00,152.0,152.0,153.0,152.0,152.5,5408415
2025-06-13 12:00:00+07:00,152.5,152.5,153.0,152.0,152.0,469462
2025-06-13 13:00:00+07:00,152.5,152.5,152.5,152.0,152.5,39700
2025-06-13 14:00:00+07:00,152.5,152.5,153.0,152.0,152.5,1076380
2025-06-13 15:00:00+07:00,152.5,152.5,153.0,152.0,152.0,5355632
2025-06-13 16:00:00+07:00,152.5,152.5,152.5,152.0,152.5,384879
2025-06-16 10:00:00+07:00,152.5,152.5,153.5,152.0,152.5,5327408
2025-06-16 11:00:00+07:00,152.5,152.5,153.0,152.0,152.5,1121695
2025-06-16 12:00:00+07:00,152.0,152.0,152.5,152.0,152.5,149057
2025-06-16 13:00:00+07:00,152.0,152.0,153.0,152.0,152.5,628300
2025-06-16 14:00:00+07:00,152.5,152.5,153.5,152.0,152.5,5847025
2025-06-16 15:00:00+07:00,152.5,152.5,152.5,152.0,152.5,532175
2025-06-16 16:00:00+07:00,152.5,152.5,153.0,152.0,152.5,1584458
2025-06-17 10:00:00+07:00,153.0,153.0,153.5,152.5,153.0,0
2025-06-17 11:00:00+07:00,153.0,153.0,153.5,152.5,153.0,1034938
2025-06-17 12:00:00+07:00,153.0,153.0,153.5,152.5,153.0,655312
2025-06-17 13:00:00+07:00,153.0,153.0,153.0,153.0,153.0,289200
2025-06-17 14:00:00+07:00,153.0,153.0,153.5,152.5,153.0,1357025
2025-06-17 15:00:00+07:00,153.0,153.0,153.5,152.5,153.0,1302559
2025-06-17 16:00:00+07:00,153.0,153.0,153.0,152.5,152.5,278195
2025-06-18 10:00:00+07:00,152.5,152.5,153.5,152.0,153.0,0
2025-06-18 11:00:00+07:00,152.5,152.5,152.5,152.0,152.5,555910
2025-06-18 12:00:00+07:00,152.5,152.5,153.0,152.5,152.5,329622
2025-06-18 13:00:00+07:00,152.5,152.5,153.0,152.5,153.0,37670
2025-06-18 14:00:00+07:00,153.0,153.0,153.5,152.5,153.0,1531869
2025-06-18 15:00:00+07:00,152.0,152.0,153.0,151.5,152.5,3094184
2025-06-18 16:00:00+07:00,151.0,151.0,151.5,151.0,151.5,1491116
2025-06-19 10:00:00+07:00,148.0,148.0,149.0,147.5,148.0,0
2025-06-19 11:00:00+07:00,148.5,148.5,150.0,147.0,147.5,2729377
2025-06-19 12:00:00+07:00,149.0,149.0,149.0,148.5,148.5,184377
2025-06-19 13:00:00+07:00,148.5,148.5,149.0,148.0,148.5,543400
2025-06-19 14:00:00+07:00,149.5,149.5,149.5,148.5,148.5,2901246
2025-06-19 15:00:00+07:00,149.0,149.0,149.5,148.5,149.5,1930097
2025-06-19 16:00:00+07:00,149.0,149.0,149.5,148.0,149.0,2737653
2025-06-20 10:00:00+07:00,152.0,152.0,152.5,150.0,150.5,0
2025-06-20 11:00:00+07:00,151.5,151.5,152.5,151.5,151.5,906470
2025-06-20 12:00:00+07:00,151.5,151.5,152.0,151.5,151.5,578022
2025-06-20 13:00:00+07:00,151.5,151.5,151.5,151.5,151.5,38043
2025-06-20 14:00:00+07:00,152.5,152.5,153.0,151.5,152.0,2113255
2025-06-20 15:00:00+07:00,152.0,152.0,152.5,152.0,152.5,1959534
2025-06-20 16:00:00+07:00,152.0,152.0,152.5,151.5,152.0,406883
2025-06-23 10:00:00+07:00,152.0,152.0,152.0,150.5,151.0,0
2025-06-23 11:00:00+07:00,152.0,152.0,152.0,151.5,151.5,2049684
2025-06-23 12:00:00+07:00,151.5,151.5,152.5,151.5,152.0,272639
2025-06-23 13:00:00+07:00,152.0,152.0,152.0,152.0,152.0,32000
2025-06-23 14:00:00+07:00,151.5,151.5,152.0,151.5,152.0,1690009
2025-06-23 15:00:00+07:00,152.0,152.0,152.0,151.5,151.5,684528
2025-06-23 16:00:00+07:00,151.5,151.5,152.0,151.5,152.0,490275
2025-06-24 10:00:00+07:00,154.0,154.0,154.5,152.5,153.5,0
2025-06-24 11:00:00+07:00,154.0,154.0,155.0,153.5,154.0,1557944
2025-06-24 12:00:00+07:00,154.0,154.0,154.5,154.0,154.0,151014
2025-06-24 13:00:00+07:00,154.5,154.5,154.5,154.0,154.5,51500
2025-06-24 14:00:00+07:00,154.5,154.5,154.5,153.5,154.0,1057571
2025-06-24 15:00:00+07:00,154.5,154.5,154.5,154.0,154.0,384409
2025-06-24 16:00:00+07:00,155.0,155.0,155.0,154.5,154.5,1795654
2025-06-25 10:00:00+07:00,153.5,153.5,154.5,153.5,154.5,4500668
2025-06-25 11:00:00+07:00,154.0,154.0,154.5,153.0,153.5,1592451
2025-06-25 12:00:00+07:00,154.0,154.0,154.5,154.0,154.5,66250
2025-06-25 13:00:00+07:00,154.0,154.0,154.5,154.0,154.0,31535
2025-06-25 14:00:00+07:00,155.0,155.0,155.0,154.0,154.0,780809
2025-06-25 15:00:00+07:00,154.0,154.0,155.0,154.0,155.0,1381959
2025-06-25 16:00:00+07:00,154.5,154.5,154.5,154.0,154.0,695946
2025-06-26 10:00:00+07:00,155.5,155.5,157.0,155.0,155.0,0
2025-06-26 11:00:00+07:00,156.5,156.5,156.5,155.5,156.0,740901
2025-06-26 12:00:00+07:00,156.5,156.5,156.5,156.0,156.5,636964
2025-06-26 13:00:00+07:00,156.0,156.0,156.5,156.0,156.0,45000
2025-06-26 14:00:00+07:00,156.0,156.0,156.5,155.5,156.0,903935
2025-06-26 15:00:00+07:00,155.5,155.5,156.0,155.5,156.0,333778
2025-06-26 16:00:00+07:00,155.0,155.0,155.5,155.0,155.5,883418
2025-06-27 10:00:00+07:00,154.5,154.5,155.0,154.0,154.5,1452802
2025-06-27 11:00:00+07:00,153.5,153.5,154.5,153.5,154.0,2115217
2025-06-27 12:00:00+07:00,154.0,154.0,154.0,153.0,153.5,761794
2025-06-27 13:00:00+07:00,154.0,154.0,154.0,153.5,154.0,99181
2025-06-27 14:00:00+07:00,154.5,154.5,154.5,153.5,153.5,1094155
2025-06-27 15:00:00+07:00,154.5,154.5,155.0,154.0,154.0,564563
2025-06-27 16:00:00+07:00,153.5,153.5,154.5,153.0,154.0,1497045
2025-06-30 10:00:00+07:00,152.5,152.5,153.5,152.0,153.5,2207322
2025-06-30 11:00:00+07:00,153.0,153.0,153.0,151.5,152.0,1968378
2025-06-30 12:00:00+07:00,153.0,153.0,153.0,152.5,152.5,485847
2025-06-30 13:00:00+07:00,153.0,153.0,153.0,152.5,152.5,158802
2025-06-30 14:00:00+07:00,153.0,153.0,153.5,152.5,153.0,898772
2025-06-30 15:00:00+07:00,153.0,153.0,154.0,153.0,153.5,703429
2025-06-30 16:00:00+07:00,152.5,152.5,153.5,152.5,153.0,1210091
2025-07-01 10:00:00+07:00,152.5,152.5,154.0,152.0,153.5,0
2025-07-01 11:00:00+07:00,153.0,153.0,153.5,152.5,153.0,2067072
2025-07-01 12:00:00+07:00,153.0,153.0,153.5,153.0,153.0,694926
2025-07-01 13:00:00+07:00,153.0,153.0,153.0,152.5,152.5,262207
2025-07-01 14:00:00+07:00,154.5,154.5,155.5,152.5,153.0,5973434
2025-07-01 15:00:00+07:00,154.0,154.0,154.5,153.5,154.0,966186
2025-07-01 16:00:00+07:00,155.0,155.0,155.0,154.0,154.5,1338119
2025-07-02 10:00:00+07:00,155.0,155.0,155.0,154.0,154.0,0
2025-07-02 11:00:00+07:00,155.5,155.5,156.0,154.5,155.0,1585043
2025-07-02 12:00:00+07:00,154.5,154.5,155.5,154.5,155.5,1117426
2025-07-02 13:00:00+07:00,155.0,155.0,155.0,155.0,155.0,102000
2025-07-02 14:00:00+07:00,155.5,155.5,156.0,155.0,155.0,2238207
2025-07-02 15:00:00+07:00,155.5,155.5,156.0,155.0,155.0,781135
2025-07-02 16:00:00+07:00,155.0,155.0,155.5,155.0,155.5,363850
2025-07-03 10:00:00+07:00,156.0,156.0,156.5,155.5,156.0,0
2025-07-03 11:00:00+07:00,155.5,155.5,156.0,155.5,156.0,976145
2025-07-03 12:00:00+07:00,156.0,156.0,156.0,155.5,156.0,158307
2025-07-03 13:00:00+07:00,155.5,155.5,156.0,155.5,156.0,12000
2025-07-03 14:00:00+07:00,155.5,155.5,156.0,155.0,155.5,1318968
2025-07-03 15:00:00+07:00,156.0,156.0,156.0,155.0,155.5,1818732
2025-07-03 16:00:00+07:00,156.0,156.0,156.5,155.5,155.5,1679817
2025-07-04 10:00:00+07:00,156.0,156.0,156.5,155.5,155.5,1467820
2025-07-04 11:00:00+07:00,156.5,156.5,156.5,155.5,156.0,769676
2025-07-04 12:00:00+07:00,155.5,155.5,156.5,155.5,156.0,226468
2025-07-04 13:00:00+07:00,156.0,156.0,156.0,155.5,155.5,37811
2025-07-04 14:00:00+07:00,156.0,156.0,156.5,156.0,156.0,1037784
2025-07-04 15:00:00+07:00,156.5,156.5,156.5,156.0,156.5,427262
2025-07-04 16:00:00+07:00,156.0,156.0,156.5,156.0,156.5,191513
2025-07-07 10:00:00+07:00,156.5,156.5,157.0,155.0,155.5,0
2025-07-07 11:00:00+07:00,155.5,155.5,157.0,155.5,156.5,1095397
2025-07-07 12:00:00+07:00,156.0,156.0,156.0,155.5,156.0,200058
2025-07-07 13:00:00+07:00,155.5,155.5,155.5,155.5,155.5,157002
2025-07-07 14:00:00+07:00,156.0,156.0,156.5,155.5,155.5,1889237
2025-07-07 15:00:00+07:00,156.5,156.5,156.5,155.5,156.0,986389
2025-07-07 16:00:00+07:00,156.5,156.5,157.0,156.0,156.5,1219534
2025-07-08 10:00:00+07:00,156.0,156.0,157.0,156.0,156.5,0
2025-07-08 11:00:00+07:00,156.5,156.5,157.0,156.0,156.0,562519
2025-07-08 12:00:00+07:00,156.5,156.5,156.5,156.0,156.5,268664
2025-07-08 13:00:00+07:00,156.5,156.5,156.5,156.0,156.5,50700
2025-07-08 14:00:00+07:00,156.5,156.5,156.5,156.0,156.0,691017
2025-07-08 15:00:00+07:00,156.0,156.0,156.5,156.0,156.5,2662337
2025-07-08 16:00:00+07:00,156.5,156.5,156.5,156.0,156.5,1457092
2025-07-09 10:00:00+07:00,158.0,158.0,159.5,157.0,157.5,7379172
2025-07-09 11:00:00+07:00,157.5,157.5,158.0,157.0,158.0,1188624
2025-07-09 12:00:00+07:00,157.0,157.0,157.5,157.0,157.5,35568
2025-07-09 13:00:00+07:00,158.0,158.0,158.0,157.0,157.0,169800
2025-07-09 14:00:00+07:00,158.0,158.0,158.0,157.0,158.0,774409
2025-07-09 15:00:00+07:00,158.0,158.0,158.5,157.5,158.0,1719716
2025-07-09 16:00:00+07:00,158.0,158.0,158.5,157.5,157.5,723523
2025-07-11 10:00:00+07:00,158.0,158.0,159.0,157.5,158.5,0
2025-07-11 11:00:00+07:00,157.5,157.5,158.5,157.5,158.0,2274352
2025-07-11 12:00:00+07:00,157.5,157.5,158.0,157.0,158.0,1267842
2025-07-11 13:00:00+07:00,157.0,157.0,157.5,157.0,157.5,56401
2025-07-11 14:00:00+07:00,157.5,157.5,158.0,157.0,157.0,2196863
2025-07-11 15:00:00+07:00,157.5,157.5,158.0,157.0,157.5,2201859
2025-07-11 16:00:00+07:00,157.5,157.5,158.0,157.5,157.5,845243
2025-07-14 10:00:00+07:00,158.0,158.0,158.5,157.5,158.0,0
2025-07-14 11:00:00+07:00,158.0,158.0,158.5,157.5,158.0,1384664
2025-07-14 12:00:00+07:00,158.0,158.0,158.5,158.0,158.0,141619
2025-07-14 13:00:00+07:00,158.0,158.0,158.0,158.0,158.0,89601
2025-07-14 14:00:00+07:00,158.5,158.5,158.5,157.5,158.0,1809692
2025-07-14 15:00:00+07:00,158.0,158.0,158.5,158.0,158.0,264782
2025-07-14 16:00:00+07:00,158.0,158.0,158.5,158.0,158.5,243325
2025-07-15 10:00:00+07:00,155.5,155.5,158.0,154.0,157.5,6792938
2025-07-15 11:00:00+07:00,155.5,155.5,156.0,155.0,155.5,2454887
2025-07-15 12:00:00+07:00,155.5,155.5,156.0,155.5,156.0,282806
2025-07-15 13:00:00+07:00,155.5,155.5,156.0,155.5,155.5,198712
2025-07-15 14:00:00+07:00,157.0,157.0,157.0,155.5,155.5,2641199
2025-07-15 15:00:00+07:00,156.5,156.5,157.0,156.5,157.0,1111123
2025-07-15 16:00:00+07:00,156.0,156.0,157.0,156.0,156.5,1245507
2025-07-16 10:00:00+07:00,157.5,157.5,159.0,156.5,157.0,0
2025-07-16 11:00:00+07:00,158.5,158.5,158.5,157.5,158.0,581316
2025-07-16 12:00:00+07:00,158.5,158.5,158.5,158.0,158.5,196499
2025-07-16 13:00:00+07:00,158.5,158.5,158.5,158.0,158.5,239203
2025-07-16 14:00:00+07:00,157.5,157.5,158.5,157.0,158.0,1713567
2025-07-16 15:00:00+07:00,157.5,157.5,157.5,156.5,157.5,1586241
2025-07-16 16:00:00+07:00,157.0,157.0,157.5,156.5,157.5,1863017
2025-07-17 10:00:00+07:00,158.0,158.0,158.0,156.5,157.5,0
2025-07-17 11:00:00+07:00,157.5,157.5,158.5,157.5,158.0,2307402
2025-07-17 12:00:00+07:00,158.0,158.0,158.0,157.5,157.5,83032
2025-07-17 13:00:00+07:00,158.0,158.0,158.0,157.5,158.0,107800
2025-07-17 14:00:00+07:00,158.0,158.0,158.0,157.0,158.0,2197505
2025-07-17 15:00:00+07:00,158.0,158.0,158.5,157.5,158.0,1272132
2025-07-17 16:00:00+07:00,158.0,158.0,158.5,157.5,158.5,911984
2025-07-18 10:00:00+07:00,160.0,160.0,161.0,159.5,161.0,7946010
2025-07-18 11:00:00+07:00,160.0,160.0,160.5,160.0,160.0,1101614
2025-07-18 12:00:00+07:00,160.0,160.0,160.5,159.5,160.5,998755
2025-07-18 13:00:00+07:00,160.0,160.0,160.0,160.0,160.0,95710
2025-07-18 14:00:00+07:00,159.5,159.5,160.5,159.0,159.5,3554488
2025-07-18 15:00:00+07:00,160.5,160.5,160.5,159.5,159.5,1876975
2025-07-18 16:00:00+07:00,160.5,160.5,160.5,160.0,160.5,898733
2025-07-21 10:00:00+07:00,160.5,160.5,160.5,159.0,159.5,0
2025-07-21 11:00:00+07:00,159.5,159.5,160.5,159.0,160.0,2795418
2025-07-21 12:00:00+07:00,160.0,160.0,160.5,159.5,159.5,1533605
2025-07-21 13:00:00+07:00,160.0,160.0,160.5,160.0,160.0,103000
2025-07-21 14:00:00+07:00,160.5,160.5,160.5,160.0,160.0,2220644
2025-07-21 15:00:00+07:00,160.0,160.0,160.5,159.5,160.0,1929332
2025-07-21 16:00:00+07:00,160.5,160.5,160.5,160.0,160.5,433839
2025-07-22 10:00:00+07:00,157.5,157.5,159.0,157.0,157.5,9398172
2025-07-22 11:00:00+07:00,158.5,158.5,158.5,157.5,158.0,4203228
2025-07-22 12:00:00+07:00,159.0,159.0,159.0,158.0,158.0,1668990
2025-07-22 13:00:00+07:00,158.5,158.5,159.0,158.5,159.0,708807
2025-07-22 14:00:00+07:00,158.5,158.5,158.5,157.5,158.5,5671517
2025-07-22 15:00:00+07:00,158.5,158.5,158.5,157.5,158.5,2094447
2025-07-22 16:00:00+07:00,158.5,158.5,158.5,158.0,158.0,886969
2025-07-23 10:00:00+07:00,159.5,159.5,160.5,158.5,159.0,0
2025-07-23 11:00:00+07:00,160.0,160.0,160.0,159.5,160.0,907712
2025-07-23 12:00:00+07:00,159.5,159.5,160.0,159.0,159.5,1991182
2025-07-23 13:00:00+07:00,159.5,159.5,160.0,159.5,159.5,1345356
2025-07-23 14:00:00+07:00,160.0,160.0,160.0,159.5,159.5,445200
2025-07-23 15:00:00+07:00,159.5,159.5,160.0,159.5,159.5,1705001
2025-07-23 16:00:00+07:00,160.0,160.0,160.0,159.5,159.5,959704
2025-07-24 10:00:00+07:00,159.5,159.5,161.0,159.0,159.5,0
2025-07-24 11:00:00+07:00,160.0,160.0,160.0,159.0,159.0,1076004
2025-07-24 12:00:00+07:00,160.5,160.5,160.5,159.5,159.5,1587296
2025-07-24 13:00:00+07:00,160.0,160.0,160.5,160.0,160.5,260700
2025-07-24 14:00:00+07:00,159.5,159.5,160.0,159.5,160.0,1226565
2025-07-24 15:00:00+07:00,160.0,160.0,160.5,159.5,160.0,2804748
2025-07-24 16:00:00+07:00,160.0,160.0,160.0,159.5,159.5,1074181
2025-07-25 10:00:00+07:00,158.5,158.5,160.0,158.0,160.0,0
2025-07-25 11:00:00+07:00,159.0,159.0,159.0,158.5,159.0,397984
2025-07-25 12:00:00+07:00,158.5,158.5,159.0,158.5,159.0,118930
2025-07-25 13:00:00+07:00,159.0,159.0,159.0,158.5,159.0,103200
2025-07-25 14:00:00+07:00,159.0,159.0,159.0,158.5,159.0,419913
2025-07-25 15:00:00+07:00,158.5,158.5,159.0,158.0,159.0,2231148
2025-07-25 16:00:00+07:00,159.0,159.0,159.0,158.5,159.0,294716
2025-07-29 10:00:00+07:00,160.5,160.5,160.5,159.0,159.0,0
2025-07-29 11:00:00+07:00,160.5,160.5,160.5,160.0,160.0,787673
2025-07-29 12:00:00+07:00,160.0,160.0,160.5,160.0,160.0,338232
2025-07-29 13:00:00+07:00,160.5,160.5,160.5,160.0,160.5,100000
2025-07-29 14:00:00+07:00,160.0,160.0,160.5,160.0,160.0,710422
2025-07-29 15:00:00+07:00,160.0,160.0,160.5,160.0,160.0,1138316
2025-07-29 16:00:00+07:00,160.0,160.0,160.5,160.0,160.0,843245
2025-07-30 10:00:00+07:00,160.0,160.0,161.0,160.0,160.5,0
2025-07-30 11:00:00+07:00,160.5,160.5,160.5,160.0,160.0,982152
2025-07-30 12:00:00+07:00,160.5,160.5,160.5,160.0,160.5,143692
2025-07-30 13:00:00+07:00,160.5,160.5,160.5,160.0,160.0,87300
2025-07-30 14:00:00+07:00,160.5,160.5,160.5,160.0,160.0,589160
2025-07-30 15:00:00+07:00,160.0,160.0,160.5,160.0,160.5,981878
2025-07-30 16:00:00+07:00,160.5,160.5,160.5,160.0,160.0,1645669
2025-07-31 10:00:00+07:00,161.0,161.0,161.0,160.0,160.0,0
2025-07-31 11:00:00+07:00,161.0,161.0,161.5,160.5,161.0,2492019
2025-07-31 12:00:00+07:00,161.0,161.0,161.0,160.5,161.0,71667
2025-07-31 13:00:00+07:00,161.0,161.0,161.0,160.5,161.0,60300
2025-07-31 14:00:00+07:00,161.5,161.5,161.5,160.5,160.5,810377
2025-07-31 15:00:00+07:00,161.0,161.0,161.5,161.0,161.0,955034
2025-07-31 16:00:00+07:00,161.5,161.5,161.5,161.0,161.0,960040
2025-08-01 10:00:00+07:00,162.0,162.0,162.5,161.5,162.5,0
2025-08-01 11:00:00+07:00,162.0,162.0,162.0,161.5,162.0,678271
2025-08-01 12:00:00+07:00,162.0,162.0,162.0,161.5,162.0,80150
2025-08-01 13:00:00+07:00,162.0,162.0,162.0,161.5,162.0,799906
2025-08-01 14:00:00+07:00,161.5,161.5,162.0,161.0,161.5,242793
2025-08-01 15:00:00+07:00,160.0,160.0,162.0,160.0,161.5,1593099
2025-08-01 16:00:00+07:00,160.5,160.5,160.5,160.0,160.0,449077
2025-08-04 10:00:00+07:00,161.0,161.0,161.0,160.0,160.5,1210837
2025-08-04 11:00:00+07:00,160.5,160.5,161.0,160.5,161.0,297067
2025-08-04 12:00:00+07:00,160.0,160.0,161.0,160.0,161.0,453323
2025-08-04 13:00:00+07:00,160.5,160.5,160.5,160.5,160.5,34400
2025-08-04 14:00:00+07:00,162.0,162.0,162.5,160.0,160.0,3184079
2025-08-04 15:00:00+07:00,162.5,162.5,162.5,161.5,162.0,2304939
2025-08-04 16:00:00+07:00,162.0,162.0,162.5,161.5,162.0,1345475
2025-08-05 10:00:00+07:00,163.0,163.0,164.0,161.5,162.0,0
2025-08-05 11:00:00+07:00,163.0,163.0,163.5,162.5,163.0,1164742
2025-08-05 12:00:00+07:00,163.0,163.0,163.5,163.0,163.5,135486
2025-08-05 13:00:00+07:00,163.0,163.0,163.0,163.0,163.0,46936
2025-08-05 14:00:00+07:00,163.0,163.0,164.0,163.0,163.0,2564417
2025-08-05 15:00:00+07:00,163.5,163.5,163.5,162.5,163.0,470843
2025-08-05 16:00:00+07:00,163.5,163.5,163.5,163.0,163.5,331530
2025-08-06 10:00:00+07:00,165.5,165.5,166.5,165.0,165.5,0
2025-08-06 11:00:00+07:00,166.0,166.0,166.0,165.0,165.0,689659
2025-08-06 12:00:00+07:00,166.0,166.0,166.5,166.0,166.0,1039597
2025-08-06 13:00:00+07:00,166.5,166.5,166.5,166.0,166.0,397010
2025-08-06 14:00:00+07:00,166.5,166.5,166.5,166.0,166.0,1580750
2025-08-06 15:00:00+07:00,166.5,166.5,166.5,166.0,166.0,1824263
2025-08-06 16:00:00+07:00,166.0,166.0,166.5,166.0,166.0,1216749
2025-08-07 10:00:00+07:00,168.5,168.5,168.5,166.5,166.5,0
2025-08-07 11:00:00+07:00,167.0,167.0,168.5,167.0,168.5,3412502
2025-08-07 12:00:00+07:00,167.5,167.5,167.5,167.0,167.0,240129
2025-08-07 13:00:00+07:00,167.5,167.5,167.5,167.0,167.0,515200
2025-08-07 14:00:00+07:00,166.0,166.0,167.0,166.0,167.0,2265197
2025-08-07 15:00:00+07:00,165.5,165.5,166.5,165.5,166.0,2223435
2025-08-07 16:00:00+07:00,166.5,166.5,166.5,165.5,165.5,2043303
2025-08-08 10:00:00+07:00,168.0,168.0,169.5,166.5,167.0,0
2025-08-08 11:00:00+07:00,167.5,167.5,168.0,167.5,168.0,339754
2025-08-08 12:00:00+07:00,167.5,167.5,168.0,167.5,167.5,253418
2025-08-08 13:00:00+07:00,167.5,167.5,168.0,167.5,167.5,128916
2025-08-08 14:00:00+07:00,168.0,168.0,168.5,167.5,167.5,1996111
2025-08-08 15:00:00+07:00,168.5,168.5,168.5,167.5,168.0,2094402
2025-08-08 16:00:00+07:00,168.5,168.5,168.5,168.0,168.0,584960
2025-08-13 10:00:00+07:00,169.5,169.5,170.0,169.0,170.0,0
2025-08-13 11:00:00+07:00,168.5,168.5,169.5,168.5,169.5,1199915
2025-08-13 12:00:00+07:00,168.5,168.5,169.0,168.0,169.0,513934
2025-08-13 13:00:00+07:00,168.5,168.5,168.5,168.0,168.0,96206
2025-08-13 14:00:00+07:00,168.5,168.5,169.0,167.5,168.5,5123961
2025-08-13 15:00:00+07:00,168.5,168.5,169.0,168.5,169.0,489835
2025-08-13 16:00:00+07:00,168.5,168.5,169.0,168.5,168.5,1658384
2025-08-14 10:00:00+07:00,168.5,168.5,169.0,167.5,168.5,0
2025-08-14 11:00:00+07:00,168.0,168.0,168.5,167.5,168.0,794299
2025-08-14 12:00:00+07:00,168.5,168.5,168.5,167.5,168.0,1201730
2025-08-14 13:00:00+07:00,168.0,168.0,168.5,168.0,168.5,127102
2025-08-14 14:00:00+07:00,168.5,168.5,169.0,168.0,168.0,1374110
2025-08-14 15:00:00+07:00,169.0,169.0,169.0,168.5,168.5,271216
2025-08-14 16:00:00+07:00,169.0,169.0,169.0,168.5,169.0,328555
2025-08-15 10:00:00+07:00,169.0,169.0,169.5,168.5,168.5,0
2025-08-15 11:00:00+07:00,169.5,169.5,170.0,169.0,169.0,1745190
2025-08-15 12:00:00+07:00,169.0,169.0,169.5,169.0,169.0,1035898
2025-08-15 13:00:00+07:00,169.0,169.0,169.0,169.0,169.0,47200
2025-08-15 14:00:00+07:00,169.0,169.0,169.5,168.5,168.5,960713
2025-08-15 15:00:00+07:00,169.0,169.0,169.5,169.0,169.0,115578
2025-08-15 16:00:00+07:00,169.0,169.0,169.5,169.0,169.0,352691
2025-08-18 10:00:00+07:00,169.0,169.0,170.0,168.0,169.5,0
2025-08-18 11:00:00+07:00,168.5,168.5,169.0,168.0,168.5,436951
2025-08-18 12:00:00+07:00,169.0,169.0,169.0,168.5,169.0,128279
2025-08-18 13:00:00+07:00,168.5,168.5,169.0,168.5,168.5,67300
2025-08-18 14:00:00+07:00,168.5,168.5,169.0,168.5,169.0,1078147
2025-08-18 15:00:00+07:00,168.5,168.5,169.0,168.5,168.5,360792
2025-08-18 16:00:00+07:00,168.5,168.5,169.0,168.5,168.5,381899
2025-08-19 10:00:00+07:00,170.5,170.5,171.0,168.0,168.0,2313290
2025-08-19 11:00:00+07:00,169.5,169.5,171.5,169.5,170.5,2981137
2025-08-19 12:00:00+07:00,169.5,169.5,170.0,169.0,169.5,1142788
2025-08-19 13:00:00+07:00,170.0,170.0,170.0,169.5,170.0,246402
2025-08-19 14:00:00+07:00,170.5,170.5,170.5,169.5,169.5,1887914
2025-08-19 15:00:00+07:00,169.0,169.0,170.5,169.0,170.0,1587060
2025-08-19 16:00:00+07:00,169.0,169.0,169.5,168.5,169.0,1889583
2025-08-20 10:00:00+07:00,169.0,169.0,169.5,168.0,169.5,0
2025-08-20 11:00:00+07:00,170.0,170.0,170.0,168.5,169.0,686810
2025-08-20 12:00:00+07:00,169.5,169.5,170.5,169.5,170.0,1439511
2025-08-20 13:00:00+07:00,170.0,170.0,170.0,170.0,170.0,371500
2025-08-20 14:00:00+07:00,170.0,170.0,171.0,169.5,170.0,2469885
2025-08-20 15:00:00+07:00,170.0,170.0,170.0,169.5,170.0,600843
2025-08-20 16:00:00+07:00,169.5,169.5,170.0,169.0,170.0,2556857
2025-08-21 10:00:00+07:00,167.5,167.5,169.0,167.0,168.5,0
2025-08-21 11:00:00+07:00,167.5,167.5,167.5,167.0,167.5,2843559
2025-08-21 12:00:00+07:00,167.0,167.0,167.5,166.5,167.5,930276
2025-08-21 13:00:00+07:00,166.5,166.5,167.5,166.5,167.5,530412
2025-08-21 14:00:00+07:00,167.0,167.0,167.5,166.5,166.5,4451879
2025-08-21 15:00:00+07:00,167.0,167.0,167.0,166.5,167.0,4526233
2025-08-21 16:00:00+07:00,167.0,167.0,167.0,166.5,166.5,597224
2025-08-22 10:00:00+07:00,167.0,167.0,167.5,166.0,167.5,0
2025-08-22 11:00:00+07:00,167.0,167.0,167.5,166.5,167.0,2587786
2025-08-22 12:00:00+07:00,167.0,167.0,167.0,166.5,167.0,189517
2025-08-22 13:00:00+07:00,167.0,167.0,167.0,167.0,167.0,60901
2025-08-22 14:00:00+07:00,167.5,167.5,167.5,166.5,167.0,3806121
2025-08-22 15:00:00+07:00,167.5,167.5,167.5,167.0,167.5,1203756
2025-08-22 16:00:00+07:00,167.0,167.0,167.5,166.5,167.5,768362
2025-08-25 10:00:00+07:00,166.5,166.5,168.0,165.5,167.5,0
2025-08-25 11:00:00+07:00,166.5,166.5,167.0,166.0,166.5,717561
2025-08-25 12:00:00+07:00,166.5,166.5,167.0,166.0,166.5,705052
2025-08-25 13:00:00+07:00,166.5,166.5,166.5,166.5,166.5,33700
2025-08-25 14:00:00+07:00,165.5,165.5,166.5,165.0,166.5,4490019
2025-08-25 15:00:00+07:00,165.5,165.5,166.0,164.5,165.5,3482949
2025-08-25 16:00:00+07:00,165.5,165.5,165.5,165.0,165.5,886849
2025-08-26 10:00:00+07:00,165.0,165.0,165.5,164.0,164.0,0
2025-08-26 11:00:00+07:00,165.0,165.0,165.0,164.5,165.0,448241
2025-08-26 12:00:00+07:00,164.5,164.5,166.0,164.5,165.0,3025662
2025-08-26 13:00:00+07:00,164.5,164.5,165.0,164.5,165.0,491798
2025-08-26 14:00:00+07:00,165.0,165.0,165.0,164.0,164.5,2082004
2025-08-26 15:00:00+07:00,164.0,164.0,165.0,163.5,165.0,1967893
2025-08-26 16:00:00+07:00,163.5,163.5,164.0,163.5,164.0,513379
2025-08-27 10:00:00+07:00,164.0,164.0,165.5,164.0,165.5,0
2025-08-27 11:00:00+07:00,164.0,164.0,164.5,163.5,164.0,996104
2025-08-27 12:00:00+07:00,164.0,164.0,164.0,163.5,164.0,88659
2025-08-27 13:00:00+07:00,164.0,164.0,164.0,163.5,163.5,291900
2025-08-27 14:00:00+07:00,164.0,164.0,164.5,163.5,164.0,2996848
2025-08-27 15:00:00+07:00,164.0,164.0,164.5,163.5,164.0,2005082
2025-08-27 16:00:00+07:00,164.0,164.0,164.0,163.0,164.0,1758382
2025-08-28 10:00:00+07:00,165.5,165.5,166.0,164.5,164.5,0
2025-08-28 11:00:00+07:00,166.0,166.0,166.0,165.5,165.5,345846
2025-08-28 12:00:00+07:00,166.0,166.0,166.0,165.5,166.0,248946
2025-08-28 13:00:00+07:00,166.0,166.0,166.0,166.0,166.0,77840
2025-08-28 14:00:00+07:00,166.5,166.5,167.0,165.5,165.5,2876812
2025-08-28 15:00:00+07:00,167.5,167.5,167.5,167.0,167.0,1222792
2025-08-28 16:00:00+07:00,168.0,168.0,168.0,167.5,167.5,1386476
2025-08-29 10:00:00+07:00,168.0,168.0,169.0,167.5,168.5,0
2025-08-29 11:00:00+07:00,169.0,169.0,169.0,168.0,168.5,722834
2025-08-29 12:00:00+07:00,169.0,169.0,169.0,168.5,169.0,280445
2025-08-29 13:00:00+07:00,169.0,169.0,169.0,168.5,169.0,165621
2025-08-29 14:00:00+07:00,168.5,168.5,169.5,168.0,169.0,2409126
2025-08-29 15:00:00+07:00,169.0,169.0,169.5,168.0,169.0,6073439
2025-08-29 16:00:00+07:00,169.0,169.0,169.0,168.5,168.5,1006472
2025-09-01 10:00:00+07:00,169.5,169.5,169.5,168.0,168.0,0
2025-09-01 11:00:00+07:00,169.5,169.5,169.5,169.0,169.5,190464
2025-09-01 12:00:00+07:00,169.5,169.5,170.0,169.0,169.5,1243249
2025-09-01 13:00:00+07:00,169.5,169.5,169.5,169.5,169.5,168404
2025-09-01 14:00:00+07:00,170.5,170.5,170.5,169.0,169.5,2816424
2025-09-01 15:00:00+07:00,170.5,170.5,170.5,170.0,170.5,1104095
2025-09-01 16:00:00+07:00,171.0,171.0,171.0,170.0,170.0,1053930
2025-09-02 10:00:00+07:00,170.0,170.0,170.5,169.5,170.5,0
2025-09-02 11:00:00+07:00,170.5,170.5,170.5,169.5,170.5,1501270
2025-09-02 12:00:00+07:00,170.0,170.0,170.5,170.0,170.5,74455
2025-09-02 13:00:00+07:00,170.5,170.5,170.5,170.0,170.0,157601
2025-09-02 14:00:00+07:00,169.5,169.5,170.5,169.0,170.0,922690
2025-09-02 15:00:00+07:00,169.5,169.5,170.0,169.0,169.5,374884
2025-09-02 16:00:00+07:00,170.0,170.0,170.5,169.5,170.0,556514
2025-09-03 10:00:00+07:00,170.0,170.0,171.0,169.5,171.0,0
2025-09-03 11:00:00+07:00,170.5,170.5,170.5,169.5,170.5,1471188
2025-09-03 12:00:00+07:00,170.5,170.5,170.5,170.0,170.5,59732
2025-09-03 13:00:00+07:00,170.0,170.0,170.5,170.0,170.0,19200
2025-09-03 14:00:00+07:00,170.0,170.0,170.5,170.0,170.0,179079
2025-09-03 15:00:00+07:00,171.0,171.0,171.0,170.0,170.5,838956
2025-09-03 16:00:00+07:00,170.5,170.5,171.0,170.5,171.0,531862
2025-09-04 10:00:00+07:00,171.0,171.0,171.5,169.5,170.5,0
2025-09-04 11:00:00+07:00,170.5,170.5,171.0,170.5,170.5,415615
2025-09-04 12:00:00+07:00,170.5,170.5,171.0,170.5,171.0,283330
2025-09-04 13:00:00+07:00,170.5,170.5,170.5,170.5,170.5,257315
2025-09-04 14:00:00+07:00,171.0,171.0,171.5,170.5,171.0,1671190
2025-09-04 15:00:00+07:00,171.5,171.5,171.5,171.0,171.5,228560
2025-09-04 16:00:00+07:00,171.0,171.0,171.5,170.5,171.5,398618
2025-09-05 10:00:00+07:00,170.0,170.0,170.5,169.5,170.5,0
2025-09-05 11:00:00+07:00,169.0,169.0,170.5,167.5,170.0,6057429
2025-09-05 12:00:00+07:00,169.0,169.0,169.0,168.5,169.0,66601
2025-09-05 13:00:00+07:00,169.5,169.5,169.5,168.5,169.0,331800
2025-09-05 14:00:00+07:00,170.0,170.0,170.0,169.0,169.5,1331914
2025-09-05 15:00:00+07:00,169.0,169.0,170.0,169.0,170.0,1237586
2025-09-05 16:00:00+07:00,169.5,169.5,170.0,169.0,169.0,594765
2025-09-08 10:00:00+07:00,171.5,171.5,173.0,171.0,172.0,4798333
2025-09-08 11:00:00+07:00,171.5,171.5,172.0,171.5,171.5,1745086
2025-09-08 12:00:00+07:00,171.5,171.5,172.0,171.5,171.5,196563
2025-09-08 13:00:00+07:00,171.5,171.5,172.0,171.5,172.0,73400
2025-09-08 14:00:00+07:00,171.5,171.5,172.0,171.0,171.5,1377768
2025-09-08 15:00:00+07:00,172.0,172.0,172.0,171.5,172.0,1146433
2025-09-08 16:00:00+07:00,172.0,172.0,172.0,171.5,171.5,458199
2025-09-09 10:00:00+07:00,172.0,172.0,172.0,171.0,171.0,0
2025-09-09 11:00:00+07:00,172.0,172.0,173.0,171.5,171.5,4440934
2025-09-09 12:00:00+07:00,172.0,172.0,172.0,171.5,171.5,147833
2025-09-09 13:00:00+07:00,171.5,171.5,172.0,171.5,171.5,210501
2025-09-09 14:00:00+07:00,170.5,170.5,171.5,170.5,171.5,1228708
2025-09-09 15:00:00+07:00,170.0,170.0,171.0,170.0,170.5,715879
2025-09-09 16:00:00+07:00,170.0,170.0,170.5,170.0,170.5,538264
2025-09-10 10:00:00+07:00,169.0,169.0,169.5,168.5,168.5,3657382
2025-09-10 11:00:00+07:00,169.0,169.0,169.0,168.5,169.0,104055
2025-09-10 12:00:00+07:00,168.5,168.5,169.0,168.5,169.0,77412
2025-09-10 13:00:00+07:00,168.5,168.5,168.5,168.0,168.5,549472
2025-09-10 14:00:00+07:00,168.0,168.0,168.5,168.0,168.0,868678
2025-09-10 15:00:00+07:00,168.5,168.5,168.5,168.0,168.5,1062625
2025-09-10 16:00:00+07:00,168.5,168.5,168.5,168.0,168.0,173897
2025-09-11 10:00:00+07:00,168.0,168.0,169.0,167.5,168.5,0
2025-09-11 11:00:00+07:00,168.0,168.0,168.0,167.5,167.5,391105
2025-09-11 12:00:00+07:00,167.5,167.5,168.0,167.5,168.0,249675
2025-09-11 13:00:00+07:00,168.5,168.5,168.5,168.0,168.0,542803
2025-09-11 14:00:00+07:00,168.0,168.0,168.5,167.5,168.5,2025685
2025-09-11 15:00:00+07:00,168.0,168.0,168.0,167.5,168.0,986113
2025-09-11 16:00:00+07:00,167.5,167.5,168.0,167.0,168.0,1038227
2025-09-12 10:00:00+07:00,167.0,167.0,167.5,166.5,167.5,0
2025-09-12 11:00:00+07:00,166.5,166.5,167.5,166.0,167.0,2131289
2025-09-12 12:00:00+07:00,166.0,166.0,166.5,166.0,166.5,345144
2025-09-12 13:00:00+07:00,166.5,166.5,166.5,166.0,166.5,443300
2025-09-12 14:00:00+07:00,166.0,166.0,166.5,166.0,166.5,706134
2025-09-12 15:00:00+07:00,166.5,166.5,166.5,166.0,166.5,681256
2025-09-12 16:00:00+07:00,166.5,166.5,166.5,166.0,166.5,501206
2025-09-15 10:00:00+07:00,167.5,167.5,168.0,165.5,166.0,0
2025-09-15 11:00:00+07:00,167.0,167.0,168.0,167.0,167.5,712700
2025-09-15 12:00:00+07:00,167.5,167.5,167.5,167.0,167.5,457953
2025-09-15 13:00:00+07:00,167.5,167.5,167.5,167.5,167.5,79908
2025-09-15 14:00:00+07:00,167.0,167.0,167.5,167.0,167.0,270552
2025-09-15 15:00:00+07:00,167.5,167.5,167.5,167.0,167.5,326706
2025-09-15 16:00:00+07:00,167.0,167.0,167.5,167.0,167.5,347848
2025-09-16 10:00:00+07:00,165.5,165.5,166.5,165.0,166.5,0
2025-09-16 11:00:00+07:00,165.0,165.0,165.5,164.5,165.5,2838663
2025-09-16 12:00:00+07:00,164.5,164.5,165.0,164.5,165.0,0
2025-09-16 13:00:00+07:00,165.0,165.0,165.0,164.5,165.0,10107645
2025-09-16 14:00:00+07:00,164.5,164.5,165.0,164.5,165.0,2375657
2025-09-16 15:00:00+07:00,165.0,165.0,165.0,164.5,165.0,585082
2025-09-16 16:00:00+07:00,164.5,164.5,165.0,164.0,164.5,2304974
2025-09-17 10:00:00+07:00,164.0,164.0,165.0,163.0,164.5,5837114
2025-09-17 11:00:00+07:00,164.0,164.0,164.5,164.0,164.0,2326609
2025-09-17 12:00:00+07:00,164.5,164.5,164.5,164.0,164.0,160330
2025-09-17 13:00:00+07:00,164.0,164.0,164.5,164.0,164.0,212300
2025-09-17 14:00:00+07:00,164.0,164.0,164.5,164.0,164.0,1994483
2025-09-17 15:00:00+07:00,163.5,163.5,164.5,163.5,164.0,3640955
2025-09-17 16:00:00+07:00,163.5,163.5,164.0,163.5,164.0,528890
2025-09-18 10:00:00+07:00,163.0,163.0,164.5,163.0,164.5,0
2025-09-18 11:00:00+07:00,164.0,164.0,164.0,163.0,163.0,1415798
2025-09-18 12:00:00+07:00,163.0,163.0,164.0,163.0,164.0,201385
2025-09-18 13:00:00+07:00,163.0,163.0,163.5,163.0,163.5,149700
2025-09-18 14:00:00+07:00,163.5,163.5,163.5,162.5,163.0,1862463
2025-09-18 15:00:00+07:00,162.5,162.5,163.5,162.5,163.0,826784
2025-09-18 16:00:00+07:00,163.0,163.0,163.0,162.5,163.0,837979
2025-09-19 10:00:00+07:00,165.0,165.0,165.5,164.5,165.0,0
2025-09-19 11:00:00+07:00,164.5,164.5,165.0,164.5,165.0,111417
2025-09-19 12:00:00+07:00,164.5,164.5,165.0,164.5,165.0,71916
2025-09-19 13:00:00+07:00,164.0,164.0,164.5,164.0,164.5,287505
2025-09-19 14:00:00+07:00,164.0,164.0,164.5,164.0,164.0,623183
2025-09-19 15:00:00+07:00,164.0,164.0,164.5,164.0,164.5,224180
2025-09-19 16:00:00+07:00,164.0,164.0,164.5,164.0,164.5,206718
2025-09-22 10:00:00+07:00,165.0,165.0,165.0,164.5,165.0,0
2025-09-22 11:00:00+07:00,165.0,165.0,165.5,164.5,165.0,1129895
2025-09-22 12:00:00+07:00,164.5,164.5,165.0,164.5,164.5,151285
2025-09-22 13:00:00+07:00,164.5,164.5,164.5,164.5,164.5,30832
2025-09-22 14:00:00+07:00,163.5,163.5,164.5,163.0,164.5,2089403
2025-09-22 15:00:00+07:00,163.5,163.5,164.0,163.5,163.5,266498
2025-09-22 16:00:00+07:00,163.0,163.0,164.0,163.0,164.0,1266124
2025-09-23 10:00:00+07:00,164.0,164.0,164.5,163.0,164.0,1321634
2025-09-23 11:00:00+07:00,163.5,163.5,164.5,163.5,164.0,1089168
2025-09-23 12:00:00+07:00,163.5,163.5,164.5,163.5,163.5,630828
2025-09-23 13:00:00+07:00,164.0,164.0,164.0,163.5,163.5,4414
2025-09-23 14:00:00+07:00,162.5,162.5,164.0,162.5,163.5,761205
2025-09-23 15:00:00+07:00,162.5,162.5,163.0,162.5,162.5,660039
2025-09-23 16:00:00+07:00,162.5,162.5,163.0,162.5,162.5,597870
2025-09-24 10:00:00+07:00,163.0,163.0,165.0,162.0,165.0,4841273
2025-09-24 11:00:00+07:00,162.5,162.5,163.0,162.5,162.5,1010200
2025-09-24 12:00:00+07:00,162.5,162.5,163.5,162.5,162.5,276272
2025-09-24 13:00:00+07:00,163.0,163.0,163.5,162.5,162.5,371411
2025-09-24 14:00:00+07:00,163.5,163.5,163.5,162.5,163.0,887130
2025-09-24 15:00:00+07:00,164.0,164.0,164.0,162.5,163.0,1455065
2025-09-24 16:00:00+07:00,163.5,163.5,164.5,163.0,164.0,768672
2025-09-25 10:00:00+07:00,165.0,165.0,165.5,164.0,164.5,0
2025-09-25 11:00:00+07:00,165.5,165.5,166.0,165.0,165.0,742643
2025-09-25 12:00:00+07:00,166.0,166.0,166.0,165.5,166.0,264365
2025-09-25 13:00:00+07:00,166.0,166.0,166.0,165.5,166.0,787124
2025-09-25 14:00:00+07:00,165.5,165.5,166.0,165.0,166.0,1643746
2025-09-25 15:00:00+07:00,166.0,166.0,166.0,165.5,165.5,246488
2025-09-25 16:00:00+07:00,166.5,166.5,166.5,165.5,165.5,1393927
2025-09-26 10:00:00+07:00,167.0,167.0,167.0,165.0,165.5,0
2025-09-26 11:00:00+07:00,167.0,167.0,168.0,166.5,167.0,2664949
2025-09-26 12:00:00+07:00,167.0,167.0,167.5,167.0,167.0,237950
2025-09-26 13:00:00+07:00,167.0,167.0,167.0,167.0,167.0,519377
2025-09-26 14:00:00+07:00,167.0,167.0,167.5,166.5,167.5,2124078
2025-09-26 15:00:00+07:00,167.0,167.0,167.0,166.5,167.0,1360508
2025-09-26 16:00:00+07:00,167.0,167.0,167.0,166.5,167.0,251346
2025-09-29 10:00:00+07:00,167.0,167.0,168.0,167.0,168.0,647364
2025-09-29 11:00:00+07:00,168.0,168.0,169.0,166.5,167.0,3682519
2025-09-29 12:00:00+07:00,168.5,168.5,168.5,168.0,168.0,60976
2025-09-29 13:00:00+07:00,168.5,168.5,168.5,168.0,168.0,82200
2025-09-29 14:00:00+07:00,167.5,167.5,168.5,167.5,168.5,881040
2025-09-29 15:00:00+07:00,167.0,167.0,168.0,167.0,168.0,736011
2025-09-29 16:00:00+07:00,169.0,169.0,169.0,167.0,167.0,1829794
2025-09-30 10:00:00+07:00,167.5,167.5,168.5,167.0,168.5,0
2025-09-30 11:00:00+07:00,168.0,168.0,168.5,167.5,168.0,1256563
2025-09-30 12:00:00+07:00,168.0,168.0,168.0,167.5,168.0,34100
2025-09-30 13:00:00+07:00,167.5,167.5,167.5,167.5,167.5,55400
2025-09-30 14:00:00+07:00,167.0,167.0,168.0,167.0,167.5,672979
2025-09-30 15:00:00+07:00,167.0,167.0,167.5,166.5,167.0,1116876
2025-09-30 16:00:00+07:00,167.5,167.5,167.5,167.0,167.0,200073
2025-10-01 10:00:00+07:00,166.0,166.0,167.0,165.5,167.0,3187043
2025-10-01 11:00:00+07:00,165.5,165.5,166.0,165.5,166.0,843768
2025-10-01 12:00:00+07:00,165.5,165.5,166.0,165.5,166.0,99285
2025-10-01 13:00:00+07:00,165.5,165.5,165.5,165.5,165.5,61600
2025-10-01 14:00:00+07:00,165.5,165.5,166.0,165.5,165.5,405515
2025-10-01 15:00:00+07:00,165.5,165.5,166.0,165.5,165.5,303190
2025-10-01 16:00:00+07:00,165.0,165.0,166.0,165.0,165.5,886138
2025-10-02 10:00:00+07:00,166.5,166.5,167.5,166.5,167.5,0
2025-10-02 11:00:00+07:00,166.5,166.5,167.5,166.0,167.0,1610846
2025-10-02 12:00:00+07:00,166.5,166.5,166.5,166.0,166.5,331254
2025-10-02 13:00:00+07:00,166.5,166.5,166.5,166.0,166.5,143819
2025-10-02 14:00:00+07:00,166.0,166.0,167.0,165.5,166.5,1249439
2025-10-02 15:00:00+07:00,166.0,166.0,166.0,165.5,165.5,165955
2025-10-02 16:00:00+07:00,165.5,165.5,166.5,165.5,166.0,641427
2025-10-03 10:00:00+07:00,165.5,165.5,166.0,165.0,165.5,0
2025-10-03 11:00:00+07:00,165.5,165.5,166.0,165.0,165.5,1165954
2025-10-03 12:00:00+07:00,165.5,165.5,166.0,165.5,165.5,111594
2025-10-03 13:00:00+07:00,165.5,165.5,166.0,165.5,165.5,586905
2025-10-03 14:00:00+07:00,166.0,166.0,166.0,165.5,165.5,271793
2025-10-03 15:00:00+07:00,165.5,165.5,166.0,165.5,165.5,279766
2025-10-03 16:00:00+07:00,165.5,165.5,166.0,165.5,165.5,285539
2025-10-06 10:00:00+07:00,164.5,164.5,165.5,164.5,165.5,0
2025-10-06 11:00:00+07:00,164.5,164.5,165.0,164.5,164.5,448237
2025-10-06 12:00:00+07:00,165.0,165.0,165.0,164.5,164.5,203311
2025-10-06 13:00:00+07:00,164.5,164.5,165.0,164.5,164.5,20710
2025-10-06 14:00:00+07:00,165.0,165.0,165.5,164.5,164.5,1239299
2025-10-06 15:00:00+07:00,165.0,165.0,165.5,164.5,165.0,355618
2025-10-06 16:00:00+07:00,165.0,165.0,165.5,164.5,164.5,524201
2025-10-07 10:00:00+07:00,166.0,166.0,166.0,165.0,165.5,677146
2025-10-07 11:00:00+07:00,166.0,166.0,166.5,165.5,166.0,2173400
2025-10-07 12:00:00+07:00,166.0,166.0,166.5,166.0,166.0,63910
2025-10-07 13:00:00+07:00,166.0,166.0,166.5,166.0,166.5,36200
2025-10-07 14:00:00+07:00,166.0,166.0,166.5,166.0,166.0,138526
2025-10-07 15:00:00+07:00,166.5,166.5,166.5,166.0,166.0,207237
2025-10-07 16:00:00+07:00,166.0,166.0,166.5,166.0,166.0,290000
2025-10-08 10:00:00+07:00,166.0,166.0,167.0,166.0,167.0,0
2025-10-08 11:00:00+07:00,166.0,166.0,166.5,166.0,166.0,182510
2025-10-08 12:00:00+07:00,166.0,166.0,166.5,166.0,166.0,109862
2025-10-08 13:00:00+07:00,166.0,166.0,166.0,166.0,166.0,172800
2025-10-08 14:00:00+07:00,167.5,167.5,168.0,166.0,166.0,2039221
2025-10-08 15:00:00+07:00,167.0,167.0,168.0,166.5,167.5,1785388
2025-10-08 16:00:00+07:00,167.5,167.5,167.5,167.0,167.0,137045
2025-10-09 10:00:00+07:00,166.0,166.0,167.0,166.0,166.5,0
2025-10-09 11:00:00+07:00,166.5,166.5,167.0,166.0,166.0,697174
2025-10-09 12:00:00+07:00,166.5,166.5,167.0,166.5,166.5,116394
2025-10-09 13:00:00+07:00,166.5,166.5,167.0,166.5,166.5,84225
2025-10-09 14:00:00+07:00,166.0,166.0,167.0,166.0,166.5,2022404
2025-10-09 15:00:00+07:00,166.5,166.5,167.0,166.0,166.0,408381
2025-10-09 16:00:00+07:00,166.5,166.5,167.0,166.5,166.5,316965
2025-10-10 10:00:00+07:00,167.0,167.0,167.5,165.5,166.0,0
2025-10-10 11:00:00+07:00,167.0,167.0,167.0,166.0,167.0,1337827
2025-10-10 12:00:00+07:00,167.0,167.0,167.0,166.5,166.5,212764
2025-10-10 13:00:00+07:00,166.0,166.0,166.5,166.0,166.5,326163
2025-10-10 14:00:00+07:00,166.5,166.5,167.0,166.0,166.5,657147
2025-10-10 15:00:00+07:00,167.0,167.0,167.5,166.5,166.5,1364945
2025-10-10 16:00:00+07:00,166.5,166.5,167.5,166.5,167.0,662148
2025-10-14 10:00:00+07:00,166.5,166.5,167.0,166.0,166.5,0
2025-10-14 11:00:00+07:00,166.5,166.5,167.0,166.0,166.0,1721540
2025-10-14 12:00:00+07:00,166.5,166.5,167.0,166.5,166.5,159230
2025-10-14 13:00:00+07:00,166.5,166.5,167.0,166.5,166.5,155600
2025-10-14 14:00:00+07:00,166.5,166.5,167.0,166.5,166.5,1260173
2025-10-14 15:00:00+07:00,166.5,166.5,167.0,166.5,166.5,493736
2025-10-14 16:00:00+07:00,167.0,167.0,167.0,166.5,167.0,1379830
2025-10-15 10:00:00+07:00,169.0,169.0,169.5,167.0,167.5,8490210
2025-10-15 11:00:00+07:00,169.5,169.5,170.0,169.0,169.0,1436010
2025-10-15 12:00:00+07:00,169.5,169.5,170.0,169.5,170.0,113577
2025-10-15 13:00:00+07:00,170.5,170.5,171.0,169.5,170.0,2404677
2025-10-15 14:00:00+07:00,170.5,170.5,171.0,170.0,170.5,2204114
2025-10-15 15:00:00+07:00,170.0,170.0,170.5,170.0,170.0,390945
2025-10-15 16:00:00+07:00,170.5,170.5,171.0,170.0,170.5,1286373
2025-10-16 10:00:00+07:00,171.0,171.0,173.0,171.0,172.0,0
2025-10-16 11:00:00+07:00,171.0,171.0,171.0,170.0,170.5,1007672
2025-10-16 12:00:00+07:00,170.5,170.5,171.0,170.5,171.0,245457
2025-10-16 13:00:00+07:00,170.5,170.5,171.0,170.5,171.0,65908
2025-10-16 14:00:00+07:00,170.5,170.5,171.0,170.0,170.5,2809031
2025-10-16 15:00:00+07:00,170.5,170.5,171.0,170.5,170.5,502063
2025-10-16 16:00:00+07:00,170.5,170.5,171.0,170.0,171.0,853004
2025-10-17 10:00:00+07:00,172.0,172.0,172.5,170.5,171.0,2661523
2025-10-17 11:00:00+07:00,171.5,171.5,172.5,171.5,172.0,1439664
2025-10-17 12:00:00+07:00,172.0,172.0,172.5,171.5,172.0,545127
2025-10-17 13:00:00+07:00,171.5,171.5,172.0,171.5,171.5,59701
2025-10-17 14:00:00+07:00,171.0,171.0,172.5,171.0,172.0,1393496
2025-10-17 15:00:00+07:00,171.5,171.5,172.0,171.0,171.0,551992
2025-10-17 16:00:00+07:00,172.0,172.0,172.5,171.5,171.5,1473356
2025-10-20 10:00:00+07:00,172.5,172.5,172.5,171.0,172.5,1826379
2025-10-20 11:00:00+07:00,173.0,173.0,173.0,172.0,172.0,475105
2025-10-20 12:00:00+07:00,172.5,172.5,173.0,172.5,173.0,78791
2025-10-20 13:00:00+07:00,172.5,172.5,173.0,172.5,172.5,46128
2025-10-20 14:00:00+07:00,172.5,172.5,173.0,172.0,172.5,746843
2025-10-20 15:00:00+07:00,172.0,172.0,173.0,172.0,173.0,422971
2025-10-20 16:00:00+07:00,173.0,173.0,173.0,172.0,172.0,428973
2025-10-21 10:00:00+07:00,177.0,177.0,177.5,174.5,175.5,6245873
2025-10-21 11:00:00+07:00,176.0,176.0,177.0,175.5,177.0,1544628
2025-10-21 12:00:00+07:00,176.0,176.0,176.0,175.5,176.0,761909
2025-10-21 13:00:00+07:00,175.5,175.5,176.0,175.5,176.0,110700
2025-10-21 14:00:00+07:00,177.0,177.0,178.0,175.0,176.0,4434900
2025-10-21 15:00:00+07:00,177.0,177.0,178.0,177.0,177.0,1519859
2025-10-21 16:00:00+07:00,178.0,178.0,178.0,177.0,177.5,794038
2025-10-22 10:00:00+07:00,179.5,179.5,181.5,178.5,178.5,8483237
2025-10-22 11:00:00+07:00,180.0,180.0,180.0,178.5,179.5,4775566
2025-10-22 12:00:00+07:00,179.5,179.5,180.0,179.0,180.0,940395
2025-10-22 13:00:00+07:00,179.5,179.5,179.5,179.5,179.5,278800
2025-10-22 14:00:00+07:00,181.5,181.5,181.5,179.5,179.5,5981836
2025-10-22 15:00:00+07:00,180.5,180.5,182.0,180.5,181.0,3125997
2025-10-22 16:00:00+07:00,181.0,181.0,181.5,180.0,180.5,1534409
2025-10-24 10:00:00+07:00,183.5,183.5,185.5,183.5,184.5,0
2025-10-24 11:00:00+07:00,183.0,183.0,184.0,182.5,184.0,3344922
2025-10-24 12:00:00+07:00,183.5,183.5,184.0,182.5,183.0,1100172
2025-10-24 13:00:00+07:00,184.5,184.5,184.5,184.0,184.0,461504
2025-10-24 14:00:00+07:00,184.0,184.0,184.5,183.5,184.5,2489742
2025-10-24 15:00:00+07:00,183.5,183.5,184.0,183.0,184.0,1254358
2025-10-24 16:00:00+07:00,183.0,183.0,183.5,182.5,183.0,1005085
2025-10-27 10:00:00+07:00,182.0,182.0,183.0,180.5,181.5,6244950
2025-10-27 11:00:00+07:00,181.5,181.5,182.0,180.5,182.0,4738201
2025-10-27 12:00:00+07:00,181.0,181.0,182.0,181.0,181.5,1548491
2025-10-27 13:00:00+07:00,180.5,180.5,181.5,180.5,181.5,781339
2025-10-27 14:00:00+07:00,180.5,180.5,181.0,180.5,181.0,1391377
2025-10-27 15:00:00+07:00,181.0,181.0,181.0,180.5,180.5,1464646
2025-10-27 16:00:00+07:00,181.0,181.0,181.0,180.5,180.5,454093
2025-10-28 10:00:00+07:00,179.0,179.0,181.0,178.0,181.0,0
2025-10-28 11:00:00+07:00,179.5,179.5,180.0,179.0,179.0,830547
2025-10-28 12:00:00+07:00,180.0,180.0,180.0,179.5,180.0,234804
2025-10-28 13:00:00+07:00,179.5,179.5,180.0,179.5,179.5,153400
2025-10-28 14:00:00+07:00,180.5,180.5,180.5,179.5,179.5,1131654
2025-10-28 15:00:00+07:00,180.5,180.5,180.5,180.0,180.5,659743
2025-10-28 16:00:00+07:00,180.5,180.5,180.5,179.5,180.0,1608723
2025-10-29 10:00:00+07:00,179.0,179.0,180.0,178.5,179.5,0
2025-10-29 11:00:00+07:00,179.0,179.0,179.5,178.5,179.0,1891823
2025-10-29 12:00:00+07:00,179.0,179.0,179.5,179.0,179.5,136796
2025-10-29 13:00:00+07:00,179.0,179.0,179.5,179.0,179.5,61302
2025-10-29 14:00:00+07:00,179.5,179.5,180.0,179.0,179.5,1513060
2025-10-29 15:00:00+07:00,179.5,179.5,179.5,178.5,179.0,3102514
2025-10-29 16:00:00+07:00,179.5,179.5,179.5,179.0,179.5,671541
2025-10-30 10:00:00+07:00,180.5,180.5,182.0,179.5,179.5,0
2025-10-30 11:00:00+07:00,180.5,180.5,181.0,180.0,180.5,654021
2025-10-30 12:00:00+07:00,180.5,180.5,180.5,180.0,180.5,353470
2025-10-30 13:00:00+07:00,183.0,183.0,183.5,182.5,182.5,1940738
2025-10-30 14:00:00+07:00,184.5,184.5,184.5,182.5,183.0,6890518
2025-10-30 15:00:00+07:00,186.0,186.0,186.0,184.0,184.5,7686167
2025-10-30 16:00:00+07:00,185.0,185.0,186.0,184.5,185.5,2374381
2025-10-31 10:00:00+07:00,186.0,186.0,188.0,185.5,186.5,0
2025-10-31 11:00:00+07:00,186.0,186.0,187.0,185.5,186.0,2036922
2025-10-31 12:00:00+07:00,185.5,185.5,186.5,185.5,186.0,555756
2025-10-31 13:00:00+07:00,185.5,185.5,186.0,185.5,186.0,265505
2025-10-31 14:00:00+07:00,186.5,186.5,186.5,185.5,185.5,1673176
2025-10-31 15:00:00+07:00,186.5,186.5,187.0,185.5,186.5,1573534
2025-10-31 16:00:00+07:00,186.5,186.5,187.0,186.0,186.5,1207044
2025-11-03 10:00:00+07:00,184.5,184.5,186.0,183.5,185.0,5681452
2025-11-03 11:00:00+07:00,185.0,185.0,185.5,184.5,184.5,1844767
2025-11-03 12:00:00+07:00,185.0,185.0,185.5,185.0,185.0,759764
2025-11-03 13:00:00+07:00,185.0,185.0,185.0,185.0,185.0,41400
2025-11-03 14:00:00+07:00,186.5,186.5,186.5,184.5,185.0,2765448
2025-11-03 15:00:00+07:00,187.0,187.0,187.5,186.0,186.5,3353189
2025-11-03 16:00:00+07:00,187.0,187.0,187.5,187.0,187.5,1002580
2025-11-04 10:00:00+07:00,188.0,188.0,188.5,186.0,186.0,0
2025-11-04 11:00:00+07:00,187.0,187.0,188.0,185.5,188.0,3649844
2025-11-04 12:00:00+07:00,186.0,186.0,187.0,186.0,187.0,336221
2025-11-04 13:00:00+07:00,186.0,186.0,186.5,186.0,186.5,410100
2025-11-04 14:00:00+07:00,186.0,186.0,186.0,185.0,186.0,2365051
2025-11-04 15:00:00+07:00,185.0,185.0,186.0,185.0,185.5,1955006
2025-11-04 16:00:00+07:00,185.0,185.0,185.5,184.5,185.5,910915
2025-11-05 10:00:00+07:00,183.5,183.5,185.5,183.0,185.0,6521278
2025-11-05 11:00:00+07:00,183.0,183.0,184.0,182.0,184.0,3104770
2025-11-05 12:00:00+07:00,182.5,182.5,183.5,182.5,183.0,645645
2025-11-05 13:00:00+07:00,183.0,183.0,183.0,182.5,182.5,300609
2025-11-05 14:00:00+07:00,182.5,182.5,183.5,182.5,183.0,2355399
2025-11-05 15:00:00+07:00,182.5,182.5,182.5,182.0,182.5,3346254
2025-11-05 16:00:00+07:00,182.0,182.0,182.5,182.0,182.5,1425555
2025-11-06 10:00:00+07:00,182.0,182.0,183.5,182.0,183.5,0
2025-11-06 11:00:00+07:00,182.5,182.5,183.0,181.0,182.5,3585797
2025-11-06 12:00:00+07:00,181.5,181.5,182.5,181.5,182.5,423863
2025-11-06 13:00:00+07:00,182.0,182.0,182.0,181.5,182.0,202941
2025-11-06 14:00:00+07:00,182.5,182.5,182.5,181.5,182.0,1782201
2025-11-06 15:00:00+07:00,183.0,183.0,183.5,182.0,182.5,3086994
2025-11-06 16:00:00+07:00,183.5,183.5,184.0,183.0,183.5,994137
2025-11-07 10:00:00+07:00,182.5,182.5,183.0,182.0,182.0,1285856
2025-11-07 11:00:00+07:00,181.5,181.5,183.0,181.5,182.5,755763
2025-11-07 12:00:00+07:00,181.5,181.5,181.5,181.0,181.5,1016988
2025-11-07 13:00:00+07:00,181.5,181.5,181.5,181.0,181.5,119862
2025-11-07 14:00:00+07:00,181.0,181.0,181.5,180.5,181.5,1710985
2025-11-07 15:00:00+07:00,180.0,180.0,181.5,180.0,181.5,3743785
2025-11-07 16:00:00+07:00,180.0,180.0,180.5,179.5,180.0,1419890
2025-11-10 10:00:00+07:00,181.5,181.5,181.5,180.0,180.5,0
2025-11-10 11:00:00+07:00,181.5,181.5,182.0,180.5,181.5,1199055
2025-11-10 12:00:00+07:00,182.0,182.0,182.0,181.5,181.5,50015
2025-11-10 13:00:00+07:00,182.0,182.0,182.0,182.0,182.0,22504
2025-11-10 14:00:00+07:00,181.5,181.5,182.5,181.0,182.0,2934561
2025-11-10 15:00:00+07:00,182.0,182.0,182.5,181.5,181.5,1623188
2025-11-10 16:00:00+07:00,182.5,182.5,182.5,182.0,182.0,1332427
2025-11-11 10:00:00+07:00,182.5,182.5,183.0,182.0,182.5,1655484
2025-11-11 11:00:00+07:00,183.0,183.0,183.0,182.5,183.0,337434
2025-11-11 12:00:00+07:00,183.0,183.0,183.0,182.5,183.0,104250
2025-11-11 13:00:00+07:00,183.0,183.0,183.0,182.5,182.5,21002
2025-11-11 14:00:00+07:00,182.5,182.5,183.5,182.5,183.0,1811009
2025-11-11 15:00:00+07:00,181.0,181.0,182.5,180.5,182.5,3912606
2025-11-11 16:00:00+07:00,181.0,181.0,181.0,180.0,181.0,2918840
2025-11-12 10:00:00+07:00,182.0,182.0,182.0,180.5,181.0,0
2025-11-12 11:00:00+07:00,181.5,181.5,182.0,181.5,182.0,531873
2025-11-12 12:00:00+07:00,181.5,181.5,182.0,181.5,182.0,235962
2025-11-12 13:00:00+07:00,181.5,181.5,181.5,181.5,181.5,83300
2025-11-12 14:00:00+07:00,181.5,181.5,181.5,181.0,181.5,768772
2025-11-12 15:00:00+07:00,181.5,181.5,181.5,181.0,181.5,562786
2025-11-12 16:00:00+07:00,181.5,181.5,181.5,181.0,181.0,245447
2025-11-13 10:00:00+07:00,182.0,182.0,183.0,181.5,183.0,0
2025-11-13 11:00:00+07:00,183.0,183.0,183.0,182.0,182.0,556708
2025-11-13 12:00:00+07:00,182.0,182.0,183.0,182.0,182.5,199070
2025-11-13 13:00:00+07:00,182.5,182.5,182.5,182.5,182.5,112532
2025-11-13 14:00:00+07:00,182.5,182.5,182.5,182.0,182.5,445090
2025-11-13 15:00:00+07:00,182.5,182.5,182.5,182.0,182.5,180752
2025-11-13 16:00:00+07:00,182.0,182.0,182.5,182.0,182.5,404963
2025-11-14 10:00:00+07:00,182.5,182.5,183.0,181.5,182.0,2361208
2025-11-14 11:00:00+07:00,182.0,182.0,182.5,182.0,182.5,491544
2025-11-14 12:00:00+07:00,182.5,182.5,182.5,181.5,182.5,786374
2025-11-14 13:00:00+07:00,181.5,181.5,182.0,181.5,182.0,139704
2025-11-14 14:00:00+07:00,182.0,182.0,182.0,181.5,181.5,1699928
2025-11-14 15:00:00+07:00,181.5,181.5,182.0,181.5,182.0,865509
2025-11-14 16:00:00+07:00,181.5,181.5,182.0,181.5,182.0,510797
2025-11-17 10:00:00+07:00,182.0,182.0,183.0,181.5,182.5,0
2025-11-17 11:00:00+07:00,183.0,183.0,183.0,181.5,182.0,5136723
2025-11-17 12:00:00+07:00,183.5,183.5,184.0,182.5,182.5,1179634
2025-11-17 13:00:00+07:00,184.0,184.0,184.0,183.5,184.0,391221
2025-11-17 14:00:00+07:00,185.0,185.0,185.0,184.0,184.0,4428050
2025-11-17 15:00:00+07:00,185.0,185.0,185.5,184.5,184.5,1287945
2025-11-17 16:00:00+07:00,185.0,185.0,185.5,185.0,185.5,2035174
2025-11-18 10:00:00+07:00,185.0,185.0,186.0,184.0,184.5,0
2025-11-18 11:00:00+07:00,185.5,185.5,186.0,184.5,185.0,2015470
2025-11-18 12:00:00+07:00,185.5,185.5,186.0,185.5,186.0,378450
2025-11-18 13:00:00+07:00,185.5,185.5,186.0,185.5,185.5,95120
2025-11-18 14:00:00+07:00,186.5,186.5,186.5,185.5,186.0,2121507
2025-11-18 15:00:00+07:00,185.5,185.5,186.5,185.5,186.0,3260909
2025-11-18 16:00:00+07:00,185.5,185.5,186.0,185.5,185.5,498245
2025-11-19 10:00:00+07:00,184.5,184.5,186.5,184.0,186.0,0
2025-11-19 11:00:00+07:00,184.5,184.5,185.0,184.0,184.0,3559706
2025-11-19 12:00:00+07:00,184.5,184.5,185.0,184.5,185.0,122991
2025-11-19 13:00:00+07:00,184.5,184.5,185.0,184.5,185.0,31300
2025-11-19 14:00:00+07:00,185.0,185.0,185.0,184.5,185.0,1705357
2025-11-19 15:00:00+07:00,185.0,185.0,185.5,185.0,185.0,954145
2025-11-19 16:00:00+07:00,184.5,184.5,185.5,184.5,185.5,1328315
2025-11-20 10:00:00+07:00,186.5,186.5,187.0,184.5,185.5,0
2025-11-20 11:00:00+07:00,186.5,186.5,187.0,186.5,186.5,501977
2025-11-20 12:00:00+07:00,186.5,186.5,187.5,186.5,186.5,938899
2025-11-20 13:00:00+07:00,187.0,187.0,187.0,186.5,186.5,735862
2025-11-20 14:00:00+07:00,187.0,187.0,187.0,186.5,186.5,322261
2025-11-20 15:00:00+07:00,187.0,187.0,187.5,186.5,187.0,719788
2025-11-20 16:00:00+07:00,187.0,187.0,187.0,186.5,186.5,407649
2025-11-21 10:00:00+07:00,186.5,186.5,186.5,185.5,186.0,0
2025-11-21 11:00:00+07:00,186.5,186.5,187.0,186.0,186.0,1805615
2025-11-21 12:00:00+07:00,186.5,186.5,187.0,186.5,186.5,321598
2025-11-21 13:00:00+07:00,187.0,187.0,187.0,187.0,187.0,41600
2025-11-21 14:00:00+07:00,186.0,186.0,186.5,186.0,186.5,1230768
2025-11-21 15:00:00+07:00,186.0,186.0,186.5,185.5,186.5,1928626
2025-11-21 16:00:00+07:00,185.5,185.5,186.0,185.5,186.0,1056530
2025-11-24 10:00:00+07:00,187.5,187.5,188.0,186.0,186.5,0
2025-11-24 11:00:00+07:00,187.5,187.5,188.5,187.5,187.5,1027070
2025-11-24 12:00:00+07:00,187.5,187.5,188.0,187.5,187.5,103229
2025-11-24 13:00:00+07:00,188.0,188.0,188.0,187.5,188.0,40900
2025-11-24 14:00:00+07:00,187.5,187.5,188.0,187.5,188.0,180866
2025-11-24 15:00:00+07:00,188.0,188.0,188.5,187.5,187.5,1589564
2025-11-24 16:00:00+07:00,188.0,188.0,188.5,187.5,187.5,1040860
2025-11-25 10:00:00+07:00,187.5,187.5,188.5,187.0,188.0,1671017
2025-11-25 11:00:00+07:00,187.5,187.5,188.0,187.0,187.5,427987
2025-11-25 12:00:00+07:00,188.0,188.0,188.0,187.5,187.5,120830
2025-11-25 13:00:00+07:00,187.5,187.5,188.0,187.5,188.0,38500
2025-11-25 14:00:00+07:00,187.5,187.5,188.5,187.5,188.0,766522
2025-11-25 15:00:00+07:00,188.0,188.0,188.5,188.0,188.0,449933
2025-11-25 16:00:00+07:00,188.5,188.5,188.5,188.0,188.5,424072
2025-11-26 10:00:00+07:00,189.0,189.0,189.0,187.5,188.5,2690530
2025-11-26 11:00:00+07:00,188.5,188.5,189.0,188.0,189.0,470848
2025-11-26 12:00:00+07:00,188.5,188.5,188.5,188.0,188.5,34477
2025-11-26 13:00:00+07:00,188.5,188.5,188.5,188.5,188.5,47100
2025-11-26 14:00:00+07:00,189.0,189.0,189.0,188.0,188.5,422211
2025-11-26 15:00:00+07:00,188.5,188.5,189.0,188.0,188.5,535582
2025-11-26 16:00:00+07:00,188.5,188.5,188.5,188.0,188.5,113691
2025-11-27 10:00:00+07:00,186.5,186.5,187.5,186.5,186.5,0
2025-11-27 11:00:00+07:00,186.5,186.5,187.0,186.5,187.0,139346
2025-11-27 12:00:00+07:00,187.5,187.5,187.5,186.5,187.0,408117
2025-11-27 13:00:00+07:00,187.0,187.0,187.0,187.0,187.0,15140
2025-11-27 14:00:00+07:00,187.0,187.0,187.5,187.0,187.0,330353
2025-11-27 15:00:00+07:00,187.0,187.0,187.5,187.0,187.0,131989
2025-11-27 16:00:00+07:00,186.5,186.5,187.5,186.5,187.5,347840
2025-11-28 10:00:00+07:00,187.0,187.0,188.0,186.0,187.5,0
2025-11-28 11:00:00+07:00,187.0,187.0,187.0,186.5,186.5,572874
2025-11-28 12:00:00+07:00,187.0,187.0,187.0,186.5,187.0,17122
2025-11-28 13:00:00+07:00,186.5,186.5,187.0,186.5,187.0,15800
2025-11-28 14:00:00+07:00,186.5,186.5,187.0,186.5,187.0,1583181
2025-11-28 15:00:00+07:00,186.5,186.5,187.0,186.5,186.5,133669
2025-11-28 16:00:00+07:00,187.0,187.0,187.0,186.5,186.5,532377
2025-12-01 10:00:00+07:00,188.0,188.0,189.0,187.5,188.0,0
2025-12-01 11:00:00+07:00,188.5,188.5,188.5,188.0,188.0,1275041
2025-12-01 12:00:00+07:00,188.0,188.0,188.5,188.0,188.0,729523
2025-12-01 13:00:00+07:00,188.5,188.5,188.5,188.5,188.5,26900
2025-12-01 14:00:00+07:00,188.0,188.0,188.5,187.5,188.0,907600
2025-12-01 15:00:00+07:00,188.5,188.5,189.0,188.0,188.5,1351176
2025-12-01 16:00:00+07:00,188.0,188.0,188.5,188.0,188.5,675915
2025-12-02 10:00:00+07:00,190.5,190.5,191.0,189.5,190.0,0
2025-12-02 11:00:00+07:00,190.5,190.5,191.5,190.5,190.5,1952284
2025-12-02 12:00:00+07:00,191.0,191.0,191.0,190.5,190.5,247356
2025-12-02 13:00:00+07:00,191.0,191.0,191.0,190.5,191.0,47021
2025-12-02 14:00:00+07:00,190.0,190.0,191.0,190.0,191.0,1594805
2025-12-02 15:00:00+07:00,190.0,190.0,190.5,190.0,190.0,637824
2025-12-02 16:00:00+07:00,189.5,189.5,190.5,189.5,190.0,1883929
2025-12-03 10:00:00+07:00,190.0,190.0,191.0,189.0,189.0,0
2025-12-03 11:00:00+07:00,190.5,190.5,191.5,190.5,190.5,1174872
2025-12-03 12:00:00+07:00,190.5,190.5,191.0,190.5,190.5,170826
2025-12-03 13:00:00+07:00,190.5,190.5,191.0,190.5,191.0,65800
2025-12-03 14:00:00+07:00,191.0,191.0,191.0,190.5,190.5,259009
2025-12-03 15:00:00+07:00,191.0,191.0,191.5,190.5,191.0,1399964
2025-12-03 16:00:00+07:00,191.0,191.0,191.5,191.0,191.5,565693
2025-12-04 10:00:00+07:00,191.0,191.0,192.0,190.0,190.5,6301160
2025-12-04 11:00:00+07:00,190.5,190.5,191.5,190.5,191.0,1874473
2025-12-04 12:00:00+07:00,190.5,190.5,191.0,190.5,191.0,268603
2025-12-04 13:00:00+07:00,190.5,190.5,191.0,190.5,191.0,64600
2025-12-04 14:00:00+07:00,191.5,191.5,191.5,190.5,190.5,1327117
2025-12-04 15:00:00+07:00,190.5,190.5,191.5,190.5,191.5,718997
2025-12-04 16:00:00+07:00,190.5,190.5,191.0,190.5,190.5,413553
2025-12-08 10:00:00+07:00,190.0,190.0,194.0,189.0,193.0,0
2025-12-08 11:00:00+07:00,190.5,190.5,190.5,189.5,190.0,1479416
2025-12-08 12:00:00+07:00,189.5,189.5,190.5,189.5,190.5,380714
2025-12-08 13:00:00+07:00,190.0,190.0,190.0,189.5,190.0,66700
2025-12-08 14:00:00+07:00,190.5,190.5,191.0,190.0,190.0,1399896
2025-12-08 15:00:00+07:00,190.5,190.5,190.5,189.5,190.0,2665972
2025-12-08 16:00:00+07:00,191.0,191.0,191.0,190.5,190.5,1422401
2025-12-09 10:00:00+07:00,191.5,191.5,192.0,190.0,190.5,2221394
2025-12-09 11:00:00+07:00,191.0,191.0,191.5,190.0,191.5,1463926
2025-12-09 12:00:00+07:00,191.0,191.0,191.0,190.5,191.0,148701
2025-12-09 13:00:00+07:00,190.5,190.5,191.0,190.5,190.5,490600
2025-12-09 14:00:00+07:00,191.0,191.0,191.5,190.5,190.5,1710128
2025-12-09 15:00:00+07:00,191.5,191.5,191.5,191.0,191.0,1195956
2025-12-09 16:00:00+07:00,192.0,192.0,192.0,191.0,191.0,1213939
2025-12-11 10:00:00+07:00,192.0,192.0,193.0,191.5,192.5,0
2025-12-11 11:00:00+07:00,192.0,192.0,192.0,191.5,192.0,1837398
2025-12-11 12:00:00+07:00,191.5,191.5,192.0,191.5,192.0,297813
2025-12-11 13:00:00+07:00,191.5,191.5,191.5,191.5,191.5,45800
2025-12-11 14:00:00+07:00,191.5,191.5,192.0,191.5,191.5,1359139
2025-12-11 15:00:00+07:00,191.5,191.5,192.0,191.0,191.5,3017658
2025-12-11 16:00:00+07:00,191.5,191.5,192.0,191.5,192.0,653260
2025-12-12 10:00:00+07:00,192.0,192.0,193.0,190.0,191.5,0
2025-12-12 11:00:00+07:00,193.0,193.0,193.0,192.0,192.0,635148
2025-12-12 12:00:00+07:00,192.5,192.5,193.0,192.5,192.5,33002
2025-12-12 13:00:00+07:00,192.0,192.0,192.5,192.0,192.5,181600
2025-12-12 14:00:00+07:00,191.5,191.5,192.5,191.5,192.5,1605049
2025-12-12 15:00:00+07:00,192.0,192.0,192.0,191.5,192.0,277224
2025-12-12 16:00:00+07:00,191.5,191.5,192.0,191.5,192.0,514079
2025-12-15 10:00:00+07:00,191.0,191.0,192.0,190.5,191.5,0
2025-12-15 11:00:00+07:00,191.0,191.0,191.5,190.5,191.0,579781
2025-12-15 12:00:00+07:00,191.5,191.5,191.5,191.0,191.0,1941342
2025-12-15 13:00:00+07:00,191.0,191.0,191.5,191.0,191.0,76302
2025-12-15 14:00:00+07:00,191.5,191.5,191.5,191.0,191.0,531068
2025-12-15 15:00:00+07:00,191.5,191.5,191.5,191.0,191.5,1875308
2025-12-15 16:00:00+07:00,191.0,191.0,191.5,191.0,191.0,1503692
2025-12-16 10:00:00+07:00,190.5,190.5,191.5,190.5,191.0,0
2025-12-16 11:00:00+07:00,190.5,190.5,191.0,190.5,191.0,1911884
2025-12-16 12:00:00+07:00,191.0,191.0,191.0,190.5,191.0,869408
2025-12-16 13:00:00+07:00,190.5,190.5,191.0,190.5,190.5,67507
2025-12-16 14:00:00+07:00,191.0,191.0,191.0,190.5,190.5,474333
2025-12-16 15:00:00+07:00,190.5,190.5,191.0,190.5,190.5,1027259
2025-12-16 16:00:00+07:00,191.0,191.0,191.0,190.5,190.5,1716432
2025-12-17 10:00:00+07:00,191.5,191.5,192.0,191.0,191.5,0
2025-12-17 11:00:00+07:00,190.5,190.5,191.5,190.5,191.5,665419
2025-12-17 12:00:00+07:00,191.0,191.0,191.0,190.5,191.0,132352
2025-12-17 13:00:00+07:00,190.5,190.5,191.0,190.5,190.5,222600
2025-12-17 14:00:00+07:00,190.5,190.5,191.0,190.5,191.0,2094061
2025-12-17 15:00:00+07:00,190.5,190.5,191.0,190.5,191.0,219228
2025-12-17 16:00:00+07:00,190.5,190.5,191.0,190.5,191.0,1560530
2025-12-18 10:00:00+07:00,192.0,192.0,193.0,192.0,192.5,0
2025-12-18 11:00:00+07:00,194.0,194.0,194.0,190.5,192.0,2441707
2025-12-18 12:00:00+07:00,194.0,194.0,194.5,193.5,193.5,1291622
2025-12-18 13:00:00+07:00,195.0,195.0,195.0,194.0,194.0,827000
2025-12-18 14:00:00+07:00,195.5,195.5,196.5,194.5,195.0,3169419
2025-12-18 15:00:00+07:00,196.5,196.5,196.5,195.5,195.5,601835
2025-12-18 16:00:00+07:00,197.0,197.0,197.0,196.0,196.0,1696008
2025-12-19 10:00:00+07:00,195.0,195.0,196.5,194.5,196.5,0
2025-12-19 11:00:00+07:00,195.0,195.0,196.0,194.5,195.0,625214
2025-12-19 12:00:00+07:00,195.5,195.5,195.5,195.0,195.0,143975
2025-12-19 13:00:00+07:00,195.0,195.0,195.5,195.0,195.5,415512
2025-12-19 14:00:00+07:00,194.5,194.5,195.5,194.5,195.0,613164
2025-12-19 15:00:00+07:00,194.5,194.5,195.0,194.0,195.0,729407
2025-12-19 16:00:00+07:00,195.0,195.0,195.5,194.0,194.5,418573
2025-12-22 10:00:00+07:00,192.0,192.0,195.5,191.5,194.5,0
2025-12-22 11:00:00+07:00,192.5,192.5,193.0,192.0,192.0,806529
2025-12-22 12:00:00+07:00,191.5,191.5,192.5,191.5,192.5,685971
2025-12-22 13:00:00+07:00,191.5,191.5,192.0,191.5,192.0,21950
2025-12-22 14:00:00+07:00,191.5,191.5,192.0,191.0,192.0,1508971
2025-12-22 15:00:00+07:00,191.5,191.5,192.0,191.0,191.5,1246141
2025-12-22 16:00:00+07:00,192.0,192.0,192.0,191.0,191.5,703961
2025-12-23 10:00:00+07:00,193.0,193.0,194.0,192.0,193.0,1863163
2025-12-23 11:00:00+07:00,192.5,192.5,193.5,192.5,193.0,1035331
2025-12-23 12:00:00+07:00,192.5,192.5,193.0,192.5,192.5,24454
2025-12-23 13:00:00+07:00,192.5,192.5,193.0,192.5,192.5,12602
2025-12-23 14:00:00+07:00,193.0,193.0,193.5,192.0,193.0,792522
2025-12-23 15:00:00+07:00,192.5,192.5,193.5,192.5,193.0,188379
2025-12-23 16:00:00+07:00,192.5,192.5,193.0,192.0,192.5,556203
2025-12-24 10:00:00+07:00,192.0,192.0,193.0,192.0,193.0,0
2025-12-24 11:00:00+07:00,192.5,192.5,192.5,191.0,192.5,1280697
2025-12-24 12:00:00+07:00,192.5,192.5,193.0,192.0,192.0,427127
2025-12-24 13:00:00+07:00,192.5,192.5,192.5,192.5,192.5,24000
2025-12-24 14:00:00+07:00,192.0,192.0,193.0,192.0,192.5,161218
2025-12-24 15:00:00+07:00,192.0,192.0,192.5,192.0,192.0,155393
2025-12-24 16:00:00+07:00,192.5,192.5,192.5,192.0,192.0,439166
2025-12-25 10:00:00+07:00,192.5,192.5,193.0,192.5,192.5,0
2025-12-25 11:00:00+07:00,193.0,193.0,193.5,192.5,192.5,429953
2025-12-25 12:00:00+07:00,193.0,193.0,193.0,192.5,193.0,19508
2025-12-25 13:00:00+07:00,193.0,193.0,193.0,193.0,193.0,8609
2025-12-25 14:00:00+07:00,193.5,193.5,193.5,192.0,193.0,751256
2025-12-25 15:00:00+07:00,193.5,193.5,193.5,193.0,193.0,80279
2025-12-25 16:00:00+07:00,193.5,193.5,193.5,193.0,193.0,349821
2025-12-26 10:00:00+07:00,193.5,193.5,194.0,192.5,193.5,0
2025-12-26 11:00:00+07:00,194.0,194.0,194.0,193.0,193.5,599327
2025-12-26 12:00:00+07:00,193.5,193.5,194.0,193.5,193.5,6335
2025-12-26 13:00:00+07:00,193.5,193.5,193.5,193.5,193.5,15000
2025-12-26 14:00:00+07:00,193.5,193.5,194.5,193.5,194.0,922654
2025-12-26 15:00:00+07:00,194.0,194.0,194.0,193.5,194.0,271021
2025-12-26 16:00:00+07:00,193.5,193.5,194.0,193.5,194.0,96986
2025-12-29 10:00:00+07:00,193.0,193.0,194.0,192.5,193.5,0
2025-12-29 11:00:00+07:00,193.0,193.0,193.5,193.0,193.0,178235
2025-12-29 12:00:00+07:00,193.5,193.5,193.5,193.0,193.5,14329
2025-12-29 13:00:00+07:00,193.0,193.0,193.5,193.0,193.0,29754
2025-12-29 14:00:00+07:00,193.5,193.5,194.0,193.0,193.0,531143
2025-12-29 15:00:00+07:00,193.5,193.5,194.0,193.0,194.0,1624274
2025-12-29 16:00:00+07:00,193.5,193.5,194.0,193.0,193.5,1203909
2025-12-30 10:00:00+07:00,195.0,195.0,195.5,193.5,193.5,2624016
2025-12-30 11:00:00+07:00,194.5,194.5,195.0,194.0,194.5,1241535
2025-12-30 12:00:00+07:00,194.5,194.5,194.5,194.0,194.5,138034
2025-12-30 13:00:00+07:00,193.5,193.5,194.5,193.5,194.0,727691
2025-12-30 14:00:00+07:00,194.5,194.5,195.0,193.5,194.0,855731
2025-12-30 15:00:00+07:00,195.0,195.0,195.5,194.5,194.5,582051
2025-12-30 16:00:00+07:00,195.0,195.0,195.5,194.5,195.0,633447
2026-01-05 10:00:00+07:00,195.5,195.5,196.5,195.0,195.5,0
2026-01-05 11:00:00+07:00,196.0,196.0,197.5,195.5,195.5,2021475
2026-01-05 12:00:00+07:00,197.0,197.0,198.0,196.0,196.0,1409211
2026-01-05 13:00:00+07:00,196.5,196.5,197.0,196.0,197.0,149106
2026-01-05 14:00:00+07:00,196.5,196.5,197.0,196.0,196.5,896873
2026-01-05 15:00:00+07:00,194.5,194.5,196.5,194.5,196.0,1411252
2026-01-05 16:00:00+07:00,195.0,195.0,195.5,194.5,194.5,654898
2026-01-06 10:00:00+07:00,193.0,193.0,194.0,192.0,193.5,3267931
2026-01-06 11:00:00+07:00,193.5,193.5,193.5,193.0,193.5,239193
2026-01-06 12:00:00+07:00,193.5,193.5,193.5,193.0,193.5,273936
2026-01-06 13:00:00+07:00,194.0,194.0,194.0,193.5,193.5,63710
2026-01-06 14:00:00+07:00,193.5,193.5,194.0,193.0,194.0,852539
2026-01-06 15:00:00+07:00,193.5,193.5,194.0,193.0,193.5,616690
2026-01-06 16:00:00+07:00,194.0,194.0,194.5,193.0,193.5,1113754
2026-01-07 10:00:00+07:00,192.5,192.5,195.0,192.5,195.0,0
2026-01-07 11:00:00+07:00,192.0,192.0,193.0,192.0,192.5,1720163
2026-01-07 12:00:00+07:00,192.5,192.5,192.5,192.0,192.0,407223
2026-01-07 13:00:00+07:00,192.0,192.0,192.5,191.5,192.0,719138
2026-01-07 14:00:00+07:00,192.0,192.0,192.5,191.5,191.5,1539553
2026-01-07 15:00:00+07:00,192.0,192.0,192.5,191.5,192.0,775709
2026-01-07 16:00:00+07:00,191.5,191.5,192.0,191.5,191.5,540923
2026-01-08 10:00:00+07:00,194.0,194.0,194.5,192.5,193.0,2008087
2026-01-08 11:00:00+07:00,195.5,195.5,195.5,194.0,194.0,2278445
2026-01-08 12:00:00+07:00,195.5,195.5,196.0,195.0,195.5,1108885
2026-01-08 13:00:00+07:00,195.5,195.5,195.5,195.5,195.5,96558
2026-01-08 14:00:00+07:00,195.5,195.5,196.0,195.0,195.5,1636322
2026-01-08 15:00:00+07:00,195.0,195.0,195.5,195.0,195.5,655471
2026-01-08 16:00:00+07:00,194.0,194.0,195.5,194.0,195.0,1412683
2026-01-09 10:00:00+07:00,194.0,194.0,197.0,193.5,196.5,0
2026-01-09 11:00:00+07:00,193.0,193.0,194.0,192.5,193.5,1699935
2026-01-09 12:00:00+07:00,193.0,193.0,193.0,192.5,193.0,164127
2026-01-09 13:00:00+07:00,192.0,192.0,193.0,192.0,192.5,983200
2026-01-09 14:00:00+07:00,192.5,192.5,192.5,191.5,192.0,2552426
2026-01-09 15:00:00+07:00,191.5,191.5,192.5,191.5,192.5,3646042
2026-01-09 16:00:00+07:00,192.0,192.0,192.5,191.5,191.5,1268470
2026-01-12 10:00:00+07:00,190.5,190.5,192.0,190.0,191.5,3289093
2026-01-12 11:00:00+07:00,191.0,191.0,192.0,190.5,190.5,1093770
2026-01-12 12:00:00+07:00,192.5,192.5,192.5,191.0,191.5,1014856
2026-01-12 13:00:00+07:00,192.0,192.0,192.5,192.0,192.0,49175
2026-01-12 14:00:00+07:00,192.0,192.0,192.5,191.5,192.0,1370514
2026-01-12 15:00:00+07:00,192.0,192.0,192.5,191.5,192.0,1007422
2026-01-12 16:00:00+07:00,192.0,192.0,192.5,192.0,192.0,563804
2026-01-13 10:00:00+07:00,191.0,191.0,192.0,191.0,191.0,0
2026-01-13 11:00:00+07:00,192.0,192.0,192.0,191.0,191.5,1139713
2026-01-13 12:00:00+07:00,191.5,191.5,191.5,191.0,191.5,537329
2026-01-13 14:00:00+07:00,191.0,191.0,191.5,191.0,191.5,1983677
2026-01-13 15:00:00+07:00,192.0,192.0,192.0,191.0,191.5,1781613
2026-01-13 16:00:00+07:00,192.0,192.0,192.0,191.5,191.5,1164273
2026-01-14 10:00:00+07:00,190.5,190.5,191.0,188.5,190.5,0
2026-01-14 11:00:00+07:00,191.5,191.5,192.0,190.5,190.5,1597393
2026-01-14 12:00:00+07:00,191.5,191.5,192.0,191.5,191.5,1044909
2026-01-14 13:00:00+07:00,191.5,191.5,192.0,191.5,192.0,120900
2026-01-14 14:00:00+07:00,191.5,191.5,192.0,191.5,191.5,251661
2026-01-14 15:00:00+07:00,192.5,192.5,192.5,191.5,191.5,1625853
2026-01-14 16:00:00+07:00,192.0,192.0,192.5,191.5,192.0,797078
2026-01-15 10:00:00+07:00,192.5,192.5,193.5,192.0,193.0,0
2026-01-15 11:00:00+07:00,192.5,192.5,193.0,192.5,192.5,668250
2026-01-15 12:00:00+07:00,192.5,192.5,193.0,192.0,192.5,271110
2026-01-15 13:00:00+07:00,192.5,192.5,192.5,192.0,192.0,50253
2026-01-15 14:00:00+07:00,192.5,192.5,192.5,192.0,192.5,490122
2026-01-15 15:00:00+07:00,192.0,192.0,192.5,191.5,192.5,917014
2026-01-15 16:00:00+07:00,192.0,192.0,192.0,191.5,192.0,558171
2026-01-16 10:00:00+07:00,192.0,192.0,192.5,191.5,192.0,0
2026-01-16 11:00:00+07:00,192.5,192.5,193.5,191.5,191.5,3221917
2026-01-16 12:00:00+07:00,193.0,193.0,193.0,192.5,193.0,382354
2026-01-16 13:00:00+07:00,192.0,192.0,192.5,192.0,192.5,306447
2026-01-16 14:00:00+07:00,192.5,192.5,193.0,192.0,192.0,1076775
2026-01-16 15:00:00+07:00,193.0,193.0,193.0,192.0,192.5,1922224
2026-01-16 16:00:00+07:00,193.5,193.5,194.0,192.5,193.0,1652588
2026-01-19 10:00:00+07:00,193.0,193.0,194.0,192.5,194.0,1391779
2026-01-19 11:00:00+07:00,192.5,192.5,193.0,192.0,193.0,664047
2026-01-19 12:00:00+07:00,192.5,192.5,194.0,192.5,193.0,441824
2026-01-19 13:00:00+07:00,192.5,192.5,192.5,192.0,192.0,31221
2026-01-19 14:00:00+07:00,192.5,192.5,192.5,192.0,192.0,621977
2026-01-19 15:00:00+07:00,191.5,191.5,192.5,191.5,192.0,2117496
2026-01-19 16:00:00+07:00,191.5,191.5,192.0,191.5,192.0,1491994
2026-01-20 10:00:00+07:00,193.0,193.0,193.5,192.0,192.5,0
2026-01-20 11:00:00+07:00,192.5,192.5,193.0,192.5,193.0,769581
2026-01-20 12:00:00+07:00,193.0,193.0,193.5,192.5,192.5,372903
2026-01-20 13:00:00+07:00,193.5,193.5,193.5,193.0,193.0,82410
2026-01-20 14:00:00+07:00,192.5,192.5,193.5,192.5,193.0,1120753
2026-01-20 15:00:00+07:00,192.5,192.5,193.0,192.5,193.0,308874
2026-01-20 16:00:00+07:00,192.5,192.5,193.0,192.0,193.0,1083562
2026-01-21 10:00:00+07:00,191.0,191.0,192.0,191.0,191.5,14483695
2026-01-21 11:00:00+07:00,190.5,190.5,191.5,190.5,191.0,2127029
2026-01-21 12:00:00+07:00,190.5,190.5,191.0,190.5,190.5,1007352
2026-01-21 13:00:00+07:00,191.0,191.0,191.0,190.5,190.5,138145
2026-01-21 14:00:00+07:00,190.5,190.5,191.5,190.5,190.5,3279054
2026-01-21 15:00:00+07:00,189.5,189.5,191.0,189.0,191.0,6764608
2026-01-21 16:00:00+07:00,189.5,189.5,189.5,189.0,189.0,2718976
2026-01-22 10:00:00+07:00,189.5,189.5,190.5,188.5,189.5,0
2026-01-22 11:00:00+07:00,189.0,189.0,189.5,188.5,189.5,4084534
2026-01-22 12:00:00+07:00,189.0,189.0,189.0,188.5,189.0,218473
2026-01-22 13:00:00+07:00,189.0,189.0,189.0,188.5,189.0,373200
2026-01-22 14:00:00+07:00,188.5,188.5,189.5,188.5,189.0,3514340
2026-01-22 15:00:00+07:00,188.5,188.5,189.0,188.5,188.5,539525
2026-01-22 16:00:00+07:00,188.5,188.5,189.0,188.5,189.0,1112184
2026-01-23 10:00:00+07:00,190.0,190.0,190.5,189.0,189.0,0
2026-01-23 11:00:00+07:00,191.0,191.0,191.0,190.0,190.5,2479599
2026-01-23 12:00:00+07:00,190.5,190.5,191.0,190.5,190.5,63061
2026-01-23 13:00:00+07:00,190.5,190.5,190.5,190.5,190.5,690400
2026-01-23 14:00:00+07:00,190.0,190.0,191.0,190.0,190.5,923210
2026-01-23 15:00:00+07:00,190.0,190.0,190.5,190.0,190.0,1366744
2026-01-23 16:00:00+07:00,190.0,190.0,190.5,190.0,190.0,887652
2026-01-26 10:00:00+07:00,190.5,190.5,191.0,190.0,190.0,0
2026-01-26 11:00:00+07:00,190.5,190.5,191.0,190.0,190.5,542939
2026-01-26 12:00:00+07:00,190.0,190.0,190.5,190.0,190.0,1391886
2026-01-26 13:00:00+07:00,190.5,190.5,190.5,190.0,190.0,75200
2026-01-26 14:00:00+07:00,190.0,190.0,190.5,190.0,190.0,2829333
2026-01-26 15:00:00+07:00,190.0,190.0,190.5,189.5,190.0,2179087
2026-01-26 16:00:00+07:00,189.5,189.5,190.0,189.5,189.5,405892
2026-01-27 10:00:00+07:00,190.5,190.5,191.5,190.5,191.5,5009405
2026-01-27 11:00:00+07:00,190.5,190.5,191.0,190.5,191.0,1133634
2026-01-27 12:00:00+07:00,190.5,190.5,191.0,190.5,191.0,434125
2026-01-27 13:00:00+07:00,191.0,191.0,191.0,190.5,191.0,180700
2026-01-27 14:00:00+07:00,190.5,190.5,191.0,190.5,190.5,1935373
2026-01-27 15:00:00+07:00,191.5,191.5,192.0,190.5,191.0,2504748
2026-01-27 16:00:00+07:00,191.0,191.0,191.5,191.0,191.0,1027138
2026-01-28 10:00:00+07:00,191.0,191.0,192.0,191.0,191.5,0
2026-01-28 11:00:00+07:00,190.5,190.5,191.5,189.5,191.5,2959192
2026-01-28 12:00:00+07:00,190.5,190.5,190.5,190.0,190.0,407391
2026-01-28 13:00:00+07:00,190.0,190.0,190.5,190.0,190.0,43752
2026-01-28 14:00:00+07:00,190.5,190.5,191.0,190.0,190.0,1617694
2026-01-28 15:00:00+07:00,191.0,191.0,191.0,190.5,190.5,475579
2026-01-28 16:00:00+07:00,190.5,190.5,191.0,190.5,190.5,366067
2026-01-29 10:00:00+07:00,190.5,190.5,191.5,190.0,191.5,0
2026-01-29 11:00:00+07:00,190.5,190.5,190.5,190.0,190.5,1099669
2026-01-29 12:00:00+07:00,190.0,190.0,190.5,190.0,190.5,1257459
2026-01-29 13:00:00+07:00,189.5,189.5,190.0,189.5,190.0,1922415
2026-01-29 14:00:00+07:00,187.5,187.5,189.5,187.5,189.5,7252127
2026-01-29 15:00:00+07:00,187.5,187.5,188.0,187.5,188.0,2508269
2026-01-29 16:00:00+07:00,187.5,187.5,188.0,187.0,187.5,3422345
2026-01-30 10:00:00+07:00,189.0,189.0,190.0,189.0,189.5,864879
2026-01-30 11:00:00+07:00,189.0,189.0,190.0,189.0,189.5,1242764
2026-01-30 12:00:00+07:00,189.0,189.0,189.5,189.0,189.5,230511
2026-01-30 13:00:00+07:00,189.5,189.5,189.5,189.0,189.0,221722
2026-01-30 14:00:00+07:00,188.5,188.5,189.5,188.5,189.0,764158
2026-01-30 15:00:00+07:00,189.5,189.5,189.5,188.5,188.5,1472295
2026-01-30 16:00:00+07:00,189.0,189.0,189.5,189.0,189.0,1587886
2026-02-03 10:00:00+07:00,188.0,188.0,189.0,188.0,188.5,1913873
2026-02-03 11:00:00+07:00,188.0,188.0,189.0,188.0,188.5,1582682
2026-02-03 12:00:00+07:00,188.5,188.5,188.5,188.0,188.0,82354
2026-02-03 13:00:00+07:00,188.0,188.0,188.5,188.0,188.0,90600
2026-02-03 14:00:00+07:00,187.5,187.5,188.5,187.5,188.0,902695
2026-02-03 15:00:00+07:00,187.5,187.5,188.0,187.5,188.0,1513416
2026-02-03 16:00:00+07:00,187.0,187.0,188.0,187.0,187.5,1955449
2026-02-04 10:00:00+07:00,190.5,190.5,192.0,188.0,188.5,1662699
2026-02-04 11:00:00+07:00,190.5,190.5,192.5,190.0,190.5,6079156
2026-02-04 12:00:00+07:00,191.0,191.0,191.0,190.0,190.5,757771
2026-02-04 13:00:00+07:00,191.0,191.0,191.0,190.5,190.5,149906
2026-02-04 14:00:00+07:00,189.5,189.5,191.0,189.5,190.5,1892762
2026-02-04 15:00:00+07:00,190.0,190.0,190.5,189.5,190.0,3187343
2026-02-04 16:00:00+07:00,190.0,190.0,190.0,189.5,190.0,388381
2026-02-05 10:00:00+07:00,189.5,189.5,190.5,189.0,189.5,5228521
2026-02-05 11:00:00+07:00,190.0,190.0,190.0,189.0,189.5,854254
2026-02-05 12:00:00+07:00,190.0,190.0,190.0,189.5,190.0,648399
2026-02-05 13:00:00+07:00,190.0,190.0,190.0,189.5,189.5,110663
2026-02-05 14:00:00+07:00,190.0,190.0,190.0,189.5,190.0,399745
2026-02-05 15:00:00+07:00,189.5,189.5,190.0,189.0,190.0,2227630
2026-02-05 16:00:00+07:00,189.5,189.5,190.0,189.5,189.5,950311
2026-02-06 10:00:00+07:00,189.0,189.0,190.0,188.5,189.5,0
2026-02-06 11:00:00+07:00,188.5,188.5,189.0,188.5,189.0,515693
2026-02-06 12:00:00+07:00,187.5,187.5,189.0,187.5,189.0,4189405
2026-02-06 13:00:00+07:00,188.0,188.0,188.0,188.0,188.0,762800
2026-02-06 14:00:00+07:00,188.0,188.0,188.0,187.5,188.0,2885088
2026-02-06 15:00:00+07:00,187.0,187.0,188.0,187.0,187.5,2527269
2026-02-06 16:00:00+07:00,187.5,187.5,187.5,187.0,187.5,1485149
2026-02-09 10:00:00+07:00,190.5,190.5,190.5,189.0,190.0,0
2026-02-09 11:00:00+07:00,191.5,191.5,191.5,190.0,190.5,4951714
2026-02-09 12:00:00+07:00,192.5,192.5,192.5,191.0,191.0,3970046
2026-02-09 13:00:00+07:00,192.5,192.5,192.5,192.0,192.5,706405
2026-02-09 14:00:00+07:00,193.0,193.0,193.0,192.0,192.5,3304052
2026-02-09 15:00:00+07:00,193.0,193.0,194.0,192.5,193.0,4390736
2026-02-09 16:00:00+07:00,194.0,194.0,194.0,193.0,193.5,1014371
2026-02-10 10:00:00+07:00,196.0,196.0,196.0,192.5,193.5,0
2026-02-10 11:00:00+07:00,196.0,196.0,196.5,194.5,195.5,3838998
2026-02-10 12:00:00+07:00,195.5,195.5,196.0,195.5,195.5,0
2026-02-10 13:00:00+07:00,195.5,195.5,195.5,195.0,195.5,18322708
2026-02-10 14:00:00+07:00,193.5,193.5,195.5,193.5,195.5,3872027
2026-02-10 15:00:00+07:00,194.0,194.0,194.5,193.5,193.5,3987270
2026-02-10 16:00:00+07:00,194.5,194.5,194.5,193.5,193.5,2235950
2026-02-11 10:00:00+07:00,193.0,193.0,194.0,192.5,192.5,0
2026-02-11 11:00:00+07:00,193.5,193.5,193.5,193.0,193.0,428495
2026-02-11 12:00:00+07:00,193.0,193.0,193.5,192.5,193.0,2360749
2026-02-11 13:00:00+07:00,192.5,192.5,192.5,192.0,192.5,1593382
2026-02-11 14:00:00+07:00,193.0,193.0,193.0,192.0,192.0,2220698
2026-02-11 15:00:00+07:00,193.5,193.5,193.5,192.5,192.5,2294228
2026-02-11 16:00:00+07:00,193.0,193.0,193.5,193.0,193.0,406671
2026-02-12 10:00:00+07:00,196.0,196.0,196.5,193.5,194.0,8137667
2026-02-12 11:00:00+07:00,195.5,195.5,197.0,195.0,196.0,2166222
2026-02-12 12:00:00+07:00,195.5,195.5,195.5,195.0,195.0,238114
2026-02-12 13:00:00+07:00,195.5,195.5,195.5,195.0,195.5,218613
2026-02-12 14:00:00+07:00,197.0,197.0,197.5,193.0,195.5,8230932
2026-02-12 15:00:00+07:00,197.0,197.0,197.5,196.5,197.0,2641816
2026-02-12 16:00:00+07:00,197.5,197.5,197.5,196.5,197.0,1233187
2026-02-13 10:00:00+07:00,196.5,196.5,199.0,196.5,198.0,0
2026-02-13 11:00:00+07:00,196.5,196.5,197.5,196.5,196.5,3008403
2026-02-13 12:00:00+07:00,196.5,196.5,197.5,196.5,196.5,2148658
2026-02-13 13:00:00+07:00,197.0,197.0,197.0,196.5,197.0,165321
2026-02-13 14:00:00+07:00,196.5,196.5,197.0,196.5,197.0,1819371
2026-02-13 15:00:00+07:00,196.5,196.5,197.0,196.5,197.0,1554388
2026-02-13 16:00:00+07:00,196.0,196.0,197.0,195.5,197.0,4454412
2026-02-16 10:00:00+07:00,198.5,198.5,201.0,197.5,198.0,0
2026-02-16 11:00:00+07:00,199.0,199.0,199.0,197.5,198.5,1754490
2026-02-16 12:00:00+07:00,199.0,199.0,199.5,198.5,199.0,2056980
2026-02-16 13:00:00+07:00,199.0,199.0,199.0,198.5,199.0,604302
2026-02-16 14:00:00+07:00,199.5,199.5,201.0,199.0,199.0,5647514
2026-02-16 15:00:00+07:00,199.5,199.5,199.5,199.0,199.0,1045888
2026-02-16 16:00:00+07:00,199.5,199.5,200.0,199.0,199.5,1741734
2026-02-17 10:00:00+07:00,205.0,205.0,208.0,199.5,199.5,13839561
2026-02-17 11:00:00+07:00,205.0,205.0,206.0,203.0,204.0,3040581
2026-02-17 12:00:00+07:00,206.0,206.0,206.0,204.0,205.0,986702
2026-02-17 13:00:00+07:00,206.0,206.0,206.0,205.0,206.0,234575
2026-02-17 14:00:00+07:00,206.0,206.0,206.0,204.0,206.0,3054858
2026-02-17 15:00:00+07:00,206.0,206.0,206.0,205.0,206.0,1061552
2026-02-17 16:00:00+07:00,206.0,206.0,206.0,205.0,206.0,1888179
2026-02-18 10:00:00+07:00,205.0,205.0,207.0,204.0,205.0,0
2026-02-18 11:00:00+07:00,205.0,205.0,206.0,204.0,205.0,2450533
2026-02-18 12:00:00+07:00,206.0,206.0,206.0,205.0,206.0,790069
2026-02-18 13:00:00+07:00,205.0,205.0,206.0,205.0,206.0,66502
2026-02-18 14:00:00+07:00,205.0,205.0,206.0,205.0,206.0,582714
2026-02-18 15:00:00+07:00,205.0,205.0,206.0,205.0,205.0,1235184
2026-02-18 16:00:00+07:00,207.0,207.0,208.0,205.0,205.0,7955034
2026-02-19 10:00:00+07:00,206.0,206.0,208.0,205.0,206.0,0
2026-02-19 11:00:00+07:00,207.0,207.0,207.0,206.0,207.0,577699
2026-02-19 12:00:00+07:00,205.0,205.0,207.0,205.0,207.0,1485511
2026-02-19 13:00:00+07:00,206.0,206.0,206.0,205.0,205.0,1422941
2026-02-19 14:00:00+07:00,206.0,206.0,207.0,205.0,205.0,7212508
2026-02-19 15:00:00+07:00,205.0,205.0,207.0,205.0,206.0,2687453
2026-02-19 16:00:00+07:00,206.0,206.0,206.0,204.0,206.0,3174616
2026-02-20 10:00:00+07:00,203.0,203.0,206.0,202.0,204.0,9623854
2026-02-20 11:00:00+07:00,204.0,204.0,205.0,203.0,203.0,2775380
2026-02-20 12:00:00+07:00,204.0,204.0,205.0,204.0,204.0,850174
2026-02-20 13:00:00+07:00,203.0,203.0,204.0,203.0,204.0,1471054
2026-02-20 14:00:00+07:00,205.0,205.0,206.0,203.0,203.0,4534544
2026-02-20 15:00:00+07:00,206.0,206.0,206.0,204.0,205.0,4613595
2026-02-20 16:00:00+07:00,206.0,206.0,206.0,205.0,206.0,2005642
2026-02-23 10:00:00+07:00,204.0,204.0,206.0,203.0,205.0,0
2026-02-23 11:00:00+07:00,203.0,203.0,204.0,203.0,204.0,428999
2026-02-23 12:00:00+07:00,204.0,204.0,205.0,203.0,203.0,983349
2026-02-23 13:00:00+07:00,202.0,202.0,203.0,202.0,203.0,2135142
2026-02-23 14:00:00+07:00,203.0,203.0,203.0,201.0,202.0,5027440
2026-02-23 15:00:00+07:00,200.0,200.0,203.0,199.5,202.0,4862816
2026-02-23 16:00:00+07:00,201.0,201.0,201.0,200.0,200.0,991694
2026-02-24 10:00:00+07:00,198.5,198.5,202.0,198.0,201.0,0
2026-02-24 11:00:00+07:00,198.5,198.5,199.0,198.0,198.5,2586718
2026-02-24 12:00:00+07:00,199.0,199.0,199.5,198.0,198.5,2331938
2026-02-24 13:00:00+07:00,199.5,199.5,200.0,198.5,199.0,1457235
2026-02-24 14:00:00+07:00,201.0,201.0,201.0,199.5,200.0,3495243
2026-02-24 15:00:00+07:00,201.0,201.0,201.0,200.0,201.0,943095
2026-02-24 16:00:00+07:00,200.0,200.0,201.0,200.0,200.0,1244316
2026-02-25 10:00:00+07:00,199.0,199.0,201.0,198.5,201.0,0
2026-02-25 11:00:00+07:00,199.0,199.0,199.5,198.5,199.0,2575554
2026-02-25 12:00:00+07:00,198.5,198.5,199.0,198.5,199.0,714186
2026-02-25 13:00:00+07:00,199.5,199.5,199.5,198.5,199.0,847329
2026-02-25 14:00:00+07:00,195.5,195.5,199.5,195.0,199.5,17975889
2026-02-25 15:00:00+07:00,196.0,196.0,196.5,194.5,195.5,8652283
2026-02-25 16:00:00+07:00,196.5,196.5,196.5,195.5,196.0,1446179
2026-02-26 10:00:00+07:00,199.0,199.0,200.0,197.0,198.0,0
2026-02-26 11:00:00+07:00,199.0,199.0,199.5,198.0,199.5,2651204
2026-02-26 12:00:00+07:00,199.0,199.0,199.0,198.5,199.0,461363
2026-02-26 13:00:00+07:00,198.0,198.0,198.5,198.0,198.5,1462848
2026-02-26 14:00:00+07:00,197.5,197.5,199.0,197.5,198.0,4101530
2026-02-26 15:00:00+07:00,198.0,198.0,198.5,197.5,198.0,1719324
2026-02-26 16:00:00+07:00,198.5,198.5,198.5,197.5,198.0,1386198
2026-02-27 10:00:00+07:00,201.0,201.0,203.0,199.5,203.0,0
2026-02-27 11:00:00+07:00,202.0,202.0,204.0,201.0,201.0,5285689
2026-02-27 12:00:00+07:00,202.0,202.0,203.0,202.0,203.0,801371
2026-02-27 13:00:00+07:00,203.0,203.0,203.0,203.0,203.0,1024142
2026-02-27 14:00:00+07:00,201.0,201.0,203.0,201.0,203.0,1563506
2026-02-27 15:00:00+07:00,202.0,202.0,203.0,200.0,202.0,3099660
2026-02-27 16:00:00+07:00,202.0,202.0,203.0,202.0,203.0,2307446
2026-03-02 10:00:00+07:00,198.5,198.5,199.0,196.5,197.5,0
2026-03-02 11:00:00+07:00,198.5,198.5,199.5,198.0,198.5,1700786
2026-03-02 12:00:00+07:00,199.0,199.0,199.0,198.5,199.0,346241
2026-03-02 13:00:00+07:00,198.0,198.0,198.5,197.5,198.5,1041847
2026-03-02 14:00:00+07:00,198.5,198.5,199.5,197.5,198.0,4310898
2026-03-02 15:00:00+07:00,198.0,198.0,199.0,198.0,199.0,774420
2026-03-02 16:00:00+07:00,198.0,198.0,198.5,197.5,198.0,1644794
2026-03-04 10:00:00+07:00,189.0,189.0,191.0,187.0,191.0,0
2026-03-04 11:00:00+07:00,188.0,188.0,190.0,187.5,189.0,4775795
2026-03-04 12:00:00+07:00,186.5,186.5,188.5,186.5,188.0,4183397
2026-03-04 13:00:00+07:00,186.0,186.0,187.0,185.5,186.0,2495689
2026-03-04 14:00:00+07:00,188.5,188.5,189.0,185.5,186.0,7288228
2026-03-04 15:00:00+07:00,189.5,189.5,190.0,187.5,188.0,10694135
2026-03-04 16:00:00+07:00,189.0,189.0,190.0,189.0,189.5,4101547
2026-03-05 10:00:00+07:00,190.5,190.5,193.0,190.0,193.0,0
2026-03-05 11:00:00+07:00,190.5,190.5,191.0,189.5,190.5,4884310
2026-03-05 12:00:00+07:00,190.0,190.0,191.0,190.0,190.5,1732014
2026-03-05 13:00:00+07:00,189.0,189.0,190.0,189.0,190.0,1649955
2026-03-05 14:00:00+07:00,189.5,189.5,190.0,188.5,189.0,5765629
2026-03-05 15:00:00+07:00,189.5,189.5,190.5,189.0,190.0,4218072
2026-03-05 16:00:00+07:00,190.5,190.5,190.5,189.0,189.5,3507646
2026-03-06 10:00:00+07:00,188.5,188.5,189.5,188.0,189.0,7036455
2026-03-06 11:00:00+07:00,188.5,188.5,189.0,188.0,189.0,3210526
2026-03-06 12:00:00+07:00,188.5,188.5,189.0,188.0,188.0,762579
2026-03-06 13:00:00+07:00,188.0,188.0,188.5,188.0,188.5,1854083
2026-03-06 14:00:00+07:00,188.5,188.5,189.0,187.5,188.0,5825628
2026-03-06 15:00:00+07:00,188.5,188.5,189.0,188.5,188.5,3350839
2026-03-06 16:00:00+07:00,188.5,188.5,189.0,188.0,188.5,1842322
2026-03-09 10:00:00+07:00,182.5,182.5,183.5,179.0,180.5,0
2026-03-09 11:00:00+07:00,182.0,182.0,183.5,181.5,182.5,3544053
2026-03-09 12:00:00+07:00,183.0,183.0,183.0,181.5,181.5,1531700
2026-03-09 13:00:00+07:00,182.5,182.5,183.0,182.5,183.0,491200
2026-03-09 14:00:00+07:00,183.5,183.5,184.0,182.0,182.5,3476858
2026-03-09 15:00:00+07:00,185.0,185.0,185.0,183.0,183.5,3409962
2026-03-09 16:00:00+07:00,185.0,185.0,185.0,184.0,185.0,1272416
2026-03-10 10:00:00+07:00,187.0,187.0,189.0,186.5,187.0,0
2026-03-10 11:00:00+07:00,187.5,187.5,187.5,186.5,187.0,2355799
2026-03-10 12:00:00+07:00,188.0,188.0,189.0,187.0,187.5,1789722
2026-03-10 13:00:00+07:00,188.5,188.5,188.5,188.0,188.5,394400
2026-03-10 14:00:00+07:00,188.0,188.0,188.5,187.5,188.0,2220733
2026-03-10 15:00:00+07:00,187.5,187.5,188.0,187.0,188.0,1979041
2026-03-10 16:00:00+07:00,187.0,187.0,188.0,187.0,187.0,1211148
2026-03-11 10:00:00+07:00,190.0,190.0,191.0,187.0,188.0,0
2026-03-11 11:00:00+07:00,190.5,190.5,190.5,189.5,190.5,1418501
2026-03-11 12:00:00+07:00,190.0,190.0,190.5,189.5,190.0,779660
2026-03-11 13:00:00+07:00,190.0,190.0,190.5,190.0,190.0,484809
2026-03-11 14:00:00+07:00,190.0,190.0,190.5,189.5,190.0,1643284
2026-03-11 15:00:00+07:00,190.0,190.0,190.5,189.5,190.0,1417427
2026-03-11 16:00:00+07:00,189.0,189.0,190.5,189.0,189.5,2279405
2026-03-12 10:00:00+07:00,188.5,188.5,189.5,187.5,188.0,0
2026-03-12 11:00:00+07:00,188.0,188.0,189.0,188.0,188.5,2588914
2026-03-12 12:00:00+07:00,188.0,188.0,189.0,188.0,188.0,1094637
2026-03-12 13:00:00+07:00,188.5,188.5,189.0,188.5,188.5,456100
2026-03-12 14:00:00+07:00,189.5,189.5,189.5,188.5,189.0,3211633
2026-03-12 15:00:00+07:00,189.5,189.5,189.5,188.5,189.0,1749541
2026-03-12 16:00:00+07:00,189.0,189.0,189.5,188.5,189.5,1198108
2026-03-13 10:00:00+07:00,189.5,189.5,190.5,189.0,189.0,0
2026-03-13 11:00:00+07:00,189.0,189.0,189.5,188.5,189.0,1629109
2026-03-13 12:00:00+07:00,188.5,188.5,189.0,188.5,189.0,518557
2026-03-13 13:00:00+07:00,188.5,188.5,189.0,188.5,188.5,615241
2026-03-13 14:00:00+07:00,189.0,189.0,189.0,188.0,188.5,1267407
2026-03-13 15:00:00+07:00,189.0,189.0,189.0,188.0,188.5,2039444
2026-03-13 16:00:00+07:00,188.0,188.0,189.0,188.0,188.5,1067029
2026-03-16 10:00:00+07:00,187.0,187.0,188.0,186.5,187.5,0
2026-03-16 11:00:00+07:00,187.0,187.0,187.5,186.5,186.5,2703800
2026-03-16 12:00:00+07:00,186.5,186.5,187.0,186.0,187.0,808591
2026-03-16 13:00:00+07:00,186.5,186.5,186.5,186.0,186.0,685898
2026-03-16 14:00:00+07:00,185.5,185.5,186.5,185.0,186.0,6984635
2026-03-16 15:00:00+07:00,185.5,185.5,186.0,185.0,185.5,2044689
2026-03-16 16:00:00+07:00,185.5,185.5,186.0,185.0,186.0,1645586
2026-03-17 10:00:00+07:00,188.5,188.5,188.5,186.5,187.0,2765183
2026-03-17 11:00:00+07:00,189.0,189.0,189.0,188.0,188.5,2524174
2026-03-17 12:00:00+07:00,189.0,189.0,189.0,188.0,188.5,1115943
2026-03-17 13:00:00+07:00,188.5,188.5,188.5,188.5,188.5,97279
2026-03-17 14:00:00+07:00,189.0,189.0,189.0,188.0,188.5,1349080
2026-03-17 15:00:00+07:00,188.5,188.5,189.0,188.0,189.0,2260745
2026-03-17 16:00:00+07:00,189.0,189.0,189.0,188.0,188.5,866069
2026-03-18 10:00:00+07:00,190.0,190.0,190.5,189.0,189.0,0
2026-03-18 11:00:00+07:00,190.0,190.0,190.5,189.5,190.0,860239
2026-03-18 12:00:00+07:00,190.0,190.0,190.0,189.5,190.0,314696
2026-03-18 13:00:00+07:00,190.0,190.0,190.0,189.5,189.5,162303
2026-03-18 14:00:00+07:00,190.0,190.0,190.0,189.5,190.0,451309
2026-03-18 15:00:00+07:00,190.0,190.0,190.0,189.5,190.0,574800
2026-03-18 16:00:00+07:00,190.0,190.0,190.0,189.5,190.0,713215
2026-03-19 10:00:00+07:00,188.5,188.5,189.0,188.0,188.0,0
2026-03-19 11:00:00+07:00,188.5,188.5,189.0,187.5,188.5,3055244
2026-03-19 12:00:00+07:00,188.5,188.5,188.5,188.0,188.0,61512
2026-03-19 13:00:00+07:00,188.5,188.5,188.5,188.5,188.5,16005
2026-03-19 14:00:00+07:00,187.0,187.0,188.5,187.0,188.0,4557826
2026-03-19 15:00:00+07:00,187.5,187.5,188.0,187.0,187.5,1350833
2026-03-19 16:00:00+07:00,187.0,187.0,187.5,187.0,187.5,915612
2026-03-20 10:00:00+07:00,188.5,188.5,189.5,188.0,189.0,0
2026-03-20 11:00:00+07:00,188.5,188.5,189.0,188.0,188.5,1166131
2026-03-20 12:00:00+07:00,189.5,189.5,189.5,188.5,188.5,499635
2026-03-20 13:00:00+07:00,188.5,188.5,189.5,188.5,189.0,1217208
2026-03-20 14:00:00+07:00,189.0,189.0,189.5,188.5,188.5,2143113
2026-03-20 15:00:00+07:00,189.0,189.0,189.5,188.5,189.0,1691853
2026-03-20 16:00:00+07:00,189.0,189.0,189.5,188.5,189.0,832553
2026-03-23 10:00:00+07:00,187.5,187.5,188.0,186.5,187.5,0
2026-03-23 11:00:00+07:00,187.5,187.5,187.5,187.0,187.5,929495
2026-03-23 12:00:00+07:00,187.5,187.5,187.5,187.0,187.5,686041
2026-03-23 13:00:00+07:00,187.0,187.0,187.5,187.0,187.0,1297568
2026-03-23 14:00:00+07:00,187.0,187.0,187.5,186.5,187.0,2116861
2026-03-23 15:00:00+07:00,187.0,187.0,187.0,186.5,187.0,838535
2026-03-23 16:00:00+07:00,187.0,187.0,187.0,186.5,187.0,1059673
2026-03-24 10:00:00+07:00,187.5,187.5,189.0,187.5,188.0,0
2026-03-24 11:00:00+07:00,189.0,189.0,189.5,187.5,188.0,2022512
2026-03-24 12:00:00+07:00,189.5,189.5,189.5,188.5,189.0,1530719
2026-03-24 13:00:00+07:00,189.5,189.5,190.0,189.5,189.5,879015
2026-03-24 14:00:00+07:00,190.5,190.5,191.5,189.5,189.5,4962015
2026-03-24 15:00:00+07:00,189.5,189.5,191.0,189.5,191.0,1693068
2026-03-24 16:00:00+07:00,190.0,190.0,190.0,189.0,190.0,1617018
2026-03-25 10:00:00+07:00,190.0,190.0,191.0,189.5,190.5,0
2026-03-25 11:00:00+07:00,190.5,190.5,190.5,189.5,190.0,646090
2026-03-25 12:00:00+07:00,190.5,190.5,190.5,190.0,190.5,1480348
2026-03-25 13:00:00+07:00,190.0,190.0,190.5,190.0,190.5,612200
2026-03-25 14:00:00+07:00,191.0,191.0,191.5,190.0,190.0,2953406
2026-03-25 15:00:00+07:00,191.0,191.0,191.5,190.5,191.0,1552795
2026-03-25 16:00:00+07:00,191.0,191.0,191.5,190.5,191.5,820462
2026-03-26 10:00:00+07:00,192.5,192.5,192.5,190.0,190.5,0
2026-03-26 11:00:00+07:00,192.0,192.0,192.5,191.5,192.5,2074785
2026-03-26 12:00:00+07:00,192.0,192.0,192.0,191.5,192.0,1383434
2026-03-26 13:00:00+07:00,191.5,191.5,191.5,191.5,191.5,215600
2026-03-26 14:00:00+07:00,191.5,191.5,192.5,190.5,191.5,2594159
2026-03-26 15:00:00+07:00,191.0,191.0,191.5,191.0,191.5,924191
2026-03-26 16:00:00+07:00,192.0,192.0,192.0,191.0,191.0,1142400
2026-03-27 10:00:00+07:00,191.5,191.5,192.5,191.0,191.0,1676714
2026-03-27 11:00:00+07:00,191.0,191.0,192.0,191.0,191.5,1317728
2026-03-27 12:00:00+07:00,191.5,191.5,192.0,191.0,191.0,753635
2026-03-27 13:00:00+07:00,191.0,191.0,191.5,190.5,191.5,1186256
2026-03-27 14:00:00+07:00,191.0,191.0,191.5,190.5,191.5,1507671
2026-03-27 15:00:00+07:00,190.5,190.5,191.5,190.5,191.0,2746413
2026-03-27 16:00:00+07:00,190.5,190.5,191.0,190.5,191.0,444019
2026-03-30 10:00:00+07:00,189.5,189.5,190.5,189.5,189.5,0
2026-03-30 11:00:00+07:00,189.5,189.5,190.0,189.0,189.5,1163475
2026-03-30 12:00:00+07:00,190.0,190.0,190.0,189.0,189.5,322632
2026-03-30 13:00:00+07:00,190.0,190.0,190.0,189.0,190.0,605298
2026-03-30 14:00:00+07:00,190.0,190.0,190.5,189.5,190.0,726696
2026-03-30 15:00:00+07:00,190.0,190.0,190.5,190.0,190.0,813173
2026-03-30 16:00:00+07:00,190.5,190.5,190.5,189.5,190.5,1576121
2026-03-31 10:00:00+07:00,190.5,190.5,191.5,190.5,190.5,1429831
2026-03-31 11:00:00+07:00,190.5,190.5,191.0,190.0,190.5,691467
2026-03-31 12:00:00+07:00,190.5,190.5,191.0,190.0,190.0,450953
2026-03-31 13:00:00+07:00,190.5,190.5,190.5,190.0,190.5,293600
2026-03-31 14:00:00+07:00,191.0,191.0,191.5,190.0,190.0,1202281
2026-03-31 15:00:00+07:00,191.0,191.0,192.0,191.0,191.0,1970737
2026-03-31 16:00:00+07:00,191.0,191.0,191.5,191.0,191.0,786682
2026-04-01 10:00:00+07:00,192.5,192.5,193.5,192.0,193.5,0
2026-04-01 11:00:00+07:00,192.0,192.0,193.0,192.0,192.0,807877
2026-04-01 12:00:00+07:00,192.5,192.5,193.0,192.0,192.5,1338226
2026-04-01 13:00:00+07:00,192.5,192.5,193.0,192.5,193.0,123600
2026-04-01 14:00:00+07:00,192.0,192.0,193.0,192.0,192.5,2401407
2026-04-01 15:00:00+07:00,192.0,192.0,193.0,192.0,192.0,1309676
2026-04-01 16:00:00+07:00,192.0,192.0,192.5,192.0,192.0,426936
2026-04-02 10:00:00+07:00,192.5,192.5,192.5,191.0,192.0,1298565
2026-04-02 11:00:00+07:00,192.5,192.5,193.0,192.0,192.0,923162
2026-04-02 12:00:00+07:00,192.5,192.5,193.0,192.5,193.0,115305
2026-04-02 13:00:00+07:00,192.5,192.5,193.0,192.5,192.5,118906
2026-04-02 14:00:00+07:00,193.5,193.5,194.0,192.5,193.0,2070957
2026-04-02 15:00:00+07:00,193.0,193.0,193.5,193.0,193.5,142638
2026-04-02 16:00:00+07:00,193.0,193.0,193.5,192.5,193.0,897368
2026-04-03 10:00:00+07:00,191.5,191.5,192.0,190.5,191.5,4061865
2026-04-03 11:00:00+07:00,191.0,191.0,191.5,190.5,191.5,1575067
2026-04-03 12:00:00+07:00,190.5,190.5,191.0,190.5,191.0,232346
2026-04-03 13:00:00+07:00,190.5,190.5,190.5,190.0,190.5,701659
2026-04-03 14:00:00+07:00,191.0,191.0,191.5,190.0,190.5,2073761
2026-04-03 15:00:00+07:00,191.0,191.0,191.5,190.5,191.0,1469270
2026-04-03 16:00:00+07:00,191.0,191.0,191.0,190.5,190.5,322658
2026-04-07 10:00:00+07:00,190.5,190.5,191.0,190.0,190.0,0
2026-04-07 11:00:00+07:00,191.0,191.0,191.5,190.5,191.0,645115
2026-04-07 12:00:00+07:00,191.5,191.5,191.5,190.5,191.0,724391
2026-04-07 13:00:00+07:00,191.5,191.5,191.5,191.5,191.5,108914
2026-04-07 14:00:00+07:00,191.0,191.0,191.5,191.0,191.5,438144
2026-04-07 15:00:00+07:00,191.5,191.5,192.0,191.0,191.5,1238034
2026-04-07 16:00:00+07:00,191.5,191.5,192.0,191.5,191.5,500145
2026-04-08 10:00:00+07:00,193.5,193.5,194.0,192.5,193.0,0
2026-04-08 11:00:00+07:00,193.0,193.0,194.0,192.5,193.5,1669471
2026-04-08 12:00:00+07:00,193.0,193.0,193.5,193.0,193.0,163199
2026-04-08 13:00:00+07:00,193.5,193.5,193.5,193.0,193.5,565205
2026-04-08 14:00:00+07:00,193.0,193.0,194.0,193.0,193.0,2022223
2026-04-08 15:00:00+07:00,193.0,193.0,193.5,193.0,193.5,699585
2026-04-08 16:00:00+07:00,193.5,193.5,193.5,193.0,193.0,485055
2026-04-09 10:00:00+07:00,192.0,192.0,193.0,191.0,192.5,0
2026-04-09 11:00:00+07:00,191.5,191.5,192.0,191.0,191.5,1149667
2026-04-09 12:00:00+07:00,191.5,191.5,192.0,191.0,191.5,863206
2026-04-09 13:00:00+07:00,192.0,192.0,192.0,191.5,191.5,76100
2026-04-09 14:00:00+07:00,191.5,191.5,193.0,191.5,191.5,2248963
2026-04-09 15:00:00+07:00,191.0,191.0,192.0,191.0,191.5,1790257
2026-04-09 16:00:00+07:00,191.5,191.5,192.0,191.0,191.5,695838
2026-04-10 10:00:00+07:00,192.5,192.5,193.0,191.5,191.5,3673844
2026-04-10 11:00:00+07:00,192.0,192.0,192.5,191.5,192.5,503982
2026-04-10 12:00:00+07:00,191.5,191.5,192.0,191.0,192.0,2291204
2026-04-10 13:00:00+07:00,191.5,191.5,191.5,191.5,191.5,25207
2026-04-10 14:00:00+07:00,192.0,192.0,192.0,191.0,191.0,2166900
2026-04-10 15:00:00+07:00,191.5,191.5,192.0,191.5,192.0,225438
2026-04-10 16:00:00+07:00,191.5,191.5,192.0,191.5,192.0,763766
2026-04-16 10:00:00+07:00,192.5,192.5,193.0,191.0,192.5,0
2026-04-16 11:00:00+07:00,190.5,190.5,193.0,190.0,192.5,9028154
2026-04-16 12:00:00+07:00,190.5,190.5,190.5,190.0,190.5,798096
2026-04-16 13:00:00+07:00,190.5,190.5,190.5,190.5,190.5,518001
2026-04-16 14:00:00+07:00,190.0,190.0,190.5,190.0,190.5,1667330
2026-04-16 15:00:00+07:00,190.0,190.0,190.5,189.5,190.0,3847283
2026-04-16 16:00:00+07:00,189.5,189.5,190.0,189.5,189.5,981721
2026-04-17 10:00:00+07:00,189.5,189.5,191.0,188.5,190.5,0
2026-04-17 11:00:00+07:00,189.0,189.0,189.5,188.5,189.5,2803360
2026-04-17 12:00:00+07:00,188.0,188.0,189.0,188.0,189.0,1963069
2026-04-17 13:00:00+07:00,188.5,188.5,188.5,188.0,188.5,666800
2026-04-17 14:00:00+07:00,189.0,189.0,189.0,188.0,188.5,3075775
2026-04-17 15:00:00+07:00,188.5,188.5,189.0,188.0,188.5,2649526
2026-04-17 16:00:00+07:00,189.0,189.0,189.0,188.0,188.5,1958148
2026-04-20 16:00:00+07:00,188.0,188.0,189.0,187.5,189.0,4172512
2026-04-21 10:00:00+07:00,181.5,181.5,182.5,178.0,179.0,0
2026-04-21 11:00:00+07:00,181.5,181.5,183.5,181.0,181.5,13087384
2026-04-21 12:00:00+07:00,181.5,181.5,188.0,181.0,181.5,1186921
2026-04-21 13:00:00+07:00,181.5,181.5,181.5,181.0,181.5,457700
2026-04-21 14:00:00+07:00,183.0,183.0,183.0,181.0,181.5,12801905
2026-04-21 15:00:00+07:00,183.0,183.0,183.5,182.5,182.5,3528135
2026-04-21 16:00:00+07:00,183.0,183.0,183.0,182.5,183.0,2763229
2026-04-22 10:00:00+07:00,191.0,191.0,192.0,188.5,189.0,0
2026-04-22 11:00:00+07:00,191.0,191.0,191.5,190.5,191.0,2018530
2026-04-22 12:00:00+07:00,190.5,190.5,191.5,190.0,190.5,3955722
2026-04-22 13:00:00+07:00,190.0,190.0,190.5,189.5,190.5,718908
2026-04-22 14:00:00+07:00,190.0,190.0,190.0,189.5,189.5,2837190
2026-04-22 15:00:00+07:00,190.0,190.0,190.0,189.0,190.0,1353159
2026-04-22 16:00:00+07:00,190.0,190.0,190.0,189.5,190.0,1160058
2026-04-23 10:00:00+07:00,190.0,190.0,190.5,188.5,190.0,0
2026-04-23 11:00:00+07:00,190.5,190.5,192.0,190.0,190.0,6309532
2026-04-23 12:00:00+07:00,191.5,191.5,191.5,190.5,190.5,1361064
2026-04-23 13:00:00+07:00,191.0,191.0,191.5,191.0,191.0,261027
2026-04-23 14:00:00+07:00,190.5,190.5,191.5,190.0,191.0,4079113
2026-04-23 15:00:00+07:00,191.0,191.0,191.5,190.0,190.5,1917053
2026-04-23 16:00:00+07:00,191.0,191.0,191.0,190.5,191.0,873792
2026-04-24 10:00:00+07:00,190.0,190.0,190.5,189.5,190.0,0
2026-04-24 11:00:00+07:00,190.5,190.5,190.5,189.5,190.0,4063916
2026-04-24 12:00:00+07:00,190.0,190.0,190.5,190.0,190.0,665977
2026-04-24 13:00:00+07:00,190.0,190.0,190.0,189.5,190.0,362333
2026-04-24 14:00:00+07:00,189.5,189.5,190.0,189.0,190.0,3758695
2026-04-24 15:00:00+07:00,189.5,189.5,189.5,189.0,189.0,2477522
2026-04-24 16:00:00+07:00,189.0,189.0,190.0,188.5,189.5,3126646
2026-04-27 10:00:00+07:00,190.0,190.0,190.5,189.0,189.5,2939749
2026-04-27 11:00:00+07:00,191.0,191.0,191.0,189.5,190.0,1630971
2026-04-27 12:00:00+07:00,191.0,191.0,191.0,190.5,191.0,212679
2026-04-27 13:00:00+07:00,190.5,190.5,191.0,190.5,191.0,300458
2026-04-27 14:00:00+07:00,190.0,190.0,191.0,190.0,190.5,1632535
2026-04-27 15:00:00+07:00,190.5,190.5,190.5,190.0,190.5,1141846
2026-04-27 16:00:00+07:00,191.0,191.0,191.0,190.0,190.5,748023
2026-04-28 10:00:00+07:00,190.5,190.5,191.0,189.0,190.0,0
2026-04-28 11:00:00+07:00,191.0,191.0,191.5,190.5,190.5,2564295
2026-04-28 12:00:00+07:00,191.0,191.0,191.5,191.0,191.0,1604086
2026-04-28 13:00:00+07:00,191.0,191.0,191.5,191.0,191.0,1130100
2026-04-28 14:00:00+07:00,192.0,192.0,192.5,191.0,191.0,3832765
2026-04-28 15:00:00+07:00,192.5,192.5,193.5,192.0,192.0,3650586
2026-04-28 16:00:00+07:00,193.5,193.5,193.5,192.5,192.5,1202486
2026-04-29 10:00:00+07:00,193.5,193.5,194.0,193.0,193.5,830599
2026-04-29 11:00:00+07:00,194.0,194.0,194.0,193.5,194.0,428817
2026-04-29 12:00:00+07:00,193.5,193.5,194.0,193.0,194.0,1423966
2026-04-29 13:00:00+07:00,193.5,193.5,194.0,193.5,194.0,936930
2026-04-29 14:00:00+07:00,193.5,193.5,194.0,193.0,193.5,2222764
2026-04-29 15:00:00+07:00,193.5,193.5,194.0,193.5,194.0,506076
2026-04-29 16:00:00+07:00,194.5,194.5,195.0,193.5,194.0,2124274
2026-04-30 10:00:00+07:00,195.0,195.0,196.0,194.5,195.5,0
2026-04-30 11:00:00+07:00,195.0,195.0,195.5,194.5,195.0,1031556
2026-04-30 12:00:00+07:00,195.5,195.5,196.0,195.0,195.0,926899
2026-04-30 13:00:00+07:00,194.5,194.5,195.5,194.0,195.5,1318218
2026-04-30 14:00:00+07:00,193.5,193.5,195.0,193.5,194.0,3475698
2026-04-30 15:00:00+07:00,193.5,193.5,194.0,193.5,194.0,732202
2026-04-30 16:00:00+07:00,193.0,193.0,194.0,192.5,193.5,3719094
2026-05-05 10:00:00+07:00,194.5,194.5,195.5,192.5,193.0,0
2026-05-05 11:00:00+07:00,193.0,193.0,194.5,192.5,194.5,3407197
2026-05-05 12:00:00+07:00,193.0,193.0,193.0,192.5,193.0,1357882
2026-05-05 13:00:00+07:00,192.5,192.5,193.0,192.5,193.0,287537
2026-05-05 14:00:00+07:00,192.5,192.5,193.5,192.5,193.0,2096283
2026-05-05 15:00:00+07:00,193.0,193.0,193.0,192.5,192.5,1833551
2026-05-05 16:00:00+07:00,192.5,192.5,193.5,192.5,192.5,2090778
2026-05-06 10:00:00+07:00,195.0,195.0,195.5,193.5,194.0,5890099
2026-05-06 11:00:00+07:00,195.5,195.5,195.5,194.5,195.5,1408523
2026-05-06 12:00:00+07:00,195.5,195.5,195.5,195.0,195.5,1228107
2026-05-06 13:00:00+07:00,195.5,195.5,195.5,195.0,195.0,506600
2026-05-06 14:00:00+07:00,196.5,196.5,196.5,195.0,195.0,5175795
2026-05-06 15:00:00+07:00,196.0,196.0,196.5,195.5,196.0,1096887
2026-05-06 16:00:00+07:00,196.0,196.0,196.5,195.5,196.0,866763
2026-05-07 10:00:00+07:00,195.5,195.5,196.5,194.5,196.5,0
2026-05-07 11:00:00+07:00,194.5,194.5,196.0,194.5,195.5,1537888
2026-05-07 12:00:00+07:00,194.5,194.5,196.5,194.0,194.5,953490
2026-05-07 13:00:00+07:00,194.5,194.5,195.0,194.0,194.5,971295
2026-05-07 14:00:00+07:00,195.5,195.5,195.5,194.0,194.5,1876970
2026-05-07 15:00:00+07:00,194.5,194.5,195.5,194.5,195.0,2537621
2026-05-07 16:00:00+07:00,195.0,195.0,195.0,194.0,194.5,2135700
2026-05-08 10:00:00+07:00,194.5,194.5,195.5,194.0,195.5,0
2026-05-08 11:00:00+07:00,195.0,195.0,195.0,194.0,195.0,2681570
2026-05-08 12:00:00+07:00,195.0,195.0,195.0,194.5,195.0,168552
2026-05-08 13:00:00+07:00,195.0,195.0,195.0,195.0,195.0,261200
2026-05-08 14:00:00+07:00,194.5,194.5,195.0,194.0,195.0,1332786
2026-05-08 15:00:00+07:00,194.5,194.5,194.5,194.0,194.0,502576
2026-05-08 16:00:00+07:00,195.0,195.0,195.5,194.0,194.0,2247182
2026-05-11 10:00:00+07:00,197.0,197.0,197.0,194.5,196.0,4636821
2026-05-11 11:00:00+07:00,196.0,196.0,198.0,195.5,197.0,7604442
2026-05-11 12:00:00+07:00,196.0,196.0,196.5,195.5,195.5,1798233
2026-05-11 13:00:00+07:00,195.5,195.5,196.0,195.5,196.0,883136
2026-05-11 14:00:00+07:00,196.0,196.0,196.0,195.0,195.5,1605285
2026-05-11 15:00:00+07:00,196.0,196.0,196.5,195.5,196.0,2266480
2026-05-11 16:00:00+07:00,196.0,196.0,196.5,195.5,196.0,992490
2026-05-12 10:00:00+07:00,195.5,195.5,196.5,195.0,195.0,0
2026-05-12 11:00:00+07:00,195.5,195.5,196.0,195.0,195.0,1625673
2026-05-12 12:00:00+07:00,196.0,196.0,196.0,195.5,196.0,254721
2026-05-12 13:00:00+07:00,195.5,195.5,196.0,195.5,196.0,459785
2026-05-12 14:00:00+07:00,195.5,195.5,195.5,194.5,195.0,3256928
2026-05-12 15:00:00+07:00,195.5,195.5,196.0,195.0,195.5,1718615
2026-05-12 16:00:00+07:00,196.0,196.0,196.0,195.0,195.5,862469
2026-05-13 10:00:00+07:00,196.0,196.0,197.0,195.5,196.0,0
2026-05-13 11:00:00+07:00,195.5,195.5,196.5,195.5,196.0,2323433
2026-05-13 12:00:00+07:00,195.5,195.5,196.5,195.5,196.0,1361080
2026-05-13 13:00:00+07:00,196.0,196.0,196.0,195.5,195.5,424709
2026-05-13 14:00:00+07:00,195.5,195.5,196.0,195.5,195.5,1310535
2026-05-13 15:00:00+07:00,196.0,196.0,196.0,195.5,195.5,453467
2026-05-13 16:00:00+07:00,195.5,195.5,196.0,195.0,195.5,1012082
2026-05-14 10:00:00+07:00,197.5,197.5,198.0,196.5,197.0,0
2026-05-14 11:00:00+07:00,197.5,197.5,198.0,197.0,197.0,2435642
2026-05-14 12:00:00+07:00,197.5,197.5,198.0,197.0,197.0,652622
2026-05-14 13:00:00+07:00,197.5,197.5,198.0,197.5,198.0,241505
2026-05-14 14:00:00+07:00,197.5,197.5,197.5,197.0,197.5,1763802
2026-05-14 15:00:00+07:00,197.0,197.0,197.5,196.5,197.0,2624474
2026-05-14 16:00:00+07:00,197.0,197.0,197.0,196.5,197.0,896670
2026-05-15 10:00:00+07:00,197.0,197.0,198.0,195.0,195.5,0
2026-05-15 11:00:00+07:00,197.0,197.0,198.0,196.5,197.0,2081096
2026-05-15 12:00:00+07:00,197.0,197.0,197.0,196.5,197.0,286817
2026-05-15 13:00:00+07:00,197.0,197.0,197.0,196.5,197.0,109700
2026-05-15 14:00:00+07:00,197.0,197.0,197.0,196.5,196.5,1220395
2026-05-15 15:00:00+07:00,196.5,196.5,197.5,196.0,197.0,2356951
2026-05-15 16:00:00+07:00,196.5,196.5,197.0,196.0,196.5,1112099
2026-05-18 10:00:00+07:00,198.5,198.5,199.0,196.5,196.5,0
2026-05-18 11:00:00+07:00,198.5,198.5,199.0,197.5,198.5,3143902
2026-05-18 12:00:00+07:00,198.5,198.5,198.5,196.5,198.5,222092
2026-05-18 13:00:00+07:00,198.0,198.0,198.5,198.0,198.5,904400
2026-05-18 14:00:00+07:00,198.0,198.0,199.0,198.0,198.0,2486798
2026-05-18 15:00:00+07:00,198.5,198.5,198.5,198.0,198.5,2209524
2026-05-18 16:00:00+07:00,198.5,198.5,198.5,198.0,198.5,1220445
2026-05-19 10:00:00+07:00,199.0,199.0,199.0,197.5,198.0,3190832
2026-05-19 11:00:00+07:00,199.0,199.0,199.5,198.5,199.0,1716988
2026-05-19 12:00:00+07:00,199.0,199.0,199.0,198.5,198.5,739263
2026-05-19 13:00:00+07:00,199.0,199.0,199.0,198.0,199.0,1184063
2026-05-19 14:00:00+07:00,198.0,198.0,199.0,198.0,198.5,1373460
2026-05-19 15:00:00+07:00,198.5,198.5,198.5,197.5,198.0,2233566
2026-05-19 16:00:00+07:00,198.0,198.0,198.5,197.5,198.0,912237
2026-05-20 10:00:00+07:00,198.0,198.0,198.5,196.0,198.0,7419527
2026-05-20 11:00:00+07:00,198.5,198.5,198.5,197.5,198.0,1870756
2026-05-20 12:00:00+07:00,198.5,198.5,199.0,198.0,198.5,2001277
2026-05-20 13:00:00+07:00,198.0,198.0,198.0,198.0,198.0,1023717
2026-05-20 14:00:00+07:00,198.0,198.0,198.5,197.5,198.0,2476688
2026-05-20 15:00:00+07:00,198.0,198.0,198.5,197.5,198.0,1054816
2026-05-20 16:00:00+07:00,198.0,198.0,198.5,197.5,198.0,1183051
2026-05-21 10:00:00+07:00,197.5,197.5,198.5,197.0,198.0,0
2026-05-21 11:00:00+07:00,197.0,197.0,197.5,196.5,197.5,2651789
2026-05-21 12:00:00+07:00,197.0,197.0,197.5,196.5,197.0,702501
2026-05-21 13:00:00+07:00,197.0,197.0,197.5,197.0,197.0,272410
2026-05-21 14:00:00+07:00,197.0,197.0,197.5,197.0,197.0,166734
2026-05-21 15:00:00+07:00,197.0,197.0,197.5,196.5,197.5,1040234
2026-05-21 16:00:00+07:00,197.0,197.0,197.5,196.5,197.0,530426
2026-05-22 10:00:00+07:00,197.0,197.0,198.0,196.5,198.0,2227931
2026-05-22 11:00:00+07:00,197.0,197.0,197.0,195.5,196.5,4681083
2026-05-22 12:00:00+07:00,196.5,196.5,197.0,196.0,197.0,669054
2026-05-22 13:00:00+07:00,196.0,196.0,196.5,196.0,196.5,424033
2026-05-22 14:00:00+07:00,196.0,196.0,196.5,195.5,196.5,1893236
2026-05-22 15:00:00+07:00,195.5,195.5,196.5,195.5,196.0,1381414
2026-05-22 16:00:00+07:00,196.5,196.5,196.5,195.5,196.0,705812
2026-05-25 10:00:00+07:00,196.0,196.0,197.0,195.5,197.0,0
2026-05-25 11:00:00+07:00,196.0,196.0,196.5,196.0,196.0,667978
2026-05-25 12:00:00+07:00,196.0,196.0,196.5,196.0,196.0,804637
2026-05-25 13:00:00+07:00,196.0,196.0,196.0,196.0,196.0,37130
2026-05-25 14:00:00+07:00,196.0,196.0,196.5,196.0,196.0,467758
2026-05-25 15:00:00+07:00,196.0,196.0,196.5,196.0,196.0,294162
2026-05-25 16:00:00+07:00,196.0,196.0,196.5,195.5,196.0,1517784
2026-05-26 10:00:00+07:00,198.5,198.5,199.0,196.0,196.0,0
2026-05-26 11:00:00+07:00,198.0,198.0,199.0,198.0,199.0,3471522
2026-05-26 12:00:00+07:00,199.0,199.0,199.0,198.0,198.0,1063218
2026-05-26 13:00:00+07:00,198.5,198.5,199.0,198.5,199.0,228814
2026-05-26 14:00:00+07:00,198.0,198.0,199.0,198.0,198.5,2335482
2026-05-26 15:00:00+07:00,198.5,198.5,198.5,198.0,198.0,1723173
2026-05-26 16:00:00+07:00,198.5,198.5,198.5,197.5,198.5,2530030
2026-05-27 10:00:00+07:00,198.0,198.0,198.0,196.5,197.5,0
2026-05-27 11:00:00+07:00,198.0,198.0,198.0,197.0,198.0,1755335
2026-05-27 12:00:00+07:00,197.0,197.0,198.0,197.0,198.0,1650989
2026-05-27 13:00:00+07:00,197.5,197.5,197.5,197.0,197.5,754100
2026-05-27 14:00:00+07:00,198.5,198.5,198.5,197.0,197.5,2886530
2026-05-27 15:00:00+07:00,198.5,198.5,198.5,198.0,198.5,1489020
2026-05-27 16:00:00+07:00,198.5,198.5,199.0,198.0,198.5,1189456
2026-05-28 10:00:00+07:00,199.0,199.0,200.0,198.5,198.5,0
2026-05-28 11:00:00+07:00,199.0,199.0,199.0,198.5,199.0,1030623
2026-05-28 12:00:00+07:00,199.0,199.0,199.0,198.0,199.0,1621638
2026-05-28 13:00:00+07:00,199.0,199.0,199.0,198.5,199.0,124715
2026-05-28 14:00:00+07:00,199.0,199.0,199.5,198.5,199.0,2023050
2026-05-28 15:00:00+07:00,199.0,199.0,199.5,198.5,199.0,980532
2026-05-28 16:00:00+07:00,199.5,199.5,199.5,199.0,199.5,869282
2026-05-29 10:00:00+07:00,201.0,201.0,201.0,199.0,199.5,0
2026-05-29 11:00:00+07:00,201.0,201.0,201.0,200.0,200.0,360074
2026-05-29 12:00:00+07:00,200.0,200.0,202.0,200.0,201.0,3349369
2026-05-29 13:00:00+07:00,200.0,200.0,201.0,200.0,201.0,48111
2026-05-29 14:00:00+07:00,202.0,202.0,202.0,200.0,201.0,2421001
2026-05-29 15:00:00+07:00,202.0,202.0,202.0,201.0,201.0,517060
2026-05-29 16:00:00+07:00,200.0,200.0,202.0,200.0,202.0,1420828
2026-06-02 10:00:00+07:00,204.0,204.0,204.0,201.0,202.0,0
2026-06-02 11:00:00+07:00,204.0,204.0,204.0,203.0,203.0,2112695
2026-06-02 12:00:00+07:00,204.0,204.0,204.0,203.0,203.0,568969
2026-06-02 13:00:00+07:00,203.0,203.0,204.0,202.0,204.0,1437706
2026-06-02 14:00:00+07:00,203.0,203.0,204.0,202.0,203.0,4132048
2026-06-02 15:00:00+07:00,204.0,204.0,204.0,202.0,203.0,2106207
2026-06-02 16:00:00+07:00,204.0,204.0,204.0,203.0,204.0,616339
2026-06-04 10:00:00+07:00,201.0,201.0,203.0,200.0,201.0,0
2026-06-04 11:00:00+07:00,201.0,201.0,202.0,201.0,202.0,609922
2026-06-04 12:00:00+07:00,201.0,201.0,202.0,201.0,202.0,241662
2026-06-04 13:00:00+07:00,201.0,201.0,202.0,201.0,202.0,119410
2026-06-04 14:00:00+07:00,202.0,202.0,204.0,201.0,201.0,3828774
2026-06-04 15:00:00+07:00,203.0,203.0,204.0,202.0,202.0,2135287
2026-06-04 16:00:00+07:00,203.0,203.0,203.0,202.0,203.0,738304
2026-06-05 10:00:00+07:00,203.0,203.0,204.0,201.0,203.0,0
2026-06-05 11:00:00+07:00,202.0,202.0,203.0,201.0,203.0,1690410
2026-06-05 12:00:00+07:00,203.0,203.0,204.0,202.0,202.0,3186111
2026-06-05 13:00:00+07:00,203.0,203.0,203.0,202.0,202.0,95003
2026-06-05 14:00:00+07:00,202.0,202.0,203.0,201.0,203.0,3936141
2026-06-05 15:00:00+07:00,201.0,201.0,203.0,201.0,202.0,638195
2026-06-05 16:00:00+07:00,202.0,202.0,202.0,201.0,201.0,2036020
2026-06-08 10:00:00+07:00,202.0,202.0,203.0,200.0,201.0,0
2026-06-08 11:00:00+07:00,200.0,200.0,203.0,200.0,202.0,3041331
2026-06-08 12:00:00+07:00,200.0,200.0,202.0,200.0,201.0,1680605
2026-06-08 13:00:00+07:00,200.0,200.0,201.0,200.0,200.0,59175
2026-06-08 14:00:00+07:00,201.0,201.0,202.0,200.0,200.0,1794862
2026-06-08 15:00:00+07:00,201.0,201.0,201.0,199.5,201.0,2417318
2026-06-08 16:00:00+07:00,200.0,200.0,201.0,200.0,201.0,574252
2026-06-09 10:00:00+07:00,198.0,198.0,201.0,197.5,200.0,0
2026-06-09 11:00:00+07:00,198.5,198.5,198.5,198.0,198.5,945033
2026-06-09 12:00:00+07:00,198.0,198.0,200.0,197.5,198.5,2429655
2026-06-09 13:00:00+07:00,197.5,197.5,198.0,197.0,198.0,1402807
2026-06-09 14:00:00+07:00,197.5,197.5,198.0,197.0,197.5,2226179
2026-06-09 15:00:00+07:00,197.5,197.5,198.0,197.0,197.5,2223925
2026-06-09 16:00:00+07:00,197.0,197.0,197.5,196.0,197.5,6827109
2026-06-10 10:00:00+07:00,197.5,197.5,199.0,197.0,198.0,0
2026-06-10 11:00:00+07:00,198.0,198.0,198.0,197.5,198.0,727657
2026-06-10 12:00:00+07:00,198.5,198.5,198.5,198.0,198.0,667749
2026-06-10 13:00:00+07:00,198.5,198.5,198.5,198.0,198.5,96400
2026-06-10 14:00:00+07:00,198.0,198.0,198.5,197.5,198.0,1612586
2026-06-10 15:00:00+07:00,198.0,198.0,198.5,197.5,198.0,1273924
2026-06-10 16:00:00+07:00,198.0,198.0,198.5,197.5,197.5,811595
2026-06-11 10:00:00+07:00,198.0,198.0,199.0,198.0,198.5,0
2026-06-11 11:00:00+07:00,198.5,198.5,198.5,198.0,198.0,946196
2026-06-11 12:00:00+07:00,197.0,197.0,198.5,197.0,198.5,2306646
2026-06-11 13:00:00+07:00,197.5,197.5,197.5,197.5,197.5,89225
2026-06-11 14:00:00+07:00,197.5,197.5,198.0,197.0,197.5,1394101
2026-06-11 15:00:00+07:00,197.5,197.5,198.0,197.0,198.0,1247401
2026-06-11 16:00:00+07:00,197.5,197.5,198.0,197.0,198.0,1051336
2026-06-12 10:00:00+07:00,202.0,202.0,202.0,198.0,198.5,0
2026-06-12 11:00:00+07:00,202.0,202.0,203.0,201.0,202.0,4139172
2026-06-12 12:00:00+07:00,202.0,202.0,203.0,201.0,202.0,707921
2026-06-12 13:00:00+07:00,202.0,202.0,203.0,201.0,203.0,704700
2026-06-12 14:00:00+07:00,201.0,201.0,202.0,201.0,201.0,1768284
2026-06-12 15:00:00+07:00,203.0,203.0,203.0,201.0,201.0,3317851
2026-06-12 16:00:00+07:00,203.0,203.0,203.0,202.0,202.0,628648
2026-06-15 10:00:00+07:00,202.0,202.0,205.0,202.0,204.0,0
2026-06-15 11:00:00+07:00,203.0,203.0,203.0,202.0,202.0,2974955
2026-06-15 12:00:00+07:00,203.0,203.0,203.0,202.0,203.0,74019
2026-06-15 13:00:00+07:00,202.0,202.0,203.0,202.0,203.0,860790
2026-06-15 14:00:00+07:00,202.0,202.0,203.0,201.0,202.0,2540549
2026-06-15 15:00:00+07:00,201.0,201.0,202.0,201.0,201.0,323992
2026-06-15 16:00:00+07:00,202.0,202.0,202.0,201.0,201.0,577113
2026-06-16 10:00:00+07:00,204.0,204.0,205.0,202.0,203.0,6403635
2026-06-16 11:00:00+07:00,204.0,204.0,205.0,204.0,204.0,2086531
2026-06-16 12:00:00+07:00,205.0,205.0,205.0,204.0,204.0,321455
2026-06-16 13:00:00+07:00,204.0,204.0,205.0,203.0,204.0,886114
2026-06-16 14:00:00+07:00,204.0,204.0,205.0,204.0,204.0,1832775
2026-06-16 15:00:00+07:00,205.0,205.0,206.0,203.0,204.0,4332149
2026-06-16 16:00:00+07:00,205.0,205.0,206.0,205.0,205.0,1358555
2026-06-17 10:00:00+07:00,206.0,206.0,206.0,204.0,206.0,4515249
2026-06-17 11:00:00+07:00,205.0,205.0,206.0,204.0,206.0,1360985
2026-06-17 12:00:00+07:00,204.0,204.0,205.0,204.0,205.0,1196390
2026-06-17 13:00:00+07:00,204.0,204.0,205.0,204.0,204.0,627100
2026-06-17 14:00:00+07:00,204.0,204.0,205.0,203.0,204.0,2063224
2026-06-17 15:00:00+07:00,204.0,204.0,205.0,204.0,204.0,411579
2026-06-17 16:00:00+07:00,205.0,205.0,205.0,204.0,205.0,384503
2026-06-18 10:00:00+07:00,206.0,206.0,207.0,204.0,205.0,0
2026-06-18 11:00:00+07:00,205.0,205.0,206.0,205.0,206.0,1131297
2026-06-18 12:00:00+07:00,206.0,206.0,206.0,204.0,205.0,1782608
2026-06-18 13:00:00+07:00,205.0,205.0,205.0,205.0,205.0,838400
2026-06-18 14:00:00+07:00,206.0,206.0,206.0,204.0,205.0,1291728
2026-06-18 15:00:00+07:00,205.0,205.0,206.0,204.0,205.0,946143
2026-06-18 16:00:00+07:00,206.0,206.0,206.0,205.0,205.0,635222
2026-06-19 10:00:00+07:00,206.0,206.0,207.0,204.0,205.0,0
2026-06-19 11:00:00+07:00,206.0,206.0,206.0,205.0,206.0,99204
2026-06-19 12:00:00+07:00,206.0,206.0,206.0,205.0,206.0,978613
2026-06-19 13:00:00+07:00,206.0,206.0,206.0,206.0,206.0,42000
2026-06-19 14:00:00+07:00,206.0,206.0,207.0,205.0,206.0,1921355
2026-06-19 15:00:00+07:00,207.0,207.0,207.0,206.0,206.0,284901
2026-06-19 16:00:00+07:00,207.0,207.0,207.0,206.0,207.0,216740
2026-06-22 10:00:00+07:00,209.0,209.0,210.0,207.0,209.0,0
2026-06-22 11:00:00+07:00,210.0,210.0,210.0,209.0,209.0,689250
2026-06-22 12:00:00+07:00,209.0,209.0,210.0,208.0,209.0,1158270
2026-06-22 13:00:00+07:00,209.0,209.0,210.0,208.0,210.0,1290301
2026-06-22 14:00:00+07:00,209.0,209.0,210.0,208.0,209.0,3072039
2026-06-22 15:00:00+07:00,211.0,211.0,211.0,209.0,209.0,3580822
2026-06-22 16:00:00+07:00,210.0,210.0,211.0,210.0,211.0,725341
2026-06-23 10:00:00+07:00,210.0,210.0,211.0,208.0,209.0,6698441
2026-06-23 11:00:00+07:00,209.0,209.0,210.0,208.0,209.0,3706888
2026-06-23 12:00:00+07:00,209.0,209.0,210.0,208.0,208.0,881002
2026-06-23 13:00:00+07:00,208.0,208.0,209.0,208.0,209.0,658380
2026-06-23 14:00:00+07:00,207.0,207.0,209.0,207.0,208.0,3667625
2026-06-23 15:00:00+07:00,208.0,208.0,209.0,207.0,208.0,3266526
2026-06-23 16:00:00+07:00,209.0,209.0,209.0,207.0,208.0,1182826
2026-06-24 10:00:00+07:00,210.0,210.0,212.0,209.0,209.0,0
2026-06-24 11:00:00+07:00,211.0,211.0,212.0,210.0,211.0,746800
2026-06-24 12:00:00+07:00,211.0,211.0,211.0,210.0,211.0,379267
2026-06-24 13:00:00+07:00,210.0,210.0,211.0,209.0,211.0,954716
2026-06-24 14:00:00+07:00,209.0,209.0,210.0,208.0,209.0,2750754
2026-06-24 15:00:00+07:00,210.0,210.0,210.0,209.0,209.0,319035
2026-06-24 16:00:00+07:00,209.0,209.0,210.0,208.0,210.0,1619375
2026-06-25 10:00:00+07:00,210.0,210.0,211.0,208.0,209.0,0
2026-06-25 11:00:00+07:00,211.0,211.0,212.0,210.0,210.0,3083991
2026-06-25 12:00:00+07:00,212.0,212.0,212.0,211.0,211.0,894401
2026-06-25 13:00:00+07:00,211.0,211.0,212.0,210.0,212.0,319561
2026-06-25 14:00:00+07:00,212.0,212.0,213.0,210.0,211.0,4385654
2026-06-25 15:00:00+07:00,211.0,211.0,213.0,211.0,213.0,2713289
2026-06-25 16:00:00+07:00,211.0,211.0,212.0,210.0,211.0,3336403
2026-06-26 10:00:00+07:00,215.0,215.0,215.0,213.0,214.0,0
2026-06-26 11:00:00+07:00,214.0,214.0,215.0,213.0,215.0,3044468
2026-06-26 12:00:00+07:00,214.0,214.0,214.0,213.0,214.0,670327
2026-06-26 13:00:00+07:00,215.0,215.0,215.0,214.0,214.0,117112
2026-06-26 14:00:00+07:00,214.0,214.0,215.0,213.0,214.0,2520775
2026-06-26 15:00:00+07:00,214.0,214.0,214.0,213.0,214.0,482950
2026-06-26 16:00:00+07:00,214.0,214.0,214.0,213.0,214.0,1159303
2026-06-29 10:00:00+07:00,214.0,214.0,216.0,213.0,216.0,0
2026-06-29 11:00:00+07:00,213.0,213.0,215.0,213.0,214.0,2087736
2026-06-29 12:00:00+07:00,214.0,214.0,214.0,213.0,214.0,314178
2026-06-29 13:00:00+07:00,214.0,214.0,214.0,213.0,214.0,85281
2026-06-29 14:00:00+07:00,217.0,217.0,217.0,213.0,214.0,5268991
2026-06-29 15:00:00+07:00,217.0,217.0,217.0,216.0,217.0,2082523
2026-06-29 16:00:00+07:00,217.0,217.0,217.0,216.0,217.0,389397
2026-06-30 10:00:00+07:00,218.0,218.0,219.0,217.0,218.0,0
2026-06-30 11:00:00+07:00,218.0,218.0,219.0,218.0,219.0,411273
2026-06-30 12:00:00+07:00,218.0,218.0,219.0,218.0,218.0,231747
2026-06-30 13:00:00+07:00,217.0,217.0,219.0,217.0,219.0,553528
2026-06-30 14:00:00+07:00,218.0,218.0,219.0,217.0,218.0,2245903
2026-06-30 15:00:00+07:00,218.0,218.0,219.0,217.0,218.0,2000823
2026-06-30 16:00:00+07:00,218.0,218.0,219.0,217.0,218.0,1458748
2026-07-01 10:00:00+07:00,218.0,218.0,220.0,216.0,218.0,6049919
2026-07-01 11:00:00+07:00,219.0,219.0,219.0,217.0,218.0,2990321
2026-07-01 12:00:00+07:00,218.0,218.0,219.0,217.0,219.0,698178
2026-07-01 13:00:00+07:00,217.0,217.0,219.0,217.0,219.0,274787
2026-07-01 14:00:00+07:00,219.0,219.0,219.0,217.0,217.0,659652
2026-07-01 15:00:00+07:00,219.0,219.0,219.0,218.0,219.0,364515
2026-07-01 16:00:00+07:00,218.0,218.0,219.0,218.0,219.0,289090
2026-07-02 10:00:00+07:00,230.0,230.0,231.0,223.0,223.0,6670649
2026-07-02 11:00:00+07:00,230.0,230.0,231.0,229.0,230.0,4638654
2026-07-02 12:00:00+07:00,231.0,231.0,231.0,229.0,229.0,1430973
2026-07-02 13:00:00+07:00,230.0,230.0,231.0,230.0,230.0,601403
2026-07-02 14:00:00+07:00,231.0,231.0,232.0,230.0,230.0,4997321
2026-07-02 15:00:00+07:00,230.0,230.0,232.0,230.0,231.0,3950656
2026-07-02 16:00:00+07:00,233.0,233.0,233.0,230.0,231.0,4161337
2026-07-03 10:00:00+07:00,232.0,232.0,232.0,230.0,231.0,0
2026-07-03 11:00:00+07:00,232.0,232.0,232.0,230.0,232.0,2437917
2026-07-03 12:00:00+07:00,232.0,232.0,232.0,231.0,232.0,323059
2026-07-03 13:00:00+07:00,231.0,231.0,232.0,230.0,232.0,1009083
2026-07-03 14:00:00+07:00,232.0,232.0,232.0,230.0,230.0,1965991
2026-07-03 15:00:00+07:00,233.0,233.0,233.0,231.0,232.0,2084009
2026-07-03 16:00:00+07:00,233.0,233.0,233.0,232.0,233.0,598523
2026-07-06 10:00:00+07:00,228.0,228.0,232.0,227.0,231.0,0
2026-07-06 11:00:00+07:00,227.0,227.0,229.0,227.0,228.0,3400847
2026-07-06 12:00:00+07:00,227.0,227.0,228.0,227.0,227.0,352198
2026-07-06 13:00:00+07:00,227.0,227.0,227.0,227.0,227.0,180800
2026-07-06 14:00:00+07:00,229.0,229.0,230.0,227.0,227.0,2283426
2026-07-06 15:00:00+07:00,228.0,228.0,229.0,228.0,229.0,897781
2026-07-06 16:00:00+07:00,229.0,229.0,230.0,228.0,228.0,734258
2026-07-07 10:00:00+07:00,230.0,230.0,232.0,228.0,229.0,0
2026-07-07 11:00:00+07:00,231.0,231.0,232.0,230.0,231.0,4060391
2026-07-07 12:00:00+07:00,230.0,230.0,231.0,229.0,231.0,1949587
2026-07-07 13:00:00+07:00,230.0,230.0,230.0,230.0,230.0,553000
2026-07-07 14:00:00+07:00,230.0,230.0,231.0,229.0,230.0,3267207
2026-07-07 15:00:00+07:00,229.0,229.0,230.0,229.0,229.0,1502985
2026-07-07 16:00:00+07:00,230.0,230.0,230.0,228.0,230.0,1505932
2026-07-08 10:00:00+07:00,230.0,230.0,232.0,229.0,230.0,3744746
2026-07-08 11:00:00+07:00,230.0,230.0,231.0,229.0,230.0,639495
2026-07-08 12:00:00+07:00,231.0,231.0,231.0,230.0,230.0,63808
2026-07-08 13:00:00+07:00,231.0,231.0,231.0,230.0,230.0,1164421
2026-07-08 14:00:00+07:00,229.0,229.0,231.0,229.0,230.0,3288744
2026-07-08 15:00:00+07:00,228.0,228.0,230.0,228.0,230.0,2024378
2026-07-08 16:00:00+07:00,227.0,227.0,229.0,227.0,228.0,1898036
2026-07-09 10:00:00+07:00,231.0,231.0,231.0,227.0,227.0,0
2026-07-09 11:00:00+07:00,230.0,230.0,231.0,229.0,230.0,1386720
2026-07-09 12:00:00+07:00,230.0,230.0,231.0,229.0,229.0,2530964
2026-07-09 13:00:00+07:00,230.0,230.0,231.0,229.0,230.0,649365
2026-07-09 14:00:00+07:00,229.0,229.0,231.0,229.0,229.0,2970766
2026-07-09 15:00:00+07:00,231.0,231.0,231.0,229.0,229.0,1272353
2026-07-09 16:00:00+07:00,231.0,231.0,231.0,230.0,230.0,357134
2026-07-10 10:00:00+07:00,232.0,232.0,232.0,230.0,231.0,0
2026-07-10 11:00:00+07:00,232.0,232.0,232.0,231.0,232.0,548025
2026-07-10 12:00:00+07:00,231.0,231.0,232.0,231.0,231.0,547407
2026-07-10 14:00:00+07:00,233.0,233.0,233.0,231.0,232.0,4207310
2026-07-10 15:00:00+07:00,233.0,233.0,233.0,232.0,233.0,433583
2026-07-10 16:00:00+07:00,232.0,232.0,233.0,231.0,233.0,1205674
2026-07-13 10:00:00+07:00,233.0,233.0,234.0,231.0,231.0,0
2026-07-13 11:00:00+07:00,234.0,234.0,234.0,232.0,233.0,2082254
2026-07-13 12:00:00+07:00,235.0,235.0,235.0,233.0,233.0,2799374
2026-07-13 13:00:00+07:00,234.0,234.0,235.0,233.0,235.0,493000
2026-07-13 14:00:00+07:00,234.0,234.0,235.0,233.0,234.0,2589596
2026-07-13 15:00:00+07:00,233.0,233.0,234.0,233.0,234.0,581828
2026-07-13 16:00:00+07:00,234.0,234.0,234.0,232.0,234.0,1994426
2026-07-14 10:00:00+07:00,232.0,232.0,234.0,231.0,231.0,0
2026-07-14 11:00:00+07:00,231.0,231.0,232.0,230.0,232.0,1842847
2026-07-14 12:00:00+07:00,231.0,231.0,232.0,230.0,231.0,1223063
2026-07-14 13:00:00+07:00,232.0,232.0,232.0,231.0,231.0,515701
2026-07-14 14:00:00+07:00,231.0,231.0,232.0,230.0,232.0,8522067
2026-07-14 15:00:00+07:00,231.0,231.0,231.0,230.0,231.0,1350031
2026-07-14 16:00:00+07:00,231.0,231.0,231.0,230.0,231.0,612422
2026-07-15 10:00:00+07:00,231.0,231.0,233.0,231.0,233.0,0
2026-07-15 11:00:00+07:00,232.0,232.0,233.0,230.0,232.0,2492738
2026-07-15 12:00:00+07:00,230.0,230.0,232.0,230.0,232.0,770575
2026-07-15 13:00:00+07:00,231.0,231.0,231.0,230.0,230.0,60901
2026-07-15 14:00:00+07:00,230.0,230.0,232.0,230.0,231.0,1007308
2026-07-15 15:00:00+07:00,230.0,230.0,231.0,230.0,231.0,562316
2026-07-15 16:00:00+07:00,231.0,231.0,231.0,230.0,231.0,269020
2026-07-16 10:00:00+07:00,231.0,231.0,233.0,230.0,231.0,0
2026-07-16 11:00:00+07:00,233.0,233.0,233.0,231.0,232.0,675403
2026-07-16 12:00:00+07:00,234.0,234.0,234.0,231.0,232.0,4415750
2026-07-16 13:00:00+07:00,234.0,234.0,234.0,234.0,234.0,128233
2026-07-16 14:00:00+07:00,236.0,236.0,236.0,234.0,234.0,4554890
2026-07-16 15:00:00+07:00,235.0,235.0,236.0,235.0,235.0,1304909
2026-07-16 16:00:00+07:00,236.0,236.0,237.0,235.0,236.0,1428020
2026-07-17 10:00:00+07:00,234.0,234.0,235.0,232.0,235.0,0
2026-07-17 11:00:00+07:00,234.0,234.0,235.0,232.0,234.0,3314663
2026-07-17 12:00:00+07:00,234.0,234.0,235.0,233.0,235.0,731153
2026-07-17 13:00:00+07:00,235.0,235.0,235.0,234.0,234.0,96750
2026-07-17 14:00:00+07:00,234.0,234.0,235.0,233.0,235.0,1186257
2026-07-17 15:00:00+07:00,234.0,234.0,235.0,233.0,234.0,2703361
2026-07-17 16:00:00+07:00,234.0,234.0,234.0,233.0,233.0,321593
2026-07-20 10:00:00+07:00,233.0,233.0,235.0,233.0,234.0,1499607
2026-07-20 11:00:00+07:00,233.0,233.0,234.0,233.0,233.0,468006
2026-07-20 12:00:00+07:00,233.0,233.0,234.0,232.0,234.0,1180695
2026-07-20 13:00:00+07:00,232.0,232.0,233.0,232.0,232.0,49800
2026-07-20 14:00:00+07:00,238.0,238.0,238.0,232.0,232.0,6682319
2026-07-20 15:00:00+07:00,237.0,237.0,238.0,236.0,238.0,3353080
2026-07-20 16:00:00+07:00,237.0,237.0,237.0,236.0,237.0,1297557
2026-07-21 10:00:00+07:00,233.0,233.0,239.0,232.0,239.0,15063116
2026-07-21 11:00:00+07:00,234.0,234.0,235.0,233.0,233.0,2170094
2026-07-21 12:00:00+07:00,234.0,234.0,235.0,233.0,234.0,1393890
2026-07-21 13:00:00+07:00,234.0,234.0,235.0,233.0,235.0,668804
2026-07-21 14:00:00+07:00,234.0,234.0,236.0,233.0,234.0,4026180
2026-07-21 15:00:00+07:00,235.0,235.0,235.0,234.0,235.0,783845
2026-07-21 16:00:00+07:00,235.0,235.0,236.0,234.0,235.0,1111041
2026-07-22 10:00:00+07:00,234.0,234.0,235.0,232.0,234.0,8872811
2026-07-22 11:00:00+07:00,233.0,233.0,234.0,231.0,233.0,5809511
2026-07-22 12:00:00+07:00,233.0,233.0,233.0,232.0,232.0,963717
2026-07-22 13:00:00+07:00,233.0,233.0,234.0,232.0,232.0,280835
2026-07-22 14:00:00+07:00,235.0,235.0,235.0,233.0,233.0,1281885
2026-07-22 15:00:00+07:00,233.0,233.0,235.0,232.0,235.0,2934809
2026-07-22 16:00:00+07:00,233.0,233.0,234.0,232.0,233.0,1530806
2026-07-23 10:00:00+07:00,235.0,235.0,236.0,233.0,234.0,0
2026-07-23 11:00:00+07:00,235.0,235.0,236.0,234.0,235.0,1891119
2026-07-23 12:00:00+07:00,234.0,234.0,235.0,234.0,234.0,188702
2026-07-23 13:00:00+07:00,234.0,234.0,235.0,234.0,235.0,177302
2026-07-23 14:00:00+07:00,234.0,234.0,235.0,233.0,234.0,2824789
2026-07-23 15:00:00+07:00,234.0,234.0,235.0,233.0,234.0,4441962
2026-07-23 16:00:00+07:00,234.0,234.0,235.0,233.0,234.0,643406
2026-07-24 10:00:00+07:00,236.0,236.0,238.0,232.0,233.0,0
2026-07-24 11:00:00+07:00,239.0,239.0,241.0,236.0,236.0,7993593
2026-07-24 12:00:00+07:00,240.0,240.0,240.0,238.0,239.0,1062410
2026-07-24 13:00:00+07:00,241.0,241.0,241.0,240.0,240.0,1399841
2026-07-24 14:00:00+07:00,240.0,240.0,241.0,239.0,241.0,1946258
2026-07-24 15:00:00+07:00,240.0,240.0,241.0,239.0,240.0,4083775
2026-07-24 16:00:00+07:00,240.0,240.0,241.0,239.0,241.0,1262705
2026-07-27 10:00:00+07:00,241.0,241.0,241.0,238.0,238.0,0
2026-07-27 11:00:00+07:00,243.0,243.0,244.0,240.0,241.0,4272028
2026-07-27 12:00:00+07:00,243.0,243.0,244.0,242.0,244.0,1845686
2026-07-27 13:00:00+07:00,244.0,244.0,244.0,242.0,243.0,435307
2026-07-27 14:00:00+07:00,242.0,242.0,244.0,242.0,243.0,1729432
2026-07-27 15:00:00+07:00,243.0,243.0,243.0,241.0,242.0,2400848
2026-07-27 16:00:00+07:00,242.0,242.0,243.0,242.0,243.0,1169679
2026-07-30 10:00:00+07:00,241.0,241.0,245.0,241.0,245.0,0
2026-07-30 11:00:00+07:00,242.0,242.0,242.0,240.0,241.0,6245134
2026-07-30 12:00:00+07:00,240.0,240.0,242.0,240.0,242.0,647202
2026-07-30 13:00:00+07:00,241.0,241.0,241.0,240.0,241.0,135937
2026-07-30 14:00:00+07:00,241.0,241.0,241.0,240.0,241.0,2317011
2026-07-30 15:00:00+07:00,242.0,242.0,242.0,240.0,240.0,3751239
2026-07-30 16:00:00+07:00,241.0,241.0,242.0,240.0,242.0,1395831
2026-07-31 10:00:00+07:00,244.0,244.0,244.0,241.0,241.0,0
2026-07-31 11:00:00+07:00,244.0,244.0,244.0,243.0,244.0,372607
2026-07-31 12:00:00+07:00,243.0,243.0,244.0,243.0,243.0,493582
2026-07-31 13:00:00+07:00,244.0,244.0,244.0,243.0,244.0,101117
2026-07-31 14:00:00+07:00,244.0,244.0,244.0,242.0,243.0,1172897
2026-07-31 15:00:00+07:00,244.0,244.0,244.0,243.0,244.0,361392
2026-07-31 16:00:00+07:00,245.0,245.0,245.0,243.0,244.0,1098302
2026-08-03 10:00:00+07:00,243.0,243.0,245.0,242.0,244.0,0
2026-08-03 11:00:00+07:00,244.0,244.0,244.0,243.0,243.0,569355
2026-08-03 12:00:00+07:00,243.0,243.0,245.0,243.0,243.0,1356007
2026-08-03 13:00:00+07:00,244.0,244.0,244.0,243.0,243.0,50394
2026-08-03 14:00:00+07:00,243.0,243.0,244.0,242.0,244.0,1919675
2026-08-03 15:00:00+07:00,243.0,243.0,244.0,243.0,243.0,247565
2026-08-03 16:00:00+07:00,244.0,244.0,244.0,243.0,244.0,190069
2026-08-04 10:00:00+07:00,246.0,246.0,247.0,244.0,245.0,6623556
2026-08-04 11:00:00+07:00,247.0,247.0,247.0,245.0,246.0,1077062
2026-08-04 12:00:00+07:00,247.0,247.0,248.0,246.0,247.0,1008953
2026-08-04 13:00:00+07:00,247.0,247.0,248.0,247.0,248.0,212403
2026-08-04 14:00:00+07:00,247.0,247.0,248.0,246.0,248.0,1532524
2026-08-04 15:00:00+07:00,247.0,247.0,247.0,246.0,247.0,674686
2026-08-04 16:00:00+07:00,246.0,246.0,248.0,246.0,247.0,1056626
2026-08-05 10:00:00+07:00,246.0,246.0,248.0,245.0,246.0,3644776
2026-08-05 11:00:00+07:00,247.0,247.0,247.0,245.0,246.0,827411
2026-08-05 12:00:00+07:00,248.0,248.0,248.0,246.0,246.0,1511253
2026-08-05 13:00:00+07:00,248.0,248.0,248.0,247.0,248.0,213269
2026-08-05 14:00:00+07:00,246.0,246.0,248.0,246.0,247.0,1132993
2026-08-05 15:00:00+07:00,247.0,247.0,248.0,246.0,246.0,1186712
2026-08-05 16:00:00+07:00,247.0,247.0,249.0,247.0,247.0,2970821
2026-08-06 10:00:00+07:00,251.0,251.0,251.0,248.0,249.0,0
2026-08-06 11:00:00+07:00,252.0,252.0,252.0,250.0,251.0,1324158
2026-08-06 12:00:00+07:00,252.0,252.0,252.0,251.0,252.0,1233260
2026-08-06 13:00:00+07:00,253.0,253.0,253.0,252.0,252.0,103400
2026-08-06 14:00:00+07:00,254.0,254.0,254.0,252.0,253.0,3295711
2026-08-06 15:00:00+07:00,253.0,253.0,254.0,253.0,254.0,1279221
2026-08-06 16:00:00+07:00,253.0,253.0,254.0,252.0,253.0,1613639
2026-08-07 10:00:00+07:00,251.0,251.0,252.0,250.0,252.0,0
2026-08-07 11:00:00+07:00,251.0,251.0,252.0,251.0,251.0,683339
2026-08-07 12:00:00+07:00,252.0,252.0,252.0,251.0,251.0,731290
2026-08-07 13:00:00+07:00,252.0,252.0,252.0,252.0,252.0,105764
2026-08-07 14:00:00+07:00,252.0,252.0,252.0,250.0,251.0,1312910
2026-08-07 15:00:00+07:00,252.0,252.0,252.0,251.0,252.0,310316
2026-08-07 16:00:00+07:00,251.0,251.0,252.0,251.0,252.0,1211698
2026-08-10 10:00:00+07:00,251.0,251.0,251.0,247.0,248.0,0
2026-08-10 11:00:00+07:00,250.0,250.0,251.0,249.0,251.0,520598
2026-08-10 12:00:00+07:00,249.0,249.0,250.0,249.0,250.0,133955
2026-08-10 13:00:00+07:00,250.0,250.0,250.0,249.0,249.0,36200
2026-08-10 14:00:00+07:00,249.0,249.0,250.0,249.0,249.0,209935
2026-08-10 15:00:00+07:00,249.0,249.0,250.0,248.0,249.0,664909
2026-08-10 16:00:00+07:00,250.0,250.0,250.0,248.0,248.0,389572
2026-08-11 10:00:00+07:00,249.0,249.0,251.0,248.0,251.0,0
2026-08-11 11:00:00+07:00,249.0,249.0,250.0,249.0,249.0,172577
2026-08-11 12:00:00+07:00,250.0,250.0,250.0,249.0,249.0,149702
2026-08-11 13:00:00+07:00,250.0,250.0,250.0,250.0,250.0,83504
2026-08-11 14:00:00+07:00,250.0,250.0,250.0,249.0,250.0,471826
2026-08-11 15:00:00+07:00,250.0,250.0,250.0,248.0,249.0,1546687
2026-08-11 16:00:00+07:00,248.0,248.0,249.0,248.0,249.0,752130
2026-08-13 10:00:00+07:00,248.0,248.0,249.0,246.0,249.0,0
2026-08-13 11:00:00+07:00,247.0,247.0,248.0,247.0,248.0,1250817
2026-08-13 12:00:00+07:00,248.0,248.0,248.0,247.0,247.0,252593
2026-08-13 13:00:00+07:00,247.0,247.0,248.0,247.0,248.0,45109
2026-08-13 14:00:00+07:00,247.0,247.0,249.0,247.0,248.0,2356436
2026-08-13 15:00:00+07:00,249.0,249.0,249.0,247.0,248.0,1471731
2026-08-13 16:00:00+07:00,248.0,248.0,249.0,247.0,249.0,2130481
2026-08-14 10:00:00+07:00,251.0,251.0,252.0,250.0,250.0,0
2026-08-14 11:00:00+07:00,252.0,252.0,252.0,250.0,251.0,1336782
2026-08-14 12:00:00+07:00,252.0,252.0,252.0,251.0,252.0,131228
2026-08-14 13:00:00+07:00,252.0,252.0,252.0,252.0,252.0,66301
2026-08-14 14:00:00+07:00,249.0,249.0,252.0,248.0,251.0,1829287
2026-08-14 15:00:00+07:00,248.0,248.0,249.0,247.0,249.0,2233397
2026-08-14 16:00:00+07:00,248.0,248.0,248.0,247.0,248.0,626674
2026-08-17 10:00:00+07:00,250.0,250.0,251.0,248.0,250.0,0
2026-08-17 11:00:00+07:00,251.0,251.0,251.0,249.0,250.0,517146
2026-08-17 12:00:00+07:00,251.0,251.0,251.0,250.0,251.0,101652
2026-08-17 13:00:00+07:00,250.0,250.0,251.0,249.0,251.0,572799
2026-08-17 14:00:00+07:00,249.0,249.0,250.0,249.0,250.0,268682
2026-08-17 15:00:00+07:00,250.0,250.0,250.0,249.0,250.0,134095
2026-08-17 16:00:00+07:00,250.0,250.0,250.0,248.0,250.0,1201231
2026-08-18 10:00:00+07:00,247.0,247.0,249.0,246.0,248.0,0
2026-08-18 11:00:00+07:00,247.0,247.0,248.0,246.0,247.0,1074419
2026-08-18 12:00:00+07:00,248.0,248.0,248.0,247.0,248.0,253341
2026-08-18 13:00:00+07:00,247.0,247.0,248.0,247.0,247.0,416900
2026-08-18 14:00:00+07:00,247.0,247.0,247.0,245.0,247.0,4001953
2026-08-18 15:00:00+07:00,247.0,247.0,247.0,246.0,246.0,217171
2026-08-18 16:00:00+07:00,245.0,245.0,247.0,245.0,247.0,596462
2026-08-19 10:00:00+07:00,250.0,250.0,250.0,247.0,249.0,4842853
2026-08-19 11:00:00+07:00,250.0,250.0,251.0,249.0,250.0,1542119
2026-08-19 12:00:00+07:00,251.0,251.0,251.0,249.0,250.0,568424
2026-08-19 13:00:00+07:00,251.0,251.0,251.0,250.0,250.0,783727
2026-08-19 14:00:00+07:00,249.0,249.0,251.0,249.0,250.0,1304346
2026-08-19 15:00:00+07:00,250.0,250.0,250.0,249.0,249.0,277464
2026-08-19 16:00:00+07:00,250.0,250.0,250.0,249.0,250.0,339826
2026-08-20 10:00:00+07:00,250.0,250.0,252.0,250.0,250.0,1518050
2026-08-20 11:00:00+07:00,252.0,252.0,252.0,250.0,251.0,1242223
2026-08-20 12:00:00+07:00,251.0,251.0,252.0,251.0,252.0,162517
2026-08-20 13:00:00+07:00,252.0,252.0,252.0,251.0,252.0,132500
2026-08-20 14:00:00+07:00,253.0,253.0,253.0,251.0,251.0,1188374
2026-08-20 15:00:00+07:00,252.0,252.0,253.0,252.0,253.0,583480
2026-08-20 16:00:00+07:00,253.0,253.0,253.0,252.0,252.0,877887
2026-08-21 10:00:00+07:00,255.0,255.0,257.0,254.0,254.0,3788650
2026-08-21 11:00:00+07:00,255.0,255.0,256.0,255.0,255.0,469254
2026-08-21 12:00:00+07:00,256.0,256.0,256.0,255.0,255.0,132779
2026-08-21 13:00:00+07:00,256.0,256.0,256.0,255.0,256.0,82252
2026-08-21 14:00:00+07:00,256.0,256.0,256.0,255.0,256.0,270615
2026-08-21 15:00:00+07:00,257.0,257.0,257.0,255.0,256.0,1276006
2026-08-21 16:00:00+07:00,257.0,257.0,257.0,256.0,257.0,802641
2026-08-24 10:00:00+07:00,255.0,255.0,256.0,252.0,256.0,0
2026-08-24 11:00:00+07:00,254.0,254.0,255.0,253.0,255.0,1356850
2026-08-24 12:00:00+07:00,254.0,254.0,255.0,254.0,255.0,367213
2026-08-24 13:00:00+07:00,254.0,254.0,255.0,254.0,254.0,119510
2026-08-24 14:00:00+07:00,255.0,255.0,255.0,254.0,254.0,622702
2026-08-24 15:00:00+07:00,254.0,254.0,255.0,254.0,254.0,594479
2026-08-24 16:00:00+07:00,254.0,254.0,255.0,254.0,254.0,739630
2026-08-25 10:00:00+07:00,256.0,256.0,256.0,253.0,255.0,0
2026-08-25 11:00:00+07:00,255.0,255.0,256.0,254.0,256.0,2742451
2026-08-25 12:00:00+07:00,255.0,255.0,256.0,255.0,256.0,313007
2026-08-25 13:00:00+07:00,254.0,254.0,256.0,254.0,256.0,412402
2026-08-25 14:00:00+07:00,254.0,254.0,255.0,254.0,254.0,541343
2026-08-25 15:00:00+07:00,254.0,254.0,255.0,253.0,255.0,1826005
2026-08-25 16:00:00+07:00,254.0,254.0,254.0,253.0,254.0,519410
2026-08-26 10:00:00+07:00,255.0,255.0,256.0,253.0,254.0,0
2026-08-26 11:00:00+07:00,254.0,254.0,256.0,254.0,254.0,1423145
2026-08-26 12:00:00+07:00,255.0,255.0,256.0,255.0,255.0,624091
2026-08-26 13:00:00+07:00,256.0,256.0,256.0,255.0,255.0,50414
2026-08-26 14:00:00+07:00,256.0,256.0,257.0,255.0,256.0,5276702
2026-08-26 15:00:00+07:00,256.0,256.0,256.0,255.0,255.0,2619131
2026-08-26 16:00:00+07:00,256.0,256.0,256.0,255.0,256.0,722188
2026-08-27 10:00:00+07:00,254.0,254.0,258.0,253.0,258.0,6058403
2026-08-27 11:00:00+07:00,253.0,253.0,254.0,252.0,254.0,1546101
2026-08-27 12:00:00+07:00,252.0,252.0,253.0,251.0,253.0,1286115
2026-08-27 13:00:00+07:00,251.0,251.0,252.0,251.0,252.0,105458
2026-08-27 14:00:00+07:00,251.0,251.0,252.0,250.0,252.0,1153877
2026-08-27 15:00:00+07:00,249.0,249.0,251.0,249.0,251.0,2517317
2026-08-27 16:00:00+07:00,249.0,249.0,250.0,248.0,249.0,1892499
2026-08-28 10:00:00+07:00,248.0,248.0,250.0,246.0,250.0,0
2026-08-28 11:00:00+07:00,250.0,250.0,250.0,247.0,248.0,1972503
2026-08-28 12:00:00+07:00,248.0,248.0,250.0,248.0,250.0,553955
2026-08-28 13:00:00+07:00,248.0,248.0,248.0,248.0,248.0,107668
2026-08-28 14:00:00+07:00,249.0,249.0,249.0,247.0,249.0,2169957
2026-08-28 15:00:00+07:00,248.0,248.0,249.0,247.0,249.0,459159
2026-08-28 16:00:00+07:00,248.0,248.0,248.0,247.0,248.0,258283
2026-08-31 10:00:00+07:00,248.0,248.0,251.0,247.0,247.0,3620483
2026-08-31 11:00:00+07:00,247.0,247.0,248.0,245.0,247.0,4592629
2026-08-31 12:00:00+07:00,248.0,248.0,248.0,246.0,247.0,813091
2026-08-31 13:00:00+07:00,248.0,248.0,248.0,247.0,247.0,878120
2026-08-31 14:00:00+07:00,248.0,248.0,249.0,247.0,247.0,2157732
2026-08-31 15:00:00+07:00,247.0,247.0,248.0,247.0,248.0,1076326
2026-08-31 16:00:00+07:00,250.0,250.0,250.0,246.0,248.0,2665035
2026-09-01 10:00:00+07:00,248.0,248.0,250.0,248.0,248.0,0
2026-09-01 11:00:00+07:00,248.0,248.0,249.0,247.0,249.0,950541
2026-09-01 12:00:00+07:00,249.0,249.0,249.0,247.0,247.0,1278795
2026-09-01 13:00:00+07:00,249.0,249.0,249.0,248.0,248.0,30772
2026-09-01 14:00:00+07:00,248.0,248.0,250.0,248.0,248.0,1917883
2026-09-01 15:00:00+07:00,248.0,248.0,249.0,248.0,249.0,419067
2026-09-01 16:00:00+07:00,249.0,249.0,249.0,248.0,249.0,357257
2026-09-02 10:00:00+07:00,247.0,247.0,249.0,246.0,247.0,0
2026-09-02 11:00:00+07:00,249.0,249.0,249.0,247.0,247.0,860337
2026-09-02 12:00:00+07:00,248.0,248.0,249.0,248.0,248.0,74678
2026-09-02 13:00:00+07:00,248.0,248.0,249.0,248.0,248.0,377600
2026-09-02 14:00:00+07:00,248.0,248.0,249.0,247.0,248.0,592251
2026-09-02 15:00:00+07:00,248.0,248.0,248.0,247.0,247.0,177709
2026-09-02 16:00:00+07:00,248.0,248.0,248.0,247.0,247.0,107732
2026-09-03 10:00:00+07:00,250.0,250.0,251.0,248.0,249.0,0
2026-09-03 11:00:00+07:00,252.0,252.0,252.0,248.0,249.0,4661538
2026-09-03 12:00:00+07:00,250.0,250.0,252.0,250.0,252.0,724840
2026-09-03 13:00:00+07:00,250.0,250.0,250.0,249.0,250.0,726244
2026-09-03 14:00:00+07:00,249.0,249.0,250.0,248.0,249.0,3272773
2026-09-03 15:00:00+07:00,248.0,248.0,249.0,248.0,248.0,264231
2026-09-03 16:00:00+07:00,249.0,249.0,249.0,248.0,248.0,522163
2026-09-04 10:00:00+07:00,247.0,247.0,249.0,246.0,249.0,0
2026-09-04 11:00:00+07:00,249.0,249.0,249.0,247.0,247.0,993739
2026-09-04 12:00:00+07:00,249.0,249.0,249.0,248.0,249.0,37169
2026-09-04 13:00:00+07:00,249.0,249.0,249.0,248.0,248.0,42187
2026-09-04 14:00:00+07:00,249.0,249.0,250.0,248.0,248.0,2977153
2026-09-04 15:00:00+07:00,249.0,249.0,249.0,248.0,249.0,209742
2026-09-04 16:00:00+07:00,248.0,248.0,249.0,248.0,249.0,422149
2026-09-07 10:00:00+07:00,247.0,247.0,249.0,247.0,249.0,0
2026-09-07 11:00:00+07:00,248.0,248.0,248.0,247.0,248.0,191978
2026-09-07 12:00:00+07:00,249.0,249.0,249.0,247.0,247.0,1367097
2026-09-07 13:00:00+07:00,248.0,248.0,249.0,248.0,248.0,182000
2026-09-07 14:00:00+07:00,248.0,248.0,249.0,248.0,249.0,148929
2026-09-07 15:00:00+07:00,249.0,249.0,249.0,248.0,248.0,616917
2026-09-07 16:00:00+07:00,249.0,249.0,249.0,248.0,248.0,363295
2026-09-08 10:00:00+07:00,250.0,250.0,250.0,249.0,250.0,0
2026-09-08 11:00:00+07:00,249.0,249.0,251.0,249.0,250.0,2373048
2026-09-08 12:00:00+07:00,250.0,250.0,251.0,249.0,250.0,761352
2026-09-08 13:00:00+07:00,250.0,250.0,250.0,250.0,250.0,64000
2026-09-08 14:00:00+07:00,249.0,249.0,250.0,248.0,249.0,1301558
2026-09-08 15:00:00+07:00,249.0,249.0,250.0,248.0,249.0,2046195
2026-09-08 16:00:00+07:00,248.0,248.0,249.0,248.0,249.0,183715
2026-09-09 10:00:00+07:00,247.0,247.0,249.0,247.0,247.0,0
2026-09-09 11:00:00+07:00,247.0,247.0,248.0,246.0,248.0,2164891
2026-09-09 12:00:00+07:00,247.0,247.0,248.0,246.0,247.0,1116474
2026-09-09 13:00:00+07:00,247.0,247.0,247.0,246.0,247.0,84600
2026-09-09 14:00:00+07:00,246.0,246.0,247.0,245.0,246.0,1677594
2026-09-09 15:00:00+07:00,245.0,245.0,246.0,245.0,245.0,458622
2026-09-09 16:00:00+07:00,245.0,245.0,246.0,244.0,246.0,1722930
2026-09-10 10:00:00+07:00,246.0,246.0,249.0,244.0,246.0,0
2026-09-10 11:00:00+07:00,246.0,246.0,247.0,245.0,246.0,1388365
2026-09-10 12:00:00+07:00,246.0,246.0,246.0,244.0,246.0,1341514
2026-09-10 13:00:00+07:00,245.0,245.0,246.0,245.0,245.0,136968
2026-09-10 14:00:00+07:00,245.0,245.0,246.0,244.0,246.0,1031763
2026-09-10 15:00:00+07:00,245.0,245.0,246.0,244.0,246.0,1158714
2026-09-10 16:00:00+07:00,245.0,245.0,245.0,244.0,245.0,512335
2026-09-11 10:00:00+07:00,243.0,243.0,245.0,242.0,244.0,0
2026-09-11 11:00:00+07:00,243.0,243.0,244.0,242.0,242.0,2825545
2026-09-11 12:00:00+07:00,245.0,245.0,245.0,243.0,243.0,783465
2026-09-11 13:00:00+07:00,244.0,244.0,244.0,244.0,244.0,271610
2026-09-11 14:00:00+07:00,245.0,245.0,245.0,243.0,244.0,814253
2026-09-11 15:00:00+07:00,246.0,246.0,246.0,244.0,245.0,802224
2026-09-11 16:00:00+07:00,246.0,246.0,246.0,245.0,245.0,280099
2026-09-14 10:00:00+07:00,249.0,249.0,251.0,247.0,247.0,0
2026-09-14 11:00:00+07:00,250.0,250.0,251.0,249.0,249.0,2672095
2026-09-14 12:00:00+07:00,250.0,250.0,251.0,250.0,250.0,235778
2026-09-14 13:00:00+07:00,250.0,250.0,251.0,250.0,250.0,134400
2026-09-14 14:00:00+07:00,250.0,250.0,251.0,250.0,251.0,944806
2026-09-14 15:00:00+07:00,250.0,250.0,251.0,250.0,250.0,597111
2026-09-14 16:00:00+07:00,251.0,251.0,251.0,250.0,251.0,1450626
2026-09-15 10:00:00+07:00,250.0,250.0,251.0,249.0,251.0,3701108
2026-09-15 11:00:00+07:00,251.0,251.0,252.0,250.0,250.0,2714813
2026-09-15 12:00:00+07:00,253.0,253.0,254.0,251.0,251.0,2959644
2026-09-15 13:00:00+07:00,252.0,252.0,253.0,251.0,253.0,816860
2026-09-15 14:00:00+07:00,253.0,253.0,253.0,252.0,252.0,405776
2026-09-15 15:00:00+07:00,252.0,252.0,253.0,251.0,253.0,1717830
2026-09-15 16:00:00+07:00,252.0,252.0,253.0,252.0,253.0,619461
2026-09-16 10:00:00+07:00,251.0,251.0,252.0,250.0,252.0,0
2026-09-16 11:00:00+07:00,251.0,251.0,252.0,250.0,250.0,1624362
2026-09-16 12:00:00+07:00,252.0,252.0,253.0,251.0,251.0,995681
2026-09-16 13:00:00+07:00,252.0,252.0,252.0,252.0,252.0,121104
2026-09-16 14:00:00+07:00,252.0,252.0,252.0,251.0,251.0,752954
2026-09-16 15:00:00+07:00,251.0,251.0,252.0,251.0,251.0,520777
2026-09-16 16:00:00+07:00,250.0,250.0,252.0,250.0,252.0,932720
2026-09-17 10:00:00+07:00,254.0,254.0,254.0,252.0,252.0,0
2026-09-17 11:00:00+07:00,254.0,254.0,254.0,253.0,253.0,798296
2026-09-17 12:00:00+07:00,254.0,254.0,254.0,253.0,254.0,93178
2026-09-17 13:00:00+07:00,253.0,253.0,254.0,253.0,253.0,574135
2026-09-17 14:00:00+07:00,254.0,254.0,254.0,252.0,252.0,1222274
2026-09-17 15:00:00+07:00,253.0,253.0,254.0,252.0,253.0,878162
2026-09-17 16:00:00+07:00,253.0,253.0,253.0,252.0,252.0,168357
2026-09-18 10:00:00+07:00,253.0,253.0,254.0,252.0,254.0,1481823
2026-09-18 11:00:00+07:00,253.0,253.0,254.0,252.0,253.0,1660732
2026-09-18 12:00:00+07:00,253.0,253.0,254.0,253.0,253.0,30718
2026-09-18 13:00:00+07:00,254.0,254.0,254.0,253.0,253.0,54731
2026-09-18 14:00:00+07:00,253.0,253.0,253.0,252.0,253.0,355463
2026-09-18 15:00:00+07:00,253.0,253.0,253.0,252.0,253.0,237507
2026-09-18 16:00:00+07:00,253.0,253.0,253.0,252.0,253.0,124787
2026-09-21 10:00:00+07:00,254.0,254.0,256.0,253.0,254.0,0
2026-09-21 11:00:00+07:00,256.0,256.0,256.0,254.0,255.0,2847053
2026-09-21 12:00:00+07:00,256.0,256.0,256.0,255.0,256.0,414137
2026-09-21 13:00:00+07:00,256.0,256.0,256.0,256.0,256.0,48200
2026-09-21 14:00:00+07:00,260.0,260.0,261.0,255.0,256.0,7464186
2026-09-21 15:00:00+07:00,259.0,259.0,260.0,258.0,260.0,4023088
2026-09-21 16:00:00+07:00,259.0,259.0,259.0,258.0,259.0,2385955
2026-09-22 10:00:00+07:00,258.0,258.0,258.0,256.0,257.0,0
2026-09-22 11:00:00+07:00,258.0,258.0,258.0,256.0,258.0,1205048
2026-09-22 12:00:00+07:00,258.0,258.0,258.0,257.0,258.0,201680
2026-09-22 13:00:00+07:00,258.0,258.0,258.0,257.0,257.0,94895
2026-09-22 14:00:00+07:00,256.0,256.0,258.0,256.0,257.0,932705
2026-09-22 15:00:00+07:00,257.0,257.0,258.0,256.0,256.0,1595027
2026-09-22 16:00:00+07:00,256.0,256.0,257.0,256.0,256.0,515585
2026-09-23 10:00:00+07:00,253.0,253.0,256.0,253.0,255.0,0
2026-09-23 11:00:00+07:00,254.0,254.0,255.0,253.0,253.0,2322769
2026-09-23 12:00:00+07:00,254.0,254.0,254.0,253.0,254.0,366355
2026-09-23 13:00:00+07:00,254.0,254.0,254.0,253.0,254.0,126723
2026-09-23 14:00:00+07:00,255.0,255.0,255.0,253.0,254.0,1493119
2026-09-23 15:00:00+07:00,254.0,254.0,255.0,254.0,255.0,1370645
2026-09-23 16:00:00+07:00,255.0,255.0,255.0,254.0,255.0,524284
2026-09-24 10:00:00+07:00,253.0,253.0,255.0,253.0,254.0,0
2026-09-24 11:00:00+07:00,252.0,252.0,254.0,252.0,253.0,1683304
2026-09-24 12:00:00+07:00,251.0,251.0,253.0,251.0,253.0,598340
2026-09-24 13:00:00+07:00,251.0,251.0,252.0,251.0,251.0,193501
2026-09-24 14:00:00+07:00,252.0,252.0,253.0,251.0,251.0,2640085
2026-09-24 15:00:00+07:00,252.0,252.0,253.0,251.0,252.0,1650578
2026-09-24 16:00:00+07:00,252.0,252.0,252.0,251.0,252.0,435272
2026-09-25 10:00:00+07:00,252.0,252.0,253.0,251.0,253.0,2637998
2026-09-25 11:00:00+07:00,253.0,253.0,254.0,252.0,252.0,1269703
2026-09-25 12:00:00+07:00,253.0,253.0,254.0,252.0,254.0,1667088
2026-09-25 13:00:00+07:00,252.0,252.0,253.0,252.0,252.0,74300
2026-09-25 14:00:00+07:00,252.0,252.0,253.0,252.0,252.0,888828
2026-09-25 15:00:00+07:00,252.0,252.0,253.0,252.0,252.0,680903
2026-09-25 16:00:00+07:00,253.0,253.0,253.0,252.0,252.0,376062
